report_id,auditee_uei,audit_year,fac_accepted_date,additional_ein
2021-06-CENSUS-0000206141,GSA_MIGRATION,2021,2021-12-06,834005979
2021-03-CENSUS-0000091992,GSA_MIGRATION,2021,2021-07-01,611253192
2021-06-CENSUS-0000251362,GSA_MIGRATION,2021,2021-10-28,834650850
2021-06-CENSUS-0000210509,GSA_MIGRATION,2021,2021-12-21,042665107
2021-06-CENSUS-0000210509,GSA_MIGRATION,2021,2021-12-21,205177577
2021-06-CENSUS-0000210509,GSA_MIGRATION,2021,2021-12-21,454806309
2021-06-CENSUS-0000210509,GSA_MIGRATION,2021,2021-12-21,911937965
2021-06-CENSUS-0000030446,GSA_MIGRATION,2021,2021-11-11,222864921
2021-06-CENSUS-0000176110,GSA_MIGRATION,2021,2021-12-12,546001584
2021-06-CENSUS-0000192726,GSA_MIGRATION,2021,2021-12-12,520575305
2021-06-CENSUS-0000192726,GSA_MIGRATION,2021,2021-12-12,521773885
2021-06-CENSUS-0000192726,GSA_MIGRATION,2021,2021-12-12,541691952
2021-06-CENSUS-0000192726,GSA_MIGRATION,2021,2021-12-12,232093566
2021-06-CENSUS-0000192726,GSA_MIGRATION,2021,2021-12-12,541691953
2021-06-CENSUS-0000227348,GSA_MIGRATION,2021,2021-12-22,261171039
2021-06-CENSUS-0000227348,GSA_MIGRATION,2021,2021-12-22,262381746
2021-06-CENSUS-0000227348,GSA_MIGRATION,2021,2021-12-22,262381792
2021-06-CENSUS-0000227348,GSA_MIGRATION,2021,2021-12-22,561640623
2021-06-CENSUS-0000227348,GSA_MIGRATION,2021,2021-12-22,581109530
2021-06-CENSUS-0000227348,GSA_MIGRATION,2021,2021-12-22,751566003
2021-06-CENSUS-0000231259,GSA_MIGRATION,2021,2021-12-01,474302610
2021-06-CENSUS-0000089790,GSA_MIGRATION,2021,2021-12-06,593385984
2021-06-CENSUS-0000045968,GSA_MIGRATION,2021,2021-10-28,270567557
2021-06-CENSUS-0000045968,GSA_MIGRATION,2021,2021-10-28,384123431
2021-06-CENSUS-0000045968,GSA_MIGRATION,2021,2021-10-28,461270560
2021-06-CENSUS-0000045968,GSA_MIGRATION,2021,2021-10-28,471678085
2021-06-CENSUS-0000045968,GSA_MIGRATION,2021,2021-10-28,474779885
2021-06-CENSUS-0000045968,GSA_MIGRATION,2021,2021-10-28,814686769
2021-06-CENSUS-0000045968,GSA_MIGRATION,2021,2021-10-28,853027158
2021-06-CENSUS-0000152737,GSA_MIGRATION,2021,2021-12-14,431641443
2021-06-CENSUS-0000171465,GSA_MIGRATION,2021,2021-11-07,364881805
2021-06-CENSUS-0000171370,GSA_MIGRATION,2021,2021-12-27,621489794
2021-06-CENSUS-0000171370,GSA_MIGRATION,2021,2021-12-27,626000527
2021-06-CENSUS-0000171370,GSA_MIGRATION,2021,2021-12-27,621014604
2021-06-CENSUS-0000171370,GSA_MIGRATION,2021,2021-12-27,626000528
2021-06-CENSUS-0000093119,GSA_MIGRATION,2021,2021-10-25,621481015
2021-06-CENSUS-0000093119,GSA_MIGRATION,2021,2021-10-25,621473380
2021-06-CENSUS-0000093119,GSA_MIGRATION,2021,2021-10-25,581623257
2021-06-CENSUS-0000093119,GSA_MIGRATION,2021,2021-10-25,621580079
2021-06-CENSUS-0000093119,GSA_MIGRATION,2021,2021-10-25,581796624
2021-06-CENSUS-0000093119,GSA_MIGRATION,2021,2021-10-25,591735003
2021-06-CENSUS-0000093119,GSA_MIGRATION,2021,2021-10-25,621498349
2021-06-CENSUS-0000016603,GSA_MIGRATION,2021,2021-12-28,134054564
2021-06-CENSUS-0000016603,GSA_MIGRATION,2021,2021-12-28,208873951
2021-06-CENSUS-0000016603,GSA_MIGRATION,2021,2021-12-28,261438196
2021-06-CENSUS-0000016603,GSA_MIGRATION,2021,2021-12-28,261438757
2021-06-CENSUS-0000016603,GSA_MIGRATION,2021,2021-12-28,274062370
2021-06-CENSUS-0000016603,GSA_MIGRATION,2021,2021-12-28,611663479
2021-06-CENSUS-0000016603,GSA_MIGRATION,2021,2021-12-28,371651790
2021-06-CENSUS-0000016603,GSA_MIGRATION,2021,2021-12-28,274062272
2021-06-CENSUS-0000016603,GSA_MIGRATION,2021,2021-12-28,320356964
2021-06-CENSUS-0000016603,GSA_MIGRATION,2021,2021-12-28,352425255
2021-06-CENSUS-0000016603,GSA_MIGRATION,2021,2021-12-28,813640078
2021-06-CENSUS-0000016603,GSA_MIGRATION,2021,2021-12-28,882249703
2021-06-CENSUS-0000016603,GSA_MIGRATION,2021,2021-12-28,832256563
2021-03-CENSUS-0000181526,GSA_MIGRATION,2021,2021-09-08,830318902
2021-06-CENSUS-0000092060,GSA_MIGRATION,2021,2021-10-14,611233199
2021-06-CENSUS-0000092060,GSA_MIGRATION,2021,2021-10-14,300342188
2021-06-CENSUS-0000092060,GSA_MIGRATION,2021,2021-10-14,205236520
2021-06-CENSUS-0000092060,GSA_MIGRATION,2021,2021-10-14,311498544
2021-06-CENSUS-0000092060,GSA_MIGRATION,2021,2021-10-14,611233197
2021-06-CENSUS-0000092060,GSA_MIGRATION,2021,2021-10-14,300342187
2021-06-CENSUS-0000092060,GSA_MIGRATION,2021,2021-10-14,421592989
2021-06-CENSUS-0000092060,GSA_MIGRATION,2021,2021-10-14,611384219
2021-06-CENSUS-0000092060,GSA_MIGRATION,2021,2021-10-14,300342190
2021-06-CENSUS-0000092060,GSA_MIGRATION,2021,2021-10-14,205236196
2021-06-CENSUS-0000092060,GSA_MIGRATION,2021,2021-10-14,263184480
2021-06-CENSUS-0000092060,GSA_MIGRATION,2021,2021-10-14,300342189
2021-06-CENSUS-0000092060,GSA_MIGRATION,2021,2021-10-14,311498541
2021-06-CENSUS-0000092060,GSA_MIGRATION,2021,2021-10-14,611233196
2021-06-CENSUS-0000092060,GSA_MIGRATION,2021,2021-10-14,611233198
2021-06-CENSUS-0000092060,GSA_MIGRATION,2021,2021-10-14,611315536
2021-06-CENSUS-0000171399,GSA_MIGRATION,2021,2021-11-22,626000673
2021-06-CENSUS-0000171399,GSA_MIGRATION,2021,2021-11-22,626000672
2021-06-CENSUS-0000171414,GSA_MIGRATION,2021,2021-12-19,626000724
2021-06-CENSUS-0000171414,GSA_MIGRATION,2021,2021-12-19,620672547
2021-06-CENSUS-0000003354,GSA_MIGRATION,2021,2021-12-15,800790996
2021-06-CENSUS-0000003354,GSA_MIGRATION,2021,2021-12-15,264412391
2021-06-CENSUS-0000176260,GSA_MIGRATION,2021,2021-12-02,546000334
2021-06-CENSUS-0000176260,GSA_MIGRATION,2021,2021-12-02,822685606
2021-06-CENSUS-0000091961,GSA_MIGRATION,2021,2021-12-01,610662739
2021-06-CENSUS-0000071969,GSA_MIGRATION,2021,2021-12-28,311799910
2021-06-CENSUS-0000071969,GSA_MIGRATION,2021,2021-12-28,010729022
2020-12-CENSUS-0000239097,GSA_MIGRATION,2020,2021-07-28,311710115
2020-06-CENSUS-0000171424,GSA_MIGRATION,2020,2021-02-28,626000784
2020-06-CENSUS-0000171424,GSA_MIGRATION,2020,2021-02-28,626000785
2021-03-CENSUS-0000235407,GSA_MIGRATION,2021,2021-12-29,010632253
2021-06-CENSUS-0000024173,GSA_MIGRATION,2021,2021-11-21,464114751
2021-06-CENSUS-0000024173,GSA_MIGRATION,2021,2021-11-21,510642496
2021-06-CENSUS-0000248797,GSA_MIGRATION,2021,2021-10-31,351341204
2021-06-CENSUS-0000181003,GSA_MIGRATION,2021,2021-10-31,201787893
2021-02-CENSUS-0000209908,GSA_MIGRATION,2021,2021-07-27,432005184
2021-06-CENSUS-0000221199,GSA_MIGRATION,2021,2021-11-15,521224508
2021-06-CENSUS-0000034607,GSA_MIGRATION,2021,2021-11-08,261379712
2021-06-CENSUS-0000034607,GSA_MIGRATION,2021,2021-11-08,001069463
2021-06-CENSUS-0000171386,GSA_MIGRATION,2021,2021-11-30,606000610
2021-06-CENSUS-0000171386,GSA_MIGRATION,2021,2021-11-30,606000609
2021-06-CENSUS-0000135824,GSA_MIGRATION,2021,2021-12-28,061190563
2021-06-CENSUS-0000237678,GSA_MIGRATION,2021,2021-12-26,546000957
2021-06-CENSUS-0000251785,GSA_MIGRATION,2021,2021-12-19,271452535
2021-06-CENSUS-0000251785,GSA_MIGRATION,2021,2021-12-19,271563270
2021-06-CENSUS-0000251785,GSA_MIGRATION,2021,2021-12-19,455012031
2021-06-CENSUS-0000251785,GSA_MIGRATION,2021,2021-12-19,271914362
2021-06-CENSUS-0000251784,GSA_MIGRATION,2021,2021-12-19,522370819
2021-06-CENSUS-0000251784,GSA_MIGRATION,2021,2021-12-19,522370797
2021-06-CENSUS-0000251784,GSA_MIGRATION,2021,2021-12-19,043707964
2021-06-CENSUS-0000251784,GSA_MIGRATION,2021,2021-12-19,261641277
2021-06-CENSUS-0000251784,GSA_MIGRATION,2021,2021-12-19,522370812
2021-06-CENSUS-0000251784,GSA_MIGRATION,2021,2021-12-19,261272595
2021-06-CENSUS-0000251784,GSA_MIGRATION,2021,2021-12-19,261272651
2021-06-CENSUS-0000251784,GSA_MIGRATION,2021,2021-12-19,522370690
2021-06-CENSUS-0000251784,GSA_MIGRATION,2021,2021-12-19,261272623
2021-06-CENSUS-0000251784,GSA_MIGRATION,2021,2021-12-19,200000553
2021-06-CENSUS-0000251784,GSA_MIGRATION,2021,2021-12-19,200000558
2021-06-CENSUS-0000251784,GSA_MIGRATION,2021,2021-12-19,200000559
2021-06-CENSUS-0000251784,GSA_MIGRATION,2021,2021-12-19,200000561
2021-06-CENSUS-0000251784,GSA_MIGRATION,2021,2021-12-19,261272561
2021-06-CENSUS-0000251784,GSA_MIGRATION,2021,2021-12-19,522370701
2021-06-CENSUS-0000251784,GSA_MIGRATION,2021,2021-12-19,522370705
2021-06-CENSUS-0000251784,GSA_MIGRATION,2021,2021-12-19,522370709
2021-06-CENSUS-0000251784,GSA_MIGRATION,2021,2021-12-19,522370783
2021-06-CENSUS-0000251783,GSA_MIGRATION,2021,2021-12-19,453756057
2021-06-CENSUS-0000251783,GSA_MIGRATION,2021,2021-12-19,201916848
2021-06-CENSUS-0000251783,GSA_MIGRATION,2021,2021-12-19,542101789
2021-06-CENSUS-0000251783,GSA_MIGRATION,2021,2021-12-19,542101864
2021-06-CENSUS-0000251783,GSA_MIGRATION,2021,2021-12-19,201916872
2021-06-CENSUS-0000251783,GSA_MIGRATION,2021,2021-12-19,465032521
2021-06-CENSUS-0000251783,GSA_MIGRATION,2021,2021-12-19,542101858
2021-06-CENSUS-0000251783,GSA_MIGRATION,2021,2021-12-19,472150678
2021-06-CENSUS-0000251783,GSA_MIGRATION,2021,2021-12-19,465046684
2021-06-CENSUS-0000251783,GSA_MIGRATION,2021,2021-12-19,205620973
2021-06-CENSUS-0000251783,GSA_MIGRATION,2021,2021-12-19,263667162
2021-06-CENSUS-0000251783,GSA_MIGRATION,2021,2021-12-19,264215919
2021-06-CENSUS-0000251783,GSA_MIGRATION,2021,2021-12-19,272106799
2021-06-CENSUS-0000251783,GSA_MIGRATION,2021,2021-12-19,453364314
2021-06-CENSUS-0000251783,GSA_MIGRATION,2021,2021-12-19,453756170
2021-06-CENSUS-0000251783,GSA_MIGRATION,2021,2021-12-19,465018942
2021-06-CENSUS-0000251783,GSA_MIGRATION,2021,2021-12-19,471644422
2021-06-CENSUS-0000251783,GSA_MIGRATION,2021,2021-12-19,472156231
2021-06-CENSUS-0000251783,GSA_MIGRATION,2021,2021-12-19,472166906
2021-06-CENSUS-0000251783,GSA_MIGRATION,2021,2021-12-19,542101755
2021-06-CENSUS-0000251783,GSA_MIGRATION,2021,2021-12-19,542101774
2021-06-CENSUS-0000251783,GSA_MIGRATION,2021,2021-12-19,542101776
2021-06-CENSUS-0000251783,GSA_MIGRATION,2021,2021-12-19,542101785
2021-06-CENSUS-0000251783,GSA_MIGRATION,2021,2021-12-19,542101810
2021-06-CENSUS-0000251783,GSA_MIGRATION,2021,2021-12-19,542101832
2021-06-CENSUS-0000251783,GSA_MIGRATION,2021,2021-12-19,542101834
2021-06-CENSUS-0000251783,GSA_MIGRATION,2021,2021-12-19,542101848
2021-06-CENSUS-0000251783,GSA_MIGRATION,2021,2021-12-19,542101853
2021-06-CENSUS-0000251783,GSA_MIGRATION,2021,2021-12-19,542101856
2021-06-CENSUS-0000251783,GSA_MIGRATION,2021,2021-12-19,542101861
2021-06-CENSUS-0000251783,GSA_MIGRATION,2021,2021-12-19,861250314
2020-06-CENSUS-0000188231,GSA_MIGRATION,2020,2021-04-05,546001117
2020-06-CENSUS-0000001942,GSA_MIGRATION,2020,2021-04-13,465228806
2021-03-CENSUS-0000196758,GSA_MIGRATION,2021,2021-07-22,471369480
2021-03-CENSUS-0000196758,GSA_MIGRATION,2021,2021-07-22,161236110
2021-03-CENSUS-0000196758,GSA_MIGRATION,2021,2021-07-22,160974945
2021-03-CENSUS-0000196758,GSA_MIGRATION,2021,2021-07-22,161444928
2021-03-CENSUS-0000196758,GSA_MIGRATION,2021,2021-07-22,222569016
2021-03-CENSUS-0000196758,GSA_MIGRATION,2021,2021-07-22,770629124
2021-03-CENSUS-0000196758,GSA_MIGRATION,2021,2021-07-22,753121141
2021-03-CENSUS-0000196758,GSA_MIGRATION,2021,2021-07-22,161138242
2021-03-CENSUS-0000196758,GSA_MIGRATION,2021,2021-07-22,160982689
2021-03-CENSUS-0000196758,GSA_MIGRATION,2021,2021-07-22,161092288
2021-06-CENSUS-0000176294,GSA_MIGRATION,2021,2021-12-21,541025805
2021-06-CENSUS-0000098434,GSA_MIGRATION,2021,2021-12-28,720787616
2021-06-CENSUS-0000098434,GSA_MIGRATION,2021,2021-12-28,421614056
2021-06-CENSUS-0000090373,GSA_MIGRATION,2021,2021-11-01,592815277
2021-06-CENSUS-0000218090,GSA_MIGRATION,2021,2021-12-05,351827682
2021-06-CENSUS-0000218090,GSA_MIGRATION,2021,2021-12-05,473062508
2021-06-CENSUS-0000218090,GSA_MIGRATION,2021,2021-12-05,351577679
2021-06-CENSUS-0000218090,GSA_MIGRATION,2021,2021-12-05,311074018
2021-06-CENSUS-0000218090,GSA_MIGRATION,2021,2021-12-05,350867980
2021-06-CENSUS-0000218090,GSA_MIGRATION,2021,2021-12-05,351141484
2021-06-CENSUS-0000218090,GSA_MIGRATION,2021,2021-12-05,271010344
2021-03-CENSUS-0000082017,GSA_MIGRATION,2021,2021-09-26,471270222
2021-06-CENSUS-0000236154,GSA_MIGRATION,2021,2021-12-13,320337272
2021-06-CENSUS-0000236154,GSA_MIGRATION,2021,2021-12-13,384050513
2021-06-CENSUS-0000020957,GSA_MIGRATION,2021,2021-12-09,222541281
2021-06-CENSUS-0000020957,GSA_MIGRATION,2021,2021-12-09,223538012
2021-06-CENSUS-0000020957,GSA_MIGRATION,2021,2021-12-09,264206936
2021-06-CENSUS-0000020957,GSA_MIGRATION,2021,2021-12-09,223432885
2021-06-CENSUS-0000020957,GSA_MIGRATION,2021,2021-12-09,455106240
2021-06-CENSUS-0000027040,GSA_MIGRATION,2021,2021-11-18,236296524
2021-06-CENSUS-0000027040,GSA_MIGRATION,2021,2021-11-18,232258743
2021-06-CENSUS-0000027040,GSA_MIGRATION,2021,2021-11-18,232589841
2021-06-CENSUS-0000027040,GSA_MIGRATION,2021,2021-11-18,232784811
2021-06-CENSUS-0000027040,GSA_MIGRATION,2021,2021-11-18,222454140
2021-06-CENSUS-0000027040,GSA_MIGRATION,2021,2021-11-18,232715238
2021-06-CENSUS-0000033117,GSA_MIGRATION,2021,2021-11-11,752995042
2021-06-CENSUS-0000033117,GSA_MIGRATION,2021,2021-11-11,954226971
2021-06-CENSUS-0000033117,GSA_MIGRATION,2021,2021-11-11,954226972
2021-06-CENSUS-0000033117,GSA_MIGRATION,2021,2021-11-11,954262688
2021-06-CENSUS-0000033117,GSA_MIGRATION,2021,2021-11-11,954262689
2021-06-CENSUS-0000033117,GSA_MIGRATION,2021,2021-11-11,954344026
2021-06-CENSUS-0000033117,GSA_MIGRATION,2021,2021-11-11,954419192
2021-06-CENSUS-0000033117,GSA_MIGRATION,2021,2021-11-11,954532710
2021-06-CENSUS-0000171450,GSA_MIGRATION,2021,2021-12-01,626000911
2021-06-CENSUS-0000251448,GSA_MIGRATION,2021,2021-11-10,621866708
2021-06-CENSUS-0000002841,GSA_MIGRATION,2021,2021-12-08,943313535
2021-06-CENSUS-0000002841,GSA_MIGRATION,2021,2021-12-08,043330930
2021-06-CENSUS-0000002841,GSA_MIGRATION,2021,2021-12-08,043331170
2021-06-CENSUS-0000002841,GSA_MIGRATION,2021,2021-12-08,562529097
2021-03-CENSUS-0000122294,GSA_MIGRATION,2021,2021-10-04,633345480
2021-06-CENSUS-0000171450,GSA_MIGRATION,2021,2021-12-01,626000910
2021-06-CENSUS-0000171438,GSA_MIGRATION,2021,2021-11-14,626000851
2021-06-CENSUS-0000171438,GSA_MIGRATION,2021,2021-11-14,626000853
2021-06-CENSUS-0000196204,GSA_MIGRATION,2021,2021-12-19,626000603
2021-06-CENSUS-0000171404,GSA_MIGRATION,2021,2021-12-14,626000688
2021-06-CENSUS-0000206637,GSA_MIGRATION,2021,2021-12-21,931007427
2021-06-CENSUS-0000171397,GSA_MIGRATION,2021,2021-12-19,626000664
2021-06-CENSUS-0000171397,GSA_MIGRATION,2021,2021-12-19,626000661
2021-06-CENSUS-0000112226,GSA_MIGRATION,2021,2021-11-17,860710822
2021-06-CENSUS-0000119153,GSA_MIGRATION,2021,2021-12-20,942446765
2021-06-CENSUS-0000190668,GSA_MIGRATION,2021,2021-12-29,626000570
2021-06-CENSUS-0000196935,GSA_MIGRATION,2021,2021-11-09,542064728
2021-06-CENSUS-0000196935,GSA_MIGRATION,2021,2021-11-09,941279807
2021-06-CENSUS-0000196935,GSA_MIGRATION,2021,2021-11-09,880272955
2021-06-CENSUS-0000196935,GSA_MIGRATION,2021,2021-11-09,680331373
2021-06-CENSUS-0000196935,GSA_MIGRATION,2021,2021-11-09,911657990
2020-06-CENSUS-0000126191,GSA_MIGRATION,2020,2021-09-29,951691313
2020-06-CENSUS-0000126191,GSA_MIGRATION,2020,2021-09-29,953814185
2021-08-CENSUS-0000000912,GSA_MIGRATION,2021,2021-12-15,020349962
2021-08-CENSUS-0000000912,GSA_MIGRATION,2021,2021-12-15,861073632
2021-08-CENSUS-0000000912,GSA_MIGRATION,2021,2021-12-15,272867988
2020-06-CENSUS-0000222035,GSA_MIGRATION,2020,2021-09-29,020222171
2020-06-CENSUS-0000222035,GSA_MIGRATION,2020,2021-09-29,020354549
2020-06-CENSUS-0000222035,GSA_MIGRATION,2020,2021-09-29,030183721
2020-06-CENSUS-0000222035,GSA_MIGRATION,2020,2021-09-29,036006494
2020-12-CENSUS-0000018983,GSA_MIGRATION,2020,2021-09-29,161564672
2020-12-CENSUS-0000018983,GSA_MIGRATION,2020,2021-09-29,222329966
2020-12-CENSUS-0000232146,GSA_MIGRATION,2020,2021-09-29,811312240
2020-12-CENSUS-0000188313,GSA_MIGRATION,2020,2021-09-29,930968688
2020-09-CENSUS-0000198694,GSA_MIGRATION,2020,2021-03-23,161355896
2020-06-CENSUS-0000143683,GSA_MIGRATION,2020,2021-01-24,421063074
2020-06-CENSUS-0000135671,GSA_MIGRATION,2020,2021-03-15,066001536
2020-09-CENSUS-0000250258,GSA_MIGRATION,2020,2021-03-14,522112460
2021-06-CENSUS-0000050613,GSA_MIGRATION,2021,2021-12-15,811958719
2021-05-CENSUS-0000085135,GSA_MIGRATION,2021,2021-11-17,464828720
2021-05-CENSUS-0000085135,GSA_MIGRATION,2021,2021-11-17,452283548
2021-06-CENSUS-0000171415,GSA_MIGRATION,2021,2021-12-01,626000733
2021-06-CENSUS-0000171415,GSA_MIGRATION,2021,2021-12-01,626000732
2021-04-CENSUS-0000201169,GSA_MIGRATION,2021,2021-09-20,390003070
2021-04-CENSUS-0000201169,GSA_MIGRATION,2021,2021-09-20,380003070
2021-04-CENSUS-0000201169,GSA_MIGRATION,2021,2021-09-20,001320030
2021-04-CENSUS-0000201169,GSA_MIGRATION,2021,2021-09-20,300003070
2021-06-CENSUS-0000176265,GSA_MIGRATION,2021,2021-12-05,540735234
2021-06-CENSUS-0000114648,GSA_MIGRATION,2021,2021-11-23,931315010
2021-06-CENSUS-0000247401,GSA_MIGRATION,2021,2021-12-01,812787403
2021-06-CENSUS-0000239839,GSA_MIGRATION,2021,2021-09-29,020677705
2021-06-CENSUS-0000239839,GSA_MIGRATION,2021,2021-09-29,200870475
2021-06-CENSUS-0000239839,GSA_MIGRATION,2021,2021-09-29,204328982
2021-06-CENSUS-0000239839,GSA_MIGRATION,2021,2021-09-29,223864570
2021-06-CENSUS-0000239839,GSA_MIGRATION,2021,2021-09-29,223864577
2021-06-CENSUS-0000239839,GSA_MIGRATION,2021,2021-09-29,261479602
2021-06-CENSUS-0000239839,GSA_MIGRATION,2021,2021-09-29,264398493
2021-06-CENSUS-0000239839,GSA_MIGRATION,2021,2021-09-29,264673885
2021-06-CENSUS-0000239839,GSA_MIGRATION,2021,2021-09-29,364569598
2021-06-CENSUS-0000239839,GSA_MIGRATION,2021,2021-09-29,421578355
2020-12-CENSUS-0000114221,GSA_MIGRATION,2020,2021-10-28,911674139
2020-09-CENSUS-0000227838,GSA_MIGRATION,2020,2021-05-10,204591563
2021-06-CENSUS-0000251687,GSA_MIGRATION,2021,2021-12-08,311596262
2021-06-CENSUS-0000251687,GSA_MIGRATION,2021,2021-12-08,311806189
2021-06-CENSUS-0000251687,GSA_MIGRATION,2021,2021-12-08,310569735
2021-06-CENSUS-0000251687,GSA_MIGRATION,2021,2021-12-08,260653514
2021-06-CENSUS-0000251687,GSA_MIGRATION,2021,2021-12-08,310536660
2021-06-CENSUS-0000251687,GSA_MIGRATION,2021,2021-12-08,270223153
2021-06-CENSUS-0000002680,GSA_MIGRATION,2021,2021-12-20,272966468
2021-06-CENSUS-0000002680,GSA_MIGRATION,2021,2021-12-20,831802913
2021-06-CENSUS-0000002680,GSA_MIGRATION,2021,2021-12-20,843604342
2021-06-CENSUS-0000003418,GSA_MIGRATION,2021,2021-11-14,237193288
2021-06-CENSUS-0000239518,GSA_MIGRATION,2021,2021-11-09,422404287
2021-06-CENSUS-0000181450,GSA_MIGRATION,2021,2021-12-02,520591421
2021-03-CENSUS-0000139744,GSA_MIGRATION,2021,2021-12-13,364186519
2021-06-CENSUS-0000189129,GSA_MIGRATION,2021,2021-12-27,541742341
2021-06-CENSUS-0000223736,GSA_MIGRATION,2021,2021-12-06,270267951
2021-06-CENSUS-0000223736,GSA_MIGRATION,2021,2021-12-06,452848919
2021-06-CENSUS-0000223736,GSA_MIGRATION,2021,2021-12-06,270600851
2021-06-CENSUS-0000223736,GSA_MIGRATION,2021,2021-12-06,811388401
2021-06-CENSUS-0000003338,GSA_MIGRATION,2021,2021-12-21,512165256
2021-06-CENSUS-0000003338,GSA_MIGRATION,2021,2021-12-21,522452609
2021-06-CENSUS-0000068359,GSA_MIGRATION,2021,2021-10-11,363447067
2021-06-CENSUS-0000193566,GSA_MIGRATION,2021,2021-11-30,626000676
2021-06-CENSUS-0000193566,GSA_MIGRATION,2021,2021-11-30,626000678
2021-06-CENSUS-0000176053,GSA_MIGRATION,2021,2021-12-20,541117918
2021-06-CENSUS-0000176053,GSA_MIGRATION,2021,2021-12-20,541745540
2021-06-CENSUS-0000176053,GSA_MIGRATION,2021,2021-12-20,546001238
2021-06-CENSUS-0000176066,GSA_MIGRATION,2021,2021-12-06,546001316
2021-06-CENSUS-0000088215,GSA_MIGRATION,2021,2021-12-28,592527684
2021-06-CENSUS-0000218539,GSA_MIGRATION,2021,2021-12-15,043323715
2021-06-CENSUS-0000218539,GSA_MIGRATION,2021,2021-12-15,010598494
2021-06-CENSUS-0000218539,GSA_MIGRATION,2021,2021-12-15,043344288
2021-06-CENSUS-0000218539,GSA_MIGRATION,2021,2021-12-15,043323718
2021-06-CENSUS-0000228321,GSA_MIGRATION,2021,2021-12-19,461477471
2021-06-CENSUS-0000228321,GSA_MIGRATION,2021,2021-12-19,726000640
2021-06-CENSUS-0000123802,GSA_MIGRATION,2021,2021-10-20,364682140
2021-06-CENSUS-0000065539,GSA_MIGRATION,2021,2021-12-06,942515428
2021-06-CENSUS-0000242453,GSA_MIGRATION,2021,2021-10-26,870782764
2021-06-CENSUS-0000176052,GSA_MIGRATION,2021,2021-12-27,546001232
2021-06-CENSUS-0000176052,GSA_MIGRATION,2021,2021-12-27,546001231
2021-06-CENSUS-0000176268,GSA_MIGRATION,2021,2021-12-16,546001338
2021-05-CENSUS-0000080772,GSA_MIGRATION,2021,2021-10-03,510156065
2021-05-CENSUS-0000080772,GSA_MIGRATION,2021,2021-10-03,571142879
2021-05-CENSUS-0000080772,GSA_MIGRATION,2021,2021-10-03,510146615
2021-05-CENSUS-0000080772,GSA_MIGRATION,2021,2021-10-03,310961926
2021-05-CENSUS-0000080772,GSA_MIGRATION,2021,2021-10-03,310962004
2021-05-CENSUS-0000080772,GSA_MIGRATION,2021,2021-10-03,510175364
2021-06-CENSUS-0000171377,GSA_MIGRATION,2021,2021-11-14,626000551
2021-06-CENSUS-0000171377,GSA_MIGRATION,2021,2021-11-14,626000550
2021-02-CENSUS-0000114050,GSA_MIGRATION,2021,2021-09-13,455579044
2021-06-CENSUS-0000100242,GSA_MIGRATION,2021,2021-11-10,412093509
2021-06-CENSUS-0000100242,GSA_MIGRATION,2021,2021-11-10,421589809
2021-06-CENSUS-0000171447,GSA_MIGRATION,2021,2021-12-19,626000893
2021-06-CENSUS-0000171447,GSA_MIGRATION,2021,2021-12-19,626000897
2021-06-CENSUS-0000171447,GSA_MIGRATION,2021,2021-12-19,620874127
2021-06-CENSUS-0000171447,GSA_MIGRATION,2021,2021-12-19,626000899
2021-06-CENSUS-0000251855,GSA_MIGRATION,2021,2021-12-28,200992504
2021-06-CENSUS-0000251855,GSA_MIGRATION,2021,2021-12-28,203251115
2021-06-CENSUS-0000251855,GSA_MIGRATION,2021,2021-12-28,621035209
2021-06-CENSUS-0000229592,GSA_MIGRATION,2021,2021-12-15,844633153
2021-06-CENSUS-0000215248,GSA_MIGRATION,2021,2021-12-01,311580334
2021-06-CENSUS-0000215248,GSA_MIGRATION,2021,2021-12-01,223302772
2021-03-CENSUS-0000220268,GSA_MIGRATION,2021,2021-06-16,611150328
2021-03-CENSUS-0000220268,GSA_MIGRATION,2021,2021-06-16,611271505
2021-06-CENSUS-0000171428,GSA_MIGRATION,2021,2021-12-27,626000794
2021-06-CENSUS-0000171428,GSA_MIGRATION,2021,2021-12-27,626000796
2021-06-CENSUS-0000082713,GSA_MIGRATION,2021,2021-10-12,561587480
2021-06-CENSUS-0000082713,GSA_MIGRATION,2021,2021-10-12,561998095
2021-06-CENSUS-0000240230,GSA_MIGRATION,2021,2021-10-27,450193643
2021-06-CENSUS-0000240230,GSA_MIGRATION,2021,2021-10-27,450648423
2021-06-CENSUS-0000205740,GSA_MIGRATION,2021,2021-11-16,430653242
2021-06-CENSUS-0000205740,GSA_MIGRATION,2021,2021-11-16,430653519
2021-06-CENSUS-0000205740,GSA_MIGRATION,2021,2021-11-16,430782209
2021-06-CENSUS-0000205740,GSA_MIGRATION,2021,2021-11-16,430811604
2021-06-CENSUS-0000205740,GSA_MIGRATION,2021,2021-11-16,431024440
2021-06-CENSUS-0000205740,GSA_MIGRATION,2021,2021-11-16,431235755
2021-06-CENSUS-0000205740,GSA_MIGRATION,2021,2021-11-16,431246269
2021-06-CENSUS-0000205740,GSA_MIGRATION,2021,2021-11-16,431263499
2021-06-CENSUS-0000205740,GSA_MIGRATION,2021,2021-11-16,431297933
2021-06-CENSUS-0000205740,GSA_MIGRATION,2021,2021-11-16,431338511
2021-06-CENSUS-0000205740,GSA_MIGRATION,2021,2021-11-16,431350160
2021-06-CENSUS-0000205740,GSA_MIGRATION,2021,2021-11-16,431528548
2021-06-CENSUS-0000205740,GSA_MIGRATION,2021,2021-11-16,431926087
2021-06-CENSUS-0000205740,GSA_MIGRATION,2021,2021-11-16,455598827
2021-06-CENSUS-0000205740,GSA_MIGRATION,2021,2021-11-16,743169773
2021-06-CENSUS-0000251369,GSA_MIGRATION,2021,2021-10-31,203521388
2021-06-CENSUS-0000035219,GSA_MIGRATION,2021,2021-11-09,232800431
2021-06-CENSUS-0000035219,GSA_MIGRATION,2021,2021-11-09,270328338
2021-06-CENSUS-0000035219,GSA_MIGRATION,2021,2021-11-09,232761822
2021-06-CENSUS-0000035219,GSA_MIGRATION,2021,2021-11-09,463003937
2021-06-CENSUS-0000064943,GSA_MIGRATION,2021,2021-10-19,273255982
2021-06-CENSUS-0000197070,GSA_MIGRATION,2021,2021-11-28,237013186
2021-06-CENSUS-0000003361,GSA_MIGRATION,2021,2021-11-18,205004218
2021-06-CENSUS-0000246684,GSA_MIGRATION,2021,2021-12-19,621674308
2021-06-CENSUS-0000246684,GSA_MIGRATION,2021,2021-12-19,351147323
2021-06-CENSUS-0000246684,GSA_MIGRATION,2021,2021-12-19,370916475
2021-06-CENSUS-0000246684,GSA_MIGRATION,2021,2021-12-19,591009537
2021-06-CENSUS-0000246684,GSA_MIGRATION,2021,2021-12-19,262505456
2021-06-CENSUS-0000232455,GSA_MIGRATION,2021,2021-11-17,300673850
2021-06-CENSUS-0000171463,GSA_MIGRATION,2021,2021-12-12,383983184
2021-06-CENSUS-0000249460,GSA_MIGRATION,2021,2021-12-28,626001029
2021-06-CENSUS-0000249460,GSA_MIGRATION,2021,2021-12-28,626000299
2021-06-CENSUS-0000249460,GSA_MIGRATION,2021,2021-12-28,626000297
2021-06-CENSUS-0000184454,GSA_MIGRATION,2021,2021-12-19,570956931
2021-06-CENSUS-0000184454,GSA_MIGRATION,2021,2021-12-19,570969158
2021-06-CENSUS-0000184454,GSA_MIGRATION,2021,2021-12-19,570774509
2021-06-CENSUS-0000184454,GSA_MIGRATION,2021,2021-12-19,582365149
2021-06-CENSUS-0000184454,GSA_MIGRATION,2021,2021-12-19,571016399
2021-06-CENSUS-0000184454,GSA_MIGRATION,2021,2021-12-19,571016402
2021-06-CENSUS-0000184454,GSA_MIGRATION,2021,2021-12-19,570990560
2021-06-CENSUS-0000184454,GSA_MIGRATION,2021,2021-12-19,311504031
2021-06-CENSUS-0000214354,GSA_MIGRATION,2021,2021-12-12,043403292
2021-06-CENSUS-0000214354,GSA_MIGRATION,2021,2021-12-12,412275864
2021-06-CENSUS-0000214354,GSA_MIGRATION,2021,2021-12-12,043270644
2021-06-CENSUS-0000214354,GSA_MIGRATION,2021,2021-12-12,383902564
2021-06-CENSUS-0000214354,GSA_MIGRATION,2021,2021-12-12,134234624
2021-06-CENSUS-0000176106,GSA_MIGRATION,2021,2021-12-28,546001554
2021-06-CENSUS-0000021715,GSA_MIGRATION,2021,2021-12-20,834152660
2021-06-CENSUS-0000003569,GSA_MIGRATION,2021,2021-12-15,300235086
2021-06-CENSUS-0000003569,GSA_MIGRATION,2021,2021-12-15,300142607
2020-06-CENSUS-0000162413,GSA_MIGRATION,2020,2021-03-02,161704454
2020-06-CENSUS-0000035219,GSA_MIGRATION,2020,2021-02-23,232800431
2020-06-CENSUS-0000035219,GSA_MIGRATION,2020,2021-02-23,463003937
2020-06-CENSUS-0000035219,GSA_MIGRATION,2020,2021-02-23,270328338
2021-06-CENSUS-0000198400,GSA_MIGRATION,2021,2021-11-09,431815326
2021-06-CENSUS-0000198400,GSA_MIGRATION,2021,2021-11-09,431816846
2021-06-CENSUS-0000206661,GSA_MIGRATION,2021,2021-11-17,311748289
2020-06-CENSUS-0000035219,GSA_MIGRATION,2020,2021-02-23,232761822
2020-06-CENSUS-0000092326,GSA_MIGRATION,2020,2021-02-22,582500227
2020-06-CENSUS-0000092326,GSA_MIGRATION,2020,2021-02-22,830743908
2021-06-CENSUS-0000037868,GSA_MIGRATION,2021,2021-11-21,841893986
2021-06-CENSUS-0000037868,GSA_MIGRATION,2021,2021-11-21,326911727
2021-06-CENSUS-0000171384,GSA_MIGRATION,2021,2021-12-19,626000593
2021-06-CENSUS-0000171384,GSA_MIGRATION,2021,2021-12-19,626000598
2021-06-CENSUS-0000176055,GSA_MIGRATION,2021,2021-12-20,546001249
2021-06-CENSUS-0000176055,GSA_MIGRATION,2021,2021-12-20,546001251
2021-06-CENSUS-0000036341,GSA_MIGRATION,2021,2021-11-18,251788544
2021-06-CENSUS-0000003830,GSA_MIGRATION,2021,2021-12-13,300472109
2021-06-CENSUS-0000003830,GSA_MIGRATION,2021,2021-12-13,020593101
2021-06-CENSUS-0000003830,GSA_MIGRATION,2021,2021-12-13,412201540
2021-06-CENSUS-0000003830,GSA_MIGRATION,2021,2021-12-13,202176751
2021-06-CENSUS-0000003830,GSA_MIGRATION,2021,2021-12-13,300139018
2021-09-CENSUS-0000183908,GSA_MIGRATION,2021,2021-12-21,204772002
2021-06-CENSUS-0000221280,GSA_MIGRATION,2021,2021-10-31,201050517
2021-06-CENSUS-0000221280,GSA_MIGRATION,2021,2021-10-31,261226084
2021-06-CENSUS-0000221280,GSA_MIGRATION,2021,2021-10-31,222698009
2021-06-CENSUS-0000221280,GSA_MIGRATION,2021,2021-10-31,364649645
2021-06-CENSUS-0000221280,GSA_MIGRATION,2021,2021-10-31,270321439
2021-06-CENSUS-0000221280,GSA_MIGRATION,2021,2021-10-31,020630643
2021-06-CENSUS-0000221280,GSA_MIGRATION,2021,2021-10-31,270467500
2021-06-CENSUS-0000221280,GSA_MIGRATION,2021,2021-10-31,260744323
2021-06-CENSUS-0000221280,GSA_MIGRATION,2021,2021-10-31,450963380
2021-06-CENSUS-0000171392,GSA_MIGRATION,2021,2021-12-08,626000644
2021-06-CENSUS-0000171392,GSA_MIGRATION,2021,2021-12-08,626016875
2021-06-CENSUS-0000090240,GSA_MIGRATION,2021,2021-10-07,593238634
2021-06-CENSUS-0000090240,GSA_MIGRATION,2021,2021-10-07,593238640
2021-06-CENSUS-0000002971,GSA_MIGRATION,2021,2021-12-06,825141398
2021-06-CENSUS-0000002971,GSA_MIGRATION,2021,2021-12-06,043247739
2021-06-CENSUS-0000112084,GSA_MIGRATION,2021,2021-12-08,680593522
2021-06-CENSUS-0000231802,GSA_MIGRATION,2021,2021-12-12,311770280
2021-06-CENSUS-0000231802,GSA_MIGRATION,2021,2021-12-12,270795565
2021-06-CENSUS-0000231802,GSA_MIGRATION,2021,2021-12-12,270408957
2021-06-CENSUS-0000231802,GSA_MIGRATION,2021,2021-12-12,480770308
2021-06-CENSUS-0000024425,GSA_MIGRATION,2021,2021-11-02,261473978
2021-06-CENSUS-0000024425,GSA_MIGRATION,2021,2021-11-02,270147039
2021-06-CENSUS-0000024425,GSA_MIGRATION,2021,2021-11-02,270455705
2021-06-CENSUS-0000024425,GSA_MIGRATION,2021,2021-11-02,272230034
2021-06-CENSUS-0000024425,GSA_MIGRATION,2021,2021-11-02,201505451
2021-06-CENSUS-0000024425,GSA_MIGRATION,2021,2021-11-02,474794048
2021-06-CENSUS-0000024425,GSA_MIGRATION,2021,2021-11-02,261150169
2021-06-CENSUS-0000001909,GSA_MIGRATION,2021,2021-12-01,043575676
2021-06-CENSUS-0000176100,GSA_MIGRATION,2021,2021-12-19,546001521
2021-06-CENSUS-0000221118,GSA_MIGRATION,2021,2021-10-24,470838794
2021-06-CENSUS-0000214061,GSA_MIGRATION,2021,2021-12-01,232857766
2021-06-CENSUS-0000196103,GSA_MIGRATION,2021,2021-12-13,364429327
2021-06-CENSUS-0000196222,GSA_MIGRATION,2021,2021-12-20,626000712
2021-06-CENSUS-0000196222,GSA_MIGRATION,2021,2021-12-20,626000713
2021-06-CENSUS-0000169961,GSA_MIGRATION,2021,2021-11-10,237454575
2021-06-CENSUS-0000182454,GSA_MIGRATION,2021,2021-12-28,626000573
2021-06-CENSUS-0000182454,GSA_MIGRATION,2021,2021-12-28,626000571
2021-06-CENSUS-0000077832,GSA_MIGRATION,2021,2021-12-08,951643964
2021-06-CENSUS-0000235613,GSA_MIGRATION,2021,2021-10-31,464879855
2021-06-CENSUS-0000171665,GSA_MIGRATION,2021,2021-12-29,626000832
2021-06-CENSUS-0000171445,GSA_MIGRATION,2021,2021-11-29,626000888
2021-06-CENSUS-0000171445,GSA_MIGRATION,2021,2021-11-29,626000889
2021-03-CENSUS-0000034760,GSA_MIGRATION,2021,2021-11-16,262850045
2021-03-CENSUS-0000034760,GSA_MIGRATION,2021,2021-11-16,363014600
2021-03-CENSUS-0000034760,GSA_MIGRATION,2021,2021-11-16,363133793
2021-03-CENSUS-0000034760,GSA_MIGRATION,2021,2021-11-16,363471392
2021-06-CENSUS-0000187366,GSA_MIGRATION,2021,2021-11-09,461432508
2021-06-CENSUS-0000171361,GSA_MIGRATION,2021,2021-12-05,626000481
2021-06-CENSUS-0000171361,GSA_MIGRATION,2021,2021-12-05,621798779
2021-06-CENSUS-0000171361,GSA_MIGRATION,2021,2021-12-05,626000485
2021-03-CENSUS-0000101139,GSA_MIGRATION,2021,2021-08-03,204781648
2021-03-CENSUS-0000101139,GSA_MIGRATION,2021,2021-08-03,743018046
2021-03-CENSUS-0000101139,GSA_MIGRATION,2021,2021-08-03,900199991
2021-03-CENSUS-0000114429,GSA_MIGRATION,2021,2021-11-17,460494906
2021-03-CENSUS-0000114429,GSA_MIGRATION,2021,2021-11-17,943126743
2021-06-CENSUS-0000181811,GSA_MIGRATION,2021,2021-12-22,208032139
2021-06-CENSUS-0000181811,GSA_MIGRATION,2021,2021-12-22,273362317
2021-06-CENSUS-0000181811,GSA_MIGRATION,2021,2021-12-22,362170153
2021-06-CENSUS-0000181811,GSA_MIGRATION,2021,2021-12-22,362170821
2021-06-CENSUS-0000181811,GSA_MIGRATION,2021,2021-12-22,362170873
2021-06-CENSUS-0000181811,GSA_MIGRATION,2021,2021-12-22,362171726
2021-06-CENSUS-0000181811,GSA_MIGRATION,2021,2021-12-22,362171745
2021-06-CENSUS-0000181811,GSA_MIGRATION,2021,2021-12-22,362427533
2021-06-CENSUS-0000181811,GSA_MIGRATION,2021,2021-12-22,362701312
2021-06-CENSUS-0000181811,GSA_MIGRATION,2021,2021-12-22,363003798
2021-06-CENSUS-0000181811,GSA_MIGRATION,2021,2021-12-22,363104157
2021-06-CENSUS-0000181811,GSA_MIGRATION,2021,2021-12-22,363425314
2021-06-CENSUS-0000181811,GSA_MIGRATION,2021,2021-12-22,363519061
2021-06-CENSUS-0000181811,GSA_MIGRATION,2021,2021-12-22,363580405
2021-06-CENSUS-0000181811,GSA_MIGRATION,2021,2021-12-22,363686967
2021-06-CENSUS-0000181811,GSA_MIGRATION,2021,2021-12-22,363867486
2021-06-CENSUS-0000181811,GSA_MIGRATION,2021,2021-12-22,363867489
2021-06-CENSUS-0000181811,GSA_MIGRATION,2021,2021-12-22,363932659
2021-06-CENSUS-0000181811,GSA_MIGRATION,2021,2021-12-22,363932662
2021-06-CENSUS-0000181811,GSA_MIGRATION,2021,2021-12-22,363985169
2021-06-CENSUS-0000181811,GSA_MIGRATION,2021,2021-12-22,364094844
2021-06-CENSUS-0000181811,GSA_MIGRATION,2021,2021-12-22,364188920
2021-06-CENSUS-0000181811,GSA_MIGRATION,2021,2021-12-22,364188922
2021-06-CENSUS-0000181811,GSA_MIGRATION,2021,2021-12-22,364223533
2021-06-CENSUS-0000181811,GSA_MIGRATION,2021,2021-12-22,364223536
2021-06-CENSUS-0000181811,GSA_MIGRATION,2021,2021-12-22,364435695
2021-06-CENSUS-0000181811,GSA_MIGRATION,2021,2021-12-22,364526043
2021-06-CENSUS-0000181811,GSA_MIGRATION,2021,2021-12-22,365299589
2021-06-CENSUS-0000181811,GSA_MIGRATION,2021,2021-12-22,470950766
2021-06-CENSUS-0000181811,GSA_MIGRATION,2021,2021-12-22,800097745
2021-06-CENSUS-0000181811,GSA_MIGRATION,2021,2021-12-22,900213451
2021-04-CENSUS-0000038504,GSA_MIGRATION,2021,2021-07-27,611254830
2021-06-CENSUS-0000076047,GSA_MIGRATION,2021,2021-11-15,461116883
2021-06-CENSUS-0000171381,GSA_MIGRATION,2021,2021-12-09,626000583
2021-06-CENSUS-0000171381,GSA_MIGRATION,2021,2021-12-09,626000582
2021-06-CENSUS-0000135723,GSA_MIGRATION,2021,2021-12-13,066001618
2021-06-CENSUS-0000005655,GSA_MIGRATION,2021,2021-12-12,042968080
2021-06-CENSUS-0000005655,GSA_MIGRATION,2021,2021-12-12,043088163
2021-06-CENSUS-0000005655,GSA_MIGRATION,2021,2021-12-12,043112143
2021-06-CENSUS-0000005655,GSA_MIGRATION,2021,2021-12-12,043154255
2021-06-CENSUS-0000005655,GSA_MIGRATION,2021,2021-12-12,043174043
2021-06-CENSUS-0000005655,GSA_MIGRATION,2021,2021-12-12,043174475
2021-06-CENSUS-0000005655,GSA_MIGRATION,2021,2021-12-12,043223566
2021-06-CENSUS-0000005655,GSA_MIGRATION,2021,2021-12-12,043224452
2021-06-CENSUS-0000005655,GSA_MIGRATION,2021,2021-12-12,043232049
2021-06-CENSUS-0000005655,GSA_MIGRATION,2021,2021-12-12,043232887
2021-06-CENSUS-0000005655,GSA_MIGRATION,2021,2021-12-12,043284871
2021-06-CENSUS-0000005655,GSA_MIGRATION,2021,2021-12-12,043284877
2021-06-CENSUS-0000005655,GSA_MIGRATION,2021,2021-12-12,043292010
2021-06-CENSUS-0000005655,GSA_MIGRATION,2021,2021-12-12,043295314
2021-06-CENSUS-0000005655,GSA_MIGRATION,2021,2021-12-12,043340010
2021-06-CENSUS-0000005655,GSA_MIGRATION,2021,2021-12-12,043392438
2021-06-CENSUS-0000005655,GSA_MIGRATION,2021,2021-12-12,043401624
2021-06-CENSUS-0000005655,GSA_MIGRATION,2021,2021-12-12,043517856
2021-06-CENSUS-0000005655,GSA_MIGRATION,2021,2021-12-12,043517858
2021-06-CENSUS-0000005655,GSA_MIGRATION,2021,2021-12-12,043566433
2021-06-CENSUS-0000005655,GSA_MIGRATION,2021,2021-12-12,583681830
2021-06-CENSUS-0000108850,GSA_MIGRATION,2021,2021-11-22,311653916
2021-06-CENSUS-0000171404,GSA_MIGRATION,2021,2021-12-14,626000687
2021-06-CENSUS-0000171404,GSA_MIGRATION,2021,2021-12-14,621433408
2021-06-CENSUS-0000171372,GSA_MIGRATION,2021,2021-12-19,626000536
2021-06-CENSUS-0000171372,GSA_MIGRATION,2021,2021-12-19,620809035
2021-06-CENSUS-0000126234,GSA_MIGRATION,2021,2021-11-28,471065461
2021-06-CENSUS-0000126234,GSA_MIGRATION,2021,2021-11-28,841661910
2021-06-CENSUS-0000171431,GSA_MIGRATION,2021,2021-11-14,626000808
2021-06-CENSUS-0000180891,GSA_MIGRATION,2021,2021-12-13,460441698
2021-06-CENSUS-0000180891,GSA_MIGRATION,2021,2021-12-13,460443225
2021-06-CENSUS-0000217981,GSA_MIGRATION,2021,2021-11-22,311712976
2021-06-CENSUS-0000171422,GSA_MIGRATION,2021,2021-12-19,621630025
2021-06-CENSUS-0000171422,GSA_MIGRATION,2021,2021-12-19,621630024
2021-06-CENSUS-0000171422,GSA_MIGRATION,2021,2021-12-19,621011798
2021-06-CENSUS-0000171422,GSA_MIGRATION,2021,2021-12-19,626000772
2021-06-CENSUS-0000171422,GSA_MIGRATION,2021,2021-12-19,620987897
2021-06-CENSUS-0000048679,GSA_MIGRATION,2021,2021-12-27,363880333
2021-06-CENSUS-0000048679,GSA_MIGRATION,2021,2021-12-27,454486329
2021-06-CENSUS-0000048679,GSA_MIGRATION,2021,2021-12-27,454486428
2021-06-CENSUS-0000048679,GSA_MIGRATION,2021,2021-12-27,363755662
2021-06-CENSUS-0000048679,GSA_MIGRATION,2021,2021-12-27,363305087
2021-06-CENSUS-0000048679,GSA_MIGRATION,2021,2021-12-27,363371659
2021-06-CENSUS-0000048679,GSA_MIGRATION,2021,2021-12-27,010627466
2021-06-CENSUS-0000048679,GSA_MIGRATION,2021,2021-12-27,043636582
2021-06-CENSUS-0000049426,GSA_MIGRATION,2021,2021-10-01,273746927
2021-06-CENSUS-0000049426,GSA_MIGRATION,2021,2021-10-01,264492497
2021-06-CENSUS-0000176056,GSA_MIGRATION,2021,2021-12-05,546001255
2021-06-CENSUS-0000176056,GSA_MIGRATION,2021,2021-12-05,546001252
2021-06-CENSUS-0000176099,GSA_MIGRATION,2021,2021-12-26,546001510
2021-06-CENSUS-0000176099,GSA_MIGRATION,2021,2021-12-26,541642458
2021-06-CENSUS-0000176293,GSA_MIGRATION,2021,2021-12-19,541207347
2021-06-CENSUS-0000185123,GSA_MIGRATION,2021,2021-12-07,475201113
2021-06-CENSUS-0000154434,GSA_MIGRATION,2021,2021-12-15,810980965
2021-06-CENSUS-0000154434,GSA_MIGRATION,2021,2021-12-15,473876106
2021-06-CENSUS-0000251583,GSA_MIGRATION,2021,2021-11-22,470795033
2021-06-CENSUS-0000176058,GSA_MIGRATION,2021,2021-12-14,521464034
2021-06-CENSUS-0000176058,GSA_MIGRATION,2021,2021-12-14,540805373
2021-06-CENSUS-0000035809,GSA_MIGRATION,2021,2021-10-31,812812384
2021-06-CENSUS-0000245645,GSA_MIGRATION,2021,2021-12-09,272990527
2021-06-CENSUS-0000179837,GSA_MIGRATION,2021,2021-12-29,836000043
2021-06-CENSUS-0000003235,GSA_MIGRATION,2021,2021-10-31,010688838
2021-06-CENSUS-0000003235,GSA_MIGRATION,2021,2021-10-31,205661521
2021-06-CENSUS-0000251786,GSA_MIGRATION,2021,2021-12-19,203644753
2021-06-CENSUS-0000251786,GSA_MIGRATION,2021,2021-12-19,203644958
2021-06-CENSUS-0000251786,GSA_MIGRATION,2021,2021-12-19,203644663
2021-06-CENSUS-0000251786,GSA_MIGRATION,2021,2021-12-19,203644923
2021-06-CENSUS-0000251786,GSA_MIGRATION,2021,2021-12-19,203645112
2021-06-CENSUS-0000198928,GSA_MIGRATION,2021,2021-12-16,580566193
2021-03-CENSUS-0000195709,GSA_MIGRATION,2021,2021-09-08,742322705
2021-03-CENSUS-0000195709,GSA_MIGRATION,2021,2021-09-08,742368996
2021-03-CENSUS-0000195709,GSA_MIGRATION,2021,2021-09-08,300054240
2021-03-CENSUS-0000195709,GSA_MIGRATION,2021,2021-09-08,742532019
2021-03-CENSUS-0000195709,GSA_MIGRATION,2021,2021-09-08,742550438
2021-03-CENSUS-0000195709,GSA_MIGRATION,2021,2021-09-08,841661179
2021-06-CENSUS-0000038261,GSA_MIGRATION,2021,2021-12-16,310861029
2021-06-CENSUS-0000038261,GSA_MIGRATION,2021,2021-12-16,310536973
2021-06-CENSUS-0000171432,GSA_MIGRATION,2021,2021-12-27,626000816
2021-06-CENSUS-0000171432,GSA_MIGRATION,2021,2021-12-27,626000820
2021-06-CENSUS-0000026570,GSA_MIGRATION,2021,2021-10-27,232604575
2021-06-CENSUS-0000080750,GSA_MIGRATION,2021,2021-11-21,317170004
2021-06-CENSUS-0000080750,GSA_MIGRATION,2021,2021-11-21,550718164
2021-06-CENSUS-0000080750,GSA_MIGRATION,2021,2021-11-21,550733799
2021-06-CENSUS-0000207063,GSA_MIGRATION,2021,2021-11-23,201890414
2021-06-CENSUS-0000001361,GSA_MIGRATION,2021,2021-12-14,030340655
2021-06-CENSUS-0000001361,GSA_MIGRATION,2021,2021-12-14,043366294
2021-06-CENSUS-0000171417,GSA_MIGRATION,2021,2021-12-21,620914766
2021-06-CENSUS-0000171417,GSA_MIGRATION,2021,2021-12-21,623000741
2021-06-CENSUS-0000171417,GSA_MIGRATION,2021,2021-12-21,626000740
2021-07-CENSUS-0000230232,GSA_MIGRATION,2021,2021-12-13,262346277
2021-07-CENSUS-0000230232,GSA_MIGRATION,2021,2021-12-13,851836163
2021-06-CENSUS-0000171441,GSA_MIGRATION,2021,2021-12-12,626000875
2021-03-CENSUS-0000237235,GSA_MIGRATION,2021,2021-09-06,223707174
2021-03-CENSUS-0000237235,GSA_MIGRATION,2021,2021-09-06,261698575
2021-03-CENSUS-0000237235,GSA_MIGRATION,2021,2021-09-06,270183023
2021-03-CENSUS-0000237235,GSA_MIGRATION,2021,2021-09-06,202742194
2021-03-CENSUS-0000237235,GSA_MIGRATION,2021,2021-09-06,010680960
2021-03-CENSUS-0000237235,GSA_MIGRATION,2021,2021-09-06,651169183
2021-03-CENSUS-0000237235,GSA_MIGRATION,2021,2021-09-06,141911330
2021-03-CENSUS-0000237235,GSA_MIGRATION,2021,2021-09-06,222464198
2021-03-CENSUS-0000237235,GSA_MIGRATION,2021,2021-09-06,261698675
2021-03-CENSUS-0000237235,GSA_MIGRATION,2021,2021-09-06,454056126
2020-09-CENSUS-0000192502,GSA_MIGRATION,2020,2021-05-20,596000559
2020-09-CENSUS-0000192502,GSA_MIGRATION,2020,2021-05-20,596000562
2020-09-CENSUS-0000192502,GSA_MIGRATION,2020,2021-05-20,592562792
2020-09-CENSUS-0000192502,GSA_MIGRATION,2020,2021-05-20,596000561
2020-06-CENSUS-0000171396,GSA_MIGRATION,2020,2021-02-21,656000656
2020-06-CENSUS-0000171396,GSA_MIGRATION,2020,2021-02-21,656000659
2020-12-CENSUS-0000184040,GSA_MIGRATION,2020,2021-12-21,272073611
2020-06-CENSUS-0000171680,GSA_MIGRATION,2020,2021-01-20,620646808
2020-06-CENSUS-0000003569,GSA_MIGRATION,2020,2021-01-20,300235086
2020-06-CENSUS-0000003569,GSA_MIGRATION,2020,2021-01-20,300142607
2020-06-CENSUS-0000171383,GSA_MIGRATION,2020,2021-02-17,626000591
2020-06-CENSUS-0000171383,GSA_MIGRATION,2020,2021-02-17,626000592
2020-06-CENSUS-0000183414,GSA_MIGRATION,2020,2021-02-08,042862244
2020-06-CENSUS-0000183414,GSA_MIGRATION,2020,2021-02-08,042173052
2020-06-CENSUS-0000183414,GSA_MIGRATION,2020,2021-02-08,042492493
2020-06-CENSUS-0000183414,GSA_MIGRATION,2020,2021-02-08,042631391
2020-06-CENSUS-0000183414,GSA_MIGRATION,2020,2021-02-08,042375529
2020-06-CENSUS-0000183414,GSA_MIGRATION,2020,2021-02-08,042105856
2020-06-CENSUS-0000183414,GSA_MIGRATION,2020,2021-02-08,043293665
2020-06-CENSUS-0000183414,GSA_MIGRATION,2020,2021-02-08,042699540
2020-06-CENSUS-0000183414,GSA_MIGRATION,2020,2021-02-08,020627442
2020-06-CENSUS-0000183414,GSA_MIGRATION,2020,2021-02-08,042103767
2020-06-CENSUS-0000183414,GSA_MIGRATION,2020,2021-02-08,042122643
2020-06-CENSUS-0000183414,GSA_MIGRATION,2020,2021-02-08,042161932
2020-06-CENSUS-0000183414,GSA_MIGRATION,2020,2021-02-08,042274992
2020-06-CENSUS-0000183414,GSA_MIGRATION,2020,2021-02-08,042522064
2020-06-CENSUS-0000183414,GSA_MIGRATION,2020,2021-02-08,042669832
2020-06-CENSUS-0000183414,GSA_MIGRATION,2020,2021-02-08,043125422
2020-06-CENSUS-0000183414,GSA_MIGRATION,2020,2021-02-08,043527672
2020-06-CENSUS-0000183414,GSA_MIGRATION,2020,2021-02-08,056013789
2020-06-CENSUS-0000183414,GSA_MIGRATION,2020,2021-02-08,200172796
2020-06-CENSUS-0000183414,GSA_MIGRATION,2020,2021-02-08,237092431
2020-06-CENSUS-0000183414,GSA_MIGRATION,2020,2021-02-08,237112665
2020-06-CENSUS-0000183414,GSA_MIGRATION,2020,2021-02-08,263273731
2020-06-CENSUS-0000183414,GSA_MIGRATION,2020,2021-02-08,474001509
2020-06-CENSUS-0000024328,GSA_MIGRATION,2020,2021-02-04,043374478
2020-06-CENSUS-0000024328,GSA_MIGRATION,2020,2021-02-04,824867726
2020-06-CENSUS-0000171437,GSA_MIGRATION,2020,2021-03-16,626000848
2020-06-CENSUS-0000171437,GSA_MIGRATION,2020,2021-03-16,626000850
2020-06-CENSUS-0000171427,GSA_MIGRATION,2020,2021-01-10,626000791
2020-09-CENSUS-0000078109,GSA_MIGRATION,2020,2021-02-28,462612419
2020-06-CENSUS-0000204973,GSA_MIGRATION,2020,2021-03-09,205182627
2020-06-CENSUS-0000204973,GSA_MIGRATION,2020,2021-03-09,270267491
2020-06-CENSUS-0000204973,GSA_MIGRATION,2020,2021-03-09,411467162
2020-06-CENSUS-0000171380,GSA_MIGRATION,2020,2021-02-24,626000577
2020-06-CENSUS-0000171380,GSA_MIGRATION,2020,2021-02-24,626000574
2020-06-CENSUS-0000016603,GSA_MIGRATION,2020,2021-01-03,134054564
2020-06-CENSUS-0000016603,GSA_MIGRATION,2020,2021-01-03,208873951
2020-06-CENSUS-0000016603,GSA_MIGRATION,2020,2021-01-03,261438196
2020-06-CENSUS-0000016603,GSA_MIGRATION,2020,2021-01-03,261438757
2020-06-CENSUS-0000016603,GSA_MIGRATION,2020,2021-01-03,274062370
2020-06-CENSUS-0000016603,GSA_MIGRATION,2020,2021-01-03,611663479
2020-06-CENSUS-0000016603,GSA_MIGRATION,2020,2021-01-03,371651790
2020-06-CENSUS-0000016603,GSA_MIGRATION,2020,2021-01-03,274062272
2020-06-CENSUS-0000016603,GSA_MIGRATION,2020,2021-01-03,320356964
2020-06-CENSUS-0000016603,GSA_MIGRATION,2020,2021-01-03,352425255
2020-06-CENSUS-0000016603,GSA_MIGRATION,2020,2021-01-03,832256563
2020-06-CENSUS-0000016603,GSA_MIGRATION,2020,2021-01-03,882249703
2020-06-CENSUS-0000016603,GSA_MIGRATION,2020,2021-01-03,813640078
2020-06-CENSUS-0000147743,GSA_MIGRATION,2020,2021-05-31,522336126
2020-06-CENSUS-0000198401,GSA_MIGRATION,2020,2021-01-14,626000710
2020-06-CENSUS-0000198401,GSA_MIGRATION,2020,2021-01-14,621251850
2020-03-CENSUS-0000235407,GSA_MIGRATION,2020,2021-08-01,010632253
2020-12-CENSUS-0000063205,GSA_MIGRATION,2020,2021-08-01,521804060
2020-06-CENSUS-0000233291,GSA_MIGRATION,2020,2021-05-12,520591684
2020-06-CENSUS-0000233291,GSA_MIGRATION,2020,2021-05-12,520730225
2020-06-CENSUS-0000233291,GSA_MIGRATION,2020,2021-05-12,521162749
2020-06-CENSUS-0000233291,GSA_MIGRATION,2020,2021-05-12,521338141
2020-06-CENSUS-0000233291,GSA_MIGRATION,2020,2021-05-12,521277262
2020-06-CENSUS-0000018064,GSA_MIGRATION,2020,2021-07-13,131623978
2020-06-CENSUS-0000018064,GSA_MIGRATION,2020,2021-07-13,464395157
2020-12-CENSUS-0000230608,GSA_MIGRATION,2020,2021-08-10,271363792
2020-12-CENSUS-0000230608,GSA_MIGRATION,2020,2021-08-10,471752831
2019-12-CENSUS-0000187882,GSA_MIGRATION,2019,2021-01-28,270590395
2019-12-CENSUS-0000187664,GSA_MIGRATION,2019,2021-02-01,232703892
2019-12-CENSUS-0000187664,GSA_MIGRATION,2019,2021-02-01,232424443
2020-06-CENSUS-0000171428,GSA_MIGRATION,2020,2021-01-10,626000794
2020-06-CENSUS-0000171428,GSA_MIGRATION,2020,2021-01-10,626000796
2020-06-CENSUS-0000033619,GSA_MIGRATION,2020,2021-03-15,133599121
2020-06-CENSUS-0000171434,GSA_MIGRATION,2020,2021-02-08,626000827
2020-06-CENSUS-0000196655,GSA_MIGRATION,2020,2021-01-28,481253265
2020-06-CENSUS-0000002971,GSA_MIGRATION,2020,2021-01-27,043247739
2020-06-CENSUS-0000002971,GSA_MIGRATION,2020,2021-01-27,825141398
2020-06-CENSUS-0000227365,GSA_MIGRATION,2020,2021-03-25,473552821
2020-11-CENSUS-0000070325,GSA_MIGRATION,2020,2021-04-12,480977570
2020-12-CENSUS-0000246441,GSA_MIGRATION,2020,2021-07-01,593803314
2020-12-CENSUS-0000246441,GSA_MIGRATION,2020,2021-07-01,942995223
2020-12-CENSUS-0000246441,GSA_MIGRATION,2020,2021-07-01,943166350
2020-12-CENSUS-0000246441,GSA_MIGRATION,2020,2021-07-01,943148163
2020-12-CENSUS-0000246441,GSA_MIGRATION,2020,2021-07-01,943144296
2020-09-CENSUS-0000136078,GSA_MIGRATION,2020,2021-06-28,596011137
2020-06-CENSUS-0000090356,GSA_MIGRATION,2020,2021-01-12,980493767
2020-06-CENSUS-0000090356,GSA_MIGRATION,2020,2021-01-12,561182686
2020-12-CENSUS-0000214403,GSA_MIGRATION,2020,2021-05-17,580612274
2020-06-CENSUS-0000011852,GSA_MIGRATION,2020,2021-06-07,200363127
2020-06-CENSUS-0000011852,GSA_MIGRATION,2020,2021-06-07,362167095
2020-06-CENSUS-0000011852,GSA_MIGRATION,2020,2021-06-07,133838740
2020-06-CENSUS-0000196079,GSA_MIGRATION,2020,2021-09-20,203403700
2020-06-CENSUS-0000196079,GSA_MIGRATION,2020,2021-09-20,860262489
2020-09-CENSUS-0000136126,GSA_MIGRATION,2020,2021-04-15,596001804
2020-09-CENSUS-0000136126,GSA_MIGRATION,2020,2021-04-15,592895789
2020-09-CENSUS-0000136126,GSA_MIGRATION,2020,2021-04-15,592224299
2020-09-CENSUS-0000136126,GSA_MIGRATION,2020,2021-04-15,596000804
2020-09-CENSUS-0000002397,GSA_MIGRATION,2020,2021-06-07,042113278
2020-12-CENSUS-0000213623,GSA_MIGRATION,2020,2021-12-14,521442248
2020-12-CENSUS-0000224324,GSA_MIGRATION,2020,2021-05-20,391991269
2020-12-CENSUS-0000224324,GSA_MIGRATION,2020,2021-05-20,161640771
2020-12-CENSUS-0000224324,GSA_MIGRATION,2020,2021-05-20,391932103
2020-06-CENSUS-0000171489,GSA_MIGRATION,2020,2021-03-30,620874441
2020-06-CENSUS-0000171489,GSA_MIGRATION,2020,2021-03-30,621799150
2020-06-CENSUS-0000171489,GSA_MIGRATION,2020,2021-03-30,626000426
2020-09-CENSUS-0000228058,GSA_MIGRATION,2020,2021-12-21,590910342
2020-09-CENSUS-0000228058,GSA_MIGRATION,2020,2021-12-21,592447554
2020-09-CENSUS-0000228058,GSA_MIGRATION,2020,2021-12-21,650232993
2020-09-CENSUS-0000228058,GSA_MIGRATION,2020,2021-12-21,591006663
2020-09-CENSUS-0000228058,GSA_MIGRATION,2020,2021-12-21,590872594
2020-09-CENSUS-0000228058,GSA_MIGRATION,2020,2021-12-21,591987355
2020-09-CENSUS-0000228058,GSA_MIGRATION,2020,2021-12-21,522438452
2020-09-CENSUS-0000228058,GSA_MIGRATION,2020,2021-12-21,821682066
2020-09-CENSUS-0000228058,GSA_MIGRATION,2020,2021-12-21,043775926
2020-09-CENSUS-0000228058,GSA_MIGRATION,2020,2021-12-21,264190328
2020-09-CENSUS-0000228058,GSA_MIGRATION,2020,2021-12-21,205155995
2020-09-CENSUS-0000228058,GSA_MIGRATION,2020,2021-12-21,562290370
2020-09-CENSUS-0000228058,GSA_MIGRATION,2020,2021-12-21,201796841
2020-09-CENSUS-0000228058,GSA_MIGRATION,2020,2021-12-21,650561267
2020-09-CENSUS-0000228058,GSA_MIGRATION,2020,2021-12-21,471859521
2020-09-CENSUS-0000228058,GSA_MIGRATION,2020,2021-12-21,260886056
2020-09-CENSUS-0000228058,GSA_MIGRATION,2020,2021-12-21,592771779
2020-09-CENSUS-0000228058,GSA_MIGRATION,2020,2021-12-21,650663357
2020-09-CENSUS-0000228058,GSA_MIGRATION,2020,2021-12-21,260307415
2020-09-CENSUS-0000228058,GSA_MIGRATION,2020,2021-12-21,454302848
2020-09-CENSUS-0000228058,GSA_MIGRATION,2020,2021-12-21,650561263
2020-09-CENSUS-0000228058,GSA_MIGRATION,2020,2021-12-21,273597226
2020-09-CENSUS-0000228058,GSA_MIGRATION,2020,2021-12-21,650785294
2020-09-CENSUS-0000228058,GSA_MIGRATION,2020,2021-12-21,271591797
2020-06-CENSUS-0000171602,GSA_MIGRATION,2020,2021-03-31,620798646
2020-06-CENSUS-0000171602,GSA_MIGRATION,2020,2021-03-31,626000287
2020-06-CENSUS-0000171602,GSA_MIGRATION,2020,2021-03-31,620698753
2020-09-CENSUS-0000227838,GSA_MIGRATION,2020,2021-05-10,273526155
2020-12-CENSUS-0000203757,GSA_MIGRATION,2020,2021-10-25,231365978
2020-12-CENSUS-0000203757,GSA_MIGRATION,2020,2021-10-25,231857015
2020-12-CENSUS-0000203757,GSA_MIGRATION,2020,2021-10-25,232463233
2020-12-CENSUS-0000203757,GSA_MIGRATION,2020,2021-10-25,232837747
2020-12-CENSUS-0000203757,GSA_MIGRATION,2020,2021-10-25,260649129
2020-12-CENSUS-0000203757,GSA_MIGRATION,2020,2021-10-25,272352873
2020-12-CENSUS-0000203757,GSA_MIGRATION,2020,2021-10-25,465390969
2020-12-CENSUS-0000203757,GSA_MIGRATION,2020,2021-10-25,473819776
2020-12-CENSUS-0000203757,GSA_MIGRATION,2020,2021-10-25,812007592
2020-12-CENSUS-0000203757,GSA_MIGRATION,2020,2021-10-25,813032571
2020-12-CENSUS-0000203757,GSA_MIGRATION,2020,2021-10-25,814497693
2020-10-CENSUS-0000208896,GSA_MIGRATION,2020,2021-05-02,455021272
2020-10-CENSUS-0000208896,GSA_MIGRATION,2020,2021-05-02,411707215
2020-10-CENSUS-0000208896,GSA_MIGRATION,2020,2021-05-02,680130988
2020-10-CENSUS-0000208896,GSA_MIGRATION,2020,2021-05-02,680157498
2020-10-CENSUS-0000208896,GSA_MIGRATION,2020,2021-05-02,943325617
2020-10-CENSUS-0000208896,GSA_MIGRATION,2020,2021-05-02,383901134
2020-10-CENSUS-0000208896,GSA_MIGRATION,2020,2021-05-02,942916437
2020-10-CENSUS-0000208896,GSA_MIGRATION,2020,2021-05-02,943325614
2020-10-CENSUS-0000208896,GSA_MIGRATION,2020,2021-05-02,680380418
2020-10-CENSUS-0000208896,GSA_MIGRATION,2020,2021-05-02,320404142
2020-10-CENSUS-0000208896,GSA_MIGRATION,2020,2021-05-02,521419251
2020-10-CENSUS-0000208896,GSA_MIGRATION,2020,2021-05-02,680112019
2020-10-CENSUS-0000208896,GSA_MIGRATION,2020,2021-05-02,800905173
2020-10-CENSUS-0000208896,GSA_MIGRATION,2020,2021-05-02,943287536
2020-10-CENSUS-0000208896,GSA_MIGRATION,2020,2021-05-02,943325619
2020-10-CENSUS-0000208896,GSA_MIGRATION,2020,2021-05-02,943365590
2020-12-CENSUS-0000084668,GSA_MIGRATION,2020,2021-06-21,582479523
2020-12-CENSUS-0000084668,GSA_MIGRATION,2020,2021-06-21,822266076
2020-12-CENSUS-0000084668,GSA_MIGRATION,2020,2021-06-21,842247928
2020-09-CENSUS-0000136106,GSA_MIGRATION,2020,2021-06-29,596000682
2020-09-CENSUS-0000136106,GSA_MIGRATION,2020,2021-06-29,596000683
2020-12-CENSUS-0000171357,GSA_MIGRATION,2020,2021-09-21,460365317
2020-07-CENSUS-0000230232,GSA_MIGRATION,2020,2021-01-25,262346277
2020-12-CENSUS-0000202944,GSA_MIGRATION,2020,2021-07-18,411534409
2020-12-CENSUS-0000202944,GSA_MIGRATION,2020,2021-07-18,416004927
2020-12-CENSUS-0000202944,GSA_MIGRATION,2020,2021-07-18,416004928
2020-06-CENSUS-0000198800,GSA_MIGRATION,2020,2021-09-21,720408982
2020-06-CENSUS-0000198800,GSA_MIGRATION,2020,2021-09-21,720408984
2020-06-CENSUS-0000198800,GSA_MIGRATION,2020,2021-09-21,720411322
2020-06-CENSUS-0000198800,GSA_MIGRATION,2020,2021-09-21,741109665
2020-06-CENSUS-0000198800,GSA_MIGRATION,2020,2021-09-21,741109836
2020-06-CENSUS-0000198800,GSA_MIGRATION,2020,2021-09-21,741906005
2020-06-CENSUS-0000198800,GSA_MIGRATION,2020,2021-09-21,742806531
2020-06-CENSUS-0000198800,GSA_MIGRATION,2020,2021-09-21,752027157
2020-06-CENSUS-0000198800,GSA_MIGRATION,2020,2021-09-21,752616975
2020-06-CENSUS-0000198800,GSA_MIGRATION,2020,2021-09-21,752796815
2020-06-CENSUS-0000198800,GSA_MIGRATION,2020,2021-09-21,760591590
2020-06-CENSUS-0000198800,GSA_MIGRATION,2020,2021-09-21,850106941
2020-06-CENSUS-0000176040,GSA_MIGRATION,2020,2021-01-18,541366625
2020-06-CENSUS-0000176040,GSA_MIGRATION,2020,2021-01-18,546001148
2020-06-CENSUS-0000176040,GSA_MIGRATION,2020,2021-01-18,546001150
2020-06-CENSUS-0000143605,GSA_MIGRATION,2020,2021-12-06,426004522
2020-06-CENSUS-0000143605,GSA_MIGRATION,2020,2021-12-06,800871095
2020-06-CENSUS-0000143605,GSA_MIGRATION,2020,2021-12-06,426004517
2020-06-CENSUS-0000143605,GSA_MIGRATION,2020,2021-12-06,420897561
2020-06-CENSUS-0000143605,GSA_MIGRATION,2020,2021-12-06,426004539
2020-06-CENSUS-0000143605,GSA_MIGRATION,2020,2021-12-06,420935813
2020-06-CENSUS-0000143605,GSA_MIGRATION,2020,2021-12-06,391256075
2020-06-CENSUS-0000143605,GSA_MIGRATION,2020,2021-12-06,421182204
2020-06-CENSUS-0000143605,GSA_MIGRATION,2020,2021-12-06,421186506
2020-06-CENSUS-0000143605,GSA_MIGRATION,2020,2021-12-06,426004505
2020-06-CENSUS-0000143605,GSA_MIGRATION,2020,2021-12-06,421518854
2020-06-CENSUS-0000143605,GSA_MIGRATION,2020,2021-12-06,426004812
2020-06-CENSUS-0000143605,GSA_MIGRATION,2020,2021-12-06,100606429
2020-06-CENSUS-0000143605,GSA_MIGRATION,2020,2021-12-06,426004525
2020-06-CENSUS-0000143605,GSA_MIGRATION,2020,2021-12-06,900743434
2020-06-CENSUS-0000143605,GSA_MIGRATION,2020,2021-12-06,426004582
2020-06-CENSUS-0000143605,GSA_MIGRATION,2020,2021-12-06,900491825
2020-06-CENSUS-0000143605,GSA_MIGRATION,2020,2021-12-06,421008566
2020-06-CENSUS-0000143605,GSA_MIGRATION,2020,2021-12-06,420922943
2020-06-CENSUS-0000143605,GSA_MIGRATION,2020,2021-12-06,426004546
2020-06-CENSUS-0000143605,GSA_MIGRATION,2020,2021-12-06,420919127
2020-06-CENSUS-0000143605,GSA_MIGRATION,2020,2021-12-06,426004568
2020-06-CENSUS-0000143605,GSA_MIGRATION,2020,2021-12-06,426004555
2020-06-CENSUS-0000143605,GSA_MIGRATION,2020,2021-12-06,426004575
2020-06-CENSUS-0000143605,GSA_MIGRATION,2020,2021-12-06,426004572
2020-06-CENSUS-0000143605,GSA_MIGRATION,2020,2021-12-06,426004501
2020-06-CENSUS-0000143605,GSA_MIGRATION,2020,2021-12-06,426038004
2020-06-CENSUS-0000143605,GSA_MIGRATION,2020,2021-12-06,426004523
2020-06-CENSUS-0000143605,GSA_MIGRATION,2020,2021-12-06,426004563
2020-06-CENSUS-0000143605,GSA_MIGRATION,2020,2021-12-06,426005306
2020-06-CENSUS-0000143605,GSA_MIGRATION,2020,2021-12-06,426004813
2020-06-CENSUS-0000143605,GSA_MIGRATION,2020,2021-12-06,426004224
2020-06-CENSUS-0000143605,GSA_MIGRATION,2020,2021-12-06,426064333
2020-06-CENSUS-0000143605,GSA_MIGRATION,2020,2021-12-06,426004567
2020-06-CENSUS-0000143605,GSA_MIGRATION,2020,2021-12-06,426004471
2020-06-CENSUS-0000143605,GSA_MIGRATION,2020,2021-12-06,426004226
2020-06-CENSUS-0000143605,GSA_MIGRATION,2020,2021-12-06,426004579
2020-06-CENSUS-0000143605,GSA_MIGRATION,2020,2021-12-06,646004226
2020-06-CENSUS-0000143605,GSA_MIGRATION,2020,2021-12-06,113808504
2020-06-CENSUS-0000025418,GSA_MIGRATION,2020,2021-08-26,232384282
2020-06-CENSUS-0000025418,GSA_MIGRATION,2020,2021-08-26,231352203
2020-06-CENSUS-0000025418,GSA_MIGRATION,2020,2021-08-26,251550350
2020-06-CENSUS-0000025418,GSA_MIGRATION,2020,2021-08-26,221494454
2020-06-CENSUS-0000025418,GSA_MIGRATION,2020,2021-08-26,240795497
2020-06-CENSUS-0000025418,GSA_MIGRATION,2020,2021-08-26,232380812
2020-06-CENSUS-0000025418,GSA_MIGRATION,2020,2021-08-26,232179542
2020-06-CENSUS-0000025418,GSA_MIGRATION,2020,2021-08-26,454394739
2020-06-CENSUS-0000025418,GSA_MIGRATION,2020,2021-08-26,465143606
2020-06-CENSUS-0000025418,GSA_MIGRATION,2020,2021-08-26,240795436
2020-06-CENSUS-0000025418,GSA_MIGRATION,2020,2021-08-26,231352208
2020-06-CENSUS-0000074321,GSA_MIGRATION,2020,2021-06-29,521864119
2020-06-CENSUS-0000074321,GSA_MIGRATION,2020,2021-06-29,521731155
2020-06-CENSUS-0000074321,GSA_MIGRATION,2020,2021-06-29,521959450
2020-12-CENSUS-0000234600,GSA_MIGRATION,2020,2021-12-16,431329201
2020-12-CENSUS-0000234600,GSA_MIGRATION,2020,2021-12-16,431834356
2020-09-CENSUS-0000207008,GSA_MIGRATION,2020,2021-12-14,560529994
2020-08-CENSUS-0000207913,GSA_MIGRATION,2020,2021-11-29,112443501
2020-08-CENSUS-0000207913,GSA_MIGRATION,2020,2021-11-29,112827308
2020-06-CENSUS-0000212942,GSA_MIGRATION,2020,2021-03-24,710389752
2020-06-CENSUS-0000212942,GSA_MIGRATION,2020,2021-03-24,710392370
2020-06-CENSUS-0000212942,GSA_MIGRATION,2020,2021-03-24,710394794
2020-06-CENSUS-0000212942,GSA_MIGRATION,2020,2021-03-24,710397783
2020-06-CENSUS-0000212942,GSA_MIGRATION,2020,2021-03-24,710400038
2020-06-CENSUS-0000212942,GSA_MIGRATION,2020,2021-03-24,710411511
2020-06-CENSUS-0000212942,GSA_MIGRATION,2020,2021-03-24,710411512
2020-06-CENSUS-0000212942,GSA_MIGRATION,2020,2021-03-24,710416918
2020-06-CENSUS-0000212942,GSA_MIGRATION,2020,2021-03-24,710421333
2020-06-CENSUS-0000212942,GSA_MIGRATION,2020,2021-03-24,710422536
2020-06-CENSUS-0000212942,GSA_MIGRATION,2020,2021-03-24,710443460
2020-06-CENSUS-0000212942,GSA_MIGRATION,2020,2021-03-24,710444027
2020-06-CENSUS-0000212942,GSA_MIGRATION,2020,2021-03-24,710445211
2020-06-CENSUS-0000212942,GSA_MIGRATION,2020,2021-03-24,710445264
2020-06-CENSUS-0000212942,GSA_MIGRATION,2020,2021-03-24,710445507
2020-06-CENSUS-0000212942,GSA_MIGRATION,2020,2021-03-24,710450242
2020-06-CENSUS-0000212942,GSA_MIGRATION,2020,2021-03-24,710451862
2020-06-CENSUS-0000212942,GSA_MIGRATION,2020,2021-03-24,710460696
2020-06-CENSUS-0000212942,GSA_MIGRATION,2020,2021-03-24,710463305
2020-06-CENSUS-0000212942,GSA_MIGRATION,2020,2021-03-24,710497135
2020-06-CENSUS-0000212942,GSA_MIGRATION,2020,2021-03-24,710503641
2020-06-CENSUS-0000212942,GSA_MIGRATION,2020,2021-03-24,710533838
2020-06-CENSUS-0000212942,GSA_MIGRATION,2020,2021-03-24,710546049
2020-06-CENSUS-0000212942,GSA_MIGRATION,2020,2021-03-24,710546952
2020-06-CENSUS-0000212942,GSA_MIGRATION,2020,2021-03-24,710582119
2020-06-CENSUS-0000212942,GSA_MIGRATION,2020,2021-03-24,710685540
2020-06-CENSUS-0000212942,GSA_MIGRATION,2020,2021-03-24,710718948
2020-06-CENSUS-0000171372,GSA_MIGRATION,2020,2021-02-21,626000536
2020-06-CENSUS-0000171372,GSA_MIGRATION,2020,2021-02-21,620809035
2020-06-CENSUS-0000146614,GSA_MIGRATION,2020,2021-01-25,621287668
2020-06-CENSUS-0000146614,GSA_MIGRATION,2020,2021-01-25,611052311
2020-06-CENSUS-0000146614,GSA_MIGRATION,2020,2021-01-25,311148265
2020-06-CENSUS-0000109675,GSA_MIGRATION,2020,2021-06-29,742377026
2020-06-CENSUS-0000109675,GSA_MIGRATION,2020,2021-06-29,840830318
2020-06-CENSUS-0000109675,GSA_MIGRATION,2020,2021-06-29,840848655
2020-06-CENSUS-0000109675,GSA_MIGRATION,2020,2021-06-29,840853629
2020-06-CENSUS-0000109675,GSA_MIGRATION,2020,2021-06-29,841059678
2020-12-CENSUS-0000224492,GSA_MIGRATION,2020,2021-06-20,410909997
2020-06-CENSUS-0000183782,GSA_MIGRATION,2020,2021-06-16,232362611
2020-06-CENSUS-0000183782,GSA_MIGRATION,2020,2021-06-16,251662862
2020-06-CENSUS-0000183782,GSA_MIGRATION,2020,2021-06-16,113666054
2020-06-CENSUS-0000212942,GSA_MIGRATION,2020,2021-03-24,710847446
2020-06-CENSUS-0000212942,GSA_MIGRATION,2020,2021-03-24,710847743
2020-06-CENSUS-0000212942,GSA_MIGRATION,2020,2021-03-24,710855933
2020-06-CENSUS-0000212942,GSA_MIGRATION,2020,2021-03-24,716000286
2020-06-CENSUS-0000212942,GSA_MIGRATION,2020,2021-03-24,716000556
2020-06-CENSUS-0000212942,GSA_MIGRATION,2020,2021-03-24,716001828
2020-06-CENSUS-0000212942,GSA_MIGRATION,2020,2021-03-24,716003252
2020-06-CENSUS-0000212942,GSA_MIGRATION,2020,2021-03-24,716006164
2020-06-CENSUS-0000212942,GSA_MIGRATION,2020,2021-03-24,716006449
2020-06-CENSUS-0000212942,GSA_MIGRATION,2020,2021-03-24,716006567
2020-06-CENSUS-0000212942,GSA_MIGRATION,2020,2021-03-24,716006690
2020-06-CENSUS-0000212942,GSA_MIGRATION,2020,2021-03-24,716006766
2020-06-CENSUS-0000212942,GSA_MIGRATION,2020,2021-03-24,716006844
2020-06-CENSUS-0000212942,GSA_MIGRATION,2020,2021-03-24,716007041
2020-06-CENSUS-0000212942,GSA_MIGRATION,2020,2021-03-24,716007197
2020-06-CENSUS-0000212942,GSA_MIGRATION,2020,2021-03-24,716007356
2020-06-CENSUS-0000212942,GSA_MIGRATION,2020,2021-03-24,716007358
2020-06-CENSUS-0000212942,GSA_MIGRATION,2020,2021-03-24,716007389
2020-06-CENSUS-0000212942,GSA_MIGRATION,2020,2021-03-24,716007749
2020-06-CENSUS-0000212942,GSA_MIGRATION,2020,2021-03-24,716008509
2020-06-CENSUS-0000212942,GSA_MIGRATION,2020,2021-03-24,716010030
2020-06-CENSUS-0000212942,GSA_MIGRATION,2020,2021-03-24,716014466
2020-06-CENSUS-0000212942,GSA_MIGRATION,2020,2021-03-24,716014834
2020-06-CENSUS-0000212942,GSA_MIGRATION,2020,2021-03-24,716018771
2020-06-CENSUS-0000212942,GSA_MIGRATION,2020,2021-03-24,716020143
2020-06-CENSUS-0000212942,GSA_MIGRATION,2020,2021-03-24,716043654
2020-06-CENSUS-0000212942,GSA_MIGRATION,2020,2021-03-24,716043948
2020-06-CENSUS-0000212942,GSA_MIGRATION,2020,2021-03-24,716046242
2020-06-CENSUS-0000212942,GSA_MIGRATION,2020,2021-03-24,716047504
2020-06-CENSUS-0000212942,GSA_MIGRATION,2020,2021-03-24,743106656
2020-06-CENSUS-0000212942,GSA_MIGRATION,2020,2021-03-24,824868699
2020-12-CENSUS-0000074643,GSA_MIGRATION,2020,2021-07-19,520192004
2020-12-CENSUS-0000074643,GSA_MIGRATION,2020,2021-07-19,521662186
2020-06-CENSUS-0000176064,GSA_MIGRATION,2020,2021-03-22,546001307
2020-06-CENSUS-0000176064,GSA_MIGRATION,2020,2021-03-22,546001303
2020-09-CENSUS-0000136093,GSA_MIGRATION,2020,2021-06-17,591722611
2020-09-CENSUS-0000136093,GSA_MIGRATION,2020,2021-06-17,596002348
2020-09-CENSUS-0000136110,GSA_MIGRATION,2020,2021-05-09,650717520
2020-09-CENSUS-0000136110,GSA_MIGRATION,2020,2021-05-09,596000705
2020-09-CENSUS-0000136110,GSA_MIGRATION,2020,2021-05-09,596000703
2020-12-CENSUS-0000216178,GSA_MIGRATION,2020,2021-05-10,942802034
2020-06-CENSUS-0000156501,GSA_MIGRATION,2020,2021-05-12,237262698
2020-06-CENSUS-0000114556,GSA_MIGRATION,2020,2021-03-22,203602821
2020-06-CENSUS-0000114556,GSA_MIGRATION,2020,2021-03-22,911259337
2020-06-CENSUS-0000114556,GSA_MIGRATION,2020,2021-03-22,911253391
2020-06-CENSUS-0000114556,GSA_MIGRATION,2020,2021-03-22,203602705
2020-06-CENSUS-0000114556,GSA_MIGRATION,2020,2021-03-22,943043495
2020-06-CENSUS-0000197242,GSA_MIGRATION,2020,2021-03-04,620790499
2020-06-CENSUS-0000081362,GSA_MIGRATION,2020,2021-06-05,562070036
2020-06-CENSUS-0000081362,GSA_MIGRATION,2020,2021-06-05,833076664
2020-08-CENSUS-0000171944,GSA_MIGRATION,2020,2021-03-17,742059614
2020-08-CENSUS-0000171944,GSA_MIGRATION,2020,2021-03-17,742125225
2020-08-CENSUS-0000171944,GSA_MIGRATION,2020,2021-03-17,742195206
2020-08-CENSUS-0000171944,GSA_MIGRATION,2020,2021-03-17,742195210
2020-08-CENSUS-0000171944,GSA_MIGRATION,2020,2021-03-17,742225691
2020-08-CENSUS-0000171944,GSA_MIGRATION,2020,2021-03-17,742270624
2020-08-CENSUS-0000171944,GSA_MIGRATION,2020,2021-03-17,742270626
2020-08-CENSUS-0000171944,GSA_MIGRATION,2020,2021-03-17,742290475
2020-08-CENSUS-0000171944,GSA_MIGRATION,2020,2021-03-17,742293399
2020-08-CENSUS-0000171944,GSA_MIGRATION,2020,2021-03-17,742311576
2020-08-CENSUS-0000171944,GSA_MIGRATION,2020,2021-03-17,742354858
2020-08-CENSUS-0000171944,GSA_MIGRATION,2020,2021-03-17,742378168
2020-08-CENSUS-0000171944,GSA_MIGRATION,2020,2021-03-17,742434011
2020-08-CENSUS-0000171944,GSA_MIGRATION,2020,2021-03-17,742495505
2020-08-CENSUS-0000171944,GSA_MIGRATION,2020,2021-03-17,742519313
2020-08-CENSUS-0000171944,GSA_MIGRATION,2020,2021-03-17,742610542
2020-08-CENSUS-0000171944,GSA_MIGRATION,2020,2021-03-17,742638006
2020-08-CENSUS-0000171944,GSA_MIGRATION,2020,2021-03-17,742639167
2020-08-CENSUS-0000171944,GSA_MIGRATION,2020,2021-03-17,742648747
2020-08-CENSUS-0000171944,GSA_MIGRATION,2020,2021-03-17,742677375
2020-08-CENSUS-0000171944,GSA_MIGRATION,2020,2021-03-17,742715016
2020-08-CENSUS-0000171944,GSA_MIGRATION,2020,2021-03-17,742759269
2020-08-CENSUS-0000171944,GSA_MIGRATION,2020,2021-03-17,742764775
2020-08-CENSUS-0000171944,GSA_MIGRATION,2020,2021-03-17,742785637
2020-08-CENSUS-0000171944,GSA_MIGRATION,2020,2021-03-17,742843306
2020-06-CENSUS-0000171395,GSA_MIGRATION,2020,2021-02-16,621062445
2020-06-CENSUS-0000171395,GSA_MIGRATION,2020,2021-02-16,620757264
2020-06-CENSUS-0000171395,GSA_MIGRATION,2020,2021-02-16,626000653
2020-06-CENSUS-0000171395,GSA_MIGRATION,2020,2021-02-16,621406241
2020-06-CENSUS-0000171374,GSA_MIGRATION,2020,2021-02-24,621430290
2020-06-CENSUS-0000171374,GSA_MIGRATION,2020,2021-02-24,626000539
2020-06-CENSUS-0000171374,GSA_MIGRATION,2020,2021-02-24,626000540
2020-06-CENSUS-0000176113,GSA_MIGRATION,2020,2021-03-09,546001602
2020-06-CENSUS-0000176113,GSA_MIGRATION,2020,2021-03-09,546001605
2020-06-CENSUS-0000176104,GSA_MIGRATION,2020,2021-03-24,546001533
2020-09-CENSUS-0000152450,GSA_MIGRATION,2020,2021-03-03,646000897
2020-06-CENSUS-0000237887,GSA_MIGRATION,2020,2021-06-30,770447575
2020-06-CENSUS-0000237887,GSA_MIGRATION,2020,2021-06-30,953818027
2020-06-CENSUS-0000237887,GSA_MIGRATION,2020,2021-06-30,203256066
2020-06-CENSUS-0000237887,GSA_MIGRATION,2020,2021-06-30,203256125
2020-06-CENSUS-0000237887,GSA_MIGRATION,2020,2021-06-30,951643373
2020-06-CENSUS-0000237887,GSA_MIGRATION,2020,2021-06-30,237440086
2020-06-CENSUS-0000237887,GSA_MIGRATION,2020,2021-06-30,202865781
2020-06-CENSUS-0000237887,GSA_MIGRATION,2020,2021-06-30,942941245
2020-06-CENSUS-0000237887,GSA_MIGRATION,2020,2021-06-30,742418514
2020-06-CENSUS-0000237887,GSA_MIGRATION,2020,2021-06-30,880349432
2020-06-CENSUS-0000244276,GSA_MIGRATION,2020,2021-01-07,203212866
2020-12-CENSUS-0000110019,GSA_MIGRATION,2020,2021-05-12,841322816
2020-06-CENSUS-0000120533,GSA_MIGRATION,2020,2021-07-27,472485534
2020-12-CENSUS-0000048623,GSA_MIGRATION,2020,2021-06-19,900489809
2020-06-CENSUS-0000181661,GSA_MIGRATION,2020,2021-03-30,561636462
2020-06-CENSUS-0000181661,GSA_MIGRATION,2020,2021-03-30,561850485
2020-06-CENSUS-0000181661,GSA_MIGRATION,2020,2021-03-30,566002606
2020-06-CENSUS-0000181661,GSA_MIGRATION,2020,2021-03-30,566052379
2020-06-CENSUS-0000181661,GSA_MIGRATION,2020,2021-03-30,560893801
2020-06-CENSUS-0000181661,GSA_MIGRATION,2020,2021-03-30,560792170
2020-06-CENSUS-0000181661,GSA_MIGRATION,2020,2021-03-30,560894923
2020-06-CENSUS-0000181661,GSA_MIGRATION,2020,2021-03-30,560894927
2020-06-CENSUS-0000181661,GSA_MIGRATION,2020,2021-03-30,560941830
2020-06-CENSUS-0000181661,GSA_MIGRATION,2020,2021-03-30,561255943
2020-06-CENSUS-0000181661,GSA_MIGRATION,2020,2021-03-30,560817481
2020-06-CENSUS-0000181661,GSA_MIGRATION,2020,2021-03-30,560792881
2020-06-CENSUS-0000181661,GSA_MIGRATION,2020,2021-03-30,560894932
2020-06-CENSUS-0000181661,GSA_MIGRATION,2020,2021-03-30,560792028
2020-06-CENSUS-0000181661,GSA_MIGRATION,2020,2021-03-30,560794261
2020-06-CENSUS-0000181661,GSA_MIGRATION,2020,2021-03-30,560797174
2020-06-CENSUS-0000181661,GSA_MIGRATION,2020,2021-03-30,560848556
2020-06-CENSUS-0000181661,GSA_MIGRATION,2020,2021-03-30,560851326
2020-06-CENSUS-0000181661,GSA_MIGRATION,2020,2021-03-30,566024012
2020-06-CENSUS-0000181661,GSA_MIGRATION,2020,2021-03-30,560893718
2020-06-CENSUS-0000181661,GSA_MIGRATION,2020,2021-03-30,560792247
2020-06-CENSUS-0000181661,GSA_MIGRATION,2020,2021-03-30,560792513
2020-06-CENSUS-0000181661,GSA_MIGRATION,2020,2021-03-30,560897301
2020-06-CENSUS-0000181661,GSA_MIGRATION,2020,2021-03-30,560791849
2020-06-CENSUS-0000181661,GSA_MIGRATION,2020,2021-03-30,560792614
2020-06-CENSUS-0000181661,GSA_MIGRATION,2020,2021-03-30,560792292
2020-06-CENSUS-0000181661,GSA_MIGRATION,2020,2021-03-30,560792519
2020-06-CENSUS-0000181661,GSA_MIGRATION,2020,2021-03-30,560896018
2020-06-CENSUS-0000181661,GSA_MIGRATION,2020,2021-03-30,560894341
2020-06-CENSUS-0000181661,GSA_MIGRATION,2020,2021-03-30,560841505
2020-06-CENSUS-0000181661,GSA_MIGRATION,2020,2021-03-30,560892755
2020-06-CENSUS-0000181661,GSA_MIGRATION,2020,2021-03-30,560937578
2020-06-CENSUS-0000181661,GSA_MIGRATION,2020,2021-03-30,560753025
2020-06-CENSUS-0000181661,GSA_MIGRATION,2020,2021-03-30,560895914
2020-06-CENSUS-0000181661,GSA_MIGRATION,2020,2021-03-30,560990134
2020-06-CENSUS-0000181661,GSA_MIGRATION,2020,2021-03-30,560991668
2020-06-CENSUS-0000181661,GSA_MIGRATION,2020,2021-03-30,561048429
2020-06-CENSUS-0000181661,GSA_MIGRATION,2020,2021-03-30,560895349
2020-06-CENSUS-0000181661,GSA_MIGRATION,2020,2021-03-30,560895794
2020-06-CENSUS-0000181661,GSA_MIGRATION,2020,2021-03-30,560894229
2020-06-CENSUS-0000181661,GSA_MIGRATION,2020,2021-03-30,560990351
2020-06-CENSUS-0000181661,GSA_MIGRATION,2020,2021-03-30,560793335
2020-06-CENSUS-0000181661,GSA_MIGRATION,2020,2021-03-30,560793680
2020-06-CENSUS-0000181661,GSA_MIGRATION,2020,2021-03-30,560818376
2020-06-CENSUS-0000181661,GSA_MIGRATION,2020,2021-03-30,560891591
2020-06-CENSUS-0000181661,GSA_MIGRATION,2020,2021-03-30,560894344
2020-06-CENSUS-0000181661,GSA_MIGRATION,2020,2021-03-30,560812577
2020-06-CENSUS-0000181661,GSA_MIGRATION,2020,2021-03-30,560792333
2020-06-CENSUS-0000181661,GSA_MIGRATION,2020,2021-03-30,560898811
2020-06-CENSUS-0000181661,GSA_MIGRATION,2020,2021-03-30,560797051
2020-06-CENSUS-0000181661,GSA_MIGRATION,2020,2021-03-30,560815200
2020-06-CENSUS-0000181661,GSA_MIGRATION,2020,2021-03-30,560894556
2020-06-CENSUS-0000181661,GSA_MIGRATION,2020,2021-03-30,560994111
2020-06-CENSUS-0000181661,GSA_MIGRATION,2020,2021-03-30,560841532
2020-06-CENSUS-0000181661,GSA_MIGRATION,2020,2021-03-30,560896010
2020-06-CENSUS-0000181661,GSA_MIGRATION,2020,2021-03-30,560937968
2020-06-CENSUS-0000181661,GSA_MIGRATION,2020,2021-03-30,560792775
2020-06-CENSUS-0000181661,GSA_MIGRATION,2020,2021-03-30,560792849
2020-06-CENSUS-0000181661,GSA_MIGRATION,2020,2021-03-30,560816544
2020-06-CENSUS-0000181661,GSA_MIGRATION,2020,2021-03-30,560846669
2020-06-CENSUS-0000181661,GSA_MIGRATION,2020,2021-03-30,566052568
2020-06-CENSUS-0000181661,GSA_MIGRATION,2020,2021-03-30,566172047
2020-06-CENSUS-0000181661,GSA_MIGRATION,2020,2021-03-30,566001393
2020-06-CENSUS-0000181661,GSA_MIGRATION,2020,2021-03-30,566000756
2020-06-CENSUS-0000181661,GSA_MIGRATION,2020,2021-03-30,566001468
2020-06-CENSUS-0000181661,GSA_MIGRATION,2020,2021-03-30,560791228
2020-06-CENSUS-0000181661,GSA_MIGRATION,2020,2021-03-30,566002370
2020-06-CENSUS-0000181661,GSA_MIGRATION,2020,2021-03-30,561258660
2020-06-CENSUS-0000181661,GSA_MIGRATION,2020,2021-03-30,566000403
2020-06-CENSUS-0000181661,GSA_MIGRATION,2020,2021-03-30,566000007
2020-06-CENSUS-0000181661,GSA_MIGRATION,2020,2021-03-30,566001440
2020-06-CENSUS-0000181661,GSA_MIGRATION,2020,2021-03-30,561176030
2020-12-CENSUS-0000202838,GSA_MIGRATION,2020,2021-06-07,416005413
2020-12-CENSUS-0000246078,GSA_MIGRATION,2020,2021-09-29,260558544
2020-12-CENSUS-0000246078,GSA_MIGRATION,2020,2021-09-29,823088737
2020-12-CENSUS-0000246078,GSA_MIGRATION,2020,2021-09-29,200914522
2020-06-CENSUS-0000187503,GSA_MIGRATION,2020,2021-03-08,426005333
2020-06-CENSUS-0000187503,GSA_MIGRATION,2020,2021-03-08,311252095
2020-12-CENSUS-0000217653,GSA_MIGRATION,2020,2021-06-07,134306253
2020-12-CENSUS-0000217653,GSA_MIGRATION,2020,2021-06-07,201302300
2020-12-CENSUS-0000217653,GSA_MIGRATION,2020,2021-06-07,201302341
2020-12-CENSUS-0000217653,GSA_MIGRATION,2020,2021-06-07,201354783
2020-12-CENSUS-0000217653,GSA_MIGRATION,2020,2021-06-07,201354815
2020-12-CENSUS-0000217653,GSA_MIGRATION,2020,2021-06-07,201354842
2020-12-CENSUS-0000217653,GSA_MIGRATION,2020,2021-06-07,201354866
2020-12-CENSUS-0000217653,GSA_MIGRATION,2020,2021-06-07,201354900
2020-12-CENSUS-0000217653,GSA_MIGRATION,2020,2021-06-07,201354925
2020-12-CENSUS-0000217653,GSA_MIGRATION,2020,2021-06-07,201354943
2020-12-CENSUS-0000217653,GSA_MIGRATION,2020,2021-06-07,201354966
2020-12-CENSUS-0000217653,GSA_MIGRATION,2020,2021-06-07,201354996
2020-12-CENSUS-0000217653,GSA_MIGRATION,2020,2021-06-07,201355025
2020-12-CENSUS-0000217653,GSA_MIGRATION,2020,2021-06-07,201355043
2020-12-CENSUS-0000217653,GSA_MIGRATION,2020,2021-06-07,201775147
2020-12-CENSUS-0000217653,GSA_MIGRATION,2020,2021-06-07,201799492
2020-12-CENSUS-0000217653,GSA_MIGRATION,2020,2021-06-07,201799512
2020-12-CENSUS-0000217653,GSA_MIGRATION,2020,2021-06-07,201824819
2020-12-CENSUS-0000217653,GSA_MIGRATION,2020,2021-06-07,201824842
2020-12-CENSUS-0000217653,GSA_MIGRATION,2020,2021-06-07,201961908
2020-12-CENSUS-0000217653,GSA_MIGRATION,2020,2021-06-07,202626693
2020-12-CENSUS-0000217653,GSA_MIGRATION,2020,2021-06-07,202626756
2020-12-CENSUS-0000217653,GSA_MIGRATION,2020,2021-06-07,202675576
2020-12-CENSUS-0000217653,GSA_MIGRATION,2020,2021-06-07,202807133
2020-12-CENSUS-0000217653,GSA_MIGRATION,2020,2021-06-07,202809665
2020-12-CENSUS-0000217653,GSA_MIGRATION,2020,2021-06-07,205725256
2020-12-CENSUS-0000217653,GSA_MIGRATION,2020,2021-06-07,205834554
2020-12-CENSUS-0000217653,GSA_MIGRATION,2020,2021-06-07,205834618
2020-12-CENSUS-0000217653,GSA_MIGRATION,2020,2021-06-07,205834691
2020-12-CENSUS-0000217653,GSA_MIGRATION,2020,2021-06-07,208544183
2020-12-CENSUS-0000217653,GSA_MIGRATION,2020,2021-06-07,237302131
2020-12-CENSUS-0000217653,GSA_MIGRATION,2020,2021-06-07,260211139
2020-12-CENSUS-0000217653,GSA_MIGRATION,2020,2021-06-07,260725134
2020-12-CENSUS-0000217653,GSA_MIGRATION,2020,2021-06-07,262731197
2020-12-CENSUS-0000217653,GSA_MIGRATION,2020,2021-06-07,262755834
2020-12-CENSUS-0000217653,GSA_MIGRATION,2020,2021-06-07,262755908
2020-12-CENSUS-0000217653,GSA_MIGRATION,2020,2021-06-07,262755947
2020-12-CENSUS-0000217653,GSA_MIGRATION,2020,2021-06-07,262896203
2020-12-CENSUS-0000217653,GSA_MIGRATION,2020,2021-06-07,262896253
2020-12-CENSUS-0000217653,GSA_MIGRATION,2020,2021-06-07,263692381
2020-12-CENSUS-0000217653,GSA_MIGRATION,2020,2021-06-07,263928392
2020-12-CENSUS-0000217653,GSA_MIGRATION,2020,2021-06-07,263928399
2020-12-CENSUS-0000217653,GSA_MIGRATION,2020,2021-06-07,263928408
2020-12-CENSUS-0000217653,GSA_MIGRATION,2020,2021-06-07,264233897
2020-12-CENSUS-0000217653,GSA_MIGRATION,2020,2021-06-07,270650527
2020-12-CENSUS-0000217653,GSA_MIGRATION,2020,2021-06-07,271338397
2020-12-CENSUS-0000217653,GSA_MIGRATION,2020,2021-06-07,272026972
2020-12-CENSUS-0000217653,GSA_MIGRATION,2020,2021-06-07,272377250
2020-12-CENSUS-0000217653,GSA_MIGRATION,2020,2021-06-07,300144796
2020-12-CENSUS-0000217653,GSA_MIGRATION,2020,2021-06-07,300144797
2020-12-CENSUS-0000217653,GSA_MIGRATION,2020,2021-06-07,301090590
2020-12-CENSUS-0000217653,GSA_MIGRATION,2020,2021-06-07,300144792
2020-12-CENSUS-0000217653,GSA_MIGRATION,2020,2021-06-07,300144793
2020-12-CENSUS-0000217653,GSA_MIGRATION,2020,2021-06-07,320465924
2020-12-CENSUS-0000217653,GSA_MIGRATION,2020,2021-06-07,352484314
2020-12-CENSUS-0000217653,GSA_MIGRATION,2020,2021-06-07,371859936
2020-12-CENSUS-0000217653,GSA_MIGRATION,2020,2021-06-07,371902268
2020-12-CENSUS-0000217653,GSA_MIGRATION,2020,2021-06-07,383970987
2020-12-CENSUS-0000217653,GSA_MIGRATION,2020,2021-06-07,391877014
2020-12-CENSUS-0000217653,GSA_MIGRATION,2020,2021-06-07,392011157
2020-12-CENSUS-0000217653,GSA_MIGRATION,2020,2021-06-07,421664322
2020-12-CENSUS-0000217653,GSA_MIGRATION,2020,2021-06-07,452492404
2020-12-CENSUS-0000217653,GSA_MIGRATION,2020,2021-06-07,453244483
2020-12-CENSUS-0000217653,GSA_MIGRATION,2020,2021-06-07,454680004
2020-12-CENSUS-0000217653,GSA_MIGRATION,2020,2021-06-07,461246721
2020-12-CENSUS-0000217653,GSA_MIGRATION,2020,2021-06-07,461454269
2020-12-CENSUS-0000217653,GSA_MIGRATION,2020,2021-06-07,461457909
2020-12-CENSUS-0000217653,GSA_MIGRATION,2020,2021-06-07,463570101
2020-12-CENSUS-0000217653,GSA_MIGRATION,2020,2021-06-07,464246224
2020-12-CENSUS-0000217653,GSA_MIGRATION,2020,2021-06-07,471035410
2020-12-CENSUS-0000217653,GSA_MIGRATION,2020,2021-06-07,471096507
2020-12-CENSUS-0000217653,GSA_MIGRATION,2020,2021-06-07,471103583
2020-12-CENSUS-0000217653,GSA_MIGRATION,2020,2021-06-07,471115774
2020-12-CENSUS-0000217653,GSA_MIGRATION,2020,2021-06-07,471128671
2020-12-CENSUS-0000217653,GSA_MIGRATION,2020,2021-06-07,471139383
2020-12-CENSUS-0000217653,GSA_MIGRATION,2020,2021-06-07,474570837
2020-12-CENSUS-0000217653,GSA_MIGRATION,2020,2021-06-07,474651906
2020-12-CENSUS-0000217653,GSA_MIGRATION,2020,2021-06-07,475544175
2020-12-CENSUS-0000217653,GSA_MIGRATION,2020,2021-06-07,800331395
2020-12-CENSUS-0000217653,GSA_MIGRATION,2020,2021-06-07,800821399
2020-12-CENSUS-0000217653,GSA_MIGRATION,2020,2021-06-07,800954491
2020-12-CENSUS-0000217653,GSA_MIGRATION,2020,2021-06-07,812847137
2020-12-CENSUS-0000217653,GSA_MIGRATION,2020,2021-06-07,814628527
2020-12-CENSUS-0000217653,GSA_MIGRATION,2020,2021-06-07,815016729
2020-12-CENSUS-0000217653,GSA_MIGRATION,2020,2021-06-07,821062185
2020-12-CENSUS-0000217653,GSA_MIGRATION,2020,2021-06-07,822505170
2020-12-CENSUS-0000217653,GSA_MIGRATION,2020,2021-06-07,822511184
2020-12-CENSUS-0000217653,GSA_MIGRATION,2020,2021-06-07,822811928
2020-12-CENSUS-0000217653,GSA_MIGRATION,2020,2021-06-07,822874587
2020-09-CENSUS-0000235998,GSA_MIGRATION,2020,2021-06-30,272535895
2020-06-CENSUS-0000221589,GSA_MIGRATION,2020,2021-03-26,810751021
2020-06-CENSUS-0000221589,GSA_MIGRATION,2020,2021-03-26,263981604
2020-06-CENSUS-0000221589,GSA_MIGRATION,2020,2021-03-26,911874730
2020-12-CENSUS-0000042597,GSA_MIGRATION,2020,2021-03-25,341155663
2020-06-CENSUS-0000171452,GSA_MIGRATION,2020,2021-01-19,626000917
2020-06-CENSUS-0000176042,GSA_MIGRATION,2020,2021-03-31,546001168
2020-06-CENSUS-0000176042,GSA_MIGRATION,2020,2021-03-31,546001166
2020-06-CENSUS-0000170300,GSA_MIGRATION,2020,2021-01-06,134226831
2020-06-CENSUS-0000202510,GSA_MIGRATION,2020,2021-01-19,626000632
2020-06-CENSUS-0000202510,GSA_MIGRATION,2020,2021-01-19,626000633
2020-06-CENSUS-0000202510,GSA_MIGRATION,2020,2021-01-19,620912614
2020-06-CENSUS-0000181661,GSA_MIGRATION,2020,2021-03-30,566000805
2020-06-CENSUS-0000181661,GSA_MIGRATION,2020,2021-03-30,566001466
2020-06-CENSUS-0000181661,GSA_MIGRATION,2020,2021-03-30,561047680
2020-06-CENSUS-0000181661,GSA_MIGRATION,2020,2021-03-30,561238736
2020-06-CENSUS-0000181661,GSA_MIGRATION,2020,2021-03-30,566000730
2020-06-CENSUS-0000181661,GSA_MIGRATION,2020,2021-03-30,566065273
2020-12-CENSUS-0000087089,GSA_MIGRATION,2020,2021-03-11,853760141
2020-09-CENSUS-0000226112,GSA_MIGRATION,2020,2021-11-15,455363543
2020-06-CENSUS-0000109367,GSA_MIGRATION,2020,2021-06-14,311532716
2020-06-CENSUS-0000230630,GSA_MIGRATION,2020,2021-01-14,042958508
2020-06-CENSUS-0000230630,GSA_MIGRATION,2020,2021-01-14,204325824
2020-06-CENSUS-0000090373,GSA_MIGRATION,2020,2021-02-24,592815277
2020-06-CENSUS-0000176264,GSA_MIGRATION,2020,2021-01-21,546000332
2020-06-CENSUS-0000171364,GSA_MIGRATION,2020,2021-02-28,626000497
2020-06-CENSUS-0000171364,GSA_MIGRATION,2020,2021-02-28,626000496
2020-09-CENSUS-0000058130,GSA_MIGRATION,2020,2021-02-02,382815019
2020-09-CENSUS-0000058130,GSA_MIGRATION,2020,2021-02-02,382895827
2020-09-CENSUS-0000058130,GSA_MIGRATION,2020,2021-02-02,383128262
2020-09-CENSUS-0000058130,GSA_MIGRATION,2020,2021-02-02,383230758
2020-09-CENSUS-0000058130,GSA_MIGRATION,2020,2021-02-02,383267976
2020-09-CENSUS-0000058130,GSA_MIGRATION,2020,2021-02-02,383323617
2020-09-CENSUS-0000058130,GSA_MIGRATION,2020,2021-02-02,383323619
2020-09-CENSUS-0000058130,GSA_MIGRATION,2020,2021-02-02,383519517
2020-09-CENSUS-0000058130,GSA_MIGRATION,2020,2021-02-02,383577116
2020-09-CENSUS-0000058130,GSA_MIGRATION,2020,2021-02-02,382289884
2020-09-CENSUS-0000058130,GSA_MIGRATION,2020,2021-02-02,382527075
2020-09-CENSUS-0000058130,GSA_MIGRATION,2020,2021-02-02,382743085
2020-09-CENSUS-0000058130,GSA_MIGRATION,2020,2021-02-02,382763522
2020-09-CENSUS-0000058130,GSA_MIGRATION,2020,2021-02-02,382796652
2020-09-CENSUS-0000058130,GSA_MIGRATION,2020,2021-02-02,382995856
2020-09-CENSUS-0000058130,GSA_MIGRATION,2020,2021-02-02,383194361
2020-09-CENSUS-0000058130,GSA_MIGRATION,2020,2021-02-02,383208092
2020-09-CENSUS-0000058130,GSA_MIGRATION,2020,2021-02-02,383230759
2020-09-CENSUS-0000058130,GSA_MIGRATION,2020,2021-02-02,383402160
2020-06-CENSUS-0000166019,GSA_MIGRATION,2020,2021-04-29,273327978
2020-06-CENSUS-0000166019,GSA_MIGRATION,2020,2021-04-29,300355312
2020-06-CENSUS-0000166019,GSA_MIGRATION,2020,2021-04-29,371737848
2020-06-CENSUS-0000166019,GSA_MIGRATION,2020,2021-04-29,432012466
2020-06-CENSUS-0000166019,GSA_MIGRATION,2020,2021-04-29,842589681
2020-06-CENSUS-0000166019,GSA_MIGRATION,2020,2021-04-29,930505794
2020-06-CENSUS-0000166019,GSA_MIGRATION,2020,2021-04-29,930560468
2020-06-CENSUS-0000166019,GSA_MIGRATION,2020,2021-04-29,930576060
2020-06-CENSUS-0000166019,GSA_MIGRATION,2020,2021-04-29,930576068
2020-06-CENSUS-0000166019,GSA_MIGRATION,2020,2021-04-29,930584915
2020-06-CENSUS-0000166019,GSA_MIGRATION,2020,2021-04-29,930592161
2020-06-CENSUS-0000166019,GSA_MIGRATION,2020,2021-04-29,930592162
2020-06-CENSUS-0000166019,GSA_MIGRATION,2020,2021-04-29,930600526
2020-06-CENSUS-0000166019,GSA_MIGRATION,2020,2021-04-29,930613223
2020-06-CENSUS-0000166019,GSA_MIGRATION,2020,2021-04-29,930621491
2020-06-CENSUS-0000166019,GSA_MIGRATION,2020,2021-04-29,930624202
2020-06-CENSUS-0000166019,GSA_MIGRATION,2020,2021-04-29,930643773
2020-06-CENSUS-0000166019,GSA_MIGRATION,2020,2021-04-29,930655103
2020-06-CENSUS-0000166019,GSA_MIGRATION,2020,2021-04-29,930789376
2020-06-CENSUS-0000166019,GSA_MIGRATION,2020,2021-04-29,930794831
2020-06-CENSUS-0000166019,GSA_MIGRATION,2020,2021-04-29,930795258
2020-06-CENSUS-0000166019,GSA_MIGRATION,2020,2021-04-29,930902047
2020-06-CENSUS-0000166019,GSA_MIGRATION,2020,2021-04-29,930927700
2020-06-CENSUS-0000166019,GSA_MIGRATION,2020,2021-04-29,930952020
2020-06-CENSUS-0000166019,GSA_MIGRATION,2020,2021-04-29,930952117
2020-06-CENSUS-0000166019,GSA_MIGRATION,2020,2021-04-29,931018525
2020-06-CENSUS-0000166019,GSA_MIGRATION,2020,2021-04-29,931087296
2020-06-CENSUS-0000166019,GSA_MIGRATION,2020,2021-04-29,931111585
2020-06-CENSUS-0000166019,GSA_MIGRATION,2020,2021-04-29,931182119
2020-06-CENSUS-0000166019,GSA_MIGRATION,2020,2021-04-29,931275767
2020-06-CENSUS-0000166019,GSA_MIGRATION,2020,2021-04-29,931295136
2020-06-CENSUS-0000166019,GSA_MIGRATION,2020,2021-04-29,936001718
2020-06-CENSUS-0000166019,GSA_MIGRATION,2020,2021-04-29,936001740
2020-06-CENSUS-0000166019,GSA_MIGRATION,2020,2021-04-29,936001752
2020-06-CENSUS-0000166019,GSA_MIGRATION,2020,2021-04-29,936001759
2020-06-CENSUS-0000166019,GSA_MIGRATION,2020,2021-04-29,936001760
2020-06-CENSUS-0000166019,GSA_MIGRATION,2020,2021-04-29,936001761
2020-06-CENSUS-0000166019,GSA_MIGRATION,2020,2021-04-29,936001772
2020-06-CENSUS-0000166019,GSA_MIGRATION,2020,2021-04-29,936001773
2020-06-CENSUS-0000166019,GSA_MIGRATION,2020,2021-04-29,936001775
2020-06-CENSUS-0000166019,GSA_MIGRATION,2020,2021-04-29,936001779
2020-06-CENSUS-0000166019,GSA_MIGRATION,2020,2021-04-29,936001784
2020-06-CENSUS-0000166019,GSA_MIGRATION,2020,2021-04-29,936001789
2020-06-CENSUS-0000166019,GSA_MIGRATION,2020,2021-04-29,936001871
2020-06-CENSUS-0000166019,GSA_MIGRATION,2020,2021-04-29,936001954
2020-06-CENSUS-0000166019,GSA_MIGRATION,2020,2021-04-29,936001955
2020-06-CENSUS-0000166019,GSA_MIGRATION,2020,2021-04-29,936001957
2020-06-CENSUS-0000166019,GSA_MIGRATION,2020,2021-04-29,936001958
2020-06-CENSUS-0000166019,GSA_MIGRATION,2020,2021-04-29,936002375
2020-06-CENSUS-0000166019,GSA_MIGRATION,2020,2021-04-29,936002660
2020-06-CENSUS-0000166019,GSA_MIGRATION,2020,2021-04-29,936014252
2020-06-CENSUS-0000085655,GSA_MIGRATION,2020,2021-02-25,465315289
2020-06-CENSUS-0000240445,GSA_MIGRATION,2020,2021-02-15,461801239
2020-09-CENSUS-0000136115,GSA_MIGRATION,2020,2021-03-17,596000731
2020-09-CENSUS-0000136115,GSA_MIGRATION,2020,2021-03-17,596000729
2020-09-CENSUS-0000136115,GSA_MIGRATION,2020,2021-03-17,300483077
2020-06-CENSUS-0000171407,GSA_MIGRATION,2020,2021-03-24,676000707
2020-06-CENSUS-0000171407,GSA_MIGRATION,2020,2021-03-24,676000706
2020-06-CENSUS-0000065539,GSA_MIGRATION,2020,2021-02-28,942515428
2020-06-CENSUS-0000003724,GSA_MIGRATION,2020,2021-02-21,300162655
2020-06-CENSUS-0000003724,GSA_MIGRATION,2020,2021-02-21,043546321
2020-06-CENSUS-0000003724,GSA_MIGRATION,2020,2021-02-21,311740060
2020-06-CENSUS-0000003724,GSA_MIGRATION,2020,2021-02-21,223215740
2020-06-CENSUS-0000003724,GSA_MIGRATION,2020,2021-02-21,043233283
2020-06-CENSUS-0000003724,GSA_MIGRATION,2020,2021-02-21,300162656
2020-06-CENSUS-0000003724,GSA_MIGRATION,2020,2021-02-21,043002220
2020-06-CENSUS-0000003724,GSA_MIGRATION,2020,2021-02-21,061569439
2020-06-CENSUS-0000003724,GSA_MIGRATION,2020,2021-02-21,043259610
2020-06-CENSUS-0000003724,GSA_MIGRATION,2020,2021-02-21,042180222
2020-06-CENSUS-0000003724,GSA_MIGRATION,2020,2021-02-21,311758843
2020-06-CENSUS-0000250363,GSA_MIGRATION,2020,2021-03-30,311327936
2020-06-CENSUS-0000250363,GSA_MIGRATION,2020,2021-03-30,311327937
2020-06-CENSUS-0000176063,GSA_MIGRATION,2020,2021-02-01,546001292
2020-06-CENSUS-0000190256,GSA_MIGRATION,2020,2021-03-02,626000722
2020-09-CENSUS-0000250110,GSA_MIGRATION,2020,2021-01-27,237039401
2020-06-CENSUS-0000171388,GSA_MIGRATION,2020,2021-01-14,626000621
2020-06-CENSUS-0000171362,GSA_MIGRATION,2020,2021-01-28,620000489
2020-06-CENSUS-0000171362,GSA_MIGRATION,2020,2021-01-28,620000486
2020-09-CENSUS-0000246970,GSA_MIGRATION,2020,2021-06-10,822289290
2020-09-CENSUS-0000246970,GSA_MIGRATION,2020,2021-06-10,943237225
2020-09-CENSUS-0000246970,GSA_MIGRATION,2020,2021-06-10,743078400
2020-06-CENSUS-0000214354,GSA_MIGRATION,2020,2021-05-18,134234624
2020-06-CENSUS-0000214354,GSA_MIGRATION,2020,2021-05-18,383902564
2020-06-CENSUS-0000214354,GSA_MIGRATION,2020,2021-05-18,043270644
2020-06-CENSUS-0000214354,GSA_MIGRATION,2020,2021-05-18,412275864
2020-06-CENSUS-0000214354,GSA_MIGRATION,2020,2021-05-18,043403292
2020-12-CENSUS-0000221494,GSA_MIGRATION,2020,2021-07-22,223301338
2020-12-CENSUS-0000221494,GSA_MIGRATION,2020,2021-07-22,300144279
2020-12-CENSUS-0000221494,GSA_MIGRATION,2020,2021-07-22,834267314
2020-12-CENSUS-0000221494,GSA_MIGRATION,2020,2021-07-22,223218442
2020-06-CENSUS-0000249199,GSA_MIGRATION,2020,2021-08-08,132814327
2020-09-CENSUS-0000075070,GSA_MIGRATION,2020,2021-05-31,541993252
2020-06-CENSUS-0000237988,GSA_MIGRATION,2020,2021-09-27,310910779
2020-06-CENSUS-0000237988,GSA_MIGRATION,2020,2021-09-27,461517844
2020-06-CENSUS-0000237988,GSA_MIGRATION,2020,2021-09-27,462735715
2020-06-CENSUS-0000237988,GSA_MIGRATION,2020,2021-09-27,262791844
2020-06-CENSUS-0000237988,GSA_MIGRATION,2020,2021-09-27,341590049
2020-06-CENSUS-0000237988,GSA_MIGRATION,2020,2021-09-27,270849886
2020-06-CENSUS-0000237988,GSA_MIGRATION,2020,2021-09-27,461525413
2020-06-CENSUS-0000237988,GSA_MIGRATION,2020,2021-09-27,310809759
2020-06-CENSUS-0000237988,GSA_MIGRATION,2020,2021-09-27,340835584
2020-06-CENSUS-0000237988,GSA_MIGRATION,2020,2021-09-27,455420333
2020-06-CENSUS-0000171435,GSA_MIGRATION,2020,2021-01-13,626000833
2020-06-CENSUS-0000171435,GSA_MIGRATION,2020,2021-01-13,626000831
2020-06-CENSUS-0000250363,GSA_MIGRATION,2020,2021-03-30,311554133
2020-06-CENSUS-0000250363,GSA_MIGRATION,2020,2021-03-30,510138099
2020-06-CENSUS-0000250363,GSA_MIGRATION,2020,2021-03-30,815464470
2020-06-CENSUS-0000250363,GSA_MIGRATION,2020,2021-03-30,452485882
2020-06-CENSUS-0000182312,GSA_MIGRATION,2020,2021-04-08,471042118
2020-12-CENSUS-0000209764,GSA_MIGRATION,2020,2021-11-23,134249732
2020-08-CENSUS-0000171944,GSA_MIGRATION,2020,2021-03-17,742907553
2020-08-CENSUS-0000171944,GSA_MIGRATION,2020,2021-03-17,742910339
2020-08-CENSUS-0000171944,GSA_MIGRATION,2020,2021-03-17,743024533
2020-08-CENSUS-0000171944,GSA_MIGRATION,2020,2021-03-17,746000027
2020-08-CENSUS-0000171944,GSA_MIGRATION,2020,2021-03-17,746000053
2020-08-CENSUS-0000171944,GSA_MIGRATION,2020,2021-03-17,746000057
2020-08-CENSUS-0000171944,GSA_MIGRATION,2020,2021-03-17,746000074
2020-08-CENSUS-0000171944,GSA_MIGRATION,2020,2021-03-17,746000077
2020-08-CENSUS-0000171944,GSA_MIGRATION,2020,2021-03-17,746000079
2020-08-CENSUS-0000171944,GSA_MIGRATION,2020,2021-03-17,746000094
2020-08-CENSUS-0000171944,GSA_MIGRATION,2020,2021-03-17,746000095
2020-08-CENSUS-0000171944,GSA_MIGRATION,2020,2021-03-17,746000098
2020-08-CENSUS-0000171944,GSA_MIGRATION,2020,2021-03-17,746000100
2020-08-CENSUS-0000171944,GSA_MIGRATION,2020,2021-03-17,746000108
2020-08-CENSUS-0000171944,GSA_MIGRATION,2020,2021-03-17,746000119
2020-08-CENSUS-0000171944,GSA_MIGRATION,2020,2021-03-17,746000121
2020-08-CENSUS-0000171944,GSA_MIGRATION,2020,2021-03-17,746000126
2020-08-CENSUS-0000171944,GSA_MIGRATION,2020,2021-03-17,746000130
2020-08-CENSUS-0000171944,GSA_MIGRATION,2020,2021-03-17,746000143
2020-08-CENSUS-0000171944,GSA_MIGRATION,2020,2021-03-17,746000151
2020-08-CENSUS-0000171944,GSA_MIGRATION,2020,2021-03-17,746000155
2020-08-CENSUS-0000171944,GSA_MIGRATION,2020,2021-03-17,746000156
2020-08-CENSUS-0000171944,GSA_MIGRATION,2020,2021-03-17,746000161
2020-08-CENSUS-0000171944,GSA_MIGRATION,2020,2021-03-17,746000163
2020-08-CENSUS-0000171944,GSA_MIGRATION,2020,2021-03-17,746000164
2020-08-CENSUS-0000171944,GSA_MIGRATION,2020,2021-03-17,746000170
2020-08-CENSUS-0000171944,GSA_MIGRATION,2020,2021-03-17,746000172
2020-08-CENSUS-0000171944,GSA_MIGRATION,2020,2021-03-17,746000174
2020-08-CENSUS-0000171944,GSA_MIGRATION,2020,2021-03-17,746000203
2020-08-CENSUS-0000171944,GSA_MIGRATION,2020,2021-03-17,746000206
2020-08-CENSUS-0000171944,GSA_MIGRATION,2020,2021-03-17,746000298
2020-08-CENSUS-0000171944,GSA_MIGRATION,2020,2021-03-17,746000314
2020-08-CENSUS-0000171944,GSA_MIGRATION,2020,2021-03-17,746000531
2020-08-CENSUS-0000171944,GSA_MIGRATION,2020,2021-03-17,746000537
2020-08-CENSUS-0000171944,GSA_MIGRATION,2020,2021-03-17,746000541
2020-08-CENSUS-0000171944,GSA_MIGRATION,2020,2021-03-17,746000813
2020-08-CENSUS-0000171944,GSA_MIGRATION,2020,2021-03-17,746000949
2020-08-CENSUS-0000171944,GSA_MIGRATION,2020,2021-03-17,746001078
2020-08-CENSUS-0000171944,GSA_MIGRATION,2020,2021-03-17,746001118
2020-08-CENSUS-0000171944,GSA_MIGRATION,2020,2021-03-17,746001391
2020-08-CENSUS-0000171944,GSA_MIGRATION,2020,2021-03-17,746001399
2020-08-CENSUS-0000171944,GSA_MIGRATION,2020,2021-03-17,746001430
2020-08-CENSUS-0000171944,GSA_MIGRATION,2020,2021-03-17,746001431
2020-08-CENSUS-0000171944,GSA_MIGRATION,2020,2021-03-17,746001530
2020-08-CENSUS-0000171944,GSA_MIGRATION,2020,2021-03-17,746002078
2020-08-CENSUS-0000171944,GSA_MIGRATION,2020,2021-03-17,746002248
2020-08-CENSUS-0000171944,GSA_MIGRATION,2020,2021-03-17,746002381
2020-08-CENSUS-0000171944,GSA_MIGRATION,2020,2021-03-17,746002886
2020-08-CENSUS-0000171944,GSA_MIGRATION,2020,2021-03-17,746002942
2020-08-CENSUS-0000171944,GSA_MIGRATION,2020,2021-03-17,746002948
2020-08-CENSUS-0000171944,GSA_MIGRATION,2020,2021-03-17,746002949
2020-08-CENSUS-0000171944,GSA_MIGRATION,2020,2021-03-17,746003079
2020-08-CENSUS-0000171944,GSA_MIGRATION,2020,2021-03-17,746014065
2020-08-CENSUS-0000171944,GSA_MIGRATION,2020,2021-03-17,746016195
2020-08-CENSUS-0000171944,GSA_MIGRATION,2020,2021-03-17,746016766
2020-08-CENSUS-0000171944,GSA_MIGRATION,2020,2021-03-17,746021504
2020-06-CENSUS-0000094052,GSA_MIGRATION,2020,2021-02-07,620868625
2020-06-CENSUS-0000050415,GSA_MIGRATION,2020,2021-03-28,363779427
2020-05-CENSUS-0000085135,GSA_MIGRATION,2020,2021-01-29,464828720
2020-06-CENSUS-0000144796,GSA_MIGRATION,2020,2021-02-04,421145453
2020-06-CENSUS-0000144796,GSA_MIGRATION,2020,2021-02-04,421470806
2020-06-CENSUS-0000206114,GSA_MIGRATION,2020,2021-02-07,610595772
2020-06-CENSUS-0000066304,GSA_MIGRATION,2020,2021-02-18,431008405
2020-06-CENSUS-0000066304,GSA_MIGRATION,2020,2021-02-18,300255522
2020-06-CENSUS-0000066304,GSA_MIGRATION,2020,2021-02-18,300255520
2020-06-CENSUS-0000066304,GSA_MIGRATION,2020,2021-02-18,204942869
2020-08-CENSUS-0000191905,GSA_MIGRATION,2020,2021-02-14,112398881
2020-08-CENSUS-0000191905,GSA_MIGRATION,2020,2021-02-14,274448315
2020-08-CENSUS-0000191905,GSA_MIGRATION,2020,2021-02-14,461722439
2020-12-CENSUS-0000035742,GSA_MIGRATION,2020,2021-06-28,261982661
2020-12-CENSUS-0000035742,GSA_MIGRATION,2020,2021-06-28,251418095
2020-12-CENSUS-0000035742,GSA_MIGRATION,2020,2021-06-28,251578436
2020-12-CENSUS-0000035742,GSA_MIGRATION,2020,2021-06-28,204393147
2020-12-CENSUS-0000035742,GSA_MIGRATION,2020,2021-06-28,611148894
2020-09-CENSUS-0000233569,GSA_MIGRATION,2020,2021-06-21,042697983
2020-09-CENSUS-0000233569,GSA_MIGRATION,2020,2021-06-21,042312909
2020-09-CENSUS-0000233569,GSA_MIGRATION,2020,2021-06-21,042697891
2020-09-CENSUS-0000233569,GSA_MIGRATION,2020,2021-06-21,042551124
2020-09-CENSUS-0000233569,GSA_MIGRATION,2020,2021-06-21,042103611
2020-09-CENSUS-0000233569,GSA_MIGRATION,2020,2021-06-21,043399616
2020-09-CENSUS-0000233569,GSA_MIGRATION,2020,2021-06-21,042768256
2020-09-CENSUS-0000233569,GSA_MIGRATION,2020,2021-06-21,042868893
2020-09-CENSUS-0000233569,GSA_MIGRATION,2020,2021-06-21,222617175
2020-09-CENSUS-0000233569,GSA_MIGRATION,2020,2021-06-21,042104691
2020-09-CENSUS-0000233569,GSA_MIGRATION,2020,2021-06-21,042103823
2020-09-CENSUS-0000233569,GSA_MIGRATION,2020,2021-06-21,043236175
2020-09-CENSUS-0000233569,GSA_MIGRATION,2020,2021-06-21,042013591
2020-06-CENSUS-0000025545,GSA_MIGRATION,2020,2021-02-16,232810852
2020-06-CENSUS-0000025545,GSA_MIGRATION,2020,2021-02-16,231365353
2020-06-CENSUS-0000025545,GSA_MIGRATION,2020,2021-02-16,311538725
2020-06-CENSUS-0000025545,GSA_MIGRATION,2020,2021-02-16,230469150
2020-06-CENSUS-0000025545,GSA_MIGRATION,2020,2021-02-16,061645496
2020-09-CENSUS-0000250744,GSA_MIGRATION,2020,2021-06-29,593410739
2020-09-CENSUS-0000250744,GSA_MIGRATION,2020,2021-06-29,592487133
2020-09-CENSUS-0000250744,GSA_MIGRATION,2020,2021-06-29,592487135
2020-09-CENSUS-0000250744,GSA_MIGRATION,2020,2021-06-29,592980620
2020-09-CENSUS-0000250744,GSA_MIGRATION,2020,2021-06-29,593234721
2020-09-CENSUS-0000250744,GSA_MIGRATION,2020,2021-06-29,590747311
2020-09-CENSUS-0000250744,GSA_MIGRATION,2020,2021-06-29,811755188
2020-09-CENSUS-0000250744,GSA_MIGRATION,2020,2021-06-29,592059710
2020-09-CENSUS-0000250744,GSA_MIGRATION,2020,2021-06-29,593647972
2020-09-CENSUS-0000250744,GSA_MIGRATION,2020,2021-06-29,030571183
2020-09-CENSUS-0000250744,GSA_MIGRATION,2020,2021-06-29,593450324
2020-09-CENSUS-0000250744,GSA_MIGRATION,2020,2021-06-29,262665620
2020-09-CENSUS-0000250744,GSA_MIGRATION,2020,2021-06-29,800351279
2020-09-CENSUS-0000250744,GSA_MIGRATION,2020,2021-06-29,271524995
2020-09-CENSUS-0000250744,GSA_MIGRATION,2020,2021-06-29,593120987
2020-09-CENSUS-0000250744,GSA_MIGRATION,2020,2021-06-29,800690174
2020-09-CENSUS-0000250744,GSA_MIGRATION,2020,2021-06-29,273236582
2020-09-CENSUS-0000250744,GSA_MIGRATION,2020,2021-06-29,352429650
2020-09-CENSUS-0000250744,GSA_MIGRATION,2020,2021-06-29,383870378
2020-09-CENSUS-0000250744,GSA_MIGRATION,2020,2021-06-29,462632312
2020-09-CENSUS-0000250744,GSA_MIGRATION,2020,2021-06-29,462620381
2020-09-CENSUS-0000250744,GSA_MIGRATION,2020,2021-06-29,861126946
2020-09-CENSUS-0000250744,GSA_MIGRATION,2020,2021-06-29,593214040
2020-09-CENSUS-0000250744,GSA_MIGRATION,2020,2021-06-29,592968487
2020-09-CENSUS-0000250744,GSA_MIGRATION,2020,2021-06-29,593361021
2020-09-CENSUS-0000250744,GSA_MIGRATION,2020,2021-06-29,611734528
2020-09-CENSUS-0000250744,GSA_MIGRATION,2020,2021-06-29,821698374
2020-09-CENSUS-0000238063,GSA_MIGRATION,2020,2021-03-09,222332050
2020-06-CENSUS-0000176269,GSA_MIGRATION,2020,2021-02-21,540885804
2020-06-CENSUS-0000237334,GSA_MIGRATION,2020,2021-03-25,822311053
2020-06-CENSUS-0000237334,GSA_MIGRATION,2020,2021-03-25,473866758
2020-09-CENSUS-0000089644,GSA_MIGRATION,2020,2021-02-20,593554025
2020-06-CENSUS-0000003065,GSA_MIGRATION,2020,2021-04-04,110128072
2020-06-CENSUS-0000003065,GSA_MIGRATION,2020,2021-04-04,222606679
2020-06-CENSUS-0000003065,GSA_MIGRATION,2020,2021-04-04,223091017
2020-06-CENSUS-0000003065,GSA_MIGRATION,2020,2021-04-04,223176099
2020-06-CENSUS-0000003065,GSA_MIGRATION,2020,2021-04-04,223204728
2020-06-CENSUS-0000003065,GSA_MIGRATION,2020,2021-04-04,223409403
2020-06-CENSUS-0000003065,GSA_MIGRATION,2020,2021-04-04,311660731
2020-06-CENSUS-0000003065,GSA_MIGRATION,2020,2021-04-04,311699625
2020-09-CENSUS-0000182711,GSA_MIGRATION,2020,2021-04-28,596019767
2020-09-CENSUS-0000182711,GSA_MIGRATION,2020,2021-04-28,591879880
2020-09-CENSUS-0000182711,GSA_MIGRATION,2020,2021-04-28,596018704
2020-06-CENSUS-0000171413,GSA_MIGRATION,2020,2021-03-10,626000754
2020-06-CENSUS-0000171413,GSA_MIGRATION,2020,2021-03-10,626000753
2020-06-CENSUS-0000014379,GSA_MIGRATION,2020,2021-03-29,208017249
2020-06-CENSUS-0000014379,GSA_MIGRATION,2020,2021-03-29,133622106
2020-12-CENSUS-0000152815,GSA_MIGRATION,2020,2021-09-20,431912135
2020-06-CENSUS-0000218914,GSA_MIGRATION,2020,2021-09-29,411865315
2020-06-CENSUS-0000218914,GSA_MIGRATION,2020,2021-09-29,463298651
2020-06-CENSUS-0000218914,GSA_MIGRATION,2020,2021-09-29,410695596
2020-06-CENSUS-0000218914,GSA_MIGRATION,2020,2021-09-29,823166379
2020-06-CENSUS-0000218914,GSA_MIGRATION,2020,2021-09-29,411855173
2020-06-CENSUS-0000218914,GSA_MIGRATION,2020,2021-09-29,461584944
2020-06-CENSUS-0000218914,GSA_MIGRATION,2020,2021-09-29,411924645
2020-06-CENSUS-0000218914,GSA_MIGRATION,2020,2021-09-29,411806657
2020-06-CENSUS-0000218914,GSA_MIGRATION,2020,2021-09-29,452438973
2020-06-CENSUS-0000218914,GSA_MIGRATION,2020,2021-09-29,411321978
2020-08-CENSUS-0000171944,GSA_MIGRATION,2020,2021-03-17,746024697
2020-08-CENSUS-0000171944,GSA_MIGRATION,2020,2021-03-17,746027289
2020-08-CENSUS-0000171944,GSA_MIGRATION,2020,2021-03-17,746027560
2020-08-CENSUS-0000171944,GSA_MIGRATION,2020,2021-03-17,751305566
2020-08-CENSUS-0000171944,GSA_MIGRATION,2020,2021-03-17,751393493
2020-08-CENSUS-0000171944,GSA_MIGRATION,2020,2021-03-17,751396988
2020-08-CENSUS-0000171944,GSA_MIGRATION,2020,2021-03-17,752655354
2020-08-CENSUS-0000171944,GSA_MIGRATION,2020,2021-03-17,752668014
2020-06-CENSUS-0000011980,GSA_MIGRATION,2020,2021-03-29,133741272
2020-06-CENSUS-0000011980,GSA_MIGRATION,2020,2021-03-29,133751223
2020-06-CENSUS-0000011980,GSA_MIGRATION,2020,2021-03-29,133857947
2020-06-CENSUS-0000011980,GSA_MIGRATION,2020,2021-03-29,133986958
2020-06-CENSUS-0000011980,GSA_MIGRATION,2020,2021-03-29,205686282
2020-12-CENSUS-0000213582,GSA_MIGRATION,2020,2021-08-16,742348147
2020-06-CENSUS-0000121194,GSA_MIGRATION,2020,2021-03-30,942905995
2020-06-CENSUS-0000121194,GSA_MIGRATION,2020,2021-03-30,943236429
2020-09-CENSUS-0000155389,GSA_MIGRATION,2020,2021-03-23,721564499
2020-12-CENSUS-0000046707,GSA_MIGRATION,2020,2021-07-22,473872421
2020-12-CENSUS-0000114252,GSA_MIGRATION,2020,2021-08-23,811480604
2020-12-CENSUS-0000114252,GSA_MIGRATION,2020,2021-08-23,911681667
2020-12-CENSUS-0000114252,GSA_MIGRATION,2020,2021-08-23,913124654
2020-06-CENSUS-0000225918,GSA_MIGRATION,2020,2021-03-28,133460251
2020-06-CENSUS-0000225918,GSA_MIGRATION,2020,2021-03-28,133632175
2020-06-CENSUS-0000225918,GSA_MIGRATION,2020,2021-03-28,133826209
2020-06-CENSUS-0000225918,GSA_MIGRATION,2020,2021-03-28,204597888
2020-06-CENSUS-0000225918,GSA_MIGRATION,2020,2021-03-28,262262844
2020-12-CENSUS-0000226155,GSA_MIGRATION,2020,2021-07-08,470783326
2020-06-CENSUS-0000196222,GSA_MIGRATION,2020,2021-01-07,626000713
2020-06-CENSUS-0000196222,GSA_MIGRATION,2020,2021-01-07,626000712
2020-09-CENSUS-0000048300,GSA_MIGRATION,2020,2021-12-29,362179813
2020-06-CENSUS-0000048485,GSA_MIGRATION,2020,2021-05-10,042104690
2020-06-CENSUS-0000048485,GSA_MIGRATION,2020,2021-05-10,363488183
2020-06-CENSUS-0000048485,GSA_MIGRATION,2020,2021-05-10,362170866
2020-09-CENSUS-0000141104,GSA_MIGRATION,2020,2021-06-22,450635592
2020-06-CENSUS-0000176030,GSA_MIGRATION,2020,2021-03-21,541742763
2020-06-CENSUS-0000176030,GSA_MIGRATION,2020,2021-03-21,546001101
2020-12-CENSUS-0000134808,GSA_MIGRATION,2020,2021-06-09,846000565
2020-06-CENSUS-0000138538,GSA_MIGRATION,2020,2021-05-03,471642615
2020-08-CENSUS-0000171944,GSA_MIGRATION,2020,2021-03-17,752668018
2020-08-CENSUS-0000171944,GSA_MIGRATION,2020,2021-03-17,752932678
2020-08-CENSUS-0000171944,GSA_MIGRATION,2020,2021-03-17,756000121
2020-08-CENSUS-0000171944,GSA_MIGRATION,2020,2021-03-17,756001353
2020-08-CENSUS-0000171944,GSA_MIGRATION,2020,2021-03-17,756001354
2020-08-CENSUS-0000171944,GSA_MIGRATION,2020,2021-03-17,756001738
2020-08-CENSUS-0000171944,GSA_MIGRATION,2020,2021-03-17,756001870
2020-08-CENSUS-0000171944,GSA_MIGRATION,2020,2021-03-17,756002149
2020-08-CENSUS-0000171944,GSA_MIGRATION,2020,2021-03-17,756002403
2020-08-CENSUS-0000171944,GSA_MIGRATION,2020,2021-03-17,756002514
2020-08-CENSUS-0000171944,GSA_MIGRATION,2020,2021-03-17,756002618
2020-08-CENSUS-0000171944,GSA_MIGRATION,2020,2021-03-17,756002622
2020-08-CENSUS-0000171944,GSA_MIGRATION,2020,2021-03-17,756002868
2020-08-CENSUS-0000171944,GSA_MIGRATION,2020,2021-03-17,756031405
2020-08-CENSUS-0000171944,GSA_MIGRATION,2020,2021-03-17,756064033
2020-08-CENSUS-0000171944,GSA_MIGRATION,2020,2021-03-17,760658056
2020-08-CENSUS-0000171944,GSA_MIGRATION,2020,2021-03-17,760694136
2020-08-CENSUS-0000171944,GSA_MIGRATION,2020,2021-03-17,760695669
2020-08-CENSUS-0000171944,GSA_MIGRATION,2020,2021-03-17,841876045
2020-12-CENSUS-0000250518,GSA_MIGRATION,2020,2021-05-14,371835290
2020-06-CENSUS-0000176035,GSA_MIGRATION,2020,2021-02-17,546001121
2020-06-CENSUS-0000176035,GSA_MIGRATION,2020,2021-02-17,546001120
2020-06-CENSUS-0000247832,GSA_MIGRATION,2020,2021-01-11,462082988
2020-06-CENSUS-0000247832,GSA_MIGRATION,2020,2021-01-11,810594798
2020-06-CENSUS-0000200740,GSA_MIGRATION,2020,2021-08-23,251490886
2020-06-CENSUS-0000176268,GSA_MIGRATION,2020,2021-01-14,546001338
2020-03-CENSUS-0000113099,GSA_MIGRATION,2020,2021-01-05,880294837
2020-06-CENSUS-0000205249,GSA_MIGRATION,2020,2021-03-28,300678743
2020-06-CENSUS-0000205249,GSA_MIGRATION,2020,2021-03-28,475450242
2020-06-CENSUS-0000250179,GSA_MIGRATION,2020,2021-02-17,061319874
2020-06-CENSUS-0000001361,GSA_MIGRATION,2020,2021-06-27,043366294
2020-06-CENSUS-0000001361,GSA_MIGRATION,2020,2021-06-27,030340655
2020-12-CENSUS-0000236354,GSA_MIGRATION,2020,2021-05-05,260379173
2020-09-CENSUS-0000216666,GSA_MIGRATION,2020,2021-06-23,460585021
2020-06-CENSUS-0000215367,GSA_MIGRATION,2020,2021-01-07,161498032
2020-06-CENSUS-0000176067,GSA_MIGRATION,2020,2021-01-20,546001321
2020-06-CENSUS-0000176067,GSA_MIGRATION,2020,2021-01-20,546001318
2020-06-CENSUS-0000218871,GSA_MIGRATION,2020,2021-01-06,204968228
2020-06-CENSUS-0000013410,GSA_MIGRATION,2020,2021-02-23,061157884
2020-06-CENSUS-0000135691,GSA_MIGRATION,2020,2021-03-17,061379990
2020-06-CENSUS-0000135691,GSA_MIGRATION,2020,2021-03-17,066001886
2020-06-CENSUS-0000221118,GSA_MIGRATION,2020,2021-01-06,470838794
2020-06-CENSUS-0000164973,GSA_MIGRATION,2020,2021-05-25,203426482
2020-06-CENSUS-0000248797,GSA_MIGRATION,2020,2021-01-17,351341204
2020-06-CENSUS-0000071243,GSA_MIGRATION,2020,2021-06-22,521479538
2020-12-CENSUS-0000185803,GSA_MIGRATION,2020,2021-08-09,208558857
2020-06-CENSUS-0000171394,GSA_MIGRATION,2020,2021-03-14,626000651
2020-06-CENSUS-0000171394,GSA_MIGRATION,2020,2021-03-14,620964468
2020-12-CENSUS-0000246420,GSA_MIGRATION,2020,2021-11-07,362167008
2020-06-CENSUS-0000072906,GSA_MIGRATION,2020,2021-03-17,850162247
2020-09-CENSUS-0000207710,GSA_MIGRATION,2020,2021-02-01,010800655
2020-12-CENSUS-0000230293,GSA_MIGRATION,2020,2021-06-22,472562206
2020-06-CENSUS-0000201618,GSA_MIGRATION,2020,2021-05-19,042103609
2020-06-CENSUS-0000201618,GSA_MIGRATION,2020,2021-05-19,043487833
2020-06-CENSUS-0000201618,GSA_MIGRATION,2020,2021-05-19,043487835
2020-06-CENSUS-0000093030,GSA_MIGRATION,2020,2021-05-24,823412210
2020-09-CENSUS-0000196723,GSA_MIGRATION,2020,2021-07-14,273763430
2020-12-CENSUS-0000043333,GSA_MIGRATION,2020,2021-07-21,341166865
2020-12-CENSUS-0000010694,GSA_MIGRATION,2020,2021-10-20,131624211
2020-12-CENSUS-0000010694,GSA_MIGRATION,2020,2021-10-20,300006817
2020-12-CENSUS-0000010694,GSA_MIGRATION,2020,2021-10-20,133885148
2020-12-CENSUS-0000010694,GSA_MIGRATION,2020,2021-10-20,133951057
2020-06-CENSUS-0000177659,GSA_MIGRATION,2020,2021-03-30,820622822
2020-06-CENSUS-0000177659,GSA_MIGRATION,2020,2021-03-30,820630850
2020-06-CENSUS-0000003413,GSA_MIGRATION,2020,2021-02-15,311642552
2020-12-CENSUS-0000120855,GSA_MIGRATION,2020,2021-07-06,942860387
2020-09-CENSUS-0000006603,GSA_MIGRATION,2020,2021-12-20,454077626
2020-09-CENSUS-0000006603,GSA_MIGRATION,2020,2021-12-20,061136893
2020-09-CENSUS-0000006603,GSA_MIGRATION,2020,2021-12-20,262565797
2020-06-CENSUS-0000211485,GSA_MIGRATION,2020,2021-03-25,204472148
2020-06-CENSUS-0000211485,GSA_MIGRATION,2020,2021-03-25,232523395
2020-06-CENSUS-0000211485,GSA_MIGRATION,2020,2021-03-25,232262852
2020-06-CENSUS-0000211485,GSA_MIGRATION,2020,2021-03-25,232523688
2020-06-CENSUS-0000211485,GSA_MIGRATION,2020,2021-03-25,240860110
2020-06-CENSUS-0000211485,GSA_MIGRATION,2020,2021-03-25,232862231
2020-06-CENSUS-0000211485,GSA_MIGRATION,2020,2021-03-25,201177431
2020-06-CENSUS-0000211485,GSA_MIGRATION,2020,2021-03-25,231642528
2020-06-CENSUS-0000211485,GSA_MIGRATION,2020,2021-03-25,232523680
2020-06-CENSUS-0000054157,GSA_MIGRATION,2020,2021-07-11,370986220
2020-09-CENSUS-0000198810,GSA_MIGRATION,2020,2021-09-16,113784371
2020-06-CENSUS-0000182590,GSA_MIGRATION,2020,2021-07-27,521645638
2020-06-CENSUS-0000182590,GSA_MIGRATION,2020,2021-07-27,730770170
2020-12-CENSUS-0000247227,GSA_MIGRATION,2020,2021-07-06,830918594
2020-09-CENSUS-0000138707,GSA_MIGRATION,2020,2021-06-08,364529968
2020-06-CENSUS-0000003476,GSA_MIGRATION,2020,2021-02-16,454549405
2020-12-CENSUS-0000150704,GSA_MIGRATION,2020,2021-10-13,421707837
2020-12-CENSUS-0000150704,GSA_MIGRATION,2020,2021-10-13,410845733
2020-12-CENSUS-0000150704,GSA_MIGRATION,2020,2021-10-13,411487891
2020-12-CENSUS-0000150704,GSA_MIGRATION,2020,2021-10-13,562570522
2020-12-CENSUS-0000150704,GSA_MIGRATION,2020,2021-10-13,753222579
2020-06-CENSUS-0000003169,GSA_MIGRATION,2020,2021-02-07,043520478
2020-12-CENSUS-0000250588,GSA_MIGRATION,2020,2021-05-27,320081580
2020-12-CENSUS-0000250588,GSA_MIGRATION,2020,2021-05-27,272392510
2020-12-CENSUS-0000250588,GSA_MIGRATION,2020,2021-05-27,262243879
2020-12-CENSUS-0000250588,GSA_MIGRATION,2020,2021-05-27,300403895
2020-06-CENSUS-0000243619,GSA_MIGRATION,2020,2021-02-08,841401179
2020-06-CENSUS-0000089443,GSA_MIGRATION,2020,2021-02-03,201837352
2020-12-CENSUS-0000231012,GSA_MIGRATION,2020,2021-10-20,160957268
2020-09-CENSUS-0000184033,GSA_MIGRATION,2020,2021-01-26,382699000
2020-09-CENSUS-0000184033,GSA_MIGRATION,2020,2021-01-26,382710033
2020-09-CENSUS-0000184033,GSA_MIGRATION,2020,2021-01-26,382699001
2020-12-CENSUS-0000240848,GSA_MIGRATION,2020,2021-06-21,133862850
2020-11-CENSUS-0000138652,GSA_MIGRATION,2020,2021-06-28,366006593
2020-11-CENSUS-0000138652,GSA_MIGRATION,2020,2021-06-28,366006595
2020-06-CENSUS-0000171414,GSA_MIGRATION,2020,2021-02-03,620672547
2020-06-CENSUS-0000171414,GSA_MIGRATION,2020,2021-02-03,626000724
2020-12-CENSUS-0000079097,GSA_MIGRATION,2020,2021-09-26,161750985
2020-12-CENSUS-0000079097,GSA_MIGRATION,2020,2021-09-26,455039871
2020-12-CENSUS-0000217653,GSA_MIGRATION,2020,2021-06-07,822881060
2020-12-CENSUS-0000217653,GSA_MIGRATION,2020,2021-06-07,825021832
2020-12-CENSUS-0000217653,GSA_MIGRATION,2020,2021-06-07,832336412
2020-12-CENSUS-0000217653,GSA_MIGRATION,2020,2021-06-07,832345759
2020-12-CENSUS-0000217653,GSA_MIGRATION,2020,2021-06-07,832445946
2020-12-CENSUS-0000217653,GSA_MIGRATION,2020,2021-06-07,833163988
2020-12-CENSUS-0000217653,GSA_MIGRATION,2020,2021-06-07,834294437
2020-12-CENSUS-0000217653,GSA_MIGRATION,2020,2021-06-07,841923266
2020-12-CENSUS-0000217653,GSA_MIGRATION,2020,2021-06-07,841943828
2020-12-CENSUS-0000217653,GSA_MIGRATION,2020,2021-06-07,900852653
2020-12-CENSUS-0000217653,GSA_MIGRATION,2020,2021-06-07,392038503
2020-12-CENSUS-0000217653,GSA_MIGRATION,2020,2021-06-07,611906368
2020-12-CENSUS-0000217653,GSA_MIGRATION,2020,2021-06-07,853670653
2020-06-CENSUS-0000135841,GSA_MIGRATION,2020,2021-07-28,061201204
2020-09-CENSUS-0000181662,GSA_MIGRATION,2020,2021-04-13,741665318
2020-09-CENSUS-0000181662,GSA_MIGRATION,2020,2021-04-13,741818451
2020-12-CENSUS-0000198588,GSA_MIGRATION,2020,2021-09-29,810889110
2020-12-CENSUS-0000247573,GSA_MIGRATION,2020,2021-09-13,511889077
2020-12-CENSUS-0000247573,GSA_MIGRATION,2020,2021-09-13,810881760
2020-12-CENSUS-0000247573,GSA_MIGRATION,2020,2021-09-13,810903010
2020-12-CENSUS-0000247573,GSA_MIGRATION,2020,2021-09-13,819025158
2020-06-CENSUS-0000176105,GSA_MIGRATION,2020,2021-05-02,546001540
2020-06-CENSUS-0000176105,GSA_MIGRATION,2020,2021-05-02,546001542
2020-06-CENSUS-0000248173,GSA_MIGRATION,2020,2021-07-05,250965341
2020-06-CENSUS-0000248173,GSA_MIGRATION,2020,2021-07-05,251180602
2020-06-CENSUS-0000248173,GSA_MIGRATION,2020,2021-07-05,510432078
2020-06-CENSUS-0000248173,GSA_MIGRATION,2020,2021-07-05,510432076
2020-06-CENSUS-0000248173,GSA_MIGRATION,2020,2021-07-05,510432077
2020-06-CENSUS-0000248173,GSA_MIGRATION,2020,2021-07-05,200556990
2020-06-CENSUS-0000248173,GSA_MIGRATION,2020,2021-07-05,274350123
2020-06-CENSUS-0000161171,GSA_MIGRATION,2020,2021-07-06,561306049
2020-08-CENSUS-0000243138,GSA_MIGRATION,2020,2021-09-08,200763890
2020-12-CENSUS-0000033641,GSA_MIGRATION,2020,2021-08-25,133475785
2020-06-CENSUS-0000026266,GSA_MIGRATION,2020,2021-03-30,233083410
2020-06-CENSUS-0000026266,GSA_MIGRATION,2020,2021-03-30,861062260
2020-06-CENSUS-0000026266,GSA_MIGRATION,2020,2021-03-30,232141307
2020-09-CENSUS-0000082327,GSA_MIGRATION,2020,2021-09-21,581940152
2020-09-CENSUS-0000082327,GSA_MIGRATION,2020,2021-09-21,561782084
2020-09-CENSUS-0000082327,GSA_MIGRATION,2020,2021-09-21,581820383
2020-09-CENSUS-0000158023,GSA_MIGRATION,2020,2021-01-27,386851393
2020-09-CENSUS-0000246145,GSA_MIGRATION,2020,2021-09-16,060646844
2020-09-CENSUS-0000246145,GSA_MIGRATION,2020,2021-09-16,043398280
2020-09-CENSUS-0000246145,GSA_MIGRATION,2020,2021-09-16,475676956
2020-09-CENSUS-0000246145,GSA_MIGRATION,2020,2021-09-16,060646813
2020-12-CENSUS-0000249837,GSA_MIGRATION,2020,2021-04-01,821730615
2020-12-CENSUS-0000249837,GSA_MIGRATION,2020,2021-04-01,821841799
2020-12-CENSUS-0000249837,GSA_MIGRATION,2020,2021-04-01,821632470
2020-12-CENSUS-0000249837,GSA_MIGRATION,2020,2021-04-01,821669178
2020-12-CENSUS-0000249837,GSA_MIGRATION,2020,2021-04-01,821491664
2020-12-CENSUS-0000249837,GSA_MIGRATION,2020,2021-04-01,821504077
2020-12-CENSUS-0000249837,GSA_MIGRATION,2020,2021-04-01,821669380
2020-12-CENSUS-0000249837,GSA_MIGRATION,2020,2021-04-01,821669287
2020-12-CENSUS-0000084247,GSA_MIGRATION,2020,2021-07-07,832759523
2020-12-CENSUS-0000243624,GSA_MIGRATION,2020,2021-04-26,204590755
2020-12-CENSUS-0000243624,GSA_MIGRATION,2020,2021-04-26,411733879
2020-09-CENSUS-0000165221,GSA_MIGRATION,2020,2021-09-23,270030542
2020-09-CENSUS-0000165221,GSA_MIGRATION,2020,2021-09-23,731401496
2020-12-CENSUS-0000079097,GSA_MIGRATION,2020,2021-09-26,223494087
2020-12-CENSUS-0000079097,GSA_MIGRATION,2020,2021-09-26,541211668
2020-12-CENSUS-0000079097,GSA_MIGRATION,2020,2021-09-26,824248123
2020-12-CENSUS-0000079097,GSA_MIGRATION,2020,2021-09-26,272058962
2020-12-CENSUS-0000079097,GSA_MIGRATION,2020,2021-09-26,331084573
2020-12-CENSUS-0000148705,GSA_MIGRATION,2020,2021-08-05,382078808
2020-12-CENSUS-0000148705,GSA_MIGRATION,2020,2021-08-05,383009238
2020-12-CENSUS-0000148705,GSA_MIGRATION,2020,2021-08-05,382893870
2020-12-CENSUS-0000247489,GSA_MIGRATION,2020,2021-08-08,346579390
2020-12-CENSUS-0000247489,GSA_MIGRATION,2020,2021-08-08,237061724
2020-12-CENSUS-0000247489,GSA_MIGRATION,2020,2021-08-08,341140997
2020-12-CENSUS-0000247489,GSA_MIGRATION,2020,2021-08-08,851495841
2020-12-CENSUS-0000198785,GSA_MIGRATION,2020,2021-12-02,911892350
2020-12-CENSUS-0000198785,GSA_MIGRATION,2020,2021-12-02,474374216
2020-12-CENSUS-0000198785,GSA_MIGRATION,2020,2021-12-02,814189698
2020-12-CENSUS-0000198785,GSA_MIGRATION,2020,2021-12-02,912122728
2020-12-CENSUS-0000198785,GSA_MIGRATION,2020,2021-12-02,911915424
2020-12-CENSUS-0000198785,GSA_MIGRATION,2020,2021-12-02,912038420
2020-12-CENSUS-0000198785,GSA_MIGRATION,2020,2021-12-02,911892364
2020-12-CENSUS-0000198785,GSA_MIGRATION,2020,2021-12-02,821424178
2020-12-CENSUS-0000198785,GSA_MIGRATION,2020,2021-12-02,911892333
2020-12-CENSUS-0000198785,GSA_MIGRATION,2020,2021-12-02,912122729
2020-12-CENSUS-0000142635,GSA_MIGRATION,2020,2021-09-14,356001347
2020-12-CENSUS-0000142635,GSA_MIGRATION,2020,2021-09-14,351159574
2020-08-CENSUS-0000249662,GSA_MIGRATION,2020,2021-11-09,463031476
2020-12-CENSUS-0000058739,GSA_MIGRATION,2020,2021-06-06,364455490
2020-06-CENSUS-0000108850,GSA_MIGRATION,2020,2021-03-30,311653916
2020-06-CENSUS-0000094212,GSA_MIGRATION,2020,2021-03-31,561844262
2020-12-CENSUS-0000222601,GSA_MIGRATION,2020,2021-05-23,208861567
2020-06-CENSUS-0000176048,GSA_MIGRATION,2020,2021-01-07,546001195
2020-06-CENSUS-0000176048,GSA_MIGRATION,2020,2021-01-07,546001196
2020-06-CENSUS-0000176260,GSA_MIGRATION,2020,2021-01-27,546000334
2020-06-CENSUS-0000162380,GSA_MIGRATION,2020,2021-03-25,316402047
2020-06-CENSUS-0000162380,GSA_MIGRATION,2020,2021-03-25,311337478
2020-06-CENSUS-0000162380,GSA_MIGRATION,2020,2021-03-25,311334821
2020-06-CENSUS-0000162380,GSA_MIGRATION,2020,2021-03-25,311334187
2020-06-CENSUS-0000162380,GSA_MIGRATION,2020,2021-03-25,611750062
2020-06-CENSUS-0000162380,GSA_MIGRATION,2020,2021-03-25,316402147
2020-06-CENSUS-0000162380,GSA_MIGRATION,2020,2021-03-25,800390759
2020-06-CENSUS-0000162380,GSA_MIGRATION,2020,2021-03-25,383988595
2020-06-CENSUS-0000162380,GSA_MIGRATION,2020,2021-03-25,311334825
2020-06-CENSUS-0000162380,GSA_MIGRATION,2020,2021-03-25,384048030
2020-09-CENSUS-0000136090,GSA_MIGRATION,2020,2021-02-22,592237754
2020-09-CENSUS-0000136090,GSA_MIGRATION,2020,2021-02-22,596000601
2020-08-CENSUS-0000108031,GSA_MIGRATION,2020,2021-01-06,134305403
2020-12-CENSUS-0000151130,GSA_MIGRATION,2020,2021-05-18,416004951
2020-06-CENSUS-0000123802,GSA_MIGRATION,2020,2021-01-06,364682140
2020-06-CENSUS-0000135705,GSA_MIGRATION,2020,2021-01-07,066001658
2020-12-CENSUS-0000019913,GSA_MIGRATION,2020,2021-11-10,161406204
2020-06-CENSUS-0000206637,GSA_MIGRATION,2020,2021-06-29,931007427
2020-09-CENSUS-0000249263,GSA_MIGRATION,2020,2021-06-27,455591655
2020-09-CENSUS-0000249263,GSA_MIGRATION,2020,2021-06-27,352226306
2020-06-CENSUS-0000061130,GSA_MIGRATION,2020,2021-07-05,411896367
2020-12-CENSUS-0000001249,GSA_MIGRATION,2020,2021-06-14,020275078
2020-06-CENSUS-0000232495,GSA_MIGRATION,2020,2021-03-28,161665310
2020-06-CENSUS-0000249769,GSA_MIGRATION,2020,2021-03-23,133059155
2020-06-CENSUS-0000249769,GSA_MIGRATION,2020,2021-03-23,542082237
2020-06-CENSUS-0000137875,GSA_MIGRATION,2020,2021-03-28,990259420
2020-06-CENSUS-0000137875,GSA_MIGRATION,2020,2021-03-28,990274814
2020-06-CENSUS-0000137875,GSA_MIGRATION,2020,2021-03-28,990266119
2020-06-CENSUS-0000137875,GSA_MIGRATION,2020,2021-03-28,990266120
2020-06-CENSUS-0000137875,GSA_MIGRATION,2020,2021-03-28,990319357
2020-06-CENSUS-0000137875,GSA_MIGRATION,2020,2021-03-28,996000896
2020-06-CENSUS-0000137875,GSA_MIGRATION,2020,2021-03-28,990266942
2020-06-CENSUS-0000137875,GSA_MIGRATION,2020,2021-03-28,990280628
2020-06-CENSUS-0000137875,GSA_MIGRATION,2020,2021-03-28,990275730
2020-09-CENSUS-0000111829,GSA_MIGRATION,2020,2021-03-22,742420528
2020-09-CENSUS-0000111829,GSA_MIGRATION,2020,2021-03-22,860897449
2020-09-CENSUS-0000111829,GSA_MIGRATION,2020,2021-03-22,942902649
2020-09-CENSUS-0000111829,GSA_MIGRATION,2020,2021-03-22,742537585
2020-09-CENSUS-0000111829,GSA_MIGRATION,2020,2021-03-22,860667653
2020-06-CENSUS-0000176066,GSA_MIGRATION,2020,2021-04-26,546001316
2020-06-CENSUS-0000219918,GSA_MIGRATION,2020,2021-08-09,231370484
2020-06-CENSUS-0000219918,GSA_MIGRATION,2020,2021-08-09,231352222
2020-06-CENSUS-0000219918,GSA_MIGRATION,2020,2021-08-09,231352220
2020-12-CENSUS-0000237149,GSA_MIGRATION,2020,2021-11-14,770166414
2020-12-CENSUS-0000237149,GSA_MIGRATION,2020,2021-11-14,770166413
2020-12-CENSUS-0000237149,GSA_MIGRATION,2020,2021-11-14,800427598
2020-06-CENSUS-0000198212,GSA_MIGRATION,2020,2021-03-23,830322819
2020-06-CENSUS-0000081366,GSA_MIGRATION,2020,2021-04-12,223849199
2020-12-CENSUS-0000019180,GSA_MIGRATION,2020,2021-10-03,161525667
2020-12-CENSUS-0000019180,GSA_MIGRATION,2020,2021-10-03,161201952
2020-12-CENSUS-0000019180,GSA_MIGRATION,2020,2021-10-03,161462266
2020-06-CENSUS-0000246684,GSA_MIGRATION,2020,2021-01-04,351147323
2020-06-CENSUS-0000246684,GSA_MIGRATION,2020,2021-01-04,591009537
2020-06-CENSUS-0000246684,GSA_MIGRATION,2020,2021-01-04,370916475
2020-06-CENSUS-0000246684,GSA_MIGRATION,2020,2021-01-04,621674308
2020-06-CENSUS-0000246684,GSA_MIGRATION,2020,2021-01-04,310939757
2020-12-CENSUS-0000101267,GSA_MIGRATION,2020,2021-10-20,870721923
2020-12-CENSUS-0000101267,GSA_MIGRATION,2020,2021-10-20,741287015
2020-06-CENSUS-0000176111,GSA_MIGRATION,2020,2021-03-31,546001591
2020-06-CENSUS-0000176111,GSA_MIGRATION,2020,2021-03-31,546001588
2020-09-CENSUS-0000238799,GSA_MIGRATION,2020,2021-07-29,383460723
2020-12-CENSUS-0000188871,GSA_MIGRATION,2020,2021-11-11,770166414
2020-12-CENSUS-0000188871,GSA_MIGRATION,2020,2021-11-11,941720838
2020-12-CENSUS-0000188871,GSA_MIGRATION,2020,2021-11-11,770166413
2020-12-CENSUS-0000188871,GSA_MIGRATION,2020,2021-11-11,770490711
2020-12-CENSUS-0000188871,GSA_MIGRATION,2020,2021-11-11,771004905
2020-12-CENSUS-0000188871,GSA_MIGRATION,2020,2021-11-11,770531523
2020-06-CENSUS-0000198928,GSA_MIGRATION,2020,2021-03-30,580566193
2020-06-CENSUS-0000232965,GSA_MIGRATION,2020,2021-09-26,237281996
2020-06-CENSUS-0000232965,GSA_MIGRATION,2020,2021-09-26,630813275
2020-06-CENSUS-0000232965,GSA_MIGRATION,2020,2021-09-26,631125356
2020-06-CENSUS-0000232965,GSA_MIGRATION,2020,2021-09-26,630837260
2020-06-CENSUS-0000232965,GSA_MIGRATION,2020,2021-09-26,752365748
2020-06-CENSUS-0000232965,GSA_MIGRATION,2020,2021-09-26,205876937
2020-06-CENSUS-0000232965,GSA_MIGRATION,2020,2021-09-26,464390279
2020-06-CENSUS-0000135780,GSA_MIGRATION,2020,2021-04-04,066001595
2020-06-CENSUS-0000005872,GSA_MIGRATION,2020,2021-02-23,222566612
2020-06-CENSUS-0000003399,GSA_MIGRATION,2020,2021-02-07,222707246
2020-06-CENSUS-0000179794,GSA_MIGRATION,2020,2021-02-15,830207113
2020-06-CENSUS-0000179794,GSA_MIGRATION,2020,2021-02-15,272595767
2020-06-CENSUS-0000179794,GSA_MIGRATION,2020,2021-02-15,830205729
2020-06-CENSUS-0000003389,GSA_MIGRATION,2020,2021-02-11,043122535
2020-06-CENSUS-0000003389,GSA_MIGRATION,2020,2021-02-11,521593251
2020-09-CENSUS-0000251315,GSA_MIGRATION,2020,2021-10-21,850693231
2020-12-CENSUS-0000251257,GSA_MIGRATION,2020,2021-10-09,231352187
2020-12-CENSUS-0000251257,GSA_MIGRATION,2020,2021-10-09,231512747
2020-12-CENSUS-0000251257,GSA_MIGRATION,2020,2021-10-09,231996150
2020-12-CENSUS-0000251257,GSA_MIGRATION,2020,2021-10-09,232193572
2020-12-CENSUS-0000251257,GSA_MIGRATION,2020,2021-10-09,232311553
2020-12-CENSUS-0000251257,GSA_MIGRATION,2020,2021-10-09,232967235
2020-12-CENSUS-0000251257,GSA_MIGRATION,2020,2021-10-09,240792115
2020-12-CENSUS-0000251257,GSA_MIGRATION,2020,2021-10-09,240795959
2020-12-CENSUS-0000251257,GSA_MIGRATION,2020,2021-10-09,240862246
2020-12-CENSUS-0000251257,GSA_MIGRATION,2020,2021-10-09,260812968
2020-06-CENSUS-0000223800,GSA_MIGRATION,2020,2021-09-28,381362830
2020-06-CENSUS-0000223800,GSA_MIGRATION,2020,2021-09-28,381415623
2020-12-CENSUS-0000239384,GSA_MIGRATION,2020,2021-09-22,205356988
2020-08-CENSUS-0000208444,GSA_MIGRATION,2020,2021-11-29,201466090
2020-08-CENSUS-0000208444,GSA_MIGRATION,2020,2021-11-29,201466483
2020-08-CENSUS-0000208444,GSA_MIGRATION,2020,2021-11-29,201470096
2020-08-CENSUS-0000208444,GSA_MIGRATION,2020,2021-11-29,402704456
2020-12-CENSUS-0000039658,GSA_MIGRATION,2020,2021-12-02,310860366
2020-06-CENSUS-0000137893,GSA_MIGRATION,2020,2021-08-08,996000725
2020-06-CENSUS-0000011228,GSA_MIGRATION,2020,2021-03-30,135675643
2020-06-CENSUS-0000000082,GSA_MIGRATION,2020,2021-04-07,010356077
2020-06-CENSUS-0000000082,GSA_MIGRATION,2020,2021-04-07,010386912
2020-06-CENSUS-0000000082,GSA_MIGRATION,2020,2021-04-07,010386913
2020-06-CENSUS-0000000082,GSA_MIGRATION,2020,2021-04-07,010430016
2020-06-CENSUS-0000000082,GSA_MIGRATION,2020,2021-04-07,010130427
2020-06-CENSUS-0000000082,GSA_MIGRATION,2020,2021-04-07,010215227
2020-06-CENSUS-0000000082,GSA_MIGRATION,2020,2021-04-07,010387674
2020-06-CENSUS-0000000082,GSA_MIGRATION,2020,2021-04-07,222844951
2020-06-CENSUS-0000000082,GSA_MIGRATION,2020,2021-04-07,980220891
2020-06-CENSUS-0000000082,GSA_MIGRATION,2020,2021-04-07,825094130
2020-06-CENSUS-0000215051,GSA_MIGRATION,2020,2021-03-15,464588351
2020-09-CENSUS-0000184193,GSA_MIGRATION,2020,2021-03-03,721503217
2020-12-CENSUS-0000243060,GSA_MIGRATION,2020,2021-04-01,981123795
2020-08-CENSUS-0000155160,GSA_MIGRATION,2020,2021-04-13,470564278
2020-12-CENSUS-0000250729,GSA_MIGRATION,2020,2021-06-28,300206686
2020-12-CENSUS-0000250729,GSA_MIGRATION,2020,2021-06-28,470762798
2020-06-CENSUS-0000205726,GSA_MIGRATION,2020,2021-09-29,440552485
2020-06-CENSUS-0000205726,GSA_MIGRATION,2020,2021-09-29,440607149
2020-06-CENSUS-0000205726,GSA_MIGRATION,2020,2021-09-29,431936699
2020-06-CENSUS-0000205726,GSA_MIGRATION,2020,2021-09-29,431936696
2020-06-CENSUS-0000205726,GSA_MIGRATION,2020,2021-09-29,710759299
2020-06-CENSUS-0000205726,GSA_MIGRATION,2020,2021-09-29,272716065
2020-06-CENSUS-0000205726,GSA_MIGRATION,2020,2021-09-29,274433830
2020-06-CENSUS-0000205726,GSA_MIGRATION,2020,2021-09-29,452998842
2020-06-CENSUS-0000205726,GSA_MIGRATION,2020,2021-09-29,455199762
2020-06-CENSUS-0000205726,GSA_MIGRATION,2020,2021-09-29,463433074
2020-06-CENSUS-0000205726,GSA_MIGRATION,2020,2021-09-29,710240352
2020-06-CENSUS-0000205726,GSA_MIGRATION,2020,2021-09-29,710557895
2020-06-CENSUS-0000205726,GSA_MIGRATION,2020,2021-09-29,710655753
2020-06-CENSUS-0000205726,GSA_MIGRATION,2020,2021-09-29,710689680
2020-06-CENSUS-0000205726,GSA_MIGRATION,2020,2021-09-29,463851119
2020-06-CENSUS-0000205726,GSA_MIGRATION,2020,2021-09-29,453808607
2020-06-CENSUS-0000205726,GSA_MIGRATION,2020,2021-09-29,480956045
2020-06-CENSUS-0000205726,GSA_MIGRATION,2020,2021-09-29,430653493
2020-06-CENSUS-0000205726,GSA_MIGRATION,2020,2021-09-29,430687077
2020-06-CENSUS-0000205726,GSA_MIGRATION,2020,2021-09-29,200198462
2020-06-CENSUS-0000205726,GSA_MIGRATION,2020,2021-09-29,742912461
2020-06-CENSUS-0000205726,GSA_MIGRATION,2020,2021-09-29,710294390
2020-06-CENSUS-0000205726,GSA_MIGRATION,2020,2021-09-29,721069468
2020-06-CENSUS-0000205726,GSA_MIGRATION,2020,2021-09-29,134239691
2020-06-CENSUS-0000205726,GSA_MIGRATION,2020,2021-09-29,472219204
2020-06-CENSUS-0000205726,GSA_MIGRATION,2020,2021-09-29,263173902
2020-06-CENSUS-0000205726,GSA_MIGRATION,2020,2021-09-29,870796305
2020-06-CENSUS-0000205726,GSA_MIGRATION,2020,2021-09-29,431767432
2020-06-CENSUS-0000205726,GSA_MIGRATION,2020,2021-09-29,464604901
2020-06-CENSUS-0000205726,GSA_MIGRATION,2020,2021-09-29,730579285
2020-06-CENSUS-0000205726,GSA_MIGRATION,2020,2021-09-29,350584463
2020-06-CENSUS-0000205726,GSA_MIGRATION,2020,2021-09-29,462288155
2020-06-CENSUS-0000205726,GSA_MIGRATION,2020,2021-09-29,731453048
2020-06-CENSUS-0000205726,GSA_MIGRATION,2020,2021-09-29,731500629
2020-06-CENSUS-0000205726,GSA_MIGRATION,2020,2021-09-29,261318515
2020-06-CENSUS-0000205726,GSA_MIGRATION,2020,2021-09-29,621684203
2020-06-CENSUS-0000205726,GSA_MIGRATION,2020,2021-09-29,431718408
2020-06-CENSUS-0000205726,GSA_MIGRATION,2020,2021-09-29,431856028
2020-06-CENSUS-0000205726,GSA_MIGRATION,2020,2021-09-29,270842031
2020-12-CENSUS-0000058653,GSA_MIGRATION,2020,2021-09-29,391022483
2020-12-CENSUS-0000202468,GSA_MIGRATION,2020,2021-08-02,133556132
2020-06-CENSUS-0000176081,GSA_MIGRATION,2020,2021-08-30,546001386
2020-06-CENSUS-0000176081,GSA_MIGRATION,2020,2021-08-30,546001389
2020-12-CENSUS-0000221408,GSA_MIGRATION,2020,2021-09-27,200445492
2020-09-CENSUS-0000230423,GSA_MIGRATION,2020,2021-12-12,050427007
2020-09-CENSUS-0000230423,GSA_MIGRATION,2020,2021-12-12,050316969
2020-09-CENSUS-0000230423,GSA_MIGRATION,2020,2021-12-12,050259004
2020-09-CENSUS-0000230423,GSA_MIGRATION,2020,2021-12-12,050258937
2020-09-CENSUS-0000230423,GSA_MIGRATION,2020,2021-12-12,050258812
2020-09-CENSUS-0000230423,GSA_MIGRATION,2020,2021-12-12,050258896
2020-09-CENSUS-0000230423,GSA_MIGRATION,2020,2021-12-12,050242659
2020-09-CENSUS-0000230423,GSA_MIGRATION,2020,2021-12-12,050520857
2020-09-CENSUS-0000230423,GSA_MIGRATION,2020,2021-12-12,050384362
2020-09-CENSUS-0000230423,GSA_MIGRATION,2020,2021-12-12,050509674
2020-09-CENSUS-0000230423,GSA_MIGRATION,2020,2021-12-12,222812929
2020-12-CENSUS-0000058758,GSA_MIGRATION,2020,2021-10-05,390812532
2020-12-CENSUS-0000058758,GSA_MIGRATION,2020,2021-10-05,390806380
2020-12-CENSUS-0000226631,GSA_MIGRATION,2020,2021-08-15,271487259
2020-09-CENSUS-0000136135,GSA_MIGRATION,2020,2021-08-16,596000875
2020-09-CENSUS-0000136135,GSA_MIGRATION,2020,2021-08-16,591275651
2020-12-CENSUS-0000120730,GSA_MIGRATION,2020,2021-10-18,680273974
2020-12-CENSUS-0000120730,GSA_MIGRATION,2020,2021-10-18,941156581
2020-12-CENSUS-0000120730,GSA_MIGRATION,2020,2021-10-18,941156621
2020-12-CENSUS-0000120730,GSA_MIGRATION,2020,2021-10-18,942988520
2020-12-CENSUS-0000120730,GSA_MIGRATION,2020,2021-10-18,940562680
2020-12-CENSUS-0000120730,GSA_MIGRATION,2020,2021-10-18,942992642
2020-12-CENSUS-0000120730,GSA_MIGRATION,2020,2021-10-18,990298651
2020-12-CENSUS-0000251592,GSA_MIGRATION,2020,2021-11-23,330821753
2020-09-CENSUS-0000221053,GSA_MIGRATION,2020,2021-08-22,576221223
2020-09-CENSUS-0000094810,GSA_MIGRATION,2020,2021-10-26,631130298
2020-09-CENSUS-0000094810,GSA_MIGRATION,2020,2021-10-26,630955728
2020-09-CENSUS-0000094810,GSA_MIGRATION,2020,2021-10-26,630909477
2020-09-CENSUS-0000094810,GSA_MIGRATION,2020,2021-10-26,631130295
2020-09-CENSUS-0000094810,GSA_MIGRATION,2020,2021-10-26,631130299
2020-09-CENSUS-0000094810,GSA_MIGRATION,2020,2021-10-26,581893454
2020-09-CENSUS-0000094810,GSA_MIGRATION,2020,2021-10-26,631130297
2020-06-CENSUS-0000135722,GSA_MIGRATION,2020,2021-01-19,066001616
2020-12-CENSUS-0000069315,GSA_MIGRATION,2020,2021-08-22,470704874
2020-12-CENSUS-0000069315,GSA_MIGRATION,2020,2021-08-22,470757873
2020-12-CENSUS-0000069315,GSA_MIGRATION,2020,2021-08-22,476058269
2020-06-CENSUS-0000170255,GSA_MIGRATION,2020,2021-06-30,050353872
2020-06-CENSUS-0000170255,GSA_MIGRATION,2020,2021-06-30,050459947
2020-06-CENSUS-0000170255,GSA_MIGRATION,2020,2021-06-30,050471772
2020-06-CENSUS-0000170255,GSA_MIGRATION,2020,2021-06-30,056016315
2020-06-CENSUS-0000170255,GSA_MIGRATION,2020,2021-06-30,050356994
2020-06-CENSUS-0000170255,GSA_MIGRATION,2020,2021-06-30,050354769
2020-06-CENSUS-0000170255,GSA_MIGRATION,2020,2021-06-30,050455432
2020-06-CENSUS-0000170255,GSA_MIGRATION,2020,2021-06-30,050311968
2020-06-CENSUS-0000170255,GSA_MIGRATION,2020,2021-06-30,223011455
2020-09-CENSUS-0000192969,GSA_MIGRATION,2020,2021-06-23,596000712
2020-09-CENSUS-0000192969,GSA_MIGRATION,2020,2021-06-23,596000710
2020-12-CENSUS-0000182450,GSA_MIGRATION,2020,2021-09-26,726015208
2020-12-CENSUS-0000182450,GSA_MIGRATION,2020,2021-09-26,726009780
2020-12-CENSUS-0000182450,GSA_MIGRATION,2020,2021-09-26,720985631
2020-12-CENSUS-0000182450,GSA_MIGRATION,2020,2021-09-26,721077320
2020-12-CENSUS-0000182450,GSA_MIGRATION,2020,2021-09-26,726002164
2020-12-CENSUS-0000182450,GSA_MIGRATION,2020,2021-09-26,720634394
2020-06-CENSUS-0000133348,GSA_MIGRATION,2020,2021-06-13,770411399
2020-12-CENSUS-0000058693,GSA_MIGRATION,2020,2021-06-30,770671639
2020-06-CENSUS-0000218958,GSA_MIGRATION,2020,2021-03-30,260353071
2020-12-CENSUS-0000065323,GSA_MIGRATION,2020,2021-09-29,421363531
2020-12-CENSUS-0000065804,GSA_MIGRATION,2020,2021-07-22,161765276
2020-06-CENSUS-0000027705,GSA_MIGRATION,2020,2021-03-25,232965144
2020-12-CENSUS-0000239431,GSA_MIGRATION,2020,2021-08-06,371779824
2020-12-CENSUS-0000239431,GSA_MIGRATION,2020,2021-08-06,454997977
2020-12-CENSUS-0000239431,GSA_MIGRATION,2020,2021-08-06,832422604
2020-11-CENSUS-0000213103,GSA_MIGRATION,2020,2021-07-21,370914443
2020-11-CENSUS-0000213103,GSA_MIGRATION,2020,2021-07-21,371251255
2020-11-CENSUS-0000213103,GSA_MIGRATION,2020,2021-07-21,371289939
2020-06-CENSUS-0000180143,GSA_MIGRATION,2020,2021-04-05,660433765
2020-06-CENSUS-0000180143,GSA_MIGRATION,2020,2021-04-05,660560809
2020-06-CENSUS-0000180143,GSA_MIGRATION,2020,2021-04-05,660433762
2020-06-CENSUS-0000180143,GSA_MIGRATION,2020,2021-04-05,660560804
2020-06-CENSUS-0000180143,GSA_MIGRATION,2020,2021-04-05,660433763
2020-06-CENSUS-0000180143,GSA_MIGRATION,2020,2021-04-05,660400325
2020-06-CENSUS-0000180143,GSA_MIGRATION,2020,2021-04-05,660433760
2020-06-CENSUS-0000180143,GSA_MIGRATION,2020,2021-04-05,660560806
2020-06-CENSUS-0000180143,GSA_MIGRATION,2020,2021-04-05,660433761
2020-06-CENSUS-0000180143,GSA_MIGRATION,2020,2021-04-05,660433766
2020-06-CENSUS-0000180143,GSA_MIGRATION,2020,2021-04-05,660433768
2020-06-CENSUS-0000180143,GSA_MIGRATION,2020,2021-04-05,660560805
2020-06-CENSUS-0000180143,GSA_MIGRATION,2020,2021-04-05,660560807
2020-06-CENSUS-0000180143,GSA_MIGRATION,2020,2021-04-05,660560808
2020-06-CENSUS-0000180143,GSA_MIGRATION,2020,2021-04-05,990433763
2020-12-CENSUS-0000187756,GSA_MIGRATION,2020,2021-07-20,202069870
2020-12-CENSUS-0000187756,GSA_MIGRATION,2020,2021-07-20,010754068
2020-06-CENSUS-0000245499,GSA_MIGRATION,2020,2021-03-21,361722800
2020-06-CENSUS-0000003432,GSA_MIGRATION,2020,2021-03-21,800538261
2020-06-CENSUS-0000136063,GSA_MIGRATION,2020,2021-03-29,591210485
2020-06-CENSUS-0000136063,GSA_MIGRATION,2020,2021-03-29,591149317
2020-06-CENSUS-0000136063,GSA_MIGRATION,2020,2021-03-29,591219841
2020-06-CENSUS-0000136063,GSA_MIGRATION,2020,2021-03-29,591211489
2020-06-CENSUS-0000136063,GSA_MIGRATION,2020,2021-03-29,591209033
2020-06-CENSUS-0000136063,GSA_MIGRATION,2020,2021-03-29,591216000
2020-06-CENSUS-0000136063,GSA_MIGRATION,2020,2021-03-29,591216316
2020-06-CENSUS-0000136063,GSA_MIGRATION,2020,2021-03-29,591211226
2020-06-CENSUS-0000136063,GSA_MIGRATION,2020,2021-03-29,591207555
2020-06-CENSUS-0000136063,GSA_MIGRATION,2020,2021-03-29,591215107
2020-09-CENSUS-0000096036,GSA_MIGRATION,2020,2021-09-19,640662976
2020-09-CENSUS-0000096036,GSA_MIGRATION,2020,2021-09-19,640668465
2020-09-CENSUS-0000096036,GSA_MIGRATION,2020,2021-09-19,640751410
2020-09-CENSUS-0000096036,GSA_MIGRATION,2020,2021-09-19,640741047
2020-09-CENSUS-0000096036,GSA_MIGRATION,2020,2021-09-19,640819193
2020-09-CENSUS-0000096036,GSA_MIGRATION,2020,2021-09-19,640926753
2020-09-CENSUS-0000096036,GSA_MIGRATION,2020,2021-09-19,320583236
2020-12-CENSUS-0000250273,GSA_MIGRATION,2020,2021-03-18,251361573
2020-06-CENSUS-0000176123,GSA_MIGRATION,2020,2021-01-07,546001679
2020-05-CENSUS-0000028567,GSA_MIGRATION,2020,2021-02-28,222536011
2020-05-CENSUS-0000028567,GSA_MIGRATION,2020,2021-02-28,232758281
2020-05-CENSUS-0000028567,GSA_MIGRATION,2020,2021-02-28,232877541
2020-05-CENSUS-0000028567,GSA_MIGRATION,2020,2021-02-28,232973366
2020-09-CENSUS-0000032605,GSA_MIGRATION,2020,2021-08-05,381795659
2020-06-CENSUS-0000187967,GSA_MIGRATION,2020,2021-01-05,463082856
2020-06-CENSUS-0000187967,GSA_MIGRATION,2020,2021-01-05,901010528
2020-06-CENSUS-0000171410,GSA_MIGRATION,2020,2021-02-10,606000714
2020-06-CENSUS-0000171410,GSA_MIGRATION,2020,2021-02-10,626000717
2020-06-CENSUS-0000003338,GSA_MIGRATION,2020,2021-03-14,512165256
2020-06-CENSUS-0000003338,GSA_MIGRATION,2020,2021-03-14,522452609
2020-06-CENSUS-0000210118,GSA_MIGRATION,2020,2021-01-05,271168021
2020-06-CENSUS-0000210118,GSA_MIGRATION,2020,2021-01-05,471328223
2020-06-CENSUS-0000210118,GSA_MIGRATION,2020,2021-01-05,742765568
2020-06-CENSUS-0000210118,GSA_MIGRATION,2020,2021-01-05,742990196
2020-06-CENSUS-0000210118,GSA_MIGRATION,2020,2021-01-05,200335980
2020-06-CENSUS-0000210118,GSA_MIGRATION,2020,2021-01-05,203928017
2020-06-CENSUS-0000210118,GSA_MIGRATION,2020,2021-01-05,821028043
2020-06-CENSUS-0000210118,GSA_MIGRATION,2020,2021-01-05,203907891
2020-06-CENSUS-0000210118,GSA_MIGRATION,2020,2021-01-05,471336787
2020-06-CENSUS-0000210118,GSA_MIGRATION,2020,2021-01-05,200478546
2020-06-CENSUS-0000210118,GSA_MIGRATION,2020,2021-01-05,562476338
2020-06-CENSUS-0000210118,GSA_MIGRATION,2020,2021-01-05,651253386
2020-06-CENSUS-0000210118,GSA_MIGRATION,2020,2021-01-05,743019365
2020-06-CENSUS-0000124792,GSA_MIGRATION,2020,2021-02-15,954457426
2020-06-CENSUS-0000010512,GSA_MIGRATION,2020,2021-07-01,470859350
2020-06-CENSUS-0000126234,GSA_MIGRATION,2020,2021-04-01,841661910
2020-06-CENSUS-0000126234,GSA_MIGRATION,2020,2021-04-01,471065461
2020-12-CENSUS-0000248298,GSA_MIGRATION,2020,2021-04-19,452471096
2020-12-CENSUS-0000248298,GSA_MIGRATION,2020,2021-04-19,462796593
2020-12-CENSUS-0000183105,GSA_MIGRATION,2020,2021-04-29,042650113
2020-12-CENSUS-0000183105,GSA_MIGRATION,2020,2021-04-29,042650115
2020-12-CENSUS-0000183105,GSA_MIGRATION,2020,2021-04-29,042668678
2020-12-CENSUS-0000227967,GSA_MIGRATION,2020,2021-05-06,262394797
2020-12-CENSUS-0000227967,GSA_MIGRATION,2020,2021-05-06,262394885
2020-12-CENSUS-0000230092,GSA_MIGRATION,2020,2021-09-22,320297285
2020-12-CENSUS-0000251013,GSA_MIGRATION,2020,2021-08-31,271835547
2020-12-CENSUS-0000251013,GSA_MIGRATION,2020,2021-08-31,270834118
2020-12-CENSUS-0000251013,GSA_MIGRATION,2020,2021-08-31,460638330
2020-12-CENSUS-0000251013,GSA_MIGRATION,2020,2021-08-31,462535295
2020-12-CENSUS-0000251013,GSA_MIGRATION,2020,2021-08-31,852046053
2020-12-CENSUS-0000251013,GSA_MIGRATION,2020,2021-08-31,270168491
2020-12-CENSUS-0000251013,GSA_MIGRATION,2020,2021-08-31,822487188
2020-12-CENSUS-0000251013,GSA_MIGRATION,2020,2021-08-31,271517745
2020-12-CENSUS-0000074789,GSA_MIGRATION,2020,2021-09-09,320060209
2020-06-CENSUS-0000097632,GSA_MIGRATION,2020,2021-04-30,710840860
2020-06-CENSUS-0000097632,GSA_MIGRATION,2020,2021-04-30,830354527
2020-06-CENSUS-0000097632,GSA_MIGRATION,2020,2021-04-30,454616350
2020-06-CENSUS-0000097632,GSA_MIGRATION,2020,2021-04-30,710547043
2020-06-CENSUS-0000097632,GSA_MIGRATION,2020,2021-04-30,320188570
2020-06-CENSUS-0000050485,GSA_MIGRATION,2020,2021-03-01,361500900
2020-06-CENSUS-0000050485,GSA_MIGRATION,2020,2021-03-01,363932824
2020-06-CENSUS-0000050485,GSA_MIGRATION,2020,2021-03-01,362179802
2020-06-CENSUS-0000050485,GSA_MIGRATION,2020,2021-03-01,362170133
2020-06-CENSUS-0000050485,GSA_MIGRATION,2020,2021-03-01,363305449
2020-06-CENSUS-0000136760,GSA_MIGRATION,2020,2021-01-24,200940772
2020-06-CENSUS-0000143623,GSA_MIGRATION,2020,2021-01-03,900676732
2020-06-CENSUS-0000143623,GSA_MIGRATION,2020,2021-01-03,421351175
2020-06-CENSUS-0000171449,GSA_MIGRATION,2020,2021-03-14,626008906
2020-06-CENSUS-0000171449,GSA_MIGRATION,2020,2021-03-14,626000908
2020-06-CENSUS-0000171449,GSA_MIGRATION,2020,2021-03-14,621508409
2020-06-CENSUS-0000176044,GSA_MIGRATION,2020,2021-02-07,546001175
2020-06-CENSUS-0000176044,GSA_MIGRATION,2020,2021-02-07,546001178
2020-12-CENSUS-0000220093,GSA_MIGRATION,2020,2021-04-29,112563026
2020-06-CENSUS-0000182877,GSA_MIGRATION,2020,2021-01-05,546001692
2020-06-CENSUS-0000182877,GSA_MIGRATION,2020,2021-01-05,546001693
2020-11-CENSUS-0000212235,GSA_MIGRATION,2020,2021-02-15,814408523
2020-11-CENSUS-0000212235,GSA_MIGRATION,2020,2021-02-15,364456318
2020-06-CENSUS-0000027372,GSA_MIGRATION,2020,2021-09-29,231352160
2020-06-CENSUS-0000027372,GSA_MIGRATION,2020,2021-09-29,231529076
2020-06-CENSUS-0000027372,GSA_MIGRATION,2020,2021-09-29,232175659
2020-06-CENSUS-0000130252,GSA_MIGRATION,2020,2021-06-29,860455697
2020-06-CENSUS-0000176097,GSA_MIGRATION,2020,2021-03-10,546001493
2020-06-CENSUS-0000176097,GSA_MIGRATION,2020,2021-03-10,546001490
2020-06-CENSUS-0000176047,GSA_MIGRATION,2020,2021-04-14,546001194
2020-06-CENSUS-0000176047,GSA_MIGRATION,2020,2021-04-14,546001191
2020-06-CENSUS-0000181664,GSA_MIGRATION,2020,2021-10-28,742579628
2020-06-CENSUS-0000181664,GSA_MIGRATION,2020,2021-10-28,452356396
2020-06-CENSUS-0000181664,GSA_MIGRATION,2020,2021-10-28,860196696
2020-06-CENSUS-0000181664,GSA_MIGRATION,2020,2021-10-28,742652689
2020-06-CENSUS-0000209778,GSA_MIGRATION,2020,2021-06-14,133466166
2020-12-CENSUS-0000249598,GSA_MIGRATION,2020,2021-08-11,161475486
2020-11-CENSUS-0000138640,GSA_MIGRATION,2020,2021-07-28,200000067
2020-11-CENSUS-0000138640,GSA_MIGRATION,2020,2021-07-28,376000968
2020-11-CENSUS-0000138640,GSA_MIGRATION,2020,2021-07-28,376000969
2020-11-CENSUS-0000138640,GSA_MIGRATION,2020,2021-07-28,371096249
2020-06-CENSUS-0000176116,GSA_MIGRATION,2020,2021-08-30,546001624
2020-12-CENSUS-0000205505,GSA_MIGRATION,2020,2021-08-16,043473587
2020-12-CENSUS-0000205505,GSA_MIGRATION,2020,2021-08-16,223042334
2020-12-CENSUS-0000205505,GSA_MIGRATION,2020,2021-08-16,237420526
2020-12-CENSUS-0000205505,GSA_MIGRATION,2020,2021-08-16,462807273
2020-12-CENSUS-0000090587,GSA_MIGRATION,2020,2021-09-20,593572590
2020-12-CENSUS-0000049410,GSA_MIGRATION,2020,2021-07-06,843210537
2020-06-CENSUS-0000171389,GSA_MIGRATION,2020,2021-03-25,626025730
2020-06-CENSUS-0000171389,GSA_MIGRATION,2020,2021-03-25,626000628
2020-09-CENSUS-0000123653,GSA_MIGRATION,2020,2021-02-08,753065445
2020-09-CENSUS-0000123653,GSA_MIGRATION,2020,2021-02-08,953432210
2019-12-CENSUS-0000156269,GSA_MIGRATION,2019,2021-01-08,020511413
2019-12-CENSUS-0000156269,GSA_MIGRATION,2019,2021-01-08,472753561
2019-12-CENSUS-0000156269,GSA_MIGRATION,2019,2021-01-08,010504037
2019-12-CENSUS-0000156269,GSA_MIGRATION,2019,2021-01-08,274628417
2019-12-CENSUS-0000156269,GSA_MIGRATION,2019,2021-01-08,274628494
2019-12-CENSUS-0000156269,GSA_MIGRATION,2019,2021-01-08,431996683
2019-12-CENSUS-0000156269,GSA_MIGRATION,2019,2021-01-08,200718097
2019-12-CENSUS-0000156269,GSA_MIGRATION,2019,2021-01-08,510539496
2020-09-CENSUS-0000023522,GSA_MIGRATION,2020,2021-12-20,050258954
2020-09-CENSUS-0000023522,GSA_MIGRATION,2020,2021-12-20,050258905
2020-09-CENSUS-0000023522,GSA_MIGRATION,2020,2021-12-20,050258806
2020-09-CENSUS-0000023522,GSA_MIGRATION,2020,2021-12-20,050309043
2020-09-CENSUS-0000023522,GSA_MIGRATION,2020,2021-12-20,050258914
2020-06-CENSUS-0000202105,GSA_MIGRATION,2020,2021-03-30,210634549
2020-06-CENSUS-0000202105,GSA_MIGRATION,2020,2021-03-30,210721208
2020-06-CENSUS-0000202105,GSA_MIGRATION,2020,2021-03-30,222148992
2020-06-CENSUS-0000202105,GSA_MIGRATION,2020,2021-03-30,223265214
2020-06-CENSUS-0000202105,GSA_MIGRATION,2020,2021-03-30,231352187
2020-06-CENSUS-0000202105,GSA_MIGRATION,2020,2021-03-30,231512747
2020-06-CENSUS-0000202105,GSA_MIGRATION,2020,2021-03-30,231996150
2020-06-CENSUS-0000202105,GSA_MIGRATION,2020,2021-03-30,232193572
2020-06-CENSUS-0000202105,GSA_MIGRATION,2020,2021-03-30,232311553
2020-06-CENSUS-0000202105,GSA_MIGRATION,2020,2021-03-30,232967235
2020-06-CENSUS-0000202105,GSA_MIGRATION,2020,2021-03-30,240792115
2020-06-CENSUS-0000202105,GSA_MIGRATION,2020,2021-03-30,240795959
2020-06-CENSUS-0000202105,GSA_MIGRATION,2020,2021-03-30,240862246
2020-06-CENSUS-0000202105,GSA_MIGRATION,2020,2021-03-30,260812968
2020-06-CENSUS-0000232275,GSA_MIGRATION,2020,2021-08-25,370512290
2020-06-CENSUS-0000232275,GSA_MIGRATION,2020,2021-08-25,371157915
2020-06-CENSUS-0000232275,GSA_MIGRATION,2020,2021-08-25,370661236
2020-06-CENSUS-0000232275,GSA_MIGRATION,2020,2021-08-25,370663568
2020-06-CENSUS-0000232275,GSA_MIGRATION,2020,2021-08-25,370661238
2020-06-CENSUS-0000232275,GSA_MIGRATION,2020,2021-08-25,370661244
2020-06-CENSUS-0000232275,GSA_MIGRATION,2020,2021-08-25,390817529
2020-06-CENSUS-0000232275,GSA_MIGRATION,2020,2021-08-25,371208459
2020-06-CENSUS-0000232275,GSA_MIGRATION,2020,2021-08-25,390848401
2020-06-CENSUS-0000232275,GSA_MIGRATION,2020,2021-08-25,390807060
2020-06-CENSUS-0000232275,GSA_MIGRATION,2020,2021-08-25,390810545
2020-12-CENSUS-0000246260,GSA_MIGRATION,2020,2021-09-30,752430958
2020-12-CENSUS-0000246260,GSA_MIGRATION,2020,2021-09-30,752684375
2020-12-CENSUS-0000246260,GSA_MIGRATION,2020,2021-09-30,752242652
2020-12-CENSUS-0000246260,GSA_MIGRATION,2020,2021-09-30,475215505
2020-12-CENSUS-0000246260,GSA_MIGRATION,2020,2021-09-30,364820457
2020-12-CENSUS-0000246260,GSA_MIGRATION,2020,2021-09-30,352544263
2020-12-CENSUS-0000246260,GSA_MIGRATION,2020,2021-09-30,752164291
2020-06-CENSUS-0000176283,GSA_MIGRATION,2020,2021-01-06,546001630
2020-12-CENSUS-0000049263,GSA_MIGRATION,2020,2021-09-22,363846104
2020-06-CENSUS-0000131434,GSA_MIGRATION,2020,2021-01-03,453527429
2020-12-CENSUS-0000249927,GSA_MIGRATION,2020,2021-10-18,396005647
2020-06-CENSUS-0000176293,GSA_MIGRATION,2020,2021-01-05,541207347
2020-06-CENSUS-0000171598,GSA_MIGRATION,2020,2021-03-29,626000037
2020-06-CENSUS-0000171598,GSA_MIGRATION,2020,2021-03-29,626018910
2020-11-CENSUS-0000208551,GSA_MIGRATION,2020,2021-08-10,371102843
2020-06-CENSUS-0000176041,GSA_MIGRATION,2020,2021-01-04,546001152
2020-06-CENSUS-0000176041,GSA_MIGRATION,2020,2021-01-04,546001155
2020-06-CENSUS-0000003275,GSA_MIGRATION,2020,2021-01-19,813939074
2020-06-CENSUS-0000244411,GSA_MIGRATION,2020,2021-04-18,751837454
2020-06-CENSUS-0000244411,GSA_MIGRATION,2020,2021-04-18,752834135
2020-06-CENSUS-0000244411,GSA_MIGRATION,2020,2021-04-18,260194016
2020-06-CENSUS-0000244411,GSA_MIGRATION,2020,2021-04-18,824052186
2020-06-CENSUS-0000244411,GSA_MIGRATION,2020,2021-04-18,751844139
2020-06-CENSUS-0000244411,GSA_MIGRATION,2020,2021-04-18,751777119
2020-06-CENSUS-0000244411,GSA_MIGRATION,2020,2021-04-18,820551704
2020-06-CENSUS-0000244411,GSA_MIGRATION,2020,2021-04-18,412101361
2020-06-CENSUS-0000244411,GSA_MIGRATION,2020,2021-04-18,263603862
2020-06-CENSUS-0000244411,GSA_MIGRATION,2020,2021-04-18,751037591
2020-06-CENSUS-0000244411,GSA_MIGRATION,2020,2021-04-18,752586857
2020-06-CENSUS-0000244411,GSA_MIGRATION,2020,2021-04-18,751008430
2020-06-CENSUS-0000244411,GSA_MIGRATION,2020,2021-04-18,751921898
2020-06-CENSUS-0000244411,GSA_MIGRATION,2020,2021-04-18,752536818
2020-06-CENSUS-0000244411,GSA_MIGRATION,2020,2021-04-18,203749695
2020-06-CENSUS-0000244411,GSA_MIGRATION,2020,2021-04-18,741161944
2020-06-CENSUS-0000244411,GSA_MIGRATION,2020,2021-04-18,274434451
2020-06-CENSUS-0000244411,GSA_MIGRATION,2020,2021-04-18,464007700
2020-06-CENSUS-0000244411,GSA_MIGRATION,2020,2021-04-18,741166904
2020-06-CENSUS-0000244411,GSA_MIGRATION,2020,2021-04-18,202850920
2020-06-CENSUS-0000244411,GSA_MIGRATION,2020,2021-04-18,742519752
2020-06-CENSUS-0000244411,GSA_MIGRATION,2020,2021-04-18,273026151
2020-06-CENSUS-0000244411,GSA_MIGRATION,2020,2021-04-18,741595711
2020-06-CENSUS-0000244411,GSA_MIGRATION,2020,2021-04-18,813040663
2020-06-CENSUS-0000244411,GSA_MIGRATION,2020,2021-04-18,752958277
2020-06-CENSUS-0000215313,GSA_MIGRATION,2020,2021-07-28,431987541
2020-12-CENSUS-0000224672,GSA_MIGRATION,2020,2021-12-19,226106281
2020-12-CENSUS-0000224672,GSA_MIGRATION,2020,2021-12-19,201486678
2020-12-CENSUS-0000224672,GSA_MIGRATION,2020,2021-12-19,521255870
2020-12-CENSUS-0000224672,GSA_MIGRATION,2020,2021-12-19,222333410
2020-12-CENSUS-0000224672,GSA_MIGRATION,2020,2021-12-19,204600064
2020-12-CENSUS-0000224672,GSA_MIGRATION,2020,2021-12-19,520986808
2020-06-CENSUS-0000215980,GSA_MIGRATION,2020,2021-01-12,113596666
2020-12-CENSUS-0000134792,GSA_MIGRATION,2020,2021-07-29,841568446
2020-06-CENSUS-0000239636,GSA_MIGRATION,2020,2021-07-07,463123178
2020-06-CENSUS-0000239636,GSA_MIGRATION,2020,2021-07-07,720408970
2020-06-CENSUS-0000239636,GSA_MIGRATION,2020,2021-07-07,720423635
2020-06-CENSUS-0000239636,GSA_MIGRATION,2020,2021-07-07,720423651
2020-06-CENSUS-0000239636,GSA_MIGRATION,2020,2021-07-07,721173156
2020-06-CENSUS-0000239636,GSA_MIGRATION,2020,2021-07-07,640303091
2020-06-CENSUS-0000239636,GSA_MIGRATION,2020,2021-07-07,721495500
2020-09-CENSUS-0000136140,GSA_MIGRATION,2020,2021-03-18,596000897
2020-09-CENSUS-0000136140,GSA_MIGRATION,2020,2021-03-18,592447562
2020-09-CENSUS-0000136140,GSA_MIGRATION,2020,2021-03-18,596000894
2020-06-CENSUS-0000171439,GSA_MIGRATION,2020,2021-02-11,626000862
2020-06-CENSUS-0000185657,GSA_MIGRATION,2020,2021-05-25,464433655
2020-06-CENSUS-0000185657,GSA_MIGRATION,2020,2021-05-25,680088443
2020-06-CENSUS-0000185657,GSA_MIGRATION,2020,2021-05-25,942831141
2020-12-CENSUS-0000108208,GSA_MIGRATION,2020,2021-07-18,810524158
2020-12-CENSUS-0000108208,GSA_MIGRATION,2020,2021-07-18,812075539
2020-12-CENSUS-0000108208,GSA_MIGRATION,2020,2021-07-18,271832846
2020-12-CENSUS-0000108208,GSA_MIGRATION,2020,2021-07-18,770492293
2020-09-CENSUS-0000204571,GSA_MIGRATION,2020,2021-08-03,461542132
2020-09-CENSUS-0000204571,GSA_MIGRATION,2020,2021-08-03,603899657
2020-09-CENSUS-0000204571,GSA_MIGRATION,2020,2021-08-03,521181107
2020-09-CENSUS-0000204571,GSA_MIGRATION,2020,2021-08-03,521963890
2020-09-CENSUS-0000204571,GSA_MIGRATION,2020,2021-08-03,273311893
2020-09-CENSUS-0000212809,GSA_MIGRATION,2020,2021-03-04,381737643
2020-06-CENSUS-0000176056,GSA_MIGRATION,2020,2021-01-25,546001252
2020-06-CENSUS-0000176056,GSA_MIGRATION,2020,2021-01-25,546001255
2020-10-CENSUS-0000181210,GSA_MIGRATION,2020,2021-05-17,842173788
2020-09-CENSUS-0000090477,GSA_MIGRATION,2020,2021-01-03,833480190
2020-09-CENSUS-0000090477,GSA_MIGRATION,2020,2021-01-03,300024593
2020-09-CENSUS-0000090477,GSA_MIGRATION,2020,2021-01-03,593411351
2020-09-CENSUS-0000090477,GSA_MIGRATION,2020,2021-01-03,593598686
2020-06-CENSUS-0000176100,GSA_MIGRATION,2020,2021-02-03,546001521
2020-06-CENSUS-0000251143,GSA_MIGRATION,2020,2021-09-27,810837031
2020-06-CENSUS-0000251143,GSA_MIGRATION,2020,2021-09-27,580968382
2020-06-CENSUS-0000251143,GSA_MIGRATION,2020,2021-09-27,582026750
2020-06-CENSUS-0000251143,GSA_MIGRATION,2020,2021-09-27,582032904
2020-06-CENSUS-0000251143,GSA_MIGRATION,2020,2021-09-27,582095884
2020-06-CENSUS-0000251143,GSA_MIGRATION,2020,2021-09-27,810851756
2020-06-CENSUS-0000251143,GSA_MIGRATION,2020,2021-09-27,810864789
2020-06-CENSUS-0000251143,GSA_MIGRATION,2020,2021-09-27,810875069
2020-06-CENSUS-0000251143,GSA_MIGRATION,2020,2021-09-27,205497506
2020-06-CENSUS-0000251143,GSA_MIGRATION,2020,2021-09-27,273818647
2020-12-CENSUS-0000142655,GSA_MIGRATION,2020,2021-10-07,356001344
2020-12-CENSUS-0000142655,GSA_MIGRATION,2020,2021-10-07,351102400
2020-06-CENSUS-0000001165,GSA_MIGRATION,2020,2021-09-28,020360640
2020-12-CENSUS-0000103219,GSA_MIGRATION,2020,2021-06-09,742678601
2020-12-CENSUS-0000103219,GSA_MIGRATION,2020,2021-06-09,742602616
2020-12-CENSUS-0000103219,GSA_MIGRATION,2020,2021-06-09,742539401
2020-12-CENSUS-0000103219,GSA_MIGRATION,2020,2021-06-09,742564401
2020-12-CENSUS-0000103219,GSA_MIGRATION,2020,2021-06-09,742592916
2020-12-CENSUS-0000103219,GSA_MIGRATION,2020,2021-06-09,742748151
2020-12-CENSUS-0000103219,GSA_MIGRATION,2020,2021-06-09,742748153
2020-12-CENSUS-0000103219,GSA_MIGRATION,2020,2021-06-09,742748154
2020-12-CENSUS-0000103219,GSA_MIGRATION,2020,2021-06-09,742763624
2020-12-CENSUS-0000103219,GSA_MIGRATION,2020,2021-06-09,203499523
2020-12-CENSUS-0000103219,GSA_MIGRATION,2020,2021-06-09,205368522
2020-12-CENSUS-0000103219,GSA_MIGRATION,2020,2021-06-09,208832910
2020-12-CENSUS-0000103219,GSA_MIGRATION,2020,2021-06-09,208832986
2020-12-CENSUS-0000103219,GSA_MIGRATION,2020,2021-06-09,264307826
2020-12-CENSUS-0000103219,GSA_MIGRATION,2020,2021-06-09,271658922
2020-12-CENSUS-0000103219,GSA_MIGRATION,2020,2021-06-09,300782026
2020-12-CENSUS-0000103219,GSA_MIGRATION,2020,2021-06-09,383905974
2020-12-CENSUS-0000103219,GSA_MIGRATION,2020,2021-06-09,452536080
2020-12-CENSUS-0000103219,GSA_MIGRATION,2020,2021-06-09,452536121
2020-12-CENSUS-0000103219,GSA_MIGRATION,2020,2021-06-09,455426309
2020-12-CENSUS-0000103219,GSA_MIGRATION,2020,2021-06-09,463515548
2020-12-CENSUS-0000103219,GSA_MIGRATION,2020,2021-06-09,471524782
2020-12-CENSUS-0000103219,GSA_MIGRATION,2020,2021-06-09,471527249
2020-12-CENSUS-0000103219,GSA_MIGRATION,2020,2021-06-09,471541322
2020-12-CENSUS-0000103219,GSA_MIGRATION,2020,2021-06-09,474709273
2020-12-CENSUS-0000103219,GSA_MIGRATION,2020,2021-06-09,611711649
2020-12-CENSUS-0000103219,GSA_MIGRATION,2020,2021-06-09,611711763
2020-12-CENSUS-0000103219,GSA_MIGRATION,2020,2021-06-09,742877220
2020-12-CENSUS-0000103219,GSA_MIGRATION,2020,2021-06-09,742914069
2020-12-CENSUS-0000103219,GSA_MIGRATION,2020,2021-06-09,742941951
2020-12-CENSUS-0000103219,GSA_MIGRATION,2020,2021-06-09,742951149
2020-12-CENSUS-0000103219,GSA_MIGRATION,2020,2021-06-09,743018421
2020-12-CENSUS-0000103219,GSA_MIGRATION,2020,2021-06-09,743018422
2020-12-CENSUS-0000103219,GSA_MIGRATION,2020,2021-06-09,743018423
2020-12-CENSUS-0000103219,GSA_MIGRATION,2020,2021-06-09,743019950
2020-12-CENSUS-0000103219,GSA_MIGRATION,2020,2021-06-09,822471788
2020-12-CENSUS-0000103219,GSA_MIGRATION,2020,2021-06-09,830881482
2020-12-CENSUS-0000103219,GSA_MIGRATION,2020,2021-06-09,831562744
2020-12-CENSUS-0000103219,GSA_MIGRATION,2020,2021-06-09,831580963
2020-12-CENSUS-0000103219,GSA_MIGRATION,2020,2021-06-09,831594966
2020-12-CENSUS-0000103219,GSA_MIGRATION,2020,2021-06-09,831606631
2020-12-CENSUS-0000103219,GSA_MIGRATION,2020,2021-06-09,831622869
2020-12-CENSUS-0000103219,GSA_MIGRATION,2020,2021-06-09,831647935
2020-12-CENSUS-0000103219,GSA_MIGRATION,2020,2021-06-09,831657116
2020-12-CENSUS-0000103219,GSA_MIGRATION,2020,2021-06-09,834321982
2020-12-CENSUS-0000103219,GSA_MIGRATION,2020,2021-06-09,842697044
2020-12-CENSUS-0000103219,GSA_MIGRATION,2020,2021-06-09,843652178
2020-12-CENSUS-0000103219,GSA_MIGRATION,2020,2021-06-09,852312000
2020-03-CENSUS-0000220502,GSA_MIGRATION,2020,2021-06-09,472139483
2020-03-CENSUS-0000220502,GSA_MIGRATION,2020,2021-06-09,472145395
2020-06-CENSUS-0000176046,GSA_MIGRATION,2020,2021-01-24,546001189
2020-06-CENSUS-0000176046,GSA_MIGRATION,2020,2021-01-24,546001187
2020-06-CENSUS-0000176046,GSA_MIGRATION,2020,2021-01-24,546001190
2020-12-CENSUS-0000146695,GSA_MIGRATION,2020,2021-08-04,208440045
2020-12-CENSUS-0000146695,GSA_MIGRATION,2020,2021-08-04,452367519
2020-12-CENSUS-0000146695,GSA_MIGRATION,2020,2021-08-04,720894447
2020-12-CENSUS-0000146695,GSA_MIGRATION,2020,2021-08-04,383854992
2020-12-CENSUS-0000146695,GSA_MIGRATION,2020,2021-08-04,726011003
2020-12-CENSUS-0000146695,GSA_MIGRATION,2020,2021-08-04,680557697
2020-12-CENSUS-0000146695,GSA_MIGRATION,2020,2021-08-04,300599773
2020-12-CENSUS-0000146695,GSA_MIGRATION,2020,2021-08-04,721484572
2020-12-CENSUS-0000146695,GSA_MIGRATION,2020,2021-08-04,320320286
2020-12-CENSUS-0000146695,GSA_MIGRATION,2020,2021-08-04,320355080
2020-12-CENSUS-0000146695,GSA_MIGRATION,2020,2021-08-04,364711008
2020-12-CENSUS-0000146695,GSA_MIGRATION,2020,2021-08-04,421657885
2020-12-CENSUS-0000146695,GSA_MIGRATION,2020,2021-08-04,680672560
2020-12-CENSUS-0000146695,GSA_MIGRATION,2020,2021-08-04,720695766
2020-12-CENSUS-0000146695,GSA_MIGRATION,2020,2021-08-04,721500975
2020-12-CENSUS-0000146695,GSA_MIGRATION,2020,2021-08-04,726013758
2020-12-CENSUS-0000146695,GSA_MIGRATION,2020,2021-08-04,800550993
2020-12-CENSUS-0000146695,GSA_MIGRATION,2020,2021-08-04,900789172
2020-12-CENSUS-0000037990,GSA_MIGRATION,2020,2021-07-26,204604248
2020-12-CENSUS-0000037990,GSA_MIGRATION,2020,2021-07-26,204604140
2020-12-CENSUS-0000192812,GSA_MIGRATION,2020,2021-08-09,463525704
2020-12-CENSUS-0000192812,GSA_MIGRATION,2020,2021-08-09,911559906
2020-06-CENSUS-0000025377,GSA_MIGRATION,2020,2021-07-27,231352117
2020-06-CENSUS-0000025377,GSA_MIGRATION,2020,2021-07-27,231994645
2020-12-CENSUS-0000246031,GSA_MIGRATION,2020,2021-07-28,843344516
2020-05-CENSUS-0000123517,GSA_MIGRATION,2020,2021-08-30,260152908
2020-06-CENSUS-0000221064,GSA_MIGRATION,2020,2021-06-03,391842445
2020-06-CENSUS-0000221064,GSA_MIGRATION,2020,2021-06-03,472553196
2020-06-CENSUS-0000221064,GSA_MIGRATION,2020,2021-06-03,391329429
2020-06-CENSUS-0000221064,GSA_MIGRATION,2020,2021-06-03,842190024
2020-06-CENSUS-0000221064,GSA_MIGRATION,2020,2021-06-03,832278676
2020-06-CENSUS-0000221064,GSA_MIGRATION,2020,2021-06-03,391796267
2020-06-CENSUS-0000221064,GSA_MIGRATION,2020,2021-06-03,391807425
2020-06-CENSUS-0000221064,GSA_MIGRATION,2020,2021-06-03,461630964
2020-06-CENSUS-0000221064,GSA_MIGRATION,2020,2021-06-03,455490584
2020-09-CENSUS-0000068080,GSA_MIGRATION,2020,2021-07-29,431641927
2020-09-CENSUS-0000068080,GSA_MIGRATION,2020,2021-07-29,431656689
2020-09-CENSUS-0000068080,GSA_MIGRATION,2020,2021-07-29,436810485
2020-09-CENSUS-0000068080,GSA_MIGRATION,2020,2021-07-29,440577118
2020-09-CENSUS-0000068080,GSA_MIGRATION,2020,2021-07-29,440584290
2020-09-CENSUS-0000068080,GSA_MIGRATION,2020,2021-07-29,475148345
2020-09-CENSUS-0000068080,GSA_MIGRATION,2020,2021-07-29,823300758
2020-06-CENSUS-0000004068,GSA_MIGRATION,2020,2021-09-28,371957484
2020-09-CENSUS-0000007693,GSA_MIGRATION,2020,2021-06-10,061628001
2020-06-CENSUS-0000076047,GSA_MIGRATION,2020,2021-02-08,461116883
2020-06-CENSUS-0000138590,GSA_MIGRATION,2020,2021-06-23,362371220
2020-09-CENSUS-0000004292,GSA_MIGRATION,2020,2021-06-27,042103575
2020-09-CENSUS-0000216886,GSA_MIGRATION,2020,2021-02-03,464193446
2020-06-CENSUS-0000201900,GSA_MIGRATION,2020,2021-02-01,161550034
2020-06-CENSUS-0000201900,GSA_MIGRATION,2020,2021-02-01,453809815
2020-06-CENSUS-0000026668,GSA_MIGRATION,2020,2021-01-17,232587601
2020-06-CENSUS-0000026668,GSA_MIGRATION,2020,2021-01-17,261684283
2020-06-CENSUS-0000239659,GSA_MIGRATION,2020,2021-01-06,273750175
2020-06-CENSUS-0000239659,GSA_MIGRATION,2020,2021-01-06,273750206
2020-06-CENSUS-0000239659,GSA_MIGRATION,2020,2021-01-06,320433067
2020-06-CENSUS-0000239659,GSA_MIGRATION,2020,2021-01-06,451360165
2020-06-CENSUS-0000239659,GSA_MIGRATION,2020,2021-01-06,460678142
2020-09-CENSUS-0000243177,GSA_MIGRATION,2020,2021-01-29,030179418
2020-09-CENSUS-0000243177,GSA_MIGRATION,2020,2021-01-29,463593492
2020-06-CENSUS-0000207978,GSA_MIGRATION,2020,2021-02-04,112350264
2020-06-CENSUS-0000207978,GSA_MIGRATION,2020,2021-02-04,113073915
2020-06-CENSUS-0000207978,GSA_MIGRATION,2020,2021-02-04,237332842
2020-06-CENSUS-0000176078,GSA_MIGRATION,2020,2021-01-10,546001370
2020-06-CENSUS-0000176078,GSA_MIGRATION,2020,2021-01-10,546001372
2020-06-CENSUS-0000171369,GSA_MIGRATION,2020,2021-03-04,626000524
2020-06-CENSUS-0000171369,GSA_MIGRATION,2020,2021-03-04,626000525
2020-06-CENSUS-0000171369,GSA_MIGRATION,2020,2021-03-04,620927548
2020-06-CENSUS-0000171369,GSA_MIGRATION,2020,2021-03-04,621642109
2020-06-CENSUS-0000171366,GSA_MIGRATION,2020,2021-03-16,626000505
2020-06-CENSUS-0000171366,GSA_MIGRATION,2020,2021-03-16,626000507
2020-06-CENSUS-0000003830,GSA_MIGRATION,2020,2021-03-16,300472109
2020-06-CENSUS-0000003830,GSA_MIGRATION,2020,2021-03-16,300139018
2020-06-CENSUS-0000003830,GSA_MIGRATION,2020,2021-03-16,202176751
2020-06-CENSUS-0000003830,GSA_MIGRATION,2020,2021-03-16,412201540
2020-06-CENSUS-0000003830,GSA_MIGRATION,2020,2021-03-16,020593101
2020-12-CENSUS-0000059800,GSA_MIGRATION,2020,2021-07-11,454852665
2020-12-CENSUS-0000161740,GSA_MIGRATION,2020,2021-09-22,561398929
2020-06-CENSUS-0000135818,GSA_MIGRATION,2020,2021-01-07,066001602
2020-06-CENSUS-0000171419,GSA_MIGRATION,2020,2021-01-20,626000758
2020-06-CENSUS-0000171419,GSA_MIGRATION,2020,2021-01-20,621255554
2020-06-CENSUS-0000003146,GSA_MIGRATION,2020,2021-04-13,043222080
2020-06-CENSUS-0000003146,GSA_MIGRATION,2020,2021-04-13,043264960
2020-06-CENSUS-0000003146,GSA_MIGRATION,2020,2021-04-13,043322079
2020-06-CENSUS-0000003146,GSA_MIGRATION,2020,2021-04-13,043347901
2020-06-CENSUS-0000003146,GSA_MIGRATION,2020,2021-04-13,043453021
2020-06-CENSUS-0000003146,GSA_MIGRATION,2020,2021-04-13,043753636
2020-09-CENSUS-0000195146,GSA_MIGRATION,2020,2021-08-10,232998893
2020-06-CENSUS-0000032997,GSA_MIGRATION,2020,2021-12-08,261302482
2020-06-CENSUS-0000135779,GSA_MIGRATION,2020,2021-08-22,060974500
2020-12-CENSUS-0000196710,GSA_MIGRATION,2020,2021-08-30,931086939
2020-12-CENSUS-0000196710,GSA_MIGRATION,2020,2021-08-30,930956853
2020-12-CENSUS-0000196710,GSA_MIGRATION,2020,2021-08-30,311552944
2020-12-CENSUS-0000196710,GSA_MIGRATION,2020,2021-08-30,311552940
2020-12-CENSUS-0000196710,GSA_MIGRATION,2020,2021-08-30,331049115
2020-12-CENSUS-0000166777,GSA_MIGRATION,2020,2021-09-29,911207672
2020-06-CENSUS-0000033695,GSA_MIGRATION,2020,2021-03-02,222816550
2020-06-CENSUS-0000158720,GSA_MIGRATION,2020,2021-08-22,132655001
2020-06-CENSUS-0000158720,GSA_MIGRATION,2020,2021-08-22,133315273
2020-06-CENSUS-0000158720,GSA_MIGRATION,2020,2021-08-22,455311842
2020-06-CENSUS-0000128405,GSA_MIGRATION,2020,2021-08-17,831036020
2020-12-CENSUS-0000234450,GSA_MIGRATION,2020,2021-07-19,274743848
2020-06-CENSUS-0000202277,GSA_MIGRATION,2020,2021-07-20,546001504
2020-12-CENSUS-0000250873,GSA_MIGRATION,2020,2021-07-27,814357118
2020-12-CENSUS-0000250873,GSA_MIGRATION,2020,2021-07-27,731452832
2020-09-CENSUS-0000173195,GSA_MIGRATION,2020,2021-07-13,752809799
2020-09-CENSUS-0000173195,GSA_MIGRATION,2020,2021-07-13,752809795
2020-12-CENSUS-0000071813,GSA_MIGRATION,2020,2021-07-20,275284861
2020-06-CENSUS-0000108237,GSA_MIGRATION,2020,2021-03-30,810459542
2020-06-CENSUS-0000193043,GSA_MIGRATION,2020,2021-07-21,646001159
2020-06-CENSUS-0000193043,GSA_MIGRATION,2020,2021-07-21,646000819
2020-06-CENSUS-0000193043,GSA_MIGRATION,2020,2021-07-21,646008520
2020-06-CENSUS-0000193043,GSA_MIGRATION,2020,2021-07-21,646000013
2020-06-CENSUS-0000193043,GSA_MIGRATION,2020,2021-07-21,646001395
2020-06-CENSUS-0000193043,GSA_MIGRATION,2020,2021-07-21,646000826
2020-06-CENSUS-0000193043,GSA_MIGRATION,2020,2021-07-21,646000507
2020-06-CENSUS-0000193043,GSA_MIGRATION,2020,2021-07-21,646000818
2020-06-CENSUS-0000193043,GSA_MIGRATION,2020,2021-07-21,646026565
2020-09-CENSUS-0000101101,GSA_MIGRATION,2020,2021-08-01,760486264
2020-09-CENSUS-0000101101,GSA_MIGRATION,2020,2021-08-01,741100555
2020-09-CENSUS-0000101101,GSA_MIGRATION,2020,2021-08-01,461392824
2020-12-CENSUS-0000156269,GSA_MIGRATION,2020,2021-08-23,200272396
2020-12-CENSUS-0000156269,GSA_MIGRATION,2020,2021-08-23,020511413
2020-12-CENSUS-0000156269,GSA_MIGRATION,2020,2021-08-23,472753561
2020-12-CENSUS-0000156269,GSA_MIGRATION,2020,2021-08-23,010504037
2020-12-CENSUS-0000156269,GSA_MIGRATION,2020,2021-08-23,274628417
2020-12-CENSUS-0000156269,GSA_MIGRATION,2020,2021-08-23,274628494
2020-12-CENSUS-0000156269,GSA_MIGRATION,2020,2021-08-23,431996683
2020-12-CENSUS-0000156269,GSA_MIGRATION,2020,2021-08-23,200718097
2020-12-CENSUS-0000156269,GSA_MIGRATION,2020,2021-08-23,510539496
2020-09-CENSUS-0000250714,GSA_MIGRATION,2020,2021-06-24,832130386
2020-09-CENSUS-0000194570,GSA_MIGRATION,2020,2021-07-19,742716654
2020-09-CENSUS-0000194570,GSA_MIGRATION,2020,2021-07-19,742818289
2020-06-CENSUS-0000206285,GSA_MIGRATION,2020,2021-08-12,236296135
2020-06-CENSUS-0000206285,GSA_MIGRATION,2020,2021-08-12,232826045
2020-06-CENSUS-0000206285,GSA_MIGRATION,2020,2021-08-12,232825878
2020-06-CENSUS-0000165114,GSA_MIGRATION,2020,2021-03-03,730758089
2020-06-CENSUS-0000165114,GSA_MIGRATION,2020,2021-03-03,736084241
2020-06-CENSUS-0000165114,GSA_MIGRATION,2020,2021-03-03,736096261
2020-06-CENSUS-0000165114,GSA_MIGRATION,2020,2021-03-03,736222066
2020-08-CENSUS-0000171944,GSA_MIGRATION,2020,2021-03-17,260072699
2020-08-CENSUS-0000171944,GSA_MIGRATION,2020,2021-03-17,262482534
2020-08-CENSUS-0000171944,GSA_MIGRATION,2020,2021-03-17,264168896
2020-08-CENSUS-0000171944,GSA_MIGRATION,2020,2021-03-17,264169042
2020-08-CENSUS-0000171944,GSA_MIGRATION,2020,2021-03-17,271208151
2020-08-CENSUS-0000171944,GSA_MIGRATION,2020,2021-03-17,300573457
2020-08-CENSUS-0000171944,GSA_MIGRATION,2020,2021-03-17,320113643
2020-08-CENSUS-0000171944,GSA_MIGRATION,2020,2021-03-17,336036036
2020-08-CENSUS-0000171944,GSA_MIGRATION,2020,2021-03-17,412137482
2020-08-CENSUS-0000171944,GSA_MIGRATION,2020,2021-03-17,453507970
2020-08-CENSUS-0000171944,GSA_MIGRATION,2020,2021-03-17,465292740
2020-08-CENSUS-0000171944,GSA_MIGRATION,2020,2021-03-17,550905311
2020-08-CENSUS-0000171944,GSA_MIGRATION,2020,2021-03-17,680583577
2020-08-CENSUS-0000171944,GSA_MIGRATION,2020,2021-03-17,708708708
2020-08-CENSUS-0000171944,GSA_MIGRATION,2020,2021-03-17,711647061
2020-08-CENSUS-0000171944,GSA_MIGRATION,2020,2021-03-17,739739739
2020-08-CENSUS-0000171944,GSA_MIGRATION,2020,2021-03-17,741238434
2020-08-CENSUS-0000171944,GSA_MIGRATION,2020,2021-03-17,741466553
2020-08-CENSUS-0000171944,GSA_MIGRATION,2020,2021-03-17,741556399
2020-08-CENSUS-0000171944,GSA_MIGRATION,2020,2021-03-17,741586031
2020-08-CENSUS-0000171944,GSA_MIGRATION,2020,2021-03-17,741590014
2020-08-CENSUS-0000171944,GSA_MIGRATION,2020,2021-03-17,741646003
2020-08-CENSUS-0000171944,GSA_MIGRATION,2020,2021-03-17,741646989
2020-08-CENSUS-0000171944,GSA_MIGRATION,2020,2021-03-17,741654611
2020-08-CENSUS-0000171944,GSA_MIGRATION,2020,2021-03-17,741680372
2020-08-CENSUS-0000171944,GSA_MIGRATION,2020,2021-03-17,741695666
2020-08-CENSUS-0000171944,GSA_MIGRATION,2020,2021-03-17,741717115
2020-08-CENSUS-0000171944,GSA_MIGRATION,2020,2021-03-17,741760663
2020-08-CENSUS-0000171944,GSA_MIGRATION,2020,2021-03-17,741761309
2020-08-CENSUS-0000171944,GSA_MIGRATION,2020,2021-03-17,741761398
2020-08-CENSUS-0000171944,GSA_MIGRATION,2020,2021-03-17,741834669
2020-08-CENSUS-0000171944,GSA_MIGRATION,2020,2021-03-17,741876179
2020-08-CENSUS-0000171944,GSA_MIGRATION,2020,2021-03-17,741950605
2020-08-CENSUS-0000171944,GSA_MIGRATION,2020,2021-03-17,741974733
2020-12-CENSUS-0000079725,GSA_MIGRATION,2020,2021-09-13,463985371
2020-12-CENSUS-0000079725,GSA_MIGRATION,2020,2021-09-13,800729856
2020-12-CENSUS-0000216833,GSA_MIGRATION,2020,2021-06-28,200986222
2020-12-CENSUS-0000216833,GSA_MIGRATION,2020,2021-06-28,263245825
2020-12-CENSUS-0000216833,GSA_MIGRATION,2020,2021-06-28,411465688
2020-12-CENSUS-0000216833,GSA_MIGRATION,2020,2021-06-28,830806456
2020-06-CENSUS-0000154881,GSA_MIGRATION,2020,2021-09-22,455426026
2020-06-CENSUS-0000154881,GSA_MIGRATION,2020,2021-09-22,251903092
2020-06-CENSUS-0000130209,GSA_MIGRATION,2020,2021-03-30,866000281
2020-09-CENSUS-0000136104,GSA_MIGRATION,2020,2021-03-31,596000670
2020-09-CENSUS-0000136104,GSA_MIGRATION,2020,2021-03-31,596000672
2020-09-CENSUS-0000078073,GSA_MIGRATION,2020,2021-03-11,530208364
2020-09-CENSUS-0000078073,GSA_MIGRATION,2020,2021-03-11,530237707
2020-12-CENSUS-0000213622,GSA_MIGRATION,2020,2021-05-31,160816128
2020-12-CENSUS-0000238979,GSA_MIGRATION,2020,2021-09-22,581633392
2020-12-CENSUS-0000238979,GSA_MIGRATION,2020,2021-09-22,581165633
2020-12-CENSUS-0000238979,GSA_MIGRATION,2020,2021-09-22,582008575
2020-12-CENSUS-0000088843,GSA_MIGRATION,2020,2021-09-14,020630595
2020-12-CENSUS-0000166858,GSA_MIGRATION,2020,2021-09-23,251253895
2020-12-CENSUS-0000166858,GSA_MIGRATION,2020,2021-09-23,251199866
2020-12-CENSUS-0000166858,GSA_MIGRATION,2020,2021-09-23,251239825
2020-12-CENSUS-0000217041,GSA_MIGRATION,2020,2021-04-18,260215059
2020-06-CENSUS-0000238251,GSA_MIGRATION,2020,2021-03-09,111977906
2020-06-CENSUS-0000238251,GSA_MIGRATION,2020,2021-03-09,200515660
2020-06-CENSUS-0000238251,GSA_MIGRATION,2020,2021-03-09,112870329
2020-06-CENSUS-0000238251,GSA_MIGRATION,2020,2021-03-09,113583286
2020-12-CENSUS-0000209512,GSA_MIGRATION,2020,2021-06-28,363741872
2020-12-CENSUS-0000209512,GSA_MIGRATION,2020,2021-06-28,452753460
2020-12-CENSUS-0000142653,GSA_MIGRATION,2020,2021-08-08,356075548
2020-12-CENSUS-0000142653,GSA_MIGRATION,2020,2021-08-08,351182018
2020-06-CENSUS-0000236155,GSA_MIGRATION,2020,2021-09-20,203823825
2020-06-CENSUS-0000236155,GSA_MIGRATION,2020,2021-09-20,263885165
2020-09-CENSUS-0000101967,GSA_MIGRATION,2020,2021-05-31,273805764
2020-09-CENSUS-0000101967,GSA_MIGRATION,2020,2021-05-31,742311967
2020-09-CENSUS-0000101967,GSA_MIGRATION,2020,2021-05-31,742320663
2020-09-CENSUS-0000101967,GSA_MIGRATION,2020,2021-05-31,742457795
2020-09-CENSUS-0000101967,GSA_MIGRATION,2020,2021-05-31,742521611
2020-09-CENSUS-0000101967,GSA_MIGRATION,2020,2021-05-31,742588798
2020-09-CENSUS-0000101967,GSA_MIGRATION,2020,2021-05-31,742702051
2020-09-CENSUS-0000101967,GSA_MIGRATION,2020,2021-05-31,742489878
2020-09-CENSUS-0000101967,GSA_MIGRATION,2020,2021-05-31,742739262
2020-06-CENSUS-0000023082,GSA_MIGRATION,2020,2021-06-28,223441769
2020-06-CENSUS-0000176079,GSA_MIGRATION,2020,2021-02-18,541517462
2020-06-CENSUS-0000176079,GSA_MIGRATION,2020,2021-02-18,546001378
2020-06-CENSUS-0000176079,GSA_MIGRATION,2020,2021-02-18,546001379
2020-06-CENSUS-0000135695,GSA_MIGRATION,2020,2021-01-20,061333509
2020-12-CENSUS-0000247119,GSA_MIGRATION,2020,2021-11-17,237084455
2020-12-CENSUS-0000247119,GSA_MIGRATION,2020,2021-11-17,341657978
2020-12-CENSUS-0000250847,GSA_MIGRATION,2020,2021-07-21,050259003
2020-12-CENSUS-0000250847,GSA_MIGRATION,2020,2021-07-21,046074284
2020-12-CENSUS-0000250847,GSA_MIGRATION,2020,2021-07-21,050514476
2020-12-CENSUS-0000250847,GSA_MIGRATION,2020,2021-07-21,050458759
2020-12-CENSUS-0000250847,GSA_MIGRATION,2020,2021-07-21,056012787
2020-06-CENSUS-0000134397,GSA_MIGRATION,2020,2021-07-08,686002764
2020-12-CENSUS-0000221818,GSA_MIGRATION,2020,2021-07-18,383164047
2020-06-CENSUS-0000003008,GSA_MIGRATION,2020,2021-02-28,223128809
2020-06-CENSUS-0000003008,GSA_MIGRATION,2020,2021-02-28,743248920
2020-06-CENSUS-0000003008,GSA_MIGRATION,2020,2021-02-28,800649502
2020-06-CENSUS-0000003008,GSA_MIGRATION,2020,2021-02-28,943469228
2020-06-CENSUS-0000002919,GSA_MIGRATION,2020,2021-02-24,040882170
2020-06-CENSUS-0000002919,GSA_MIGRATION,2020,2021-02-24,042645008
2020-06-CENSUS-0000002919,GSA_MIGRATION,2020,2021-02-24,042867643
2020-06-CENSUS-0000002919,GSA_MIGRATION,2020,2021-02-24,113841369
2020-09-CENSUS-0000077619,GSA_MIGRATION,2020,2021-11-16,912081258
2020-09-CENSUS-0000077619,GSA_MIGRATION,2020,2021-11-16,611629460
2020-09-CENSUS-0000077619,GSA_MIGRATION,2020,2021-11-16,300025729
2020-12-CENSUS-0000179257,GSA_MIGRATION,2020,2021-07-28,611597774
2020-09-CENSUS-0000234075,GSA_MIGRATION,2020,2021-11-22,592650456
2020-12-CENSUS-0000220382,GSA_MIGRATION,2020,2021-12-16,463797389
2020-12-CENSUS-0000220382,GSA_MIGRATION,2020,2021-12-16,453734329
2020-12-CENSUS-0000220382,GSA_MIGRATION,2020,2021-12-16,453121176
2020-12-CENSUS-0000220382,GSA_MIGRATION,2020,2021-12-16,823584856
2020-12-CENSUS-0000220382,GSA_MIGRATION,2020,2021-12-16,833988719
2020-12-CENSUS-0000220382,GSA_MIGRATION,2020,2021-12-16,833960130
2020-12-CENSUS-0000143238,GSA_MIGRATION,2020,2021-12-15,800757957
2019-09-CENSUS-0000243011,GSA_MIGRATION,2019,2021-05-03,382042021
2019-09-CENSUS-0000243011,GSA_MIGRATION,2019,2021-05-03,462252476
2019-09-CENSUS-0000243011,GSA_MIGRATION,2019,2021-05-03,382881807
2019-09-CENSUS-0000243011,GSA_MIGRATION,2019,2021-05-03,382324335
2020-06-CENSUS-0000135667,GSA_MIGRATION,2020,2021-01-04,066001863
2020-06-CENSUS-0000171819,GSA_MIGRATION,2020,2021-01-04,621486385
2020-06-CENSUS-0000171819,GSA_MIGRATION,2020,2021-01-04,320071235
2020-06-CENSUS-0000171819,GSA_MIGRATION,2020,2021-01-04,464628999
2020-06-CENSUS-0000171819,GSA_MIGRATION,2020,2021-01-04,364834198
2020-06-CENSUS-0000171819,GSA_MIGRATION,2020,2021-01-04,271309559
2020-06-CENSUS-0000171819,GSA_MIGRATION,2020,2021-01-04,383988537
2020-06-CENSUS-0000171819,GSA_MIGRATION,2020,2021-01-04,320514462
2020-06-CENSUS-0000171819,GSA_MIGRATION,2020,2021-01-04,271886383
2020-06-CENSUS-0000171819,GSA_MIGRATION,2020,2021-01-04,352560482
2020-06-CENSUS-0000171819,GSA_MIGRATION,2020,2021-01-04,384003509
2020-06-CENSUS-0000171819,GSA_MIGRATION,2020,2021-01-04,464663084
2020-06-CENSUS-0000171819,GSA_MIGRATION,2020,2021-01-04,611792102
2020-06-CENSUS-0000171819,GSA_MIGRATION,2020,2021-01-04,621373492
2020-06-CENSUS-0000171819,GSA_MIGRATION,2020,2021-01-04,621739505
2020-06-CENSUS-0000171819,GSA_MIGRATION,2020,2021-01-04,621788395
2020-06-CENSUS-0000171819,GSA_MIGRATION,2020,2021-01-04,810696315
2020-06-CENSUS-0000171819,GSA_MIGRATION,2020,2021-01-04,813888869
2020-06-CENSUS-0000171819,GSA_MIGRATION,2020,2021-01-04,823816552
2020-06-CENSUS-0000171819,GSA_MIGRATION,2020,2021-01-04,823817120
2020-06-CENSUS-0000171819,GSA_MIGRATION,2020,2021-01-04,824924682
2020-06-CENSUS-0000171819,GSA_MIGRATION,2020,2021-01-04,833428722
2020-06-CENSUS-0000171819,GSA_MIGRATION,2020,2021-01-04,833449487
2020-06-CENSUS-0000171819,GSA_MIGRATION,2020,2021-01-04,833489613
2020-06-CENSUS-0000171819,GSA_MIGRATION,2020,2021-01-04,843019614
2020-06-CENSUS-0000171819,GSA_MIGRATION,2020,2021-01-04,843694984
2020-06-CENSUS-0000171819,GSA_MIGRATION,2020,2021-01-04,844797130
2020-06-CENSUS-0000171406,GSA_MIGRATION,2020,2021-01-18,606000704
2020-06-CENSUS-0000190358,GSA_MIGRATION,2020,2021-01-10,626000681
2020-06-CENSUS-0000190358,GSA_MIGRATION,2020,2021-01-10,626000679
2020-09-CENSUS-0000136077,GSA_MIGRATION,2020,2021-06-28,596000534
2020-06-CENSUS-0000251188,GSA_MIGRATION,2020,2021-09-29,380833014
2020-06-CENSUS-0000251188,GSA_MIGRATION,2020,2021-09-29,386000029
2020-06-CENSUS-0000251188,GSA_MIGRATION,2020,2021-09-29,381437919
2020-06-CENSUS-0000251188,GSA_MIGRATION,2020,2021-09-29,464088182
2020-06-CENSUS-0000251188,GSA_MIGRATION,2020,2021-09-29,381518643
2020-06-CENSUS-0000251188,GSA_MIGRATION,2020,2021-09-29,386020434
2020-06-CENSUS-0000251188,GSA_MIGRATION,2020,2021-09-29,383317788
2020-06-CENSUS-0000251188,GSA_MIGRATION,2020,2021-09-29,381459397
2020-12-CENSUS-0000209187,GSA_MIGRATION,2020,2021-09-27,010634942
2020-12-CENSUS-0000209187,GSA_MIGRATION,2020,2021-09-27,311707264
2020-09-CENSUS-0000243277,GSA_MIGRATION,2020,2021-06-01,300783442
2020-12-CENSUS-0000098571,GSA_MIGRATION,2020,2021-10-06,205296918
2020-09-CENSUS-0000183908,GSA_MIGRATION,2020,2021-06-01,204772002
2020-12-CENSUS-0000224554,GSA_MIGRATION,2020,2021-05-31,541569525
2020-12-CENSUS-0000224554,GSA_MIGRATION,2020,2021-05-31,264440093
2020-12-CENSUS-0000224554,GSA_MIGRATION,2020,2021-05-31,462201723
2020-12-CENSUS-0000224554,GSA_MIGRATION,2020,2021-05-31,451607524
2020-12-CENSUS-0000224554,GSA_MIGRATION,2020,2021-05-31,541893901
2020-12-CENSUS-0000224554,GSA_MIGRATION,2020,2021-05-31,541954476
2020-12-CENSUS-0000224554,GSA_MIGRATION,2020,2021-05-31,542090908
2020-12-CENSUS-0000224554,GSA_MIGRATION,2020,2021-05-31,753163877
2020-12-CENSUS-0000224554,GSA_MIGRATION,2020,2021-05-31,753163879
2020-12-CENSUS-0000224554,GSA_MIGRATION,2020,2021-05-31,270392391
2020-12-CENSUS-0000224554,GSA_MIGRATION,2020,2021-05-31,471987125
2020-12-CENSUS-0000224554,GSA_MIGRATION,2020,2021-05-31,472478210
2020-12-CENSUS-0000224554,GSA_MIGRATION,2020,2021-05-31,202413149
2020-12-CENSUS-0000224554,GSA_MIGRATION,2020,2021-05-31,541713494
2020-12-CENSUS-0000224554,GSA_MIGRATION,2020,2021-05-31,462189789
2020-12-CENSUS-0000224554,GSA_MIGRATION,2020,2021-05-31,464999623
2020-12-CENSUS-0000224554,GSA_MIGRATION,2020,2021-05-31,460613816
2020-12-CENSUS-0000224554,GSA_MIGRATION,2020,2021-05-31,141905406
2020-12-CENSUS-0000224554,GSA_MIGRATION,2020,2021-05-31,208771044
2020-12-CENSUS-0000224554,GSA_MIGRATION,2020,2021-05-31,271949623
2020-12-CENSUS-0000224554,GSA_MIGRATION,2020,2021-05-31,541600987
2020-12-CENSUS-0000224554,GSA_MIGRATION,2020,2021-05-31,541893899
2020-12-CENSUS-0000224554,GSA_MIGRATION,2020,2021-05-31,264440162
2020-12-CENSUS-0000224554,GSA_MIGRATION,2020,2021-05-31,270393024
2020-12-CENSUS-0000224554,GSA_MIGRATION,2020,2021-05-31,451607621
2020-12-CENSUS-0000224554,GSA_MIGRATION,2020,2021-05-31,815107799
2020-09-CENSUS-0000217330,GSA_MIGRATION,2020,2021-06-28,043358564
2020-09-CENSUS-0000217330,GSA_MIGRATION,2020,2021-06-28,042104693
2020-09-CENSUS-0000217330,GSA_MIGRATION,2020,2021-06-28,042626179
2020-09-CENSUS-0000217330,GSA_MIGRATION,2020,2021-06-28,041185520
2020-06-CENSUS-0000171448,GSA_MIGRATION,2020,2021-01-07,626008903
2020-06-CENSUS-0000171448,GSA_MIGRATION,2020,2021-01-07,620630275
2020-06-CENSUS-0000154885,GSA_MIGRATION,2020,2021-03-30,470491233
2020-12-CENSUS-0000244698,GSA_MIGRATION,2020,2021-03-29,812363993
2020-12-CENSUS-0000222139,GSA_MIGRATION,2020,2021-06-17,270836646
2020-12-CENSUS-0000222139,GSA_MIGRATION,2020,2021-06-17,464378899
2020-09-CENSUS-0000106774,GSA_MIGRATION,2020,2021-04-07,760654244
2020-06-CENSUS-0000030453,GSA_MIGRATION,2020,2021-01-05,043272590
2020-06-CENSUS-0000030453,GSA_MIGRATION,2020,2021-01-05,900609374
2020-06-CENSUS-0000030453,GSA_MIGRATION,2020,2021-01-05,903272589
2020-09-CENSUS-0000227566,GSA_MIGRATION,2020,2021-03-07,721290447
2020-09-CENSUS-0000124798,GSA_MIGRATION,2020,2021-03-09,208424918
2020-08-CENSUS-0000104840,GSA_MIGRATION,2020,2021-01-28,311677738
2020-09-CENSUS-0000075348,GSA_MIGRATION,2020,2021-03-09,471989228
2020-12-CENSUS-0000194472,GSA_MIGRATION,2020,2021-08-31,352538469
2020-12-CENSUS-0000061323,GSA_MIGRATION,2020,2021-05-19,364099403
2020-12-CENSUS-0000250556,GSA_MIGRATION,2020,2021-05-24,941498697
2020-09-CENSUS-0000136116,GSA_MIGRATION,2020,2021-05-20,591941164
2020-09-CENSUS-0000136116,GSA_MIGRATION,2020,2021-05-20,596000736
2020-09-CENSUS-0000136116,GSA_MIGRATION,2020,2021-05-20,596000739
2020-06-CENSUS-0000245635,GSA_MIGRATION,2020,2021-06-23,521524967
2020-06-CENSUS-0000245635,GSA_MIGRATION,2020,2021-06-23,521230183
2020-06-CENSUS-0000245635,GSA_MIGRATION,2020,2021-06-23,521753040
2020-06-CENSUS-0000245635,GSA_MIGRATION,2020,2021-06-23,520607971
2020-12-CENSUS-0000134737,GSA_MIGRATION,2020,2021-09-29,841573256
2020-12-CENSUS-0000245063,GSA_MIGRATION,2020,2021-04-21,472578950
2020-12-CENSUS-0000249510,GSA_MIGRATION,2020,2021-05-16,582338201
2020-12-CENSUS-0000249510,GSA_MIGRATION,2020,2021-05-16,821842047
2020-12-CENSUS-0000249510,GSA_MIGRATION,2020,2021-05-16,821659466
2020-12-CENSUS-0000249510,GSA_MIGRATION,2020,2021-05-16,630314610
2020-12-CENSUS-0000249510,GSA_MIGRATION,2020,2021-05-16,821700371
2020-12-CENSUS-0000249510,GSA_MIGRATION,2020,2021-05-16,472323744
2020-12-CENSUS-0000249510,GSA_MIGRATION,2020,2021-05-16,821764908
2020-12-CENSUS-0000249510,GSA_MIGRATION,2020,2021-05-16,821659323
2020-12-CENSUS-0000071192,GSA_MIGRATION,2020,2021-11-14,510408034
2020-12-CENSUS-0000071192,GSA_MIGRATION,2020,2021-11-14,510368682
2020-12-CENSUS-0000071192,GSA_MIGRATION,2020,2021-11-14,510357599
2020-12-CENSUS-0000071192,GSA_MIGRATION,2020,2021-11-14,510398773
2020-12-CENSUS-0000071192,GSA_MIGRATION,2020,2021-11-14,522041223
2020-12-CENSUS-0000071192,GSA_MIGRATION,2020,2021-11-14,510389518
2020-12-CENSUS-0000071192,GSA_MIGRATION,2020,2021-11-14,431992291
2020-12-CENSUS-0000071192,GSA_MIGRATION,2020,2021-11-14,510448268
2020-12-CENSUS-0000071192,GSA_MIGRATION,2020,2021-11-14,331081490
2020-12-CENSUS-0000071192,GSA_MIGRATION,2020,2021-11-14,510373607
2020-06-CENSUS-0000080781,GSA_MIGRATION,2020,2021-09-29,550516532
2020-09-CENSUS-0000226122,GSA_MIGRATION,2020,2021-08-24,030183483
2020-06-CENSUS-0000091961,GSA_MIGRATION,2020,2021-09-29,610662739
2020-06-CENSUS-0000176032,GSA_MIGRATION,2020,2021-02-25,541201455
2020-06-CENSUS-0000176032,GSA_MIGRATION,2020,2021-02-25,541744910
2020-06-CENSUS-0000193848,GSA_MIGRATION,2020,2021-01-20,870462909
2020-06-CENSUS-0000003064,GSA_MIGRATION,2020,2021-01-25,042103596
2020-06-CENSUS-0000227530,GSA_MIGRATION,2020,2021-01-25,043172372
2020-06-CENSUS-0000227530,GSA_MIGRATION,2020,2021-01-25,043500409
2020-06-CENSUS-0000097664,GSA_MIGRATION,2020,2021-06-27,710694931
2020-12-CENSUS-0000114934,GSA_MIGRATION,2020,2021-06-23,371502691
2020-12-CENSUS-0000114934,GSA_MIGRATION,2020,2021-06-23,464287418
2020-12-CENSUS-0000114934,GSA_MIGRATION,2020,2021-06-23,912122682
2020-12-CENSUS-0000114934,GSA_MIGRATION,2020,2021-06-23,834538343
2020-06-CENSUS-0000017148,GSA_MIGRATION,2020,2021-03-03,141498064
2020-06-CENSUS-0000017148,GSA_MIGRATION,2020,2021-03-03,141541210
2020-06-CENSUS-0000017148,GSA_MIGRATION,2020,2021-03-03,141547366
2020-06-CENSUS-0000017148,GSA_MIGRATION,2020,2021-03-03,141578051
2020-06-CENSUS-0000017148,GSA_MIGRATION,2020,2021-03-03,141595821
2020-06-CENSUS-0000017148,GSA_MIGRATION,2020,2021-03-03,141592849
2020-06-CENSUS-0000017148,GSA_MIGRATION,2020,2021-03-03,141605850
2020-06-CENSUS-0000017148,GSA_MIGRATION,2020,2021-03-03,141679442
2020-06-CENSUS-0000017148,GSA_MIGRATION,2020,2021-03-03,141750944
2020-06-CENSUS-0000017148,GSA_MIGRATION,2020,2021-03-03,141340034
2020-06-CENSUS-0000017148,GSA_MIGRATION,2020,2021-03-03,141752466
2020-06-CENSUS-0000017148,GSA_MIGRATION,2020,2021-03-03,141800768
2020-06-CENSUS-0000017148,GSA_MIGRATION,2020,2021-03-03,161189791
2020-06-CENSUS-0000017148,GSA_MIGRATION,2020,2021-03-03,161525402
2020-06-CENSUS-0000017148,GSA_MIGRATION,2020,2021-03-03,223091969
2020-06-CENSUS-0000017148,GSA_MIGRATION,2020,2021-03-03,223214335
2020-06-CENSUS-0000017148,GSA_MIGRATION,2020,2021-03-03,263101392
2020-06-CENSUS-0000017148,GSA_MIGRATION,2020,2021-03-03,263101548
2020-06-CENSUS-0000171665,GSA_MIGRATION,2020,2021-01-13,626000832
2019-12-CENSUS-0000245338,GSA_MIGRATION,2019,2021-02-04,203736580
2019-12-CENSUS-0000240421,GSA_MIGRATION,2019,2021-02-07,462661900
2019-12-CENSUS-0000245327,GSA_MIGRATION,2019,2021-04-20,381426916
2019-12-CENSUS-0000245327,GSA_MIGRATION,2019,2021-04-20,381405141
2019-12-CENSUS-0000245327,GSA_MIGRATION,2019,2021-04-20,381459362
2019-12-CENSUS-0000245327,GSA_MIGRATION,2019,2021-04-20,384852171
2020-12-CENSUS-0000039808,GSA_MIGRATION,2020,2021-07-10,264765403
2020-12-CENSUS-0000039808,GSA_MIGRATION,2020,2021-07-10,311275157
2020-12-CENSUS-0000039808,GSA_MIGRATION,2020,2021-07-10,510545995
2020-06-CENSUS-0000006022,GSA_MIGRATION,2020,2021-04-29,050517019
2020-12-CENSUS-0000124631,GSA_MIGRATION,2020,2021-09-29,954384333
2020-06-CENSUS-0000245645,GSA_MIGRATION,2020,2021-03-01,272990527
2020-12-CENSUS-0000206631,GSA_MIGRATION,2020,2021-09-22,412112541
2020-12-CENSUS-0000206631,GSA_MIGRATION,2020,2021-09-22,823329127
2020-12-CENSUS-0000206631,GSA_MIGRATION,2020,2021-09-22,743017024
2020-12-CENSUS-0000206631,GSA_MIGRATION,2020,2021-09-22,731646729
2020-12-CENSUS-0000206631,GSA_MIGRATION,2020,2021-09-22,814758762
2020-12-CENSUS-0000206631,GSA_MIGRATION,2020,2021-09-22,743012695
2020-12-CENSUS-0000206631,GSA_MIGRATION,2020,2021-09-22,743019428
2020-12-CENSUS-0000206631,GSA_MIGRATION,2020,2021-09-22,743017054
2020-12-CENSUS-0000206631,GSA_MIGRATION,2020,2021-09-22,822762890
2020-12-CENSUS-0000206631,GSA_MIGRATION,2020,2021-09-22,742973139
2020-12-CENSUS-0000206631,GSA_MIGRATION,2020,2021-09-22,743002791
2020-12-CENSUS-0000206631,GSA_MIGRATION,2020,2021-09-22,753023466
2020-12-CENSUS-0000206631,GSA_MIGRATION,2020,2021-09-22,814773905
2020-12-CENSUS-0000206631,GSA_MIGRATION,2020,2021-09-22,831886464
2020-12-CENSUS-0000206631,GSA_MIGRATION,2020,2021-09-22,842725486
2020-12-CENSUS-0000228052,GSA_MIGRATION,2020,2021-06-27,043271288
2020-12-CENSUS-0000228052,GSA_MIGRATION,2020,2021-06-27,272886194
2020-12-CENSUS-0000036284,GSA_MIGRATION,2020,2021-06-20,812565745
2020-12-CENSUS-0000036284,GSA_MIGRATION,2020,2021-06-20,232907514
2020-06-CENSUS-0000155940,GSA_MIGRATION,2020,2021-07-12,886021703
2020-06-CENSUS-0000155940,GSA_MIGRATION,2020,2021-07-12,880140951
2020-12-CENSUS-0000210987,GSA_MIGRATION,2020,2021-06-20,850468133
2020-12-CENSUS-0000210987,GSA_MIGRATION,2020,2021-06-20,331149039
2020-12-CENSUS-0000210987,GSA_MIGRATION,2020,2021-06-20,262839314
2020-12-CENSUS-0000210987,GSA_MIGRATION,2020,2021-06-20,352278131
2020-06-CENSUS-0000251546,GSA_MIGRATION,2020,2021-11-20,521169362
2020-06-CENSUS-0000251546,GSA_MIGRATION,2020,2021-11-20,521722088
2020-06-CENSUS-0000251546,GSA_MIGRATION,2020,2021-11-20,833856917
2020-06-CENSUS-0000251546,GSA_MIGRATION,2020,2021-11-20,521331298
2020-06-CENSUS-0000251546,GSA_MIGRATION,2020,2021-11-20,871458728
2020-06-CENSUS-0000251546,GSA_MIGRATION,2020,2021-11-20,270263214
2020-06-CENSUS-0000251546,GSA_MIGRATION,2020,2021-11-20,201838374
2020-06-CENSUS-0000251546,GSA_MIGRATION,2020,2021-11-20,264046246
2020-06-CENSUS-0000251546,GSA_MIGRATION,2020,2021-11-20,611756240
2020-06-CENSUS-0000251546,GSA_MIGRATION,2020,2021-11-20,364760974
2020-06-CENSUS-0000251546,GSA_MIGRATION,2020,2021-11-20,611930552
2020-06-CENSUS-0000251546,GSA_MIGRATION,2020,2021-11-20,871489240
2020-06-CENSUS-0000251546,GSA_MIGRATION,2020,2021-11-20,474386084
2020-06-CENSUS-0000251546,GSA_MIGRATION,2020,2021-11-20,800833786
2020-06-CENSUS-0000251546,GSA_MIGRATION,2020,2021-11-20,521467734
2020-06-CENSUS-0000251546,GSA_MIGRATION,2020,2021-11-20,521646304
2020-06-CENSUS-0000251546,GSA_MIGRATION,2020,2021-11-20,263038406
2020-06-CENSUS-0000251546,GSA_MIGRATION,2020,2021-11-20,980461499
2020-06-CENSUS-0000251546,GSA_MIGRATION,2020,2021-11-20,521622251
2020-06-CENSUS-0000251546,GSA_MIGRATION,2020,2021-11-20,521890034
2020-06-CENSUS-0000251546,GSA_MIGRATION,2020,2021-11-20,202290229
2020-06-CENSUS-0000251546,GSA_MIGRATION,2020,2021-11-20,522020156
2020-06-CENSUS-0000251546,GSA_MIGRATION,2020,2021-11-20,522020157
2020-06-CENSUS-0000251546,GSA_MIGRATION,2020,2021-11-20,263525250
2020-06-CENSUS-0000251546,GSA_MIGRATION,2020,2021-11-20,263525796
2020-06-CENSUS-0000251546,GSA_MIGRATION,2020,2021-11-20,260623450
2020-06-CENSUS-0000251546,GSA_MIGRATION,2020,2021-11-20,208889327
2020-06-CENSUS-0000251546,GSA_MIGRATION,2020,2021-11-20,521638026
2020-06-CENSUS-0000251546,GSA_MIGRATION,2020,2021-11-20,521712338
2020-06-CENSUS-0000251546,GSA_MIGRATION,2020,2021-11-20,473027011
2020-06-CENSUS-0000251546,GSA_MIGRATION,2020,2021-11-20,811095800
2020-06-CENSUS-0000251546,GSA_MIGRATION,2020,2021-11-20,900983677
2020-06-CENSUS-0000251546,GSA_MIGRATION,2020,2021-11-20,272049767
2020-06-CENSUS-0000251546,GSA_MIGRATION,2020,2021-11-20,262728283
2020-06-CENSUS-0000251546,GSA_MIGRATION,2020,2021-11-20,521884380
2020-06-CENSUS-0000251546,GSA_MIGRATION,2020,2021-11-20,820721010
2020-06-CENSUS-0000251546,GSA_MIGRATION,2020,2021-11-20,522149129
2020-06-CENSUS-0000251546,GSA_MIGRATION,2020,2021-11-20,270417565
2020-06-CENSUS-0000251546,GSA_MIGRATION,2020,2021-11-20,473176502
2020-06-CENSUS-0000251546,GSA_MIGRATION,2020,2021-11-20,522030624
2020-06-CENSUS-0000077832,GSA_MIGRATION,2020,2021-01-27,951643964
2020-06-CENSUS-0000077832,GSA_MIGRATION,2020,2021-01-27,381362821
2020-12-CENSUS-0000056263,GSA_MIGRATION,2020,2021-06-20,200363774
2020-12-CENSUS-0000056263,GSA_MIGRATION,2020,2021-06-20,382527481
2020-12-CENSUS-0000056263,GSA_MIGRATION,2020,2021-06-20,382600226
2020-12-CENSUS-0000056263,GSA_MIGRATION,2020,2021-06-20,473197663
2020-12-CENSUS-0000056263,GSA_MIGRATION,2020,2021-06-20,820895465
2020-12-CENSUS-0000082670,GSA_MIGRATION,2020,2021-05-19,810596389
2020-12-CENSUS-0000082670,GSA_MIGRATION,2020,2021-05-19,562256392
2020-12-CENSUS-0000082670,GSA_MIGRATION,2020,2021-05-19,475675775
2020-12-CENSUS-0000082670,GSA_MIGRATION,2020,2021-05-19,043605556
2020-12-CENSUS-0000082670,GSA_MIGRATION,2020,2021-05-19,831750405
2020-12-CENSUS-0000082670,GSA_MIGRATION,2020,2021-05-19,464992164
2020-12-CENSUS-0000082670,GSA_MIGRATION,2020,2021-05-19,462394123
2020-12-CENSUS-0000082670,GSA_MIGRATION,2020,2021-05-19,812135831
2020-12-CENSUS-0000082670,GSA_MIGRATION,2020,2021-05-19,900657599
2020-12-CENSUS-0000082670,GSA_MIGRATION,2020,2021-05-19,561891744
2020-06-CENSUS-0000227312,GSA_MIGRATION,2020,2021-09-23,410853163
2020-06-CENSUS-0000227312,GSA_MIGRATION,2020,2021-09-23,410919153
2020-06-CENSUS-0000227312,GSA_MIGRATION,2020,2021-09-23,460224598
2020-06-CENSUS-0000227312,GSA_MIGRATION,2020,2021-09-23,460224604
2020-06-CENSUS-0000227312,GSA_MIGRATION,2020,2021-09-23,460224743
2020-06-CENSUS-0000227312,GSA_MIGRATION,2020,2021-09-23,460225483
2020-06-CENSUS-0000227312,GSA_MIGRATION,2020,2021-09-23,460226738
2020-06-CENSUS-0000227312,GSA_MIGRATION,2020,2021-09-23,460230199
2020-06-CENSUS-0000227312,GSA_MIGRATION,2020,2021-09-23,460234354
2020-06-CENSUS-0000227312,GSA_MIGRATION,2020,2021-09-23,420680370
2020-06-CENSUS-0000227312,GSA_MIGRATION,2020,2021-09-23,460451539
2020-06-CENSUS-0000227312,GSA_MIGRATION,2020,2021-09-23,470463911
2020-06-CENSUS-0000227312,GSA_MIGRATION,2020,2021-09-23,562143771
2020-06-CENSUS-0000227312,GSA_MIGRATION,2020,2021-09-23,843156881
2020-06-CENSUS-0000130215,GSA_MIGRATION,2020,2021-06-02,202000374
2020-06-CENSUS-0000213662,GSA_MIGRATION,2020,2021-03-30,943354623
2020-12-CENSUS-0000222352,GSA_MIGRATION,2020,2021-09-29,133350704
2020-12-CENSUS-0000245271,GSA_MIGRATION,2020,2021-10-17,461652604
2020-12-CENSUS-0000245271,GSA_MIGRATION,2020,2021-10-17,831454791
2020-12-CENSUS-0000245271,GSA_MIGRATION,2020,2021-10-17,831439572
2020-12-CENSUS-0000245271,GSA_MIGRATION,2020,2021-10-17,472700073
2020-12-CENSUS-0000245271,GSA_MIGRATION,2020,2021-10-17,320488262
2020-12-CENSUS-0000245271,GSA_MIGRATION,2020,2021-10-17,461815422
2020-12-CENSUS-0000245271,GSA_MIGRATION,2020,2021-10-17,472717517
2020-12-CENSUS-0000245271,GSA_MIGRATION,2020,2021-10-17,472682164
2020-12-CENSUS-0000055033,GSA_MIGRATION,2020,2021-09-30,042863717
2020-12-CENSUS-0000055033,GSA_MIGRATION,2020,2021-09-30,201204075
2020-12-CENSUS-0000055033,GSA_MIGRATION,2020,2021-09-30,203058090
2020-12-CENSUS-0000055033,GSA_MIGRATION,2020,2021-09-30,203246991
2020-12-CENSUS-0000055033,GSA_MIGRATION,2020,2021-09-30,205485352
2020-12-CENSUS-0000055033,GSA_MIGRATION,2020,2021-09-30,222767728
2020-12-CENSUS-0000055033,GSA_MIGRATION,2020,2021-09-30,264460767
2020-12-CENSUS-0000055033,GSA_MIGRATION,2020,2021-09-30,311196720
2020-12-CENSUS-0000055033,GSA_MIGRATION,2020,2021-09-30,311196722
2020-12-CENSUS-0000055033,GSA_MIGRATION,2020,2021-09-30,311196724
2020-12-CENSUS-0000055033,GSA_MIGRATION,2020,2021-09-30,311196726
2020-12-CENSUS-0000055033,GSA_MIGRATION,2020,2021-09-30,311196727
2020-12-CENSUS-0000055033,GSA_MIGRATION,2020,2021-09-30,311196728
2020-12-CENSUS-0000055033,GSA_MIGRATION,2020,2021-09-30,311244836
2020-12-CENSUS-0000055033,GSA_MIGRATION,2020,2021-09-30,311282578
2020-12-CENSUS-0000055033,GSA_MIGRATION,2020,2021-09-30,311282579
2020-12-CENSUS-0000055033,GSA_MIGRATION,2020,2021-09-30,311282580
2020-12-CENSUS-0000055033,GSA_MIGRATION,2020,2021-09-30,311282585
2020-12-CENSUS-0000055033,GSA_MIGRATION,2020,2021-09-30,311282586
2020-12-CENSUS-0000055033,GSA_MIGRATION,2020,2021-09-30,311282590
2020-12-CENSUS-0000055033,GSA_MIGRATION,2020,2021-09-30,311284895
2020-12-CENSUS-0000055033,GSA_MIGRATION,2020,2021-09-30,311308382
2020-12-CENSUS-0000055033,GSA_MIGRATION,2020,2021-09-30,382842293
2020-12-CENSUS-0000055033,GSA_MIGRATION,2020,2021-09-30,382895093
2020-12-CENSUS-0000055033,GSA_MIGRATION,2020,2021-09-30,382899285
2020-12-CENSUS-0000055033,GSA_MIGRATION,2020,2021-09-30,383012039
2020-12-CENSUS-0000055033,GSA_MIGRATION,2020,2021-09-30,383352094
2020-12-CENSUS-0000055033,GSA_MIGRATION,2020,2021-09-30,383376073
2020-12-CENSUS-0000055033,GSA_MIGRATION,2020,2021-09-30,383388276
2020-12-CENSUS-0000055033,GSA_MIGRATION,2020,2021-09-30,383393984
2020-12-CENSUS-0000055033,GSA_MIGRATION,2020,2021-09-30,383541224
2020-12-CENSUS-0000055033,GSA_MIGRATION,2020,2021-09-30,383542119
2020-12-CENSUS-0000055033,GSA_MIGRATION,2020,2021-09-30,814707946
2020-12-CENSUS-0000244245,GSA_MIGRATION,2020,2021-11-23,251320493
2020-12-CENSUS-0000244245,GSA_MIGRATION,2020,2021-11-23,231294723
2020-12-CENSUS-0000244245,GSA_MIGRATION,2020,2021-11-23,250969492
2020-12-CENSUS-0000244245,GSA_MIGRATION,2020,2021-11-23,251848306
2020-12-CENSUS-0000244245,GSA_MIGRATION,2020,2021-11-23,251737079
2020-12-CENSUS-0000244245,GSA_MIGRATION,2020,2021-11-23,251470766
2020-12-CENSUS-0000244245,GSA_MIGRATION,2020,2021-11-23,251875178
2020-12-CENSUS-0000244245,GSA_MIGRATION,2020,2021-11-23,250965547
2020-12-CENSUS-0000244245,GSA_MIGRATION,2020,2021-11-23,453674924
2020-08-CENSUS-0000009238,GSA_MIGRATION,2020,2021-11-29,113153831
2020-12-CENSUS-0000007485,GSA_MIGRATION,2020,2021-10-07,061613212
2020-12-CENSUS-0000007485,GSA_MIGRATION,2020,2021-10-07,822154953
2020-12-CENSUS-0000007485,GSA_MIGRATION,2020,2021-10-07,472570391
2020-12-CENSUS-0000194687,GSA_MIGRATION,2020,2021-07-19,821972456
2020-12-CENSUS-0000194687,GSA_MIGRATION,2020,2021-07-19,454845897
2020-12-CENSUS-0000194687,GSA_MIGRATION,2020,2021-07-19,161551942
2020-12-CENSUS-0000194687,GSA_MIGRATION,2020,2021-07-19,203888962
2020-12-CENSUS-0000194687,GSA_MIGRATION,2020,2021-07-19,264727560
2020-12-CENSUS-0000194687,GSA_MIGRATION,2020,2021-07-19,201230703
2020-12-CENSUS-0000194687,GSA_MIGRATION,2020,2021-07-19,161542853
2020-12-CENSUS-0000194687,GSA_MIGRATION,2020,2021-07-19,822100361
2020-12-CENSUS-0000194687,GSA_MIGRATION,2020,2021-07-19,203987077
2020-12-CENSUS-0000194687,GSA_MIGRATION,2020,2021-07-19,161633628
2020-12-CENSUS-0000194687,GSA_MIGRATION,2020,2021-07-19,201453574
2020-12-CENSUS-0000194687,GSA_MIGRATION,2020,2021-07-19,550854904
2020-12-CENSUS-0000217463,GSA_MIGRATION,2020,2021-12-21,161470454
2020-12-CENSUS-0000187226,GSA_MIGRATION,2020,2021-11-24,942814436
2020-12-CENSUS-0000187226,GSA_MIGRATION,2020,2021-11-24,942652764
2020-12-CENSUS-0000194687,GSA_MIGRATION,2020,2021-07-19,010607626
2020-12-CENSUS-0000194687,GSA_MIGRATION,2020,2021-07-19,202585518
2020-12-CENSUS-0000194687,GSA_MIGRATION,2020,2021-07-19,454460312
2020-12-CENSUS-0000194687,GSA_MIGRATION,2020,2021-07-19,651320518
2020-12-CENSUS-0000194687,GSA_MIGRATION,2020,2021-07-19,743054963
2020-12-CENSUS-0000194687,GSA_MIGRATION,2020,2021-07-19,261767093
2020-12-CENSUS-0000194687,GSA_MIGRATION,2020,2021-07-19,161526284
2020-12-CENSUS-0000194687,GSA_MIGRATION,2020,2021-07-19,161232968
2020-12-CENSUS-0000194687,GSA_MIGRATION,2020,2021-07-19,161575986
2020-06-CENSUS-0000048679,GSA_MIGRATION,2020,2021-01-06,363371659
2020-06-CENSUS-0000048679,GSA_MIGRATION,2020,2021-01-06,363880333
2020-06-CENSUS-0000048679,GSA_MIGRATION,2020,2021-01-06,454486329
2020-06-CENSUS-0000048679,GSA_MIGRATION,2020,2021-01-06,454486428
2020-06-CENSUS-0000048679,GSA_MIGRATION,2020,2021-01-06,363755662
2020-06-CENSUS-0000048679,GSA_MIGRATION,2020,2021-01-06,363305087
2020-06-CENSUS-0000048679,GSA_MIGRATION,2020,2021-01-06,043636582
2020-06-CENSUS-0000048679,GSA_MIGRATION,2020,2021-01-06,010627466
2020-06-CENSUS-0000088289,GSA_MIGRATION,2020,2021-01-04,454775619
2020-06-CENSUS-0000088289,GSA_MIGRATION,2020,2021-01-04,593405746
2020-06-CENSUS-0000088289,GSA_MIGRATION,2020,2021-01-04,273395014
2020-06-CENSUS-0000088289,GSA_MIGRATION,2020,2021-01-04,592999635
2020-06-CENSUS-0000088289,GSA_MIGRATION,2020,2021-01-04,593492167
2020-06-CENSUS-0000088289,GSA_MIGRATION,2020,2021-01-04,371620362
2020-06-CENSUS-0000088289,GSA_MIGRATION,2020,2021-01-04,455855182
2020-06-CENSUS-0000088289,GSA_MIGRATION,2020,2021-01-04,273070662
2020-06-CENSUS-0000088289,GSA_MIGRATION,2020,2021-01-04,593201112
2020-06-CENSUS-0000088289,GSA_MIGRATION,2020,2021-01-04,274287768
2020-12-CENSUS-0000161899,GSA_MIGRATION,2020,2021-12-06,020761623
2020-06-CENSUS-0000176085,GSA_MIGRATION,2020,2021-02-05,546001408
2020-06-CENSUS-0000176085,GSA_MIGRATION,2020,2021-02-05,546001410
2020-12-CENSUS-0000054907,GSA_MIGRATION,2020,2021-09-12,270229331
2020-06-CENSUS-0000176118,GSA_MIGRATION,2020,2021-01-03,546001637
2020-06-CENSUS-0000176118,GSA_MIGRATION,2020,2021-01-03,546001640
2020-09-CENSUS-0000136105,GSA_MIGRATION,2020,2021-03-15,596000677
2020-09-CENSUS-0000136105,GSA_MIGRATION,2020,2021-03-15,591798093
2020-09-CENSUS-0000136105,GSA_MIGRATION,2020,2021-03-15,650134749
2020-06-CENSUS-0000099767,GSA_MIGRATION,2020,2021-03-28,050611947
2020-06-CENSUS-0000099767,GSA_MIGRATION,2020,2021-03-28,263832877
2019-09-CENSUS-0000180265,GSA_MIGRATION,2019,2021-09-28,660450278
2019-12-CENSUS-0000152110,GSA_MIGRATION,2019,2021-03-10,410991295
2019-12-CENSUS-0000152110,GSA_MIGRATION,2019,2021-03-10,411408054
2020-09-CENSUS-0000251498,GSA_MIGRATION,2020,2021-11-15,470879946
2020-06-CENSUS-0000218539,GSA_MIGRATION,2020,2021-01-18,043323715
2020-06-CENSUS-0000218539,GSA_MIGRATION,2020,2021-01-18,043323718
2020-06-CENSUS-0000218539,GSA_MIGRATION,2020,2021-01-18,010598494
2020-06-CENSUS-0000218539,GSA_MIGRATION,2020,2021-01-18,043344288
2020-06-CENSUS-0000109600,GSA_MIGRATION,2020,2021-04-11,840625890
2020-06-CENSUS-0000171415,GSA_MIGRATION,2020,2021-02-21,626000733
2020-06-CENSUS-0000171415,GSA_MIGRATION,2020,2021-02-21,626000732
2020-06-CENSUS-0000131807,GSA_MIGRATION,2020,2021-04-04,330373293
2020-06-CENSUS-0000131807,GSA_MIGRATION,2020,2021-04-04,330535371
2020-06-CENSUS-0000131807,GSA_MIGRATION,2020,2021-04-04,330632102
2020-06-CENSUS-0000131807,GSA_MIGRATION,2020,2021-04-04,330644150
2020-06-CENSUS-0000131807,GSA_MIGRATION,2020,2021-04-04,680219874
2020-06-CENSUS-0000131807,GSA_MIGRATION,2020,2021-04-04,680282413
2020-06-CENSUS-0000131807,GSA_MIGRATION,2020,2021-04-04,680316355
2020-06-CENSUS-0000131807,GSA_MIGRATION,2020,2021-04-04,680338225
2020-06-CENSUS-0000131807,GSA_MIGRATION,2020,2021-04-04,680365325
2020-06-CENSUS-0000131807,GSA_MIGRATION,2020,2021-04-04,770207337
2020-06-CENSUS-0000131807,GSA_MIGRATION,2020,2021-04-04,770209717
2020-06-CENSUS-0000131807,GSA_MIGRATION,2020,2021-04-04,770217681
2020-06-CENSUS-0000131807,GSA_MIGRATION,2020,2021-04-04,770314545
2020-06-CENSUS-0000131807,GSA_MIGRATION,2020,2021-04-04,770414438
2020-06-CENSUS-0000131807,GSA_MIGRATION,2020,2021-04-04,911785970
2020-06-CENSUS-0000131807,GSA_MIGRATION,2020,2021-04-04,912153805
2020-06-CENSUS-0000131807,GSA_MIGRATION,2020,2021-04-04,931043787
2020-06-CENSUS-0000131807,GSA_MIGRATION,2020,2021-04-04,931137247
2020-06-CENSUS-0000131807,GSA_MIGRATION,2020,2021-04-04,931150363
2020-06-CENSUS-0000131807,GSA_MIGRATION,2020,2021-04-04,946390556
2020-06-CENSUS-0000131807,GSA_MIGRATION,2020,2021-04-04,954255659
2020-06-CENSUS-0000131807,GSA_MIGRATION,2020,2021-04-04,954358677
2020-06-CENSUS-0000131807,GSA_MIGRATION,2020,2021-04-04,954386558
2020-06-CENSUS-0000131807,GSA_MIGRATION,2020,2021-04-04,954601267
2020-06-CENSUS-0000204878,GSA_MIGRATION,2020,2021-03-09,810407289
2020-06-CENSUS-0000204878,GSA_MIGRATION,2020,2021-03-09,810286525
2020-06-CENSUS-0000239913,GSA_MIGRATION,2020,2021-02-08,150609172
2020-08-CENSUS-0000068175,GSA_MIGRATION,2020,2021-02-20,952988463
2020-06-CENSUS-0000003377,GSA_MIGRATION,2020,2021-01-17,043410322
2020-06-CENSUS-0000180927,GSA_MIGRATION,2020,2021-01-18,810577087
2020-12-CENSUS-0000037073,GSA_MIGRATION,2020,2021-09-16,010752319
2020-12-CENSUS-0000037073,GSA_MIGRATION,2020,2021-09-16,300127622
2020-12-CENSUS-0000037073,GSA_MIGRATION,2020,2021-09-16,822369868
2020-06-CENSUS-0000251133,GSA_MIGRATION,2020,2021-09-26,310537122
2020-06-CENSUS-0000251133,GSA_MIGRATION,2020,2021-09-26,310650283
2020-06-CENSUS-0000003302,GSA_MIGRATION,2020,2021-01-31,043373843
2020-06-CENSUS-0000003302,GSA_MIGRATION,2020,2021-01-31,300100167
2020-06-CENSUS-0000003302,GSA_MIGRATION,2020,2021-01-31,300142664
2020-06-CENSUS-0000003302,GSA_MIGRATION,2020,2021-01-31,300233972
2020-06-CENSUS-0000003302,GSA_MIGRATION,2020,2021-01-31,311695823
2020-06-CENSUS-0000003302,GSA_MIGRATION,2020,2021-01-31,311695981
2020-06-CENSUS-0000003302,GSA_MIGRATION,2020,2021-01-31,311758251
2020-09-CENSUS-0000136154,GSA_MIGRATION,2020,2021-09-28,832726764
2020-09-CENSUS-0000136154,GSA_MIGRATION,2020,2021-09-28,205679783
2020-09-CENSUS-0000136154,GSA_MIGRATION,2020,2021-09-28,591114009
2020-09-CENSUS-0000136154,GSA_MIGRATION,2020,2021-09-28,592013869
2020-06-CENSUS-0000251180,GSA_MIGRATION,2020,2021-09-28,363297173
2020-06-CENSUS-0000251180,GSA_MIGRATION,2020,2021-09-28,362167784
2020-06-CENSUS-0000251180,GSA_MIGRATION,2020,2021-09-28,363965251
2020-06-CENSUS-0000251180,GSA_MIGRATION,2020,2021-09-28,581672987
2020-06-CENSUS-0000251180,GSA_MIGRATION,2020,2021-09-28,364037473
2020-06-CENSUS-0000246826,GSA_MIGRATION,2020,2021-03-23,200441774
2020-06-CENSUS-0000246826,GSA_MIGRATION,2020,2021-03-23,222511879
2020-06-CENSUS-0000246826,GSA_MIGRATION,2020,2021-03-23,222560556
2020-06-CENSUS-0000246826,GSA_MIGRATION,2020,2021-03-23,231968547
2020-06-CENSUS-0000246826,GSA_MIGRATION,2020,2021-03-23,232713290
2020-06-CENSUS-0000246826,GSA_MIGRATION,2020,2021-03-23,232735283
2020-06-CENSUS-0000246826,GSA_MIGRATION,2020,2021-03-23,232818995
2020-06-CENSUS-0000246826,GSA_MIGRATION,2020,2021-03-23,232991533
2020-06-CENSUS-0000246826,GSA_MIGRATION,2020,2021-03-23,450463456
2020-06-CENSUS-0000246826,GSA_MIGRATION,2020,2021-03-23,222215356
2020-06-CENSUS-0000246826,GSA_MIGRATION,2020,2021-03-23,222397467
2020-06-CENSUS-0000246826,GSA_MIGRATION,2020,2021-03-23,461205364
2020-06-CENSUS-0000246826,GSA_MIGRATION,2020,2021-03-23,461248778
2020-06-CENSUS-0000246826,GSA_MIGRATION,2020,2021-03-23,472886590
2020-06-CENSUS-0000246826,GSA_MIGRATION,2020,2021-03-23,472963518
2020-06-CENSUS-0000246826,GSA_MIGRATION,2020,2021-03-23,473280467
2020-06-CENSUS-0000246826,GSA_MIGRATION,2020,2021-03-23,473550736
2020-06-CENSUS-0000246826,GSA_MIGRATION,2020,2021-03-23,474187666
2020-06-CENSUS-0000246826,GSA_MIGRATION,2020,2021-03-23,810884735
2020-06-CENSUS-0000246826,GSA_MIGRATION,2020,2021-03-23,821809627
2020-06-CENSUS-0000246826,GSA_MIGRATION,2020,2021-03-23,821827744
2020-06-CENSUS-0000246826,GSA_MIGRATION,2020,2021-03-23,822927898
2020-06-CENSUS-0000246826,GSA_MIGRATION,2020,2021-03-23,824370040
2020-06-CENSUS-0000246826,GSA_MIGRATION,2020,2021-03-23,825432996
2020-06-CENSUS-0000091959,GSA_MIGRATION,2020,2021-02-16,310889573
2020-09-CENSUS-0000250258,GSA_MIGRATION,2020,2021-03-14,824219629
2020-09-CENSUS-0000250258,GSA_MIGRATION,2020,2021-03-14,132574963
2020-06-CENSUS-0000199658,GSA_MIGRATION,2020,2021-03-14,364739343
2020-06-CENSUS-0000181661,GSA_MIGRATION,2020,2021-03-30,560847358
2020-06-CENSUS-0000181661,GSA_MIGRATION,2020,2021-03-30,561611340
2020-06-CENSUS-0000181661,GSA_MIGRATION,2020,2021-03-30,561492826
2020-06-CENSUS-0000181661,GSA_MIGRATION,2020,2021-03-30,561161525
2020-06-CENSUS-0000181661,GSA_MIGRATION,2020,2021-03-30,566000732
2020-06-CENSUS-0000181661,GSA_MIGRATION,2020,2021-03-30,561611252
2020-06-CENSUS-0000181661,GSA_MIGRATION,2020,2021-03-30,561401519
2020-06-CENSUS-0000181661,GSA_MIGRATION,2020,2021-03-30,561130957
2020-06-CENSUS-0000181661,GSA_MIGRATION,2020,2021-03-30,566000967
2020-06-CENSUS-0000181661,GSA_MIGRATION,2020,2021-03-30,566000372
2020-06-CENSUS-0000181661,GSA_MIGRATION,2020,2021-03-30,736502734
2020-06-CENSUS-0000181661,GSA_MIGRATION,2020,2021-03-30,300712287
2020-06-CENSUS-0000181661,GSA_MIGRATION,2020,2021-03-30,383984995
2020-06-CENSUS-0000181661,GSA_MIGRATION,2020,2021-03-30,562032825
2020-06-CENSUS-0000181661,GSA_MIGRATION,2020,2021-03-30,561611847
2020-06-CENSUS-0000181661,GSA_MIGRATION,2020,2021-03-30,566062189
2020-06-CENSUS-0000181661,GSA_MIGRATION,2020,2021-03-30,561288079
2020-06-CENSUS-0000181661,GSA_MIGRATION,2020,2021-03-30,561935214
2020-06-CENSUS-0000181661,GSA_MIGRATION,2020,2021-03-30,561527030
2020-06-CENSUS-0000181661,GSA_MIGRATION,2020,2021-03-30,561310675
2020-09-CENSUS-0000238808,GSA_MIGRATION,2020,2021-12-21,060646668
2020-09-CENSUS-0000238808,GSA_MIGRATION,2020,2021-12-21,060646715
2020-09-CENSUS-0000238808,GSA_MIGRATION,2020,2021-12-21,060646768
2020-09-CENSUS-0000238808,GSA_MIGRATION,2020,2021-12-21,060646966
2020-09-CENSUS-0000238808,GSA_MIGRATION,2020,2021-12-21,060250773
2020-09-CENSUS-0000238808,GSA_MIGRATION,2020,2021-12-21,060646678
2020-09-CENSUS-0000238808,GSA_MIGRATION,2020,2021-12-21,832550272
2020-09-CENSUS-0000238808,GSA_MIGRATION,2020,2021-12-21,060966963
2020-09-CENSUS-0000238808,GSA_MIGRATION,2020,2021-12-21,060932875
2020-09-CENSUS-0000238808,GSA_MIGRATION,2020,2021-12-21,060702617
2020-09-CENSUS-0000238808,GSA_MIGRATION,2020,2021-12-21,371740267
2020-09-CENSUS-0000238808,GSA_MIGRATION,2020,2021-12-21,454456939
2020-09-CENSUS-0000238808,GSA_MIGRATION,2020,2021-12-21,371911194
2020-09-CENSUS-0000238808,GSA_MIGRATION,2020,2021-12-21,222635676
2020-09-CENSUS-0000238808,GSA_MIGRATION,2020,2021-12-21,820586577
2020-09-CENSUS-0000238808,GSA_MIGRATION,2020,2021-12-21,061490803
2020-09-CENSUS-0000251754,GSA_MIGRATION,2020,2021-12-16,464150987
2020-09-CENSUS-0000251754,GSA_MIGRATION,2020,2021-12-16,941294954
2020-06-CENSUS-0000181003,GSA_MIGRATION,2020,2021-05-23,201787893
2020-09-CENSUS-0000136122,GSA_MIGRATION,2020,2021-04-20,596000772
2020-09-CENSUS-0000136122,GSA_MIGRATION,2020,2021-04-20,596000776
2020-12-CENSUS-0000241423,GSA_MIGRATION,2020,2021-05-17,042699390
2020-12-CENSUS-0000241423,GSA_MIGRATION,2020,2021-05-17,043546747
2020-12-CENSUS-0000241423,GSA_MIGRATION,2020,2021-05-17,200462951
2020-12-CENSUS-0000241423,GSA_MIGRATION,2020,2021-05-17,202643288
2020-12-CENSUS-0000241423,GSA_MIGRATION,2020,2021-05-17,261590901
2020-12-CENSUS-0000241423,GSA_MIGRATION,2020,2021-05-17,352559230
2020-12-CENSUS-0000241423,GSA_MIGRATION,2020,2021-05-17,352576571
2020-12-CENSUS-0000241423,GSA_MIGRATION,2020,2021-05-17,371869658
2020-12-CENSUS-0000241423,GSA_MIGRATION,2020,2021-05-17,611788746
2020-12-CENSUS-0000241423,GSA_MIGRATION,2020,2021-05-17,812001989
2020-12-CENSUS-0000241423,GSA_MIGRATION,2020,2021-05-17,812218506
2020-12-CENSUS-0000241423,GSA_MIGRATION,2020,2021-05-17,814320429
2020-12-CENSUS-0000241423,GSA_MIGRATION,2020,2021-05-17,822820466
2020-12-CENSUS-0000241423,GSA_MIGRATION,2020,2021-05-17,832523066
2020-06-CENSUS-0000245886,GSA_MIGRATION,2020,2021-03-30,351904256
2020-12-CENSUS-0000151651,GSA_MIGRATION,2020,2021-05-24,020664996
2020-12-CENSUS-0000151651,GSA_MIGRATION,2020,2021-05-24,411920080
2020-12-CENSUS-0000151651,GSA_MIGRATION,2020,2021-05-24,411932729
2020-12-CENSUS-0000151651,GSA_MIGRATION,2020,2021-05-24,412015607
2020-12-CENSUS-0000151651,GSA_MIGRATION,2020,2021-05-24,412015639
2020-12-CENSUS-0000151651,GSA_MIGRATION,2020,2021-05-24,200344137
2020-12-CENSUS-0000151651,GSA_MIGRATION,2020,2021-05-24,200337824
2020-12-CENSUS-0000151651,GSA_MIGRATION,2020,2021-05-24,593789037
2020-06-CENSUS-0000135707,GSA_MIGRATION,2020,2021-03-31,061442457
2020-06-CENSUS-0000202092,GSA_MIGRATION,2020,2021-06-24,453570715
2020-06-CENSUS-0000202092,GSA_MIGRATION,2020,2021-06-24,141348692
2020-06-CENSUS-0000202092,GSA_MIGRATION,2020,2021-06-24,222262982
2020-06-CENSUS-0000202092,GSA_MIGRATION,2020,2021-06-24,222743478
2020-06-CENSUS-0000202092,GSA_MIGRATION,2020,2021-06-24,222345416
2020-06-CENSUS-0000202092,GSA_MIGRATION,2020,2021-06-24,141776186
2020-06-CENSUS-0000202092,GSA_MIGRATION,2020,2021-06-24,141338457
2020-06-CENSUS-0000202092,GSA_MIGRATION,2020,2021-06-24,141338544
2020-06-CENSUS-0000202092,GSA_MIGRATION,2020,2021-06-24,141338386
2020-06-CENSUS-0000202092,GSA_MIGRATION,2020,2021-06-24,141710225
2020-06-CENSUS-0000202092,GSA_MIGRATION,2020,2021-06-24,141701597
2020-06-CENSUS-0000202092,GSA_MIGRATION,2020,2021-06-24,141717028
2020-06-CENSUS-0000202092,GSA_MIGRATION,2020,2021-06-24,141756230
2020-06-CENSUS-0000202092,GSA_MIGRATION,2020,2021-06-24,141438749
2020-06-CENSUS-0000202092,GSA_MIGRATION,2020,2021-06-24,141743506
2020-06-CENSUS-0000202092,GSA_MIGRATION,2020,2021-06-24,141514867
2020-06-CENSUS-0000202092,GSA_MIGRATION,2020,2021-06-24,141608921
2020-06-CENSUS-0000202092,GSA_MIGRATION,2020,2021-06-24,272153849
2020-06-CENSUS-0000202092,GSA_MIGRATION,2020,2021-06-24,141725101
2020-06-CENSUS-0000202092,GSA_MIGRATION,2020,2021-06-24,222570478
2020-06-CENSUS-0000202092,GSA_MIGRATION,2020,2021-06-24,461177336
2020-06-CENSUS-0000202092,GSA_MIGRATION,2020,2021-06-24,141795732
2020-06-CENSUS-0000202092,GSA_MIGRATION,2020,2021-06-24,473752176
2020-06-CENSUS-0000202092,GSA_MIGRATION,2020,2021-06-24,261720984
2020-06-CENSUS-0000202092,GSA_MIGRATION,2020,2021-06-24,580566223
2020-06-CENSUS-0000202092,GSA_MIGRATION,2020,2021-06-24,261858563
2020-06-CENSUS-0000202092,GSA_MIGRATION,2020,2021-06-24,820200895
2020-06-CENSUS-0000202092,GSA_MIGRATION,2020,2021-06-24,271790052
2020-06-CENSUS-0000202092,GSA_MIGRATION,2020,2021-06-24,820200896
2020-06-CENSUS-0000202092,GSA_MIGRATION,2020,2021-06-24,820526861
2020-06-CENSUS-0000202092,GSA_MIGRATION,2020,2021-06-24,271789847
2020-06-CENSUS-0000202092,GSA_MIGRATION,2020,2021-06-24,421336618
2020-06-CENSUS-0000202092,GSA_MIGRATION,2020,2021-06-24,311594356
2020-06-CENSUS-0000202092,GSA_MIGRATION,2020,2021-06-24,412044739
2020-06-CENSUS-0000202092,GSA_MIGRATION,2020,2021-06-24,260899565
2020-06-CENSUS-0000202092,GSA_MIGRATION,2020,2021-06-24,461906752
2020-06-CENSUS-0000202092,GSA_MIGRATION,2020,2021-06-24,311113966
2020-06-CENSUS-0000202092,GSA_MIGRATION,2020,2021-06-24,311308555
2020-06-CENSUS-0000202092,GSA_MIGRATION,2020,2021-06-24,311439334
2020-06-CENSUS-0000202092,GSA_MIGRATION,2020,2021-06-24,342032340
2020-06-CENSUS-0000202092,GSA_MIGRATION,2020,2021-06-24,201983271
2020-06-CENSUS-0000202092,GSA_MIGRATION,2020,2021-06-24,311382442
2020-06-CENSUS-0000202092,GSA_MIGRATION,2020,2021-06-24,204145781
2020-06-CENSUS-0000202092,GSA_MIGRATION,2020,2021-06-24,311373080
2020-06-CENSUS-0000202092,GSA_MIGRATION,2020,2021-06-24,590791028
2020-06-CENSUS-0000202092,GSA_MIGRATION,2020,2021-06-24,812531495
2020-06-CENSUS-0000202092,GSA_MIGRATION,2020,2021-06-24,832256461
2020-06-CENSUS-0000202092,GSA_MIGRATION,2020,2021-06-24,352325646
2020-06-CENSUS-0000202092,GSA_MIGRATION,2020,2021-06-24,382113393
2020-06-CENSUS-0000202092,GSA_MIGRATION,2020,2021-06-24,272491974
2020-06-CENSUS-0000202092,GSA_MIGRATION,2020,2021-06-24,364015560
2020-06-CENSUS-0000202092,GSA_MIGRATION,2020,2021-06-24,363332852
2020-06-CENSUS-0000202092,GSA_MIGRATION,2020,2021-06-24,362379649
2020-06-CENSUS-0000202092,GSA_MIGRATION,2020,2021-06-24,520738041
2020-06-CENSUS-0000202092,GSA_MIGRATION,2020,2021-06-24,202552772
2020-08-CENSUS-0000239979,GSA_MIGRATION,2020,2021-05-27,610654587
2020-08-CENSUS-0000239979,GSA_MIGRATION,2020,2021-05-27,611480774
2020-08-CENSUS-0000239979,GSA_MIGRATION,2020,2021-05-27,610461940
2020-12-CENSUS-0000224939,GSA_MIGRATION,2020,2021-08-29,454015116
2020-12-CENSUS-0000224939,GSA_MIGRATION,2020,2021-08-29,271894719
2020-12-CENSUS-0000224939,GSA_MIGRATION,2020,2021-08-29,273301417
2020-12-CENSUS-0000224939,GSA_MIGRATION,2020,2021-08-29,463891708
2020-12-CENSUS-0000224939,GSA_MIGRATION,2020,2021-08-29,271071953
2020-12-CENSUS-0000224939,GSA_MIGRATION,2020,2021-08-29,330985897
2020-12-CENSUS-0000224939,GSA_MIGRATION,2020,2021-08-29,473077367
2020-12-CENSUS-0000224939,GSA_MIGRATION,2020,2021-08-29,271072000
2020-12-CENSUS-0000224939,GSA_MIGRATION,2020,2021-08-29,562422384
2020-12-CENSUS-0000224939,GSA_MIGRATION,2020,2021-08-29,205076141
2020-12-CENSUS-0000224939,GSA_MIGRATION,2020,2021-08-29,203061970
2020-12-CENSUS-0000224939,GSA_MIGRATION,2020,2021-08-29,364795673
2020-12-CENSUS-0000224939,GSA_MIGRATION,2020,2021-08-29,273301491
2020-12-CENSUS-0000224939,GSA_MIGRATION,2020,2021-08-29,900849857
2020-12-CENSUS-0000224939,GSA_MIGRATION,2020,2021-08-29,271044695
2020-12-CENSUS-0000224939,GSA_MIGRATION,2020,2021-08-29,823551076
2020-09-CENSUS-0000244798,GSA_MIGRATION,2020,2021-10-07,540549603
2020-09-CENSUS-0000244798,GSA_MIGRATION,2020,2021-10-07,546074580
2020-09-CENSUS-0000244798,GSA_MIGRATION,2020,2021-10-07,540506332
2020-09-CENSUS-0000244798,GSA_MIGRATION,2020,2021-10-07,540480606
2020-09-CENSUS-0000244798,GSA_MIGRATION,2020,2021-10-07,540553805
2020-09-CENSUS-0000244798,GSA_MIGRATION,2020,2021-10-07,540568001
2020-06-CENSUS-0000224753,GSA_MIGRATION,2020,2021-04-04,364936827
2020-06-CENSUS-0000145872,GSA_MIGRATION,2020,2021-03-29,616033693
2020-09-CENSUS-0000105524,GSA_MIGRATION,2020,2021-06-28,813011126
2020-06-CENSUS-0000179837,GSA_MIGRATION,2020,2021-01-19,836000043
2020-12-CENSUS-0000251327,GSA_MIGRATION,2020,2021-10-26,812044696
2020-06-CENSUS-0000235950,GSA_MIGRATION,2020,2021-03-24,250537168
2020-06-CENSUS-0000037250,GSA_MIGRATION,2020,2021-08-29,251346790
2020-12-CENSUS-0000199484,GSA_MIGRATION,2020,2021-11-09,223343959
2020-12-CENSUS-0000199484,GSA_MIGRATION,2020,2021-11-09,221500556
2020-12-CENSUS-0000199484,GSA_MIGRATION,2020,2021-11-09,223452306
2020-12-CENSUS-0000199484,GSA_MIGRATION,2020,2021-11-09,221487148
2020-12-CENSUS-0000199484,GSA_MIGRATION,2020,2021-11-09,222783298
2020-12-CENSUS-0000199484,GSA_MIGRATION,2020,2021-11-09,223452413
2020-12-CENSUS-0000199484,GSA_MIGRATION,2020,2021-11-09,223452412
2020-12-CENSUS-0000199484,GSA_MIGRATION,2020,2021-11-09,223452311
2020-12-CENSUS-0000199484,GSA_MIGRATION,2020,2021-11-09,221487243
2020-12-CENSUS-0000199484,GSA_MIGRATION,2020,2021-11-09,221487305
2020-06-CENSUS-0000203015,GSA_MIGRATION,2020,2021-09-20,010572642
2020-06-CENSUS-0000203015,GSA_MIGRATION,2020,2021-09-20,010632628
2020-06-CENSUS-0000203015,GSA_MIGRATION,2020,2021-09-20,030452423
2020-06-CENSUS-0000203015,GSA_MIGRATION,2020,2021-09-20,030453212
2020-06-CENSUS-0000203015,GSA_MIGRATION,2020,2021-09-20,043618570
2020-06-CENSUS-0000203015,GSA_MIGRATION,2020,2021-09-20,050527061
2020-06-CENSUS-0000203015,GSA_MIGRATION,2020,2021-09-20,100052601
2020-06-CENSUS-0000203015,GSA_MIGRATION,2020,2021-09-20,100054201
2020-06-CENSUS-0000203015,GSA_MIGRATION,2020,2021-09-20,161756787
2020-06-CENSUS-0000203015,GSA_MIGRATION,2020,2021-09-20,201568257
2020-06-CENSUS-0000203015,GSA_MIGRATION,2020,2021-09-20,207371762
2020-06-CENSUS-0000203015,GSA_MIGRATION,2020,2021-09-20,264184618
2020-06-CENSUS-0000203015,GSA_MIGRATION,2020,2021-09-20,320348189
2020-06-CENSUS-0000203015,GSA_MIGRATION,2020,2021-09-20,331000747
2020-06-CENSUS-0000203015,GSA_MIGRATION,2020,2021-09-20,331143971
2020-06-CENSUS-0000203015,GSA_MIGRATION,2020,2021-09-20,363042127
2020-06-CENSUS-0000203015,GSA_MIGRATION,2020,2021-09-20,363422943
2020-06-CENSUS-0000203015,GSA_MIGRATION,2020,2021-09-20,363956180
2020-06-CENSUS-0000203015,GSA_MIGRATION,2020,2021-09-20,364163567
2020-06-CENSUS-0000203015,GSA_MIGRATION,2020,2021-09-20,364165260
2020-06-CENSUS-0000203015,GSA_MIGRATION,2020,2021-09-20,370975309
2020-06-CENSUS-0000203015,GSA_MIGRATION,2020,2021-09-20,371080429
2020-06-CENSUS-0000203015,GSA_MIGRATION,2020,2021-09-20,371263861
2020-06-CENSUS-0000203015,GSA_MIGRATION,2020,2021-09-20,371282306
2020-06-CENSUS-0000203015,GSA_MIGRATION,2020,2021-09-20,371343882
2020-06-CENSUS-0000203015,GSA_MIGRATION,2020,2021-09-20,371349602
2020-06-CENSUS-0000203015,GSA_MIGRATION,2020,2021-09-20,371354673
2020-06-CENSUS-0000203015,GSA_MIGRATION,2020,2021-09-20,371379628
2020-06-CENSUS-0000203015,GSA_MIGRATION,2020,2021-09-20,371380174
2020-06-CENSUS-0000203015,GSA_MIGRATION,2020,2021-09-20,371394631
2020-06-CENSUS-0000203015,GSA_MIGRATION,2020,2021-09-20,371401971
2020-06-CENSUS-0000203015,GSA_MIGRATION,2020,2021-09-20,376002057
2020-06-CENSUS-0000203015,GSA_MIGRATION,2020,2021-09-20,376503738
2020-06-CENSUS-0000203015,GSA_MIGRATION,2020,2021-09-20,431953208
2020-06-CENSUS-0000203015,GSA_MIGRATION,2020,2021-09-20,470865977
2020-06-CENSUS-0000203015,GSA_MIGRATION,2020,2021-09-20,521752528
2020-06-CENSUS-0000203015,GSA_MIGRATION,2020,2021-09-20,611604167
2020-06-CENSUS-0000203015,GSA_MIGRATION,2020,2021-09-20,731641239
2020-06-CENSUS-0000203015,GSA_MIGRATION,2020,2021-09-20,743245362
2020-06-CENSUS-0000203015,GSA_MIGRATION,2020,2021-09-20,743256858
2020-06-CENSUS-0000203015,GSA_MIGRATION,2020,2021-09-20,760809915
2020-06-CENSUS-0000203015,GSA_MIGRATION,2020,2021-09-20,813360639
2020-06-CENSUS-0000203015,GSA_MIGRATION,2020,2021-09-20,870729617
2020-06-CENSUS-0000203015,GSA_MIGRATION,2020,2021-09-20,900110906
2020-12-CENSUS-0000020543,GSA_MIGRATION,2020,2021-10-03,274645523
2020-09-CENSUS-0000241787,GSA_MIGRATION,2020,2021-04-08,521902649
2020-09-CENSUS-0000051926,GSA_MIGRATION,2020,2021-04-20,522053377
2020-06-CENSUS-0000072598,GSA_MIGRATION,2020,2021-02-03,512054857
2020-06-CENSUS-0000072598,GSA_MIGRATION,2020,2021-02-03,900427706
2020-12-CENSUS-0000241642,GSA_MIGRATION,2020,2021-08-18,453672468
2020-12-CENSUS-0000241642,GSA_MIGRATION,2020,2021-08-18,465465189
2020-09-CENSUS-0000247948,GSA_MIGRATION,2020,2021-05-17,043400617
2020-09-CENSUS-0000247948,GSA_MIGRATION,2020,2021-05-17,042767880
2020-09-CENSUS-0000247948,GSA_MIGRATION,2020,2021-05-17,042103590
2020-06-CENSUS-0000171375,GSA_MIGRATION,2020,2021-03-09,626000542
2020-06-CENSUS-0000171375,GSA_MIGRATION,2020,2021-03-09,626000543
2020-08-CENSUS-0000239979,GSA_MIGRATION,2020,2021-05-27,473033550
2020-09-CENSUS-0000198977,GSA_MIGRATION,2020,2021-06-28,596000608
2020-09-CENSUS-0000198977,GSA_MIGRATION,2020,2021-06-28,596018992
2020-09-CENSUS-0000198977,GSA_MIGRATION,2020,2021-06-28,592018385
2020-12-CENSUS-0000207907,GSA_MIGRATION,2020,2021-05-25,223169112
2020-12-CENSUS-0000244893,GSA_MIGRATION,2020,2021-06-22,050979677
2020-06-CENSUS-0000034872,GSA_MIGRATION,2020,2021-02-03,043418316
2020-06-CENSUS-0000034872,GSA_MIGRATION,2020,2021-02-03,043541791
2020-06-CENSUS-0000034872,GSA_MIGRATION,2020,2021-02-03,042572143
2020-06-CENSUS-0000034872,GSA_MIGRATION,2020,2021-02-03,331132409
2020-06-CENSUS-0000034872,GSA_MIGRATION,2020,2021-02-03,043269615
2020-06-CENSUS-0000034872,GSA_MIGRATION,2020,2021-02-03,043232477
2020-06-CENSUS-0000034872,GSA_MIGRATION,2020,2021-02-03,222473987
2020-06-CENSUS-0000034872,GSA_MIGRATION,2020,2021-02-03,043185166
2020-06-CENSUS-0000026224,GSA_MIGRATION,2020,2021-08-09,453459252
2020-12-CENSUS-0000184115,GSA_MIGRATION,2020,2021-05-12,043484336
2020-12-CENSUS-0000184115,GSA_MIGRATION,2020,2021-05-12,200809596
2020-06-CENSUS-0000113879,GSA_MIGRATION,2020,2021-03-07,760817781
2020-06-CENSUS-0000171446,GSA_MIGRATION,2020,2021-03-24,626000894
2020-06-CENSUS-0000171446,GSA_MIGRATION,2020,2021-03-24,626000892
2020-06-CENSUS-0000250169,GSA_MIGRATION,2020,2021-02-15,320048804
2020-06-CENSUS-0000250169,GSA_MIGRATION,2020,2021-02-15,451619072
2020-06-CENSUS-0000250169,GSA_MIGRATION,2020,2021-02-15,461549267
2020-12-CENSUS-0000244893,GSA_MIGRATION,2020,2021-06-22,592247419
2020-12-CENSUS-0000244893,GSA_MIGRATION,2020,2021-06-22,651067124
2020-12-CENSUS-0000244893,GSA_MIGRATION,2020,2021-06-22,454866669
2020-09-CENSUS-0000202836,GSA_MIGRATION,2020,2021-09-27,752950009
2020-12-CENSUS-0000245312,GSA_MIGRATION,2020,2021-06-08,222279175
2020-12-CENSUS-0000245312,GSA_MIGRATION,2020,2021-06-08,311647074
2020-06-CENSUS-0000183455,GSA_MIGRATION,2020,2021-03-21,202344144
2020-06-CENSUS-0000183455,GSA_MIGRATION,2020,2021-03-21,472845537
2020-06-CENSUS-0000183455,GSA_MIGRATION,2020,2021-03-21,930814490
2020-06-CENSUS-0000183455,GSA_MIGRATION,2020,2021-03-21,930986405
2020-06-CENSUS-0000183455,GSA_MIGRATION,2020,2021-03-21,943395473
2020-12-CENSUS-0000093488,GSA_MIGRATION,2020,2021-03-16,582127749
2020-12-CENSUS-0000230966,GSA_MIGRATION,2020,2021-08-16,841228675
2020-12-CENSUS-0000187486,GSA_MIGRATION,2020,2021-06-03,030433655
2020-09-CENSUS-0000053832,GSA_MIGRATION,2020,2021-09-30,370661220
2020-09-CENSUS-0000053832,GSA_MIGRATION,2020,2021-09-30,370661230
2020-09-CENSUS-0000053832,GSA_MIGRATION,2020,2021-09-30,370723793
2020-09-CENSUS-0000053832,GSA_MIGRATION,2020,2021-09-30,370661250
2020-09-CENSUS-0000053832,GSA_MIGRATION,2020,2021-09-30,370661199
2020-12-CENSUS-0000076025,GSA_MIGRATION,2020,2021-07-21,521799708
2020-12-CENSUS-0000076025,GSA_MIGRATION,2020,2021-07-21,521797072
2020-12-CENSUS-0000076025,GSA_MIGRATION,2020,2021-07-21,205038795
2020-12-CENSUS-0000076025,GSA_MIGRATION,2020,2021-07-21,810718320
2020-12-CENSUS-0000076025,GSA_MIGRATION,2020,2021-07-21,274584922
2020-12-CENSUS-0000076025,GSA_MIGRATION,2020,2021-07-21,208818942
2020-12-CENSUS-0000076025,GSA_MIGRATION,2020,2021-07-21,461323360
2020-06-CENSUS-0000197070,GSA_MIGRATION,2020,2021-06-09,237013186
2020-06-CENSUS-0000192565,GSA_MIGRATION,2020,2021-06-10,736017987
2020-12-CENSUS-0000069335,GSA_MIGRATION,2020,2021-06-22,464690725
2020-12-CENSUS-0000069335,GSA_MIGRATION,2020,2021-06-22,453991190
2020-12-CENSUS-0000069335,GSA_MIGRATION,2020,2021-06-22,472446790
2020-12-CENSUS-0000069335,GSA_MIGRATION,2020,2021-06-22,460864256
2020-12-CENSUS-0000069335,GSA_MIGRATION,2020,2021-06-22,203781186
2020-12-CENSUS-0000219756,GSA_MIGRATION,2020,2021-06-03,742471210
2020-06-CENSUS-0000032921,GSA_MIGRATION,2020,2021-02-08,043542875
2020-06-CENSUS-0000032921,GSA_MIGRATION,2020,2021-02-08,223041897
2020-06-CENSUS-0000032921,GSA_MIGRATION,2020,2021-02-08,223305235
2020-06-CENSUS-0000032921,GSA_MIGRATION,2020,2021-02-08,223305236
2020-06-CENSUS-0000032921,GSA_MIGRATION,2020,2021-02-08,223502747
2020-06-CENSUS-0000032921,GSA_MIGRATION,2020,2021-02-08,223520771
2020-06-CENSUS-0000032921,GSA_MIGRATION,2020,2021-02-08,300158221
2020-06-CENSUS-0000032921,GSA_MIGRATION,2020,2021-02-08,311671588
2020-06-CENSUS-0000032921,GSA_MIGRATION,2020,2021-02-08,900158415
2020-06-CENSUS-0000032921,GSA_MIGRATION,2020,2021-02-08,900734882
2020-12-CENSUS-0000062102,GSA_MIGRATION,2020,2021-08-29,834114223
2020-12-CENSUS-0000020567,GSA_MIGRATION,2020,2021-10-27,226019101
2020-12-CENSUS-0000020567,GSA_MIGRATION,2020,2021-10-27,223474145
2020-06-CENSUS-0000030446,GSA_MIGRATION,2020,2021-02-04,222864921
2020-06-CENSUS-0000003354,GSA_MIGRATION,2020,2021-02-23,264412391
2020-06-CENSUS-0000003354,GSA_MIGRATION,2020,2021-02-23,800790996
2020-03-CENSUS-0000082017,GSA_MIGRATION,2020,2021-02-01,471270222
2020-12-CENSUS-0000050405,GSA_MIGRATION,2020,2021-10-18,201768398
2020-12-CENSUS-0000050405,GSA_MIGRATION,2020,2021-10-18,202584736
2020-12-CENSUS-0000050405,GSA_MIGRATION,2020,2021-10-18,363296450
2020-12-CENSUS-0000050405,GSA_MIGRATION,2020,2021-10-18,204635666
2020-09-CENSUS-0000215722,GSA_MIGRATION,2020,2021-02-01,431441744
2020-09-CENSUS-0000000356,GSA_MIGRATION,2020,2021-11-02,233080013
2020-12-CENSUS-0000039098,GSA_MIGRATION,2020,2021-06-20,204215691
2020-09-CENSUS-0000249502,GSA_MIGRATION,2020,2021-12-14,811723202
2020-09-CENSUS-0000249502,GSA_MIGRATION,2020,2021-12-14,582296052
2020-06-CENSUS-0000216353,GSA_MIGRATION,2020,2021-01-24,836000855
2020-06-CENSUS-0000190705,GSA_MIGRATION,2020,2021-01-24,830329974
2020-06-CENSUS-0000190705,GSA_MIGRATION,2020,2021-01-24,836000298
2020-06-CENSUS-0000190705,GSA_MIGRATION,2020,2021-01-24,830246833
2020-06-CENSUS-0000190705,GSA_MIGRATION,2020,2021-01-24,830220039
2020-06-CENSUS-0000171398,GSA_MIGRATION,2020,2021-02-11,626000699
2020-06-CENSUS-0000169269,GSA_MIGRATION,2020,2021-01-20,161640627
2020-06-CENSUS-0000169269,GSA_MIGRATION,2020,2021-01-20,233085638
2020-12-CENSUS-0000224285,GSA_MIGRATION,2020,2021-12-06,261940826
2020-12-CENSUS-0000224285,GSA_MIGRATION,2020,2021-12-06,223749626
2020-12-CENSUS-0000224285,GSA_MIGRATION,2020,2021-12-06,274939264
2020-12-CENSUS-0000224285,GSA_MIGRATION,2020,2021-12-06,261900676
2020-12-CENSUS-0000224285,GSA_MIGRATION,2020,2021-12-06,202504202
2020-09-CENSUS-0000205678,GSA_MIGRATION,2020,2021-12-19,030279740
2020-09-CENSUS-0000205678,GSA_MIGRATION,2020,2021-12-19,814023607
2020-09-CENSUS-0000205678,GSA_MIGRATION,2020,2021-12-19,222563241
2020-09-CENSUS-0000205678,GSA_MIGRATION,2020,2021-12-19,473028931
2020-09-CENSUS-0000205678,GSA_MIGRATION,2020,2021-12-19,141370000
2020-09-CENSUS-0000189911,GSA_MIGRATION,2020,2021-12-22,362604009
2020-09-CENSUS-0000189911,GSA_MIGRATION,2020,2021-12-22,362167864
2020-09-CENSUS-0000189911,GSA_MIGRATION,2020,2021-12-22,370662570
2020-09-CENSUS-0000189911,GSA_MIGRATION,2020,2021-12-22,370662576
2020-09-CENSUS-0000189911,GSA_MIGRATION,2020,2021-12-22,370662569
2020-09-CENSUS-0000189911,GSA_MIGRATION,2020,2021-12-22,370662581
2020-09-CENSUS-0000189911,GSA_MIGRATION,2020,2021-12-22,383852646
2020-09-CENSUS-0000189911,GSA_MIGRATION,2020,2021-12-22,363484677
2020-09-CENSUS-0000189911,GSA_MIGRATION,2020,2021-12-22,381359528
2020-12-CENSUS-0000196134,GSA_MIGRATION,2020,2021-12-21,814946960
2020-12-CENSUS-0000196134,GSA_MIGRATION,2020,2021-12-21,824614317
2020-12-CENSUS-0000110753,GSA_MIGRATION,2020,2021-12-19,237329437
2020-12-CENSUS-0000110753,GSA_MIGRATION,2020,2021-12-19,856016041
2020-09-CENSUS-0000212183,GSA_MIGRATION,2020,2021-12-20,042103600
2020-09-CENSUS-0000212183,GSA_MIGRATION,2020,2021-12-20,042104159
2020-09-CENSUS-0000212183,GSA_MIGRATION,2020,2021-12-20,042220716
2020-09-CENSUS-0000212183,GSA_MIGRATION,2020,2021-12-20,042323506
2020-09-CENSUS-0000212183,GSA_MIGRATION,2020,2021-12-20,042995795
2020-06-CENSUS-0000171421,GSA_MIGRATION,2020,2021-02-08,620714744
2020-03-CENSUS-0000124821,GSA_MIGRATION,2020,2021-02-25,474328195
2020-06-CENSUS-0000235872,GSA_MIGRATION,2020,2021-08-26,141347719
2020-06-CENSUS-0000235872,GSA_MIGRATION,2020,2021-08-26,150532221
2020-06-CENSUS-0000235872,GSA_MIGRATION,2020,2021-08-26,203700131
2020-06-CENSUS-0000235872,GSA_MIGRATION,2020,2021-08-26,260479484
2020-06-CENSUS-0000235872,GSA_MIGRATION,2020,2021-08-26,270847538
2020-06-CENSUS-0000235872,GSA_MIGRATION,2020,2021-08-26,271965272
2020-06-CENSUS-0000235872,GSA_MIGRATION,2020,2021-08-26,300577249
2020-06-CENSUS-0000235872,GSA_MIGRATION,2020,2021-08-26,350784551
2020-06-CENSUS-0000235872,GSA_MIGRATION,2020,2021-08-26,350869065
2020-06-CENSUS-0000235872,GSA_MIGRATION,2020,2021-08-26,350869066
2020-06-CENSUS-0000235872,GSA_MIGRATION,2020,2021-08-26,350876389
2020-06-CENSUS-0000235872,GSA_MIGRATION,2020,2021-08-26,350992717
2020-06-CENSUS-0000235872,GSA_MIGRATION,2020,2021-08-26,351343019
2020-06-CENSUS-0000235872,GSA_MIGRATION,2020,2021-08-26,351841606
2020-06-CENSUS-0000235872,GSA_MIGRATION,2020,2021-08-26,352052591
2020-06-CENSUS-0000235872,GSA_MIGRATION,2020,2021-08-26,352103153
2020-06-CENSUS-0000235872,GSA_MIGRATION,2020,2021-08-26,352112529
2020-06-CENSUS-0000235872,GSA_MIGRATION,2020,2021-08-26,362235165
2020-06-CENSUS-0000235872,GSA_MIGRATION,2020,2021-08-26,362276984
2020-06-CENSUS-0000235872,GSA_MIGRATION,2020,2021-08-26,362596381
2020-06-CENSUS-0000235872,GSA_MIGRATION,2020,2021-08-26,362709982
2020-06-CENSUS-0000235872,GSA_MIGRATION,2020,2021-08-26,363208390
2020-06-CENSUS-0000235872,GSA_MIGRATION,2020,2021-08-26,363276552
2020-06-CENSUS-0000235872,GSA_MIGRATION,2020,2021-08-26,364195126
2020-06-CENSUS-0000235872,GSA_MIGRATION,2020,2021-08-26,364251846
2020-06-CENSUS-0000235872,GSA_MIGRATION,2020,2021-08-26,364251848
2020-06-CENSUS-0000235872,GSA_MIGRATION,2020,2021-08-26,371127787
2020-06-CENSUS-0000235872,GSA_MIGRATION,2020,2021-08-26,380997730
2020-06-CENSUS-0000235872,GSA_MIGRATION,2020,2021-08-26,381358212
2020-06-CENSUS-0000235872,GSA_MIGRATION,2020,2021-08-26,381359063
2020-06-CENSUS-0000235872,GSA_MIGRATION,2020,2021-08-26,381359180
2020-06-CENSUS-0000235872,GSA_MIGRATION,2020,2021-08-26,381359247
2020-06-CENSUS-0000235872,GSA_MIGRATION,2020,2021-08-26,381360526
2020-06-CENSUS-0000235872,GSA_MIGRATION,2020,2021-08-26,381443395
2020-06-CENSUS-0000235872,GSA_MIGRATION,2020,2021-08-26,381490190
2020-06-CENSUS-0000235872,GSA_MIGRATION,2020,2021-08-26,381671120
2020-06-CENSUS-0000235872,GSA_MIGRATION,2020,2021-08-26,382244034
2020-06-CENSUS-0000235872,GSA_MIGRATION,2020,2021-08-26,382262856
2020-06-CENSUS-0000235872,GSA_MIGRATION,2020,2021-08-26,382377821
2020-06-CENSUS-0000235872,GSA_MIGRATION,2020,2021-08-26,382631907
2020-06-CENSUS-0000235872,GSA_MIGRATION,2020,2021-08-26,383160564
2020-06-CENSUS-0000235872,GSA_MIGRATION,2020,2021-08-26,383322109
2020-06-CENSUS-0000235872,GSA_MIGRATION,2020,2021-08-26,383833117
2020-06-CENSUS-0000235872,GSA_MIGRATION,2020,2021-08-26,390806268
2020-06-CENSUS-0000235872,GSA_MIGRATION,2020,2021-08-26,390806315
2020-06-CENSUS-0000235872,GSA_MIGRATION,2020,2021-08-26,390807063
2020-06-CENSUS-0000235872,GSA_MIGRATION,2020,2021-08-26,390807065
2020-06-CENSUS-0000235872,GSA_MIGRATION,2020,2021-08-26,390808443
2020-06-CENSUS-0000235872,GSA_MIGRATION,2020,2021-08-26,390808503
2020-06-CENSUS-0000235872,GSA_MIGRATION,2020,2021-08-26,390816818
2020-06-CENSUS-0000235872,GSA_MIGRATION,2020,2021-08-26,390816857
2020-06-CENSUS-0000235872,GSA_MIGRATION,2020,2021-08-26,390905385
2020-06-CENSUS-0000235872,GSA_MIGRATION,2020,2021-08-26,390907740
2020-06-CENSUS-0000235872,GSA_MIGRATION,2020,2021-08-26,390985690
2020-06-CENSUS-0000235872,GSA_MIGRATION,2020,2021-08-26,391264986
2020-06-CENSUS-0000235872,GSA_MIGRATION,2020,2021-08-26,391390638
2020-06-CENSUS-0000235872,GSA_MIGRATION,2020,2021-08-26,391490371
2020-06-CENSUS-0000235872,GSA_MIGRATION,2020,2021-08-26,391834639
2020-06-CENSUS-0000235872,GSA_MIGRATION,2020,2021-08-26,410693877
2020-06-CENSUS-0000235872,GSA_MIGRATION,2020,2021-08-26,454243702
2020-06-CENSUS-0000235872,GSA_MIGRATION,2020,2021-08-26,460877261
2020-06-CENSUS-0000235872,GSA_MIGRATION,2020,2021-08-26,461523194
2020-06-CENSUS-0000235872,GSA_MIGRATION,2020,2021-08-26,474063149
2020-06-CENSUS-0000235872,GSA_MIGRATION,2020,2021-08-26,474063232
2020-06-CENSUS-0000235872,GSA_MIGRATION,2020,2021-08-26,474063289
2020-06-CENSUS-0000235872,GSA_MIGRATION,2020,2021-08-26,474063406
2020-06-CENSUS-0000235872,GSA_MIGRATION,2020,2021-08-26,480543778
2020-06-CENSUS-0000235872,GSA_MIGRATION,2020,2021-08-26,481158274
2020-06-CENSUS-0000235872,GSA_MIGRATION,2020,2021-08-26,481172106
2020-06-CENSUS-0000235872,GSA_MIGRATION,2020,2021-08-26,481186704
2020-06-CENSUS-0000235872,GSA_MIGRATION,2020,2021-08-26,520591657
2020-06-CENSUS-0000235872,GSA_MIGRATION,2020,2021-08-26,521275583
2020-06-CENSUS-0000235872,GSA_MIGRATION,2020,2021-08-26,562592868
2020-06-CENSUS-0000235872,GSA_MIGRATION,2020,2021-08-26,581663055
2020-06-CENSUS-0000235872,GSA_MIGRATION,2020,2021-08-26,581716804
2020-06-CENSUS-0000235872,GSA_MIGRATION,2020,2021-08-26,590624449
2020-06-CENSUS-0000235872,GSA_MIGRATION,2020,2021-08-26,590634434
2020-06-CENSUS-0000235872,GSA_MIGRATION,2020,2021-08-26,611797416
2020-06-CENSUS-0000235872,GSA_MIGRATION,2020,2021-08-26,620347580
2020-06-CENSUS-0000235872,GSA_MIGRATION,2020,2021-08-26,620475842
2020-06-CENSUS-0000235872,GSA_MIGRATION,2020,2021-08-26,621869474
2020-06-CENSUS-0000235872,GSA_MIGRATION,2020,2021-08-26,630288861
2020-06-CENSUS-0000235872,GSA_MIGRATION,2020,2021-08-26,630288864
2020-06-CENSUS-0000235872,GSA_MIGRATION,2020,2021-08-26,630578923
2020-06-CENSUS-0000235872,GSA_MIGRATION,2020,2021-08-26,630909073
2020-06-CENSUS-0000235872,GSA_MIGRATION,2020,2021-08-26,631146531
2020-06-CENSUS-0000235872,GSA_MIGRATION,2020,2021-08-26,721526400
2020-06-CENSUS-0000235872,GSA_MIGRATION,2020,2021-08-26,721529708
2020-06-CENSUS-0000235872,GSA_MIGRATION,2020,2021-08-26,730579286
2020-06-CENSUS-0000235872,GSA_MIGRATION,2020,2021-08-26,730606129
2020-06-CENSUS-0000235872,GSA_MIGRATION,2020,2021-08-26,730662663
2020-06-CENSUS-0000235872,GSA_MIGRATION,2020,2021-08-26,731215174
2020-06-CENSUS-0000235872,GSA_MIGRATION,2020,2021-08-26,731440267
2020-06-CENSUS-0000235872,GSA_MIGRATION,2020,2021-08-26,741109636
2020-06-CENSUS-0000235872,GSA_MIGRATION,2020,2021-08-26,741109643
2020-06-CENSUS-0000235872,GSA_MIGRATION,2020,2021-08-26,743107055
2020-06-CENSUS-0000235872,GSA_MIGRATION,2020,2021-08-26,746106876
2020-06-CENSUS-0000235872,GSA_MIGRATION,2020,2021-08-26,810935368
2020-06-CENSUS-0000235872,GSA_MIGRATION,2020,2021-08-26,900799724
2020-06-CENSUS-0000235872,GSA_MIGRATION,2020,2021-08-26,261356310
2020-06-CENSUS-0000235872,GSA_MIGRATION,2020,2021-08-26,264562522
2020-06-CENSUS-0000235872,GSA_MIGRATION,2020,2021-08-26,264562712
2020-06-CENSUS-0000235872,GSA_MIGRATION,2020,2021-08-26,272039417
2020-06-CENSUS-0000235872,GSA_MIGRATION,2020,2021-08-26,274273517
2020-06-CENSUS-0000235872,GSA_MIGRATION,2020,2021-08-26,274758285
2020-06-CENSUS-0000235872,GSA_MIGRATION,2020,2021-08-26,300734694
2020-06-CENSUS-0000235872,GSA_MIGRATION,2020,2021-08-26,351910757
2020-06-CENSUS-0000235872,GSA_MIGRATION,2020,2021-08-26,382601348
2020-06-CENSUS-0000235872,GSA_MIGRATION,2020,2021-08-26,382820107
2020-06-CENSUS-0000235872,GSA_MIGRATION,2020,2021-08-26,383193801
2020-06-CENSUS-0000235872,GSA_MIGRATION,2020,2021-08-26,383494637
2020-06-CENSUS-0000235872,GSA_MIGRATION,2020,2021-08-26,391127163
2020-06-CENSUS-0000235872,GSA_MIGRATION,2020,2021-08-26,392064992
2020-06-CENSUS-0000235872,GSA_MIGRATION,2020,2021-08-26,462847744
2020-06-CENSUS-0000235872,GSA_MIGRATION,2020,2021-08-26,521275587
2020-06-CENSUS-0000235872,GSA_MIGRATION,2020,2021-08-26,581737573
2020-06-CENSUS-0000235872,GSA_MIGRATION,2020,2021-08-26,592292041
2020-06-CENSUS-0000235872,GSA_MIGRATION,2020,2021-08-26,621529858
2020-06-CENSUS-0000235872,GSA_MIGRATION,2020,2021-08-26,731321032
2020-06-CENSUS-0000235872,GSA_MIGRATION,2020,2021-08-26,731335536
2020-06-CENSUS-0000235872,GSA_MIGRATION,2020,2021-08-26,742696970
2020-06-CENSUS-0000235872,GSA_MIGRATION,2020,2021-08-26,742800601
2020-06-CENSUS-0000235872,GSA_MIGRATION,2020,2021-08-26,800458769
2020-06-CENSUS-0000235872,GSA_MIGRATION,2020,2021-08-26,900036572
2020-06-CENSUS-0000235872,GSA_MIGRATION,2020,2021-08-26,900036573
2020-06-CENSUS-0000235872,GSA_MIGRATION,2020,2021-08-26,363330928
2020-06-CENSUS-0000235872,GSA_MIGRATION,2020,2021-08-26,363978153
2020-06-CENSUS-0000235872,GSA_MIGRATION,2020,2021-08-26,364138353
2020-06-CENSUS-0000235872,GSA_MIGRATION,2020,2021-08-26,651219504
2020-06-CENSUS-0000235872,GSA_MIGRATION,2020,2021-08-26,371762682
2020-06-CENSUS-0000235872,GSA_MIGRATION,2020,2021-08-26,731131608
2020-06-CENSUS-0000156063,GSA_MIGRATION,2020,2021-03-30,020261657
2020-06-CENSUS-0000152734,GSA_MIGRATION,2020,2021-05-13,300249822
2020-06-CENSUS-0000152734,GSA_MIGRATION,2020,2021-05-13,431158662
2020-06-CENSUS-0000152734,GSA_MIGRATION,2020,2021-05-13,431283723
2020-06-CENSUS-0000152734,GSA_MIGRATION,2020,2021-05-13,431486035
2020-06-CENSUS-0000152734,GSA_MIGRATION,2020,2021-05-13,431582231
2020-06-CENSUS-0000152734,GSA_MIGRATION,2020,2021-05-13,431628745
2020-06-CENSUS-0000152734,GSA_MIGRATION,2020,2021-05-13,431629794
2020-06-CENSUS-0000152734,GSA_MIGRATION,2020,2021-05-13,431736878
2020-06-CENSUS-0000152734,GSA_MIGRATION,2020,2021-05-13,431942509
2020-06-CENSUS-0000152734,GSA_MIGRATION,2020,2021-05-13,446000986
2020-06-CENSUS-0000152734,GSA_MIGRATION,2020,2021-05-13,753029091
2020-06-CENSUS-0000192124,GSA_MIGRATION,2020,2021-03-29,133678724
2020-06-CENSUS-0000192124,GSA_MIGRATION,2020,2021-03-29,133660919
2020-06-CENSUS-0000192124,GSA_MIGRATION,2020,2021-03-29,133507989
2020-06-CENSUS-0000192124,GSA_MIGRATION,2020,2021-03-29,133892553
2020-06-CENSUS-0000192124,GSA_MIGRATION,2020,2021-03-29,133870986
2020-06-CENSUS-0000192124,GSA_MIGRATION,2020,2021-03-29,133900886
2020-06-CENSUS-0000192124,GSA_MIGRATION,2020,2021-03-29,880425866
2020-06-CENSUS-0000192124,GSA_MIGRATION,2020,2021-03-29,010803813
2020-06-CENSUS-0000192124,GSA_MIGRATION,2020,2021-03-29,133654077
2020-06-CENSUS-0000017157,GSA_MIGRATION,2020,2021-03-29,060766747
2020-06-CENSUS-0000136829,GSA_MIGRATION,2020,2021-09-09,586002070
2020-06-CENSUS-0000136829,GSA_MIGRATION,2020,2021-09-09,510539518
2020-06-CENSUS-0000136829,GSA_MIGRATION,2020,2021-09-09,581125844
2020-06-CENSUS-0000136829,GSA_MIGRATION,2020,2021-09-09,586002004
2020-06-CENSUS-0000136829,GSA_MIGRATION,2020,2021-09-09,586001996
2020-06-CENSUS-0000136829,GSA_MIGRATION,2020,2021-09-09,581788487
2020-06-CENSUS-0000136829,GSA_MIGRATION,2020,2021-09-09,581722080
2020-06-CENSUS-0000136829,GSA_MIGRATION,2020,2021-09-09,581190222
2020-06-CENSUS-0000136829,GSA_MIGRATION,2020,2021-09-09,582304872
2020-06-CENSUS-0000136829,GSA_MIGRATION,2020,2021-09-09,582144788
2020-06-CENSUS-0000136829,GSA_MIGRATION,2020,2021-09-09,581723458
2020-06-CENSUS-0000136829,GSA_MIGRATION,2020,2021-09-09,586002053
2020-06-CENSUS-0000136829,GSA_MIGRATION,2020,2021-09-09,581418202
2020-06-CENSUS-0000136829,GSA_MIGRATION,2020,2021-09-09,586002006
2020-06-CENSUS-0000136829,GSA_MIGRATION,2020,2021-09-09,943473160
2020-06-CENSUS-0000136829,GSA_MIGRATION,2020,2021-09-09,581839434
2020-06-CENSUS-0000136829,GSA_MIGRATION,2020,2021-09-09,581138620
2020-06-CENSUS-0000136829,GSA_MIGRATION,2020,2021-09-09,581168986
2020-06-CENSUS-0000136829,GSA_MIGRATION,2020,2021-09-09,581788754
2020-06-CENSUS-0000136829,GSA_MIGRATION,2020,2021-09-09,581048855
2020-06-CENSUS-0000136829,GSA_MIGRATION,2020,2021-09-09,580974519
2020-06-CENSUS-0000136829,GSA_MIGRATION,2020,2021-09-09,581171281
2020-06-CENSUS-0000136829,GSA_MIGRATION,2020,2021-09-09,580939565
2020-06-CENSUS-0000136829,GSA_MIGRATION,2020,2021-09-09,586011208
2020-06-CENSUS-0000136829,GSA_MIGRATION,2020,2021-09-09,581739966
2020-06-CENSUS-0000136829,GSA_MIGRATION,2020,2021-09-09,581259426
2020-06-CENSUS-0000136829,GSA_MIGRATION,2020,2021-09-09,581282972
2020-06-CENSUS-0000136829,GSA_MIGRATION,2020,2021-09-09,364806657
2020-06-CENSUS-0000136829,GSA_MIGRATION,2020,2021-09-09,581306704
2020-06-CENSUS-0000136829,GSA_MIGRATION,2020,2021-09-09,580975068
2020-06-CENSUS-0000136829,GSA_MIGRATION,2020,2021-09-09,586002025
2020-06-CENSUS-0000136829,GSA_MIGRATION,2020,2021-09-09,582627237
2020-06-CENSUS-0000136829,GSA_MIGRATION,2020,2021-09-09,582238669
2020-06-CENSUS-0000136829,GSA_MIGRATION,2020,2021-09-09,581138587
2020-06-CENSUS-0000136829,GSA_MIGRATION,2020,2021-09-09,586002007
2020-06-CENSUS-0000136829,GSA_MIGRATION,2020,2021-09-09,586002042
2020-06-CENSUS-0000136829,GSA_MIGRATION,2020,2021-09-09,581667498
2020-06-CENSUS-0000136829,GSA_MIGRATION,2020,2021-09-09,581081553
2020-06-CENSUS-0000136829,GSA_MIGRATION,2020,2021-09-09,586002019
2020-06-CENSUS-0000136829,GSA_MIGRATION,2020,2021-09-09,586002062
2020-12-CENSUS-0000197132,GSA_MIGRATION,2020,2021-10-13,460118545
2020-12-CENSUS-0000145235,GSA_MIGRATION,2020,2021-06-30,383865758
2020-09-CENSUS-0000251879,GSA_MIGRATION,2020,2021-12-30,261095834
2020-09-CENSUS-0000251879,GSA_MIGRATION,2020,2021-12-30,262296075
2020-09-CENSUS-0000251879,GSA_MIGRATION,2020,2021-12-30,262723687
2020-09-CENSUS-0000251879,GSA_MIGRATION,2020,2021-12-30,453856350
2020-09-CENSUS-0000251879,GSA_MIGRATION,2020,2021-12-30,460534460
2020-09-CENSUS-0000251879,GSA_MIGRATION,2020,2021-12-30,472217003
2020-09-CENSUS-0000251879,GSA_MIGRATION,2020,2021-12-30,562466029
2020-09-CENSUS-0000251879,GSA_MIGRATION,2020,2021-12-30,814145813
2020-09-CENSUS-0000251879,GSA_MIGRATION,2020,2021-12-30,814180258
2020-09-CENSUS-0000251879,GSA_MIGRATION,2020,2021-12-30,814262338
2020-09-CENSUS-0000251879,GSA_MIGRATION,2020,2021-12-30,814770999
2020-09-CENSUS-0000251879,GSA_MIGRATION,2020,2021-12-30,814876674
2020-09-CENSUS-0000251879,GSA_MIGRATION,2020,2021-12-30,814995446
2020-09-CENSUS-0000251879,GSA_MIGRATION,2020,2021-12-30,820850299
2020-09-CENSUS-0000251879,GSA_MIGRATION,2020,2021-12-30,821420650
2020-09-CENSUS-0000251879,GSA_MIGRATION,2020,2021-12-30,822750883
2020-09-CENSUS-0000251879,GSA_MIGRATION,2020,2021-12-30,900129645
2020-06-CENSUS-0000027282,GSA_MIGRATION,2020,2021-05-19,204193243
2020-06-CENSUS-0000027282,GSA_MIGRATION,2020,2021-05-19,231396794
2020-06-CENSUS-0000171420,GSA_MIGRATION,2020,2021-03-10,621174848
2020-06-CENSUS-0000171420,GSA_MIGRATION,2020,2021-03-10,626000761
2020-06-CENSUS-0000192478,GSA_MIGRATION,2020,2021-03-18,620681064
2020-06-CENSUS-0000176043,GSA_MIGRATION,2020,2021-03-11,546001171
2020-06-CENSUS-0000176043,GSA_MIGRATION,2020,2021-03-11,546001177
2020-06-CENSUS-0000137440,GSA_MIGRATION,2020,2021-02-25,205203416
2020-06-CENSUS-0000137440,GSA_MIGRATION,2020,2021-02-25,204544790
2020-06-CENSUS-0000137440,GSA_MIGRATION,2020,2021-02-25,320383573
2020-06-CENSUS-0000137440,GSA_MIGRATION,2020,2021-02-25,205203461
2020-06-CENSUS-0000137440,GSA_MIGRATION,2020,2021-02-25,270393998
2020-06-CENSUS-0000128565,GSA_MIGRATION,2020,2021-05-06,990073524
2020-06-CENSUS-0000128565,GSA_MIGRATION,2020,2021-05-06,990251372
2020-09-CENSUS-0000243011,GSA_MIGRATION,2020,2021-12-16,382042021
2020-09-CENSUS-0000243011,GSA_MIGRATION,2020,2021-12-16,382324335
2020-09-CENSUS-0000243011,GSA_MIGRATION,2020,2021-12-16,382881807
2020-09-CENSUS-0000243011,GSA_MIGRATION,2020,2021-12-16,462252476
2020-07-CENSUS-0000207050,GSA_MIGRATION,2020,2021-10-28,581928247
2020-07-CENSUS-0000207050,GSA_MIGRATION,2020,2021-10-28,263975185
2020-07-CENSUS-0000207050,GSA_MIGRATION,2020,2021-10-28,383647394
2020-01-CENSUS-0000250619,GSA_MIGRATION,2020,2021-06-07,720909296
2020-12-CENSUS-0000250680,GSA_MIGRATION,2020,2021-06-20,341823509
2020-09-CENSUS-0000250387,GSA_MIGRATION,2020,2021-04-01,610461767
2020-09-CENSUS-0000250387,GSA_MIGRATION,2020,2021-04-01,810893103
2020-09-CENSUS-0000250387,GSA_MIGRATION,2020,2021-04-01,273988456
2020-06-CENSUS-0000171403,GSA_MIGRATION,2020,2021-02-01,626000602
2020-06-CENSUS-0000171403,GSA_MIGRATION,2020,2021-02-01,620802375
2020-06-CENSUS-0000171403,GSA_MIGRATION,2020,2021-02-01,626000685
2020-06-CENSUS-0000070183,GSA_MIGRATION,2020,2021-02-08,263389292
2020-06-CENSUS-0000070183,GSA_MIGRATION,2020,2021-02-08,263338038
2020-06-CENSUS-0000070183,GSA_MIGRATION,2020,2021-02-08,271701100
2020-06-CENSUS-0000171422,GSA_MIGRATION,2020,2021-01-29,621630025
2020-06-CENSUS-0000171422,GSA_MIGRATION,2020,2021-01-29,621011798
2020-06-CENSUS-0000171422,GSA_MIGRATION,2020,2021-01-29,626000772
2020-06-CENSUS-0000171422,GSA_MIGRATION,2020,2021-01-29,621630024
2020-06-CENSUS-0000171422,GSA_MIGRATION,2020,2021-01-29,620987897
2020-06-CENSUS-0000176109,GSA_MIGRATION,2020,2021-01-31,546001580
2020-12-CENSUS-0000004541,GSA_MIGRATION,2020,2021-06-16,043173140
2020-12-CENSUS-0000004541,GSA_MIGRATION,2020,2021-06-16,043206160
2020-12-CENSUS-0000004541,GSA_MIGRATION,2020,2021-06-16,043358724
2020-09-CENSUS-0000234424,GSA_MIGRATION,2020,2021-07-29,562660628
2020-06-CENSUS-0000227720,GSA_MIGRATION,2020,2021-06-09,646002764
2020-06-CENSUS-0000176257,GSA_MIGRATION,2020,2021-03-04,546001203
2020-06-CENSUS-0000176257,GSA_MIGRATION,2020,2021-03-04,546001201
2020-06-CENSUS-0000171405,GSA_MIGRATION,2020,2021-03-29,621514781
2020-09-CENSUS-0000173029,GSA_MIGRATION,2020,2021-02-23,741464566
2020-06-CENSUS-0000176050,GSA_MIGRATION,2020,2021-01-10,546001210
2020-06-CENSUS-0000111940,GSA_MIGRATION,2020,2021-04-05,204590820
2020-06-CENSUS-0000111940,GSA_MIGRATION,2020,2021-04-05,270377519
2020-06-CENSUS-0000111940,GSA_MIGRATION,2020,2021-04-05,452540945
2020-06-CENSUS-0000111940,GSA_MIGRATION,2020,2021-04-05,452656000
2020-06-CENSUS-0000111940,GSA_MIGRATION,2020,2021-04-05,680498789
2020-06-CENSUS-0000111940,GSA_MIGRATION,2020,2021-04-05,823707680
2020-06-CENSUS-0000111940,GSA_MIGRATION,2020,2021-04-05,201529638
2020-06-CENSUS-0000111940,GSA_MIGRATION,2020,2021-04-05,820540288
2020-06-CENSUS-0000193161,GSA_MIGRATION,2020,2021-03-24,550369330
2020-06-CENSUS-0000101209,GSA_MIGRATION,2020,2021-05-26,680511504
2020-06-CENSUS-0000177867,GSA_MIGRATION,2020,2021-03-30,396006422
2020-06-CENSUS-0000177867,GSA_MIGRATION,2020,2021-03-30,391835272
2020-06-CENSUS-0000177867,GSA_MIGRATION,2020,2021-03-30,396006451
2020-06-CENSUS-0000177867,GSA_MIGRATION,2020,2021-03-30,396006468
2020-06-CENSUS-0000177867,GSA_MIGRATION,2020,2021-03-30,391089259
2020-06-CENSUS-0000177867,GSA_MIGRATION,2020,2021-03-30,391257323
2020-06-CENSUS-0000177867,GSA_MIGRATION,2020,2021-03-30,391155267
2020-06-CENSUS-0000177867,GSA_MIGRATION,2020,2021-03-30,396006447
2020-06-CENSUS-0000177867,GSA_MIGRATION,2020,2021-03-30,396006487
2020-06-CENSUS-0000177867,GSA_MIGRATION,2020,2021-03-30,391805963
2020-06-CENSUS-0000177867,GSA_MIGRATION,2020,2021-03-30,396006492
2020-06-CENSUS-0000177867,GSA_MIGRATION,2020,2021-03-30,139600649
2020-06-CENSUS-0000177867,GSA_MIGRATION,2020,2021-03-30,396006436
2020-06-CENSUS-0000177867,GSA_MIGRATION,2020,2021-03-30,391834745
2020-06-CENSUS-0000177867,GSA_MIGRATION,2020,2021-03-30,396006446
2020-06-CENSUS-0000177867,GSA_MIGRATION,2020,2021-03-30,391652221
2020-06-CENSUS-0000177867,GSA_MIGRATION,2020,2021-03-30,396006441
2020-06-CENSUS-0000177867,GSA_MIGRATION,2020,2021-03-30,475334484
2020-06-CENSUS-0000177867,GSA_MIGRATION,2020,2021-03-30,396006469
2020-06-CENSUS-0000177867,GSA_MIGRATION,2020,2021-03-30,264260611
2020-06-CENSUS-0000177867,GSA_MIGRATION,2020,2021-03-30,262265832
2020-06-CENSUS-0000177867,GSA_MIGRATION,2020,2021-03-30,412261892
2020-06-CENSUS-0000177867,GSA_MIGRATION,2020,2021-03-30,366006449
2020-06-CENSUS-0000177867,GSA_MIGRATION,2020,2021-03-30,396006427
2020-06-CENSUS-0000177867,GSA_MIGRATION,2020,2021-03-30,396006460
2020-06-CENSUS-0000177867,GSA_MIGRATION,2020,2021-03-30,396006493
2020-06-CENSUS-0000177867,GSA_MIGRATION,2020,2021-03-30,391206337
2020-06-CENSUS-0000177867,GSA_MIGRATION,2020,2021-03-30,391103756
2020-06-CENSUS-0000177867,GSA_MIGRATION,2020,2021-03-30,391190583
2020-06-CENSUS-0000177867,GSA_MIGRATION,2020,2021-03-30,396006443
2020-06-CENSUS-0000177867,GSA_MIGRATION,2020,2021-03-30,391271286
2020-06-CENSUS-0000177867,GSA_MIGRATION,2020,2021-03-30,396006491
2020-06-CENSUS-0000177867,GSA_MIGRATION,2020,2021-03-30,396006476
2020-06-CENSUS-0000177867,GSA_MIGRATION,2020,2021-03-30,396006489
2020-12-CENSUS-0000224269,GSA_MIGRATION,2020,2021-05-18,475239406
2020-12-CENSUS-0000224269,GSA_MIGRATION,2020,2021-05-18,475247951
2020-12-CENSUS-0000224269,GSA_MIGRATION,2020,2021-05-18,561993872
2020-12-CENSUS-0000224269,GSA_MIGRATION,2020,2021-05-18,611339396
2020-12-CENSUS-0000224269,GSA_MIGRATION,2020,2021-05-18,611344092
2020-12-CENSUS-0000224269,GSA_MIGRATION,2020,2021-05-18,611367719
2020-12-CENSUS-0000224269,GSA_MIGRATION,2020,2021-05-18,621782683
2020-12-CENSUS-0000224269,GSA_MIGRATION,2020,2021-05-18,680233835
2020-12-CENSUS-0000224269,GSA_MIGRATION,2020,2021-05-18,680254564
2020-12-CENSUS-0000224269,GSA_MIGRATION,2020,2021-05-18,680378675
2020-12-CENSUS-0000224269,GSA_MIGRATION,2020,2021-05-18,680484147
2020-12-CENSUS-0000224269,GSA_MIGRATION,2020,2021-05-18,721545927
2020-12-CENSUS-0000224269,GSA_MIGRATION,2020,2021-05-18,742740978
2020-12-CENSUS-0000224269,GSA_MIGRATION,2020,2021-05-18,752983979
2020-12-CENSUS-0000224269,GSA_MIGRATION,2020,2021-05-18,753004763
2020-12-CENSUS-0000224269,GSA_MIGRATION,2020,2021-05-18,753134134
2020-12-CENSUS-0000224269,GSA_MIGRATION,2020,2021-05-18,800008567
2020-12-CENSUS-0000224269,GSA_MIGRATION,2020,2021-05-18,800034784
2020-12-CENSUS-0000224269,GSA_MIGRATION,2020,2021-05-18,800623447
2020-12-CENSUS-0000224269,GSA_MIGRATION,2020,2021-05-18,820485862
2020-12-CENSUS-0000224269,GSA_MIGRATION,2020,2021-05-18,840626174
2020-12-CENSUS-0000224269,GSA_MIGRATION,2020,2021-05-18,841234167
2020-12-CENSUS-0000224269,GSA_MIGRATION,2020,2021-05-18,841262403
2020-12-CENSUS-0000224269,GSA_MIGRATION,2020,2021-05-18,841347868
2020-12-CENSUS-0000224269,GSA_MIGRATION,2020,2021-05-18,841602190
2020-12-CENSUS-0000224269,GSA_MIGRATION,2020,2021-05-18,860728526
2020-12-CENSUS-0000224269,GSA_MIGRATION,2020,2021-05-18,860743192
2020-12-CENSUS-0000224269,GSA_MIGRATION,2020,2021-05-18,860758961
2020-12-CENSUS-0000224269,GSA_MIGRATION,2020,2021-05-18,860808941
2020-12-CENSUS-0000224269,GSA_MIGRATION,2020,2021-05-18,860847975
2020-12-CENSUS-0000224269,GSA_MIGRATION,2020,2021-05-18,860897708
2020-12-CENSUS-0000224269,GSA_MIGRATION,2020,2021-05-18,860897709
2020-12-CENSUS-0000224269,GSA_MIGRATION,2020,2021-05-18,860947230
2020-12-CENSUS-0000224269,GSA_MIGRATION,2020,2021-05-18,860980809
2020-12-CENSUS-0000224269,GSA_MIGRATION,2020,2021-05-18,860980810
2020-12-CENSUS-0000224269,GSA_MIGRATION,2020,2021-05-18,860980811
2020-12-CENSUS-0000224269,GSA_MIGRATION,2020,2021-05-18,911546525
2020-12-CENSUS-0000224269,GSA_MIGRATION,2020,2021-05-18,911667138
2020-12-CENSUS-0000224269,GSA_MIGRATION,2020,2021-05-18,931189914
2020-12-CENSUS-0000224269,GSA_MIGRATION,2020,2021-05-18,942722870
2020-12-CENSUS-0000224269,GSA_MIGRATION,2020,2021-05-18,942787430
2020-12-CENSUS-0000224269,GSA_MIGRATION,2020,2021-05-18,943081666
2020-12-CENSUS-0000224269,GSA_MIGRATION,2020,2021-05-18,943088260
2020-12-CENSUS-0000224269,GSA_MIGRATION,2020,2021-05-18,943167825
2020-12-CENSUS-0000224269,GSA_MIGRATION,2020,2021-05-18,943190261
2020-12-CENSUS-0000224269,GSA_MIGRATION,2020,2021-05-18,943209503
2020-12-CENSUS-0000224269,GSA_MIGRATION,2020,2021-05-18,943224446
2020-06-CENSUS-0000136829,GSA_MIGRATION,2020,2021-09-09,586002064
2020-06-CENSUS-0000136829,GSA_MIGRATION,2020,2021-09-09,270124698
2020-06-CENSUS-0000136829,GSA_MIGRATION,2020,2021-09-09,581086067
2020-06-CENSUS-0000136829,GSA_MIGRATION,2020,2021-09-09,586002023
2020-06-CENSUS-0000136829,GSA_MIGRATION,2020,2021-09-09,580603146
2020-06-CENSUS-0000136829,GSA_MIGRATION,2020,2021-09-09,580616992
2020-06-CENSUS-0000136829,GSA_MIGRATION,2020,2021-09-09,581026995
2020-06-CENSUS-0000136829,GSA_MIGRATION,2020,2021-09-09,582223600
2020-06-CENSUS-0000136829,GSA_MIGRATION,2020,2021-09-09,586002059
2020-06-CENSUS-0000136829,GSA_MIGRATION,2020,2021-09-09,586001997
2020-06-CENSUS-0000136829,GSA_MIGRATION,2020,2021-09-09,586002050
2020-06-CENSUS-0000136829,GSA_MIGRATION,2020,2021-09-09,581845423
2020-06-CENSUS-0000136829,GSA_MIGRATION,2020,2021-09-09,581132449
2020-06-CENSUS-0000136829,GSA_MIGRATION,2020,2021-09-09,581132977
2020-06-CENSUS-0000136829,GSA_MIGRATION,2020,2021-09-09,223894837
2020-06-CENSUS-0000136829,GSA_MIGRATION,2020,2021-09-09,581692583
2020-06-CENSUS-0000136829,GSA_MIGRATION,2020,2021-09-09,581222605
2020-06-CENSUS-0000136829,GSA_MIGRATION,2020,2021-09-09,581130678
2020-06-CENSUS-0000136829,GSA_MIGRATION,2020,2021-09-09,586002001
2020-06-CENSUS-0000136829,GSA_MIGRATION,2020,2021-09-09,581195856
2020-06-CENSUS-0000136829,GSA_MIGRATION,2020,2021-09-09,586003349
2020-06-CENSUS-0000136829,GSA_MIGRATION,2020,2021-09-09,581165633
2020-06-CENSUS-0000136829,GSA_MIGRATION,2020,2021-09-09,570957571
2020-06-CENSUS-0000136829,GSA_MIGRATION,2020,2021-09-09,580965786
2020-06-CENSUS-0000136829,GSA_MIGRATION,2020,2021-09-09,586002009
2020-06-CENSUS-0000136829,GSA_MIGRATION,2020,2021-09-09,580964324
2020-06-CENSUS-0000136829,GSA_MIGRATION,2020,2021-09-09,586002010
2020-06-CENSUS-0000136829,GSA_MIGRATION,2020,2021-09-09,581139622
2020-06-CENSUS-0000136829,GSA_MIGRATION,2020,2021-09-09,581164098
2020-06-CENSUS-0000136829,GSA_MIGRATION,2020,2021-09-09,586002057
2020-06-CENSUS-0000136829,GSA_MIGRATION,2020,2021-09-09,581130945
2020-06-CENSUS-0000136829,GSA_MIGRATION,2020,2021-09-09,581700363
2020-06-CENSUS-0000136829,GSA_MIGRATION,2020,2021-09-09,581733358
2020-06-CENSUS-0000136829,GSA_MIGRATION,2020,2021-09-09,581168944
2020-06-CENSUS-0000136829,GSA_MIGRATION,2020,2021-09-09,581695274
2020-06-CENSUS-0000136829,GSA_MIGRATION,2020,2021-09-09,582182006
2020-06-CENSUS-0000136829,GSA_MIGRATION,2020,2021-09-09,581134825
2020-06-CENSUS-0000136829,GSA_MIGRATION,2020,2021-09-09,581859938
2020-06-CENSUS-0000136829,GSA_MIGRATION,2020,2021-09-09,581698468
2020-06-CENSUS-0000136829,GSA_MIGRATION,2020,2021-09-09,586002029
2020-06-CENSUS-0000136829,GSA_MIGRATION,2020,2021-09-09,581131825
2020-06-CENSUS-0000136829,GSA_MIGRATION,2020,2021-09-09,586015211
2020-06-CENSUS-0000136829,GSA_MIGRATION,2020,2021-09-09,581233353
2020-06-CENSUS-0000136829,GSA_MIGRATION,2020,2021-09-09,900676388
2020-06-CENSUS-0000136829,GSA_MIGRATION,2020,2021-09-09,586002013
2020-06-CENSUS-0000136829,GSA_MIGRATION,2020,2021-09-09,586002022
2020-06-CENSUS-0000136829,GSA_MIGRATION,2020,2021-09-09,581496258
2020-06-CENSUS-0000136829,GSA_MIGRATION,2020,2021-09-09,586002348
2020-06-CENSUS-0000136829,GSA_MIGRATION,2020,2021-09-09,582472626
2020-06-CENSUS-0000136829,GSA_MIGRATION,2020,2021-09-09,586002015
2020-06-CENSUS-0000136829,GSA_MIGRATION,2020,2021-09-09,581541084
2020-06-CENSUS-0000136829,GSA_MIGRATION,2020,2021-09-09,586002069
2020-06-CENSUS-0000136829,GSA_MIGRATION,2020,2021-09-09,582292713
2020-06-CENSUS-0000136829,GSA_MIGRATION,2020,2021-09-09,586002028
2020-06-CENSUS-0000136829,GSA_MIGRATION,2020,2021-09-09,586002058
2020-06-CENSUS-0000136829,GSA_MIGRATION,2020,2021-09-09,581728667
2020-06-CENSUS-0000136829,GSA_MIGRATION,2020,2021-09-09,581865531
2020-06-CENSUS-0000136829,GSA_MIGRATION,2020,2021-09-09,580907873
2020-06-CENSUS-0000136829,GSA_MIGRATION,2020,2021-09-09,581790567
2020-06-CENSUS-0000136829,GSA_MIGRATION,2020,2021-09-09,581138279
2020-06-CENSUS-0000136829,GSA_MIGRATION,2020,2021-09-09,475001648
2020-06-CENSUS-0000136829,GSA_MIGRATION,2020,2021-09-09,580951322
2020-06-CENSUS-0000136829,GSA_MIGRATION,2020,2021-09-09,581680217
2020-06-CENSUS-0000136829,GSA_MIGRATION,2020,2021-09-09,586002039
2020-06-CENSUS-0000136829,GSA_MIGRATION,2020,2021-09-09,586001998
2020-06-CENSUS-0000136829,GSA_MIGRATION,2020,2021-09-09,581353149
2020-06-CENSUS-0000136829,GSA_MIGRATION,2020,2021-09-09,586002060
2020-06-CENSUS-0000136829,GSA_MIGRATION,2020,2021-09-09,586002055
2020-06-CENSUS-0000136829,GSA_MIGRATION,2020,2021-09-09,586333106
2020-06-CENSUS-0000136829,GSA_MIGRATION,2020,2021-09-09,586002072
2020-06-CENSUS-0000136829,GSA_MIGRATION,2020,2021-09-09,586002051
2020-06-CENSUS-0000136829,GSA_MIGRATION,2020,2021-09-09,581169012
2020-06-CENSUS-0000136829,GSA_MIGRATION,2020,2021-09-09,581656795
2020-06-CENSUS-0000136829,GSA_MIGRATION,2020,2021-09-09,581774017
2020-06-CENSUS-0000136829,GSA_MIGRATION,2020,2021-09-09,581265631
2020-06-CENSUS-0000182360,GSA_MIGRATION,2020,2021-03-16,636000510
2020-12-CENSUS-0000134769,GSA_MIGRATION,2020,2021-07-19,841121015
2020-06-CENSUS-0000080750,GSA_MIGRATION,2020,2021-02-03,317170004
2020-06-CENSUS-0000080750,GSA_MIGRATION,2020,2021-02-03,300397395
2020-06-CENSUS-0000080750,GSA_MIGRATION,2020,2021-02-03,550718164
2020-06-CENSUS-0000080750,GSA_MIGRATION,2020,2021-02-03,550733799
2020-12-CENSUS-0000108922,GSA_MIGRATION,2020,2021-09-27,202614403
2020-12-CENSUS-0000248645,GSA_MIGRATION,2020,2021-08-31,204974859
2020-12-CENSUS-0000248645,GSA_MIGRATION,2020,2021-08-31,465304349
2020-12-CENSUS-0000195540,GSA_MIGRATION,2020,2021-06-30,760421307
2020-12-CENSUS-0000020075,GSA_MIGRATION,2020,2021-09-29,223265214
2020-12-CENSUS-0000020075,GSA_MIGRATION,2020,2021-09-29,210721208
2020-12-CENSUS-0000020075,GSA_MIGRATION,2020,2021-09-29,222148992
2020-12-CENSUS-0000251250,GSA_MIGRATION,2020,2021-10-05,222575377
2020-12-CENSUS-0000251250,GSA_MIGRATION,2020,2021-10-05,521594300
2020-12-CENSUS-0000251250,GSA_MIGRATION,2020,2021-10-05,223520730
2020-12-CENSUS-0000251250,GSA_MIGRATION,2020,2021-10-05,221750190
2020-12-CENSUS-0000224269,GSA_MIGRATION,2020,2021-05-18,943264209
2020-12-CENSUS-0000224269,GSA_MIGRATION,2020,2021-05-18,943282891
2020-12-CENSUS-0000224269,GSA_MIGRATION,2020,2021-05-18,943361794
2020-12-CENSUS-0000062691,GSA_MIGRATION,2020,2021-05-09,364494707
2020-12-CENSUS-0000062691,GSA_MIGRATION,2020,2021-05-09,411419062
2020-12-CENSUS-0000062691,GSA_MIGRATION,2020,2021-05-09,411928860
2020-12-CENSUS-0000062691,GSA_MIGRATION,2020,2021-05-09,411992937
2020-06-CENSUS-0000048063,GSA_MIGRATION,2020,2021-03-28,300739799
2020-06-CENSUS-0000048063,GSA_MIGRATION,2020,2021-03-28,363642952
2020-06-CENSUS-0000048063,GSA_MIGRATION,2020,2021-03-28,363775696
2020-06-CENSUS-0000048063,GSA_MIGRATION,2020,2021-03-28,364053244
2020-12-CENSUS-0000082670,GSA_MIGRATION,2020,2021-05-19,753249747
2020-12-CENSUS-0000082670,GSA_MIGRATION,2020,2021-05-19,800683575
2020-12-CENSUS-0000082670,GSA_MIGRATION,2020,2021-05-19,464979221
2020-12-CENSUS-0000082670,GSA_MIGRATION,2020,2021-05-19,461733454
2020-12-CENSUS-0000082670,GSA_MIGRATION,2020,2021-05-19,461721301
2020-12-CENSUS-0000082670,GSA_MIGRATION,2020,2021-05-19,461744491
2020-09-CENSUS-0000136130,GSA_MIGRATION,2020,2021-06-05,596000834
2020-09-CENSUS-0000136130,GSA_MIGRATION,2020,2021-06-05,650537662
2020-09-CENSUS-0000136130,GSA_MIGRATION,2020,2021-06-05,596000838
2020-06-CENSUS-0000171400,GSA_MIGRATION,2020,2021-02-21,626000674
2020-06-CENSUS-0000171400,GSA_MIGRATION,2020,2021-02-21,626000675
2020-06-CENSUS-0000171442,GSA_MIGRATION,2020,2021-02-21,626000877
2020-06-CENSUS-0000171442,GSA_MIGRATION,2020,2021-02-21,626000879
2020-09-CENSUS-0000003134,GSA_MIGRATION,2020,2021-04-04,208064203
2020-09-CENSUS-0000003134,GSA_MIGRATION,2020,2021-04-04,223316082
2020-06-CENSUS-0000171467,GSA_MIGRATION,2020,2021-01-28,626000264
2020-06-CENSUS-0000171467,GSA_MIGRATION,2020,2021-01-28,620754552
2020-06-CENSUS-0000219340,GSA_MIGRATION,2020,2021-05-19,271291124
2020-06-CENSUS-0000219340,GSA_MIGRATION,2020,2021-05-19,410706143
2020-06-CENSUS-0000219340,GSA_MIGRATION,2020,2021-05-19,411811073
2020-06-CENSUS-0000219340,GSA_MIGRATION,2020,2021-05-19,411878730
2020-06-CENSUS-0000219340,GSA_MIGRATION,2020,2021-05-19,410844574
2020-06-CENSUS-0000219340,GSA_MIGRATION,2020,2021-05-19,261175213
2020-06-CENSUS-0000219340,GSA_MIGRATION,2020,2021-05-19,411884597
2020-06-CENSUS-0000219340,GSA_MIGRATION,2020,2021-05-19,410841441
2020-06-CENSUS-0000219340,GSA_MIGRATION,2020,2021-05-19,200479568
2020-06-CENSUS-0000219340,GSA_MIGRATION,2020,2021-05-19,410695602
2020-06-CENSUS-0000219340,GSA_MIGRATION,2020,2021-05-19,410726173
2020-06-CENSUS-0000219340,GSA_MIGRATION,2020,2021-05-19,411620386
2020-06-CENSUS-0000219340,GSA_MIGRATION,2020,2021-05-19,460909870
2020-06-CENSUS-0000218393,GSA_MIGRATION,2020,2021-02-11,815194576
2020-12-CENSUS-0000250531,GSA_MIGRATION,2020,2021-05-17,383209626
2020-06-CENSUS-0000176282,GSA_MIGRATION,2020,2021-03-31,651163605
2020-12-CENSUS-0000183631,GSA_MIGRATION,2020,2021-06-29,870109001
2020-06-CENSUS-0000246678,GSA_MIGRATION,2020,2021-06-15,843131467
2020-06-CENSUS-0000246678,GSA_MIGRATION,2020,2021-06-15,843700835
2020-06-CENSUS-0000246678,GSA_MIGRATION,2020,2021-06-15,821462688
2020-06-CENSUS-0000246678,GSA_MIGRATION,2020,2021-06-15,621176354
2020-06-CENSUS-0000246678,GSA_MIGRATION,2020,2021-06-15,621787098
2020-06-CENSUS-0000246678,GSA_MIGRATION,2020,2021-06-15,260170070
2020-06-CENSUS-0000246678,GSA_MIGRATION,2020,2021-06-15,462325870
2020-06-CENSUS-0000246678,GSA_MIGRATION,2020,2021-06-15,621855535
2020-06-CENSUS-0000246678,GSA_MIGRATION,2020,2021-06-15,461571024
2020-06-CENSUS-0000246678,GSA_MIGRATION,2020,2021-06-15,141895171
2020-06-CENSUS-0000246678,GSA_MIGRATION,2020,2021-06-15,261241612
2020-06-CENSUS-0000246678,GSA_MIGRATION,2020,2021-06-15,263762022
2020-06-CENSUS-0000246678,GSA_MIGRATION,2020,2021-06-15,300964540
2020-06-CENSUS-0000246678,GSA_MIGRATION,2020,2021-06-15,621404948
2020-06-CENSUS-0000246678,GSA_MIGRATION,2020,2021-06-15,621650124
2020-06-CENSUS-0000246678,GSA_MIGRATION,2020,2021-06-15,621654580
2020-06-CENSUS-0000246678,GSA_MIGRATION,2020,2021-06-15,621864145
2020-06-CENSUS-0000246678,GSA_MIGRATION,2020,2021-06-15,812692564
2020-06-CENSUS-0000246678,GSA_MIGRATION,2020,2021-06-15,813915926
2020-06-CENSUS-0000246678,GSA_MIGRATION,2020,2021-06-15,821456647
2020-06-CENSUS-0000246678,GSA_MIGRATION,2020,2021-06-15,821681443
2020-06-CENSUS-0000246678,GSA_MIGRATION,2020,2021-06-15,821685569
2020-06-CENSUS-0000246678,GSA_MIGRATION,2020,2021-06-15,821686154
2020-06-CENSUS-0000246678,GSA_MIGRATION,2020,2021-06-15,821942209
2020-06-CENSUS-0000246678,GSA_MIGRATION,2020,2021-06-15,824143617
2020-06-CENSUS-0000246678,GSA_MIGRATION,2020,2021-06-15,824148840
2020-06-CENSUS-0000246678,GSA_MIGRATION,2020,2021-06-15,824174759
2020-06-CENSUS-0000181790,GSA_MIGRATION,2020,2021-03-16,530196580
2020-06-CENSUS-0000181790,GSA_MIGRATION,2020,2021-03-16,521627574
2020-06-CENSUS-0000181790,GSA_MIGRATION,2020,2021-03-16,521654453
2020-09-CENSUS-0000006666,GSA_MIGRATION,2020,2021-05-13,061446900
2020-09-CENSUS-0000006666,GSA_MIGRATION,2020,2021-05-13,061504725
2020-06-CENSUS-0000003372,GSA_MIGRATION,2020,2021-03-08,043103893
2020-06-CENSUS-0000003372,GSA_MIGRATION,2020,2021-03-08,043452410
2020-06-CENSUS-0000003372,GSA_MIGRATION,2020,2021-03-08,043663990
2020-06-CENSUS-0000003372,GSA_MIGRATION,2020,2021-03-08,223090216
2020-06-CENSUS-0000003372,GSA_MIGRATION,2020,2021-03-08,223221294
2020-06-CENSUS-0000003372,GSA_MIGRATION,2020,2021-03-08,261596148
2020-06-CENSUS-0000026234,GSA_MIGRATION,2020,2021-06-16,231689692
2020-06-CENSUS-0000026234,GSA_MIGRATION,2020,2021-06-16,240795623
2020-06-CENSUS-0000026234,GSA_MIGRATION,2020,2021-06-16,231352202
2020-06-CENSUS-0000026234,GSA_MIGRATION,2020,2021-06-16,232700908
2020-06-CENSUS-0000176055,GSA_MIGRATION,2020,2021-04-05,546001249
2020-06-CENSUS-0000176055,GSA_MIGRATION,2020,2021-04-05,546001251
2020-06-CENSUS-0000210812,GSA_MIGRATION,2020,2021-03-28,541643698
2020-06-CENSUS-0000210812,GSA_MIGRATION,2020,2021-03-28,546001687
2020-06-CENSUS-0000210812,GSA_MIGRATION,2020,2021-03-28,546001690
2020-06-CENSUS-0000186606,GSA_MIGRATION,2020,2021-04-29,066001629
2020-06-CENSUS-0000242217,GSA_MIGRATION,2020,2021-01-24,237161463
2020-06-CENSUS-0000242217,GSA_MIGRATION,2020,2021-01-24,043718347
2020-06-CENSUS-0000237981,GSA_MIGRATION,2020,2021-01-24,263443336
2020-06-CENSUS-0000241311,GSA_MIGRATION,2020,2021-03-22,419483582
2020-06-CENSUS-0000241311,GSA_MIGRATION,2020,2021-03-22,420727488
2020-06-CENSUS-0000171429,GSA_MIGRATION,2020,2021-03-28,626000797
2020-06-CENSUS-0000171429,GSA_MIGRATION,2020,2021-03-28,626000799
2020-06-CENSUS-0000238029,GSA_MIGRATION,2020,2021-03-07,061259340
2020-06-CENSUS-0000238029,GSA_MIGRATION,2020,2021-03-07,231405636
2020-06-CENSUS-0000238029,GSA_MIGRATION,2020,2021-03-07,231915567
2020-06-CENSUS-0000238029,GSA_MIGRATION,2020,2021-03-07,251813977
2020-06-CENSUS-0000238029,GSA_MIGRATION,2020,2021-03-07,261454616
2020-06-CENSUS-0000031506,GSA_MIGRATION,2020,2021-03-15,311748709
2020-06-CENSUS-0000031506,GSA_MIGRATION,2020,2021-03-15,710576700
2020-06-CENSUS-0000031506,GSA_MIGRATION,2020,2021-03-15,202370710
2020-06-CENSUS-0000056426,GSA_MIGRATION,2020,2021-02-04,382391381
2020-06-CENSUS-0000056426,GSA_MIGRATION,2020,2021-02-04,475320389
2020-06-CENSUS-0000136063,GSA_MIGRATION,2020,2021-03-29,591210132
2020-06-CENSUS-0000136063,GSA_MIGRATION,2020,2021-03-29,591141270
2020-06-CENSUS-0000136063,GSA_MIGRATION,2020,2021-03-29,591213999
2020-06-CENSUS-0000136063,GSA_MIGRATION,2020,2021-03-29,596031182
2020-06-CENSUS-0000136063,GSA_MIGRATION,2020,2021-03-29,591210158
2020-06-CENSUS-0000136063,GSA_MIGRATION,2020,2021-03-29,591211051
2020-06-CENSUS-0000136063,GSA_MIGRATION,2020,2021-03-29,590920675
2020-06-CENSUS-0000136063,GSA_MIGRATION,2020,2021-03-29,591033399
2020-06-CENSUS-0000136063,GSA_MIGRATION,2020,2021-03-29,591208155
2020-06-CENSUS-0000136063,GSA_MIGRATION,2020,2021-03-29,596004084
2020-06-CENSUS-0000136063,GSA_MIGRATION,2020,2021-03-29,591218159
2020-06-CENSUS-0000136063,GSA_MIGRATION,2020,2021-03-29,591385831
2020-06-CENSUS-0000136063,GSA_MIGRATION,2020,2021-03-29,590971286
2020-06-CENSUS-0000136063,GSA_MIGRATION,2020,2021-03-29,591206516
2020-06-CENSUS-0000136063,GSA_MIGRATION,2020,2021-03-29,591214592
2020-06-CENSUS-0000136063,GSA_MIGRATION,2020,2021-03-29,591209205
2020-06-CENSUS-0000136063,GSA_MIGRATION,2020,2021-03-29,591214054
2020-06-CENSUS-0000136063,GSA_MIGRATION,2020,2021-03-29,020556268
2020-06-CENSUS-0000136063,GSA_MIGRATION,2020,2021-03-29,020556502
2020-06-CENSUS-0000136063,GSA_MIGRATION,2020,2021-03-29,043613342
2020-06-CENSUS-0000136063,GSA_MIGRATION,2020,2021-03-29,200619770
2020-06-CENSUS-0000136063,GSA_MIGRATION,2020,2021-03-29,521619721
2020-06-CENSUS-0000136063,GSA_MIGRATION,2020,2021-03-29,592748506
2020-06-CENSUS-0000136063,GSA_MIGRATION,2020,2021-03-29,593753078
2020-06-CENSUS-0000136063,GSA_MIGRATION,2020,2021-03-29,593753171
2020-06-CENSUS-0000136063,GSA_MIGRATION,2020,2021-03-29,593754016
2020-06-CENSUS-0000136063,GSA_MIGRATION,2020,2021-03-29,593754662
2020-06-CENSUS-0000136063,GSA_MIGRATION,2020,2021-03-29,593754663
2020-06-CENSUS-0000136063,GSA_MIGRATION,2020,2021-03-29,593757751
2020-06-CENSUS-0000136063,GSA_MIGRATION,2020,2021-03-29,593757965
2020-06-CENSUS-0000136063,GSA_MIGRATION,2020,2021-03-29,593758249
2020-06-CENSUS-0000209837,GSA_MIGRATION,2020,2021-06-07,800623399
2020-12-CENSUS-0000238027,GSA_MIGRATION,2020,2021-07-08,223073668
2020-06-CENSUS-0000135674,GSA_MIGRATION,2020,2021-01-17,222486319
2020-06-CENSUS-0000128399,GSA_MIGRATION,2020,2021-05-25,200448185
2020-06-CENSUS-0000128399,GSA_MIGRATION,2020,2021-05-25,200448213
2020-06-CENSUS-0000128399,GSA_MIGRATION,2020,2021-05-25,371549202
2020-06-CENSUS-0000128399,GSA_MIGRATION,2020,2021-05-25,990259573
2020-06-CENSUS-0000128399,GSA_MIGRATION,2020,2021-05-25,990267464
2020-06-CENSUS-0000128399,GSA_MIGRATION,2020,2021-05-25,990271385
2020-06-CENSUS-0000128399,GSA_MIGRATION,2020,2021-05-25,990317953
2020-06-CENSUS-0000003141,GSA_MIGRATION,2020,2021-02-01,521084599
2020-06-CENSUS-0000003141,GSA_MIGRATION,2020,2021-02-01,042921318
2020-06-CENSUS-0000003141,GSA_MIGRATION,2020,2021-02-01,454557067
2020-06-CENSUS-0000003141,GSA_MIGRATION,2020,2021-02-01,043093032
2020-06-CENSUS-0000003141,GSA_MIGRATION,2020,2021-02-01,042933012
2020-06-CENSUS-0000003141,GSA_MIGRATION,2020,2021-02-01,043056955
2020-06-CENSUS-0000003141,GSA_MIGRATION,2020,2021-02-01,042661664
2020-06-CENSUS-0000003141,GSA_MIGRATION,2020,2021-02-01,043221277
2020-12-CENSUS-0000228114,GSA_MIGRATION,2020,2021-06-10,311132259
2020-12-CENSUS-0000228114,GSA_MIGRATION,2020,2021-06-10,311033231
2020-12-CENSUS-0000218190,GSA_MIGRATION,2020,2021-10-14,205493091
2020-12-CENSUS-0000218190,GSA_MIGRATION,2020,2021-10-14,510621633
2020-12-CENSUS-0000218190,GSA_MIGRATION,2020,2021-10-14,134365481
2020-12-CENSUS-0000218190,GSA_MIGRATION,2020,2021-10-14,208808059
2020-12-CENSUS-0000218190,GSA_MIGRATION,2020,2021-10-14,160743944
2020-12-CENSUS-0000218190,GSA_MIGRATION,2020,2021-10-14,160743945
2020-12-CENSUS-0000218190,GSA_MIGRATION,2020,2021-10-14,364618548
2020-12-CENSUS-0000218190,GSA_MIGRATION,2020,2021-10-14,352313041
2020-12-CENSUS-0000218190,GSA_MIGRATION,2020,2021-10-14,142005241
2020-12-CENSUS-0000218190,GSA_MIGRATION,2020,2021-10-14,204649120
2020-06-CENSUS-0000135708,GSA_MIGRATION,2020,2021-01-07,205352138
2020-06-CENSUS-0000237571,GSA_MIGRATION,2020,2021-05-27,204122028
2020-06-CENSUS-0000196717,GSA_MIGRATION,2020,2021-03-14,270627714
2020-06-CENSUS-0000196717,GSA_MIGRATION,2020,2021-03-14,911494758
2020-06-CENSUS-0000171363,GSA_MIGRATION,2020,2021-02-24,626000492
2020-06-CENSUS-0000221266,GSA_MIGRATION,2020,2021-06-16,592481740
2020-06-CENSUS-0000221266,GSA_MIGRATION,2020,2021-06-16,520610545
2020-06-CENSUS-0000221266,GSA_MIGRATION,2020,2021-06-16,521341890
2020-06-CENSUS-0000221266,GSA_MIGRATION,2020,2021-06-16,590683252
2020-06-CENSUS-0000221266,GSA_MIGRATION,2020,2021-06-16,521467441
2020-06-CENSUS-0000221266,GSA_MIGRATION,2020,2021-06-16,522093120
2020-06-CENSUS-0000221266,GSA_MIGRATION,2020,2021-06-16,520591656
2020-12-CENSUS-0000080911,GSA_MIGRATION,2020,2021-07-22,464853541
2020-12-CENSUS-0000080911,GSA_MIGRATION,2020,2021-07-22,814157978
2020-08-CENSUS-0000053625,GSA_MIGRATION,2020,2021-11-28,364724966
2020-08-CENSUS-0000053625,GSA_MIGRATION,2020,2021-11-28,370960170
2020-08-CENSUS-0000053625,GSA_MIGRATION,2020,2021-11-28,363097297
2020-08-CENSUS-0000053625,GSA_MIGRATION,2020,2021-11-28,362513909
2020-08-CENSUS-0000053625,GSA_MIGRATION,2020,2021-11-28,363484281
2020-08-CENSUS-0000053625,GSA_MIGRATION,2020,2021-11-28,362179779
2020-08-CENSUS-0000053625,GSA_MIGRATION,2020,2021-11-28,260876468
2020-08-CENSUS-0000053625,GSA_MIGRATION,2020,2021-11-28,237087041
2020-08-CENSUS-0000053625,GSA_MIGRATION,2020,2021-11-28,364244337
2020-08-CENSUS-0000053625,GSA_MIGRATION,2020,2021-11-28,362680776
2020-08-CENSUS-0000053625,GSA_MIGRATION,2020,2021-11-28,474579189
2020-08-CENSUS-0000053625,GSA_MIGRATION,2020,2021-11-28,363236791
2020-08-CENSUS-0000053625,GSA_MIGRATION,2020,2021-11-28,363149833
2020-08-CENSUS-0000053625,GSA_MIGRATION,2020,2021-11-28,364310557
2020-08-CENSUS-0000053625,GSA_MIGRATION,2020,2021-11-28,362338884
2020-08-CENSUS-0000053625,GSA_MIGRATION,2020,2021-11-28,363155315
2020-08-CENSUS-0000053625,GSA_MIGRATION,2020,2021-11-28,363896976
2020-08-CENSUS-0000053625,GSA_MIGRATION,2020,2021-11-28,363649080
2020-08-CENSUS-0000053625,GSA_MIGRATION,2020,2021-11-28,800838376
2020-08-CENSUS-0000053625,GSA_MIGRATION,2020,2021-11-28,352507700
2020-08-CENSUS-0000053625,GSA_MIGRATION,2020,2021-11-28,900917479
2020-08-CENSUS-0000053625,GSA_MIGRATION,2020,2021-11-28,371703513
2020-08-CENSUS-0000053625,GSA_MIGRATION,2020,2021-11-28,363382383
2020-08-CENSUS-0000053625,GSA_MIGRATION,2020,2021-11-28,363824138
2020-08-CENSUS-0000053625,GSA_MIGRATION,2020,2021-11-28,363164329
2020-08-CENSUS-0000053625,GSA_MIGRATION,2020,2021-11-28,363334711
2020-08-CENSUS-0000053625,GSA_MIGRATION,2020,2021-11-28,363270521
2020-08-CENSUS-0000053625,GSA_MIGRATION,2020,2021-11-28,363887234
2020-08-CENSUS-0000053625,GSA_MIGRATION,2020,2021-11-28,363196559
2020-08-CENSUS-0000053625,GSA_MIGRATION,2020,2021-11-28,362179764
2020-08-CENSUS-0000053625,GSA_MIGRATION,2020,2021-11-28,453449737
2020-08-CENSUS-0000053625,GSA_MIGRATION,2020,2021-11-28,363196550
2020-08-CENSUS-0000053625,GSA_MIGRATION,2020,2021-11-28,364740459
2020-08-CENSUS-0000053625,GSA_MIGRATION,2020,2021-11-28,261277524
2020-08-CENSUS-0000053625,GSA_MIGRATION,2020,2021-11-28,834687208
2020-08-CENSUS-0000053625,GSA_MIGRATION,2020,2021-11-28,842302820
2020-08-CENSUS-0000053625,GSA_MIGRATION,2020,2021-11-28,841833690
2020-08-CENSUS-0000053625,GSA_MIGRATION,2020,2021-11-28,842020413
2020-09-CENSUS-0000130060,GSA_MIGRATION,2020,2021-04-22,562408506
2020-06-CENSUS-0000131804,GSA_MIGRATION,2020,2021-05-26,270093858
2020-06-CENSUS-0000131804,GSA_MIGRATION,2020,2021-05-26,941539563
2020-06-CENSUS-0000131804,GSA_MIGRATION,2020,2021-05-26,946002123
2020-06-CENSUS-0000131804,GSA_MIGRATION,2020,2021-05-26,946036493
2020-06-CENSUS-0000131804,GSA_MIGRATION,2020,2021-05-26,946036494
2020-06-CENSUS-0000131804,GSA_MIGRATION,2020,2021-05-26,952226406
2020-06-CENSUS-0000131804,GSA_MIGRATION,2020,2021-05-26,956006142
2020-06-CENSUS-0000131804,GSA_MIGRATION,2020,2021-05-26,956006143
2020-06-CENSUS-0000131804,GSA_MIGRATION,2020,2021-05-26,956006144
2020-06-CENSUS-0000131804,GSA_MIGRATION,2020,2021-05-26,956006145
2020-12-CENSUS-0000208777,GSA_MIGRATION,2020,2021-06-10,480978676
2020-12-CENSUS-0000208777,GSA_MIGRATION,2020,2021-06-10,481125246
2020-12-CENSUS-0000208777,GSA_MIGRATION,2020,2021-06-10,481125245
2020-09-CENSUS-0000189454,GSA_MIGRATION,2020,2021-06-29,731544374
2020-09-CENSUS-0000189454,GSA_MIGRATION,2020,2021-06-29,731553050
2020-09-CENSUS-0000205719,GSA_MIGRATION,2020,2021-01-19,841592464
2020-09-CENSUS-0000218604,GSA_MIGRATION,2020,2021-02-07,300103115
2020-06-CENSUS-0000179778,GSA_MIGRATION,2020,2021-01-18,830217952
2020-06-CENSUS-0000179778,GSA_MIGRATION,2020,2021-01-18,830222168
2020-06-CENSUS-0000179778,GSA_MIGRATION,2020,2021-01-18,830299407
2020-06-CENSUS-0000179778,GSA_MIGRATION,2020,2021-01-18,830260485
2020-06-CENSUS-0000179778,GSA_MIGRATION,2020,2021-01-18,830256167
2020-06-CENSUS-0000179778,GSA_MIGRATION,2020,2021-01-18,830254480
2020-06-CENSUS-0000179778,GSA_MIGRATION,2020,2021-01-18,830234279
2020-06-CENSUS-0000171418,GSA_MIGRATION,2020,2021-03-04,626000745
2020-06-CENSUS-0000235539,GSA_MIGRATION,2020,2021-03-05,843211410
2020-09-CENSUS-0000249899,GSA_MIGRATION,2020,2021-02-15,912075074
2020-09-CENSUS-0000249899,GSA_MIGRATION,2020,2021-02-15,911938421
2020-09-CENSUS-0000249899,GSA_MIGRATION,2020,2021-02-15,911892332
2020-09-CENSUS-0000249899,GSA_MIGRATION,2020,2021-02-15,912023311
2020-09-CENSUS-0000249899,GSA_MIGRATION,2020,2021-02-15,912177127
2020-09-CENSUS-0000249899,GSA_MIGRATION,2020,2021-02-15,911958168
2020-09-CENSUS-0000249899,GSA_MIGRATION,2020,2021-02-15,911946571
2020-06-CENSUS-0000136063,GSA_MIGRATION,2020,2021-03-29,593759152
2020-06-CENSUS-0000136063,GSA_MIGRATION,2020,2021-03-29,650812614
2020-06-CENSUS-0000136063,GSA_MIGRATION,2020,2021-03-29,651148284
2020-06-CENSUS-0000136063,GSA_MIGRATION,2020,2021-03-29,651150231
2020-06-CENSUS-0000136063,GSA_MIGRATION,2020,2021-03-29,651150480
2020-06-CENSUS-0000136063,GSA_MIGRATION,2020,2021-03-29,651151099
2020-06-CENSUS-0000136063,GSA_MIGRATION,2020,2021-03-29,352519664
2020-06-CENSUS-0000136063,GSA_MIGRATION,2020,2021-03-29,800749868
2020-06-CENSUS-0000136063,GSA_MIGRATION,2020,2021-03-29,596007353
2020-06-CENSUS-0000136063,GSA_MIGRATION,2020,2021-03-29,364706134
2020-06-CENSUS-0000136063,GSA_MIGRATION,2020,2021-03-29,596001975
2020-06-CENSUS-0000136063,GSA_MIGRATION,2020,2021-03-29,592883965
2020-06-CENSUS-0000136063,GSA_MIGRATION,2020,2021-03-29,272818119
2020-06-CENSUS-0000136063,GSA_MIGRATION,2020,2021-03-29,593466865
2020-06-CENSUS-0000136063,GSA_MIGRATION,2020,2021-03-29,593474751
2020-06-CENSUS-0000136063,GSA_MIGRATION,2020,2021-03-29,591003668
2020-06-CENSUS-0000136063,GSA_MIGRATION,2020,2021-03-29,596002052
2020-06-CENSUS-0000136063,GSA_MIGRATION,2020,2021-03-29,591961248
2020-06-CENSUS-0000136063,GSA_MIGRATION,2020,2021-03-29,590977035
2020-06-CENSUS-0000136063,GSA_MIGRATION,2020,2021-03-29,592924021
2020-06-CENSUS-0000136063,GSA_MIGRATION,2020,2021-03-29,460764837
2020-06-CENSUS-0000136063,GSA_MIGRATION,2020,2021-03-29,593102112
2020-06-CENSUS-0000136063,GSA_MIGRATION,2020,2021-03-29,900057281
2020-06-CENSUS-0000136063,GSA_MIGRATION,2020,2021-03-29,650385507
2020-06-CENSUS-0000136063,GSA_MIGRATION,2020,2021-03-29,592976783
2020-06-CENSUS-0000136063,GSA_MIGRATION,2020,2021-03-29,650177616
2020-06-CENSUS-0000136063,GSA_MIGRATION,2020,2021-03-29,592976169
2020-06-CENSUS-0000136063,GSA_MIGRATION,2020,2021-03-29,650753801
2020-06-CENSUS-0000136063,GSA_MIGRATION,2020,2021-03-29,593462886
2020-06-CENSUS-0000136063,GSA_MIGRATION,2020,2021-03-29,593024028
2020-06-CENSUS-0000136063,GSA_MIGRATION,2020,2021-03-29,593458757
2020-06-CENSUS-0000136063,GSA_MIGRATION,2020,2021-03-29,593458463
2020-06-CENSUS-0000136063,GSA_MIGRATION,2020,2021-03-29,593475860
2020-06-CENSUS-0000136063,GSA_MIGRATION,2020,2021-03-29,593502843
2020-06-CENSUS-0000136063,GSA_MIGRATION,2020,2021-03-29,593462720
2020-06-CENSUS-0000136063,GSA_MIGRATION,2020,2021-03-29,331112045
2020-06-CENSUS-0000136063,GSA_MIGRATION,2020,2021-03-29,593452939
2020-06-CENSUS-0000136063,GSA_MIGRATION,2020,2021-03-29,592869774
2020-06-CENSUS-0000136063,GSA_MIGRATION,2020,2021-03-29,591264198
2020-06-CENSUS-0000136063,GSA_MIGRATION,2020,2021-03-29,593458983
2020-06-CENSUS-0000136063,GSA_MIGRATION,2020,2021-03-29,593476898
2020-06-CENSUS-0000136063,GSA_MIGRATION,2020,2021-03-29,592870670
2020-06-CENSUS-0000136063,GSA_MIGRATION,2020,2021-03-29,593105845
2020-06-CENSUS-0000136063,GSA_MIGRATION,2020,2021-03-29,593515548
2020-06-CENSUS-0000136063,GSA_MIGRATION,2020,2021-03-29,593467201
2020-06-CENSUS-0000136063,GSA_MIGRATION,2020,2021-03-29,596007874
2020-06-CENSUS-0000136063,GSA_MIGRATION,2020,2021-03-29,020757340
2020-06-CENSUS-0000136063,GSA_MIGRATION,2020,2021-03-29,591207627
2020-06-CENSUS-0000136063,GSA_MIGRATION,2020,2021-03-29,592876282
2020-06-CENSUS-0000136063,GSA_MIGRATION,2020,2021-03-29,911961382
2020-12-CENSUS-0000191962,GSA_MIGRATION,2020,2021-08-01,456006376
2020-09-CENSUS-0000106315,GSA_MIGRATION,2020,2021-08-24,352526373
2020-12-CENSUS-0000023977,GSA_MIGRATION,2020,2021-07-18,463353756
2020-09-CENSUS-0000212445,GSA_MIGRATION,2020,2021-07-06,820161600
2020-09-CENSUS-0000212445,GSA_MIGRATION,2020,2021-07-06,820295026
2020-09-CENSUS-0000212445,GSA_MIGRATION,2020,2021-07-06,562570686
2020-09-CENSUS-0000212445,GSA_MIGRATION,2020,2021-07-06,273311774
2020-06-CENSUS-0000251198,GSA_MIGRATION,2020,2021-09-29,562276994
2020-06-CENSUS-0000251198,GSA_MIGRATION,2020,2021-09-29,560532309
2020-06-CENSUS-0000251198,GSA_MIGRATION,2020,2021-09-29,560543238
2020-06-CENSUS-0000251198,GSA_MIGRATION,2020,2021-09-29,560552787
2020-06-CENSUS-0000251198,GSA_MIGRATION,2020,2021-09-29,830343789
2020-12-CENSUS-0000226247,GSA_MIGRATION,2020,2021-07-25,562038762
2020-06-CENSUS-0000155331,GSA_MIGRATION,2020,2021-01-14,470798800
2020-06-CENSUS-0000176091,GSA_MIGRATION,2020,2021-02-02,546001444
2020-06-CENSUS-0000176091,GSA_MIGRATION,2020,2021-02-02,546001447
2020-09-CENSUS-0000181758,GSA_MIGRATION,2020,2021-11-21,810716773
2020-09-CENSUS-0000181758,GSA_MIGRATION,2020,2021-11-21,473468314
2020-09-CENSUS-0000181758,GSA_MIGRATION,2020,2021-11-21,463556853
2020-09-CENSUS-0000181758,GSA_MIGRATION,2020,2021-11-21,980375219
2020-09-CENSUS-0000181758,GSA_MIGRATION,2020,2021-11-21,201810549
2020-09-CENSUS-0000181758,GSA_MIGRATION,2020,2021-11-21,046048207
2020-09-CENSUS-0000181758,GSA_MIGRATION,2020,2021-11-21,043414914
2020-09-CENSUS-0000181758,GSA_MIGRATION,2020,2021-11-21,266368869
2020-09-CENSUS-0000181758,GSA_MIGRATION,2020,2021-11-21,043101957
2020-09-CENSUS-0000181758,GSA_MIGRATION,2020,2021-11-21,043218267
2020-09-CENSUS-0000181758,GSA_MIGRATION,2020,2021-11-21,043373331
2020-09-CENSUS-0000181758,GSA_MIGRATION,2020,2021-11-21,043286156
2020-09-CENSUS-0000181758,GSA_MIGRATION,2020,2021-11-21,043286641
2020-09-CENSUS-0000181758,GSA_MIGRATION,2020,2021-11-21,043452877
2020-09-CENSUS-0000181758,GSA_MIGRATION,2020,2021-11-21,043452874
2020-09-CENSUS-0000181758,GSA_MIGRATION,2020,2021-11-21,043335166
2020-09-CENSUS-0000181758,GSA_MIGRATION,2020,2021-11-21,043137333
2020-09-CENSUS-0000181758,GSA_MIGRATION,2020,2021-11-21,043354353
2020-09-CENSUS-0000181758,GSA_MIGRATION,2020,2021-11-21,043265008
2020-09-CENSUS-0000181758,GSA_MIGRATION,2020,2021-11-21,042794543
2020-09-CENSUS-0000181758,GSA_MIGRATION,2020,2021-11-21,043283573
2020-09-CENSUS-0000181758,GSA_MIGRATION,2020,2021-11-21,043286643
2020-09-CENSUS-0000181758,GSA_MIGRATION,2020,2021-11-21,043428462
2020-09-CENSUS-0000181758,GSA_MIGRATION,2020,2021-11-21,043296068
2020-09-CENSUS-0000181758,GSA_MIGRATION,2020,2021-11-21,043067465
2020-09-CENSUS-0000181758,GSA_MIGRATION,2020,2021-11-21,043354360
2020-09-CENSUS-0000181758,GSA_MIGRATION,2020,2021-11-21,043555478
2020-09-CENSUS-0000181758,GSA_MIGRATION,2020,2021-11-21,043355267
2020-09-CENSUS-0000181758,GSA_MIGRATION,2020,2021-11-21,043291148
2020-09-CENSUS-0000181758,GSA_MIGRATION,2020,2021-11-21,042966416
2020-09-CENSUS-0000181758,GSA_MIGRATION,2020,2021-11-21,043276227
2020-09-CENSUS-0000181758,GSA_MIGRATION,2020,2021-11-21,043156471
2020-09-CENSUS-0000181758,GSA_MIGRATION,2020,2021-11-21,042472758
2020-09-CENSUS-0000181758,GSA_MIGRATION,2020,2021-11-21,510172171
2020-09-CENSUS-0000181758,GSA_MIGRATION,2020,2021-11-21,043289381
2020-12-CENSUS-0000223817,GSA_MIGRATION,2020,2021-09-07,311438763
2020-12-CENSUS-0000223817,GSA_MIGRATION,2020,2021-09-07,311178476
2020-09-CENSUS-0000203196,GSA_MIGRATION,2020,2021-09-14,080427389
2020-09-CENSUS-0000136141,GSA_MIGRATION,2020,2021-06-30,596000903
2020-09-CENSUS-0000136141,GSA_MIGRATION,2020,2021-06-30,596000902
2020-09-CENSUS-0000136141,GSA_MIGRATION,2020,2021-06-30,596057209
2020-09-CENSUS-0000136141,GSA_MIGRATION,2020,2021-06-30,596000900
2020-09-CENSUS-0000004413,GSA_MIGRATION,2020,2021-02-17,452631072
2020-09-CENSUS-0000004413,GSA_MIGRATION,2020,2021-02-17,452631409
2020-09-CENSUS-0000004413,GSA_MIGRATION,2020,2021-02-17,452631445
2020-09-CENSUS-0000004413,GSA_MIGRATION,2020,2021-02-17,453125723
2020-09-CENSUS-0000004413,GSA_MIGRATION,2020,2021-02-17,811566682
2020-06-CENSUS-0000192079,GSA_MIGRATION,2020,2021-05-09,610600446
2020-06-CENSUS-0000192079,GSA_MIGRATION,2020,2021-05-09,610709416
2020-06-CENSUS-0000192079,GSA_MIGRATION,2020,2021-05-09,616033754
2020-06-CENSUS-0000192079,GSA_MIGRATION,2020,2021-05-09,690610001
2020-12-CENSUS-0000038126,GSA_MIGRATION,2020,2021-05-28,314416407
2020-12-CENSUS-0000068961,GSA_MIGRATION,2020,2021-05-17,834530419
2020-12-CENSUS-0000134799,GSA_MIGRATION,2020,2021-06-02,840822851
2020-06-CENSUS-0000077915,GSA_MIGRATION,2020,2021-01-14,461405965
2020-06-CENSUS-0000013905,GSA_MIGRATION,2020,2021-03-01,133841701
2020-06-CENSUS-0000013905,GSA_MIGRATION,2020,2021-03-01,133387630
2020-06-CENSUS-0000170401,GSA_MIGRATION,2020,2021-01-06,570650141
2020-06-CENSUS-0000171628,GSA_MIGRATION,2020,2021-01-07,621346109
2020-06-CENSUS-0000171628,GSA_MIGRATION,2020,2021-01-07,626000262
2020-06-CENSUS-0000171628,GSA_MIGRATION,2020,2021-01-07,626051216
2020-06-CENSUS-0000171628,GSA_MIGRATION,2020,2021-01-07,581504427
2020-06-CENSUS-0000171628,GSA_MIGRATION,2020,2021-01-07,620719309
2020-12-CENSUS-0000221572,GSA_MIGRATION,2020,2021-05-10,261484259
2020-12-CENSUS-0000221572,GSA_MIGRATION,2020,2021-05-10,431862691
2020-06-CENSUS-0000003961,GSA_MIGRATION,2020,2021-01-19,042587863
2020-06-CENSUS-0000003961,GSA_MIGRATION,2020,2021-01-19,042630078
2020-06-CENSUS-0000003961,GSA_MIGRATION,2020,2021-01-19,042711936
2020-06-CENSUS-0000003961,GSA_MIGRATION,2020,2021-01-19,237203001
2020-06-CENSUS-0000003961,GSA_MIGRATION,2020,2021-01-19,260492878
2020-06-CENSUS-0000003961,GSA_MIGRATION,2020,2021-01-19,562305098
2020-06-CENSUS-0000179788,GSA_MIGRATION,2020,2021-01-14,830287956
2020-06-CENSUS-0000179788,GSA_MIGRATION,2020,2021-01-14,861065210
2020-06-CENSUS-0000204876,GSA_MIGRATION,2020,2021-01-06,546001296
2020-06-CENSUS-0000135753,GSA_MIGRATION,2020,2021-01-03,066001499
2020-09-CENSUS-0000217342,GSA_MIGRATION,2020,2021-12-08,060646554
2020-09-CENSUS-0000217342,GSA_MIGRATION,2020,2021-12-08,060646652
2020-09-CENSUS-0000217342,GSA_MIGRATION,2020,2021-12-08,061330992
2020-09-CENSUS-0000217342,GSA_MIGRATION,2020,2021-12-08,060646659
2020-12-CENSUS-0000243232,GSA_MIGRATION,2020,2021-12-13,251925187
2020-12-CENSUS-0000243232,GSA_MIGRATION,2020,2021-12-13,720423659
2020-12-CENSUS-0000243232,GSA_MIGRATION,2020,2021-12-13,720467503
2020-12-CENSUS-0000198785,GSA_MIGRATION,2020,2021-12-02,912176798
2020-12-CENSUS-0000198785,GSA_MIGRATION,2020,2021-12-02,912722731
2020-12-CENSUS-0000198785,GSA_MIGRATION,2020,2021-12-02,912122735
2020-12-CENSUS-0000198785,GSA_MIGRATION,2020,2021-12-02,912033076
2020-12-CENSUS-0000198785,GSA_MIGRATION,2020,2021-12-02,911720240
2020-12-CENSUS-0000198785,GSA_MIGRATION,2020,2021-12-02,260018569
2020-12-CENSUS-0000198785,GSA_MIGRATION,2020,2021-12-02,912033861
2020-09-CENSUS-0000136136,GSA_MIGRATION,2020,2021-06-27,596000874
2020-09-CENSUS-0000136136,GSA_MIGRATION,2020,2021-06-27,591275651
2020-09-CENSUS-0000136136,GSA_MIGRATION,2020,2021-06-27,596000877
2020-09-CENSUS-0000136136,GSA_MIGRATION,2020,2021-06-27,596000875
2020-06-CENSUS-0000171416,GSA_MIGRATION,2020,2021-03-04,626000736
2020-11-CENSUS-0000249407,GSA_MIGRATION,2020,2021-03-29,203340886
2020-06-CENSUS-0000237887,GSA_MIGRATION,2020,2021-06-30,450226711
2020-06-CENSUS-0000237887,GSA_MIGRATION,2020,2021-06-30,450227752
2020-06-CENSUS-0000237887,GSA_MIGRATION,2020,2021-06-30,450227311
2020-06-CENSUS-0000237887,GSA_MIGRATION,2020,2021-06-30,470757164
2020-06-CENSUS-0000237887,GSA_MIGRATION,2020,2021-06-30,470379836
2020-06-CENSUS-0000237887,GSA_MIGRATION,2020,2021-06-30,470648586
2020-06-CENSUS-0000237887,GSA_MIGRATION,2020,2021-06-30,420782518
2020-06-CENSUS-0000237887,GSA_MIGRATION,2020,2021-06-30,420776568
2020-06-CENSUS-0000237887,GSA_MIGRATION,2020,2021-06-30,271050565
2020-06-CENSUS-0000237887,GSA_MIGRATION,2020,2021-06-30,822748395
2020-06-CENSUS-0000237887,GSA_MIGRATION,2020,2021-06-30,620532345
2020-06-CENSUS-0000237887,GSA_MIGRATION,2020,2021-06-30,270930004
2020-06-CENSUS-0000237887,GSA_MIGRATION,2020,2021-06-30,470379755
2020-06-CENSUS-0000237887,GSA_MIGRATION,2020,2021-06-30,741282696
2020-06-CENSUS-0000237887,GSA_MIGRATION,2020,2021-06-30,524228852
2020-06-CENSUS-0000237887,GSA_MIGRATION,2020,2021-06-30,742759890
2020-06-CENSUS-0000237887,GSA_MIGRATION,2020,2021-06-30,524249953
2020-06-CENSUS-0000237887,GSA_MIGRATION,2020,2021-06-30,750755367
2020-06-CENSUS-0000237887,GSA_MIGRATION,2020,2021-06-30,840405257
2020-06-CENSUS-0000237887,GSA_MIGRATION,2020,2021-06-30,840902211
2020-06-CENSUS-0000237887,GSA_MIGRATION,2020,2021-06-30,310537486
2020-06-CENSUS-0000237887,GSA_MIGRATION,2020,2021-06-30,311778043
2020-06-CENSUS-0000237887,GSA_MIGRATION,2020,2021-06-30,562351341
2020-06-CENSUS-0000237887,GSA_MIGRATION,2020,2021-06-30,911939739
2020-06-CENSUS-0000237887,GSA_MIGRATION,2020,2021-06-30,910564491
2020-06-CENSUS-0000237887,GSA_MIGRATION,2020,2021-06-30,611029768
2020-06-CENSUS-0000237887,GSA_MIGRATION,2020,2021-06-30,410758434
2020-06-CENSUS-0000237887,GSA_MIGRATION,2020,2021-06-30,820558836
2020-06-CENSUS-0000237887,GSA_MIGRATION,2020,2021-06-30,710236917
2020-06-CENSUS-0000237887,GSA_MIGRATION,2020,2021-06-30,450226553
2020-06-CENSUS-0000237887,GSA_MIGRATION,2020,2021-06-30,450227012
2020-06-CENSUS-0000237887,GSA_MIGRATION,2020,2021-06-30,421511682
2020-06-CENSUS-0000237887,GSA_MIGRATION,2020,2021-06-30,421323808
2020-06-CENSUS-0000237887,GSA_MIGRATION,2020,2021-06-30,450231183
2020-06-CENSUS-0000237887,GSA_MIGRATION,2020,2021-06-30,420680448
2020-06-CENSUS-0000237887,GSA_MIGRATION,2020,2021-06-30,421470935
2020-06-CENSUS-0000237887,GSA_MIGRATION,2020,2021-06-30,420680308
2020-06-CENSUS-0000237887,GSA_MIGRATION,2020,2021-06-30,450231675
2020-06-CENSUS-0000237887,GSA_MIGRATION,2020,2021-06-30,936088946
2020-06-CENSUS-0000237887,GSA_MIGRATION,2020,2021-06-30,260152877
2020-06-CENSUS-0000237887,GSA_MIGRATION,2020,2021-06-30,611159649
2020-06-CENSUS-0000237887,GSA_MIGRATION,2020,2021-06-30,260438748
2020-06-CENSUS-0000237887,GSA_MIGRATION,2020,2021-06-30,450226429
2020-06-CENSUS-0000237887,GSA_MIGRATION,2020,2021-06-30,930391614
2020-06-CENSUS-0000237887,GSA_MIGRATION,2020,2021-06-30,410695603
2020-06-CENSUS-0000237887,GSA_MIGRATION,2020,2021-06-30,340714474
2020-06-CENSUS-0000237887,GSA_MIGRATION,2020,2021-06-30,272884584
2020-06-CENSUS-0000237887,GSA_MIGRATION,2020,2021-06-30,410695598
2020-06-CENSUS-0000237887,GSA_MIGRATION,2020,2021-06-30,420695603
2020-06-CENSUS-0000237887,GSA_MIGRATION,2020,2021-06-30,410721642
2020-06-CENSUS-0000237887,GSA_MIGRATION,2020,2021-06-30,341522484
2020-06-CENSUS-0000237887,GSA_MIGRATION,2020,2021-06-30,741385192
2020-06-CENSUS-0000237887,GSA_MIGRATION,2020,2021-06-30,273280598
2020-06-CENSUS-0000237887,GSA_MIGRATION,2020,2021-06-30,261947374
2020-06-CENSUS-0000237887,GSA_MIGRATION,2020,2021-06-30,760536234
2020-06-CENSUS-0000237887,GSA_MIGRATION,2020,2021-06-30,263734606
2020-06-CENSUS-0000237887,GSA_MIGRATION,2020,2021-06-30,300427437
2020-06-CENSUS-0000237887,GSA_MIGRATION,2020,2021-06-30,941196203
2020-06-CENSUS-0000237887,GSA_MIGRATION,2020,2021-06-30,815009488
2020-06-CENSUS-0000237887,GSA_MIGRATION,2020,2021-06-30,462037641
2020-06-CENSUS-0000237887,GSA_MIGRATION,2020,2021-06-30,237115371
2020-06-CENSUS-0000237887,GSA_MIGRATION,2020,2021-06-30,680117340
2020-06-CENSUS-0000237887,GSA_MIGRATION,2020,2021-06-30,941439787
2020-06-CENSUS-0000237887,GSA_MIGRATION,2020,2021-06-30,680220314
2020-06-CENSUS-0000237887,GSA_MIGRATION,2020,2021-06-30,680127677
2020-06-CENSUS-0000237887,GSA_MIGRATION,2020,2021-06-30,510432777
2020-06-CENSUS-0000237887,GSA_MIGRATION,2020,2021-06-30,770035928
2020-06-CENSUS-0000237887,GSA_MIGRATION,2020,2021-06-30,941156295
2020-06-CENSUS-0000237887,GSA_MIGRATION,2020,2021-06-30,943336143
2020-06-CENSUS-0000237887,GSA_MIGRATION,2020,2021-06-30,770127719
2020-06-CENSUS-0000237887,GSA_MIGRATION,2020,2021-06-30,770056778
2020-06-CENSUS-0000237887,GSA_MIGRATION,2020,2021-06-30,942450442
2020-06-CENSUS-0000237887,GSA_MIGRATION,2020,2021-06-30,954000909
2020-06-CENSUS-0000237887,GSA_MIGRATION,2020,2021-06-30,953625651
2020-06-CENSUS-0000237887,GSA_MIGRATION,2020,2021-06-30,951802779
2020-06-CENSUS-0000237887,GSA_MIGRATION,2020,2021-06-30,770201321
2020-06-CENSUS-0000237887,GSA_MIGRATION,2020,2021-06-30,237153876
2020-06-CENSUS-0000237887,GSA_MIGRATION,2020,2021-06-30,237444901
2020-06-CENSUS-0000237887,GSA_MIGRATION,2020,2021-06-30,237137119
2020-06-CENSUS-0000165198,GSA_MIGRATION,2020,2021-02-10,237296813
2020-06-CENSUS-0000165198,GSA_MIGRATION,2020,2021-02-10,462275140
2020-06-CENSUS-0000165198,GSA_MIGRATION,2020,2021-02-10,730774255
2020-12-CENSUS-0000242751,GSA_MIGRATION,2020,2021-03-21,481292876
2020-12-CENSUS-0000242751,GSA_MIGRATION,2020,2021-03-21,464471239
2020-12-CENSUS-0000154217,GSA_MIGRATION,2020,2021-07-20,201824454
2020-06-CENSUS-0000090914,GSA_MIGRATION,2020,2021-03-21,592953527
2020-06-CENSUS-0000090914,GSA_MIGRATION,2020,2021-03-21,592953807
2020-12-CENSUS-0000153362,GSA_MIGRATION,2020,2021-09-19,770601167
2020-12-CENSUS-0000153362,GSA_MIGRATION,2020,2021-09-19,463751945
2020-12-CENSUS-0000153362,GSA_MIGRATION,2020,2021-09-19,300835383
2020-12-CENSUS-0000153362,GSA_MIGRATION,2020,2021-09-19,611741273
2020-12-CENSUS-0000153362,GSA_MIGRATION,2020,2021-09-19,371783610
2020-12-CENSUS-0000153362,GSA_MIGRATION,2020,2021-09-19,352513230
2020-12-CENSUS-0000153362,GSA_MIGRATION,2020,2021-09-19,364791132
2020-12-CENSUS-0000153362,GSA_MIGRATION,2020,2021-09-19,300950620
2020-12-CENSUS-0000153362,GSA_MIGRATION,2020,2021-09-19,471362131
2020-12-CENSUS-0000153362,GSA_MIGRATION,2020,2021-09-19,320444405
2020-12-CENSUS-0000153362,GSA_MIGRATION,2020,2021-09-19,320447420
2020-12-CENSUS-0000153362,GSA_MIGRATION,2020,2021-09-19,471362215
2020-12-CENSUS-0000153362,GSA_MIGRATION,2020,2021-09-19,471591548
2020-12-CENSUS-0000153362,GSA_MIGRATION,2020,2021-09-19,474784720
2020-12-CENSUS-0000153362,GSA_MIGRATION,2020,2021-09-19,813740743
2020-12-CENSUS-0000093089,GSA_MIGRATION,2020,2021-07-20,620712345
2020-12-CENSUS-0000236569,GSA_MIGRATION,2020,2021-07-27,815225421
2020-12-CENSUS-0000236569,GSA_MIGRATION,2020,2021-07-27,833049841
2020-06-CENSUS-0000250803,GSA_MIGRATION,2020,2021-07-13,020258994
2020-12-CENSUS-0000058641,GSA_MIGRATION,2020,2021-08-04,390806257
2020-12-CENSUS-0000058641,GSA_MIGRATION,2020,2021-08-04,463893976
2020-12-CENSUS-0000146738,GSA_MIGRATION,2020,2021-06-16,720728176
2020-12-CENSUS-0000203972,GSA_MIGRATION,2020,2021-06-17,201281739
2020-12-CENSUS-0000208598,GSA_MIGRATION,2020,2021-04-05,471473842
2020-12-CENSUS-0000250483,GSA_MIGRATION,2020,2021-05-03,465195916
2020-12-CENSUS-0000022772,GSA_MIGRATION,2020,2021-05-04,043246547
2020-12-CENSUS-0000022772,GSA_MIGRATION,2020,2021-05-04,043246552
2020-12-CENSUS-0000022772,GSA_MIGRATION,2020,2021-05-04,205460472
2020-12-CENSUS-0000022772,GSA_MIGRATION,2020,2021-05-04,222593378
2020-12-CENSUS-0000022772,GSA_MIGRATION,2020,2021-05-04,263638703
2020-12-CENSUS-0000022772,GSA_MIGRATION,2020,2021-05-04,452562622
2020-06-CENSUS-0000027784,GSA_MIGRATION,2020,2021-03-24,270022215
2020-06-CENSUS-0000027784,GSA_MIGRATION,2020,2021-03-24,300002632
2020-09-CENSUS-0000038806,GSA_MIGRATION,2020,2021-04-25,311244736
2020-09-CENSUS-0000038806,GSA_MIGRATION,2020,2021-04-25,364500925
2020-08-CENSUS-0000060036,GSA_MIGRATION,2020,2021-01-20,742440845
2020-06-CENSUS-0000089609,GSA_MIGRATION,2020,2021-03-22,593051104
2020-06-CENSUS-0000089609,GSA_MIGRATION,2020,2021-03-22,592994648
2020-06-CENSUS-0000089609,GSA_MIGRATION,2020,2021-03-22,593551267
2020-06-CENSUS-0000089609,GSA_MIGRATION,2020,2021-03-22,592357609
2020-06-CENSUS-0000089609,GSA_MIGRATION,2020,2021-03-22,471324600
2020-06-CENSUS-0000171453,GSA_MIGRATION,2020,2021-01-23,626000266
2020-06-CENSUS-0000171453,GSA_MIGRATION,2020,2021-01-23,626000450
2020-06-CENSUS-0000176112,GSA_MIGRATION,2020,2021-09-06,541573882
2020-06-CENSUS-0000176112,GSA_MIGRATION,2020,2021-09-06,541215131
2020-06-CENSUS-0000176112,GSA_MIGRATION,2020,2021-09-06,541222073
2020-06-CENSUS-0000176112,GSA_MIGRATION,2020,2021-09-06,546001599
2020-06-CENSUS-0000176112,GSA_MIGRATION,2020,2021-09-06,546001596
2020-06-CENSUS-0000247699,GSA_MIGRATION,2020,2021-09-29,911858433
2020-06-CENSUS-0000247699,GSA_MIGRATION,2020,2021-09-29,204305186
2020-06-CENSUS-0000247699,GSA_MIGRATION,2020,2021-09-29,470785575
2020-12-CENSUS-0000216998,GSA_MIGRATION,2020,2021-09-28,911912227
2020-12-CENSUS-0000216998,GSA_MIGRATION,2020,2021-09-28,522112952
2020-12-CENSUS-0000216998,GSA_MIGRATION,2020,2021-09-28,522170291
2020-12-CENSUS-0000216998,GSA_MIGRATION,2020,2021-09-28,522112955
2020-12-CENSUS-0000216998,GSA_MIGRATION,2020,2021-09-28,522029519
2020-12-CENSUS-0000216998,GSA_MIGRATION,2020,2021-09-28,710906529
2020-12-CENSUS-0000216998,GSA_MIGRATION,2020,2021-09-28,522112958
2020-12-CENSUS-0000216998,GSA_MIGRATION,2020,2021-09-28,522060624
2020-12-CENSUS-0000216998,GSA_MIGRATION,2020,2021-09-28,900518838
2020-12-CENSUS-0000216998,GSA_MIGRATION,2020,2021-09-28,522112953
2020-12-CENSUS-0000216998,GSA_MIGRATION,2020,2021-09-28,464881735
2020-12-CENSUS-0000216998,GSA_MIGRATION,2020,2021-09-28,520812002
2020-06-CENSUS-0000176294,GSA_MIGRATION,2020,2021-01-04,541025805
2020-06-CENSUS-0000190342,GSA_MIGRATION,2020,2021-01-10,061072227
2020-06-CENSUS-0000176037,GSA_MIGRATION,2020,2021-06-23,541585719
2020-06-CENSUS-0000176037,GSA_MIGRATION,2020,2021-06-23,546001133
2020-12-CENSUS-0000237120,GSA_MIGRATION,2020,2021-11-23,233400323
2020-09-CENSUS-0000250987,GSA_MIGRATION,2020,2021-08-25,562072002
2020-09-CENSUS-0000250987,GSA_MIGRATION,2020,2021-08-25,562101090
2020-09-CENSUS-0000250987,GSA_MIGRATION,2020,2021-08-25,562093700
2020-09-CENSUS-0000250987,GSA_MIGRATION,2020,2021-08-25,562003393
2020-09-CENSUS-0000250987,GSA_MIGRATION,2020,2021-08-25,560585243
2020-09-CENSUS-0000250987,GSA_MIGRATION,2020,2021-08-25,562112733
2020-09-CENSUS-0000250987,GSA_MIGRATION,2020,2021-08-25,566011594
2020-09-CENSUS-0000250987,GSA_MIGRATION,2020,2021-08-25,560989789
2020-09-CENSUS-0000250987,GSA_MIGRATION,2020,2021-08-25,452436270
2020-09-CENSUS-0000250987,GSA_MIGRATION,2020,2021-08-25,561949493
2020-09-CENSUS-0000250987,GSA_MIGRATION,2020,2021-08-25,561396133
2020-09-CENSUS-0000250987,GSA_MIGRATION,2020,2021-08-25,383740839
2020-09-CENSUS-0000250987,GSA_MIGRATION,2020,2021-08-25,262558314
2020-09-CENSUS-0000250987,GSA_MIGRATION,2020,2021-08-25,561925492
2020-06-CENSUS-0000176096,GSA_MIGRATION,2020,2021-06-23,546001489
2020-12-CENSUS-0000042275,GSA_MIGRATION,2020,2021-12-21,341575266
2020-08-CENSUS-0000008907,GSA_MIGRATION,2020,2021-11-29,112547234
2020-08-CENSUS-0000008907,GSA_MIGRATION,2020,2021-11-29,113057583
2020-10-CENSUS-0000116122,GSA_MIGRATION,2020,2021-06-28,465634763
2020-06-CENSUS-0000176057,GSA_MIGRATION,2020,2021-09-29,546001263
2020-06-CENSUS-0000176057,GSA_MIGRATION,2020,2021-09-29,546001265
2020-12-CENSUS-0000109528,GSA_MIGRATION,2020,2021-04-07,841199894
2020-12-CENSUS-0000109528,GSA_MIGRATION,2020,2021-04-07,841332647
2020-09-CENSUS-0000175012,GSA_MIGRATION,2020,2021-09-29,621795688
2020-06-CENSUS-0000208059,GSA_MIGRATION,2020,2021-03-21,454459342
2020-06-CENSUS-0000208059,GSA_MIGRATION,2020,2021-03-21,273702109
2020-06-CENSUS-0000208059,GSA_MIGRATION,2020,2021-03-21,251903653
2020-06-CENSUS-0000208059,GSA_MIGRATION,2020,2021-03-21,821407195
2020-06-CENSUS-0000208059,GSA_MIGRATION,2020,2021-03-21,453078964
2020-06-CENSUS-0000208059,GSA_MIGRATION,2020,2021-03-21,202080016
2020-06-CENSUS-0000208059,GSA_MIGRATION,2020,2021-03-21,270359330
2020-06-CENSUS-0000208059,GSA_MIGRATION,2020,2021-03-21,271525476
2020-06-CENSUS-0000208059,GSA_MIGRATION,2020,2021-03-21,463064136
2020-06-CENSUS-0000208059,GSA_MIGRATION,2020,2021-03-21,237410605
2020-06-CENSUS-0000208059,GSA_MIGRATION,2020,2021-03-21,272663742
2020-06-CENSUS-0000208059,GSA_MIGRATION,2020,2021-03-21,273702165
2020-06-CENSUS-0000208059,GSA_MIGRATION,2020,2021-03-21,273984627
2020-06-CENSUS-0000208059,GSA_MIGRATION,2020,2021-03-21,311508554
2020-06-CENSUS-0000208059,GSA_MIGRATION,2020,2021-03-21,371440598
2020-06-CENSUS-0000208059,GSA_MIGRATION,2020,2021-03-21,453078333
2020-06-CENSUS-0000208059,GSA_MIGRATION,2020,2021-03-21,453079184
2020-06-CENSUS-0000208059,GSA_MIGRATION,2020,2021-03-21,463013004
2020-06-CENSUS-0000208059,GSA_MIGRATION,2020,2021-03-21,591627141
2020-06-CENSUS-0000208059,GSA_MIGRATION,2020,2021-03-21,860968493
2020-06-CENSUS-0000208059,GSA_MIGRATION,2020,2021-03-21,942778981
2020-06-CENSUS-0000152737,GSA_MIGRATION,2020,2021-05-18,431641443
2020-06-CENSUS-0000028988,GSA_MIGRATION,2020,2021-09-29,112307925
2020-06-CENSUS-0000196935,GSA_MIGRATION,2020,2021-03-29,941279807
2020-06-CENSUS-0000196935,GSA_MIGRATION,2020,2021-03-29,542064728
2020-06-CENSUS-0000196935,GSA_MIGRATION,2020,2021-03-29,880272955
2020-06-CENSUS-0000003453,GSA_MIGRATION,2020,2021-03-29,275173077
2020-06-CENSUS-0000135797,GSA_MIGRATION,2020,2021-02-24,066001598
2020-06-CENSUS-0000025526,GSA_MIGRATION,2020,2021-09-29,231476328
2020-06-CENSUS-0000025526,GSA_MIGRATION,2020,2021-09-29,461420853
2020-06-CENSUS-0000025526,GSA_MIGRATION,2020,2021-09-29,800550282
2020-06-CENSUS-0000025526,GSA_MIGRATION,2020,2021-09-29,231352152
2020-06-CENSUS-0000025526,GSA_MIGRATION,2020,2021-09-29,232829095
2020-06-CENSUS-0000025526,GSA_MIGRATION,2020,2021-09-29,230596940
2020-06-CENSUS-0000025526,GSA_MIGRATION,2020,2021-09-29,231352294
2020-06-CENSUS-0000025526,GSA_MIGRATION,2020,2021-09-29,221773439
2020-06-CENSUS-0000171365,GSA_MIGRATION,2020,2021-01-12,626000503
2020-09-CENSUS-0000136109,GSA_MIGRATION,2020,2021-05-18,596000696
2020-09-CENSUS-0000136109,GSA_MIGRATION,2020,2021-05-18,596000698
2020-12-CENSUS-0000128718,GSA_MIGRATION,2020,2021-06-14,311688873
2020-12-CENSUS-0000128718,GSA_MIGRATION,2020,2021-06-14,311688648
2020-06-CENSUS-0000007022,GSA_MIGRATION,2020,2021-09-29,060942210
2020-08-CENSUS-0000051491,GSA_MIGRATION,2020,2021-07-07,363310838
2020-12-CENSUS-0000055866,GSA_MIGRATION,2020,2021-12-02,271762698
2020-09-CENSUS-0000000085,GSA_MIGRATION,2020,2021-08-29,010459837
2020-09-CENSUS-0000000085,GSA_MIGRATION,2020,2021-08-29,010227195
2020-09-CENSUS-0000000085,GSA_MIGRATION,2020,2021-08-29,043441666
2020-09-CENSUS-0000000085,GSA_MIGRATION,2020,2021-08-29,010217211
2020-09-CENSUS-0000000085,GSA_MIGRATION,2020,2021-08-29,010372148
2020-09-CENSUS-0000000085,GSA_MIGRATION,2020,2021-08-29,010263628
2020-09-CENSUS-0000000085,GSA_MIGRATION,2020,2021-08-29,010198331
2020-09-CENSUS-0000000085,GSA_MIGRATION,2020,2021-08-29,010211501
2020-09-CENSUS-0000000085,GSA_MIGRATION,2020,2021-08-29,223183888
2020-09-CENSUS-0000000085,GSA_MIGRATION,2020,2021-08-29,010211534
2020-09-CENSUS-0000000085,GSA_MIGRATION,2020,2021-08-29,843689003
2020-06-CENSUS-0000230327,GSA_MIGRATION,2020,2021-07-04,621605071
2020-06-CENSUS-0000230327,GSA_MIGRATION,2020,2021-07-04,621590713
2020-12-CENSUS-0000121827,GSA_MIGRATION,2020,2021-07-11,824218470
2020-06-CENSUS-0000049268,GSA_MIGRATION,2020,2021-01-06,237128924
2020-06-CENSUS-0000049268,GSA_MIGRATION,2020,2021-01-06,363820903
2020-06-CENSUS-0000049268,GSA_MIGRATION,2020,2021-01-06,364063660
2020-06-CENSUS-0000049268,GSA_MIGRATION,2020,2021-01-06,760431133
2020-06-CENSUS-0000049268,GSA_MIGRATION,2020,2021-01-06,941572781
2020-06-CENSUS-0000231802,GSA_MIGRATION,2020,2021-01-06,270795565
2020-06-CENSUS-0000231802,GSA_MIGRATION,2020,2021-01-06,270408957
2020-06-CENSUS-0000231802,GSA_MIGRATION,2020,2021-01-06,480770308
2020-06-CENSUS-0000231802,GSA_MIGRATION,2020,2021-01-06,311770280
2020-06-CENSUS-0000018565,GSA_MIGRATION,2020,2021-09-29,160743037
2020-06-CENSUS-0000018565,GSA_MIGRATION,2020,2021-09-29,160743979
2020-06-CENSUS-0000018565,GSA_MIGRATION,2020,2021-09-29,222807681
2020-06-CENSUS-0000018565,GSA_MIGRATION,2020,2021-09-29,160743024
2020-06-CENSUS-0000018565,GSA_MIGRATION,2020,2021-09-29,160743215
2020-06-CENSUS-0000018565,GSA_MIGRATION,2020,2021-09-29,160743310
2020-06-CENSUS-0000018565,GSA_MIGRATION,2020,2021-09-29,825091873
2020-12-CENSUS-0000185397,GSA_MIGRATION,2020,2021-12-07,371523033
2020-12-CENSUS-0000185397,GSA_MIGRATION,2020,2021-12-07,475162437
2020-12-CENSUS-0000185397,GSA_MIGRATION,2020,2021-12-07,391759242
2020-12-CENSUS-0000224269,GSA_MIGRATION,2020,2021-05-18,020655254
2020-12-CENSUS-0000224269,GSA_MIGRATION,2020,2021-05-18,043624359
2020-12-CENSUS-0000224269,GSA_MIGRATION,2020,2021-05-18,134224803
2020-12-CENSUS-0000224269,GSA_MIGRATION,2020,2021-05-18,141866405
2020-12-CENSUS-0000224269,GSA_MIGRATION,2020,2021-05-18,201583332
2020-12-CENSUS-0000224269,GSA_MIGRATION,2020,2021-05-18,201910771
2020-12-CENSUS-0000224269,GSA_MIGRATION,2020,2021-05-18,204295472
2020-12-CENSUS-0000224269,GSA_MIGRATION,2020,2021-05-18,237200039
2020-12-CENSUS-0000224269,GSA_MIGRATION,2020,2021-05-18,264723017
2020-12-CENSUS-0000224269,GSA_MIGRATION,2020,2021-05-18,273400284
2020-12-CENSUS-0000224269,GSA_MIGRATION,2020,2021-05-18,300117515
2020-12-CENSUS-0000224269,GSA_MIGRATION,2020,2021-05-18,300410639
2020-12-CENSUS-0000224269,GSA_MIGRATION,2020,2021-05-18,311052772
2020-12-CENSUS-0000224269,GSA_MIGRATION,2020,2021-05-18,311411529
2020-12-CENSUS-0000224269,GSA_MIGRATION,2020,2021-05-18,311411531
2020-12-CENSUS-0000224269,GSA_MIGRATION,2020,2021-05-18,311548500
2020-12-CENSUS-0000224269,GSA_MIGRATION,2020,2021-05-18,311548512
2020-12-CENSUS-0000224269,GSA_MIGRATION,2020,2021-05-18,311591780
2020-12-CENSUS-0000224269,GSA_MIGRATION,2020,2021-05-18,311723287
2020-12-CENSUS-0000224269,GSA_MIGRATION,2020,2021-05-18,320084370
2020-12-CENSUS-0000224269,GSA_MIGRATION,2020,2021-05-18,330809069
2020-12-CENSUS-0000224269,GSA_MIGRATION,2020,2021-05-18,330998451
2020-12-CENSUS-0000224269,GSA_MIGRATION,2020,2021-05-18,341399869
2020-12-CENSUS-0000224269,GSA_MIGRATION,2020,2021-05-18,341552671
2020-12-CENSUS-0000224269,GSA_MIGRATION,2020,2021-05-18,341714407
2020-12-CENSUS-0000224269,GSA_MIGRATION,2020,2021-05-18,362750105
2020-12-CENSUS-0000224269,GSA_MIGRATION,2020,2021-05-18,363453183
2020-12-CENSUS-0000224269,GSA_MIGRATION,2020,2021-05-18,363767250
2020-12-CENSUS-0000224269,GSA_MIGRATION,2020,2021-05-18,363914084
2020-12-CENSUS-0000224269,GSA_MIGRATION,2020,2021-05-18,363942336
2020-12-CENSUS-0000224269,GSA_MIGRATION,2020,2021-05-18,363957850
2020-12-CENSUS-0000224269,GSA_MIGRATION,2020,2021-05-18,364039278
2020-12-CENSUS-0000224269,GSA_MIGRATION,2020,2021-05-18,364049150
2020-12-CENSUS-0000224269,GSA_MIGRATION,2020,2021-05-18,364535351
2020-12-CENSUS-0000224269,GSA_MIGRATION,2020,2021-05-18,371068780
2020-12-CENSUS-0000224269,GSA_MIGRATION,2020,2021-05-18,371459692
2020-12-CENSUS-0000224269,GSA_MIGRATION,2020,2021-05-18,390857537
2020-12-CENSUS-0000224269,GSA_MIGRATION,2020,2021-05-18,391515867
2020-12-CENSUS-0000224269,GSA_MIGRATION,2020,2021-05-18,391771526
2020-12-CENSUS-0000224269,GSA_MIGRATION,2020,2021-05-18,391814815
2020-12-CENSUS-0000224269,GSA_MIGRATION,2020,2021-05-18,470772351
2020-12-CENSUS-0000224269,GSA_MIGRATION,2020,2021-05-18,470924267
2020-12-CENSUS-0000224269,GSA_MIGRATION,2020,2021-05-18,475177987
2020-12-CENSUS-0000224269,GSA_MIGRATION,2020,2021-05-18,475178092
2020-12-CENSUS-0000224269,GSA_MIGRATION,2020,2021-05-18,475178185
2020-12-CENSUS-0000224269,GSA_MIGRATION,2020,2021-05-18,475189624
2020-12-CENSUS-0000224269,GSA_MIGRATION,2020,2021-05-18,475190275
2020-12-CENSUS-0000224269,GSA_MIGRATION,2020,2021-05-18,475202983
2020-12-CENSUS-0000224269,GSA_MIGRATION,2020,2021-05-18,475203278
2020-12-CENSUS-0000224269,GSA_MIGRATION,2020,2021-05-18,475216971
2020-12-CENSUS-0000224269,GSA_MIGRATION,2020,2021-05-18,475217175
2020-12-CENSUS-0000224269,GSA_MIGRATION,2020,2021-05-18,475217326
2020-12-CENSUS-0000224269,GSA_MIGRATION,2020,2021-05-18,475227048
2019-09-CENSUS-0000110940,GSA_MIGRATION,2019,2021-10-28,850252748
2019-09-CENSUS-0000110940,GSA_MIGRATION,2019,2021-10-28,742894023
2019-06-CENSUS-0000196079,GSA_MIGRATION,2019,2021-01-03,203403700
2019-06-CENSUS-0000196079,GSA_MIGRATION,2019,2021-01-03,860262489
2020-06-CENSUS-0000192442,GSA_MIGRATION,2020,2021-06-22,546001460
2019-12-CENSUS-0000244982,GSA_MIGRATION,2019,2021-01-13,043490920
2019-12-CENSUS-0000244982,GSA_MIGRATION,2019,2021-01-13,200169966
2019-12-CENSUS-0000182189,GSA_MIGRATION,2019,2021-03-25,731221559
2020-06-CENSUS-0000146188,GSA_MIGRATION,2020,2021-07-11,616009470
2020-06-CENSUS-0000166795,GSA_MIGRATION,2020,2021-03-28,251854772
2019-09-CENSUS-0000147704,GSA_MIGRATION,2019,2021-05-10,010449625
2020-06-CENSUS-0000176287,GSA_MIGRATION,2020,2021-04-20,541942228
2020-06-CENSUS-0000166791,GSA_MIGRATION,2020,2021-03-18,231713677
2020-06-CENSUS-0000166791,GSA_MIGRATION,2020,2021-03-18,232086937
2020-06-CENSUS-0000166791,GSA_MIGRATION,2020,2021-03-18,232160277
2020-06-CENSUS-0000166791,GSA_MIGRATION,2020,2021-03-18,232632825
2020-06-CENSUS-0000166791,GSA_MIGRATION,2020,2021-03-18,233098959
2020-06-CENSUS-0000166791,GSA_MIGRATION,2020,2021-03-18,236002830
2020-06-CENSUS-0000166791,GSA_MIGRATION,2020,2021-03-18,236002831
2020-06-CENSUS-0000166791,GSA_MIGRATION,2020,2021-03-18,236003016
2020-06-CENSUS-0000166791,GSA_MIGRATION,2020,2021-03-18,236003017
2020-06-CENSUS-0000166791,GSA_MIGRATION,2020,2021-03-18,236003060
2020-06-CENSUS-0000166791,GSA_MIGRATION,2020,2021-03-18,236003062
2020-06-CENSUS-0000166791,GSA_MIGRATION,2020,2021-03-18,236003099
2020-06-CENSUS-0000166791,GSA_MIGRATION,2020,2021-03-18,236003104
2020-06-CENSUS-0000166791,GSA_MIGRATION,2020,2021-03-18,236003105
2020-06-CENSUS-0000166791,GSA_MIGRATION,2020,2021-03-18,236003107
2020-06-CENSUS-0000166791,GSA_MIGRATION,2020,2021-03-18,236003112
2020-06-CENSUS-0000166791,GSA_MIGRATION,2020,2021-03-18,236003219
2020-06-CENSUS-0000166791,GSA_MIGRATION,2020,2021-03-18,236003240
2020-06-CENSUS-0000166791,GSA_MIGRATION,2020,2021-03-18,236005039
2020-06-CENSUS-0000166791,GSA_MIGRATION,2020,2021-03-18,251671669
2020-06-CENSUS-0000166791,GSA_MIGRATION,2020,2021-03-18,251723543
2020-06-CENSUS-0000166791,GSA_MIGRATION,2020,2021-03-18,251773197
2020-06-CENSUS-0000166791,GSA_MIGRATION,2020,2021-03-18,251898690
2020-06-CENSUS-0000166791,GSA_MIGRATION,2020,2021-03-18,251901045
2020-06-CENSUS-0000166791,GSA_MIGRATION,2020,2021-03-18,270060517
2020-06-CENSUS-0000166791,GSA_MIGRATION,2020,2021-03-18,236003113
2020-06-CENSUS-0000166791,GSA_MIGRATION,2020,2021-03-18,800849780
2020-06-CENSUS-0000166791,GSA_MIGRATION,2020,2021-03-18,236003102
2020-06-CENSUS-0000166791,GSA_MIGRATION,2020,2021-03-18,236003058
2020-06-CENSUS-0000166791,GSA_MIGRATION,2020,2021-03-18,236003029
2020-06-CENSUS-0000166791,GSA_MIGRATION,2020,2021-03-18,236003018
2020-06-CENSUS-0000166791,GSA_MIGRATION,2020,2021-03-18,236003115
2020-06-CENSUS-0000166791,GSA_MIGRATION,2020,2021-03-18,251580842
2020-06-CENSUS-0000166791,GSA_MIGRATION,2020,2021-03-18,232172300
2020-06-CENSUS-0000166791,GSA_MIGRATION,2020,2021-03-18,251644382
2020-06-CENSUS-0000166791,GSA_MIGRATION,2020,2021-03-18,251900008
2020-12-CENSUS-0000190106,GSA_MIGRATION,2020,2021-06-23,382790595
2020-06-CENSUS-0000176110,GSA_MIGRATION,2020,2021-03-21,546001584
2020-06-CENSUS-0000202741,GSA_MIGRATION,2020,2021-05-24,134092709
2020-06-CENSUS-0000202741,GSA_MIGRATION,2020,2021-05-24,271546992
2020-06-CENSUS-0000202741,GSA_MIGRATION,2020,2021-05-24,112430783
2020-06-CENSUS-0000202741,GSA_MIGRATION,2020,2021-05-24,113598430
2020-06-CENSUS-0000202741,GSA_MIGRATION,2020,2021-05-24,271388160
2020-12-CENSUS-0000018066,GSA_MIGRATION,2020,2021-09-11,161170407
2020-12-CENSUS-0000018066,GSA_MIGRATION,2020,2021-09-11,301042726
2020-12-CENSUS-0000018066,GSA_MIGRATION,2020,2021-09-11,160986741
2020-12-CENSUS-0000018066,GSA_MIGRATION,2020,2021-09-11,822854737
2020-12-CENSUS-0000018066,GSA_MIGRATION,2020,2021-09-11,161075281
2020-12-CENSUS-0000018066,GSA_MIGRATION,2020,2021-09-11,160991717
2020-12-CENSUS-0000018066,GSA_MIGRATION,2020,2021-09-11,237013819
2020-12-CENSUS-0000018066,GSA_MIGRATION,2020,2021-09-11,320558132
2020-12-CENSUS-0000018066,GSA_MIGRATION,2020,2021-09-11,161307983
2020-12-CENSUS-0000237919,GSA_MIGRATION,2020,2021-09-30,821176594
2020-12-CENSUS-0000237919,GSA_MIGRATION,2020,2021-09-30,364739436
2020-12-CENSUS-0000237919,GSA_MIGRATION,2020,2021-09-30,223389093
2020-06-CENSUS-0000190831,GSA_MIGRATION,2020,2021-04-26,546001227
2020-12-CENSUS-0000042316,GSA_MIGRATION,2020,2021-05-11,262155447
2020-12-CENSUS-0000042316,GSA_MIGRATION,2020,2021-05-11,471749435
2020-12-CENSUS-0000042316,GSA_MIGRATION,2020,2021-05-11,341951915
2020-12-CENSUS-0000042316,GSA_MIGRATION,2020,2021-05-11,264430804
2020-12-CENSUS-0000042316,GSA_MIGRATION,2020,2021-05-11,341752943
2019-09-CENSUS-0000243305,GSA_MIGRATION,2019,2021-12-19,066068853
2019-09-CENSUS-0000243305,GSA_MIGRATION,2019,2021-12-19,061137531
2019-09-CENSUS-0000243305,GSA_MIGRATION,2019,2021-12-19,060655138
2019-09-CENSUS-0000243305,GSA_MIGRATION,2019,2021-12-19,060669121
2019-09-CENSUS-0000243305,GSA_MIGRATION,2019,2021-12-19,060646597
2019-12-CENSUS-0000234600,GSA_MIGRATION,2019,2021-12-12,431329201
2019-12-CENSUS-0000234600,GSA_MIGRATION,2019,2021-12-12,431834356
2019-12-CENSUS-0000187226,GSA_MIGRATION,2019,2021-06-20,942814436
2019-12-CENSUS-0000187226,GSA_MIGRATION,2019,2021-06-20,942652764
2019-06-CENSUS-0000028988,GSA_MIGRATION,2019,2021-03-22,112307925
2021-06-CENSUS-0000171360,GSA_MIGRATION,2021,2021-12-09,626000475
2021-06-CENSUS-0000171360,GSA_MIGRATION,2021,2021-12-09,626000473
2021-06-CENSUS-0000171360,GSA_MIGRATION,2021,2021-12-09,626000479
2021-06-CENSUS-0000171360,GSA_MIGRATION,2021,2021-12-09,626000474
2019-06-CENSUS-0000202405,GSA_MIGRATION,2019,2021-12-19,660433481
2019-09-CENSUS-0000189911,GSA_MIGRATION,2019,2021-01-11,362604009
2019-09-CENSUS-0000189911,GSA_MIGRATION,2019,2021-01-11,362167864
2019-09-CENSUS-0000189911,GSA_MIGRATION,2019,2021-01-11,370662570
2019-09-CENSUS-0000189911,GSA_MIGRATION,2019,2021-01-11,370662576
2019-09-CENSUS-0000189911,GSA_MIGRATION,2019,2021-01-11,370662569
2019-09-CENSUS-0000189911,GSA_MIGRATION,2019,2021-01-11,370662581
2019-09-CENSUS-0000189911,GSA_MIGRATION,2019,2021-01-11,383852646
2019-09-CENSUS-0000189911,GSA_MIGRATION,2019,2021-01-11,363484677
2019-09-CENSUS-0000189911,GSA_MIGRATION,2019,2021-01-11,381359528
2019-09-CENSUS-0000094810,GSA_MIGRATION,2019,2021-01-12,581893454
2019-09-CENSUS-0000094810,GSA_MIGRATION,2019,2021-01-12,631130297
2019-09-CENSUS-0000094810,GSA_MIGRATION,2019,2021-01-12,631130298
2019-09-CENSUS-0000094810,GSA_MIGRATION,2019,2021-01-12,631130295
2019-09-CENSUS-0000094810,GSA_MIGRATION,2019,2021-01-12,630955728
2019-09-CENSUS-0000094810,GSA_MIGRATION,2019,2021-01-12,630909477
2019-09-CENSUS-0000094810,GSA_MIGRATION,2019,2021-01-12,631130299
2019-06-CENSUS-0000176085,GSA_MIGRATION,2019,2021-02-05,546001408
2019-06-CENSUS-0000176085,GSA_MIGRATION,2019,2021-02-05,546001410
2019-12-CENSUS-0000237241,GSA_MIGRATION,2019,2021-03-31,843912985
2021-06-CENSUS-0000197439,GSA_MIGRATION,2021,2021-12-29,541208368
2021-06-CENSUS-0000197439,GSA_MIGRATION,2021,2021-12-29,546001348
2021-06-CENSUS-0000240224,GSA_MIGRATION,2021,2021-11-22,464918535
2021-06-CENSUS-0000240224,GSA_MIGRATION,2021,2021-11-22,204761182
2021-06-CENSUS-0000240224,GSA_MIGRATION,2021,2021-11-22,824674349
2020-06-CENSUS-0000197431,GSA_MIGRATION,2020,2021-08-17,475568212
2020-06-CENSUS-0000197431,GSA_MIGRATION,2020,2021-08-17,814003412
2019-06-CENSUS-0000070117,GSA_MIGRATION,2019,2021-03-11,481030088
2019-06-CENSUS-0000070117,GSA_MIGRATION,2019,2021-03-11,842043415
2019-06-CENSUS-0000070117,GSA_MIGRATION,2019,2021-03-11,452542345
2019-06-CENSUS-0000070117,GSA_MIGRATION,2019,2021-03-11,275436003
2019-06-CENSUS-0000070117,GSA_MIGRATION,2019,2021-03-11,481030086
2019-06-CENSUS-0000070117,GSA_MIGRATION,2019,2021-03-11,481030087
2019-06-CENSUS-0000197431,GSA_MIGRATION,2019,2021-08-19,475568212
2019-06-CENSUS-0000197431,GSA_MIGRATION,2019,2021-08-19,814003412
2020-09-CENSUS-0000246812,GSA_MIGRATION,2020,2021-06-17,621509127
2020-09-CENSUS-0000246812,GSA_MIGRATION,2020,2021-06-17,621534210
2020-09-CENSUS-0000246812,GSA_MIGRATION,2020,2021-06-17,621538114
2020-09-CENSUS-0000246812,GSA_MIGRATION,2020,2021-06-17,621545731
2020-09-CENSUS-0000246812,GSA_MIGRATION,2020,2021-06-17,621559853
2020-09-CENSUS-0000246812,GSA_MIGRATION,2020,2021-06-17,622226605
2019-12-CENSUS-0000030815,GSA_MIGRATION,2019,2021-02-18,465537350
2019-06-CENSUS-0000027705,GSA_MIGRATION,2019,2021-01-07,232965144
2020-09-CENSUS-0000136421,GSA_MIGRATION,2020,2021-06-29,591170032
2021-06-CENSUS-0000231800,GSA_MIGRATION,2021,2021-12-05,272392631
2021-06-CENSUS-0000231800,GSA_MIGRATION,2021,2021-12-05,463928436
2021-06-CENSUS-0000231800,GSA_MIGRATION,2021,2021-12-05,815024343
2021-06-CENSUS-0000231800,GSA_MIGRATION,2021,2021-12-05,510459770
2021-06-CENSUS-0000231800,GSA_MIGRATION,2021,2021-12-05,862317809
2021-06-CENSUS-0000070347,GSA_MIGRATION,2021,2021-11-16,481087628
2021-06-CENSUS-0000070347,GSA_MIGRATION,2021,2021-11-16,481087627
2020-09-CENSUS-0000246812,GSA_MIGRATION,2020,2021-06-17,630997281
2020-09-CENSUS-0000246812,GSA_MIGRATION,2020,2021-06-17,640663760
2020-09-CENSUS-0000246812,GSA_MIGRATION,2020,2021-06-17,640682111
2020-09-CENSUS-0000246812,GSA_MIGRATION,2020,2021-06-17,640772726
2020-09-CENSUS-0000246812,GSA_MIGRATION,2020,2021-06-17,710850123
2020-09-CENSUS-0000246812,GSA_MIGRATION,2020,2021-06-17,813257997
2020-09-CENSUS-0000246812,GSA_MIGRATION,2020,2021-06-17,813655778
2020-06-CENSUS-0000079119,GSA_MIGRATION,2020,2021-03-04,311459170
2020-06-CENSUS-0000079119,GSA_MIGRATION,2020,2021-03-04,541714395
2020-06-CENSUS-0000088731,GSA_MIGRATION,2020,2021-01-06,475550256
2020-12-CENSUS-0000097261,GSA_MIGRATION,2020,2021-08-01,463207999
2020-12-CENSUS-0000097261,GSA_MIGRATION,2020,2021-08-01,815371499
2020-12-CENSUS-0000097261,GSA_MIGRATION,2020,2021-08-01,800946023
2020-12-CENSUS-0000038025,GSA_MIGRATION,2020,2021-12-16,310886949
2020-12-CENSUS-0000038025,GSA_MIGRATION,2020,2021-12-16,311175717
2020-12-CENSUS-0000038025,GSA_MIGRATION,2020,2021-12-16,310536662
2020-12-CENSUS-0000038025,GSA_MIGRATION,2020,2021-12-16,310564121
2020-12-CENSUS-0000038025,GSA_MIGRATION,2020,2021-12-16,310809436
2020-12-CENSUS-0000038025,GSA_MIGRATION,2020,2021-12-16,270712680
2020-12-CENSUS-0000038025,GSA_MIGRATION,2020,2021-12-16,311078381
2018-09-CENSUS-0000195146,GSA_MIGRATION,2018,2021-06-13,232998893
2020-09-CENSUS-0000251833,GSA_MIGRATION,2020,2021-12-22,042103881
2020-09-CENSUS-0000251833,GSA_MIGRATION,2020,2021-12-22,042704683
2020-09-CENSUS-0000251833,GSA_MIGRATION,2020,2021-12-22,042103606
2020-09-CENSUS-0000251833,GSA_MIGRATION,2020,2021-12-22,222667354
2020-09-CENSUS-0000251833,GSA_MIGRATION,2020,2021-12-22,042777145
2020-12-CENSUS-0000208141,GSA_MIGRATION,2020,2021-04-20,710932560
2020-12-CENSUS-0000208141,GSA_MIGRATION,2020,2021-04-20,834334037
2018-06-CENSUS-0000197431,GSA_MIGRATION,2018,2021-08-26,475568212
2018-06-CENSUS-0000197431,GSA_MIGRATION,2018,2021-08-26,814003412
2017-06-CENSUS-0000176270,GSA_MIGRATION,2017,2021-08-15,546001358
2020-12-CENSUS-0000025562,GSA_MIGRATION,2020,2021-12-05,232744765
2020-12-CENSUS-0000025562,GSA_MIGRATION,2020,2021-12-05,232654910
2020-12-CENSUS-0000025562,GSA_MIGRATION,2020,2021-12-05,522360561
2020-12-CENSUS-0000025562,GSA_MIGRATION,2020,2021-12-05,232654908
2020-12-CENSUS-0000025562,GSA_MIGRATION,2020,2021-12-05,342021326
2020-12-CENSUS-0000025562,GSA_MIGRATION,2020,2021-12-05,200017440
2020-09-CENSUS-0000230355,GSA_MIGRATION,2020,2021-04-19,161592994
2020-09-CENSUS-0000230355,GSA_MIGRATION,2020,2021-04-19,223144721
2020-09-CENSUS-0000230355,GSA_MIGRATION,2020,2021-04-19,161419634
2020-09-CENSUS-0000230355,GSA_MIGRATION,2020,2021-04-19,161388682
2020-09-CENSUS-0000230355,GSA_MIGRATION,2020,2021-04-19,161442543
2020-09-CENSUS-0000230355,GSA_MIGRATION,2020,2021-04-19,251653975
2020-09-CENSUS-0000230355,GSA_MIGRATION,2020,2021-04-19,161501984
2020-09-CENSUS-0000230355,GSA_MIGRATION,2020,2021-04-19,161534956
2020-09-CENSUS-0000230355,GSA_MIGRATION,2020,2021-04-19,161598837
2020-09-CENSUS-0000230355,GSA_MIGRATION,2020,2021-04-19,270039310
2020-09-CENSUS-0000230355,GSA_MIGRATION,2020,2021-04-19,161183242
2020-09-CENSUS-0000230355,GSA_MIGRATION,2020,2021-04-19,223144622
2020-09-CENSUS-0000230355,GSA_MIGRATION,2020,2021-04-19,203946971
2020-09-CENSUS-0000230355,GSA_MIGRATION,2020,2021-04-19,251695904
2020-09-CENSUS-0000230355,GSA_MIGRATION,2020,2021-04-19,020533102
2020-09-CENSUS-0000230355,GSA_MIGRATION,2020,2021-04-19,134215024
2020-09-CENSUS-0000230355,GSA_MIGRATION,2020,2021-04-19,205566908
2020-09-CENSUS-0000230355,GSA_MIGRATION,2020,2021-04-19,161592991
2020-09-CENSUS-0000230355,GSA_MIGRATION,2020,2021-04-19,161240013
2020-09-CENSUS-0000230355,GSA_MIGRATION,2020,2021-04-19,030485949
2020-09-CENSUS-0000230355,GSA_MIGRATION,2020,2021-04-19,262373989
2020-09-CENSUS-0000230355,GSA_MIGRATION,2020,2021-04-19,273685642
2020-09-CENSUS-0000230355,GSA_MIGRATION,2020,2021-04-19,134220309
2020-09-CENSUS-0000230355,GSA_MIGRATION,2020,2021-04-19,352182907
2020-09-CENSUS-0000230355,GSA_MIGRATION,2020,2021-04-19,660788645
2020-09-CENSUS-0000230355,GSA_MIGRATION,2020,2021-04-19,300743446
2020-09-CENSUS-0000230355,GSA_MIGRATION,2020,2021-04-19,161265765
2020-09-CENSUS-0000230355,GSA_MIGRATION,2020,2021-04-19,161386456
2020-09-CENSUS-0000230355,GSA_MIGRATION,2020,2021-04-19,161544146
2020-09-CENSUS-0000230355,GSA_MIGRATION,2020,2021-04-19,161520376
2020-09-CENSUS-0000230355,GSA_MIGRATION,2020,2021-04-19,752975886
2020-09-CENSUS-0000230355,GSA_MIGRATION,2020,2021-04-19,752975899
2020-09-CENSUS-0000230355,GSA_MIGRATION,2020,2021-04-19,166498924
2020-09-CENSUS-0000230355,GSA_MIGRATION,2020,2021-04-19,061716252
2020-09-CENSUS-0000230355,GSA_MIGRATION,2020,2021-04-19,043812069
2020-09-CENSUS-0000230355,GSA_MIGRATION,2020,2021-04-19,412124095
2020-09-CENSUS-0000230355,GSA_MIGRATION,2020,2021-04-19,203574586
2020-09-CENSUS-0000230355,GSA_MIGRATION,2020,2021-04-19,204754791
2020-09-CENSUS-0000230355,GSA_MIGRATION,2020,2021-04-19,900347268
2020-09-CENSUS-0000230355,GSA_MIGRATION,2020,2021-04-19,611592249
2020-09-CENSUS-0000230355,GSA_MIGRATION,2020,2021-04-19,271006415
2020-09-CENSUS-0000230355,GSA_MIGRATION,2020,2021-04-19,472752876
2020-09-CENSUS-0000230355,GSA_MIGRATION,2020,2021-04-19,562623875
2020-09-CENSUS-0000230355,GSA_MIGRATION,2020,2021-04-19,464105929
2020-09-CENSUS-0000230355,GSA_MIGRATION,2020,2021-04-19,232754537
2020-09-CENSUS-0000230355,GSA_MIGRATION,2020,2021-04-19,455425869
2020-09-CENSUS-0000230355,GSA_MIGRATION,2020,2021-04-19,222667299
2020-09-CENSUS-0000230355,GSA_MIGRATION,2020,2021-04-19,844394993
2020-09-CENSUS-0000230355,GSA_MIGRATION,2020,2021-04-19,823579645
2020-06-CENSUS-0000242149,GSA_MIGRATION,2020,2021-06-29,364736776
2020-06-CENSUS-0000242149,GSA_MIGRATION,2020,2021-06-29,455385046
2020-12-CENSUS-0000248352,GSA_MIGRATION,2020,2021-08-02,010614595
2020-12-CENSUS-0000248352,GSA_MIGRATION,2020,2021-08-02,010614658
2020-12-CENSUS-0000248352,GSA_MIGRATION,2020,2021-08-02,010686628
2020-12-CENSUS-0000248352,GSA_MIGRATION,2020,2021-08-02,010686637
2020-12-CENSUS-0000248352,GSA_MIGRATION,2020,2021-08-02,010696932
2020-12-CENSUS-0000248352,GSA_MIGRATION,2020,2021-08-02,010722933
2020-12-CENSUS-0000248352,GSA_MIGRATION,2020,2021-08-02,010771019
2020-12-CENSUS-0000248352,GSA_MIGRATION,2020,2021-08-02,020566188
2020-12-CENSUS-0000248352,GSA_MIGRATION,2020,2021-08-02,020566200
2020-12-CENSUS-0000248352,GSA_MIGRATION,2020,2021-08-02,020567004
2020-12-CENSUS-0000248352,GSA_MIGRATION,2020,2021-08-02,020567026
2020-12-CENSUS-0000248352,GSA_MIGRATION,2020,2021-08-02,020567038
2020-12-CENSUS-0000248352,GSA_MIGRATION,2020,2021-08-02,030409581
2020-12-CENSUS-0000248352,GSA_MIGRATION,2020,2021-08-02,030417866
2020-12-CENSUS-0000248352,GSA_MIGRATION,2020,2021-08-02,030476744
2020-12-CENSUS-0000248352,GSA_MIGRATION,2020,2021-08-02,030503127
2020-12-CENSUS-0000248352,GSA_MIGRATION,2020,2021-08-02,040517085
2020-12-CENSUS-0000248352,GSA_MIGRATION,2020,2021-08-02,042324774
2020-12-CENSUS-0000248352,GSA_MIGRATION,2020,2021-08-02,042645087
2020-12-CENSUS-0000248352,GSA_MIGRATION,2020,2021-08-02,042731302
2020-12-CENSUS-0000248352,GSA_MIGRATION,2020,2021-08-02,042915848
2020-12-CENSUS-0000248352,GSA_MIGRATION,2020,2021-08-02,042918739
2020-12-CENSUS-0000248352,GSA_MIGRATION,2020,2021-08-02,042949780
2020-12-CENSUS-0000248352,GSA_MIGRATION,2020,2021-08-02,043013367
2020-12-CENSUS-0000248352,GSA_MIGRATION,2020,2021-08-02,043028836
2020-12-CENSUS-0000248352,GSA_MIGRATION,2020,2021-08-02,043206608
2020-12-CENSUS-0000248352,GSA_MIGRATION,2020,2021-08-02,043216756
2020-12-CENSUS-0000248352,GSA_MIGRATION,2020,2021-08-02,043216757
2020-12-CENSUS-0000248352,GSA_MIGRATION,2020,2021-08-02,043318919
2020-12-CENSUS-0000248352,GSA_MIGRATION,2020,2021-08-02,043339800
2020-12-CENSUS-0000248352,GSA_MIGRATION,2020,2021-08-02,043339803
2020-12-CENSUS-0000248352,GSA_MIGRATION,2020,2021-08-02,043372760
2020-12-CENSUS-0000248352,GSA_MIGRATION,2020,2021-08-02,043374115
2020-12-CENSUS-0000248352,GSA_MIGRATION,2020,2021-08-02,043398034
2020-12-CENSUS-0000248352,GSA_MIGRATION,2020,2021-08-02,043398035
2020-12-CENSUS-0000248352,GSA_MIGRATION,2020,2021-08-02,043429678
2020-12-CENSUS-0000248352,GSA_MIGRATION,2020,2021-08-02,043429711
2020-12-CENSUS-0000248352,GSA_MIGRATION,2020,2021-08-02,043460631
2020-06-CENSUS-0000146632,GSA_MIGRATION,2020,2021-08-16,113676409
2020-06-CENSUS-0000146632,GSA_MIGRATION,2020,2021-08-16,204275997
2020-06-CENSUS-0000146632,GSA_MIGRATION,2020,2021-08-16,204276153
2020-06-CENSUS-0000146632,GSA_MIGRATION,2020,2021-08-16,272822982
2020-06-CENSUS-0000146632,GSA_MIGRATION,2020,2021-08-16,272961167
2020-06-CENSUS-0000146632,GSA_MIGRATION,2020,2021-08-16,272991664
2020-06-CENSUS-0000146632,GSA_MIGRATION,2020,2021-08-16,300636591
2020-06-CENSUS-0000146632,GSA_MIGRATION,2020,2021-08-16,364841195
2020-06-CENSUS-0000146632,GSA_MIGRATION,2020,2021-08-16,720650883
2020-06-CENSUS-0000146632,GSA_MIGRATION,2020,2021-08-16,720702000
2020-06-CENSUS-0000146632,GSA_MIGRATION,2020,2021-08-16,720702001
2020-06-CENSUS-0000146632,GSA_MIGRATION,2020,2021-08-16,720702002
2020-06-CENSUS-0000146632,GSA_MIGRATION,2020,2021-08-16,720724657
2020-06-CENSUS-0000146632,GSA_MIGRATION,2020,2021-08-16,720772772
2020-06-CENSUS-0000146632,GSA_MIGRATION,2020,2021-08-16,720805459
2020-06-CENSUS-0000146632,GSA_MIGRATION,2020,2021-08-16,720807104
2020-06-CENSUS-0000146632,GSA_MIGRATION,2020,2021-08-16,720817127
2020-06-CENSUS-0000146632,GSA_MIGRATION,2020,2021-08-16,720827361
2020-06-CENSUS-0000146632,GSA_MIGRATION,2020,2021-08-16,720830237
2020-06-CENSUS-0000146632,GSA_MIGRATION,2020,2021-08-16,720866125
2020-06-CENSUS-0000146632,GSA_MIGRATION,2020,2021-08-16,720866236
2020-06-CENSUS-0000146632,GSA_MIGRATION,2020,2021-08-16,720999270
2020-06-CENSUS-0000146632,GSA_MIGRATION,2020,2021-08-16,721022058
2020-06-CENSUS-0000146632,GSA_MIGRATION,2020,2021-08-16,721215360
2020-06-CENSUS-0000146632,GSA_MIGRATION,2020,2021-08-16,721217833
2020-06-CENSUS-0000146632,GSA_MIGRATION,2020,2021-08-16,721333380
2020-06-CENSUS-0000146632,GSA_MIGRATION,2020,2021-08-16,721334786
2020-06-CENSUS-0000146632,GSA_MIGRATION,2020,2021-08-16,721380259
2020-06-CENSUS-0000146632,GSA_MIGRATION,2020,2021-08-16,721424618
2020-06-CENSUS-0000146632,GSA_MIGRATION,2020,2021-08-16,721425264
2020-06-CENSUS-0000146632,GSA_MIGRATION,2020,2021-08-16,721441777
2020-06-CENSUS-0000146632,GSA_MIGRATION,2020,2021-08-16,721506851
2020-06-CENSUS-0000146632,GSA_MIGRATION,2020,2021-08-16,726000722
2020-06-CENSUS-0000146632,GSA_MIGRATION,2020,2021-08-16,726000736
2020-06-CENSUS-0000146632,GSA_MIGRATION,2020,2021-08-16,726000745
2020-06-CENSUS-0000146632,GSA_MIGRATION,2020,2021-08-16,726000747
2020-06-CENSUS-0000146632,GSA_MIGRATION,2020,2021-08-16,726000748
2020-06-CENSUS-0000146632,GSA_MIGRATION,2020,2021-08-16,726000751
2020-06-CENSUS-0000146632,GSA_MIGRATION,2020,2021-08-16,726000755
2020-06-CENSUS-0000146632,GSA_MIGRATION,2020,2021-08-16,726000774
2020-06-CENSUS-0000146632,GSA_MIGRATION,2020,2021-08-16,726000783
2020-06-CENSUS-0000146632,GSA_MIGRATION,2020,2021-08-16,726000792
2020-06-CENSUS-0000146632,GSA_MIGRATION,2020,2021-08-16,726000800
2020-06-CENSUS-0000146632,GSA_MIGRATION,2020,2021-08-16,726000816
2020-06-CENSUS-0000146632,GSA_MIGRATION,2020,2021-08-16,726000817
2020-06-CENSUS-0000146632,GSA_MIGRATION,2020,2021-08-16,726000820
2020-06-CENSUS-0000146632,GSA_MIGRATION,2020,2021-08-16,726000821
2020-06-CENSUS-0000146632,GSA_MIGRATION,2020,2021-08-16,726000838
2020-06-CENSUS-0000146632,GSA_MIGRATION,2020,2021-08-16,726000840
2020-06-CENSUS-0000146632,GSA_MIGRATION,2020,2021-08-16,726000846
2020-06-CENSUS-0000146632,GSA_MIGRATION,2020,2021-08-16,726000848
2020-06-CENSUS-0000146632,GSA_MIGRATION,2020,2021-08-16,726001688
2020-06-CENSUS-0000146632,GSA_MIGRATION,2020,2021-08-16,726001695
2020-06-CENSUS-0000146632,GSA_MIGRATION,2020,2021-08-16,726002013
2020-06-CENSUS-0000146632,GSA_MIGRATION,2020,2021-08-16,726011595
2020-06-CENSUS-0000146632,GSA_MIGRATION,2020,2021-08-16,726011665
2020-06-CENSUS-0000146632,GSA_MIGRATION,2020,2021-08-16,726011797
2020-06-CENSUS-0000146632,GSA_MIGRATION,2020,2021-08-16,726012995
2020-06-CENSUS-0000146632,GSA_MIGRATION,2020,2021-08-16,726087770
2020-06-CENSUS-0000146632,GSA_MIGRATION,2020,2021-08-16,841671064
2020-06-CENSUS-0000146632,GSA_MIGRATION,2020,2021-08-16,841702974
2020-09-CENSUS-0000136080,GSA_MIGRATION,2020,2021-04-05,596000547
2020-09-CENSUS-0000136080,GSA_MIGRATION,2020,2021-04-05,596000550
2021-06-CENSUS-0000190831,GSA_MIGRATION,2021,2021-12-19,546001227
2020-12-CENSUS-0000059156,GSA_MIGRATION,2020,2021-09-15,391751381
2020-06-CENSUS-0000076378,GSA_MIGRATION,2020,2021-06-14,201044089
2020-06-CENSUS-0000076378,GSA_MIGRATION,2020,2021-06-14,030463073
2020-09-CENSUS-0000088516,GSA_MIGRATION,2020,2021-02-25,592174961
2020-09-CENSUS-0000088516,GSA_MIGRATION,2020,2021-02-25,592846971
2020-12-CENSUS-0000114057,GSA_MIGRATION,2020,2021-05-04,731676594
2020-06-CENSUS-0000177452,GSA_MIGRATION,2020,2021-03-30,113742937
2020-06-CENSUS-0000177452,GSA_MIGRATION,2020,2021-03-30,262623534
2020-06-CENSUS-0000177452,GSA_MIGRATION,2020,2021-03-30,300507067
2020-06-CENSUS-0000177452,GSA_MIGRATION,2020,2021-03-30,320200490
2020-06-CENSUS-0000177452,GSA_MIGRATION,2020,2021-03-30,412167984
2020-06-CENSUS-0000177452,GSA_MIGRATION,2020,2021-03-30,455463036
2020-06-CENSUS-0000177452,GSA_MIGRATION,2020,2021-03-30,465109796
2020-06-CENSUS-0000177452,GSA_MIGRATION,2020,2021-03-30,472045326
2020-06-CENSUS-0000177452,GSA_MIGRATION,2020,2021-03-30,510632254
2020-06-CENSUS-0000177452,GSA_MIGRATION,2020,2021-03-30,550458465
2020-06-CENSUS-0000177452,GSA_MIGRATION,2020,2021-03-30,550483610
2020-06-CENSUS-0000177452,GSA_MIGRATION,2020,2021-03-30,550489243
2020-06-CENSUS-0000177452,GSA_MIGRATION,2020,2021-03-30,550517092
2020-06-CENSUS-0000177452,GSA_MIGRATION,2020,2021-03-30,550523820
2020-06-CENSUS-0000177452,GSA_MIGRATION,2020,2021-03-30,550524072
2020-06-CENSUS-0000177452,GSA_MIGRATION,2020,2021-03-30,550530182
2020-06-CENSUS-0000177452,GSA_MIGRATION,2020,2021-03-30,550561541
2020-06-CENSUS-0000177452,GSA_MIGRATION,2020,2021-03-30,550574804
2020-06-CENSUS-0000177452,GSA_MIGRATION,2020,2021-03-30,550642540
2020-06-CENSUS-0000177452,GSA_MIGRATION,2020,2021-03-30,550658367
2020-06-CENSUS-0000177452,GSA_MIGRATION,2020,2021-03-30,550690975
2020-06-CENSUS-0000177452,GSA_MIGRATION,2020,2021-03-30,550691505
2020-06-CENSUS-0000177452,GSA_MIGRATION,2020,2021-03-30,550691527
2020-06-CENSUS-0000177452,GSA_MIGRATION,2020,2021-03-30,550711421
2020-06-CENSUS-0000177452,GSA_MIGRATION,2020,2021-03-30,550729970
2020-06-CENSUS-0000177452,GSA_MIGRATION,2020,2021-03-30,550773516
2020-06-CENSUS-0000177452,GSA_MIGRATION,2020,2021-03-30,550865745
2020-06-CENSUS-0000177452,GSA_MIGRATION,2020,2021-03-30,556000738
2020-06-CENSUS-0000177452,GSA_MIGRATION,2020,2021-03-30,556000748
2020-06-CENSUS-0000177452,GSA_MIGRATION,2020,2021-03-30,556000749
2020-06-CENSUS-0000177452,GSA_MIGRATION,2020,2021-03-30,556000751
2020-06-CENSUS-0000177452,GSA_MIGRATION,2020,2021-03-30,556000753
2020-06-CENSUS-0000177452,GSA_MIGRATION,2020,2021-03-30,556000760
2020-06-CENSUS-0000177452,GSA_MIGRATION,2020,2021-03-30,556000761
2020-06-CENSUS-0000177452,GSA_MIGRATION,2020,2021-03-30,556000763
2020-06-CENSUS-0000177452,GSA_MIGRATION,2020,2021-03-30,556000765
2020-06-CENSUS-0000177452,GSA_MIGRATION,2020,2021-03-30,556000766
2020-06-CENSUS-0000177452,GSA_MIGRATION,2020,2021-03-30,556000768
2020-06-CENSUS-0000177452,GSA_MIGRATION,2020,2021-03-30,556000769
2020-06-CENSUS-0000177452,GSA_MIGRATION,2020,2021-03-30,556000771
2020-06-CENSUS-0000177452,GSA_MIGRATION,2020,2021-03-30,556000772
2020-06-CENSUS-0000177452,GSA_MIGRATION,2020,2021-03-30,556000774
2020-06-CENSUS-0000177452,GSA_MIGRATION,2020,2021-03-30,556000776
2020-06-CENSUS-0000177452,GSA_MIGRATION,2020,2021-03-30,556000778
2020-06-CENSUS-0000177452,GSA_MIGRATION,2020,2021-03-30,556000779
2020-06-CENSUS-0000177452,GSA_MIGRATION,2020,2021-03-30,556000780
2020-06-CENSUS-0000177452,GSA_MIGRATION,2020,2021-03-30,556000786
2020-06-CENSUS-0000177452,GSA_MIGRATION,2020,2021-03-30,556000789
2020-06-CENSUS-0000177452,GSA_MIGRATION,2020,2021-03-30,556000795
2020-06-CENSUS-0000177452,GSA_MIGRATION,2020,2021-03-30,556000798
2020-06-CENSUS-0000177452,GSA_MIGRATION,2020,2021-03-30,556000799
2020-06-CENSUS-0000177452,GSA_MIGRATION,2020,2021-03-30,556000802
2020-06-CENSUS-0000177452,GSA_MIGRATION,2020,2021-03-30,556000810
2020-06-CENSUS-0000177452,GSA_MIGRATION,2020,2021-03-30,556000813
2020-06-CENSUS-0000177452,GSA_MIGRATION,2020,2021-03-30,556000822
2020-06-CENSUS-0000177452,GSA_MIGRATION,2020,2021-03-30,556000831
2020-06-CENSUS-0000177452,GSA_MIGRATION,2020,2021-03-30,556000839
2020-06-CENSUS-0000177452,GSA_MIGRATION,2020,2021-03-30,556000842
2020-06-CENSUS-0000177452,GSA_MIGRATION,2020,2021-03-30,556000932
2020-06-CENSUS-0000177452,GSA_MIGRATION,2020,2021-03-30,556000936
2020-06-CENSUS-0000177452,GSA_MIGRATION,2020,2021-03-30,556001347
2020-06-CENSUS-0000212206,GSA_MIGRATION,2020,2021-03-15,112540650
2020-06-CENSUS-0000212206,GSA_MIGRATION,2020,2021-03-15,237089380
2020-12-CENSUS-0000226559,GSA_MIGRATION,2020,2021-12-09,351970706
2020-12-CENSUS-0000226559,GSA_MIGRATION,2020,2021-12-09,350868085
2020-09-CENSUS-0000246812,GSA_MIGRATION,2020,2021-06-17,918136557
2020-09-CENSUS-0000246812,GSA_MIGRATION,2020,2021-06-17,261214372
2020-09-CENSUS-0000246812,GSA_MIGRATION,2020,2021-06-17,271471186
2020-09-CENSUS-0000246812,GSA_MIGRATION,2020,2021-06-17,271799652
2020-09-CENSUS-0000246812,GSA_MIGRATION,2020,2021-06-17,274396698
2020-09-CENSUS-0000246812,GSA_MIGRATION,2020,2021-06-17,352461541
2020-09-CENSUS-0000246812,GSA_MIGRATION,2020,2021-06-17,452832975
2020-09-CENSUS-0000246812,GSA_MIGRATION,2020,2021-06-17,452842963
2020-09-CENSUS-0000246812,GSA_MIGRATION,2020,2021-06-17,453032246
2020-09-CENSUS-0000246812,GSA_MIGRATION,2020,2021-06-17,453032372
2020-09-CENSUS-0000246812,GSA_MIGRATION,2020,2021-06-17,453303607
2020-09-CENSUS-0000246812,GSA_MIGRATION,2020,2021-06-17,453303687
2020-09-CENSUS-0000246812,GSA_MIGRATION,2020,2021-06-17,461145983
2020-09-CENSUS-0000246812,GSA_MIGRATION,2020,2021-06-17,461953140
2020-09-CENSUS-0000246812,GSA_MIGRATION,2020,2021-06-17,581456556
2020-09-CENSUS-0000246812,GSA_MIGRATION,2020,2021-06-17,581544781
2020-09-CENSUS-0000246812,GSA_MIGRATION,2020,2021-06-17,581562973
2020-09-CENSUS-0000246812,GSA_MIGRATION,2020,2021-06-17,581645396
2020-09-CENSUS-0000246812,GSA_MIGRATION,2020,2021-06-17,620123940
2020-09-CENSUS-0000246812,GSA_MIGRATION,2020,2021-06-17,620925692
2020-09-CENSUS-0000246812,GSA_MIGRATION,2020,2021-06-17,621112364
2020-09-CENSUS-0000246812,GSA_MIGRATION,2020,2021-06-17,621113167
2020-09-CENSUS-0000246812,GSA_MIGRATION,2020,2021-06-17,621138045
2020-09-CENSUS-0000246812,GSA_MIGRATION,2020,2021-06-17,621166050
2020-09-CENSUS-0000246812,GSA_MIGRATION,2020,2021-06-17,621278576
2020-09-CENSUS-0000246812,GSA_MIGRATION,2020,2021-06-17,621407946
2020-06-CENSUS-0000232331,GSA_MIGRATION,2020,2021-03-01,473466653
2020-12-CENSUS-0000244924,GSA_MIGRATION,2020,2021-07-19,161167946
2020-12-CENSUS-0000244924,GSA_MIGRATION,2020,2021-07-19,222279167
2021-03-CENSUS-0000230719,GSA_MIGRATION,2021,2021-08-10,370618939
2021-03-CENSUS-0000230719,GSA_MIGRATION,2021,2021-08-10,205221741
2021-03-CENSUS-0000230719,GSA_MIGRATION,2021,2021-08-10,371115061
2021-06-CENSUS-0000224078,GSA_MIGRATION,2021,2021-11-14,570791258
2021-06-CENSUS-0000224078,GSA_MIGRATION,2021,2021-11-14,582335222
2021-06-CENSUS-0000224078,GSA_MIGRATION,2021,2021-11-14,742401524
2021-06-CENSUS-0000224078,GSA_MIGRATION,2021,2021-11-14,260211141
2021-06-CENSUS-0000224078,GSA_MIGRATION,2021,2021-11-14,571060912
2021-06-CENSUS-0000224078,GSA_MIGRATION,2021,2021-11-14,650101637
2021-06-CENSUS-0000224078,GSA_MIGRATION,2021,2021-11-14,593392379
2021-06-CENSUS-0000224078,GSA_MIGRATION,2021,2021-11-14,272827321
2021-06-CENSUS-0000224078,GSA_MIGRATION,2021,2021-11-14,570925626
2020-12-CENSUS-0000251711,GSA_MIGRATION,2020,2021-12-12,680478008
2020-06-CENSUS-0000026189,GSA_MIGRATION,2020,2021-03-25,232735252
2020-06-CENSUS-0000026189,GSA_MIGRATION,2020,2021-03-25,232934547
2020-06-CENSUS-0000026189,GSA_MIGRATION,2020,2021-03-25,232461494
2020-06-CENSUS-0000026189,GSA_MIGRATION,2020,2021-03-25,233079170
2020-06-CENSUS-0000026189,GSA_MIGRATION,2020,2021-03-25,264840272
2020-12-CENSUS-0000003793,GSA_MIGRATION,2020,2021-08-22,222598255
2020-12-CENSUS-0000003793,GSA_MIGRATION,2020,2021-08-22,043279485
2020-12-CENSUS-0000003793,GSA_MIGRATION,2020,2021-08-22,043534734
2020-12-CENSUS-0000003793,GSA_MIGRATION,2020,2021-08-22,203781152
2020-12-CENSUS-0000003793,GSA_MIGRATION,2020,2021-08-22,262813646
2020-12-CENSUS-0000003793,GSA_MIGRATION,2020,2021-08-22,452022024
2020-12-CENSUS-0000003793,GSA_MIGRATION,2020,2021-08-22,261736109
2020-12-CENSUS-0000003793,GSA_MIGRATION,2020,2021-08-22,261736250
2020-12-CENSUS-0000003793,GSA_MIGRATION,2020,2021-08-22,510606947
2020-12-CENSUS-0000003793,GSA_MIGRATION,2020,2021-08-22,043494257
2020-12-CENSUS-0000003793,GSA_MIGRATION,2020,2021-08-22,050511693
2020-12-CENSUS-0000003793,GSA_MIGRATION,2020,2021-08-22,352455687
2020-12-CENSUS-0000003793,GSA_MIGRATION,2020,2021-08-22,352615211
2020-12-CENSUS-0000003793,GSA_MIGRATION,2020,2021-08-22,461135181
2020-12-CENSUS-0000003793,GSA_MIGRATION,2020,2021-08-22,471524064
2020-12-CENSUS-0000003793,GSA_MIGRATION,2020,2021-08-22,812919890
2020-12-CENSUS-0000003793,GSA_MIGRATION,2020,2021-08-22,824025962
2020-12-CENSUS-0000003793,GSA_MIGRATION,2020,2021-08-22,831801755
2020-12-CENSUS-0000003793,GSA_MIGRATION,2020,2021-08-22,831816066
2020-12-CENSUS-0000003793,GSA_MIGRATION,2020,2021-08-22,833398194
2020-12-CENSUS-0000003793,GSA_MIGRATION,2020,2021-08-22,834282975
2020-12-CENSUS-0000003793,GSA_MIGRATION,2020,2021-08-22,834687594
2020-12-CENSUS-0000003793,GSA_MIGRATION,2020,2021-08-22,834699319
2020-12-CENSUS-0000003793,GSA_MIGRATION,2020,2021-08-22,834711142
2020-12-CENSUS-0000248352,GSA_MIGRATION,2020,2021-08-02,043501148
2020-12-CENSUS-0000248352,GSA_MIGRATION,2020,2021-08-02,043522533
2020-12-CENSUS-0000248352,GSA_MIGRATION,2020,2021-08-02,043527404
2020-12-CENSUS-0000248352,GSA_MIGRATION,2020,2021-08-02,043528752
2020-12-CENSUS-0000248352,GSA_MIGRATION,2020,2021-08-02,043538408
2020-12-CENSUS-0000248352,GSA_MIGRATION,2020,2021-08-02,043538411
2020-12-CENSUS-0000248352,GSA_MIGRATION,2020,2021-08-02,043538412
2020-12-CENSUS-0000248352,GSA_MIGRATION,2020,2021-08-02,043538413
2020-12-CENSUS-0000248352,GSA_MIGRATION,2020,2021-08-02,043544283
2020-12-CENSUS-0000248352,GSA_MIGRATION,2020,2021-08-02,043544300
2020-12-CENSUS-0000248352,GSA_MIGRATION,2020,2021-08-02,043544327
2020-12-CENSUS-0000248352,GSA_MIGRATION,2020,2021-08-02,043544341
2020-12-CENSUS-0000248352,GSA_MIGRATION,2020,2021-08-02,043559559
2020-12-CENSUS-0000248352,GSA_MIGRATION,2020,2021-08-02,043559560
2020-12-CENSUS-0000248352,GSA_MIGRATION,2020,2021-08-02,043566844
2020-12-CENSUS-0000248352,GSA_MIGRATION,2020,2021-08-02,043622635
2020-12-CENSUS-0000248352,GSA_MIGRATION,2020,2021-08-02,043622659
2020-12-CENSUS-0000248352,GSA_MIGRATION,2020,2021-08-02,043623350
2020-12-CENSUS-0000248352,GSA_MIGRATION,2020,2021-08-02,043668869
2020-12-CENSUS-0000248352,GSA_MIGRATION,2020,2021-08-02,043678583
2020-12-CENSUS-0000248352,GSA_MIGRATION,2020,2021-08-02,043678588
2020-12-CENSUS-0000248352,GSA_MIGRATION,2020,2021-08-02,043691920
2020-12-CENSUS-0000248352,GSA_MIGRATION,2020,2021-08-02,050503924
2020-12-CENSUS-0000248352,GSA_MIGRATION,2020,2021-08-02,050508869
2020-12-CENSUS-0000248352,GSA_MIGRATION,2020,2021-08-02,050517072
2020-12-CENSUS-0000248352,GSA_MIGRATION,2020,2021-08-02,061409367
2020-12-CENSUS-0000248352,GSA_MIGRATION,2020,2021-08-02,061409369
2020-12-CENSUS-0000248352,GSA_MIGRATION,2020,2021-08-02,061526687
2020-12-CENSUS-0000248352,GSA_MIGRATION,2020,2021-08-02,061526896
2020-12-CENSUS-0000248352,GSA_MIGRATION,2020,2021-08-02,061526897
2020-12-CENSUS-0000248352,GSA_MIGRATION,2020,2021-08-02,061531040
2020-12-CENSUS-0000248352,GSA_MIGRATION,2020,2021-08-02,061531044
2020-12-CENSUS-0000248352,GSA_MIGRATION,2020,2021-08-02,061531046
2020-12-CENSUS-0000248352,GSA_MIGRATION,2020,2021-08-02,100005514
2020-12-CENSUS-0000248352,GSA_MIGRATION,2020,2021-08-02,100005536
2020-12-CENSUS-0000248352,GSA_MIGRATION,2020,2021-08-02,100007143
2020-12-CENSUS-0000248352,GSA_MIGRATION,2020,2021-08-02,113714485
2020-12-CENSUS-0000248352,GSA_MIGRATION,2020,2021-08-02,113714488
2020-12-CENSUS-0000248352,GSA_MIGRATION,2020,2021-08-02,134240038
2020-12-CENSUS-0000248352,GSA_MIGRATION,2020,2021-08-02,201268156
2020-12-CENSUS-0000248352,GSA_MIGRATION,2020,2021-08-02,201268216
2020-12-CENSUS-0000248352,GSA_MIGRATION,2020,2021-08-02,201280553
2020-12-CENSUS-0000248352,GSA_MIGRATION,2020,2021-08-02,201280596
2020-12-CENSUS-0000248352,GSA_MIGRATION,2020,2021-08-02,201302305
2020-12-CENSUS-0000248352,GSA_MIGRATION,2020,2021-08-02,201307126
2020-12-CENSUS-0000248352,GSA_MIGRATION,2020,2021-08-02,202286154
2020-12-CENSUS-0000248352,GSA_MIGRATION,2020,2021-08-02,202286163
2020-12-CENSUS-0000248352,GSA_MIGRATION,2020,2021-08-02,202386333
2020-12-CENSUS-0000248352,GSA_MIGRATION,2020,2021-08-02,202390928
2020-12-CENSUS-0000248352,GSA_MIGRATION,2020,2021-08-02,202475083
2020-12-CENSUS-0000248352,GSA_MIGRATION,2020,2021-08-02,202531464
2020-12-CENSUS-0000248352,GSA_MIGRATION,2020,2021-08-02,202609479
2020-12-CENSUS-0000248352,GSA_MIGRATION,2020,2021-08-02,202709103
2020-12-CENSUS-0000248352,GSA_MIGRATION,2020,2021-08-02,202764932
2020-12-CENSUS-0000248352,GSA_MIGRATION,2020,2021-08-02,202872857
2020-12-CENSUS-0000248352,GSA_MIGRATION,2020,2021-08-02,202918308
2020-12-CENSUS-0000248352,GSA_MIGRATION,2020,2021-08-02,203966452
2020-12-CENSUS-0000248352,GSA_MIGRATION,2020,2021-08-02,204312298
2020-12-CENSUS-0000248352,GSA_MIGRATION,2020,2021-08-02,204497587
2020-12-CENSUS-0000248352,GSA_MIGRATION,2020,2021-08-02,204497737
2020-12-CENSUS-0000248352,GSA_MIGRATION,2020,2021-08-02,204776986
2020-12-CENSUS-0000248352,GSA_MIGRATION,2020,2021-08-02,204777112
2020-12-CENSUS-0000248352,GSA_MIGRATION,2020,2021-08-02,205070203
2020-12-CENSUS-0000248352,GSA_MIGRATION,2020,2021-08-02,205425572
2020-12-CENSUS-0000248352,GSA_MIGRATION,2020,2021-08-02,205775266
2020-12-CENSUS-0000248352,GSA_MIGRATION,2020,2021-08-02,205782398
2020-12-CENSUS-0000248352,GSA_MIGRATION,2020,2021-08-02,208273798
2020-12-CENSUS-0000248352,GSA_MIGRATION,2020,2021-08-02,208281242
2020-12-CENSUS-0000248352,GSA_MIGRATION,2020,2021-08-02,208405489
2020-12-CENSUS-0000248352,GSA_MIGRATION,2020,2021-08-02,208419314
2020-12-CENSUS-0000248352,GSA_MIGRATION,2020,2021-08-02,208607561
2020-12-CENSUS-0000248352,GSA_MIGRATION,2020,2021-08-02,208616675
2020-12-CENSUS-0000248352,GSA_MIGRATION,2020,2021-08-02,208631359
2020-12-CENSUS-0000248352,GSA_MIGRATION,2020,2021-08-02,208704718
2020-12-CENSUS-0000248352,GSA_MIGRATION,2020,2021-08-02,222823715
2020-12-CENSUS-0000248352,GSA_MIGRATION,2020,2021-08-02,222966917
2020-12-CENSUS-0000248352,GSA_MIGRATION,2020,2021-08-02,223662864
2020-12-CENSUS-0000248352,GSA_MIGRATION,2020,2021-08-02,223680800
2020-12-CENSUS-0000248352,GSA_MIGRATION,2020,2021-08-02,223684862
2020-12-CENSUS-0000248352,GSA_MIGRATION,2020,2021-08-02,223809923
2020-12-CENSUS-0000248352,GSA_MIGRATION,2020,2021-08-02,232839183
2020-12-CENSUS-0000248352,GSA_MIGRATION,2020,2021-08-02,232920107
2020-12-CENSUS-0000248352,GSA_MIGRATION,2020,2021-08-02,232922925
2020-12-CENSUS-0000248352,GSA_MIGRATION,2020,2021-08-02,232945764
2020-12-CENSUS-0000248352,GSA_MIGRATION,2020,2021-08-02,232945765
2020-12-CENSUS-0000248352,GSA_MIGRATION,2020,2021-08-02,232945766
2020-12-CENSUS-0000248352,GSA_MIGRATION,2020,2021-08-02,232945773
2020-12-CENSUS-0000248352,GSA_MIGRATION,2020,2021-08-02,232945781
2020-12-CENSUS-0000248352,GSA_MIGRATION,2020,2021-08-02,232945785
2020-12-CENSUS-0000248352,GSA_MIGRATION,2020,2021-08-02,232945786
2020-12-CENSUS-0000248352,GSA_MIGRATION,2020,2021-08-02,232993777
2020-12-CENSUS-0000248352,GSA_MIGRATION,2020,2021-08-02,233021120
2020-12-CENSUS-0000248352,GSA_MIGRATION,2020,2021-08-02,233021121
2020-12-CENSUS-0000248352,GSA_MIGRATION,2020,2021-08-02,251832272
2020-12-CENSUS-0000248352,GSA_MIGRATION,2020,2021-08-02,251840809
2020-12-CENSUS-0000248352,GSA_MIGRATION,2020,2021-08-02,251840814
2020-12-CENSUS-0000248352,GSA_MIGRATION,2020,2021-08-02,251841069
2020-12-CENSUS-0000248352,GSA_MIGRATION,2020,2021-08-02,251841071
2020-12-CENSUS-0000248352,GSA_MIGRATION,2020,2021-08-02,251884420
2020-12-CENSUS-0000248352,GSA_MIGRATION,2020,2021-08-02,251884549
2020-12-CENSUS-0000248352,GSA_MIGRATION,2020,2021-08-02,260043671
2020-12-CENSUS-0000248352,GSA_MIGRATION,2020,2021-08-02,260088270
2020-12-CENSUS-0000248352,GSA_MIGRATION,2020,2021-08-02,260088275
2020-12-CENSUS-0000248352,GSA_MIGRATION,2020,2021-08-02,260475733
2020-12-CENSUS-0000248352,GSA_MIGRATION,2020,2021-08-02,261507570
2020-12-CENSUS-0000248352,GSA_MIGRATION,2020,2021-08-02,261570937
2020-12-CENSUS-0000248352,GSA_MIGRATION,2020,2021-08-02,261835769
2020-12-CENSUS-0000248352,GSA_MIGRATION,2020,2021-08-02,261836875
2020-12-CENSUS-0000248352,GSA_MIGRATION,2020,2021-08-02,262120753
2020-12-CENSUS-0000248352,GSA_MIGRATION,2020,2021-08-02,262298942
2020-12-CENSUS-0000248352,GSA_MIGRATION,2020,2021-08-02,262301448
2020-12-CENSUS-0000248352,GSA_MIGRATION,2020,2021-08-02,262301629
2020-12-CENSUS-0000248352,GSA_MIGRATION,2020,2021-08-02,262778501
2020-12-CENSUS-0000248352,GSA_MIGRATION,2020,2021-08-02,262778552
2020-12-CENSUS-0000248352,GSA_MIGRATION,2020,2021-08-02,262781306
2020-12-CENSUS-0000248352,GSA_MIGRATION,2020,2021-08-02,262782343
2020-12-CENSUS-0000248352,GSA_MIGRATION,2020,2021-08-02,262859789
2020-12-CENSUS-0000248352,GSA_MIGRATION,2020,2021-08-02,262860127
2020-12-CENSUS-0000248352,GSA_MIGRATION,2020,2021-08-02,262860792
2020-12-CENSUS-0000248352,GSA_MIGRATION,2020,2021-08-02,263380639
2020-12-CENSUS-0000248352,GSA_MIGRATION,2020,2021-08-02,263461636
2020-12-CENSUS-0000248352,GSA_MIGRATION,2020,2021-08-02,263467063
2020-12-CENSUS-0000248352,GSA_MIGRATION,2020,2021-08-02,263549703
2020-12-CENSUS-0000248352,GSA_MIGRATION,2020,2021-08-02,263552572
2020-12-CENSUS-0000248352,GSA_MIGRATION,2020,2021-08-02,264212148
2020-12-CENSUS-0000248352,GSA_MIGRATION,2020,2021-08-02,264215611
2020-12-CENSUS-0000248352,GSA_MIGRATION,2020,2021-08-02,264585901
2020-12-CENSUS-0000248352,GSA_MIGRATION,2020,2021-08-02,264594770
2020-12-CENSUS-0000248352,GSA_MIGRATION,2020,2021-08-02,264748671
2020-12-CENSUS-0000248352,GSA_MIGRATION,2020,2021-08-02,264755477
2020-12-CENSUS-0000248352,GSA_MIGRATION,2020,2021-08-02,270073884
2020-12-CENSUS-0000248352,GSA_MIGRATION,2020,2021-08-02,270176917
2020-12-CENSUS-0000248352,GSA_MIGRATION,2020,2021-08-02,270181271
2020-12-CENSUS-0000248352,GSA_MIGRATION,2020,2021-08-02,270597711
2020-12-CENSUS-0000248352,GSA_MIGRATION,2020,2021-08-02,270597768
2020-12-CENSUS-0000248352,GSA_MIGRATION,2020,2021-08-02,270605525
2020-12-CENSUS-0000248352,GSA_MIGRATION,2020,2021-08-02,270605537
2020-12-CENSUS-0000248352,GSA_MIGRATION,2020,2021-08-02,270608566
2020-12-CENSUS-0000248352,GSA_MIGRATION,2020,2021-08-02,270940132
2020-12-CENSUS-0000248352,GSA_MIGRATION,2020,2021-08-02,271489185
2020-12-CENSUS-0000248352,GSA_MIGRATION,2020,2021-08-02,272423713
2020-12-CENSUS-0000248352,GSA_MIGRATION,2020,2021-08-02,272434448
2020-12-CENSUS-0000248352,GSA_MIGRATION,2020,2021-08-02,273190101
2020-12-CENSUS-0000248352,GSA_MIGRATION,2020,2021-08-02,273204841
2020-12-CENSUS-0000248352,GSA_MIGRATION,2020,2021-08-02,273336397
2020-12-CENSUS-0000248352,GSA_MIGRATION,2020,2021-08-02,273345902
2020-12-CENSUS-0000248352,GSA_MIGRATION,2020,2021-08-02,273625094
2020-12-CENSUS-0000248352,GSA_MIGRATION,2020,2021-08-02,273646753
2020-12-CENSUS-0000248352,GSA_MIGRATION,2020,2021-08-02,273659183
2020-12-CENSUS-0000248352,GSA_MIGRATION,2020,2021-08-02,273670516
2020-12-CENSUS-0000248352,GSA_MIGRATION,2020,2021-08-02,273680377
2020-12-CENSUS-0000248352,GSA_MIGRATION,2020,2021-08-02,300838773
2020-12-CENSUS-0000248352,GSA_MIGRATION,2020,2021-08-02,300301142
2020-12-CENSUS-0000248352,GSA_MIGRATION,2020,2021-08-02,300507764
2020-12-CENSUS-0000248352,GSA_MIGRATION,2020,2021-08-02,300801750
2020-12-CENSUS-0000248352,GSA_MIGRATION,2020,2021-08-02,300966118
2020-12-CENSUS-0000248352,GSA_MIGRATION,2020,2021-08-02,300983286
2020-12-CENSUS-0000248352,GSA_MIGRATION,2020,2021-08-02,301044174
2020-12-CENSUS-0000248352,GSA_MIGRATION,2020,2021-08-02,301078987
2020-12-CENSUS-0000248352,GSA_MIGRATION,2020,2021-08-02,301208093
2020-12-CENSUS-0000248352,GSA_MIGRATION,2020,2021-08-02,301219501
2020-12-CENSUS-0000248352,GSA_MIGRATION,2020,2021-08-02,308809082
2020-12-CENSUS-0000248352,GSA_MIGRATION,2020,2021-08-02,311664459
2020-12-CENSUS-0000248352,GSA_MIGRATION,2020,2021-08-02,311695095
2020-12-CENSUS-0000248352,GSA_MIGRATION,2020,2021-08-02,311695096
2020-12-CENSUS-0000248352,GSA_MIGRATION,2020,2021-08-02,311695100
2020-12-CENSUS-0000248352,GSA_MIGRATION,2020,2021-08-02,311695108
2020-12-CENSUS-0000248352,GSA_MIGRATION,2020,2021-08-02,311695112
2020-12-CENSUS-0000248352,GSA_MIGRATION,2020,2021-08-02,320476055
2020-12-CENSUS-0000248352,GSA_MIGRATION,2020,2021-08-02,320513894
2020-12-CENSUS-0000248352,GSA_MIGRATION,2020,2021-08-02,320517341
2020-12-CENSUS-0000248352,GSA_MIGRATION,2020,2021-08-02,320563825
2020-12-CENSUS-0000248352,GSA_MIGRATION,2020,2021-08-02,320573978
2020-12-CENSUS-0000248352,GSA_MIGRATION,2020,2021-08-02,341936465
2020-12-CENSUS-0000248352,GSA_MIGRATION,2020,2021-08-02,341936467
2020-12-CENSUS-0000248352,GSA_MIGRATION,2020,2021-08-02,341953718
2020-12-CENSUS-0000248352,GSA_MIGRATION,2020,2021-08-02,341953729
2020-12-CENSUS-0000248352,GSA_MIGRATION,2020,2021-08-02,352468664
2020-12-CENSUS-0000248352,GSA_MIGRATION,2020,2021-08-02,352478512
2020-12-CENSUS-0000248352,GSA_MIGRATION,2020,2021-08-02,352493033
2020-12-CENSUS-0000248352,GSA_MIGRATION,2020,2021-08-02,352561434
2020-12-CENSUS-0000248352,GSA_MIGRATION,2020,2021-08-02,352590611
2020-12-CENSUS-0000248352,GSA_MIGRATION,2020,2021-08-02,352623709
2020-12-CENSUS-0000248352,GSA_MIGRATION,2020,2021-08-02,364758412
2020-12-CENSUS-0000248352,GSA_MIGRATION,2020,2021-08-02,364767714
2020-12-CENSUS-0000248352,GSA_MIGRATION,2020,2021-08-02,364815289
2020-12-CENSUS-0000248352,GSA_MIGRATION,2020,2021-08-02,364848273
2020-12-CENSUS-0000248352,GSA_MIGRATION,2020,2021-08-02,364870456
2020-12-CENSUS-0000248352,GSA_MIGRATION,2020,2021-08-02,364875840
2020-12-CENSUS-0000248352,GSA_MIGRATION,2020,2021-08-02,364896998
2020-12-CENSUS-0000248352,GSA_MIGRATION,2020,2021-08-02,364905599
2020-12-CENSUS-0000248352,GSA_MIGRATION,2020,2021-08-02,364957559
2020-12-CENSUS-0000248352,GSA_MIGRATION,2020,2021-08-02,371452727
2020-12-CENSUS-0000248352,GSA_MIGRATION,2020,2021-08-02,371668907
2020-12-CENSUS-0000248352,GSA_MIGRATION,2020,2021-08-02,371705151
2020-12-CENSUS-0000248352,GSA_MIGRATION,2020,2021-08-02,371756525
2020-12-CENSUS-0000248352,GSA_MIGRATION,2020,2021-08-02,371761423
2020-12-CENSUS-0000248352,GSA_MIGRATION,2020,2021-08-02,371761590
2020-12-CENSUS-0000248352,GSA_MIGRATION,2020,2021-08-02,371804604
2020-12-CENSUS-0000248352,GSA_MIGRATION,2020,2021-08-02,371859139
2020-12-CENSUS-0000248352,GSA_MIGRATION,2020,2021-08-02,371896214
2020-12-CENSUS-0000248352,GSA_MIGRATION,2020,2021-08-02,371903490
2020-12-CENSUS-0000248352,GSA_MIGRATION,2020,2021-08-02,383694498
2020-12-CENSUS-0000248352,GSA_MIGRATION,2020,2021-08-02,383694499
2020-12-CENSUS-0000248352,GSA_MIGRATION,2020,2021-08-02,383765638
2020-12-CENSUS-0000248352,GSA_MIGRATION,2020,2021-08-02,383894889
2020-12-CENSUS-0000248352,GSA_MIGRATION,2020,2021-08-02,383923688
2020-12-CENSUS-0000248352,GSA_MIGRATION,2020,2021-08-02,383980954
2020-12-CENSUS-0000248352,GSA_MIGRATION,2020,2021-08-02,384008501
2020-12-CENSUS-0000248352,GSA_MIGRATION,2020,2021-08-02,384052407
2020-12-CENSUS-0000248352,GSA_MIGRATION,2020,2021-08-02,384076175
2020-12-CENSUS-0000248352,GSA_MIGRATION,2020,2021-08-02,384080565
2020-12-CENSUS-0000248352,GSA_MIGRATION,2020,2021-08-02,384081625
2020-12-CENSUS-0000248352,GSA_MIGRATION,2020,2021-08-02,384084526
2020-12-CENSUS-0000248352,GSA_MIGRATION,2020,2021-08-02,412097316
2020-12-CENSUS-0000248352,GSA_MIGRATION,2020,2021-08-02,412121332
2020-12-CENSUS-0000248352,GSA_MIGRATION,2020,2021-08-02,450528961
2020-12-CENSUS-0000248352,GSA_MIGRATION,2020,2021-08-02,450528962
2020-12-CENSUS-0000248352,GSA_MIGRATION,2020,2021-08-02,450638944
2020-12-CENSUS-0000248352,GSA_MIGRATION,2020,2021-08-02,450670392
2020-12-CENSUS-0000248352,GSA_MIGRATION,2020,2021-08-02,450889117
2020-12-CENSUS-0000248352,GSA_MIGRATION,2020,2021-08-02,451484051
2020-12-CENSUS-0000248352,GSA_MIGRATION,2020,2021-08-02,451497502
2020-12-CENSUS-0000248352,GSA_MIGRATION,2020,2021-08-02,451872930
2020-12-CENSUS-0000248352,GSA_MIGRATION,2020,2021-08-02,451873164
2020-12-CENSUS-0000248352,GSA_MIGRATION,2020,2021-08-02,452072034
2020-12-CENSUS-0000248352,GSA_MIGRATION,2020,2021-08-02,452076600
2020-12-CENSUS-0000248352,GSA_MIGRATION,2020,2021-08-02,452506925
2020-12-CENSUS-0000248352,GSA_MIGRATION,2020,2021-08-02,452507046
2020-12-CENSUS-0000248352,GSA_MIGRATION,2020,2021-08-02,452548704
2020-12-CENSUS-0000248352,GSA_MIGRATION,2020,2021-08-02,452603337
2020-12-CENSUS-0000248352,GSA_MIGRATION,2020,2021-08-02,452608564
2020-12-CENSUS-0000248352,GSA_MIGRATION,2020,2021-08-02,453071152
2020-12-CENSUS-0000248352,GSA_MIGRATION,2020,2021-08-02,453071293
2020-12-CENSUS-0000248352,GSA_MIGRATION,2020,2021-08-02,453142289
2020-12-CENSUS-0000248352,GSA_MIGRATION,2020,2021-08-02,453169268
2020-12-CENSUS-0000248352,GSA_MIGRATION,2020,2021-08-02,453449702
2020-12-CENSUS-0000248352,GSA_MIGRATION,2020,2021-08-02,454781302
2020-12-CENSUS-0000248352,GSA_MIGRATION,2020,2021-08-02,454937604
2020-12-CENSUS-0000248352,GSA_MIGRATION,2020,2021-08-02,455576785
2020-12-CENSUS-0000248352,GSA_MIGRATION,2020,2021-08-02,460992709
2020-12-CENSUS-0000248352,GSA_MIGRATION,2020,2021-08-02,461024720
2020-12-CENSUS-0000248352,GSA_MIGRATION,2020,2021-08-02,461055347
2020-12-CENSUS-0000248352,GSA_MIGRATION,2020,2021-08-02,461143554
2020-12-CENSUS-0000248352,GSA_MIGRATION,2020,2021-08-02,461673450
2020-12-CENSUS-0000248352,GSA_MIGRATION,2020,2021-08-02,462024142
2020-12-CENSUS-0000248352,GSA_MIGRATION,2020,2021-08-02,462036213
2020-12-CENSUS-0000248352,GSA_MIGRATION,2020,2021-08-02,462475117
2020-12-CENSUS-0000248352,GSA_MIGRATION,2020,2021-08-02,462644077
2020-12-CENSUS-0000248352,GSA_MIGRATION,2020,2021-08-02,464139765
2020-12-CENSUS-0000248352,GSA_MIGRATION,2020,2021-08-02,464431917
2020-12-CENSUS-0000248352,GSA_MIGRATION,2020,2021-08-02,464746731
2020-12-CENSUS-0000248352,GSA_MIGRATION,2020,2021-08-02,464752256
2020-12-CENSUS-0000248352,GSA_MIGRATION,2020,2021-08-02,464787520
2020-12-CENSUS-0000248352,GSA_MIGRATION,2020,2021-08-02,465584342
2020-12-CENSUS-0000248352,GSA_MIGRATION,2020,2021-08-02,471352186
2020-12-CENSUS-0000248352,GSA_MIGRATION,2020,2021-08-02,471369520
2020-12-CENSUS-0000248352,GSA_MIGRATION,2020,2021-08-02,471391746
2020-12-CENSUS-0000248352,GSA_MIGRATION,2020,2021-08-02,471454023
2020-12-CENSUS-0000248352,GSA_MIGRATION,2020,2021-08-02,471473456
2020-12-CENSUS-0000248352,GSA_MIGRATION,2020,2021-08-02,471609578
2020-12-CENSUS-0000248352,GSA_MIGRATION,2020,2021-08-02,471636167
2020-12-CENSUS-0000248352,GSA_MIGRATION,2020,2021-08-02,471646080
2020-12-CENSUS-0000248352,GSA_MIGRATION,2020,2021-08-02,471653819
2020-12-CENSUS-0000248352,GSA_MIGRATION,2020,2021-08-02,471747292
2020-12-CENSUS-0000248352,GSA_MIGRATION,2020,2021-08-02,472077383
2020-12-CENSUS-0000248352,GSA_MIGRATION,2020,2021-08-02,472077870
2020-12-CENSUS-0000248352,GSA_MIGRATION,2020,2021-08-02,472200189
2020-12-CENSUS-0000248352,GSA_MIGRATION,2020,2021-08-02,472280976
2020-12-CENSUS-0000248352,GSA_MIGRATION,2020,2021-08-02,472283366
2020-12-CENSUS-0000248352,GSA_MIGRATION,2020,2021-08-02,472301996
2020-12-CENSUS-0000248352,GSA_MIGRATION,2020,2021-08-02,473109779
2020-12-CENSUS-0000248352,GSA_MIGRATION,2020,2021-08-02,473117222
2020-12-CENSUS-0000248352,GSA_MIGRATION,2020,2021-08-02,473160690
2020-12-CENSUS-0000248352,GSA_MIGRATION,2020,2021-08-02,473161218
2020-12-CENSUS-0000248352,GSA_MIGRATION,2020,2021-08-02,473204211
2020-12-CENSUS-0000248352,GSA_MIGRATION,2020,2021-08-02,473204322
2020-12-CENSUS-0000248352,GSA_MIGRATION,2020,2021-08-02,473343673
2020-12-CENSUS-0000248352,GSA_MIGRATION,2020,2021-08-02,473738398
2020-12-CENSUS-0000248352,GSA_MIGRATION,2020,2021-08-02,474277589
2020-12-CENSUS-0000248352,GSA_MIGRATION,2020,2021-08-02,474374530
2020-12-CENSUS-0000248352,GSA_MIGRATION,2020,2021-08-02,474547113
2020-12-CENSUS-0000248352,GSA_MIGRATION,2020,2021-08-02,474893851
2020-12-CENSUS-0000248352,GSA_MIGRATION,2020,2021-08-02,474975667
2020-12-CENSUS-0000248352,GSA_MIGRATION,2020,2021-08-02,475101352
2020-12-CENSUS-0000248352,GSA_MIGRATION,2020,2021-08-02,475454487
2020-12-CENSUS-0000248352,GSA_MIGRATION,2020,2021-08-02,510173326
2020-12-CENSUS-0000248352,GSA_MIGRATION,2020,2021-08-02,510445057
2020-12-CENSUS-0000248352,GSA_MIGRATION,2020,2021-08-02,510451516
2020-12-CENSUS-0000248352,GSA_MIGRATION,2020,2021-08-02,510466282
2020-12-CENSUS-0000248352,GSA_MIGRATION,2020,2021-08-02,521944982
2020-12-CENSUS-0000248352,GSA_MIGRATION,2020,2021-08-02,510476601
2020-12-CENSUS-0000248352,GSA_MIGRATION,2020,2021-08-02,510480215
2020-12-CENSUS-0000248352,GSA_MIGRATION,2020,2021-08-02,510481094
2020-12-CENSUS-0000248352,GSA_MIGRATION,2020,2021-08-02,522296328
2020-12-CENSUS-0000248352,GSA_MIGRATION,2020,2021-08-02,522296379
2020-12-CENSUS-0000248352,GSA_MIGRATION,2020,2021-08-02,522337079
2020-12-CENSUS-0000248352,GSA_MIGRATION,2020,2021-08-02,522337080
2020-12-CENSUS-0000248352,GSA_MIGRATION,2020,2021-08-02,522337082
2020-12-CENSUS-0000248352,GSA_MIGRATION,2020,2021-08-02,522337083
2020-12-CENSUS-0000248352,GSA_MIGRATION,2020,2021-08-02,522414886
2020-12-CENSUS-0000248352,GSA_MIGRATION,2020,2021-08-02,522414890
2020-12-CENSUS-0000248352,GSA_MIGRATION,2020,2021-08-02,542118292
2020-12-CENSUS-0000248352,GSA_MIGRATION,2020,2021-08-02,550827312
2020-12-CENSUS-0000248352,GSA_MIGRATION,2020,2021-08-02,562409389
2020-12-CENSUS-0000248352,GSA_MIGRATION,2020,2021-08-02,562419845
2020-12-CENSUS-0000248352,GSA_MIGRATION,2020,2021-08-02,562419848
2020-12-CENSUS-0000248352,GSA_MIGRATION,2020,2021-08-02,582669906
2020-12-CENSUS-0000248352,GSA_MIGRATION,2020,2021-08-02,582669950
2020-12-CENSUS-0000248352,GSA_MIGRATION,2020,2021-08-02,582672789
2020-12-CENSUS-0000248352,GSA_MIGRATION,2020,2021-08-02,593778611
2020-12-CENSUS-0000248352,GSA_MIGRATION,2020,2021-08-02,611316677
2020-12-CENSUS-0000248352,GSA_MIGRATION,2020,2021-08-02,611366648
2020-12-CENSUS-0000248352,GSA_MIGRATION,2020,2021-08-02,611414987
2020-12-CENSUS-0000248352,GSA_MIGRATION,2020,2021-08-02,611540896
2020-12-CENSUS-0000248352,GSA_MIGRATION,2020,2021-08-02,611710981
2020-12-CENSUS-0000248352,GSA_MIGRATION,2020,2021-08-02,611728362
2020-12-CENSUS-0000248352,GSA_MIGRATION,2020,2021-08-02,611822693
2020-12-CENSUS-0000248352,GSA_MIGRATION,2020,2021-08-02,611860266
2020-12-CENSUS-0000248352,GSA_MIGRATION,2020,2021-08-02,611953125
2020-12-CENSUS-0000248352,GSA_MIGRATION,2020,2021-08-02,651173948
2020-12-CENSUS-0000248352,GSA_MIGRATION,2020,2021-08-02,651196191
2020-12-CENSUS-0000248352,GSA_MIGRATION,2020,2021-08-02,743072208
2020-12-CENSUS-0000248352,GSA_MIGRATION,2020,2021-08-02,743072212
2020-12-CENSUS-0000248352,GSA_MIGRATION,2020,2021-08-02,743110739
2020-12-CENSUS-0000248352,GSA_MIGRATION,2020,2021-08-02,800038578
2020-12-CENSUS-0000248352,GSA_MIGRATION,2020,2021-08-02,800278042
2020-12-CENSUS-0000248352,GSA_MIGRATION,2020,2021-08-02,800776233
2020-12-CENSUS-0000248352,GSA_MIGRATION,2020,2021-08-02,800871396
2020-12-CENSUS-0000248352,GSA_MIGRATION,2020,2021-08-02,811272715
2020-12-CENSUS-0000248352,GSA_MIGRATION,2020,2021-08-02,811288250
2020-12-CENSUS-0000248352,GSA_MIGRATION,2020,2021-08-02,811433747
2020-12-CENSUS-0000248352,GSA_MIGRATION,2020,2021-08-02,812162338
2020-12-CENSUS-0000248352,GSA_MIGRATION,2020,2021-08-02,812210332
2020-12-CENSUS-0000248352,GSA_MIGRATION,2020,2021-08-02,812587922
2020-12-CENSUS-0000248352,GSA_MIGRATION,2020,2021-08-02,812620350
2020-12-CENSUS-0000248352,GSA_MIGRATION,2020,2021-08-02,812699774
2020-12-CENSUS-0000248352,GSA_MIGRATION,2020,2021-08-02,813057999
2020-12-CENSUS-0000248352,GSA_MIGRATION,2020,2021-08-02,813143213
2020-12-CENSUS-0000248352,GSA_MIGRATION,2020,2021-08-02,813540395
2020-12-CENSUS-0000248352,GSA_MIGRATION,2020,2021-08-02,813691336
2020-12-CENSUS-0000248352,GSA_MIGRATION,2020,2021-08-02,813999359
2020-12-CENSUS-0000248352,GSA_MIGRATION,2020,2021-08-02,814077859
2020-12-CENSUS-0000248352,GSA_MIGRATION,2020,2021-08-02,814898202
2020-12-CENSUS-0000248352,GSA_MIGRATION,2020,2021-08-02,815068181
2020-12-CENSUS-0000248352,GSA_MIGRATION,2020,2021-08-02,815086007
2020-12-CENSUS-0000248352,GSA_MIGRATION,2020,2021-08-02,820783580
2020-12-CENSUS-0000248352,GSA_MIGRATION,2020,2021-08-02,820986307
2020-12-CENSUS-0000248352,GSA_MIGRATION,2020,2021-08-02,821008687
2020-12-CENSUS-0000248352,GSA_MIGRATION,2020,2021-08-02,821017398
2020-12-CENSUS-0000248352,GSA_MIGRATION,2020,2021-08-02,821408441
2020-12-CENSUS-0000248352,GSA_MIGRATION,2020,2021-08-02,821488995
2020-12-CENSUS-0000248352,GSA_MIGRATION,2020,2021-08-02,821661305
2020-12-CENSUS-0000248352,GSA_MIGRATION,2020,2021-08-02,821679864
2020-12-CENSUS-0000248352,GSA_MIGRATION,2020,2021-08-02,822149005
2020-12-CENSUS-0000248352,GSA_MIGRATION,2020,2021-08-02,822199485
2020-12-CENSUS-0000248352,GSA_MIGRATION,2020,2021-08-02,822208214
2020-12-CENSUS-0000248352,GSA_MIGRATION,2020,2021-08-02,822511592
2020-12-CENSUS-0000248352,GSA_MIGRATION,2020,2021-08-02,822646339
2020-12-CENSUS-0000248352,GSA_MIGRATION,2020,2021-08-02,822756962
2020-12-CENSUS-0000248352,GSA_MIGRATION,2020,2021-08-02,822786941
2020-12-CENSUS-0000248352,GSA_MIGRATION,2020,2021-08-02,823188097
2020-12-CENSUS-0000248352,GSA_MIGRATION,2020,2021-08-02,823320007
2020-12-CENSUS-0000248352,GSA_MIGRATION,2020,2021-08-02,823362871
2020-12-CENSUS-0000248352,GSA_MIGRATION,2020,2021-08-02,823507263
2020-12-CENSUS-0000248352,GSA_MIGRATION,2020,2021-08-02,823778566
2020-12-CENSUS-0000248352,GSA_MIGRATION,2020,2021-08-02,823783840
2020-12-CENSUS-0000248352,GSA_MIGRATION,2020,2021-08-02,823784193
2020-12-CENSUS-0000248352,GSA_MIGRATION,2020,2021-08-02,824514743
2020-12-CENSUS-0000248352,GSA_MIGRATION,2020,2021-08-02,830846727
2020-12-CENSUS-0000248352,GSA_MIGRATION,2020,2021-08-02,830856336
2020-12-CENSUS-0000248352,GSA_MIGRATION,2020,2021-08-02,830875179
2020-12-CENSUS-0000248352,GSA_MIGRATION,2020,2021-08-02,830891568
2020-12-CENSUS-0000248352,GSA_MIGRATION,2020,2021-08-02,830891665
2020-12-CENSUS-0000248352,GSA_MIGRATION,2020,2021-08-02,831041591
2020-12-CENSUS-0000248352,GSA_MIGRATION,2020,2021-08-02,831393754
2020-12-CENSUS-0000248352,GSA_MIGRATION,2020,2021-08-02,831400905
2020-12-CENSUS-0000248352,GSA_MIGRATION,2020,2021-08-02,831548705
2020-12-CENSUS-0000248352,GSA_MIGRATION,2020,2021-08-02,831576737
2020-12-CENSUS-0000248352,GSA_MIGRATION,2020,2021-08-02,832312546
2020-12-CENSUS-0000248352,GSA_MIGRATION,2020,2021-08-02,832625518
2020-12-CENSUS-0000248352,GSA_MIGRATION,2020,2021-08-02,832847483
2020-12-CENSUS-0000248352,GSA_MIGRATION,2020,2021-08-02,833471760
2020-12-CENSUS-0000248352,GSA_MIGRATION,2020,2021-08-02,833498381
2020-12-CENSUS-0000248352,GSA_MIGRATION,2020,2021-08-02,834200516
2020-12-CENSUS-0000248352,GSA_MIGRATION,2020,2021-08-02,834217764
2020-12-CENSUS-0000248352,GSA_MIGRATION,2020,2021-08-02,841930556
2020-12-CENSUS-0000248352,GSA_MIGRATION,2020,2021-08-02,841953261
2020-12-CENSUS-0000248352,GSA_MIGRATION,2020,2021-08-02,843584330
2020-12-CENSUS-0000248352,GSA_MIGRATION,2020,2021-08-02,843598216
2020-12-CENSUS-0000248352,GSA_MIGRATION,2020,2021-08-02,844097782
2020-12-CENSUS-0000248352,GSA_MIGRATION,2020,2021-08-02,861092626
2020-12-CENSUS-0000248352,GSA_MIGRATION,2020,2021-08-02,900131623
2020-12-CENSUS-0000248352,GSA_MIGRATION,2020,2021-08-02,900131631
2020-12-CENSUS-0000248352,GSA_MIGRATION,2020,2021-08-02,900863839
2020-12-CENSUS-0000248352,GSA_MIGRATION,2020,2021-08-02,900890867
2020-12-CENSUS-0000248352,GSA_MIGRATION,2020,2021-08-02,900938490
2020-12-CENSUS-0000248352,GSA_MIGRATION,2020,2021-08-02,900993206
2020-12-CENSUS-0000248352,GSA_MIGRATION,2020,2021-08-02,901007792
2020-12-CENSUS-0000251037,GSA_MIGRATION,2020,2021-09-08,832981629
2020-12-CENSUS-0000251037,GSA_MIGRATION,2020,2021-09-08,833026065
2020-12-CENSUS-0000069278,GSA_MIGRATION,2020,2021-09-30,200654235
2020-12-CENSUS-0000069278,GSA_MIGRATION,2020,2021-09-30,200654472
2020-12-CENSUS-0000069278,GSA_MIGRATION,2020,2021-09-30,200655144
2020-12-CENSUS-0000069278,GSA_MIGRATION,2020,2021-09-30,200655240
2020-12-CENSUS-0000069278,GSA_MIGRATION,2020,2021-09-30,263965524
2020-12-CENSUS-0000069278,GSA_MIGRATION,2020,2021-09-30,412220807
2020-12-CENSUS-0000069278,GSA_MIGRATION,2020,2021-09-30,412220810
2016-06-CENSUS-0000176270,GSA_MIGRATION,2016,2021-02-21,546001358
2020-06-CENSUS-0000188828,GSA_MIGRATION,2020,2021-01-25,611052765
2020-06-CENSUS-0000188828,GSA_MIGRATION,2020,2021-01-25,161778188
2020-06-CENSUS-0000197894,GSA_MIGRATION,2020,2021-12-12,363981333
2020-06-CENSUS-0000218221,GSA_MIGRATION,2020,2021-01-03,464230642
2021-06-CENSUS-0000003416,GSA_MIGRATION,2021,2021-11-22,223051402
2019-06-CENSUS-0000197894,GSA_MIGRATION,2019,2021-06-09,363981333
2020-12-CENSUS-0000244924,GSA_MIGRATION,2020,2021-07-19,132976987
2020-12-CENSUS-0000244924,GSA_MIGRATION,2020,2021-07-19,352122011
2020-12-CENSUS-0000244924,GSA_MIGRATION,2020,2021-07-19,161163460
2020-06-CENSUS-0000171359,GSA_MIGRATION,2020,2021-03-24,270615592
2020-06-CENSUS-0000171359,GSA_MIGRATION,2020,2021-03-24,371559128
2020-06-CENSUS-0000171359,GSA_MIGRATION,2020,2021-03-24,520800930
2020-06-CENSUS-0000171359,GSA_MIGRATION,2020,2021-03-24,562654369
2020-06-CENSUS-0000171359,GSA_MIGRATION,2020,2021-03-24,620646576
2020-06-CENSUS-0000171359,GSA_MIGRATION,2020,2021-03-24,620646806
2020-06-CENSUS-0000171359,GSA_MIGRATION,2020,2021-03-24,620648618
2020-06-CENSUS-0000171359,GSA_MIGRATION,2020,2021-03-24,620725362
2020-06-CENSUS-0000171359,GSA_MIGRATION,2020,2021-03-24,620753450
2020-06-CENSUS-0000171359,GSA_MIGRATION,2020,2021-03-24,620762815
2020-06-CENSUS-0000171359,GSA_MIGRATION,2020,2021-03-24,620762876
2020-06-CENSUS-0000171359,GSA_MIGRATION,2020,2021-03-24,620786119
2020-06-CENSUS-0000171359,GSA_MIGRATION,2020,2021-03-24,620800916
2020-06-CENSUS-0000171359,GSA_MIGRATION,2020,2021-03-24,620807429
2020-06-CENSUS-0000171359,GSA_MIGRATION,2020,2021-03-24,620808901
2020-06-CENSUS-0000171359,GSA_MIGRATION,2020,2021-03-24,620818836
2020-06-CENSUS-0000171359,GSA_MIGRATION,2020,2021-03-24,620819102
2020-06-CENSUS-0000171359,GSA_MIGRATION,2020,2021-03-24,620877872
2020-06-CENSUS-0000171359,GSA_MIGRATION,2020,2021-03-24,620938734
2020-06-CENSUS-0000171359,GSA_MIGRATION,2020,2021-03-24,621033870
2020-06-CENSUS-0000171359,GSA_MIGRATION,2020,2021-03-24,621113186
2020-06-CENSUS-0000171359,GSA_MIGRATION,2020,2021-03-24,621172289
2020-06-CENSUS-0000171359,GSA_MIGRATION,2020,2021-03-24,621173748
2020-06-CENSUS-0000171359,GSA_MIGRATION,2020,2021-03-24,621173750
2020-06-CENSUS-0000171359,GSA_MIGRATION,2020,2021-03-24,621173859
2020-06-CENSUS-0000171359,GSA_MIGRATION,2020,2021-03-24,621173860
2020-06-CENSUS-0000171359,GSA_MIGRATION,2020,2021-03-24,621175264
2020-06-CENSUS-0000171359,GSA_MIGRATION,2020,2021-03-24,621175265
2020-06-CENSUS-0000171359,GSA_MIGRATION,2020,2021-03-24,621175267
2020-06-CENSUS-0000171359,GSA_MIGRATION,2020,2021-03-24,621179444
2020-06-CENSUS-0000171359,GSA_MIGRATION,2020,2021-03-24,621179445
2020-06-CENSUS-0000171359,GSA_MIGRATION,2020,2021-03-24,621179447
2020-06-CENSUS-0000171359,GSA_MIGRATION,2020,2021-03-24,621179459
2020-06-CENSUS-0000171359,GSA_MIGRATION,2020,2021-03-24,621183243
2020-06-CENSUS-0000171359,GSA_MIGRATION,2020,2021-03-24,621186170
2020-06-CENSUS-0000171359,GSA_MIGRATION,2020,2021-03-24,621187300
2020-06-CENSUS-0000171359,GSA_MIGRATION,2020,2021-03-24,621187305
2020-06-CENSUS-0000171359,GSA_MIGRATION,2020,2021-03-24,621188195
2020-06-CENSUS-0000171359,GSA_MIGRATION,2020,2021-03-24,621199309
2020-06-CENSUS-0000171359,GSA_MIGRATION,2020,2021-03-24,621201668
2020-06-CENSUS-0000171359,GSA_MIGRATION,2020,2021-03-24,621203232
2020-06-CENSUS-0000171359,GSA_MIGRATION,2020,2021-03-24,621218952
2020-06-CENSUS-0000171359,GSA_MIGRATION,2020,2021-03-24,621237951
2020-06-CENSUS-0000171359,GSA_MIGRATION,2020,2021-03-24,621408728
2020-06-CENSUS-0000171359,GSA_MIGRATION,2020,2021-03-24,621834818
2020-06-CENSUS-0000171359,GSA_MIGRATION,2020,2021-03-24,626001444
2020-06-CENSUS-0000171359,GSA_MIGRATION,2020,2021-03-24,626001636
2020-06-CENSUS-0000171359,GSA_MIGRATION,2020,2021-03-24,626005794
2020-06-CENSUS-0000171359,GSA_MIGRATION,2020,2021-03-24,626021046
2020-06-CENSUS-0000175887,GSA_MIGRATION,2020,2021-03-10,030390318
2020-06-CENSUS-0000175887,GSA_MIGRATION,2020,2021-03-10,141931584
2020-06-CENSUS-0000175887,GSA_MIGRATION,2020,2021-03-10,208947506
2020-06-CENSUS-0000175887,GSA_MIGRATION,2020,2021-03-10,270051429
2020-06-CENSUS-0000175887,GSA_MIGRATION,2020,2021-03-10,300687935
2020-06-CENSUS-0000175887,GSA_MIGRATION,2020,2021-03-10,311479374
2020-06-CENSUS-0000175887,GSA_MIGRATION,2020,2021-03-10,421668853
2020-06-CENSUS-0000175887,GSA_MIGRATION,2020,2021-03-10,432092359
2020-06-CENSUS-0000175887,GSA_MIGRATION,2020,2021-03-10,464296937
2020-06-CENSUS-0000175887,GSA_MIGRATION,2020,2021-03-10,540701501
2020-06-CENSUS-0000175887,GSA_MIGRATION,2020,2021-03-10,540756941
2020-06-CENSUS-0000175887,GSA_MIGRATION,2020,2021-03-10,540759063
2020-06-CENSUS-0000175887,GSA_MIGRATION,2020,2021-03-10,540805908
2020-06-CENSUS-0000175887,GSA_MIGRATION,2020,2021-03-10,540836354
2020-06-CENSUS-0000175887,GSA_MIGRATION,2020,2021-03-10,540843105
2020-06-CENSUS-0000175887,GSA_MIGRATION,2020,2021-03-10,540852528
2020-06-CENSUS-0000175887,GSA_MIGRATION,2020,2021-03-10,540896076
2020-06-CENSUS-0000175887,GSA_MIGRATION,2020,2021-03-10,540926544
2020-06-CENSUS-0000175887,GSA_MIGRATION,2020,2021-03-10,540943831
2020-06-CENSUS-0000175887,GSA_MIGRATION,2020,2021-03-10,540959533
2020-06-CENSUS-0000175887,GSA_MIGRATION,2020,2021-03-10,541056975
2020-06-CENSUS-0000175887,GSA_MIGRATION,2020,2021-03-10,541057579
2020-06-CENSUS-0000175887,GSA_MIGRATION,2020,2021-03-10,541077752
2020-06-CENSUS-0000175887,GSA_MIGRATION,2020,2021-03-10,541077761
2020-06-CENSUS-0000175887,GSA_MIGRATION,2020,2021-03-10,541083047
2020-06-CENSUS-0000175887,GSA_MIGRATION,2020,2021-03-10,541108536
2020-06-CENSUS-0000175887,GSA_MIGRATION,2020,2021-03-10,541268239
2020-06-CENSUS-0000175887,GSA_MIGRATION,2020,2021-03-10,541268245
2020-06-CENSUS-0000175887,GSA_MIGRATION,2020,2021-03-10,541268256
2020-06-CENSUS-0000175887,GSA_MIGRATION,2020,2021-03-10,541268257
2020-06-CENSUS-0000175887,GSA_MIGRATION,2020,2021-03-10,541268258
2020-06-CENSUS-0000175887,GSA_MIGRATION,2020,2021-03-10,541268263
2020-06-CENSUS-0000175887,GSA_MIGRATION,2020,2021-03-10,541268264
2020-06-CENSUS-0000175887,GSA_MIGRATION,2020,2021-03-10,541268266
2020-06-CENSUS-0000175887,GSA_MIGRATION,2020,2021-03-10,541268269
2020-06-CENSUS-0000175887,GSA_MIGRATION,2020,2021-03-10,541268271
2020-06-CENSUS-0000175887,GSA_MIGRATION,2020,2021-03-10,541268273
2020-06-CENSUS-0000175887,GSA_MIGRATION,2020,2021-03-10,541268274
2020-06-CENSUS-0000175887,GSA_MIGRATION,2020,2021-03-10,541268276
2020-06-CENSUS-0000175887,GSA_MIGRATION,2020,2021-03-10,541268277
2020-06-CENSUS-0000175887,GSA_MIGRATION,2020,2021-03-10,541268278
2020-06-CENSUS-0000175887,GSA_MIGRATION,2020,2021-03-10,541268283
2020-06-CENSUS-0000175887,GSA_MIGRATION,2020,2021-03-10,541268284
2020-06-CENSUS-0000175887,GSA_MIGRATION,2020,2021-03-10,541268286
2020-06-CENSUS-0000175887,GSA_MIGRATION,2020,2021-03-10,541268289
2020-06-CENSUS-0000175887,GSA_MIGRATION,2020,2021-03-10,541268292
2020-06-CENSUS-0000175887,GSA_MIGRATION,2020,2021-03-10,541268293
2020-06-CENSUS-0000175887,GSA_MIGRATION,2020,2021-03-10,541268294
2020-06-CENSUS-0000175887,GSA_MIGRATION,2020,2021-03-10,541269325
2020-06-CENSUS-0000175887,GSA_MIGRATION,2020,2021-03-10,541282820
2020-06-CENSUS-0000175887,GSA_MIGRATION,2020,2021-03-10,541297967
2020-06-CENSUS-0000175887,GSA_MIGRATION,2020,2021-03-10,541300845
2020-06-CENSUS-0000175887,GSA_MIGRATION,2020,2021-03-10,541308981
2020-06-CENSUS-0000175887,GSA_MIGRATION,2020,2021-03-10,541376423
2020-06-CENSUS-0000175887,GSA_MIGRATION,2020,2021-03-10,541376745
2020-06-CENSUS-0000175887,GSA_MIGRATION,2020,2021-03-10,541444164
2020-06-CENSUS-0000175887,GSA_MIGRATION,2020,2021-03-10,541469695
2020-06-CENSUS-0000175887,GSA_MIGRATION,2020,2021-03-10,541534572
2020-06-CENSUS-0000175887,GSA_MIGRATION,2020,2021-03-10,541544298
2020-06-CENSUS-0000175887,GSA_MIGRATION,2020,2021-03-10,541624385
2020-06-CENSUS-0000175887,GSA_MIGRATION,2020,2021-03-10,541625991
2020-06-CENSUS-0000175887,GSA_MIGRATION,2020,2021-03-10,541629864
2020-06-CENSUS-0000175887,GSA_MIGRATION,2020,2021-03-10,541661753
2020-06-CENSUS-0000175887,GSA_MIGRATION,2020,2021-03-10,541800314
2020-06-CENSUS-0000175887,GSA_MIGRATION,2020,2021-03-10,541992521
2020-06-CENSUS-0000175887,GSA_MIGRATION,2020,2021-03-10,546000814
2020-06-CENSUS-0000175887,GSA_MIGRATION,2020,2021-03-10,546000884
2020-06-CENSUS-0000175887,GSA_MIGRATION,2020,2021-03-10,546001702
2020-06-CENSUS-0000175887,GSA_MIGRATION,2020,2021-03-10,546001703
2020-06-CENSUS-0000175887,GSA_MIGRATION,2020,2021-03-10,546001707
2020-06-CENSUS-0000175887,GSA_MIGRATION,2020,2021-03-10,546001710
2020-06-CENSUS-0000175887,GSA_MIGRATION,2020,2021-03-10,546001718
2020-06-CENSUS-0000175887,GSA_MIGRATION,2020,2021-03-10,546001720
2020-06-CENSUS-0000175887,GSA_MIGRATION,2020,2021-03-10,546001721
2020-06-CENSUS-0000175887,GSA_MIGRATION,2020,2021-03-10,546001722
2020-06-CENSUS-0000175887,GSA_MIGRATION,2020,2021-03-10,546001730
2020-06-CENSUS-0000175887,GSA_MIGRATION,2020,2021-03-10,546001731
2020-06-CENSUS-0000175887,GSA_MIGRATION,2020,2021-03-10,546001732
2020-06-CENSUS-0000175887,GSA_MIGRATION,2020,2021-03-10,546001733
2020-06-CENSUS-0000175887,GSA_MIGRATION,2020,2021-03-10,546001734
2020-06-CENSUS-0000175887,GSA_MIGRATION,2020,2021-03-10,546001735
2020-06-CENSUS-0000175887,GSA_MIGRATION,2020,2021-03-10,546001739
2020-06-CENSUS-0000175887,GSA_MIGRATION,2020,2021-03-10,546001740
2020-06-CENSUS-0000175887,GSA_MIGRATION,2020,2021-03-10,546001745
2020-06-CENSUS-0000175887,GSA_MIGRATION,2020,2021-03-10,546001747
2020-06-CENSUS-0000175887,GSA_MIGRATION,2020,2021-03-10,546001748
2020-06-CENSUS-0000175887,GSA_MIGRATION,2020,2021-03-10,546001751
2020-06-CENSUS-0000175887,GSA_MIGRATION,2020,2021-03-10,546001756
2020-06-CENSUS-0000175887,GSA_MIGRATION,2020,2021-03-10,546001757
2020-06-CENSUS-0000175887,GSA_MIGRATION,2020,2021-03-10,546001758
2020-06-CENSUS-0000175887,GSA_MIGRATION,2020,2021-03-10,546001771
2020-06-CENSUS-0000175887,GSA_MIGRATION,2020,2021-03-10,546001772
2020-06-CENSUS-0000175887,GSA_MIGRATION,2020,2021-03-10,546001775
2020-06-CENSUS-0000175887,GSA_MIGRATION,2020,2021-03-10,546001780
2020-06-CENSUS-0000175887,GSA_MIGRATION,2020,2021-03-10,546001788
2020-06-CENSUS-0000175887,GSA_MIGRATION,2020,2021-03-10,546001789
2020-06-CENSUS-0000175887,GSA_MIGRATION,2020,2021-03-10,546001795
2020-06-CENSUS-0000175887,GSA_MIGRATION,2020,2021-03-10,546001796
2020-06-CENSUS-0000175887,GSA_MIGRATION,2020,2021-03-10,546001800
2020-06-CENSUS-0000175887,GSA_MIGRATION,2020,2021-03-10,546001802
2020-06-CENSUS-0000175887,GSA_MIGRATION,2020,2021-03-10,546001803
2020-06-CENSUS-0000175887,GSA_MIGRATION,2020,2021-03-10,546001804
2020-06-CENSUS-0000175887,GSA_MIGRATION,2020,2021-03-10,546001805
2020-06-CENSUS-0000175887,GSA_MIGRATION,2020,2021-03-10,546001809
2020-06-CENSUS-0000175887,GSA_MIGRATION,2020,2021-03-10,546001811
2020-06-CENSUS-0000175887,GSA_MIGRATION,2020,2021-03-10,546001813
2020-06-CENSUS-0000175887,GSA_MIGRATION,2020,2021-03-10,546002262
2020-06-CENSUS-0000175887,GSA_MIGRATION,2020,2021-03-10,546002286
2020-06-CENSUS-0000175887,GSA_MIGRATION,2020,2021-03-10,546002808
2020-06-CENSUS-0000175887,GSA_MIGRATION,2020,2021-03-10,546004497
2020-06-CENSUS-0000175887,GSA_MIGRATION,2020,2021-03-10,546020516
2020-06-CENSUS-0000175887,GSA_MIGRATION,2020,2021-03-10,546022061
2020-06-CENSUS-0000175887,GSA_MIGRATION,2020,2021-03-10,546022077
2020-06-CENSUS-0000175887,GSA_MIGRATION,2020,2021-03-10,546024817
2020-06-CENSUS-0000175887,GSA_MIGRATION,2020,2021-03-10,546025768
2020-06-CENSUS-0000175887,GSA_MIGRATION,2020,2021-03-10,546026876
2020-06-CENSUS-0000175887,GSA_MIGRATION,2020,2021-03-10,611505770
2020-06-CENSUS-0000181658,GSA_MIGRATION,2020,2021-08-01,060772160
2020-06-CENSUS-0000181658,GSA_MIGRATION,2020,2021-08-01,060775515
2020-06-CENSUS-0000181658,GSA_MIGRATION,2020,2021-08-01,061267035
2020-06-CENSUS-0000181658,GSA_MIGRATION,2020,2021-08-01,061268137
2020-06-CENSUS-0000181658,GSA_MIGRATION,2020,2021-08-01,061269050
2020-06-CENSUS-0000181658,GSA_MIGRATION,2020,2021-08-01,061274678
2020-06-CENSUS-0000181658,GSA_MIGRATION,2020,2021-08-01,061277236
2020-06-CENSUS-0000181658,GSA_MIGRATION,2020,2021-08-01,061277820
2020-06-CENSUS-0000181658,GSA_MIGRATION,2020,2021-08-01,061303381
2020-06-CENSUS-0000181658,GSA_MIGRATION,2020,2021-08-01,061304421
2020-06-CENSUS-0000181658,GSA_MIGRATION,2020,2021-08-01,061307006
2020-06-CENSUS-0000181658,GSA_MIGRATION,2020,2021-08-01,061311451
2020-06-CENSUS-0000181658,GSA_MIGRATION,2020,2021-08-01,061322094
2020-06-CENSUS-0000181658,GSA_MIGRATION,2020,2021-08-01,061355055
2020-06-CENSUS-0000181658,GSA_MIGRATION,2020,2021-08-01,061359687
2020-06-CENSUS-0000181658,GSA_MIGRATION,2020,2021-08-01,061360755
2020-06-CENSUS-0000181658,GSA_MIGRATION,2020,2021-08-01,061363115
2020-06-CENSUS-0000181658,GSA_MIGRATION,2020,2021-08-01,061380598
2020-06-CENSUS-0000181658,GSA_MIGRATION,2020,2021-08-01,061398052
2020-06-CENSUS-0000181658,GSA_MIGRATION,2020,2021-08-01,061422762
2020-06-CENSUS-0000181658,GSA_MIGRATION,2020,2021-08-01,061423798
2020-06-CENSUS-0000181658,GSA_MIGRATION,2020,2021-08-01,061424839
2020-06-CENSUS-0000181658,GSA_MIGRATION,2020,2021-08-01,061425662
2020-06-CENSUS-0000181658,GSA_MIGRATION,2020,2021-08-01,061425725
2020-06-CENSUS-0000181658,GSA_MIGRATION,2020,2021-08-01,061438676
2020-06-CENSUS-0000181658,GSA_MIGRATION,2020,2021-08-01,066268897
2020-06-CENSUS-0000181658,GSA_MIGRATION,2020,2021-08-01,134310869
2020-06-CENSUS-0000181658,GSA_MIGRATION,2020,2021-08-01,300566789
2020-06-CENSUS-0000181658,GSA_MIGRATION,2020,2021-08-01,320159889
2020-06-CENSUS-0000181658,GSA_MIGRATION,2020,2021-08-01,320410548
2020-06-CENSUS-0000181658,GSA_MIGRATION,2020,2021-08-01,352343776
2020-06-CENSUS-0000181658,GSA_MIGRATION,2020,2021-08-01,371602528
2020-06-CENSUS-0000181658,GSA_MIGRATION,2020,2021-08-01,371602533
2020-06-CENSUS-0000181658,GSA_MIGRATION,2020,2021-08-01,421678331
2020-06-CENSUS-0000181658,GSA_MIGRATION,2020,2021-08-01,452746525
2020-06-CENSUS-0000181658,GSA_MIGRATION,2020,2021-08-01,454078714
2020-06-CENSUS-0000181658,GSA_MIGRATION,2020,2021-08-01,462796782
2020-06-CENSUS-0000181658,GSA_MIGRATION,2020,2021-08-01,463092102
2020-06-CENSUS-0000181658,GSA_MIGRATION,2020,2021-08-01,521725543
2020-06-CENSUS-0000181658,GSA_MIGRATION,2020,2021-08-01,593787310
2020-06-CENSUS-0000181658,GSA_MIGRATION,2020,2021-08-01,611605584
2020-06-CENSUS-0000181658,GSA_MIGRATION,2020,2021-08-01,611615965
2020-06-CENSUS-0000181658,GSA_MIGRATION,2020,2021-08-01,611615971
2020-06-CENSUS-0000181658,GSA_MIGRATION,2020,2021-08-01,611615972
2020-06-CENSUS-0000181658,GSA_MIGRATION,2020,2021-08-01,760729241
2020-06-CENSUS-0000181658,GSA_MIGRATION,2020,2021-08-01,861154163
2020-06-CENSUS-0000134720,GSA_MIGRATION,2020,2021-07-13,262374576
2020-06-CENSUS-0000134720,GSA_MIGRATION,2020,2021-07-13,383721881
2020-06-CENSUS-0000134720,GSA_MIGRATION,2020,2021-07-13,811725341
2020-06-CENSUS-0000134720,GSA_MIGRATION,2020,2021-07-13,840517947
2020-06-CENSUS-0000134720,GSA_MIGRATION,2020,2021-07-13,840559160
2020-06-CENSUS-0000134720,GSA_MIGRATION,2020,2021-07-13,840600334
2020-06-CENSUS-0000134720,GSA_MIGRATION,2020,2021-07-13,846000542
2020-06-CENSUS-0000134720,GSA_MIGRATION,2020,2021-07-13,846000545
2020-06-CENSUS-0000134720,GSA_MIGRATION,2020,2021-07-13,846000546
2020-06-CENSUS-0000134720,GSA_MIGRATION,2020,2021-07-13,846000551
2020-06-CENSUS-0000134720,GSA_MIGRATION,2020,2021-07-13,846000555
2020-06-CENSUS-0000134720,GSA_MIGRATION,2020,2021-07-13,846000556
2020-06-CENSUS-0000134720,GSA_MIGRATION,2020,2021-07-13,846000558
2020-06-CENSUS-0000134720,GSA_MIGRATION,2020,2021-07-13,846000574
2020-06-CENSUS-0000134720,GSA_MIGRATION,2020,2021-07-13,846001656
2020-12-CENSUS-0000091688,GSA_MIGRATION,2020,2021-06-17,204343628
2020-12-CENSUS-0000246449,GSA_MIGRATION,2020,2021-11-28,910433740
2020-12-CENSUS-0000246449,GSA_MIGRATION,2020,2021-11-28,910433742
2020-12-CENSUS-0000246449,GSA_MIGRATION,2020,2021-11-28,237056976
2020-12-CENSUS-0000246449,GSA_MIGRATION,2020,2021-11-28,510216586
2020-12-CENSUS-0000246449,GSA_MIGRATION,2020,2021-11-28,510216587
2020-12-CENSUS-0000246449,GSA_MIGRATION,2020,2021-11-28,510216589
2020-12-CENSUS-0000246449,GSA_MIGRATION,2020,2021-11-28,510224944
2020-12-CENSUS-0000246449,GSA_MIGRATION,2020,2021-11-28,611591534
2020-12-CENSUS-0000246449,GSA_MIGRATION,2020,2021-11-28,611591535
2020-12-CENSUS-0000246449,GSA_MIGRATION,2020,2021-11-28,272305304
2020-12-CENSUS-0000246449,GSA_MIGRATION,2020,2021-11-28,300502262
2020-12-CENSUS-0000246449,GSA_MIGRATION,2020,2021-11-28,320260353
2020-12-CENSUS-0000246449,GSA_MIGRATION,2020,2021-11-28,352345508
2020-12-CENSUS-0000246449,GSA_MIGRATION,2020,2021-11-28,611570502
2020-12-CENSUS-0000246449,GSA_MIGRATION,2020,2021-11-28,611588294
2020-12-CENSUS-0000246449,GSA_MIGRATION,2020,2021-11-28,810231793
2020-12-CENSUS-0000246449,GSA_MIGRATION,2020,2021-11-28,910573108
2020-12-CENSUS-0000246449,GSA_MIGRATION,2020,2021-11-28,910655392
2020-12-CENSUS-0000246449,GSA_MIGRATION,2020,2021-11-28,810463482
2020-12-CENSUS-0000246449,GSA_MIGRATION,2020,2021-11-28,910433741
2020-12-CENSUS-0000246449,GSA_MIGRATION,2020,2021-11-28,910565557
2020-12-CENSUS-0000246449,GSA_MIGRATION,2020,2021-11-28,910567732
2020-12-CENSUS-0000246449,GSA_MIGRATION,2020,2021-11-28,910567733
2020-12-CENSUS-0000246449,GSA_MIGRATION,2020,2021-11-28,910568303
2020-12-CENSUS-0000246449,GSA_MIGRATION,2020,2021-11-28,911307555
2020-12-CENSUS-0000246449,GSA_MIGRATION,2020,2021-11-28,911784793
2020-12-CENSUS-0000246449,GSA_MIGRATION,2020,2021-11-28,920016429
2020-12-CENSUS-0000246449,GSA_MIGRATION,2020,2021-11-28,920094231
2020-12-CENSUS-0000246449,GSA_MIGRATION,2020,2021-11-28,920174248
2020-12-CENSUS-0000246449,GSA_MIGRATION,2020,2021-11-28,930386889
2020-12-CENSUS-0000246449,GSA_MIGRATION,2020,2021-11-28,930386906
2020-12-CENSUS-0000246449,GSA_MIGRATION,2020,2021-11-28,930386912
2020-12-CENSUS-0000246449,GSA_MIGRATION,2020,2021-11-28,930386929
2020-12-CENSUS-0000246449,GSA_MIGRATION,2020,2021-11-28,930796060
2020-12-CENSUS-0000246449,GSA_MIGRATION,2020,2021-11-28,930823489
2020-12-CENSUS-0000246449,GSA_MIGRATION,2020,2021-11-28,931146501
2020-12-CENSUS-0000246449,GSA_MIGRATION,2020,2021-11-28,931265038
2020-12-CENSUS-0000246449,GSA_MIGRATION,2020,2021-11-28,951675600
2020-12-CENSUS-0000246449,GSA_MIGRATION,2020,2021-11-28,951684082
2020-12-CENSUS-0000246449,GSA_MIGRATION,2020,2021-11-28,954291515
2020-12-CENSUS-0000246449,GSA_MIGRATION,2020,2021-11-28,954582647
2020-12-CENSUS-0000246449,GSA_MIGRATION,2020,2021-11-28,951643360
2020-12-CENSUS-0000246449,GSA_MIGRATION,2020,2021-11-28,951643359
2020-12-CENSUS-0000246449,GSA_MIGRATION,2020,2021-11-28,951914489
2020-12-CENSUS-0000246449,GSA_MIGRATION,2020,2021-11-28,814791043
2020-12-CENSUS-0000246449,GSA_MIGRATION,2020,2021-11-28,922913146
2020-12-CENSUS-0000246449,GSA_MIGRATION,2020,2021-11-28,205033419
2020-12-CENSUS-0000246449,GSA_MIGRATION,2020,2021-11-28,951643325
2020-12-CENSUS-0000246449,GSA_MIGRATION,2020,2021-11-28,951643327
2020-12-CENSUS-0000246449,GSA_MIGRATION,2020,2021-11-28,260115489
2020-12-CENSUS-0000246449,GSA_MIGRATION,2020,2021-11-28,942779313
2020-12-CENSUS-0000241554,GSA_MIGRATION,2020,2021-07-21,456007239
2020-06-CENSUS-0000250488,GSA_MIGRATION,2020,2021-05-04,161337423
2020-06-CENSUS-0000176362,GSA_MIGRATION,2020,2021-06-02,043816400
2020-06-CENSUS-0000176362,GSA_MIGRATION,2020,2021-06-02,202868303
2020-06-CENSUS-0000176362,GSA_MIGRATION,2020,2021-06-02,352671308
2020-06-CENSUS-0000176362,GSA_MIGRATION,2020,2021-06-02,364824048
2020-06-CENSUS-0000176362,GSA_MIGRATION,2020,2021-06-02,452096870
2020-06-CENSUS-0000176362,GSA_MIGRATION,2020,2021-06-02,455122913
2020-06-CENSUS-0000176362,GSA_MIGRATION,2020,2021-06-02,611530469
2020-06-CENSUS-0000176362,GSA_MIGRATION,2020,2021-06-02,823847397
2020-06-CENSUS-0000176362,GSA_MIGRATION,2020,2021-06-02,910589346
2020-06-CENSUS-0000176362,GSA_MIGRATION,2020,2021-06-02,910671107
2020-06-CENSUS-0000176362,GSA_MIGRATION,2020,2021-06-02,910742228
2020-06-CENSUS-0000176362,GSA_MIGRATION,2020,2021-06-02,910752489
2020-06-CENSUS-0000176362,GSA_MIGRATION,2020,2021-06-02,910759103
2020-06-CENSUS-0000176362,GSA_MIGRATION,2020,2021-06-02,910783884
2020-06-CENSUS-0000176362,GSA_MIGRATION,2020,2021-06-02,910814013
2020-06-CENSUS-0000176362,GSA_MIGRATION,2020,2021-06-02,910817705
2020-06-CENSUS-0000176362,GSA_MIGRATION,2020,2021-06-02,910819265
2020-06-CENSUS-0000176362,GSA_MIGRATION,2020,2021-06-02,910821742
2020-06-CENSUS-0000176362,GSA_MIGRATION,2020,2021-06-02,910821964
2020-06-CENSUS-0000176362,GSA_MIGRATION,2020,2021-06-02,910821972
2020-06-CENSUS-0000176362,GSA_MIGRATION,2020,2021-06-02,910822539
2020-06-CENSUS-0000176362,GSA_MIGRATION,2020,2021-06-02,910822848
2020-06-CENSUS-0000176362,GSA_MIGRATION,2020,2021-06-02,910823201
2020-06-CENSUS-0000176362,GSA_MIGRATION,2020,2021-06-02,910823636
2020-06-CENSUS-0000176362,GSA_MIGRATION,2020,2021-06-02,910823768
2020-06-CENSUS-0000176362,GSA_MIGRATION,2020,2021-06-02,910823820
2020-06-CENSUS-0000176362,GSA_MIGRATION,2020,2021-06-02,910824167
2020-06-CENSUS-0000176362,GSA_MIGRATION,2020,2021-06-02,910824213
2020-06-CENSUS-0000176362,GSA_MIGRATION,2020,2021-06-02,910824589
2020-06-CENSUS-0000176362,GSA_MIGRATION,2020,2021-06-02,910824677
2020-06-CENSUS-0000176362,GSA_MIGRATION,2020,2021-06-02,910824678
2020-06-CENSUS-0000176362,GSA_MIGRATION,2020,2021-06-02,910825212
2020-06-CENSUS-0000176362,GSA_MIGRATION,2020,2021-06-02,910826533
2020-06-CENSUS-0000176362,GSA_MIGRATION,2020,2021-06-02,910826741
2020-06-CENSUS-0000176362,GSA_MIGRATION,2020,2021-06-02,910826872
2020-06-CENSUS-0000176362,GSA_MIGRATION,2020,2021-06-02,910855768
2020-06-CENSUS-0000176362,GSA_MIGRATION,2020,2021-06-02,910872024
2020-06-CENSUS-0000176362,GSA_MIGRATION,2020,2021-06-02,910899903
2020-06-CENSUS-0000176362,GSA_MIGRATION,2020,2021-06-02,910969074
2020-06-CENSUS-0000176362,GSA_MIGRATION,2020,2021-06-02,911001714
2020-06-CENSUS-0000176362,GSA_MIGRATION,2020,2021-06-02,911004770
2020-06-CENSUS-0000176362,GSA_MIGRATION,2020,2021-06-02,911142111
2020-06-CENSUS-0000176362,GSA_MIGRATION,2020,2021-06-02,911211183
2020-06-CENSUS-0000176362,GSA_MIGRATION,2020,2021-06-02,911214646
2020-06-CENSUS-0000176362,GSA_MIGRATION,2020,2021-06-02,911340762
2020-06-CENSUS-0000176362,GSA_MIGRATION,2020,2021-06-02,911409321
2020-06-CENSUS-0000176362,GSA_MIGRATION,2020,2021-06-02,911412780
2020-06-CENSUS-0000176362,GSA_MIGRATION,2020,2021-06-02,911443137
2020-06-CENSUS-0000176362,GSA_MIGRATION,2020,2021-06-02,911444603
2020-06-CENSUS-0000176362,GSA_MIGRATION,2020,2021-06-02,911508468
2020-06-CENSUS-0000176362,GSA_MIGRATION,2020,2021-06-02,911522175
2020-06-CENSUS-0000176362,GSA_MIGRATION,2020,2021-06-02,911523302
2020-06-CENSUS-0000176362,GSA_MIGRATION,2020,2021-06-02,911523641
2020-06-CENSUS-0000176362,GSA_MIGRATION,2020,2021-06-02,911526457
2020-06-CENSUS-0000176362,GSA_MIGRATION,2020,2021-06-02,911526618
2020-06-CENSUS-0000176362,GSA_MIGRATION,2020,2021-06-02,911632572
2020-06-CENSUS-0000176362,GSA_MIGRATION,2020,2021-06-02,911727284
2020-06-CENSUS-0000176362,GSA_MIGRATION,2020,2021-06-02,911874730
2020-06-CENSUS-0000176362,GSA_MIGRATION,2020,2021-06-02,912010540
2020-06-CENSUS-0000176362,GSA_MIGRATION,2020,2021-06-02,912152443
2020-06-CENSUS-0000176362,GSA_MIGRATION,2020,2021-06-02,916000562
2020-06-CENSUS-0000176362,GSA_MIGRATION,2020,2021-06-02,916000618
2020-06-CENSUS-0000176362,GSA_MIGRATION,2020,2021-06-02,916000624
2020-06-CENSUS-0000176362,GSA_MIGRATION,2020,2021-06-02,916001060
2020-06-CENSUS-0000176362,GSA_MIGRATION,2020,2021-06-02,916001062
2020-06-CENSUS-0000176362,GSA_MIGRATION,2020,2021-06-02,916001063
2020-06-CENSUS-0000176362,GSA_MIGRATION,2020,2021-06-02,916001069
2020-06-CENSUS-0000176362,GSA_MIGRATION,2020,2021-06-02,916001071
2020-06-CENSUS-0000176362,GSA_MIGRATION,2020,2021-06-02,916001078
2020-06-CENSUS-0000176362,GSA_MIGRATION,2020,2021-06-02,916001084
2020-06-CENSUS-0000176362,GSA_MIGRATION,2020,2021-06-02,916001088
2020-06-CENSUS-0000176362,GSA_MIGRATION,2020,2021-06-02,916001090
2020-06-CENSUS-0000176362,GSA_MIGRATION,2020,2021-06-02,916001093
2020-06-CENSUS-0000176362,GSA_MIGRATION,2020,2021-06-02,916001095
2020-06-CENSUS-0000176362,GSA_MIGRATION,2020,2021-06-02,916001099
2020-06-CENSUS-0000176362,GSA_MIGRATION,2020,2021-06-02,916001106
2020-06-CENSUS-0000176362,GSA_MIGRATION,2020,2021-06-02,916001107
2020-06-CENSUS-0000176362,GSA_MIGRATION,2020,2021-06-02,916001108
2020-06-CENSUS-0000176362,GSA_MIGRATION,2020,2021-06-02,916001109
2020-06-CENSUS-0000176362,GSA_MIGRATION,2020,2021-06-02,916001112
2020-06-CENSUS-0000176362,GSA_MIGRATION,2020,2021-06-02,916001118
2020-06-CENSUS-0000176362,GSA_MIGRATION,2020,2021-06-02,916001121
2020-06-CENSUS-0000176362,GSA_MIGRATION,2020,2021-06-02,916001127
2020-06-CENSUS-0000176362,GSA_MIGRATION,2020,2021-06-02,916001211
2020-06-CENSUS-0000176362,GSA_MIGRATION,2020,2021-06-02,916001537
2020-06-CENSUS-0000176362,GSA_MIGRATION,2020,2021-06-02,916001658
2020-06-CENSUS-0000176362,GSA_MIGRATION,2020,2021-06-02,916012771
2020-06-CENSUS-0000176362,GSA_MIGRATION,2020,2021-06-02,916013419
2020-06-CENSUS-0000176362,GSA_MIGRATION,2020,2021-06-02,916072664
2020-06-CENSUS-0000025515,GSA_MIGRATION,2020,2021-05-10,231352000
2020-06-CENSUS-0000005982,GSA_MIGRATION,2020,2021-03-09,050465628
2021-06-CENSUS-0000005982,GSA_MIGRATION,2021,2021-10-20,050465628
2020-06-CENSUS-0000182454,GSA_MIGRATION,2020,2021-02-01,626000573
2020-06-CENSUS-0000182454,GSA_MIGRATION,2020,2021-02-01,626000571
2020-06-CENSUS-0000175013,GSA_MIGRATION,2020,2021-07-08,870294483
2020-06-CENSUS-0000175013,GSA_MIGRATION,2020,2021-07-08,870342144
2020-06-CENSUS-0000175013,GSA_MIGRATION,2020,2021-07-08,876000488
2020-06-CENSUS-0000175013,GSA_MIGRATION,2020,2021-07-08,203212820
2020-06-CENSUS-0000175013,GSA_MIGRATION,2020,2021-07-08,412126821
2020-06-CENSUS-0000175013,GSA_MIGRATION,2020,2021-07-08,870381952
2020-06-CENSUS-0000175013,GSA_MIGRATION,2020,2021-07-08,876000448
2020-06-CENSUS-0000175013,GSA_MIGRATION,2020,2021-07-08,876000517
2020-06-CENSUS-0000175013,GSA_MIGRATION,2020,2021-07-08,876000481
2020-06-CENSUS-0000175013,GSA_MIGRATION,2020,2021-07-08,870742514
2020-06-CENSUS-0000175013,GSA_MIGRATION,2020,2021-07-08,870632052
2020-06-CENSUS-0000175013,GSA_MIGRATION,2020,2021-07-08,870293396
2020-06-CENSUS-0000175013,GSA_MIGRATION,2020,2021-07-08,870587139
2020-06-CENSUS-0000175013,GSA_MIGRATION,2020,2021-07-08,876112280
2020-06-CENSUS-0000175013,GSA_MIGRATION,2020,2021-07-08,876000525
2020-06-CENSUS-0000175013,GSA_MIGRATION,2020,2021-07-08,870276385
2020-06-CENSUS-0000175013,GSA_MIGRATION,2020,2021-07-08,876000528
2020-06-CENSUS-0000175013,GSA_MIGRATION,2020,2021-07-08,870280648
2020-06-CENSUS-0000175013,GSA_MIGRATION,2020,2021-07-08,876000535
2020-06-CENSUS-0000196737,GSA_MIGRATION,2020,2021-01-06,626000915
2020-08-CENSUS-0000015175,GSA_MIGRATION,2020,2021-07-09,135562309
2020-06-CENSUS-0000166054,GSA_MIGRATION,2020,2021-03-31,930600166
2020-06-CENSUS-0000129783,GSA_MIGRATION,2020,2021-06-02,926000147
2020-06-CENSUS-0000129783,GSA_MIGRATION,2020,2021-06-02,920047291
2020-06-CENSUS-0000129783,GSA_MIGRATION,2020,2021-06-02,920047921
2020-06-CENSUS-0000152133,GSA_MIGRATION,2020,2021-07-28,640432217
2020-06-CENSUS-0000152133,GSA_MIGRATION,2020,2021-07-28,646000740
2020-06-CENSUS-0000152133,GSA_MIGRATION,2020,2021-07-28,646000814
2020-06-CENSUS-0000152133,GSA_MIGRATION,2020,2021-07-28,646000837
2020-06-CENSUS-0000152133,GSA_MIGRATION,2020,2021-07-28,646000758
2020-06-CENSUS-0000152133,GSA_MIGRATION,2020,2021-07-28,646000791
2020-06-CENSUS-0000152133,GSA_MIGRATION,2020,2021-07-28,640726601
2020-06-CENSUS-0000152133,GSA_MIGRATION,2020,2021-07-28,646000775
2020-06-CENSUS-0000152133,GSA_MIGRATION,2020,2021-07-28,646000734
2020-06-CENSUS-0000152133,GSA_MIGRATION,2020,2021-07-28,646000805
2020-06-CENSUS-0000152133,GSA_MIGRATION,2020,2021-07-28,646000766
2020-06-CENSUS-0000152133,GSA_MIGRATION,2020,2021-07-28,646000793
2020-06-CENSUS-0000152133,GSA_MIGRATION,2020,2021-07-28,646000736
2020-06-CENSUS-0000152133,GSA_MIGRATION,2020,2021-07-28,640844747
2020-06-CENSUS-0000152133,GSA_MIGRATION,2020,2021-07-28,646000771
2020-06-CENSUS-0000152133,GSA_MIGRATION,2020,2021-07-28,640628588
2020-06-CENSUS-0000152133,GSA_MIGRATION,2020,2021-07-28,640629297
2020-06-CENSUS-0000152133,GSA_MIGRATION,2020,2021-07-28,646000738
2020-06-CENSUS-0000152133,GSA_MIGRATION,2020,2021-07-28,640433542
2020-06-CENSUS-0000152133,GSA_MIGRATION,2020,2021-07-28,646000801
2020-06-CENSUS-0000152133,GSA_MIGRATION,2020,2021-07-28,646000786
2020-06-CENSUS-0000152133,GSA_MIGRATION,2020,2021-07-28,640476393
2020-06-CENSUS-0000152133,GSA_MIGRATION,2020,2021-07-28,646000760
2020-06-CENSUS-0000152133,GSA_MIGRATION,2020,2021-07-28,646000807
2020-06-CENSUS-0000152133,GSA_MIGRATION,2020,2021-07-28,640472793
2020-06-CENSUS-0000152133,GSA_MIGRATION,2020,2021-07-28,646004791
2020-06-CENSUS-0000152133,GSA_MIGRATION,2020,2021-07-28,640470066
2020-06-CENSUS-0000152133,GSA_MIGRATION,2020,2021-07-28,646000765
2020-06-CENSUS-0000152133,GSA_MIGRATION,2020,2021-07-28,646000799
2020-06-CENSUS-0000152133,GSA_MIGRATION,2020,2021-07-28,646000777
2020-06-CENSUS-0000152133,GSA_MIGRATION,2020,2021-07-28,640518859
2020-06-CENSUS-0000152133,GSA_MIGRATION,2020,2021-07-28,646000838
2020-06-CENSUS-0000152133,GSA_MIGRATION,2020,2021-07-28,646000806
2020-06-CENSUS-0000152133,GSA_MIGRATION,2020,2021-07-28,646010673
2020-06-CENSUS-0000152133,GSA_MIGRATION,2020,2021-07-28,640500688
2020-06-CENSUS-0000152133,GSA_MIGRATION,2020,2021-07-28,646000776
2020-06-CENSUS-0000152133,GSA_MIGRATION,2020,2021-07-28,640546351
2020-06-CENSUS-0000152133,GSA_MIGRATION,2020,2021-07-28,646001618
2020-06-CENSUS-0000152133,GSA_MIGRATION,2020,2021-07-28,640440453
2020-06-CENSUS-0000152133,GSA_MIGRATION,2020,2021-07-28,640444777
2020-06-CENSUS-0000152133,GSA_MIGRATION,2020,2021-07-28,640501333
2020-06-CENSUS-0000152133,GSA_MIGRATION,2020,2021-07-28,640522302
2020-06-CENSUS-0000152133,GSA_MIGRATION,2020,2021-07-28,640668489
2020-06-CENSUS-0000152133,GSA_MIGRATION,2020,2021-07-28,640834099
2020-06-CENSUS-0000152133,GSA_MIGRATION,2020,2021-07-28,640892355
2020-06-CENSUS-0000152133,GSA_MIGRATION,2020,2021-07-28,640946394
2020-06-CENSUS-0000152133,GSA_MIGRATION,2020,2021-07-28,646000746
2020-06-CENSUS-0000152133,GSA_MIGRATION,2020,2021-07-28,646000832
2020-06-CENSUS-0000152133,GSA_MIGRATION,2020,2021-07-28,646011635
2020-06-CENSUS-0000152133,GSA_MIGRATION,2020,2021-07-28,646013063
2020-06-CENSUS-0000250736,GSA_MIGRATION,2020,2021-06-28,526056274
2020-06-CENSUS-0000250736,GSA_MIGRATION,2020,2021-06-28,520608007
2020-06-CENSUS-0000250736,GSA_MIGRATION,2020,2021-06-28,520591607
2020-06-CENSUS-0000250736,GSA_MIGRATION,2020,2021-06-28,520491660
2020-06-CENSUS-0000250736,GSA_MIGRATION,2020,2021-06-28,521542230
2020-06-CENSUS-0000250736,GSA_MIGRATION,2020,2021-06-28,522218584
2020-06-CENSUS-0000250736,GSA_MIGRATION,2020,2021-06-28,710958897
2020-06-CENSUS-0000250736,GSA_MIGRATION,2020,2021-06-28,460726303
2020-06-CENSUS-0000250736,GSA_MIGRATION,2020,2021-06-28,520646893
2020-06-CENSUS-0000250736,GSA_MIGRATION,2020,2021-06-28,521366812
2020-06-CENSUS-0000250736,GSA_MIGRATION,2020,2021-06-28,521369749
2020-06-CENSUS-0000250736,GSA_MIGRATION,2020,2021-06-28,520619006
2020-06-CENSUS-0000250736,GSA_MIGRATION,2020,2021-06-28,522153926
2020-06-CENSUS-0000250736,GSA_MIGRATION,2020,2021-06-28,520591685
2020-06-CENSUS-0000250736,GSA_MIGRATION,2020,2021-06-28,521332411
2020-06-CENSUS-0000250736,GSA_MIGRATION,2020,2021-06-28,521372467
2020-06-CENSUS-0000250736,GSA_MIGRATION,2020,2021-06-28,521980510
2020-06-CENSUS-0000250736,GSA_MIGRATION,2020,2021-06-28,530196597
2020-06-CENSUS-0000250736,GSA_MIGRATION,2020,2021-06-28,521458516
2020-06-CENSUS-0000250736,GSA_MIGRATION,2020,2021-06-28,521272129
2020-06-CENSUS-0000250736,GSA_MIGRATION,2020,2021-06-28,522351736
2020-06-CENSUS-0000250736,GSA_MIGRATION,2020,2021-06-28,461322238
2020-06-CENSUS-0000250736,GSA_MIGRATION,2020,2021-06-28,274234724
2020-06-CENSUS-0000250736,GSA_MIGRATION,2020,2021-06-28,464207757
2020-06-CENSUS-0000250736,GSA_MIGRATION,2020,2021-06-28,464237992
2020-06-CENSUS-0000250736,GSA_MIGRATION,2020,2021-06-28,521749666
2020-06-CENSUS-0000250736,GSA_MIGRATION,2020,2021-06-28,475145654
2020-06-CENSUS-0000250736,GSA_MIGRATION,2020,2021-06-28,462691028
2020-06-CENSUS-0000250736,GSA_MIGRATION,2020,2021-06-28,522107062
2020-06-CENSUS-0000250736,GSA_MIGRATION,2020,2021-06-28,521513056
2020-06-CENSUS-0000250736,GSA_MIGRATION,2020,2021-06-28,522320119
2020-06-CENSUS-0000250736,GSA_MIGRATION,2020,2021-06-28,812557673
2020-06-CENSUS-0000250736,GSA_MIGRATION,2020,2021-06-28,521132992
2020-06-CENSUS-0000250736,GSA_MIGRATION,2020,2021-06-28,562616090
2020-06-CENSUS-0000250736,GSA_MIGRATION,2020,2021-06-28,823193901
2020-06-CENSUS-0000250736,GSA_MIGRATION,2020,2021-06-28,134244093
2020-06-CENSUS-0000250736,GSA_MIGRATION,2020,2021-06-28,521588688
2020-06-CENSUS-0000250736,GSA_MIGRATION,2020,2021-06-28,980188617
2020-06-CENSUS-0000250736,GSA_MIGRATION,2020,2021-06-28,274234575
2020-06-CENSUS-0000250736,GSA_MIGRATION,2020,2021-06-28,274465955
2020-06-CENSUS-0000250736,GSA_MIGRATION,2020,2021-06-28,464207755
2020-06-CENSUS-0000250736,GSA_MIGRATION,2020,2021-06-28,452660572
2020-06-CENSUS-0000250736,GSA_MIGRATION,2020,2021-06-28,464217508
2020-06-CENSUS-0000250736,GSA_MIGRATION,2020,2021-06-28,453688816
2020-06-CENSUS-0000250736,GSA_MIGRATION,2020,2021-06-28,464228016
2020-06-CENSUS-0000250736,GSA_MIGRATION,2020,2021-06-28,462700536
2020-06-CENSUS-0000250736,GSA_MIGRATION,2020,2021-06-28,822967407
2020-06-CENSUS-0000250736,GSA_MIGRATION,2020,2021-06-28,464003552
2020-06-CENSUS-0000250736,GSA_MIGRATION,2020,2021-06-28,460773035
2020-06-CENSUS-0000250736,GSA_MIGRATION,2020,2021-06-28,454019056
2020-06-CENSUS-0000250736,GSA_MIGRATION,2020,2021-06-28,522030801
2020-06-CENSUS-0000250736,GSA_MIGRATION,2020,2021-06-28,743096971
2020-06-CENSUS-0000250736,GSA_MIGRATION,2020,2021-06-28,521360693
2020-06-CENSUS-0000250736,GSA_MIGRATION,2020,2021-06-28,522228444
2020-06-CENSUS-0000250736,GSA_MIGRATION,2020,2021-06-28,521893569
2020-06-CENSUS-0000250736,GSA_MIGRATION,2020,2021-06-28,521995521
2020-06-CENSUS-0000250736,GSA_MIGRATION,2020,2021-06-28,521913070
2020-06-CENSUS-0000250736,GSA_MIGRATION,2020,2021-06-28,205580876
2020-06-CENSUS-0000250736,GSA_MIGRATION,2020,2021-06-28,273069865
2020-06-CENSUS-0000250736,GSA_MIGRATION,2020,2021-06-28,237042074
2020-06-CENSUS-0000250736,GSA_MIGRATION,2020,2021-06-28,870694006
2020-06-CENSUS-0000250736,GSA_MIGRATION,2020,2021-06-28,743126319
2020-06-CENSUS-0000250736,GSA_MIGRATION,2020,2021-06-28,452919679
2020-06-CENSUS-0000250736,GSA_MIGRATION,2020,2021-06-28,900753340
2020-06-CENSUS-0000250736,GSA_MIGRATION,2020,2021-06-28,521930331
2020-06-CENSUS-0000250736,GSA_MIGRATION,2020,2021-06-28,522242146
2020-06-CENSUS-0000250736,GSA_MIGRATION,2020,2021-06-28,272549579
2020-06-CENSUS-0000170831,GSA_MIGRATION,2020,2021-04-21,460397565
2020-06-CENSUS-0000170831,GSA_MIGRATION,2020,2021-04-21,460315509
2020-06-CENSUS-0000170831,GSA_MIGRATION,2020,2021-04-21,466043582
2020-06-CENSUS-0000170831,GSA_MIGRATION,2020,2021-04-21,460318666
2020-06-CENSUS-0000170831,GSA_MIGRATION,2020,2021-04-21,460311611
2020-06-CENSUS-0000220190,GSA_MIGRATION,2020,2021-04-25,611029626
2020-06-CENSUS-0000170349,GSA_MIGRATION,2020,2021-04-19,010936007
2020-06-CENSUS-0000170349,GSA_MIGRATION,2020,2021-04-19,570906962
2020-06-CENSUS-0000170349,GSA_MIGRATION,2020,2021-04-19,571126149
2020-06-CENSUS-0000170349,GSA_MIGRATION,2020,2021-04-19,576000919
2020-06-CENSUS-0000170349,GSA_MIGRATION,2020,2021-04-19,570859576
2020-06-CENSUS-0000170349,GSA_MIGRATION,2020,2021-04-19,576000922
2020-06-CENSUS-0000170349,GSA_MIGRATION,2020,2021-04-19,571040290
2020-06-CENSUS-0000170349,GSA_MIGRATION,2020,2021-04-19,576007591
2020-06-CENSUS-0000170349,GSA_MIGRATION,2020,2021-04-19,570882454
2020-06-CENSUS-0000170349,GSA_MIGRATION,2020,2021-04-19,770697491
2020-06-CENSUS-0000170349,GSA_MIGRATION,2020,2021-04-19,300757407
2020-06-CENSUS-0000170349,GSA_MIGRATION,2020,2021-04-19,453695561
2020-06-CENSUS-0000144797,GSA_MIGRATION,2020,2021-05-11,486029925
