report_id,auditee_uei,audit_year,fac_accepted_date,additional_ein
2022-06-CENSUS-0000254411,XVEZJEGJBBZ3,2022,2022-12-26,362222696
2022-06-CENSUS-0000215248,QYLNGJV249J8,2022,2022-11-16,223302772
2022-06-CENSUS-0000215248,QYLNGJV249J8,2022,2022-11-16,311580334
2022-02-CENSUS-0000114050,K7QZQFKWD987,2022,2022-12-19,455579044
2021-06-CENSUS-0000176061,GSA_MIGRATION,2021,2022-01-06,541744494
2022-03-CENSUS-0000241850,QAWDKAJYFXJ8,2022,2022-12-18,020276834
2022-03-CENSUS-0000241850,QAWDKAJYFXJ8,2022,2022-12-18,020244589
2022-03-CENSUS-0000241850,QAWDKAJYFXJ8,2022,2022-12-18,020222187
2022-03-CENSUS-0000241850,QAWDKAJYFXJ8,2022,2022-12-18,020222158
2022-03-CENSUS-0000241850,QAWDKAJYFXJ8,2022,2022-12-18,026006981
2022-03-CENSUS-0000241850,QAWDKAJYFXJ8,2022,2022-12-18,472733133
2022-06-CENSUS-0000171371,QYDBS421XG83,2022,2022-12-27,626000529
2022-06-CENSUS-0000256092,KL3LKWK45VK5,2022,2022-11-30,311770517
2022-06-CENSUS-0000215980,KJ1HZF2TAFS9,2022,2022-12-28,113596666
2022-03-CENSUS-0000152532,RSM4XNT269X8,2022,2022-11-29,721359416
2022-03-CENSUS-0000034557,ZY63XPTXNZC3,2022,2022-12-19,930848530
2022-03-CENSUS-0000034557,ZY63XPTXNZC3,2022,2022-12-19,931272735
2022-03-CENSUS-0000034557,ZY63XPTXNZC3,2022,2022-12-19,930386793
2022-03-CENSUS-0000034557,ZY63XPTXNZC3,2022,2022-12-19,930386823
2022-03-CENSUS-0000034557,ZY63XPTXNZC3,2022,2022-12-19,930591528
2022-03-CENSUS-0000034557,ZY63XPTXNZC3,2022,2022-12-19,930618975
2022-03-CENSUS-0000034557,ZY63XPTXNZC3,2022,2022-12-19,931314469
2022-03-CENSUS-0000034557,ZY63XPTXNZC3,2022,2022-12-19,237017276
2022-03-CENSUS-0000034557,ZY63XPTXNZC3,2022,2022-12-19,331065485
2022-03-CENSUS-0000034557,ZY63XPTXNZC3,2022,2022-12-19,465562403
2022-03-CENSUS-0000034557,ZY63XPTXNZC3,2022,2022-12-19,830433165
2022-03-CENSUS-0000034557,ZY63XPTXNZC3,2022,2022-12-19,930281321
2022-03-CENSUS-0000034557,ZY63XPTXNZC3,2022,2022-12-19,930773410
2022-03-CENSUS-0000034557,ZY63XPTXNZC3,2022,2022-12-19,930794951
2022-03-CENSUS-0000034557,ZY63XPTXNZC3,2022,2022-12-19,930913392
2022-03-CENSUS-0000256036,VAGWUFXXQ2F6,2022,2022-11-22,260580544
2022-06-CENSUS-0000171443,SEJSLWUCL1E6,2022,2022-12-28,626000882
2022-06-CENSUS-0000171443,SEJSLWUCL1E6,2022,2022-12-28,626000881
2022-06-CENSUS-0000171450,EZBNAKLDJ8A6,2022,2022-12-11,626000911
2022-06-CENSUS-0000171450,EZBNAKLDJ8A6,2022,2022-12-11,626000910
2022-06-CENSUS-0000171363,NMPHKYJADG58,2022,2022-12-20,626000492
2022-06-CENSUS-0000171392,K775WGAPHBM1,2022,2022-12-11,626016875
2022-06-CENSUS-0000171392,K775WGAPHBM1,2022,2022-12-11,626000644
2022-06-CENSUS-0000171447,L2J2BHW7LAE7,2022,2022-12-21,626000893
2022-06-CENSUS-0000171447,L2J2BHW7LAE7,2022,2022-12-21,626000897
2022-06-CENSUS-0000171447,L2J2BHW7LAE7,2022,2022-12-21,620874127
2022-06-CENSUS-0000171447,L2J2BHW7LAE7,2022,2022-12-21,626000899
2022-06-CENSUS-0000183865,GCA9M7J981X5,2022,2022-12-13,042491704
2022-05-CENSUS-0000085135,NM2HE9C8A6W7,2022,2022-10-19,452283548
2022-05-CENSUS-0000085135,NM2HE9C8A6W7,2022,2022-10-19,464828720
2022-06-CENSUS-0000123802,TNQMP46NDSL1,2022,2022-10-23,364682140
2022-03-CENSUS-0000114429,HDKAKDQ1KLQ6,2022,2022-11-14,460494906
2022-03-CENSUS-0000114429,HDKAKDQ1KLQ6,2022,2022-11-14,943126743
2022-03-CENSUS-0000114429,HDKAKDQ1KLQ6,2022,2022-11-14,910969818
2022-06-CENSUS-0000176083,XRUYEHF9FBV8,2022,2022-12-27,546001399
2022-06-CENSUS-0000251622,LM5MD6TLKHP9,2022,2022-12-13,844218205
2021-06-CENSUS-0000176061,GSA_MIGRATION,2021,2022-01-06,546025086
2022-06-CENSUS-0000206661,EU2RSD8HCHG8,2022,2022-10-06,311748289
2022-06-CENSUS-0000119153,KTTQP5D3JDY7,2022,2022-11-21,911827109
2022-09-CENSUS-0000090477,RLNDNGH93022,2022,2022-12-19,593598686
2022-09-CENSUS-0000090477,RLNDNGH93022,2022,2022-12-19,300024593
2022-09-CENSUS-0000090477,RLNDNGH93022,2022,2022-12-19,833480190
2022-09-CENSUS-0000090477,RLNDNGH93022,2022,2022-12-19,593411351
2022-06-CENSUS-0000003169,N93DFXHTNN83,2022,2022-11-14,043520478
2022-06-CENSUS-0000114648,P51TEEFDJ3E8,2022,2022-11-22,931315010
2022-06-CENSUS-0000023609,RWQRP47PKEV3,2022,2022-12-21,043521761
2022-06-CENSUS-0000023609,RWQRP47PKEV3,2022,2022-12-21,743061397
2022-06-CENSUS-0000035219,C19SGP1RM715,2022,2022-11-30,232800431
2022-06-CENSUS-0000035219,C19SGP1RM715,2022,2022-11-30,232761822
2022-06-CENSUS-0000035219,C19SGP1RM715,2022,2022-11-30,463003937
2022-06-CENSUS-0000035219,C19SGP1RM715,2022,2022-11-30,270328338
2022-06-CENSUS-0000232455,HZRXG8BGUNW1,2022,2022-11-16,300673850
2022-06-CENSUS-0000255450,UFDZYEHAXQC5,2022,2022-11-01,341764515
2021-06-CENSUS-0000254541,GSA_MIGRATION,2021,2022-09-18,232368197
2021-06-CENSUS-0000254541,GSA_MIGRATION,2021,2022-09-18,812885619
2021-12-CENSUS-0000254531,GSA_MIGRATION,2021,2022-09-17,261087740
2021-06-CENSUS-0000193043,GSA_MIGRATION,2021,2022-09-28,646001159
2021-06-CENSUS-0000193043,GSA_MIGRATION,2021,2022-09-28,646000819
2021-06-CENSUS-0000193043,GSA_MIGRATION,2021,2022-09-28,646008520
2021-06-CENSUS-0000193043,GSA_MIGRATION,2021,2022-09-28,646000013
2021-06-CENSUS-0000193043,GSA_MIGRATION,2021,2022-09-28,646001395
2021-06-CENSUS-0000193043,GSA_MIGRATION,2021,2022-09-28,646000826
2021-06-CENSUS-0000193043,GSA_MIGRATION,2021,2022-09-28,646000507
2021-06-CENSUS-0000193043,GSA_MIGRATION,2021,2022-09-28,646000818
2022-06-CENSUS-0000171819,DT4SUBQNQ725,2022,2022-12-13,271309559
2022-06-CENSUS-0000171819,DT4SUBQNQ725,2022,2022-12-13,320071235
2022-06-CENSUS-0000171819,DT4SUBQNQ725,2022,2022-12-13,320514462
2022-06-CENSUS-0000171819,DT4SUBQNQ725,2022,2022-12-13,352560482
2022-06-CENSUS-0000171819,DT4SUBQNQ725,2022,2022-12-13,364834198
2022-06-CENSUS-0000171819,DT4SUBQNQ725,2022,2022-12-13,383988537
2022-06-CENSUS-0000171819,DT4SUBQNQ725,2022,2022-12-13,384003509
2022-06-CENSUS-0000171819,DT4SUBQNQ725,2022,2022-12-13,464628999
2022-06-CENSUS-0000171819,DT4SUBQNQ725,2022,2022-12-13,301166660
2022-06-CENSUS-0000171819,DT4SUBQNQ725,2022,2022-12-13,464663084
2022-06-CENSUS-0000171819,DT4SUBQNQ725,2022,2022-12-13,844853475
2022-06-CENSUS-0000171819,DT4SUBQNQ725,2022,2022-12-13,871965349
2022-06-CENSUS-0000171819,DT4SUBQNQ725,2022,2022-12-13,611792102
2022-06-CENSUS-0000171819,DT4SUBQNQ725,2022,2022-12-13,621373492
2022-06-CENSUS-0000171819,DT4SUBQNQ725,2022,2022-12-13,621486385
2022-06-CENSUS-0000171819,DT4SUBQNQ725,2022,2022-12-13,621739505
2022-06-CENSUS-0000171819,DT4SUBQNQ725,2022,2022-12-13,810696315
2022-06-CENSUS-0000171819,DT4SUBQNQ725,2022,2022-12-13,813888869
2022-06-CENSUS-0000171819,DT4SUBQNQ725,2022,2022-12-13,823816552
2022-06-CENSUS-0000171819,DT4SUBQNQ725,2022,2022-12-13,823817120
2022-06-CENSUS-0000171819,DT4SUBQNQ725,2022,2022-12-13,824924682
2022-06-CENSUS-0000171819,DT4SUBQNQ725,2022,2022-12-13,833428722
2022-06-CENSUS-0000171819,DT4SUBQNQ725,2022,2022-12-13,833449487
2022-06-CENSUS-0000171819,DT4SUBQNQ725,2022,2022-12-13,833489613
2022-06-CENSUS-0000171819,DT4SUBQNQ725,2022,2022-12-13,843019614
2022-06-CENSUS-0000171819,DT4SUBQNQ725,2022,2022-12-13,843694984
2022-06-CENSUS-0000171819,DT4SUBQNQ725,2022,2022-12-13,844797130
2022-06-CENSUS-0000176269,UWCKMWXC3K56,2022,2022-12-26,540885804
2022-06-CENSUS-0000077832,G69LHXJ3ABL5,2022,2022-12-19,951643964
2022-06-CENSUS-0000256246,EXC1QZFCU3M4,2022,2022-12-12,119904502
2022-06-CENSUS-0000256246,EXC1QZFCU3M4,2022,2022-12-12,161557039
2022-06-CENSUS-0000256246,EXC1QZFCU3M4,2022,2022-12-12,201612594
2022-06-CENSUS-0000204878,MKNSE883RLU8,2022,2022-11-07,810407289
2022-06-CENSUS-0000204878,MKNSE883RLU8,2022,2022-11-07,810286525
2022-06-CENSUS-0000020150,NRBPLV2RY7X6,2022,2022-11-09,222545613
2022-06-CENSUS-0000020150,NRBPLV2RY7X6,2022,2022-11-09,222545563
2022-06-CENSUS-0000020150,NRBPLV2RY7X6,2022,2022-11-09,223271049
2022-06-CENSUS-0000020150,NRBPLV2RY7X6,2022,2022-11-09,223572359
2022-06-CENSUS-0000242453,GS38CDNLJG87,2022,2022-11-07,870782764
2022-06-CENSUS-0000024425,NJNWXLXWYMF8,2022,2022-11-13,201505451
2022-06-CENSUS-0000024425,NJNWXLXWYMF8,2022,2022-11-13,270455705
2022-06-CENSUS-0000024425,NJNWXLXWYMF8,2022,2022-11-13,261473978
2022-06-CENSUS-0000024425,NJNWXLXWYMF8,2022,2022-11-13,270147039
2022-06-CENSUS-0000024425,NJNWXLXWYMF8,2022,2022-11-13,474794048
2022-06-CENSUS-0000024425,NJNWXLXWYMF8,2022,2022-11-13,272230034
2022-06-CENSUS-0000024425,NJNWXLXWYMF8,2022,2022-11-13,261150169
2022-06-CENSUS-0000113879,G123N9NE5ZG5,2022,2022-11-22,760817781
2022-06-CENSUS-0000042295,SX9UQ5HL42G5,2022,2022-11-21,341861745
2022-06-CENSUS-0000231358,H5G9NWEFHXN4,2022,2022-10-27,352469571
2022-06-CENSUS-0000231358,H5G9NWEFHXN4,2022,2022-10-27,900984758
2022-06-CENSUS-0000231358,H5G9NWEFHXN4,2022,2022-10-27,830561457
2022-06-CENSUS-0000231358,H5G9NWEFHXN4,2022,2022-10-27,465574304
2022-06-CENSUS-0000231358,H5G9NWEFHXN4,2022,2022-10-27,850847756
2022-06-CENSUS-0000050613,G7EGD64KMYL1,2022,2022-12-12,811958719
2022-06-CENSUS-0000003416,KL1NCJ98GKX7,2022,2022-11-22,223051402
2022-06-CENSUS-0000135723,EMLPFKMHRPA5,2022,2022-11-02,066001618
2022-06-CENSUS-0000209837,VM6DEJ9RGGM7,2022,2022-12-18,800623399
2022-06-CENSUS-0000255784,CM29L1YLLEA1,2022,2022-10-30,203523938
2022-06-CENSUS-0000085655,T2RUKCBNB4M3,2022,2022-12-13,465315289
2022-06-CENSUS-0000085655,T2RUKCBNB4M3,2022,2022-12-13,873602177
2022-06-CENSUS-0000066363,KZLMGGLNLZ78,2022,2022-10-30,710387126
2022-06-CENSUS-0000066363,KZLMGGLNLZ78,2022,2022-10-30,431642592
2022-06-CENSUS-0000064943,JSXDVXD6XQ11,2022,2022-10-16,273255982
2022-06-CENSUS-0000065539,NJ24BM8CYWZ3,2022,2022-12-05,942515428
2022-06-CENSUS-0000214354,V94MVF2WR7Z9,2022,2022-11-16,043403292
2022-06-CENSUS-0000214354,V94MVF2WR7Z9,2022,2022-11-16,412275864
2022-06-CENSUS-0000214354,V94MVF2WR7Z9,2022,2022-11-16,383902564
2022-06-CENSUS-0000214354,V94MVF2WR7Z9,2022,2022-11-16,134234624
2022-06-CENSUS-0000214354,V94MVF2WR7Z9,2022,2022-11-16,043270644
2022-06-CENSUS-0000171445,H14YPSTJEF76,2022,2022-12-27,626000888
2022-06-CENSUS-0000171445,H14YPSTJEF76,2022,2022-12-27,626000889
2022-06-CENSUS-0000169269,NH9HEJVBNMB1,2022,2022-12-19,233085263
2022-06-CENSUS-0000169269,NH9HEJVBNMB1,2022,2022-12-19,161640627
2022-06-CENSUS-0000171373,QZ1UKGMBJH31,2022,2022-12-11,621013091
2022-06-CENSUS-0000171373,QZ1UKGMBJH31,2022,2022-12-11,626000538
2022-03-CENSUS-0000230719,Y6PCD11XRNZ5,2022,2022-12-22,370618939
2022-03-CENSUS-0000230719,Y6PCD11XRNZ5,2022,2022-12-22,371115061
2022-03-CENSUS-0000230719,Y6PCD11XRNZ5,2022,2022-12-22,205221741
2022-06-CENSUS-0000218539,KLJFAMHHLMM7,2022,2022-12-14,043344288
2022-06-CENSUS-0000218539,KLJFAMHHLMM7,2022,2022-12-14,043323718
2022-06-CENSUS-0000218539,KLJFAMHHLMM7,2022,2022-12-14,043323715
2022-06-CENSUS-0000218539,KLJFAMHHLMM7,2022,2022-12-14,010598494
2022-06-CENSUS-0000171432,L4G7ZDLKBJU7,2022,2022-12-20,626000816
2022-06-CENSUS-0000171432,L4G7ZDLKBJU7,2022,2022-12-20,626000820
2022-06-CENSUS-0000235613,K49KP3ZCGW63,2022,2022-12-06,464879855
2022-06-CENSUS-0000176293,EUD6N1LLGKM5,2022,2022-12-20,541207347
2022-03-CENSUS-0000082017,CX75APM5JYE3,2022,2022-10-06,471270222
2022-06-CENSUS-0000020957,TQTGW9DTTLN6,2022,2022-12-21,223432885
2022-06-CENSUS-0000020957,TQTGW9DTTLN6,2022,2022-12-21,222541281
2022-06-CENSUS-0000020957,TQTGW9DTTLN6,2022,2022-12-21,223538012
2022-06-CENSUS-0000020957,TQTGW9DTTLN6,2022,2022-12-21,264206936
2022-06-CENSUS-0000020957,TQTGW9DTTLN6,2022,2022-12-21,455106240
2022-06-CENSUS-0000171361,NJMBT82MLMJ6,2022,2022-12-01,626000485
2022-06-CENSUS-0000171361,NJMBT82MLMJ6,2022,2022-12-01,626000481
2022-06-CENSUS-0000171361,NJMBT82MLMJ6,2022,2022-12-01,620797979
2022-06-CENSUS-0000171361,NJMBT82MLMJ6,2022,2022-12-01,621798779
2022-06-CENSUS-0000171361,NJMBT82MLMJ6,2022,2022-12-01,621078944
2022-06-CENSUS-0000171361,NJMBT82MLMJ6,2022,2022-12-01,620877108
2022-06-CENSUS-0000171361,NJMBT82MLMJ6,2022,2022-12-01,621213023
2022-06-CENSUS-0000171361,NJMBT82MLMJ6,2022,2022-12-01,621333150
2022-06-CENSUS-0000171361,NJMBT82MLMJ6,2022,2022-12-01,626000482
2022-06-CENSUS-0000252261,LAYJLA77TK63,2022,2022-11-27,420680245
2022-06-CENSUS-0000252261,LAYJLA77TK63,2022,2022-11-27,421264664
2022-06-CENSUS-0000252261,LAYJLA77TK63,2022,2022-11-27,421264666
2022-06-CENSUS-0000252261,LAYJLA77TK63,2022,2022-11-27,420680420
2022-06-CENSUS-0000252261,LAYJLA77TK63,2022,2022-11-27,421390033
2022-06-CENSUS-0000252261,LAYJLA77TK63,2022,2022-11-27,421478832
2022-06-CENSUS-0000252261,LAYJLA77TK63,2022,2022-11-27,455327981
2022-06-CENSUS-0000252261,LAYJLA77TK63,2022,2022-11-27,421157665
2022-06-CENSUS-0000049426,E63ZPD21L9G3,2022,2022-12-21,273746927
2022-06-CENSUS-0000049426,E63ZPD21L9G3,2022,2022-12-21,264492497
2022-06-CENSUS-0000205740,Q1D5YADSDLW3,2022,2022-11-14,431926087
2022-06-CENSUS-0000205740,Q1D5YADSDLW3,2022,2022-11-14,455598827
2022-06-CENSUS-0000205740,Q1D5YADSDLW3,2022,2022-11-14,743169773
2022-06-CENSUS-0000205740,Q1D5YADSDLW3,2022,2022-11-14,430653242
2022-06-CENSUS-0000205740,Q1D5YADSDLW3,2022,2022-11-14,430653519
2022-06-CENSUS-0000205740,Q1D5YADSDLW3,2022,2022-11-14,430782209
2022-06-CENSUS-0000205740,Q1D5YADSDLW3,2022,2022-11-14,430811604
2022-06-CENSUS-0000205740,Q1D5YADSDLW3,2022,2022-11-14,431024440
2022-06-CENSUS-0000205740,Q1D5YADSDLW3,2022,2022-11-14,431235755
2022-06-CENSUS-0000205740,Q1D5YADSDLW3,2022,2022-11-14,431246269
2022-06-CENSUS-0000205740,Q1D5YADSDLW3,2022,2022-11-14,431263499
2022-06-CENSUS-0000205740,Q1D5YADSDLW3,2022,2022-11-14,431297933
2022-06-CENSUS-0000205740,Q1D5YADSDLW3,2022,2022-11-14,431338511
2022-06-CENSUS-0000205740,Q1D5YADSDLW3,2022,2022-11-14,431350160
2022-06-CENSUS-0000205740,Q1D5YADSDLW3,2022,2022-11-14,431528548
2022-06-CENSUS-0000034607,NVE2PYMHBNL6,2022,2022-11-13,261379712
2022-06-CENSUS-0000034607,NVE2PYMHBNL6,2022,2022-11-13,001069463
2022-06-CENSUS-0000256006,K2KBW9YM3AY1,2022,2022-11-20,421427313
2022-06-CENSUS-0000256006,K2KBW9YM3AY1,2022,2022-11-20,263035382
2022-06-CENSUS-0000256006,K2KBW9YM3AY1,2022,2022-11-20,421469273
2022-06-CENSUS-0000256006,K2KBW9YM3AY1,2022,2022-11-20,800117633
2022-06-CENSUS-0000256006,K2KBW9YM3AY1,2022,2022-11-20,770613345
2022-03-CENSUS-0000154434,NMLBXHFJJG69,2022,2022-12-06,810980965
2022-03-CENSUS-0000154434,NMLBXHFJJG69,2022,2022-12-06,473876106
2022-03-CENSUS-0000154434,NMLBXHFJJG69,2022,2022-12-06,461742341
2022-03-CENSUS-0000139744,N7XLYHWA1V79,2022,2022-12-26,364186519
2022-06-CENSUS-0000003361,P27BJKX9A7N3,2022,2022-11-16,205004218
2022-06-CENSUS-0000002841,MGJHC3TKVPM5,2022,2022-11-29,043331170
2022-06-CENSUS-0000002841,MGJHC3TKVPM5,2022,2022-11-29,943313535
2022-06-CENSUS-0000002841,MGJHC3TKVPM5,2022,2022-11-29,043330930
2022-06-CENSUS-0000002841,MGJHC3TKVPM5,2022,2022-11-29,562529097
2022-06-CENSUS-0000228321,N3SZLNZSJZH3,2022,2022-12-15,461477471
2022-06-CENSUS-0000228321,N3SZLNZSJZH3,2022,2022-12-15,726000640
2022-06-CENSUS-0000176258,GLBPCNCAQ4S4,2022,2022-12-18,540972327
2022-06-CENSUS-0000233215,K6K2A2MMHKQ8,2022,2022-12-26,251775949
2022-06-CENSUS-0000233215,K6K2A2MMHKQ8,2022,2022-12-26,251775950
2022-06-CENSUS-0000245645,MSUAVF9L5P78,2022,2022-12-21,272990527
2022-03-CENSUS-0000218279,JLPNDP22H6K4,2022,2022-12-22,600001275
2022-06-CENSUS-0000024173,VCL4WSWE8ZY5,2022,2022-11-21,510642496
2022-06-CENSUS-0000254076,SJMATNPMJ2N4,2022,2022-11-10,841033516
2022-06-CENSUS-0000254076,SJMATNPMJ2N4,2022,2022-11-10,800021498
2022-03-CENSUS-0000122294,P9ULUQX3P8M4,2022,2022-10-10,633345480
2022-06-CENSUS-0000003064,R6W9AMMLL8K9,2022,2022-12-13,042103596
2022-06-CENSUS-0000171397,JUPTW7BE56G6,2022,2022-12-05,626000661
2022-06-CENSUS-0000171397,JUPTW7BE56G6,2022,2022-12-05,626000664
2022-06-CENSUS-0000183414,FFEEFY1RB5B5,2022,2022-12-15,200172796
2022-06-CENSUS-0000183414,FFEEFY1RB5B5,2022,2022-12-15,042699540
2022-06-CENSUS-0000183414,FFEEFY1RB5B5,2022,2022-12-15,237112665
2022-06-CENSUS-0000183414,FFEEFY1RB5B5,2022,2022-12-15,474001509
2022-06-CENSUS-0000183414,FFEEFY1RB5B5,2022,2022-12-15,237092431
2022-06-CENSUS-0000183414,FFEEFY1RB5B5,2022,2022-12-15,056013789
2022-06-CENSUS-0000183414,FFEEFY1RB5B5,2022,2022-12-15,042669832
2022-06-CENSUS-0000183414,FFEEFY1RB5B5,2022,2022-12-15,042122643
2022-06-CENSUS-0000183414,FFEEFY1RB5B5,2022,2022-12-15,042105856
2022-06-CENSUS-0000183414,FFEEFY1RB5B5,2022,2022-12-15,020627442
2022-06-CENSUS-0000183414,FFEEFY1RB5B5,2022,2022-12-15,042103767
2022-06-CENSUS-0000183414,FFEEFY1RB5B5,2022,2022-12-15,042161932
2022-06-CENSUS-0000183414,FFEEFY1RB5B5,2022,2022-12-15,042173052
2022-06-CENSUS-0000183414,FFEEFY1RB5B5,2022,2022-12-15,042274992
2022-06-CENSUS-0000183414,FFEEFY1RB5B5,2022,2022-12-15,042492493
2022-06-CENSUS-0000183414,FFEEFY1RB5B5,2022,2022-12-15,042522064
2022-06-CENSUS-0000183414,FFEEFY1RB5B5,2022,2022-12-15,042631391
2022-06-CENSUS-0000183414,FFEEFY1RB5B5,2022,2022-12-15,042862244
2022-06-CENSUS-0000183414,FFEEFY1RB5B5,2022,2022-12-15,043125422
2022-06-CENSUS-0000183414,FFEEFY1RB5B5,2022,2022-12-15,043293665
2022-06-CENSUS-0000183414,FFEEFY1RB5B5,2022,2022-12-15,043527672
2022-06-CENSUS-0000183414,FFEEFY1RB5B5,2022,2022-12-15,263273731
2022-06-CENSUS-0000198465,JE7PB4BFL434,2022,2022-12-23,060851549
2022-06-CENSUS-0000193566,DLADQ6661E16,2022,2022-12-14,626000676
2022-06-CENSUS-0000193566,DLADQ6661E16,2022,2022-12-14,626000678
2022-03-CENSUS-0000195709,LG42MA65EHL9,2022,2022-12-30,300054240
2022-03-CENSUS-0000195709,LG42MA65EHL9,2022,2022-12-30,742322705
2022-03-CENSUS-0000195709,LG42MA65EHL9,2022,2022-12-30,742368996
2022-03-CENSUS-0000195709,LG42MA65EHL9,2022,2022-12-30,742532019
2022-03-CENSUS-0000195709,LG42MA65EHL9,2022,2022-12-30,742550438
2022-03-CENSUS-0000195709,LG42MA65EHL9,2022,2022-12-30,841661179
2022-06-CENSUS-0000256111,F5XNKJYXFVM3,2022,2022-12-01,510172774
2021-06-CENSUS-0000255040,GSA_MIGRATION,2021,2022-09-27,272184637
2021-12-CENSUS-0000011645,GSA_MIGRATION,2021,2022-09-29,132605605
2021-12-CENSUS-0000011645,GSA_MIGRATION,2021,2022-09-29,132605604
2021-12-CENSUS-0000011645,GSA_MIGRATION,2021,2022-09-29,161759590
2022-06-CENSUS-0000214061,FJ3SBWYWSAR9,2022,2022-12-20,232857766
2022-06-CENSUS-0000112084,R91QEK13HAG8,2022,2022-11-27,680593522
2022-06-CENSUS-0000030453,XZ9ZFLCMJAM1,2022,2022-12-15,043272590
2022-06-CENSUS-0000030453,XZ9ZFLCMJAM1,2022,2022-12-15,900609374
2022-06-CENSUS-0000030453,XZ9ZFLCMJAM1,2022,2022-12-15,903272589
2022-06-CENSUS-0000171438,J1YJH39F9KT8,2022,2022-11-16,626000853
2022-06-CENSUS-0000171438,J1YJH39F9KT8,2022,2022-11-16,626000851
2022-06-CENSUS-0000093119,Q333GZUS8Q67,2022,2022-11-22,621473380
2022-06-CENSUS-0000093119,Q333GZUS8Q67,2022,2022-11-22,581623257
2022-06-CENSUS-0000093119,Q333GZUS8Q67,2022,2022-11-22,621498349
2022-06-CENSUS-0000093119,Q333GZUS8Q67,2022,2022-11-22,621481015
2022-06-CENSUS-0000093119,Q333GZUS8Q67,2022,2022-11-22,621580079
2022-06-CENSUS-0000093119,Q333GZUS8Q67,2022,2022-11-22,581796624
2022-06-CENSUS-0000093119,Q333GZUS8Q67,2022,2022-11-22,591735003
2022-06-CENSUS-0000036341,GQ8GNLLMA884,2022,2022-12-15,251788544
2022-06-CENSUS-0000251978,TE7NY33LUGJ7,2022,2022-11-20,042587863
2022-06-CENSUS-0000251978,TE7NY33LUGJ7,2022,2022-11-20,042630078
2022-06-CENSUS-0000251978,TE7NY33LUGJ7,2022,2022-11-20,042711936
2022-06-CENSUS-0000251978,TE7NY33LUGJ7,2022,2022-11-20,237203001
2022-06-CENSUS-0000251978,TE7NY33LUGJ7,2022,2022-11-20,260492878
2022-06-CENSUS-0000251978,TE7NY33LUGJ7,2022,2022-11-20,562305098
2022-06-CENSUS-0000231259,T27PZVRH4AL3,2022,2022-11-17,474302610
2022-03-CENSUS-0000256422,YKZ3ZJJQWK53,2022,2022-12-28,455071290
2022-03-CENSUS-0000256422,YKZ3ZJJQWK53,2022,2022-12-28,946130471
2022-03-CENSUS-0000256422,YKZ3ZJJQWK53,2022,2022-12-28,942489788
2022-06-CENSUS-0000073542,M9MYFN337FB9,2022,2022-12-14,201476451
2022-06-CENSUS-0000176115,JKS8PEKYNVL5,2022,2022-12-25,541743583
2022-06-CENSUS-0000176115,JKS8PEKYNVL5,2022,2022-12-25,546001620
2022-06-CENSUS-0000171441,EDNLESER7JJ7,2022,2022-12-01,626000875
2021-12-CENSUS-0000254912,GSA_MIGRATION,2021,2022-09-27,410838344
2021-12-CENSUS-0000217432,GSA_MIGRATION,2021,2022-09-29,150584188
2021-12-CENSUS-0000217432,GSA_MIGRATION,2021,2022-09-29,160743029
2021-12-CENSUS-0000217432,GSA_MIGRATION,2021,2022-09-29,160743134
2022-06-CENSUS-0000255773,KVPKHG6LLKJ7,2022,2022-10-27,330833283
2022-06-CENSUS-0000171387,T3F1K5ELSF19,2022,2022-12-27,626000615
2022-06-CENSUS-0000171387,T3F1K5ELSF19,2022,2022-12-27,626000616
2022-03-CENSUS-0000256356,NSVFUEY25ML8,2022,2022-12-19,362167832
2022-03-CENSUS-0000256356,NSVFUEY25ML8,2022,2022-12-19,472235160
2022-03-CENSUS-0000256356,NSVFUEY25ML8,2022,2022-12-19,472210722
2022-06-CENSUS-0000239839,MGNMFF3H5ND5,2022,2022-10-31,264673885
2022-06-CENSUS-0000239839,MGNMFF3H5ND5,2022,2022-10-31,261479602
2022-06-CENSUS-0000239839,MGNMFF3H5ND5,2022,2022-10-31,421578355
2022-06-CENSUS-0000239839,MGNMFF3H5ND5,2022,2022-10-31,020677705
2022-06-CENSUS-0000239839,MGNMFF3H5ND5,2022,2022-10-31,264398493
2022-06-CENSUS-0000239839,MGNMFF3H5ND5,2022,2022-10-31,200870475
2022-06-CENSUS-0000239839,MGNMFF3H5ND5,2022,2022-10-31,223864577
2022-06-CENSUS-0000239839,MGNMFF3H5ND5,2022,2022-10-31,364569598
2022-06-CENSUS-0000239839,MGNMFF3H5ND5,2022,2022-10-31,204328982
2022-06-CENSUS-0000239839,MGNMFF3H5ND5,2022,2022-10-31,223864570
2022-03-CENSUS-0000245639,HH9EAJVWDLU7,2022,2022-12-06,270694371
2022-03-CENSUS-0000245639,HH9EAJVWDLU7,2022,2022-12-06,133779812
2022-03-CENSUS-0000245639,HH9EAJVWDLU7,2022,2022-12-06,814587424
2022-03-CENSUS-0000245639,HH9EAJVWDLU7,2022,2022-12-06,263582124
2022-03-CENSUS-0000245639,HH9EAJVWDLU7,2022,2022-12-06,133593896
2022-03-CENSUS-0000245639,HH9EAJVWDLU7,2022,2022-12-06,223878152
2022-03-CENSUS-0000245639,HH9EAJVWDLU7,2022,2022-12-06,133895099
2022-03-CENSUS-0000245639,HH9EAJVWDLU7,2022,2022-12-06,133753150
2022-03-CENSUS-0000245639,HH9EAJVWDLU7,2022,2022-12-06,133663944
2021-12-CENSUS-0000253391,GSA_MIGRATION,2021,2022-06-01,205276870
2021-12-CENSUS-0000253391,GSA_MIGRATION,2021,2022-06-01,205276923
2022-06-CENSUS-0000035927,R6G8SGHL6H41,2022,2022-12-18,262432726
2022-06-CENSUS-0000035927,R6G8SGHL6H41,2022,2022-12-18,200672805
2022-06-CENSUS-0000035927,R6G8SGHL6H41,2022,2022-12-18,200672875
2022-06-CENSUS-0000035927,R6G8SGHL6H41,2022,2022-12-18,202340470
2022-06-CENSUS-0000035927,R6G8SGHL6H41,2022,2022-12-18,208205630
2022-06-CENSUS-0000035927,R6G8SGHL6H41,2022,2022-12-18,261631009
2022-06-CENSUS-0000035927,R6G8SGHL6H41,2022,2022-12-18,264399316
2022-06-CENSUS-0000035927,R6G8SGHL6H41,2022,2022-12-18,251891795
2022-06-CENSUS-0000035927,R6G8SGHL6H41,2022,2022-12-18,251891797
2022-06-CENSUS-0000035927,R6G8SGHL6H41,2022,2022-12-18,200672915
2022-06-CENSUS-0000035927,R6G8SGHL6H41,2022,2022-12-18,202340513
2022-06-CENSUS-0000035927,R6G8SGHL6H41,2022,2022-12-18,208207234
2022-06-CENSUS-0000035927,R6G8SGHL6H41,2022,2022-12-18,251891798
2022-06-CENSUS-0000256009,GBSAVN7AHZ18,2022,2022-11-21,300692741
2022-06-CENSUS-0000112232,CDYPBKDGPBN8,2022,2022-12-21,453089294
2022-06-CENSUS-0000171434,DCAQD6LFTC29,2022,2022-11-30,626000827
2022-06-CENSUS-0000250169,NPBTVHZQ2P65,2022,2022-11-14,451619072
2022-06-CENSUS-0000250169,NPBTVHZQ2P65,2022,2022-11-14,320048804
2022-06-CENSUS-0000250169,NPBTVHZQ2P65,2022,2022-11-14,461549267
2022-01-CENSUS-0000254122,NYM9K9SPAJD6,2022,2022-12-01,200749885
2022-06-CENSUS-0000128565,D529MMWMNHW3,2022,2022-12-20,990073524
2022-06-CENSUS-0000128565,D529MMWMNHW3,2022,2022-12-20,990251372
2022-06-CENSUS-0000128565,D529MMWMNHW3,2022,2022-12-20,990240109
2022-06-CENSUS-0000128565,D529MMWMNHW3,2022,2022-12-20,990240499
2022-06-CENSUS-0000128565,D529MMWMNHW3,2022,2022-12-20,990260423
2022-06-CENSUS-0000128565,D529MMWMNHW3,2022,2022-12-20,990183769
2022-06-CENSUS-0000198928,F9TQXNJ2FTB7,2022,2022-12-12,580566193
2022-06-CENSUS-0000026570,EMLETY7LUT35,2022,2022-12-21,232604575
2022-06-CENSUS-0000254078,KYSEBY3LV4G9,2022,2022-12-12,390987025
2022-06-CENSUS-0000254078,KYSEBY3LV4G9,2022,2022-12-12,396105970
2022-06-CENSUS-0000254078,KYSEBY3LV4G9,2022,2022-12-12,201499345
2022-06-CENSUS-0000045968,MU2AN91YJYG4,2022,2022-12-27,270567557
2022-06-CENSUS-0000045968,MU2AN91YJYG4,2022,2022-12-27,384123431
2022-06-CENSUS-0000045968,MU2AN91YJYG4,2022,2022-12-27,461270560
2022-06-CENSUS-0000045968,MU2AN91YJYG4,2022,2022-12-27,471678085
2022-06-CENSUS-0000045968,MU2AN91YJYG4,2022,2022-12-27,474779885
2022-06-CENSUS-0000045968,MU2AN91YJYG4,2022,2022-12-27,814686769
2022-06-CENSUS-0000045968,MU2AN91YJYG4,2022,2022-12-27,421680219
2022-06-CENSUS-0000045968,MU2AN91YJYG4,2022,2022-12-27,260459051
2022-06-CENSUS-0000045968,MU2AN91YJYG4,2022,2022-12-27,203463578
2022-06-CENSUS-0000045968,MU2AN91YJYG4,2022,2022-12-27,853027158
2021-12-CENSUS-0000253391,GSA_MIGRATION,2021,2022-06-01,592217929
2022-06-CENSUS-0000171399,U6DSGBRPSWN5,2022,2022-12-08,626000673
2022-06-CENSUS-0000171399,U6DSGBRPSWN5,2022,2022-12-08,626000672
2022-06-CENSUS-0000176110,F8WGYAGJY4J4,2022,2022-12-15,546001584
2022-06-CENSUS-0000092060,HYMYPY96JAE8,2022,2022-10-27,611233199
2022-06-CENSUS-0000092060,HYMYPY96JAE8,2022,2022-10-27,205236520
2022-06-CENSUS-0000092060,HYMYPY96JAE8,2022,2022-10-27,611384219
2022-06-CENSUS-0000092060,HYMYPY96JAE8,2022,2022-10-27,421592989
2022-06-CENSUS-0000092060,HYMYPY96JAE8,2022,2022-10-27,205236196
2022-06-CENSUS-0000092060,HYMYPY96JAE8,2022,2022-10-27,311498541
2022-06-CENSUS-0000092060,HYMYPY96JAE8,2022,2022-10-27,611233196
2022-06-CENSUS-0000092060,HYMYPY96JAE8,2022,2022-10-27,263184480
2022-06-CENSUS-0000092060,HYMYPY96JAE8,2022,2022-10-27,611233198
2022-06-CENSUS-0000092060,HYMYPY96JAE8,2022,2022-10-27,300342187
2022-06-CENSUS-0000092060,HYMYPY96JAE8,2022,2022-10-27,300342188
2022-06-CENSUS-0000092060,HYMYPY96JAE8,2022,2022-10-27,300342189
2022-06-CENSUS-0000092060,HYMYPY96JAE8,2022,2022-10-27,300342190
2022-06-CENSUS-0000092060,HYMYPY96JAE8,2022,2022-10-27,311498544
2022-06-CENSUS-0000092060,HYMYPY96JAE8,2022,2022-10-27,611233197
2022-06-CENSUS-0000092060,HYMYPY96JAE8,2022,2022-10-27,611315536
2022-03-CENSUS-0000091992,SG71HEA776D9,2022,2022-10-12,611253192
2022-06-CENSUS-0000171465,NSLJNH8ZE7Y8,2022,2022-11-20,364881805
2022-06-CENSUS-0000070347,EMYVJCLLJCD5,2022,2022-11-22,481087627
2022-06-CENSUS-0000070347,EMYVJCLLJCD5,2022,2022-11-22,481087628
2022-06-CENSUS-0000061130,ZTXJXKXGF5S3,2022,2022-12-15,411896367
2022-06-CENSUS-0000255708,FVVBGKJCMJA6,2022,2022-10-23,721079693
2021-12-CENSUS-0000253391,GSA_MIGRATION,2021,2022-06-01,275158323
2022-03-CENSUS-0000253672,C7K6WD3GFUP6,2022,2022-12-29,630288856
2022-03-CENSUS-0000253672,C7K6WD3GFUP6,2022,2022-12-29,630891904
2022-06-CENSUS-0000036791,K5HRT12ZCCJ5,2022,2022-12-27,273720942
2022-05-CENSUS-0000045546,UFXAYCTDNL73,2022,2022-11-28,813913882
2022-06-CENSUS-0000090373,YMDTWM21RUB6,2022,2022-11-03,592815277
2022-06-CENSUS-0000111571,LVUGTE1MRAT8,2022,2022-10-13,611746305
2022-06-CENSUS-0000111571,LVUGTE1MRAT8,2022,2022-10-13,383933888
2022-06-CENSUS-0000111571,LVUGTE1MRAT8,2022,2022-10-13,300942982
2022-06-CENSUS-0000111571,LVUGTE1MRAT8,2022,2022-10-13,873085883
2022-06-CENSUS-0000181811,UUDLHAACMHR1,2022,2022-12-21,364223536
2022-06-CENSUS-0000181811,UUDLHAACMHR1,2022,2022-12-21,363985169
2022-06-CENSUS-0000181811,UUDLHAACMHR1,2022,2022-12-21,273362317
2022-06-CENSUS-0000181811,UUDLHAACMHR1,2022,2022-12-21,364188920
2022-06-CENSUS-0000181811,UUDLHAACMHR1,2022,2022-12-21,364435695
2022-06-CENSUS-0000181811,UUDLHAACMHR1,2022,2022-12-21,363867489
2022-06-CENSUS-0000181811,UUDLHAACMHR1,2022,2022-12-21,362701312
2022-06-CENSUS-0000181811,UUDLHAACMHR1,2022,2022-12-21,364526043
2022-06-CENSUS-0000181811,UUDLHAACMHR1,2022,2022-12-21,363686967
2022-06-CENSUS-0000181811,UUDLHAACMHR1,2022,2022-12-21,362167738
2022-06-CENSUS-0000181811,UUDLHAACMHR1,2022,2022-12-21,363932662
2022-06-CENSUS-0000181811,UUDLHAACMHR1,2022,2022-12-21,362170873
2022-06-CENSUS-0000181811,UUDLHAACMHR1,2022,2022-12-21,363867486
2022-06-CENSUS-0000181811,UUDLHAACMHR1,2022,2022-12-21,800097745
2022-06-CENSUS-0000181811,UUDLHAACMHR1,2022,2022-12-21,900213451
2022-06-CENSUS-0000181811,UUDLHAACMHR1,2022,2022-12-21,208032139
2022-06-CENSUS-0000181811,UUDLHAACMHR1,2022,2022-12-21,455299589
2022-06-CENSUS-0000181811,UUDLHAACMHR1,2022,2022-12-21,363519061
2022-06-CENSUS-0000181811,UUDLHAACMHR1,2022,2022-12-21,364223533
2022-06-CENSUS-0000181811,UUDLHAACMHR1,2022,2022-12-21,470950766
2022-06-CENSUS-0000181811,UUDLHAACMHR1,2022,2022-12-21,830378871
2022-06-CENSUS-0000181811,UUDLHAACMHR1,2022,2022-12-21,364188922
2022-06-CENSUS-0000181811,UUDLHAACMHR1,2022,2022-12-21,363932659
2022-06-CENSUS-0000183614,FYSQANNLYGK1,2022,2022-12-06,471758402
2022-06-CENSUS-0000183614,FYSQANNLYGK1,2022,2022-12-06,570850754
2022-06-CENSUS-0000183614,FYSQANNLYGK1,2022,2022-12-06,205833439
2022-06-CENSUS-0000183614,FYSQANNLYGK1,2022,2022-12-06,571124624
2022-06-CENSUS-0000183614,FYSQANNLYGK1,2022,2022-12-06,522132332
2022-06-CENSUS-0000183614,FYSQANNLYGK1,2022,2022-12-06,010844046
2022-06-CENSUS-0000183614,FYSQANNLYGK1,2022,2022-12-06,205833494
2022-06-CENSUS-0000246684,PQ7XUMZ97JK7,2022,2022-12-28,621674308
2022-06-CENSUS-0000246684,PQ7XUMZ97JK7,2022,2022-12-28,351147323
2022-06-CENSUS-0000246684,PQ7XUMZ97JK7,2022,2022-12-28,370916475
2022-06-CENSUS-0000246684,PQ7XUMZ97JK7,2022,2022-12-28,591009537
2022-06-CENSUS-0000246684,PQ7XUMZ97JK7,2022,2022-12-28,262505456
2022-06-CENSUS-0000221280,RX3NX95TRBA5,2022,2022-11-03,020630643
2022-06-CENSUS-0000221280,RX3NX95TRBA5,2022,2022-11-03,201050517
2022-06-CENSUS-0000221280,RX3NX95TRBA5,2022,2022-11-03,222698009
2022-06-CENSUS-0000221280,RX3NX95TRBA5,2022,2022-11-03,260744323
2022-06-CENSUS-0000221280,RX3NX95TRBA5,2022,2022-11-03,261226084
2022-06-CENSUS-0000221280,RX3NX95TRBA5,2022,2022-11-03,270321439
2022-06-CENSUS-0000221280,RX3NX95TRBA5,2022,2022-11-03,270467500
2022-06-CENSUS-0000221280,RX3NX95TRBA5,2022,2022-11-03,364649645
2022-06-CENSUS-0000221280,RX3NX95TRBA5,2022,2022-11-03,450963380
2022-06-CENSUS-0000003413,MS68RFTB5145,2022,2022-12-06,311642552
2022-06-CENSUS-0000206141,LLVKP6XGEHD1,2022,2022-12-05,834005979
2022-06-CENSUS-0000003569,HQ3EN27J3K21,2022,2022-11-16,300142607
2022-06-CENSUS-0000003569,HQ3EN27J3K21,2022,2022-11-16,300235086
2022-06-CENSUS-0000176056,QQCNFCJDL732,2022,2022-12-21,546001252
2022-06-CENSUS-0000176056,QQCNFCJDL732,2022,2022-12-21,546001255
2022-06-CENSUS-0000048517,V913TCT2SFZ9,2022,2022-12-19,770691998
2022-06-CENSUS-0000071969,GYWALVLRL7U9,2022,2022-12-08,010729022
2022-06-CENSUS-0000071969,GYWALVLRL7U9,2022,2022-12-08,311799910
2022-06-CENSUS-0000176091,VFNCUFKSS811,2022,2022-12-26,546001444
2022-06-CENSUS-0000176091,VFNCUFKSS811,2022,2022-12-26,546001447
2022-06-CENSUS-0000027040,FMT5L6V2NMN1,2022,2022-11-20,232258743
2022-06-CENSUS-0000027040,FMT5L6V2NMN1,2022,2022-11-20,236296524
2022-06-CENSUS-0000027040,FMT5L6V2NMN1,2022,2022-11-20,232784811
2022-06-CENSUS-0000027040,FMT5L6V2NMN1,2022,2022-11-20,232715238
2022-06-CENSUS-0000027040,FMT5L6V2NMN1,2022,2022-11-20,232589841
2022-06-CENSUS-0000027040,FMT5L6V2NMN1,2022,2022-11-20,222454140
2022-06-CENSUS-0000038261,N2AHELWD69T5,2022,2022-12-29,310861029
2022-06-CENSUS-0000038261,N2AHELWD69T5,2022,2022-12-29,310536973
2022-06-CENSUS-0000192726,F8LNWE8JTWK5,2022,2022-12-14,541691952
2022-06-CENSUS-0000192726,F8LNWE8JTWK5,2022,2022-12-14,232033566
2022-06-CENSUS-0000192726,F8LNWE8JTWK5,2022,2022-12-14,521773885
2022-06-CENSUS-0000192726,F8LNWE8JTWK5,2022,2022-12-14,541691953
2022-06-CENSUS-0000192726,F8LNWE8JTWK5,2022,2022-12-14,520575305
2022-06-CENSUS-0000236154,PXL4H76V4M41,2022,2022-12-08,320337272
2022-06-CENSUS-0000236154,PXL4H76V4M41,2022,2022-12-08,384050513
2022-06-CENSUS-0000043896,SZNRL7J8S5C4,2022,2022-11-13,461868575
2021-12-CENSUS-0000253391,GSA_MIGRATION,2021,2022-06-01,205620723
2022-06-CENSUS-0000003463,FGKKBJ2MZHE4,2022,2022-11-20,043276173
2022-06-CENSUS-0000077824,ECR5E2LU5BL6,2022,2022-11-21,522220700
2022-06-CENSUS-0000255509,KA96DU7YHWA7,2022,2022-11-08,824447018
2022-06-CENSUS-0000249808,ZFLHJPLBGEN1,2022,2022-12-07,470756970
2022-06-CENSUS-0000249808,ZFLHJPLBGEN1,2022,2022-12-07,202777542
2022-06-CENSUS-0000249808,ZFLHJPLBGEN1,2022,2022-12-07,363691035
2022-06-CENSUS-0000251786,VXHHXYLM8MS4,2022,2022-11-29,203644753
2022-06-CENSUS-0000251786,VXHHXYLM8MS4,2022,2022-11-29,203644958
2022-06-CENSUS-0000251786,VXHHXYLM8MS4,2022,2022-11-29,203644663
2022-06-CENSUS-0000251786,VXHHXYLM8MS4,2022,2022-11-29,203644923
2022-06-CENSUS-0000251786,VXHHXYLM8MS4,2022,2022-11-29,203645112
2022-06-CENSUS-0000251784,YT19T1G9SSK8,2022,2022-11-29,522370819
2022-06-CENSUS-0000251784,YT19T1G9SSK8,2022,2022-11-29,522370797
2022-06-CENSUS-0000251784,YT19T1G9SSK8,2022,2022-11-29,043707964
2022-06-CENSUS-0000251784,YT19T1G9SSK8,2022,2022-11-29,261641277
2022-06-CENSUS-0000251784,YT19T1G9SSK8,2022,2022-11-29,522370812
2022-06-CENSUS-0000251784,YT19T1G9SSK8,2022,2022-11-29,261272595
2022-06-CENSUS-0000251784,YT19T1G9SSK8,2022,2022-11-29,261272623
2022-06-CENSUS-0000251784,YT19T1G9SSK8,2022,2022-11-29,261272651
2022-06-CENSUS-0000251784,YT19T1G9SSK8,2022,2022-11-29,522370690
2022-06-CENSUS-0000251784,YT19T1G9SSK8,2022,2022-11-29,200000553
2022-06-CENSUS-0000251784,YT19T1G9SSK8,2022,2022-11-29,200000558
2022-06-CENSUS-0000251784,YT19T1G9SSK8,2022,2022-11-29,200000559
2022-06-CENSUS-0000251784,YT19T1G9SSK8,2022,2022-11-29,200000561
2022-06-CENSUS-0000251784,YT19T1G9SSK8,2022,2022-11-29,261272561
2022-06-CENSUS-0000251784,YT19T1G9SSK8,2022,2022-11-29,522370701
2022-06-CENSUS-0000251784,YT19T1G9SSK8,2022,2022-11-29,522370705
2022-06-CENSUS-0000251784,YT19T1G9SSK8,2022,2022-11-29,522370709
2022-06-CENSUS-0000251784,YT19T1G9SSK8,2022,2022-11-29,522370783
2022-06-CENSUS-0000251783,VVZ3CZKKMVQ4,2022,2022-11-29,453756057
2022-06-CENSUS-0000251783,VVZ3CZKKMVQ4,2022,2022-11-29,201916848
2022-06-CENSUS-0000251783,VVZ3CZKKMVQ4,2022,2022-11-29,542101789
2022-06-CENSUS-0000251783,VVZ3CZKKMVQ4,2022,2022-11-29,542101864
2022-06-CENSUS-0000251783,VVZ3CZKKMVQ4,2022,2022-11-29,201916872
2022-06-CENSUS-0000251783,VVZ3CZKKMVQ4,2022,2022-11-29,465032521
2022-06-CENSUS-0000251783,VVZ3CZKKMVQ4,2022,2022-11-29,542101858
2022-06-CENSUS-0000251783,VVZ3CZKKMVQ4,2022,2022-11-29,472150678
2022-06-CENSUS-0000251783,VVZ3CZKKMVQ4,2022,2022-11-29,465046684
2022-06-CENSUS-0000251783,VVZ3CZKKMVQ4,2022,2022-11-29,205620973
2022-06-CENSUS-0000251783,VVZ3CZKKMVQ4,2022,2022-11-29,263667162
2022-06-CENSUS-0000251783,VVZ3CZKKMVQ4,2022,2022-11-29,264215919
2022-06-CENSUS-0000251783,VVZ3CZKKMVQ4,2022,2022-11-29,272106799
2022-06-CENSUS-0000251783,VVZ3CZKKMVQ4,2022,2022-11-29,453364314
2022-06-CENSUS-0000251783,VVZ3CZKKMVQ4,2022,2022-11-29,453756170
2022-06-CENSUS-0000251783,VVZ3CZKKMVQ4,2022,2022-11-29,465018942
2022-06-CENSUS-0000251783,VVZ3CZKKMVQ4,2022,2022-11-29,471644422
2022-06-CENSUS-0000251783,VVZ3CZKKMVQ4,2022,2022-11-29,472156231
2022-06-CENSUS-0000251783,VVZ3CZKKMVQ4,2022,2022-11-29,472166906
2022-06-CENSUS-0000251783,VVZ3CZKKMVQ4,2022,2022-11-29,542101755
2022-06-CENSUS-0000251783,VVZ3CZKKMVQ4,2022,2022-11-29,542101774
2022-06-CENSUS-0000251783,VVZ3CZKKMVQ4,2022,2022-11-29,542101776
2022-06-CENSUS-0000251783,VVZ3CZKKMVQ4,2022,2022-11-29,542101785
2022-06-CENSUS-0000251783,VVZ3CZKKMVQ4,2022,2022-11-29,542101810
2022-06-CENSUS-0000251783,VVZ3CZKKMVQ4,2022,2022-11-29,542101832
2022-06-CENSUS-0000251783,VVZ3CZKKMVQ4,2022,2022-11-29,542101834
2022-06-CENSUS-0000251783,VVZ3CZKKMVQ4,2022,2022-11-29,542101848
2022-06-CENSUS-0000251783,VVZ3CZKKMVQ4,2022,2022-11-29,542101853
2022-06-CENSUS-0000251783,VVZ3CZKKMVQ4,2022,2022-11-29,542101856
2022-06-CENSUS-0000251783,VVZ3CZKKMVQ4,2022,2022-11-29,542101861
2022-06-CENSUS-0000251783,VVZ3CZKKMVQ4,2022,2022-11-29,861250314
2022-06-CENSUS-0000184454,XH33HYLB7PL5,2022,2022-11-15,570956931
2022-06-CENSUS-0000184454,XH33HYLB7PL5,2022,2022-11-15,571016399
2022-06-CENSUS-0000184454,XH33HYLB7PL5,2022,2022-11-15,571016402
2022-06-CENSUS-0000184454,XH33HYLB7PL5,2022,2022-11-15,570969158
2022-06-CENSUS-0000184454,XH33HYLB7PL5,2022,2022-11-15,582365149
2022-06-CENSUS-0000184454,XH33HYLB7PL5,2022,2022-11-15,570774509
2022-06-CENSUS-0000184454,XH33HYLB7PL5,2022,2022-11-15,570990560
2022-06-CENSUS-0000184454,XH33HYLB7PL5,2022,2022-11-15,311504031
2022-06-CENSUS-0000229592,LNTJM8W2H3E9,2022,2022-12-13,844633153
2022-06-CENSUS-0000217981,QC36DTN39BH7,2022,2022-12-14,311712976
2022-06-CENSUS-0000001354,N3UTNKGNEZK9,2022,2022-12-19,811952664
2022-06-CENSUS-0000068059,HH1PRRXHYXX5,2022,2022-12-21,730685955
2022-06-CENSUS-0000068059,HH1PRRXHYXX5,2022,2022-12-21,480847946
2022-06-CENSUS-0000221199,S4M9D4ENNVP6,2022,2022-12-20,521224508
2022-06-CENSUS-0000048523,DNUHCR72JND3,2022,2022-12-19,362711737
2022-06-CENSUS-0000171444,HH76FR98KWB8,2022,2022-11-30,620726044
2022-06-CENSUS-0000171444,HH76FR98KWB8,2022,2022-11-30,626000885
2022-03-CENSUS-0000034760,NC4DNBA2CMB4,2022,2022-12-19,262850045
2022-03-CENSUS-0000034760,NC4DNBA2CMB4,2022,2022-12-19,363014600
2022-03-CENSUS-0000034760,NC4DNBA2CMB4,2022,2022-12-19,363133793
2022-03-CENSUS-0000034760,NC4DNBA2CMB4,2022,2022-12-19,363471392
2022-06-CENSUS-0000090727,E5HJDZN87QL9,2022,2022-12-20,453329121
2022-06-CENSUS-0000027705,WNDRNNAL2ER1,2022,2022-11-27,232965144
2022-06-CENSUS-0000171360,FYPENE4ABBG6,2022,2022-12-01,626000479
2022-06-CENSUS-0000171360,FYPENE4ABBG6,2022,2022-12-01,626000474
2022-06-CENSUS-0000171360,FYPENE4ABBG6,2022,2022-12-01,626000475
2022-06-CENSUS-0000171360,FYPENE4ABBG6,2022,2022-12-01,626000473
2022-06-CENSUS-0000176268,LBZ1QN46CUK6,2022,2022-12-21,546001338
2022-06-CENSUS-0000002919,FUT2E1NXJ2F6,2022,2022-12-20,040882170
2022-06-CENSUS-0000002919,FUT2E1NXJ2F6,2022,2022-12-20,043645008
2022-06-CENSUS-0000002919,FUT2E1NXJ2F6,2022,2022-12-20,042867643
2022-06-CENSUS-0000002919,FUT2E1NXJ2F6,2022,2022-12-20,113841369
2022-06-CENSUS-0000198400,JSLSBL82VMR3,2022,2022-11-21,431815326
2022-06-CENSUS-0000198400,JSLSBL82VMR3,2022,2022-11-21,431816846
2022-06-CENSUS-0000251785,G59BNCR62FN8,2022,2022-11-27,271452535
2022-06-CENSUS-0000251785,G59BNCR62FN8,2022,2022-11-27,271563270
2022-06-CENSUS-0000251785,G59BNCR62FN8,2022,2022-11-27,271914362
2022-06-CENSUS-0000251785,G59BNCR62FN8,2022,2022-11-27,455012031
2022-06-CENSUS-0000251785,G59BNCR62FN8,2022,2022-11-27,582651175
2022-06-CENSUS-0000251785,G59BNCR62FN8,2022,2022-11-27,453639743
2021-12-CENSUS-0000253391,GSA_MIGRATION,2021,2022-06-01,260750153
2021-12-CENSUS-0000253391,GSA_MIGRATION,2021,2022-06-01,592831397
2021-06-CENSUS-0000050485,GSA_MIGRATION,2021,2022-06-22,361500900
2021-06-CENSUS-0000050485,GSA_MIGRATION,2021,2022-06-22,362170133
2021-06-CENSUS-0000050485,GSA_MIGRATION,2021,2022-06-22,362179802
2021-06-CENSUS-0000050485,GSA_MIGRATION,2021,2022-06-22,363305449
2021-06-CENSUS-0000050485,GSA_MIGRATION,2021,2022-06-22,363932824
2021-06-CENSUS-0000050485,GSA_MIGRATION,2021,2022-06-22,113717340
2021-06-CENSUS-0000050485,GSA_MIGRATION,2021,2022-06-22,473012375
2021-12-CENSUS-0000221494,GSA_MIGRATION,2021,2022-05-15,223301338
2021-12-CENSUS-0000221494,GSA_MIGRATION,2021,2022-05-15,223218442
2022-06-CENSUS-0000001909,YWYEJEYHCA31,2022,2022-11-29,043575676
2022-06-CENSUS-0000193346,JBYVCCGM6C95,2022,2022-11-15,330679258
2021-12-CENSUS-0000221494,GSA_MIGRATION,2021,2022-05-15,300144279
2021-12-CENSUS-0000221494,GSA_MIGRATION,2021,2022-05-15,834267314
2021-12-CENSUS-0000221494,GSA_MIGRATION,2021,2022-05-15,844879121
2021-09-CENSUS-0000198694,GSA_MIGRATION,2021,2022-03-30,161355896
2021-12-CENSUS-0000230948,GSA_MIGRATION,2021,2022-09-22,222351960
2021-12-CENSUS-0000230948,GSA_MIGRATION,2021,2022-09-22,210634562
2021-12-CENSUS-0000230948,GSA_MIGRATION,2021,2022-09-22,210635001
2021-12-CENSUS-0000230948,GSA_MIGRATION,2021,2022-09-22,223612265
2021-12-CENSUS-0000230948,GSA_MIGRATION,2021,2022-09-22,271348772
2022-06-CENSUS-0000196103,UW41HLMNGM63,2022,2022-12-05,364429327
2022-06-CENSUS-0000207063,KMZ8VDN8NGZ7,2022,2022-12-15,201890414
2021-12-CENSUS-0000230948,GSA_MIGRATION,2021,2022-09-22,223361862
2022-06-CENSUS-0000003338,MBQFSH9RCS39,2022,2022-12-04,512165256
2022-06-CENSUS-0000003338,MBQFSH9RCS39,2022,2022-12-04,522452609
2022-06-CENSUS-0000003354,EH8XLZA2ACN6,2022,2022-12-04,800790996
2022-06-CENSUS-0000003354,EH8XLZA2ACN6,2022,2022-12-04,264412391
2022-06-CENSUS-0000170401,LYKFMAJLJXL9,2022,2022-12-29,570650141
2021-09-CENSUS-0000254533,GSA_MIGRATION,2021,2022-09-15,205755130
2021-09-CENSUS-0000254533,GSA_MIGRATION,2021,2022-09-15,560529974
2021-09-CENSUS-0000254533,GSA_MIGRATION,2021,2022-09-15,560510824
2021-09-CENSUS-0000254121,GSA_MIGRATION,2021,2022-08-01,042769210
2021-09-CENSUS-0000254121,GSA_MIGRATION,2021,2022-08-01,050398822
2021-09-CENSUS-0000254121,GSA_MIGRATION,2021,2022-08-01,043170333
2022-06-CENSUS-0000176050,ZNTTNLCC5NL1,2022,2022-11-28,546001210
2021-09-CENSUS-0000254121,GSA_MIGRATION,2021,2022-08-01,452385865
2021-09-CENSUS-0000254121,GSA_MIGRATION,2021,2022-08-01,042297845
2021-09-CENSUS-0000254121,GSA_MIGRATION,2021,2022-08-01,823503666
2021-09-CENSUS-0000254121,GSA_MIGRATION,2021,2022-08-01,852785921
2021-09-CENSUS-0000254121,GSA_MIGRATION,2021,2022-08-01,043248480
2021-12-CENSUS-0000224269,GSA_MIGRATION,2021,2022-05-18,020655254
2021-12-CENSUS-0000224269,GSA_MIGRATION,2021,2022-05-18,043624359
2021-12-CENSUS-0000224269,GSA_MIGRATION,2021,2022-05-18,134224803
2021-12-CENSUS-0000224269,GSA_MIGRATION,2021,2022-05-18,141866405
2021-12-CENSUS-0000224269,GSA_MIGRATION,2021,2022-05-18,201583332
2021-12-CENSUS-0000224269,GSA_MIGRATION,2021,2022-05-18,201910771
2022-06-CENSUS-0000239518,FQ1GU6LYGDT3,2022,2022-11-21,422404287
2022-06-CENSUS-0000097749,MFHDCPJM8394,2022,2022-12-04,208017459
2022-06-CENSUS-0000097749,MFHDCPJM8394,2022,2022-12-04,710613881
2022-06-CENSUS-0000145872,QUKNKLZ4N889,2022,2022-12-07,616033693
2022-06-CENSUS-0000197439,FJN1KQNN38MS,2022,2022-12-13,541208368
2022-06-CENSUS-0000197439,FJN1KQNN38MS,2022,2022-12-13,546001348
2021-12-CENSUS-0000134808,GSA_MIGRATION,2021,2022-06-22,846000565
2022-06-CENSUS-0000176100,JPP5WK1AP1H3,2022,2022-12-18,546001521
2022-04-CENSUS-0000038504,LBW2DRXQXCA7,2022,2022-10-10,611254830
2022-06-CENSUS-0000231143,TJFZLPP6NYL6,2022,2022-11-20,237156071
2022-06-CENSUS-0000249811,HE9LF8PL8LW4,2022,2022-11-14,742129272
2022-06-CENSUS-0000240247,GVJXJKAAQ7L6,2022,2022-11-03,300211613
2022-06-CENSUS-0000176087,S7QCJXS6XCX3,2022,2022-12-20,911882658
2022-06-CENSUS-0000176087,S7QCJXS6XCX3,2022,2022-12-20,541143537
2022-06-CENSUS-0000176087,S7QCJXS6XCX3,2022,2022-12-20,546001421
2022-06-CENSUS-0000176087,S7QCJXS6XCX3,2022,2022-12-20,546001423
2022-06-CENSUS-0000247401,HW9LU4LT5673,2022,2022-12-29,812787403
2021-12-CENSUS-0000253575,GSA_MIGRATION,2021,2022-06-20,470384319
2021-12-CENSUS-0000056263,GSA_MIGRATION,2021,2022-08-23,200363774
2021-12-CENSUS-0000056263,GSA_MIGRATION,2021,2022-08-23,382527481
2021-12-CENSUS-0000056263,GSA_MIGRATION,2021,2022-08-23,382600226
2022-06-CENSUS-0000128276,M9GKSQB7UJ65,2022,2022-12-06,990225140
2022-06-CENSUS-0000128276,M9GKSQB7UJ65,2022,2022-12-06,990225065
2022-06-CENSUS-0000248797,L6AXPAJZ3HR4,2022,2022-11-08,351341204
2022-06-CENSUS-0000066304,NESLC4E9AGU5,2022,2022-11-08,300255522
2022-06-CENSUS-0000066304,NESLC4E9AGU5,2022,2022-11-08,204942869
2022-06-CENSUS-0000066304,NESLC4E9AGU5,2022,2022-11-08,431008405
2022-06-CENSUS-0000066304,NESLC4E9AGU5,2022,2022-11-08,300255520
2022-06-CENSUS-0000169961,NEYTKEM6HN99,2022,2022-11-28,237454575
2022-06-CENSUS-0000030446,J18HKT55ZGF8,2022,2022-12-04,222864921
2022-07-CENSUS-0000230232,TFLCJMNCH2E7,2022,2022-12-28,262346277
2022-07-CENSUS-0000230232,TFLCJMNCH2E7,2022,2022-12-28,851836163
2021-06-CENSUS-0000171410,GSA_MIGRATION,2021,2022-03-17,626000714
2021-06-CENSUS-0000171410,GSA_MIGRATION,2021,2022-03-17,626000717
2022-06-CENSUS-0000171386,LGCMDD6KKBT8,2022,2022-12-21,606000610
2022-06-CENSUS-0000171386,LGCMDD6KKBT8,2022,2022-12-21,606000609
2022-03-CENSUS-0000181526,MCD5SMMWNBE5,2022,2022-10-12,830318902
2022-06-CENSUS-0000068359,HU5ML62NVDK5,2022,2022-10-19,363447067
2022-06-CENSUS-0000154885,UXMZXKLPV9M2,2022,2022-12-21,490491233
2022-06-CENSUS-0000187366,F137M3G9SFE7,2022,2022-11-17,461432508
2022-06-CENSUS-0000214108,KNX6LNTLFDZ4,2022,2022-12-12,363245072
2022-06-CENSUS-0000176037,NJ2LM9KK2316,2022,2022-12-18,541585719
2022-06-CENSUS-0000176037,NJ2LM9KK2316,2022,2022-12-18,546001133
2022-04-CENSUS-0000256304,VEX3NHZ54HJ4,2022,2022-12-14,010481696
2022-06-CENSUS-0000003275,MQDJZY52APN7,2022,2022-11-15,813939074
2022-06-CENSUS-0000247791,KHV6B17LFL86,2022,2022-12-13,522325727
2022-06-CENSUS-0000247791,KHV6B17LFL86,2022,2022-12-13,463705759
2022-06-CENSUS-0000247791,KHV6B17LFL86,2022,2022-12-13,742622426
2022-06-CENSUS-0000247791,KHV6B17LFL86,2022,2022-12-13,901078761
2021-12-CENSUS-0000253126,GSA_MIGRATION,2021,2022-05-01,470786518
2022-03-CENSUS-0000081739,MF8WGQML9XG5,2022,2022-12-11,562280613
2022-06-CENSUS-0000251448,UJ7ZFUKDH4M8,2022,2022-10-19,621866708
2021-12-CENSUS-0000033641,GSA_MIGRATION,2021,2022-07-31,133475785
2021-09-CENSUS-0000253822,GSA_MIGRATION,2021,2022-06-29,592522488
2022-06-CENSUS-0000080750,ZYBAZZ3ZEN44,2022,2022-12-11,317170004
2022-06-CENSUS-0000080750,ZYBAZZ3ZEN44,2022,2022-12-11,550718164
2022-06-CENSUS-0000080750,ZYBAZZ3ZEN44,2022,2022-12-11,550733799
2022-06-CENSUS-0000240224,ZZ5WSC7D56X1,2022,2022-11-21,464918535
2022-06-CENSUS-0000240224,ZZ5WSC7D56X1,2022,2022-11-21,824674349
2022-06-CENSUS-0000240230,P7VTJ3KE3AK3,2022,2022-11-27,450193643
2022-06-CENSUS-0000240230,P7VTJ3KE3AK3,2022,2022-11-27,450648423
2022-06-CENSUS-0000254078,KYSEBY3LV4G9,2022,2022-12-12,390806302
2022-06-CENSUS-0000254078,KYSEBY3LV4G9,2022,2022-12-12,391954169
2022-06-CENSUS-0000254078,KYSEBY3LV4G9,2022,2022-12-12,272042610
2021-12-CENSUS-0000253491,GSA_MIGRATION,2021,2022-06-13,311424302
2021-12-CENSUS-0000253491,GSA_MIGRATION,2021,2022-06-13,263328413
2021-09-CENSUS-0000253695,GSA_MIGRATION,2021,2022-06-28,814015190
2021-09-CENSUS-0000253695,GSA_MIGRATION,2021,2022-06-28,831294232
2021-09-CENSUS-0000253695,GSA_MIGRATION,2021,2022-06-28,464354068
2021-09-CENSUS-0000253695,GSA_MIGRATION,2021,2022-06-28,581694098
2021-09-CENSUS-0000253695,GSA_MIGRATION,2021,2022-06-28,582078064
2021-09-CENSUS-0000253695,GSA_MIGRATION,2021,2022-06-28,581694820
2021-12-CENSUS-0000187697,GSA_MIGRATION,2021,2022-09-28,351747218
2021-12-CENSUS-0000187697,GSA_MIGRATION,2021,2022-09-28,351720796
2021-12-CENSUS-0000187697,GSA_MIGRATION,2021,2022-09-28,350867958
2021-12-CENSUS-0000187697,GSA_MIGRATION,2021,2022-09-28,010646166
2021-12-CENSUS-0000187697,GSA_MIGRATION,2021,2022-09-28,815174295
2021-12-CENSUS-0000187697,GSA_MIGRATION,2021,2022-09-28,351932442
2021-12-CENSUS-0000187697,GSA_MIGRATION,2021,2022-09-28,352090919
2021-12-CENSUS-0000187697,GSA_MIGRATION,2021,2022-09-28,237042323
2021-12-CENSUS-0000187697,GSA_MIGRATION,2021,2022-09-28,273532963
2021-12-CENSUS-0000187697,GSA_MIGRATION,2021,2022-09-28,262772226
2021-12-CENSUS-0000187697,GSA_MIGRATION,2021,2022-09-28,822736786
2021-12-CENSUS-0000187697,GSA_MIGRATION,2021,2022-09-28,351814660
2021-12-CENSUS-0000187697,GSA_MIGRATION,2021,2022-09-28,263162145
2021-12-CENSUS-0000187697,GSA_MIGRATION,2021,2022-09-28,473832952
2021-06-CENSUS-0000202564,GSA_MIGRATION,2021,2022-09-21,550677188
2021-12-CENSUS-0000230948,GSA_MIGRATION,2021,2022-09-22,274357794
2021-12-CENSUS-0000230948,GSA_MIGRATION,2021,2022-09-22,223554707
2021-12-CENSUS-0000230948,GSA_MIGRATION,2021,2022-09-22,222394675
2021-12-CENSUS-0000230948,GSA_MIGRATION,2021,2022-09-22,210634532
2021-09-CENSUS-0000238808,GSA_MIGRATION,2021,2022-06-12,060932875
2021-09-CENSUS-0000238808,GSA_MIGRATION,2021,2022-06-12,060702617
2021-09-CENSUS-0000238808,GSA_MIGRATION,2021,2022-06-12,454456939
2021-09-CENSUS-0000238808,GSA_MIGRATION,2021,2022-06-12,371911194
2021-09-CENSUS-0000238808,GSA_MIGRATION,2021,2022-06-12,222635676
2021-09-CENSUS-0000238808,GSA_MIGRATION,2021,2022-06-12,820586577
2021-09-CENSUS-0000238808,GSA_MIGRATION,2021,2022-06-12,061490803
2021-09-CENSUS-0000238808,GSA_MIGRATION,2021,2022-06-12,060646938
2021-12-CENSUS-0000253313,GSA_MIGRATION,2021,2022-05-25,300329769
2021-12-CENSUS-0000253418,GSA_MIGRATION,2021,2022-06-02,251689293
2021-06-CENSUS-0000161171,GSA_MIGRATION,2021,2022-09-27,561306049
2021-09-CENSUS-0000136077,GSA_MIGRATION,2021,2022-06-28,596000534
2021-08-CENSUS-0000051491,GSA_MIGRATION,2021,2022-05-30,363310838
2021-08-CENSUS-0000051491,GSA_MIGRATION,2021,2022-05-30,911999919
2021-06-CENSUS-0000128405,GSA_MIGRATION,2021,2022-03-29,831036020
2021-12-CENSUS-0000093488,GSA_MIGRATION,2021,2022-03-14,582127749
2021-12-CENSUS-0000056263,GSA_MIGRATION,2021,2022-08-23,473197663
2021-12-CENSUS-0000056263,GSA_MIGRATION,2021,2022-08-23,820895465
2021-12-CENSUS-0000255235,GSA_MIGRATION,2021,2022-09-29,760347078
2021-12-CENSUS-0000255235,GSA_MIGRATION,2021,2022-09-29,746078737
2021-12-CENSUS-0000255235,GSA_MIGRATION,2021,2022-09-29,760668992
2021-12-CENSUS-0000255235,GSA_MIGRATION,2021,2022-09-29,760454486
2021-12-CENSUS-0000255235,GSA_MIGRATION,2021,2022-09-29,760520414
2021-12-CENSUS-0000255235,GSA_MIGRATION,2021,2022-09-29,834115340
2021-06-CENSUS-0000242293,GSA_MIGRATION,2021,2022-07-05,813053323
2021-06-CENSUS-0000255491,GSA_MIGRATION,2021,2022-09-29,264331175
2021-03-CENSUS-0000132478,GSA_MIGRATION,2021,2022-01-24,680328087
2021-03-CENSUS-0000132478,GSA_MIGRATION,2021,2022-01-24,680486777
2021-03-CENSUS-0000132478,GSA_MIGRATION,2021,2022-01-24,680486180
2021-03-CENSUS-0000132478,GSA_MIGRATION,2021,2022-01-24,680377801
2021-12-CENSUS-0000197856,GSA_MIGRATION,2021,2022-09-20,122019262
2021-12-CENSUS-0000197856,GSA_MIGRATION,2021,2022-09-20,202265971
2021-12-CENSUS-0000197856,GSA_MIGRATION,2021,2022-09-20,203138196
2021-12-CENSUS-0000197856,GSA_MIGRATION,2021,2022-09-20,203349394
2021-12-CENSUS-0000197856,GSA_MIGRATION,2021,2022-09-20,203349702
2021-12-CENSUS-0000197856,GSA_MIGRATION,2021,2022-09-20,203349887
2021-12-CENSUS-0000197856,GSA_MIGRATION,2021,2022-09-20,203350024
2021-12-CENSUS-0000197856,GSA_MIGRATION,2021,2022-09-20,204794739
2021-12-CENSUS-0000197856,GSA_MIGRATION,2021,2022-09-20,205996177
2021-12-CENSUS-0000197856,GSA_MIGRATION,2021,2022-09-20,208335586
2021-12-CENSUS-0000197856,GSA_MIGRATION,2021,2022-09-20,237005359
2021-12-CENSUS-0000197856,GSA_MIGRATION,2021,2022-09-20,261226617
2021-12-CENSUS-0000197856,GSA_MIGRATION,2021,2022-09-20,262912486
2021-12-CENSUS-0000197856,GSA_MIGRATION,2021,2022-09-20,271086011
2021-12-CENSUS-0000197856,GSA_MIGRATION,2021,2022-09-20,272552748
2021-12-CENSUS-0000197856,GSA_MIGRATION,2021,2022-09-20,320190409
2021-12-CENSUS-0000197856,GSA_MIGRATION,2021,2022-09-20,363397264
2021-12-CENSUS-0000197856,GSA_MIGRATION,2021,2022-09-20,363517696
2021-12-CENSUS-0000197856,GSA_MIGRATION,2021,2022-09-20,363517697
2021-12-CENSUS-0000197856,GSA_MIGRATION,2021,2022-09-20,410693880
2021-12-CENSUS-0000197856,GSA_MIGRATION,2021,2022-09-20,410706141
2021-12-CENSUS-0000197856,GSA_MIGRATION,2021,2022-09-20,410851573
2021-12-CENSUS-0000197856,GSA_MIGRATION,2021,2022-09-20,411287792
2021-12-CENSUS-0000197856,GSA_MIGRATION,2021,2022-09-20,411293970
2021-12-CENSUS-0000197856,GSA_MIGRATION,2021,2022-09-20,411356565
2021-12-CENSUS-0000197856,GSA_MIGRATION,2021,2022-09-20,411378656
2021-12-CENSUS-0000197856,GSA_MIGRATION,2021,2022-09-20,411388583
2021-12-CENSUS-0000197856,GSA_MIGRATION,2021,2022-09-20,411414831
2021-12-CENSUS-0000197856,GSA_MIGRATION,2021,2022-09-20,411434246
2021-12-CENSUS-0000197856,GSA_MIGRATION,2021,2022-09-20,411456897
2021-12-CENSUS-0000197856,GSA_MIGRATION,2021,2022-09-20,411463518
2021-12-CENSUS-0000197856,GSA_MIGRATION,2021,2022-09-20,411482417
2021-12-CENSUS-0000197856,GSA_MIGRATION,2021,2022-09-20,411483099
2021-12-CENSUS-0000197856,GSA_MIGRATION,2021,2022-09-20,411544996
2021-12-CENSUS-0000197856,GSA_MIGRATION,2021,2022-09-20,411560554
2021-12-CENSUS-0000197856,GSA_MIGRATION,2021,2022-09-20,411567046
2021-12-CENSUS-0000197856,GSA_MIGRATION,2021,2022-09-20,411568579
2021-12-CENSUS-0000197856,GSA_MIGRATION,2021,2022-09-20,411573810
2021-12-CENSUS-0000197856,GSA_MIGRATION,2021,2022-09-20,411592761
2021-08-CENSUS-0000243138,GSA_MIGRATION,2021,2022-05-30,200763890
2021-12-CENSUS-0000253394,GSA_MIGRATION,2021,2022-06-01,591825937
2021-12-CENSUS-0000253394,GSA_MIGRATION,2021,2022-06-01,591952942
2021-12-CENSUS-0000253394,GSA_MIGRATION,2021,2022-06-01,203974070
2021-12-CENSUS-0000253394,GSA_MIGRATION,2021,2022-06-01,800674849
2021-12-CENSUS-0000255056,GSA_MIGRATION,2021,2022-09-27,231893623
2021-12-CENSUS-0000255056,GSA_MIGRATION,2021,2022-09-27,222659999
2021-12-CENSUS-0000255056,GSA_MIGRATION,2021,2022-09-27,030494366
2021-09-CENSUS-0000218512,GSA_MIGRATION,2021,2022-08-23,364819364
2021-12-CENSUS-0000074789,GSA_MIGRATION,2021,2022-08-24,320060209
2021-09-CENSUS-0000198810,GSA_MIGRATION,2021,2022-06-29,113784371
2021-12-CENSUS-0000134799,GSA_MIGRATION,2021,2022-06-22,840822851
2021-12-CENSUS-0000254246,GSA_MIGRATION,2021,2022-08-18,943201366
2021-12-CENSUS-0000255376,GSA_MIGRATION,2021,2022-09-29,260628913
2021-12-CENSUS-0000255376,GSA_MIGRATION,2021,2022-09-29,260885844
2021-06-CENSUS-0000201430,GSA_MIGRATION,2021,2022-09-28,208034409
2021-06-CENSUS-0000201430,GSA_MIGRATION,2021,2022-09-28,201220860
2021-06-CENSUS-0000201430,GSA_MIGRATION,2021,2022-09-28,201364957
2021-12-CENSUS-0000255444,GSA_MIGRATION,2021,2022-09-29,461043637
2021-12-CENSUS-0000255444,GSA_MIGRATION,2021,2022-09-29,261528342
2021-12-CENSUS-0000255444,GSA_MIGRATION,2021,2022-09-29,160969838
2021-12-CENSUS-0000255444,GSA_MIGRATION,2021,2022-09-29,454913668
2021-12-CENSUS-0000176847,GSA_MIGRATION,2021,2022-09-27,916018764
2021-12-CENSUS-0000255436,GSA_MIGRATION,2021,2022-09-29,261147857
2021-12-CENSUS-0000255436,GSA_MIGRATION,2021,2022-09-29,461695760
2021-12-CENSUS-0000255436,GSA_MIGRATION,2021,2022-09-29,475429362
2021-05-CENSUS-0000123517,GSA_MIGRATION,2021,2022-03-28,260152908
2021-06-CENSUS-0000255105,GSA_MIGRATION,2021,2022-09-28,232302675
2021-06-CENSUS-0000255105,GSA_MIGRATION,2021,2022-09-28,232560952
2021-06-CENSUS-0000255105,GSA_MIGRATION,2021,2022-09-28,455005460
2021-06-CENSUS-0000255105,GSA_MIGRATION,2021,2022-09-28,233045622
2021-06-CENSUS-0000255105,GSA_MIGRATION,2021,2022-09-28,231352525
2021-06-CENSUS-0000252279,GSA_MIGRATION,2021,2022-02-13,311558826
2021-06-CENSUS-0000003724,GSA_MIGRATION,2021,2022-02-17,300162655
2021-06-CENSUS-0000003724,GSA_MIGRATION,2021,2022-02-17,043546321
2021-06-CENSUS-0000003724,GSA_MIGRATION,2021,2022-02-17,311740060
2021-06-CENSUS-0000003724,GSA_MIGRATION,2021,2022-02-17,223215740
2021-06-CENSUS-0000003724,GSA_MIGRATION,2021,2022-02-17,300162656
2021-06-CENSUS-0000003724,GSA_MIGRATION,2021,2022-02-17,043002220
2021-06-CENSUS-0000003724,GSA_MIGRATION,2021,2022-02-17,061569439
2021-06-CENSUS-0000003724,GSA_MIGRATION,2021,2022-02-17,311758843
2021-06-CENSUS-0000003724,GSA_MIGRATION,2021,2022-02-17,042180222
2021-06-CENSUS-0000003724,GSA_MIGRATION,2021,2022-02-17,043233283
2021-06-CENSUS-0000003724,GSA_MIGRATION,2021,2022-02-17,043259610
2021-06-CENSUS-0000092326,GSA_MIGRATION,2021,2022-02-17,582500227
2021-06-CENSUS-0000092326,GSA_MIGRATION,2021,2022-02-17,830743908
2021-09-CENSUS-0000253765,GSA_MIGRATION,2021,2022-06-29,550357050
2021-12-CENSUS-0000183105,GSA_MIGRATION,2021,2022-04-10,042650115
2021-12-CENSUS-0000183105,GSA_MIGRATION,2021,2022-04-10,042668678
2021-12-CENSUS-0000183105,GSA_MIGRATION,2021,2022-04-10,042650113
2021-12-CENSUS-0000252923,GSA_MIGRATION,2021,2022-04-05,261209794
2021-12-CENSUS-0000213622,GSA_MIGRATION,2021,2022-05-19,160816128
2021-12-CENSUS-0000208388,GSA_MIGRATION,2021,2022-05-02,841484609
2021-12-CENSUS-0000208388,GSA_MIGRATION,2021,2022-05-02,272098675
2021-12-CENSUS-0000208388,GSA_MIGRATION,2021,2022-05-02,272098978
2021-12-CENSUS-0000197856,GSA_MIGRATION,2021,2022-09-20,411602044
2021-12-CENSUS-0000197856,GSA_MIGRATION,2021,2022-09-20,411753325
2021-12-CENSUS-0000197856,GSA_MIGRATION,2021,2022-09-20,411761760
2021-12-CENSUS-0000197856,GSA_MIGRATION,2021,2022-09-20,411765832
2021-12-CENSUS-0000197856,GSA_MIGRATION,2021,2022-09-20,411769727
2021-12-CENSUS-0000197856,GSA_MIGRATION,2021,2022-09-20,411796007
2021-12-CENSUS-0000197856,GSA_MIGRATION,2021,2022-09-20,411805759
2021-12-CENSUS-0000197856,GSA_MIGRATION,2021,2022-09-20,411846481
2021-12-CENSUS-0000197856,GSA_MIGRATION,2021,2022-09-20,411852028
2021-12-CENSUS-0000197856,GSA_MIGRATION,2021,2022-09-20,411865874
2021-12-CENSUS-0000197856,GSA_MIGRATION,2021,2022-09-20,411928275
2021-12-CENSUS-0000197856,GSA_MIGRATION,2021,2022-09-20,411964691
2021-12-CENSUS-0000197856,GSA_MIGRATION,2021,2022-09-20,411983267
2021-12-CENSUS-0000197856,GSA_MIGRATION,2021,2022-09-20,412012560
2021-12-CENSUS-0000197856,GSA_MIGRATION,2021,2022-09-20,452665537
2021-12-CENSUS-0000197856,GSA_MIGRATION,2021,2022-09-20,455422455
2021-12-CENSUS-0000197856,GSA_MIGRATION,2021,2022-09-20,455588268
2021-12-CENSUS-0000197856,GSA_MIGRATION,2021,2022-09-20,461336243
2021-12-CENSUS-0000197856,GSA_MIGRATION,2021,2022-09-20,462441825
2021-12-CENSUS-0000197856,GSA_MIGRATION,2021,2022-09-20,462454295
2021-12-CENSUS-0000197856,GSA_MIGRATION,2021,2022-09-20,465444821
2021-12-CENSUS-0000197856,GSA_MIGRATION,2021,2022-09-20,611408831
2021-12-CENSUS-0000197856,GSA_MIGRATION,2021,2022-09-20,721586863
2021-12-CENSUS-0000197856,GSA_MIGRATION,2021,2022-09-20,810625135
2021-12-CENSUS-0000197856,GSA_MIGRATION,2021,2022-09-20,813927337
2021-12-CENSUS-0000197856,GSA_MIGRATION,2021,2022-09-20,814469761
2021-12-CENSUS-0000197856,GSA_MIGRATION,2021,2022-09-20,980417513
2021-12-CENSUS-0000251013,GSA_MIGRATION,2021,2022-09-14,271835547
2021-12-CENSUS-0000251013,GSA_MIGRATION,2021,2022-09-14,270834118
2021-12-CENSUS-0000251013,GSA_MIGRATION,2021,2022-09-14,460638330
2021-12-CENSUS-0000251013,GSA_MIGRATION,2021,2022-09-14,462535295
2021-12-CENSUS-0000251013,GSA_MIGRATION,2021,2022-09-14,852046053
2021-12-CENSUS-0000251013,GSA_MIGRATION,2021,2022-09-14,271517745
2021-12-CENSUS-0000251013,GSA_MIGRATION,2021,2022-09-14,270168491
2021-12-CENSUS-0000251013,GSA_MIGRATION,2021,2022-09-14,822487188
2021-12-CENSUS-0000251013,GSA_MIGRATION,2021,2022-09-14,852063444
2021-06-CENSUS-0000247889,GSA_MIGRATION,2021,2022-09-27,954457756
2021-06-CENSUS-0000247889,GSA_MIGRATION,2021,2022-09-27,201645949
2021-06-CENSUS-0000247889,GSA_MIGRATION,2021,2022-09-27,134341601
2021-06-CENSUS-0000247889,GSA_MIGRATION,2021,2022-09-27,412122164
2021-06-CENSUS-0000247889,GSA_MIGRATION,2021,2022-09-27,113652210
2021-06-CENSUS-0000247889,GSA_MIGRATION,2021,2022-09-27,721349748
2021-06-CENSUS-0000247889,GSA_MIGRATION,2021,2022-09-27,542075700
2021-06-CENSUS-0000247889,GSA_MIGRATION,2021,2022-09-27,461628556
2021-06-CENSUS-0000247889,GSA_MIGRATION,2021,2022-09-27,870760381
2021-06-CENSUS-0000247889,GSA_MIGRATION,2021,2022-09-27,951644042
2021-06-CENSUS-0000210812,GSA_MIGRATION,2021,2022-03-06,541643698
2021-06-CENSUS-0000210812,GSA_MIGRATION,2021,2022-03-06,546001687
2021-06-CENSUS-0000210812,GSA_MIGRATION,2021,2022-03-06,546001690
2021-12-CENSUS-0000234140,GSA_MIGRATION,2021,2022-04-17,462570877
2021-09-CENSUS-0000253725,GSA_MIGRATION,2021,2022-06-29,930453216
2021-09-CENSUS-0000253725,GSA_MIGRATION,2021,2022-06-29,571140188
2021-09-CENSUS-0000253725,GSA_MIGRATION,2021,2022-06-29,750891470
2021-09-CENSUS-0000253725,GSA_MIGRATION,2021,2022-06-29,930557803
2021-09-CENSUS-0000253725,GSA_MIGRATION,2021,2022-06-29,931179254
2021-09-CENSUS-0000253725,GSA_MIGRATION,2021,2022-06-29,930513697
2021-09-CENSUS-0000253725,GSA_MIGRATION,2021,2022-06-29,391412320
2021-09-CENSUS-0000253725,GSA_MIGRATION,2021,2022-06-29,342030255
2021-09-CENSUS-0000253725,GSA_MIGRATION,2021,2022-06-29,711016384
2021-12-CENSUS-0000202468,GSA_MIGRATION,2021,2022-07-31,133556132
2021-09-CENSUS-0000246806,GSA_MIGRATION,2021,2022-06-29,453072990
2021-09-CENSUS-0000253843,GSA_MIGRATION,2021,2022-06-29,481131570
2021-09-CENSUS-0000253843,GSA_MIGRATION,2021,2022-06-29,480545183
2021-06-CENSUS-0000254430,GSA_MIGRATION,2021,2022-09-08,386141735
2021-06-CENSUS-0000254430,GSA_MIGRATION,2021,2022-09-08,383358620
2021-06-CENSUS-0000211485,GSA_MIGRATION,2021,2022-04-04,232862231
2021-06-CENSUS-0000211485,GSA_MIGRATION,2021,2022-04-04,240860110
2021-06-CENSUS-0000211485,GSA_MIGRATION,2021,2022-04-04,201177431
2021-06-CENSUS-0000211485,GSA_MIGRATION,2021,2022-04-04,204472148
2021-06-CENSUS-0000211485,GSA_MIGRATION,2021,2022-04-04,232262852
2021-06-CENSUS-0000211485,GSA_MIGRATION,2021,2022-04-04,232523688
2021-06-CENSUS-0000211485,GSA_MIGRATION,2021,2022-04-04,231642528
2021-06-CENSUS-0000211485,GSA_MIGRATION,2021,2022-04-04,232523680
2021-06-CENSUS-0000211485,GSA_MIGRATION,2021,2022-04-04,232523395
2021-06-CENSUS-0000232275,GSA_MIGRATION,2021,2022-09-27,390808480
2021-06-CENSUS-0000232275,GSA_MIGRATION,2021,2022-09-27,390810545
2021-06-CENSUS-0000232275,GSA_MIGRATION,2021,2022-09-27,390848401
2021-06-CENSUS-0000232275,GSA_MIGRATION,2021,2022-09-27,263956318
2021-06-CENSUS-0000232275,GSA_MIGRATION,2021,2022-09-27,371071858
2021-06-CENSUS-0000232275,GSA_MIGRATION,2021,2022-09-27,391572196
2021-06-CENSUS-0000198800,GSA_MIGRATION,2021,2022-10-09,720408982
2021-06-CENSUS-0000198800,GSA_MIGRATION,2021,2022-10-09,720408984
2021-06-CENSUS-0000198800,GSA_MIGRATION,2021,2022-10-09,720411322
2021-06-CENSUS-0000198800,GSA_MIGRATION,2021,2022-10-09,465720165
2021-06-CENSUS-0000198800,GSA_MIGRATION,2021,2022-10-09,472897722
2021-06-CENSUS-0000198800,GSA_MIGRATION,2021,2022-10-09,383981731
2021-06-CENSUS-0000198800,GSA_MIGRATION,2021,2022-10-09,760422435
2021-06-CENSUS-0000198800,GSA_MIGRATION,2021,2022-10-09,811708177
2021-06-CENSUS-0000198800,GSA_MIGRATION,2021,2022-10-09,741109836
2021-06-CENSUS-0000198800,GSA_MIGRATION,2021,2022-10-09,742806531
2021-06-CENSUS-0000198800,GSA_MIGRATION,2021,2022-10-09,465203505
2021-06-CENSUS-0000198800,GSA_MIGRATION,2021,2022-10-09,750974351
2021-06-CENSUS-0000198800,GSA_MIGRATION,2021,2022-10-09,750818167
2021-06-CENSUS-0000198800,GSA_MIGRATION,2021,2022-10-09,751976930
2021-06-CENSUS-0000198800,GSA_MIGRATION,2021,2022-10-09,752771569
2021-06-CENSUS-0000198800,GSA_MIGRATION,2021,2022-10-09,752796815
2021-06-CENSUS-0000198800,GSA_MIGRATION,2021,2022-10-09,850106941
2021-06-CENSUS-0000198800,GSA_MIGRATION,2021,2022-10-09,752027157
2021-06-CENSUS-0000198800,GSA_MIGRATION,2021,2022-10-09,741109665
2021-06-CENSUS-0000198800,GSA_MIGRATION,2021,2022-10-09,741906005
2021-06-CENSUS-0000198800,GSA_MIGRATION,2021,2022-10-09,752616975
2021-06-CENSUS-0000198800,GSA_MIGRATION,2021,2022-10-09,760591590
2021-06-CENSUS-0000198800,GSA_MIGRATION,2021,2022-10-09,752616977
2021-06-CENSUS-0000198800,GSA_MIGRATION,2021,2022-10-09,752747708
2021-06-CENSUS-0000198800,GSA_MIGRATION,2021,2022-10-09,810571409
2021-06-CENSUS-0000198800,GSA_MIGRATION,2021,2022-10-09,412092141
2021-06-CENSUS-0000198800,GSA_MIGRATION,2021,2022-10-09,205109610
2021-06-CENSUS-0000198800,GSA_MIGRATION,2021,2022-10-09,384092858
2021-06-CENSUS-0000198800,GSA_MIGRATION,2021,2022-10-09,752161369
2021-06-CENSUS-0000198800,GSA_MIGRATION,2021,2022-10-09,208814408
2021-12-CENSUS-0000214403,GSA_MIGRATION,2021,2022-05-22,580612274
2021-06-CENSUS-0000254099,GSA_MIGRATION,2021,2022-08-01,232719336
2021-06-CENSUS-0000254099,GSA_MIGRATION,2021,2022-08-01,240798839
2021-09-CENSUS-0000182884,GSA_MIGRATION,2021,2022-06-27,371906316
2021-09-CENSUS-0000182884,GSA_MIGRATION,2021,2022-06-27,853662447
2021-09-CENSUS-0000182884,GSA_MIGRATION,2021,2022-06-27,853688658
2021-09-CENSUS-0000182884,GSA_MIGRATION,2021,2022-06-27,232935865
2021-09-CENSUS-0000253832,GSA_MIGRATION,2021,2022-06-29,571088306
2021-09-CENSUS-0000249263,GSA_MIGRATION,2021,2022-06-27,455591655
2021-09-CENSUS-0000249263,GSA_MIGRATION,2021,2022-06-27,352226306
2021-06-CENSUS-0000176283,GSA_MIGRATION,2021,2022-01-20,546001630
2021-06-CENSUS-0000176116,GSA_MIGRATION,2021,2022-09-29,546001624
2021-12-CENSUS-0000209471,GSA_MIGRATION,2021,2022-09-29,340816492
2021-12-CENSUS-0000209471,GSA_MIGRATION,2021,2022-09-29,340827442
2021-12-CENSUS-0000209471,GSA_MIGRATION,2021,2022-09-29,341260978
2021-12-CENSUS-0000209471,GSA_MIGRATION,2021,2022-09-29,341567805
2021-12-CENSUS-0000209471,GSA_MIGRATION,2021,2022-09-29,204881619
2021-12-CENSUS-0000209471,GSA_MIGRATION,2021,2022-09-29,341768928
2021-12-CENSUS-0000209471,GSA_MIGRATION,2021,2022-09-29,341720429
2021-12-CENSUS-0000209471,GSA_MIGRATION,2021,2022-09-29,341527536
2021-12-CENSUS-0000209471,GSA_MIGRATION,2021,2022-09-29,272574020
2021-12-CENSUS-0000209471,GSA_MIGRATION,2021,2022-09-29,202873927
2021-06-CENSUS-0000026266,GSA_MIGRATION,2021,2022-08-02,233083410
2021-06-CENSUS-0000026266,GSA_MIGRATION,2021,2022-08-02,861062260
2021-06-CENSUS-0000026266,GSA_MIGRATION,2021,2022-08-02,232141307
2021-12-CENSUS-0000246449,GSA_MIGRATION,2021,2022-09-29,260796953
2021-12-CENSUS-0000246449,GSA_MIGRATION,2021,2022-09-29,264021016
2021-12-CENSUS-0000246449,GSA_MIGRATION,2021,2022-09-29,271002825
2021-12-CENSUS-0000246449,GSA_MIGRATION,2021,2022-09-29,272305304
2021-12-CENSUS-0000228569,GSA_MIGRATION,2021,2022-09-27,481226833
2021-06-CENSUS-0000018565,GSA_MIGRATION,2021,2022-09-29,160743310
2021-06-CENSUS-0000018565,GSA_MIGRATION,2021,2022-09-29,160743037
2021-06-CENSUS-0000018565,GSA_MIGRATION,2021,2022-09-29,825091873
2021-06-CENSUS-0000018565,GSA_MIGRATION,2021,2022-09-29,160743024
2021-06-CENSUS-0000018565,GSA_MIGRATION,2021,2022-09-29,160743215
2021-06-CENSUS-0000018565,GSA_MIGRATION,2021,2022-09-29,160743979
2021-06-CENSUS-0000018565,GSA_MIGRATION,2021,2022-09-29,222807681
2021-12-CENSUS-0000233576,GSA_MIGRATION,2021,2022-05-23,352065457
2021-12-CENSUS-0000212287,GSA_MIGRATION,2021,2022-09-28,461481133
2021-06-CENSUS-0000085655,GSA_MIGRATION,2021,2022-03-16,465315289
2021-06-CENSUS-0000250363,GSA_MIGRATION,2021,2022-03-20,311327936
2021-06-CENSUS-0000250363,GSA_MIGRATION,2021,2022-03-20,311327937
2021-06-CENSUS-0000250363,GSA_MIGRATION,2021,2022-03-20,311554133
2021-06-CENSUS-0000250363,GSA_MIGRATION,2021,2022-03-20,452485882
2021-06-CENSUS-0000250363,GSA_MIGRATION,2021,2022-03-20,510138099
2021-06-CENSUS-0000250363,GSA_MIGRATION,2021,2022-03-20,815464470
2021-09-CENSUS-0000243177,GSA_MIGRATION,2021,2022-02-02,030179418
2021-09-CENSUS-0000243177,GSA_MIGRATION,2021,2022-02-02,463593492
2021-12-CENSUS-0000239384,GSA_MIGRATION,2021,2022-09-28,205356988
2021-12-CENSUS-0000245337,GSA_MIGRATION,2021,2022-09-29,264509307
2021-12-CENSUS-0000245337,GSA_MIGRATION,2021,2022-09-29,201808351
2021-12-CENSUS-0000245337,GSA_MIGRATION,2021,2022-09-29,473325492
2021-12-CENSUS-0000245337,GSA_MIGRATION,2021,2022-09-29,274160293
2021-12-CENSUS-0000254957,GSA_MIGRATION,2021,2022-09-27,208593142
2021-12-CENSUS-0000254957,GSA_MIGRATION,2021,2022-09-27,814451201
2021-12-CENSUS-0000254957,GSA_MIGRATION,2021,2022-09-27,475289602
2021-12-CENSUS-0000254957,GSA_MIGRATION,2021,2022-09-27,203541243
2021-12-CENSUS-0000254957,GSA_MIGRATION,2021,2022-09-27,202347503
2021-12-CENSUS-0000255528,GSA_MIGRATION,2021,2022-09-29,205785760
2021-12-CENSUS-0000255528,GSA_MIGRATION,2021,2022-09-29,264153105
2021-09-CENSUS-0000106774,GSA_MIGRATION,2021,2022-04-21,760654244
2021-12-CENSUS-0000216094,GSA_MIGRATION,2021,2022-08-30,363167726
2021-12-CENSUS-0000216094,GSA_MIGRATION,2021,2022-08-30,363670744
2021-06-CENSUS-0000222035,GSA_MIGRATION,2021,2022-09-29,020222171
2021-06-CENSUS-0000222035,GSA_MIGRATION,2021,2022-09-29,020354549
2021-06-CENSUS-0000222035,GSA_MIGRATION,2021,2022-09-29,030183721
2021-06-CENSUS-0000222035,GSA_MIGRATION,2021,2022-09-29,036006494
2021-09-CENSUS-0000217330,GSA_MIGRATION,2021,2022-06-28,043358564
2021-09-CENSUS-0000217330,GSA_MIGRATION,2021,2022-06-28,042626179
2021-09-CENSUS-0000217330,GSA_MIGRATION,2021,2022-06-28,042104693
2021-09-CENSUS-0000217330,GSA_MIGRATION,2021,2022-06-28,042103555
2021-09-CENSUS-0000249502,GSA_MIGRATION,2021,2022-06-28,811723202
2021-09-CENSUS-0000249502,GSA_MIGRATION,2021,2022-06-28,582296052
2021-09-CENSUS-0000249502,GSA_MIGRATION,2021,2022-06-28,471345819
2021-09-CENSUS-0000249502,GSA_MIGRATION,2021,2022-06-28,571004971
2021-09-CENSUS-0000249502,GSA_MIGRATION,2021,2022-06-28,474914917
2021-09-CENSUS-0000215599,GSA_MIGRATION,2021,2022-06-29,450503246
2021-09-CENSUS-0000215599,GSA_MIGRATION,2021,2022-06-29,205942958
2021-09-CENSUS-0000189911,GSA_MIGRATION,2021,2022-06-29,362604009
2021-09-CENSUS-0000189911,GSA_MIGRATION,2021,2022-06-29,362167864
2021-09-CENSUS-0000189911,GSA_MIGRATION,2021,2022-06-29,370662570
2021-09-CENSUS-0000189911,GSA_MIGRATION,2021,2022-06-29,370662576
2021-09-CENSUS-0000189911,GSA_MIGRATION,2021,2022-06-29,370662569
2021-09-CENSUS-0000189911,GSA_MIGRATION,2021,2022-06-29,370662581
2021-09-CENSUS-0000189911,GSA_MIGRATION,2021,2022-06-29,383852646
2021-09-CENSUS-0000189911,GSA_MIGRATION,2021,2022-06-29,363484677
2021-09-CENSUS-0000189911,GSA_MIGRATION,2021,2022-06-29,381359528
2021-06-CENSUS-0000176096,GSA_MIGRATION,2021,2022-06-13,546001316
2021-06-CENSUS-0000011228,GSA_MIGRATION,2021,2022-09-27,135675643
2021-09-CENSUS-0000246145,GSA_MIGRATION,2021,2022-10-02,060646844
2021-09-CENSUS-0000246145,GSA_MIGRATION,2021,2022-10-02,060646813
2021-09-CENSUS-0000246145,GSA_MIGRATION,2021,2022-10-02,043398280
2021-09-CENSUS-0000246145,GSA_MIGRATION,2021,2022-10-02,475676956
2021-12-CENSUS-0000166777,GSA_MIGRATION,2021,2022-09-26,911207672
2021-12-CENSUS-0000025562,GSA_MIGRATION,2021,2022-09-29,200017440
2021-12-CENSUS-0000025562,GSA_MIGRATION,2021,2022-09-29,232654908
2021-12-CENSUS-0000025562,GSA_MIGRATION,2021,2022-09-29,232654910
2021-12-CENSUS-0000025562,GSA_MIGRATION,2021,2022-09-29,232744765
2021-12-CENSUS-0000025562,GSA_MIGRATION,2021,2022-09-29,342021326
2021-12-CENSUS-0000025562,GSA_MIGRATION,2021,2022-09-29,522360561
2021-12-CENSUS-0000252622,GSA_MIGRATION,2021,2022-09-29,262158309
2021-12-CENSUS-0000252622,GSA_MIGRATION,2021,2022-09-29,462354804
2021-12-CENSUS-0000252622,GSA_MIGRATION,2021,2022-09-29,593215680
2021-12-CENSUS-0000252622,GSA_MIGRATION,2021,2022-09-29,593214635
2021-12-CENSUS-0000252622,GSA_MIGRATION,2021,2022-09-29,824372339
2021-12-CENSUS-0000252622,GSA_MIGRATION,2021,2022-09-29,462021581
2021-12-CENSUS-0000252622,GSA_MIGRATION,2021,2022-09-29,474411505
2021-12-CENSUS-0000252622,GSA_MIGRATION,2021,2022-09-29,593140669
2021-12-CENSUS-0000252622,GSA_MIGRATION,2021,2022-09-29,592108057
2021-12-CENSUS-0000252622,GSA_MIGRATION,2021,2022-09-29,592855791
2021-12-CENSUS-0000252622,GSA_MIGRATION,2021,2022-09-29,550789387
2021-12-CENSUS-0000252622,GSA_MIGRATION,2021,2022-09-29,831990114
2021-12-CENSUS-0000252622,GSA_MIGRATION,2021,2022-09-29,472180518
2021-12-CENSUS-0000252622,GSA_MIGRATION,2021,2022-09-29,464426708
2021-12-CENSUS-0000252622,GSA_MIGRATION,2021,2022-09-29,582233172
2021-12-CENSUS-0000252622,GSA_MIGRATION,2021,2022-09-29,815310593
2021-12-CENSUS-0000252622,GSA_MIGRATION,2021,2022-09-29,473561708
2021-12-CENSUS-0000252622,GSA_MIGRATION,2021,2022-09-29,815325418
2021-12-CENSUS-0000252622,GSA_MIGRATION,2021,2022-09-29,812235296
2021-12-CENSUS-0000252622,GSA_MIGRATION,2021,2022-09-29,364264488
2021-12-CENSUS-0000252622,GSA_MIGRATION,2021,2022-09-29,592935928
2021-12-CENSUS-0000252622,GSA_MIGRATION,2021,2022-09-29,208023411
2021-12-CENSUS-0000252622,GSA_MIGRATION,2021,2022-09-29,471121247
2021-12-CENSUS-0000252622,GSA_MIGRATION,2021,2022-09-29,742491473
2021-12-CENSUS-0000252622,GSA_MIGRATION,2021,2022-09-29,593539564
2021-12-CENSUS-0000252622,GSA_MIGRATION,2021,2022-09-29,813923985
2021-12-CENSUS-0000253189,GSA_MIGRATION,2021,2022-05-11,341363926
2021-06-CENSUS-0000253150,GSA_MIGRATION,2021,2022-05-04,770651881
2021-06-CENSUS-0000190256,GSA_MIGRATION,2021,2022-02-03,626000722
2021-06-CENSUS-0000182590,GSA_MIGRATION,2021,2022-04-10,730770170
2021-06-CENSUS-0000182590,GSA_MIGRATION,2021,2022-04-10,521645638
2021-06-CENSUS-0000230630,GSA_MIGRATION,2021,2022-05-10,042958508
2021-06-CENSUS-0000230630,GSA_MIGRATION,2021,2022-05-10,204325824
2021-12-CENSUS-0000058653,GSA_MIGRATION,2021,2022-07-21,391022483
2021-12-CENSUS-0000254156,GSA_MIGRATION,2021,2022-08-08,860712529
2021-12-CENSUS-0000254156,GSA_MIGRATION,2021,2022-08-08,860739097
2021-12-CENSUS-0000254156,GSA_MIGRATION,2021,2022-08-08,860682800
2021-06-CENSUS-0000254412,GSA_MIGRATION,2021,2022-09-11,352058981
2021-06-CENSUS-0000125770,GSA_MIGRATION,2021,2022-08-14,371705906
2021-06-CENSUS-0000125770,GSA_MIGRATION,2021,2022-08-14,463214504
2021-06-CENSUS-0000125770,GSA_MIGRATION,2021,2022-08-14,330245579
2021-06-CENSUS-0000125770,GSA_MIGRATION,2021,2022-08-14,421745710
2021-06-CENSUS-0000125770,GSA_MIGRATION,2021,2022-08-14,262412539
2021-06-CENSUS-0000206285,GSA_MIGRATION,2021,2022-09-22,236296135
2021-06-CENSUS-0000206285,GSA_MIGRATION,2021,2022-09-22,232826045
2021-06-CENSUS-0000206285,GSA_MIGRATION,2021,2022-09-22,232825878
2021-06-CENSUS-0000206285,GSA_MIGRATION,2021,2022-09-22,231352156
2021-06-CENSUS-0000206285,GSA_MIGRATION,2021,2022-09-22,831002191
2021-06-CENSUS-0000206285,GSA_MIGRATION,2021,2022-09-22,232790607
2021-06-CENSUS-0000206285,GSA_MIGRATION,2021,2022-09-22,753084023
2021-06-CENSUS-0000206285,GSA_MIGRATION,2021,2022-09-22,454540585
2021-12-CENSUS-0000055033,GSA_MIGRATION,2021,2022-08-24,042863717
2021-12-CENSUS-0000055033,GSA_MIGRATION,2021,2022-08-24,201204075
2021-12-CENSUS-0000055033,GSA_MIGRATION,2021,2022-08-24,203246991
2021-12-CENSUS-0000055033,GSA_MIGRATION,2021,2022-08-24,205485352
2021-12-CENSUS-0000055033,GSA_MIGRATION,2021,2022-08-24,222767728
2021-12-CENSUS-0000055033,GSA_MIGRATION,2021,2022-08-24,264460767
2021-12-CENSUS-0000055033,GSA_MIGRATION,2021,2022-08-24,311196720
2021-12-CENSUS-0000055033,GSA_MIGRATION,2021,2022-08-24,311196722
2021-12-CENSUS-0000055033,GSA_MIGRATION,2021,2022-08-24,311196724
2021-12-CENSUS-0000055033,GSA_MIGRATION,2021,2022-08-24,311196726
2021-12-CENSUS-0000055033,GSA_MIGRATION,2021,2022-08-24,311196727
2021-12-CENSUS-0000055033,GSA_MIGRATION,2021,2022-08-24,311196728
2021-12-CENSUS-0000055033,GSA_MIGRATION,2021,2022-08-24,311244836
2021-12-CENSUS-0000055033,GSA_MIGRATION,2021,2022-08-24,311282578
2021-12-CENSUS-0000055033,GSA_MIGRATION,2021,2022-08-24,311282580
2021-12-CENSUS-0000055033,GSA_MIGRATION,2021,2022-08-24,311282585
2021-12-CENSUS-0000055033,GSA_MIGRATION,2021,2022-08-24,311282586
2021-12-CENSUS-0000055033,GSA_MIGRATION,2021,2022-08-24,311282590
2021-12-CENSUS-0000055033,GSA_MIGRATION,2021,2022-08-24,311284895
2021-12-CENSUS-0000055033,GSA_MIGRATION,2021,2022-08-24,311308382
2021-12-CENSUS-0000055033,GSA_MIGRATION,2021,2022-08-24,382899285
2021-12-CENSUS-0000055033,GSA_MIGRATION,2021,2022-08-24,383012039
2021-12-CENSUS-0000055033,GSA_MIGRATION,2021,2022-08-24,383352094
2021-12-CENSUS-0000055033,GSA_MIGRATION,2021,2022-08-24,383388276
2021-12-CENSUS-0000055033,GSA_MIGRATION,2021,2022-08-24,383393984
2021-12-CENSUS-0000055033,GSA_MIGRATION,2021,2022-08-24,383541224
2021-12-CENSUS-0000055033,GSA_MIGRATION,2021,2022-08-24,383542119
2021-12-CENSUS-0000055033,GSA_MIGRATION,2021,2022-08-24,814707946
2021-12-CENSUS-0000055033,GSA_MIGRATION,2021,2022-08-24,383372866
2021-09-CENSUS-0000253326,GSA_MIGRATION,2021,2022-05-26,042768252
2021-09-CENSUS-0000253326,GSA_MIGRATION,2021,2022-05-26,042709501
2021-09-CENSUS-0000212183,GSA_MIGRATION,2021,2022-06-29,042103600
2021-09-CENSUS-0000212183,GSA_MIGRATION,2021,2022-06-29,402104159
2021-09-CENSUS-0000212183,GSA_MIGRATION,2021,2022-06-29,042220716
2021-09-CENSUS-0000212183,GSA_MIGRATION,2021,2022-06-29,042323506
2021-09-CENSUS-0000212183,GSA_MIGRATION,2021,2022-06-29,042995796
2021-11-CENSUS-0000212235,GSA_MIGRATION,2021,2022-06-05,364456318
2021-11-CENSUS-0000212235,GSA_MIGRATION,2021,2022-06-05,814408523
2021-12-CENSUS-0000253195,GSA_MIGRATION,2021,2022-05-11,042214847
2021-12-CENSUS-0000253195,GSA_MIGRATION,2021,2022-05-11,352231860
2021-06-CENSUS-0000010734,GSA_MIGRATION,2021,2022-02-10,131655230
2021-09-CENSUS-0000101967,GSA_MIGRATION,2021,2022-06-09,742320663
2021-09-CENSUS-0000101967,GSA_MIGRATION,2021,2022-06-09,742311967
2021-09-CENSUS-0000101967,GSA_MIGRATION,2021,2022-06-09,742588798
2021-09-CENSUS-0000101967,GSA_MIGRATION,2021,2022-06-09,742702051
2021-09-CENSUS-0000101967,GSA_MIGRATION,2021,2022-06-09,742739262
2021-09-CENSUS-0000101967,GSA_MIGRATION,2021,2022-06-09,742489878
2021-09-CENSUS-0000101967,GSA_MIGRATION,2021,2022-06-09,273805764
2021-09-CENSUS-0000101967,GSA_MIGRATION,2021,2022-06-09,742521611
2021-09-CENSUS-0000101967,GSA_MIGRATION,2021,2022-06-09,742457795
2021-12-CENSUS-0000232531,GSA_MIGRATION,2021,2022-10-19,210634484
2021-12-CENSUS-0000232531,GSA_MIGRATION,2021,2022-10-19,205745047
2021-12-CENSUS-0000232531,GSA_MIGRATION,2021,2022-10-19,452900402
2021-12-CENSUS-0000232531,GSA_MIGRATION,2021,2022-10-19,813165654
2021-12-CENSUS-0000232531,GSA_MIGRATION,2021,2022-10-19,223532371
2021-12-CENSUS-0000224269,GSA_MIGRATION,2021,2022-05-18,204295472
2021-12-CENSUS-0000224269,GSA_MIGRATION,2021,2022-05-18,237200039
2021-12-CENSUS-0000224269,GSA_MIGRATION,2021,2022-05-18,264723017
2021-12-CENSUS-0000224269,GSA_MIGRATION,2021,2022-05-18,273400284
2021-12-CENSUS-0000224269,GSA_MIGRATION,2021,2022-05-18,300117515
2021-12-CENSUS-0000224269,GSA_MIGRATION,2021,2022-05-18,300410639
2021-12-CENSUS-0000224269,GSA_MIGRATION,2021,2022-05-18,311052772
2021-12-CENSUS-0000224269,GSA_MIGRATION,2021,2022-05-18,311411529
2021-12-CENSUS-0000224269,GSA_MIGRATION,2021,2022-05-18,311411531
2021-12-CENSUS-0000224269,GSA_MIGRATION,2021,2022-05-18,311548500
2021-12-CENSUS-0000224269,GSA_MIGRATION,2021,2022-05-18,311548512
2021-12-CENSUS-0000224269,GSA_MIGRATION,2021,2022-05-18,311591780
2021-12-CENSUS-0000224269,GSA_MIGRATION,2021,2022-05-18,311723287
2021-12-CENSUS-0000224269,GSA_MIGRATION,2021,2022-05-18,320084370
2021-12-CENSUS-0000224269,GSA_MIGRATION,2021,2022-05-18,330809069
2021-12-CENSUS-0000224269,GSA_MIGRATION,2021,2022-05-18,330998451
2021-12-CENSUS-0000224269,GSA_MIGRATION,2021,2022-05-18,341399869
2022-06-CENSUS-0000181450,Z2RUETN8LLM4,2022,2022-11-27,520591421
2022-06-CENSUS-0000171431,EG7NSRM471A5,2022,2022-11-16,626000808
2022-06-CENSUS-0000210509,LJT7M7C5D8K6,2022,2022-11-29,042665107
2022-06-CENSUS-0000210509,LJT7M7C5D8K6,2022,2022-11-29,205177577
2022-06-CENSUS-0000210509,LJT7M7C5D8K6,2022,2022-11-29,454806309
2022-06-CENSUS-0000210509,LJT7M7C5D8K6,2022,2022-11-29,911937965
2022-06-CENSUS-0000252361,XKLNYM21JE55,2022,2022-12-11,237029207
2022-03-CENSUS-0000256432,EBQ5M7RU4RJ7,2022,2022-12-22,810540517
2022-03-CENSUS-0000256432,EBQ5M7RU4RJ7,2022,2022-12-22,371518772
2022-03-CENSUS-0000256432,EBQ5M7RU4RJ7,2022,2022-12-22,810413632
2022-03-CENSUS-0000256432,EBQ5M7RU4RJ7,2022,2022-12-22,810420653
2022-03-CENSUS-0000256432,EBQ5M7RU4RJ7,2022,2022-12-22,810247969
2022-03-CENSUS-0000256432,EBQ5M7RU4RJ7,2022,2022-12-22,810530457
2022-03-CENSUS-0000256432,EBQ5M7RU4RJ7,2022,2022-12-22,810232406
2022-06-CENSUS-0000256146,HHXTVCFA8ND3,2022,2022-12-05,830648332
2022-06-CENSUS-0000256146,HHXTVCFA8ND3,2022,2022-12-05,863236493
2022-06-CENSUS-0000256146,HHXTVCFA8ND3,2022,2022-12-05,863323556
2022-06-CENSUS-0000152474,H37JLGN7JSK9,2022,2022-12-26,640736379
2022-06-CENSUS-0000171404,ZAFGS74383N9,2022,2022-12-26,626000687
2022-06-CENSUS-0000171404,ZAFGS74383N9,2022,2022-12-26,626000688
2022-06-CENSUS-0000171404,ZAFGS74383N9,2022,2022-12-26,621433408
2021-12-CENSUS-0000074643,GSA_MIGRATION,2021,2022-07-22,520192004
2021-12-CENSUS-0000074643,GSA_MIGRATION,2021,2022-07-22,521662186
2021-12-CENSUS-0000128718,GSA_MIGRATION,2021,2022-06-05,311688873
2021-12-CENSUS-0000128718,GSA_MIGRATION,2021,2022-06-05,311688648
2021-09-CENSUS-0000005045,GSA_MIGRATION,2021,2022-10-16,461061701
2021-06-CENSUS-0000138538,GSA_MIGRATION,2021,2022-06-16,471642615
2021-12-CENSUS-0000097663,GSA_MIGRATION,2021,2022-09-29,611570855
2021-12-CENSUS-0000097663,GSA_MIGRATION,2021,2022-09-29,710781138
2021-12-CENSUS-0000097663,GSA_MIGRATION,2021,2022-09-29,710818555
2021-12-CENSUS-0000097663,GSA_MIGRATION,2021,2022-09-29,710678160
2021-12-CENSUS-0000097663,GSA_MIGRATION,2021,2022-09-29,461629800
2021-12-CENSUS-0000097663,GSA_MIGRATION,2021,2022-09-29,203962574
2021-06-CENSUS-0000231937,GSA_MIGRATION,2021,2022-02-06,060762780
2021-06-CENSUS-0000231937,GSA_MIGRATION,2021,2022-02-06,060870238
2021-06-CENSUS-0000245591,GSA_MIGRATION,2021,2022-02-13,066001661
2021-06-CENSUS-0000196717,GSA_MIGRATION,2021,2022-02-14,270627714
2021-06-CENSUS-0000196717,GSA_MIGRATION,2021,2022-02-14,911494758
2021-12-CENSUS-0000146695,GSA_MIGRATION,2021,2022-07-19,208440045
2021-12-CENSUS-0000146695,GSA_MIGRATION,2021,2022-07-19,010944515
2021-12-CENSUS-0000146695,GSA_MIGRATION,2021,2022-07-19,300599773
2021-12-CENSUS-0000146695,GSA_MIGRATION,2021,2022-07-19,452367519
2021-12-CENSUS-0000146695,GSA_MIGRATION,2021,2022-07-19,720894447
2021-12-CENSUS-0000146695,GSA_MIGRATION,2021,2022-07-19,383854992
2021-12-CENSUS-0000146695,GSA_MIGRATION,2021,2022-07-19,680557697
2021-12-CENSUS-0000146695,GSA_MIGRATION,2021,2022-07-19,320408466
2021-12-CENSUS-0000146695,GSA_MIGRATION,2021,2022-07-19,320320286
2021-12-CENSUS-0000146695,GSA_MIGRATION,2021,2022-07-19,320355080
2021-12-CENSUS-0000146695,GSA_MIGRATION,2021,2022-07-19,352390348
2021-12-CENSUS-0000146695,GSA_MIGRATION,2021,2022-07-19,364711008
2021-12-CENSUS-0000146695,GSA_MIGRATION,2021,2022-07-19,680672560
2021-12-CENSUS-0000146695,GSA_MIGRATION,2021,2022-07-19,720695766
2021-12-CENSUS-0000146695,GSA_MIGRATION,2021,2022-07-19,720712829
2021-12-CENSUS-0000146695,GSA_MIGRATION,2021,2022-07-19,721500975
2021-12-CENSUS-0000146695,GSA_MIGRATION,2021,2022-07-19,726013366
2021-12-CENSUS-0000146695,GSA_MIGRATION,2021,2022-07-19,853469242
2021-12-CENSUS-0000146695,GSA_MIGRATION,2021,2022-07-19,900789172
2021-12-CENSUS-0000216757,GSA_MIGRATION,2021,2022-08-02,396006301
2021-06-CENSUS-0000116381,GSA_MIGRATION,2021,2022-12-07,910578229
2021-12-CENSUS-0000254060,GSA_MIGRATION,2021,2022-07-27,746002000
2021-06-CENSUS-0000218393,GSA_MIGRATION,2021,2022-01-02,815194576
2021-12-CENSUS-0000252662,GSA_MIGRATION,2021,2022-09-18,310537504
2021-12-CENSUS-0000252662,GSA_MIGRATION,2021,2022-09-18,020633634
2021-09-CENSUS-0000251822,GSA_MIGRATION,2021,2022-06-29,580566121
2021-09-CENSUS-0000251822,GSA_MIGRATION,2021,2022-06-29,581646537
2021-09-CENSUS-0000251822,GSA_MIGRATION,2021,2022-06-29,586001307
2021-09-CENSUS-0000251822,GSA_MIGRATION,2021,2022-06-29,586002830
2021-09-CENSUS-0000251822,GSA_MIGRATION,2021,2022-06-29,581376434
2021-09-CENSUS-0000251822,GSA_MIGRATION,2021,2022-06-29,262988454
2021-09-CENSUS-0000251822,GSA_MIGRATION,2021,2022-06-29,473501366
2021-09-CENSUS-0000251822,GSA_MIGRATION,2021,2022-06-29,821188691
2021-09-CENSUS-0000136078,GSA_MIGRATION,2021,2022-06-28,596011137
2021-12-CENSUS-0000224269,GSA_MIGRATION,2021,2022-05-18,341552671
2021-12-CENSUS-0000224269,GSA_MIGRATION,2021,2022-05-18,362750105
2021-12-CENSUS-0000224269,GSA_MIGRATION,2021,2022-05-18,363453183
2021-12-CENSUS-0000224269,GSA_MIGRATION,2021,2022-05-18,363767250
2021-12-CENSUS-0000224269,GSA_MIGRATION,2021,2022-05-18,363914084
2021-12-CENSUS-0000224269,GSA_MIGRATION,2021,2022-05-18,363942336
2021-12-CENSUS-0000224269,GSA_MIGRATION,2021,2022-05-18,363957850
2021-12-CENSUS-0000224269,GSA_MIGRATION,2021,2022-05-18,364039278
2021-12-CENSUS-0000224269,GSA_MIGRATION,2021,2022-05-18,364049150
2021-12-CENSUS-0000224269,GSA_MIGRATION,2021,2022-05-18,364535351
2021-12-CENSUS-0000224269,GSA_MIGRATION,2021,2022-05-18,371068780
2021-12-CENSUS-0000224269,GSA_MIGRATION,2021,2022-05-18,371459692
2021-12-CENSUS-0000224269,GSA_MIGRATION,2021,2022-05-18,390857537
2021-12-CENSUS-0000224269,GSA_MIGRATION,2021,2022-05-18,391515867
2021-12-CENSUS-0000224269,GSA_MIGRATION,2021,2022-05-18,391771526
2021-12-CENSUS-0000224269,GSA_MIGRATION,2021,2022-05-18,391814815
2021-12-CENSUS-0000224269,GSA_MIGRATION,2021,2022-05-18,470924267
2021-12-CENSUS-0000224269,GSA_MIGRATION,2021,2022-05-18,475177987
2021-12-CENSUS-0000224269,GSA_MIGRATION,2021,2022-05-18,475178092
2021-12-CENSUS-0000224269,GSA_MIGRATION,2021,2022-05-18,475178185
2021-12-CENSUS-0000224269,GSA_MIGRATION,2021,2022-05-18,475189624
2021-12-CENSUS-0000224269,GSA_MIGRATION,2021,2022-05-18,475190275
2021-12-CENSUS-0000224269,GSA_MIGRATION,2021,2022-05-18,475202983
2021-12-CENSUS-0000224269,GSA_MIGRATION,2021,2022-05-18,475203278
2021-12-CENSUS-0000224269,GSA_MIGRATION,2021,2022-05-18,475216971
2021-12-CENSUS-0000224269,GSA_MIGRATION,2021,2022-05-18,475217175
2021-12-CENSUS-0000224269,GSA_MIGRATION,2021,2022-05-18,475217326
2021-12-CENSUS-0000203972,GSA_MIGRATION,2021,2022-06-06,201281739
2021-09-CENSUS-0000165221,GSA_MIGRATION,2021,2022-05-31,270030542
2021-09-CENSUS-0000165221,GSA_MIGRATION,2021,2022-05-31,731401496
2021-12-CENSUS-0000230608,GSA_MIGRATION,2021,2022-05-20,271363792
2021-12-CENSUS-0000230608,GSA_MIGRATION,2021,2022-05-20,471752831
2021-12-CENSUS-0000038126,GSA_MIGRATION,2021,2022-05-02,314416407
2021-09-CENSUS-0000130060,GSA_MIGRATION,2021,2022-04-21,562408506
2021-12-CENSUS-0000254904,GSA_MIGRATION,2021,2022-09-29,860137567
2021-12-CENSUS-0000254904,GSA_MIGRATION,2021,2022-09-29,811156192
2021-12-CENSUS-0000254904,GSA_MIGRATION,2021,2022-09-29,860208451
2021-12-CENSUS-0000254904,GSA_MIGRATION,2021,2022-09-29,866007695
2021-06-CENSUS-0000210085,GSA_MIGRATION,2021,2022-01-27,351837897
2021-06-CENSUS-0000171452,GSA_MIGRATION,2021,2022-02-13,626000917
2021-06-CENSUS-0000176104,GSA_MIGRATION,2021,2022-09-29,546001533
2021-12-CENSUS-0000230910,GSA_MIGRATION,2021,2022-09-29,150552726
2021-12-CENSUS-0000230910,GSA_MIGRATION,2021,2022-09-29,141338470
2021-12-CENSUS-0000230910,GSA_MIGRATION,2021,2022-09-29,141349558
2021-09-CENSUS-0000192115,GSA_MIGRATION,2021,2022-10-05,860204662
2021-09-CENSUS-0000192115,GSA_MIGRATION,2021,2022-10-05,860215931
2021-06-CENSUS-0000255311,GSA_MIGRATION,2021,2022-09-29,240795463
2021-06-CENSUS-0000255311,GSA_MIGRATION,2021,2022-09-29,160393490
2021-06-CENSUS-0000255311,GSA_MIGRATION,2021,2022-09-29,240800337
2021-06-CENSUS-0000255311,GSA_MIGRATION,2021,2022-09-29,150532079
2021-06-CENSUS-0000255311,GSA_MIGRATION,2021,2022-09-29,250815795
2021-06-CENSUS-0000255311,GSA_MIGRATION,2021,2022-09-29,240786657
2021-06-CENSUS-0000255311,GSA_MIGRATION,2021,2022-09-29,161370440
2021-06-CENSUS-0000255311,GSA_MIGRATION,2021,2022-09-29,204848729
2021-06-CENSUS-0000255311,GSA_MIGRATION,2021,2022-09-29,232209439
2021-06-CENSUS-0000255311,GSA_MIGRATION,2021,2022-09-29,232394345
2021-06-CENSUS-0000126191,GSA_MIGRATION,2021,2022-09-29,951691313
2021-06-CENSUS-0000126191,GSA_MIGRATION,2021,2022-09-29,953814185
2021-12-CENSUS-0000255365,GSA_MIGRATION,2021,2022-09-29,205493322
2021-12-CENSUS-0000255365,GSA_MIGRATION,2021,2022-09-29,205493287
2021-12-CENSUS-0000255365,GSA_MIGRATION,2021,2022-09-29,260731207
2021-12-CENSUS-0000255365,GSA_MIGRATION,2021,2022-09-29,260731330
2021-12-CENSUS-0000255365,GSA_MIGRATION,2021,2022-09-29,341940880
2021-12-CENSUS-0000255365,GSA_MIGRATION,2021,2022-09-29,311743874
2021-12-CENSUS-0000255365,GSA_MIGRATION,2021,2022-09-29,341743836
2021-12-CENSUS-0000255365,GSA_MIGRATION,2021,2022-09-29,341193296
2021-12-CENSUS-0000255365,GSA_MIGRATION,2021,2022-09-29,271049483
2021-12-CENSUS-0000255365,GSA_MIGRATION,2021,2022-09-29,205952379
2021-12-CENSUS-0000255365,GSA_MIGRATION,2021,2022-09-29,341940884
2021-12-CENSUS-0000255365,GSA_MIGRATION,2021,2022-09-29,344428230
2021-12-CENSUS-0000255365,GSA_MIGRATION,2021,2022-09-29,350988712
2021-12-CENSUS-0000255365,GSA_MIGRATION,2021,2022-09-29,461453798
2021-12-CENSUS-0000255365,GSA_MIGRATION,2021,2022-09-29,462718728
2021-12-CENSUS-0000255365,GSA_MIGRATION,2021,2022-09-29,462726708
2021-12-CENSUS-0000255365,GSA_MIGRATION,2021,2022-09-29,462733350
2021-12-CENSUS-0000255365,GSA_MIGRATION,2021,2022-09-29,462748595
2021-06-CENSUS-0000171680,GSA_MIGRATION,2021,2022-01-30,620646808
2021-12-CENSUS-0000224269,GSA_MIGRATION,2021,2022-05-18,475227048
2021-12-CENSUS-0000224269,GSA_MIGRATION,2021,2022-05-18,475239406
2021-12-CENSUS-0000224269,GSA_MIGRATION,2021,2022-05-18,561993872
2021-12-CENSUS-0000224269,GSA_MIGRATION,2021,2022-05-18,611339396
2021-12-CENSUS-0000224269,GSA_MIGRATION,2021,2022-05-18,611344092
2021-12-CENSUS-0000224269,GSA_MIGRATION,2021,2022-05-18,611367719
2021-12-CENSUS-0000224269,GSA_MIGRATION,2021,2022-05-18,621782683
2021-12-CENSUS-0000224269,GSA_MIGRATION,2021,2022-05-18,680233835
2021-12-CENSUS-0000224269,GSA_MIGRATION,2021,2022-05-18,680254564
2021-12-CENSUS-0000224269,GSA_MIGRATION,2021,2022-05-18,680378675
2021-12-CENSUS-0000224269,GSA_MIGRATION,2021,2022-05-18,680484147
2021-12-CENSUS-0000224269,GSA_MIGRATION,2021,2022-05-18,721545927
2021-12-CENSUS-0000224269,GSA_MIGRATION,2021,2022-05-18,742740978
2021-12-CENSUS-0000224269,GSA_MIGRATION,2021,2022-05-18,752983979
2021-12-CENSUS-0000224269,GSA_MIGRATION,2021,2022-05-18,753004763
2021-12-CENSUS-0000224269,GSA_MIGRATION,2021,2022-05-18,753134134
2021-12-CENSUS-0000224269,GSA_MIGRATION,2021,2022-05-18,800008567
2021-12-CENSUS-0000224269,GSA_MIGRATION,2021,2022-05-18,800034784
2021-12-CENSUS-0000224269,GSA_MIGRATION,2021,2022-05-18,800623447
2021-12-CENSUS-0000224269,GSA_MIGRATION,2021,2022-05-18,820485862
2021-12-CENSUS-0000224269,GSA_MIGRATION,2021,2022-05-18,840626174
2021-12-CENSUS-0000224269,GSA_MIGRATION,2021,2022-05-18,841234167
2021-12-CENSUS-0000224269,GSA_MIGRATION,2021,2022-05-18,841262403
2021-12-CENSUS-0000224269,GSA_MIGRATION,2021,2022-05-18,841347868
2021-12-CENSUS-0000224269,GSA_MIGRATION,2021,2022-05-18,841602190
2021-12-CENSUS-0000224269,GSA_MIGRATION,2021,2022-05-18,860728526
2021-12-CENSUS-0000224269,GSA_MIGRATION,2021,2022-05-18,860758961
2021-12-CENSUS-0000224269,GSA_MIGRATION,2021,2022-05-18,860808941
2021-12-CENSUS-0000224269,GSA_MIGRATION,2021,2022-05-18,860847975
2021-12-CENSUS-0000224269,GSA_MIGRATION,2021,2022-05-18,860897708
2021-12-CENSUS-0000224269,GSA_MIGRATION,2021,2022-05-18,860897709
2021-12-CENSUS-0000224269,GSA_MIGRATION,2021,2022-05-18,860947230
2021-12-CENSUS-0000224269,GSA_MIGRATION,2021,2022-05-18,860980809
2021-12-CENSUS-0000224269,GSA_MIGRATION,2021,2022-05-18,860980810
2021-12-CENSUS-0000224269,GSA_MIGRATION,2021,2022-05-18,860980811
2021-12-CENSUS-0000224269,GSA_MIGRATION,2021,2022-05-18,911546525
2021-12-CENSUS-0000224269,GSA_MIGRATION,2021,2022-05-18,911667138
2021-12-CENSUS-0000224269,GSA_MIGRATION,2021,2022-05-18,931189914
2021-12-CENSUS-0000224269,GSA_MIGRATION,2021,2022-05-18,942722870
2021-12-CENSUS-0000224269,GSA_MIGRATION,2021,2022-05-18,942787430
2021-12-CENSUS-0000224269,GSA_MIGRATION,2021,2022-05-18,943081666
2021-12-CENSUS-0000224269,GSA_MIGRATION,2021,2022-05-18,943088260
2021-12-CENSUS-0000224269,GSA_MIGRATION,2021,2022-05-18,943167825
2021-12-CENSUS-0000224269,GSA_MIGRATION,2021,2022-05-18,943190261
2021-12-CENSUS-0000224269,GSA_MIGRATION,2021,2022-05-18,943209503
2021-12-CENSUS-0000224269,GSA_MIGRATION,2021,2022-05-18,943224446
2021-12-CENSUS-0000224269,GSA_MIGRATION,2021,2022-05-18,943264209
2021-12-CENSUS-0000224269,GSA_MIGRATION,2021,2022-05-18,943282891
2021-12-CENSUS-0000224269,GSA_MIGRATION,2021,2022-05-18,943361794
2021-06-CENSUS-0000036791,GSA_MIGRATION,2021,2022-03-30,273720942
2021-09-CENSUS-0000250744,GSA_MIGRATION,2021,2022-06-28,593410739
2021-09-CENSUS-0000250744,GSA_MIGRATION,2021,2022-06-28,592487133
2021-09-CENSUS-0000250744,GSA_MIGRATION,2021,2022-06-28,592487135
2021-09-CENSUS-0000250744,GSA_MIGRATION,2021,2022-06-28,592980620
2021-09-CENSUS-0000250744,GSA_MIGRATION,2021,2022-06-28,593234721
2021-09-CENSUS-0000250744,GSA_MIGRATION,2021,2022-06-28,590747311
2021-09-CENSUS-0000250744,GSA_MIGRATION,2021,2022-06-28,811755188
2021-09-CENSUS-0000250744,GSA_MIGRATION,2021,2022-06-28,592059710
2021-09-CENSUS-0000250744,GSA_MIGRATION,2021,2022-06-28,593647972
2021-09-CENSUS-0000250744,GSA_MIGRATION,2021,2022-06-28,030571183
2021-09-CENSUS-0000250744,GSA_MIGRATION,2021,2022-06-28,464629700
2021-09-CENSUS-0000250744,GSA_MIGRATION,2021,2022-06-28,593450324
2021-09-CENSUS-0000250744,GSA_MIGRATION,2021,2022-06-28,262665620
2021-09-CENSUS-0000250744,GSA_MIGRATION,2021,2022-06-28,800351279
2021-09-CENSUS-0000250744,GSA_MIGRATION,2021,2022-06-28,271524995
2021-09-CENSUS-0000250744,GSA_MIGRATION,2021,2022-06-28,593120987
2021-09-CENSUS-0000250744,GSA_MIGRATION,2021,2022-06-28,800690174
2021-09-CENSUS-0000250744,GSA_MIGRATION,2021,2022-06-28,273236582
2021-09-CENSUS-0000250744,GSA_MIGRATION,2021,2022-06-28,352429650
2021-09-CENSUS-0000250744,GSA_MIGRATION,2021,2022-06-28,383870378
2021-09-CENSUS-0000250744,GSA_MIGRATION,2021,2022-06-28,462632312
2021-09-CENSUS-0000250744,GSA_MIGRATION,2021,2022-06-28,462620381
2021-09-CENSUS-0000250744,GSA_MIGRATION,2021,2022-06-28,861126946
2021-09-CENSUS-0000250744,GSA_MIGRATION,2021,2022-06-28,593214040
2021-09-CENSUS-0000250744,GSA_MIGRATION,2021,2022-06-28,592968487
2021-09-CENSUS-0000250744,GSA_MIGRATION,2021,2022-06-28,593361021
2021-09-CENSUS-0000250744,GSA_MIGRATION,2021,2022-06-28,611734528
2021-09-CENSUS-0000250744,GSA_MIGRATION,2021,2022-06-28,821698374
2021-09-CENSUS-0000204571,GSA_MIGRATION,2021,2022-08-24,461542132
2021-09-CENSUS-0000204571,GSA_MIGRATION,2021,2022-08-24,603899657
2021-09-CENSUS-0000204571,GSA_MIGRATION,2021,2022-08-24,521963890
2021-09-CENSUS-0000204571,GSA_MIGRATION,2021,2022-08-24,521181107
2021-09-CENSUS-0000204571,GSA_MIGRATION,2021,2022-08-24,273311883
2021-12-CENSUS-0000093089,GSA_MIGRATION,2021,2022-07-06,620712345
2021-12-CENSUS-0000255115,GSA_MIGRATION,2021,2022-09-28,311394484
2021-12-CENSUS-0000255115,GSA_MIGRATION,2021,2022-09-28,311338449
2021-12-CENSUS-0000255115,GSA_MIGRATION,2021,2022-09-28,311679605
2021-12-CENSUS-0000255115,GSA_MIGRATION,2021,2022-09-28,204300403
2021-12-CENSUS-0000255115,GSA_MIGRATION,2021,2022-09-28,471504321
2021-12-CENSUS-0000255115,GSA_MIGRATION,2021,2022-09-28,020800935
2021-12-CENSUS-0000255115,GSA_MIGRATION,2021,2022-09-28,200275830
2021-12-CENSUS-0000255115,GSA_MIGRATION,2021,2022-09-28,201798585
2021-12-CENSUS-0000255115,GSA_MIGRATION,2021,2022-09-28,205418590
2021-12-CENSUS-0000255115,GSA_MIGRATION,2021,2022-09-28,263209241
2021-12-CENSUS-0000255115,GSA_MIGRATION,2021,2022-09-28,272521417
2021-12-CENSUS-0000255115,GSA_MIGRATION,2021,2022-09-28,275466044
2021-12-CENSUS-0000255115,GSA_MIGRATION,2021,2022-09-28,461530715
2021-12-CENSUS-0000255115,GSA_MIGRATION,2021,2022-09-28,473420751
2021-12-CENSUS-0000255115,GSA_MIGRATION,2021,2022-09-28,813160728
2021-12-CENSUS-0000255115,GSA_MIGRATION,2021,2022-09-28,473233516
2021-12-CENSUS-0000255115,GSA_MIGRATION,2021,2022-09-28,825217871
2021-12-CENSUS-0000255115,GSA_MIGRATION,2021,2022-09-28,464653906
2021-12-CENSUS-0000255115,GSA_MIGRATION,2021,2022-09-28,464793489
2021-12-CENSUS-0000255115,GSA_MIGRATION,2021,2022-09-28,473219243
2021-12-CENSUS-0000255115,GSA_MIGRATION,2021,2022-09-28,473246154
2021-12-CENSUS-0000255115,GSA_MIGRATION,2021,2022-09-28,811855165
2021-12-CENSUS-0000255115,GSA_MIGRATION,2021,2022-09-28,464590823
2021-12-CENSUS-0000255115,GSA_MIGRATION,2021,2022-09-28,464598232
2021-12-CENSUS-0000255115,GSA_MIGRATION,2021,2022-09-28,464611751
2021-12-CENSUS-0000255115,GSA_MIGRATION,2021,2022-09-28,464631768
2021-12-CENSUS-0000255115,GSA_MIGRATION,2021,2022-09-28,464638182
2021-12-CENSUS-0000255115,GSA_MIGRATION,2021,2022-09-28,464695730
2021-12-CENSUS-0000255115,GSA_MIGRATION,2021,2022-09-28,464805488
2021-12-CENSUS-0000255115,GSA_MIGRATION,2021,2022-09-28,824259181
2021-12-CENSUS-0000255115,GSA_MIGRATION,2021,2022-09-28,825484117
2021-06-CENSUS-0000254417,GSA_MIGRATION,2021,2022-09-11,020400703
2021-06-CENSUS-0000255551,GSA_MIGRATION,2021,2022-10-02,611269278
2021-06-CENSUS-0000255551,GSA_MIGRATION,2021,2022-10-02,861212237
2021-06-CENSUS-0000144796,GSA_MIGRATION,2021,2022-01-20,421145453
2021-06-CENSUS-0000144796,GSA_MIGRATION,2021,2022-01-20,421470806
2021-06-CENSUS-0000093339,GSA_MIGRATION,2021,2022-01-30,200508924
2021-06-CENSUS-0000093339,GSA_MIGRATION,2021,2022-01-30,204420636
2021-06-CENSUS-0000093339,GSA_MIGRATION,2021,2022-01-30,204420692
2021-06-CENSUS-0000093339,GSA_MIGRATION,2021,2022-01-30,204420732
2021-06-CENSUS-0000093339,GSA_MIGRATION,2021,2022-01-30,204698478
2021-06-CENSUS-0000093339,GSA_MIGRATION,2021,2022-01-30,208362446
2021-06-CENSUS-0000093339,GSA_MIGRATION,2021,2022-01-30,261747636
2021-06-CENSUS-0000093339,GSA_MIGRATION,2021,2022-01-30,263974241
2021-06-CENSUS-0000093339,GSA_MIGRATION,2021,2022-01-30,273218487
2021-06-CENSUS-0000093339,GSA_MIGRATION,2021,2022-01-30,300001994
2021-06-CENSUS-0000093339,GSA_MIGRATION,2021,2022-01-30,300139243
2021-06-CENSUS-0000093339,GSA_MIGRATION,2021,2022-01-30,300139250
2021-06-CENSUS-0000093339,GSA_MIGRATION,2021,2022-01-30,300222358
2021-06-CENSUS-0000093339,GSA_MIGRATION,2021,2022-01-30,311486904
2021-06-CENSUS-0000093339,GSA_MIGRATION,2021,2022-01-30,311549509
2021-06-CENSUS-0000093339,GSA_MIGRATION,2021,2022-01-30,311549513
2021-06-CENSUS-0000093339,GSA_MIGRATION,2021,2022-01-30,311580486
2021-06-CENSUS-0000093339,GSA_MIGRATION,2021,2022-01-30,311580524
2021-06-CENSUS-0000093339,GSA_MIGRATION,2021,2022-01-30,311632274
2021-06-CENSUS-0000093339,GSA_MIGRATION,2021,2022-01-30,311632277
2021-06-CENSUS-0000093339,GSA_MIGRATION,2021,2022-01-30,311632278
2021-06-CENSUS-0000093339,GSA_MIGRATION,2021,2022-01-30,311693033
2021-06-CENSUS-0000093339,GSA_MIGRATION,2021,2022-01-30,311742543
2021-06-CENSUS-0000093339,GSA_MIGRATION,2021,2022-01-30,581400610
2021-06-CENSUS-0000093339,GSA_MIGRATION,2021,2022-01-30,581525533
2021-06-CENSUS-0000093339,GSA_MIGRATION,2021,2022-01-30,581710058
2021-06-CENSUS-0000093339,GSA_MIGRATION,2021,2022-01-30,581766356
2021-06-CENSUS-0000093339,GSA_MIGRATION,2021,2022-01-30,581933685
2021-06-CENSUS-0000093339,GSA_MIGRATION,2021,2022-01-30,581992910
2021-06-CENSUS-0000093339,GSA_MIGRATION,2021,2022-01-30,581995069
2021-06-CENSUS-0000093339,GSA_MIGRATION,2021,2022-01-30,582019098
2021-06-CENSUS-0000093339,GSA_MIGRATION,2021,2022-01-30,582098120
2021-06-CENSUS-0000093339,GSA_MIGRATION,2021,2022-01-30,582207171
2021-06-CENSUS-0000093339,GSA_MIGRATION,2021,2022-01-30,582207174
2022-06-CENSUS-0000221064,UEYKTPWSV9Q9,2022,2022-11-06,391824445
2022-06-CENSUS-0000221064,UEYKTPWSV9Q9,2022,2022-11-06,455490584
2022-06-CENSUS-0000221064,UEYKTPWSV9Q9,2022,2022-11-06,461630964
2022-06-CENSUS-0000221064,UEYKTPWSV9Q9,2022,2022-11-06,832278676
2022-03-CENSUS-0000256418,SJ8QKB9BYML3,2022,2022-12-26,273287067
2022-06-CENSUS-0000033117,CHVQJLLVU561,2022,2022-11-07,752995042
2022-06-CENSUS-0000033117,CHVQJLLVU561,2022,2022-11-07,954344026
2022-06-CENSUS-0000033117,CHVQJLLVU561,2022,2022-11-07,954262689
2022-06-CENSUS-0000033117,CHVQJLLVU561,2022,2022-11-07,954419192
2022-06-CENSUS-0000033117,CHVQJLLVU561,2022,2022-11-07,954532710
2022-06-CENSUS-0000033117,CHVQJLLVU561,2022,2022-11-07,954226971
2022-06-CENSUS-0000033117,CHVQJLLVU561,2022,2022-11-07,954226972
2022-06-CENSUS-0000033117,CHVQJLLVU561,2022,2022-11-07,954262688
2022-06-CENSUS-0000255798,PFE1ZQKQP2D4,2022,2022-11-01,911736971
2021-06-CENSUS-0000212942,GSA_MIGRATION,2021,2022-06-20,621682626
2021-06-CENSUS-0000212942,GSA_MIGRATION,2021,2022-06-20,621687591
2021-06-CENSUS-0000212942,GSA_MIGRATION,2021,2022-06-20,621712458
2021-06-CENSUS-0000212942,GSA_MIGRATION,2021,2022-06-20,710236904
2021-06-CENSUS-0000212942,GSA_MIGRATION,2021,2022-06-20,710351144
2021-06-CENSUS-0000212942,GSA_MIGRATION,2021,2022-06-20,710353619
2021-06-CENSUS-0000212942,GSA_MIGRATION,2021,2022-06-20,710386112
2021-06-CENSUS-0000212942,GSA_MIGRATION,2021,2022-06-20,710388796
2021-06-CENSUS-0000212942,GSA_MIGRATION,2021,2022-06-20,710389298
2021-06-CENSUS-0000212942,GSA_MIGRATION,2021,2022-06-20,710389752
2021-06-CENSUS-0000212942,GSA_MIGRATION,2021,2022-06-20,710392370
2021-06-CENSUS-0000212942,GSA_MIGRATION,2021,2022-06-20,710394794
2021-06-CENSUS-0000212942,GSA_MIGRATION,2021,2022-06-20,710397783
2021-06-CENSUS-0000212942,GSA_MIGRATION,2021,2022-06-20,710400038
2021-06-CENSUS-0000212942,GSA_MIGRATION,2021,2022-06-20,710411511
2021-06-CENSUS-0000212942,GSA_MIGRATION,2021,2022-06-20,710411512
2021-06-CENSUS-0000212942,GSA_MIGRATION,2021,2022-06-20,710416918
2021-06-CENSUS-0000212942,GSA_MIGRATION,2021,2022-06-20,710421333
2021-06-CENSUS-0000212942,GSA_MIGRATION,2021,2022-06-20,710422536
2021-06-CENSUS-0000212942,GSA_MIGRATION,2021,2022-06-20,710443460
2021-06-CENSUS-0000212942,GSA_MIGRATION,2021,2022-06-20,710444027
2021-06-CENSUS-0000212942,GSA_MIGRATION,2021,2022-06-20,710445211
2021-06-CENSUS-0000212942,GSA_MIGRATION,2021,2022-06-20,710445264
2021-06-CENSUS-0000212942,GSA_MIGRATION,2021,2022-06-20,710445507
2021-06-CENSUS-0000212942,GSA_MIGRATION,2021,2022-06-20,710450242
2021-06-CENSUS-0000212942,GSA_MIGRATION,2021,2022-06-20,710451862
2021-06-CENSUS-0000212942,GSA_MIGRATION,2021,2022-06-20,710460696
2021-06-CENSUS-0000212942,GSA_MIGRATION,2021,2022-06-20,710463305
2021-06-CENSUS-0000212942,GSA_MIGRATION,2021,2022-06-20,710497135
2021-06-CENSUS-0000212942,GSA_MIGRATION,2021,2022-06-20,710503641
2021-06-CENSUS-0000212942,GSA_MIGRATION,2021,2022-06-20,710533838
2021-06-CENSUS-0000212942,GSA_MIGRATION,2021,2022-06-20,710546049
2021-06-CENSUS-0000212942,GSA_MIGRATION,2021,2022-06-20,710546952
2021-06-CENSUS-0000212942,GSA_MIGRATION,2021,2022-06-20,710582119
2021-06-CENSUS-0000212942,GSA_MIGRATION,2021,2022-06-20,710666765
2021-06-CENSUS-0000212942,GSA_MIGRATION,2021,2022-06-20,710685540
2021-06-CENSUS-0000212942,GSA_MIGRATION,2021,2022-06-20,710718948
2021-06-CENSUS-0000212942,GSA_MIGRATION,2021,2022-06-20,824868699
2021-06-CENSUS-0000212942,GSA_MIGRATION,2021,2022-06-20,710847446
2021-06-CENSUS-0000212942,GSA_MIGRATION,2021,2022-06-20,710847743
2021-06-CENSUS-0000212942,GSA_MIGRATION,2021,2022-06-20,710855933
2021-06-CENSUS-0000212942,GSA_MIGRATION,2021,2022-06-20,716000286
2021-06-CENSUS-0000212942,GSA_MIGRATION,2021,2022-06-20,716000556
2021-06-CENSUS-0000212942,GSA_MIGRATION,2021,2022-06-20,716001828
2021-06-CENSUS-0000212942,GSA_MIGRATION,2021,2022-06-20,716003252
2021-06-CENSUS-0000212942,GSA_MIGRATION,2021,2022-06-20,716006164
2021-06-CENSUS-0000212942,GSA_MIGRATION,2021,2022-06-20,716006449
2021-06-CENSUS-0000212942,GSA_MIGRATION,2021,2022-06-20,716006567
2021-06-CENSUS-0000212942,GSA_MIGRATION,2021,2022-06-20,716006690
2021-06-CENSUS-0000212942,GSA_MIGRATION,2021,2022-06-20,716006766
2021-06-CENSUS-0000212942,GSA_MIGRATION,2021,2022-06-20,716006844
2021-06-CENSUS-0000212942,GSA_MIGRATION,2021,2022-06-20,716007041
2021-06-CENSUS-0000212942,GSA_MIGRATION,2021,2022-06-20,716007197
2021-06-CENSUS-0000212942,GSA_MIGRATION,2021,2022-06-20,716007356
2021-06-CENSUS-0000212942,GSA_MIGRATION,2021,2022-06-20,716007358
2021-06-CENSUS-0000212942,GSA_MIGRATION,2021,2022-06-20,716007389
2021-06-CENSUS-0000212942,GSA_MIGRATION,2021,2022-06-20,716007391
2021-06-CENSUS-0000212942,GSA_MIGRATION,2021,2022-06-20,716007749
2021-06-CENSUS-0000212942,GSA_MIGRATION,2021,2022-06-20,716008509
2021-06-CENSUS-0000212942,GSA_MIGRATION,2021,2022-06-20,716010030
2021-06-CENSUS-0000212942,GSA_MIGRATION,2021,2022-06-20,716014466
2021-06-CENSUS-0000212942,GSA_MIGRATION,2021,2022-06-20,716014834
2021-06-CENSUS-0000212942,GSA_MIGRATION,2021,2022-06-20,716018771
2021-06-CENSUS-0000212942,GSA_MIGRATION,2021,2022-06-20,716020143
2021-06-CENSUS-0000212942,GSA_MIGRATION,2021,2022-06-20,716043654
2021-06-CENSUS-0000212942,GSA_MIGRATION,2021,2022-06-20,716043948
2021-06-CENSUS-0000212942,GSA_MIGRATION,2021,2022-06-20,716046242
2021-06-CENSUS-0000212942,GSA_MIGRATION,2021,2022-06-20,716047504
2021-06-CENSUS-0000212942,GSA_MIGRATION,2021,2022-06-20,743106656
2021-12-CENSUS-0000230092,GSA_MIGRATION,2021,2022-09-12,320297285
2021-06-CENSUS-0000236145,GSA_MIGRATION,2021,2022-09-29,452918774
2021-12-CENSUS-0000222352,GSA_MIGRATION,2021,2022-09-29,133350704
2021-06-CENSUS-0000003302,GSA_MIGRATION,2021,2022-05-25,303373843
2021-06-CENSUS-0000003302,GSA_MIGRATION,2021,2022-05-25,300100167
2021-06-CENSUS-0000003302,GSA_MIGRATION,2021,2022-05-25,300142664
2021-06-CENSUS-0000003302,GSA_MIGRATION,2021,2022-05-25,300233972
2021-06-CENSUS-0000003302,GSA_MIGRATION,2021,2022-05-25,311695823
2021-06-CENSUS-0000003302,GSA_MIGRATION,2021,2022-05-25,311695981
2021-06-CENSUS-0000003302,GSA_MIGRATION,2021,2022-05-25,311758251
2021-12-CENSUS-0000233812,GSA_MIGRATION,2021,2022-05-19,272566073
2021-12-CENSUS-0000224324,GSA_MIGRATION,2021,2022-05-11,391991269
2021-12-CENSUS-0000224324,GSA_MIGRATION,2021,2022-05-11,391932103
2021-12-CENSUS-0000224324,GSA_MIGRATION,2021,2022-05-11,161640771
2021-12-CENSUS-0000253252,GSA_MIGRATION,2021,2022-05-18,470917144
2021-12-CENSUS-0000050405,GSA_MIGRATION,2021,2022-09-26,201768398
2021-12-CENSUS-0000050405,GSA_MIGRATION,2021,2022-09-26,202584736
2021-12-CENSUS-0000050405,GSA_MIGRATION,2021,2022-09-26,363296450
2021-12-CENSUS-0000050405,GSA_MIGRATION,2021,2022-09-26,204635666
2021-12-CENSUS-0000254887,GSA_MIGRATION,2021,2022-09-29,391477854
2021-12-CENSUS-0000255187,GSA_MIGRATION,2021,2022-09-28,530196624
2021-12-CENSUS-0000255187,GSA_MIGRATION,2021,2022-09-28,263445374
2021-12-CENSUS-0000255187,GSA_MIGRATION,2021,2022-09-28,520696196
2021-12-CENSUS-0000255187,GSA_MIGRATION,2021,2022-09-28,474102818
2021-12-CENSUS-0000255187,GSA_MIGRATION,2021,2022-09-28,300962299
2021-12-CENSUS-0000255590,GSA_MIGRATION,2021,2022-10-10,464534925
2021-12-CENSUS-0000252418,GSA_MIGRATION,2021,2022-09-29,020777195
2021-06-CENSUS-0000239644,GSA_MIGRATION,2021,2022-09-29,205551661
2021-11-CENSUS-0000138652,GSA_MIGRATION,2021,2022-06-23,366006593
2021-11-CENSUS-0000138652,GSA_MIGRATION,2021,2022-06-23,366006595
2021-12-CENSUS-0000110019,GSA_MIGRATION,2021,2022-05-26,841322816
2021-12-CENSUS-0000208635,GSA_MIGRATION,2021,2022-09-29,825218298
2021-12-CENSUS-0000208635,GSA_MIGRATION,2021,2022-09-29,843438962
2021-12-CENSUS-0000208635,GSA_MIGRATION,2021,2022-09-29,832182581
2021-12-CENSUS-0000252023,GSA_MIGRATION,2021,2022-09-26,346006904
2021-12-CENSUS-0000252023,GSA_MIGRATION,2021,2022-09-26,341369963
2021-12-CENSUS-0000038025,GSA_MIGRATION,2021,2022-09-29,310886949
2021-12-CENSUS-0000038025,GSA_MIGRATION,2021,2022-09-29,310536662
2021-12-CENSUS-0000038025,GSA_MIGRATION,2021,2022-09-29,270712680
2021-12-CENSUS-0000038025,GSA_MIGRATION,2021,2022-09-29,311175717
2021-12-CENSUS-0000038025,GSA_MIGRATION,2021,2022-09-29,310564121
2021-12-CENSUS-0000038025,GSA_MIGRATION,2021,2022-09-29,310809436
2021-12-CENSUS-0000038025,GSA_MIGRATION,2021,2022-09-29,311078381
2021-06-CENSUS-0000023082,GSA_MIGRATION,2021,2022-10-13,223441769
2021-06-CENSUS-0000171398,GSA_MIGRATION,2021,2022-02-13,626000699
2021-12-CENSUS-0000252622,GSA_MIGRATION,2021,2022-09-29,590973502
2021-12-CENSUS-0000252622,GSA_MIGRATION,2021,2022-09-29,593256803
2021-12-CENSUS-0000252622,GSA_MIGRATION,2021,2022-09-29,592951990
2021-12-CENSUS-0000252622,GSA_MIGRATION,2021,2022-09-29,610594620
2021-12-CENSUS-0000252622,GSA_MIGRATION,2021,2022-09-29,742225672
2021-12-CENSUS-0000252622,GSA_MIGRATION,2021,2022-09-29,742894874
2021-12-CENSUS-0000252622,GSA_MIGRATION,2021,2022-09-29,113762050
2021-12-CENSUS-0000252622,GSA_MIGRATION,2021,2022-09-29,480901551
2021-12-CENSUS-0000252622,GSA_MIGRATION,2021,2022-09-29,205782320
2021-12-CENSUS-0000252622,GSA_MIGRATION,2021,2022-09-29,900866024
2021-12-CENSUS-0000252622,GSA_MIGRATION,2021,2022-09-29,770670885
2021-12-CENSUS-0000252622,GSA_MIGRATION,2021,2022-09-29,743071549
2021-12-CENSUS-0000252622,GSA_MIGRATION,2021,2022-09-29,621041820
2021-12-CENSUS-0000252622,GSA_MIGRATION,2021,2022-09-29,020657616
2021-12-CENSUS-0000252622,GSA_MIGRATION,2021,2022-09-29,208105013
2021-12-CENSUS-0000252622,GSA_MIGRATION,2021,2022-09-29,593385716
2021-12-CENSUS-0000252622,GSA_MIGRATION,2021,2022-09-29,592694434
2021-12-CENSUS-0000252622,GSA_MIGRATION,2021,2022-09-29,813165729
2021-12-CENSUS-0000252622,GSA_MIGRATION,2021,2022-09-29,205774821
2021-12-CENSUS-0000252622,GSA_MIGRATION,2021,2022-09-29,832465331
2021-12-CENSUS-0000252622,GSA_MIGRATION,2021,2022-09-29,010584623
2021-12-CENSUS-0000252622,GSA_MIGRATION,2021,2022-09-29,030380531
2021-12-CENSUS-0000252622,GSA_MIGRATION,2021,2022-09-29,208488713
2021-12-CENSUS-0000252622,GSA_MIGRATION,2021,2022-09-29,840956175
2021-12-CENSUS-0000252622,GSA_MIGRATION,2021,2022-09-29,840438224
2021-12-CENSUS-0000252622,GSA_MIGRATION,2021,2022-09-29,205782272
2021-12-CENSUS-0000252622,GSA_MIGRATION,2021,2022-09-29,814196648
2021-12-CENSUS-0000252622,GSA_MIGRATION,2021,2022-09-29,591191045
2021-12-CENSUS-0000252622,GSA_MIGRATION,2021,2022-09-29,263789368
2021-12-CENSUS-0000252622,GSA_MIGRATION,2021,2022-09-29,208040875
2021-12-CENSUS-0000252622,GSA_MIGRATION,2021,2022-09-29,461656773
2021-12-CENSUS-0000252622,GSA_MIGRATION,2021,2022-09-29,510605693
2021-12-CENSUS-0000252622,GSA_MIGRATION,2021,2022-09-29,205782224
2021-12-CENSUS-0000252622,GSA_MIGRATION,2021,2022-09-29,813914908
2021-09-CENSUS-0000136122,GSA_MIGRATION,2021,2022-04-21,596000772
2021-09-CENSUS-0000136122,GSA_MIGRATION,2021,2022-04-21,596000776
2021-06-CENSUS-0000254507,GSA_MIGRATION,2021,2022-09-14,510069243
2021-06-CENSUS-0000254507,GSA_MIGRATION,2021,2022-09-14,520607921
2021-06-CENSUS-0000137893,GSA_MIGRATION,2021,2022-09-28,996000725
2021-12-CENSUS-0000254909,GSA_MIGRATION,2021,2022-09-29,273346648
2021-12-CENSUS-0000196134,GSA_MIGRATION,2021,2022-09-22,814946960
2021-12-CENSUS-0000196134,GSA_MIGRATION,2021,2022-09-22,824614317
2021-06-CENSUS-0000177452,GSA_MIGRATION,2021,2022-03-29,113742937
2021-06-CENSUS-0000177452,GSA_MIGRATION,2021,2022-03-29,262623534
2021-06-CENSUS-0000177452,GSA_MIGRATION,2021,2022-03-29,300507067
2021-06-CENSUS-0000177452,GSA_MIGRATION,2021,2022-03-29,320200490
2021-06-CENSUS-0000177452,GSA_MIGRATION,2021,2022-03-29,412167984
2021-06-CENSUS-0000177452,GSA_MIGRATION,2021,2022-03-29,455463036
2021-06-CENSUS-0000177452,GSA_MIGRATION,2021,2022-03-29,465109796
2021-06-CENSUS-0000177452,GSA_MIGRATION,2021,2022-03-29,472045326
2021-06-CENSUS-0000177452,GSA_MIGRATION,2021,2022-03-29,510632254
2021-06-CENSUS-0000177452,GSA_MIGRATION,2021,2022-03-29,550458465
2021-06-CENSUS-0000177452,GSA_MIGRATION,2021,2022-03-29,550483610
2021-06-CENSUS-0000177452,GSA_MIGRATION,2021,2022-03-29,550489243
2021-06-CENSUS-0000177452,GSA_MIGRATION,2021,2022-03-29,550517092
2021-06-CENSUS-0000177452,GSA_MIGRATION,2021,2022-03-29,550523820
2021-06-CENSUS-0000177452,GSA_MIGRATION,2021,2022-03-29,550524072
2021-06-CENSUS-0000177452,GSA_MIGRATION,2021,2022-03-29,550530182
2021-06-CENSUS-0000177452,GSA_MIGRATION,2021,2022-03-29,550561541
2021-06-CENSUS-0000177452,GSA_MIGRATION,2021,2022-03-29,550574804
2021-06-CENSUS-0000177452,GSA_MIGRATION,2021,2022-03-29,550642540
2021-06-CENSUS-0000177452,GSA_MIGRATION,2021,2022-03-29,550658367
2021-06-CENSUS-0000177452,GSA_MIGRATION,2021,2022-03-29,550690975
2021-06-CENSUS-0000177452,GSA_MIGRATION,2021,2022-03-29,550691505
2021-06-CENSUS-0000177452,GSA_MIGRATION,2021,2022-03-29,550691527
2021-06-CENSUS-0000177452,GSA_MIGRATION,2021,2022-03-29,550711421
2021-06-CENSUS-0000177452,GSA_MIGRATION,2021,2022-03-29,550729970
2021-06-CENSUS-0000177452,GSA_MIGRATION,2021,2022-03-29,550773516
2021-06-CENSUS-0000177452,GSA_MIGRATION,2021,2022-03-29,550865745
2021-06-CENSUS-0000177452,GSA_MIGRATION,2021,2022-03-29,556000738
2021-06-CENSUS-0000177452,GSA_MIGRATION,2021,2022-03-29,556000748
2021-06-CENSUS-0000177452,GSA_MIGRATION,2021,2022-03-29,556000749
2021-06-CENSUS-0000177452,GSA_MIGRATION,2021,2022-03-29,556000751
2021-06-CENSUS-0000177452,GSA_MIGRATION,2021,2022-03-29,556000753
2021-06-CENSUS-0000177452,GSA_MIGRATION,2021,2022-03-29,556000760
2021-06-CENSUS-0000177452,GSA_MIGRATION,2021,2022-03-29,556000761
2021-06-CENSUS-0000177452,GSA_MIGRATION,2021,2022-03-29,556000763
2021-06-CENSUS-0000177452,GSA_MIGRATION,2021,2022-03-29,556000765
2021-06-CENSUS-0000177452,GSA_MIGRATION,2021,2022-03-29,556000766
2021-06-CENSUS-0000177452,GSA_MIGRATION,2021,2022-03-29,556000768
2021-06-CENSUS-0000177452,GSA_MIGRATION,2021,2022-03-29,556000769
2021-06-CENSUS-0000177452,GSA_MIGRATION,2021,2022-03-29,556000771
2021-06-CENSUS-0000177452,GSA_MIGRATION,2021,2022-03-29,556000772
2021-06-CENSUS-0000177452,GSA_MIGRATION,2021,2022-03-29,556000774
2021-06-CENSUS-0000177452,GSA_MIGRATION,2021,2022-03-29,556000776
2021-06-CENSUS-0000177452,GSA_MIGRATION,2021,2022-03-29,556000778
2021-06-CENSUS-0000177452,GSA_MIGRATION,2021,2022-03-29,556000779
2021-06-CENSUS-0000177452,GSA_MIGRATION,2021,2022-03-29,556000780
2021-06-CENSUS-0000177452,GSA_MIGRATION,2021,2022-03-29,556000786
2021-06-CENSUS-0000177452,GSA_MIGRATION,2021,2022-03-29,556000789
2021-06-CENSUS-0000177452,GSA_MIGRATION,2021,2022-03-29,556000795
2021-06-CENSUS-0000177452,GSA_MIGRATION,2021,2022-03-29,556000798
2021-06-CENSUS-0000177452,GSA_MIGRATION,2021,2022-03-29,556000799
2021-06-CENSUS-0000177452,GSA_MIGRATION,2021,2022-03-29,556000802
2021-06-CENSUS-0000177452,GSA_MIGRATION,2021,2022-03-29,556000810
2021-06-CENSUS-0000177452,GSA_MIGRATION,2021,2022-03-29,556000813
2021-06-CENSUS-0000177452,GSA_MIGRATION,2021,2022-03-29,556000822
2021-06-CENSUS-0000177452,GSA_MIGRATION,2021,2022-03-29,556000831
2021-06-CENSUS-0000177452,GSA_MIGRATION,2021,2022-03-29,556000839
2021-06-CENSUS-0000177452,GSA_MIGRATION,2021,2022-03-29,556000842
2021-06-CENSUS-0000177452,GSA_MIGRATION,2021,2022-03-29,556000932
2021-06-CENSUS-0000177452,GSA_MIGRATION,2021,2022-03-29,556000936
2021-06-CENSUS-0000177452,GSA_MIGRATION,2021,2022-03-29,556001347
2021-12-CENSUS-0000217463,GSA_MIGRATION,2021,2022-09-26,161470454
2021-12-CENSUS-0000255189,GSA_MIGRATION,2021,2022-09-28,262559916
2021-06-CENSUS-0000135695,GSA_MIGRATION,2021,2022-02-28,061333509
2021-09-CENSUS-0000058130,GSA_MIGRATION,2021,2022-02-11,382289884
2021-09-CENSUS-0000058130,GSA_MIGRATION,2021,2022-02-11,382527075
2021-09-CENSUS-0000058130,GSA_MIGRATION,2021,2022-02-11,382743085
2021-09-CENSUS-0000058130,GSA_MIGRATION,2021,2022-02-11,382763522
2021-09-CENSUS-0000058130,GSA_MIGRATION,2021,2022-02-11,382796652
2021-09-CENSUS-0000058130,GSA_MIGRATION,2021,2022-02-11,382815019
2021-09-CENSUS-0000058130,GSA_MIGRATION,2021,2022-02-11,382895827
2021-09-CENSUS-0000058130,GSA_MIGRATION,2021,2022-02-11,382995856
2021-09-CENSUS-0000058130,GSA_MIGRATION,2021,2022-02-11,383128262
2021-09-CENSUS-0000058130,GSA_MIGRATION,2021,2022-02-11,382753046
2021-09-CENSUS-0000058130,GSA_MIGRATION,2021,2022-02-11,383194361
2021-09-CENSUS-0000058130,GSA_MIGRATION,2021,2022-02-11,383208092
2021-09-CENSUS-0000058130,GSA_MIGRATION,2021,2022-02-11,383230758
2021-09-CENSUS-0000058130,GSA_MIGRATION,2021,2022-02-11,383230759
2021-09-CENSUS-0000058130,GSA_MIGRATION,2021,2022-02-11,383267976
2021-09-CENSUS-0000058130,GSA_MIGRATION,2021,2022-02-11,383323617
2021-09-CENSUS-0000058130,GSA_MIGRATION,2021,2022-02-11,383323619
2021-09-CENSUS-0000058130,GSA_MIGRATION,2021,2022-02-11,383402160
2021-09-CENSUS-0000058130,GSA_MIGRATION,2021,2022-02-11,383519517
2021-09-CENSUS-0000058130,GSA_MIGRATION,2021,2022-02-11,383577116
2021-09-CENSUS-0000058130,GSA_MIGRATION,2021,2022-02-11,832799527
2021-06-CENSUS-0000252040,GSA_MIGRATION,2021,2022-01-16,852571191
2021-09-CENSUS-0000136105,GSA_MIGRATION,2021,2022-03-23,650134749
2021-09-CENSUS-0000136105,GSA_MIGRATION,2021,2022-03-23,596000677
2021-09-CENSUS-0000136105,GSA_MIGRATION,2021,2022-03-23,591798093
2021-06-CENSUS-0000210093,GSA_MIGRATION,2021,2022-03-28,232788924
2021-06-CENSUS-0000223552,GSA_MIGRATION,2021,2022-09-27,541278865
2021-06-CENSUS-0000223552,GSA_MIGRATION,2021,2022-09-27,541778786
2021-06-CENSUS-0000223552,GSA_MIGRATION,2021,2022-09-27,540506321
2021-06-CENSUS-0000223552,GSA_MIGRATION,2021,2022-09-27,311610834
2021-06-CENSUS-0000223552,GSA_MIGRATION,2021,2022-09-27,561960102
2021-12-CENSUS-0000255007,GSA_MIGRATION,2021,2022-09-27,364073303
2021-12-CENSUS-0000255007,GSA_MIGRATION,2021,2022-09-27,362340313
2021-12-CENSUS-0000255007,GSA_MIGRATION,2021,2022-09-27,362179813
2021-12-CENSUS-0000255007,GSA_MIGRATION,2021,2022-09-27,363312906
2021-12-CENSUS-0000255007,GSA_MIGRATION,2021,2022-09-27,363738206
2021-12-CENSUS-0000023977,GSA_MIGRATION,2021,2022-07-18,463353756
2021-12-CENSUS-0000219217,GSA_MIGRATION,2021,2022-07-13,410413985
2021-12-CENSUS-0000219217,GSA_MIGRATION,2021,2022-07-13,411785623
2021-06-CENSUS-0000251143,GSA_MIGRATION,2021,2022-07-27,582032904
2021-06-CENSUS-0000251143,GSA_MIGRATION,2021,2022-07-27,582026750
2021-06-CENSUS-0000251143,GSA_MIGRATION,2021,2022-07-27,582095884
2021-06-CENSUS-0000251143,GSA_MIGRATION,2021,2022-07-27,810875069
2021-06-CENSUS-0000251143,GSA_MIGRATION,2021,2022-07-27,810837031
2021-06-CENSUS-0000251143,GSA_MIGRATION,2021,2022-07-27,580968382
2021-06-CENSUS-0000251143,GSA_MIGRATION,2021,2022-07-27,810851756
2021-06-CENSUS-0000251143,GSA_MIGRATION,2021,2022-07-27,810864789
2021-06-CENSUS-0000251143,GSA_MIGRATION,2021,2022-07-27,810846789
2021-06-CENSUS-0000251143,GSA_MIGRATION,2021,2022-07-27,134350580
2021-06-CENSUS-0000251143,GSA_MIGRATION,2021,2022-07-27,205497506
2021-06-CENSUS-0000251143,GSA_MIGRATION,2021,2022-07-27,270277843
2021-06-CENSUS-0000251143,GSA_MIGRATION,2021,2022-07-27,273818647
2021-06-CENSUS-0000254862,GSA_MIGRATION,2021,2022-09-26,562136828
2021-06-CENSUS-0000254862,GSA_MIGRATION,2021,2022-09-26,561930028
2021-12-CENSUS-0000243044,GSA_MIGRATION,2021,2022-04-25,853922957
2021-06-CENSUS-0000109675,GSA_MIGRATION,2021,2022-05-05,840830318
2021-06-CENSUS-0000109675,GSA_MIGRATION,2021,2022-05-05,841059678
2021-06-CENSUS-0000109675,GSA_MIGRATION,2021,2022-05-05,840853629
2021-06-CENSUS-0000109675,GSA_MIGRATION,2021,2022-05-05,742377026
2021-06-CENSUS-0000109675,GSA_MIGRATION,2021,2022-05-05,840848655
2021-12-CENSUS-0000227967,GSA_MIGRATION,2021,2022-05-23,262394797
2021-09-CENSUS-0000254230,GSA_MIGRATION,2021,2022-08-16,300234397
2021-06-CENSUS-0000171375,GSA_MIGRATION,2021,2022-03-15,626000892
2021-06-CENSUS-0000171375,GSA_MIGRATION,2021,2022-03-15,626000894
2021-12-CENSUS-0000142635,GSA_MIGRATION,2021,2022-08-25,356001347
2021-12-CENSUS-0000142635,GSA_MIGRATION,2021,2022-08-25,351159574
2021-12-CENSUS-0000252622,GSA_MIGRATION,2021,2022-09-29,480952508
2021-12-CENSUS-0000252622,GSA_MIGRATION,2021,2022-09-29,480637331
2021-12-CENSUS-0000252622,GSA_MIGRATION,2021,2022-09-29,431864343
2021-12-CENSUS-0000252622,GSA_MIGRATION,2021,2022-09-29,431864341
2021-12-CENSUS-0000252622,GSA_MIGRATION,2021,2022-09-29,510605679
2021-12-CENSUS-0000252622,GSA_MIGRATION,2021,2022-09-29,473793197
2021-12-CENSUS-0000252622,GSA_MIGRATION,2021,2022-09-29,593281591
2021-12-CENSUS-0000252622,GSA_MIGRATION,2021,2022-09-29,593149293
2021-12-CENSUS-0000252622,GSA_MIGRATION,2021,2022-09-29,205782288
2021-12-CENSUS-0000252622,GSA_MIGRATION,2021,2022-09-29,481219284
2021-12-CENSUS-0000252622,GSA_MIGRATION,2021,2022-09-29,812722973
2021-12-CENSUS-0000252622,GSA_MIGRATION,2021,2022-09-29,205774856
2021-12-CENSUS-0000252622,GSA_MIGRATION,2021,2022-09-29,581473135
2021-12-CENSUS-0000252622,GSA_MIGRATION,2021,2022-09-29,592219301
2021-12-CENSUS-0000252622,GSA_MIGRATION,2021,2022-09-29,611692291
2021-12-CENSUS-0000252622,GSA_MIGRATION,2021,2022-09-29,590898901
2021-12-CENSUS-0000252622,GSA_MIGRATION,2021,2022-09-29,510605677
2021-12-CENSUS-0000252622,GSA_MIGRATION,2021,2022-09-29,823025378
2021-12-CENSUS-0000252622,GSA_MIGRATION,2021,2022-09-29,271857940
2022-06-CENSUS-0000035809,U3NKNFLNQ613,2022,2022-10-17,812812384
2021-06-CENSUS-0000202741,GSA_MIGRATION,2021,2022-03-30,271546992
2021-06-CENSUS-0000202741,GSA_MIGRATION,2021,2022-03-30,113598430
2021-06-CENSUS-0000202741,GSA_MIGRATION,2021,2022-03-30,134092709
2021-06-CENSUS-0000202741,GSA_MIGRATION,2021,2022-03-30,271388160
2021-06-CENSUS-0000202741,GSA_MIGRATION,2021,2022-03-30,112430783
2021-06-CENSUS-0000027784,GSA_MIGRATION,2021,2022-03-30,270022215
2021-06-CENSUS-0000027784,GSA_MIGRATION,2021,2022-03-30,300002632
2021-09-CENSUS-0000249899,GSA_MIGRATION,2021,2022-06-29,911938421
2021-09-CENSUS-0000249899,GSA_MIGRATION,2021,2022-06-29,911946571
2021-09-CENSUS-0000249899,GSA_MIGRATION,2021,2022-06-29,912023311
2021-09-CENSUS-0000249899,GSA_MIGRATION,2021,2022-06-29,911958168
2021-09-CENSUS-0000249899,GSA_MIGRATION,2021,2022-06-29,912075074
2021-09-CENSUS-0000249899,GSA_MIGRATION,2021,2022-06-29,911892332
2021-09-CENSUS-0000249899,GSA_MIGRATION,2021,2022-06-29,912177127
2021-12-CENSUS-0000253557,GSA_MIGRATION,2021,2022-06-21,311425884
2021-12-CENSUS-0000039808,GSA_MIGRATION,2021,2022-07-24,264765403
2021-12-CENSUS-0000039808,GSA_MIGRATION,2021,2022-07-24,311275157
2021-12-CENSUS-0000039808,GSA_MIGRATION,2021,2022-07-24,510545995
2021-09-CENSUS-0000253750,GSA_MIGRATION,2021,2022-06-29,751609992
2021-09-CENSUS-0000253750,GSA_MIGRATION,2021,2022-06-29,320363999
2021-09-CENSUS-0000253750,GSA_MIGRATION,2021,2022-06-29,383927098
2021-12-CENSUS-0000046707,GSA_MIGRATION,2021,2022-06-26,473872421
2021-06-CENSUS-0000003432,GSA_MIGRATION,2021,2022-06-15,800538261
2021-09-CENSUS-0000075070,GSA_MIGRATION,2021,2022-07-04,521993252
2021-12-CENSUS-0000042316,GSA_MIGRATION,2021,2022-04-27,262155447
2021-12-CENSUS-0000042316,GSA_MIGRATION,2021,2022-04-27,264430804
2021-12-CENSUS-0000042316,GSA_MIGRATION,2021,2022-04-27,341752943
2021-12-CENSUS-0000042316,GSA_MIGRATION,2021,2022-04-27,471749435
2021-12-CENSUS-0000042316,GSA_MIGRATION,2021,2022-04-27,341951915
2021-12-CENSUS-0000042316,GSA_MIGRATION,2021,2022-04-27,521723616
2021-12-CENSUS-0000042316,GSA_MIGRATION,2021,2022-04-27,472051024
2021-12-CENSUS-0000253227,GSA_MIGRATION,2021,2022-05-16,010684796
2021-12-CENSUS-0000248298,GSA_MIGRATION,2021,2022-05-04,452471096
2021-12-CENSUS-0000248298,GSA_MIGRATION,2021,2022-05-04,462796593
2021-12-CENSUS-0000253270,GSA_MIGRATION,2021,2022-05-22,050618970
2021-12-CENSUS-0000253270,GSA_MIGRATION,2021,2022-05-22,352139972
2021-12-CENSUS-0000253270,GSA_MIGRATION,2021,2022-05-22,351718781
2021-08-CENSUS-0000253329,GSA_MIGRATION,2021,2022-05-26,770465765
2021-08-CENSUS-0000253329,GSA_MIGRATION,2021,2022-05-26,061595417
2021-08-CENSUS-0000253329,GSA_MIGRATION,2021,2022-05-26,943192446
2021-08-CENSUS-0000253329,GSA_MIGRATION,2021,2022-05-26,941429628
2021-06-CENSUS-0000171453,GSA_MIGRATION,2021,2022-02-02,626000266
2021-06-CENSUS-0000171453,GSA_MIGRATION,2021,2022-02-02,626000450
2021-06-CENSUS-0000171413,GSA_MIGRATION,2021,2022-03-16,626000754
2021-06-CENSUS-0000171413,GSA_MIGRATION,2021,2022-03-16,626000753
2021-06-CENSUS-0000252360,GSA_MIGRATION,2021,2022-02-23,472862505
2021-06-CENSUS-0000252360,GSA_MIGRATION,2021,2022-02-23,472862506
2021-06-CENSUS-0000252360,GSA_MIGRATION,2021,2022-02-23,472862507
2021-06-CENSUS-0000252360,GSA_MIGRATION,2021,2022-02-23,472862508
2021-06-CENSUS-0000252360,GSA_MIGRATION,2021,2022-02-23,472862509
2021-06-CENSUS-0000252360,GSA_MIGRATION,2021,2022-02-23,161722952
2021-06-CENSUS-0000252360,GSA_MIGRATION,2021,2022-02-23,813678338
2021-06-CENSUS-0000252360,GSA_MIGRATION,2021,2022-02-23,753182175
2021-06-CENSUS-0000252360,GSA_MIGRATION,2021,2022-02-23,811084993
2021-06-CENSUS-0000252360,GSA_MIGRATION,2021,2022-02-23,260434679
2021-06-CENSUS-0000252360,GSA_MIGRATION,2021,2022-02-23,264140162
2021-06-CENSUS-0000252360,GSA_MIGRATION,2021,2022-02-23,631283855
2021-06-CENSUS-0000252360,GSA_MIGRATION,2021,2022-02-23,631286259
2021-06-CENSUS-0000252360,GSA_MIGRATION,2021,2022-02-23,822705255
2021-06-CENSUS-0000208059,GSA_MIGRATION,2021,2022-02-17,273702109
2021-06-CENSUS-0000208059,GSA_MIGRATION,2021,2022-02-17,202080016
2021-06-CENSUS-0000208059,GSA_MIGRATION,2021,2022-02-17,463064136
2021-06-CENSUS-0000208059,GSA_MIGRATION,2021,2022-02-17,591627141
2021-06-CENSUS-0000208059,GSA_MIGRATION,2021,2022-02-17,237410605
2021-06-CENSUS-0000208059,GSA_MIGRATION,2021,2022-02-17,272663742
2021-06-CENSUS-0000208059,GSA_MIGRATION,2021,2022-02-17,273702165
2021-06-CENSUS-0000208059,GSA_MIGRATION,2021,2022-02-17,371440598
2021-06-CENSUS-0000208059,GSA_MIGRATION,2021,2022-02-17,453079184
2021-06-CENSUS-0000208059,GSA_MIGRATION,2021,2022-02-17,251903653
2021-06-CENSUS-0000208059,GSA_MIGRATION,2021,2022-02-17,270359330
2021-06-CENSUS-0000208059,GSA_MIGRATION,2021,2022-02-17,271525476
2021-06-CENSUS-0000208059,GSA_MIGRATION,2021,2022-02-17,273984627
2021-06-CENSUS-0000208059,GSA_MIGRATION,2021,2022-02-17,311508554
2021-06-CENSUS-0000208059,GSA_MIGRATION,2021,2022-02-17,453078333
2021-06-CENSUS-0000208059,GSA_MIGRATION,2021,2022-02-17,453078964
2021-06-CENSUS-0000208059,GSA_MIGRATION,2021,2022-02-17,454459342
2021-06-CENSUS-0000208059,GSA_MIGRATION,2021,2022-02-17,463013004
2021-06-CENSUS-0000208059,GSA_MIGRATION,2021,2022-02-17,821407195
2021-06-CENSUS-0000208059,GSA_MIGRATION,2021,2022-02-17,860968493
2021-06-CENSUS-0000208059,GSA_MIGRATION,2021,2022-02-17,942778981
2021-06-CENSUS-0000177867,GSA_MIGRATION,2021,2022-06-07,396006422
2021-06-CENSUS-0000177867,GSA_MIGRATION,2021,2022-06-07,391835272
2021-06-CENSUS-0000177867,GSA_MIGRATION,2021,2022-06-07,396006451
2021-06-CENSUS-0000177867,GSA_MIGRATION,2021,2022-06-07,396006468
2021-06-CENSUS-0000177867,GSA_MIGRATION,2021,2022-06-07,391089259
2021-06-CENSUS-0000177867,GSA_MIGRATION,2021,2022-06-07,391257323
2021-06-CENSUS-0000177867,GSA_MIGRATION,2021,2022-06-07,391155267
2021-06-CENSUS-0000177867,GSA_MIGRATION,2021,2022-06-07,396006447
2021-06-CENSUS-0000177867,GSA_MIGRATION,2021,2022-06-07,396006487
2021-06-CENSUS-0000177867,GSA_MIGRATION,2021,2022-06-07,391805963
2021-06-CENSUS-0000177867,GSA_MIGRATION,2021,2022-06-07,396006492
2021-06-CENSUS-0000177867,GSA_MIGRATION,2021,2022-06-07,139600649
2021-06-CENSUS-0000177867,GSA_MIGRATION,2021,2022-06-07,396006436
2021-06-CENSUS-0000177867,GSA_MIGRATION,2021,2022-06-07,391834745
2021-06-CENSUS-0000177867,GSA_MIGRATION,2021,2022-06-07,396006446
2021-06-CENSUS-0000177867,GSA_MIGRATION,2021,2022-06-07,391652221
2021-06-CENSUS-0000177867,GSA_MIGRATION,2021,2022-06-07,475334484
2021-06-CENSUS-0000177867,GSA_MIGRATION,2021,2022-06-07,264260611
2021-06-CENSUS-0000177867,GSA_MIGRATION,2021,2022-06-07,396006469
2021-06-CENSUS-0000177867,GSA_MIGRATION,2021,2022-06-07,262265832
2021-06-CENSUS-0000177867,GSA_MIGRATION,2021,2022-06-07,412261892
2021-06-CENSUS-0000177867,GSA_MIGRATION,2021,2022-06-07,396006449
2021-06-CENSUS-0000177867,GSA_MIGRATION,2021,2022-06-07,396006427
2021-06-CENSUS-0000177867,GSA_MIGRATION,2021,2022-06-07,396006460
2021-06-CENSUS-0000177867,GSA_MIGRATION,2021,2022-06-07,396006493
2021-06-CENSUS-0000177867,GSA_MIGRATION,2021,2022-06-07,391206337
2021-06-CENSUS-0000177867,GSA_MIGRATION,2021,2022-06-07,391103756
2021-06-CENSUS-0000177867,GSA_MIGRATION,2021,2022-06-07,396006443
2021-06-CENSUS-0000177867,GSA_MIGRATION,2021,2022-06-07,391271286
2021-06-CENSUS-0000177867,GSA_MIGRATION,2021,2022-06-07,396006491
2021-06-CENSUS-0000177867,GSA_MIGRATION,2021,2022-06-07,396006476
2021-06-CENSUS-0000177867,GSA_MIGRATION,2021,2022-06-07,396006489
2021-06-CENSUS-0000027372,GSA_MIGRATION,2021,2022-09-28,231352160
2021-06-CENSUS-0000027372,GSA_MIGRATION,2021,2022-09-28,231529076
2021-06-CENSUS-0000027372,GSA_MIGRATION,2021,2022-09-28,232175659
2021-06-CENSUS-0000027372,GSA_MIGRATION,2021,2022-09-28,222606545
2021-12-CENSUS-0000254549,GSA_MIGRATION,2021,2022-09-18,591958932
2021-12-CENSUS-0000255795,GSA_MIGRATION,2021,2022-11-01,951644629
2021-12-CENSUS-0000255795,GSA_MIGRATION,2021,2022-11-01,952413596
2021-09-CENSUS-0000136093,GSA_MIGRATION,2021,2022-10-25,591722611
2021-09-CENSUS-0000136093,GSA_MIGRATION,2021,2022-10-25,596002348
2021-06-CENSUS-0000171371,GSA_MIGRATION,2021,2022-01-06,626000529
2021-06-CENSUS-0000254562,GSA_MIGRATION,2021,2022-09-20,942930643
2021-06-CENSUS-0000254562,GSA_MIGRATION,2021,2022-09-20,943167466
2021-06-CENSUS-0000254562,GSA_MIGRATION,2021,2022-09-20,930919267
2021-06-CENSUS-0000254562,GSA_MIGRATION,2021,2022-09-20,300564526
2021-12-CENSUS-0000043333,GSA_MIGRATION,2021,2022-07-06,341166865
2021-12-CENSUS-0000148736,GSA_MIGRATION,2021,2022-07-07,381816569
2021-12-CENSUS-0000219579,GSA_MIGRATION,2021,2022-07-21,620528340
2021-12-CENSUS-0000219579,GSA_MIGRATION,2021,2022-07-21,581897274
2021-12-CENSUS-0000219579,GSA_MIGRATION,2021,2022-07-21,621114867
2021-12-CENSUS-0000219579,GSA_MIGRATION,2021,2022-07-21,620636239
2021-12-CENSUS-0000219579,GSA_MIGRATION,2021,2022-07-21,680673354
2021-12-CENSUS-0000219579,GSA_MIGRATION,2021,2022-07-21,464420358
2021-12-CENSUS-0000219579,GSA_MIGRATION,2021,2022-07-21,621373691
2021-12-CENSUS-0000219579,GSA_MIGRATION,2021,2022-07-21,620545814
2021-12-CENSUS-0000219579,GSA_MIGRATION,2021,2022-07-21,620790132
2021-12-CENSUS-0000219579,GSA_MIGRATION,2021,2022-07-21,043760551
2021-12-CENSUS-0000219579,GSA_MIGRATION,2021,2022-07-21,271528941
2021-12-CENSUS-0000219579,GSA_MIGRATION,2021,2022-07-21,621018541
2021-12-CENSUS-0000219579,GSA_MIGRATION,2021,2022-07-21,621282917
2021-12-CENSUS-0000219579,GSA_MIGRATION,2021,2022-07-21,621619239
2021-12-CENSUS-0000219579,GSA_MIGRATION,2021,2022-07-21,621623114
2021-06-CENSUS-0000255009,GSA_MIGRATION,2021,2022-09-27,250965274
2021-06-CENSUS-0000255009,GSA_MIGRATION,2021,2022-09-27,251441961
2021-06-CENSUS-0000255009,GSA_MIGRATION,2021,2022-09-27,251351445
2021-06-CENSUS-0000255009,GSA_MIGRATION,2021,2022-09-27,264746949
2021-06-CENSUS-0000255009,GSA_MIGRATION,2021,2022-09-27,264263364
2021-06-CENSUS-0000255009,GSA_MIGRATION,2021,2022-09-27,251010039
2021-06-CENSUS-0000255009,GSA_MIGRATION,2021,2022-09-27,753126134
2021-06-CENSUS-0000255009,GSA_MIGRATION,2021,2022-09-27,813115773
2021-06-CENSUS-0000255009,GSA_MIGRATION,2021,2022-09-27,271961562
2021-06-CENSUS-0000255009,GSA_MIGRATION,2021,2022-09-27,061728190
2021-09-CENSUS-0000229594,GSA_MIGRATION,2021,2022-06-20,473100005
2021-06-CENSUS-0000184411,GSA_MIGRATION,2021,2022-06-20,710576888
2021-06-CENSUS-0000184411,GSA_MIGRATION,2021,2022-06-20,710545489
2021-06-CENSUS-0000184411,GSA_MIGRATION,2021,2022-06-20,710648594
2021-06-CENSUS-0000184411,GSA_MIGRATION,2021,2022-06-20,716520348
2021-06-CENSUS-0000184411,GSA_MIGRATION,2021,2022-06-20,311535691
2021-06-CENSUS-0000184411,GSA_MIGRATION,2021,2022-06-20,710823653
2021-06-CENSUS-0000184411,GSA_MIGRATION,2021,2022-06-20,710852843
2021-06-CENSUS-0000184411,GSA_MIGRATION,2021,2022-06-20,710883168
2021-06-CENSUS-0000184411,GSA_MIGRATION,2021,2022-06-20,205006141
2021-12-CENSUS-0000222139,GSA_MIGRATION,2021,2022-06-16,270836646
2021-12-CENSUS-0000222139,GSA_MIGRATION,2021,2022-06-16,464378899
2021-06-CENSUS-0000171388,GSA_MIGRATION,2021,2022-03-06,626000621
2021-06-CENSUS-0000171433,GSA_MIGRATION,2021,2022-03-06,626000823
2021-06-CENSUS-0000171433,GSA_MIGRATION,2021,2022-03-06,626601706
2021-06-CENSUS-0000171387,GSA_MIGRATION,2021,2022-03-15,626000615
2021-06-CENSUS-0000171387,GSA_MIGRATION,2021,2022-03-15,626000616
2021-06-CENSUS-0000171403,GSA_MIGRATION,2021,2022-03-20,626000685
2021-06-CENSUS-0000171403,GSA_MIGRATION,2021,2022-03-20,620802375
2021-06-CENSUS-0000171403,GSA_MIGRATION,2021,2022-03-20,626000602
2021-06-CENSUS-0000176064,GSA_MIGRATION,2021,2022-02-02,546001307
2021-06-CENSUS-0000176064,GSA_MIGRATION,2021,2022-02-02,546001303
2021-12-CENSUS-0000247480,GSA_MIGRATION,2021,2022-09-29,251517533
2021-12-CENSUS-0000247480,GSA_MIGRATION,2021,2022-09-29,452178782
2021-12-CENSUS-0000247480,GSA_MIGRATION,2021,2022-09-29,240802108
2021-12-CENSUS-0000247480,GSA_MIGRATION,2021,2022-09-29,251581304
2021-12-CENSUS-0000247480,GSA_MIGRATION,2021,2022-09-29,250402510
2021-12-CENSUS-0000247480,GSA_MIGRATION,2021,2022-09-29,251799823
2021-12-CENSUS-0000247480,GSA_MIGRATION,2021,2022-09-29,240799343
2021-12-CENSUS-0000247480,GSA_MIGRATION,2021,2022-09-29,251188570
2021-12-CENSUS-0000247480,GSA_MIGRATION,2021,2022-09-29,250965420
2021-12-CENSUS-0000247480,GSA_MIGRATION,2021,2022-09-29,251202461
2021-12-CENSUS-0000247480,GSA_MIGRATION,2021,2022-09-29,222691718
2021-12-CENSUS-0000247480,GSA_MIGRATION,2021,2022-09-29,251317492
2021-12-CENSUS-0000247480,GSA_MIGRATION,2021,2022-09-29,250965570
2021-12-CENSUS-0000247480,GSA_MIGRATION,2021,2022-09-29,232910318
2021-12-CENSUS-0000247480,GSA_MIGRATION,2021,2022-09-29,232919472
2021-12-CENSUS-0000247480,GSA_MIGRATION,2021,2022-09-29,231352155
2021-12-CENSUS-0000247480,GSA_MIGRATION,2021,2022-09-29,231396795
2021-12-CENSUS-0000247480,GSA_MIGRATION,2021,2022-09-29,160743226
2021-12-CENSUS-0000247480,GSA_MIGRATION,2021,2022-09-29,274814831
2021-12-CENSUS-0000247480,GSA_MIGRATION,2021,2022-09-29,250965387
2021-12-CENSUS-0000247480,GSA_MIGRATION,2021,2022-09-29,232813536
2021-12-CENSUS-0000247480,GSA_MIGRATION,2021,2022-09-29,250965406
2021-12-CENSUS-0000247480,GSA_MIGRATION,2021,2022-09-29,250998168
2021-12-CENSUS-0000247480,GSA_MIGRATION,2021,2022-09-29,821600494
2021-12-CENSUS-0000247480,GSA_MIGRATION,2021,2022-09-29,250965423
2021-12-CENSUS-0000247480,GSA_MIGRATION,2021,2022-09-29,250965429
2021-12-CENSUS-0000247480,GSA_MIGRATION,2021,2022-09-29,240806023
2021-12-CENSUS-0000247480,GSA_MIGRATION,2021,2022-09-29,250965451
2021-12-CENSUS-0000247480,GSA_MIGRATION,2021,2022-09-29,251778658
2021-12-CENSUS-0000247480,GSA_MIGRATION,2021,2022-09-29,251778644
2021-12-CENSUS-0000247480,GSA_MIGRATION,2021,2022-09-29,250965480
2021-12-CENSUS-0000247480,GSA_MIGRATION,2021,2022-09-29,232875070
2021-12-CENSUS-0000247480,GSA_MIGRATION,2021,2022-09-29,232751183
2021-12-CENSUS-0000247480,GSA_MIGRATION,2021,2022-09-29,232176963
2021-12-CENSUS-0000247480,GSA_MIGRATION,2021,2022-09-29,240795508
2021-12-CENSUS-0000247480,GSA_MIGRATION,2021,2022-09-29,830857507
2021-06-CENSUS-0000255566,GSA_MIGRATION,2021,2022-10-04,461699021
2021-09-CENSUS-0000192969,GSA_MIGRATION,2021,2022-06-05,596000710
2021-09-CENSUS-0000192969,GSA_MIGRATION,2021,2022-06-05,596000712
2021-08-CENSUS-0000239979,GSA_MIGRATION,2021,2022-05-25,610654587
2021-08-CENSUS-0000239979,GSA_MIGRATION,2021,2022-05-25,611480774
2021-08-CENSUS-0000239979,GSA_MIGRATION,2021,2022-05-25,610461940
2021-08-CENSUS-0000239979,GSA_MIGRATION,2021,2022-05-25,473033550
2021-06-CENSUS-0000094212,GSA_MIGRATION,2021,2022-03-28,561844262
2021-06-CENSUS-0000066304,GSA_MIGRATION,2021,2022-01-03,431008405
2021-06-CENSUS-0000066304,GSA_MIGRATION,2021,2022-01-03,300255522
2021-06-CENSUS-0000066304,GSA_MIGRATION,2021,2022-01-03,300255520
2021-06-CENSUS-0000066304,GSA_MIGRATION,2021,2022-01-03,204942869
2021-12-CENSUS-0000058693,GSA_MIGRATION,2021,2022-06-22,770671639
2021-06-CENSUS-0000093030,GSA_MIGRATION,2021,2022-01-06,823412210
2021-06-CENSUS-0000005872,GSA_MIGRATION,2021,2022-01-19,222566612
2021-06-CENSUS-0000171448,GSA_MIGRATION,2021,2022-02-13,620630275
2021-06-CENSUS-0000171448,GSA_MIGRATION,2021,2022-02-13,626008903
2021-06-CENSUS-0000176078,GSA_MIGRATION,2021,2022-01-10,546001372
2021-06-CENSUS-0000176078,GSA_MIGRATION,2021,2022-01-10,546001370
2021-12-CENSUS-0000252622,GSA_MIGRATION,2021,2022-09-29,593414055
2021-12-CENSUS-0000252622,GSA_MIGRATION,2021,2022-09-29,472219363
2021-12-CENSUS-0000252622,GSA_MIGRATION,2021,2022-09-29,591113901
2021-12-CENSUS-0000252622,GSA_MIGRATION,2021,2022-09-29,844261523
2021-12-CENSUS-0000252622,GSA_MIGRATION,2021,2022-09-29,593686109
2021-12-CENSUS-0000252622,GSA_MIGRATION,2021,2022-09-29,472752220
2021-12-CENSUS-0000252622,GSA_MIGRATION,2021,2022-09-29,812513648
2021-12-CENSUS-0000252622,GSA_MIGRATION,2021,2022-09-29,452228478
2021-12-CENSUS-0000252622,GSA_MIGRATION,2021,2022-09-29,621587564
2021-12-CENSUS-0000252622,GSA_MIGRATION,2021,2022-09-29,205774930
2021-12-CENSUS-0000252622,GSA_MIGRATION,2021,2022-09-29,205774967
2021-12-CENSUS-0000252622,GSA_MIGRATION,2021,2022-09-29,330387407
2021-12-CENSUS-0000252622,GSA_MIGRATION,2021,2022-09-29,581123037
2021-09-CENSUS-0000255500,GSA_MIGRATION,2021,2022-09-29,314413259
2021-09-CENSUS-0000255500,GSA_MIGRATION,2021,2022-09-29,311375125
2021-09-CENSUS-0000255500,GSA_MIGRATION,2021,2022-09-29,550764471
2021-09-CENSUS-0000255500,GSA_MIGRATION,2021,2022-09-29,556000252
2021-12-CENSUS-0000255493,GSA_MIGRATION,2021,2022-09-29,271618929
2021-12-CENSUS-0000255493,GSA_MIGRATION,2021,2022-09-29,820497771
2021-12-CENSUS-0000255493,GSA_MIGRATION,2021,2022-09-29,820226453
2021-12-CENSUS-0000255495,GSA_MIGRATION,2021,2022-09-29,271768528
2021-12-CENSUS-0000255495,GSA_MIGRATION,2021,2022-09-29,610891274
2021-12-CENSUS-0000255495,GSA_MIGRATION,2021,2022-09-29,271768405
2021-12-CENSUS-0000255543,GSA_MIGRATION,2021,2022-09-29,311425530
2021-12-CENSUS-0000255501,GSA_MIGRATION,2021,2022-09-29,161464822
2021-12-CENSUS-0000255501,GSA_MIGRATION,2021,2022-09-29,203827393
2021-12-CENSUS-0000246449,GSA_MIGRATION,2021,2022-09-29,273956658
2021-12-CENSUS-0000246449,GSA_MIGRATION,2021,2022-09-29,300502262
2021-12-CENSUS-0000246449,GSA_MIGRATION,2021,2022-09-29,300502310
2022-06-CENSUS-0000190358,YLBAJJ64MGQ6,2022,2022-12-14,626000681
2022-06-CENSUS-0000190358,YLBAJJ64MGQ6,2022,2022-12-14,626000679
2022-04-CENSUS-0000255690,TBZGU3FJLHC3,2022,2022-10-19,251923175
2022-06-CENSUS-0000025395,G7MQPLSUX1L4,2022,2022-12-19,233036699
2022-06-CENSUS-0000025395,G7MQPLSUX1L4,2022,2022-12-19,222785804
2022-06-CENSUS-0000025395,G7MQPLSUX1L4,2022,2022-12-19,232589322
2022-06-CENSUS-0000025395,G7MQPLSUX1L4,2022,2022-12-19,232592835
2022-06-CENSUS-0000025395,G7MQPLSUX1L4,2022,2022-12-19,232665855
2022-06-CENSUS-0000025395,G7MQPLSUX1L4,2022,2022-12-19,223405673
2022-06-CENSUS-0000025395,G7MQPLSUX1L4,2022,2022-12-19,811626790
2022-03-CENSUS-0000256373,C691JDUN99Y7,2022,2022-12-18,382643391
2022-05-CENSUS-0000080772,GDR4WSLPSMG5,2022,2022-10-12,310962004
2022-05-CENSUS-0000080772,GDR4WSLPSMG5,2022,2022-10-12,510156065
2022-05-CENSUS-0000080772,GDR4WSLPSMG5,2022,2022-10-12,510175364
2022-05-CENSUS-0000080772,GDR4WSLPSMG5,2022,2022-10-12,510146615
2022-05-CENSUS-0000080772,GDR4WSLPSMG5,2022,2022-10-12,571142879
2022-05-CENSUS-0000080772,GDR4WSLPSMG5,2022,2022-10-12,310961926
2021-09-CENSUS-0000007693,GSA_MIGRATION,2021,2022-04-17,061628001
2021-06-CENSUS-0000252071,GSA_MIGRATION,2021,2022-01-19,611832141
2021-09-CENSUS-0000136104,GSA_MIGRATION,2021,2022-04-25,596000672
2021-09-CENSUS-0000136104,GSA_MIGRATION,2021,2022-04-25,596000670
2021-06-CENSUS-0000171396,GSA_MIGRATION,2021,2022-02-24,656000656
2021-06-CENSUS-0000171396,GSA_MIGRATION,2021,2022-02-24,656000659
2021-09-CENSUS-0000253014,GSA_MIGRATION,2021,2022-04-20,942856701
2021-09-CENSUS-0000253014,GSA_MIGRATION,2021,2022-04-20,452667492
2021-09-CENSUS-0000253014,GSA_MIGRATION,2021,2022-04-20,811276718
2021-09-CENSUS-0000253014,GSA_MIGRATION,2021,2022-04-20,812673133
2021-06-CENSUS-0000176269,GSA_MIGRATION,2021,2022-01-06,540885804
2021-06-CENSUS-0000003065,GSA_MIGRATION,2021,2022-01-10,110128072
2021-06-CENSUS-0000003065,GSA_MIGRATION,2021,2022-01-10,222606679
2021-06-CENSUS-0000003065,GSA_MIGRATION,2021,2022-01-10,223091017
2021-06-CENSUS-0000003065,GSA_MIGRATION,2021,2022-01-10,311660731
2021-06-CENSUS-0000003065,GSA_MIGRATION,2021,2022-01-10,223176099
2021-06-CENSUS-0000003065,GSA_MIGRATION,2021,2022-01-10,223204728
2021-06-CENSUS-0000003065,GSA_MIGRATION,2021,2022-01-10,223409403
2021-06-CENSUS-0000003065,GSA_MIGRATION,2021,2022-01-10,311699625
2021-06-CENSUS-0000171437,GSA_MIGRATION,2021,2022-03-21,626000848
2021-06-CENSUS-0000171437,GSA_MIGRATION,2021,2022-03-21,626000850
2021-06-CENSUS-0000227720,GSA_MIGRATION,2021,2022-07-27,686002764
2021-06-CENSUS-0000048517,GSA_MIGRATION,2021,2022-01-06,770691998
2021-12-CENSUS-0000249970,GSA_MIGRATION,2021,2022-09-29,112626155
2021-12-CENSUS-0000249970,GSA_MIGRATION,2021,2022-09-29,111631759
2021-12-CENSUS-0000249970,GSA_MIGRATION,2021,2022-09-29,111631746
2021-12-CENSUS-0000249970,GSA_MIGRATION,2021,2022-09-29,112164674
2021-06-CENSUS-0000171380,GSA_MIGRATION,2021,2022-02-07,626000574
2021-06-CENSUS-0000171380,GSA_MIGRATION,2021,2022-02-07,626000577
2021-12-CENSUS-0000069276,GSA_MIGRATION,2021,2022-08-22,470376604
2021-12-CENSUS-0000069276,GSA_MIGRATION,2021,2022-08-22,470687317
2021-12-CENSUS-0000069276,GSA_MIGRATION,2021,2022-08-22,420680355
2021-12-CENSUS-0000069276,GSA_MIGRATION,2021,2022-08-22,470724387
2021-12-CENSUS-0000069276,GSA_MIGRATION,2021,2022-08-22,831362276
2021-12-CENSUS-0000071813,GSA_MIGRATION,2021,2022-07-18,275284861
2021-12-CENSUS-0000253607,GSA_MIGRATION,2021,2022-06-23,542122546
2021-12-CENSUS-0000253607,GSA_MIGRATION,2021,2022-06-23,651309935
2021-12-CENSUS-0000101267,GSA_MIGRATION,2021,2022-09-08,870721923
2021-12-CENSUS-0000101267,GSA_MIGRATION,2021,2022-09-08,741287015
2021-12-CENSUS-0000079097,GSA_MIGRATION,2021,2022-09-28,161750985
2021-12-CENSUS-0000079097,GSA_MIGRATION,2021,2022-09-28,223484087
2021-12-CENSUS-0000079097,GSA_MIGRATION,2021,2022-09-28,331084573
2021-12-CENSUS-0000079097,GSA_MIGRATION,2021,2022-09-28,455039871
2021-12-CENSUS-0000079097,GSA_MIGRATION,2021,2022-09-28,824248123
2021-12-CENSUS-0000079097,GSA_MIGRATION,2021,2022-09-28,223494087
2021-12-CENSUS-0000039658,GSA_MIGRATION,2021,2022-09-29,310860366
2021-12-CENSUS-0000228052,GSA_MIGRATION,2021,2022-07-10,043271288
2021-12-CENSUS-0000228052,GSA_MIGRATION,2021,2022-07-10,272886194
2021-12-CENSUS-0000037920,GSA_MIGRATION,2021,2022-09-08,310983874
2021-10-CENSUS-0000254072,GSA_MIGRATION,2021,2022-07-27,412157300
2021-12-CENSUS-0000043824,GSA_MIGRATION,2021,2022-08-24,861704362
2021-12-CENSUS-0000197000,GSA_MIGRATION,2021,2022-09-29,800548096
2021-12-CENSUS-0000237221,GSA_MIGRATION,2021,2022-09-29,112925535
2021-12-CENSUS-0000254265,GSA_MIGRATION,2021,2022-08-22,310933339
2021-12-CENSUS-0000254265,GSA_MIGRATION,2021,2022-08-22,311370625
2021-12-CENSUS-0000254265,GSA_MIGRATION,2021,2022-08-22,311059756
2021-12-CENSUS-0000254265,GSA_MIGRATION,2021,2022-08-22,311031277
2021-12-CENSUS-0000254265,GSA_MIGRATION,2021,2022-08-22,311243376
2021-12-CENSUS-0000254265,GSA_MIGRATION,2021,2022-08-22,341352875
2021-12-CENSUS-0000255368,GSA_MIGRATION,2021,2022-09-29,510204853
2021-12-CENSUS-0000255368,GSA_MIGRATION,2021,2022-09-29,510229824
2021-12-CENSUS-0000254428,GSA_MIGRATION,2021,2022-09-08,383431154
2021-09-CENSUS-0000111698,GSA_MIGRATION,2021,2022-09-19,872648855
2021-09-CENSUS-0000230423,GSA_MIGRATION,2021,2022-06-22,050242659
2021-09-CENSUS-0000230423,GSA_MIGRATION,2021,2022-06-22,050258812
2021-09-CENSUS-0000230423,GSA_MIGRATION,2021,2022-06-22,050258896
2021-09-CENSUS-0000230423,GSA_MIGRATION,2021,2022-06-22,050258937
2021-09-CENSUS-0000230423,GSA_MIGRATION,2021,2022-06-22,050259004
2021-09-CENSUS-0000230423,GSA_MIGRATION,2021,2022-06-22,050316969
2021-09-CENSUS-0000230423,GSA_MIGRATION,2021,2022-06-22,050384362
2021-09-CENSUS-0000230423,GSA_MIGRATION,2021,2022-06-22,050427007
2021-09-CENSUS-0000230423,GSA_MIGRATION,2021,2022-06-22,050509674
2021-09-CENSUS-0000230423,GSA_MIGRATION,2021,2022-06-22,050520857
2021-09-CENSUS-0000230423,GSA_MIGRATION,2021,2022-06-22,222812929
2021-09-CENSUS-0000250713,GSA_MIGRATION,2021,2022-06-15,860096791
2021-09-CENSUS-0000250713,GSA_MIGRATION,2021,2022-06-15,880148782
2021-09-CENSUS-0000202836,GSA_MIGRATION,2021,2022-06-15,755950009
2021-09-CENSUS-0000253848,GSA_MIGRATION,2021,2022-06-29,721474229
2021-09-CENSUS-0000253848,GSA_MIGRATION,2021,2022-06-29,471054087
2021-09-CENSUS-0000253848,GSA_MIGRATION,2021,2022-06-29,813750707
2021-12-CENSUS-0000253923,GSA_MIGRATION,2021,2022-07-10,833941908
2021-06-CENSUS-0000054157,GSA_MIGRATION,2021,2022-07-12,370986220
2021-09-CENSUS-0000181662,GSA_MIGRATION,2021,2022-06-29,741665318
2021-09-CENSUS-0000181662,GSA_MIGRATION,2021,2022-06-29,741818451
2021-06-CENSUS-0000254307,GSA_MIGRATION,2021,2022-08-28,421307141
2021-06-CENSUS-0000254307,GSA_MIGRATION,2021,2022-08-28,421081055
2021-12-CENSUS-0000254581,GSA_MIGRATION,2021,2022-09-19,470486026
2021-12-CENSUS-0000254581,GSA_MIGRATION,2021,2022-09-19,390806395
2021-12-CENSUS-0000254581,GSA_MIGRATION,2021,2022-09-19,814879204
2021-12-CENSUS-0000254581,GSA_MIGRATION,2021,2022-09-19,391029149
2021-06-CENSUS-0000135818,GSA_MIGRATION,2021,2022-01-24,066001602
2021-09-CENSUS-0000253822,GSA_MIGRATION,2021,2022-06-29,591945163
2021-09-CENSUS-0000253822,GSA_MIGRATION,2021,2022-06-29,591284678
2021-09-CENSUS-0000253822,GSA_MIGRATION,2021,2022-06-29,650062205
2021-09-CENSUS-0000253822,GSA_MIGRATION,2021,2022-06-29,592850676
2021-09-CENSUS-0000253822,GSA_MIGRATION,2021,2022-06-29,650032474
2021-06-CENSUS-0000176057,GSA_MIGRATION,2021,2022-01-11,546001265
2021-06-CENSUS-0000176057,GSA_MIGRATION,2021,2022-01-11,546001263
2021-06-CENSUS-0000176065,GSA_MIGRATION,2021,2022-01-10,546001313
2021-12-CENSUS-0000254248,GSA_MIGRATION,2021,2022-09-29,050318003
2021-12-CENSUS-0000254248,GSA_MIGRATION,2021,2022-09-29,050500899
2021-12-CENSUS-0000254248,GSA_MIGRATION,2021,2022-09-29,452047960
2021-12-CENSUS-0000254248,GSA_MIGRATION,2021,2022-09-29,270097439
2021-12-CENSUS-0000241630,GSA_MIGRATION,2021,2022-09-29,131740130
2021-12-CENSUS-0000241630,GSA_MIGRATION,2021,2022-09-29,131740114
2021-12-CENSUS-0000241630,GSA_MIGRATION,2021,2022-09-29,131739937
2021-12-CENSUS-0000241630,GSA_MIGRATION,2021,2022-09-29,133877781
2021-12-CENSUS-0000241630,GSA_MIGRATION,2021,2022-09-29,462931956
2021-12-CENSUS-0000241630,GSA_MIGRATION,2021,2022-09-29,462916938
2021-12-CENSUS-0000241630,GSA_MIGRATION,2021,2022-09-29,131740119
2021-12-CENSUS-0000241630,GSA_MIGRATION,2021,2022-09-29,141340054
2021-12-CENSUS-0000198973,GSA_MIGRATION,2021,2022-09-29,264709927
2021-06-CENSUS-0000227980,GSA_MIGRATION,2021,2022-09-28,730953715
2021-12-CENSUS-0000255077,GSA_MIGRATION,2021,2022-09-28,237150957
2021-08-CENSUS-0000068175,GSA_MIGRATION,2021,2022-01-31,952988463
2021-06-CENSUS-0000255538,GSA_MIGRATION,2021,2022-09-29,730757546
2021-06-CENSUS-0000003064,GSA_MIGRATION,2021,2022-01-10,042103596
2021-06-CENSUS-0000238316,GSA_MIGRATION,2021,2022-10-19,412002771
2021-06-CENSUS-0000238316,GSA_MIGRATION,2021,2022-10-19,412002769
2021-06-CENSUS-0000238316,GSA_MIGRATION,2021,2022-10-19,450404412
2021-06-CENSUS-0000238316,GSA_MIGRATION,2021,2022-10-19,450278212
2021-06-CENSUS-0000238316,GSA_MIGRATION,2021,2022-10-19,450260565
2021-06-CENSUS-0000243619,GSA_MIGRATION,2021,2022-12-12,841401179
2021-12-CENSUS-0000185397,GSA_MIGRATION,2021,2022-09-28,391759242
2021-12-CENSUS-0000185397,GSA_MIGRATION,2021,2022-09-28,371623033
2021-12-CENSUS-0000185397,GSA_MIGRATION,2021,2022-09-28,475162437
2021-09-CENSUS-0000173195,GSA_MIGRATION,2021,2022-05-31,752809799
2021-09-CENSUS-0000173195,GSA_MIGRATION,2021,2022-05-31,752809795
2021-12-CENSUS-0000252448,GSA_MIGRATION,2021,2022-09-26,582078244
2021-09-CENSUS-0000253853,GSA_MIGRATION,2021,2022-06-29,263082073
2021-09-CENSUS-0000253760,GSA_MIGRATION,2021,2022-07-10,204560540
2021-12-CENSUS-0000078689,GSA_MIGRATION,2021,2022-09-29,203639329
2021-12-CENSUS-0000078689,GSA_MIGRATION,2021,2022-09-29,204712023
2021-12-CENSUS-0000078689,GSA_MIGRATION,2021,2022-09-29,471052716
2021-12-CENSUS-0000078689,GSA_MIGRATION,2021,2022-09-29,540555201
2021-12-CENSUS-0000078689,GSA_MIGRATION,2021,2022-09-29,540566100
2021-12-CENSUS-0000253133,GSA_MIGRATION,2021,2022-05-02,362170882
2021-12-CENSUS-0000253133,GSA_MIGRATION,2021,2022-05-02,362167819
2021-12-CENSUS-0000058739,GSA_MIGRATION,2021,2022-05-30,364455490
2021-12-CENSUS-0000243624,GSA_MIGRATION,2021,2022-05-08,204590755
2021-12-CENSUS-0000243624,GSA_MIGRATION,2021,2022-05-08,411733879
2021-12-CENSUS-0000243624,GSA_MIGRATION,2021,2022-05-08,411810289
2021-06-CENSUS-0000171429,GSA_MIGRATION,2021,2022-03-06,626000797
2021-06-CENSUS-0000171429,GSA_MIGRATION,2021,2022-03-06,626000799
2021-06-CENSUS-0000030453,GSA_MIGRATION,2021,2022-01-09,903272589
2021-06-CENSUS-0000030453,GSA_MIGRATION,2021,2022-01-09,900609374
2021-06-CENSUS-0000030453,GSA_MIGRATION,2021,2022-01-09,043272590
2021-12-CENSUS-0000254984,GSA_MIGRATION,2021,2022-09-29,320506896
2021-12-CENSUS-0000254984,GSA_MIGRATION,2021,2022-09-29,340714583
2021-12-CENSUS-0000254984,GSA_MIGRATION,2021,2022-09-29,205252882
2021-12-CENSUS-0000254984,GSA_MIGRATION,2021,2022-09-29,741393060
2021-12-CENSUS-0000254984,GSA_MIGRATION,2021,2022-09-29,461175423
2021-12-CENSUS-0000254984,GSA_MIGRATION,2021,2022-09-29,205253134
2021-12-CENSUS-0000254984,GSA_MIGRATION,2021,2022-09-29,202898771
2021-12-CENSUS-0000254984,GSA_MIGRATION,2021,2022-09-29,742206635
2021-12-CENSUS-0000254984,GSA_MIGRATION,2021,2022-09-29,455125687
2021-12-CENSUS-0000254984,GSA_MIGRATION,2021,2022-09-29,202546649
2021-12-CENSUS-0000254984,GSA_MIGRATION,2021,2022-09-29,262128507
2021-12-CENSUS-0000254984,GSA_MIGRATION,2021,2022-09-29,300885567
2021-12-CENSUS-0000254984,GSA_MIGRATION,2021,2022-09-29,472819044
2021-08-CENSUS-0000252984,GSA_MIGRATION,2021,2022-04-14,911704263
2021-06-CENSUS-0000171416,GSA_MIGRATION,2021,2022-01-02,626000736
2021-12-CENSUS-0000217041,GSA_MIGRATION,2021,2022-03-24,260215059
2021-06-CENSUS-0000255281,GSA_MIGRATION,2021,2022-09-28,251010303
2021-06-CENSUS-0000255281,GSA_MIGRATION,2021,2022-09-28,251876056
2021-06-CENSUS-0000255281,GSA_MIGRATION,2021,2022-09-28,251691194
2021-06-CENSUS-0000255281,GSA_MIGRATION,2021,2022-09-28,710875076
2021-06-CENSUS-0000251546,GSA_MIGRATION,2021,2022-12-21,521169362
2021-06-CENSUS-0000251546,GSA_MIGRATION,2021,2022-12-21,521722088
2021-06-CENSUS-0000251546,GSA_MIGRATION,2021,2022-12-21,833856917
2021-06-CENSUS-0000251546,GSA_MIGRATION,2021,2022-12-21,521331298
2021-06-CENSUS-0000251546,GSA_MIGRATION,2021,2022-12-21,871458728
2021-06-CENSUS-0000251546,GSA_MIGRATION,2021,2022-12-21,270263214
2021-06-CENSUS-0000251546,GSA_MIGRATION,2021,2022-12-21,201838374
2021-06-CENSUS-0000251546,GSA_MIGRATION,2021,2022-12-21,264046246
2021-06-CENSUS-0000251546,GSA_MIGRATION,2021,2022-12-21,611756240
2021-06-CENSUS-0000251546,GSA_MIGRATION,2021,2022-12-21,202290229
2021-06-CENSUS-0000251546,GSA_MIGRATION,2021,2022-12-21,208889327
2021-06-CENSUS-0000251546,GSA_MIGRATION,2021,2022-12-21,260623450
2021-06-CENSUS-0000251546,GSA_MIGRATION,2021,2022-12-21,262728283
2021-06-CENSUS-0000251546,GSA_MIGRATION,2021,2022-12-21,263038406
2021-06-CENSUS-0000251546,GSA_MIGRATION,2021,2022-12-21,263525250
2021-06-CENSUS-0000251546,GSA_MIGRATION,2021,2022-12-21,263525796
2021-06-CENSUS-0000251546,GSA_MIGRATION,2021,2022-12-21,270417565
2021-06-CENSUS-0000251546,GSA_MIGRATION,2021,2022-12-21,272049767
2021-06-CENSUS-0000251546,GSA_MIGRATION,2021,2022-12-21,364760974
2021-06-CENSUS-0000251546,GSA_MIGRATION,2021,2022-12-21,473027011
2021-06-CENSUS-0000251546,GSA_MIGRATION,2021,2022-12-21,473176502
2021-06-CENSUS-0000251546,GSA_MIGRATION,2021,2022-12-21,474386084
2021-06-CENSUS-0000251546,GSA_MIGRATION,2021,2022-12-21,521467734
2021-06-CENSUS-0000251546,GSA_MIGRATION,2021,2022-12-21,521622251
2021-06-CENSUS-0000251546,GSA_MIGRATION,2021,2022-12-21,521638026
2021-06-CENSUS-0000251546,GSA_MIGRATION,2021,2022-12-21,521646304
2021-06-CENSUS-0000251546,GSA_MIGRATION,2021,2022-12-21,521712338
2021-06-CENSUS-0000251546,GSA_MIGRATION,2021,2022-12-21,521884380
2021-06-CENSUS-0000251546,GSA_MIGRATION,2021,2022-12-21,521890034
2021-06-CENSUS-0000251546,GSA_MIGRATION,2021,2022-12-21,522020156
2021-06-CENSUS-0000251546,GSA_MIGRATION,2021,2022-12-21,522020157
2021-06-CENSUS-0000251546,GSA_MIGRATION,2021,2022-12-21,611930552
2021-06-CENSUS-0000251546,GSA_MIGRATION,2021,2022-12-21,800833786
2021-06-CENSUS-0000251546,GSA_MIGRATION,2021,2022-12-21,811095800
2021-06-CENSUS-0000251546,GSA_MIGRATION,2021,2022-12-21,820721010
2021-06-CENSUS-0000251546,GSA_MIGRATION,2021,2022-12-21,871489240
2021-06-CENSUS-0000251546,GSA_MIGRATION,2021,2022-12-21,900983677
2021-06-CENSUS-0000251546,GSA_MIGRATION,2021,2022-12-21,980461499
2021-06-CENSUS-0000176118,GSA_MIGRATION,2021,2022-01-09,546001640
2021-06-CENSUS-0000176118,GSA_MIGRATION,2021,2022-01-09,546001637
2021-06-CENSUS-0000255593,GSA_MIGRATION,2021,2022-10-10,205572480
2021-06-CENSUS-0000255593,GSA_MIGRATION,2021,2022-10-10,270919068
2021-12-CENSUS-0000254799,GSA_MIGRATION,2021,2022-09-26,521368410
2021-12-CENSUS-0000254799,GSA_MIGRATION,2021,2022-09-26,521368408
2021-12-CENSUS-0000254799,GSA_MIGRATION,2021,2022-09-26,521368412
2021-09-CENSUS-0000136115,GSA_MIGRATION,2021,2022-03-31,596000731
2021-09-CENSUS-0000136115,GSA_MIGRATION,2021,2022-03-31,596000729
2021-09-CENSUS-0000136115,GSA_MIGRATION,2021,2022-03-31,300483077
2021-06-CENSUS-0000176077,GSA_MIGRATION,2021,2022-01-10,546001373
2021-06-CENSUS-0000176077,GSA_MIGRATION,2021,2022-01-10,546001375
2021-06-CENSUS-0000254318,GSA_MIGRATION,2021,2022-08-30,470808340
2021-06-CENSUS-0000068953,GSA_MIGRATION,2021,2022-02-04,460373007
2021-06-CENSUS-0000068953,GSA_MIGRATION,2021,2022-02-04,363297912
2021-06-CENSUS-0000068953,GSA_MIGRATION,2021,2022-02-04,363528934
2021-12-CENSUS-0000236354,GSA_MIGRATION,2021,2022-07-09,210379173
2021-12-CENSUS-0000236354,GSA_MIGRATION,2021,2022-07-09,843204469
2021-06-CENSUS-0000196079,GSA_MIGRATION,2021,2022-07-18,203403700
2021-06-CENSUS-0000196079,GSA_MIGRATION,2021,2022-07-18,860262489
2021-12-CENSUS-0000098571,GSA_MIGRATION,2021,2022-09-28,205296918
2021-12-CENSUS-0000098571,GSA_MIGRATION,2021,2022-09-28,720276883
2021-12-CENSUS-0000098571,GSA_MIGRATION,2021,2022-09-28,753009725
2021-12-CENSUS-0000098571,GSA_MIGRATION,2021,2022-09-28,205432782
2021-12-CENSUS-0000098571,GSA_MIGRATION,2021,2022-09-28,464147298
2021-12-CENSUS-0000098571,GSA_MIGRATION,2021,2022-09-28,821064427
2021-12-CENSUS-0000098571,GSA_MIGRATION,2021,2022-09-28,204670876
2021-12-CENSUS-0000098571,GSA_MIGRATION,2021,2022-09-28,822869576
2021-12-CENSUS-0000098571,GSA_MIGRATION,2021,2022-09-28,842237042
2021-12-CENSUS-0000098571,GSA_MIGRATION,2021,2022-09-28,201729674
2021-12-CENSUS-0000098571,GSA_MIGRATION,2021,2022-09-28,203802765
2021-12-CENSUS-0000098571,GSA_MIGRATION,2021,2022-09-28,271770321
2021-12-CENSUS-0000098571,GSA_MIGRATION,2021,2022-09-28,274327342
2021-12-CENSUS-0000098571,GSA_MIGRATION,2021,2022-09-28,453935671
2021-12-CENSUS-0000098571,GSA_MIGRATION,2021,2022-09-28,453935716
2021-12-CENSUS-0000098571,GSA_MIGRATION,2021,2022-09-28,454962130
2021-12-CENSUS-0000098571,GSA_MIGRATION,2021,2022-09-28,463447107
2021-12-CENSUS-0000098571,GSA_MIGRATION,2021,2022-09-28,465235153
2021-12-CENSUS-0000098571,GSA_MIGRATION,2021,2022-09-28,721473968
2021-12-CENSUS-0000098571,GSA_MIGRATION,2021,2022-09-28,753045183
2021-12-CENSUS-0000098571,GSA_MIGRATION,2021,2022-09-28,815088821
2021-12-CENSUS-0000098571,GSA_MIGRATION,2021,2022-09-28,821664573
2021-12-CENSUS-0000098571,GSA_MIGRATION,2021,2022-09-28,832662144
2021-12-CENSUS-0000098571,GSA_MIGRATION,2021,2022-09-28,843925498
2021-09-CENSUS-0000158023,GSA_MIGRATION,2021,2022-03-27,386851393
2021-06-CENSUS-0000171628,GSA_MIGRATION,2021,2022-01-27,581504427
2021-06-CENSUS-0000171628,GSA_MIGRATION,2021,2022-01-27,620719309
2021-06-CENSUS-0000171628,GSA_MIGRATION,2021,2022-01-27,621346109
2021-06-CENSUS-0000171628,GSA_MIGRATION,2021,2022-01-27,626000262
2021-06-CENSUS-0000171628,GSA_MIGRATION,2021,2022-01-27,626051216
2021-09-CENSUS-0000237996,GSA_MIGRATION,2021,2022-03-28,460698418
2021-12-CENSUS-0000255314,GSA_MIGRATION,2021,2022-09-29,261513495
2021-06-CENSUS-0000230334,GSA_MIGRATION,2021,2022-03-07,383859756
2021-06-CENSUS-0000230334,GSA_MIGRATION,2021,2022-03-07,352612536
2021-06-CENSUS-0000230334,GSA_MIGRATION,2021,2022-03-07,204914943
2021-06-CENSUS-0000245681,GSA_MIGRATION,2021,2022-02-07,616000449
2021-09-CENSUS-0000253449,GSA_MIGRATION,2021,2022-06-02,561468269
2021-12-CENSUS-0000039098,GSA_MIGRATION,2021,2022-06-13,204215691
2021-12-CENSUS-0000254960,GSA_MIGRATION,2021,2022-10-03,823341695
2021-12-CENSUS-0000254960,GSA_MIGRATION,2021,2022-10-03,823366114
2021-12-CENSUS-0000254960,GSA_MIGRATION,2021,2022-10-03,823370012
2021-12-CENSUS-0000254960,GSA_MIGRATION,2021,2022-10-03,823405961
2021-12-CENSUS-0000231012,GSA_MIGRATION,2021,2022-10-08,510169552
2021-12-CENSUS-0000231012,GSA_MIGRATION,2021,2022-10-08,161449543
2021-12-CENSUS-0000231012,GSA_MIGRATION,2021,2022-10-08,160957268
2021-12-CENSUS-0000231012,GSA_MIGRATION,2021,2022-10-08,160743192
2021-12-CENSUS-0000231012,GSA_MIGRATION,2021,2022-10-08,263765332
2021-06-CENSUS-0000208685,GSA_MIGRATION,2021,2022-03-30,461352395
2021-06-CENSUS-0000208685,GSA_MIGRATION,2021,2022-03-30,823533600
2021-06-CENSUS-0000208685,GSA_MIGRATION,2021,2022-03-30,900172720
2021-06-CENSUS-0000171427,GSA_MIGRATION,2021,2022-03-21,626000791
2021-06-CENSUS-0000064360,GSA_MIGRATION,2021,2022-09-28,421093718
2021-12-CENSUS-0000203869,GSA_MIGRATION,2021,2022-09-28,237309937
2021-12-CENSUS-0000203869,GSA_MIGRATION,2021,2022-09-28,370635502
2021-12-CENSUS-0000203869,GSA_MIGRATION,2021,2022-09-28,370661172
2021-12-CENSUS-0000203869,GSA_MIGRATION,2021,2022-09-28,412140764
2021-12-CENSUS-0000203869,GSA_MIGRATION,2021,2022-09-28,430652656
2021-12-CENSUS-0000203869,GSA_MIGRATION,2021,2022-09-28,430654870
2021-12-CENSUS-0000203869,GSA_MIGRATION,2021,2022-09-28,431332368
2021-12-CENSUS-0000203869,GSA_MIGRATION,2021,2022-09-28,431452426
2021-12-CENSUS-0000203869,GSA_MIGRATION,2021,2022-09-28,431459495
2021-12-CENSUS-0000203869,GSA_MIGRATION,2021,2022-09-28,113794837
2021-12-CENSUS-0000203869,GSA_MIGRATION,2021,2022-09-28,320275207
2021-12-CENSUS-0000203869,GSA_MIGRATION,2021,2022-09-28,342028972
2021-12-CENSUS-0000203869,GSA_MIGRATION,2021,2022-09-28,364147189
2021-12-CENSUS-0000203869,GSA_MIGRATION,2021,2022-09-28,430998347
2021-12-CENSUS-0000203869,GSA_MIGRATION,2021,2022-09-28,431279063
2021-12-CENSUS-0000203869,GSA_MIGRATION,2021,2022-09-28,431450457
2021-12-CENSUS-0000203869,GSA_MIGRATION,2021,2022-09-28,431527130
2021-12-CENSUS-0000203869,GSA_MIGRATION,2021,2022-09-28,431610561
2021-12-CENSUS-0000203869,GSA_MIGRATION,2021,2022-09-28,431681957
2021-12-CENSUS-0000203869,GSA_MIGRATION,2021,2022-09-28,436057893
2021-12-CENSUS-0000203869,GSA_MIGRATION,2021,2022-09-28,454482673
2021-12-CENSUS-0000203869,GSA_MIGRATION,2021,2022-09-28,460552280
2021-12-CENSUS-0000203869,GSA_MIGRATION,2021,2022-09-28,460838901
2021-12-CENSUS-0000203869,GSA_MIGRATION,2021,2022-09-28,611628092
2021-12-CENSUS-0000203869,GSA_MIGRATION,2021,2022-09-28,943448764
2021-06-CENSUS-0000254534,GSA_MIGRATION,2021,2022-09-18,204705711
2021-12-CENSUS-0000222601,GSA_MIGRATION,2021,2022-09-26,208861567
2021-06-CENSUS-0000232275,GSA_MIGRATION,2021,2022-09-27,370661238
2021-06-CENSUS-0000232275,GSA_MIGRATION,2021,2022-09-27,370663567
2021-06-CENSUS-0000232275,GSA_MIGRATION,2021,2022-09-27,370661244
2021-06-CENSUS-0000232275,GSA_MIGRATION,2021,2022-09-27,370661233
2021-06-CENSUS-0000232275,GSA_MIGRATION,2021,2022-09-27,371208459
2021-06-CENSUS-0000232275,GSA_MIGRATION,2021,2022-09-27,370661236
2021-06-CENSUS-0000232275,GSA_MIGRATION,2021,2022-09-27,370663568
2021-06-CENSUS-0000232275,GSA_MIGRATION,2021,2022-09-27,370792770
2021-06-CENSUS-0000232275,GSA_MIGRATION,2021,2022-09-27,370512290
2021-06-CENSUS-0000232275,GSA_MIGRATION,2021,2022-09-27,390817529
2021-06-CENSUS-0000232275,GSA_MIGRATION,2021,2022-09-27,390807060
2021-06-CENSUS-0000232275,GSA_MIGRATION,2021,2022-09-27,390818682
2021-12-CENSUS-0000254799,GSA_MIGRATION,2021,2022-09-26,541917966
2021-06-CENSUS-0000135691,GSA_MIGRATION,2021,2022-03-21,061379990
2021-06-CENSUS-0000135691,GSA_MIGRATION,2021,2022-03-21,066001886
2021-09-CENSUS-0000224135,GSA_MIGRATION,2021,2022-06-29,851538878
2021-05-CENSUS-0000089856,GSA_MIGRATION,2021,2022-02-27,560530240
2021-09-CENSUS-0000090083,GSA_MIGRATION,2021,2022-06-28,331075317
2021-09-CENSUS-0000090083,GSA_MIGRATION,2021,2022-06-28,590694358
2021-12-CENSUS-0000118387,GSA_MIGRATION,2021,2022-07-04,472893226
2021-06-CENSUS-0000227685,GSA_MIGRATION,2021,2022-09-29,770424419
2021-12-CENSUS-0000197817,GSA_MIGRATION,2021,2022-09-29,160743102
2021-12-CENSUS-0000197817,GSA_MIGRATION,2021,2022-09-29,464304317
2021-12-CENSUS-0000197817,GSA_MIGRATION,2021,2022-09-29,232875157
2021-12-CENSUS-0000197817,GSA_MIGRATION,2021,2022-09-29,160743214
2021-12-CENSUS-0000197817,GSA_MIGRATION,2021,2022-09-29,161491203
2021-12-CENSUS-0000197817,GSA_MIGRATION,2021,2022-09-29,161474578
2021-12-CENSUS-0000197817,GSA_MIGRATION,2021,2022-09-29,161460136
2021-12-CENSUS-0000197817,GSA_MIGRATION,2021,2022-09-29,474319886
2021-12-CENSUS-0000197817,GSA_MIGRATION,2021,2022-09-29,261582864
2021-12-CENSUS-0000197817,GSA_MIGRATION,2021,2022-09-29,464742028
2021-12-CENSUS-0000197817,GSA_MIGRATION,2021,2022-09-29,814086046
2021-09-CENSUS-0000216930,GSA_MIGRATION,2021,2022-06-29,134366504
2020-12-CENSUS-0000017092,GSA_MIGRATION,2020,2022-03-29,141338307
2020-12-CENSUS-0000017092,GSA_MIGRATION,2020,2022-03-29,141338310
2020-12-CENSUS-0000017092,GSA_MIGRATION,2020,2022-03-29,141338547
2020-12-CENSUS-0000017092,GSA_MIGRATION,2020,2022-03-29,141338373
2021-06-CENSUS-0000100279,GSA_MIGRATION,2021,2022-01-06,731250829
2021-09-CENSUS-0000078109,GSA_MIGRATION,2021,2022-03-01,462612419
2021-12-CENSUS-0000216998,GSA_MIGRATION,2021,2022-09-28,911912227
2021-12-CENSUS-0000216998,GSA_MIGRATION,2021,2022-09-28,522112952
2021-12-CENSUS-0000216998,GSA_MIGRATION,2021,2022-09-28,522170291
2021-12-CENSUS-0000216998,GSA_MIGRATION,2021,2022-09-28,522112955
2021-12-CENSUS-0000216998,GSA_MIGRATION,2021,2022-09-28,522029519
2021-12-CENSUS-0000216998,GSA_MIGRATION,2021,2022-09-28,710906529
2021-12-CENSUS-0000216998,GSA_MIGRATION,2021,2022-09-28,522112958
2021-12-CENSUS-0000216998,GSA_MIGRATION,2021,2022-09-28,522060624
2021-12-CENSUS-0000216998,GSA_MIGRATION,2021,2022-09-28,900518838
2021-12-CENSUS-0000216998,GSA_MIGRATION,2021,2022-09-28,522112953
2021-12-CENSUS-0000216998,GSA_MIGRATION,2021,2022-09-28,464881735
2021-06-CENSUS-0000187967,GSA_MIGRATION,2021,2022-09-29,901010528
2021-06-CENSUS-0000187967,GSA_MIGRATION,2021,2022-09-29,463082856
2021-06-CENSUS-0000255530,GSA_MIGRATION,2021,2022-09-29,810477745
2021-12-CENSUS-0000255515,GSA_MIGRATION,2021,2022-09-29,752994834
2021-09-CENSUS-0000253799,GSA_MIGRATION,2021,2022-06-29,410695462
2021-09-CENSUS-0000253799,GSA_MIGRATION,2021,2022-06-29,010628051
2021-09-CENSUS-0000253799,GSA_MIGRATION,2021,2022-06-29,363570759
2021-09-CENSUS-0000253801,GSA_MIGRATION,2021,2022-06-29,203367397
2021-09-CENSUS-0000253801,GSA_MIGRATION,2021,2022-06-29,411668347
2021-09-CENSUS-0000253801,GSA_MIGRATION,2021,2022-06-29,411879639
2021-09-CENSUS-0000253801,GSA_MIGRATION,2021,2022-06-29,411799368
2021-09-CENSUS-0000253801,GSA_MIGRATION,2021,2022-06-29,200100365
2021-09-CENSUS-0000253801,GSA_MIGRATION,2021,2022-06-29,411810369
2021-09-CENSUS-0000253801,GSA_MIGRATION,2021,2022-06-29,810910949
2021-09-CENSUS-0000253801,GSA_MIGRATION,2021,2022-06-29,463626109
2021-09-CENSUS-0000253801,GSA_MIGRATION,2021,2022-06-29,205617275
2021-09-CENSUS-0000253801,GSA_MIGRATION,2021,2022-06-29,202581924
2021-09-CENSUS-0000253801,GSA_MIGRATION,2021,2022-06-29,237625632
2021-09-CENSUS-0000253801,GSA_MIGRATION,2021,2022-06-29,411843283
2021-09-CENSUS-0000253801,GSA_MIGRATION,2021,2022-06-29,510487275
2021-12-CENSUS-0000253908,GSA_MIGRATION,2021,2022-07-06,911973348
2021-12-CENSUS-0000253908,GSA_MIGRATION,2021,2022-07-06,910950710
2021-09-CENSUS-0000136106,GSA_MIGRATION,2021,2022-06-29,596000683
2021-09-CENSUS-0000136106,GSA_MIGRATION,2021,2022-06-29,596000682
2021-06-CENSUS-0000077915,GSA_MIGRATION,2021,2022-02-15,461405965
2021-09-CENSUS-0000003205,GSA_MIGRATION,2021,2022-06-27,042133860
2021-09-CENSUS-0000003205,GSA_MIGRATION,2021,2022-06-27,042995053
2021-09-CENSUS-0000003205,GSA_MIGRATION,2021,2022-06-27,042791396
2021-09-CENSUS-0000234075,GSA_MIGRATION,2021,2022-06-29,592650456
2021-12-CENSUS-0000195773,GSA_MIGRATION,2021,2022-09-28,560554230
2021-12-CENSUS-0000195773,GSA_MIGRATION,2021,2022-09-28,560928089
2021-12-CENSUS-0000195773,GSA_MIGRATION,2021,2022-09-28,561376368
2021-12-CENSUS-0000195773,GSA_MIGRATION,2021,2022-09-28,561340424
2021-12-CENSUS-0000195773,GSA_MIGRATION,2021,2022-09-28,560636250
2021-12-CENSUS-0000195773,GSA_MIGRATION,2021,2022-09-28,581466368
2021-12-CENSUS-0000195773,GSA_MIGRATION,2021,2022-09-28,311725913
2021-12-CENSUS-0000195773,GSA_MIGRATION,2021,2022-09-28,581728803
2021-12-CENSUS-0000195773,GSA_MIGRATION,2021,2022-09-28,561373175
2021-12-CENSUS-0000195773,GSA_MIGRATION,2021,2022-09-28,721568954
2021-12-CENSUS-0000195773,GSA_MIGRATION,2021,2022-09-28,260069792
2021-12-CENSUS-0000195773,GSA_MIGRATION,2021,2022-09-28,204278130
2021-12-CENSUS-0000195773,GSA_MIGRATION,2021,2022-09-28,260599536
2021-12-CENSUS-0000195773,GSA_MIGRATION,2021,2022-09-28,870714098
2021-12-CENSUS-0000195773,GSA_MIGRATION,2021,2022-09-28,560547479
2021-12-CENSUS-0000195773,GSA_MIGRATION,2021,2022-09-28,540696355
2021-12-CENSUS-0000195773,GSA_MIGRATION,2021,2022-09-28,562084786
2021-12-CENSUS-0000195773,GSA_MIGRATION,2021,2022-09-28,273634811
2021-12-CENSUS-0000195773,GSA_MIGRATION,2021,2022-09-28,540622371
2021-12-CENSUS-0000195773,GSA_MIGRATION,2021,2022-09-28,843930503
2021-12-CENSUS-0000195773,GSA_MIGRATION,2021,2022-09-28,562120959
2021-12-CENSUS-0000195773,GSA_MIGRATION,2021,2022-09-28,581413074
2021-12-CENSUS-0000195773,GSA_MIGRATION,2021,2022-09-28,561876341
2021-12-CENSUS-0000195773,GSA_MIGRATION,2021,2022-09-28,562001223
2021-12-CENSUS-0000195773,GSA_MIGRATION,2021,2022-09-28,562016235
2021-12-CENSUS-0000195773,GSA_MIGRATION,2021,2022-09-28,853777599
2021-12-CENSUS-0000195773,GSA_MIGRATION,2021,2022-09-28,560653348
2021-06-CENSUS-0000130252,GSA_MIGRATION,2021,2022-03-31,860455697
2021-12-CENSUS-0000216998,GSA_MIGRATION,2021,2022-09-28,520812002
2021-12-CENSUS-0000109056,GSA_MIGRATION,2021,2022-09-01,454182666
2021-12-CENSUS-0000196710,GSA_MIGRATION,2021,2022-08-16,311552940
2021-12-CENSUS-0000196710,GSA_MIGRATION,2021,2022-08-16,331049115
2021-12-CENSUS-0000196710,GSA_MIGRATION,2021,2022-08-16,311552944
2021-12-CENSUS-0000196710,GSA_MIGRATION,2021,2022-08-16,931086939
2021-12-CENSUS-0000196710,GSA_MIGRATION,2021,2022-08-16,930956853
2021-12-CENSUS-0000196710,GSA_MIGRATION,2021,2022-08-16,593831693
2021-12-CENSUS-0000196710,GSA_MIGRATION,2021,2022-08-16,043820503
2021-09-CENSUS-0000136076,GSA_MIGRATION,2021,2022-04-20,596000524
2021-09-CENSUS-0000136076,GSA_MIGRATION,2021,2022-04-20,596000528
2021-09-CENSUS-0000136076,GSA_MIGRATION,2021,2022-04-20,822465109
2021-06-CENSUS-0000188231,GSA_MIGRATION,2021,2022-03-03,546001117
2021-06-CENSUS-0000135728,GSA_MIGRATION,2021,2022-04-19,066001652
2021-12-CENSUS-0000252994,GSA_MIGRATION,2021,2022-04-18,471820492
2021-12-CENSUS-0000252994,GSA_MIGRATION,2021,2022-04-18,840743121
2021-12-CENSUS-0000252994,GSA_MIGRATION,2021,2022-04-18,840782874
2021-12-CENSUS-0000252994,GSA_MIGRATION,2021,2022-04-18,840816047
2021-12-CENSUS-0000252994,GSA_MIGRATION,2021,2022-04-18,841043351
2021-12-CENSUS-0000252994,GSA_MIGRATION,2021,2022-04-18,812134000
2021-06-CENSUS-0000170255,GSA_MIGRATION,2021,2022-06-29,050471772
2021-06-CENSUS-0000170255,GSA_MIGRATION,2021,2022-06-29,050356994
2021-06-CENSUS-0000170255,GSA_MIGRATION,2021,2022-06-29,050354769
2021-06-CENSUS-0000170255,GSA_MIGRATION,2021,2022-06-29,050455432
2021-06-CENSUS-0000170255,GSA_MIGRATION,2021,2022-06-29,050311968
2021-06-CENSUS-0000170255,GSA_MIGRATION,2021,2022-06-29,223011455
2021-06-CENSUS-0000170255,GSA_MIGRATION,2021,2022-06-29,056016315
2021-12-CENSUS-0000213113,GSA_MIGRATION,2021,2022-09-22,341634990
2021-06-CENSUS-0000050455,GSA_MIGRATION,2021,2022-09-26,274258657
2021-06-CENSUS-0000050455,GSA_MIGRATION,2021,2022-09-26,384043472
2021-12-CENSUS-0000071192,GSA_MIGRATION,2021,2022-09-15,510408034
2021-12-CENSUS-0000071192,GSA_MIGRATION,2021,2022-09-15,510368682
2021-12-CENSUS-0000071192,GSA_MIGRATION,2021,2022-09-15,522041223
2021-12-CENSUS-0000071192,GSA_MIGRATION,2021,2022-09-15,510398773
2021-12-CENSUS-0000071192,GSA_MIGRATION,2021,2022-09-15,510357599
2021-12-CENSUS-0000071192,GSA_MIGRATION,2021,2022-09-15,331081490
2021-12-CENSUS-0000071192,GSA_MIGRATION,2021,2022-09-15,510389518
2021-12-CENSUS-0000071192,GSA_MIGRATION,2021,2022-09-15,431992291
2021-12-CENSUS-0000071192,GSA_MIGRATION,2021,2022-09-15,510448268
2021-12-CENSUS-0000071192,GSA_MIGRATION,2021,2022-09-15,510373607
2021-06-CENSUS-0000254411,GSA_MIGRATION,2021,2022-09-08,362222696
2021-12-CENSUS-0000246449,GSA_MIGRATION,2021,2022-09-29,300504080
2021-09-CENSUS-0000240363,GSA_MIGRATION,2021,2022-06-29,465210034
2021-09-CENSUS-0000240363,GSA_MIGRATION,2021,2022-06-29,820517398
2021-09-CENSUS-0000240363,GSA_MIGRATION,2021,2022-06-29,270170193
2021-12-CENSUS-0000010694,GSA_MIGRATION,2021,2022-09-28,300006817
2021-12-CENSUS-0000010694,GSA_MIGRATION,2021,2022-09-28,133951057
2021-12-CENSUS-0000010694,GSA_MIGRATION,2021,2022-09-28,131624211
2021-12-CENSUS-0000010694,GSA_MIGRATION,2021,2022-09-28,133885148
2021-09-CENSUS-0000253840,GSA_MIGRATION,2021,2022-06-29,272940787
2021-09-CENSUS-0000253840,GSA_MIGRATION,2021,2022-06-29,411451486
2021-12-CENSUS-0000254702,GSA_MIGRATION,2021,2022-09-22,300012186
2021-12-CENSUS-0000254702,GSA_MIGRATION,2021,2022-09-22,521064333
2021-09-CENSUS-0000221053,GSA_MIGRATION,2021,2022-06-29,576221223
2021-06-CENSUS-0000034872,GSA_MIGRATION,2021,2022-01-19,043418316
2021-06-CENSUS-0000034872,GSA_MIGRATION,2021,2022-01-19,222473987
2021-06-CENSUS-0000034872,GSA_MIGRATION,2021,2022-01-19,043232477
2021-06-CENSUS-0000034872,GSA_MIGRATION,2021,2022-01-19,042572143
2021-06-CENSUS-0000034872,GSA_MIGRATION,2021,2022-01-19,043269615
2021-06-CENSUS-0000034872,GSA_MIGRATION,2021,2022-01-19,043185166
2021-06-CENSUS-0000034872,GSA_MIGRATION,2021,2022-01-19,043541791
2021-06-CENSUS-0000034872,GSA_MIGRATION,2021,2022-01-19,331132409
2021-06-CENSUS-0000254622,GSA_MIGRATION,2021,2022-09-19,383369438
2021-06-CENSUS-0000061130,GSA_MIGRATION,2021,2022-09-29,411896367
2021-12-CENSUS-0000088843,GSA_MIGRATION,2021,2022-08-11,020630595
2021-12-CENSUS-0000148705,GSA_MIGRATION,2021,2022-07-11,382078808
2021-12-CENSUS-0000148705,GSA_MIGRATION,2021,2022-07-11,383009238
2021-12-CENSUS-0000148705,GSA_MIGRATION,2021,2022-07-11,382893870
2021-12-CENSUS-0000249598,GSA_MIGRATION,2021,2022-07-12,161475486
2021-09-CENSUS-0000238799,GSA_MIGRATION,2021,2022-08-29,383460723
2021-08-CENSUS-0000060036,GSA_MIGRATION,2021,2022-02-26,742440845
2021-06-CENSUS-0000254854,GSA_MIGRATION,2021,2022-09-26,430652680
2021-06-CENSUS-0000254854,GSA_MIGRATION,2021,2022-09-26,824314522
2021-06-CENSUS-0000254854,GSA_MIGRATION,2021,2022-09-26,431349332
2021-12-CENSUS-0000246455,GSA_MIGRATION,2021,2022-09-29,391606449
2021-12-CENSUS-0000246455,GSA_MIGRATION,2021,2022-09-29,390813416
2021-12-CENSUS-0000246455,GSA_MIGRATION,2021,2022-09-29,391028657
2021-12-CENSUS-0000246455,GSA_MIGRATION,2021,2022-09-29,391249705
2021-12-CENSUS-0000246455,GSA_MIGRATION,2021,2022-09-29,391965415
2021-12-CENSUS-0000246455,GSA_MIGRATION,2021,2022-09-29,391962965
2021-12-CENSUS-0000246455,GSA_MIGRATION,2021,2022-09-29,391751934
2021-12-CENSUS-0000246455,GSA_MIGRATION,2021,2022-09-29,391586700
2021-12-CENSUS-0000246455,GSA_MIGRATION,2021,2022-09-29,391480826
2021-12-CENSUS-0000246455,GSA_MIGRATION,2021,2022-09-29,264706546
2021-12-CENSUS-0000246455,GSA_MIGRATION,2021,2022-09-29,273726088
2021-12-CENSUS-0000246455,GSA_MIGRATION,2021,2022-09-29,390704510
2021-12-CENSUS-0000246455,GSA_MIGRATION,2021,2022-09-29,390845590
2021-12-CENSUS-0000246455,GSA_MIGRATION,2021,2022-09-29,390909446
2021-12-CENSUS-0000246455,GSA_MIGRATION,2021,2022-09-29,390929538
2021-12-CENSUS-0000246455,GSA_MIGRATION,2021,2022-09-29,390944012
2021-12-CENSUS-0000246455,GSA_MIGRATION,2021,2022-09-29,391455787
2021-12-CENSUS-0000246455,GSA_MIGRATION,2021,2022-09-29,391688793
2021-12-CENSUS-0000246455,GSA_MIGRATION,2021,2022-09-29,410693877
2021-12-CENSUS-0000246455,GSA_MIGRATION,2021,2022-09-29,410711606
2021-12-CENSUS-0000246455,GSA_MIGRATION,2021,2022-09-29,411565003
2021-12-CENSUS-0000246455,GSA_MIGRATION,2021,2022-09-29,411845488
2021-12-CENSUS-0000246455,GSA_MIGRATION,2021,2022-09-29,421320763
2021-12-CENSUS-0000246455,GSA_MIGRATION,2021,2022-09-29,800494004
2021-09-CENSUS-0000136109,GSA_MIGRATION,2021,2022-05-24,596000696
2021-09-CENSUS-0000136109,GSA_MIGRATION,2021,2022-05-24,596000698
2021-06-CENSUS-0000003246,GSA_MIGRATION,2021,2022-09-06,222528748
2021-06-CENSUS-0000176257,GSA_MIGRATION,2021,2022-01-10,546001203
2021-06-CENSUS-0000176257,GSA_MIGRATION,2021,2022-01-10,546001201
2021-06-CENSUS-0000120533,GSA_MIGRATION,2021,2022-11-30,472485534
2021-06-CENSUS-0000176043,GSA_MIGRATION,2021,2022-07-25,546001171
2021-06-CENSUS-0000176043,GSA_MIGRATION,2021,2022-07-25,546001177
2021-12-CENSUS-0000246449,GSA_MIGRATION,2021,2022-09-29,300635601
2021-12-CENSUS-0000246449,GSA_MIGRATION,2021,2022-09-29,320260353
2021-12-CENSUS-0000246449,GSA_MIGRATION,2021,2022-09-29,320261229
2021-12-CENSUS-0000246449,GSA_MIGRATION,2021,2022-09-29,320261234
2021-12-CENSUS-0000246449,GSA_MIGRATION,2021,2022-09-29,330185031
2021-12-CENSUS-0000246449,GSA_MIGRATION,2021,2022-09-29,330282945
2021-12-CENSUS-0000246449,GSA_MIGRATION,2021,2022-09-29,330283773
2021-12-CENSUS-0000246449,GSA_MIGRATION,2021,2022-09-29,330307672
2021-12-CENSUS-0000246449,GSA_MIGRATION,2021,2022-09-29,330355575
2021-12-CENSUS-0000246449,GSA_MIGRATION,2021,2022-09-29,330844408
2021-12-CENSUS-0000246449,GSA_MIGRATION,2021,2022-09-29,352345508
2021-12-CENSUS-0000246449,GSA_MIGRATION,2021,2022-09-29,352346161
2021-12-CENSUS-0000246449,GSA_MIGRATION,2021,2022-09-29,352369417
2021-12-CENSUS-0000246449,GSA_MIGRATION,2021,2022-09-29,364640210
2021-12-CENSUS-0000246449,GSA_MIGRATION,2021,2022-09-29,364640211
2021-12-CENSUS-0000246449,GSA_MIGRATION,2021,2022-09-29,371523832
2021-12-CENSUS-0000246449,GSA_MIGRATION,2021,2022-09-29,371573026
2021-12-CENSUS-0000246449,GSA_MIGRATION,2021,2022-09-29,421672806
2021-12-CENSUS-0000246449,GSA_MIGRATION,2021,2022-09-29,421672810
2021-06-CENSUS-0000171363,GSA_MIGRATION,2021,2022-02-21,626000492
2021-06-CENSUS-0000252026,GSA_MIGRATION,2021,2022-01-12,730788246
2021-12-CENSUS-0000011645,GSA_MIGRATION,2021,2022-09-29,132613958
2021-12-CENSUS-0000199567,GSA_MIGRATION,2021,2022-09-29,131624082
2021-12-CENSUS-0000199567,GSA_MIGRATION,2021,2022-09-29,202212588
2021-12-CENSUS-0000227773,GSA_MIGRATION,2021,2022-09-29,133620568
2021-12-CENSUS-0000227773,GSA_MIGRATION,2021,2022-09-29,270158524
2021-12-CENSUS-0000227773,GSA_MIGRATION,2021,2022-09-29,273960910
2021-06-CENSUS-0000254078,GSA_MIGRATION,2021,2022-07-31,390806302
2021-06-CENSUS-0000254078,GSA_MIGRATION,2021,2022-07-31,391954169
2021-06-CENSUS-0000254078,GSA_MIGRATION,2021,2022-07-31,272042610
2021-06-CENSUS-0000254078,GSA_MIGRATION,2021,2022-07-31,814904300
2021-06-CENSUS-0000254078,GSA_MIGRATION,2021,2022-07-31,390987025
2021-06-CENSUS-0000254078,GSA_MIGRATION,2021,2022-07-31,396105970
2021-06-CENSUS-0000254078,GSA_MIGRATION,2021,2022-07-31,201499345
2021-06-CENSUS-0000254078,GSA_MIGRATION,2021,2022-07-31,391745697
2021-06-CENSUS-0000254078,GSA_MIGRATION,2021,2022-07-31,391896819
2021-12-CENSUS-0000068472,GSA_MIGRATION,2021,2022-03-14,364821779
2021-12-CENSUS-0000068472,GSA_MIGRATION,2021,2022-03-14,208553549
2021-12-CENSUS-0000254045,GSA_MIGRATION,2021,2022-07-26,800370789
2021-12-CENSUS-0000195690,GSA_MIGRATION,2021,2022-08-08,396005714
2021-12-CENSUS-0000202105,GSA_MIGRATION,2021,2022-08-23,231352187
2021-12-CENSUS-0000202105,GSA_MIGRATION,2021,2022-08-23,231512747
2021-12-CENSUS-0000202105,GSA_MIGRATION,2021,2022-08-23,231996150
2021-12-CENSUS-0000202105,GSA_MIGRATION,2021,2022-08-23,232193572
2021-12-CENSUS-0000202105,GSA_MIGRATION,2021,2022-08-23,232311553
2021-12-CENSUS-0000202105,GSA_MIGRATION,2021,2022-08-23,232463002
2021-12-CENSUS-0000202105,GSA_MIGRATION,2021,2022-08-23,232967235
2021-12-CENSUS-0000202105,GSA_MIGRATION,2021,2022-08-23,233024998
2021-12-CENSUS-0000202105,GSA_MIGRATION,2021,2022-08-23,240792115
2021-12-CENSUS-0000202105,GSA_MIGRATION,2021,2022-08-23,240795959
2021-12-CENSUS-0000202105,GSA_MIGRATION,2021,2022-08-23,240862246
2021-12-CENSUS-0000202105,GSA_MIGRATION,2021,2022-08-23,251651582
2021-12-CENSUS-0000202105,GSA_MIGRATION,2021,2022-08-23,251766971
2021-12-CENSUS-0000202105,GSA_MIGRATION,2021,2022-08-23,260812968
2021-12-CENSUS-0000202105,GSA_MIGRATION,2021,2022-08-23,831871064
2021-11-CENSUS-0000138640,GSA_MIGRATION,2021,2022-07-20,376000969
2021-11-CENSUS-0000138640,GSA_MIGRATION,2021,2022-07-20,371096249
2021-11-CENSUS-0000138640,GSA_MIGRATION,2021,2022-07-20,200000067
2021-11-CENSUS-0000138640,GSA_MIGRATION,2021,2022-07-20,376000968
2021-12-CENSUS-0000254014,GSA_MIGRATION,2021,2022-07-21,742377757
2021-12-CENSUS-0000254528,GSA_MIGRATION,2021,2022-09-15,210660835
2021-12-CENSUS-0000254528,GSA_MIGRATION,2021,2022-09-15,274211365
2021-12-CENSUS-0000254528,GSA_MIGRATION,2021,2022-09-15,472173802
2021-12-CENSUS-0000254528,GSA_MIGRATION,2021,2022-09-15,275440611
2021-12-CENSUS-0000254528,GSA_MIGRATION,2021,2022-09-15,472248436
2021-12-CENSUS-0000254528,GSA_MIGRATION,2021,2022-09-15,464221478
2021-06-CENSUS-0000236155,GSA_MIGRATION,2021,2022-09-25,203823825
2021-06-CENSUS-0000236155,GSA_MIGRATION,2021,2022-09-25,264165492
2021-06-CENSUS-0000236155,GSA_MIGRATION,2021,2022-09-25,273841691
2021-06-CENSUS-0000236155,GSA_MIGRATION,2021,2022-09-25,310938719
2021-06-CENSUS-0000236155,GSA_MIGRATION,2021,2022-09-25,454209314
2021-06-CENSUS-0000236155,GSA_MIGRATION,2021,2022-09-25,263885165
2021-06-CENSUS-0000193911,GSA_MIGRATION,2021,2022-09-21,790913636
2021-06-CENSUS-0000227530,GSA_MIGRATION,2021,2022-09-18,043172372
2021-06-CENSUS-0000227530,GSA_MIGRATION,2021,2022-09-18,043500409
2021-09-CENSUS-0000253845,GSA_MIGRATION,2021,2022-06-29,591960022
2021-09-CENSUS-0000253845,GSA_MIGRATION,2021,2022-06-29,863052869
2021-09-CENSUS-0000246812,GSA_MIGRATION,2021,2022-06-28,640682111
2021-09-CENSUS-0000246812,GSA_MIGRATION,2021,2022-06-28,620123940
2021-09-CENSUS-0000246812,GSA_MIGRATION,2021,2022-06-28,621113167
2021-09-CENSUS-0000246812,GSA_MIGRATION,2021,2022-06-28,640881013
2021-09-CENSUS-0000246812,GSA_MIGRATION,2021,2022-06-28,753068151
2021-09-CENSUS-0000246812,GSA_MIGRATION,2021,2022-06-28,261214372
2021-09-CENSUS-0000246812,GSA_MIGRATION,2021,2022-06-28,274396698
2021-09-CENSUS-0000246812,GSA_MIGRATION,2021,2022-06-28,452832975
2021-09-CENSUS-0000246812,GSA_MIGRATION,2021,2022-06-28,640772726
2021-09-CENSUS-0000246812,GSA_MIGRATION,2021,2022-06-28,621519754
2021-09-CENSUS-0000246812,GSA_MIGRATION,2021,2022-06-28,710850123
2021-09-CENSUS-0000246812,GSA_MIGRATION,2021,2022-06-28,621545731
2021-09-CENSUS-0000246812,GSA_MIGRATION,2021,2022-06-28,630997281
2021-09-CENSUS-0000246812,GSA_MIGRATION,2021,2022-06-28,621138045
2021-09-CENSUS-0000246812,GSA_MIGRATION,2021,2022-06-28,352461541
2021-09-CENSUS-0000246812,GSA_MIGRATION,2021,2022-06-28,640925692
2021-09-CENSUS-0000246812,GSA_MIGRATION,2021,2022-06-28,621166050
2021-09-CENSUS-0000246812,GSA_MIGRATION,2021,2022-06-28,200804946
2021-09-CENSUS-0000246812,GSA_MIGRATION,2021,2022-06-28,621810940
2021-09-CENSUS-0000246812,GSA_MIGRATION,2021,2022-06-28,452896080
2021-09-CENSUS-0000246812,GSA_MIGRATION,2021,2022-06-28,640663760
2021-09-CENSUS-0000246812,GSA_MIGRATION,2021,2022-06-28,640844470
2021-09-CENSUS-0000246812,GSA_MIGRATION,2021,2022-06-28,823844150
2021-09-CENSUS-0000246812,GSA_MIGRATION,2021,2022-06-28,621538114
2021-09-CENSUS-0000246812,GSA_MIGRATION,2021,2022-06-28,262641267
2021-09-CENSUS-0000246812,GSA_MIGRATION,2021,2022-06-28,813257997
2021-09-CENSUS-0000246812,GSA_MIGRATION,2021,2022-06-28,621846584
2021-09-CENSUS-0000246812,GSA_MIGRATION,2021,2022-06-28,461953140
2021-09-CENSUS-0000246812,GSA_MIGRATION,2021,2022-06-28,621509127
2021-09-CENSUS-0000246812,GSA_MIGRATION,2021,2022-06-28,581645396
2021-09-CENSUS-0000246812,GSA_MIGRATION,2021,2022-06-28,813655778
2021-09-CENSUS-0000246812,GSA_MIGRATION,2021,2022-06-28,621488427
2021-09-CENSUS-0000246812,GSA_MIGRATION,2021,2022-06-28,621278576
2021-09-CENSUS-0000246812,GSA_MIGRATION,2021,2022-06-28,640306253
2021-09-CENSUS-0000246812,GSA_MIGRATION,2021,2022-06-28,473684354
2021-09-CENSUS-0000246812,GSA_MIGRATION,2021,2022-06-28,901022012
2021-09-CENSUS-0000246812,GSA_MIGRATION,2021,2022-06-28,461613457
2021-06-CENSUS-0000198301,GSA_MIGRATION,2021,2022-03-29,113661101
2021-06-CENSUS-0000170401,GSA_MIGRATION,2021,2022-03-08,570650141
2021-12-CENSUS-0000240848,GSA_MIGRATION,2021,2022-08-16,133862850
2021-12-CENSUS-0000216833,GSA_MIGRATION,2021,2022-06-14,200986222
2021-12-CENSUS-0000216833,GSA_MIGRATION,2021,2022-06-14,263245825
2021-12-CENSUS-0000216833,GSA_MIGRATION,2021,2022-06-14,411465688
2021-12-CENSUS-0000216833,GSA_MIGRATION,2021,2022-06-14,830806456
2021-03-CENSUS-0000231858,GSA_MIGRATION,2021,2022-03-15,660452520
2021-03-CENSUS-0000231858,GSA_MIGRATION,2021,2022-03-15,660776102
2021-03-CENSUS-0000231858,GSA_MIGRATION,2021,2022-03-15,660876852
2021-03-CENSUS-0000231858,GSA_MIGRATION,2021,2022-03-15,660938154
2021-06-CENSUS-0000135730,GSA_MIGRATION,2021,2022-03-27,066001685
2021-06-CENSUS-0000252191,GSA_MIGRATION,2021,2022-02-01,201350494
2021-06-CENSUS-0000252191,GSA_MIGRATION,2021,2022-02-01,815157299
2021-06-CENSUS-0000252191,GSA_MIGRATION,2021,2022-02-01,473488128
2021-06-CENSUS-0000197242,GSA_MIGRATION,2021,2022-03-15,620790499
2021-06-CENSUS-0000236077,GSA_MIGRATION,2021,2022-09-29,131977140
2021-12-CENSUS-0000255560,GSA_MIGRATION,2021,2022-10-03,201721724
2021-12-CENSUS-0000255560,GSA_MIGRATION,2021,2022-10-03,201721687
2021-12-CENSUS-0000255560,GSA_MIGRATION,2021,2022-10-03,201721780
2021-12-CENSUS-0000255560,GSA_MIGRATION,2021,2022-10-03,201721651
2021-12-CENSUS-0000255560,GSA_MIGRATION,2021,2022-10-03,043337116
2021-12-CENSUS-0000255560,GSA_MIGRATION,2021,2022-10-03,043020520
2021-12-CENSUS-0000255560,GSA_MIGRATION,2021,2022-10-03,043080762
2021-12-CENSUS-0000255560,GSA_MIGRATION,2021,2022-10-03,043080765
2021-12-CENSUS-0000255560,GSA_MIGRATION,2021,2022-10-03,043080764
2021-12-CENSUS-0000255560,GSA_MIGRATION,2021,2022-10-03,043080763
2021-12-CENSUS-0000255560,GSA_MIGRATION,2021,2022-10-03,042982134
2021-12-CENSUS-0000255560,GSA_MIGRATION,2021,2022-10-03,222579838
2021-12-CENSUS-0000255560,GSA_MIGRATION,2021,2022-10-03,821583686
2021-12-CENSUS-0000255560,GSA_MIGRATION,2021,2022-10-03,042854118
2021-12-CENSUS-0000255560,GSA_MIGRATION,2021,2022-10-03,042893906
2021-12-CENSUS-0000255560,GSA_MIGRATION,2021,2022-10-03,042893911
2021-12-CENSUS-0000255560,GSA_MIGRATION,2021,2022-10-03,363700875
2021-12-CENSUS-0000255560,GSA_MIGRATION,2021,2022-10-03,043084466
2021-12-CENSUS-0000255560,GSA_MIGRATION,2021,2022-10-03,201611913
2021-12-CENSUS-0000253076,GSA_MIGRATION,2021,2022-09-28,042157057
2021-12-CENSUS-0000253076,GSA_MIGRATION,2021,2022-09-28,912134683
2021-12-CENSUS-0000253076,GSA_MIGRATION,2021,2022-09-28,310655031
2021-12-CENSUS-0000253076,GSA_MIGRATION,2021,2022-09-28,590879342
2021-12-CENSUS-0000253076,GSA_MIGRATION,2021,2022-09-28,362527011
2021-12-CENSUS-0000253076,GSA_MIGRATION,2021,2022-09-28,383902709
2021-12-CENSUS-0000253076,GSA_MIGRATION,2021,2022-09-28,420760833
2021-12-CENSUS-0000253076,GSA_MIGRATION,2021,2022-09-28,042173054
2021-12-CENSUS-0000253076,GSA_MIGRATION,2021,2022-09-28,610523290
2021-12-CENSUS-0000253076,GSA_MIGRATION,2021,2022-09-28,042510563
2021-12-CENSUS-0000253076,GSA_MIGRATION,2021,2022-09-28,043210051
2021-12-CENSUS-0000253076,GSA_MIGRATION,2021,2022-09-28,112167809
2021-12-CENSUS-0000253076,GSA_MIGRATION,2021,2022-09-28,131740033
2021-12-CENSUS-0000253076,GSA_MIGRATION,2021,2022-09-28,271680453
2021-12-CENSUS-0000253076,GSA_MIGRATION,2021,2022-09-28,472021696
2021-12-CENSUS-0000255471,GSA_MIGRATION,2021,2022-09-29,363606107
2021-12-CENSUS-0000255471,GSA_MIGRATION,2021,2022-09-29,475652668
2021-12-CENSUS-0000255471,GSA_MIGRATION,2021,2022-09-29,820884867
2021-12-CENSUS-0000255471,GSA_MIGRATION,2021,2022-09-29,473268151
2021-12-CENSUS-0000255547,GSA_MIGRATION,2021,2022-09-30,043515687
2021-12-CENSUS-0000255547,GSA_MIGRATION,2021,2022-09-30,222843194
2021-12-CENSUS-0000247893,GSA_MIGRATION,2021,2022-09-26,813571004
2021-06-CENSUS-0000101209,GSA_MIGRATION,2021,2022-09-28,204923281
2021-06-CENSUS-0000101209,GSA_MIGRATION,2021,2022-09-28,263896170
2021-06-CENSUS-0000101209,GSA_MIGRATION,2021,2022-09-28,473254635
2021-06-CENSUS-0000101209,GSA_MIGRATION,2021,2022-09-28,760385980
2021-06-CENSUS-0000101209,GSA_MIGRATION,2021,2022-09-28,760689675
2021-06-CENSUS-0000101209,GSA_MIGRATION,2021,2022-09-28,832803102
2021-12-CENSUS-0000254855,GSA_MIGRATION,2021,2022-09-26,223266577
2021-12-CENSUS-0000254855,GSA_MIGRATION,2021,2022-09-26,161421889
2021-12-CENSUS-0000254855,GSA_MIGRATION,2021,2022-09-26,161421888
2021-12-CENSUS-0000254931,GSA_MIGRATION,2021,2022-09-27,223359252
2021-09-CENSUS-0000244307,GSA_MIGRATION,2021,2022-06-29,391791601
2021-09-CENSUS-0000253655,GSA_MIGRATION,2021,2022-06-26,611388556
2021-09-CENSUS-0000253655,GSA_MIGRATION,2021,2022-06-26,610510934
2021-09-CENSUS-0000253655,GSA_MIGRATION,2021,2022-06-26,610492356
2021-09-CENSUS-0000253655,GSA_MIGRATION,2021,2022-06-26,610715227
2021-09-CENSUS-0000253655,GSA_MIGRATION,2021,2022-06-26,311545520
2021-09-CENSUS-0000254068,GSA_MIGRATION,2021,2022-07-27,264183569
2021-09-CENSUS-0000254068,GSA_MIGRATION,2021,2022-07-27,264736971
2021-09-CENSUS-0000254068,GSA_MIGRATION,2021,2022-07-27,611386016
2021-09-CENSUS-0000254068,GSA_MIGRATION,2021,2022-07-27,453215312
2021-09-CENSUS-0000253790,GSA_MIGRATION,2021,2022-06-29,570341194
2021-09-CENSUS-0000253790,GSA_MIGRATION,2021,2022-06-29,800869616
2021-09-CENSUS-0000253790,GSA_MIGRATION,2021,2022-06-29,200131459
2021-09-CENSUS-0000253790,GSA_MIGRATION,2021,2022-06-29,384112811
2021-09-CENSUS-0000253790,GSA_MIGRATION,2021,2022-06-29,841945687
2021-09-CENSUS-0000253790,GSA_MIGRATION,2021,2022-06-29,043633263
2021-09-CENSUS-0000253790,GSA_MIGRATION,2021,2022-06-29,452910764
2021-09-CENSUS-0000173029,GSA_MIGRATION,2021,2022-03-07,741464566
2021-06-CENSUS-0000097632,GSA_MIGRATION,2021,2022-08-29,710840860
2021-06-CENSUS-0000097632,GSA_MIGRATION,2021,2022-08-29,930354527
2021-06-CENSUS-0000097632,GSA_MIGRATION,2021,2022-08-29,454616350
2021-06-CENSUS-0000097632,GSA_MIGRATION,2021,2022-08-29,710547043
2021-06-CENSUS-0000097632,GSA_MIGRATION,2021,2022-08-29,320188570
2021-06-CENSUS-0000003178,GSA_MIGRATION,2021,2022-08-25,852763339
2021-11-CENSUS-0000208551,GSA_MIGRATION,2021,2022-08-24,371102843
2021-08-CENSUS-0000237730,GSA_MIGRATION,2021,2022-11-27,340742712
2021-12-CENSUS-0000237120,GSA_MIGRATION,2021,2022-11-13,233400323
2021-12-CENSUS-0000217653,GSA_MIGRATION,2021,2022-06-21,134306253
2021-12-CENSUS-0000217653,GSA_MIGRATION,2021,2022-06-21,201302300
2021-12-CENSUS-0000217653,GSA_MIGRATION,2021,2022-06-21,201302341
2021-12-CENSUS-0000217653,GSA_MIGRATION,2021,2022-06-21,201354783
2021-12-CENSUS-0000217653,GSA_MIGRATION,2021,2022-06-21,201354815
2021-12-CENSUS-0000217653,GSA_MIGRATION,2021,2022-06-21,201354842
2021-12-CENSUS-0000217653,GSA_MIGRATION,2021,2022-06-21,201354866
2021-12-CENSUS-0000217653,GSA_MIGRATION,2021,2022-06-21,201354900
2021-12-CENSUS-0000217653,GSA_MIGRATION,2021,2022-06-21,201354925
2021-12-CENSUS-0000217653,GSA_MIGRATION,2021,2022-06-21,201354943
2021-12-CENSUS-0000217653,GSA_MIGRATION,2021,2022-06-21,201354966
2021-12-CENSUS-0000217653,GSA_MIGRATION,2021,2022-06-21,201354996
2021-12-CENSUS-0000217653,GSA_MIGRATION,2021,2022-06-21,201355025
2021-12-CENSUS-0000217653,GSA_MIGRATION,2021,2022-06-21,201355043
2021-12-CENSUS-0000217653,GSA_MIGRATION,2021,2022-06-21,201775147
2021-12-CENSUS-0000217653,GSA_MIGRATION,2021,2022-06-21,201799492
2021-12-CENSUS-0000217653,GSA_MIGRATION,2021,2022-06-21,201799512
2021-12-CENSUS-0000217653,GSA_MIGRATION,2021,2022-06-21,201824819
2021-12-CENSUS-0000217653,GSA_MIGRATION,2021,2022-06-21,201824842
2021-12-CENSUS-0000217653,GSA_MIGRATION,2021,2022-06-21,201961908
2021-12-CENSUS-0000217653,GSA_MIGRATION,2021,2022-06-21,202626693
2021-12-CENSUS-0000217653,GSA_MIGRATION,2021,2022-06-21,202626756
2021-12-CENSUS-0000217653,GSA_MIGRATION,2021,2022-06-21,202675576
2021-12-CENSUS-0000217653,GSA_MIGRATION,2021,2022-06-21,202807133
2021-12-CENSUS-0000217653,GSA_MIGRATION,2021,2022-06-21,202809665
2021-12-CENSUS-0000217653,GSA_MIGRATION,2021,2022-06-21,205725256
2021-12-CENSUS-0000217653,GSA_MIGRATION,2021,2022-06-21,205834554
2021-12-CENSUS-0000217653,GSA_MIGRATION,2021,2022-06-21,205834618
2021-12-CENSUS-0000217653,GSA_MIGRATION,2021,2022-06-21,205834691
2021-12-CENSUS-0000217653,GSA_MIGRATION,2021,2022-06-21,208544183
2021-12-CENSUS-0000217653,GSA_MIGRATION,2021,2022-06-21,237302131
2021-12-CENSUS-0000217653,GSA_MIGRATION,2021,2022-06-21,260211139
2021-12-CENSUS-0000217653,GSA_MIGRATION,2021,2022-06-21,260725134
2021-12-CENSUS-0000217653,GSA_MIGRATION,2021,2022-06-21,262731197
2021-12-CENSUS-0000217653,GSA_MIGRATION,2021,2022-06-21,262755834
2021-12-CENSUS-0000217653,GSA_MIGRATION,2021,2022-06-21,262755908
2021-12-CENSUS-0000217653,GSA_MIGRATION,2021,2022-06-21,262755947
2021-12-CENSUS-0000217653,GSA_MIGRATION,2021,2022-06-21,262896203
2021-12-CENSUS-0000217653,GSA_MIGRATION,2021,2022-06-21,262896253
2021-12-CENSUS-0000217653,GSA_MIGRATION,2021,2022-06-21,263692381
2021-12-CENSUS-0000217653,GSA_MIGRATION,2021,2022-06-21,263928392
2021-12-CENSUS-0000217653,GSA_MIGRATION,2021,2022-06-21,263928399
2021-12-CENSUS-0000217653,GSA_MIGRATION,2021,2022-06-21,263928408
2021-12-CENSUS-0000217653,GSA_MIGRATION,2021,2022-06-21,264233897
2021-12-CENSUS-0000217653,GSA_MIGRATION,2021,2022-06-21,270650527
2021-12-CENSUS-0000217653,GSA_MIGRATION,2021,2022-06-21,271338397
2021-12-CENSUS-0000217653,GSA_MIGRATION,2021,2022-06-21,272026972
2021-12-CENSUS-0000217653,GSA_MIGRATION,2021,2022-06-21,272377250
2021-12-CENSUS-0000217653,GSA_MIGRATION,2021,2022-06-21,300144796
2021-12-CENSUS-0000217653,GSA_MIGRATION,2021,2022-06-21,300144797
2021-12-CENSUS-0000217653,GSA_MIGRATION,2021,2022-06-21,301090590
2021-12-CENSUS-0000217653,GSA_MIGRATION,2021,2022-06-21,300144792
2021-12-CENSUS-0000217653,GSA_MIGRATION,2021,2022-06-21,300144793
2021-12-CENSUS-0000217653,GSA_MIGRATION,2021,2022-06-21,320465924
2021-12-CENSUS-0000217653,GSA_MIGRATION,2021,2022-06-21,352484314
2021-12-CENSUS-0000217653,GSA_MIGRATION,2021,2022-06-21,371859936
2021-12-CENSUS-0000217653,GSA_MIGRATION,2021,2022-06-21,371902268
2021-12-CENSUS-0000217653,GSA_MIGRATION,2021,2022-06-21,383970987
2021-12-CENSUS-0000217653,GSA_MIGRATION,2021,2022-06-21,391877014
2021-12-CENSUS-0000217653,GSA_MIGRATION,2021,2022-06-21,392011157
2021-12-CENSUS-0000217653,GSA_MIGRATION,2021,2022-06-21,421664322
2021-12-CENSUS-0000217653,GSA_MIGRATION,2021,2022-06-21,452492404
2021-12-CENSUS-0000217653,GSA_MIGRATION,2021,2022-06-21,453244483
2021-12-CENSUS-0000217653,GSA_MIGRATION,2021,2022-06-21,454680004
2021-12-CENSUS-0000217653,GSA_MIGRATION,2021,2022-06-21,461246721
2021-12-CENSUS-0000217653,GSA_MIGRATION,2021,2022-06-21,461454269
2021-12-CENSUS-0000217653,GSA_MIGRATION,2021,2022-06-21,461457909
2021-12-CENSUS-0000217653,GSA_MIGRATION,2021,2022-06-21,463570101
2021-12-CENSUS-0000217653,GSA_MIGRATION,2021,2022-06-21,464246224
2021-12-CENSUS-0000217653,GSA_MIGRATION,2021,2022-06-21,471035410
2021-12-CENSUS-0000217653,GSA_MIGRATION,2021,2022-06-21,471096507
2021-12-CENSUS-0000217653,GSA_MIGRATION,2021,2022-06-21,471103583
2021-12-CENSUS-0000217653,GSA_MIGRATION,2021,2022-06-21,471115774
2021-12-CENSUS-0000217653,GSA_MIGRATION,2021,2022-06-21,471128671
2021-12-CENSUS-0000217653,GSA_MIGRATION,2021,2022-06-21,471139383
2021-12-CENSUS-0000217653,GSA_MIGRATION,2021,2022-06-21,474570837
2021-12-CENSUS-0000217653,GSA_MIGRATION,2021,2022-06-21,474651906
2021-12-CENSUS-0000217653,GSA_MIGRATION,2021,2022-06-21,475544175
2021-12-CENSUS-0000217653,GSA_MIGRATION,2021,2022-06-21,800331395
2021-12-CENSUS-0000217653,GSA_MIGRATION,2021,2022-06-21,800821399
2021-12-CENSUS-0000217653,GSA_MIGRATION,2021,2022-06-21,800954491
2021-12-CENSUS-0000217653,GSA_MIGRATION,2021,2022-06-21,812847137
2021-12-CENSUS-0000217653,GSA_MIGRATION,2021,2022-06-21,814628527
2021-12-CENSUS-0000217653,GSA_MIGRATION,2021,2022-06-21,815016729
2021-12-CENSUS-0000217653,GSA_MIGRATION,2021,2022-06-21,821062185
2021-12-CENSUS-0000217653,GSA_MIGRATION,2021,2022-06-21,822505170
2021-12-CENSUS-0000217653,GSA_MIGRATION,2021,2022-06-21,822511184
2021-12-CENSUS-0000217653,GSA_MIGRATION,2021,2022-06-21,822811928
2021-12-CENSUS-0000217653,GSA_MIGRATION,2021,2022-06-21,822874587
2021-12-CENSUS-0000217653,GSA_MIGRATION,2021,2022-06-21,822881060
2021-12-CENSUS-0000217653,GSA_MIGRATION,2021,2022-06-21,825021832
2021-12-CENSUS-0000217653,GSA_MIGRATION,2021,2022-06-21,832336412
2021-12-CENSUS-0000217653,GSA_MIGRATION,2021,2022-06-21,832345759
2021-12-CENSUS-0000217653,GSA_MIGRATION,2021,2022-06-21,832445946
2021-12-CENSUS-0000217653,GSA_MIGRATION,2021,2022-06-21,833163988
2021-12-CENSUS-0000217653,GSA_MIGRATION,2021,2022-06-21,834294437
2021-12-CENSUS-0000217653,GSA_MIGRATION,2021,2022-06-21,841923266
2021-12-CENSUS-0000217653,GSA_MIGRATION,2021,2022-06-21,841943828
2021-12-CENSUS-0000217653,GSA_MIGRATION,2021,2022-06-21,900852653
2021-12-CENSUS-0000217653,GSA_MIGRATION,2021,2022-06-21,392038503
2021-12-CENSUS-0000217653,GSA_MIGRATION,2021,2022-06-21,611906368
2021-12-CENSUS-0000217653,GSA_MIGRATION,2021,2022-06-21,853670653
2021-12-CENSUS-0000217653,GSA_MIGRATION,2021,2022-06-21,871687241
2021-09-CENSUS-0000051926,GSA_MIGRATION,2021,2022-10-06,522053377
2021-12-CENSUS-0000254023,GSA_MIGRATION,2021,2022-07-23,382236926
2021-12-CENSUS-0000254023,GSA_MIGRATION,2021,2022-07-23,382395647
2021-12-CENSUS-0000244893,GSA_MIGRATION,2021,2022-08-25,050979677
2021-12-CENSUS-0000244893,GSA_MIGRATION,2021,2022-08-25,651067124
2021-12-CENSUS-0000244893,GSA_MIGRATION,2021,2022-08-25,592247419
2021-12-CENSUS-0000244893,GSA_MIGRATION,2021,2022-08-25,454866669
2021-09-CENSUS-0000228058,GSA_MIGRATION,2021,2022-06-29,592447554
2021-09-CENSUS-0000228058,GSA_MIGRATION,2021,2022-06-29,650232993
2021-09-CENSUS-0000228058,GSA_MIGRATION,2021,2022-06-29,591006663
2021-09-CENSUS-0000228058,GSA_MIGRATION,2021,2022-06-29,590872594
2021-09-CENSUS-0000228058,GSA_MIGRATION,2021,2022-06-29,591987355
2021-09-CENSUS-0000228058,GSA_MIGRATION,2021,2022-06-29,522438452
2021-09-CENSUS-0000228058,GSA_MIGRATION,2021,2022-06-29,821682066
2021-09-CENSUS-0000228058,GSA_MIGRATION,2021,2022-06-29,043775926
2021-09-CENSUS-0000228058,GSA_MIGRATION,2021,2022-06-29,264190328
2021-09-CENSUS-0000228058,GSA_MIGRATION,2021,2022-06-29,590910342
2021-09-CENSUS-0000228058,GSA_MIGRATION,2021,2022-06-29,205155995
2021-09-CENSUS-0000228058,GSA_MIGRATION,2021,2022-06-29,562290370
2021-09-CENSUS-0000228058,GSA_MIGRATION,2021,2022-06-29,201796841
2021-09-CENSUS-0000228058,GSA_MIGRATION,2021,2022-06-29,650561267
2021-09-CENSUS-0000228058,GSA_MIGRATION,2021,2022-06-29,471859521
2021-09-CENSUS-0000228058,GSA_MIGRATION,2021,2022-06-29,260886056
2021-09-CENSUS-0000228058,GSA_MIGRATION,2021,2022-06-29,592771779
2021-09-CENSUS-0000228058,GSA_MIGRATION,2021,2022-06-29,650663357
2021-09-CENSUS-0000228058,GSA_MIGRATION,2021,2022-06-29,260307415
2021-09-CENSUS-0000228058,GSA_MIGRATION,2021,2022-06-29,454302848
2021-09-CENSUS-0000228058,GSA_MIGRATION,2021,2022-06-29,650561263
2021-09-CENSUS-0000228058,GSA_MIGRATION,2021,2022-06-29,273597226
2021-09-CENSUS-0000228058,GSA_MIGRATION,2021,2022-06-29,650785294
2021-09-CENSUS-0000228058,GSA_MIGRATION,2021,2022-06-29,271591797
2021-09-CENSUS-0000089788,GSA_MIGRATION,2021,2022-08-10,463776169
2021-09-CENSUS-0000253785,GSA_MIGRATION,2021,2022-06-30,208277205
2021-09-CENSUS-0000077619,GSA_MIGRATION,2021,2022-06-28,611629460
2021-12-CENSUS-0000058758,GSA_MIGRATION,2021,2022-07-13,390812532
2021-12-CENSUS-0000058758,GSA_MIGRATION,2021,2022-07-13,391789197
2021-12-CENSUS-0000058758,GSA_MIGRATION,2021,2022-07-13,391682308
2021-12-CENSUS-0000058758,GSA_MIGRATION,2021,2022-07-13,390806380
2021-06-CENSUS-0000181661,GSA_MIGRATION,2021,2022-04-03,560847358
2021-06-CENSUS-0000181661,GSA_MIGRATION,2021,2022-04-03,561611340
2021-06-CENSUS-0000181661,GSA_MIGRATION,2021,2022-04-03,561492826
2021-06-CENSUS-0000181661,GSA_MIGRATION,2021,2022-04-03,561161525
2021-06-CENSUS-0000181661,GSA_MIGRATION,2021,2022-04-03,566000732
2021-06-CENSUS-0000181661,GSA_MIGRATION,2021,2022-04-03,561611252
2021-06-CENSUS-0000181661,GSA_MIGRATION,2021,2022-04-03,561401519
2021-06-CENSUS-0000181661,GSA_MIGRATION,2021,2022-04-03,561130957
2021-06-CENSUS-0000181661,GSA_MIGRATION,2021,2022-04-03,566000967
2021-06-CENSUS-0000181661,GSA_MIGRATION,2021,2022-04-03,566000372
2021-06-CENSUS-0000181661,GSA_MIGRATION,2021,2022-04-03,736502734
2021-06-CENSUS-0000181661,GSA_MIGRATION,2021,2022-04-03,300712287
2021-06-CENSUS-0000181661,GSA_MIGRATION,2021,2022-04-03,383984995
2021-06-CENSUS-0000181661,GSA_MIGRATION,2021,2022-04-03,562032825
2021-06-CENSUS-0000181661,GSA_MIGRATION,2021,2022-04-03,561611847
2021-06-CENSUS-0000181661,GSA_MIGRATION,2021,2022-04-03,566062189
2021-06-CENSUS-0000181661,GSA_MIGRATION,2021,2022-04-03,561118388
2021-06-CENSUS-0000181661,GSA_MIGRATION,2021,2022-04-03,561288079
2021-06-CENSUS-0000181661,GSA_MIGRATION,2021,2022-04-03,561935214
2021-06-CENSUS-0000181661,GSA_MIGRATION,2021,2022-04-03,561527030
2021-06-CENSUS-0000181661,GSA_MIGRATION,2021,2022-04-03,561310675
2021-06-CENSUS-0000181661,GSA_MIGRATION,2021,2022-04-03,561636462
2021-06-CENSUS-0000181661,GSA_MIGRATION,2021,2022-04-03,561850485
2021-06-CENSUS-0000181661,GSA_MIGRATION,2021,2022-04-03,566002606
2021-06-CENSUS-0000181661,GSA_MIGRATION,2021,2022-04-03,566052379
2021-06-CENSUS-0000181661,GSA_MIGRATION,2021,2022-04-03,560893801
2021-06-CENSUS-0000181661,GSA_MIGRATION,2021,2022-04-03,560792170
2021-06-CENSUS-0000181661,GSA_MIGRATION,2021,2022-04-03,560894923
2021-06-CENSUS-0000181661,GSA_MIGRATION,2021,2022-04-03,560894927
2021-06-CENSUS-0000181661,GSA_MIGRATION,2021,2022-04-03,560941830
2021-06-CENSUS-0000181661,GSA_MIGRATION,2021,2022-04-03,561255943
2021-06-CENSUS-0000181661,GSA_MIGRATION,2021,2022-04-03,560817481
2021-06-CENSUS-0000181661,GSA_MIGRATION,2021,2022-04-03,560792881
2021-06-CENSUS-0000181661,GSA_MIGRATION,2021,2022-04-03,560894932
2021-06-CENSUS-0000181661,GSA_MIGRATION,2021,2022-04-03,560792028
2021-06-CENSUS-0000181661,GSA_MIGRATION,2021,2022-04-03,560794261
2021-06-CENSUS-0000181661,GSA_MIGRATION,2021,2022-04-03,560797174
2021-06-CENSUS-0000181661,GSA_MIGRATION,2021,2022-04-03,560848556
2021-06-CENSUS-0000181661,GSA_MIGRATION,2021,2022-04-03,560851326
2021-06-CENSUS-0000181661,GSA_MIGRATION,2021,2022-04-03,566024012
2021-06-CENSUS-0000181661,GSA_MIGRATION,2021,2022-04-03,560893718
2021-06-CENSUS-0000181661,GSA_MIGRATION,2021,2022-04-03,560792247
2021-06-CENSUS-0000181661,GSA_MIGRATION,2021,2022-04-03,560792513
2021-06-CENSUS-0000181661,GSA_MIGRATION,2021,2022-04-03,560897301
2021-06-CENSUS-0000181661,GSA_MIGRATION,2021,2022-04-03,560791849
2021-06-CENSUS-0000181661,GSA_MIGRATION,2021,2022-04-03,560792614
2021-06-CENSUS-0000181661,GSA_MIGRATION,2021,2022-04-03,560792292
2021-06-CENSUS-0000181661,GSA_MIGRATION,2021,2022-04-03,560792519
2021-06-CENSUS-0000181661,GSA_MIGRATION,2021,2022-04-03,560896018
2021-06-CENSUS-0000181661,GSA_MIGRATION,2021,2022-04-03,560894341
2021-06-CENSUS-0000181661,GSA_MIGRATION,2021,2022-04-03,560841505
2021-06-CENSUS-0000181661,GSA_MIGRATION,2021,2022-04-03,560892755
2021-06-CENSUS-0000181661,GSA_MIGRATION,2021,2022-04-03,560937578
2021-06-CENSUS-0000181661,GSA_MIGRATION,2021,2022-04-03,560753025
2021-06-CENSUS-0000181661,GSA_MIGRATION,2021,2022-04-03,560895914
2021-06-CENSUS-0000181661,GSA_MIGRATION,2021,2022-04-03,560990134
2021-06-CENSUS-0000181661,GSA_MIGRATION,2021,2022-04-03,560991668
2021-06-CENSUS-0000181661,GSA_MIGRATION,2021,2022-04-03,561048429
2021-06-CENSUS-0000181661,GSA_MIGRATION,2021,2022-04-03,560895349
2021-06-CENSUS-0000181661,GSA_MIGRATION,2021,2022-04-03,560895794
2021-06-CENSUS-0000181661,GSA_MIGRATION,2021,2022-04-03,560894229
2021-06-CENSUS-0000181661,GSA_MIGRATION,2021,2022-04-03,560990351
2021-06-CENSUS-0000181661,GSA_MIGRATION,2021,2022-04-03,560793335
2021-06-CENSUS-0000181661,GSA_MIGRATION,2021,2022-04-03,560793680
2021-06-CENSUS-0000181661,GSA_MIGRATION,2021,2022-04-03,560818376
2021-06-CENSUS-0000181661,GSA_MIGRATION,2021,2022-04-03,560891591
2021-06-CENSUS-0000181661,GSA_MIGRATION,2021,2022-04-03,560894344
2021-06-CENSUS-0000181661,GSA_MIGRATION,2021,2022-04-03,560812577
2021-06-CENSUS-0000181661,GSA_MIGRATION,2021,2022-04-03,560792333
2021-06-CENSUS-0000181661,GSA_MIGRATION,2021,2022-04-03,560898811
2021-06-CENSUS-0000181661,GSA_MIGRATION,2021,2022-04-03,560797051
2021-06-CENSUS-0000181661,GSA_MIGRATION,2021,2022-04-03,560815200
2021-06-CENSUS-0000171419,GSA_MIGRATION,2021,2022-01-04,621255554
2021-06-CENSUS-0000171419,GSA_MIGRATION,2021,2022-01-04,626000758
2021-06-CENSUS-0000003321,GSA_MIGRATION,2021,2022-09-29,042743834
2021-06-CENSUS-0000244582,GSA_MIGRATION,2021,2022-09-29,112248986
2021-06-CENSUS-0000244582,GSA_MIGRATION,2021,2022-09-29,112226072
2021-06-CENSUS-0000244582,GSA_MIGRATION,2021,2022-09-29,112076023
2021-12-CENSUS-0000221966,GSA_MIGRATION,2021,2022-09-28,201359433
2021-12-CENSUS-0000221966,GSA_MIGRATION,2021,2022-09-28,263646817
2021-12-CENSUS-0000221966,GSA_MIGRATION,2021,2022-09-28,340714581
2021-12-CENSUS-0000221966,GSA_MIGRATION,2021,2022-09-28,453166014
2021-12-CENSUS-0000221966,GSA_MIGRATION,2021,2022-09-28,341088530
2021-12-CENSUS-0000221966,GSA_MIGRATION,2021,2022-09-28,340733138
2021-12-CENSUS-0000221966,GSA_MIGRATION,2021,2022-09-28,134246188
2021-12-CENSUS-0000221966,GSA_MIGRATION,2021,2022-09-28,341531993
2021-12-CENSUS-0000221966,GSA_MIGRATION,2021,2022-09-28,341610344
2021-12-CENSUS-0000221966,GSA_MIGRATION,2021,2022-09-28,311509897
2021-12-CENSUS-0000221966,GSA_MIGRATION,2021,2022-09-28,311689698
2021-12-CENSUS-0000221966,GSA_MIGRATION,2021,2022-09-28,341853300
2021-12-CENSUS-0000221966,GSA_MIGRATION,2021,2022-09-28,341871647
2021-12-CENSUS-0000221966,GSA_MIGRATION,2021,2022-09-28,842848226
2021-06-CENSUS-0000181661,GSA_MIGRATION,2021,2022-04-03,560894556
2021-06-CENSUS-0000181661,GSA_MIGRATION,2021,2022-04-03,560994111
2021-06-CENSUS-0000181661,GSA_MIGRATION,2021,2022-04-03,560841532
2021-06-CENSUS-0000181661,GSA_MIGRATION,2021,2022-04-03,560896010
2021-06-CENSUS-0000181661,GSA_MIGRATION,2021,2022-04-03,560937968
2021-06-CENSUS-0000181661,GSA_MIGRATION,2021,2022-04-03,560792775
2021-06-CENSUS-0000181661,GSA_MIGRATION,2021,2022-04-03,560792849
2021-06-CENSUS-0000181661,GSA_MIGRATION,2021,2022-04-03,560816544
2021-06-CENSUS-0000181661,GSA_MIGRATION,2021,2022-04-03,560846669
2021-06-CENSUS-0000181661,GSA_MIGRATION,2021,2022-04-03,566052568
2021-06-CENSUS-0000181661,GSA_MIGRATION,2021,2022-04-03,566172047
2021-06-CENSUS-0000181661,GSA_MIGRATION,2021,2022-04-03,566001393
2021-06-CENSUS-0000181661,GSA_MIGRATION,2021,2022-04-03,566000756
2021-06-CENSUS-0000181661,GSA_MIGRATION,2021,2022-04-03,566001468
2021-06-CENSUS-0000181661,GSA_MIGRATION,2021,2022-04-03,560791228
2021-06-CENSUS-0000181661,GSA_MIGRATION,2021,2022-04-03,566002370
2021-06-CENSUS-0000181661,GSA_MIGRATION,2021,2022-04-03,561258660
2021-06-CENSUS-0000181661,GSA_MIGRATION,2021,2022-04-03,566000403
2021-06-CENSUS-0000181661,GSA_MIGRATION,2021,2022-04-03,566000007
2021-06-CENSUS-0000181661,GSA_MIGRATION,2021,2022-04-03,566001440
2021-06-CENSUS-0000181661,GSA_MIGRATION,2021,2022-04-03,561176030
2021-06-CENSUS-0000181661,GSA_MIGRATION,2021,2022-04-03,566000805
2021-06-CENSUS-0000181661,GSA_MIGRATION,2021,2022-04-03,566001466
2021-06-CENSUS-0000181661,GSA_MIGRATION,2021,2022-04-03,561047680
2021-06-CENSUS-0000181661,GSA_MIGRATION,2021,2022-04-03,561238736
2021-06-CENSUS-0000181661,GSA_MIGRATION,2021,2022-04-03,566000730
2021-06-CENSUS-0000181661,GSA_MIGRATION,2021,2022-04-03,566065273
2021-12-CENSUS-0000252147,GSA_MIGRATION,2021,2022-09-25,208316475
2021-12-CENSUS-0000252147,GSA_MIGRATION,2021,2022-09-25,465653486
2021-12-CENSUS-0000254837,GSA_MIGRATION,2021,2022-09-26,263472188
2021-12-CENSUS-0000254837,GSA_MIGRATION,2021,2022-09-26,341678593
2021-12-CENSUS-0000254595,GSA_MIGRATION,2021,2022-09-20,351188458
2021-12-CENSUS-0000187679,GSA_MIGRATION,2021,2022-09-28,383322462
2021-12-CENSUS-0000187679,GSA_MIGRATION,2021,2022-09-28,412223561
2021-12-CENSUS-0000187679,GSA_MIGRATION,2021,2022-09-28,472146687
2021-12-CENSUS-0000187679,GSA_MIGRATION,2021,2022-09-28,263896897
2021-12-CENSUS-0000187679,GSA_MIGRATION,2021,2022-09-28,382947657
2021-12-CENSUS-0000187679,GSA_MIGRATION,2021,2022-09-28,473293378
2021-12-CENSUS-0000187679,GSA_MIGRATION,2021,2022-09-28,382027689
2021-12-CENSUS-0000187679,GSA_MIGRATION,2021,2022-09-28,381218485
2021-12-CENSUS-0000187679,GSA_MIGRATION,2021,2022-09-28,382336367
2021-12-CENSUS-0000187679,GSA_MIGRATION,2021,2022-09-28,382791823
2021-12-CENSUS-0000187679,GSA_MIGRATION,2021,2022-09-28,383232668
2021-12-CENSUS-0000187679,GSA_MIGRATION,2021,2022-09-28,260423581
2021-12-CENSUS-0000254847,GSA_MIGRATION,2021,2022-09-26,471181061
2021-12-CENSUS-0000254847,GSA_MIGRATION,2021,2022-09-26,421094104
2021-12-CENSUS-0000254847,GSA_MIGRATION,2021,2022-09-26,420680487
2021-12-CENSUS-0000254847,GSA_MIGRATION,2021,2022-09-26,273329886
2021-12-CENSUS-0000254847,GSA_MIGRATION,2021,2022-09-26,272944275
2021-12-CENSUS-0000254847,GSA_MIGRATION,2021,2022-09-26,273330069
2021-06-CENSUS-0000254753,GSA_MIGRATION,2021,2022-09-25,341127097
2021-12-CENSUS-0000246271,GSA_MIGRATION,2021,2022-09-20,851299836
2021-09-CENSUS-0000216666,GSA_MIGRATION,2021,2022-06-10,460585021
2021-03-CENSUS-0000245639,GSA_MIGRATION,2021,2022-03-17,814587424
2021-03-CENSUS-0000245639,GSA_MIGRATION,2021,2022-03-17,263582124
2021-03-CENSUS-0000245639,GSA_MIGRATION,2021,2022-03-17,133753150
2021-03-CENSUS-0000245639,GSA_MIGRATION,2021,2022-03-17,133593896
2021-03-CENSUS-0000245639,GSA_MIGRATION,2021,2022-03-17,270694371
2021-03-CENSUS-0000245639,GSA_MIGRATION,2021,2022-03-17,133663944
2021-03-CENSUS-0000245639,GSA_MIGRATION,2021,2022-03-17,133779812
2021-03-CENSUS-0000245639,GSA_MIGRATION,2021,2022-03-17,223878152
2021-03-CENSUS-0000245639,GSA_MIGRATION,2021,2022-03-17,133895099
2021-09-CENSUS-0000252573,GSA_MIGRATION,2021,2022-03-20,721417526
2021-12-CENSUS-0000252547,GSA_MIGRATION,2021,2022-09-29,251823932
2021-12-CENSUS-0000252547,GSA_MIGRATION,2021,2022-09-29,250986047
2021-12-CENSUS-0000252547,GSA_MIGRATION,2021,2022-09-29,251778886
2021-12-CENSUS-0000255257,GSA_MIGRATION,2021,2022-09-29,264826604
2021-12-CENSUS-0000255257,GSA_MIGRATION,2021,2022-09-29,940760193
2021-06-CENSUS-0000255450,GSA_MIGRATION,2021,2022-09-29,341764515
2021-12-CENSUS-0000254604,GSA_MIGRATION,2021,2022-09-19,341265978
2021-06-CENSUS-0000152734,GSA_MIGRATION,2021,2022-07-27,300249822
2021-06-CENSUS-0000152734,GSA_MIGRATION,2021,2022-07-27,431158662
2021-06-CENSUS-0000152734,GSA_MIGRATION,2021,2022-07-27,431283723
2021-06-CENSUS-0000152734,GSA_MIGRATION,2021,2022-07-27,431486035
2021-06-CENSUS-0000152734,GSA_MIGRATION,2021,2022-07-27,431582231
2021-06-CENSUS-0000152734,GSA_MIGRATION,2021,2022-07-27,431628745
2021-06-CENSUS-0000152734,GSA_MIGRATION,2021,2022-07-27,431629794
2021-06-CENSUS-0000152734,GSA_MIGRATION,2021,2022-07-27,431736878
2021-06-CENSUS-0000152734,GSA_MIGRATION,2021,2022-07-27,431942509
2021-06-CENSUS-0000152734,GSA_MIGRATION,2021,2022-07-27,446000986
2021-06-CENSUS-0000221589,GSA_MIGRATION,2021,2022-05-26,810751021
2021-06-CENSUS-0000221589,GSA_MIGRATION,2021,2022-05-26,911874730
2021-06-CENSUS-0000221589,GSA_MIGRATION,2021,2022-05-26,293981604
2021-06-CENSUS-0000170255,GSA_MIGRATION,2021,2022-06-29,050353872
2021-06-CENSUS-0000018064,GSA_MIGRATION,2021,2022-08-24,131623978
2021-06-CENSUS-0000018064,GSA_MIGRATION,2021,2022-08-24,464395157
2021-09-CENSUS-0000195146,GSA_MIGRATION,2021,2022-06-27,232998893
2021-09-CENSUS-0000253693,GSA_MIGRATION,2021,2022-06-27,743194587
2021-09-CENSUS-0000253693,GSA_MIGRATION,2021,2022-06-27,800417857
2021-09-CENSUS-0000253693,GSA_MIGRATION,2021,2022-06-27,823693569
2021-09-CENSUS-0000253693,GSA_MIGRATION,2021,2022-06-27,272148485
2021-09-CENSUS-0000088516,GSA_MIGRATION,2021,2022-03-01,592174961
2021-09-CENSUS-0000088516,GSA_MIGRATION,2021,2022-03-01,592846971
2021-06-CENSUS-0000198401,GSA_MIGRATION,2021,2022-01-20,626000710
2021-06-CENSUS-0000198401,GSA_MIGRATION,2021,2022-01-20,621251850
2021-06-CENSUS-0000025545,GSA_MIGRATION,2021,2022-03-28,232743545
2021-06-CENSUS-0000025545,GSA_MIGRATION,2021,2022-03-28,232810852
2021-06-CENSUS-0000025545,GSA_MIGRATION,2021,2022-03-28,311538725
2021-06-CENSUS-0000025545,GSA_MIGRATION,2021,2022-03-28,230469150
2021-06-CENSUS-0000025545,GSA_MIGRATION,2021,2022-03-28,231365353
2021-06-CENSUS-0000025545,GSA_MIGRATION,2021,2022-03-28,230485650
2021-06-CENSUS-0000025545,GSA_MIGRATION,2021,2022-03-28,232777286
2021-06-CENSUS-0000025545,GSA_MIGRATION,2021,2022-03-28,300634510
2021-06-CENSUS-0000025545,GSA_MIGRATION,2021,2022-03-28,208626804
2021-06-CENSUS-0000025545,GSA_MIGRATION,2021,2022-03-28,210635009
2021-06-CENSUS-0000025545,GSA_MIGRATION,2021,2022-03-28,264203938
2021-06-CENSUS-0000025545,GSA_MIGRATION,2021,2022-03-28,474753400
2021-06-CENSUS-0000025545,GSA_MIGRATION,2021,2022-03-28,474341060
2021-06-CENSUS-0000025545,GSA_MIGRATION,2021,2022-03-28,232729852
2021-06-CENSUS-0000025545,GSA_MIGRATION,2021,2022-03-28,232865181
2021-06-CENSUS-0000025545,GSA_MIGRATION,2021,2022-03-28,231352243
2021-06-CENSUS-0000025545,GSA_MIGRATION,2021,2022-03-28,232152662
2021-06-CENSUS-0000025545,GSA_MIGRATION,2021,2022-03-28,331011386
2021-06-CENSUS-0000025545,GSA_MIGRATION,2021,2022-03-28,233102793
2021-06-CENSUS-0000025545,GSA_MIGRATION,2021,2022-03-28,231352572
2021-06-CENSUS-0000202092,GSA_MIGRATION,2021,2022-06-01,141348692
2021-06-CENSUS-0000202092,GSA_MIGRATION,2021,2022-06-01,141338544
2021-06-CENSUS-0000202092,GSA_MIGRATION,2021,2022-06-01,141338386
2021-06-CENSUS-0000202092,GSA_MIGRATION,2021,2022-06-01,141743506
2021-06-CENSUS-0000202092,GSA_MIGRATION,2021,2022-06-01,141438749
2021-06-CENSUS-0000202092,GSA_MIGRATION,2021,2022-06-01,222570478
2021-06-CENSUS-0000202092,GSA_MIGRATION,2021,2022-06-01,141701597
2021-06-CENSUS-0000202092,GSA_MIGRATION,2021,2022-06-01,141725101
2021-06-CENSUS-0000202092,GSA_MIGRATION,2021,2022-06-01,141756230
2021-06-CENSUS-0000202092,GSA_MIGRATION,2021,2022-06-01,141717028
2021-06-CENSUS-0000202092,GSA_MIGRATION,2021,2022-06-01,141608921
2021-06-CENSUS-0000202092,GSA_MIGRATION,2021,2022-06-01,141514867
2021-06-CENSUS-0000202092,GSA_MIGRATION,2021,2022-06-01,141795732
2021-06-CENSUS-0000202092,GSA_MIGRATION,2021,2022-06-01,461177336
2021-06-CENSUS-0000202092,GSA_MIGRATION,2021,2022-06-01,580566223
2021-06-CENSUS-0000202092,GSA_MIGRATION,2021,2022-06-01,261720984
2021-06-CENSUS-0000202092,GSA_MIGRATION,2021,2022-06-01,473752176
2021-06-CENSUS-0000202092,GSA_MIGRATION,2021,2022-06-01,261858563
2021-06-CENSUS-0000202092,GSA_MIGRATION,2021,2022-06-01,311382442
2021-06-CENSUS-0000202092,GSA_MIGRATION,2021,2022-06-01,342032340
2021-06-CENSUS-0000202092,GSA_MIGRATION,2021,2022-06-01,311439334
2021-06-CENSUS-0000202092,GSA_MIGRATION,2021,2022-06-01,941437713
2021-06-CENSUS-0000202092,GSA_MIGRATION,2021,2022-06-01,942839324
2021-06-CENSUS-0000202092,GSA_MIGRATION,2021,2022-06-01,590791028
2021-06-CENSUS-0000202092,GSA_MIGRATION,2021,2022-06-01,352325646
2021-06-CENSUS-0000202092,GSA_MIGRATION,2021,2022-06-01,421336618
2021-06-CENSUS-0000202092,GSA_MIGRATION,2021,2022-06-01,421437483
2021-06-CENSUS-0000202092,GSA_MIGRATION,2021,2022-06-01,202552602
2021-06-CENSUS-0000202092,GSA_MIGRATION,2021,2022-06-01,311373080
2021-06-CENSUS-0000202092,GSA_MIGRATION,2021,2022-06-01,311568151
2021-06-CENSUS-0000202092,GSA_MIGRATION,2021,2022-06-01,421173708
2021-06-CENSUS-0000202092,GSA_MIGRATION,2021,2022-06-01,311407377
2021-06-CENSUS-0000202092,GSA_MIGRATION,2021,2022-06-01,421500277
2021-06-CENSUS-0000202092,GSA_MIGRATION,2021,2022-06-01,208072234
2021-06-CENSUS-0000202092,GSA_MIGRATION,2021,2022-06-01,421283849
2021-06-CENSUS-0000202092,GSA_MIGRATION,2021,2022-06-01,134237594
2021-06-CENSUS-0000202092,GSA_MIGRATION,2021,2022-06-01,134365966
2021-06-CENSUS-0000202092,GSA_MIGRATION,2021,2022-06-01,364015560
2021-06-CENSUS-0000202092,GSA_MIGRATION,2021,2022-06-01,362379649
2021-06-CENSUS-0000202092,GSA_MIGRATION,2021,2022-06-01,363332852
2021-06-CENSUS-0000202092,GSA_MIGRATION,2021,2022-06-01,362170152
2021-06-CENSUS-0000202092,GSA_MIGRATION,2021,2022-06-01,383176445
2021-06-CENSUS-0000202092,GSA_MIGRATION,2021,2022-06-01,272491974
2021-06-CENSUS-0000202092,GSA_MIGRATION,2021,2022-06-01,202443646
2021-06-CENSUS-0000202092,GSA_MIGRATION,2021,2022-06-01,382589966
2021-06-CENSUS-0000202092,GSA_MIGRATION,2021,2022-06-01,382638284
2021-06-CENSUS-0000202092,GSA_MIGRATION,2021,2022-06-01,383175878
2021-06-CENSUS-0000202092,GSA_MIGRATION,2021,2022-06-01,383176225
2021-06-CENSUS-0000202092,GSA_MIGRATION,2021,2022-06-01,202020239
2021-06-CENSUS-0000202092,GSA_MIGRATION,2021,2022-06-01,382507173
2021-06-CENSUS-0000202092,GSA_MIGRATION,2021,2022-06-01,383316559
2021-06-CENSUS-0000202092,GSA_MIGRATION,2021,2022-06-01,824757260
2021-06-CENSUS-0000202092,GSA_MIGRATION,2021,2022-06-01,383521763
2021-06-CENSUS-0000202092,GSA_MIGRATION,2021,2022-06-01,383176536
2021-06-CENSUS-0000202092,GSA_MIGRATION,2021,2022-06-01,232794121
2021-06-CENSUS-0000202092,GSA_MIGRATION,2021,2022-06-01,232871206
2021-06-CENSUS-0000202092,GSA_MIGRATION,2021,2022-06-01,232627944
2021-06-CENSUS-0000202092,GSA_MIGRATION,2021,2022-06-01,203261266
2021-06-CENSUS-0000202092,GSA_MIGRATION,2021,2022-06-01,231352099
2021-06-CENSUS-0000202092,GSA_MIGRATION,2021,2022-06-01,231913910
2021-06-CENSUS-0000202092,GSA_MIGRATION,2021,2022-06-01,232571699
2021-06-CENSUS-0000202092,GSA_MIGRATION,2021,2022-06-01,510064326
2021-06-CENSUS-0000202092,GSA_MIGRATION,2021,2022-06-01,231352191
2021-06-CENSUS-0000202092,GSA_MIGRATION,2021,2022-06-01,820200895
2021-06-CENSUS-0000202092,GSA_MIGRATION,2021,2022-06-01,820526861
2021-06-CENSUS-0000202092,GSA_MIGRATION,2021,2022-06-01,820200896
2021-06-CENSUS-0000202092,GSA_MIGRATION,2021,2022-06-01,271789847
2021-06-CENSUS-0000202092,GSA_MIGRATION,2021,2022-06-01,271790052
2021-06-CENSUS-0000202092,GSA_MIGRATION,2021,2022-06-01,251604115
2021-06-CENSUS-0000254628,GSA_MIGRATION,2021,2022-09-19,421279738
2021-06-CENSUS-0000254628,GSA_MIGRATION,2021,2022-09-19,510173104
2021-06-CENSUS-0000254628,GSA_MIGRATION,2021,2022-09-19,370987659
2021-06-CENSUS-0000254628,GSA_MIGRATION,2021,2022-09-19,431341462
2021-06-CENSUS-0000254628,GSA_MIGRATION,2021,2022-09-19,383922894
2021-06-CENSUS-0000254628,GSA_MIGRATION,2021,2022-09-19,370841562
2021-06-CENSUS-0000255754,GSA_MIGRATION,2021,2022-10-26,250986051
2021-06-CENSUS-0000255754,GSA_MIGRATION,2021,2022-10-26,251468529
2021-06-CENSUS-0000255754,GSA_MIGRATION,2021,2022-10-26,237040715
2021-06-CENSUS-0000255754,GSA_MIGRATION,2021,2022-10-26,251738347
2021-06-CENSUS-0000255754,GSA_MIGRATION,2021,2022-10-26,250965419
2021-06-CENSUS-0000179794,GSA_MIGRATION,2021,2022-02-01,830207113
2021-06-CENSUS-0000179794,GSA_MIGRATION,2021,2022-02-01,272595767
2021-06-CENSUS-0000179794,GSA_MIGRATION,2021,2022-02-01,830205729
2021-12-CENSUS-0000237919,GSA_MIGRATION,2021,2022-08-28,364739436
2021-12-CENSUS-0000237919,GSA_MIGRATION,2021,2022-08-28,821176594
2021-12-CENSUS-0000237919,GSA_MIGRATION,2021,2022-08-28,223389093
2021-12-CENSUS-0000223817,GSA_MIGRATION,2021,2022-09-05,311178476
2021-12-CENSUS-0000223817,GSA_MIGRATION,2021,2022-09-05,311438763
2021-06-CENSUS-0000171405,GSA_MIGRATION,2021,2022-03-30,621514781
2021-06-CENSUS-0000165198,GSA_MIGRATION,2021,2022-03-31,462275140
2021-06-CENSUS-0000165198,GSA_MIGRATION,2021,2022-03-31,730774255
2021-12-CENSUS-0000246315,GSA_MIGRATION,2021,2022-09-07,381359087
2021-12-CENSUS-0000246315,GSA_MIGRATION,2021,2022-09-07,382776791
2021-12-CENSUS-0000246315,GSA_MIGRATION,2021,2022-09-07,381359218
2021-12-CENSUS-0000246315,GSA_MIGRATION,2021,2022-09-07,381676780
2021-12-CENSUS-0000246315,GSA_MIGRATION,2021,2022-09-07,382842451
2021-12-CENSUS-0000246315,GSA_MIGRATION,2021,2022-09-07,383298476
2021-12-CENSUS-0000246315,GSA_MIGRATION,2021,2022-09-07,382745910
2021-06-CENSUS-0000254286,GSA_MIGRATION,2021,2022-08-23,421186904
2021-06-CENSUS-0000002919,GSA_MIGRATION,2021,2022-01-30,113841369
2021-06-CENSUS-0000002919,GSA_MIGRATION,2021,2022-01-30,040882170
2021-06-CENSUS-0000002919,GSA_MIGRATION,2021,2022-01-30,042645008
2021-06-CENSUS-0000002919,GSA_MIGRATION,2021,2022-01-30,042867643
2021-06-CENSUS-0000245499,GSA_MIGRATION,2021,2022-03-31,361722800
2021-09-CENSUS-0000218604,GSA_MIGRATION,2021,2022-01-24,300103115
2021-12-CENSUS-0000062691,GSA_MIGRATION,2021,2022-05-08,411419062
2021-12-CENSUS-0000062691,GSA_MIGRATION,2021,2022-05-08,411928860
2021-12-CENSUS-0000062691,GSA_MIGRATION,2021,2022-05-08,411992937
2021-12-CENSUS-0000062691,GSA_MIGRATION,2021,2022-05-08,364494707
2021-06-CENSUS-0000213662,GSA_MIGRATION,2021,2022-03-21,943354623
2021-12-CENSUS-0000233884,GSA_MIGRATION,2021,2022-09-27,262553196
2021-12-CENSUS-0000233884,GSA_MIGRATION,2021,2022-09-27,742912643
2021-12-CENSUS-0000233884,GSA_MIGRATION,2021,2022-09-27,331039828
2021-12-CENSUS-0000233884,GSA_MIGRATION,2021,2022-09-27,272860109
2021-12-CENSUS-0000233884,GSA_MIGRATION,2021,2022-09-27,742799934
2021-06-CENSUS-0000097664,GSA_MIGRATION,2021,2022-09-28,710694931
2021-12-CENSUS-0000208872,GSA_MIGRATION,2021,2022-09-29,043608530
2021-12-CENSUS-0000208872,GSA_MIGRATION,2021,2022-09-29,200122365
2021-12-CENSUS-0000208872,GSA_MIGRATION,2021,2022-09-29,201382620
2021-12-CENSUS-0000208872,GSA_MIGRATION,2021,2022-09-29,201382727
2021-12-CENSUS-0000208872,GSA_MIGRATION,2021,2022-09-29,205769038
2021-12-CENSUS-0000208872,GSA_MIGRATION,2021,2022-09-29,208468195
2021-12-CENSUS-0000208872,GSA_MIGRATION,2021,2022-09-29,237408025
2021-12-CENSUS-0000208872,GSA_MIGRATION,2021,2022-09-29,261439695
2021-12-CENSUS-0000208872,GSA_MIGRATION,2021,2022-09-29,261594709
2021-12-CENSUS-0000208872,GSA_MIGRATION,2021,2022-09-29,262884795
2021-12-CENSUS-0000208872,GSA_MIGRATION,2021,2022-09-29,264031708
2021-12-CENSUS-0000208872,GSA_MIGRATION,2021,2022-09-29,270046559
2021-12-CENSUS-0000208872,GSA_MIGRATION,2021,2022-09-29,273439133
2021-12-CENSUS-0000208872,GSA_MIGRATION,2021,2022-09-29,300012246
2021-12-CENSUS-0000208872,GSA_MIGRATION,2021,2022-09-29,364161526
2021-12-CENSUS-0000208872,GSA_MIGRATION,2021,2022-09-29,364636691
2021-12-CENSUS-0000208872,GSA_MIGRATION,2021,2022-09-29,370662580
2021-12-CENSUS-0000208872,GSA_MIGRATION,2021,2022-09-29,371383861
2021-12-CENSUS-0000208872,GSA_MIGRATION,2021,2022-09-29,390237060
2021-12-CENSUS-0000208872,GSA_MIGRATION,2021,2022-09-29,390806265
2021-12-CENSUS-0000208872,GSA_MIGRATION,2021,2022-09-29,390807236
2021-12-CENSUS-0000208872,GSA_MIGRATION,2021,2022-09-29,390808509
2021-12-CENSUS-0000208872,GSA_MIGRATION,2021,2022-09-29,390884514
2021-12-CENSUS-0000208872,GSA_MIGRATION,2021,2022-09-29,391022770
2021-12-CENSUS-0000208872,GSA_MIGRATION,2021,2022-09-29,391029998
2021-12-CENSUS-0000208872,GSA_MIGRATION,2021,2022-09-29,391101287
2021-12-CENSUS-0000208872,GSA_MIGRATION,2021,2022-09-29,391128616
2021-12-CENSUS-0000208872,GSA_MIGRATION,2021,2022-09-29,391534744
2021-12-CENSUS-0000208872,GSA_MIGRATION,2021,2022-09-29,391535024
2021-12-CENSUS-0000208872,GSA_MIGRATION,2021,2022-09-29,391539827
2021-12-CENSUS-0000208872,GSA_MIGRATION,2021,2022-09-29,391613292
2021-12-CENSUS-0000208872,GSA_MIGRATION,2021,2022-09-29,391684956
2021-12-CENSUS-0000208872,GSA_MIGRATION,2021,2022-09-29,391705111
2021-12-CENSUS-0000208872,GSA_MIGRATION,2021,2022-09-29,391717636
2021-12-CENSUS-0000208872,GSA_MIGRATION,2021,2022-09-29,391776340
2021-12-CENSUS-0000208872,GSA_MIGRATION,2021,2022-09-29,391830837
2021-12-CENSUS-0000208872,GSA_MIGRATION,2021,2022-09-29,391839309
2021-12-CENSUS-0000208872,GSA_MIGRATION,2021,2022-09-29,392016715
2021-12-CENSUS-0000208872,GSA_MIGRATION,2021,2022-09-29,396220698
2021-12-CENSUS-0000208872,GSA_MIGRATION,2021,2022-09-29,421670962
2021-12-CENSUS-0000208872,GSA_MIGRATION,2021,2022-09-29,430653587
2021-12-CENSUS-0000208872,GSA_MIGRATION,2021,2022-09-29,430688874
2021-12-CENSUS-0000208872,GSA_MIGRATION,2021,2022-09-29,430738490
2021-12-CENSUS-0000208872,GSA_MIGRATION,2021,2022-09-29,431099253
2021-12-CENSUS-0000208872,GSA_MIGRATION,2021,2022-09-29,431265060
2021-12-CENSUS-0000208872,GSA_MIGRATION,2021,2022-09-29,431333488
2021-12-CENSUS-0000208872,GSA_MIGRATION,2021,2022-09-29,431343281
2021-12-CENSUS-0000208872,GSA_MIGRATION,2021,2022-09-29,431462486
2021-12-CENSUS-0000208872,GSA_MIGRATION,2021,2022-09-29,431465174
2021-12-CENSUS-0000208872,GSA_MIGRATION,2021,2022-09-29,431550298
2021-12-CENSUS-0000208872,GSA_MIGRATION,2021,2022-09-29,431552945
2021-09-CENSUS-0000068080,GSA_MIGRATION,2021,2022-06-20,431641927
2021-09-CENSUS-0000068080,GSA_MIGRATION,2021,2022-06-20,431656689
2021-09-CENSUS-0000068080,GSA_MIGRATION,2021,2022-06-20,436810485
2021-09-CENSUS-0000068080,GSA_MIGRATION,2021,2022-06-20,440577118
2021-09-CENSUS-0000068080,GSA_MIGRATION,2021,2022-06-20,440584290
2021-09-CENSUS-0000068080,GSA_MIGRATION,2021,2022-06-20,475148345
2021-09-CENSUS-0000068080,GSA_MIGRATION,2021,2022-06-20,823300758
2021-06-CENSUS-0000171819,GSA_MIGRATION,2021,2022-04-05,271309559
2021-06-CENSUS-0000171819,GSA_MIGRATION,2021,2022-04-05,271886383
2021-06-CENSUS-0000171819,GSA_MIGRATION,2021,2022-04-05,320071235
2021-06-CENSUS-0000171819,GSA_MIGRATION,2021,2022-04-05,320514462
2021-06-CENSUS-0000171819,GSA_MIGRATION,2021,2022-04-05,352560482
2021-06-CENSUS-0000171819,GSA_MIGRATION,2021,2022-04-05,364834198
2021-06-CENSUS-0000171819,GSA_MIGRATION,2021,2022-04-05,383988537
2021-06-CENSUS-0000171819,GSA_MIGRATION,2021,2022-04-05,384003509
2021-06-CENSUS-0000171819,GSA_MIGRATION,2021,2022-04-05,464628999
2021-06-CENSUS-0000171819,GSA_MIGRATION,2021,2022-04-05,464663084
2021-06-CENSUS-0000171819,GSA_MIGRATION,2021,2022-04-05,611792102
2021-06-CENSUS-0000171819,GSA_MIGRATION,2021,2022-04-05,621373492
2021-06-CENSUS-0000171819,GSA_MIGRATION,2021,2022-04-05,621486385
2021-06-CENSUS-0000171819,GSA_MIGRATION,2021,2022-04-05,621739505
2021-06-CENSUS-0000171819,GSA_MIGRATION,2021,2022-04-05,621788395
2021-06-CENSUS-0000171819,GSA_MIGRATION,2021,2022-04-05,810696315
2021-06-CENSUS-0000171819,GSA_MIGRATION,2021,2022-04-05,813888869
2021-06-CENSUS-0000171819,GSA_MIGRATION,2021,2022-04-05,823816552
2021-06-CENSUS-0000171819,GSA_MIGRATION,2021,2022-04-05,823817120
2021-06-CENSUS-0000171819,GSA_MIGRATION,2021,2022-04-05,824924682
2021-06-CENSUS-0000171819,GSA_MIGRATION,2021,2022-04-05,833428722
2021-06-CENSUS-0000171819,GSA_MIGRATION,2021,2022-04-05,833449487
2021-06-CENSUS-0000171819,GSA_MIGRATION,2021,2022-04-05,833489613
2021-06-CENSUS-0000171819,GSA_MIGRATION,2021,2022-04-05,843019614
2021-06-CENSUS-0000171819,GSA_MIGRATION,2021,2022-04-05,843694984
2021-06-CENSUS-0000171819,GSA_MIGRATION,2021,2022-04-05,844797130
2021-12-CENSUS-0000253878,GSA_MIGRATION,2021,2022-07-03,841071323
2021-06-CENSUS-0000155331,GSA_MIGRATION,2021,2022-01-02,470798800
2021-06-CENSUS-0000155331,GSA_MIGRATION,2021,2022-01-02,261596578
2021-09-CENSUS-0000232515,GSA_MIGRATION,2021,2022-06-29,222592333
2021-09-CENSUS-0000232515,GSA_MIGRATION,2021,2022-06-29,222703314
2021-09-CENSUS-0000232515,GSA_MIGRATION,2021,2022-06-29,042105745
2021-12-CENSUS-0000254073,GSA_MIGRATION,2021,2022-07-27,042103825
2021-12-CENSUS-0000254073,GSA_MIGRATION,2021,2022-07-27,043217872
2021-12-CENSUS-0000254073,GSA_MIGRATION,2021,2022-07-27,042105800
2021-09-CENSUS-0000229932,GSA_MIGRATION,2021,2022-03-31,942465081
2020-12-CENSUS-0000017092,GSA_MIGRATION,2020,2022-03-29,141338413
2021-06-CENSUS-0000254261,GSA_MIGRATION,2021,2022-08-22,742680553
2021-09-CENSUS-0000096036,GSA_MIGRATION,2021,2022-06-29,640668465
2021-09-CENSUS-0000096036,GSA_MIGRATION,2021,2022-06-29,640751410
2021-09-CENSUS-0000096036,GSA_MIGRATION,2021,2022-06-29,640819193
2021-09-CENSUS-0000096036,GSA_MIGRATION,2021,2022-06-29,640926753
2021-09-CENSUS-0000096036,GSA_MIGRATION,2021,2022-06-29,320583236
2021-09-CENSUS-0000096036,GSA_MIGRATION,2021,2022-06-29,640662976
2021-09-CENSUS-0000096036,GSA_MIGRATION,2021,2022-06-29,640741047
2021-09-CENSUS-0000096036,GSA_MIGRATION,2021,2022-06-29,455382862
2021-09-CENSUS-0000096036,GSA_MIGRATION,2021,2022-06-29,450822865
2021-09-CENSUS-0000096036,GSA_MIGRATION,2021,2022-06-29,113669034
2021-09-CENSUS-0000096036,GSA_MIGRATION,2021,2022-06-29,364914599
2021-09-CENSUS-0000096036,GSA_MIGRATION,2021,2022-06-29,640780130
2021-09-CENSUS-0000096036,GSA_MIGRATION,2021,2022-06-29,640787918
2021-09-CENSUS-0000096036,GSA_MIGRATION,2021,2022-06-29,680561912
2021-09-CENSUS-0000096036,GSA_MIGRATION,2021,2022-06-29,770647210
2021-09-CENSUS-0000096036,GSA_MIGRATION,2021,2022-06-29,811699516
2021-09-CENSUS-0000096036,GSA_MIGRATION,2021,2022-06-29,811818334
2021-12-CENSUS-0000245327,GSA_MIGRATION,2021,2022-09-29,381459362
2021-12-CENSUS-0000245327,GSA_MIGRATION,2021,2022-09-29,381426919
2021-12-CENSUS-0000245327,GSA_MIGRATION,2021,2022-09-29,381405141
2021-12-CENSUS-0000245327,GSA_MIGRATION,2021,2022-09-29,364852171
2021-06-CENSUS-0000246826,GSA_MIGRATION,2021,2022-03-24,200441774
2021-06-CENSUS-0000246826,GSA_MIGRATION,2021,2022-03-24,222215356
2021-06-CENSUS-0000246826,GSA_MIGRATION,2021,2022-03-24,222397467
2021-06-CENSUS-0000246826,GSA_MIGRATION,2021,2022-03-24,222511879
2021-06-CENSUS-0000246826,GSA_MIGRATION,2021,2022-03-24,222560556
2021-06-CENSUS-0000246826,GSA_MIGRATION,2021,2022-03-24,231968547
2021-06-CENSUS-0000246826,GSA_MIGRATION,2021,2022-03-24,232713290
2021-06-CENSUS-0000246826,GSA_MIGRATION,2021,2022-03-24,232735283
2021-06-CENSUS-0000246826,GSA_MIGRATION,2021,2022-03-24,232818995
2021-06-CENSUS-0000246826,GSA_MIGRATION,2021,2022-03-24,221550592
2021-06-CENSUS-0000246826,GSA_MIGRATION,2021,2022-03-24,231352080
2021-06-CENSUS-0000246826,GSA_MIGRATION,2021,2022-03-24,232911839
2021-06-CENSUS-0000246826,GSA_MIGRATION,2021,2022-03-24,232991533
2021-06-CENSUS-0000246826,GSA_MIGRATION,2021,2022-03-24,833128346
2021-06-CENSUS-0000246826,GSA_MIGRATION,2021,2022-03-24,842330953
2021-06-CENSUS-0000246826,GSA_MIGRATION,2021,2022-03-24,842418705
2021-06-CENSUS-0000246826,GSA_MIGRATION,2021,2022-03-24,843047396
2021-06-CENSUS-0000246826,GSA_MIGRATION,2021,2022-03-24,863414545
2021-06-CENSUS-0000246826,GSA_MIGRATION,2021,2022-03-24,870846562
2021-06-CENSUS-0000246826,GSA_MIGRATION,2021,2022-03-24,450463456
2021-06-CENSUS-0000246826,GSA_MIGRATION,2021,2022-03-24,461205364
2021-06-CENSUS-0000246826,GSA_MIGRATION,2021,2022-03-24,561248778
2021-06-CENSUS-0000246826,GSA_MIGRATION,2021,2022-03-24,472886590
2021-06-CENSUS-0000246826,GSA_MIGRATION,2021,2022-03-24,472963518
2021-06-CENSUS-0000246826,GSA_MIGRATION,2021,2022-03-24,473550736
2021-06-CENSUS-0000246826,GSA_MIGRATION,2021,2022-03-24,474187666
2021-06-CENSUS-0000246826,GSA_MIGRATION,2021,2022-03-24,810884735
2021-06-CENSUS-0000246826,GSA_MIGRATION,2021,2022-03-24,821809627
2021-06-CENSUS-0000246826,GSA_MIGRATION,2021,2022-03-24,821827744
2021-06-CENSUS-0000246826,GSA_MIGRATION,2021,2022-03-24,822927898
2021-06-CENSUS-0000246826,GSA_MIGRATION,2021,2022-03-24,824370040
2021-06-CENSUS-0000246826,GSA_MIGRATION,2021,2022-03-24,825432996
2021-12-CENSUS-0000255335,GSA_MIGRATION,2021,2022-09-29,311451813
2021-12-CENSUS-0000255335,GSA_MIGRATION,2021,2022-09-29,311816443
2021-12-CENSUS-0000255335,GSA_MIGRATION,2021,2022-09-29,311591769
2021-12-CENSUS-0000255761,GSA_MIGRATION,2021,2022-10-27,260262903
2021-12-CENSUS-0000255761,GSA_MIGRATION,2021,2022-10-27,351020934
2021-12-CENSUS-0000255761,GSA_MIGRATION,2021,2022-10-27,351680796
2021-12-CENSUS-0000255761,GSA_MIGRATION,2021,2022-10-27,262053830
2021-12-CENSUS-0000255761,GSA_MIGRATION,2021,2022-10-27,452664455
2021-06-CENSUS-0000186606,GSA_MIGRATION,2021,2022-03-21,066001629
2021-06-CENSUS-0000254842,GSA_MIGRATION,2021,2022-09-26,431960221
2021-06-CENSUS-0000254387,GSA_MIGRATION,2021,2022-09-07,202117469
2021-06-CENSUS-0000254387,GSA_MIGRATION,2021,2022-09-07,362167830
2021-06-CENSUS-0000254387,GSA_MIGRATION,2021,2022-09-07,362192824
2021-09-CENSUS-0000212809,GSA_MIGRATION,2021,2022-04-11,381737643
2021-06-CENSUS-0000183059,GSA_MIGRATION,2021,2022-01-24,541716751
2021-06-CENSUS-0000183059,GSA_MIGRATION,2021,2022-01-24,541180462
2021-06-CENSUS-0000183059,GSA_MIGRATION,2021,2022-01-24,541859762
2021-09-CENSUS-0000226112,GSA_MIGRATION,2021,2022-06-29,455363543
2021-11-CENSUS-0000213103,GSA_MIGRATION,2021,2022-05-26,371289939
2021-11-CENSUS-0000213103,GSA_MIGRATION,2021,2022-05-26,370914443
2021-11-CENSUS-0000213103,GSA_MIGRATION,2021,2022-05-26,371251255
2021-12-CENSUS-0000009738,GSA_MIGRATION,2021,2022-05-30,113360966
2021-06-CENSUS-0000253342,GSA_MIGRATION,2021,2022-05-30,262358970
2021-12-CENSUS-0000255378,GSA_MIGRATION,2021,2022-09-29,371874331
2021-12-CENSUS-0000054907,GSA_MIGRATION,2021,2022-07-17,270229331
2021-06-CENSUS-0000182877,GSA_MIGRATION,2021,2022-02-07,546001692
2021-06-CENSUS-0000182877,GSA_MIGRATION,2021,2022-02-07,546001693
2021-12-CENSUS-0000252852,GSA_MIGRATION,2021,2022-03-30,474670143
2021-09-CENSUS-0000236571,GSA_MIGRATION,2021,2022-10-26,636004942
2021-12-CENSUS-0000246449,GSA_MIGRATION,2021,2022-09-29,473598083
2021-12-CENSUS-0000246449,GSA_MIGRATION,2021,2022-09-29,510216586
2021-12-CENSUS-0000246449,GSA_MIGRATION,2021,2022-09-29,510216589
2021-12-CENSUS-0000246449,GSA_MIGRATION,2021,2022-09-29,510224944
2021-12-CENSUS-0000246449,GSA_MIGRATION,2021,2022-09-29,562290878
2021-12-CENSUS-0000246449,GSA_MIGRATION,2021,2022-09-29,611570502
2021-12-CENSUS-0000246449,GSA_MIGRATION,2021,2022-09-29,611591533
2021-12-CENSUS-0000246449,GSA_MIGRATION,2021,2022-09-29,611659489
2021-12-CENSUS-0000246449,GSA_MIGRATION,2021,2022-09-29,611723176
2021-12-CENSUS-0000246449,GSA_MIGRATION,2021,2022-09-29,680331084
2021-12-CENSUS-0000246449,GSA_MIGRATION,2021,2022-09-29,680393144
2021-12-CENSUS-0000246449,GSA_MIGRATION,2021,2022-09-29,680395200
2021-12-CENSUS-0000246449,GSA_MIGRATION,2021,2022-09-29,752133781
2021-12-CENSUS-0000246449,GSA_MIGRATION,2021,2022-09-29,752246348
2021-12-CENSUS-0000246449,GSA_MIGRATION,2021,2022-09-29,752426010
2021-12-CENSUS-0000246449,GSA_MIGRATION,2021,2022-09-29,752428911
2021-12-CENSUS-0000246449,GSA_MIGRATION,2021,2022-09-29,752743883
2021-12-CENSUS-0000246449,GSA_MIGRATION,2021,2022-09-29,810231793
2021-12-CENSUS-0000246449,GSA_MIGRATION,2021,2022-09-29,810463482
2021-12-CENSUS-0000246449,GSA_MIGRATION,2021,2022-09-29,814542216
2021-12-CENSUS-0000246449,GSA_MIGRATION,2021,2022-09-29,814791043
2021-12-CENSUS-0000246449,GSA_MIGRATION,2021,2022-09-29,822913146
2021-12-CENSUS-0000246449,GSA_MIGRATION,2021,2022-09-29,832802775
2021-12-CENSUS-0000246449,GSA_MIGRATION,2021,2022-09-29,833972614
2021-12-CENSUS-0000246449,GSA_MIGRATION,2021,2022-09-29,834352493
2021-12-CENSUS-0000246449,GSA_MIGRATION,2021,2022-09-29,834359744
2021-12-CENSUS-0000246449,GSA_MIGRATION,2021,2022-09-29,852390012
2021-12-CENSUS-0000246449,GSA_MIGRATION,2021,2022-09-29,910373400
2021-12-CENSUS-0000246449,GSA_MIGRATION,2021,2022-09-29,910433740
2021-12-CENSUS-0000246449,GSA_MIGRATION,2021,2022-09-29,910565557
2021-12-CENSUS-0000246449,GSA_MIGRATION,2021,2022-09-29,910567732
2021-12-CENSUS-0000246449,GSA_MIGRATION,2021,2022-09-29,910573108
2021-12-CENSUS-0000246449,GSA_MIGRATION,2021,2022-09-29,910655392
2021-12-CENSUS-0000246449,GSA_MIGRATION,2021,2022-09-29,911216033
2021-12-CENSUS-0000246449,GSA_MIGRATION,2021,2022-09-29,911307555
2021-12-CENSUS-0000246449,GSA_MIGRATION,2021,2022-09-29,911491167
2021-12-CENSUS-0000246449,GSA_MIGRATION,2021,2022-09-29,911496520
2021-12-CENSUS-0000246449,GSA_MIGRATION,2021,2022-09-29,911512896
2021-12-CENSUS-0000246449,GSA_MIGRATION,2021,2022-09-29,911576519
2021-12-CENSUS-0000246449,GSA_MIGRATION,2021,2022-09-29,911644837
2021-12-CENSUS-0000246449,GSA_MIGRATION,2021,2022-09-29,911690631
2021-12-CENSUS-0000246449,GSA_MIGRATION,2021,2022-09-29,911692955
2021-12-CENSUS-0000246449,GSA_MIGRATION,2021,2022-09-29,911708341
2021-12-CENSUS-0000246449,GSA_MIGRATION,2021,2022-09-29,911728399
2021-12-CENSUS-0000246449,GSA_MIGRATION,2021,2022-09-29,911768680
2021-12-CENSUS-0000246449,GSA_MIGRATION,2021,2022-09-29,911784793
2021-12-CENSUS-0000246449,GSA_MIGRATION,2021,2022-09-29,911911869
2021-12-CENSUS-0000246449,GSA_MIGRATION,2021,2022-09-29,911942315
2021-12-CENSUS-0000246449,GSA_MIGRATION,2021,2022-09-29,911943495
2021-12-CENSUS-0000246449,GSA_MIGRATION,2021,2022-09-29,912000020
2021-12-CENSUS-0000246449,GSA_MIGRATION,2021,2022-09-29,912073120
2021-12-CENSUS-0000246449,GSA_MIGRATION,2021,2022-09-29,920016429
2021-12-CENSUS-0000246449,GSA_MIGRATION,2021,2022-09-29,920094231
2021-06-CENSUS-0000186169,GSA_MIGRATION,2021,2022-01-03,060871186
2021-06-CENSUS-0000003008,GSA_MIGRATION,2021,2022-01-10,223128809
2021-06-CENSUS-0000003008,GSA_MIGRATION,2021,2022-01-10,743248920
2021-06-CENSUS-0000003008,GSA_MIGRATION,2021,2022-01-10,800649502
2021-06-CENSUS-0000003008,GSA_MIGRATION,2021,2022-01-10,943469228
2021-12-CENSUS-0000254744,GSA_MIGRATION,2021,2022-09-25,475264257
2021-12-CENSUS-0000254744,GSA_MIGRATION,2021,2022-09-25,475265761
2021-12-CENSUS-0000254744,GSA_MIGRATION,2021,2022-09-25,475265867
2021-12-CENSUS-0000254744,GSA_MIGRATION,2021,2022-09-25,475266003
2021-12-CENSUS-0000254744,GSA_MIGRATION,2021,2022-09-25,475266191
2021-12-CENSUS-0000254744,GSA_MIGRATION,2021,2022-09-25,352623020
2021-12-CENSUS-0000254744,GSA_MIGRATION,2021,2022-09-25,475266100
2021-12-CENSUS-0000254744,GSA_MIGRATION,2021,2022-09-25,475266278
2021-12-CENSUS-0000254744,GSA_MIGRATION,2021,2022-09-25,475261774
2021-12-CENSUS-0000254744,GSA_MIGRATION,2021,2022-09-25,813880327
2021-12-CENSUS-0000254744,GSA_MIGRATION,2021,2022-09-25,384074955
2021-12-CENSUS-0000254744,GSA_MIGRATION,2021,2022-09-25,475266350
2021-12-CENSUS-0000254744,GSA_MIGRATION,2021,2022-09-25,475266424
2021-12-CENSUS-0000254744,GSA_MIGRATION,2021,2022-09-25,475266495
2021-12-CENSUS-0000254744,GSA_MIGRATION,2021,2022-09-25,475266596
2021-12-CENSUS-0000254744,GSA_MIGRATION,2021,2022-09-25,475275657
2021-12-CENSUS-0000254744,GSA_MIGRATION,2021,2022-09-25,475286309
2021-12-CENSUS-0000254744,GSA_MIGRATION,2021,2022-09-25,475310478
2021-12-CENSUS-0000254744,GSA_MIGRATION,2021,2022-09-25,273821703
2021-09-CENSUS-0000000202,GSA_MIGRATION,2021,2022-06-20,010211546
2021-09-CENSUS-0000000202,GSA_MIGRATION,2021,2022-06-20,010382340
2021-09-CENSUS-0000000202,GSA_MIGRATION,2021,2022-06-20,222571902
2021-09-CENSUS-0000000202,GSA_MIGRATION,2021,2022-06-20,010442142
2021-09-CENSUS-0000000202,GSA_MIGRATION,2021,2022-06-20,020222156
2021-09-CENSUS-0000000202,GSA_MIGRATION,2021,2022-06-20,010496221
2021-09-CENSUS-0000000202,GSA_MIGRATION,2021,2022-06-20,010215911
2021-09-CENSUS-0000000202,GSA_MIGRATION,2021,2022-06-20,010511356
2021-09-CENSUS-0000000202,GSA_MIGRATION,2021,2022-06-20,010213976
2021-09-CENSUS-0000000202,GSA_MIGRATION,2021,2022-06-20,010219904
2021-09-CENSUS-0000000202,GSA_MIGRATION,2021,2022-06-20,010339489
2021-09-CENSUS-0000000202,GSA_MIGRATION,2021,2022-06-20,010489824
2021-06-CENSUS-0000254708,GSA_MIGRATION,2021,2022-09-22,440545289
2021-06-CENSUS-0000254708,GSA_MIGRATION,2021,2022-09-22,832249459
2021-06-CENSUS-0000254708,GSA_MIGRATION,2021,2022-09-22,440580870
2021-06-CENSUS-0000254708,GSA_MIGRATION,2021,2022-09-22,261972987
2021-12-CENSUS-0000020541,GSA_MIGRATION,2021,2022-09-29,270294681
2021-12-CENSUS-0000020541,GSA_MIGRATION,2021,2022-09-29,222402959
2021-12-CENSUS-0000233938,GSA_MIGRATION,2021,2022-09-27,616027530
2021-12-CENSUS-0000233938,GSA_MIGRATION,2021,2022-09-27,611028724
2021-12-CENSUS-0000233938,GSA_MIGRATION,2021,2022-09-27,610703799
2021-12-CENSUS-0000233938,GSA_MIGRATION,2021,2022-09-27,310914919
2021-12-CENSUS-0000233938,GSA_MIGRATION,2021,2022-09-27,611276316
2021-12-CENSUS-0000233938,GSA_MIGRATION,2021,2022-09-27,610981097
2021-12-CENSUS-0000250483,GSA_MIGRATION,2021,2022-05-19,465195916
2021-06-CENSUS-0000135708,GSA_MIGRATION,2021,2022-04-18,205352138
2021-06-CENSUS-0000190705,GSA_MIGRATION,2021,2022-01-09,836000298
2021-06-CENSUS-0000190705,GSA_MIGRATION,2021,2022-01-09,830329974
2021-06-CENSUS-0000190705,GSA_MIGRATION,2021,2022-01-09,830246833
2021-06-CENSUS-0000190705,GSA_MIGRATION,2021,2022-01-09,830220039
2021-06-CENSUS-0000109367,GSA_MIGRATION,2021,2022-05-31,311532716
2021-06-CENSUS-0000254626,GSA_MIGRATION,2021,2022-09-20,431277070
2021-06-CENSUS-0000245635,GSA_MIGRATION,2021,2022-09-29,521524967
2021-06-CENSUS-0000245635,GSA_MIGRATION,2021,2022-09-29,521230183
2021-06-CENSUS-0000245635,GSA_MIGRATION,2021,2022-09-29,521753040
2021-06-CENSUS-0000245635,GSA_MIGRATION,2021,2022-09-29,520607971
2021-12-CENSUS-0000255338,GSA_MIGRATION,2021,2022-09-29,314391798
2021-12-CENSUS-0000255338,GSA_MIGRATION,2021,2022-09-29,311086097
2021-12-CENSUS-0000255338,GSA_MIGRATION,2021,2022-09-29,311311881
2021-06-CENSUS-0000218914,GSA_MIGRATION,2021,2022-09-26,410850702
2021-06-CENSUS-0000218914,GSA_MIGRATION,2021,2022-09-26,411494832
2021-06-CENSUS-0000218914,GSA_MIGRATION,2021,2022-09-26,823166379
2021-06-CENSUS-0000218914,GSA_MIGRATION,2021,2022-09-26,384089454
2021-06-CENSUS-0000218914,GSA_MIGRATION,2021,2022-09-26,411420529
2021-06-CENSUS-0000218914,GSA_MIGRATION,2021,2022-09-26,411806657
2021-06-CENSUS-0000218914,GSA_MIGRATION,2021,2022-09-26,411620618
2021-06-CENSUS-0000218914,GSA_MIGRATION,2021,2022-09-26,611514974
2021-06-CENSUS-0000218914,GSA_MIGRATION,2021,2022-09-26,464182501
2021-06-CENSUS-0000218914,GSA_MIGRATION,2021,2022-09-26,410695596
2021-06-CENSUS-0000218914,GSA_MIGRATION,2021,2022-09-26,411321978
2021-06-CENSUS-0000218914,GSA_MIGRATION,2021,2022-09-26,411865315
2021-06-CENSUS-0000218914,GSA_MIGRATION,2021,2022-09-26,411872154
2021-06-CENSUS-0000218914,GSA_MIGRATION,2021,2022-09-26,411924645
2021-06-CENSUS-0000218914,GSA_MIGRATION,2021,2022-09-26,452438973
2021-06-CENSUS-0000218914,GSA_MIGRATION,2021,2022-09-26,463274763
2021-06-CENSUS-0000218914,GSA_MIGRATION,2021,2022-09-26,463298651
2021-06-CENSUS-0000218914,GSA_MIGRATION,2021,2022-09-26,813593057
2021-06-CENSUS-0000223053,GSA_MIGRATION,2021,2022-09-29,210634582
2021-06-CENSUS-0000223053,GSA_MIGRATION,2021,2022-09-29,221501364
2021-06-CENSUS-0000223053,GSA_MIGRATION,2021,2022-09-29,223166974
2021-06-CENSUS-0000223053,GSA_MIGRATION,2021,2022-09-29,222424253
2021-06-CENSUS-0000223053,GSA_MIGRATION,2021,2022-09-29,210634500
2021-06-CENSUS-0000223053,GSA_MIGRATION,2021,2022-09-29,232696460
2021-06-CENSUS-0000007022,GSA_MIGRATION,2021,2022-09-29,060942210
2021-08-CENSUS-0000218354,GSA_MIGRATION,2021,2022-01-25,273045436
2021-09-CENSUS-0000251321,GSA_MIGRATION,2021,2022-02-07,020324948
2021-08-CENSUS-0000104840,GSA_MIGRATION,2021,2022-01-26,311677738
2021-08-CENSUS-0000207913,GSA_MIGRATION,2021,2022-05-25,112443501
2021-08-CENSUS-0000207913,GSA_MIGRATION,2021,2022-05-25,112827308
2021-09-CENSUS-0000257938,GSA_MIGRATION,2021,2022-06-29,721542664
2021-09-CENSUS-0000257938,GSA_MIGRATION,2021,2022-06-29,208047909
2021-09-CENSUS-0000257938,GSA_MIGRATION,2021,2022-06-29,461585405
2021-09-CENSUS-0000257938,GSA_MIGRATION,2021,2022-06-29,521152014
2021-09-CENSUS-0000257938,GSA_MIGRATION,2021,2022-06-29,920076522
2021-09-CENSUS-0000257938,GSA_MIGRATION,2021,2022-06-29,770603845
2021-09-CENSUS-0000257938,GSA_MIGRATION,2021,2022-06-29,454151897
2021-09-CENSUS-0000257938,GSA_MIGRATION,2021,2022-06-29,200155601
2021-09-CENSUS-0000257938,GSA_MIGRATION,2021,2022-06-29,200155597
2021-06-CENSUS-0000182312,GSA_MIGRATION,2021,2022-06-29,471042118
2021-12-CENSUS-0000255168,GSA_MIGRATION,2021,2022-12-01,752646477
2021-12-CENSUS-0000222380,GSA_MIGRATION,2021,2022-09-28,161434368
2021-12-CENSUS-0000222380,GSA_MIGRATION,2021,2022-09-28,160762843
2021-12-CENSUS-0000222380,GSA_MIGRATION,2021,2022-09-28,161426698
2021-12-CENSUS-0000222380,GSA_MIGRATION,2021,2022-09-28,160756336
2021-12-CENSUS-0000222380,GSA_MIGRATION,2021,2022-09-28,161523353
2021-12-CENSUS-0000222380,GSA_MIGRATION,2021,2022-09-28,161523352
2021-12-CENSUS-0000222380,GSA_MIGRATION,2021,2022-09-28,160743187
2021-09-CENSUS-0000255719,GSA_MIGRATION,2021,2022-10-24,205672300
2021-06-CENSUS-0000171420,GSA_MIGRATION,2021,2022-03-16,621174848
2021-06-CENSUS-0000171420,GSA_MIGRATION,2021,2022-03-16,626000761
2021-12-CENSUS-0000255104,GSA_MIGRATION,2021,2022-09-28,132894677
2021-12-CENSUS-0000255104,GSA_MIGRATION,2021,2022-09-28,320033321
2021-06-CENSUS-0000001942,GSA_MIGRATION,2021,2022-01-18,465228806
2021-12-CENSUS-0000203850,GSA_MIGRATION,2021,2022-06-29,460961495
2021-12-CENSUS-0000255609,GSA_MIGRATION,2021,2022-10-11,391096121
2021-12-CENSUS-0000255609,GSA_MIGRATION,2021,2022-10-11,390942151
2021-12-CENSUS-0000182189,GSA_MIGRATION,2021,2022-09-29,731221559
2021-06-CENSUS-0000255011,GSA_MIGRATION,2021,2022-09-27,232809429
2021-06-CENSUS-0000255011,GSA_MIGRATION,2021,2022-09-27,841973047
2021-12-CENSUS-0000020567,GSA_MIGRATION,2021,2022-09-29,226019101
2021-12-CENSUS-0000020567,GSA_MIGRATION,2021,2022-09-29,223474145
2021-06-CENSUS-0000176032,GSA_MIGRATION,2021,2022-03-01,541201455
2021-06-CENSUS-0000176032,GSA_MIGRATION,2021,2022-03-01,541744910
2021-06-CENSUS-0000080781,GSA_MIGRATION,2021,2022-09-29,550516532
2021-12-CENSUS-0000254379,GSA_MIGRATION,2021,2022-09-06,202014073
2021-12-CENSUS-0000084247,GSA_MIGRATION,2021,2022-08-28,832759523
2021-12-CENSUS-0000084247,GSA_MIGRATION,2021,2022-08-28,863324640
2021-09-CENSUS-0000094810,GSA_MIGRATION,2021,2022-08-25,631130298
2021-09-CENSUS-0000094810,GSA_MIGRATION,2021,2022-08-25,630909477
2021-09-CENSUS-0000094810,GSA_MIGRATION,2021,2022-08-25,631130295
2021-09-CENSUS-0000094810,GSA_MIGRATION,2021,2022-08-25,631130299
2021-09-CENSUS-0000094810,GSA_MIGRATION,2021,2022-08-25,581893454
2021-09-CENSUS-0000094810,GSA_MIGRATION,2021,2022-08-25,631130297
2021-09-CENSUS-0000094810,GSA_MIGRATION,2021,2022-08-25,630955728
2021-06-CENSUS-0000187503,GSA_MIGRATION,2021,2022-08-28,311252095
2021-06-CENSUS-0000187503,GSA_MIGRATION,2021,2022-08-28,426005333
2021-10-CENSUS-0000181210,GSA_MIGRATION,2021,2022-06-06,842173788
2021-06-CENSUS-0000176067,GSA_MIGRATION,2021,2022-02-08,546001318
2021-06-CENSUS-0000176067,GSA_MIGRATION,2021,2022-02-08,546001321
2021-06-CENSUS-0000254730,GSA_MIGRATION,2021,2022-09-25,943047869
2021-12-CENSUS-0000246420,GSA_MIGRATION,2021,2022-09-27,362167008
2021-09-CENSUS-0000253723,GSA_MIGRATION,2021,2022-06-28,061463147
2021-09-CENSUS-0000253723,GSA_MIGRATION,2021,2022-06-28,060647014
2021-09-CENSUS-0000161670,GSA_MIGRATION,2021,2022-06-29,462518059
2021-12-CENSUS-0000019180,GSA_MIGRATION,2021,2022-08-29,161201952
2021-12-CENSUS-0000019180,GSA_MIGRATION,2021,2022-08-29,161525667
2021-12-CENSUS-0000019180,GSA_MIGRATION,2021,2022-08-29,161462266
2021-03-CENSUS-0000113099,GSA_MIGRATION,2021,2022-06-29,880294837
2021-06-CENSUS-0000089609,GSA_MIGRATION,2021,2022-09-28,471324600
2021-06-CENSUS-0000089609,GSA_MIGRATION,2021,2022-09-28,592357609
2021-06-CENSUS-0000089609,GSA_MIGRATION,2021,2022-09-28,592994648
2021-06-CENSUS-0000089609,GSA_MIGRATION,2021,2022-09-28,593051104
2021-06-CENSUS-0000089609,GSA_MIGRATION,2021,2022-09-28,593551267
2021-06-CENSUS-0000155940,GSA_MIGRATION,2021,2022-09-28,886021703
2021-06-CENSUS-0000155940,GSA_MIGRATION,2021,2022-09-28,880140951
2021-12-CENSUS-0000187882,GSA_MIGRATION,2021,2022-09-27,270590395
2021-12-CENSUS-0000120855,GSA_MIGRATION,2021,2022-07-06,942860387
2021-06-CENSUS-0000176044,GSA_MIGRATION,2021,2022-04-13,546001175
2021-06-CENSUS-0000176044,GSA_MIGRATION,2021,2022-04-13,546001178
2021-06-CENSUS-0000255064,GSA_MIGRATION,2021,2022-09-28,223594910
2021-06-CENSUS-0000255064,GSA_MIGRATION,2021,2022-09-28,223257971
2021-12-CENSUS-0000239085,GSA_MIGRATION,2021,2022-09-29,350877574
2021-12-CENSUS-0000239085,GSA_MIGRATION,2021,2022-09-29,350868132
2021-12-CENSUS-0000239085,GSA_MIGRATION,2021,2022-09-29,350835006
2021-12-CENSUS-0000239085,GSA_MIGRATION,2021,2022-09-29,351536132
2021-12-CENSUS-0000239085,GSA_MIGRATION,2021,2022-09-29,351901068
2021-12-CENSUS-0000239085,GSA_MIGRATION,2021,2022-09-29,320541809
2021-12-CENSUS-0000241423,GSA_MIGRATION,2021,2022-05-11,261590901
2021-12-CENSUS-0000253186,GSA_MIGRATION,2021,2022-05-10,411781580
2021-12-CENSUS-0000084668,GSA_MIGRATION,2021,2022-09-22,842247928
2021-12-CENSUS-0000084668,GSA_MIGRATION,2021,2022-09-22,582479523
2021-12-CENSUS-0000084668,GSA_MIGRATION,2021,2022-09-22,822266076
2021-12-CENSUS-0000254863,GSA_MIGRATION,2021,2022-09-26,453013461
2021-12-CENSUS-0000198588,GSA_MIGRATION,2021,2022-09-29,810889110
2021-12-CENSUS-0000198588,GSA_MIGRATION,2021,2022-09-29,811200310
2021-12-CENSUS-0000198588,GSA_MIGRATION,2021,2022-09-29,830358914
2021-03-CENSUS-0000220502,GSA_MIGRATION,2021,2022-06-29,472139483
2021-03-CENSUS-0000220502,GSA_MIGRATION,2021,2022-06-29,472145395
2021-06-CENSUS-0000252647,GSA_MIGRATION,2021,2022-03-27,461116776
2021-12-CENSUS-0000246449,GSA_MIGRATION,2021,2022-09-29,920118807
2021-12-CENSUS-0000246449,GSA_MIGRATION,2021,2022-09-29,920154835
2021-12-CENSUS-0000246449,GSA_MIGRATION,2021,2022-09-29,920162237
2021-12-CENSUS-0000246449,GSA_MIGRATION,2021,2022-09-29,920165487
2021-12-CENSUS-0000246449,GSA_MIGRATION,2021,2022-09-29,920174248
2021-12-CENSUS-0000246449,GSA_MIGRATION,2021,2022-09-29,920174249
2021-12-CENSUS-0000246449,GSA_MIGRATION,2021,2022-09-29,930386889
2021-12-CENSUS-0000246449,GSA_MIGRATION,2021,2022-09-29,930386906
2021-12-CENSUS-0000246449,GSA_MIGRATION,2021,2022-09-29,930386912
2021-12-CENSUS-0000246449,GSA_MIGRATION,2021,2022-09-29,930386929
2021-12-CENSUS-0000246449,GSA_MIGRATION,2021,2022-09-29,930796090
2021-06-CENSUS-0000124792,GSA_MIGRATION,2021,2022-02-24,954457426
2021-06-CENSUS-0000232421,GSA_MIGRATION,2021,2022-09-28,351107009
2021-06-CENSUS-0000232421,GSA_MIGRATION,2021,2022-09-28,351738708
2021-06-CENSUS-0000232421,GSA_MIGRATION,2021,2022-09-28,352007327
2021-06-CENSUS-0000232421,GSA_MIGRATION,2021,2022-09-28,454158203
2021-06-CENSUS-0000232421,GSA_MIGRATION,2021,2022-09-28,351956395
2021-06-CENSUS-0000232421,GSA_MIGRATION,2021,2022-09-28,820854709
2021-06-CENSUS-0000176037,GSA_MIGRATION,2021,2022-03-27,541585719
2021-06-CENSUS-0000176037,GSA_MIGRATION,2021,2022-03-27,546001133
2021-06-CENSUS-0000255253,GSA_MIGRATION,2021,2022-10-03,391940920
2021-06-CENSUS-0000255253,GSA_MIGRATION,2021,2022-10-03,391126946
2021-12-CENSUS-0000022772,GSA_MIGRATION,2021,2022-05-10,222593378
2021-12-CENSUS-0000022772,GSA_MIGRATION,2021,2022-05-10,452562622
2021-12-CENSUS-0000022772,GSA_MIGRATION,2021,2022-05-10,043246547
2021-12-CENSUS-0000022772,GSA_MIGRATION,2021,2022-05-10,263638703
2021-12-CENSUS-0000022772,GSA_MIGRATION,2021,2022-05-10,043246552
2021-12-CENSUS-0000022772,GSA_MIGRATION,2021,2022-05-10,205460472
2021-06-CENSUS-0000192124,GSA_MIGRATION,2021,2022-03-28,133892553
2021-06-CENSUS-0000192124,GSA_MIGRATION,2021,2022-03-28,010803813
2021-06-CENSUS-0000192124,GSA_MIGRATION,2021,2022-03-28,133654077
2021-06-CENSUS-0000192124,GSA_MIGRATION,2021,2022-03-28,133507989
2021-06-CENSUS-0000192124,GSA_MIGRATION,2021,2022-03-28,133870986
2021-06-CENSUS-0000192124,GSA_MIGRATION,2021,2022-03-28,133660919
2021-06-CENSUS-0000192124,GSA_MIGRATION,2021,2022-03-28,133900886
2021-06-CENSUS-0000192124,GSA_MIGRATION,2021,2022-03-28,880425866
2021-06-CENSUS-0000192124,GSA_MIGRATION,2021,2022-03-28,133678724
2021-06-CENSUS-0000254800,GSA_MIGRATION,2021,2022-09-26,271332228
2021-06-CENSUS-0000049268,GSA_MIGRATION,2021,2022-02-23,364063660
2021-06-CENSUS-0000049268,GSA_MIGRATION,2021,2022-02-23,363820903
2021-06-CENSUS-0000049268,GSA_MIGRATION,2021,2022-02-23,760431133
2021-06-CENSUS-0000049268,GSA_MIGRATION,2021,2022-02-23,941572781
2021-06-CENSUS-0000049268,GSA_MIGRATION,2021,2022-02-23,237128924
2021-06-CENSUS-0000255329,GSA_MIGRATION,2021,2022-09-29,480970364
2021-06-CENSUS-0000255329,GSA_MIGRATION,2021,2022-09-29,480970362
2021-06-CENSUS-0000255329,GSA_MIGRATION,2021,2022-09-29,480927101
2021-06-CENSUS-0000254815,GSA_MIGRATION,2021,2022-09-26,200830328
2021-12-CENSUS-0000255279,GSA_MIGRATION,2021,2022-10-02,391966791
2021-12-CENSUS-0000255279,GSA_MIGRATION,2021,2022-10-02,390790565
2021-12-CENSUS-0000247573,GSA_MIGRATION,2021,2022-08-16,511889077
2021-12-CENSUS-0000247573,GSA_MIGRATION,2021,2022-08-16,810881760
2021-12-CENSUS-0000247573,GSA_MIGRATION,2021,2022-08-16,810903010
2021-12-CENSUS-0000247573,GSA_MIGRATION,2021,2022-08-16,819025158
2021-12-CENSUS-0000199484,GSA_MIGRATION,2021,2022-09-20,223452306
2021-12-CENSUS-0000199484,GSA_MIGRATION,2021,2022-09-20,221487243
2021-12-CENSUS-0000199484,GSA_MIGRATION,2021,2022-09-20,223343959
2021-12-CENSUS-0000199484,GSA_MIGRATION,2021,2022-09-20,223452311
2021-12-CENSUS-0000199484,GSA_MIGRATION,2021,2022-09-20,222783298
2021-12-CENSUS-0000199484,GSA_MIGRATION,2021,2022-09-20,223452413
2021-12-CENSUS-0000199484,GSA_MIGRATION,2021,2022-09-20,223452412
2021-12-CENSUS-0000199484,GSA_MIGRATION,2021,2022-09-20,221487305
2021-12-CENSUS-0000199484,GSA_MIGRATION,2021,2022-09-20,221487148
2021-12-CENSUS-0000199484,GSA_MIGRATION,2021,2022-09-20,221500556
2021-12-CENSUS-0000255245,GSA_MIGRATION,2021,2022-10-03,900506872
2021-12-CENSUS-0000255245,GSA_MIGRATION,2021,2022-10-03,391857036
2021-12-CENSUS-0000255245,GSA_MIGRATION,2021,2022-10-03,391270056
2021-12-CENSUS-0000255245,GSA_MIGRATION,2021,2022-10-03,237148097
2021-12-CENSUS-0000255245,GSA_MIGRATION,2021,2022-10-03,391238670
2021-06-CENSUS-0000026668,GSA_MIGRATION,2021,2022-01-09,232587601
2021-06-CENSUS-0000026668,GSA_MIGRATION,2021,2022-01-09,261684283
2021-06-CENSUS-0000176086,GSA_MIGRATION,2021,2022-01-04,546001416
2021-06-CENSUS-0000176086,GSA_MIGRATION,2021,2022-01-04,546001418
2021-12-CENSUS-0000252908,GSA_MIGRATION,2021,2022-03-31,931091701
2021-12-CENSUS-0000252908,GSA_MIGRATION,2021,2022-03-31,800240381
2021-09-CENSUS-0000252399,GSA_MIGRATION,2021,2022-03-01,370661183
2021-09-CENSUS-0000252399,GSA_MIGRATION,2021,2022-03-01,814181593
2021-09-CENSUS-0000252399,GSA_MIGRATION,2021,2022-03-01,371396010
2021-09-CENSUS-0000252399,GSA_MIGRATION,2021,2022-03-01,371132117
2021-09-CENSUS-0000252399,GSA_MIGRATION,2021,2022-03-01,431932359
2021-09-CENSUS-0000252399,GSA_MIGRATION,2021,2022-03-01,710893524
2021-09-CENSUS-0000252399,GSA_MIGRATION,2021,2022-03-01,262362717
2021-09-CENSUS-0000252399,GSA_MIGRATION,2021,2022-03-01,470901851
2021-09-CENSUS-0000252399,GSA_MIGRATION,2021,2022-03-01,420710268
2021-09-CENSUS-0000252399,GSA_MIGRATION,2021,2022-03-01,421237312
2021-09-CENSUS-0000252399,GSA_MIGRATION,2021,2022-03-01,431857277
2021-06-CENSUS-0000227365,GSA_MIGRATION,2021,2022-03-28,473552821
2021-12-CENSUS-0000219891,GSA_MIGRATION,2021,2022-08-03,590724462
2021-12-CENSUS-0000219891,GSA_MIGRATION,2021,2022-08-03,592374556
2021-12-CENSUS-0000219891,GSA_MIGRATION,2021,2022-08-03,590774199
2021-12-CENSUS-0000219891,GSA_MIGRATION,2021,2022-08-03,591371752
2021-12-CENSUS-0000248703,GSA_MIGRATION,2021,2022-09-26,271408630
2021-12-CENSUS-0000248703,GSA_MIGRATION,2021,2022-09-26,310537085
2021-12-CENSUS-0000248703,GSA_MIGRATION,2021,2022-09-26,310538532
2021-12-CENSUS-0000248703,GSA_MIGRATION,2021,2022-09-26,310785684
2021-12-CENSUS-0000248703,GSA_MIGRATION,2021,2022-09-26,310830955
2021-12-CENSUS-0000248703,GSA_MIGRATION,2021,2022-09-26,311007881
2021-12-CENSUS-0000248703,GSA_MIGRATION,2021,2022-09-26,311091597
2021-12-CENSUS-0000203665,GSA_MIGRATION,2021,2022-07-25,203050787
2021-12-CENSUS-0000203665,GSA_MIGRATION,2021,2022-07-25,203917379
2021-12-CENSUS-0000203665,GSA_MIGRATION,2021,2022-07-25,205714155
2021-12-CENSUS-0000203665,GSA_MIGRATION,2021,2022-07-25,271546912
2021-12-CENSUS-0000203665,GSA_MIGRATION,2021,2022-07-25,203917436
2021-12-CENSUS-0000203665,GSA_MIGRATION,2021,2022-07-25,205992687
2021-12-CENSUS-0000203665,GSA_MIGRATION,2021,2022-07-25,263599282
2021-12-CENSUS-0000203665,GSA_MIGRATION,2021,2022-07-25,810655605
2021-12-CENSUS-0000203665,GSA_MIGRATION,2021,2022-07-25,261999163
2021-12-CENSUS-0000203665,GSA_MIGRATION,2021,2022-07-25,203211224
2021-12-CENSUS-0000203665,GSA_MIGRATION,2021,2022-07-25,205992744
2021-12-CENSUS-0000203665,GSA_MIGRATION,2021,2022-07-25,208694829
2021-12-CENSUS-0000203665,GSA_MIGRATION,2021,2022-07-25,272327663
2021-12-CENSUS-0000203665,GSA_MIGRATION,2021,2022-07-25,272327695
2021-12-CENSUS-0000203665,GSA_MIGRATION,2021,2022-07-25,871298223
2021-06-CENSUS-0000230798,GSA_MIGRATION,2021,2022-02-27,454342144
2021-06-CENSUS-0000131804,GSA_MIGRATION,2021,2022-06-29,270093858
2021-06-CENSUS-0000131804,GSA_MIGRATION,2021,2022-06-29,941539563
2021-06-CENSUS-0000131804,GSA_MIGRATION,2021,2022-06-29,946002123
2021-06-CENSUS-0000131804,GSA_MIGRATION,2021,2022-06-29,946036493
2021-06-CENSUS-0000131804,GSA_MIGRATION,2021,2022-06-29,946036494
2021-06-CENSUS-0000131804,GSA_MIGRATION,2021,2022-06-29,952226406
2021-06-CENSUS-0000131804,GSA_MIGRATION,2021,2022-06-29,956006142
2021-06-CENSUS-0000131804,GSA_MIGRATION,2021,2022-06-29,956006143
2021-06-CENSUS-0000131804,GSA_MIGRATION,2021,2022-06-29,956006144
2021-06-CENSUS-0000131804,GSA_MIGRATION,2021,2022-06-29,205892682
2021-06-CENSUS-0000131804,GSA_MIGRATION,2021,2022-06-29,237064656
2021-06-CENSUS-0000131804,GSA_MIGRATION,2021,2022-06-29,260622624
2021-06-CENSUS-0000131804,GSA_MIGRATION,2021,2022-06-29,274440873
2021-06-CENSUS-0000131804,GSA_MIGRATION,2021,2022-06-29,330571597
2021-06-CENSUS-0000131804,GSA_MIGRATION,2021,2022-06-29,330599494
2021-06-CENSUS-0000131804,GSA_MIGRATION,2021,2022-06-29,330702174
2021-06-CENSUS-0000131804,GSA_MIGRATION,2021,2022-06-29,680334324
2021-06-CENSUS-0000131804,GSA_MIGRATION,2021,2022-06-29,680344702
2021-06-CENSUS-0000131804,GSA_MIGRATION,2021,2022-06-29,800519972
2021-06-CENSUS-0000131804,GSA_MIGRATION,2021,2022-06-29,824454688
2021-06-CENSUS-0000131804,GSA_MIGRATION,2021,2022-06-29,940382330
2021-06-CENSUS-0000131804,GSA_MIGRATION,2021,2022-06-29,943281657
2021-06-CENSUS-0000131804,GSA_MIGRATION,2021,2022-06-29,944373071
2021-06-CENSUS-0000131804,GSA_MIGRATION,2021,2022-06-29,956006145
2021-12-CENSUS-0000256288,GSA_MIGRATION,2021,2022-12-14,221537688
2021-12-CENSUS-0000256288,GSA_MIGRATION,2021,2022-12-14,474931969
2021-12-CENSUS-0000256288,GSA_MIGRATION,2021,2022-12-14,474913206
2021-12-CENSUS-0000256288,GSA_MIGRATION,2021,2022-12-14,474901532
2021-12-CENSUS-0000256288,GSA_MIGRATION,2021,2022-12-14,222276083
2021-12-CENSUS-0000256288,GSA_MIGRATION,2021,2022-12-14,223401213
2021-12-CENSUS-0000246031,GSA_MIGRATION,2021,2022-07-26,843344516
2021-12-CENSUS-0000246031,GSA_MIGRATION,2021,2022-07-26,871088927
2021-06-CENSUS-0000221064,GSA_MIGRATION,2021,2022-06-23,391824445
2021-06-CENSUS-0000221064,GSA_MIGRATION,2021,2022-06-23,832278676
2021-06-CENSUS-0000221064,GSA_MIGRATION,2021,2022-06-23,461630964
2021-06-CENSUS-0000221064,GSA_MIGRATION,2021,2022-06-23,455490584
2021-12-CENSUS-0000226631,GSA_MIGRATION,2021,2022-04-30,271487259
2021-08-CENSUS-0000208444,GSA_MIGRATION,2021,2022-05-30,201470096
2021-08-CENSUS-0000208444,GSA_MIGRATION,2021,2022-05-30,402704456
2021-08-CENSUS-0000208444,GSA_MIGRATION,2021,2022-05-30,201466090
2021-08-CENSUS-0000208444,GSA_MIGRATION,2021,2022-05-30,201466483
2021-06-CENSUS-0000201618,GSA_MIGRATION,2021,2022-08-15,042103609
2021-06-CENSUS-0000201618,GSA_MIGRATION,2021,2022-08-15,043487833
2021-06-CENSUS-0000201618,GSA_MIGRATION,2021,2022-08-15,043487835
2021-09-CENSUS-0000184033,GSA_MIGRATION,2021,2022-01-23,382699000
2021-09-CENSUS-0000184033,GSA_MIGRATION,2021,2022-01-23,382699001
2021-09-CENSUS-0000184033,GSA_MIGRATION,2021,2022-01-23,382710033
2021-06-CENSUS-0000235950,GSA_MIGRATION,2021,2022-03-28,250537168
2021-06-CENSUS-0000176030,GSA_MIGRATION,2021,2022-06-22,546001101
2021-12-CENSUS-0000238027,GSA_MIGRATION,2021,2022-07-10,223073668
2021-12-CENSUS-0000245063,GSA_MIGRATION,2021,2022-04-05,472578950
2021-12-CENSUS-0000236569,GSA_MIGRATION,2021,2022-07-10,815225421
2021-12-CENSUS-0000236569,GSA_MIGRATION,2021,2022-07-10,833049841
2021-12-CENSUS-0000150704,GSA_MIGRATION,2021,2022-09-29,410845733
2021-12-CENSUS-0000150704,GSA_MIGRATION,2021,2022-09-29,421707837
2021-03-CENSUS-0000253672,GSA_MIGRATION,2021,2022-06-28,630288856
2021-03-CENSUS-0000253672,GSA_MIGRATION,2021,2022-06-28,630891904
2021-03-CENSUS-0000253672,GSA_MIGRATION,2021,2022-06-28,203713023
2021-03-CENSUS-0000253672,GSA_MIGRATION,2021,2022-06-28,630985524
2021-06-CENSUS-0000235131,GSA_MIGRATION,2021,2022-03-09,510602496
2021-09-CENSUS-0000006603,GSA_MIGRATION,2021,2022-06-29,061136893
2021-09-CENSUS-0000006603,GSA_MIGRATION,2021,2022-06-29,262565797
2021-09-CENSUS-0000006603,GSA_MIGRATION,2021,2022-06-29,454077626
2021-09-CENSUS-0000136135,GSA_MIGRATION,2021,2022-07-25,596000875
2021-09-CENSUS-0000136135,GSA_MIGRATION,2021,2022-07-25,591275651
2021-09-CENSUS-0000136135,GSA_MIGRATION,2021,2022-07-25,596000874
2021-12-CENSUS-0000255067,GSA_MIGRATION,2021,2022-09-28,263086555
2021-12-CENSUS-0000255067,GSA_MIGRATION,2021,2022-09-28,832911570
2021-09-CENSUS-0000253755,GSA_MIGRATION,2021,2022-06-28,590624371
2021-09-CENSUS-0000253755,GSA_MIGRATION,2021,2022-06-28,592477479
2021-09-CENSUS-0000253755,GSA_MIGRATION,2021,2022-06-28,264019868
2021-09-CENSUS-0000253755,GSA_MIGRATION,2021,2022-06-28,592109953
2021-09-CENSUS-0000253755,GSA_MIGRATION,2021,2022-06-28,263094596
2021-09-CENSUS-0000253755,GSA_MIGRATION,2021,2022-06-28,593758988
2021-09-CENSUS-0000253755,GSA_MIGRATION,2021,2022-06-28,593490279
2021-09-CENSUS-0000253755,GSA_MIGRATION,2021,2022-06-28,591911574
2021-09-CENSUS-0000253755,GSA_MIGRATION,2021,2022-06-28,461243081
2021-09-CENSUS-0000175012,GSA_MIGRATION,2021,2022-06-20,621795688
2021-12-CENSUS-0000228114,GSA_MIGRATION,2021,2022-06-16,311132259
2021-12-CENSUS-0000228114,GSA_MIGRATION,2021,2022-06-16,311033231
2021-09-CENSUS-0000236619,GSA_MIGRATION,2021,2022-06-27,411936538
2021-06-CENSUS-0000003275,GSA_MIGRATION,2021,2022-01-03,813939074
2021-06-CENSUS-0000108237,GSA_MIGRATION,2021,2022-03-30,810459542
2021-06-CENSUS-0000185840,GSA_MIGRATION,2021,2022-01-11,546001471
2021-12-CENSUS-0000251592,GSA_MIGRATION,2021,2022-09-29,330821753
2021-12-CENSUS-0000208598,GSA_MIGRATION,2021,2022-05-04,471473842
2021-12-CENSUS-0000254602,GSA_MIGRATION,2021,2022-09-20,341689161
2021-06-CENSUS-0000176095,GSA_MIGRATION,2021,2022-01-19,546001482
2021-06-CENSUS-0000255507,GSA_MIGRATION,2021,2022-09-29,201639009
2021-06-CENSUS-0000255507,GSA_MIGRATION,2021,2022-09-29,800238474
2021-06-CENSUS-0000255507,GSA_MIGRATION,2021,2022-09-29,800518255
2021-06-CENSUS-0000255507,GSA_MIGRATION,2021,2022-09-29,900450584
2021-06-CENSUS-0000179778,GSA_MIGRATION,2021,2022-02-14,830217952
2021-06-CENSUS-0000179778,GSA_MIGRATION,2021,2022-02-14,830222168
2021-06-CENSUS-0000179778,GSA_MIGRATION,2021,2022-02-14,830299407
2021-06-CENSUS-0000179778,GSA_MIGRATION,2021,2022-02-14,830260485
2021-06-CENSUS-0000179778,GSA_MIGRATION,2021,2022-02-14,830256167
2021-06-CENSUS-0000179778,GSA_MIGRATION,2021,2022-02-14,830254480
2021-06-CENSUS-0000179778,GSA_MIGRATION,2021,2022-02-14,830234279
2021-12-CENSUS-0000226052,GSA_MIGRATION,2021,2022-09-19,262181788
2021-12-CENSUS-0000226052,GSA_MIGRATION,2021,2022-09-19,270266088
2021-12-CENSUS-0000226052,GSA_MIGRATION,2021,2022-09-19,621771501
2021-12-CENSUS-0000226052,GSA_MIGRATION,2021,2022-09-19,900929615
2021-12-CENSUS-0000234450,GSA_MIGRATION,2021,2022-08-15,274743848
2021-06-CENSUS-0000176081,GSA_MIGRATION,2021,2022-09-14,546001386
2021-06-CENSUS-0000176081,GSA_MIGRATION,2021,2022-09-14,546001389
2021-09-CENSUS-0000186037,GSA_MIGRATION,2021,2022-08-14,461591320
2021-09-CENSUS-0000186037,GSA_MIGRATION,2021,2022-08-14,261174920
2021-09-CENSUS-0000186037,GSA_MIGRATION,2021,2022-08-14,371739428
2021-09-CENSUS-0000186037,GSA_MIGRATION,2021,2022-08-14,412021671
2021-09-CENSUS-0000186037,GSA_MIGRATION,2021,2022-08-14,844668574
2021-09-CENSUS-0000186037,GSA_MIGRATION,2021,2022-08-14,844652235
2021-06-CENSUS-0000176059,GSA_MIGRATION,2021,2022-01-04,546001276
2021-08-CENSUS-0000253319,GSA_MIGRATION,2021,2022-05-26,260089066
2021-06-CENSUS-0000131807,GSA_MIGRATION,2021,2022-07-04,330373293
2021-06-CENSUS-0000131807,GSA_MIGRATION,2021,2022-07-04,330535371
2021-06-CENSUS-0000131807,GSA_MIGRATION,2021,2022-07-04,330632102
2021-06-CENSUS-0000131807,GSA_MIGRATION,2021,2022-07-04,330644150
2021-06-CENSUS-0000131807,GSA_MIGRATION,2021,2022-07-04,680219874
2021-06-CENSUS-0000131807,GSA_MIGRATION,2021,2022-07-04,680282413
2021-06-CENSUS-0000131807,GSA_MIGRATION,2021,2022-07-04,680316355
2021-06-CENSUS-0000131807,GSA_MIGRATION,2021,2022-07-04,680338225
2021-06-CENSUS-0000131807,GSA_MIGRATION,2021,2022-07-04,680365325
2021-06-CENSUS-0000131807,GSA_MIGRATION,2021,2022-07-04,770207337
2021-06-CENSUS-0000131807,GSA_MIGRATION,2021,2022-07-04,770209717
2021-06-CENSUS-0000131807,GSA_MIGRATION,2021,2022-07-04,770217681
2021-06-CENSUS-0000131807,GSA_MIGRATION,2021,2022-07-04,770314545
2021-06-CENSUS-0000131807,GSA_MIGRATION,2021,2022-07-04,770414438
2021-06-CENSUS-0000131807,GSA_MIGRATION,2021,2022-07-04,911785970
2021-06-CENSUS-0000131807,GSA_MIGRATION,2021,2022-07-04,912153805
2021-06-CENSUS-0000131807,GSA_MIGRATION,2021,2022-07-04,931043787
2021-06-CENSUS-0000131807,GSA_MIGRATION,2021,2022-07-04,931137247
2021-06-CENSUS-0000131807,GSA_MIGRATION,2021,2022-07-04,931150363
2021-06-CENSUS-0000131807,GSA_MIGRATION,2021,2022-07-04,946390556
2021-06-CENSUS-0000131807,GSA_MIGRATION,2021,2022-07-04,954255659
2021-06-CENSUS-0000131807,GSA_MIGRATION,2021,2022-07-04,954358677
2021-06-CENSUS-0000131807,GSA_MIGRATION,2021,2022-07-04,954386558
2021-06-CENSUS-0000131807,GSA_MIGRATION,2021,2022-07-04,954601267
2021-12-CENSUS-0000249948,GSA_MIGRATION,2021,2022-09-20,381358172
2021-12-CENSUS-0000249948,GSA_MIGRATION,2021,2022-09-20,381360584
2021-12-CENSUS-0000249948,GSA_MIGRATION,2021,2022-09-20,381490180
2021-12-CENSUS-0000249948,GSA_MIGRATION,2021,2022-09-20,382007629
2021-12-CENSUS-0000249948,GSA_MIGRATION,2021,2022-09-20,383075242
2021-12-CENSUS-0000249948,GSA_MIGRATION,2021,2022-09-20,383218134
2021-12-CENSUS-0000249948,GSA_MIGRATION,2021,2022-09-20,141885340
2021-12-CENSUS-0000249948,GSA_MIGRATION,2021,2022-09-20,382543305
2021-09-CENSUS-0000212445,GSA_MIGRATION,2021,2022-06-29,820161600
2021-09-CENSUS-0000212445,GSA_MIGRATION,2021,2022-06-29,562570686
2021-09-CENSUS-0000212445,GSA_MIGRATION,2021,2022-06-29,841421665
2021-09-CENSUS-0000212445,GSA_MIGRATION,2021,2022-06-29,273311774
2021-09-CENSUS-0000212445,GSA_MIGRATION,2021,2022-06-29,821162805
2021-09-CENSUS-0000212445,GSA_MIGRATION,2021,2022-06-29,200997728
2021-06-CENSUS-0000113879,GSA_MIGRATION,2021,2022-03-29,760817781
2021-09-CENSUS-0000226122,GSA_MIGRATION,2021,2022-06-02,030183483
2021-06-CENSUS-0000171446,GSA_MIGRATION,2021,2022-02-06,626000894
2021-06-CENSUS-0000171446,GSA_MIGRATION,2021,2022-02-06,626000892
2021-06-CENSUS-0000171366,GSA_MIGRATION,2021,2022-02-06,626000507
2021-06-CENSUS-0000171366,GSA_MIGRATION,2021,2022-02-06,626000505
2021-06-CENSUS-0000111940,GSA_MIGRATION,2021,2022-09-29,452540945
2021-06-CENSUS-0000111940,GSA_MIGRATION,2021,2022-09-29,823707680
2021-06-CENSUS-0000111940,GSA_MIGRATION,2021,2022-09-29,201529638
2021-06-CENSUS-0000111940,GSA_MIGRATION,2021,2022-09-29,270377519
2021-06-CENSUS-0000111940,GSA_MIGRATION,2021,2022-09-29,452656000
2021-06-CENSUS-0000111940,GSA_MIGRATION,2021,2022-09-29,820540288
2021-06-CENSUS-0000111940,GSA_MIGRATION,2021,2022-09-29,680498789
2021-06-CENSUS-0000111940,GSA_MIGRATION,2021,2022-09-29,204590820
2021-12-CENSUS-0000230293,GSA_MIGRATION,2021,2022-07-31,472562206
2021-12-CENSUS-0000254849,GSA_MIGRATION,2021,2022-09-26,813276984
2021-12-CENSUS-0000254849,GSA_MIGRATION,2021,2022-09-26,341966045
2021-12-CENSUS-0000254849,GSA_MIGRATION,2021,2022-09-26,341969623
2021-06-CENSUS-0000050415,GSA_MIGRATION,2021,2022-03-29,363779427
2021-12-CENSUS-0000090587,GSA_MIGRATION,2021,2022-09-27,593572590
2021-06-CENSUS-0000194481,GSA_MIGRATION,2021,2022-05-04,546001395
2021-12-CENSUS-0000254560,GSA_MIGRATION,2021,2022-09-18,411310487
2021-06-CENSUS-0000254680,GSA_MIGRATION,2021,2022-09-22,270392274
2021-12-CENSUS-0000252697,GSA_MIGRATION,2021,2022-09-29,742578952
2021-12-CENSUS-0000252697,GSA_MIGRATION,2021,2022-09-29,752653292
2021-12-CENSUS-0000252697,GSA_MIGRATION,2021,2022-09-29,752547668
2021-12-CENSUS-0000252697,GSA_MIGRATION,2021,2022-09-29,752792875
2021-12-CENSUS-0000252697,GSA_MIGRATION,2021,2022-09-29,831869297
2021-12-CENSUS-0000252697,GSA_MIGRATION,2021,2022-09-29,821289045
2021-06-CENSUS-0000253018,GSA_MIGRATION,2021,2022-04-20,376386444
2021-06-CENSUS-0000253018,GSA_MIGRATION,2021,2022-04-20,206114597
2021-06-CENSUS-0000253018,GSA_MIGRATION,2021,2022-04-20,206890291
2021-06-CENSUS-0000254936,GSA_MIGRATION,2021,2022-09-27,850441767
2021-12-CENSUS-0000246449,GSA_MIGRATION,2021,2022-09-29,930823489
2021-12-CENSUS-0000246449,GSA_MIGRATION,2021,2022-09-29,930924302
2021-12-CENSUS-0000246449,GSA_MIGRATION,2021,2022-09-29,931097258
2021-12-CENSUS-0000246449,GSA_MIGRATION,2021,2022-09-29,931146501
2021-12-CENSUS-0000248192,GSA_MIGRATION,2021,2022-06-29,311527032
2021-12-CENSUS-0000248192,GSA_MIGRATION,2021,2022-06-29,411266009
2021-12-CENSUS-0000248192,GSA_MIGRATION,2021,2022-06-29,450226700
2021-12-CENSUS-0000248192,GSA_MIGRATION,2021,2022-06-29,450226909
2021-12-CENSUS-0000248192,GSA_MIGRATION,2021,2022-06-29,450228055
2021-12-CENSUS-0000248192,GSA_MIGRATION,2021,2022-06-29,450274828
2021-12-CENSUS-0000248192,GSA_MIGRATION,2021,2022-06-29,450344371
2021-12-CENSUS-0000248192,GSA_MIGRATION,2021,2022-06-29,450385890
2021-12-CENSUS-0000248192,GSA_MIGRATION,2021,2022-06-29,450409348
2021-12-CENSUS-0000248192,GSA_MIGRATION,2021,2022-06-29,460227855
2021-12-CENSUS-0000248192,GSA_MIGRATION,2021,2022-06-29,460388596
2021-12-CENSUS-0000248192,GSA_MIGRATION,2021,2022-06-29,460447693
2021-12-CENSUS-0000248192,GSA_MIGRATION,2021,2022-06-29,460450378
2021-12-CENSUS-0000248192,GSA_MIGRATION,2021,2022-06-29,911770748
2021-06-CENSUS-0000217454,GSA_MIGRATION,2021,2022-01-09,841141786
2021-06-CENSUS-0000217454,GSA_MIGRATION,2021,2022-01-09,470788396
2021-06-CENSUS-0000017148,GSA_MIGRATION,2021,2022-01-04,141340034
2021-06-CENSUS-0000017148,GSA_MIGRATION,2021,2022-01-04,141498064
2021-06-CENSUS-0000017148,GSA_MIGRATION,2021,2022-01-04,141541210
2021-06-CENSUS-0000017148,GSA_MIGRATION,2021,2022-01-04,141547366
2021-06-CENSUS-0000017148,GSA_MIGRATION,2021,2022-01-04,141578051
2021-06-CENSUS-0000017148,GSA_MIGRATION,2021,2022-01-04,141592849
2021-06-CENSUS-0000017148,GSA_MIGRATION,2021,2022-01-04,141595821
2021-06-CENSUS-0000017148,GSA_MIGRATION,2021,2022-01-04,141605850
2021-06-CENSUS-0000017148,GSA_MIGRATION,2021,2022-01-04,141679442
2021-06-CENSUS-0000017148,GSA_MIGRATION,2021,2022-01-04,141750944
2021-06-CENSUS-0000017148,GSA_MIGRATION,2021,2022-01-04,141752466
2021-06-CENSUS-0000017148,GSA_MIGRATION,2021,2022-01-04,141800768
2021-06-CENSUS-0000017148,GSA_MIGRATION,2021,2022-01-04,161189791
2021-06-CENSUS-0000017148,GSA_MIGRATION,2021,2022-01-04,161525402
2021-06-CENSUS-0000017148,GSA_MIGRATION,2021,2022-01-04,223091969
2021-06-CENSUS-0000017148,GSA_MIGRATION,2021,2022-01-04,223214335
2021-06-CENSUS-0000017148,GSA_MIGRATION,2021,2022-01-04,263101392
2021-06-CENSUS-0000017148,GSA_MIGRATION,2021,2022-01-04,263101548
2021-06-CENSUS-0000254781,GSA_MIGRATION,2021,2022-09-25,431684627
2021-06-CENSUS-0000254781,GSA_MIGRATION,2021,2022-09-25,825084463
2021-06-CENSUS-0000254781,GSA_MIGRATION,2021,2022-09-25,205797642
2021-06-CENSUS-0000254781,GSA_MIGRATION,2021,2022-09-25,465740776
2021-06-CENSUS-0000254781,GSA_MIGRATION,2021,2022-09-25,431246599
2021-06-CENSUS-0000176063,GSA_MIGRATION,2021,2022-01-12,546001292
2021-06-CENSUS-0000181790,GSA_MIGRATION,2021,2022-06-08,521654453
2021-06-CENSUS-0000181790,GSA_MIGRATION,2021,2022-06-08,530196580
2021-06-CENSUS-0000181790,GSA_MIGRATION,2021,2022-06-08,521627574
2021-06-CENSUS-0000176080,GSA_MIGRATION,2021,2022-01-09,546001381
2021-06-CENSUS-0000176080,GSA_MIGRATION,2021,2022-01-09,546001383
2021-12-CENSUS-0000248645,GSA_MIGRATION,2021,2022-07-31,204974859
2021-12-CENSUS-0000248645,GSA_MIGRATION,2021,2022-07-31,465304349
2021-09-CENSUS-0000246970,GSA_MIGRATION,2021,2022-08-08,822289290
2021-09-CENSUS-0000246970,GSA_MIGRATION,2021,2022-08-08,943237225
2021-09-CENSUS-0000246970,GSA_MIGRATION,2021,2022-08-08,743078400
2021-12-CENSUS-0000134792,GSA_MIGRATION,2021,2022-07-27,841568446
2021-06-CENSUS-0000249769,GSA_MIGRATION,2021,2022-03-30,133059155
2021-06-CENSUS-0000249769,GSA_MIGRATION,2021,2022-03-30,542082237
2021-12-CENSUS-0000230928,GSA_MIGRATION,2021,2022-09-19,611300608
2021-06-CENSUS-0000193161,GSA_MIGRATION,2021,2022-03-28,550369330
2021-06-CENSUS-0000025418,GSA_MIGRATION,2021,2022-06-19,232384282
2021-06-CENSUS-0000025418,GSA_MIGRATION,2021,2022-06-19,231352203
2021-06-CENSUS-0000025418,GSA_MIGRATION,2021,2022-06-19,251550350
2021-06-CENSUS-0000025418,GSA_MIGRATION,2021,2022-06-19,221494454
2021-06-CENSUS-0000025418,GSA_MIGRATION,2021,2022-06-19,240795497
2021-06-CENSUS-0000025418,GSA_MIGRATION,2021,2022-06-19,232380812
2021-06-CENSUS-0000025418,GSA_MIGRATION,2021,2022-06-19,232179542
2021-06-CENSUS-0000025418,GSA_MIGRATION,2021,2022-06-19,454394739
2021-06-CENSUS-0000025418,GSA_MIGRATION,2021,2022-06-19,465143606
2021-06-CENSUS-0000025418,GSA_MIGRATION,2021,2022-06-19,240795436
2021-06-CENSUS-0000025418,GSA_MIGRATION,2021,2022-06-19,231352208
2021-06-CENSUS-0000025418,GSA_MIGRATION,2021,2022-06-19,844475996
2021-06-CENSUS-0000025418,GSA_MIGRATION,2021,2022-06-19,223837316
2021-06-CENSUS-0000025418,GSA_MIGRATION,2021,2022-06-19,833200970
2021-09-CENSUS-0000244616,GSA_MIGRATION,2021,2022-06-28,030219309
2021-09-CENSUS-0000244616,GSA_MIGRATION,2021,2022-06-28,141364513
2021-09-CENSUS-0000244616,GSA_MIGRATION,2021,2022-06-28,222547186
2021-09-CENSUS-0000244616,GSA_MIGRATION,2021,2022-06-28,030181058
2021-09-CENSUS-0000244616,GSA_MIGRATION,2021,2022-06-28,141338471
2021-09-CENSUS-0000244616,GSA_MIGRATION,2021,2022-06-28,150346515
2021-09-CENSUS-0000244616,GSA_MIGRATION,2021,2022-06-28,030179603
2021-06-CENSUS-0000171444,GSA_MIGRATION,2021,2022-01-20,620726044
2021-06-CENSUS-0000171444,GSA_MIGRATION,2021,2022-01-20,626000885
2021-06-CENSUS-0000169269,GSA_MIGRATION,2021,2022-02-02,161640627
2021-06-CENSUS-0000169269,GSA_MIGRATION,2021,2022-02-02,233085638
2021-06-CENSUS-0000255285,GSA_MIGRATION,2021,2022-09-29,364693710
2021-12-CENSUS-0000246449,GSA_MIGRATION,2021,2022-09-29,931265038
2021-12-CENSUS-0000246449,GSA_MIGRATION,2021,2022-09-29,931280224
2021-12-CENSUS-0000246449,GSA_MIGRATION,2021,2022-09-29,941231005
2021-12-CENSUS-0000246449,GSA_MIGRATION,2021,2022-09-29,951643325
2021-12-CENSUS-0000246449,GSA_MIGRATION,2021,2022-09-29,951643359
2021-12-CENSUS-0000246449,GSA_MIGRATION,2021,2022-09-29,951643360
2021-12-CENSUS-0000246449,GSA_MIGRATION,2021,2022-09-29,951675600
2021-12-CENSUS-0000246449,GSA_MIGRATION,2021,2022-09-29,951684082
2021-12-CENSUS-0000246449,GSA_MIGRATION,2021,2022-09-29,951914489
2021-12-CENSUS-0000246449,GSA_MIGRATION,2021,2022-09-29,953264139
2021-12-CENSUS-0000246449,GSA_MIGRATION,2021,2022-09-29,954291515
2021-12-CENSUS-0000246449,GSA_MIGRATION,2021,2022-09-29,954322584
2021-12-CENSUS-0000241186,GSA_MIGRATION,2021,2022-06-19,861324700
2021-12-CENSUS-0000080911,GSA_MIGRATION,2021,2022-07-14,464853541
2021-12-CENSUS-0000080911,GSA_MIGRATION,2021,2022-07-14,814157978
2021-09-CENSUS-0000212155,GSA_MIGRATION,2021,2022-06-29,593331399
2021-09-CENSUS-0000212155,GSA_MIGRATION,2021,2022-06-29,592898487
2021-09-CENSUS-0000212155,GSA_MIGRATION,2021,2022-06-29,592661284
2021-09-CENSUS-0000212155,GSA_MIGRATION,2021,2022-06-29,842569909
2021-09-CENSUS-0000136140,GSA_MIGRATION,2021,2022-03-13,596000894
2021-09-CENSUS-0000136140,GSA_MIGRATION,2021,2022-03-13,596000897
2021-09-CENSUS-0000136140,GSA_MIGRATION,2021,2022-03-13,592447562
2021-06-CENSUS-0000128276,GSA_MIGRATION,2021,2022-03-30,990225140
2021-06-CENSUS-0000128276,GSA_MIGRATION,2021,2022-03-30,990225065
2021-06-CENSUS-0000128276,GSA_MIGRATION,2021,2022-03-30,990225148
2021-12-CENSUS-0000240965,GSA_MIGRATION,2021,2022-07-22,454283775
2021-06-CENSUS-0000171383,GSA_MIGRATION,2021,2022-03-06,626000591
2021-06-CENSUS-0000171383,GSA_MIGRATION,2021,2022-03-06,626000592
2021-12-CENSUS-0000213582,GSA_MIGRATION,2021,2022-08-02,742348147
2022-06-CENSUS-0000171377,L2FLX1LG2J83,2022,2022-12-26,626000551
2022-06-CENSUS-0000171377,L2FLX1LG2J83,2022,2022-12-26,626000550
2021-06-CENSUS-0000180143,GSA_MIGRATION,2021,2022-03-30,990433763
2021-06-CENSUS-0000180143,GSA_MIGRATION,2021,2022-03-30,660560809
2021-06-CENSUS-0000180143,GSA_MIGRATION,2021,2022-03-30,660433762
2021-06-CENSUS-0000180143,GSA_MIGRATION,2021,2022-03-30,660433763
2021-06-CENSUS-0000180143,GSA_MIGRATION,2021,2022-03-30,660560806
2021-06-CENSUS-0000180143,GSA_MIGRATION,2021,2022-03-30,660433761
2021-06-CENSUS-0000180143,GSA_MIGRATION,2021,2022-03-30,660433766
2021-06-CENSUS-0000180143,GSA_MIGRATION,2021,2022-03-30,660433768
2021-06-CENSUS-0000180143,GSA_MIGRATION,2021,2022-03-30,660560805
2021-06-CENSUS-0000180143,GSA_MIGRATION,2021,2022-03-30,660400325
2021-06-CENSUS-0000180143,GSA_MIGRATION,2021,2022-03-30,660433760
2021-06-CENSUS-0000180143,GSA_MIGRATION,2021,2022-03-30,660433765
2021-06-CENSUS-0000180143,GSA_MIGRATION,2021,2022-03-30,660560804
2021-06-CENSUS-0000180143,GSA_MIGRATION,2021,2022-03-30,660560807
2021-06-CENSUS-0000180143,GSA_MIGRATION,2021,2022-03-30,660560808
2021-06-CENSUS-0000170831,GSA_MIGRATION,2021,2022-03-30,460397565
2021-06-CENSUS-0000170831,GSA_MIGRATION,2021,2022-03-30,460315509
2021-06-CENSUS-0000170831,GSA_MIGRATION,2021,2022-03-30,466043582
2021-06-CENSUS-0000170831,GSA_MIGRATION,2021,2022-03-30,460318666
2021-06-CENSUS-0000170831,GSA_MIGRATION,2021,2022-03-30,460311611
2021-06-CENSUS-0000209837,GSA_MIGRATION,2021,2022-06-14,800623399
2021-09-CENSUS-0000253578,GSA_MIGRATION,2021,2022-06-20,222674014
2021-09-CENSUS-0000253578,GSA_MIGRATION,2021,2022-06-20,870807914
2021-09-CENSUS-0000253578,GSA_MIGRATION,2021,2022-06-20,020274905
2021-06-CENSUS-0000225629,GSA_MIGRATION,2021,2022-02-03,861274088
2021-12-CENSUS-0000247437,GSA_MIGRATION,2021,2022-09-29,820774057
2021-12-CENSUS-0000011029,GSA_MIGRATION,2021,2022-09-27,133831377
2021-12-CENSUS-0000246078,GSA_MIGRATION,2021,2022-09-29,260558544
2021-12-CENSUS-0000246078,GSA_MIGRATION,2021,2022-09-29,823088737
2021-12-CENSUS-0000246078,GSA_MIGRATION,2021,2022-09-29,200914522
2021-06-CENSUS-0000251188,GSA_MIGRATION,2021,2022-06-26,380833014
2021-06-CENSUS-0000251188,GSA_MIGRATION,2021,2022-06-26,386000029
2021-06-CENSUS-0000251188,GSA_MIGRATION,2021,2022-06-26,381437919
2021-06-CENSUS-0000251188,GSA_MIGRATION,2021,2022-06-26,464088182
2021-06-CENSUS-0000251188,GSA_MIGRATION,2021,2022-06-26,381518643
2021-06-CENSUS-0000251188,GSA_MIGRATION,2021,2022-06-26,386020434
2021-06-CENSUS-0000251188,GSA_MIGRATION,2021,2022-06-26,383317788
2021-06-CENSUS-0000251188,GSA_MIGRATION,2021,2022-06-26,381459397
2021-06-CENSUS-0000251188,GSA_MIGRATION,2021,2022-06-26,208500953
2021-12-CENSUS-0000120730,GSA_MIGRATION,2021,2022-09-27,680273974
2021-12-CENSUS-0000120730,GSA_MIGRATION,2021,2022-09-27,941156581
2021-12-CENSUS-0000120730,GSA_MIGRATION,2021,2022-09-27,941156621
2021-12-CENSUS-0000120730,GSA_MIGRATION,2021,2022-09-27,942988520
2021-12-CENSUS-0000120730,GSA_MIGRATION,2021,2022-09-27,940562680
2021-12-CENSUS-0000120730,GSA_MIGRATION,2021,2022-09-27,942992642
2021-12-CENSUS-0000120730,GSA_MIGRATION,2021,2022-09-27,990298651
2021-12-CENSUS-0000120730,GSA_MIGRATION,2021,2022-09-27,352182617
2021-12-CENSUS-0000120730,GSA_MIGRATION,2021,2022-09-27,470946086
2021-12-CENSUS-0000120730,GSA_MIGRATION,2021,2022-09-27,383897570
2021-12-CENSUS-0000120730,GSA_MIGRATION,2021,2022-09-27,562311840
2021-12-CENSUS-0000120730,GSA_MIGRATION,2021,2022-09-27,770109991
2021-12-CENSUS-0000120730,GSA_MIGRATION,2021,2022-09-27,912165231
2021-09-CENSUS-0000253681,GSA_MIGRATION,2021,2022-06-28,592440537
2021-09-CENSUS-0000253681,GSA_MIGRATION,2021,2022-06-28,592484352
2021-09-CENSUS-0000253681,GSA_MIGRATION,2021,2022-06-28,462773479
2021-09-CENSUS-0000253681,GSA_MIGRATION,2021,2022-06-28,364860252
2021-09-CENSUS-0000253681,GSA_MIGRATION,2021,2022-06-28,821562462
2021-09-CENSUS-0000253681,GSA_MIGRATION,2021,2022-06-28,202047704
2021-09-CENSUS-0000253632,GSA_MIGRATION,2021,2022-06-26,752896138
2021-09-CENSUS-0000253632,GSA_MIGRATION,2021,2022-06-26,263195791
2021-09-CENSUS-0000253632,GSA_MIGRATION,2021,2022-06-26,208847736
2021-09-CENSUS-0000253632,GSA_MIGRATION,2021,2022-06-26,352583971
2021-09-CENSUS-0000253632,GSA_MIGRATION,2021,2022-06-26,611806430
2021-09-CENSUS-0000253818,GSA_MIGRATION,2021,2022-06-29,042103565
2021-06-CENSUS-0000136829,GSA_MIGRATION,2021,2022-06-05,581086067
2021-06-CENSUS-0000136829,GSA_MIGRATION,2021,2022-06-05,581099250
2021-06-CENSUS-0000136829,GSA_MIGRATION,2021,2022-06-05,581125844
2021-06-CENSUS-0000136829,GSA_MIGRATION,2021,2022-06-05,581130678
2021-06-CENSUS-0000136829,GSA_MIGRATION,2021,2022-06-05,581130945
2021-06-CENSUS-0000136829,GSA_MIGRATION,2021,2022-06-05,581131825
2021-06-CENSUS-0000136829,GSA_MIGRATION,2021,2022-06-05,581132449
2021-06-CENSUS-0000136829,GSA_MIGRATION,2021,2022-06-05,581132977
2021-06-CENSUS-0000136829,GSA_MIGRATION,2021,2022-06-05,581134825
2021-06-CENSUS-0000136829,GSA_MIGRATION,2021,2022-06-05,581138279
2021-06-CENSUS-0000136829,GSA_MIGRATION,2021,2022-06-05,581138587
2021-06-CENSUS-0000136829,GSA_MIGRATION,2021,2022-06-05,581138620
2021-06-CENSUS-0000136829,GSA_MIGRATION,2021,2022-06-05,581139622
2021-06-CENSUS-0000136829,GSA_MIGRATION,2021,2022-06-05,581164098
2021-06-CENSUS-0000136829,GSA_MIGRATION,2021,2022-06-05,581165633
2021-06-CENSUS-0000136829,GSA_MIGRATION,2021,2022-06-05,581168944
2021-06-CENSUS-0000136829,GSA_MIGRATION,2021,2022-06-05,581168986
2021-06-CENSUS-0000136829,GSA_MIGRATION,2021,2022-06-05,581169012
2021-06-CENSUS-0000136829,GSA_MIGRATION,2021,2022-06-05,581171281
2021-06-CENSUS-0000136829,GSA_MIGRATION,2021,2022-06-05,581190222
2021-06-CENSUS-0000136829,GSA_MIGRATION,2021,2022-06-05,581195856
2021-06-CENSUS-0000136829,GSA_MIGRATION,2021,2022-06-05,581222605
2021-03-CENSUS-0000204816,GSA_MIGRATION,2021,2022-12-05,463905712
2021-06-CENSUS-0000255667,GSA_MIGRATION,2021,2022-10-17,843727938
2021-06-CENSUS-0000254876,GSA_MIGRATION,2021,2022-09-29,631188388
2021-06-CENSUS-0000254876,GSA_MIGRATION,2021,2022-09-29,320081573
2021-06-CENSUS-0000254876,GSA_MIGRATION,2021,2022-09-29,201135962
2021-06-CENSUS-0000254876,GSA_MIGRATION,2021,2022-09-29,202148696
2021-06-CENSUS-0000254876,GSA_MIGRATION,2021,2022-09-29,630714407
2021-06-CENSUS-0000254876,GSA_MIGRATION,2021,2022-09-29,204582052
2021-06-CENSUS-0000254876,GSA_MIGRATION,2021,2022-09-29,461616372
2021-06-CENSUS-0000254876,GSA_MIGRATION,2021,2022-09-29,630955885
2021-06-CENSUS-0000254876,GSA_MIGRATION,2021,2022-09-29,631197315
2021-06-CENSUS-0000254876,GSA_MIGRATION,2021,2022-09-29,463356780
2021-06-CENSUS-0000254876,GSA_MIGRATION,2021,2022-09-29,631273339
2021-12-CENSUS-0000206631,GSA_MIGRATION,2021,2022-09-21,823329127
2021-12-CENSUS-0000206631,GSA_MIGRATION,2021,2022-09-21,731646729
2021-12-CENSUS-0000206631,GSA_MIGRATION,2021,2022-09-21,743019428
2021-12-CENSUS-0000206631,GSA_MIGRATION,2021,2022-09-21,743017024
2021-12-CENSUS-0000206631,GSA_MIGRATION,2021,2022-09-21,831886464
2021-12-CENSUS-0000206631,GSA_MIGRATION,2021,2022-09-21,814773905
2021-12-CENSUS-0000206631,GSA_MIGRATION,2021,2022-09-21,743012695
2021-12-CENSUS-0000206631,GSA_MIGRATION,2021,2022-09-21,743017054
2021-12-CENSUS-0000206631,GSA_MIGRATION,2021,2022-09-21,822762890
2021-12-CENSUS-0000206631,GSA_MIGRATION,2021,2022-09-21,412112541
2021-12-CENSUS-0000206631,GSA_MIGRATION,2021,2022-09-21,743002791
2021-12-CENSUS-0000206631,GSA_MIGRATION,2021,2022-09-21,743973139
2021-12-CENSUS-0000206631,GSA_MIGRATION,2021,2022-09-21,753023466
2021-12-CENSUS-0000206631,GSA_MIGRATION,2021,2022-09-21,814758762
2021-12-CENSUS-0000206631,GSA_MIGRATION,2021,2022-09-21,842725486
2021-12-CENSUS-0000153362,GSA_MIGRATION,2021,2022-08-10,611741273
2021-12-CENSUS-0000153362,GSA_MIGRATION,2021,2022-08-10,364791132
2021-12-CENSUS-0000153362,GSA_MIGRATION,2021,2022-08-10,471591548
2021-12-CENSUS-0000153362,GSA_MIGRATION,2021,2022-08-10,474784720
2021-12-CENSUS-0000153362,GSA_MIGRATION,2021,2022-08-10,320447420
2021-12-CENSUS-0000153362,GSA_MIGRATION,2021,2022-08-10,770601167
2021-12-CENSUS-0000153362,GSA_MIGRATION,2021,2022-08-10,463751945
2021-12-CENSUS-0000153362,GSA_MIGRATION,2021,2022-08-10,300835383
2021-12-CENSUS-0000153362,GSA_MIGRATION,2021,2022-08-10,371783610
2021-12-CENSUS-0000153362,GSA_MIGRATION,2021,2022-08-10,300950620
2021-12-CENSUS-0000153362,GSA_MIGRATION,2021,2022-08-10,320444405
2021-12-CENSUS-0000153362,GSA_MIGRATION,2021,2022-08-10,352513230
2021-12-CENSUS-0000153362,GSA_MIGRATION,2021,2022-08-10,471362131
2021-12-CENSUS-0000153362,GSA_MIGRATION,2021,2022-08-10,471362215
2021-12-CENSUS-0000153362,GSA_MIGRATION,2021,2022-08-10,813740743
2021-12-CENSUS-0000247227,GSA_MIGRATION,2021,2022-07-13,830918594
2021-08-CENSUS-0000155160,GSA_MIGRATION,2021,2022-04-12,470564278
2021-12-CENSUS-0000253638,GSA_MIGRATION,2021,2022-06-26,262028375
2021-12-CENSUS-0000253638,GSA_MIGRATION,2021,2022-06-26,262886067
2021-12-CENSUS-0000253638,GSA_MIGRATION,2021,2022-06-26,262886135
2021-12-CENSUS-0000253638,GSA_MIGRATION,2021,2022-06-26,473876021
2021-12-CENSUS-0000253638,GSA_MIGRATION,2021,2022-06-26,833702786
2021-12-CENSUS-0000253638,GSA_MIGRATION,2021,2022-06-26,833725302
2021-12-CENSUS-0000253638,GSA_MIGRATION,2021,2022-06-26,833747426
2021-12-CENSUS-0000253638,GSA_MIGRATION,2021,2022-06-26,680558136
2021-12-CENSUS-0000254454,GSA_MIGRATION,2021,2022-09-12,341828724
2021-06-CENSUS-0000136829,GSA_MIGRATION,2021,2022-06-05,581233353
2021-06-CENSUS-0000136829,GSA_MIGRATION,2021,2022-06-05,581259426
2021-06-CENSUS-0000136829,GSA_MIGRATION,2021,2022-06-05,581282972
2021-06-CENSUS-0000136829,GSA_MIGRATION,2021,2022-06-05,581306704
2021-06-CENSUS-0000136829,GSA_MIGRATION,2021,2022-06-05,581353149
2021-06-CENSUS-0000136829,GSA_MIGRATION,2021,2022-06-05,581418202
2021-06-CENSUS-0000136829,GSA_MIGRATION,2021,2022-06-05,581496258
2021-06-CENSUS-0000136829,GSA_MIGRATION,2021,2022-06-05,581541084
2021-06-CENSUS-0000136829,GSA_MIGRATION,2021,2022-06-05,581656795
2021-06-CENSUS-0000136829,GSA_MIGRATION,2021,2022-06-05,581667498
2021-06-CENSUS-0000136829,GSA_MIGRATION,2021,2022-06-05,581680217
2021-06-CENSUS-0000136829,GSA_MIGRATION,2021,2022-06-05,581692583
2021-06-CENSUS-0000136829,GSA_MIGRATION,2021,2022-06-05,581695274
2021-06-CENSUS-0000136829,GSA_MIGRATION,2021,2022-06-05,581698468
2021-06-CENSUS-0000136829,GSA_MIGRATION,2021,2022-06-05,581700363
2021-06-CENSUS-0000136829,GSA_MIGRATION,2021,2022-06-05,581722080
2021-06-CENSUS-0000136829,GSA_MIGRATION,2021,2022-06-05,581723458
2021-06-CENSUS-0000136829,GSA_MIGRATION,2021,2022-06-05,581728667
2021-06-CENSUS-0000136829,GSA_MIGRATION,2021,2022-06-05,581733358
2021-06-CENSUS-0000136829,GSA_MIGRATION,2021,2022-06-05,581739966
2021-06-CENSUS-0000136829,GSA_MIGRATION,2021,2022-06-05,581774017
2021-06-CENSUS-0000136829,GSA_MIGRATION,2021,2022-06-05,581788487
2021-06-CENSUS-0000136829,GSA_MIGRATION,2021,2022-06-05,581788754
2021-06-CENSUS-0000136829,GSA_MIGRATION,2021,2022-06-05,581790567
2021-06-CENSUS-0000136829,GSA_MIGRATION,2021,2022-06-05,581839434
2021-06-CENSUS-0000136829,GSA_MIGRATION,2021,2022-06-05,581845423
2021-06-CENSUS-0000136829,GSA_MIGRATION,2021,2022-06-05,581859938
2021-06-CENSUS-0000136829,GSA_MIGRATION,2021,2022-06-05,581865531
2021-06-CENSUS-0000136829,GSA_MIGRATION,2021,2022-06-05,582144788
2021-06-CENSUS-0000136829,GSA_MIGRATION,2021,2022-06-05,582182006
2021-06-CENSUS-0000136829,GSA_MIGRATION,2021,2022-06-05,582223600
2021-06-CENSUS-0000136829,GSA_MIGRATION,2021,2022-06-05,582238669
2021-06-CENSUS-0000136829,GSA_MIGRATION,2021,2022-06-05,582270407
2021-06-CENSUS-0000136829,GSA_MIGRATION,2021,2022-06-05,582292713
2021-06-CENSUS-0000136829,GSA_MIGRATION,2021,2022-06-05,582304872
2021-06-CENSUS-0000136829,GSA_MIGRATION,2021,2022-06-05,582472626
2021-06-CENSUS-0000136829,GSA_MIGRATION,2021,2022-06-05,582569476
2021-06-CENSUS-0000136829,GSA_MIGRATION,2021,2022-06-05,582627237
2021-06-CENSUS-0000136829,GSA_MIGRATION,2021,2022-06-05,586001996
2021-06-CENSUS-0000136829,GSA_MIGRATION,2021,2022-06-05,586001997
2021-06-CENSUS-0000136829,GSA_MIGRATION,2021,2022-06-05,586001998
2021-06-CENSUS-0000136829,GSA_MIGRATION,2021,2022-06-05,586002001
2021-06-CENSUS-0000136829,GSA_MIGRATION,2021,2022-06-05,586002004
2021-06-CENSUS-0000136829,GSA_MIGRATION,2021,2022-06-05,586002006
2021-06-CENSUS-0000136829,GSA_MIGRATION,2021,2022-06-05,586002007
2021-06-CENSUS-0000136829,GSA_MIGRATION,2021,2022-06-05,586002009
2021-06-CENSUS-0000209778,GSA_MIGRATION,2021,2022-08-04,136466166
2021-06-CENSUS-0000209778,GSA_MIGRATION,2021,2022-08-04,133238639
2021-06-CENSUS-0000200740,GSA_MIGRATION,2021,2022-09-27,251490886
2021-06-CENSUS-0000200740,GSA_MIGRATION,2021,2022-09-27,251480565
2021-06-CENSUS-0000200740,GSA_MIGRATION,2021,2022-09-27,251217034
2021-06-CENSUS-0000200740,GSA_MIGRATION,2021,2022-09-27,251602133
2021-06-CENSUS-0000200740,GSA_MIGRATION,2021,2022-09-27,250965579
2021-06-CENSUS-0000200740,GSA_MIGRATION,2021,2022-09-27,471870077
2021-12-CENSUS-0000253272,GSA_MIGRATION,2021,2022-05-19,382532215
2021-12-CENSUS-0000253272,GSA_MIGRATION,2021,2022-05-19,822430786
2021-06-CENSUS-0000026650,GSA_MIGRATION,2021,2022-01-31,232687223
2021-06-CENSUS-0000026650,GSA_MIGRATION,2021,2022-01-31,232851068
2021-06-CENSUS-0000026650,GSA_MIGRATION,2021,2022-01-31,271010116
2022-03-CENSUS-0000220268,UJCJBNYNJMK6,2022,2022-10-26,611150328
2022-03-CENSUS-0000220268,UJCJBNYNJMK6,2022,2022-10-26,611271505
2021-12-CENSUS-0000042736,GSA_MIGRATION,2021,2022-07-09,311670470
2021-06-CENSUS-0000185454,GSA_MIGRATION,2021,2022-02-28,205966956
2021-12-CENSUS-0000255882,GSA_MIGRATION,2021,2022-11-08,611588294
2021-12-CENSUS-0000255882,GSA_MIGRATION,2021,2022-11-08,330676831
2021-06-CENSUS-0000090356,GSA_MIGRATION,2021,2022-01-17,561182686
2021-06-CENSUS-0000090356,GSA_MIGRATION,2021,2022-01-17,980493767
2021-12-CENSUS-0000255489,GSA_MIGRATION,2021,2022-09-29,561398929
2021-12-CENSUS-0000255489,GSA_MIGRATION,2021,2022-09-29,560529945
2021-12-CENSUS-0000255489,GSA_MIGRATION,2021,2022-09-29,510190238
2021-12-CENSUS-0000255489,GSA_MIGRATION,2021,2022-09-29,562276994
2021-12-CENSUS-0000255489,GSA_MIGRATION,2021,2022-09-29,560543238
2021-12-CENSUS-0000255489,GSA_MIGRATION,2021,2022-09-29,560552787
2021-12-CENSUS-0000255489,GSA_MIGRATION,2021,2022-09-29,830343789
2021-12-CENSUS-0000255489,GSA_MIGRATION,2021,2022-09-29,560532309
2021-09-CENSUS-0000253868,GSA_MIGRATION,2021,2022-06-30,060859588
2021-09-CENSUS-0000253868,GSA_MIGRATION,2021,2022-06-30,061062903
2021-09-CENSUS-0000253868,GSA_MIGRATION,2021,2022-06-30,453836516
2022-06-CENSUS-0000171414,KNZJMQLX3F19,2022,2022-12-11,620672547
2022-06-CENSUS-0000171414,KNZJMQLX3F19,2022,2022-12-11,626000724
2021-06-CENSUS-0000227312,GSA_MIGRATION,2021,2022-09-27,410853163
2021-06-CENSUS-0000227312,GSA_MIGRATION,2021,2022-09-27,460224604
2021-06-CENSUS-0000227312,GSA_MIGRATION,2021,2022-09-27,410919153
2021-06-CENSUS-0000227312,GSA_MIGRATION,2021,2022-09-27,460224598
2021-06-CENSUS-0000227312,GSA_MIGRATION,2021,2022-09-27,460224743
2021-06-CENSUS-0000227312,GSA_MIGRATION,2021,2022-09-27,460226738
2021-06-CENSUS-0000227312,GSA_MIGRATION,2021,2022-09-27,460230199
2021-06-CENSUS-0000227312,GSA_MIGRATION,2021,2022-09-27,460234354
2021-06-CENSUS-0000227312,GSA_MIGRATION,2021,2022-09-27,470463911
2021-06-CENSUS-0000227312,GSA_MIGRATION,2021,2022-09-27,420680370
2021-06-CENSUS-0000227312,GSA_MIGRATION,2021,2022-09-27,460225483
2021-06-CENSUS-0000227312,GSA_MIGRATION,2021,2022-09-27,460399291
2021-06-CENSUS-0000227312,GSA_MIGRATION,2021,2022-09-27,562143771
2021-06-CENSUS-0000227312,GSA_MIGRATION,2021,2022-09-27,843156881
2021-09-CENSUS-0000101101,GSA_MIGRATION,2021,2022-06-29,741100555
2021-09-CENSUS-0000101101,GSA_MIGRATION,2021,2022-06-29,461392824
2021-09-CENSUS-0000101101,GSA_MIGRATION,2021,2022-06-29,760486264
2021-09-CENSUS-0000101101,GSA_MIGRATION,2021,2022-06-29,260834681
2021-06-CENSUS-0000171395,GSA_MIGRATION,2021,2022-01-25,626000653
2021-06-CENSUS-0000171395,GSA_MIGRATION,2021,2022-01-25,621062445
2021-06-CENSUS-0000171395,GSA_MIGRATION,2021,2022-01-25,620757264
2021-06-CENSUS-0000171395,GSA_MIGRATION,2021,2022-01-25,621406241
2021-06-CENSUS-0000171364,GSA_MIGRATION,2021,2022-01-13,626000497
2021-06-CENSUS-0000171364,GSA_MIGRATION,2021,2022-01-13,626000496
2021-12-CENSUS-0000039110,GSA_MIGRATION,2021,2022-09-29,010782751
2021-12-CENSUS-0000039110,GSA_MIGRATION,2021,2022-09-29,311439570
2021-12-CENSUS-0000039110,GSA_MIGRATION,2021,2022-09-29,020627166
2021-12-CENSUS-0000039110,GSA_MIGRATION,2021,2022-09-29,311296332
2021-12-CENSUS-0000039110,GSA_MIGRATION,2021,2022-09-29,311595013
2021-12-CENSUS-0000039110,GSA_MIGRATION,2021,2022-09-29,311609283
2021-12-CENSUS-0000039110,GSA_MIGRATION,2021,2022-09-29,311654000
2021-12-CENSUS-0000039110,GSA_MIGRATION,2021,2022-09-29,314379441
2021-12-CENSUS-0000039110,GSA_MIGRATION,2021,2022-09-29,311024403
2021-12-CENSUS-0000039110,GSA_MIGRATION,2021,2022-09-29,311036370
2021-12-CENSUS-0000039110,GSA_MIGRATION,2021,2022-09-29,311665952
2021-12-CENSUS-0000254394,GSA_MIGRATION,2021,2022-09-07,223172461
2021-09-CENSUS-0000243011,GSA_MIGRATION,2021,2022-06-27,382042021
2021-09-CENSUS-0000243011,GSA_MIGRATION,2021,2022-06-27,382324335
2021-09-CENSUS-0000243011,GSA_MIGRATION,2021,2022-06-27,382881807
2021-09-CENSUS-0000243011,GSA_MIGRATION,2021,2022-06-27,462252476
2021-06-CENSUS-0000033479,GSA_MIGRATION,2021,2022-03-22,920121016
2021-06-CENSUS-0000166795,GSA_MIGRATION,2021,2022-07-13,251854772
2021-06-CENSUS-0000176097,GSA_MIGRATION,2021,2022-03-29,546001493
2021-06-CENSUS-0000176097,GSA_MIGRATION,2021,2022-03-29,546001490
2021-06-CENSUS-0000232556,GSA_MIGRATION,2021,2022-03-02,461268147
2021-06-CENSUS-0000165114,GSA_MIGRATION,2021,2022-05-04,736084241
2021-06-CENSUS-0000165114,GSA_MIGRATION,2021,2022-05-04,730758089
2021-06-CENSUS-0000165114,GSA_MIGRATION,2021,2022-05-04,736096261
2021-06-CENSUS-0000165114,GSA_MIGRATION,2021,2022-05-04,736222066
2021-06-CENSUS-0000176075,GSA_MIGRATION,2021,2022-01-12,546001363
2021-06-CENSUS-0000176075,GSA_MIGRATION,2021,2022-01-12,546001360
2021-11-CENSUS-0000221415,GSA_MIGRATION,2021,2022-11-16,852874892
2021-12-CENSUS-0000069335,GSA_MIGRATION,2021,2022-09-29,464690725
2021-12-CENSUS-0000069335,GSA_MIGRATION,2021,2022-09-29,453991190
2021-12-CENSUS-0000069335,GSA_MIGRATION,2021,2022-09-29,472446790
2021-12-CENSUS-0000069335,GSA_MIGRATION,2021,2022-09-29,460864256
2021-12-CENSUS-0000069335,GSA_MIGRATION,2021,2022-09-29,203781186
2020-09-CENSUS-0000241118,GSA_MIGRATION,2020,2022-09-29,272763125
2020-09-CENSUS-0000241118,GSA_MIGRATION,2020,2022-09-29,800614702
2020-12-CENSUS-0000255673,GSA_MIGRATION,2020,2022-10-18,310993422
2021-06-CENSUS-0000171389,GSA_MIGRATION,2021,2022-02-09,626025730
2021-06-CENSUS-0000171389,GSA_MIGRATION,2021,2022-02-09,626000628
2021-09-CENSUS-0000253738,GSA_MIGRATION,2021,2022-06-29,540505955
2021-09-CENSUS-0000253738,GSA_MIGRATION,2021,2022-06-29,352258075
2021-09-CENSUS-0000253738,GSA_MIGRATION,2021,2022-06-29,260402064
2021-12-CENSUS-0000182450,GSA_MIGRATION,2021,2022-07-18,726015208
2021-12-CENSUS-0000182450,GSA_MIGRATION,2021,2022-07-18,726009780
2021-12-CENSUS-0000182450,GSA_MIGRATION,2021,2022-07-18,720985631
2021-12-CENSUS-0000182450,GSA_MIGRATION,2021,2022-07-18,721077320
2021-12-CENSUS-0000182450,GSA_MIGRATION,2021,2022-07-18,726002164
2021-12-CENSUS-0000182450,GSA_MIGRATION,2021,2022-07-18,720634394
2021-12-CENSUS-0000254860,GSA_MIGRATION,2021,2022-09-26,471944928
2021-12-CENSUS-0000254860,GSA_MIGRATION,2021,2022-09-26,471958020
2021-12-CENSUS-0000254860,GSA_MIGRATION,2021,2022-09-26,202937952
2021-12-CENSUS-0000254860,GSA_MIGRATION,2021,2022-09-26,221589209
2021-12-CENSUS-0000254860,GSA_MIGRATION,2021,2022-09-26,261887505
2021-06-CENSUS-0000056426,GSA_MIGRATION,2021,2022-02-16,382391381
2021-06-CENSUS-0000056426,GSA_MIGRATION,2021,2022-02-16,475320389
2021-12-CENSUS-0000255130,GSA_MIGRATION,2021,2022-09-28,311608691
2021-12-CENSUS-0000255130,GSA_MIGRATION,2021,2022-09-28,311608701
2021-12-CENSUS-0000255130,GSA_MIGRATION,2021,2022-09-28,411728753
2021-12-CENSUS-0000255130,GSA_MIGRATION,2021,2022-09-28,311608696
2021-12-CENSUS-0000255130,GSA_MIGRATION,2021,2022-09-28,311572624
2021-12-CENSUS-0000255130,GSA_MIGRATION,2021,2022-09-28,472292912
2021-12-CENSUS-0000255130,GSA_MIGRATION,2021,2022-09-28,450232943
2021-12-CENSUS-0000255130,GSA_MIGRATION,2021,2022-09-28,410871848
2021-12-CENSUS-0000255130,GSA_MIGRATION,2021,2022-09-28,460904337
2021-12-CENSUS-0000255130,GSA_MIGRATION,2021,2022-09-28,410693953
2021-12-CENSUS-0000255130,GSA_MIGRATION,2021,2022-09-28,411783680
2021-12-CENSUS-0000255130,GSA_MIGRATION,2021,2022-09-28,412013927
2021-12-CENSUS-0000255130,GSA_MIGRATION,2021,2022-09-28,201723948
2021-12-CENSUS-0000255130,GSA_MIGRATION,2021,2022-09-28,208916091
2021-12-CENSUS-0000255130,GSA_MIGRATION,2021,2022-09-28,411539761
2021-12-CENSUS-0000255130,GSA_MIGRATION,2021,2022-09-28,411694818
2021-12-CENSUS-0000255130,GSA_MIGRATION,2021,2022-09-28,810754064
2021-12-CENSUS-0000255130,GSA_MIGRATION,2021,2022-09-28,411625095
2021-12-CENSUS-0000255130,GSA_MIGRATION,2021,2022-09-28,273219747
2021-12-CENSUS-0000255130,GSA_MIGRATION,2021,2022-09-28,271279704
2021-12-CENSUS-0000255130,GSA_MIGRATION,2021,2022-09-28,416045816
2021-12-CENSUS-0000255130,GSA_MIGRATION,2021,2022-09-28,200507069
2021-12-CENSUS-0000255130,GSA_MIGRATION,2021,2022-09-28,271466676
2021-12-CENSUS-0000255130,GSA_MIGRATION,2021,2022-09-28,411821882
2021-12-CENSUS-0000255130,GSA_MIGRATION,2021,2022-09-28,200044030
2021-12-CENSUS-0000255130,GSA_MIGRATION,2021,2022-09-28,411424801
2021-12-CENSUS-0000255130,GSA_MIGRATION,2021,2022-09-28,204063752
2021-12-CENSUS-0000255130,GSA_MIGRATION,2021,2022-09-28,410855707
2021-12-CENSUS-0000255130,GSA_MIGRATION,2021,2022-09-28,411927112
2021-12-CENSUS-0000255130,GSA_MIGRATION,2021,2022-09-28,410711597
2021-12-CENSUS-0000255130,GSA_MIGRATION,2021,2022-09-28,752990222
2021-12-CENSUS-0000255130,GSA_MIGRATION,2021,2022-09-28,450359794
2021-12-CENSUS-0000255130,GSA_MIGRATION,2021,2022-09-28,420868449
2021-12-CENSUS-0000255130,GSA_MIGRATION,2021,2022-09-28,262086933
2020-12-CENSUS-0000255673,GSA_MIGRATION,2020,2022-10-18,311072406
2021-12-CENSUS-0000253599,GSA_MIGRATION,2021,2022-06-23,300001703
2021-12-CENSUS-0000253599,GSA_MIGRATION,2021,2022-06-23,383896153
2021-06-CENSUS-0000201900,GSA_MIGRATION,2021,2022-03-09,161550034
2021-06-CENSUS-0000201900,GSA_MIGRATION,2021,2022-03-09,453809815
2021-12-CENSUS-0000015303,GSA_MIGRATION,2021,2022-09-29,150539039
2021-12-CENSUS-0000015303,GSA_MIGRATION,2021,2022-09-29,150533578
2021-12-CENSUS-0000015303,GSA_MIGRATION,2021,2022-09-29,161540394
2021-12-CENSUS-0000015303,GSA_MIGRATION,2021,2022-09-29,133218680
2021-06-CENSUS-0000176047,GSA_MIGRATION,2021,2022-02-15,546001191
2021-06-CENSUS-0000176047,GSA_MIGRATION,2021,2022-02-15,546001194
2021-06-CENSUS-0000176123,GSA_MIGRATION,2021,2022-01-18,546001679
2022-03-CENSUS-0000192090,EA8CEGCWUNP7,2022,2022-10-24,461712004
2021-06-CENSUS-0000248838,GSA_MIGRATION,2021,2022-09-29,471158090
2021-12-CENSUS-0000255316,GSA_MIGRATION,2021,2022-09-29,161122628
2021-12-CENSUS-0000156269,GSA_MIGRATION,2021,2022-09-28,020511413
2021-12-CENSUS-0000156269,GSA_MIGRATION,2021,2022-09-28,472753561
2021-12-CENSUS-0000156269,GSA_MIGRATION,2021,2022-09-28,010504037
2021-12-CENSUS-0000156269,GSA_MIGRATION,2021,2022-09-28,274628417
2021-12-CENSUS-0000156269,GSA_MIGRATION,2021,2022-09-28,274628494
2021-12-CENSUS-0000156269,GSA_MIGRATION,2021,2022-09-28,431996683
2021-12-CENSUS-0000156269,GSA_MIGRATION,2021,2022-09-28,200718097
2021-12-CENSUS-0000156269,GSA_MIGRATION,2021,2022-09-28,510539496
2021-12-CENSUS-0000255194,GSA_MIGRATION,2021,2022-09-28,562397098
2021-09-CENSUS-0000105524,GSA_MIGRATION,2021,2022-06-29,813011126
2021-06-CENSUS-0000071243,GSA_MIGRATION,2021,2022-06-29,510295186
2021-06-CENSUS-0000071243,GSA_MIGRATION,2021,2022-06-29,520607945
2021-06-CENSUS-0000071243,GSA_MIGRATION,2021,2022-06-29,202119977
2021-06-CENSUS-0000071243,GSA_MIGRATION,2021,2022-06-29,812662359
2021-06-CENSUS-0000071243,GSA_MIGRATION,2021,2022-06-29,521794553
2021-06-CENSUS-0000071243,GSA_MIGRATION,2021,2022-06-29,510064334
2021-06-CENSUS-0000071243,GSA_MIGRATION,2021,2022-06-29,521479538
2021-07-CENSUS-0000222561,GSA_MIGRATION,2021,2022-05-24,273922007
2021-07-CENSUS-0000222561,GSA_MIGRATION,2021,2022-05-24,954434428
2021-06-CENSUS-0000143623,GSA_MIGRATION,2021,2022-01-03,900676732
2021-06-CENSUS-0000143623,GSA_MIGRATION,2021,2022-01-03,421351175
2021-12-CENSUS-0000254612,GSA_MIGRATION,2021,2022-09-20,300165308
2021-12-CENSUS-0000254612,GSA_MIGRATION,2021,2022-09-20,311804673
2021-06-CENSUS-0000025413,GSA_MIGRATION,2021,2022-09-25,232266054
2021-12-CENSUS-0000179257,GSA_MIGRATION,2021,2022-09-07,611597774
2021-06-CENSUS-0000254586,GSA_MIGRATION,2021,2022-09-20,943282424
2021-06-CENSUS-0000254586,GSA_MIGRATION,2021,2022-09-20,990262198
2021-06-CENSUS-0000254586,GSA_MIGRATION,2021,2022-09-20,990262226
2021-06-CENSUS-0000254586,GSA_MIGRATION,2021,2022-09-20,990262196
2021-06-CENSUS-0000254586,GSA_MIGRATION,2021,2022-09-20,990262197
2021-06-CENSUS-0000254586,GSA_MIGRATION,2021,2022-09-20,990262194
2021-06-CENSUS-0000254586,GSA_MIGRATION,2021,2022-09-20,990262217
2021-06-CENSUS-0000254586,GSA_MIGRATION,2021,2022-09-20,990293974
2021-06-CENSUS-0000254586,GSA_MIGRATION,2021,2022-09-20,990294642
2021-06-CENSUS-0000254586,GSA_MIGRATION,2021,2022-09-20,870805301
2021-06-CENSUS-0000254586,GSA_MIGRATION,2021,2022-09-20,300421262
2021-06-CENSUS-0000221266,GSA_MIGRATION,2021,2022-01-25,530196602
2021-06-CENSUS-0000221266,GSA_MIGRATION,2021,2022-01-25,520610545
2021-06-CENSUS-0000221266,GSA_MIGRATION,2021,2022-01-25,521341890
2021-06-CENSUS-0000221266,GSA_MIGRATION,2021,2022-01-25,590683252
2021-06-CENSUS-0000221266,GSA_MIGRATION,2021,2022-01-25,521467441
2021-06-CENSUS-0000221266,GSA_MIGRATION,2021,2022-01-25,522093120
2021-06-CENSUS-0000221266,GSA_MIGRATION,2021,2022-01-25,520591656
2021-12-CENSUS-0000044372,GSA_MIGRATION,2021,2022-09-27,611771805
2021-12-CENSUS-0000044372,GSA_MIGRATION,2021,2022-09-27,260622564
2021-12-CENSUS-0000044372,GSA_MIGRATION,2021,2022-09-27,260624378
2021-12-CENSUS-0000044372,GSA_MIGRATION,2021,2022-09-27,260624068
2021-12-CENSUS-0000044372,GSA_MIGRATION,2021,2022-09-27,260615929
2021-12-CENSUS-0000044372,GSA_MIGRATION,2021,2022-09-27,260610673
2021-12-CENSUS-0000044372,GSA_MIGRATION,2021,2022-09-27,260620431
2021-12-CENSUS-0000044372,GSA_MIGRATION,2021,2022-09-27,260610097
2021-12-CENSUS-0000044372,GSA_MIGRATION,2021,2022-09-27,260612791
2021-12-CENSUS-0000044372,GSA_MIGRATION,2021,2022-09-27,260624643
2021-12-CENSUS-0000044372,GSA_MIGRATION,2021,2022-09-27,260614915
2021-12-CENSUS-0000044372,GSA_MIGRATION,2021,2022-09-27,221604502
2021-12-CENSUS-0000044372,GSA_MIGRATION,2021,2022-09-27,260623476
2021-12-CENSUS-0000044372,GSA_MIGRATION,2021,2022-09-27,260623167
2021-12-CENSUS-0000044372,GSA_MIGRATION,2021,2022-09-27,260622591
2021-12-CENSUS-0000044372,GSA_MIGRATION,2021,2022-09-27,260624092
2021-12-CENSUS-0000044372,GSA_MIGRATION,2021,2022-09-27,260615984
2021-12-CENSUS-0000044372,GSA_MIGRATION,2021,2022-09-27,260623196
2021-12-CENSUS-0000044372,GSA_MIGRATION,2021,2022-09-27,260624664
2021-12-CENSUS-0000044372,GSA_MIGRATION,2021,2022-09-27,260620456
2021-12-CENSUS-0000044372,GSA_MIGRATION,2021,2022-09-27,260624391
2021-12-CENSUS-0000044372,GSA_MIGRATION,2021,2022-09-27,260612955
2021-12-CENSUS-0000044372,GSA_MIGRATION,2021,2022-09-27,260610122
2021-12-CENSUS-0000044372,GSA_MIGRATION,2021,2022-09-27,260611184
2021-12-CENSUS-0000044372,GSA_MIGRATION,2021,2022-09-27,260623523
2021-12-CENSUS-0000044372,GSA_MIGRATION,2021,2022-09-27,260614920
2021-12-CENSUS-0000044372,GSA_MIGRATION,2021,2022-09-27,260609189
2021-12-CENSUS-0000044372,GSA_MIGRATION,2021,2022-09-27,260624394
2021-12-CENSUS-0000044372,GSA_MIGRATION,2021,2022-09-27,260623559
2021-12-CENSUS-0000044372,GSA_MIGRATION,2021,2022-09-27,260616038
2021-12-CENSUS-0000044372,GSA_MIGRATION,2021,2022-09-27,260624675
2021-12-CENSUS-0000044372,GSA_MIGRATION,2021,2022-09-27,260622713
2021-12-CENSUS-0000044372,GSA_MIGRATION,2021,2022-09-27,260624142
2021-12-CENSUS-0000044372,GSA_MIGRATION,2021,2022-09-27,260612993
2021-12-CENSUS-0000044372,GSA_MIGRATION,2021,2022-09-27,260614957
2021-12-CENSUS-0000044372,GSA_MIGRATION,2021,2022-09-27,260620480
2021-12-CENSUS-0000044372,GSA_MIGRATION,2021,2022-09-27,260623208
2021-12-CENSUS-0000044372,GSA_MIGRATION,2021,2022-09-27,260611231
2021-12-CENSUS-0000044372,GSA_MIGRATION,2021,2022-09-27,260610244
2021-12-CENSUS-0000044372,GSA_MIGRATION,2021,2022-09-27,260609231
2021-12-CENSUS-0000044372,GSA_MIGRATION,2021,2022-09-27,260624416
2021-12-CENSUS-0000044372,GSA_MIGRATION,2021,2022-09-27,260618782
2021-12-CENSUS-0000044372,GSA_MIGRATION,2021,2022-09-27,260623221
2021-12-CENSUS-0000044372,GSA_MIGRATION,2021,2022-09-27,260624159
2021-12-CENSUS-0000044372,GSA_MIGRATION,2021,2022-09-27,260624687
2021-12-CENSUS-0000044372,GSA_MIGRATION,2021,2022-09-27,260615323
2021-12-CENSUS-0000044372,GSA_MIGRATION,2021,2022-09-27,260620527
2021-12-CENSUS-0000044372,GSA_MIGRATION,2021,2022-09-27,260613105
2021-12-CENSUS-0000044372,GSA_MIGRATION,2021,2022-09-27,260611286
2021-12-CENSUS-0000044372,GSA_MIGRATION,2021,2022-09-27,260610260
2021-12-CENSUS-0000044372,GSA_MIGRATION,2021,2022-09-27,260623590
2021-12-CENSUS-0000044372,GSA_MIGRATION,2021,2022-09-27,260609259
2021-12-CENSUS-0000044372,GSA_MIGRATION,2021,2022-09-27,260622805
2021-12-CENSUS-0000044372,GSA_MIGRATION,2021,2022-09-27,260623262
2021-12-CENSUS-0000044372,GSA_MIGRATION,2021,2022-09-27,260618879
2021-12-CENSUS-0000044372,GSA_MIGRATION,2021,2022-09-27,260614171
2021-12-CENSUS-0000044372,GSA_MIGRATION,2021,2022-09-27,260624190
2021-12-CENSUS-0000044372,GSA_MIGRATION,2021,2022-09-27,260624696
2021-12-CENSUS-0000044372,GSA_MIGRATION,2021,2022-09-27,260615358
2021-12-CENSUS-0000044372,GSA_MIGRATION,2021,2022-09-27,260621637
2021-12-CENSUS-0000044372,GSA_MIGRATION,2021,2022-09-27,260622887
2021-12-CENSUS-0000044372,GSA_MIGRATION,2021,2022-09-27,260624438
2021-12-CENSUS-0000044372,GSA_MIGRATION,2021,2022-09-27,260611334
2021-12-CENSUS-0000044372,GSA_MIGRATION,2021,2022-09-27,260610325
2021-12-CENSUS-0000044372,GSA_MIGRATION,2021,2022-09-27,260623613
2021-12-CENSUS-0000044372,GSA_MIGRATION,2021,2022-09-27,260609311
2021-12-CENSUS-0000044372,GSA_MIGRATION,2021,2022-09-27,260623287
2021-12-CENSUS-0000044372,GSA_MIGRATION,2021,2022-09-27,260611592
2021-12-CENSUS-0000044372,GSA_MIGRATION,2021,2022-09-27,260620058
2021-12-CENSUS-0000044372,GSA_MIGRATION,2021,2022-09-27,260614341
2021-12-CENSUS-0000044372,GSA_MIGRATION,2021,2022-09-27,260624217
2021-12-CENSUS-0000044372,GSA_MIGRATION,2021,2022-09-27,260624719
2021-12-CENSUS-0000044372,GSA_MIGRATION,2021,2022-09-27,260615380
2021-12-CENSUS-0000044372,GSA_MIGRATION,2021,2022-09-27,260621747
2021-12-CENSUS-0000044372,GSA_MIGRATION,2021,2022-09-27,260622947
2021-12-CENSUS-0000044372,GSA_MIGRATION,2021,2022-09-27,260624455
2021-12-CENSUS-0000044372,GSA_MIGRATION,2021,2022-09-27,260610347
2021-12-CENSUS-0000044372,GSA_MIGRATION,2021,2022-09-27,260623726
2021-12-CENSUS-0000044372,GSA_MIGRATION,2021,2022-09-27,260609323
2021-12-CENSUS-0000044372,GSA_MIGRATION,2021,2022-09-27,260622988
2021-12-CENSUS-0000044372,GSA_MIGRATION,2021,2022-09-27,260614451
2021-12-CENSUS-0000044372,GSA_MIGRATION,2021,2022-09-27,260620122
2021-12-CENSUS-0000044372,GSA_MIGRATION,2021,2022-09-27,260624241
2021-12-CENSUS-0000044372,GSA_MIGRATION,2021,2022-09-27,260615421
2021-12-CENSUS-0000044372,GSA_MIGRATION,2021,2022-09-27,260621778
2021-12-CENSUS-0000044372,GSA_MIGRATION,2021,2022-09-27,260624476
2021-12-CENSUS-0000044372,GSA_MIGRATION,2021,2022-09-27,260794075
2021-12-CENSUS-0000044372,GSA_MIGRATION,2021,2022-09-27,260623316
2021-09-CENSUS-0000236680,GSA_MIGRATION,2021,2022-06-28,222472997
2021-09-CENSUS-0000236680,GSA_MIGRATION,2021,2022-06-28,043306782
2021-12-CENSUS-0000230943,GSA_MIGRATION,2021,2022-09-06,812554036
2021-06-CENSUS-0000177659,GSA_MIGRATION,2021,2022-03-24,820630850
2021-06-CENSUS-0000177659,GSA_MIGRATION,2021,2022-03-24,820622822
2021-06-CENSUS-0000175013,GSA_MIGRATION,2021,2022-07-12,870294483
2021-06-CENSUS-0000175013,GSA_MIGRATION,2021,2022-07-12,870342144
2021-06-CENSUS-0000175013,GSA_MIGRATION,2021,2022-07-12,876000488
2021-06-CENSUS-0000175013,GSA_MIGRATION,2021,2022-07-12,203212820
2021-06-CENSUS-0000175013,GSA_MIGRATION,2021,2022-07-12,412126821
2021-06-CENSUS-0000175013,GSA_MIGRATION,2021,2022-07-12,870381952
2021-06-CENSUS-0000175013,GSA_MIGRATION,2021,2022-07-12,876000448
2021-06-CENSUS-0000175013,GSA_MIGRATION,2021,2022-07-12,876000517
2021-06-CENSUS-0000175013,GSA_MIGRATION,2021,2022-07-12,876000481
2021-06-CENSUS-0000175013,GSA_MIGRATION,2021,2022-07-12,870742514
2021-06-CENSUS-0000175013,GSA_MIGRATION,2021,2022-07-12,870632052
2021-06-CENSUS-0000175013,GSA_MIGRATION,2021,2022-07-12,870293396
2021-06-CENSUS-0000175013,GSA_MIGRATION,2021,2022-07-12,870587139
2021-06-CENSUS-0000175013,GSA_MIGRATION,2021,2022-07-12,876112280
2021-06-CENSUS-0000175013,GSA_MIGRATION,2021,2022-07-12,876000525
2021-06-CENSUS-0000175013,GSA_MIGRATION,2021,2022-07-12,870276385
2021-06-CENSUS-0000175013,GSA_MIGRATION,2021,2022-07-12,876000528
2021-06-CENSUS-0000175013,GSA_MIGRATION,2021,2022-07-12,870280648
2021-06-CENSUS-0000175013,GSA_MIGRATION,2021,2022-07-12,876000535
2021-12-CENSUS-0000255045,GSA_MIGRATION,2021,2022-09-27,043538833
2021-12-CENSUS-0000255045,GSA_MIGRATION,2021,2022-09-27,271756594
2021-12-CENSUS-0000255045,GSA_MIGRATION,2021,2022-09-27,043326727
2021-12-CENSUS-0000255045,GSA_MIGRATION,2021,2022-09-27,043321157
2021-12-CENSUS-0000255045,GSA_MIGRATION,2021,2022-09-27,043237982
2021-12-CENSUS-0000255045,GSA_MIGRATION,2021,2022-09-27,043138403
2021-12-CENSUS-0000255045,GSA_MIGRATION,2021,2022-09-27,042106768
2021-12-CENSUS-0000255416,GSA_MIGRATION,2021,2022-09-29,470689372
2021-06-CENSUS-0000233291,GSA_MIGRATION,2021,2022-09-29,521338141
2021-06-CENSUS-0000233291,GSA_MIGRATION,2021,2022-09-29,521277262
2021-06-CENSUS-0000233291,GSA_MIGRATION,2021,2022-09-29,520730225
2021-06-CENSUS-0000233291,GSA_MIGRATION,2021,2022-09-29,521162749
2021-06-CENSUS-0000233291,GSA_MIGRATION,2021,2022-09-29,520591684
2021-06-CENSUS-0000233291,GSA_MIGRATION,2021,2022-09-29,521392214
2021-12-CENSUS-0000254852,GSA_MIGRATION,2021,2022-09-26,411673628
2021-12-CENSUS-0000254852,GSA_MIGRATION,2021,2022-09-26,411443583
2021-12-CENSUS-0000254852,GSA_MIGRATION,2021,2022-09-26,411633928
2021-12-CENSUS-0000254852,GSA_MIGRATION,2021,2022-09-26,411712274
2021-12-CENSUS-0000254852,GSA_MIGRATION,2021,2022-09-26,473707672
2021-12-CENSUS-0000254852,GSA_MIGRATION,2021,2022-09-26,452155418
2021-12-CENSUS-0000254852,GSA_MIGRATION,2021,2022-09-26,410706131
2021-06-CENSUS-0000152133,GSA_MIGRATION,2021,2022-11-30,640432217
2021-06-CENSUS-0000152133,GSA_MIGRATION,2021,2022-11-30,646000740
2021-06-CENSUS-0000152133,GSA_MIGRATION,2021,2022-11-30,646000814
2021-06-CENSUS-0000152133,GSA_MIGRATION,2021,2022-11-30,646000837
2021-06-CENSUS-0000152133,GSA_MIGRATION,2021,2022-11-30,646000758
2021-06-CENSUS-0000152133,GSA_MIGRATION,2021,2022-11-30,646000791
2021-06-CENSUS-0000152133,GSA_MIGRATION,2021,2022-11-30,640726601
2021-06-CENSUS-0000152133,GSA_MIGRATION,2021,2022-11-30,646000775
2021-06-CENSUS-0000152133,GSA_MIGRATION,2021,2022-11-30,646000734
2021-06-CENSUS-0000152133,GSA_MIGRATION,2021,2022-11-30,646000805
2021-06-CENSUS-0000152133,GSA_MIGRATION,2021,2022-11-30,646000766
2021-06-CENSUS-0000152133,GSA_MIGRATION,2021,2022-11-30,646000793
2021-06-CENSUS-0000152133,GSA_MIGRATION,2021,2022-11-30,646000736
2021-06-CENSUS-0000152133,GSA_MIGRATION,2021,2022-11-30,640844747
2021-06-CENSUS-0000152133,GSA_MIGRATION,2021,2022-11-30,646000771
2021-06-CENSUS-0000152133,GSA_MIGRATION,2021,2022-11-30,640628588
2021-06-CENSUS-0000152133,GSA_MIGRATION,2021,2022-11-30,640629297
2021-06-CENSUS-0000152133,GSA_MIGRATION,2021,2022-11-30,646000738
2021-06-CENSUS-0000152133,GSA_MIGRATION,2021,2022-11-30,640433542
2021-06-CENSUS-0000152133,GSA_MIGRATION,2021,2022-11-30,646000801
2021-06-CENSUS-0000152133,GSA_MIGRATION,2021,2022-11-30,646000786
2021-06-CENSUS-0000152133,GSA_MIGRATION,2021,2022-11-30,640476393
2021-06-CENSUS-0000152133,GSA_MIGRATION,2021,2022-11-30,646000760
2021-06-CENSUS-0000152133,GSA_MIGRATION,2021,2022-11-30,646000807
2021-06-CENSUS-0000152133,GSA_MIGRATION,2021,2022-11-30,640472793
2021-06-CENSUS-0000152133,GSA_MIGRATION,2021,2022-11-30,646004791
2021-06-CENSUS-0000152133,GSA_MIGRATION,2021,2022-11-30,640470066
2021-06-CENSUS-0000152133,GSA_MIGRATION,2021,2022-11-30,646000765
2021-06-CENSUS-0000152133,GSA_MIGRATION,2021,2022-11-30,646000799
2021-06-CENSUS-0000152133,GSA_MIGRATION,2021,2022-11-30,646000777
2021-06-CENSUS-0000152133,GSA_MIGRATION,2021,2022-11-30,640518859
2021-06-CENSUS-0000152133,GSA_MIGRATION,2021,2022-11-30,646000838
2021-06-CENSUS-0000152133,GSA_MIGRATION,2021,2022-11-30,646000806
2021-06-CENSUS-0000152133,GSA_MIGRATION,2021,2022-11-30,646010673
2021-06-CENSUS-0000152133,GSA_MIGRATION,2021,2022-11-30,640500688
2021-06-CENSUS-0000152133,GSA_MIGRATION,2021,2022-11-30,646000776
2021-06-CENSUS-0000152133,GSA_MIGRATION,2021,2022-11-30,640546351
2021-06-CENSUS-0000152133,GSA_MIGRATION,2021,2022-11-30,646001618
2021-06-CENSUS-0000152133,GSA_MIGRATION,2021,2022-11-30,640440453
2021-06-CENSUS-0000152133,GSA_MIGRATION,2021,2022-11-30,640444777
2021-06-CENSUS-0000152133,GSA_MIGRATION,2021,2022-11-30,640501333
2021-06-CENSUS-0000152133,GSA_MIGRATION,2021,2022-11-30,640522302
2021-06-CENSUS-0000152133,GSA_MIGRATION,2021,2022-11-30,640668489
2021-06-CENSUS-0000152133,GSA_MIGRATION,2021,2022-11-30,640834099
2021-06-CENSUS-0000152133,GSA_MIGRATION,2021,2022-11-30,640892355
2021-06-CENSUS-0000152133,GSA_MIGRATION,2021,2022-11-30,640946394
2021-06-CENSUS-0000152133,GSA_MIGRATION,2021,2022-11-30,646000746
2021-06-CENSUS-0000152133,GSA_MIGRATION,2021,2022-11-30,646000832
2021-06-CENSUS-0000152133,GSA_MIGRATION,2021,2022-11-30,646011635
2021-06-CENSUS-0000152133,GSA_MIGRATION,2021,2022-11-30,646013063
2021-09-CENSUS-0000147704,GSA_MIGRATION,2021,2022-11-22,010449625
2021-06-CENSUS-0000166054,GSA_MIGRATION,2021,2022-03-04,930600166
2021-06-CENSUS-0000253624,GSA_MIGRATION,2021,2022-06-26,852276750
2021-06-CENSUS-0000048485,GSA_MIGRATION,2021,2022-09-29,042104690
2021-06-CENSUS-0000048485,GSA_MIGRATION,2021,2022-09-29,363488183
2021-06-CENSUS-0000048485,GSA_MIGRATION,2021,2022-09-29,362170866
2021-12-CENSUS-0000254251,GSA_MIGRATION,2021,2022-09-28,351988368
2021-12-CENSUS-0000103219,GSA_MIGRATION,2021,2022-06-23,203499523
2021-12-CENSUS-0000103219,GSA_MIGRATION,2021,2022-06-23,205368522
2021-12-CENSUS-0000103219,GSA_MIGRATION,2021,2022-06-23,208832910
2021-09-CENSUS-0000253526,GSA_MIGRATION,2021,2022-06-16,410841150
2021-09-CENSUS-0000253526,GSA_MIGRATION,2021,2022-06-16,521115873
2021-09-CENSUS-0000253526,GSA_MIGRATION,2021,2022-06-16,260744025
2021-09-CENSUS-0000253526,GSA_MIGRATION,2021,2022-06-16,383244636
2021-09-CENSUS-0000253526,GSA_MIGRATION,2021,2022-06-16,953472345
2021-09-CENSUS-0000253526,GSA_MIGRATION,2021,2022-06-16,841084331
2021-09-CENSUS-0000253526,GSA_MIGRATION,2021,2022-06-16,521115870
2021-09-CENSUS-0000253526,GSA_MIGRATION,2021,2022-06-16,363385581
2021-09-CENSUS-0000253526,GSA_MIGRATION,2021,2022-06-16,131740015
2021-12-CENSUS-0000010670,GSA_MIGRATION,2021,2022-09-29,471353602
2021-12-CENSUS-0000010670,GSA_MIGRATION,2021,2022-09-29,824502169
2021-09-CENSUS-0000227838,GSA_MIGRATION,2021,2022-06-02,204591563
2021-09-CENSUS-0000227838,GSA_MIGRATION,2021,2022-06-02,273526155
2021-12-CENSUS-0000018983,GSA_MIGRATION,2021,2022-09-28,161564672
2021-12-CENSUS-0000018983,GSA_MIGRATION,2021,2022-09-28,222329966
2021-06-CENSUS-0000252361,GSA_MIGRATION,2021,2022-02-23,237029207
2021-09-CENSUS-0000253635,GSA_MIGRATION,2021,2022-06-27,390884478
2021-09-CENSUS-0000253635,GSA_MIGRATION,2021,2022-06-27,391657627
2021-09-CENSUS-0000253635,GSA_MIGRATION,2021,2022-06-27,391504766
2021-09-CENSUS-0000253635,GSA_MIGRATION,2021,2022-06-27,061745397
2021-09-CENSUS-0000253846,GSA_MIGRATION,2021,2022-06-29,301048148
2021-09-CENSUS-0000253846,GSA_MIGRATION,2021,2022-06-29,208725647
2021-09-CENSUS-0000253846,GSA_MIGRATION,2021,2022-06-29,464233625
2021-09-CENSUS-0000253846,GSA_MIGRATION,2021,2022-06-29,464049246
2021-09-CENSUS-0000253846,GSA_MIGRATION,2021,2022-06-29,823188781
2021-09-CENSUS-0000253846,GSA_MIGRATION,2021,2022-06-29,821234100
2021-09-CENSUS-0000253846,GSA_MIGRATION,2021,2022-06-29,462756449
2021-09-CENSUS-0000253846,GSA_MIGRATION,2021,2022-06-29,474310307
2021-09-CENSUS-0000253846,GSA_MIGRATION,2021,2022-06-29,812061031
2021-09-CENSUS-0000253846,GSA_MIGRATION,2021,2022-06-29,262060345
2021-06-CENSUS-0000239636,GSA_MIGRATION,2021,2022-07-21,720423635
2021-06-CENSUS-0000239636,GSA_MIGRATION,2021,2022-07-21,720408970
2021-06-CENSUS-0000239636,GSA_MIGRATION,2021,2022-07-21,721495500
2021-06-CENSUS-0000239636,GSA_MIGRATION,2021,2022-07-21,721173156
2021-06-CENSUS-0000239636,GSA_MIGRATION,2021,2022-07-21,720423651
2021-06-CENSUS-0000239636,GSA_MIGRATION,2021,2022-07-21,463123178
2021-06-CENSUS-0000239636,GSA_MIGRATION,2021,2022-07-21,640303091
2021-06-CENSUS-0000176105,GSA_MIGRATION,2021,2022-07-13,546001540
2021-06-CENSUS-0000176105,GSA_MIGRATION,2021,2022-07-13,546001542
2021-12-CENSUS-0000042338,GSA_MIGRATION,2021,2022-09-28,341939710
2021-12-CENSUS-0000042338,GSA_MIGRATION,2021,2022-09-28,340666034
2021-12-CENSUS-0000042338,GSA_MIGRATION,2021,2022-09-28,300023640
2021-12-CENSUS-0000042338,GSA_MIGRATION,2021,2022-09-28,200570360
2021-12-CENSUS-0000042338,GSA_MIGRATION,2021,2022-09-28,980207086
2021-12-CENSUS-0000042338,GSA_MIGRATION,2021,2022-09-28,340714570
2021-12-CENSUS-0000042338,GSA_MIGRATION,2021,2022-09-28,340714553
2021-12-CENSUS-0000042338,GSA_MIGRATION,2021,2022-09-28,650003177
2021-12-CENSUS-0000042338,GSA_MIGRATION,2021,2022-09-28,650172168
2021-12-CENSUS-0000042338,GSA_MIGRATION,2021,2022-09-28,650844880
2021-12-CENSUS-0000042338,GSA_MIGRATION,2021,2022-09-28,311741150
2021-12-CENSUS-0000042338,GSA_MIGRATION,2021,2022-09-28,341877409
2021-12-CENSUS-0000042338,GSA_MIGRATION,2021,2022-09-28,341720934
2021-12-CENSUS-0000042338,GSA_MIGRATION,2021,2022-09-28,341435257
2021-12-CENSUS-0000042338,GSA_MIGRATION,2021,2022-09-28,311562102
2021-12-CENSUS-0000042338,GSA_MIGRATION,2021,2022-09-28,341938153
2021-12-CENSUS-0000042338,GSA_MIGRATION,2021,2022-09-28,340777619
2021-12-CENSUS-0000042338,GSA_MIGRATION,2021,2022-09-28,341932969
2021-12-CENSUS-0000042338,GSA_MIGRATION,2021,2022-09-28,340714618
2021-12-CENSUS-0000042338,GSA_MIGRATION,2021,2022-09-28,341695388
2021-12-CENSUS-0000042338,GSA_MIGRATION,2021,2022-09-28,341542312
2021-12-CENSUS-0000042338,GSA_MIGRATION,2021,2022-09-28,341298884
2021-12-CENSUS-0000042338,GSA_MIGRATION,2021,2022-09-28,340714684
2021-12-CENSUS-0000042338,GSA_MIGRATION,2021,2022-09-28,340714458
2021-12-CENSUS-0000042338,GSA_MIGRATION,2021,2022-09-28,340714593
2021-12-CENSUS-0000042338,GSA_MIGRATION,2021,2022-09-28,341898545
2021-12-CENSUS-0000042338,GSA_MIGRATION,2021,2022-09-28,200442351
2021-12-CENSUS-0000042338,GSA_MIGRATION,2021,2022-09-28,020656818
2021-12-CENSUS-0000042338,GSA_MIGRATION,2021,2022-09-28,201476092
2021-12-CENSUS-0000042338,GSA_MIGRATION,2021,2022-09-28,341855775
2021-12-CENSUS-0000042338,GSA_MIGRATION,2021,2022-09-28,341533871
2021-12-CENSUS-0000042338,GSA_MIGRATION,2021,2022-09-28,651133985
2021-12-CENSUS-0000042338,GSA_MIGRATION,2021,2022-09-28,912156376
2021-12-CENSUS-0000042338,GSA_MIGRATION,2021,2022-09-28,263666730
2021-12-CENSUS-0000042338,GSA_MIGRATION,2021,2022-09-28,204856025
2021-12-CENSUS-0000042338,GSA_MIGRATION,2021,2022-09-28,263222020
2021-12-CENSUS-0000042338,GSA_MIGRATION,2021,2022-09-28,263859233
2021-12-CENSUS-0000042338,GSA_MIGRATION,2021,2022-09-28,262636530
2021-12-CENSUS-0000042338,GSA_MIGRATION,2021,2022-09-28,263430377
2021-12-CENSUS-0000042338,GSA_MIGRATION,2021,2022-09-28,264367036
2021-12-CENSUS-0000042338,GSA_MIGRATION,2021,2022-09-28,880515534
2021-12-CENSUS-0000042338,GSA_MIGRATION,2021,2022-09-28,208077691
2021-12-CENSUS-0000042338,GSA_MIGRATION,2021,2022-09-28,340733166
2021-12-CENSUS-0000042338,GSA_MIGRATION,2021,2022-09-28,341657989
2021-12-CENSUS-0000042338,GSA_MIGRATION,2021,2022-09-28,270645368
2021-12-CENSUS-0000042338,GSA_MIGRATION,2021,2022-09-28,203978297
2021-12-CENSUS-0000042338,GSA_MIGRATION,2021,2022-09-28,271442158
2021-12-CENSUS-0000042338,GSA_MIGRATION,2021,2022-09-28,455282492
2021-12-CENSUS-0000042338,GSA_MIGRATION,2021,2022-09-28,455384998
2021-12-CENSUS-0000042338,GSA_MIGRATION,2021,2022-09-28,454657632
2021-12-CENSUS-0000042338,GSA_MIGRATION,2021,2022-09-28,200239257
2021-12-CENSUS-0000042338,GSA_MIGRATION,2021,2022-09-28,341837018
2021-12-CENSUS-0000042338,GSA_MIGRATION,2021,2022-09-28,462633774
2021-12-CENSUS-0000042338,GSA_MIGRATION,2021,2022-09-28,474442902
2021-12-CENSUS-0000042338,GSA_MIGRATION,2021,2022-09-28,471281189
2021-12-CENSUS-0000042338,GSA_MIGRATION,2021,2022-09-28,341127047
2021-12-CENSUS-0000042338,GSA_MIGRATION,2021,2022-09-28,341546466
2021-12-CENSUS-0000042338,GSA_MIGRATION,2021,2022-09-28,201801493
2021-12-CENSUS-0000042338,GSA_MIGRATION,2021,2022-09-28,341843403
2021-12-CENSUS-0000042338,GSA_MIGRATION,2021,2022-09-28,340714478
2021-12-CENSUS-0000042338,GSA_MIGRATION,2021,2022-09-28,340718390
2021-12-CENSUS-0000042338,GSA_MIGRATION,2021,2022-09-28,270119182
2021-12-CENSUS-0000042338,GSA_MIGRATION,2021,2022-09-28,010672877
2021-12-CENSUS-0000042338,GSA_MIGRATION,2021,2022-09-28,200494491
2021-12-CENSUS-0000044372,GSA_MIGRATION,2021,2022-09-27,260610542
2021-12-CENSUS-0000044372,GSA_MIGRATION,2021,2022-09-27,260609351
2021-12-CENSUS-0000044372,GSA_MIGRATION,2021,2022-09-27,260623909
2021-12-CENSUS-0000044372,GSA_MIGRATION,2021,2022-09-27,260611711
2021-12-CENSUS-0000044372,GSA_MIGRATION,2021,2022-09-27,260614497
2021-12-CENSUS-0000044372,GSA_MIGRATION,2021,2022-09-27,260620158
2021-12-CENSUS-0000044372,GSA_MIGRATION,2021,2022-09-27,260615453
2021-12-CENSUS-0000044372,GSA_MIGRATION,2021,2022-09-27,260621815
2021-12-CENSUS-0000044372,GSA_MIGRATION,2021,2022-09-27,260623007
2021-12-CENSUS-0000044372,GSA_MIGRATION,2021,2022-09-27,260610561
2021-12-CENSUS-0000044372,GSA_MIGRATION,2021,2022-09-27,261305666
2021-12-CENSUS-0000044372,GSA_MIGRATION,2021,2022-09-27,260624491
2021-12-CENSUS-0000044372,GSA_MIGRATION,2021,2022-09-27,260623335
2021-12-CENSUS-0000044372,GSA_MIGRATION,2021,2022-09-27,260609445
2021-12-CENSUS-0000044372,GSA_MIGRATION,2021,2022-09-27,260611818
2021-12-CENSUS-0000044372,GSA_MIGRATION,2021,2022-09-27,260623931
2021-12-CENSUS-0000044372,GSA_MIGRATION,2021,2022-09-27,260624272
2021-12-CENSUS-0000044372,GSA_MIGRATION,2021,2022-09-27,260610582
2021-12-CENSUS-0000044372,GSA_MIGRATION,2021,2022-09-27,260623034
2021-12-CENSUS-0000044372,GSA_MIGRATION,2021,2022-09-27,260623346
2021-12-CENSUS-0000044372,GSA_MIGRATION,2021,2022-09-27,260620187
2021-12-CENSUS-0000044372,GSA_MIGRATION,2021,2022-09-27,260614534
2021-12-CENSUS-0000044372,GSA_MIGRATION,2021,2022-09-27,260615499
2021-12-CENSUS-0000044372,GSA_MIGRATION,2021,2022-09-27,260621845
2021-12-CENSUS-0000044372,GSA_MIGRATION,2021,2022-09-27,260624293
2021-12-CENSUS-0000044372,GSA_MIGRATION,2021,2022-09-27,260624567
2021-12-CENSUS-0000044372,GSA_MIGRATION,2021,2022-09-27,260609484
2021-12-CENSUS-0000044372,GSA_MIGRATION,2021,2022-09-27,260611865
2021-12-CENSUS-0000044372,GSA_MIGRATION,2021,2022-09-27,260623949
2021-12-CENSUS-0000044372,GSA_MIGRATION,2021,2022-09-27,261305723
2021-12-CENSUS-0000044372,GSA_MIGRATION,2021,2022-09-27,382879330
2021-12-CENSUS-0000044372,GSA_MIGRATION,2021,2022-09-27,260610604
2021-12-CENSUS-0000044372,GSA_MIGRATION,2021,2022-09-27,260624336
2021-12-CENSUS-0000044372,GSA_MIGRATION,2021,2022-09-27,260609528
2021-12-CENSUS-0000044372,GSA_MIGRATION,2021,2022-09-27,260620310
2021-12-CENSUS-0000044372,GSA_MIGRATION,2021,2022-09-27,260623364
2021-12-CENSUS-0000044372,GSA_MIGRATION,2021,2022-09-27,260615529
2021-12-CENSUS-0000044372,GSA_MIGRATION,2021,2022-09-27,260621877
2021-12-CENSUS-0000044372,GSA_MIGRATION,2021,2022-09-27,260623070
2021-12-CENSUS-0000044372,GSA_MIGRATION,2021,2022-09-27,260624590
2021-12-CENSUS-0000044372,GSA_MIGRATION,2021,2022-09-27,260614610
2021-12-CENSUS-0000044372,GSA_MIGRATION,2021,2022-09-27,260612206
2021-12-CENSUS-0000044372,GSA_MIGRATION,2021,2022-09-27,260623968
2021-12-CENSUS-0000044372,GSA_MIGRATION,2021,2022-09-27,382934134
2021-12-CENSUS-0000044372,GSA_MIGRATION,2021,2022-09-27,260610623
2021-12-CENSUS-0000044372,GSA_MIGRATION,2021,2022-09-27,260624018
2021-12-CENSUS-0000044372,GSA_MIGRATION,2021,2022-09-27,260624363
2021-12-CENSUS-0000044372,GSA_MIGRATION,2021,2022-09-27,260615859
2021-12-CENSUS-0000044372,GSA_MIGRATION,2021,2022-09-27,260623107
2021-12-CENSUS-0000044372,GSA_MIGRATION,2021,2022-09-27,260620341
2021-12-CENSUS-0000044372,GSA_MIGRATION,2021,2022-09-27,260623367
2021-12-CENSUS-0000044372,GSA_MIGRATION,2021,2022-09-27,260624605
2021-12-CENSUS-0000044372,GSA_MIGRATION,2021,2022-09-27,260621908
2021-12-CENSUS-0000044372,GSA_MIGRATION,2021,2022-09-27,260609661
2021-12-CENSUS-0000044372,GSA_MIGRATION,2021,2022-09-27,260614845
2021-12-CENSUS-0000044372,GSA_MIGRATION,2021,2022-09-27,260612325
2021-12-CENSUS-0000044372,GSA_MIGRATION,2021,2022-09-27,260610645
2021-12-CENSUS-0000044372,GSA_MIGRATION,2021,2022-09-27,260624049
2021-12-CENSUS-0000044372,GSA_MIGRATION,2021,2022-09-27,260615889
2021-12-CENSUS-0000044372,GSA_MIGRATION,2021,2022-09-27,260620376
2021-12-CENSUS-0000044372,GSA_MIGRATION,2021,2022-09-27,260623408
2021-12-CENSUS-0000044372,GSA_MIGRATION,2021,2022-09-27,260624619
2021-12-CENSUS-0000044372,GSA_MIGRATION,2021,2022-09-27,260622002
2021-12-CENSUS-0000044372,GSA_MIGRATION,2021,2022-09-27,260614878
2021-12-CENSUS-0000044372,GSA_MIGRATION,2021,2022-09-27,260624375
2021-12-CENSUS-0000044372,GSA_MIGRATION,2021,2022-09-27,461343453
2021-12-CENSUS-0000044372,GSA_MIGRATION,2021,2022-09-27,260623108
2021-12-CENSUS-0000044372,GSA_MIGRATION,2021,2022-09-27,260612384
2021-12-CENSUS-0000044372,GSA_MIGRATION,2021,2022-09-27,260609683
2021-12-CENSUS-0000044372,GSA_MIGRATION,2021,2022-09-27,341787895
2021-12-CENSUS-0000044372,GSA_MIGRATION,2021,2022-09-27,341788398
2021-12-CENSUS-0000044372,GSA_MIGRATION,2021,2022-09-27,411458213
2021-12-CENSUS-0000044372,GSA_MIGRATION,2021,2022-09-27,452507279
2021-12-CENSUS-0000044372,GSA_MIGRATION,2021,2022-09-27,743193136
2021-12-CENSUS-0000044372,GSA_MIGRATION,2021,2022-09-27,341831624
2021-12-CENSUS-0000044372,GSA_MIGRATION,2021,2022-09-27,205752995
2021-12-CENSUS-0000044372,GSA_MIGRATION,2021,2022-09-27,344492440
2021-12-CENSUS-0000044372,GSA_MIGRATION,2021,2022-09-27,650666550
2021-12-CENSUS-0000044372,GSA_MIGRATION,2021,2022-09-27,340898745
2021-12-CENSUS-0000044372,GSA_MIGRATION,2021,2022-09-27,341880767
2021-12-CENSUS-0000044372,GSA_MIGRATION,2021,2022-09-27,341883132
2021-12-CENSUS-0000044372,GSA_MIGRATION,2021,2022-09-27,341899439
2021-12-CENSUS-0000044372,GSA_MIGRATION,2021,2022-09-27,344428256
2021-12-CENSUS-0000044372,GSA_MIGRATION,2021,2022-09-27,344430849
2021-12-CENSUS-0000044372,GSA_MIGRATION,2021,2022-09-27,344446484
2021-12-CENSUS-0000044372,GSA_MIGRATION,2021,2022-09-27,381984289
2021-12-CENSUS-0000044372,GSA_MIGRATION,2021,2022-09-27,382796005
2021-12-CENSUS-0000044372,GSA_MIGRATION,2021,2022-09-27,386108110
2021-06-CENSUS-0000003389,GSA_MIGRATION,2021,2022-04-12,043122535
2021-06-CENSUS-0000003389,GSA_MIGRATION,2021,2022-04-12,521593251
2021-06-CENSUS-0000118849,GSA_MIGRATION,2021,2022-04-06,943129466
2021-06-CENSUS-0000118849,GSA_MIGRATION,2021,2022-04-06,943129467
2021-06-CENSUS-0000118849,GSA_MIGRATION,2021,2022-04-06,943129468
2021-06-CENSUS-0000118849,GSA_MIGRATION,2021,2022-04-06,943129469
2021-06-CENSUS-0000118849,GSA_MIGRATION,2021,2022-04-06,943207490
2021-06-CENSUS-0000118849,GSA_MIGRATION,2021,2022-04-06,943390240
2021-06-CENSUS-0000239659,GSA_MIGRATION,2021,2022-01-10,273750175
2021-06-CENSUS-0000239659,GSA_MIGRATION,2021,2022-01-10,273750206
2021-06-CENSUS-0000239659,GSA_MIGRATION,2021,2022-01-10,320433067
2021-06-CENSUS-0000239659,GSA_MIGRATION,2021,2022-01-10,451360165
2021-06-CENSUS-0000239659,GSA_MIGRATION,2021,2022-01-10,460678142
2021-12-CENSUS-0000253696,GSA_MIGRATION,2021,2022-06-28,341467777
2021-12-CENSUS-0000220737,GSA_MIGRATION,2021,2022-08-31,760651571
2021-12-CENSUS-0000220737,GSA_MIGRATION,2021,2022-08-31,510557192
2021-12-CENSUS-0000220737,GSA_MIGRATION,2021,2022-08-31,474100922
2021-12-CENSUS-0000220737,GSA_MIGRATION,2021,2022-08-31,020785952
2021-12-CENSUS-0000220737,GSA_MIGRATION,2021,2022-08-31,274439224
2021-06-CENSUS-0000171434,GSA_MIGRATION,2021,2022-03-08,626000827
2021-12-CENSUS-0000209512,GSA_MIGRATION,2021,2022-09-21,452753460
2021-06-CENSUS-0000170349,GSA_MIGRATION,2021,2022-04-26,570082454
2021-06-CENSUS-0000170349,GSA_MIGRATION,2021,2022-04-26,010936007
2021-06-CENSUS-0000170349,GSA_MIGRATION,2021,2022-04-26,570906962
2021-06-CENSUS-0000170349,GSA_MIGRATION,2021,2022-04-26,571126149
2021-06-CENSUS-0000170349,GSA_MIGRATION,2021,2022-04-26,576000919
2021-06-CENSUS-0000170349,GSA_MIGRATION,2021,2022-04-26,570859576
2021-06-CENSUS-0000170349,GSA_MIGRATION,2021,2022-04-26,576000922
2021-06-CENSUS-0000170349,GSA_MIGRATION,2021,2022-04-26,576000269
2021-06-CENSUS-0000170349,GSA_MIGRATION,2021,2022-04-26,571040290
2021-06-CENSUS-0000170349,GSA_MIGRATION,2021,2022-04-26,576007591
2021-06-CENSUS-0000170349,GSA_MIGRATION,2021,2022-04-26,570882454
2021-06-CENSUS-0000170349,GSA_MIGRATION,2021,2022-04-26,770697491
2021-06-CENSUS-0000170349,GSA_MIGRATION,2021,2022-04-26,300757407
2021-06-CENSUS-0000170349,GSA_MIGRATION,2021,2022-04-26,453695561
2021-06-CENSUS-0000166791,GSA_MIGRATION,2021,2022-03-17,231713677
2021-06-CENSUS-0000166791,GSA_MIGRATION,2021,2022-03-17,232086937
2021-06-CENSUS-0000166791,GSA_MIGRATION,2021,2022-03-17,232160277
2021-06-CENSUS-0000166791,GSA_MIGRATION,2021,2022-03-17,232632825
2021-06-CENSUS-0000166791,GSA_MIGRATION,2021,2022-03-17,233098959
2021-06-CENSUS-0000166791,GSA_MIGRATION,2021,2022-03-17,236002830
2021-06-CENSUS-0000166791,GSA_MIGRATION,2021,2022-03-17,236002831
2021-06-CENSUS-0000166791,GSA_MIGRATION,2021,2022-03-17,236003016
2021-06-CENSUS-0000166791,GSA_MIGRATION,2021,2022-03-17,236003017
2021-06-CENSUS-0000166791,GSA_MIGRATION,2021,2022-03-17,236003060
2021-06-CENSUS-0000166791,GSA_MIGRATION,2021,2022-03-17,236003062
2021-06-CENSUS-0000166791,GSA_MIGRATION,2021,2022-03-17,236003099
2021-06-CENSUS-0000166791,GSA_MIGRATION,2021,2022-03-17,236003104
2021-06-CENSUS-0000166791,GSA_MIGRATION,2021,2022-03-17,236003105
2021-06-CENSUS-0000166791,GSA_MIGRATION,2021,2022-03-17,236003107
2021-06-CENSUS-0000166791,GSA_MIGRATION,2021,2022-03-17,236003112
2021-06-CENSUS-0000166791,GSA_MIGRATION,2021,2022-03-17,236003219
2021-06-CENSUS-0000166791,GSA_MIGRATION,2021,2022-03-17,236003240
2021-06-CENSUS-0000166791,GSA_MIGRATION,2021,2022-03-17,236005039
2021-06-CENSUS-0000166791,GSA_MIGRATION,2021,2022-03-17,251671669
2021-06-CENSUS-0000166791,GSA_MIGRATION,2021,2022-03-17,251723543
2021-06-CENSUS-0000166791,GSA_MIGRATION,2021,2022-03-17,251773197
2021-06-CENSUS-0000166791,GSA_MIGRATION,2021,2022-03-17,251898690
2021-06-CENSUS-0000166791,GSA_MIGRATION,2021,2022-03-17,251901045
2021-06-CENSUS-0000166791,GSA_MIGRATION,2021,2022-03-17,270060517
2021-06-CENSUS-0000166791,GSA_MIGRATION,2021,2022-03-17,236003113
2021-06-CENSUS-0000166791,GSA_MIGRATION,2021,2022-03-17,800849780
2021-06-CENSUS-0000166791,GSA_MIGRATION,2021,2022-03-17,236003102
2021-06-CENSUS-0000166791,GSA_MIGRATION,2021,2022-03-17,236003058
2021-06-CENSUS-0000166791,GSA_MIGRATION,2021,2022-03-17,236003029
2021-06-CENSUS-0000166791,GSA_MIGRATION,2021,2022-03-17,236003018
2021-06-CENSUS-0000166791,GSA_MIGRATION,2021,2022-03-17,236003115
2021-06-CENSUS-0000166791,GSA_MIGRATION,2021,2022-03-17,251580842
2021-06-CENSUS-0000166791,GSA_MIGRATION,2021,2022-03-17,232172300
2021-06-CENSUS-0000166791,GSA_MIGRATION,2021,2022-03-17,251644382
2021-06-CENSUS-0000166791,GSA_MIGRATION,2021,2022-03-17,251900008
2021-06-CENSUS-0000171449,GSA_MIGRATION,2021,2022-03-14,626008906
2021-06-CENSUS-0000171449,GSA_MIGRATION,2021,2022-03-14,626000908
2021-06-CENSUS-0000171449,GSA_MIGRATION,2021,2022-03-14,621508409
2021-09-CENSUS-0000252112,GSA_MIGRATION,2021,2022-01-24,020222118
2021-06-CENSUS-0000204659,GSA_MIGRATION,2021,2022-09-23,953527031
2021-06-CENSUS-0000204659,GSA_MIGRATION,2021,2022-09-23,330687414
2021-06-CENSUS-0000204659,GSA_MIGRATION,2021,2022-09-23,952585792
2021-06-CENSUS-0000204659,GSA_MIGRATION,2021,2022-09-23,271504911
2021-12-CENSUS-0000154217,GSA_MIGRATION,2021,2022-08-30,201824454
2021-06-CENSUS-0000193043,GSA_MIGRATION,2021,2022-09-28,646026565
2021-12-CENSUS-0000252611,GSA_MIGRATION,2021,2022-09-29,570359174
2021-12-CENSUS-0000252611,GSA_MIGRATION,2021,2022-09-29,570943822
2021-12-CENSUS-0000252611,GSA_MIGRATION,2021,2022-09-29,570342027
2021-12-CENSUS-0000252611,GSA_MIGRATION,2021,2022-09-29,611796834
2021-12-CENSUS-0000252611,GSA_MIGRATION,2021,2022-09-29,570741536
2021-12-CENSUS-0000252611,GSA_MIGRATION,2021,2022-09-29,383886017
2021-12-CENSUS-0000252611,GSA_MIGRATION,2021,2022-09-29,570815011
2021-12-CENSUS-0000252611,GSA_MIGRATION,2021,2022-09-29,570811053
2021-06-CENSUS-0000255207,GSA_MIGRATION,2021,2022-09-28,943349568
2021-06-CENSUS-0000255207,GSA_MIGRATION,2021,2022-09-28,383873665
2021-12-CENSUS-0000192812,GSA_MIGRATION,2021,2022-08-21,463525704
2021-12-CENSUS-0000192812,GSA_MIGRATION,2021,2022-08-21,911559906
2021-12-CENSUS-0000254407,GSA_MIGRATION,2021,2022-09-11,814621611
2021-12-CENSUS-0000195113,GSA_MIGRATION,2021,2022-07-13,351878104
2021-09-CENSUS-0000238808,GSA_MIGRATION,2021,2022-06-12,371740267
2021-09-CENSUS-0000238808,GSA_MIGRATION,2021,2022-06-12,060646668
2021-09-CENSUS-0000238808,GSA_MIGRATION,2021,2022-06-12,060646715
2021-09-CENSUS-0000238808,GSA_MIGRATION,2021,2022-06-12,060646768
2021-09-CENSUS-0000238808,GSA_MIGRATION,2021,2022-06-12,060646966
2021-09-CENSUS-0000238808,GSA_MIGRATION,2021,2022-06-12,060250773
2021-09-CENSUS-0000238808,GSA_MIGRATION,2021,2022-06-12,060646678
2021-09-CENSUS-0000238808,GSA_MIGRATION,2021,2022-06-12,832550272
2021-09-CENSUS-0000238808,GSA_MIGRATION,2021,2022-06-12,060966963
2021-12-CENSUS-0000254023,GSA_MIGRATION,2021,2022-07-23,383081979
2021-12-CENSUS-0000019913,GSA_MIGRATION,2021,2022-07-17,161406204
2021-06-CENSUS-0000254361,GSA_MIGRATION,2021,2022-09-05,232141757
2021-06-CENSUS-0000254361,GSA_MIGRATION,2021,2022-09-05,232371480
2021-12-CENSUS-0000255347,GSA_MIGRATION,2021,2022-09-29,310738614
2021-12-CENSUS-0000255347,GSA_MIGRATION,2021,2022-09-29,474479239
2021-12-CENSUS-0000255347,GSA_MIGRATION,2021,2022-09-29,271188840
2021-12-CENSUS-0000042338,GSA_MIGRATION,2021,2022-09-28,204760456
2021-12-CENSUS-0000042338,GSA_MIGRATION,2021,2022-09-28,340714779
2021-12-CENSUS-0000042338,GSA_MIGRATION,2021,2022-09-28,341847339
2021-12-CENSUS-0000042338,GSA_MIGRATION,2021,2022-09-28,461810992
2021-12-CENSUS-0000042338,GSA_MIGRATION,2021,2022-09-28,825279835
2021-12-CENSUS-0000042338,GSA_MIGRATION,2021,2022-09-28,823186835
2021-12-CENSUS-0000042338,GSA_MIGRATION,2021,2022-09-28,821323588
2021-12-CENSUS-0000042338,GSA_MIGRATION,2021,2022-09-28,821803735
2021-12-CENSUS-0000042338,GSA_MIGRATION,2021,2022-09-28,270495743
2021-12-CENSUS-0000042338,GSA_MIGRATION,2021,2022-09-28,340714771
2021-12-CENSUS-0000042338,GSA_MIGRATION,2021,2022-09-28,341556177
2021-12-CENSUS-0000042338,GSA_MIGRATION,2021,2022-09-28,824952635
2021-12-CENSUS-0000042338,GSA_MIGRATION,2021,2022-09-28,270273520
2021-12-CENSUS-0000042338,GSA_MIGRATION,2021,2022-09-28,043588229
2021-12-CENSUS-0000042338,GSA_MIGRATION,2021,2022-09-28,264215547
2021-12-CENSUS-0000042338,GSA_MIGRATION,2021,2022-09-28,311525875
2021-12-CENSUS-0000042338,GSA_MIGRATION,2021,2022-09-28,340000100
2021-12-CENSUS-0000042338,GSA_MIGRATION,2021,2022-09-28,832249666
2021-12-CENSUS-0000042338,GSA_MIGRATION,2021,2022-09-28,832250064
2021-12-CENSUS-0000042338,GSA_MIGRATION,2021,2022-09-28,261614376
2021-12-CENSUS-0000042338,GSA_MIGRATION,2021,2022-09-28,273245990
2021-12-CENSUS-0000042338,GSA_MIGRATION,2021,2022-09-28,205776477
2021-12-CENSUS-0000042338,GSA_MIGRATION,2021,2022-09-28,843867549
2021-12-CENSUS-0000042338,GSA_MIGRATION,2021,2022-09-28,842380272
2021-12-CENSUS-0000042338,GSA_MIGRATION,2021,2022-09-28,843070150
2021-12-CENSUS-0000042338,GSA_MIGRATION,2021,2022-09-28,833373979
2021-12-CENSUS-0000042338,GSA_MIGRATION,2021,2022-09-28,300956317
2021-12-CENSUS-0000042338,GSA_MIGRATION,2021,2022-09-28,592496294
2021-12-CENSUS-0000042338,GSA_MIGRATION,2021,2022-09-28,592755370
2021-12-CENSUS-0000042338,GSA_MIGRATION,2021,2022-09-28,650705680
2021-12-CENSUS-0000042338,GSA_MIGRATION,2021,2022-09-28,650029298
2021-12-CENSUS-0000042338,GSA_MIGRATION,2021,2022-09-28,590760215
2021-12-CENSUS-0000042338,GSA_MIGRATION,2021,2022-09-28,592307522
2021-12-CENSUS-0000042338,GSA_MIGRATION,2021,2022-09-28,590637874
2021-12-CENSUS-0000042338,GSA_MIGRATION,2021,2022-09-28,820708813
2021-12-CENSUS-0000042338,GSA_MIGRATION,2021,2022-09-28,592320501
2021-12-CENSUS-0000042338,GSA_MIGRATION,2021,2022-09-28,592333374
2021-12-CENSUS-0000042338,GSA_MIGRATION,2021,2022-09-28,592343938
2021-12-CENSUS-0000042338,GSA_MIGRATION,2021,2022-09-28,650556041
2021-12-CENSUS-0000042338,GSA_MIGRATION,2021,2022-09-28,320378947
2021-12-CENSUS-0000042338,GSA_MIGRATION,2021,2022-09-28,650605328
2021-12-CENSUS-0000042338,GSA_MIGRATION,2021,2022-09-28,320496475
2021-12-CENSUS-0000042338,GSA_MIGRATION,2021,2022-09-28,592843163
2021-12-CENSUS-0000042338,GSA_MIGRATION,2021,2022-09-28,650504863
2021-12-CENSUS-0000042338,GSA_MIGRATION,2021,2022-09-28,650748232
2021-12-CENSUS-0000042338,GSA_MIGRATION,2021,2022-09-28,237115443
2021-12-CENSUS-0000042338,GSA_MIGRATION,2021,2022-09-28,872634602
2021-12-CENSUS-0000042338,GSA_MIGRATION,2021,2022-09-28,845164677
2021-12-CENSUS-0000042338,GSA_MIGRATION,2021,2022-09-28,981571304
2021-12-CENSUS-0000042338,GSA_MIGRATION,2021,2022-09-28,341893439
2021-12-CENSUS-0000042338,GSA_MIGRATION,2021,2022-09-28,341873008
2021-12-CENSUS-0000042338,GSA_MIGRATION,2021,2022-09-28,352408321
2021-12-CENSUS-0000042338,GSA_MIGRATION,2021,2022-09-28,810687167
2021-12-CENSUS-0000042338,GSA_MIGRATION,2021,2022-09-28,810935097
2021-12-CENSUS-0000042338,GSA_MIGRATION,2021,2022-09-28,871180623
2021-12-CENSUS-0000042338,GSA_MIGRATION,2021,2022-09-28,872395525
2021-12-CENSUS-0000042338,GSA_MIGRATION,2021,2022-09-28,821340191
2021-12-CENSUS-0000042338,GSA_MIGRATION,2021,2022-09-28,364837780
2021-12-CENSUS-0000042338,GSA_MIGRATION,2021,2022-09-28,822542219
2021-09-CENSUS-0000253729,GSA_MIGRATION,2021,2022-06-29,813570512
2022-06-CENSUS-0000001361,TZKWLCHDDL45,2022,2022-11-14,030340655
2022-06-CENSUS-0000001361,TZKWLCHDDL45,2022,2022-11-14,043366294
2021-09-CENSUS-0000253525,GSA_MIGRATION,2021,2022-06-16,450451306
2021-06-CENSUS-0000244276,GSA_MIGRATION,2021,2022-02-21,203212866
2021-08-CENSUS-0000171944,GSA_MIGRATION,2021,2022-03-20,260072699
2021-08-CENSUS-0000171944,GSA_MIGRATION,2021,2022-03-20,262482534
2021-08-CENSUS-0000171944,GSA_MIGRATION,2021,2022-03-20,264168896
2021-08-CENSUS-0000171944,GSA_MIGRATION,2021,2022-03-20,264169042
2021-08-CENSUS-0000171944,GSA_MIGRATION,2021,2022-03-20,271208151
2021-08-CENSUS-0000171944,GSA_MIGRATION,2021,2022-03-20,300573457
2021-08-CENSUS-0000171944,GSA_MIGRATION,2021,2022-03-20,320113643
2021-08-CENSUS-0000171944,GSA_MIGRATION,2021,2022-03-20,336036036
2021-08-CENSUS-0000171944,GSA_MIGRATION,2021,2022-03-20,412137482
2021-08-CENSUS-0000171944,GSA_MIGRATION,2021,2022-03-20,453507970
2021-08-CENSUS-0000171944,GSA_MIGRATION,2021,2022-03-20,465292740
2021-08-CENSUS-0000171944,GSA_MIGRATION,2021,2022-03-20,550905311
2021-08-CENSUS-0000171944,GSA_MIGRATION,2021,2022-03-20,680583577
2021-08-CENSUS-0000171944,GSA_MIGRATION,2021,2022-03-20,711647061
2021-08-CENSUS-0000171944,GSA_MIGRATION,2021,2022-03-20,741238434
2021-08-CENSUS-0000171944,GSA_MIGRATION,2021,2022-03-20,741466553
2021-08-CENSUS-0000171944,GSA_MIGRATION,2021,2022-03-20,741556399
2021-08-CENSUS-0000171944,GSA_MIGRATION,2021,2022-03-20,741586031
2021-08-CENSUS-0000171944,GSA_MIGRATION,2021,2022-03-20,741590014
2021-08-CENSUS-0000171944,GSA_MIGRATION,2021,2022-03-20,741646003
2021-08-CENSUS-0000171944,GSA_MIGRATION,2021,2022-03-20,741646989
2021-08-CENSUS-0000171944,GSA_MIGRATION,2021,2022-03-20,741654611
2021-08-CENSUS-0000171944,GSA_MIGRATION,2021,2022-03-20,741680372
2021-08-CENSUS-0000171944,GSA_MIGRATION,2021,2022-03-20,741694419
2021-08-CENSUS-0000171944,GSA_MIGRATION,2021,2022-03-20,741695666
2021-08-CENSUS-0000171944,GSA_MIGRATION,2021,2022-03-20,741717115
2021-08-CENSUS-0000171944,GSA_MIGRATION,2021,2022-03-20,741760663
2021-08-CENSUS-0000171944,GSA_MIGRATION,2021,2022-03-20,741761309
2021-08-CENSUS-0000171944,GSA_MIGRATION,2021,2022-03-20,741761398
2021-08-CENSUS-0000171944,GSA_MIGRATION,2021,2022-03-20,741834669
2021-08-CENSUS-0000171944,GSA_MIGRATION,2021,2022-03-20,741876179
2021-08-CENSUS-0000171944,GSA_MIGRATION,2021,2022-03-20,741950605
2021-08-CENSUS-0000171944,GSA_MIGRATION,2021,2022-03-20,741974733
2021-08-CENSUS-0000171944,GSA_MIGRATION,2021,2022-03-20,742059614
2021-12-CENSUS-0000143238,GSA_MIGRATION,2021,2022-09-21,800757957
2021-06-CENSUS-0000238029,GSA_MIGRATION,2021,2022-03-22,061259340
2021-06-CENSUS-0000238029,GSA_MIGRATION,2021,2022-03-22,231405636
2021-06-CENSUS-0000238029,GSA_MIGRATION,2021,2022-03-22,231915567
2021-06-CENSUS-0000238029,GSA_MIGRATION,2021,2022-03-22,251813977
2021-06-CENSUS-0000238029,GSA_MIGRATION,2021,2022-03-22,261454616
2021-12-CENSUS-0000037990,GSA_MIGRATION,2021,2022-07-27,204604248
2021-12-CENSUS-0000037990,GSA_MIGRATION,2021,2022-07-27,204604140
2021-06-CENSUS-0000247832,GSA_MIGRATION,2021,2022-01-31,462082988
2021-06-CENSUS-0000247832,GSA_MIGRATION,2021,2022-01-31,810594798
2021-12-CENSUS-0000237356,GSA_MIGRATION,2021,2022-09-29,472244954
2021-12-CENSUS-0000237356,GSA_MIGRATION,2021,2022-09-29,853084925
2021-12-CENSUS-0000237356,GSA_MIGRATION,2021,2022-09-29,133641265
2021-12-CENSUS-0000237356,GSA_MIGRATION,2021,2022-09-29,863393224
2021-12-CENSUS-0000237356,GSA_MIGRATION,2021,2022-09-29,133678913
2021-06-CENSUS-0000176048,GSA_MIGRATION,2021,2022-01-20,546001195
2021-06-CENSUS-0000176048,GSA_MIGRATION,2021,2022-01-20,546001196
2021-06-CENSUS-0000095258,GSA_MIGRATION,2021,2022-01-12,823533693
2021-06-CENSUS-0000204876,GSA_MIGRATION,2021,2022-01-16,546001296
2021-06-CENSUS-0000176054,GSA_MIGRATION,2021,2022-01-13,540720080
2021-06-CENSUS-0000176054,GSA_MIGRATION,2021,2022-01-13,541745386
2021-06-CENSUS-0000176054,GSA_MIGRATION,2021,2022-01-13,546001239
2021-06-CENSUS-0000176054,GSA_MIGRATION,2021,2022-01-13,546001241
2021-06-CENSUS-0000176054,GSA_MIGRATION,2021,2022-01-13,371583271
2021-12-CENSUS-0000255949,GSA_MIGRATION,2021,2022-12-06,204111730
2021-12-CENSUS-0000255949,GSA_MIGRATION,2021,2022-12-06,521572691
2021-12-CENSUS-0000255949,GSA_MIGRATION,2021,2022-12-06,474925894
2021-12-CENSUS-0000255949,GSA_MIGRATION,2021,2022-12-06,223681799
2021-12-CENSUS-0000255949,GSA_MIGRATION,2021,2022-12-06,472827647
2021-12-CENSUS-0000255949,GSA_MIGRATION,2021,2022-12-06,210643358
2021-12-CENSUS-0000255949,GSA_MIGRATION,2021,2022-12-06,223693840
2021-12-CENSUS-0000255949,GSA_MIGRATION,2021,2022-12-06,222567703
2021-12-CENSUS-0000255949,GSA_MIGRATION,2021,2022-12-06,221574538
2021-09-CENSUS-0000182711,GSA_MIGRATION,2021,2022-04-04,591879880
2021-09-CENSUS-0000182711,GSA_MIGRATION,2021,2022-04-04,596018704
2021-09-CENSUS-0000182711,GSA_MIGRATION,2021,2022-04-04,596019767
2021-06-CENSUS-0000136829,GSA_MIGRATION,2021,2022-06-05,586002010
2021-06-CENSUS-0000136829,GSA_MIGRATION,2021,2022-06-05,586002013
2021-06-CENSUS-0000136829,GSA_MIGRATION,2021,2022-06-05,586002015
2021-06-CENSUS-0000136829,GSA_MIGRATION,2021,2022-06-05,586002019
2021-06-CENSUS-0000136829,GSA_MIGRATION,2021,2022-06-05,586002022
2021-06-CENSUS-0000136829,GSA_MIGRATION,2021,2022-06-05,586002023
2021-06-CENSUS-0000136829,GSA_MIGRATION,2021,2022-06-05,586002025
2021-06-CENSUS-0000136829,GSA_MIGRATION,2021,2022-06-05,586002028
2021-06-CENSUS-0000136829,GSA_MIGRATION,2021,2022-06-05,586002029
2021-06-CENSUS-0000136829,GSA_MIGRATION,2021,2022-06-05,586002036
2021-06-CENSUS-0000136829,GSA_MIGRATION,2021,2022-06-05,586002039
2021-06-CENSUS-0000211756,GSA_MIGRATION,2021,2022-04-24,223311122
2021-06-CENSUS-0000184433,GSA_MIGRATION,2021,2022-02-14,340714360
2021-06-CENSUS-0000184433,GSA_MIGRATION,2021,2022-02-14,311501393
2021-06-CENSUS-0000183414,GSA_MIGRATION,2021,2022-03-07,042862244
2021-06-CENSUS-0000183414,GSA_MIGRATION,2021,2022-03-07,020627442
2021-06-CENSUS-0000183414,GSA_MIGRATION,2021,2022-03-07,042492493
2021-06-CENSUS-0000183414,GSA_MIGRATION,2021,2022-03-07,200172796
2021-06-CENSUS-0000183414,GSA_MIGRATION,2021,2022-03-07,042173052
2021-06-CENSUS-0000183414,GSA_MIGRATION,2021,2022-03-07,042161932
2021-06-CENSUS-0000183414,GSA_MIGRATION,2021,2022-03-07,056013789
2021-06-CENSUS-0000183414,GSA_MIGRATION,2021,2022-03-07,263273731
2021-06-CENSUS-0000183414,GSA_MIGRATION,2021,2022-03-07,042669832
2021-06-CENSUS-0000183414,GSA_MIGRATION,2021,2022-03-07,042103767
2021-06-CENSUS-0000183414,GSA_MIGRATION,2021,2022-03-07,042105856
2021-06-CENSUS-0000183414,GSA_MIGRATION,2021,2022-03-07,042122643
2021-06-CENSUS-0000183414,GSA_MIGRATION,2021,2022-03-07,042274992
2021-06-CENSUS-0000183414,GSA_MIGRATION,2021,2022-03-07,042522064
2021-06-CENSUS-0000183414,GSA_MIGRATION,2021,2022-03-07,042631391
2021-06-CENSUS-0000183414,GSA_MIGRATION,2021,2022-03-07,042699540
2021-06-CENSUS-0000183414,GSA_MIGRATION,2021,2022-03-07,043125422
2021-06-CENSUS-0000183414,GSA_MIGRATION,2021,2022-03-07,043293665
2021-06-CENSUS-0000183414,GSA_MIGRATION,2021,2022-03-07,043527672
2021-06-CENSUS-0000183414,GSA_MIGRATION,2021,2022-03-07,237092431
2021-06-CENSUS-0000183414,GSA_MIGRATION,2021,2022-03-07,237112665
2021-06-CENSUS-0000183414,GSA_MIGRATION,2021,2022-03-07,474001509
2021-12-CENSUS-0000062102,GSA_MIGRATION,2021,2022-08-15,834114223
2021-12-CENSUS-0000253474,GSA_MIGRATION,2021,2022-06-10,470385129
2021-12-CENSUS-0000253474,GSA_MIGRATION,2021,2022-06-10,363314159
2021-12-CENSUS-0000253474,GSA_MIGRATION,2021,2022-06-10,391904975
2021-12-CENSUS-0000253474,GSA_MIGRATION,2021,2022-06-10,363314162
2021-06-CENSUS-0000003377,GSA_MIGRATION,2021,2022-03-28,043410322
2021-06-CENSUS-0000176362,GSA_MIGRATION,2021,2022-08-07,043816400
2021-06-CENSUS-0000176362,GSA_MIGRATION,2021,2022-08-07,202868303
2021-06-CENSUS-0000176362,GSA_MIGRATION,2021,2022-08-07,352671308
2021-06-CENSUS-0000176362,GSA_MIGRATION,2021,2022-08-07,364824048
2021-06-CENSUS-0000176362,GSA_MIGRATION,2021,2022-08-07,452096870
2021-06-CENSUS-0000176362,GSA_MIGRATION,2021,2022-08-07,455122913
2021-06-CENSUS-0000176362,GSA_MIGRATION,2021,2022-08-07,611530469
2021-06-CENSUS-0000176362,GSA_MIGRATION,2021,2022-08-07,823847397
2021-06-CENSUS-0000176362,GSA_MIGRATION,2021,2022-08-07,910589346
2021-06-CENSUS-0000176362,GSA_MIGRATION,2021,2022-08-07,910671107
2021-06-CENSUS-0000176362,GSA_MIGRATION,2021,2022-08-07,910742228
2021-06-CENSUS-0000176362,GSA_MIGRATION,2021,2022-08-07,910752489
2021-06-CENSUS-0000176362,GSA_MIGRATION,2021,2022-08-07,910759103
2021-06-CENSUS-0000176362,GSA_MIGRATION,2021,2022-08-07,910814013
2021-06-CENSUS-0000176362,GSA_MIGRATION,2021,2022-08-07,910817705
2021-06-CENSUS-0000176362,GSA_MIGRATION,2021,2022-08-07,910819265
2021-06-CENSUS-0000176362,GSA_MIGRATION,2021,2022-08-07,910821742
2021-06-CENSUS-0000176362,GSA_MIGRATION,2021,2022-08-07,910821964
2021-06-CENSUS-0000176362,GSA_MIGRATION,2021,2022-08-07,910821972
2021-06-CENSUS-0000176362,GSA_MIGRATION,2021,2022-08-07,910822539
2021-06-CENSUS-0000176362,GSA_MIGRATION,2021,2022-08-07,910822848
2021-06-CENSUS-0000176362,GSA_MIGRATION,2021,2022-08-07,910823201
2021-06-CENSUS-0000176362,GSA_MIGRATION,2021,2022-08-07,910823636
2021-06-CENSUS-0000176362,GSA_MIGRATION,2021,2022-08-07,910823768
2021-06-CENSUS-0000176362,GSA_MIGRATION,2021,2022-08-07,910823820
2021-06-CENSUS-0000176362,GSA_MIGRATION,2021,2022-08-07,910824167
2021-06-CENSUS-0000176362,GSA_MIGRATION,2021,2022-08-07,910824213
2021-06-CENSUS-0000176362,GSA_MIGRATION,2021,2022-08-07,910824589
2021-06-CENSUS-0000176362,GSA_MIGRATION,2021,2022-08-07,910824677
2021-06-CENSUS-0000176362,GSA_MIGRATION,2021,2022-08-07,910824678
2021-06-CENSUS-0000176362,GSA_MIGRATION,2021,2022-08-07,910825212
2021-06-CENSUS-0000176362,GSA_MIGRATION,2021,2022-08-07,910826533
2021-06-CENSUS-0000176362,GSA_MIGRATION,2021,2022-08-07,910826741
2021-06-CENSUS-0000176362,GSA_MIGRATION,2021,2022-08-07,910826872
2021-06-CENSUS-0000176362,GSA_MIGRATION,2021,2022-08-07,910855768
2021-06-CENSUS-0000176362,GSA_MIGRATION,2021,2022-08-07,910969074
2021-06-CENSUS-0000176362,GSA_MIGRATION,2021,2022-08-07,911001714
2021-06-CENSUS-0000176362,GSA_MIGRATION,2021,2022-08-07,911004770
2021-06-CENSUS-0000176362,GSA_MIGRATION,2021,2022-08-07,911142111
2021-06-CENSUS-0000176362,GSA_MIGRATION,2021,2022-08-07,911214646
2021-06-CENSUS-0000176362,GSA_MIGRATION,2021,2022-08-07,911409321
2021-06-CENSUS-0000176362,GSA_MIGRATION,2021,2022-08-07,911412780
2021-06-CENSUS-0000176362,GSA_MIGRATION,2021,2022-08-07,911443137
2021-06-CENSUS-0000176362,GSA_MIGRATION,2021,2022-08-07,911444603
2021-06-CENSUS-0000176362,GSA_MIGRATION,2021,2022-08-07,911455000
2021-06-CENSUS-0000176362,GSA_MIGRATION,2021,2022-08-07,911522175
2021-06-CENSUS-0000176362,GSA_MIGRATION,2021,2022-08-07,911523302
2021-06-CENSUS-0000176362,GSA_MIGRATION,2021,2022-08-07,911523641
2021-06-CENSUS-0000176362,GSA_MIGRATION,2021,2022-08-07,911526457
2021-06-CENSUS-0000176362,GSA_MIGRATION,2021,2022-08-07,911526618
2021-06-CENSUS-0000176362,GSA_MIGRATION,2021,2022-08-07,911632572
2021-06-CENSUS-0000176362,GSA_MIGRATION,2021,2022-08-07,911727284
2021-06-CENSUS-0000176362,GSA_MIGRATION,2021,2022-08-07,911874730
2021-06-CENSUS-0000176362,GSA_MIGRATION,2021,2022-08-07,912010540
2021-06-CENSUS-0000176362,GSA_MIGRATION,2021,2022-08-07,912152443
2021-06-CENSUS-0000176362,GSA_MIGRATION,2021,2022-08-07,916000562
2021-06-CENSUS-0000176362,GSA_MIGRATION,2021,2022-08-07,916000618
2021-06-CENSUS-0000176362,GSA_MIGRATION,2021,2022-08-07,916000624
2021-06-CENSUS-0000176362,GSA_MIGRATION,2021,2022-08-07,916001060
2021-06-CENSUS-0000176362,GSA_MIGRATION,2021,2022-08-07,916001062
2021-06-CENSUS-0000176362,GSA_MIGRATION,2021,2022-08-07,916001063
2021-06-CENSUS-0000176362,GSA_MIGRATION,2021,2022-08-07,916001069
2021-06-CENSUS-0000176362,GSA_MIGRATION,2021,2022-08-07,916001071
2021-06-CENSUS-0000176362,GSA_MIGRATION,2021,2022-08-07,916001078
2021-06-CENSUS-0000176362,GSA_MIGRATION,2021,2022-08-07,916001084
2021-06-CENSUS-0000176362,GSA_MIGRATION,2021,2022-08-07,916001088
2021-06-CENSUS-0000176362,GSA_MIGRATION,2021,2022-08-07,916001090
2021-06-CENSUS-0000176362,GSA_MIGRATION,2021,2022-08-07,916001093
2021-06-CENSUS-0000176362,GSA_MIGRATION,2021,2022-08-07,916001095
2021-06-CENSUS-0000176362,GSA_MIGRATION,2021,2022-08-07,916001099
2021-06-CENSUS-0000176362,GSA_MIGRATION,2021,2022-08-07,916001106
2021-06-CENSUS-0000176362,GSA_MIGRATION,2021,2022-08-07,916001107
2021-06-CENSUS-0000176362,GSA_MIGRATION,2021,2022-08-07,916001108
2021-06-CENSUS-0000176362,GSA_MIGRATION,2021,2022-08-07,916001109
2021-06-CENSUS-0000176362,GSA_MIGRATION,2021,2022-08-07,916001112
2021-06-CENSUS-0000176362,GSA_MIGRATION,2021,2022-08-07,916001121
2021-06-CENSUS-0000003146,GSA_MIGRATION,2021,2022-01-25,043322079
2021-06-CENSUS-0000003146,GSA_MIGRATION,2021,2022-01-25,043453021
2021-06-CENSUS-0000003146,GSA_MIGRATION,2021,2022-01-25,043753636
2021-06-CENSUS-0000003146,GSA_MIGRATION,2021,2022-01-25,043222080
2021-06-CENSUS-0000003146,GSA_MIGRATION,2021,2022-01-25,043264960
2021-06-CENSUS-0000003146,GSA_MIGRATION,2021,2022-01-25,043347901
2021-12-CENSUS-0000192898,GSA_MIGRATION,2021,2022-09-27,216000510
2021-12-CENSUS-0000254181,GSA_MIGRATION,2021,2022-08-13,860445372
2021-06-CENSUS-0000134720,GSA_MIGRATION,2021,2022-07-11,262374576
2021-06-CENSUS-0000134720,GSA_MIGRATION,2021,2022-07-11,383721881
2021-06-CENSUS-0000134720,GSA_MIGRATION,2021,2022-07-11,811725341
2021-06-CENSUS-0000134720,GSA_MIGRATION,2021,2022-07-11,840517947
2021-06-CENSUS-0000134720,GSA_MIGRATION,2021,2022-07-11,840559160
2021-06-CENSUS-0000134720,GSA_MIGRATION,2021,2022-07-11,840600334
2021-06-CENSUS-0000134720,GSA_MIGRATION,2021,2022-07-11,846000542
2021-06-CENSUS-0000134720,GSA_MIGRATION,2021,2022-07-11,846000545
2021-06-CENSUS-0000134720,GSA_MIGRATION,2021,2022-07-11,846000546
2021-06-CENSUS-0000134720,GSA_MIGRATION,2021,2022-07-11,846000551
2021-06-CENSUS-0000134720,GSA_MIGRATION,2021,2022-07-11,846000555
2021-06-CENSUS-0000134720,GSA_MIGRATION,2021,2022-07-11,846000556
2021-06-CENSUS-0000134720,GSA_MIGRATION,2021,2022-07-11,846000558
2021-06-CENSUS-0000134720,GSA_MIGRATION,2021,2022-07-11,846000574
2021-06-CENSUS-0000134720,GSA_MIGRATION,2021,2022-07-11,846001656
2021-06-CENSUS-0000171435,GSA_MIGRATION,2021,2022-01-26,626000833
2021-06-CENSUS-0000171435,GSA_MIGRATION,2021,2022-01-26,626000831
2021-06-CENSUS-0000135797,GSA_MIGRATION,2021,2022-03-09,066001598
2021-06-CENSUS-0000219419,GSA_MIGRATION,2021,2022-09-01,232215800
2021-06-CENSUS-0000219419,GSA_MIGRATION,2021,2022-09-01,231371947
2021-06-CENSUS-0000219419,GSA_MIGRATION,2021,2022-09-01,371875087
2021-06-CENSUS-0000219419,GSA_MIGRATION,2021,2022-09-01,233009874
2021-12-CENSUS-0000253310,GSA_MIGRATION,2021,2022-05-25,452032126
2021-06-CENSUS-0000237799,GSA_MIGRATION,2021,2022-09-29,611318396
2021-06-CENSUS-0000237799,GSA_MIGRATION,2021,2022-09-29,611267235
2021-06-CENSUS-0000237799,GSA_MIGRATION,2021,2022-09-29,610913814
2021-12-CENSUS-0000061323,GSA_MIGRATION,2021,2022-05-18,364099403
2021-12-CENSUS-0000220093,GSA_MIGRATION,2021,2022-05-03,112563026
2021-12-CENSUS-0000145235,GSA_MIGRATION,2021,2022-07-01,383865758
2021-06-CENSUS-0000176107,GSA_MIGRATION,2021,2022-01-20,546001566
2021-06-CENSUS-0000176107,GSA_MIGRATION,2021,2022-01-20,546001568
2021-12-CENSUS-0000008474,GSA_MIGRATION,2021,2022-09-28,112833590
2021-12-CENSUS-0000008474,GSA_MIGRATION,2021,2022-09-28,112833597
2021-12-CENSUS-0000008474,GSA_MIGRATION,2021,2022-09-28,270174413
2021-12-CENSUS-0000008474,GSA_MIGRATION,2021,2022-09-28,270174589
2021-12-CENSUS-0000008474,GSA_MIGRATION,2021,2022-09-28,270174684
2021-12-CENSUS-0000022239,GSA_MIGRATION,2021,2022-09-27,340714722
2021-12-CENSUS-0000022239,GSA_MIGRATION,2021,2022-09-27,341638790
2021-12-CENSUS-0000022239,GSA_MIGRATION,2021,2022-09-27,843608112
2021-09-CENSUS-0000251833,GSA_MIGRATION,2021,2022-06-27,042103881
2021-09-CENSUS-0000251833,GSA_MIGRATION,2021,2022-06-27,042704683
2021-09-CENSUS-0000251833,GSA_MIGRATION,2021,2022-06-27,042777145
2021-09-CENSUS-0000251833,GSA_MIGRATION,2021,2022-06-27,042103606
2021-09-CENSUS-0000251833,GSA_MIGRATION,2021,2022-06-27,222667354
2021-09-CENSUS-0000251833,GSA_MIGRATION,2021,2022-06-27,320058309
2021-09-CENSUS-0000244798,GSA_MIGRATION,2021,2022-06-29,540549603
2021-09-CENSUS-0000244798,GSA_MIGRATION,2021,2022-06-29,540506332
2021-09-CENSUS-0000244798,GSA_MIGRATION,2021,2022-06-29,540480606
2021-09-CENSUS-0000244798,GSA_MIGRATION,2021,2022-06-29,546074580
2021-09-CENSUS-0000244798,GSA_MIGRATION,2021,2022-06-29,540553805
2021-09-CENSUS-0000244798,GSA_MIGRATION,2021,2022-06-29,540568001
2021-06-CENSUS-0000135782,GSA_MIGRATION,2021,2022-02-10,066001620
2021-12-CENSUS-0000151022,GSA_MIGRATION,2021,2022-04-13,416005404
2021-06-CENSUS-0000256063,GSA_MIGRATION,2021,2022-11-28,453957368
2021-06-CENSUS-0000256063,GSA_MIGRATION,2021,2022-11-28,825207287
2021-06-CENSUS-0000256063,GSA_MIGRATION,2021,2022-11-28,205415285
2021-12-CENSUS-0000063579,GSA_MIGRATION,2021,2022-09-05,390806374
2021-12-CENSUS-0000063579,GSA_MIGRATION,2021,2022-09-05,391411999
2021-12-CENSUS-0000063579,GSA_MIGRATION,2021,2022-09-05,411236756
2021-12-CENSUS-0000063579,GSA_MIGRATION,2021,2022-09-05,411404075
2021-12-CENSUS-0000063579,GSA_MIGRATION,2021,2022-09-05,390813418
2021-12-CENSUS-0000063579,GSA_MIGRATION,2021,2022-09-05,860800150
2021-12-CENSUS-0000063579,GSA_MIGRATION,2021,2022-09-05,391029430
2021-12-CENSUS-0000063579,GSA_MIGRATION,2021,2022-09-05,593337028
2021-12-CENSUS-0000063579,GSA_MIGRATION,2021,2022-09-05,590714831
2021-12-CENSUS-0000063579,GSA_MIGRATION,2021,2022-09-05,510190875
2021-12-CENSUS-0000063579,GSA_MIGRATION,2021,2022-09-05,411506440
2021-12-CENSUS-0000063579,GSA_MIGRATION,2021,2022-09-05,391409024
2021-12-CENSUS-0000063579,GSA_MIGRATION,2021,2022-09-05,391450617
2021-06-CENSUS-0000192478,GSA_MIGRATION,2021,2022-03-21,620681064
2021-06-CENSUS-0000200974,GSA_MIGRATION,2021,2022-09-20,946002764
2021-12-CENSUS-0000212004,GSA_MIGRATION,2021,2022-08-01,432008974
2021-12-CENSUS-0000212004,GSA_MIGRATION,2021,2022-08-01,451502252
2021-12-CENSUS-0000212004,GSA_MIGRATION,2021,2022-08-01,750972805
2021-12-CENSUS-0000212004,GSA_MIGRATION,2021,2022-08-01,751047527
2021-12-CENSUS-0000212004,GSA_MIGRATION,2021,2022-08-01,751438726
2021-12-CENSUS-0000212004,GSA_MIGRATION,2021,2022-08-01,751648589
2021-12-CENSUS-0000212004,GSA_MIGRATION,2021,2022-08-01,751748586
2021-12-CENSUS-0000212004,GSA_MIGRATION,2021,2022-08-01,751752253
2021-12-CENSUS-0000212004,GSA_MIGRATION,2021,2022-08-01,751977850
2021-12-CENSUS-0000212004,GSA_MIGRATION,2021,2022-08-01,752562191
2021-12-CENSUS-0000212004,GSA_MIGRATION,2021,2022-08-01,752678857
2021-12-CENSUS-0000212004,GSA_MIGRATION,2021,2022-08-01,752770738
2021-12-CENSUS-0000212004,GSA_MIGRATION,2021,2022-08-01,752771437
2021-12-CENSUS-0000212004,GSA_MIGRATION,2021,2022-08-01,752890358
2021-12-CENSUS-0000212004,GSA_MIGRATION,2021,2022-08-01,756001743
2021-06-CENSUS-0000176287,GSA_MIGRATION,2021,2022-03-27,541942228
2021-08-CENSUS-0000053625,GSA_MIGRATION,2021,2022-05-30,237087041
2021-08-CENSUS-0000053625,GSA_MIGRATION,2021,2022-05-30,260876468
2021-08-CENSUS-0000053625,GSA_MIGRATION,2021,2022-05-30,261277524
2021-08-CENSUS-0000053625,GSA_MIGRATION,2021,2022-05-30,271472342
2021-08-CENSUS-0000053625,GSA_MIGRATION,2021,2022-05-30,352194610
2021-08-CENSUS-0000053625,GSA_MIGRATION,2021,2022-05-30,352507700
2021-08-CENSUS-0000053625,GSA_MIGRATION,2021,2022-05-30,362169179
2021-08-CENSUS-0000053625,GSA_MIGRATION,2021,2022-05-30,362179764
2021-08-CENSUS-0000053625,GSA_MIGRATION,2021,2022-05-30,362179779
2021-08-CENSUS-0000053625,GSA_MIGRATION,2021,2022-05-30,362338884
2021-08-CENSUS-0000053625,GSA_MIGRATION,2021,2022-05-30,362513909
2021-08-CENSUS-0000053625,GSA_MIGRATION,2021,2022-05-30,362680776
2021-08-CENSUS-0000053625,GSA_MIGRATION,2021,2022-05-30,363097297
2021-08-CENSUS-0000053625,GSA_MIGRATION,2021,2022-05-30,363149833
2021-08-CENSUS-0000053625,GSA_MIGRATION,2021,2022-05-30,363155315
2021-08-CENSUS-0000053625,GSA_MIGRATION,2021,2022-05-30,363164329
2021-08-CENSUS-0000053625,GSA_MIGRATION,2021,2022-05-30,363196550
2021-08-CENSUS-0000053625,GSA_MIGRATION,2021,2022-05-30,363196559
2021-08-CENSUS-0000053625,GSA_MIGRATION,2021,2022-05-30,363236791
2021-08-CENSUS-0000053625,GSA_MIGRATION,2021,2022-05-30,363270521
2021-08-CENSUS-0000053625,GSA_MIGRATION,2021,2022-05-30,363334711
2021-08-CENSUS-0000053625,GSA_MIGRATION,2021,2022-05-30,363382383
2021-08-CENSUS-0000053625,GSA_MIGRATION,2021,2022-05-30,363484281
2021-08-CENSUS-0000053625,GSA_MIGRATION,2021,2022-05-30,363649080
2021-08-CENSUS-0000053625,GSA_MIGRATION,2021,2022-05-30,363824138
2021-08-CENSUS-0000053625,GSA_MIGRATION,2021,2022-05-30,363887234
2021-08-CENSUS-0000053625,GSA_MIGRATION,2021,2022-05-30,363896976
2021-08-CENSUS-0000053625,GSA_MIGRATION,2021,2022-05-30,364244337
2021-08-CENSUS-0000053625,GSA_MIGRATION,2021,2022-05-30,364310557
2021-08-CENSUS-0000053625,GSA_MIGRATION,2021,2022-05-30,364724966
2021-08-CENSUS-0000053625,GSA_MIGRATION,2021,2022-05-30,364740459
2021-08-CENSUS-0000053625,GSA_MIGRATION,2021,2022-05-30,364836347
2021-08-CENSUS-0000053625,GSA_MIGRATION,2021,2022-05-30,370960170
2021-08-CENSUS-0000053625,GSA_MIGRATION,2021,2022-05-30,371703513
2021-08-CENSUS-0000053625,GSA_MIGRATION,2021,2022-05-30,384017932
2021-08-CENSUS-0000053625,GSA_MIGRATION,2021,2022-05-30,453449737
2021-08-CENSUS-0000053625,GSA_MIGRATION,2021,2022-05-30,474579189
2021-08-CENSUS-0000053625,GSA_MIGRATION,2021,2022-05-30,800838376
2021-08-CENSUS-0000053625,GSA_MIGRATION,2021,2022-05-30,834687208
2021-08-CENSUS-0000053625,GSA_MIGRATION,2021,2022-05-30,841833690
2021-08-CENSUS-0000053625,GSA_MIGRATION,2021,2022-05-30,842020413
2021-08-CENSUS-0000053625,GSA_MIGRATION,2021,2022-05-30,842302820
2021-08-CENSUS-0000053625,GSA_MIGRATION,2021,2022-05-30,900917479
2021-08-CENSUS-0000053625,GSA_MIGRATION,2021,2022-05-30,981313176
2021-06-CENSUS-0000254647,GSA_MIGRATION,2021,2022-09-21,421442443
2021-06-CENSUS-0000254647,GSA_MIGRATION,2021,2022-09-21,421198970
2021-06-CENSUS-0000254647,GSA_MIGRATION,2021,2022-09-21,420698295
2021-12-CENSUS-0000042275,GSA_MIGRATION,2021,2022-09-25,341575266
2021-12-CENSUS-0000256349,GSA_MIGRATION,2021,2022-12-19,264573131
2021-12-CENSUS-0000256349,GSA_MIGRATION,2021,2022-12-19,200495182
2021-12-CENSUS-0000256349,GSA_MIGRATION,2021,2022-12-19,521929311
2021-12-CENSUS-0000256349,GSA_MIGRATION,2021,2022-12-19,521750659
2021-12-CENSUS-0000256349,GSA_MIGRATION,2021,2022-12-19,237405177
2021-12-CENSUS-0000256349,GSA_MIGRATION,2021,2022-12-19,521710891
2021-12-CENSUS-0000256349,GSA_MIGRATION,2021,2022-12-19,210634485
2021-12-CENSUS-0000256349,GSA_MIGRATION,2021,2022-12-19,630770753
2021-12-CENSUS-0000256349,GSA_MIGRATION,2021,2022-12-19,521530598
2021-12-CENSUS-0000188313,GSA_MIGRATION,2021,2022-12-18,930968688
2021-12-CENSUS-0000247489,GSA_MIGRATION,2021,2022-08-07,237061724
2021-12-CENSUS-0000247489,GSA_MIGRATION,2021,2022-08-07,851495841
2021-12-CENSUS-0000247489,GSA_MIGRATION,2021,2022-08-07,346579390
2021-12-CENSUS-0000247489,GSA_MIGRATION,2021,2022-08-07,341140997
2021-06-CENSUS-0000250488,GSA_MIGRATION,2021,2022-02-23,161337423
2021-06-CENSUS-0000021796,GSA_MIGRATION,2021,2022-02-17,134230694
2021-06-CENSUS-0000021796,GSA_MIGRATION,2021,2022-02-17,223746861
2021-06-CENSUS-0000021796,GSA_MIGRATION,2021,2022-02-17,223416089
2021-06-CENSUS-0000021796,GSA_MIGRATION,2021,2022-02-17,223647620
2021-12-CENSUS-0000254835,GSA_MIGRATION,2021,2022-09-26,341863723
2021-12-CENSUS-0000184115,GSA_MIGRATION,2021,2022-05-24,043484336
2021-12-CENSUS-0000184115,GSA_MIGRATION,2021,2022-05-24,200809596
2021-06-CENSUS-0000171424,GSA_MIGRATION,2021,2022-03-21,626000785
2021-06-CENSUS-0000171424,GSA_MIGRATION,2021,2022-03-21,626000784
2021-06-CENSUS-0000254570,GSA_MIGRATION,2021,2022-09-19,901033980
2021-06-CENSUS-0000254570,GSA_MIGRATION,2021,2022-09-19,901013544
2021-06-CENSUS-0000254570,GSA_MIGRATION,2021,2022-09-19,901008146
2021-06-CENSUS-0000254570,GSA_MIGRATION,2021,2022-09-19,900935197
2021-06-CENSUS-0000254570,GSA_MIGRATION,2021,2022-09-19,841447761
2021-06-CENSUS-0000254570,GSA_MIGRATION,2021,2022-09-19,841262971
2021-06-CENSUS-0000254570,GSA_MIGRATION,2021,2022-09-19,840398876
2021-06-CENSUS-0000254570,GSA_MIGRATION,2021,2022-09-19,834081563
2021-06-CENSUS-0000031506,GSA_MIGRATION,2021,2022-08-14,311748709
2021-06-CENSUS-0000031506,GSA_MIGRATION,2021,2022-08-14,710576700
2021-06-CENSUS-0000031506,GSA_MIGRATION,2021,2022-08-14,202370710
2021-06-CENSUS-0000135814,GSA_MIGRATION,2021,2022-05-23,066001555
2021-06-CENSUS-0000255093,GSA_MIGRATION,2021,2022-09-28,251854772
2021-06-CENSUS-0000255093,GSA_MIGRATION,2021,2022-09-28,251857035
2021-06-CENSUS-0000255093,GSA_MIGRATION,2021,2022-09-28,274000022
2021-06-CENSUS-0000255093,GSA_MIGRATION,2021,2022-09-28,231352211
2021-06-CENSUS-0000255093,GSA_MIGRATION,2021,2022-09-28,473760825
2021-06-CENSUS-0000255093,GSA_MIGRATION,2021,2022-09-28,208544021
2021-06-CENSUS-0000255093,GSA_MIGRATION,2021,2022-09-28,300976099
2021-06-CENSUS-0000255093,GSA_MIGRATION,2021,2022-09-28,231980793
2021-06-CENSUS-0000202510,GSA_MIGRATION,2021,2022-01-24,626000632
2021-06-CENSUS-0000202510,GSA_MIGRATION,2021,2022-01-24,620912614
2021-06-CENSUS-0000202510,GSA_MIGRATION,2021,2022-01-24,626000633
2021-12-CENSUS-0000253334,GSA_MIGRATION,2021,2022-05-30,463225995
2021-06-CENSUS-0000254342,GSA_MIGRATION,2021,2022-08-31,240795682
2021-06-CENSUS-0000254342,GSA_MIGRATION,2021,2022-08-31,510426500
2021-06-CENSUS-0000231358,GSA_MIGRATION,2021,2022-01-31,352469571
2021-06-CENSUS-0000231358,GSA_MIGRATION,2021,2022-01-31,900984758
2021-12-CENSUS-0000048623,GSA_MIGRATION,2021,2022-06-15,900489809
2021-06-CENSUS-0000182360,GSA_MIGRATION,2021,2022-02-14,636000510
2021-12-CENSUS-0000255333,GSA_MIGRATION,2021,2022-09-29,134245879
2021-12-CENSUS-0000255333,GSA_MIGRATION,2021,2022-09-29,651040928
2021-12-CENSUS-0000255333,GSA_MIGRATION,2021,2022-09-29,651040934
2021-12-CENSUS-0000255333,GSA_MIGRATION,2021,2022-09-29,020755960
2021-12-CENSUS-0000255333,GSA_MIGRATION,2021,2022-09-29,651040931
2021-12-CENSUS-0000255333,GSA_MIGRATION,2021,2022-09-29,651040911
2021-12-CENSUS-0000255333,GSA_MIGRATION,2021,2022-09-29,830500199
2021-12-CENSUS-0000255333,GSA_MIGRATION,2021,2022-09-29,264468758
2021-12-CENSUS-0000255333,GSA_MIGRATION,2021,2022-09-29,300541840
2021-12-CENSUS-0000255333,GSA_MIGRATION,2021,2022-09-29,264233085
2021-12-CENSUS-0000255333,GSA_MIGRATION,2021,2022-09-29,264233346
2021-12-CENSUS-0000255333,GSA_MIGRATION,2021,2022-09-29,455518434
2021-12-CENSUS-0000255333,GSA_MIGRATION,2021,2022-09-29,590825837
2021-12-CENSUS-0000255333,GSA_MIGRATION,2021,2022-09-29,651040910
2021-12-CENSUS-0000255333,GSA_MIGRATION,2021,2022-09-29,651040912
2021-12-CENSUS-0000255333,GSA_MIGRATION,2021,2022-09-29,651040917
2021-12-CENSUS-0000255333,GSA_MIGRATION,2021,2022-09-29,651040919
2021-12-CENSUS-0000255333,GSA_MIGRATION,2021,2022-09-29,651040926
2021-12-CENSUS-0000255333,GSA_MIGRATION,2021,2022-09-29,830500200
2021-12-CENSUS-0000248703,GSA_MIGRATION,2021,2022-09-26,311222942
2021-12-CENSUS-0000248703,GSA_MIGRATION,2021,2022-09-26,311556401
2021-12-CENSUS-0000248703,GSA_MIGRATION,2021,2022-09-26,311716973
2021-12-CENSUS-0000248703,GSA_MIGRATION,2021,2022-09-26,340505560
2021-12-CENSUS-0000248703,GSA_MIGRATION,2021,2022-09-26,340714704
2021-12-CENSUS-0000248703,GSA_MIGRATION,2021,2022-09-26,340864230
2021-12-CENSUS-0000248703,GSA_MIGRATION,2021,2022-09-26,341105619
2021-12-CENSUS-0000248703,GSA_MIGRATION,2021,2022-09-26,341344482
2021-12-CENSUS-0000248703,GSA_MIGRATION,2021,2022-09-26,341577110
2021-12-CENSUS-0000248703,GSA_MIGRATION,2021,2022-09-26,341726619
2021-12-CENSUS-0000248703,GSA_MIGRATION,2021,2022-09-26,344428250
2021-12-CENSUS-0000248703,GSA_MIGRATION,2021,2022-09-26,344431174
2021-12-CENSUS-0000248703,GSA_MIGRATION,2021,2022-09-26,344445373
2021-12-CENSUS-0000248703,GSA_MIGRATION,2021,2022-09-26,521732800
2021-12-CENSUS-0000248703,GSA_MIGRATION,2021,2022-09-26,521857768
2021-12-CENSUS-0000248703,GSA_MIGRATION,2021,2022-09-26,540506463
2021-12-CENSUS-0000248703,GSA_MIGRATION,2021,2022-09-26,540548200
2021-12-CENSUS-0000248703,GSA_MIGRATION,2021,2022-09-26,540647482
2021-12-CENSUS-0000248703,GSA_MIGRATION,2021,2022-09-26,540793767
2021-12-CENSUS-0000248703,GSA_MIGRATION,2021,2022-09-26,541744931
2021-12-CENSUS-0000248703,GSA_MIGRATION,2021,2022-09-26,541820093
2021-12-CENSUS-0000248703,GSA_MIGRATION,2021,2022-09-26,610927491
2021-12-CENSUS-0000248703,GSA_MIGRATION,2021,2022-09-26,020701635
2021-12-CENSUS-0000248703,GSA_MIGRATION,2021,2022-09-26,843041473
2021-12-CENSUS-0000248703,GSA_MIGRATION,2021,2022-09-26,610600313
2021-12-CENSUS-0000248703,GSA_MIGRATION,2021,2022-09-26,237424835
2021-12-CENSUS-0000248703,GSA_MIGRATION,2021,2022-09-26,843050337
2021-12-CENSUS-0000248703,GSA_MIGRATION,2021,2022-09-26,843065045
2021-12-CENSUS-0000248703,GSA_MIGRATION,2021,2022-09-26,582504530
2021-12-CENSUS-0000248703,GSA_MIGRATION,2021,2022-09-26,474797980
2021-12-CENSUS-0000248703,GSA_MIGRATION,2021,2022-09-26,832087782
2021-12-CENSUS-0000248703,GSA_MIGRATION,2021,2022-09-26,134290167
2021-12-CENSUS-0000248703,GSA_MIGRATION,2021,2022-09-26,134334363
2021-12-CENSUS-0000248703,GSA_MIGRATION,2021,2022-09-26,205588350
2021-12-CENSUS-0000248703,GSA_MIGRATION,2021,2022-09-26,205886018
2021-12-CENSUS-0000248703,GSA_MIGRATION,2021,2022-09-26,262788491
2021-12-CENSUS-0000248703,GSA_MIGRATION,2021,2022-09-26,262878453
2021-12-CENSUS-0000248703,GSA_MIGRATION,2021,2022-09-26,263807038
2021-12-CENSUS-0000248703,GSA_MIGRATION,2021,2022-09-26,264779623
2021-12-CENSUS-0000248703,GSA_MIGRATION,2021,2022-09-26,270854930
2021-12-CENSUS-0000248703,GSA_MIGRATION,2021,2022-09-26,270995585
2021-12-CENSUS-0000248703,GSA_MIGRATION,2021,2022-09-26,271672759
2021-12-CENSUS-0000248703,GSA_MIGRATION,2021,2022-09-26,271672951
2021-12-CENSUS-0000248703,GSA_MIGRATION,2021,2022-09-26,311308729
2021-12-CENSUS-0000248703,GSA_MIGRATION,2021,2022-09-26,320306944
2021-12-CENSUS-0000248703,GSA_MIGRATION,2021,2022-09-26,320350047
2021-12-CENSUS-0000248703,GSA_MIGRATION,2021,2022-09-26,341013695
2021-12-CENSUS-0000248703,GSA_MIGRATION,2021,2022-09-26,341288745
2021-12-CENSUS-0000248703,GSA_MIGRATION,2021,2022-09-26,341894783
2021-12-CENSUS-0000248703,GSA_MIGRATION,2021,2022-09-26,341898285
2021-12-CENSUS-0000248703,GSA_MIGRATION,2021,2022-09-26,341913433
2021-12-CENSUS-0000248703,GSA_MIGRATION,2021,2022-09-26,352320780
2021-12-CENSUS-0000248703,GSA_MIGRATION,2021,2022-09-26,521578169
2021-12-CENSUS-0000248703,GSA_MIGRATION,2021,2022-09-26,524257690
2021-12-CENSUS-0000248703,GSA_MIGRATION,2021,2022-09-26,541479847
2021-12-CENSUS-0000248703,GSA_MIGRATION,2021,2022-09-26,541516476
2021-12-CENSUS-0000248703,GSA_MIGRATION,2021,2022-09-26,611356023
2021-12-CENSUS-0000248703,GSA_MIGRATION,2021,2022-09-26,650061820
2021-12-CENSUS-0000248703,GSA_MIGRATION,2021,2022-09-26,800520229
2021-12-CENSUS-0000248703,GSA_MIGRATION,2021,2022-09-26,341848147
2021-12-CENSUS-0000248703,GSA_MIGRATION,2021,2022-09-26,541431826
2021-12-CENSUS-0000248703,GSA_MIGRATION,2021,2022-09-26,541417686
2021-12-CENSUS-0000248703,GSA_MIGRATION,2021,2022-09-26,570831165
2021-12-CENSUS-0000248703,GSA_MIGRATION,2021,2022-09-26,570828733
2021-06-CENSUS-0000176119,GSA_MIGRATION,2021,2022-01-13,516001644
2021-12-CENSUS-0000184040,GSA_MIGRATION,2021,2022-09-04,272073611
2021-12-CENSUS-0000244245,GSA_MIGRATION,2021,2022-09-28,250969492
2021-12-CENSUS-0000244245,GSA_MIGRATION,2021,2022-09-28,250965547
2021-12-CENSUS-0000244245,GSA_MIGRATION,2021,2022-09-28,453674924
2021-12-CENSUS-0000244245,GSA_MIGRATION,2021,2022-09-28,251320493
2021-12-CENSUS-0000244245,GSA_MIGRATION,2021,2022-09-28,231294723
2021-12-CENSUS-0000244245,GSA_MIGRATION,2021,2022-09-28,251848306
2021-12-CENSUS-0000244245,GSA_MIGRATION,2021,2022-09-28,251737079
2021-12-CENSUS-0000244245,GSA_MIGRATION,2021,2022-09-28,251470766
2021-12-CENSUS-0000244245,GSA_MIGRATION,2021,2022-09-28,251875178
2021-12-CENSUS-0000244245,GSA_MIGRATION,2021,2022-09-28,161105741
2021-12-CENSUS-0000194472,GSA_MIGRATION,2021,2022-09-06,352538469
2021-06-CENSUS-0000255110,GSA_MIGRATION,2021,2022-09-28,311435820
2021-06-CENSUS-0000255110,GSA_MIGRATION,2021,2022-09-28,311479038
2021-06-CENSUS-0000255110,GSA_MIGRATION,2021,2022-09-28,311273012
2021-06-CENSUS-0000255110,GSA_MIGRATION,2021,2022-09-28,311658885
2021-06-CENSUS-0000255110,GSA_MIGRATION,2021,2022-09-28,311405915
2021-06-CENSUS-0000255110,GSA_MIGRATION,2021,2022-09-28,311588499
2021-12-CENSUS-0000254632,GSA_MIGRATION,2021,2022-09-20,450501306
2021-09-CENSUS-0000253877,GSA_MIGRATION,2021,2022-06-30,042681561
2021-09-CENSUS-0000253877,GSA_MIGRATION,2021,2022-06-30,510192422
2021-09-CENSUS-0000253877,GSA_MIGRATION,2021,2022-06-30,050259111
2021-06-CENSUS-0000077824,GSA_MIGRATION,2021,2022-01-12,522220700
2021-06-CENSUS-0000165250,GSA_MIGRATION,2021,2022-09-26,261404499
2021-06-CENSUS-0000022374,GSA_MIGRATION,2021,2022-01-27,043131333
2021-06-CENSUS-0000022374,GSA_MIGRATION,2021,2022-01-27,271924018
2021-12-CENSUS-0000239097,GSA_MIGRATION,2021,2022-08-25,311710115
2021-12-CENSUS-0000221572,GSA_MIGRATION,2021,2022-05-03,261484259
2021-12-CENSUS-0000221572,GSA_MIGRATION,2021,2022-05-03,431862691
2021-12-CENSUS-0000142655,GSA_MIGRATION,2021,2022-09-28,351102400
2021-12-CENSUS-0000142655,GSA_MIGRATION,2021,2022-09-28,356001344
2021-12-CENSUS-0000058433,GSA_MIGRATION,2021,2022-09-28,461495343
2021-12-CENSUS-0000058433,GSA_MIGRATION,2021,2022-09-28,396498144
2021-12-CENSUS-0000058433,GSA_MIGRATION,2021,2022-09-28,810977948
2021-12-CENSUS-0000058433,GSA_MIGRATION,2021,2022-09-28,390837206
2021-12-CENSUS-0000058433,GSA_MIGRATION,2021,2022-09-28,391157876
2021-12-CENSUS-0000058433,GSA_MIGRATION,2021,2022-09-28,390806828
2021-12-CENSUS-0000058433,GSA_MIGRATION,2021,2022-09-28,390973724
2021-12-CENSUS-0000017092,GSA_MIGRATION,2021,2022-09-29,141338307
2021-12-CENSUS-0000017092,GSA_MIGRATION,2021,2022-09-29,141338310
2021-12-CENSUS-0000017092,GSA_MIGRATION,2021,2022-09-29,141338547
2021-12-CENSUS-0000017092,GSA_MIGRATION,2021,2022-09-29,141338373
2021-12-CENSUS-0000241642,GSA_MIGRATION,2021,2022-09-29,465465189
2021-12-CENSUS-0000241642,GSA_MIGRATION,2021,2022-09-29,453672468
2021-06-CENSUS-0000255298,GSA_MIGRATION,2021,2022-09-29,231429826
2021-06-CENSUS-0000255298,GSA_MIGRATION,2021,2022-09-29,231433891
2021-12-CENSUS-0000020075,GSA_MIGRATION,2021,2022-09-29,223265214
2021-12-CENSUS-0000020075,GSA_MIGRATION,2021,2022-09-29,222148992
2021-12-CENSUS-0000020075,GSA_MIGRATION,2021,2022-09-29,210721208
2021-06-CENSUS-0000254663,GSA_MIGRATION,2021,2022-09-21,382370192
2021-12-CENSUS-0000254897,GSA_MIGRATION,2021,2022-09-28,710521323
2021-12-CENSUS-0000254897,GSA_MIGRATION,2021,2022-09-28,300650211
2021-12-CENSUS-0000208777,GSA_MIGRATION,2021,2022-06-19,480978676
2021-12-CENSUS-0000208777,GSA_MIGRATION,2021,2022-06-19,481125246
2021-12-CENSUS-0000208777,GSA_MIGRATION,2021,2022-06-19,481125245
2021-09-CENSUS-0000116252,GSA_MIGRATION,2021,2022-06-21,383849354
2021-09-CENSUS-0000116252,GSA_MIGRATION,2021,2022-06-21,936087366
2021-09-CENSUS-0000053832,GSA_MIGRATION,2021,2022-06-29,370661199
2021-09-CENSUS-0000053832,GSA_MIGRATION,2021,2022-06-29,370661230
2021-09-CENSUS-0000053832,GSA_MIGRATION,2021,2022-06-29,370661250
2021-09-CENSUS-0000053832,GSA_MIGRATION,2021,2022-06-29,370723793
2021-09-CENSUS-0000053832,GSA_MIGRATION,2021,2022-06-29,370661220
2021-12-CENSUS-0000250978,GSA_MIGRATION,2021,2022-06-21,311674981
2021-12-CENSUS-0000254646,GSA_MIGRATION,2021,2022-09-21,364322147
2021-12-CENSUS-0000254646,GSA_MIGRATION,2021,2022-09-21,364333745
2021-12-CENSUS-0000254646,GSA_MIGRATION,2021,2022-09-21,364330129
2021-12-CENSUS-0000254754,GSA_MIGRATION,2021,2022-09-25,340742692
2021-12-CENSUS-0000254754,GSA_MIGRATION,2021,2022-09-25,310536677
2021-12-CENSUS-0000254754,GSA_MIGRATION,2021,2022-09-25,311708926
2021-06-CENSUS-0000091959,GSA_MIGRATION,2021,2022-02-24,310889573
2021-09-CENSUS-0000227566,GSA_MIGRATION,2021,2022-03-07,721290447
2021-12-CENSUS-0000248703,GSA_MIGRATION,2021,2022-09-26,571067254
2021-12-CENSUS-0000248703,GSA_MIGRATION,2021,2022-09-26,570360499
2021-12-CENSUS-0000248703,GSA_MIGRATION,2021,2022-09-26,263710229
2021-12-CENSUS-0000248703,GSA_MIGRATION,2021,2022-09-26,571068509
2021-12-CENSUS-0000248703,GSA_MIGRATION,2021,2022-09-26,475407453
2021-12-CENSUS-0000248703,GSA_MIGRATION,2021,2022-09-26,262946628
2021-12-CENSUS-0000248703,GSA_MIGRATION,2021,2022-09-26,581693021
2021-12-CENSUS-0000187756,GSA_MIGRATION,2021,2022-07-27,202069870
2021-12-CENSUS-0000187756,GSA_MIGRATION,2021,2022-07-27,010754068
2021-12-CENSUS-0000245271,GSA_MIGRATION,2021,2022-08-10,320488262
2021-12-CENSUS-0000245271,GSA_MIGRATION,2021,2022-08-10,461652604
2021-12-CENSUS-0000245271,GSA_MIGRATION,2021,2022-08-10,461815422
2021-12-CENSUS-0000245271,GSA_MIGRATION,2021,2022-08-10,472682164
2021-12-CENSUS-0000245271,GSA_MIGRATION,2021,2022-08-10,472700073
2021-12-CENSUS-0000245271,GSA_MIGRATION,2021,2022-08-10,472717517
2021-12-CENSUS-0000245271,GSA_MIGRATION,2021,2022-08-10,831439572
2021-12-CENSUS-0000245271,GSA_MIGRATION,2021,2022-08-10,831454791
2021-10-CENSUS-0000254080,GSA_MIGRATION,2021,2022-07-31,840563230
2021-10-CENSUS-0000254080,GSA_MIGRATION,2021,2022-07-31,030419967
2021-10-CENSUS-0000254080,GSA_MIGRATION,2021,2022-07-31,261167922
2021-06-CENSUS-0000176362,GSA_MIGRATION,2021,2022-08-07,916001127
2021-06-CENSUS-0000176362,GSA_MIGRATION,2021,2022-08-07,916001211
2021-06-CENSUS-0000176362,GSA_MIGRATION,2021,2022-08-07,916001537
2021-07-CENSUS-0000207050,GSA_MIGRATION,2021,2022-04-27,581928247
2021-07-CENSUS-0000207050,GSA_MIGRATION,2021,2022-04-27,263975185
2021-07-CENSUS-0000207050,GSA_MIGRATION,2021,2022-04-27,383647394
2021-07-CENSUS-0000207050,GSA_MIGRATION,2021,2022-04-27,263792403
2021-06-CENSUS-0000251908,GSA_MIGRATION,2021,2022-01-03,620646853
2021-06-CENSUS-0000251908,GSA_MIGRATION,2021,2022-01-03,465770476
2021-06-CENSUS-0000251908,GSA_MIGRATION,2021,2022-01-03,621179842
2021-06-CENSUS-0000205249,GSA_MIGRATION,2021,2022-04-27,300678743
2021-06-CENSUS-0000205249,GSA_MIGRATION,2021,2022-04-27,475450242
2021-06-CENSUS-0000023609,GSA_MIGRATION,2021,2022-01-17,743061397
2021-06-CENSUS-0000023609,GSA_MIGRATION,2021,2022-01-17,043521761
2021-06-CENSUS-0000171418,GSA_MIGRATION,2021,2022-02-24,626000745
2021-12-CENSUS-0000253920,GSA_MIGRATION,2021,2022-07-10,472520805
2021-12-CENSUS-0000190106,GSA_MIGRATION,2021,2022-07-11,382790595
2021-06-CENSUS-0000176035,GSA_MIGRATION,2021,2022-01-23,546001121
2021-06-CENSUS-0000176035,GSA_MIGRATION,2021,2022-01-23,546001120
2021-09-CENSUS-0000205719,GSA_MIGRATION,2021,2022-01-09,841592464
2021-12-CENSUS-0000200479,GSA_MIGRATION,2021,2022-10-23,216000663
2021-09-CENSUS-0000136154,GSA_MIGRATION,2021,2022-10-23,832726764
2021-09-CENSUS-0000136154,GSA_MIGRATION,2021,2022-10-23,205679783
2021-09-CENSUS-0000136154,GSA_MIGRATION,2021,2022-10-23,591114009
2021-09-CENSUS-0000136154,GSA_MIGRATION,2021,2022-10-23,592013869
2021-12-CENSUS-0000254901,GSA_MIGRATION,2021,2022-09-29,412136339
2021-12-CENSUS-0000110753,GSA_MIGRATION,2021,2022-09-26,237329437
2021-12-CENSUS-0000110753,GSA_MIGRATION,2021,2022-09-26,856016041
2021-12-CENSUS-0000199966,GSA_MIGRATION,2021,2022-09-27,111839362
2021-12-CENSUS-0000199966,GSA_MIGRATION,2021,2022-09-27,131740120
2021-12-CENSUS-0000199966,GSA_MIGRATION,2021,2022-09-27,111631796
2021-12-CENSUS-0000199966,GSA_MIGRATION,2021,2022-09-27,113231685
2021-12-CENSUS-0000199966,GSA_MIGRATION,2021,2022-09-27,113303499
2021-12-CENSUS-0000199966,GSA_MIGRATION,2021,2022-09-27,061160280
2021-12-CENSUS-0000199966,GSA_MIGRATION,2021,2022-09-27,112843879
2021-12-CENSUS-0000199966,GSA_MIGRATION,2021,2022-09-27,112843882
2021-12-CENSUS-0000199966,GSA_MIGRATION,2021,2022-09-27,113124294
2021-12-CENSUS-0000199966,GSA_MIGRATION,2021,2022-09-27,113362663
2021-12-CENSUS-0000199966,GSA_MIGRATION,2021,2022-09-27,113423162
2021-12-CENSUS-0000199966,GSA_MIGRATION,2021,2022-09-27,113564621
2021-12-CENSUS-0000199966,GSA_MIGRATION,2021,2022-09-27,131740022
2021-12-CENSUS-0000199966,GSA_MIGRATION,2021,2022-09-27,264076297
2021-12-CENSUS-0000199966,GSA_MIGRATION,2021,2022-09-27,274719998
2021-12-CENSUS-0000199966,GSA_MIGRATION,2021,2022-09-27,432015903
2021-12-CENSUS-0000199966,GSA_MIGRATION,2021,2022-09-27,462333282
2021-12-CENSUS-0000199966,GSA_MIGRATION,2021,2022-09-27,562662502
2021-06-CENSUS-0000176362,GSA_MIGRATION,2021,2022-08-07,916001658
2021-06-CENSUS-0000176362,GSA_MIGRATION,2021,2022-08-07,916012771
2021-06-CENSUS-0000176362,GSA_MIGRATION,2021,2022-08-07,916013419
2021-06-CENSUS-0000176362,GSA_MIGRATION,2021,2022-08-07,916072664
2021-09-CENSUS-0000048300,GSA_MIGRATION,2021,2022-06-29,363738206
2021-09-CENSUS-0000048300,GSA_MIGRATION,2021,2022-06-29,362179813
2021-09-CENSUS-0000048300,GSA_MIGRATION,2021,2022-06-29,364073303
2021-09-CENSUS-0000048300,GSA_MIGRATION,2021,2022-06-29,362340313
2021-09-CENSUS-0000048300,GSA_MIGRATION,2021,2022-06-29,363312906
2021-09-CENSUS-0000253706,GSA_MIGRATION,2021,2022-06-28,320142579
2021-06-CENSUS-0000215610,GSA_MIGRATION,2021,2022-09-12,272564811
2021-06-CENSUS-0000215610,GSA_MIGRATION,2021,2022-09-12,310538523
2021-06-CENSUS-0000215610,GSA_MIGRATION,2021,2022-09-12,311510768
2021-06-CENSUS-0000215610,GSA_MIGRATION,2021,2022-09-12,344429863
2021-06-CENSUS-0000215610,GSA_MIGRATION,2021,2022-09-12,824447763
2021-12-CENSUS-0000252888,GSA_MIGRATION,2021,2022-09-28,952413054
2021-12-CENSUS-0000252888,GSA_MIGRATION,2021,2022-09-28,956006469
2021-12-CENSUS-0000252888,GSA_MIGRATION,2021,2022-09-28,953493611
2021-12-CENSUS-0000252888,GSA_MIGRATION,2021,2022-09-28,510492499
2021-06-CENSUS-0000128565,GSA_MIGRATION,2021,2022-09-20,990073524
2021-06-CENSUS-0000128565,GSA_MIGRATION,2021,2022-09-20,990251372
2021-12-CENSUS-0000195844,GSA_MIGRATION,2021,2022-09-29,453220509
2021-12-CENSUS-0000195844,GSA_MIGRATION,2021,2022-09-29,680108919
2021-12-CENSUS-0000195844,GSA_MIGRATION,2021,2022-09-29,680395149
2021-12-CENSUS-0000195844,GSA_MIGRATION,2021,2022-09-29,770258013
2021-12-CENSUS-0000195844,GSA_MIGRATION,2021,2022-09-29,812240617
2021-12-CENSUS-0000195844,GSA_MIGRATION,2021,2022-09-29,832351753
2021-12-CENSUS-0000195844,GSA_MIGRATION,2021,2022-09-29,845174585
2021-12-CENSUS-0000195844,GSA_MIGRATION,2021,2022-09-29,930429015
2021-12-CENSUS-0000195844,GSA_MIGRATION,2021,2022-09-29,930622075
2021-12-CENSUS-0000195844,GSA_MIGRATION,2021,2022-09-29,940535360
2021-12-CENSUS-0000195844,GSA_MIGRATION,2021,2022-09-29,941044474
2021-12-CENSUS-0000195844,GSA_MIGRATION,2021,2022-09-29,941101228
2021-12-CENSUS-0000195844,GSA_MIGRATION,2021,2022-09-29,941279779
2021-12-CENSUS-0000195844,GSA_MIGRATION,2021,2022-09-29,941387866
2021-12-CENSUS-0000195844,GSA_MIGRATION,2021,2022-09-29,941415069
2021-12-CENSUS-0000195844,GSA_MIGRATION,2021,2022-09-29,941639901
2021-12-CENSUS-0000195844,GSA_MIGRATION,2021,2022-09-29,951816017
2021-12-CENSUS-0000195844,GSA_MIGRATION,2021,2022-09-29,952282647
2021-12-CENSUS-0000195844,GSA_MIGRATION,2021,2022-09-29,952294234
2021-12-CENSUS-0000195844,GSA_MIGRATION,2021,2022-09-29,953899682
2021-12-CENSUS-0000195844,GSA_MIGRATION,2021,2022-09-29,956064971
2021-12-CENSUS-0000195844,GSA_MIGRATION,2021,2022-09-29,990107330
2021-09-CENSUS-0000247948,GSA_MIGRATION,2021,2022-06-27,043400617
2021-09-CENSUS-0000247948,GSA_MIGRATION,2021,2022-06-27,042767880
2021-09-CENSUS-0000247948,GSA_MIGRATION,2021,2022-06-27,042103590
2021-06-CENSUS-0000136829,GSA_MIGRATION,2021,2022-06-05,586002042
2021-06-CENSUS-0000136829,GSA_MIGRATION,2021,2022-06-05,586002050
2021-06-CENSUS-0000136829,GSA_MIGRATION,2021,2022-06-05,586002051
2021-06-CENSUS-0000136829,GSA_MIGRATION,2021,2022-06-05,586002053
2021-06-CENSUS-0000136829,GSA_MIGRATION,2021,2022-06-05,586002055
2021-06-CENSUS-0000136829,GSA_MIGRATION,2021,2022-06-05,586002057
2021-06-CENSUS-0000136829,GSA_MIGRATION,2021,2022-06-05,586002058
2021-06-CENSUS-0000136829,GSA_MIGRATION,2021,2022-06-05,586002059
2021-06-CENSUS-0000136829,GSA_MIGRATION,2021,2022-06-05,586002060
2021-06-CENSUS-0000136829,GSA_MIGRATION,2021,2022-06-05,586002062
2021-06-CENSUS-0000136829,GSA_MIGRATION,2021,2022-06-05,586002064
2021-06-CENSUS-0000136829,GSA_MIGRATION,2021,2022-06-05,586002069
2021-06-CENSUS-0000136829,GSA_MIGRATION,2021,2022-06-05,586002070
2021-06-CENSUS-0000136829,GSA_MIGRATION,2021,2022-06-05,586002072
2021-06-CENSUS-0000136829,GSA_MIGRATION,2021,2022-06-05,586002348
2021-06-CENSUS-0000136829,GSA_MIGRATION,2021,2022-06-05,586003349
2021-06-CENSUS-0000136829,GSA_MIGRATION,2021,2022-06-05,586011057
2021-06-CENSUS-0000136829,GSA_MIGRATION,2021,2022-06-05,586011208
2021-12-CENSUS-0000226066,GSA_MIGRATION,2021,2022-05-18,470690207
2021-12-CENSUS-0000226066,GSA_MIGRATION,2021,2022-05-18,420681048
2021-12-CENSUS-0000226066,GSA_MIGRATION,2021,2022-05-18,470457872
2021-06-CENSUS-0000255212,GSA_MIGRATION,2021,2022-09-28,410888641
2021-06-CENSUS-0000255212,GSA_MIGRATION,2021,2022-09-28,273308934
2021-06-CENSUS-0000255212,GSA_MIGRATION,2021,2022-09-28,463330004
2021-06-CENSUS-0000255212,GSA_MIGRATION,2021,2022-09-28,471966105
2021-08-CENSUS-0000253304,GSA_MIGRATION,2021,2022-05-25,752728889
2021-08-CENSUS-0000253304,GSA_MIGRATION,2021,2022-05-25,751598794
2021-08-CENSUS-0000253304,GSA_MIGRATION,2021,2022-05-25,811804826
2021-08-CENSUS-0000253304,GSA_MIGRATION,2021,2022-05-25,752660403
2021-08-CENSUS-0000253304,GSA_MIGRATION,2021,2022-05-25,813892121
2021-08-CENSUS-0000253304,GSA_MIGRATION,2021,2022-05-25,751835287
2021-08-CENSUS-0000253304,GSA_MIGRATION,2021,2022-05-25,834206582
2021-12-CENSUS-0000254392,GSA_MIGRATION,2021,2022-09-07,381366927
2021-06-CENSUS-0000171467,GSA_MIGRATION,2021,2022-08-02,626000264
2021-06-CENSUS-0000171467,GSA_MIGRATION,2021,2022-08-02,620754552
2021-09-CENSUS-0000136090,GSA_MIGRATION,2021,2022-03-06,592237754
2021-09-CENSUS-0000136090,GSA_MIGRATION,2021,2022-03-06,596000601
2021-12-CENSUS-0000183631,GSA_MIGRATION,2021,2022-06-26,870109001
2021-12-CENSUS-0000134769,GSA_MIGRATION,2021,2022-09-29,841121015
2021-09-CENSUS-0000253963,GSA_MIGRATION,2021,2022-07-14,271627637
2021-09-CENSUS-0000253963,GSA_MIGRATION,2021,2022-07-14,752326128
2021-06-CENSUS-0000253579,GSA_MIGRATION,2021,2022-06-20,462582783
2021-09-CENSUS-0000243303,GSA_MIGRATION,2021,2022-06-15,473080613
2021-09-CENSUS-0000243303,GSA_MIGRATION,2021,2022-06-15,834237605
2021-09-CENSUS-0000243303,GSA_MIGRATION,2021,2022-06-15,205084665
2021-09-CENSUS-0000243303,GSA_MIGRATION,2021,2022-06-15,841936693
2021-09-CENSUS-0000243303,GSA_MIGRATION,2021,2022-06-15,465634252
2021-09-CENSUS-0000243303,GSA_MIGRATION,2021,2022-06-15,460676654
2021-09-CENSUS-0000243303,GSA_MIGRATION,2021,2022-06-15,453694469
2021-09-CENSUS-0000243303,GSA_MIGRATION,2021,2022-06-15,581436087
2021-09-CENSUS-0000243303,GSA_MIGRATION,2021,2022-06-15,205106086
2021-09-CENSUS-0000243303,GSA_MIGRATION,2021,2022-06-15,204553410
2021-09-CENSUS-0000243303,GSA_MIGRATION,2021,2022-06-15,825415284
2021-09-CENSUS-0000243303,GSA_MIGRATION,2021,2022-06-15,331105310
2021-09-CENSUS-0000243303,GSA_MIGRATION,2021,2022-06-15,823273795
2021-09-CENSUS-0000243303,GSA_MIGRATION,2021,2022-06-15,465754759
2021-09-CENSUS-0000243303,GSA_MIGRATION,2021,2022-06-15,463806922
2021-09-CENSUS-0000243303,GSA_MIGRATION,2021,2022-06-15,474793694
2021-09-CENSUS-0000243303,GSA_MIGRATION,2021,2022-06-15,451259435
2021-09-CENSUS-0000243303,GSA_MIGRATION,2021,2022-06-15,451259671
2021-09-CENSUS-0000243303,GSA_MIGRATION,2021,2022-06-15,463858353
2021-09-CENSUS-0000243303,GSA_MIGRATION,2021,2022-06-15,460667707
2021-09-CENSUS-0000243303,GSA_MIGRATION,2021,2022-06-15,811319493
2021-09-CENSUS-0000243303,GSA_MIGRATION,2021,2022-06-15,825334312
2021-09-CENSUS-0000243303,GSA_MIGRATION,2021,2022-06-15,461977635
2021-09-CENSUS-0000243303,GSA_MIGRATION,2021,2022-06-15,582002413
2021-09-CENSUS-0000243303,GSA_MIGRATION,2021,2022-06-15,472619158
2021-09-CENSUS-0000243303,GSA_MIGRATION,2021,2022-06-15,471088986
2021-09-CENSUS-0000243303,GSA_MIGRATION,2021,2022-06-15,455067682
2021-09-CENSUS-0000243303,GSA_MIGRATION,2021,2022-06-15,471625673
2021-09-CENSUS-0000243303,GSA_MIGRATION,2021,2022-06-15,473958809
2021-09-CENSUS-0000243303,GSA_MIGRATION,2021,2022-06-15,834390271
2021-09-CENSUS-0000243303,GSA_MIGRATION,2021,2022-06-15,813281163
2021-09-CENSUS-0000243303,GSA_MIGRATION,2021,2022-06-15,852031927
2021-09-CENSUS-0000243303,GSA_MIGRATION,2021,2022-06-15,850900005
2021-06-CENSUS-0000130209,GSA_MIGRATION,2021,2022-06-14,866000281
2021-06-CENSUS-0000161544,GSA_MIGRATION,2021,2022-02-23,566000517
2021-12-CENSUS-0000253553,GSA_MIGRATION,2021,2022-06-20,990256226
2021-12-CENSUS-0000253553,GSA_MIGRATION,2021,2022-06-20,352272376
2021-06-CENSUS-0000235539,GSA_MIGRATION,2021,2022-06-08,823211410
2021-12-CENSUS-0000045862,GSA_MIGRATION,2021,2022-06-16,351804480
2021-06-CENSUS-0000136829,GSA_MIGRATION,2021,2022-06-05,586015211
2021-06-CENSUS-0000136829,GSA_MIGRATION,2021,2022-06-05,586333106
2021-06-CENSUS-0000136829,GSA_MIGRATION,2021,2022-06-05,900676388
2021-06-CENSUS-0000136829,GSA_MIGRATION,2021,2022-06-05,943473160
2021-09-CENSUS-0000254074,GSA_MIGRATION,2021,2022-07-31,263091251
2021-06-CENSUS-0000253595,GSA_MIGRATION,2021,2022-06-22,200545311
2021-06-CENSUS-0000253595,GSA_MIGRATION,2021,2022-06-22,472063332
2021-06-CENSUS-0000253595,GSA_MIGRATION,2021,2022-06-22,472318053
2021-12-CENSUS-0000253654,GSA_MIGRATION,2021,2022-06-26,464113285
2021-12-CENSUS-0000253654,GSA_MIGRATION,2021,2022-06-26,834458194
2021-12-CENSUS-0000252708,GSA_MIGRATION,2021,2022-03-28,611333301
2021-12-CENSUS-0000246449,GSA_MIGRATION,2021,2022-09-29,954582647
2021-06-CENSUS-0000109600,GSA_MIGRATION,2021,2022-09-29,840625890
2021-06-CENSUS-0000255055,GSA_MIGRATION,2021,2022-09-27,421241044
2021-12-CENSUS-0000248990,GSA_MIGRATION,2021,2022-09-29,146049030
2021-12-CENSUS-0000248990,GSA_MIGRATION,2021,2022-09-29,141364536
2021-12-CENSUS-0000248990,GSA_MIGRATION,2021,2022-09-29,824251331
2021-12-CENSUS-0000248990,GSA_MIGRATION,2021,2022-09-29,371743537
2021-12-CENSUS-0000252612,GSA_MIGRATION,2021,2022-09-21,941458282
2021-12-CENSUS-0000252612,GSA_MIGRATION,2021,2022-09-21,203502901
2021-12-CENSUS-0000252612,GSA_MIGRATION,2021,2022-09-21,931013774
2021-06-CENSUS-0000121194,GSA_MIGRATION,2021,2022-09-28,942905995
2021-06-CENSUS-0000121194,GSA_MIGRATION,2021,2022-09-28,943236429
2021-06-CENSUS-0000255226,GSA_MIGRATION,2021,2022-09-29,263021328
2021-06-CENSUS-0000175887,GSA_MIGRATION,2021,2022-03-10,030390318
2021-06-CENSUS-0000175887,GSA_MIGRATION,2021,2022-03-10,141931584
2021-06-CENSUS-0000175887,GSA_MIGRATION,2021,2022-03-10,208947506
2021-06-CENSUS-0000175887,GSA_MIGRATION,2021,2022-03-10,270051429
2021-06-CENSUS-0000175887,GSA_MIGRATION,2021,2022-03-10,270685229
2021-06-CENSUS-0000175887,GSA_MIGRATION,2021,2022-03-10,300687935
2021-06-CENSUS-0000175887,GSA_MIGRATION,2021,2022-03-10,311479374
2021-06-CENSUS-0000175887,GSA_MIGRATION,2021,2022-03-10,421668853
2021-06-CENSUS-0000175887,GSA_MIGRATION,2021,2022-03-10,464296937
2021-06-CENSUS-0000175887,GSA_MIGRATION,2021,2022-03-10,540701501
2021-06-CENSUS-0000175887,GSA_MIGRATION,2021,2022-03-10,540756941
2021-06-CENSUS-0000175887,GSA_MIGRATION,2021,2022-03-10,540759063
2021-06-CENSUS-0000175887,GSA_MIGRATION,2021,2022-03-10,540805908
2021-06-CENSUS-0000175887,GSA_MIGRATION,2021,2022-03-10,540836354
2021-09-CENSUS-0000111829,GSA_MIGRATION,2021,2022-05-17,742420528
2021-09-CENSUS-0000111829,GSA_MIGRATION,2021,2022-05-17,860897449
2021-09-CENSUS-0000111829,GSA_MIGRATION,2021,2022-05-17,942902649
2021-09-CENSUS-0000111829,GSA_MIGRATION,2021,2022-05-17,860667653
2021-09-CENSUS-0000111829,GSA_MIGRATION,2021,2022-05-17,742537585
2021-09-CENSUS-0000253583,GSA_MIGRATION,2021,2022-06-22,016225532
2021-09-CENSUS-0000253583,GSA_MIGRATION,2021,2022-06-22,486341644
2021-09-CENSUS-0000253583,GSA_MIGRATION,2021,2022-06-22,480782848
2021-09-CENSUS-0000253583,GSA_MIGRATION,2021,2022-06-22,486351299
2021-09-CENSUS-0000212961,GSA_MIGRATION,2021,2022-04-27,825132976
2021-06-CENSUS-0000176060,GSA_MIGRATION,2021,2022-01-23,546001278
2021-06-CENSUS-0000176060,GSA_MIGRATION,2021,2022-01-23,546001281
2021-06-CENSUS-0000176060,GSA_MIGRATION,2021,2022-01-23,432061820
2021-12-CENSUS-0000087089,GSA_MIGRATION,2021,2022-03-27,853760141
2021-06-CENSUS-0000176094,GSA_MIGRATION,2021,2022-01-11,546001473
2021-06-CENSUS-0000176094,GSA_MIGRATION,2021,2022-01-11,546001475
2021-06-CENSUS-0000176046,GSA_MIGRATION,2021,2022-01-11,546001190
2021-06-CENSUS-0000176046,GSA_MIGRATION,2021,2022-01-11,546001189
2021-06-CENSUS-0000176046,GSA_MIGRATION,2021,2022-01-11,546001187
2021-06-CENSUS-0000176083,GSA_MIGRATION,2021,2022-01-05,546001399
2021-06-CENSUS-0000176041,GSA_MIGRATION,2021,2022-06-22,546001152
2021-06-CENSUS-0000176041,GSA_MIGRATION,2021,2022-06-22,546001155
2021-06-CENSUS-0000176040,GSA_MIGRATION,2021,2022-02-01,541366625
2021-06-CENSUS-0000176040,GSA_MIGRATION,2021,2022-02-01,546001148
2021-06-CENSUS-0000176040,GSA_MIGRATION,2021,2022-02-01,546001150
2021-06-CENSUS-0000242217,GSA_MIGRATION,2021,2022-01-03,237161463
2021-06-CENSUS-0000242217,GSA_MIGRATION,2021,2022-01-03,043718347
2021-06-CENSUS-0000219340,GSA_MIGRATION,2021,2022-04-19,261175213
2021-06-CENSUS-0000219340,GSA_MIGRATION,2021,2022-04-19,460909870
2021-06-CENSUS-0000219340,GSA_MIGRATION,2021,2022-04-19,410695602
2021-06-CENSUS-0000219340,GSA_MIGRATION,2021,2022-04-19,410695604
2021-06-CENSUS-0000219340,GSA_MIGRATION,2021,2022-04-19,411620386
2021-06-CENSUS-0000219340,GSA_MIGRATION,2021,2022-04-19,411878730
2021-06-CENSUS-0000219340,GSA_MIGRATION,2021,2022-04-19,411811073
2021-06-CENSUS-0000219340,GSA_MIGRATION,2021,2022-04-19,410844574
2021-06-CENSUS-0000219340,GSA_MIGRATION,2021,2022-04-19,410706143
2021-06-CENSUS-0000219340,GSA_MIGRATION,2021,2022-04-19,200479568
2021-06-CENSUS-0000219340,GSA_MIGRATION,2021,2022-04-19,262861321
2021-06-CENSUS-0000219340,GSA_MIGRATION,2021,2022-04-19,271291124
2021-06-CENSUS-0000219340,GSA_MIGRATION,2021,2022-04-19,371532148
2021-06-CENSUS-0000219340,GSA_MIGRATION,2021,2022-04-19,410691275
2021-06-CENSUS-0000219340,GSA_MIGRATION,2021,2022-04-19,410726173
2021-06-CENSUS-0000219340,GSA_MIGRATION,2021,2022-04-19,410841441
2021-06-CENSUS-0000219340,GSA_MIGRATION,2021,2022-04-19,410859808
2021-06-CENSUS-0000219340,GSA_MIGRATION,2021,2022-04-19,410883623
2021-06-CENSUS-0000219340,GSA_MIGRATION,2021,2022-04-19,411674021
2021-06-CENSUS-0000219340,GSA_MIGRATION,2021,2022-04-19,411805811
2021-06-CENSUS-0000219340,GSA_MIGRATION,2021,2022-04-19,411836633
2021-06-CENSUS-0000219340,GSA_MIGRATION,2021,2022-04-19,411884597
2021-06-CENSUS-0000219340,GSA_MIGRATION,2021,2022-04-19,845099016
2021-06-CENSUS-0000247757,GSA_MIGRATION,2021,2022-01-26,273594497
2021-06-CENSUS-0000025413,GSA_MIGRATION,2021,2022-09-25,822086906
2021-06-CENSUS-0000025413,GSA_MIGRATION,2021,2022-09-25,822108660
2021-06-CENSUS-0000025413,GSA_MIGRATION,2021,2022-09-25,822116582
2021-06-CENSUS-0000025413,GSA_MIGRATION,2021,2022-09-25,822062413
2021-06-CENSUS-0000025413,GSA_MIGRATION,2021,2022-09-25,822132538
2021-06-CENSUS-0000025413,GSA_MIGRATION,2021,2022-09-25,843224793
2021-06-CENSUS-0000025413,GSA_MIGRATION,2021,2022-09-25,231466250
2021-06-CENSUS-0000025413,GSA_MIGRATION,2021,2022-09-25,611903284
2021-06-CENSUS-0000025413,GSA_MIGRATION,2021,2022-09-25,455349097
2021-12-CENSUS-0000251250,GSA_MIGRATION,2021,2022-09-29,521594300
2021-12-CENSUS-0000251250,GSA_MIGRATION,2021,2022-09-29,222575377
2021-12-CENSUS-0000251250,GSA_MIGRATION,2021,2022-09-29,823704077
2021-12-CENSUS-0000251250,GSA_MIGRATION,2021,2022-09-29,223402359
2021-12-CENSUS-0000251250,GSA_MIGRATION,2021,2022-09-29,223520730
2021-12-CENSUS-0000251250,GSA_MIGRATION,2021,2022-09-29,221750190
2021-12-CENSUS-0000237149,GSA_MIGRATION,2021,2022-10-12,770166414
2021-12-CENSUS-0000237149,GSA_MIGRATION,2021,2022-10-12,770166413
2021-12-CENSUS-0000237149,GSA_MIGRATION,2021,2022-10-12,800427598
2021-06-CENSUS-0000048063,GSA_MIGRATION,2021,2022-09-23,300739799
2021-06-CENSUS-0000048063,GSA_MIGRATION,2021,2022-09-23,363642952
2021-06-CENSUS-0000048063,GSA_MIGRATION,2021,2022-09-23,363775696
2021-06-CENSUS-0000048063,GSA_MIGRATION,2021,2022-09-23,364053244
2021-06-CENSUS-0000205726,GSA_MIGRATION,2021,2022-09-29,440552485
2021-06-CENSUS-0000205726,GSA_MIGRATION,2021,2022-09-29,440607149
2021-06-CENSUS-0000205726,GSA_MIGRATION,2021,2022-09-29,431936699
2021-06-CENSUS-0000205726,GSA_MIGRATION,2021,2022-09-29,431936696
2021-06-CENSUS-0000205726,GSA_MIGRATION,2021,2022-09-29,710759299
2021-06-CENSUS-0000205726,GSA_MIGRATION,2021,2022-09-29,272716065
2021-06-CENSUS-0000205726,GSA_MIGRATION,2021,2022-09-29,274433830
2021-06-CENSUS-0000205726,GSA_MIGRATION,2021,2022-09-29,452998842
2021-06-CENSUS-0000205726,GSA_MIGRATION,2021,2022-09-29,455199762
2021-06-CENSUS-0000205726,GSA_MIGRATION,2021,2022-09-29,463433074
2021-06-CENSUS-0000205726,GSA_MIGRATION,2021,2022-09-29,710240352
2021-06-CENSUS-0000205726,GSA_MIGRATION,2021,2022-09-29,710557895
2021-06-CENSUS-0000205726,GSA_MIGRATION,2021,2022-09-29,710655753
2021-06-CENSUS-0000205726,GSA_MIGRATION,2021,2022-09-29,710689680
2021-06-CENSUS-0000205726,GSA_MIGRATION,2021,2022-09-29,463851119
2021-06-CENSUS-0000205726,GSA_MIGRATION,2021,2022-09-29,453808607
2021-06-CENSUS-0000205726,GSA_MIGRATION,2021,2022-09-29,480956045
2021-06-CENSUS-0000205726,GSA_MIGRATION,2021,2022-09-29,430653493
2021-06-CENSUS-0000205726,GSA_MIGRATION,2021,2022-09-29,430687077
2021-06-CENSUS-0000205726,GSA_MIGRATION,2021,2022-09-29,200198462
2021-06-CENSUS-0000205726,GSA_MIGRATION,2021,2022-09-29,742912461
2021-06-CENSUS-0000205726,GSA_MIGRATION,2021,2022-09-29,710294390
2021-06-CENSUS-0000205726,GSA_MIGRATION,2021,2022-09-29,721069468
2021-06-CENSUS-0000205726,GSA_MIGRATION,2021,2022-09-29,134239691
2021-06-CENSUS-0000205726,GSA_MIGRATION,2021,2022-09-29,472219204
2021-06-CENSUS-0000205726,GSA_MIGRATION,2021,2022-09-29,263173902
2021-06-CENSUS-0000205726,GSA_MIGRATION,2021,2022-09-29,870796305
2021-06-CENSUS-0000205726,GSA_MIGRATION,2021,2022-09-29,431767432
2021-06-CENSUS-0000254700,GSA_MIGRATION,2021,2022-09-22,521684334
2021-06-CENSUS-0000254700,GSA_MIGRATION,2021,2022-09-22,521803773
2021-06-CENSUS-0000255160,GSA_MIGRATION,2021,2022-09-28,020483054
2021-06-CENSUS-0000255160,GSA_MIGRATION,2021,2022-09-28,020456218
2021-06-CENSUS-0000255160,GSA_MIGRATION,2021,2022-09-28,020383487
2021-06-CENSUS-0000255160,GSA_MIGRATION,2021,2022-09-28,020232673
2021-06-CENSUS-0000255160,GSA_MIGRATION,2021,2022-09-28,020509589
2021-06-CENSUS-0000255160,GSA_MIGRATION,2021,2022-09-28,331003630
2021-06-CENSUS-0000255160,GSA_MIGRATION,2021,2022-09-28,020222241
2021-06-CENSUS-0000255339,GSA_MIGRATION,2021,2022-09-29,592911669
2021-06-CENSUS-0000255339,GSA_MIGRATION,2021,2022-09-29,263284880
2021-06-CENSUS-0000255339,GSA_MIGRATION,2021,2022-09-29,832344836
2021-12-CENSUS-0000255030,GSA_MIGRATION,2021,2022-09-27,232018005
2021-12-CENSUS-0000255030,GSA_MIGRATION,2021,2022-09-27,522133513
2021-12-CENSUS-0000255030,GSA_MIGRATION,2021,2022-09-27,232941518
2021-12-CENSUS-0000255030,GSA_MIGRATION,2021,2022-09-27,231173321
2021-12-CENSUS-0000255030,GSA_MIGRATION,2021,2022-09-27,231352512
2021-12-CENSUS-0000255030,GSA_MIGRATION,2021,2022-09-27,943446933
2021-06-CENSUS-0000154226,GSA_MIGRATION,2021,2022-06-20,816010045
2021-06-CENSUS-0000154226,GSA_MIGRATION,2021,2022-06-20,816001642
2021-06-CENSUS-0000154226,GSA_MIGRATION,2021,2022-06-20,816001663
2021-06-CENSUS-0000154226,GSA_MIGRATION,2021,2022-06-20,810522790
2021-06-CENSUS-0000154226,GSA_MIGRATION,2021,2022-06-20,816001713
2021-06-CENSUS-0000154226,GSA_MIGRATION,2021,2022-06-20,816001654
2021-06-CENSUS-0000154226,GSA_MIGRATION,2021,2022-06-20,816001660
2021-06-CENSUS-0000255409,GSA_MIGRATION,2021,2022-09-29,822784377
2021-12-CENSUS-0000114252,GSA_MIGRATION,2021,2022-12-05,811480604
2021-12-CENSUS-0000114252,GSA_MIGRATION,2021,2022-12-05,911681667
2021-12-CENSUS-0000114252,GSA_MIGRATION,2021,2022-12-05,913124654
2021-06-CENSUS-0000252452,GSA_MIGRATION,2021,2022-03-06,020366565
2021-06-CENSUS-0000252452,GSA_MIGRATION,2021,2022-03-06,043372339
2021-06-CENSUS-0000252452,GSA_MIGRATION,2021,2022-03-06,263888977
2021-06-CENSUS-0000135806,GSA_MIGRATION,2021,2022-05-10,066001635
2021-06-CENSUS-0000015219,GSA_MIGRATION,2021,2022-03-30,133517886
2021-06-CENSUS-0000176091,GSA_MIGRATION,2021,2022-01-11,546001444
2021-06-CENSUS-0000176091,GSA_MIGRATION,2021,2022-01-11,546001447
2021-12-CENSUS-0000221408,GSA_MIGRATION,2021,2022-08-30,200445492
2021-06-CENSUS-0000233215,GSA_MIGRATION,2021,2022-09-29,250967480
2021-06-CENSUS-0000233215,GSA_MIGRATION,2021,2022-09-29,251801532
2021-06-CENSUS-0000233215,GSA_MIGRATION,2021,2022-09-29,251775949
2021-06-CENSUS-0000233215,GSA_MIGRATION,2021,2022-09-29,251776052
2021-06-CENSUS-0000233215,GSA_MIGRATION,2021,2022-09-29,205830183
2021-06-CENSUS-0000233215,GSA_MIGRATION,2021,2022-09-29,205689859
2021-06-CENSUS-0000233215,GSA_MIGRATION,2021,2022-09-29,300008536
2021-06-CENSUS-0000011852,GSA_MIGRATION,2021,2022-09-21,362167095
2021-06-CENSUS-0000011852,GSA_MIGRATION,2021,2022-09-21,133838740
2021-06-CENSUS-0000011852,GSA_MIGRATION,2021,2022-09-21,200363127
2021-12-CENSUS-0000255396,GSA_MIGRATION,2021,2022-09-29,431279063
2021-12-CENSUS-0000255396,GSA_MIGRATION,2021,2022-09-29,460552280
2021-12-CENSUS-0000255396,GSA_MIGRATION,2021,2022-09-29,320275207
2021-12-CENSUS-0000188486,GSA_MIGRATION,2021,2022-09-25,271705610
2021-12-CENSUS-0000188486,GSA_MIGRATION,2021,2022-09-25,211705781
2021-06-CENSUS-0000171400,GSA_MIGRATION,2021,2022-03-14,626000674
2021-06-CENSUS-0000171400,GSA_MIGRATION,2021,2022-03-14,626000675
2021-09-CENSUS-0000003134,GSA_MIGRATION,2021,2022-02-14,208064203
2021-09-CENSUS-0000003134,GSA_MIGRATION,2021,2022-02-14,223316082
2022-03-CENSUS-0000255873,NU2BSY7YSFS9,2022,2022-11-07,611362001
2022-03-CENSUS-0000255873,NU2BSY7YSFS9,2022,2022-11-07,610920842
2022-03-CENSUS-0000255873,NU2BSY7YSFS9,2022,2022-11-07,811312058
2022-03-CENSUS-0000255873,NU2BSY7YSFS9,2022,2022-11-07,542142034
2021-09-CENSUS-0000252373,GSA_MIGRATION,2021,2022-02-27,592452576
2021-09-CENSUS-0000252373,GSA_MIGRATION,2021,2022-02-27,263187119
2021-06-CENSUS-0000171359,GSA_MIGRATION,2021,2022-03-24,270615592
2021-06-CENSUS-0000171359,GSA_MIGRATION,2021,2022-03-24,371559128
2021-06-CENSUS-0000171359,GSA_MIGRATION,2021,2022-03-24,520800930
2021-06-CENSUS-0000171359,GSA_MIGRATION,2021,2022-03-24,562654369
2021-06-CENSUS-0000171359,GSA_MIGRATION,2021,2022-03-24,620646576
2021-06-CENSUS-0000171359,GSA_MIGRATION,2021,2022-03-24,620646806
2021-06-CENSUS-0000171359,GSA_MIGRATION,2021,2022-03-24,620648618
2021-06-CENSUS-0000171359,GSA_MIGRATION,2021,2022-03-24,620725362
2021-06-CENSUS-0000171359,GSA_MIGRATION,2021,2022-03-24,620753450
2021-06-CENSUS-0000171359,GSA_MIGRATION,2021,2022-03-24,620762815
2021-06-CENSUS-0000171359,GSA_MIGRATION,2021,2022-03-24,620762876
2021-06-CENSUS-0000171359,GSA_MIGRATION,2021,2022-03-24,620786119
2021-06-CENSUS-0000171359,GSA_MIGRATION,2021,2022-03-24,620800916
2021-06-CENSUS-0000171359,GSA_MIGRATION,2021,2022-03-24,620807429
2021-06-CENSUS-0000171359,GSA_MIGRATION,2021,2022-03-24,620808901
2021-06-CENSUS-0000171359,GSA_MIGRATION,2021,2022-03-24,620818836
2021-06-CENSUS-0000171359,GSA_MIGRATION,2021,2022-03-24,620819102
2021-06-CENSUS-0000171359,GSA_MIGRATION,2021,2022-03-24,620877872
2021-06-CENSUS-0000171359,GSA_MIGRATION,2021,2022-03-24,620938734
2021-06-CENSUS-0000171359,GSA_MIGRATION,2021,2022-03-24,621033870
2021-06-CENSUS-0000171359,GSA_MIGRATION,2021,2022-03-24,621113186
2021-06-CENSUS-0000171359,GSA_MIGRATION,2021,2022-03-24,621172289
2021-06-CENSUS-0000171359,GSA_MIGRATION,2021,2022-03-24,621173748
2021-06-CENSUS-0000171359,GSA_MIGRATION,2021,2022-03-24,621173750
2021-06-CENSUS-0000171359,GSA_MIGRATION,2021,2022-03-24,621173859
2021-06-CENSUS-0000171359,GSA_MIGRATION,2021,2022-03-24,621173860
2021-06-CENSUS-0000171359,GSA_MIGRATION,2021,2022-03-24,621175264
2021-06-CENSUS-0000171359,GSA_MIGRATION,2021,2022-03-24,621175265
2021-06-CENSUS-0000171359,GSA_MIGRATION,2021,2022-03-24,621175267
2021-06-CENSUS-0000171359,GSA_MIGRATION,2021,2022-03-24,621179444
2021-06-CENSUS-0000171359,GSA_MIGRATION,2021,2022-03-24,621179445
2021-06-CENSUS-0000171359,GSA_MIGRATION,2021,2022-03-24,621179447
2021-06-CENSUS-0000171359,GSA_MIGRATION,2021,2022-03-24,621179459
2021-06-CENSUS-0000171359,GSA_MIGRATION,2021,2022-03-24,621183243
2021-06-CENSUS-0000171359,GSA_MIGRATION,2021,2022-03-24,621186170
2021-06-CENSUS-0000176084,GSA_MIGRATION,2021,2022-01-09,546001400
2021-06-CENSUS-0000176084,GSA_MIGRATION,2021,2022-01-09,546001403
2021-03-CENSUS-0000034557,GSA_MIGRATION,2021,2022-06-16,930386823
2021-03-CENSUS-0000034557,GSA_MIGRATION,2021,2022-06-16,930591528
2021-03-CENSUS-0000034557,GSA_MIGRATION,2021,2022-06-16,930618975
2021-03-CENSUS-0000034557,GSA_MIGRATION,2021,2022-06-16,930848530
2021-03-CENSUS-0000034557,GSA_MIGRATION,2021,2022-06-16,931272735
2021-03-CENSUS-0000034557,GSA_MIGRATION,2021,2022-06-16,931314469
2021-03-CENSUS-0000034557,GSA_MIGRATION,2021,2022-06-16,237017276
2021-03-CENSUS-0000034557,GSA_MIGRATION,2021,2022-06-16,930386793
2021-03-CENSUS-0000034557,GSA_MIGRATION,2021,2022-06-16,936095677
2021-06-CENSUS-0000135705,GSA_MIGRATION,2021,2022-01-17,066001658
2021-12-CENSUS-0000254225,GSA_MIGRATION,2021,2022-08-15,453125678
2021-12-CENSUS-0000254225,GSA_MIGRATION,2021,2022-08-15,465297054
2021-12-CENSUS-0000187790,GSA_MIGRATION,2021,2022-07-26,200779759
2021-06-CENSUS-0000171425,GSA_MIGRATION,2021,2022-01-19,626000078
2021-06-CENSUS-0000192442,GSA_MIGRATION,2021,2022-09-28,546001460
2021-12-CENSUS-0000246441,GSA_MIGRATION,2021,2022-08-15,593803314
2021-12-CENSUS-0000246441,GSA_MIGRATION,2021,2022-08-15,942995223
2021-12-CENSUS-0000246441,GSA_MIGRATION,2021,2022-08-15,943144296
2021-12-CENSUS-0000246441,GSA_MIGRATION,2021,2022-08-15,943148163
2021-12-CENSUS-0000246441,GSA_MIGRATION,2021,2022-08-15,943166350
2021-12-CENSUS-0000253010,GSA_MIGRATION,2021,2022-04-19,521289626
2021-12-CENSUS-0000240167,GSA_MIGRATION,2021,2022-09-13,382156872
2021-12-CENSUS-0000240167,GSA_MIGRATION,2021,2022-09-13,381368745
2021-12-CENSUS-0000240167,GSA_MIGRATION,2021,2022-09-13,382770076
2021-12-CENSUS-0000240167,GSA_MIGRATION,2021,2022-09-13,382715520
2021-12-CENSUS-0000240167,GSA_MIGRATION,2021,2022-09-13,381360529
2021-12-CENSUS-0000240167,GSA_MIGRATION,2021,2022-09-13,381359266
2021-12-CENSUS-0000240167,GSA_MIGRATION,2021,2022-09-13,382609624
2021-12-CENSUS-0000240167,GSA_MIGRATION,2021,2022-09-13,381358164
2021-12-CENSUS-0000240167,GSA_MIGRATION,2021,2022-09-13,381359517
2021-12-CENSUS-0000240167,GSA_MIGRATION,2021,2022-09-13,270381199
2021-12-CENSUS-0000240167,GSA_MIGRATION,2021,2022-09-13,381297435
2021-12-CENSUS-0000240167,GSA_MIGRATION,2021,2022-09-13,381358412
2021-12-CENSUS-0000240167,GSA_MIGRATION,2021,2022-09-13,381359195
2021-12-CENSUS-0000240167,GSA_MIGRATION,2021,2022-09-13,381360562
2021-12-CENSUS-0000240167,GSA_MIGRATION,2021,2022-09-13,381368744
2021-12-CENSUS-0000240167,GSA_MIGRATION,2021,2022-09-13,381411184
2021-12-CENSUS-0000240167,GSA_MIGRATION,2021,2022-09-13,382415333
2021-12-CENSUS-0000240167,GSA_MIGRATION,2021,2022-09-13,382416086
2021-12-CENSUS-0000240167,GSA_MIGRATION,2021,2022-09-13,382748035
2021-12-CENSUS-0000240167,GSA_MIGRATION,2021,2022-09-13,382752328
2021-12-CENSUS-0000240167,GSA_MIGRATION,2021,2022-09-13,383242232
2021-12-CENSUS-0000240167,GSA_MIGRATION,2021,2022-09-13,391297435
2021-12-CENSUS-0000240167,GSA_MIGRATION,2021,2022-09-13,474398187
2021-12-CENSUS-0000240167,GSA_MIGRATION,2021,2022-09-13,475508608
2021-12-CENSUS-0000182474,GSA_MIGRATION,2021,2022-09-26,010877201
2021-12-CENSUS-0000256203,GSA_MIGRATION,2021,2022-12-08,230563550
2021-12-CENSUS-0000256203,GSA_MIGRATION,2021,2022-12-08,232366563
2021-12-CENSUS-0000256203,GSA_MIGRATION,2021,2022-12-08,232090256
2021-12-CENSUS-0000256203,GSA_MIGRATION,2021,2022-12-08,232810902
2021-06-CENSUS-0000033619,GSA_MIGRATION,2021,2022-08-29,133599121
2021-12-CENSUS-0000256217,GSA_MIGRATION,2021,2022-12-08,161518379
2021-06-CENSUS-0000215313,GSA_MIGRATION,2021,2022-03-22,431987541
2021-12-CENSUS-0000209313,GSA_MIGRATION,2021,2022-09-29,223368378
2021-12-CENSUS-0000209313,GSA_MIGRATION,2021,2022-09-29,833439848
2021-12-CENSUS-0000209313,GSA_MIGRATION,2021,2022-09-29,475324404
2021-06-CENSUS-0000255273,GSA_MIGRATION,2021,2022-09-29,770439213
2021-06-CENSUS-0000255273,GSA_MIGRATION,2021,2022-09-29,352401992
2021-06-CENSUS-0000255273,GSA_MIGRATION,2021,2022-09-29,770438269
2021-12-CENSUS-0000219086,GSA_MIGRATION,2021,2022-09-29,113565450
2021-12-CENSUS-0000220382,GSA_MIGRATION,2021,2022-09-29,823584856
2021-12-CENSUS-0000220382,GSA_MIGRATION,2021,2022-09-29,453734329
2021-12-CENSUS-0000220382,GSA_MIGRATION,2021,2022-09-29,833988719
2021-12-CENSUS-0000220382,GSA_MIGRATION,2021,2022-09-29,833960130
2021-12-CENSUS-0000220382,GSA_MIGRATION,2021,2022-09-29,463797389
2021-12-CENSUS-0000220382,GSA_MIGRATION,2021,2022-09-29,453121176
2021-06-CENSUS-0000158720,GSA_MIGRATION,2021,2022-09-29,132655001
2021-06-CENSUS-0000158720,GSA_MIGRATION,2021,2022-09-29,133315273
2021-06-CENSUS-0000158720,GSA_MIGRATION,2021,2022-09-29,455311842
2021-06-CENSUS-0000156501,GSA_MIGRATION,2021,2022-10-06,237262698
2021-12-CENSUS-0000256221,GSA_MIGRATION,2021,2022-12-08,261193842
2021-12-CENSUS-0000256221,GSA_MIGRATION,2021,2022-12-08,205111805
2021-12-CENSUS-0000216236,GSA_MIGRATION,2021,2022-09-29,930391573
2021-12-CENSUS-0000216236,GSA_MIGRATION,2021,2022-09-29,930110095
2021-12-CENSUS-0000216236,GSA_MIGRATION,2021,2022-09-29,930396847
2021-12-CENSUS-0000216236,GSA_MIGRATION,2021,2022-09-29,931305493
2021-12-CENSUS-0000216236,GSA_MIGRATION,2021,2022-09-29,931329784
2021-12-CENSUS-0000216236,GSA_MIGRATION,2021,2022-09-29,465619962
2021-12-CENSUS-0000216236,GSA_MIGRATION,2021,2022-09-29,930949704
2021-12-CENSUS-0000216236,GSA_MIGRATION,2021,2022-09-29,320229399
2021-12-CENSUS-0000216236,GSA_MIGRATION,2021,2022-09-29,202860067
2021-12-CENSUS-0000246449,GSA_MIGRATION,2021,2022-09-29,200093280
2021-12-CENSUS-0000246449,GSA_MIGRATION,2021,2022-09-29,200477972
2021-12-CENSUS-0000246449,GSA_MIGRATION,2021,2022-09-29,200670339
2021-12-CENSUS-0000246449,GSA_MIGRATION,2021,2022-09-29,203132044
2021-12-CENSUS-0000246449,GSA_MIGRATION,2021,2022-09-29,203856995
2021-12-CENSUS-0000246449,GSA_MIGRATION,2021,2022-09-29,205033419
2021-12-CENSUS-0000246449,GSA_MIGRATION,2021,2022-09-29,260115489
2021-12-CENSUS-0000246449,GSA_MIGRATION,2021,2022-09-29,260381897
2021-09-CENSUS-0000219516,GSA_MIGRATION,2021,2022-06-29,056033975
2021-09-CENSUS-0000219516,GSA_MIGRATION,2021,2022-06-29,050459095
2021-09-CENSUS-0000219516,GSA_MIGRATION,2021,2022-06-29,050478937
2021-09-CENSUS-0000090477,GSA_MIGRATION,2021,2022-01-02,833480190
2021-09-CENSUS-0000090477,GSA_MIGRATION,2021,2022-01-02,593411351
2021-09-CENSUS-0000090477,GSA_MIGRATION,2021,2022-01-02,593598686
2021-09-CENSUS-0000090477,GSA_MIGRATION,2021,2022-01-02,300024593
2021-12-CENSUS-0000255072,GSA_MIGRATION,2021,2022-09-28,561380014
2021-06-CENSUS-0000202092,GSA_MIGRATION,2021,2022-06-01,520738041
2021-06-CENSUS-0000202092,GSA_MIGRATION,2021,2022-06-01,351568821
2021-06-CENSUS-0000202092,GSA_MIGRATION,2021,2022-06-01,350868157
2021-06-CENSUS-0000202092,GSA_MIGRATION,2021,2022-06-01,351142669
2021-06-CENSUS-0000202092,GSA_MIGRATION,2021,2022-06-01,150532254
2021-06-CENSUS-0000202092,GSA_MIGRATION,2021,2022-06-01,273899821
2021-06-CENSUS-0000202092,GSA_MIGRATION,2021,2022-06-01,201796650
2021-06-CENSUS-0000202092,GSA_MIGRATION,2021,2022-06-01,161236354
2021-06-CENSUS-0000202092,GSA_MIGRATION,2021,2022-06-01,383320700
2021-06-CENSUS-0000202092,GSA_MIGRATION,2021,2022-06-01,383321856
2021-06-CENSUS-0000202092,GSA_MIGRATION,2021,2022-06-01,382621935
2021-06-CENSUS-0000202092,GSA_MIGRATION,2021,2022-06-01,824005577
2021-06-CENSUS-0000202092,GSA_MIGRATION,2021,2022-06-01,382719605
2021-06-CENSUS-0000202092,GSA_MIGRATION,2021,2022-06-01,381891500
2021-06-CENSUS-0000202092,GSA_MIGRATION,2021,2022-06-01,060646843
2021-06-CENSUS-0000202092,GSA_MIGRATION,2021,2022-06-01,010274998
2021-06-CENSUS-0000202092,GSA_MIGRATION,2021,2022-06-01,560694200
2021-06-CENSUS-0000202092,GSA_MIGRATION,2021,2022-06-01,382559656
2021-06-CENSUS-0000202092,GSA_MIGRATION,2021,2022-06-01,223431049
2021-06-CENSUS-0000202092,GSA_MIGRATION,2021,2022-06-01,832199054
2021-06-CENSUS-0000146614,GSA_MIGRATION,2021,2022-02-02,311148265
2021-06-CENSUS-0000146614,GSA_MIGRATION,2021,2022-02-02,621287668
2021-06-CENSUS-0000146614,GSA_MIGRATION,2021,2022-02-02,611052311
2021-09-CENSUS-0000136116,GSA_MIGRATION,2021,2022-06-14,591941164
2021-09-CENSUS-0000136116,GSA_MIGRATION,2021,2022-06-14,596000736
2021-09-CENSUS-0000136116,GSA_MIGRATION,2021,2022-06-14,596000739
2021-06-CENSUS-0000176282,GSA_MIGRATION,2021,2022-02-27,641163605
2021-06-CENSUS-0000254844,GSA_MIGRATION,2021,2022-09-26,341166722
2021-06-CENSUS-0000254844,GSA_MIGRATION,2021,2022-09-26,341927224
2021-06-CENSUS-0000254844,GSA_MIGRATION,2021,2022-09-26,341560249
2021-06-CENSUS-0000254844,GSA_MIGRATION,2021,2022-09-26,341560247
2021-06-CENSUS-0000254844,GSA_MIGRATION,2021,2022-09-26,341833994
2021-06-CENSUS-0000254844,GSA_MIGRATION,2021,2022-09-26,341507703
2021-06-CENSUS-0000254844,GSA_MIGRATION,2021,2022-09-26,341560246
2021-06-CENSUS-0000196655,GSA_MIGRATION,2021,2022-03-07,481253265
2021-12-CENSUS-0000224939,GSA_MIGRATION,2021,2022-09-22,454015116
2021-12-CENSUS-0000224939,GSA_MIGRATION,2021,2022-09-22,271894719
2021-12-CENSUS-0000224939,GSA_MIGRATION,2021,2022-09-22,273301417
2021-12-CENSUS-0000224939,GSA_MIGRATION,2021,2022-09-22,463891708
2021-12-CENSUS-0000224939,GSA_MIGRATION,2021,2022-09-22,271071953
2021-12-CENSUS-0000224939,GSA_MIGRATION,2021,2022-09-22,330985897
2021-12-CENSUS-0000224939,GSA_MIGRATION,2021,2022-09-22,473077367
2021-12-CENSUS-0000224939,GSA_MIGRATION,2021,2022-09-22,271072000
2021-12-CENSUS-0000224939,GSA_MIGRATION,2021,2022-09-22,562422384
2021-12-CENSUS-0000224939,GSA_MIGRATION,2021,2022-09-22,205076141
2021-12-CENSUS-0000224939,GSA_MIGRATION,2021,2022-09-22,843264901
2021-12-CENSUS-0000224939,GSA_MIGRATION,2021,2022-09-22,843332523
2021-12-CENSUS-0000224939,GSA_MIGRATION,2021,2022-09-22,203061970
2021-12-CENSUS-0000224939,GSA_MIGRATION,2021,2022-09-22,364795673
2021-12-CENSUS-0000224939,GSA_MIGRATION,2021,2022-09-22,273301491
2021-12-CENSUS-0000224939,GSA_MIGRATION,2021,2022-09-22,900849857
2021-12-CENSUS-0000224939,GSA_MIGRATION,2021,2022-09-22,271044695
2021-12-CENSUS-0000224939,GSA_MIGRATION,2021,2022-09-22,823551076
2021-06-CENSUS-0000171359,GSA_MIGRATION,2021,2022-03-24,621187300
2021-06-CENSUS-0000171359,GSA_MIGRATION,2021,2022-03-24,621187305
2021-06-CENSUS-0000171359,GSA_MIGRATION,2021,2022-03-24,621188195
2021-06-CENSUS-0000171359,GSA_MIGRATION,2021,2022-03-24,621199309
2021-06-CENSUS-0000171359,GSA_MIGRATION,2021,2022-03-24,621201668
2021-06-CENSUS-0000171359,GSA_MIGRATION,2021,2022-03-24,621203232
2021-06-CENSUS-0000171359,GSA_MIGRATION,2021,2022-03-24,621218952
2021-06-CENSUS-0000171359,GSA_MIGRATION,2021,2022-03-24,621237951
2021-06-CENSUS-0000171359,GSA_MIGRATION,2021,2022-03-24,621408728
2021-06-CENSUS-0000171359,GSA_MIGRATION,2021,2022-03-24,621834818
2021-06-CENSUS-0000171359,GSA_MIGRATION,2021,2022-03-24,626001444
2021-06-CENSUS-0000171359,GSA_MIGRATION,2021,2022-03-24,626001636
2021-06-CENSUS-0000171359,GSA_MIGRATION,2021,2022-03-24,626005794
2021-06-CENSUS-0000171359,GSA_MIGRATION,2021,2022-03-24,626021046
2021-09-CENSUS-0000034549,GSA_MIGRATION,2021,2022-03-28,042456134
2021-12-CENSUS-0000020500,GSA_MIGRATION,2021,2022-12-15,455604076
2021-12-CENSUS-0000020500,GSA_MIGRATION,2021,2022-12-15,452548322
2021-06-CENSUS-0000175887,GSA_MIGRATION,2021,2022-03-10,541297967
2021-06-CENSUS-0000175887,GSA_MIGRATION,2021,2022-03-10,541300845
2021-06-CENSUS-0000175887,GSA_MIGRATION,2021,2022-03-10,541308981
2021-06-CENSUS-0000175887,GSA_MIGRATION,2021,2022-03-10,541376423
2021-06-CENSUS-0000175887,GSA_MIGRATION,2021,2022-03-10,541376745
2021-06-CENSUS-0000175887,GSA_MIGRATION,2021,2022-03-10,541469695
2021-06-CENSUS-0000175887,GSA_MIGRATION,2021,2022-03-10,541534572
2021-06-CENSUS-0000175887,GSA_MIGRATION,2021,2022-03-10,541544298
2021-06-CENSUS-0000175887,GSA_MIGRATION,2021,2022-03-10,541624385
2021-06-CENSUS-0000175887,GSA_MIGRATION,2021,2022-03-10,541625991
2021-06-CENSUS-0000175887,GSA_MIGRATION,2021,2022-03-10,541629864
2021-06-CENSUS-0000175887,GSA_MIGRATION,2021,2022-03-10,541661753
2021-06-CENSUS-0000175887,GSA_MIGRATION,2021,2022-03-10,541800314
2021-06-CENSUS-0000176109,GSA_MIGRATION,2021,2022-02-02,546001580
2021-09-CENSUS-0000253838,GSA_MIGRATION,2021,2022-06-29,451555344
2021-09-CENSUS-0000217342,GSA_MIGRATION,2021,2022-06-29,060646554
2021-09-CENSUS-0000217342,GSA_MIGRATION,2021,2022-06-29,060646652
2021-09-CENSUS-0000217342,GSA_MIGRATION,2021,2022-06-29,060646659
2021-09-CENSUS-0000217342,GSA_MIGRATION,2021,2022-06-29,061330992
2021-06-CENSUS-0000176042,GSA_MIGRATION,2021,2022-07-04,546001168
2021-06-CENSUS-0000176042,GSA_MIGRATION,2021,2022-07-04,546001166
2021-09-CENSUS-0000136126,GSA_MIGRATION,2021,2022-04-05,592224299
2021-09-CENSUS-0000136126,GSA_MIGRATION,2021,2022-04-05,592895789
2021-09-CENSUS-0000136126,GSA_MIGRATION,2021,2022-04-05,596001804
2021-09-CENSUS-0000136126,GSA_MIGRATION,2021,2022-04-05,596000804
2021-06-CENSUS-0000237988,GSA_MIGRATION,2021,2022-09-26,262791844
2021-06-CENSUS-0000237988,GSA_MIGRATION,2021,2022-09-26,270849886
2021-06-CENSUS-0000237988,GSA_MIGRATION,2021,2022-09-26,310809759
2021-06-CENSUS-0000237988,GSA_MIGRATION,2021,2022-09-26,310910779
2021-06-CENSUS-0000237988,GSA_MIGRATION,2021,2022-09-26,340835584
2021-06-CENSUS-0000237988,GSA_MIGRATION,2021,2022-09-26,341590049
2021-06-CENSUS-0000237988,GSA_MIGRATION,2021,2022-09-26,455420333
2021-06-CENSUS-0000237988,GSA_MIGRATION,2021,2022-09-26,461517844
2021-06-CENSUS-0000237988,GSA_MIGRATION,2021,2022-09-26,461525413
2021-06-CENSUS-0000237988,GSA_MIGRATION,2021,2022-09-26,462735715
2021-12-CENSUS-0000253928,GSA_MIGRATION,2021,2022-07-10,231353370
2021-12-CENSUS-0000253928,GSA_MIGRATION,2021,2022-07-10,203991615
2021-12-CENSUS-0000082670,GSA_MIGRATION,2021,2022-06-09,810596389
2021-12-CENSUS-0000082670,GSA_MIGRATION,2021,2022-06-09,562256392
2021-12-CENSUS-0000082670,GSA_MIGRATION,2021,2022-06-09,475675775
2021-12-CENSUS-0000082670,GSA_MIGRATION,2021,2022-06-09,043605556
2021-12-CENSUS-0000082670,GSA_MIGRATION,2021,2022-06-09,831750405
2021-12-CENSUS-0000082670,GSA_MIGRATION,2021,2022-06-09,464992164
2021-12-CENSUS-0000082670,GSA_MIGRATION,2021,2022-06-09,462394123
2021-12-CENSUS-0000082670,GSA_MIGRATION,2021,2022-06-09,812135831
2021-12-CENSUS-0000082670,GSA_MIGRATION,2021,2022-06-09,900657599
2021-12-CENSUS-0000082670,GSA_MIGRATION,2021,2022-06-09,461721301
2021-12-CENSUS-0000082670,GSA_MIGRATION,2021,2022-06-09,461733454
2021-12-CENSUS-0000082670,GSA_MIGRATION,2021,2022-06-09,461744491
2021-12-CENSUS-0000082670,GSA_MIGRATION,2021,2022-06-09,464979221
2021-12-CENSUS-0000082670,GSA_MIGRATION,2021,2022-06-09,561891744
2021-12-CENSUS-0000082670,GSA_MIGRATION,2021,2022-06-09,753249747
2021-12-CENSUS-0000082670,GSA_MIGRATION,2021,2022-06-09,800683575
2021-06-CENSUS-0000176050,GSA_MIGRATION,2021,2022-03-28,546001210
2021-09-CENSUS-0000004292,GSA_MIGRATION,2021,2022-06-13,042103575
2021-12-CENSUS-0000228511,GSA_MIGRATION,2021,2022-09-29,010212435
2021-12-CENSUS-0000228511,GSA_MIGRATION,2021,2022-09-29,020222215
2021-12-CENSUS-0000228511,GSA_MIGRATION,2021,2022-09-29,010211551
2021-12-CENSUS-0000228511,GSA_MIGRATION,2021,2022-09-29,042104851
2021-12-CENSUS-0000228511,GSA_MIGRATION,2021,2022-09-29,237090088
2021-12-CENSUS-0000228511,GSA_MIGRATION,2021,2022-09-29,010342399
2021-12-CENSUS-0000228511,GSA_MIGRATION,2021,2022-09-29,043333609
2021-12-CENSUS-0000228511,GSA_MIGRATION,2021,2022-09-29,042565937
2021-12-CENSUS-0000228511,GSA_MIGRATION,2021,2022-09-29,043419625
2021-12-CENSUS-0000228511,GSA_MIGRATION,2021,2022-09-29,010409788
2021-12-CENSUS-0000228511,GSA_MIGRATION,2021,2022-09-29,050342230
2021-12-CENSUS-0000228511,GSA_MIGRATION,2021,2022-09-29,232057177
2021-12-CENSUS-0000065323,GSA_MIGRATION,2021,2022-09-27,421363531
2021-06-CENSUS-0000066363,GSA_MIGRATION,2021,2022-01-05,710387126
2021-12-CENSUS-0000255652,GSA_MIGRATION,2021,2022-10-18,390830664
2021-12-CENSUS-0000255652,GSA_MIGRATION,2021,2022-10-18,390824015
2021-12-CENSUS-0000255652,GSA_MIGRATION,2021,2022-10-18,390806359
2021-12-CENSUS-0000255652,GSA_MIGRATION,2021,2022-10-18,390807068
2021-12-CENSUS-0000255652,GSA_MIGRATION,2021,2022-10-18,390869788
2021-12-CENSUS-0000255652,GSA_MIGRATION,2021,2022-10-18,390871113
2021-12-CENSUS-0000255652,GSA_MIGRATION,2021,2022-10-18,396089134
2021-06-CENSUS-0000176079,GSA_MIGRATION,2021,2022-10-21,546001379
2021-06-CENSUS-0000176079,GSA_MIGRATION,2021,2022-10-21,546001378
2021-06-CENSUS-0000176079,GSA_MIGRATION,2021,2022-10-21,541517462
2021-09-CENSUS-0000241118,GSA_MIGRATION,2021,2022-06-29,272763125
2021-09-CENSUS-0000241118,GSA_MIGRATION,2021,2022-06-29,800164702
2021-09-CENSUS-0000241118,GSA_MIGRATION,2021,2022-06-29,560603898
2021-03-CENSUS-0000152532,GSA_MIGRATION,2021,2022-06-26,721359416
2021-12-CENSUS-0000252997,GSA_MIGRATION,2021,2022-04-18,520619001
2021-12-CENSUS-0000252997,GSA_MIGRATION,2021,2022-04-18,521931788
2021-12-CENSUS-0000252997,GSA_MIGRATION,2021,2022-04-18,521931790
2021-12-CENSUS-0000252997,GSA_MIGRATION,2021,2022-04-18,521931794
2021-12-CENSUS-0000252997,GSA_MIGRATION,2021,2022-04-18,205189952
2021-06-CENSUS-0000176071,GSA_MIGRATION,2021,2022-05-14,546001342
2021-12-CENSUS-0000151130,GSA_MIGRATION,2021,2022-06-06,416004951
2021-12-CENSUS-0000255107,GSA_MIGRATION,2021,2022-09-28,260205619
2021-12-CENSUS-0000255107,GSA_MIGRATION,2021,2022-09-28,431818209
2021-12-CENSUS-0000209471,GSA_MIGRATION,2021,2022-09-29,264827222
2021-12-CENSUS-0000209471,GSA_MIGRATION,2021,2022-09-29,340714461
2021-12-CENSUS-0000209471,GSA_MIGRATION,2021,2022-09-29,341924226
2021-12-CENSUS-0000209471,GSA_MIGRATION,2021,2022-09-29,461382538
2021-12-CENSUS-0000209471,GSA_MIGRATION,2021,2022-09-29,340714535
2021-12-CENSUS-0000209471,GSA_MIGRATION,2021,2022-09-29,340714550
2021-12-CENSUS-0000209471,GSA_MIGRATION,2021,2022-09-29,340714612
2021-06-CENSUS-0000114556,GSA_MIGRATION,2021,2022-04-05,203602821
2021-06-CENSUS-0000114556,GSA_MIGRATION,2021,2022-04-05,911259337
2021-06-CENSUS-0000114556,GSA_MIGRATION,2021,2022-04-05,911253391
2021-06-CENSUS-0000114556,GSA_MIGRATION,2021,2022-04-05,203602705
2021-06-CENSUS-0000114556,GSA_MIGRATION,2021,2022-04-05,943043495
2021-12-CENSUS-0000128596,GSA_MIGRATION,2021,2022-09-25,990335098
2021-12-CENSUS-0000128596,GSA_MIGRATION,2021,2022-09-25,300092836
2021-12-CENSUS-0000128596,GSA_MIGRATION,2021,2022-09-25,831378460
2021-12-CENSUS-0000087947,GSA_MIGRATION,2021,2022-06-06,463756071
2021-06-CENSUS-0000218958,GSA_MIGRATION,2021,2022-03-27,260353071
2021-06-CENSUS-0000199658,GSA_MIGRATION,2021,2022-07-27,364739343
2021-09-CENSUS-0000038806,GSA_MIGRATION,2021,2022-03-20,311244736
2021-09-CENSUS-0000038806,GSA_MIGRATION,2021,2022-03-20,364500925
2021-12-CENSUS-0000247537,GSA_MIGRATION,2021,2022-11-15,113312539
2021-06-CENSUS-0000255403,GSA_MIGRATION,2021,2022-09-29,421264647
2021-06-CENSUS-0000255403,GSA_MIGRATION,2021,2022-09-29,421178403
2021-06-CENSUS-0000255403,GSA_MIGRATION,2021,2022-09-29,420785890
2021-06-CENSUS-0000223800,GSA_MIGRATION,2021,2022-09-13,381362830
2021-06-CENSUS-0000223800,GSA_MIGRATION,2021,2022-09-13,381415623
2021-06-CENSUS-0000223800,GSA_MIGRATION,2021,2022-09-13,471156297
2021-06-CENSUS-0000223800,GSA_MIGRATION,2021,2022-09-13,381459366
2021-06-CENSUS-0000223800,GSA_MIGRATION,2021,2022-09-13,471161992
2021-06-CENSUS-0000223800,GSA_MIGRATION,2021,2022-09-13,382191390
2021-06-CENSUS-0000223800,GSA_MIGRATION,2021,2022-09-13,380350304
2021-06-CENSUS-0000223800,GSA_MIGRATION,2021,2022-09-13,383097861
2021-06-CENSUS-0000223800,GSA_MIGRATION,2021,2022-09-13,381303843
2021-06-CENSUS-0000223800,GSA_MIGRATION,2021,2022-09-13,273600575
2021-06-CENSUS-0000223800,GSA_MIGRATION,2021,2022-09-13,382543463
2021-06-CENSUS-0000223800,GSA_MIGRATION,2021,2022-09-13,382657917
2021-06-CENSUS-0000223800,GSA_MIGRATION,2021,2022-09-13,383144382
2021-06-CENSUS-0000171394,GSA_MIGRATION,2021,2022-03-17,620964468
2021-06-CENSUS-0000171394,GSA_MIGRATION,2021,2022-03-17,626000651
2021-09-CENSUS-0000004413,GSA_MIGRATION,2021,2022-03-01,452631409
2021-09-CENSUS-0000004413,GSA_MIGRATION,2021,2022-03-01,453125723
2021-09-CENSUS-0000004413,GSA_MIGRATION,2021,2022-03-01,452631072
2021-09-CENSUS-0000004413,GSA_MIGRATION,2021,2022-03-01,452631445
2021-09-CENSUS-0000004413,GSA_MIGRATION,2021,2022-03-01,811566682
2021-09-CENSUS-0000136141,GSA_MIGRATION,2021,2022-11-29,596000903
2021-09-CENSUS-0000136141,GSA_MIGRATION,2021,2022-11-29,596057209
2021-09-CENSUS-0000136141,GSA_MIGRATION,2021,2022-11-29,596000902
2021-09-CENSUS-0000136141,GSA_MIGRATION,2021,2022-11-29,596000900
2021-06-CENSUS-0000196737,GSA_MIGRATION,2021,2022-01-12,626000915
2021-11-CENSUS-0000249407,GSA_MIGRATION,2021,2022-04-06,203340886
2021-09-CENSUS-0000253791,GSA_MIGRATION,2021,2022-06-29,951934652
2021-09-CENSUS-0000253791,GSA_MIGRATION,2021,2022-06-29,951903935
2021-09-CENSUS-0000253791,GSA_MIGRATION,2021,2022-06-29,953942828
2021-09-CENSUS-0000253791,GSA_MIGRATION,2021,2022-06-29,951656366
2021-09-CENSUS-0000253689,GSA_MIGRATION,2021,2022-06-27,411763968
2021-09-CENSUS-0000253689,GSA_MIGRATION,2021,2022-06-27,411817549
2021-06-CENSUS-0000254253,GSA_MIGRATION,2021,2022-08-19,560619359
2021-06-CENSUS-0000254253,GSA_MIGRATION,2021,2022-08-19,561455630
2021-06-CENSUS-0000254253,GSA_MIGRATION,2021,2022-08-19,561479712
2021-06-CENSUS-0000254253,GSA_MIGRATION,2021,2022-08-19,581341530
2021-09-CENSUS-0000136110,GSA_MIGRATION,2021,2022-06-28,650717520
2021-09-CENSUS-0000136110,GSA_MIGRATION,2021,2022-06-28,596000705
2021-09-CENSUS-0000136110,GSA_MIGRATION,2021,2022-06-28,596000703
2021-09-CENSUS-0000003886,GSA_MIGRATION,2021,2022-06-29,131804349
2021-12-CENSUS-0000253892,GSA_MIGRATION,2021,2022-07-05,362181997
2021-12-CENSUS-0000253892,GSA_MIGRATION,2021,2022-07-05,362879689
2021-06-CENSUS-0000251133,GSA_MIGRATION,2021,2022-09-29,310650283
2021-06-CENSUS-0000251133,GSA_MIGRATION,2021,2022-09-29,310537122
2021-06-CENSUS-0000251133,GSA_MIGRATION,2021,2022-09-29,311206047
2021-06-CENSUS-0000251133,GSA_MIGRATION,2021,2022-09-29,310537486
2021-06-CENSUS-0000251133,GSA_MIGRATION,2021,2022-09-29,311074519
2021-06-CENSUS-0000251133,GSA_MIGRATION,2021,2022-09-29,272413974
2021-06-CENSUS-0000251133,GSA_MIGRATION,2021,2022-09-29,273473834
2021-06-CENSUS-0000251133,GSA_MIGRATION,2021,2022-09-29,461393755
2021-06-CENSUS-0000251133,GSA_MIGRATION,2021,2022-09-29,461125130
2021-06-CENSUS-0000251133,GSA_MIGRATION,2021,2022-09-29,202305158
2021-06-CENSUS-0000251133,GSA_MIGRATION,2021,2022-09-29,311383365
2021-06-CENSUS-0000176115,GSA_MIGRATION,2021,2022-01-03,541743583
2021-06-CENSUS-0000176115,GSA_MIGRATION,2021,2022-01-03,546001620
2021-12-CENSUS-0000047209,GSA_MIGRATION,2021,2022-09-29,262813100
2021-06-CENSUS-0000252474,GSA_MIGRATION,2021,2022-03-07,721301620
2021-06-CENSUS-0000252474,GSA_MIGRATION,2021,2022-03-07,270816589
2021-06-CENSUS-0000252474,GSA_MIGRATION,2021,2022-03-07,451834769
2021-06-CENSUS-0000252474,GSA_MIGRATION,2021,2022-03-07,452419394
2021-06-CENSUS-0000175887,GSA_MIGRATION,2021,2022-03-10,541992521
2021-06-CENSUS-0000175887,GSA_MIGRATION,2021,2022-03-10,546000814
2021-06-CENSUS-0000175887,GSA_MIGRATION,2021,2022-03-10,546000884
2021-06-CENSUS-0000175887,GSA_MIGRATION,2021,2022-03-10,546001702
2021-06-CENSUS-0000175887,GSA_MIGRATION,2021,2022-03-10,546001703
2021-06-CENSUS-0000250169,GSA_MIGRATION,2021,2022-01-13,320048804
2021-06-CENSUS-0000250169,GSA_MIGRATION,2021,2022-01-13,451619072
2021-06-CENSUS-0000250169,GSA_MIGRATION,2021,2022-01-13,461549267
2021-10-CENSUS-0000254830,GSA_MIGRATION,2021,2022-09-26,832402212
2021-10-CENSUS-0000254830,GSA_MIGRATION,2021,2022-09-26,461960958
2021-10-CENSUS-0000254830,GSA_MIGRATION,2021,2022-09-26,273061048
2021-10-CENSUS-0000254830,GSA_MIGRATION,2021,2022-09-26,273601165
2021-10-CENSUS-0000254830,GSA_MIGRATION,2021,2022-09-26,270602265
2021-10-CENSUS-0000254830,GSA_MIGRATION,2021,2022-09-26,463989360
2021-10-CENSUS-0000254830,GSA_MIGRATION,2021,2022-09-26,464032845
2021-10-CENSUS-0000254830,GSA_MIGRATION,2021,2022-09-26,273575277
2021-10-CENSUS-0000254830,GSA_MIGRATION,2021,2022-09-26,463711517
2021-06-CENSUS-0000253185,GSA_MIGRATION,2021,2022-05-10,300963042
2021-06-CENSUS-0000253185,GSA_MIGRATION,2021,2022-05-10,611811905
2021-06-CENSUS-0000253185,GSA_MIGRATION,2021,2022-05-10,611812157
2021-06-CENSUS-0000253185,GSA_MIGRATION,2021,2022-05-10,611812442
2021-06-CENSUS-0000253185,GSA_MIGRATION,2021,2022-05-10,384023801
2021-06-CENSUS-0000253185,GSA_MIGRATION,2021,2022-05-10,611812645
2021-06-CENSUS-0000253185,GSA_MIGRATION,2021,2022-05-10,611817126
2021-06-CENSUS-0000253185,GSA_MIGRATION,2021,2022-05-10,320515898
2021-06-CENSUS-0000253185,GSA_MIGRATION,2021,2022-05-10,384024243
2021-06-CENSUS-0000253185,GSA_MIGRATION,2021,2022-05-10,300964463
2021-06-CENSUS-0000253185,GSA_MIGRATION,2021,2022-05-10,300964875
2021-06-CENSUS-0000253185,GSA_MIGRATION,2021,2022-05-10,300965237
2021-06-CENSUS-0000253185,GSA_MIGRATION,2021,2022-05-10,300965494
2021-06-CENSUS-0000253185,GSA_MIGRATION,2021,2022-05-10,300979831
2021-06-CENSUS-0000253185,GSA_MIGRATION,2021,2022-05-10,320518584
2021-06-CENSUS-0000253185,GSA_MIGRATION,2021,2022-05-10,352581723
2021-06-CENSUS-0000253185,GSA_MIGRATION,2021,2022-05-10,352583045
2021-06-CENSUS-0000253185,GSA_MIGRATION,2021,2022-05-10,352583599
2021-06-CENSUS-0000253185,GSA_MIGRATION,2021,2022-05-10,352583738
2021-06-CENSUS-0000253185,GSA_MIGRATION,2021,2022-05-10,364855688
2021-06-CENSUS-0000253185,GSA_MIGRATION,2021,2022-05-10,364858444
2021-06-CENSUS-0000253185,GSA_MIGRATION,2021,2022-05-10,364859287
2021-06-CENSUS-0000253185,GSA_MIGRATION,2021,2022-05-10,371848338
2021-06-CENSUS-0000253185,GSA_MIGRATION,2021,2022-05-10,371849431
2021-06-CENSUS-0000253185,GSA_MIGRATION,2021,2022-05-10,371849602
2021-06-CENSUS-0000253185,GSA_MIGRATION,2021,2022-05-10,384024654
2021-06-CENSUS-0000253185,GSA_MIGRATION,2021,2022-05-10,611815663
2021-06-CENSUS-0000253185,GSA_MIGRATION,2021,2022-05-10,611815917
2021-06-CENSUS-0000253185,GSA_MIGRATION,2021,2022-05-10,611815992
2021-06-CENSUS-0000171442,GSA_MIGRATION,2021,2022-01-27,626000879
2021-06-CENSUS-0000171442,GSA_MIGRATION,2021,2022-01-27,626000877
2021-06-CENSUS-0000224753,GSA_MIGRATION,2021,2022-02-06,364936827
2021-06-CENSUS-0000135729,GSA_MIGRATION,2021,2022-01-05,066001659
2021-12-CENSUS-0000114221,GSA_MIGRATION,2021,2022-09-25,911674139
2021-12-CENSUS-0000254896,GSA_MIGRATION,2021,2022-09-28,710664687
2021-12-CENSUS-0000254896,GSA_MIGRATION,2021,2022-09-28,710807771
2021-12-CENSUS-0000254896,GSA_MIGRATION,2021,2022-09-28,432074310
2021-06-CENSUS-0000254752,GSA_MIGRATION,2021,2022-09-25,800249549
2021-06-CENSUS-0000252657,GSA_MIGRATION,2021,2022-09-22,310714456
2021-06-CENSUS-0000252657,GSA_MIGRATION,2021,2022-09-22,311070877
2021-06-CENSUS-0000252657,GSA_MIGRATION,2021,2022-09-22,314379436
2021-06-CENSUS-0000252657,GSA_MIGRATION,2021,2022-09-22,314394942
2021-06-CENSUS-0000252657,GSA_MIGRATION,2021,2022-09-22,314440479
2021-12-CENSUS-0000166858,GSA_MIGRATION,2021,2022-09-26,251253895
2021-12-CENSUS-0000166858,GSA_MIGRATION,2021,2022-09-26,251199866
2021-12-CENSUS-0000166858,GSA_MIGRATION,2021,2022-09-26,251239825
2021-12-CENSUS-0000166858,GSA_MIGRATION,2021,2022-09-26,251352983
2021-06-CENSUS-0000223525,GSA_MIGRATION,2021,2022-09-26,464706900
2021-12-CENSUS-0000185803,GSA_MIGRATION,2021,2022-09-01,208558857
2021-12-CENSUS-0000243060,GSA_MIGRATION,2021,2022-04-05,981123795
2021-12-CENSUS-0000253944,GSA_MIGRATION,2021,2022-07-12,742927948
2021-12-CENSUS-0000253944,GSA_MIGRATION,2021,2022-07-12,743000910
2021-06-CENSUS-0000135667,GSA_MIGRATION,2021,2022-09-28,066001863
2021-06-CENSUS-0000247889,GSA_MIGRATION,2021,2022-09-27,330073515
2021-12-CENSUS-0000209187,GSA_MIGRATION,2021,2022-09-27,010634942
2021-12-CENSUS-0000209187,GSA_MIGRATION,2021,2022-09-27,311707264
2021-12-CENSUS-0000236007,GSA_MIGRATION,2021,2022-09-29,815182414
2021-06-CENSUS-0000255976,GSA_MIGRATION,2021,2022-11-17,454983293
2021-06-CENSUS-0000175887,GSA_MIGRATION,2021,2022-03-10,546001707
2021-06-CENSUS-0000175887,GSA_MIGRATION,2021,2022-03-10,546001710
2021-06-CENSUS-0000175887,GSA_MIGRATION,2021,2022-03-10,546001718
2021-06-CENSUS-0000175887,GSA_MIGRATION,2021,2022-03-10,546001720
2021-06-CENSUS-0000175887,GSA_MIGRATION,2021,2022-03-10,546001721
2021-06-CENSUS-0000175887,GSA_MIGRATION,2021,2022-03-10,546001722
2021-06-CENSUS-0000175887,GSA_MIGRATION,2021,2022-03-10,546001730
2021-06-CENSUS-0000175887,GSA_MIGRATION,2021,2022-03-10,546001731
2021-06-CENSUS-0000175887,GSA_MIGRATION,2021,2022-03-10,546001732
2021-06-CENSUS-0000175887,GSA_MIGRATION,2021,2022-03-10,546001733
2021-06-CENSUS-0000175887,GSA_MIGRATION,2021,2022-03-10,546001734
2021-06-CENSUS-0000175887,GSA_MIGRATION,2021,2022-03-10,546001735
2021-06-CENSUS-0000175887,GSA_MIGRATION,2021,2022-03-10,546001756
2021-06-CENSUS-0000175887,GSA_MIGRATION,2021,2022-03-10,546001739
2021-06-CENSUS-0000175887,GSA_MIGRATION,2021,2022-03-10,546001740
2021-06-CENSUS-0000175887,GSA_MIGRATION,2021,2022-03-10,546001745
2021-06-CENSUS-0000175887,GSA_MIGRATION,2021,2022-03-10,546001747
2021-06-CENSUS-0000175887,GSA_MIGRATION,2021,2022-03-10,546001748
2021-06-CENSUS-0000175887,GSA_MIGRATION,2021,2022-03-10,546001751
2021-06-CENSUS-0000175887,GSA_MIGRATION,2021,2022-03-10,546001757
2021-06-CENSUS-0000175887,GSA_MIGRATION,2021,2022-03-10,546001758
2021-06-CENSUS-0000175887,GSA_MIGRATION,2021,2022-03-10,546001771
2021-06-CENSUS-0000175887,GSA_MIGRATION,2021,2022-03-10,546001772
2021-06-CENSUS-0000175887,GSA_MIGRATION,2021,2022-03-10,546001775
2021-06-CENSUS-0000175887,GSA_MIGRATION,2021,2022-03-10,546001780
2021-06-CENSUS-0000175887,GSA_MIGRATION,2021,2022-03-10,546001788
2021-06-CENSUS-0000175887,GSA_MIGRATION,2021,2022-03-10,546001789
2021-06-CENSUS-0000236979,GSA_MIGRATION,2021,2022-09-29,452702114
2021-06-CENSUS-0000190358,GSA_MIGRATION,2021,2022-01-10,626000681
2021-06-CENSUS-0000190358,GSA_MIGRATION,2021,2022-01-10,626000679
2021-09-CENSUS-0000241787,GSA_MIGRATION,2021,2022-03-14,521902649
2022-06-CENSUS-0000245223,YFVVJ5MCQ4U3,2022,2022-10-17,556020064
2021-06-CENSUS-0000245886,GSA_MIGRATION,2021,2022-09-29,351904256
2021-06-CENSUS-0000176122,GSA_MIGRATION,2021,2022-01-03,546001671
2021-06-CENSUS-0000176122,GSA_MIGRATION,2021,2022-01-03,541745244
2021-12-CENSUS-0000246260,GSA_MIGRATION,2021,2022-09-29,752430958
2021-12-CENSUS-0000246260,GSA_MIGRATION,2021,2022-09-29,752684375
2021-12-CENSUS-0000246260,GSA_MIGRATION,2021,2022-09-29,752242652
2021-12-CENSUS-0000246260,GSA_MIGRATION,2021,2022-09-29,364820457
2021-12-CENSUS-0000246260,GSA_MIGRATION,2021,2022-09-29,352544263
2021-12-CENSUS-0000246260,GSA_MIGRATION,2021,2022-09-29,752164291
2021-12-CENSUS-0000246260,GSA_MIGRATION,2021,2022-09-29,475215505
2021-06-CENSUS-0000193848,GSA_MIGRATION,2021,2022-02-07,870462909
2021-06-CENSUS-0000193848,GSA_MIGRATION,2021,2022-02-07,800783246
2021-12-CENSUS-0000059800,GSA_MIGRATION,2021,2022-07-05,454852665
2021-08-CENSUS-0000171944,GSA_MIGRATION,2021,2022-03-20,742125225
2021-08-CENSUS-0000171944,GSA_MIGRATION,2021,2022-03-20,742195206
2021-08-CENSUS-0000171944,GSA_MIGRATION,2021,2022-03-20,742195210
2021-08-CENSUS-0000171944,GSA_MIGRATION,2021,2022-03-20,742225691
2021-08-CENSUS-0000171944,GSA_MIGRATION,2021,2022-03-20,742270624
2021-08-CENSUS-0000171944,GSA_MIGRATION,2021,2022-03-20,742270626
2021-08-CENSUS-0000171944,GSA_MIGRATION,2021,2022-03-20,742290475
2021-08-CENSUS-0000171944,GSA_MIGRATION,2021,2022-03-20,742293399
2021-08-CENSUS-0000171944,GSA_MIGRATION,2021,2022-03-20,742311576
2021-08-CENSUS-0000171944,GSA_MIGRATION,2021,2022-03-20,742354858
2021-08-CENSUS-0000171944,GSA_MIGRATION,2021,2022-03-20,742378168
2021-08-CENSUS-0000171944,GSA_MIGRATION,2021,2022-03-20,742434011
2021-08-CENSUS-0000171944,GSA_MIGRATION,2021,2022-03-20,742495505
2021-08-CENSUS-0000171944,GSA_MIGRATION,2021,2022-03-20,742519313
2021-08-CENSUS-0000171944,GSA_MIGRATION,2021,2022-03-20,742610542
2021-08-CENSUS-0000171944,GSA_MIGRATION,2021,2022-03-20,742638006
2021-08-CENSUS-0000171944,GSA_MIGRATION,2021,2022-03-20,742639167
2021-08-CENSUS-0000171944,GSA_MIGRATION,2021,2022-03-20,742648747
2021-08-CENSUS-0000171944,GSA_MIGRATION,2021,2022-03-20,742677375
2021-08-CENSUS-0000171944,GSA_MIGRATION,2021,2022-03-20,742715016
2021-08-CENSUS-0000171944,GSA_MIGRATION,2021,2022-03-20,742759269
2021-08-CENSUS-0000171944,GSA_MIGRATION,2021,2022-03-20,742764775
2021-08-CENSUS-0000171944,GSA_MIGRATION,2021,2022-03-20,742785637
2021-08-CENSUS-0000171944,GSA_MIGRATION,2021,2022-03-20,742843306
2021-08-CENSUS-0000171944,GSA_MIGRATION,2021,2022-03-20,742907553
2021-08-CENSUS-0000171944,GSA_MIGRATION,2021,2022-03-20,742910339
2021-08-CENSUS-0000171944,GSA_MIGRATION,2021,2022-03-20,743024533
2021-08-CENSUS-0000171944,GSA_MIGRATION,2021,2022-03-20,746000027
2021-08-CENSUS-0000171944,GSA_MIGRATION,2021,2022-03-20,746000053
2021-08-CENSUS-0000171944,GSA_MIGRATION,2021,2022-03-20,746000057
2021-08-CENSUS-0000171944,GSA_MIGRATION,2021,2022-03-20,746000074
2021-08-CENSUS-0000171944,GSA_MIGRATION,2021,2022-03-20,746000077
2021-08-CENSUS-0000171944,GSA_MIGRATION,2021,2022-03-20,746000079
2021-08-CENSUS-0000171944,GSA_MIGRATION,2021,2022-03-20,746000094
2021-08-CENSUS-0000171944,GSA_MIGRATION,2021,2022-03-20,746000095
2021-08-CENSUS-0000171944,GSA_MIGRATION,2021,2022-03-20,746000098
2021-08-CENSUS-0000171944,GSA_MIGRATION,2021,2022-03-20,746000100
2021-08-CENSUS-0000171944,GSA_MIGRATION,2021,2022-03-20,746000108
2021-08-CENSUS-0000171944,GSA_MIGRATION,2021,2022-03-20,746000119
2021-08-CENSUS-0000171944,GSA_MIGRATION,2021,2022-03-20,746000121
2021-08-CENSUS-0000171944,GSA_MIGRATION,2021,2022-03-20,746000126
2021-08-CENSUS-0000171944,GSA_MIGRATION,2021,2022-03-20,746000130
2021-08-CENSUS-0000171944,GSA_MIGRATION,2021,2022-03-20,746000143
2021-08-CENSUS-0000171944,GSA_MIGRATION,2021,2022-03-20,746000151
2021-08-CENSUS-0000171944,GSA_MIGRATION,2021,2022-03-20,746000155
2021-08-CENSUS-0000171944,GSA_MIGRATION,2021,2022-03-20,746000156
2021-08-CENSUS-0000171944,GSA_MIGRATION,2021,2022-03-20,746000161
2021-08-CENSUS-0000171944,GSA_MIGRATION,2021,2022-03-20,746000163
2021-06-CENSUS-0000254570,GSA_MIGRATION,2021,2022-09-19,832131975
2021-06-CENSUS-0000254570,GSA_MIGRATION,2021,2022-09-19,824191576
2021-06-CENSUS-0000254570,GSA_MIGRATION,2021,2022-09-19,822666059
2021-06-CENSUS-0000254570,GSA_MIGRATION,2021,2022-09-19,821885403
2021-06-CENSUS-0000254570,GSA_MIGRATION,2021,2022-09-19,821613059
2021-06-CENSUS-0000254570,GSA_MIGRATION,2021,2022-09-19,821526385
2021-06-CENSUS-0000254570,GSA_MIGRATION,2021,2022-09-19,800948467
2021-06-CENSUS-0000254570,GSA_MIGRATION,2021,2022-09-19,800941375
2021-06-CENSUS-0000254570,GSA_MIGRATION,2021,2022-09-19,800937693
2021-06-CENSUS-0000254570,GSA_MIGRATION,2021,2022-09-19,800930811
2021-06-CENSUS-0000254570,GSA_MIGRATION,2021,2022-09-19,800930322
2021-06-CENSUS-0000254570,GSA_MIGRATION,2021,2022-09-19,800929739
2021-06-CENSUS-0000254570,GSA_MIGRATION,2021,2022-09-19,800348943
2021-06-CENSUS-0000254570,GSA_MIGRATION,2021,2022-09-19,741894581
2021-06-CENSUS-0000254570,GSA_MIGRATION,2021,2022-09-19,611786722
2021-06-CENSUS-0000254570,GSA_MIGRATION,2021,2022-09-19,611756888
2021-06-CENSUS-0000254570,GSA_MIGRATION,2021,2022-09-19,473455146
2021-06-CENSUS-0000254570,GSA_MIGRATION,2021,2022-09-19,473393862
2021-06-CENSUS-0000254570,GSA_MIGRATION,2021,2022-09-19,473381640
2021-06-CENSUS-0000254570,GSA_MIGRATION,2021,2022-09-19,463311308
2021-06-CENSUS-0000254570,GSA_MIGRATION,2021,2022-09-19,460796114
2021-06-CENSUS-0000254570,GSA_MIGRATION,2021,2022-09-19,841179794
2021-06-CENSUS-0000254570,GSA_MIGRATION,2021,2022-09-19,384014476
2021-06-CENSUS-0000254570,GSA_MIGRATION,2021,2022-09-19,384005062
2021-06-CENSUS-0000254570,GSA_MIGRATION,2021,2022-09-19,383984888
2021-06-CENSUS-0000254570,GSA_MIGRATION,2021,2022-09-19,383957549
2021-06-CENSUS-0000254570,GSA_MIGRATION,2021,2022-09-19,371779915
2021-06-CENSUS-0000254570,GSA_MIGRATION,2021,2022-09-19,364792420
2021-06-CENSUS-0000254570,GSA_MIGRATION,2021,2022-09-19,364775064
2021-06-CENSUS-0000254570,GSA_MIGRATION,2021,2022-09-19,352494853
2021-06-CENSUS-0000254570,GSA_MIGRATION,2021,2022-09-19,352487871
2021-06-CENSUS-0000254570,GSA_MIGRATION,2021,2022-09-19,352441856
2021-06-CENSUS-0000254570,GSA_MIGRATION,2021,2022-09-19,311806773
2021-06-CENSUS-0000254570,GSA_MIGRATION,2021,2022-09-19,300799271
2021-06-CENSUS-0000254570,GSA_MIGRATION,2021,2022-09-19,208575263
2021-06-CENSUS-0000254570,GSA_MIGRATION,2021,2022-09-19,202036774
2021-06-CENSUS-0000254570,GSA_MIGRATION,2021,2022-09-19,472405856
2021-06-CENSUS-0000254570,GSA_MIGRATION,2021,2022-09-19,043730045
2021-12-CENSUS-0000049410,GSA_MIGRATION,2021,2022-05-03,843210537
2021-12-CENSUS-0000241383,GSA_MIGRATION,2021,2022-10-31,470376552
2021-12-CENSUS-0000241383,GSA_MIGRATION,2021,2022-10-31,470841285
2021-12-CENSUS-0000241383,GSA_MIGRATION,2021,2022-10-31,820906268
2021-06-CENSUS-0000162380,GSA_MIGRATION,2021,2022-03-30,316402047
2021-06-CENSUS-0000162380,GSA_MIGRATION,2021,2022-03-30,311337478
2021-06-CENSUS-0000162380,GSA_MIGRATION,2021,2022-03-30,311334821
2021-06-CENSUS-0000162380,GSA_MIGRATION,2021,2022-03-30,311334187
2021-06-CENSUS-0000162380,GSA_MIGRATION,2021,2022-03-30,611750062
2021-06-CENSUS-0000162380,GSA_MIGRATION,2021,2022-03-30,316402147
2021-06-CENSUS-0000162380,GSA_MIGRATION,2021,2022-03-30,800390759
2021-06-CENSUS-0000162380,GSA_MIGRATION,2021,2022-03-30,311334825
2021-06-CENSUS-0000162380,GSA_MIGRATION,2021,2022-03-30,384048030
2021-06-CENSUS-0000162380,GSA_MIGRATION,2021,2022-03-30,313988595
2021-06-CENSUS-0000099767,GSA_MIGRATION,2021,2022-01-10,263832877
2021-06-CENSUS-0000099767,GSA_MIGRATION,2021,2022-01-10,050611947
2021-08-CENSUS-0000217263,GSA_MIGRATION,2021,2022-05-09,822886327
2021-09-CENSUS-0000251754,GSA_MIGRATION,2021,2022-06-23,464150987
2021-09-CENSUS-0000251754,GSA_MIGRATION,2021,2022-06-23,941294954
2021-08-CENSUS-0000171944,GSA_MIGRATION,2021,2022-03-20,746000164
2021-08-CENSUS-0000171944,GSA_MIGRATION,2021,2022-03-20,746000170
2021-08-CENSUS-0000171944,GSA_MIGRATION,2021,2022-03-20,746000172
2021-08-CENSUS-0000171944,GSA_MIGRATION,2021,2022-03-20,746000174
2021-08-CENSUS-0000171944,GSA_MIGRATION,2021,2022-03-20,746000183
2021-08-CENSUS-0000171944,GSA_MIGRATION,2021,2022-03-20,746000184
2021-08-CENSUS-0000171944,GSA_MIGRATION,2021,2022-03-20,746000203
2021-08-CENSUS-0000171944,GSA_MIGRATION,2021,2022-03-20,746000206
2021-08-CENSUS-0000171944,GSA_MIGRATION,2021,2022-03-20,746000298
2021-08-CENSUS-0000171944,GSA_MIGRATION,2021,2022-03-20,746000314
2021-08-CENSUS-0000171944,GSA_MIGRATION,2021,2022-03-20,746000531
2021-08-CENSUS-0000171944,GSA_MIGRATION,2021,2022-03-20,746000537
2021-08-CENSUS-0000171944,GSA_MIGRATION,2021,2022-03-20,746000541
2021-08-CENSUS-0000171944,GSA_MIGRATION,2021,2022-03-20,746000813
2021-08-CENSUS-0000171944,GSA_MIGRATION,2021,2022-03-20,746000949
2021-08-CENSUS-0000171944,GSA_MIGRATION,2021,2022-03-20,746001078
2021-08-CENSUS-0000171944,GSA_MIGRATION,2021,2022-03-20,746001118
2021-08-CENSUS-0000171944,GSA_MIGRATION,2021,2022-03-20,746001391
2021-08-CENSUS-0000171944,GSA_MIGRATION,2021,2022-03-20,746001399
2021-08-CENSUS-0000171944,GSA_MIGRATION,2021,2022-03-20,746001430
2021-08-CENSUS-0000171944,GSA_MIGRATION,2021,2022-03-20,746001431
2021-08-CENSUS-0000171944,GSA_MIGRATION,2021,2022-03-20,746001530
2021-08-CENSUS-0000171944,GSA_MIGRATION,2021,2022-03-20,746002078
2021-08-CENSUS-0000171944,GSA_MIGRATION,2021,2022-03-20,746002248
2021-08-CENSUS-0000171944,GSA_MIGRATION,2021,2022-03-20,746002381
2021-08-CENSUS-0000171944,GSA_MIGRATION,2021,2022-03-20,746002472
2021-08-CENSUS-0000171944,GSA_MIGRATION,2021,2022-03-20,746002886
2021-08-CENSUS-0000171944,GSA_MIGRATION,2021,2022-03-20,746002942
2021-08-CENSUS-0000171944,GSA_MIGRATION,2021,2022-03-20,746002948
2021-08-CENSUS-0000171944,GSA_MIGRATION,2021,2022-03-20,746002949
2021-08-CENSUS-0000171944,GSA_MIGRATION,2021,2022-03-20,746003079
2021-08-CENSUS-0000171944,GSA_MIGRATION,2021,2022-03-20,746014065
2021-08-CENSUS-0000171944,GSA_MIGRATION,2021,2022-03-20,746016195
2021-08-CENSUS-0000171944,GSA_MIGRATION,2021,2022-03-20,746016766
2021-08-CENSUS-0000171944,GSA_MIGRATION,2021,2022-03-20,746021504
2021-08-CENSUS-0000171944,GSA_MIGRATION,2021,2022-03-20,746022211
2021-08-CENSUS-0000171944,GSA_MIGRATION,2021,2022-03-20,746024697
2021-08-CENSUS-0000171944,GSA_MIGRATION,2021,2022-03-20,746027289
2021-08-CENSUS-0000171944,GSA_MIGRATION,2021,2022-03-20,746027560
2021-08-CENSUS-0000171944,GSA_MIGRATION,2021,2022-03-20,751305566
2021-08-CENSUS-0000171944,GSA_MIGRATION,2021,2022-03-20,751393493
2021-08-CENSUS-0000171944,GSA_MIGRATION,2021,2022-03-20,751396988
2021-08-CENSUS-0000171944,GSA_MIGRATION,2021,2022-03-20,752655354
2021-08-CENSUS-0000171944,GSA_MIGRATION,2021,2022-03-20,752668014
2021-08-CENSUS-0000171944,GSA_MIGRATION,2021,2022-03-20,752668018
2021-08-CENSUS-0000171944,GSA_MIGRATION,2021,2022-03-20,752932678
2021-08-CENSUS-0000171944,GSA_MIGRATION,2021,2022-03-20,756000121
2021-08-CENSUS-0000171944,GSA_MIGRATION,2021,2022-03-20,756001222
2021-08-CENSUS-0000171944,GSA_MIGRATION,2021,2022-03-20,756001353
2021-06-CENSUS-0000219918,GSA_MIGRATION,2021,2022-09-29,230465970
2021-06-CENSUS-0000219918,GSA_MIGRATION,2021,2022-09-29,231370484
2021-06-CENSUS-0000219918,GSA_MIGRATION,2021,2022-09-29,230794160
2021-06-CENSUS-0000219918,GSA_MIGRATION,2021,2022-09-29,231360854
2021-06-CENSUS-0000219918,GSA_MIGRATION,2021,2022-09-29,231352222
2021-06-CENSUS-0000219918,GSA_MIGRATION,2021,2022-09-29,231352220
2021-06-CENSUS-0000219918,GSA_MIGRATION,2021,2022-09-29,231548822
2021-06-CENSUS-0000219918,GSA_MIGRATION,2021,2022-09-29,232899911
2021-06-CENSUS-0000219918,GSA_MIGRATION,2021,2022-09-29,232730785
2021-06-CENSUS-0000176098,GSA_MIGRATION,2021,2022-01-06,546001499
2021-06-CENSUS-0000176098,GSA_MIGRATION,2021,2022-01-06,546001495
2021-06-CENSUS-0000170300,GSA_MIGRATION,2021,2022-02-01,134226831
2021-06-CENSUS-0000245576,GSA_MIGRATION,2021,2022-01-31,474659707
2021-12-CENSUS-0000236573,GSA_MIGRATION,2021,2022-09-29,341571750
2021-12-CENSUS-0000255447,GSA_MIGRATION,2021,2022-09-29,474717998
2021-12-CENSUS-0000255447,GSA_MIGRATION,2021,2022-09-29,474718253
2021-12-CENSUS-0000255447,GSA_MIGRATION,2021,2022-09-29,810666871
2021-12-CENSUS-0000255447,GSA_MIGRATION,2021,2022-09-29,364462300
2021-12-CENSUS-0000254992,GSA_MIGRATION,2021,2022-09-29,680396600
2021-06-CENSUS-0000134397,GSA_MIGRATION,2021,2022-10-05,686002764
2021-08-CENSUS-0000171944,GSA_MIGRATION,2021,2022-03-20,756001354
2021-08-CENSUS-0000171944,GSA_MIGRATION,2021,2022-03-20,756001738
2021-08-CENSUS-0000171944,GSA_MIGRATION,2021,2022-03-20,756001870
2021-08-CENSUS-0000171944,GSA_MIGRATION,2021,2022-03-20,756002149
2021-08-CENSUS-0000171944,GSA_MIGRATION,2021,2022-03-20,756002403
2021-08-CENSUS-0000171944,GSA_MIGRATION,2021,2022-03-20,756002514
2021-08-CENSUS-0000171944,GSA_MIGRATION,2021,2022-03-20,756002618
2021-08-CENSUS-0000171944,GSA_MIGRATION,2021,2022-03-20,756002622
2021-08-CENSUS-0000171944,GSA_MIGRATION,2021,2022-03-20,756002868
2021-08-CENSUS-0000171944,GSA_MIGRATION,2021,2022-03-20,756031405
2021-08-CENSUS-0000171944,GSA_MIGRATION,2021,2022-03-20,756064033
2021-08-CENSUS-0000171944,GSA_MIGRATION,2021,2022-03-20,760658056
2021-08-CENSUS-0000171944,GSA_MIGRATION,2021,2022-03-20,760694136
2021-08-CENSUS-0000171944,GSA_MIGRATION,2021,2022-03-20,760695669
2021-08-CENSUS-0000171944,GSA_MIGRATION,2021,2022-03-20,841876045
2021-09-CENSUS-0000234424,GSA_MIGRATION,2021,2022-05-04,562660628
2021-12-CENSUS-0000195540,GSA_MIGRATION,2021,2022-06-14,760421307
2021-12-CENSUS-0000241730,GSA_MIGRATION,2021,2022-09-29,113224885
2021-12-CENSUS-0000241730,GSA_MIGRATION,2021,2022-09-29,113284066
2021-12-CENSUS-0000241730,GSA_MIGRATION,2021,2022-09-29,113555766
2021-12-CENSUS-0000241730,GSA_MIGRATION,2021,2022-09-29,208088453
2021-12-CENSUS-0000241730,GSA_MIGRATION,2021,2022-09-29,208180263
2021-12-CENSUS-0000241730,GSA_MIGRATION,2021,2022-09-29,510639649
2021-06-CENSUS-0000145872,GSA_MIGRATION,2021,2022-07-05,616033693
2021-06-CENSUS-0000175887,GSA_MIGRATION,2021,2022-03-10,546001795
2021-06-CENSUS-0000175887,GSA_MIGRATION,2021,2022-03-10,546001796
2021-06-CENSUS-0000175887,GSA_MIGRATION,2021,2022-03-10,546001800
2021-06-CENSUS-0000175887,GSA_MIGRATION,2021,2022-03-10,546001802
2021-06-CENSUS-0000175887,GSA_MIGRATION,2021,2022-03-10,814405060
2021-06-CENSUS-0000175887,GSA_MIGRATION,2021,2022-03-10,546001803
2021-06-CENSUS-0000175887,GSA_MIGRATION,2021,2022-03-10,546001804
2021-06-CENSUS-0000175887,GSA_MIGRATION,2021,2022-03-10,546001805
2021-06-CENSUS-0000175887,GSA_MIGRATION,2021,2022-03-10,546001809
2021-06-CENSUS-0000175887,GSA_MIGRATION,2021,2022-03-10,546001811
2021-06-CENSUS-0000175887,GSA_MIGRATION,2021,2022-03-10,546001813
2021-06-CENSUS-0000175887,GSA_MIGRATION,2021,2022-03-10,546002262
2021-06-CENSUS-0000175887,GSA_MIGRATION,2021,2022-03-10,546002286
2021-06-CENSUS-0000175887,GSA_MIGRATION,2021,2022-03-10,546002808
2021-06-CENSUS-0000175887,GSA_MIGRATION,2021,2022-03-10,546004497
2021-06-CENSUS-0000175887,GSA_MIGRATION,2021,2022-03-10,546020516
2021-06-CENSUS-0000175887,GSA_MIGRATION,2021,2022-03-10,546022061
2021-06-CENSUS-0000175887,GSA_MIGRATION,2021,2022-03-10,546022077
2021-06-CENSUS-0000175887,GSA_MIGRATION,2021,2022-03-10,546024817
2021-06-CENSUS-0000175887,GSA_MIGRATION,2021,2022-03-10,546025768
2021-06-CENSUS-0000175887,GSA_MIGRATION,2021,2022-03-10,546026876
2021-06-CENSUS-0000175887,GSA_MIGRATION,2021,2022-03-10,611505770
2021-09-CENSUS-0000152450,GSA_MIGRATION,2021,2022-03-02,646000897
2021-12-CENSUS-0000078587,GSA_MIGRATION,2021,2022-12-05,540525802
2021-12-CENSUS-0000078587,GSA_MIGRATION,2021,2022-12-05,541361310
2021-12-CENSUS-0000078587,GSA_MIGRATION,2021,2022-12-05,272845548
2021-12-CENSUS-0000078587,GSA_MIGRATION,2021,2022-12-05,203502477
2021-12-CENSUS-0000078587,GSA_MIGRATION,2021,2022-12-05,203523190
2021-12-CENSUS-0000078587,GSA_MIGRATION,2021,2022-12-05,264587374
2021-12-CENSUS-0000078587,GSA_MIGRATION,2021,2022-12-05,271219302
2021-12-CENSUS-0000255112,GSA_MIGRATION,2021,2022-09-28,421391031
2021-06-CENSUS-0000251198,GSA_MIGRATION,2021,2022-09-28,562276994
2021-06-CENSUS-0000251198,GSA_MIGRATION,2021,2022-09-28,560543238
2021-06-CENSUS-0000251198,GSA_MIGRATION,2021,2022-09-28,560552787
2021-06-CENSUS-0000251198,GSA_MIGRATION,2021,2022-09-28,830343789
2021-06-CENSUS-0000251198,GSA_MIGRATION,2021,2022-09-28,560532309
2021-06-CENSUS-0000237334,GSA_MIGRATION,2021,2022-04-24,473866758
2021-06-CENSUS-0000237334,GSA_MIGRATION,2021,2022-04-24,822311053
2021-06-CENSUS-0000230327,GSA_MIGRATION,2021,2022-01-30,621605071
2021-06-CENSUS-0000230327,GSA_MIGRATION,2021,2022-01-30,621590713
2021-06-CENSUS-0000230327,GSA_MIGRATION,2021,2022-01-30,621649052
2021-12-CENSUS-0000255247,GSA_MIGRATION,2021,2022-09-29,832357861
2021-06-CENSUS-0000081362,GSA_MIGRATION,2021,2022-09-15,562070036
2021-06-CENSUS-0000081362,GSA_MIGRATION,2021,2022-09-15,833076664
2021-06-CENSUS-0000251978,GSA_MIGRATION,2021,2022-01-09,562305098
2021-06-CENSUS-0000251978,GSA_MIGRATION,2021,2022-01-09,042630078
2021-06-CENSUS-0000251978,GSA_MIGRATION,2021,2022-01-09,237203001
2021-06-CENSUS-0000251978,GSA_MIGRATION,2021,2022-01-09,042711936
2021-06-CENSUS-0000251978,GSA_MIGRATION,2021,2022-01-09,260492878
2021-06-CENSUS-0000251978,GSA_MIGRATION,2021,2022-01-09,042587863
2021-12-CENSUS-0000103219,GSA_MIGRATION,2021,2022-06-23,208832986
2021-12-CENSUS-0000103219,GSA_MIGRATION,2021,2022-06-23,264307826
2021-12-CENSUS-0000103219,GSA_MIGRATION,2021,2022-06-23,271658922
2021-12-CENSUS-0000103219,GSA_MIGRATION,2021,2022-06-23,300782026
2021-12-CENSUS-0000103219,GSA_MIGRATION,2021,2022-06-23,383905974
2021-12-CENSUS-0000103219,GSA_MIGRATION,2021,2022-06-23,452536080
2021-12-CENSUS-0000103219,GSA_MIGRATION,2021,2022-06-23,452536121
2021-12-CENSUS-0000103219,GSA_MIGRATION,2021,2022-06-23,871732514
2021-12-CENSUS-0000103219,GSA_MIGRATION,2021,2022-06-23,455426309
2021-12-CENSUS-0000103219,GSA_MIGRATION,2021,2022-06-23,463515548
2021-12-CENSUS-0000103219,GSA_MIGRATION,2021,2022-06-23,471524782
2021-12-CENSUS-0000103219,GSA_MIGRATION,2021,2022-06-23,471527249
2021-12-CENSUS-0000103219,GSA_MIGRATION,2021,2022-06-23,471541322
2021-12-CENSUS-0000103219,GSA_MIGRATION,2021,2022-06-23,474709273
2021-12-CENSUS-0000103219,GSA_MIGRATION,2021,2022-06-23,611711649
2021-12-CENSUS-0000103219,GSA_MIGRATION,2021,2022-06-23,611711763
2021-12-CENSUS-0000103219,GSA_MIGRATION,2021,2022-06-23,742539401
2021-12-CENSUS-0000103219,GSA_MIGRATION,2021,2022-06-23,742564401
2021-12-CENSUS-0000103219,GSA_MIGRATION,2021,2022-06-23,742592916
2021-12-CENSUS-0000103219,GSA_MIGRATION,2021,2022-06-23,742602616
2021-12-CENSUS-0000103219,GSA_MIGRATION,2021,2022-06-23,742678601
2021-12-CENSUS-0000103219,GSA_MIGRATION,2021,2022-06-23,742748151
2021-12-CENSUS-0000103219,GSA_MIGRATION,2021,2022-06-23,742748153
2021-12-CENSUS-0000103219,GSA_MIGRATION,2021,2022-06-23,742748154
2021-12-CENSUS-0000103219,GSA_MIGRATION,2021,2022-06-23,742763624
2021-12-CENSUS-0000103219,GSA_MIGRATION,2021,2022-06-23,742877220
2021-12-CENSUS-0000103219,GSA_MIGRATION,2021,2022-06-23,742914069
2021-12-CENSUS-0000103219,GSA_MIGRATION,2021,2022-06-23,742941951
2021-12-CENSUS-0000103219,GSA_MIGRATION,2021,2022-06-23,742951149
2021-12-CENSUS-0000103219,GSA_MIGRATION,2021,2022-06-23,743018421
2021-12-CENSUS-0000103219,GSA_MIGRATION,2021,2022-06-23,743018422
2021-12-CENSUS-0000103219,GSA_MIGRATION,2021,2022-06-23,743018423
2021-12-CENSUS-0000103219,GSA_MIGRATION,2021,2022-06-23,743019950
2021-12-CENSUS-0000103219,GSA_MIGRATION,2021,2022-06-23,822471788
2021-12-CENSUS-0000103219,GSA_MIGRATION,2021,2022-06-23,830881482
2021-12-CENSUS-0000103219,GSA_MIGRATION,2021,2022-06-23,831562744
2021-12-CENSUS-0000103219,GSA_MIGRATION,2021,2022-06-23,831580963
2021-12-CENSUS-0000103219,GSA_MIGRATION,2021,2022-06-23,831594966
2021-12-CENSUS-0000103219,GSA_MIGRATION,2021,2022-06-23,831606631
2021-12-CENSUS-0000103219,GSA_MIGRATION,2021,2022-06-23,831622869
2021-12-CENSUS-0000103219,GSA_MIGRATION,2021,2022-06-23,831647935
2021-12-CENSUS-0000103219,GSA_MIGRATION,2021,2022-06-23,831657116
2021-12-CENSUS-0000103219,GSA_MIGRATION,2021,2022-06-23,834321982
2021-12-CENSUS-0000103219,GSA_MIGRATION,2021,2022-06-23,842697044
2021-12-CENSUS-0000103219,GSA_MIGRATION,2021,2022-06-23,843652178
2021-12-CENSUS-0000103219,GSA_MIGRATION,2021,2022-06-23,852312000
2021-12-CENSUS-0000248721,GSA_MIGRATION,2021,2022-07-06,861090535
2021-12-CENSUS-0000248721,GSA_MIGRATION,2021,2022-07-06,510517897
2021-12-CENSUS-0000248721,GSA_MIGRATION,2021,2022-07-06,510517896
2021-12-CENSUS-0000248721,GSA_MIGRATION,2021,2022-07-06,800089233
2021-12-CENSUS-0000248721,GSA_MIGRATION,2021,2022-07-06,463415213
2021-12-CENSUS-0000248721,GSA_MIGRATION,2021,2022-07-06,462437874
2021-12-CENSUS-0000248721,GSA_MIGRATION,2021,2022-07-06,464354228
2021-12-CENSUS-0000248721,GSA_MIGRATION,2021,2022-07-06,752966502
2021-12-CENSUS-0000248721,GSA_MIGRATION,2021,2022-07-06,825061743
2021-12-CENSUS-0000248721,GSA_MIGRATION,2021,2022-07-06,010801025
2021-12-CENSUS-0000248721,GSA_MIGRATION,2021,2022-07-06,272452190
2021-12-CENSUS-0000248721,GSA_MIGRATION,2021,2022-07-06,301067157
2021-12-CENSUS-0000248721,GSA_MIGRATION,2021,2022-07-06,301123744
2021-12-CENSUS-0000248721,GSA_MIGRATION,2021,2022-07-06,460605991
2021-12-CENSUS-0000248721,GSA_MIGRATION,2021,2022-07-06,460781287
2021-12-CENSUS-0000248721,GSA_MIGRATION,2021,2022-07-06,462131376
2021-12-CENSUS-0000248721,GSA_MIGRATION,2021,2022-07-06,465544042
2021-12-CENSUS-0000248721,GSA_MIGRATION,2021,2022-07-06,472271160
2021-12-CENSUS-0000248721,GSA_MIGRATION,2021,2022-07-06,472777991
2021-12-CENSUS-0000248721,GSA_MIGRATION,2021,2022-07-06,474546749
2021-12-CENSUS-0000248721,GSA_MIGRATION,2021,2022-07-06,474568036
2021-12-CENSUS-0000248721,GSA_MIGRATION,2021,2022-07-06,475004813
2021-12-CENSUS-0000248721,GSA_MIGRATION,2021,2022-07-06,510517882
2021-12-CENSUS-0000248721,GSA_MIGRATION,2021,2022-07-06,510517884
2021-12-CENSUS-0000248721,GSA_MIGRATION,2021,2022-07-06,510517886
2021-12-CENSUS-0000248721,GSA_MIGRATION,2021,2022-07-06,510517895
2021-12-CENSUS-0000248721,GSA_MIGRATION,2021,2022-07-06,522337036
2021-12-CENSUS-0000248721,GSA_MIGRATION,2021,2022-07-06,522407171
2021-12-CENSUS-0000248721,GSA_MIGRATION,2021,2022-07-06,522458651
2021-12-CENSUS-0000248721,GSA_MIGRATION,2021,2022-07-06,593778285
2021-12-CENSUS-0000248721,GSA_MIGRATION,2021,2022-07-06,742923927
2021-12-CENSUS-0000248721,GSA_MIGRATION,2021,2022-07-06,742968176
2021-12-CENSUS-0000248721,GSA_MIGRATION,2021,2022-07-06,751566426
2021-12-CENSUS-0000248721,GSA_MIGRATION,2021,2022-07-06,752966503
2021-12-CENSUS-0000248721,GSA_MIGRATION,2021,2022-07-06,800089228
2021-12-CENSUS-0000248721,GSA_MIGRATION,2021,2022-07-06,800089232
2021-12-CENSUS-0000248721,GSA_MIGRATION,2021,2022-07-06,811624974
2021-12-CENSUS-0000248721,GSA_MIGRATION,2021,2022-07-06,811637728
2021-12-CENSUS-0000248721,GSA_MIGRATION,2021,2022-07-06,812406385
2021-06-CENSUS-0000183614,GSA_MIGRATION,2021,2022-02-28,471758402
2021-06-CENSUS-0000183614,GSA_MIGRATION,2021,2022-02-28,570850754
2021-06-CENSUS-0000183614,GSA_MIGRATION,2021,2022-02-28,205833439
2021-06-CENSUS-0000183614,GSA_MIGRATION,2021,2022-02-28,571124624
2021-06-CENSUS-0000183614,GSA_MIGRATION,2021,2022-02-28,522132332
2021-06-CENSUS-0000183614,GSA_MIGRATION,2021,2022-02-28,010844046
2021-06-CENSUS-0000183614,GSA_MIGRATION,2021,2022-02-28,205833494
2021-12-CENSUS-0000237256,GSA_MIGRATION,2021,2022-09-28,576026361
2021-12-CENSUS-0000252682,GSA_MIGRATION,2021,2022-08-14,453785316
2021-12-CENSUS-0000252682,GSA_MIGRATION,2021,2022-08-14,581526493
2021-12-CENSUS-0000252682,GSA_MIGRATION,2021,2022-08-14,581532486
2021-12-CENSUS-0000252682,GSA_MIGRATION,2021,2022-08-14,581722199
2021-12-CENSUS-0000252682,GSA_MIGRATION,2021,2022-08-14,581837214
2021-12-CENSUS-0000252682,GSA_MIGRATION,2021,2022-08-14,581845374
2021-12-CENSUS-0000252682,GSA_MIGRATION,2021,2022-08-14,581864213
2021-12-CENSUS-0000252682,GSA_MIGRATION,2021,2022-08-14,581881367
2021-12-CENSUS-0000255306,GSA_MIGRATION,2021,2022-09-28,480577664
2021-12-CENSUS-0000255306,GSA_MIGRATION,2021,2022-09-28,481088982
2021-12-CENSUS-0000255306,GSA_MIGRATION,2021,2022-09-28,481155548
2021-09-CENSUS-0000106315,GSA_MIGRATION,2021,2022-06-29,322526373
2021-06-CENSUS-0000171369,GSA_MIGRATION,2021,2022-03-28,626000525
2021-06-CENSUS-0000171369,GSA_MIGRATION,2021,2022-03-28,620927548
2021-06-CENSUS-0000171369,GSA_MIGRATION,2021,2022-03-28,621642109
2021-06-CENSUS-0000171369,GSA_MIGRATION,2021,2022-03-28,626000524
2021-06-CENSUS-0000192079,GSA_MIGRATION,2021,2022-06-28,610600446
2021-06-CENSUS-0000192079,GSA_MIGRATION,2021,2022-06-28,610709416
2021-06-CENSUS-0000192079,GSA_MIGRATION,2021,2022-06-28,616033754
2021-06-CENSUS-0000192079,GSA_MIGRATION,2021,2022-06-28,690610001
2021-06-CENSUS-0000128399,GSA_MIGRATION,2021,2022-03-23,200448185
2021-06-CENSUS-0000128399,GSA_MIGRATION,2021,2022-03-23,200448213
2021-06-CENSUS-0000128399,GSA_MIGRATION,2021,2022-03-23,371549202
2021-06-CENSUS-0000128399,GSA_MIGRATION,2021,2022-03-23,990259573
2021-06-CENSUS-0000128399,GSA_MIGRATION,2021,2022-03-23,990267464
2021-06-CENSUS-0000128399,GSA_MIGRATION,2021,2022-03-23,990271385
2021-06-CENSUS-0000128399,GSA_MIGRATION,2021,2022-03-23,990317953
2021-06-CENSUS-0000251180,GSA_MIGRATION,2021,2022-09-26,364037473
2021-06-CENSUS-0000251180,GSA_MIGRATION,2021,2022-09-26,363965251
2021-06-CENSUS-0000251180,GSA_MIGRATION,2021,2022-09-26,581672987
2021-06-CENSUS-0000251180,GSA_MIGRATION,2021,2022-09-26,363297173
2021-06-CENSUS-0000251180,GSA_MIGRATION,2021,2022-09-26,362167784
2021-06-CENSUS-0000251180,GSA_MIGRATION,2021,2022-09-26,363555528
2021-12-CENSUS-0000255159,GSA_MIGRATION,2021,2022-09-28,364037473
2021-12-CENSUS-0000255159,GSA_MIGRATION,2021,2022-09-28,363965251
2021-12-CENSUS-0000255159,GSA_MIGRATION,2021,2022-09-28,581672987
2021-12-CENSUS-0000255159,GSA_MIGRATION,2021,2022-09-28,363297173
2021-12-CENSUS-0000255159,GSA_MIGRATION,2021,2022-09-28,362167784
2021-12-CENSUS-0000255159,GSA_MIGRATION,2021,2022-09-28,363555528
2021-12-CENSUS-0000020543,GSA_MIGRATION,2021,2022-09-29,274645523
2021-12-CENSUS-0000020543,GSA_MIGRATION,2021,2022-09-29,364761935
2021-12-CENSUS-0000020543,GSA_MIGRATION,2021,2022-09-29,221487330
2021-12-CENSUS-0000246406,GSA_MIGRATION,2021,2022-09-29,352606840
2021-12-CENSUS-0000255356,GSA_MIGRATION,2021,2022-09-29,042121377
2021-06-CENSUS-0000255036,GSA_MIGRATION,2021,2022-09-27,450600790
2021-06-CENSUS-0000247699,GSA_MIGRATION,2021,2022-09-28,911858433
2021-06-CENSUS-0000247699,GSA_MIGRATION,2021,2022-09-28,470785575
2021-06-CENSUS-0000247699,GSA_MIGRATION,2021,2022-09-28,204305186
2021-12-CENSUS-0000124631,GSA_MIGRATION,2021,2022-09-30,954384333
2021-12-CENSUS-0000255077,GSA_MIGRATION,2021,2022-09-28,161464642
2021-06-CENSUS-0000255171,GSA_MIGRATION,2021,2022-09-28,611293786
2021-06-CENSUS-0000255171,GSA_MIGRATION,2021,2022-09-28,843196350
2021-06-CENSUS-0000255171,GSA_MIGRATION,2021,2022-09-28,273645560
2021-06-CENSUS-0000090914,GSA_MIGRATION,2021,2022-04-24,592953807
2021-06-CENSUS-0000090914,GSA_MIGRATION,2021,2022-04-24,592953527
2021-09-CENSUS-0000124798,GSA_MIGRATION,2021,2022-02-28,208424918
2021-06-CENSUS-0000171421,GSA_MIGRATION,2021,2022-03-16,620714744
2021-09-CENSUS-0000253773,GSA_MIGRATION,2021,2022-06-29,710290019
2021-09-CENSUS-0000253773,GSA_MIGRATION,2021,2022-06-29,710835247
2021-09-CENSUS-0000253773,GSA_MIGRATION,2021,2022-06-29,273970823
2021-09-CENSUS-0000253773,GSA_MIGRATION,2021,2022-06-29,710788355
2021-09-CENSUS-0000253773,GSA_MIGRATION,2021,2022-06-29,331048492
2021-09-CENSUS-0000253773,GSA_MIGRATION,2021,2022-06-29,731650896
2021-12-CENSUS-0000226559,GSA_MIGRATION,2021,2022-07-05,202401676
2021-12-CENSUS-0000226559,GSA_MIGRATION,2021,2022-07-05,352087092
2021-12-CENSUS-0000226559,GSA_MIGRATION,2021,2022-07-05,351064295
2021-12-CENSUS-0000226559,GSA_MIGRATION,2021,2022-07-05,273514342
2021-12-CENSUS-0000226559,GSA_MIGRATION,2021,2022-07-05,351970706
2021-12-CENSUS-0000226559,GSA_MIGRATION,2021,2022-07-05,341045870
2021-12-CENSUS-0000226559,GSA_MIGRATION,2021,2022-07-05,260143823
2021-12-CENSUS-0000226559,GSA_MIGRATION,2021,2022-07-05,351135451
2021-12-CENSUS-0000226559,GSA_MIGRATION,2021,2022-07-05,350868085
2021-12-CENSUS-0000226559,GSA_MIGRATION,2021,2022-07-05,320467167
2021-12-CENSUS-0000226559,GSA_MIGRATION,2021,2022-07-05,351967665
2021-12-CENSUS-0000226559,GSA_MIGRATION,2021,2022-07-05,471753440
2021-12-CENSUS-0000226559,GSA_MIGRATION,2021,2022-07-05,611697669
2021-09-CENSUS-0000216886,GSA_MIGRATION,2021,2022-02-11,464193446
2021-09-CENSUS-0000253605,GSA_MIGRATION,2021,2022-06-23,042790699
2021-09-CENSUS-0000253605,GSA_MIGRATION,2021,2022-06-23,042986097
2021-09-CENSUS-0000253605,GSA_MIGRATION,2021,2022-06-23,043286718
2021-09-CENSUS-0000253605,GSA_MIGRATION,2021,2022-06-23,222678594
2021-09-CENSUS-0000253605,GSA_MIGRATION,2021,2022-06-23,042864081
2021-09-CENSUS-0000253605,GSA_MIGRATION,2021,2022-06-23,043085427
2021-09-CENSUS-0000253605,GSA_MIGRATION,2021,2022-06-23,431987409
2021-09-CENSUS-0000253605,GSA_MIGRATION,2021,2022-06-23,043259647
2021-09-CENSUS-0000253605,GSA_MIGRATION,2021,2022-06-23,042943146
2021-09-CENSUS-0000253605,GSA_MIGRATION,2021,2022-06-23,042702169
2021-09-CENSUS-0000253605,GSA_MIGRATION,2021,2022-06-23,042751258
2021-09-CENSUS-0000253605,GSA_MIGRATION,2021,2022-06-23,042764370
2021-09-CENSUS-0000253605,GSA_MIGRATION,2021,2022-06-23,042767602
2021-09-CENSUS-0000253605,GSA_MIGRATION,2021,2022-06-23,042910304
2021-09-CENSUS-0000253605,GSA_MIGRATION,2021,2022-06-23,042970129
2021-06-CENSUS-0000245895,GSA_MIGRATION,2021,2022-09-18,362167847
2021-06-CENSUS-0000245895,GSA_MIGRATION,2021,2022-09-18,390816848
2021-06-CENSUS-0000245895,GSA_MIGRATION,2021,2022-09-18,311551871
2021-06-CENSUS-0000238251,GSA_MIGRATION,2021,2022-05-02,111977906
2021-06-CENSUS-0000238251,GSA_MIGRATION,2021,2022-05-02,112870329
2021-06-CENSUS-0000238251,GSA_MIGRATION,2021,2022-05-02,200515660
2021-06-CENSUS-0000238251,GSA_MIGRATION,2021,2022-05-02,113583286
2021-06-CENSUS-0000171430,GSA_MIGRATION,2021,2022-01-17,626000807
2021-06-CENSUS-0000171430,GSA_MIGRATION,2021,2022-01-17,626020231
2021-06-CENSUS-0000171430,GSA_MIGRATION,2021,2022-01-17,662150296
2021-06-CENSUS-0000032921,GSA_MIGRATION,2021,2022-02-09,043542875
2021-06-CENSUS-0000032921,GSA_MIGRATION,2021,2022-02-09,223041897
2021-06-CENSUS-0000032921,GSA_MIGRATION,2021,2022-02-09,223305235
2021-06-CENSUS-0000032921,GSA_MIGRATION,2021,2022-02-09,223305236
2021-06-CENSUS-0000032921,GSA_MIGRATION,2021,2022-02-09,223502747
2021-06-CENSUS-0000032921,GSA_MIGRATION,2021,2022-02-09,223520771
2021-06-CENSUS-0000032921,GSA_MIGRATION,2021,2022-02-09,300158221
2021-06-CENSUS-0000032921,GSA_MIGRATION,2021,2022-02-09,311671588
2021-06-CENSUS-0000032921,GSA_MIGRATION,2021,2022-02-09,900158415
2021-06-CENSUS-0000032921,GSA_MIGRATION,2021,2022-02-09,900734882
2021-06-CENSUS-0000181664,GSA_MIGRATION,2021,2022-11-28,742652689
2021-06-CENSUS-0000181664,GSA_MIGRATION,2021,2022-11-28,452356396
2021-06-CENSUS-0000181664,GSA_MIGRATION,2021,2022-11-28,742579628
2021-06-CENSUS-0000181664,GSA_MIGRATION,2021,2022-11-28,860196696
2021-12-CENSUS-0000254508,GSA_MIGRATION,2021,2022-09-14,411801967
2021-12-CENSUS-0000254508,GSA_MIGRATION,2021,2022-09-14,410837659
2021-09-CENSUS-0000251498,GSA_MIGRATION,2021,2022-06-20,920192097
2021-09-CENSUS-0000251498,GSA_MIGRATION,2021,2022-06-20,450879946
2021-09-CENSUS-0000251498,GSA_MIGRATION,2021,2022-06-20,452654166
2021-12-CENSUS-0000254846,GSA_MIGRATION,2021,2022-09-26,465270768
2021-12-CENSUS-0000255435,GSA_MIGRATION,2021,2022-09-29,454102458
2021-12-CENSUS-0000255435,GSA_MIGRATION,2021,2022-09-29,562394825
2021-12-CENSUS-0000255435,GSA_MIGRATION,2021,2022-09-29,160982095
2021-12-CENSUS-0000255981,GSA_MIGRATION,2021,2022-11-17,751094140
2021-12-CENSUS-0000255981,GSA_MIGRATION,2021,2022-11-17,510190369
2021-12-CENSUS-0000206506,GSA_MIGRATION,2021,2022-07-20,474837308
2021-12-CENSUS-0000206506,GSA_MIGRATION,2021,2022-07-20,810584868
2021-12-CENSUS-0000171357,GSA_MIGRATION,2021,2022-09-29,460365317
2021-06-CENSUS-0000248817,GSA_MIGRATION,2021,2022-01-11,351665140
2021-06-CENSUS-0000248817,GSA_MIGRATION,2021,2022-01-11,351359391
2021-12-CENSUS-0000255267,GSA_MIGRATION,2021,2022-09-29,954691628
2021-12-CENSUS-0000255267,GSA_MIGRATION,2021,2022-09-29,834380858
2021-12-CENSUS-0000255267,GSA_MIGRATION,2021,2022-09-29,412273884
2021-06-CENSUS-0000003399,GSA_MIGRATION,2021,2022-05-04,222707246
2021-06-CENSUS-0000094052,GSA_MIGRATION,2021,2022-08-01,620868625
2021-06-CENSUS-0000229100,GSA_MIGRATION,2021,2022-02-28,731396478
2021-06-CENSUS-0000229100,GSA_MIGRATION,2021,2022-02-28,621600425
2021-06-CENSUS-0000229100,GSA_MIGRATION,2021,2022-02-28,731495692
2021-06-CENSUS-0000229100,GSA_MIGRATION,2021,2022-02-28,731505479
2021-12-CENSUS-0000254808,GSA_MIGRATION,2021,2022-09-26,770197005
2021-09-CENSUS-0000078670,GSA_MIGRATION,2021,2022-04-19,263129115
2021-09-CENSUS-0000078670,GSA_MIGRATION,2021,2022-04-19,850791495
2021-09-CENSUS-0000023522,GSA_MIGRATION,2021,2022-06-29,050258954
2021-09-CENSUS-0000023522,GSA_MIGRATION,2021,2022-06-29,050258905
2021-09-CENSUS-0000023522,GSA_MIGRATION,2021,2022-06-29,050258806
2021-09-CENSUS-0000023522,GSA_MIGRATION,2021,2022-06-29,050309043
2021-09-CENSUS-0000023522,GSA_MIGRATION,2021,2022-06-29,050258914
2021-09-CENSUS-0000238086,GSA_MIGRATION,2021,2022-06-29,462071548
2021-09-CENSUS-0000238086,GSA_MIGRATION,2021,2022-06-29,680526793
2021-09-CENSUS-0000238086,GSA_MIGRATION,2021,2022-06-29,760714516
2021-09-CENSUS-0000238086,GSA_MIGRATION,2021,2022-06-29,352315431
2021-09-CENSUS-0000238086,GSA_MIGRATION,2021,2022-06-29,352403567
2021-09-CENSUS-0000238086,GSA_MIGRATION,2021,2022-06-29,463305957
2021-09-CENSUS-0000141104,GSA_MIGRATION,2021,2022-07-11,450635592
2021-06-CENSUS-0000250803,GSA_MIGRATION,2021,2022-09-29,020258994
2021-06-CENSUS-0000171374,GSA_MIGRATION,2021,2022-01-25,621430290
2021-06-CENSUS-0000171374,GSA_MIGRATION,2021,2022-01-25,626000539
2021-06-CENSUS-0000171374,GSA_MIGRATION,2021,2022-01-25,626000540
2021-06-CENSUS-0000235391,GSA_MIGRATION,2021,2022-08-28,880213754
2021-06-CENSUS-0000235391,GSA_MIGRATION,2021,2022-08-28,460517825
2021-06-CENSUS-0000235391,GSA_MIGRATION,2021,2022-08-28,880236758
2021-06-CENSUS-0000081366,GSA_MIGRATION,2021,2022-09-29,223849199
2021-09-CENSUS-0000252942,GSA_MIGRATION,2021,2022-04-06,462964889
2021-12-CENSUS-0000253228,GSA_MIGRATION,2021,2022-05-16,344430716
2021-12-CENSUS-0000253228,GSA_MIGRATION,2021,2022-05-16,161768258
2021-12-CENSUS-0000253228,GSA_MIGRATION,2021,2022-05-16,474681100
2021-12-CENSUS-0000253228,GSA_MIGRATION,2021,2022-05-16,814799855
2021-12-CENSUS-0000253228,GSA_MIGRATION,2021,2022-05-16,341476934
2021-12-CENSUS-0000253228,GSA_MIGRATION,2021,2022-05-16,812899103
2021-12-CENSUS-0000253228,GSA_MIGRATION,2021,2022-05-16,812114911
2021-12-CENSUS-0000255246,GSA_MIGRATION,2021,2022-09-29,621832456
2021-12-CENSUS-0000255246,GSA_MIGRATION,2021,2022-09-29,621832453
2021-12-CENSUS-0000255246,GSA_MIGRATION,2021,2022-09-29,522331994
2021-12-CENSUS-0000255246,GSA_MIGRATION,2021,2022-09-29,621832455
2021-12-CENSUS-0000255246,GSA_MIGRATION,2021,2022-09-29,522332016
2021-12-CENSUS-0000255246,GSA_MIGRATION,2021,2022-09-29,522332002
2021-12-CENSUS-0000255246,GSA_MIGRATION,2021,2022-09-29,621832454
2021-12-CENSUS-0000255246,GSA_MIGRATION,2021,2022-09-29,621832434
2021-12-CENSUS-0000255246,GSA_MIGRATION,2021,2022-09-29,522332015
2021-12-CENSUS-0000255246,GSA_MIGRATION,2021,2022-09-29,522331995
2021-12-CENSUS-0000255246,GSA_MIGRATION,2021,2022-09-29,522332006
2021-12-CENSUS-0000255246,GSA_MIGRATION,2021,2022-09-29,522332014
2021-12-CENSUS-0000255246,GSA_MIGRATION,2021,2022-09-29,522332017
2021-12-CENSUS-0000255246,GSA_MIGRATION,2021,2022-09-29,522332020
2021-12-CENSUS-0000255246,GSA_MIGRATION,2021,2022-09-29,621832435
2021-06-CENSUS-0000176088,GSA_MIGRATION,2021,2022-02-10,546001428
2021-06-CENSUS-0000176088,GSA_MIGRATION,2021,2022-02-10,471595337
2021-06-CENSUS-0000254810,GSA_MIGRATION,2021,2022-09-26,590817603
2021-06-CENSUS-0000014379,GSA_MIGRATION,2021,2022-03-30,133622106
2021-06-CENSUS-0000014379,GSA_MIGRATION,2021,2022-03-30,208017249
2021-06-CENSUS-0000154885,GSA_MIGRATION,2021,2022-01-03,490491233
2021-06-CENSUS-0000250736,GSA_MIGRATION,2021,2022-05-08,526056274
2021-06-CENSUS-0000250736,GSA_MIGRATION,2021,2022-05-08,520608007
2021-06-CENSUS-0000250736,GSA_MIGRATION,2021,2022-05-08,520591607
2021-06-CENSUS-0000250736,GSA_MIGRATION,2021,2022-05-08,520491660
2021-06-CENSUS-0000250736,GSA_MIGRATION,2021,2022-05-08,521542230
2021-06-CENSUS-0000250736,GSA_MIGRATION,2021,2022-05-08,522218584
2021-06-CENSUS-0000250736,GSA_MIGRATION,2021,2022-05-08,710958897
2021-06-CENSUS-0000250736,GSA_MIGRATION,2021,2022-05-08,460726303
2021-06-CENSUS-0000250736,GSA_MIGRATION,2021,2022-05-08,520646893
2021-06-CENSUS-0000250736,GSA_MIGRATION,2021,2022-05-08,521366812
2021-06-CENSUS-0000250736,GSA_MIGRATION,2021,2022-05-08,521369749
2021-06-CENSUS-0000250736,GSA_MIGRATION,2021,2022-05-08,520619006
2021-06-CENSUS-0000250736,GSA_MIGRATION,2021,2022-05-08,522153926
2021-06-CENSUS-0000250736,GSA_MIGRATION,2021,2022-05-08,520591685
2021-06-CENSUS-0000250736,GSA_MIGRATION,2021,2022-05-08,521332411
2021-06-CENSUS-0000250736,GSA_MIGRATION,2021,2022-05-08,521372467
2021-06-CENSUS-0000250736,GSA_MIGRATION,2021,2022-05-08,521980510
2021-06-CENSUS-0000250736,GSA_MIGRATION,2021,2022-05-08,530196597
2021-06-CENSUS-0000250736,GSA_MIGRATION,2021,2022-05-08,521458516
2021-06-CENSUS-0000250736,GSA_MIGRATION,2021,2022-05-08,521272129
2021-06-CENSUS-0000250736,GSA_MIGRATION,2021,2022-05-08,522351736
2021-06-CENSUS-0000250736,GSA_MIGRATION,2021,2022-05-08,461322238
2021-06-CENSUS-0000250736,GSA_MIGRATION,2021,2022-05-08,274234724
2021-06-CENSUS-0000250736,GSA_MIGRATION,2021,2022-05-08,464207757
2021-06-CENSUS-0000250736,GSA_MIGRATION,2021,2022-05-08,464237992
2021-06-CENSUS-0000250736,GSA_MIGRATION,2021,2022-05-08,521749666
2021-06-CENSUS-0000250736,GSA_MIGRATION,2021,2022-05-08,475145654
2021-06-CENSUS-0000250736,GSA_MIGRATION,2021,2022-05-08,462691028
2021-06-CENSUS-0000250736,GSA_MIGRATION,2021,2022-05-08,522107062
2021-06-CENSUS-0000250736,GSA_MIGRATION,2021,2022-05-08,521513056
2021-06-CENSUS-0000250736,GSA_MIGRATION,2021,2022-05-08,522320119
2021-06-CENSUS-0000250736,GSA_MIGRATION,2021,2022-05-08,812557673
2021-06-CENSUS-0000250736,GSA_MIGRATION,2021,2022-05-08,521132992
2021-06-CENSUS-0000250736,GSA_MIGRATION,2021,2022-05-08,562616090
2021-06-CENSUS-0000250736,GSA_MIGRATION,2021,2022-05-08,823193901
2021-06-CENSUS-0000250736,GSA_MIGRATION,2021,2022-05-08,134244093
2021-06-CENSUS-0000250736,GSA_MIGRATION,2021,2022-05-08,521588688
2021-06-CENSUS-0000250736,GSA_MIGRATION,2021,2022-05-08,980188617
2021-06-CENSUS-0000250736,GSA_MIGRATION,2021,2022-05-08,274234575
2021-06-CENSUS-0000250736,GSA_MIGRATION,2021,2022-05-08,274465955
2021-06-CENSUS-0000250736,GSA_MIGRATION,2021,2022-05-08,464207755
2021-06-CENSUS-0000250736,GSA_MIGRATION,2021,2022-05-08,452660572
2021-06-CENSUS-0000250736,GSA_MIGRATION,2021,2022-05-08,464217508
2021-06-CENSUS-0000250736,GSA_MIGRATION,2021,2022-05-08,453688816
2021-06-CENSUS-0000250736,GSA_MIGRATION,2021,2022-05-08,464228016
2021-06-CENSUS-0000250736,GSA_MIGRATION,2021,2022-05-08,462700536
2021-06-CENSUS-0000250736,GSA_MIGRATION,2021,2022-05-08,822967407
2021-06-CENSUS-0000250736,GSA_MIGRATION,2021,2022-05-08,464003552
2021-06-CENSUS-0000250736,GSA_MIGRATION,2021,2022-05-08,460773035
2021-06-CENSUS-0000250736,GSA_MIGRATION,2021,2022-05-08,454019056
2021-06-CENSUS-0000250736,GSA_MIGRATION,2021,2022-05-08,522030801
2021-06-CENSUS-0000250736,GSA_MIGRATION,2021,2022-05-08,743096971
2021-06-CENSUS-0000250736,GSA_MIGRATION,2021,2022-05-08,521360693
2021-06-CENSUS-0000250736,GSA_MIGRATION,2021,2022-05-08,522228444
2021-06-CENSUS-0000250736,GSA_MIGRATION,2021,2022-05-08,521893569
2021-06-CENSUS-0000250736,GSA_MIGRATION,2021,2022-05-08,521995521
2021-06-CENSUS-0000250736,GSA_MIGRATION,2021,2022-05-08,521913070
2021-06-CENSUS-0000250736,GSA_MIGRATION,2021,2022-05-08,205580876
2021-06-CENSUS-0000250736,GSA_MIGRATION,2021,2022-05-08,273069865
2021-06-CENSUS-0000250736,GSA_MIGRATION,2021,2022-05-08,237042074
2021-06-CENSUS-0000250736,GSA_MIGRATION,2021,2022-05-08,870694006
2021-06-CENSUS-0000250736,GSA_MIGRATION,2021,2022-05-08,743126319
2021-06-CENSUS-0000250736,GSA_MIGRATION,2021,2022-05-08,452919679
2021-06-CENSUS-0000250736,GSA_MIGRATION,2021,2022-05-08,900753340
2021-06-CENSUS-0000250736,GSA_MIGRATION,2021,2022-05-08,521930331
2021-06-CENSUS-0000250736,GSA_MIGRATION,2021,2022-05-08,522242146
2021-06-CENSUS-0000250736,GSA_MIGRATION,2021,2022-05-08,272549579
2021-12-CENSUS-0000114934,GSA_MIGRATION,2021,2022-07-05,371502691
2021-12-CENSUS-0000114934,GSA_MIGRATION,2021,2022-07-05,464287418
2021-12-CENSUS-0000114934,GSA_MIGRATION,2021,2022-07-05,912122682
2021-12-CENSUS-0000114934,GSA_MIGRATION,2021,2022-07-05,834538343
2021-12-CENSUS-0000114934,GSA_MIGRATION,2021,2022-07-05,911336048
2021-12-CENSUS-0000114934,GSA_MIGRATION,2021,2022-07-05,911251500
2021-12-CENSUS-0000114934,GSA_MIGRATION,2021,2022-07-05,911128950
2021-06-CENSUS-0000001165,GSA_MIGRATION,2021,2022-05-24,020360640
2021-09-CENSUS-0000253678,GSA_MIGRATION,2021,2022-06-27,522309007
2021-06-CENSUS-0000176114,GSA_MIGRATION,2021,2022-02-08,546001607
2021-06-CENSUS-0000176114,GSA_MIGRATION,2021,2022-02-08,546001611
2021-06-CENSUS-0000050665,GSA_MIGRATION,2021,2022-01-06,363944647
2021-06-CENSUS-0000050665,GSA_MIGRATION,2021,2022-01-06,364236976
2021-06-CENSUS-0000233512,GSA_MIGRATION,2021,2022-03-13,611720711
2021-09-CENSUS-0000184193,GSA_MIGRATION,2021,2022-03-23,721503217
2021-08-CENSUS-0000249662,GSA_MIGRATION,2021,2022-05-12,463031476
2021-12-CENSUS-0000248721,GSA_MIGRATION,2021,2022-07-06,812765701
2021-12-CENSUS-0000248721,GSA_MIGRATION,2021,2022-07-06,813537998
2021-12-CENSUS-0000248721,GSA_MIGRATION,2021,2022-07-06,823216169
2021-12-CENSUS-0000248721,GSA_MIGRATION,2021,2022-07-06,823254090
2021-12-CENSUS-0000248721,GSA_MIGRATION,2021,2022-07-06,824981363
2021-12-CENSUS-0000248721,GSA_MIGRATION,2021,2022-07-06,825027278
2021-12-CENSUS-0000248721,GSA_MIGRATION,2021,2022-07-06,825073845
2021-12-CENSUS-0000248721,GSA_MIGRATION,2021,2022-07-06,825102627
2021-12-CENSUS-0000248721,GSA_MIGRATION,2021,2022-07-06,825167064
2021-12-CENSUS-0000248721,GSA_MIGRATION,2021,2022-07-06,825173292
2021-12-CENSUS-0000248721,GSA_MIGRATION,2021,2022-07-06,825202825
2021-12-CENSUS-0000248721,GSA_MIGRATION,2021,2022-07-06,825209275
2021-12-CENSUS-0000248721,GSA_MIGRATION,2021,2022-07-06,825221441
2021-12-CENSUS-0000248721,GSA_MIGRATION,2021,2022-07-06,830411648
2021-12-CENSUS-0000248721,GSA_MIGRATION,2021,2022-07-06,831029636
2021-06-CENSUS-0000156063,GSA_MIGRATION,2021,2022-04-14,020261657
2021-12-CENSUS-0000218190,GSA_MIGRATION,2021,2022-10-26,205493091
2021-12-CENSUS-0000218190,GSA_MIGRATION,2021,2022-10-26,134365481
2021-12-CENSUS-0000218190,GSA_MIGRATION,2021,2022-10-26,208808059
2021-12-CENSUS-0000218190,GSA_MIGRATION,2021,2022-10-26,142005241
2021-12-CENSUS-0000218190,GSA_MIGRATION,2021,2022-10-26,510621633
2021-12-CENSUS-0000218190,GSA_MIGRATION,2021,2022-10-26,160743945
2021-12-CENSUS-0000218190,GSA_MIGRATION,2021,2022-10-26,364618548
2021-12-CENSUS-0000218190,GSA_MIGRATION,2021,2022-10-26,204649120
2021-12-CENSUS-0000218190,GSA_MIGRATION,2021,2022-10-26,352313041
2021-12-CENSUS-0000218190,GSA_MIGRATION,2021,2022-10-26,160743944
2021-06-CENSUS-0000246678,GSA_MIGRATION,2021,2022-09-28,843131467
2021-06-CENSUS-0000246678,GSA_MIGRATION,2021,2022-09-28,843700835
2021-06-CENSUS-0000246678,GSA_MIGRATION,2021,2022-09-28,821462688
2021-06-CENSUS-0000246678,GSA_MIGRATION,2021,2022-09-28,621176354
2021-06-CENSUS-0000246678,GSA_MIGRATION,2021,2022-09-28,621787098
2021-06-CENSUS-0000246678,GSA_MIGRATION,2021,2022-09-28,260170070
2021-06-CENSUS-0000246678,GSA_MIGRATION,2021,2022-09-28,462325870
2021-06-CENSUS-0000246678,GSA_MIGRATION,2021,2022-09-28,621855535
2021-06-CENSUS-0000246678,GSA_MIGRATION,2021,2022-09-28,461571024
2021-06-CENSUS-0000246678,GSA_MIGRATION,2021,2022-09-28,141895171
2021-06-CENSUS-0000246678,GSA_MIGRATION,2021,2022-09-28,261241612
2021-06-CENSUS-0000246678,GSA_MIGRATION,2021,2022-09-28,263762022
2021-06-CENSUS-0000246678,GSA_MIGRATION,2021,2022-09-28,300964540
2021-06-CENSUS-0000246678,GSA_MIGRATION,2021,2022-09-28,621404948
2021-06-CENSUS-0000246678,GSA_MIGRATION,2021,2022-09-28,621650124
2021-06-CENSUS-0000246678,GSA_MIGRATION,2021,2022-09-28,621654580
2021-06-CENSUS-0000246678,GSA_MIGRATION,2021,2022-09-28,621864145
2021-06-CENSUS-0000246678,GSA_MIGRATION,2021,2022-09-28,812692564
2021-06-CENSUS-0000246678,GSA_MIGRATION,2021,2022-09-28,813915926
2021-06-CENSUS-0000246678,GSA_MIGRATION,2021,2022-09-28,821456647
2021-06-CENSUS-0000246678,GSA_MIGRATION,2021,2022-09-28,821681443
2021-06-CENSUS-0000246678,GSA_MIGRATION,2021,2022-09-28,821685569
2021-06-CENSUS-0000246678,GSA_MIGRATION,2021,2022-09-28,821686154
2021-06-CENSUS-0000246678,GSA_MIGRATION,2021,2022-09-28,821942209
2021-06-CENSUS-0000246678,GSA_MIGRATION,2021,2022-09-28,824143617
2021-06-CENSUS-0000246678,GSA_MIGRATION,2021,2022-09-28,824148840
2021-06-CENSUS-0000246678,GSA_MIGRATION,2021,2022-09-28,824174759
2021-06-CENSUS-0000246678,GSA_MIGRATION,2021,2022-09-28,853419620
2021-06-CENSUS-0000246678,GSA_MIGRATION,2021,2022-09-28,853420386
2021-06-CENSUS-0000246678,GSA_MIGRATION,2021,2022-09-28,853448238
2021-09-CENSUS-0000255743,GSA_MIGRATION,2021,2022-10-26,550737600
2021-06-CENSUS-0000253951,GSA_MIGRATION,2021,2022-07-12,710774925
2021-06-CENSUS-0000253951,GSA_MIGRATION,2021,2022-07-12,237198398
2021-06-CENSUS-0000253951,GSA_MIGRATION,2021,2022-07-12,710416869
2021-06-CENSUS-0000253951,GSA_MIGRATION,2021,2022-07-12,710479416
2021-06-CENSUS-0000001354,GSA_MIGRATION,2021,2022-02-09,811952664
2021-06-CENSUS-0000006022,GSA_MIGRATION,2021,2022-05-21,050517019
2021-12-CENSUS-0000252569,GSA_MIGRATION,2021,2022-04-28,455352976
2021-12-CENSUS-0000252569,GSA_MIGRATION,2021,2022-04-28,475312741
2021-12-CENSUS-0000252569,GSA_MIGRATION,2021,2022-04-28,824750959
2021-12-CENSUS-0000248721,GSA_MIGRATION,2021,2022-07-06,831072617
2021-12-CENSUS-0000248721,GSA_MIGRATION,2021,2022-07-06,843056937
2021-12-CENSUS-0000248721,GSA_MIGRATION,2021,2022-07-06,844495222
2021-12-CENSUS-0000248721,GSA_MIGRATION,2021,2022-07-06,861090526
2021-12-CENSUS-0000248721,GSA_MIGRATION,2021,2022-07-06,861090531
2021-12-CENSUS-0000248721,GSA_MIGRATION,2021,2022-07-06,861090533
2021-12-CENSUS-0000248721,GSA_MIGRATION,2021,2022-07-06,870755141
2021-12-CENSUS-0000248721,GSA_MIGRATION,2021,2022-07-06,900129534
2021-12-CENSUS-0000248721,GSA_MIGRATION,2021,2022-07-06,900178143
2021-06-CENSUS-0000252765,GSA_MIGRATION,2021,2022-03-29,421411233
2021-06-CENSUS-0000252765,GSA_MIGRATION,2021,2022-03-29,383320710
2021-06-CENSUS-0000252765,GSA_MIGRATION,2021,2022-03-29,421185707
2021-09-CENSUS-0000253690,GSA_MIGRATION,2021,2022-06-28,752485366
2021-09-CENSUS-0000253690,GSA_MIGRATION,2021,2022-06-28,752705881
2021-06-CENSUS-0000088289,GSA_MIGRATION,2021,2022-02-06,593201112
2021-06-CENSUS-0000088289,GSA_MIGRATION,2021,2022-02-06,455855182
2021-06-CENSUS-0000088289,GSA_MIGRATION,2021,2022-02-06,593405746
2021-06-CENSUS-0000088289,GSA_MIGRATION,2021,2022-02-06,493492167
2021-06-CENSUS-0000088289,GSA_MIGRATION,2021,2022-02-06,371620362
2021-06-CENSUS-0000088289,GSA_MIGRATION,2021,2022-02-06,273395014
2021-06-CENSUS-0000088289,GSA_MIGRATION,2021,2022-02-06,592999635
2021-06-CENSUS-0000088289,GSA_MIGRATION,2021,2022-02-06,273070662
2021-06-CENSUS-0000088289,GSA_MIGRATION,2021,2022-02-06,274287768
2021-06-CENSUS-0000088289,GSA_MIGRATION,2021,2022-02-06,454775619
2021-09-CENSUS-0000253570,GSA_MIGRATION,2021,2022-06-20,043159969
2021-06-CENSUS-0000176112,GSA_MIGRATION,2021,2022-09-29,546001599
2021-06-CENSUS-0000176112,GSA_MIGRATION,2021,2022-09-29,541215131
2021-06-CENSUS-0000176112,GSA_MIGRATION,2021,2022-09-29,546001596
2021-06-CENSUS-0000176112,GSA_MIGRATION,2021,2022-09-29,541573882
2021-06-CENSUS-0000176112,GSA_MIGRATION,2021,2022-09-29,541222073
2021-12-CENSUS-0000241730,GSA_MIGRATION,2021,2022-09-29,112126736
2021-12-CENSUS-0000241730,GSA_MIGRATION,2021,2022-09-29,113613997
2021-12-CENSUS-0000241730,GSA_MIGRATION,2021,2022-09-29,061603195
2021-12-CENSUS-0000241730,GSA_MIGRATION,2021,2022-09-29,113090867
2021-12-CENSUS-0000241730,GSA_MIGRATION,2021,2022-09-29,111871039
2021-12-CENSUS-0000241730,GSA_MIGRATION,2021,2022-09-29,113438973
2021-12-CENSUS-0000241730,GSA_MIGRATION,2021,2022-09-29,061562701
2021-12-CENSUS-0000241730,GSA_MIGRATION,2021,2022-09-29,112050523
2021-12-CENSUS-0000241730,GSA_MIGRATION,2021,2022-09-29,111888924
2021-12-CENSUS-0000241730,GSA_MIGRATION,2021,2022-09-29,111635088
2021-12-CENSUS-0000241730,GSA_MIGRATION,2021,2022-09-29,112861698
2021-12-CENSUS-0000241730,GSA_MIGRATION,2021,2022-09-29,112924518
2021-12-CENSUS-0000241730,GSA_MIGRATION,2021,2022-09-29,112958438
2021-06-CENSUS-0000204878,GSA_MIGRATION,2021,2022-06-23,810407289
2021-06-CENSUS-0000204878,GSA_MIGRATION,2021,2022-06-23,810286525
2021-08-CENSUS-0000008907,GSA_MIGRATION,2021,2022-07-24,112547234
2021-08-CENSUS-0000008907,GSA_MIGRATION,2021,2022-07-24,113057583
2021-09-CENSUS-0000252514,GSA_MIGRATION,2021,2022-03-13,465394907
2021-09-CENSUS-0000253458,GSA_MIGRATION,2021,2022-06-09,710766341
2021-09-CENSUS-0000253458,GSA_MIGRATION,2021,2022-06-09,710766343
2021-09-CENSUS-0000250987,GSA_MIGRATION,2021,2022-03-21,562101090
2021-09-CENSUS-0000250987,GSA_MIGRATION,2021,2022-03-21,562072002
2021-09-CENSUS-0000250987,GSA_MIGRATION,2021,2022-03-21,562093700
2021-09-CENSUS-0000250987,GSA_MIGRATION,2021,2022-03-21,562003393
2021-09-CENSUS-0000250987,GSA_MIGRATION,2021,2022-03-21,560585243
2021-09-CENSUS-0000250987,GSA_MIGRATION,2021,2022-03-21,562112733
2021-09-CENSUS-0000250987,GSA_MIGRATION,2021,2022-03-21,566011594
2021-09-CENSUS-0000250987,GSA_MIGRATION,2021,2022-03-21,560989789
2021-09-CENSUS-0000250987,GSA_MIGRATION,2021,2022-03-21,452436270
2021-09-CENSUS-0000250987,GSA_MIGRATION,2021,2022-03-21,561949493
2021-09-CENSUS-0000250987,GSA_MIGRATION,2021,2022-03-21,561396133
2021-09-CENSUS-0000250987,GSA_MIGRATION,2021,2022-03-21,383740839
2021-09-CENSUS-0000250987,GSA_MIGRATION,2021,2022-03-21,262558314
2021-09-CENSUS-0000250987,GSA_MIGRATION,2021,2022-03-21,561925492
2021-09-CENSUS-0000254474,GSA_MIGRATION,2021,2022-09-13,473885964
2021-06-CENSUS-0000154881,GSA_MIGRATION,2021,2022-09-18,455426026
2021-06-CENSUS-0000154881,GSA_MIGRATION,2021,2022-09-18,251903092
2021-06-CENSUS-0000154881,GSA_MIGRATION,2021,2022-09-18,470789985
2021-06-CENSUS-0000214108,GSA_MIGRATION,2021,2022-02-17,363245072
2021-06-CENSUS-0000095401,GSA_MIGRATION,2021,2022-09-29,833818710
2021-06-CENSUS-0000095401,GSA_MIGRATION,2021,2022-09-29,833809572
2021-09-CENSUS-0000241259,GSA_MIGRATION,2021,2022-06-19,454907023
2021-09-CENSUS-0000241259,GSA_MIGRATION,2021,2022-06-19,455568773
2021-09-CENSUS-0000241259,GSA_MIGRATION,2021,2022-06-19,460893642
2021-09-CENSUS-0000241259,GSA_MIGRATION,2021,2022-06-19,462726702
2021-09-CENSUS-0000241259,GSA_MIGRATION,2021,2022-06-19,462796563
2021-09-CENSUS-0000241259,GSA_MIGRATION,2021,2022-06-19,462997400
2021-09-CENSUS-0000241259,GSA_MIGRATION,2021,2022-06-19,463011555
2021-09-CENSUS-0000241259,GSA_MIGRATION,2021,2022-06-19,463101450
2021-09-CENSUS-0000241259,GSA_MIGRATION,2021,2022-06-19,463277388
2021-09-CENSUS-0000241259,GSA_MIGRATION,2021,2022-06-19,371793285
2021-09-CENSUS-0000241259,GSA_MIGRATION,2021,2022-06-19,320504741
2021-09-CENSUS-0000241259,GSA_MIGRATION,2021,2022-06-19,352597656
2021-09-CENSUS-0000241259,GSA_MIGRATION,2021,2022-06-19,843045094
2021-09-CENSUS-0000241259,GSA_MIGRATION,2021,2022-06-19,300313534
2021-06-CENSUS-0000205726,GSA_MIGRATION,2021,2022-09-29,464604901
2021-06-CENSUS-0000205726,GSA_MIGRATION,2021,2022-09-29,730579285
2021-06-CENSUS-0000205726,GSA_MIGRATION,2021,2022-09-29,350584463
2021-06-CENSUS-0000205726,GSA_MIGRATION,2021,2022-09-29,462288155
2021-06-CENSUS-0000205726,GSA_MIGRATION,2021,2022-09-29,731453048
2021-06-CENSUS-0000205726,GSA_MIGRATION,2021,2022-09-29,731500629
2021-06-CENSUS-0000205726,GSA_MIGRATION,2021,2022-09-29,261318515
2021-06-CENSUS-0000205726,GSA_MIGRATION,2021,2022-09-29,621684203
2021-06-CENSUS-0000205726,GSA_MIGRATION,2021,2022-09-29,431718408
2021-06-CENSUS-0000205726,GSA_MIGRATION,2021,2022-09-29,431856028
2021-06-CENSUS-0000205726,GSA_MIGRATION,2021,2022-09-29,270842031
2021-06-CENSUS-0000205726,GSA_MIGRATION,2021,2022-09-29,431771217
2021-06-CENSUS-0000205726,GSA_MIGRATION,2021,2022-09-29,261318597
2021-06-CENSUS-0000205726,GSA_MIGRATION,2021,2022-09-29,621684230
2021-06-CENSUS-0000205726,GSA_MIGRATION,2021,2022-09-29,270473057
2021-06-CENSUS-0000205726,GSA_MIGRATION,2021,2022-09-29,431560263
2021-06-CENSUS-0000205726,GSA_MIGRATION,2021,2022-09-29,270814858
2021-06-CENSUS-0000205726,GSA_MIGRATION,2021,2022-09-29,430620279
2021-06-CENSUS-0000205726,GSA_MIGRATION,2021,2022-09-29,430980256
2021-06-CENSUS-0000205726,GSA_MIGRATION,2021,2022-09-29,431066883
2021-06-CENSUS-0000205726,GSA_MIGRATION,2021,2022-09-29,821802538
2021-09-CENSUS-0000207710,GSA_MIGRATION,2021,2022-01-31,010800655
2021-06-CENSUS-0000121525,GSA_MIGRATION,2021,2022-02-13,943163905
2021-12-CENSUS-0000255494,GSA_MIGRATION,2021,2022-09-29,141347717
2021-12-CENSUS-0000255494,GSA_MIGRATION,2021,2022-09-29,131740104
2021-12-CENSUS-0000255494,GSA_MIGRATION,2021,2022-09-29,141340100
2021-12-CENSUS-0000255494,GSA_MIGRATION,2021,2022-09-29,061381994
2021-06-CENSUS-0000216353,GSA_MIGRATION,2021,2022-01-06,836000855
2021-12-CENSUS-0000252375,GSA_MIGRATION,2021,2022-09-29,550611919
2021-12-CENSUS-0000252375,GSA_MIGRATION,2021,2022-09-29,311524546
2021-12-CENSUS-0000252375,GSA_MIGRATION,2021,2022-09-29,264058719
2021-12-CENSUS-0000252375,GSA_MIGRATION,2021,2022-09-29,550383321
2021-12-CENSUS-0000252375,GSA_MIGRATION,2021,2022-09-29,550462730
2021-12-CENSUS-0000252375,GSA_MIGRATION,2021,2022-09-29,550359755
2021-12-CENSUS-0000252375,GSA_MIGRATION,2021,2022-09-29,550420956
2021-12-CENSUS-0000252375,GSA_MIGRATION,2021,2022-09-29,550357045
2021-12-CENSUS-0000252375,GSA_MIGRATION,2021,2022-09-29,550356996
2021-12-CENSUS-0000252375,GSA_MIGRATION,2021,2022-09-29,550525724
2021-12-CENSUS-0000252375,GSA_MIGRATION,2021,2022-09-29,550638563
2021-12-CENSUS-0000252375,GSA_MIGRATION,2021,2022-09-29,550643304
2021-12-CENSUS-0000252375,GSA_MIGRATION,2021,2022-09-29,550650441
2021-12-CENSUS-0000252375,GSA_MIGRATION,2021,2022-09-29,550752788
2021-12-CENSUS-0000078587,GSA_MIGRATION,2021,2022-12-05,461955980
2021-12-CENSUS-0000078587,GSA_MIGRATION,2021,2022-12-05,474966649
2021-12-CENSUS-0000078587,GSA_MIGRATION,2021,2022-12-05,541299931
2021-12-CENSUS-0000078587,GSA_MIGRATION,2021,2022-12-05,542018390
2021-12-CENSUS-0000078587,GSA_MIGRATION,2021,2022-12-05,542022822
2021-12-CENSUS-0000078587,GSA_MIGRATION,2021,2022-12-05,830620626
2021-12-CENSUS-0000078587,GSA_MIGRATION,2021,2022-12-05,833314437
2021-12-CENSUS-0000009532,GSA_MIGRATION,2021,2022-09-27,131740118
2021-12-CENSUS-0000009532,GSA_MIGRATION,2021,2022-09-27,112965586
2021-12-CENSUS-0000009532,GSA_MIGRATION,2021,2022-09-27,113368503
2021-12-CENSUS-0000009532,GSA_MIGRATION,2021,2022-09-27,112868878
2021-12-CENSUS-0000009532,GSA_MIGRATION,2021,2022-09-27,111562701
2021-12-CENSUS-0000009532,GSA_MIGRATION,2021,2022-09-27,112241326
2021-12-CENSUS-0000009532,GSA_MIGRATION,2021,2022-09-27,111667761
2021-12-CENSUS-0000009532,GSA_MIGRATION,2021,2022-09-27,111630914
2021-12-CENSUS-0000009532,GSA_MIGRATION,2021,2022-09-27,111633487
2021-12-CENSUS-0000009532,GSA_MIGRATION,2021,2022-09-27,113241243
2021-12-CENSUS-0000252098,GSA_MIGRATION,2021,2022-09-19,461291334
2021-12-CENSUS-0000255044,GSA_MIGRATION,2021,2022-09-27,480968434
2021-12-CENSUS-0000255044,GSA_MIGRATION,2021,2022-09-27,480673557
2021-06-CENSUS-0000171362,GSA_MIGRATION,2021,2022-02-09,620000486
2021-06-CENSUS-0000171362,GSA_MIGRATION,2021,2022-02-09,620000489
2021-12-CENSUS-0000255597,GSA_MIGRATION,2021,2022-10-10,911811449
2021-06-CENSUS-0000254229,GSA_MIGRATION,2021,2022-08-15,810386812
2021-12-CENSUS-0000249510,GSA_MIGRATION,2021,2022-04-07,821659466
2021-12-CENSUS-0000249510,GSA_MIGRATION,2021,2022-04-07,630314610
2021-12-CENSUS-0000249510,GSA_MIGRATION,2021,2022-04-07,821764908
2021-12-CENSUS-0000249510,GSA_MIGRATION,2021,2022-04-07,821659323
2021-12-CENSUS-0000249510,GSA_MIGRATION,2021,2022-04-07,582338201
2021-12-CENSUS-0000249510,GSA_MIGRATION,2021,2022-04-07,821842047
2021-12-CENSUS-0000249510,GSA_MIGRATION,2021,2022-04-07,821700371
2021-12-CENSUS-0000249510,GSA_MIGRATION,2021,2022-04-07,472323744
2021-12-CENSUS-0000216178,GSA_MIGRATION,2021,2022-05-18,942802034
2021-12-CENSUS-0000194687,GSA_MIGRATION,2021,2022-04-27,821972456
2021-12-CENSUS-0000194687,GSA_MIGRATION,2021,2022-04-27,454845897
2021-12-CENSUS-0000194687,GSA_MIGRATION,2021,2022-04-27,161551942
2021-12-CENSUS-0000194687,GSA_MIGRATION,2021,2022-04-27,203888962
2021-12-CENSUS-0000194687,GSA_MIGRATION,2021,2022-04-27,264727560
2021-12-CENSUS-0000194687,GSA_MIGRATION,2021,2022-04-27,201230703
2021-12-CENSUS-0000194687,GSA_MIGRATION,2021,2022-04-27,161542853
2021-12-CENSUS-0000194687,GSA_MIGRATION,2021,2022-04-27,822100361
2021-12-CENSUS-0000194687,GSA_MIGRATION,2021,2022-04-27,203987077
2021-12-CENSUS-0000194687,GSA_MIGRATION,2021,2022-04-27,161633628
2021-12-CENSUS-0000194687,GSA_MIGRATION,2021,2022-04-27,550854904
2021-12-CENSUS-0000194687,GSA_MIGRATION,2021,2022-04-27,010607626
2021-12-CENSUS-0000194687,GSA_MIGRATION,2021,2022-04-27,202585518
2021-12-CENSUS-0000194687,GSA_MIGRATION,2021,2022-04-27,201453574
2021-12-CENSUS-0000194687,GSA_MIGRATION,2021,2022-04-27,454460312
2021-12-CENSUS-0000194687,GSA_MIGRATION,2021,2022-04-27,651320518
2021-12-CENSUS-0000194687,GSA_MIGRATION,2021,2022-04-27,743054963
2021-12-CENSUS-0000194687,GSA_MIGRATION,2021,2022-04-27,261767093
2021-12-CENSUS-0000194687,GSA_MIGRATION,2021,2022-04-27,161526284
2021-12-CENSUS-0000194687,GSA_MIGRATION,2021,2022-04-27,161232968
2021-12-CENSUS-0000194687,GSA_MIGRATION,2021,2022-04-27,161575986
2021-12-CENSUS-0000194687,GSA_MIGRATION,2021,2022-04-27,161538108
2021-06-CENSUS-0000215980,GSA_MIGRATION,2021,2022-01-05,113596666
2021-06-CENSUS-0000183455,GSA_MIGRATION,2021,2022-03-23,202344144
2021-06-CENSUS-0000183455,GSA_MIGRATION,2021,2022-03-23,472845537
2021-06-CENSUS-0000183455,GSA_MIGRATION,2021,2022-03-23,930814490
2021-06-CENSUS-0000183455,GSA_MIGRATION,2021,2022-03-23,930986405
2021-06-CENSUS-0000183455,GSA_MIGRATION,2021,2022-03-23,943395473
2021-12-CENSUS-0000254209,GSA_MIGRATION,2021,2022-08-15,470710889
2021-06-CENSUS-0000254076,GSA_MIGRATION,2021,2022-07-31,841033516
2021-06-CENSUS-0000254076,GSA_MIGRATION,2021,2022-07-31,800021498
2021-12-CENSUS-0000226247,GSA_MIGRATION,2021,2022-07-31,562038762
2021-06-CENSUS-0000255162,GSA_MIGRATION,2021,2022-09-28,542052107
2021-12-CENSUS-0000108208,GSA_MIGRATION,2021,2022-08-22,810524158
2021-12-CENSUS-0000108208,GSA_MIGRATION,2021,2022-08-22,812075539
2021-12-CENSUS-0000108208,GSA_MIGRATION,2021,2022-08-22,271832846
2021-12-CENSUS-0000108208,GSA_MIGRATION,2021,2022-08-22,770492293
2021-12-CENSUS-0000252622,GSA_MIGRATION,2021,2022-09-29,271858033
2021-12-CENSUS-0000252622,GSA_MIGRATION,2021,2022-09-29,480868859
2021-12-CENSUS-0000252622,GSA_MIGRATION,2021,2022-09-29,833768458
2021-12-CENSUS-0000252622,GSA_MIGRATION,2021,2022-09-29,833748461
2021-12-CENSUS-0000252622,GSA_MIGRATION,2021,2022-09-29,593231322
2021-12-CENSUS-0000252622,GSA_MIGRATION,2021,2022-09-29,862639185
2021-12-CENSUS-0000252622,GSA_MIGRATION,2021,2022-09-29,841793121
2021-12-CENSUS-0000252622,GSA_MIGRATION,2021,2022-09-29,834672945
2021-12-CENSUS-0000252622,GSA_MIGRATION,2021,2022-09-29,830976641
2021-12-CENSUS-0000252622,GSA_MIGRATION,2021,2022-09-29,870901094
2021-12-CENSUS-0000252622,GSA_MIGRATION,2021,2022-09-29,841817046
2021-12-CENSUS-0000252622,GSA_MIGRATION,2021,2022-09-29,364595806
2021-12-CENSUS-0000252622,GSA_MIGRATION,2021,2022-09-29,862666178
2021-12-CENSUS-0000252622,GSA_MIGRATION,2021,2022-09-29,471881744
2021-12-CENSUS-0000252622,GSA_MIGRATION,2021,2022-09-29,843225135
2021-12-CENSUS-0000252622,GSA_MIGRATION,2021,2022-09-29,651219504
2021-12-CENSUS-0000252622,GSA_MIGRATION,2021,2022-09-29,205774723
2021-12-CENSUS-0000252622,GSA_MIGRATION,2021,2022-09-29,363208390
2021-12-CENSUS-0000252622,GSA_MIGRATION,2021,2022-09-29,521347407
2021-12-CENSUS-0000252622,GSA_MIGRATION,2021,2022-09-29,352243397
2021-12-CENSUS-0000252622,GSA_MIGRATION,2021,2022-09-29,364138353
2021-12-CENSUS-0000252622,GSA_MIGRATION,2021,2022-09-29,273566344
2021-12-CENSUS-0000252622,GSA_MIGRATION,2021,2022-09-29,581425000
2021-12-CENSUS-0000252622,GSA_MIGRATION,2021,2022-09-29,591479658
2021-12-CENSUS-0000252622,GSA_MIGRATION,2021,2022-09-29,362276984
2021-12-CENSUS-0000252622,GSA_MIGRATION,2021,2022-09-29,203256430
2021-12-CENSUS-0000252622,GSA_MIGRATION,2021,2022-09-29,811105774
2021-12-CENSUS-0000252622,GSA_MIGRATION,2021,2022-09-29,821652787
2021-12-CENSUS-0000252622,GSA_MIGRATION,2021,2022-09-29,363354567
2021-12-CENSUS-0000252622,GSA_MIGRATION,2021,2022-09-29,472360513
2021-12-CENSUS-0000252622,GSA_MIGRATION,2021,2022-09-29,592855792
2021-12-CENSUS-0000252622,GSA_MIGRATION,2021,2022-09-29,510605694
2021-12-CENSUS-0000252622,GSA_MIGRATION,2021,2022-09-29,593000857
2021-12-CENSUS-0000252622,GSA_MIGRATION,2021,2022-09-29,822713727
2021-12-CENSUS-0000252622,GSA_MIGRATION,2021,2022-09-29,381359189
2021-12-CENSUS-0000252622,GSA_MIGRATION,2021,2022-09-29,205782342
2021-12-CENSUS-0000252622,GSA_MIGRATION,2021,2022-09-29,205782243
2021-12-CENSUS-0000252622,GSA_MIGRATION,2021,2022-09-29,820811227
2021-12-CENSUS-0000252622,GSA_MIGRATION,2021,2022-09-29,510605681
2021-12-CENSUS-0000252622,GSA_MIGRATION,2021,2022-09-29,391365168
2021-12-CENSUS-0000252622,GSA_MIGRATION,2021,2022-09-29,463477012
2021-12-CENSUS-0000252622,GSA_MIGRATION,2021,2022-09-29,510605682
2021-12-CENSUS-0000252622,GSA_MIGRATION,2021,2022-09-29,205782260
2021-12-CENSUS-0000252622,GSA_MIGRATION,2021,2022-09-29,510605684
2021-12-CENSUS-0000252622,GSA_MIGRATION,2021,2022-09-29,205774748
2021-12-CENSUS-0000252622,GSA_MIGRATION,2021,2022-09-29,364516183
2021-12-CENSUS-0000252622,GSA_MIGRATION,2021,2022-09-29,582171011
2021-12-CENSUS-0000252622,GSA_MIGRATION,2021,2022-09-29,811877464
2021-12-CENSUS-0000252622,GSA_MIGRATION,2021,2022-09-29,560543246
2021-12-CENSUS-0000252622,GSA_MIGRATION,2021,2022-09-29,205774761
2021-12-CENSUS-0000252622,GSA_MIGRATION,2021,2022-09-29,821748255
2021-12-CENSUS-0000252622,GSA_MIGRATION,2021,2022-09-29,593235305
2021-12-CENSUS-0000252622,GSA_MIGRATION,2021,2022-09-29,822567308
2021-12-CENSUS-0000252622,GSA_MIGRATION,2021,2022-09-29,202392253
2021-12-CENSUS-0000254927,GSA_MIGRATION,2021,2022-09-27,396005654
2021-12-CENSUS-0000217432,GSA_MIGRATION,2021,2022-09-29,160743966
2021-12-CENSUS-0000217432,GSA_MIGRATION,2021,2022-09-29,160978184
2021-12-CENSUS-0000217432,GSA_MIGRATION,2021,2022-09-29,223159644
2021-12-CENSUS-0000217432,GSA_MIGRATION,2021,2022-09-29,223210351
2021-12-CENSUS-0000217432,GSA_MIGRATION,2021,2022-09-29,237221763
2021-12-CENSUS-0000217432,GSA_MIGRATION,2021,2022-09-29,161012691
2021-12-CENSUS-0000217432,GSA_MIGRATION,2021,2022-09-29,161311581
2021-12-CENSUS-0000217432,GSA_MIGRATION,2021,2022-09-29,166069131
2021-12-CENSUS-0000217432,GSA_MIGRATION,2021,2022-09-29,222608311
2021-12-CENSUS-0000217432,GSA_MIGRATION,2021,2022-09-29,222918126
2021-12-CENSUS-0000217432,GSA_MIGRATION,2021,2022-09-29,223130818
2021-12-CENSUS-0000217432,GSA_MIGRATION,2021,2022-09-29,460714367
2021-12-CENSUS-0000217432,GSA_MIGRATION,2021,2022-09-29,464249555
2021-12-CENSUS-0000217432,GSA_MIGRATION,2021,2022-09-29,611654232
2021-12-CENSUS-0000217432,GSA_MIGRATION,2021,2022-09-29,843134268
2021-06-CENSUS-0000242417,GSA_MIGRATION,2021,2022-01-25,221487560
2021-06-CENSUS-0000242417,GSA_MIGRATION,2021,2022-01-25,223565894
2021-09-CENSUS-0000253454,GSA_MIGRATION,2021,2022-06-05,640834917
2021-09-CENSUS-0000253454,GSA_MIGRATION,2021,2022-06-05,640871970
2021-09-CENSUS-0000253454,GSA_MIGRATION,2021,2022-06-05,841676027
2021-09-CENSUS-0000253454,GSA_MIGRATION,2021,2022-06-05,320222103
2021-09-CENSUS-0000253454,GSA_MIGRATION,2021,2022-06-05,800290005
2021-09-CENSUS-0000253454,GSA_MIGRATION,2021,2022-06-05,943443963
2021-09-CENSUS-0000253454,GSA_MIGRATION,2021,2022-06-05,474187935
2021-09-CENSUS-0000253454,GSA_MIGRATION,2021,2022-06-05,275038127
2021-09-CENSUS-0000253454,GSA_MIGRATION,2021,2022-06-05,331190699
2021-09-CENSUS-0000253454,GSA_MIGRATION,2021,2022-06-05,300285657
2021-09-CENSUS-0000253454,GSA_MIGRATION,2021,2022-06-05,463951705
2021-06-CENSUS-0000010636,GSA_MIGRATION,2021,2022-03-30,237314995
2021-12-CENSUS-0000253559,GSA_MIGRATION,2021,2022-06-21,270581440
2021-06-CENSUS-0000176264,GSA_MIGRATION,2021,2022-01-09,546000332
2021-06-CENSUS-0000176267,GSA_MIGRATION,2021,2022-01-20,546001301
2021-06-CENSUS-0000026234,GSA_MIGRATION,2021,2022-08-11,201232531
2021-06-CENSUS-0000026234,GSA_MIGRATION,2021,2022-08-11,205880364
2021-06-CENSUS-0000026234,GSA_MIGRATION,2021,2022-08-11,231352202
2021-06-CENSUS-0000026234,GSA_MIGRATION,2021,2022-08-11,231689692
2021-06-CENSUS-0000026234,GSA_MIGRATION,2021,2022-08-11,232349341
2021-06-CENSUS-0000026234,GSA_MIGRATION,2021,2022-08-11,232421970
2021-06-CENSUS-0000026234,GSA_MIGRATION,2021,2022-08-11,232440891
2021-06-CENSUS-0000026234,GSA_MIGRATION,2021,2022-08-11,232532377
2021-06-CENSUS-0000026234,GSA_MIGRATION,2021,2022-08-11,232535297
2021-06-CENSUS-0000026234,GSA_MIGRATION,2021,2022-08-11,232611442
2021-06-CENSUS-0000026234,GSA_MIGRATION,2021,2022-08-11,232700908
2021-06-CENSUS-0000026234,GSA_MIGRATION,2021,2022-08-11,232866006
2021-06-CENSUS-0000026234,GSA_MIGRATION,2021,2022-08-11,232948774
2021-06-CENSUS-0000026234,GSA_MIGRATION,2021,2022-08-11,233022467
2021-06-CENSUS-0000026234,GSA_MIGRATION,2021,2022-08-11,233096124
2021-06-CENSUS-0000026234,GSA_MIGRATION,2021,2022-08-11,240795623
2021-06-CENSUS-0000026234,GSA_MIGRATION,2021,2022-08-11,831905823
2021-06-CENSUS-0000026234,GSA_MIGRATION,2021,2022-08-11,843843850
2021-06-CENSUS-0000026234,GSA_MIGRATION,2021,2022-08-11,843864735
2021-06-CENSUS-0000026234,GSA_MIGRATION,2021,2022-08-11,843987128
2021-06-CENSUS-0000026234,GSA_MIGRATION,2021,2022-08-11,844004771
2021-06-CENSUS-0000026234,GSA_MIGRATION,2021,2022-08-11,843878831
2021-06-CENSUS-0000026234,GSA_MIGRATION,2021,2022-08-11,844028262
2021-06-CENSUS-0000026234,GSA_MIGRATION,2021,2022-08-11,832261980
2021-12-CENSUS-0000254659,GSA_MIGRATION,2021,2022-09-21,133438643
2021-12-CENSUS-0000254659,GSA_MIGRATION,2021,2022-09-21,320060822
2021-12-CENSUS-0000254659,GSA_MIGRATION,2021,2022-09-21,111672777
2021-12-CENSUS-0000250847,GSA_MIGRATION,2021,2022-07-14,050458759
2021-12-CENSUS-0000250847,GSA_MIGRATION,2021,2022-07-14,050259003
2021-12-CENSUS-0000250847,GSA_MIGRATION,2021,2022-07-14,056012787
2021-12-CENSUS-0000250847,GSA_MIGRATION,2021,2022-07-14,046074284
2021-12-CENSUS-0000250847,GSA_MIGRATION,2021,2022-07-14,050514476
2021-06-CENSUS-0000070117,GSA_MIGRATION,2021,2022-07-27,481030088
2021-06-CENSUS-0000070117,GSA_MIGRATION,2021,2022-07-27,842043415
2021-06-CENSUS-0000070117,GSA_MIGRATION,2021,2022-07-27,452542345
2021-06-CENSUS-0000070117,GSA_MIGRATION,2021,2022-07-27,481030086
2021-06-CENSUS-0000070117,GSA_MIGRATION,2021,2022-07-27,481030087
2021-06-CENSUS-0000070117,GSA_MIGRATION,2021,2022-07-27,843399890
2021-12-CENSUS-0000224554,GSA_MIGRATION,2021,2022-07-31,542090908
2021-12-CENSUS-0000224554,GSA_MIGRATION,2021,2022-07-31,753163877
2021-12-CENSUS-0000224554,GSA_MIGRATION,2021,2022-07-31,753163879
2021-12-CENSUS-0000224554,GSA_MIGRATION,2021,2022-07-31,270392391
2021-12-CENSUS-0000224554,GSA_MIGRATION,2021,2022-07-31,471987125
2021-12-CENSUS-0000224554,GSA_MIGRATION,2021,2022-07-31,472478210
2021-12-CENSUS-0000224554,GSA_MIGRATION,2021,2022-07-31,202413149
2021-12-CENSUS-0000224554,GSA_MIGRATION,2021,2022-07-31,541713494
2021-12-CENSUS-0000224554,GSA_MIGRATION,2021,2022-07-31,462189789
2021-12-CENSUS-0000224554,GSA_MIGRATION,2021,2022-07-31,464999623
2021-12-CENSUS-0000224554,GSA_MIGRATION,2021,2022-07-31,460613816
2021-12-CENSUS-0000224554,GSA_MIGRATION,2021,2022-07-31,141905406
2021-12-CENSUS-0000224554,GSA_MIGRATION,2021,2022-07-31,208771044
2021-12-CENSUS-0000224554,GSA_MIGRATION,2021,2022-07-31,271949623
2021-12-CENSUS-0000224554,GSA_MIGRATION,2021,2022-07-31,541600987
2021-12-CENSUS-0000224554,GSA_MIGRATION,2021,2022-07-31,541893899
2021-12-CENSUS-0000224554,GSA_MIGRATION,2021,2022-07-31,264440162
2021-12-CENSUS-0000224554,GSA_MIGRATION,2021,2022-07-31,270393024
2021-12-CENSUS-0000224554,GSA_MIGRATION,2021,2022-07-31,451607621
2021-12-CENSUS-0000224554,GSA_MIGRATION,2021,2022-07-31,815107799
2021-12-CENSUS-0000253007,GSA_MIGRATION,2021,2022-04-19,452557237
2021-12-CENSUS-0000208872,GSA_MIGRATION,2021,2022-09-29,431575307
2021-12-CENSUS-0000208872,GSA_MIGRATION,2021,2022-09-29,431664107
2021-12-CENSUS-0000208872,GSA_MIGRATION,2021,2022-09-29,431708511
2021-12-CENSUS-0000208872,GSA_MIGRATION,2021,2022-09-29,431754347
2021-12-CENSUS-0000208872,GSA_MIGRATION,2021,2022-09-29,431788151
2021-12-CENSUS-0000208872,GSA_MIGRATION,2021,2022-09-29,431825256
2021-12-CENSUS-0000208872,GSA_MIGRATION,2021,2022-09-29,431940683
2021-12-CENSUS-0000208872,GSA_MIGRATION,2021,2022-09-29,431940686
2021-12-CENSUS-0000208872,GSA_MIGRATION,2021,2022-09-29,436331003
2021-12-CENSUS-0000208872,GSA_MIGRATION,2021,2022-09-29,440579850
2021-12-CENSUS-0000208872,GSA_MIGRATION,2021,2022-09-29,452995500
2021-12-CENSUS-0000208872,GSA_MIGRATION,2021,2022-09-29,455055149
2021-12-CENSUS-0000208872,GSA_MIGRATION,2021,2022-09-29,455458304
2021-06-CENSUS-0000225731,GSA_MIGRATION,2021,2022-09-29,271111353
2021-06-CENSUS-0000225731,GSA_MIGRATION,2021,2022-09-29,274697590
2021-06-CENSUS-0000225731,GSA_MIGRATION,2021,2022-09-29,611758896
2021-06-CENSUS-0000225731,GSA_MIGRATION,2021,2022-09-29,520591658
2021-06-CENSUS-0000225731,GSA_MIGRATION,2021,2022-09-29,521495113
2021-06-CENSUS-0000225731,GSA_MIGRATION,2021,2022-09-29,522173656
2021-06-CENSUS-0000225731,GSA_MIGRATION,2021,2022-09-29,521419602
2021-06-CENSUS-0000225731,GSA_MIGRATION,2021,2022-09-29,522046586
2021-06-CENSUS-0000225731,GSA_MIGRATION,2021,2022-09-29,521968440
2021-06-CENSUS-0000225731,GSA_MIGRATION,2021,2022-09-29,521180710
2021-06-CENSUS-0000225731,GSA_MIGRATION,2021,2022-09-29,521995474
2021-06-CENSUS-0000225731,GSA_MIGRATION,2021,2022-09-29,980206045
2021-12-CENSUS-0000217856,GSA_MIGRATION,2021,2022-09-29,900864974
2022-06-CENSUS-0000100242,NMFEJ7X3UTV1,2022,2022-10-24,412093509
2022-06-CENSUS-0000100242,NMFEJ7X3UTV1,2022,2022-10-24,421589809
2021-06-CENSUS-0000002470,GSA_MIGRATION,2021,2022-03-09,046002778
2021-06-CENSUS-0000247791,GSA_MIGRATION,2021,2022-02-14,742622426
2021-06-CENSUS-0000247791,GSA_MIGRATION,2021,2022-02-14,522325727
2021-06-CENSUS-0000247791,GSA_MIGRATION,2021,2022-02-14,901078761
2021-06-CENSUS-0000247791,GSA_MIGRATION,2021,2022-02-14,463705759
2021-09-CENSUS-0000215722,GSA_MIGRATION,2021,2022-02-16,431441744
2021-06-CENSUS-0000256190,GSA_MIGRATION,2021,2022-12-08,731547175
2021-06-CENSUS-0000252261,GSA_MIGRATION,2021,2022-02-10,420680245
2021-06-CENSUS-0000252261,GSA_MIGRATION,2021,2022-02-10,455327981
2021-06-CENSUS-0000252261,GSA_MIGRATION,2021,2022-02-10,421157665
2021-06-CENSUS-0000252261,GSA_MIGRATION,2021,2022-02-10,421264664
2021-06-CENSUS-0000252261,GSA_MIGRATION,2021,2022-02-10,420680420
2021-06-CENSUS-0000252261,GSA_MIGRATION,2021,2022-02-10,421478832
2021-06-CENSUS-0000252261,GSA_MIGRATION,2021,2022-02-10,421390033
2021-06-CENSUS-0000171489,GSA_MIGRATION,2021,2022-03-30,620874441
2021-06-CENSUS-0000171489,GSA_MIGRATION,2021,2022-03-30,621766150
2021-06-CENSUS-0000171489,GSA_MIGRATION,2021,2022-03-30,626000426
2021-06-CENSUS-0000112232,GSA_MIGRATION,2021,2022-03-30,453089294
2021-08-CENSUS-0000108031,GSA_MIGRATION,2021,2022-01-02,134305403
2021-10-CENSUS-0000208896,GSA_MIGRATION,2021,2022-06-13,320404142
2021-10-CENSUS-0000208896,GSA_MIGRATION,2021,2022-06-13,383901134
2021-10-CENSUS-0000208896,GSA_MIGRATION,2021,2022-06-13,411707215
2021-10-CENSUS-0000208896,GSA_MIGRATION,2021,2022-06-13,455021272
2021-10-CENSUS-0000208896,GSA_MIGRATION,2021,2022-06-13,521419251
2021-10-CENSUS-0000208896,GSA_MIGRATION,2021,2022-06-13,680112019
2021-10-CENSUS-0000208896,GSA_MIGRATION,2021,2022-06-13,680130988
2021-10-CENSUS-0000208896,GSA_MIGRATION,2021,2022-06-13,680157498
2021-10-CENSUS-0000208896,GSA_MIGRATION,2021,2022-06-13,680380418
2021-10-CENSUS-0000208896,GSA_MIGRATION,2021,2022-06-13,800905173
2021-10-CENSUS-0000208896,GSA_MIGRATION,2021,2022-06-13,942916437
2021-10-CENSUS-0000208896,GSA_MIGRATION,2021,2022-06-13,943287536
2021-10-CENSUS-0000208896,GSA_MIGRATION,2021,2022-06-13,943325614
2021-10-CENSUS-0000208896,GSA_MIGRATION,2021,2022-06-13,943325617
2021-10-CENSUS-0000208896,GSA_MIGRATION,2021,2022-06-13,943325619
2021-10-CENSUS-0000208896,GSA_MIGRATION,2021,2022-06-13,943365590
2021-12-CENSUS-0000213514,GSA_MIGRATION,2021,2022-09-22,440545297
2021-12-CENSUS-0000213514,GSA_MIGRATION,2021,2022-09-22,742849611
2021-12-CENSUS-0000213514,GSA_MIGRATION,2021,2022-09-22,481203262
2021-12-CENSUS-0000213514,GSA_MIGRATION,2021,2022-09-22,480543792
2021-12-CENSUS-0000213514,GSA_MIGRATION,2021,2022-09-22,562488077
2021-12-CENSUS-0000213514,GSA_MIGRATION,2021,2022-09-22,440565393
2021-12-CENSUS-0000213514,GSA_MIGRATION,2021,2022-09-22,431735565
2021-12-CENSUS-0000213514,GSA_MIGRATION,2021,2022-09-22,431707306
2021-12-CENSUS-0000213514,GSA_MIGRATION,2021,2022-09-22,843362602
2021-12-CENSUS-0000213514,GSA_MIGRATION,2021,2022-09-22,431127200
2021-12-CENSUS-0000213514,GSA_MIGRATION,2021,2022-09-22,431139083
2021-12-CENSUS-0000213514,GSA_MIGRATION,2021,2022-09-22,431598353
2021-12-CENSUS-0000213514,GSA_MIGRATION,2021,2022-09-22,431609584
2021-12-CENSUS-0000213514,GSA_MIGRATION,2021,2022-09-22,453851008
2021-12-CENSUS-0000213514,GSA_MIGRATION,2021,2022-09-22,454725529
2021-12-CENSUS-0000253582,GSA_MIGRATION,2021,2022-06-22,900506109
2021-12-CENSUS-0000253582,GSA_MIGRATION,2021,2022-06-22,820771384
2021-12-CENSUS-0000254825,GSA_MIGRATION,2021,2022-09-26,030483122
2021-12-CENSUS-0000254825,GSA_MIGRATION,2021,2022-09-26,263108193
2021-09-CENSUS-0000229326,GSA_MIGRATION,2021,2022-06-06,814008967
2021-09-CENSUS-0000229326,GSA_MIGRATION,2021,2022-06-06,461067929
2021-09-CENSUS-0000229326,GSA_MIGRATION,2021,2022-06-06,461077490
2021-09-CENSUS-0000229326,GSA_MIGRATION,2021,2022-06-06,861796575
2021-09-CENSUS-0000229326,GSA_MIGRATION,2021,2022-06-06,832802830
2021-06-CENSUS-0000253396,GSA_MIGRATION,2021,2022-06-01,480806277
2021-06-CENSUS-0000253396,GSA_MIGRATION,2021,2022-06-01,462797950
2021-06-CENSUS-0000253396,GSA_MIGRATION,2021,2022-06-01,461206730
2021-06-CENSUS-0000253396,GSA_MIGRATION,2021,2022-06-01,463932110
2021-12-CENSUS-0000253524,GSA_MIGRATION,2021,2022-06-16,421763846
2021-12-CENSUS-0000253524,GSA_MIGRATION,2021,2022-06-16,474676036
2021-12-CENSUS-0000253524,GSA_MIGRATION,2021,2022-06-16,341879613
2021-12-CENSUS-0000253524,GSA_MIGRATION,2021,2022-06-16,341784955
2021-12-CENSUS-0000253524,GSA_MIGRATION,2021,2022-06-16,814903890
2021-12-CENSUS-0000253524,GSA_MIGRATION,2021,2022-06-16,900400460
2021-12-CENSUS-0000253524,GSA_MIGRATION,2021,2022-06-16,341832689
2021-06-CENSUS-0000254783,GSA_MIGRATION,2021,2022-09-26,390806250
2021-06-CENSUS-0000254783,GSA_MIGRATION,2021,2022-09-26,390782130
2021-06-CENSUS-0000254783,GSA_MIGRATION,2021,2022-09-26,383236977
2021-06-CENSUS-0000254783,GSA_MIGRATION,2021,2022-09-26,381443361
2021-06-CENSUS-0000254783,GSA_MIGRATION,2021,2022-09-26,382908586
2021-06-CENSUS-0000254783,GSA_MIGRATION,2021,2022-09-26,391670223
2021-06-CENSUS-0000254783,GSA_MIGRATION,2021,2022-09-26,260806477
2021-06-CENSUS-0000254783,GSA_MIGRATION,2021,2022-09-26,390868982
2021-06-CENSUS-0000254783,GSA_MIGRATION,2021,2022-09-26,390808511
2021-06-CENSUS-0000254783,GSA_MIGRATION,2021,2022-09-26,391138241
2021-12-CENSUS-0000037073,GSA_MIGRATION,2021,2022-09-28,010752319
2021-12-CENSUS-0000037073,GSA_MIGRATION,2021,2022-09-28,300127622
2021-12-CENSUS-0000037073,GSA_MIGRATION,2021,2022-09-28,822369868
2021-06-CENSUS-0000255331,GSA_MIGRATION,2021,2022-09-29,231611427
2021-06-CENSUS-0000255331,GSA_MIGRATION,2021,2022-09-29,231472520
2021-12-CENSUS-0000224554,GSA_MIGRATION,2021,2022-07-31,541569525
2021-12-CENSUS-0000224554,GSA_MIGRATION,2021,2022-07-31,264440093
2021-12-CENSUS-0000224554,GSA_MIGRATION,2021,2022-07-31,462201723
2021-12-CENSUS-0000224554,GSA_MIGRATION,2021,2022-07-31,451607524
2021-12-CENSUS-0000224554,GSA_MIGRATION,2021,2022-07-31,541893901
2021-12-CENSUS-0000224554,GSA_MIGRATION,2021,2022-07-31,541954476
2021-06-CENSUS-0000171439,GSA_MIGRATION,2021,2022-03-15,626000862
2021-06-CENSUS-0000255150,GSA_MIGRATION,2021,2022-09-28,522315129
2021-06-CENSUS-0000255150,GSA_MIGRATION,2021,2022-09-28,711050982
2021-06-CENSUS-0000255150,GSA_MIGRATION,2021,2022-09-28,800728035
2021-06-CENSUS-0000255150,GSA_MIGRATION,2021,2022-09-28,521393624
2021-09-CENSUS-0000253625,GSA_MIGRATION,2021,2022-06-26,750703337
2021-06-CENSUS-0000027705,GSA_MIGRATION,2021,2022-01-18,232965144
2021-06-CENSUS-0000176085,GSA_MIGRATION,2021,2022-01-06,546001408
2021-06-CENSUS-0000176085,GSA_MIGRATION,2021,2022-01-06,546001410
2021-12-CENSUS-0000151651,GSA_MIGRATION,2021,2022-05-22,020664996
2021-12-CENSUS-0000151651,GSA_MIGRATION,2021,2022-05-22,200337824
2021-12-CENSUS-0000151651,GSA_MIGRATION,2021,2022-05-22,200344137
2021-12-CENSUS-0000151651,GSA_MIGRATION,2021,2022-05-22,411920080
2021-12-CENSUS-0000151651,GSA_MIGRATION,2021,2022-05-22,411932729
2021-12-CENSUS-0000151651,GSA_MIGRATION,2021,2022-05-22,412015607
2021-12-CENSUS-0000151651,GSA_MIGRATION,2021,2022-05-22,412015639
2021-12-CENSUS-0000151651,GSA_MIGRATION,2021,2022-05-22,593789037
2021-06-CENSUS-0000176113,GSA_MIGRATION,2021,2022-03-21,546001605
2021-06-CENSUS-0000176113,GSA_MIGRATION,2021,2022-03-21,546001602
2021-06-CENSUS-0000013905,GSA_MIGRATION,2021,2022-05-17,133841701
2021-06-CENSUS-0000013905,GSA_MIGRATION,2021,2022-05-17,133387630
2021-06-CENSUS-0000176087,GSA_MIGRATION,2021,2022-01-06,541143537
2021-06-CENSUS-0000176087,GSA_MIGRATION,2021,2022-01-06,546001421
2021-06-CENSUS-0000176087,GSA_MIGRATION,2021,2022-01-06,911882658
2021-06-CENSUS-0000176087,GSA_MIGRATION,2021,2022-01-06,546001423
2021-06-CENSUS-0000198212,GSA_MIGRATION,2021,2022-05-11,830322819
2021-06-CENSUS-0000250179,GSA_MIGRATION,2021,2022-03-07,061319874
2021-06-CENSUS-0000135780,GSA_MIGRATION,2021,2022-04-20,066001595
2021-06-CENSUS-0000215297,GSA_MIGRATION,2021,2022-02-24,581410376
2021-12-CENSUS-0000018066,GSA_MIGRATION,2021,2022-07-19,161170407
2021-12-CENSUS-0000018066,GSA_MIGRATION,2021,2022-07-19,301042726
2021-12-CENSUS-0000018066,GSA_MIGRATION,2021,2022-07-19,160986741
2021-12-CENSUS-0000018066,GSA_MIGRATION,2021,2022-07-19,161307983
2021-12-CENSUS-0000018066,GSA_MIGRATION,2021,2022-07-19,161075281
2021-12-CENSUS-0000018066,GSA_MIGRATION,2021,2022-07-19,160991717
2021-12-CENSUS-0000018066,GSA_MIGRATION,2021,2022-07-19,237013819
2021-12-CENSUS-0000018066,GSA_MIGRATION,2021,2022-07-19,320558132
2021-12-CENSUS-0000018066,GSA_MIGRATION,2021,2022-07-19,822854737
2021-12-CENSUS-0000254034,GSA_MIGRATION,2021,2022-07-24,640345119
2021-12-CENSUS-0000254034,GSA_MIGRATION,2021,2022-07-24,640756777
2021-12-CENSUS-0000254034,GSA_MIGRATION,2021,2022-07-24,640833381
2021-12-CENSUS-0000254034,GSA_MIGRATION,2021,2022-07-24,260792328
2021-12-CENSUS-0000254034,GSA_MIGRATION,2021,2022-07-24,640834532
2021-12-CENSUS-0000254034,GSA_MIGRATION,2021,2022-07-24,201835779
2021-12-CENSUS-0000254034,GSA_MIGRATION,2021,2022-07-24,271757642
2021-12-CENSUS-0000254034,GSA_MIGRATION,2021,2022-07-24,640655993
2021-12-CENSUS-0000254034,GSA_MIGRATION,2021,2022-07-24,640675511
2021-12-CENSUS-0000254034,GSA_MIGRATION,2021,2022-07-24,300160065
2021-12-CENSUS-0000254034,GSA_MIGRATION,2021,2022-07-24,640670314
2021-12-CENSUS-0000224492,GSA_MIGRATION,2021,2022-07-31,410909997
2021-06-CENSUS-0000025377,GSA_MIGRATION,2021,2022-02-21,231352117
2021-06-CENSUS-0000025377,GSA_MIGRATION,2021,2022-02-21,231994645
2021-09-CENSUS-0000251879,GSA_MIGRATION,2021,2022-06-05,261095834
2021-09-CENSUS-0000251879,GSA_MIGRATION,2021,2022-06-05,262296075
2021-09-CENSUS-0000251879,GSA_MIGRATION,2021,2022-06-05,262723687
2021-09-CENSUS-0000251879,GSA_MIGRATION,2021,2022-06-05,453856350
2021-09-CENSUS-0000251879,GSA_MIGRATION,2021,2022-06-05,460534460
2021-09-CENSUS-0000251879,GSA_MIGRATION,2021,2022-06-05,472217003
2021-09-CENSUS-0000253688,GSA_MIGRATION,2021,2022-06-28,222520073
2021-09-CENSUS-0000253688,GSA_MIGRATION,2021,2022-06-28,043202198
2021-09-CENSUS-0000253688,GSA_MIGRATION,2021,2022-06-28,042174657
2021-09-CENSUS-0000253688,GSA_MIGRATION,2021,2022-06-28,042104310
2021-12-CENSUS-0000181645,GSA_MIGRATION,2021,2022-07-21,351693695
2021-06-CENSUS-0000027282,GSA_MIGRATION,2021,2022-06-16,204193243
2021-06-CENSUS-0000027282,GSA_MIGRATION,2021,2022-06-16,231396794
2021-06-CENSUS-0000244411,GSA_MIGRATION,2021,2022-05-17,751837454
2021-06-CENSUS-0000244411,GSA_MIGRATION,2021,2022-05-17,752834135
2021-06-CENSUS-0000244411,GSA_MIGRATION,2021,2022-05-17,260194016
2021-06-CENSUS-0000244411,GSA_MIGRATION,2021,2022-05-17,824052186
2021-06-CENSUS-0000244411,GSA_MIGRATION,2021,2022-05-17,751844139
2021-06-CENSUS-0000244411,GSA_MIGRATION,2021,2022-05-17,751777119
2021-06-CENSUS-0000244411,GSA_MIGRATION,2021,2022-05-17,820551704
2021-06-CENSUS-0000244411,GSA_MIGRATION,2021,2022-05-17,412101361
2021-06-CENSUS-0000244411,GSA_MIGRATION,2021,2022-05-17,263603862
2021-06-CENSUS-0000244411,GSA_MIGRATION,2021,2022-05-17,751037591
2021-06-CENSUS-0000244411,GSA_MIGRATION,2021,2022-05-17,752586857
2021-06-CENSUS-0000244411,GSA_MIGRATION,2021,2022-05-17,751008430
2021-06-CENSUS-0000244411,GSA_MIGRATION,2021,2022-05-17,751921898
2021-06-CENSUS-0000244411,GSA_MIGRATION,2021,2022-05-17,751997378
2021-06-CENSUS-0000244411,GSA_MIGRATION,2021,2022-05-17,752536818
2021-06-CENSUS-0000244411,GSA_MIGRATION,2021,2022-05-17,731697736
2021-06-CENSUS-0000244411,GSA_MIGRATION,2021,2022-05-17,810872075
2021-06-CENSUS-0000244411,GSA_MIGRATION,2021,2022-05-17,814192127
2021-06-CENSUS-0000244411,GSA_MIGRATION,2021,2022-05-17,203749695
2021-06-CENSUS-0000244411,GSA_MIGRATION,2021,2022-05-17,741161944
2021-06-CENSUS-0000244411,GSA_MIGRATION,2021,2022-05-17,742730350
2021-06-CENSUS-0000244411,GSA_MIGRATION,2021,2022-05-17,742967081
2021-06-CENSUS-0000244411,GSA_MIGRATION,2021,2022-05-17,274434451
2021-06-CENSUS-0000244411,GSA_MIGRATION,2021,2022-05-17,464007700
2021-06-CENSUS-0000244411,GSA_MIGRATION,2021,2022-05-17,741166904
2021-06-CENSUS-0000244411,GSA_MIGRATION,2021,2022-05-17,202850920
2021-06-CENSUS-0000244411,GSA_MIGRATION,2021,2022-05-17,742519752
2021-06-CENSUS-0000244411,GSA_MIGRATION,2021,2022-05-17,273026151
2021-06-CENSUS-0000244411,GSA_MIGRATION,2021,2022-05-17,741595711
2021-06-CENSUS-0000244411,GSA_MIGRATION,2021,2022-05-17,813040663
2021-06-CENSUS-0000244411,GSA_MIGRATION,2021,2022-05-17,752958277
2021-06-CENSUS-0000244411,GSA_MIGRATION,2021,2022-05-17,753242749
2021-12-CENSUS-0000200897,GSA_MIGRATION,2021,2022-09-29,200031895
2021-12-CENSUS-0000200897,GSA_MIGRATION,2021,2022-09-29,200835576
2021-12-CENSUS-0000200897,GSA_MIGRATION,2021,2022-09-29,222170196
2021-12-CENSUS-0000200897,GSA_MIGRATION,2021,2022-09-29,222329164
2021-12-CENSUS-0000200897,GSA_MIGRATION,2021,2022-09-29,222700904
2021-12-CENSUS-0000200897,GSA_MIGRATION,2021,2022-09-29,222965240
2021-12-CENSUS-0000200897,GSA_MIGRATION,2021,2022-09-29,222965846
2021-12-CENSUS-0000200897,GSA_MIGRATION,2021,2022-09-29,223075647
2021-12-CENSUS-0000200897,GSA_MIGRATION,2021,2022-09-29,223137520
2021-12-CENSUS-0000200897,GSA_MIGRATION,2021,2022-09-29,223235088
2021-12-CENSUS-0000200897,GSA_MIGRATION,2021,2022-09-29,223266219
2021-12-CENSUS-0000200897,GSA_MIGRATION,2021,2022-09-29,223310529
2021-12-CENSUS-0000200897,GSA_MIGRATION,2021,2022-09-29,223315602
2021-12-CENSUS-0000200897,GSA_MIGRATION,2021,2022-09-29,223346073
2021-12-CENSUS-0000200897,GSA_MIGRATION,2021,2022-09-29,223358732
2021-12-CENSUS-0000200897,GSA_MIGRATION,2021,2022-09-29,223419259
2021-12-CENSUS-0000200897,GSA_MIGRATION,2021,2022-09-29,223427282
2021-12-CENSUS-0000200897,GSA_MIGRATION,2021,2022-09-29,223474357
2021-12-CENSUS-0000200897,GSA_MIGRATION,2021,2022-09-29,223486722
2021-12-CENSUS-0000200897,GSA_MIGRATION,2021,2022-09-29,223487144
2021-12-CENSUS-0000200897,GSA_MIGRATION,2021,2022-09-29,223587486
2021-12-CENSUS-0000200897,GSA_MIGRATION,2021,2022-09-29,510483383
2021-12-CENSUS-0000200897,GSA_MIGRATION,2021,2022-09-29,800747085
2021-12-CENSUS-0000200897,GSA_MIGRATION,2021,2022-09-29,821589048
2021-06-CENSUS-0000184411,GSA_MIGRATION,2021,2022-06-20,205006195
2021-06-CENSUS-0000184411,GSA_MIGRATION,2021,2022-06-20,311571018
2021-06-CENSUS-0000184411,GSA_MIGRATION,2021,2022-06-20,710682034
2021-09-CENSUS-0000242882,GSA_MIGRATION,2021,2022-06-28,381369611
2021-09-CENSUS-0000242882,GSA_MIGRATION,2021,2022-06-28,381434090
2021-09-CENSUS-0000242882,GSA_MIGRATION,2021,2022-06-28,382146751
2021-09-CENSUS-0000242882,GSA_MIGRATION,2021,2022-06-28,382689033
2021-09-CENSUS-0000242882,GSA_MIGRATION,2021,2022-06-28,344428232
2021-09-CENSUS-0000242882,GSA_MIGRATION,2021,2022-06-28,381420304
2021-09-CENSUS-0000242882,GSA_MIGRATION,2021,2022-06-28,381976271
2021-09-CENSUS-0000242882,GSA_MIGRATION,2021,2022-06-28,381474929
2021-09-CENSUS-0000242882,GSA_MIGRATION,2021,2022-06-28,381218516
2021-09-CENSUS-0000242882,GSA_MIGRATION,2021,2022-06-28,202443604
2021-09-CENSUS-0000242882,GSA_MIGRATION,2021,2022-06-28,381428164
2021-09-CENSUS-0000242882,GSA_MIGRATION,2021,2022-06-28,381613280
2021-09-CENSUS-0000242882,GSA_MIGRATION,2021,2022-06-28,382383119
2021-09-CENSUS-0000242882,GSA_MIGRATION,2021,2022-06-28,382683251
2021-09-CENSUS-0000242882,GSA_MIGRATION,2021,2022-06-28,382895426
2021-09-CENSUS-0000242882,GSA_MIGRATION,2021,2022-06-28,382988086
2021-09-CENSUS-0000242882,GSA_MIGRATION,2021,2022-06-28,383038683
2021-09-CENSUS-0000242882,GSA_MIGRATION,2021,2022-06-28,383426063
2021-09-CENSUS-0000242882,GSA_MIGRATION,2021,2022-06-28,383491714
2021-09-CENSUS-0000189454,GSA_MIGRATION,2021,2022-06-29,731544374
2021-09-CENSUS-0000189454,GSA_MIGRATION,2021,2022-06-29,731553050
2021-12-CENSUS-0000253702,GSA_MIGRATION,2021,2022-06-28,550379108
2021-12-CENSUS-0000253702,GSA_MIGRATION,2021,2022-06-28,550375433
2021-09-CENSUS-0000183356,GSA_MIGRATION,2021,2022-06-27,041174680
2021-03-CENSUS-0000042847,GSA_MIGRATION,2021,2022-02-15,341765568
2021-03-CENSUS-0000042847,GSA_MIGRATION,2021,2022-02-15,310974362
2021-06-CENSUS-0000003169,GSA_MIGRATION,2021,2022-02-16,043520478
2021-06-CENSUS-0000189124,GSA_MIGRATION,2021,2022-02-16,431341457
2021-12-CENSUS-0000229659,GSA_MIGRATION,2021,2022-11-17,320010687
2021-12-CENSUS-0000229659,GSA_MIGRATION,2021,2022-11-17,300626727
2021-12-CENSUS-0000229659,GSA_MIGRATION,2021,2022-11-17,351648766
2021-12-CENSUS-0000229659,GSA_MIGRATION,2021,2022-11-17,300059393
2021-12-CENSUS-0000229659,GSA_MIGRATION,2021,2022-11-17,030480941
2021-12-CENSUS-0000254582,GSA_MIGRATION,2021,2022-09-20,271376321
2021-12-CENSUS-0000252792,GSA_MIGRATION,2021,2022-09-26,231887138
2021-12-CENSUS-0000252792,GSA_MIGRATION,2021,2022-09-26,232137458
2021-12-CENSUS-0000252792,GSA_MIGRATION,2021,2022-09-26,201885811
2021-12-CENSUS-0000252792,GSA_MIGRATION,2021,2022-09-26,620630670
2021-12-CENSUS-0000252792,GSA_MIGRATION,2021,2022-09-26,232078064
2021-12-CENSUS-0000252792,GSA_MIGRATION,2021,2022-09-26,520607956
2021-09-CENSUS-0000078073,GSA_MIGRATION,2021,2022-01-13,530208364
2021-09-CENSUS-0000078073,GSA_MIGRATION,2021,2022-01-13,530237707
2021-12-CENSUS-0000230172,GSA_MIGRATION,2021,2022-07-11,320463838
2021-06-CENSUS-0000042295,GSA_MIGRATION,2021,2022-10-17,341861745
2021-06-CENSUS-0000042295,GSA_MIGRATION,2021,2022-10-17,340714444
2021-06-CENSUS-0000042295,GSA_MIGRATION,2021,2022-10-17,340845389
2021-06-CENSUS-0000042295,GSA_MIGRATION,2021,2022-10-17,341621291
2021-09-CENSUS-0000253663,GSA_MIGRATION,2021,2022-06-28,263083364
2021-09-CENSUS-0000253663,GSA_MIGRATION,2021,2022-06-28,610461753
2021-09-CENSUS-0000253663,GSA_MIGRATION,2021,2022-06-28,350877575
2021-09-CENSUS-0000253663,GSA_MIGRATION,2021,2022-06-28,824503095
2021-09-CENSUS-0000253663,GSA_MIGRATION,2021,2022-06-28,465223267
2021-09-CENSUS-0000253663,GSA_MIGRATION,2021,2022-06-28,810932015
2021-09-CENSUS-0000253663,GSA_MIGRATION,2021,2022-06-28,350593390
2021-06-CENSUS-0000237887,GSA_MIGRATION,2021,2022-09-28,272884584
2021-06-CENSUS-0000237887,GSA_MIGRATION,2021,2022-09-28,562351341
2021-06-CENSUS-0000237887,GSA_MIGRATION,2021,2022-09-28,260438748
2021-06-CENSUS-0000237887,GSA_MIGRATION,2021,2022-09-28,260152877
2021-06-CENSUS-0000237887,GSA_MIGRATION,2021,2022-09-28,611159649
2021-06-CENSUS-0000237887,GSA_MIGRATION,2021,2022-09-28,470379755
2021-06-CENSUS-0000237887,GSA_MIGRATION,2021,2022-09-28,470443636
2021-06-CENSUS-0000237887,GSA_MIGRATION,2021,2022-09-28,470757164
2021-06-CENSUS-0000237887,GSA_MIGRATION,2021,2022-09-28,470379836
2021-06-CENSUS-0000237887,GSA_MIGRATION,2021,2022-09-28,470484764
2021-06-CENSUS-0000237887,GSA_MIGRATION,2021,2022-09-28,420782518
2021-06-CENSUS-0000237887,GSA_MIGRATION,2021,2022-09-28,470399853
2021-06-CENSUS-0000237887,GSA_MIGRATION,2021,2022-09-28,410758434
2021-06-CENSUS-0000237887,GSA_MIGRATION,2021,2022-09-28,410695603
2021-06-CENSUS-0000237887,GSA_MIGRATION,2021,2022-09-28,410754834
2021-06-CENSUS-0000237887,GSA_MIGRATION,2021,2022-09-28,410695598
2021-06-CENSUS-0000237887,GSA_MIGRATION,2021,2022-09-28,410721642
2021-06-CENSUS-0000237887,GSA_MIGRATION,2021,2022-09-28,450227311
2021-06-CENSUS-0000237887,GSA_MIGRATION,2021,2022-09-28,450227012
2021-06-CENSUS-0000237887,GSA_MIGRATION,2021,2022-09-28,450226553
2021-06-CENSUS-0000237887,GSA_MIGRATION,2021,2022-09-28,450231183
2021-06-CENSUS-0000237887,GSA_MIGRATION,2021,2022-09-28,450231675
2021-06-CENSUS-0000237887,GSA_MIGRATION,2021,2022-09-28,450226429
2021-06-CENSUS-0000237887,GSA_MIGRATION,2021,2022-09-28,911939739
2021-06-CENSUS-0000237887,GSA_MIGRATION,2021,2022-09-28,910564491
2021-06-CENSUS-0000237887,GSA_MIGRATION,2021,2022-09-28,820558836
2021-06-CENSUS-0000237887,GSA_MIGRATION,2021,2022-09-28,273280598
2021-06-CENSUS-0000237887,GSA_MIGRATION,2021,2022-09-28,263734606
2021-06-CENSUS-0000237887,GSA_MIGRATION,2021,2022-09-28,741161938
2021-06-CENSUS-0000237887,GSA_MIGRATION,2021,2022-09-28,750755367
2021-06-CENSUS-0000237887,GSA_MIGRATION,2021,2022-09-28,760436439
2021-06-CENSUS-0000237887,GSA_MIGRATION,2021,2022-09-28,752663904
2021-06-CENSUS-0000237887,GSA_MIGRATION,2021,2022-09-28,741282696
2021-06-CENSUS-0000237887,GSA_MIGRATION,2021,2022-09-28,524228852
2021-06-CENSUS-0000237887,GSA_MIGRATION,2021,2022-09-28,742759890
2021-06-CENSUS-0000237887,GSA_MIGRATION,2021,2022-09-28,073491995
2021-06-CENSUS-0000237887,GSA_MIGRATION,2021,2022-09-28,421323808
2021-06-CENSUS-0000237887,GSA_MIGRATION,2021,2022-09-28,420680448
2021-06-CENSUS-0000237887,GSA_MIGRATION,2021,2022-09-28,421470935
2021-06-CENSUS-0000237887,GSA_MIGRATION,2021,2022-09-28,420680308
2021-06-CENSUS-0000237887,GSA_MIGRATION,2021,2022-09-28,271050565
2021-06-CENSUS-0000237887,GSA_MIGRATION,2021,2022-09-28,962243239
2021-06-CENSUS-0000237887,GSA_MIGRATION,2021,2022-09-28,450227752
2021-06-CENSUS-0000237887,GSA_MIGRATION,2021,2022-09-28,450226711
2021-06-CENSUS-0000237887,GSA_MIGRATION,2021,2022-09-28,840902211
2021-06-CENSUS-0000237887,GSA_MIGRATION,2021,2022-09-28,840405257
2021-06-CENSUS-0000237887,GSA_MIGRATION,2021,2022-09-28,480543721
2021-06-CENSUS-0000237887,GSA_MIGRATION,2021,2022-09-28,840460697
2021-06-CENSUS-0000237887,GSA_MIGRATION,2021,2022-09-28,371577105
2021-06-CENSUS-0000237887,GSA_MIGRATION,2021,2022-09-28,311778043
2021-06-CENSUS-0000237887,GSA_MIGRATION,2021,2022-09-28,710521904
2021-06-CENSUS-0000237887,GSA_MIGRATION,2021,2022-09-28,710236913
2021-06-CENSUS-0000237887,GSA_MIGRATION,2021,2022-09-28,420776568
2021-06-CENSUS-0000237887,GSA_MIGRATION,2021,2022-09-28,936088946
2021-06-CENSUS-0000237887,GSA_MIGRATION,2021,2022-09-28,341522484
2021-06-CENSUS-0000237887,GSA_MIGRATION,2021,2022-09-28,340714474
2021-06-CENSUS-0000237887,GSA_MIGRATION,2021,2022-09-28,620532345
2021-06-CENSUS-0000237887,GSA_MIGRATION,2021,2022-09-28,930386868
2021-06-CENSUS-0000237887,GSA_MIGRATION,2021,2022-09-28,421511682
2021-06-CENSUS-0000237887,GSA_MIGRATION,2021,2022-09-28,611352729
2021-06-CENSUS-0000237887,GSA_MIGRATION,2021,2022-09-28,470376601
2021-06-CENSUS-0000237887,GSA_MIGRATION,2021,2022-09-28,341842025
2021-06-CENSUS-0000237887,GSA_MIGRATION,2021,2022-09-28,610654635
2021-06-CENSUS-0000237887,GSA_MIGRATION,2021,2022-09-28,270163752
2021-06-CENSUS-0000237887,GSA_MIGRATION,2021,2022-09-28,410729978
2021-06-CENSUS-0000237887,GSA_MIGRATION,2021,2022-09-28,341931806
2021-06-CENSUS-0000237887,GSA_MIGRATION,2021,2022-09-28,341658625
2021-06-CENSUS-0000237887,GSA_MIGRATION,2021,2022-09-28,341940863
2021-06-CENSUS-0000237887,GSA_MIGRATION,2021,2022-09-28,261125131
2021-06-CENSUS-0000237887,GSA_MIGRATION,2021,2022-09-28,815009488
2021-06-CENSUS-0000237887,GSA_MIGRATION,2021,2022-09-28,341892096
2021-06-CENSUS-0000237887,GSA_MIGRATION,2021,2022-09-28,742761145
2021-06-CENSUS-0000237887,GSA_MIGRATION,2021,2022-09-28,710245507
2021-06-CENSUS-0000237887,GSA_MIGRATION,2021,2022-09-28,910715805
2021-06-CENSUS-0000237887,GSA_MIGRATION,2021,2022-09-28,680127677
2021-06-CENSUS-0000237887,GSA_MIGRATION,2021,2022-09-28,611345363
2021-06-CENSUS-0000237887,GSA_MIGRATION,2021,2022-09-28,930391614
2021-06-CENSUS-0000237887,GSA_MIGRATION,2021,2022-09-28,471587223
2021-06-CENSUS-0000237887,GSA_MIGRATION,2021,2022-09-28,261947374
2021-06-CENSUS-0000237887,GSA_MIGRATION,2021,2022-09-28,911487485
2021-06-CENSUS-0000237887,GSA_MIGRATION,2021,2022-09-28,941439787
2021-06-CENSUS-0000237887,GSA_MIGRATION,2021,2022-09-28,910712166
2021-06-CENSUS-0000237887,GSA_MIGRATION,2021,2022-09-28,470376615
2021-06-CENSUS-0000237887,GSA_MIGRATION,2021,2022-09-28,941156295
2021-06-CENSUS-0000237887,GSA_MIGRATION,2021,2022-09-28,611334601
2021-06-CENSUS-0000237887,GSA_MIGRATION,2021,2022-09-28,951643373
2021-06-CENSUS-0000237887,GSA_MIGRATION,2021,2022-09-28,710236917
2021-06-CENSUS-0000237887,GSA_MIGRATION,2021,2022-09-28,941196203
2021-06-CENSUS-0000237887,GSA_MIGRATION,2021,2022-09-28,275401105
2021-06-CENSUS-0000237887,GSA_MIGRATION,2021,2022-09-28,273383688
2021-06-CENSUS-0000237887,GSA_MIGRATION,2021,2022-09-28,611386736
2021-06-CENSUS-0000237887,GSA_MIGRATION,2021,2022-09-28,951802779
2021-06-CENSUS-0000237887,GSA_MIGRATION,2021,2022-09-28,770201321
2021-06-CENSUS-0000237887,GSA_MIGRATION,2021,2022-09-28,680220314
2021-06-CENSUS-0000237887,GSA_MIGRATION,2021,2022-09-28,462037641
2021-06-CENSUS-0000237887,GSA_MIGRATION,2021,2022-09-28,237115371
2021-06-CENSUS-0000237887,GSA_MIGRATION,2021,2022-09-28,237444901
2021-06-CENSUS-0000237887,GSA_MIGRATION,2021,2022-09-28,910653422
2021-06-CENSUS-0000237887,GSA_MIGRATION,2021,2022-09-28,770513445
2021-06-CENSUS-0000237887,GSA_MIGRATION,2021,2022-09-28,524249953
2021-12-CENSUS-0000230151,GSA_MIGRATION,2021,2022-09-28,364748913
2021-12-CENSUS-0000230151,GSA_MIGRATION,2021,2022-09-28,474898741
2021-06-CENSUS-0000125677,GSA_MIGRATION,2021,2022-05-15,953779310
2021-09-CENSUS-0000032605,GSA_MIGRATION,2021,2022-06-23,381795659
2021-12-CENSUS-0000187486,GSA_MIGRATION,2021,2022-05-17,030433655
2021-03-CENSUS-0000018851,GSA_MIGRATION,2021,2022-05-03,222717130
2021-03-CENSUS-0000018851,GSA_MIGRATION,2021,2022-05-03,510646454
2021-03-CENSUS-0000018851,GSA_MIGRATION,2021,2022-05-03,161452557
2021-03-CENSUS-0000018851,GSA_MIGRATION,2021,2022-05-03,270995580
2021-03-CENSUS-0000018851,GSA_MIGRATION,2021,2022-05-03,161660243
2021-03-CENSUS-0000018851,GSA_MIGRATION,2021,2022-05-03,455085747
2021-03-CENSUS-0000018851,GSA_MIGRATION,2021,2022-05-03,341988335
2021-12-CENSUS-0000247119,GSA_MIGRATION,2021,2022-06-23,237084455
2021-12-CENSUS-0000247119,GSA_MIGRATION,2021,2022-06-23,341657978
2021-06-CENSUS-0000003141,GSA_MIGRATION,2021,2022-03-27,454557067
2021-06-CENSUS-0000003141,GSA_MIGRATION,2021,2022-03-27,042933012
2021-06-CENSUS-0000003141,GSA_MIGRATION,2021,2022-03-27,043056955
2021-06-CENSUS-0000003141,GSA_MIGRATION,2021,2022-03-27,521084599
2021-06-CENSUS-0000003141,GSA_MIGRATION,2021,2022-03-27,042921318
2021-06-CENSUS-0000003141,GSA_MIGRATION,2021,2022-03-27,042661664
2021-06-CENSUS-0000003141,GSA_MIGRATION,2021,2022-03-27,043221277
2021-06-CENSUS-0000003141,GSA_MIGRATION,2021,2022-03-27,043093032
2021-09-CENSUS-0000006666,GSA_MIGRATION,2021,2022-06-29,061446900
2021-09-CENSUS-0000006666,GSA_MIGRATION,2021,2022-06-29,061504725
2021-06-CENSUS-0000254819,GSA_MIGRATION,2021,2022-09-26,310917085
2021-06-CENSUS-0000254819,GSA_MIGRATION,2021,2022-09-26,311724085
2021-06-CENSUS-0000254819,GSA_MIGRATION,2021,2022-09-26,311534051
2021-06-CENSUS-0000254819,GSA_MIGRATION,2021,2022-09-26,311659680
2021-06-CENSUS-0000254819,GSA_MIGRATION,2021,2022-09-26,311659677
2021-06-CENSUS-0000254819,GSA_MIGRATION,2021,2022-09-26,314379491
2021-12-CENSUS-0000254703,GSA_MIGRATION,2021,2022-09-22,341935236
2021-06-CENSUS-0000254599,GSA_MIGRATION,2021,2022-09-20,311374523
2021-06-CENSUS-0000254599,GSA_MIGRATION,2021,2022-09-20,310677520
2021-06-CENSUS-0000254599,GSA_MIGRATION,2021,2022-09-20,311417566
2021-09-CENSUS-0000202149,GSA_MIGRATION,2021,2022-06-16,730758657
2021-12-CENSUS-0000255795,GSA_MIGRATION,2021,2022-11-01,952224265
2021-12-CENSUS-0000255795,GSA_MIGRATION,2021,2022-11-01,205038438
2021-12-CENSUS-0000188871,GSA_MIGRATION,2021,2022-10-12,770166414
2021-12-CENSUS-0000188871,GSA_MIGRATION,2021,2022-10-12,770490711
2021-12-CENSUS-0000188871,GSA_MIGRATION,2021,2022-10-12,770166413
2021-12-CENSUS-0000188871,GSA_MIGRATION,2021,2022-10-12,711004905
2021-12-CENSUS-0000188871,GSA_MIGRATION,2021,2022-10-12,941720838
2021-12-CENSUS-0000188871,GSA_MIGRATION,2021,2022-10-12,770531523
2021-09-CENSUS-0000253629,GSA_MIGRATION,2021,2022-06-26,752225955
2021-09-CENSUS-0000253629,GSA_MIGRATION,2021,2022-06-26,752600873
2021-06-CENSUS-0000136829,GSA_MIGRATION,2021,2022-06-05,200908699
2021-06-CENSUS-0000136829,GSA_MIGRATION,2021,2022-06-05,223894837
2021-06-CENSUS-0000136829,GSA_MIGRATION,2021,2022-06-05,270124698
2021-06-CENSUS-0000136829,GSA_MIGRATION,2021,2022-06-05,364806657
2021-06-CENSUS-0000136829,GSA_MIGRATION,2021,2022-06-05,475001648
2021-06-CENSUS-0000136829,GSA_MIGRATION,2021,2022-06-05,510539518
2021-06-CENSUS-0000136829,GSA_MIGRATION,2021,2022-06-05,570957571
2021-06-CENSUS-0000136829,GSA_MIGRATION,2021,2022-06-05,580603146
2021-06-CENSUS-0000136829,GSA_MIGRATION,2021,2022-06-05,580616992
2021-06-CENSUS-0000136829,GSA_MIGRATION,2021,2022-06-05,580907873
2021-06-CENSUS-0000136829,GSA_MIGRATION,2021,2022-06-05,580939565
2021-06-CENSUS-0000136829,GSA_MIGRATION,2021,2022-06-05,580951322
2021-06-CENSUS-0000136829,GSA_MIGRATION,2021,2022-06-05,580964324
2021-06-CENSUS-0000136829,GSA_MIGRATION,2021,2022-06-05,580965786
2021-06-CENSUS-0000136829,GSA_MIGRATION,2021,2022-06-05,580974519
2021-06-CENSUS-0000136829,GSA_MIGRATION,2021,2022-06-05,580975068
2021-06-CENSUS-0000136829,GSA_MIGRATION,2021,2022-06-05,581026995
2021-06-CENSUS-0000136829,GSA_MIGRATION,2021,2022-06-05,581048855
2021-06-CENSUS-0000136829,GSA_MIGRATION,2021,2022-06-05,581081553
2021-06-CENSUS-0000218871,GSA_MIGRATION,2021,2022-01-18,204968228
2021-06-CENSUS-0000003476,GSA_MIGRATION,2021,2022-01-04,454549405
2021-12-CENSUS-0000114057,GSA_MIGRATION,2021,2022-07-20,731676594
2021-06-CENSUS-0000254027,GSA_MIGRATION,2021,2022-07-24,680436934
2021-09-CENSUS-0000155389,GSA_MIGRATION,2021,2022-02-27,721564499
2021-06-CENSUS-0000254554,GSA_MIGRATION,2021,2022-09-18,237154996
2021-06-CENSUS-0000254554,GSA_MIGRATION,2021,2022-09-18,205385139
2021-12-CENSUS-0000249837,GSA_MIGRATION,2021,2022-09-21,821841799
2021-12-CENSUS-0000249837,GSA_MIGRATION,2021,2022-09-21,821491664
2021-12-CENSUS-0000249837,GSA_MIGRATION,2021,2022-09-21,821504077
2021-12-CENSUS-0000249837,GSA_MIGRATION,2021,2022-09-21,821669287
2021-12-CENSUS-0000249837,GSA_MIGRATION,2021,2022-09-21,821730615
2021-12-CENSUS-0000249837,GSA_MIGRATION,2021,2022-09-21,821632470
2021-12-CENSUS-0000249837,GSA_MIGRATION,2021,2022-09-21,821669178
2021-12-CENSUS-0000249837,GSA_MIGRATION,2021,2022-09-21,821669380
2021-06-CENSUS-0000176258,GSA_MIGRATION,2021,2022-01-04,540972327
2021-09-CENSUS-0000253828,GSA_MIGRATION,2021,2022-06-29,463364672
2021-09-CENSUS-0000253828,GSA_MIGRATION,2021,2022-06-29,272608086
2021-09-CENSUS-0000253828,GSA_MIGRATION,2021,2022-06-29,450275011
2021-09-CENSUS-0000253692,GSA_MIGRATION,2021,2022-06-28,262523692
2021-09-CENSUS-0000253692,GSA_MIGRATION,2021,2022-06-28,271265030
2021-09-CENSUS-0000253692,GSA_MIGRATION,2021,2022-06-28,262315934
2021-09-CENSUS-0000253692,GSA_MIGRATION,2021,2022-06-28,473225200
2021-06-CENSUS-0000171406,GSA_MIGRATION,2021,2022-02-06,626000704
2021-09-CENSUS-0000123653,GSA_MIGRATION,2021,2022-06-29,753065445
2021-09-CENSUS-0000123653,GSA_MIGRATION,2021,2022-06-29,953432210
2021-09-CENSUS-0000251879,GSA_MIGRATION,2021,2022-06-05,562466029
2021-09-CENSUS-0000251879,GSA_MIGRATION,2021,2022-06-05,814145813
2021-09-CENSUS-0000251879,GSA_MIGRATION,2021,2022-06-05,814180258
2021-09-CENSUS-0000251879,GSA_MIGRATION,2021,2022-06-05,814262338
2021-09-CENSUS-0000251879,GSA_MIGRATION,2021,2022-06-05,814770999
2021-09-CENSUS-0000251879,GSA_MIGRATION,2021,2022-06-05,814876674
2021-09-CENSUS-0000251879,GSA_MIGRATION,2021,2022-06-05,814995446
2021-09-CENSUS-0000251879,GSA_MIGRATION,2021,2022-06-05,820850299
2021-09-CENSUS-0000251879,GSA_MIGRATION,2021,2022-06-05,821420650
2021-09-CENSUS-0000251879,GSA_MIGRATION,2021,2022-06-05,822750883
2021-09-CENSUS-0000251879,GSA_MIGRATION,2021,2022-06-05,900129645
2021-09-CENSUS-0000075348,GSA_MIGRATION,2021,2022-03-27,471989228
2021-09-CENSUS-0000250258,GSA_MIGRATION,2021,2022-04-07,522112460
2021-09-CENSUS-0000250258,GSA_MIGRATION,2021,2022-04-07,824219629
2021-09-CENSUS-0000250258,GSA_MIGRATION,2021,2022-04-07,132574963
2021-12-CENSUS-0000208872,GSA_MIGRATION,2021,2022-09-29,463456658
2021-12-CENSUS-0000208872,GSA_MIGRATION,2021,2022-09-29,474196634
2021-12-CENSUS-0000208872,GSA_MIGRATION,2021,2022-09-29,475663323
2021-12-CENSUS-0000208872,GSA_MIGRATION,2021,2022-09-29,730657693
2021-12-CENSUS-0000208872,GSA_MIGRATION,2021,2022-09-29,731279603
2021-12-CENSUS-0000208872,GSA_MIGRATION,2021,2022-09-29,731534336
2021-12-CENSUS-0000208872,GSA_MIGRATION,2021,2022-09-29,736104300
2021-12-CENSUS-0000208872,GSA_MIGRATION,2021,2022-09-29,800968174
2021-12-CENSUS-0000208872,GSA_MIGRATION,2021,2022-09-29,816128118
2021-12-CENSUS-0000208872,GSA_MIGRATION,2021,2022-09-29,831979548
2021-12-CENSUS-0000208872,GSA_MIGRATION,2021,2022-09-29,834718249
2021-12-CENSUS-0000208872,GSA_MIGRATION,2021,2022-09-29,863519607
2021-12-CENSUS-0000208872,GSA_MIGRATION,2021,2022-09-29,874109859
2021-06-CENSUS-0000074321,GSA_MIGRATION,2021,2022-04-06,521864119
2021-06-CENSUS-0000074321,GSA_MIGRATION,2021,2022-04-06,521959450
2021-06-CENSUS-0000074321,GSA_MIGRATION,2021,2022-04-06,521731155
2021-06-CENSUS-0000175887,GSA_MIGRATION,2021,2022-03-10,540843105
2021-06-CENSUS-0000175887,GSA_MIGRATION,2021,2022-03-10,540852528
2021-06-CENSUS-0000175887,GSA_MIGRATION,2021,2022-03-10,540896076
2021-06-CENSUS-0000175887,GSA_MIGRATION,2021,2022-03-10,540926544
2021-06-CENSUS-0000175887,GSA_MIGRATION,2021,2022-03-10,540943831
2021-06-CENSUS-0000175887,GSA_MIGRATION,2021,2022-03-10,540959533
2021-06-CENSUS-0000175887,GSA_MIGRATION,2021,2022-03-10,541038487
2021-06-CENSUS-0000175887,GSA_MIGRATION,2021,2022-03-10,541056975
2021-06-CENSUS-0000175887,GSA_MIGRATION,2021,2022-03-10,541057579
2021-06-CENSUS-0000175887,GSA_MIGRATION,2021,2022-03-10,541077752
2021-06-CENSUS-0000175887,GSA_MIGRATION,2021,2022-03-10,541077761
2021-06-CENSUS-0000175887,GSA_MIGRATION,2021,2022-03-10,541083047
2021-06-CENSUS-0000175887,GSA_MIGRATION,2021,2022-03-10,541108536
2021-06-CENSUS-0000175887,GSA_MIGRATION,2021,2022-03-10,541268239
2021-06-CENSUS-0000175887,GSA_MIGRATION,2021,2022-03-10,541268245
2021-06-CENSUS-0000175887,GSA_MIGRATION,2021,2022-03-10,541268256
2021-06-CENSUS-0000175887,GSA_MIGRATION,2021,2022-03-10,541268257
2021-06-CENSUS-0000175887,GSA_MIGRATION,2021,2022-03-10,541268258
2021-06-CENSUS-0000175887,GSA_MIGRATION,2021,2022-03-10,541268263
2021-06-CENSUS-0000175887,GSA_MIGRATION,2021,2022-03-10,541268264
2021-06-CENSUS-0000175887,GSA_MIGRATION,2021,2022-03-10,541268266
2021-06-CENSUS-0000175887,GSA_MIGRATION,2021,2022-03-10,541268269
2021-06-CENSUS-0000175887,GSA_MIGRATION,2021,2022-03-10,541268271
2021-06-CENSUS-0000175887,GSA_MIGRATION,2021,2022-03-10,541268273
2021-06-CENSUS-0000175887,GSA_MIGRATION,2021,2022-03-10,541268274
2021-06-CENSUS-0000175887,GSA_MIGRATION,2021,2022-03-10,541268276
2021-06-CENSUS-0000175887,GSA_MIGRATION,2021,2022-03-10,541268277
2021-06-CENSUS-0000175887,GSA_MIGRATION,2021,2022-03-10,541268278
2021-06-CENSUS-0000175887,GSA_MIGRATION,2021,2022-03-10,541268283
2021-06-CENSUS-0000175887,GSA_MIGRATION,2021,2022-03-10,541268284
2021-06-CENSUS-0000175887,GSA_MIGRATION,2021,2022-03-10,541268286
2021-06-CENSUS-0000175887,GSA_MIGRATION,2021,2022-03-10,541268289
2021-06-CENSUS-0000175887,GSA_MIGRATION,2021,2022-03-10,541268292
2021-06-CENSUS-0000175887,GSA_MIGRATION,2021,2022-03-10,541268293
2021-06-CENSUS-0000175887,GSA_MIGRATION,2021,2022-03-10,541268294
2021-06-CENSUS-0000175887,GSA_MIGRATION,2021,2022-03-10,541269325
2021-06-CENSUS-0000175887,GSA_MIGRATION,2021,2022-03-10,541282820
2021-12-CENSUS-0000020576,GSA_MIGRATION,2021,2022-11-29,222810004
2021-12-CENSUS-0000020576,GSA_MIGRATION,2021,2022-11-29,270806980
2021-12-CENSUS-0000020576,GSA_MIGRATION,2021,2022-11-29,270806549
2021-06-CENSUS-0000255384,GSA_MIGRATION,2021,2022-09-29,430962685
2021-06-CENSUS-0000255384,GSA_MIGRATION,2021,2022-09-29,431473547
2021-12-CENSUS-0000065804,GSA_MIGRATION,2021,2022-09-18,161765276
2021-12-CENSUS-0000254188,GSA_MIGRATION,2021,2022-08-11,371198049
2021-06-CENSUS-0000254637,GSA_MIGRATION,2021,2022-09-21,237457163
2021-06-CENSUS-0000254812,GSA_MIGRATION,2021,2022-09-26,231458000
2021-12-CENSUS-0000255326,GSA_MIGRATION,2021,2022-09-29,363358384
2021-06-CENSUS-0000204973,GSA_MIGRATION,2021,2022-09-22,273338560
2021-06-CENSUS-0000204973,GSA_MIGRATION,2021,2022-09-22,411945779
2021-06-CENSUS-0000204973,GSA_MIGRATION,2021,2022-09-22,300186547
2021-06-CENSUS-0000204973,GSA_MIGRATION,2021,2022-09-22,411501920
2021-06-CENSUS-0000204973,GSA_MIGRATION,2021,2022-09-22,463725132
2021-06-CENSUS-0000204973,GSA_MIGRATION,2021,2022-09-22,411647566
2021-06-CENSUS-0000204973,GSA_MIGRATION,2021,2022-09-22,410968529
2021-06-CENSUS-0000204973,GSA_MIGRATION,2021,2022-09-22,411467162
2021-06-CENSUS-0000204973,GSA_MIGRATION,2021,2022-09-22,270267491
2021-12-CENSUS-0000205505,GSA_MIGRATION,2021,2022-09-29,043473587
2021-12-CENSUS-0000205505,GSA_MIGRATION,2021,2022-09-29,237420526
2021-12-CENSUS-0000205505,GSA_MIGRATION,2021,2022-09-29,462807273
2021-12-CENSUS-0000205505,GSA_MIGRATION,2021,2022-09-29,223042334
2021-06-CENSUS-0000129783,GSA_MIGRATION,2021,2022-09-12,926000147
2021-06-CENSUS-0000129783,GSA_MIGRATION,2021,2022-09-12,920047291
2021-06-CENSUS-0000129783,GSA_MIGRATION,2021,2022-09-12,920047921
2021-12-CENSUS-0000203757,GSA_MIGRATION,2021,2022-09-22,232463233
2021-12-CENSUS-0000203757,GSA_MIGRATION,2021,2022-09-22,814497693
2021-12-CENSUS-0000203757,GSA_MIGRATION,2021,2022-09-22,232837747
2021-12-CENSUS-0000203757,GSA_MIGRATION,2021,2022-09-22,272352873
2021-12-CENSUS-0000203757,GSA_MIGRATION,2021,2022-09-22,465390969
2021-12-CENSUS-0000203757,GSA_MIGRATION,2021,2022-09-22,473819776
2021-12-CENSUS-0000203757,GSA_MIGRATION,2021,2022-09-22,812007592
2021-12-CENSUS-0000203757,GSA_MIGRATION,2021,2022-09-22,813032571
2021-12-CENSUS-0000203757,GSA_MIGRATION,2021,2022-09-22,231365978
2021-12-CENSUS-0000203757,GSA_MIGRATION,2021,2022-09-22,231857015
2021-12-CENSUS-0000203757,GSA_MIGRATION,2021,2022-09-22,260649129
2021-12-CENSUS-0000251037,GSA_MIGRATION,2021,2022-09-22,832981629
2021-12-CENSUS-0000251037,GSA_MIGRATION,2021,2022-09-22,833026065
2021-06-CENSUS-0000248173,GSA_MIGRATION,2021,2022-09-29,510432077
2021-06-CENSUS-0000248173,GSA_MIGRATION,2021,2022-09-29,200556990
2021-06-CENSUS-0000248173,GSA_MIGRATION,2021,2022-09-29,251180602
2021-06-CENSUS-0000248173,GSA_MIGRATION,2021,2022-09-29,510432076
2021-06-CENSUS-0000248173,GSA_MIGRATION,2021,2022-09-29,274350123
2021-06-CENSUS-0000248173,GSA_MIGRATION,2021,2022-09-29,250965341
2021-06-CENSUS-0000248173,GSA_MIGRATION,2021,2022-09-29,510432078
2021-06-CENSUS-0000254828,GSA_MIGRATION,2021,2022-09-26,810616720
2021-06-CENSUS-0000254828,GSA_MIGRATION,2021,2022-09-26,810565899
2021-06-CENSUS-0000255156,GSA_MIGRATION,2021,2022-09-28,042125640
2021-06-CENSUS-0000255156,GSA_MIGRATION,2021,2022-09-28,042775393
2021-06-CENSUS-0000255156,GSA_MIGRATION,2021,2022-09-28,042897442
2021-06-CENSUS-0000255156,GSA_MIGRATION,2021,2022-09-28,161644288
2021-06-CENSUS-0000136063,GSA_MIGRATION,2021,2022-03-29,593502843
2021-06-CENSUS-0000136063,GSA_MIGRATION,2021,2022-03-29,650385507
2021-06-CENSUS-0000136063,GSA_MIGRATION,2021,2022-03-29,020556268
2021-06-CENSUS-0000136063,GSA_MIGRATION,2021,2022-03-29,020556502
2021-06-CENSUS-0000136063,GSA_MIGRATION,2021,2022-03-29,020757340
2021-06-CENSUS-0000136063,GSA_MIGRATION,2021,2022-03-29,043613342
2021-06-CENSUS-0000136063,GSA_MIGRATION,2021,2022-03-29,272818119
2021-06-CENSUS-0000136063,GSA_MIGRATION,2021,2022-03-29,331112045
2021-06-CENSUS-0000136063,GSA_MIGRATION,2021,2022-03-29,352519664
2021-06-CENSUS-0000136063,GSA_MIGRATION,2021,2022-03-29,364706134
2021-06-CENSUS-0000136063,GSA_MIGRATION,2021,2022-03-29,460764837
2021-06-CENSUS-0000136063,GSA_MIGRATION,2021,2022-03-29,521619721
2021-06-CENSUS-0000136063,GSA_MIGRATION,2021,2022-03-29,590920675
2021-06-CENSUS-0000136063,GSA_MIGRATION,2021,2022-03-29,590971286
2021-06-CENSUS-0000136063,GSA_MIGRATION,2021,2022-03-29,590977035
2021-06-CENSUS-0000136063,GSA_MIGRATION,2021,2022-03-29,591003668
2021-06-CENSUS-0000136063,GSA_MIGRATION,2021,2022-03-29,591033399
2021-06-CENSUS-0000136063,GSA_MIGRATION,2021,2022-03-29,591141270
2021-06-CENSUS-0000136063,GSA_MIGRATION,2021,2022-03-29,591149317
2021-06-CENSUS-0000136063,GSA_MIGRATION,2021,2022-03-29,591206516
2021-06-CENSUS-0000136063,GSA_MIGRATION,2021,2022-03-29,591207555
2021-06-CENSUS-0000136063,GSA_MIGRATION,2021,2022-03-29,591207627
2021-06-CENSUS-0000136063,GSA_MIGRATION,2021,2022-03-29,591208155
2021-06-CENSUS-0000136063,GSA_MIGRATION,2021,2022-03-29,591209033
2021-06-CENSUS-0000136063,GSA_MIGRATION,2021,2022-03-29,591209205
2021-06-CENSUS-0000136063,GSA_MIGRATION,2021,2022-03-29,591210132
2021-06-CENSUS-0000136063,GSA_MIGRATION,2021,2022-03-29,591210158
2021-06-CENSUS-0000136063,GSA_MIGRATION,2021,2022-03-29,591210485
2021-06-CENSUS-0000136063,GSA_MIGRATION,2021,2022-03-29,591211051
2021-06-CENSUS-0000136063,GSA_MIGRATION,2021,2022-03-29,591211226
2021-06-CENSUS-0000136063,GSA_MIGRATION,2021,2022-03-29,591211489
2021-06-CENSUS-0000136063,GSA_MIGRATION,2021,2022-03-29,591213999
2021-06-CENSUS-0000136063,GSA_MIGRATION,2021,2022-03-29,591214054
2021-06-CENSUS-0000136063,GSA_MIGRATION,2021,2022-03-29,591214592
2021-06-CENSUS-0000136063,GSA_MIGRATION,2021,2022-03-29,591216000
2021-06-CENSUS-0000136063,GSA_MIGRATION,2021,2022-03-29,591216107
2021-06-CENSUS-0000136063,GSA_MIGRATION,2021,2022-03-29,591216316
2021-06-CENSUS-0000136063,GSA_MIGRATION,2021,2022-03-29,591218159
2021-06-CENSUS-0000136063,GSA_MIGRATION,2021,2022-03-29,591219841
2021-06-CENSUS-0000136063,GSA_MIGRATION,2021,2022-03-29,591264198
2021-06-CENSUS-0000136063,GSA_MIGRATION,2021,2022-03-29,591385831
2021-06-CENSUS-0000136063,GSA_MIGRATION,2021,2022-03-29,591961248
2021-06-CENSUS-0000136063,GSA_MIGRATION,2021,2022-03-29,592748506
2021-06-CENSUS-0000136063,GSA_MIGRATION,2021,2022-03-29,592869774
2021-06-CENSUS-0000136063,GSA_MIGRATION,2021,2022-03-29,592870670
2021-06-CENSUS-0000136063,GSA_MIGRATION,2021,2022-03-29,592876282
2021-06-CENSUS-0000136063,GSA_MIGRATION,2021,2022-03-29,592883965
2021-06-CENSUS-0000212206,GSA_MIGRATION,2021,2022-04-13,112540650
2021-06-CENSUS-0000212206,GSA_MIGRATION,2021,2022-04-13,237089380
2021-06-CENSUS-0000254249,GSA_MIGRATION,2021,2022-08-18,522011066
2021-06-CENSUS-0000237571,GSA_MIGRATION,2021,2022-06-15,204122028
2021-06-CENSUS-0000235872,GSA_MIGRATION,2021,2022-09-18,362235165
2021-06-CENSUS-0000235872,GSA_MIGRATION,2021,2022-09-18,371127787
2021-06-CENSUS-0000235872,GSA_MIGRATION,2021,2022-09-18,351343019
2021-06-CENSUS-0000235872,GSA_MIGRATION,2021,2022-09-18,272039417
2021-06-CENSUS-0000235872,GSA_MIGRATION,2021,2022-09-18,362709982
2021-06-CENSUS-0000235872,GSA_MIGRATION,2021,2022-09-18,481172106
2021-06-CENSUS-0000235872,GSA_MIGRATION,2021,2022-09-18,381358212
2021-06-CENSUS-0000235872,GSA_MIGRATION,2021,2022-09-18,741109643
2021-06-CENSUS-0000235872,GSA_MIGRATION,2021,2022-09-18,363438977
2021-06-CENSUS-0000235872,GSA_MIGRATION,2021,2022-09-18,350876389
2021-06-CENSUS-0000235872,GSA_MIGRATION,2021,2022-09-18,363527899
2021-06-CENSUS-0000235872,GSA_MIGRATION,2021,2022-09-18,352363812
2021-06-CENSUS-0000235872,GSA_MIGRATION,2021,2022-09-18,382262856
2021-06-CENSUS-0000235872,GSA_MIGRATION,2021,2022-09-18,630288864
2021-06-CENSUS-0000235872,GSA_MIGRATION,2021,2022-09-18,630288861
2021-06-CENSUS-0000235872,GSA_MIGRATION,2021,2022-09-18,431592502
2021-06-CENSUS-0000235872,GSA_MIGRATION,2021,2022-09-18,480543778
2021-06-CENSUS-0000235872,GSA_MIGRATION,2021,2022-09-18,481236589
2021-06-CENSUS-0000235872,GSA_MIGRATION,2021,2022-09-18,521415083
2021-06-CENSUS-0000235872,GSA_MIGRATION,2021,2022-09-18,620347580
2021-06-CENSUS-0000235872,GSA_MIGRATION,2021,2022-09-18,620475842
2021-06-CENSUS-0000235872,GSA_MIGRATION,2021,2022-09-18,391486775
2021-06-CENSUS-0000235872,GSA_MIGRATION,2021,2022-09-18,391351584
2021-06-CENSUS-0000235872,GSA_MIGRATION,2021,2022-09-18,651257719
2021-06-CENSUS-0000235872,GSA_MIGRATION,2021,2022-09-18,363045007
2021-06-CENSUS-0000235872,GSA_MIGRATION,2021,2022-09-18,590634434
2021-06-CENSUS-0000235872,GSA_MIGRATION,2021,2022-09-18,520591657
2021-06-CENSUS-0000235872,GSA_MIGRATION,2021,2022-09-18,581716804
2021-06-CENSUS-0000235872,GSA_MIGRATION,2021,2022-09-18,390808503
2021-06-CENSUS-0000235872,GSA_MIGRATION,2021,2022-09-18,390807065
2021-06-CENSUS-0000235872,GSA_MIGRATION,2021,2022-09-18,352052591
2021-06-CENSUS-0000235872,GSA_MIGRATION,2021,2022-09-18,382631907
2021-06-CENSUS-0000235872,GSA_MIGRATION,2021,2022-09-18,630909073
2021-06-CENSUS-0000235872,GSA_MIGRATION,2021,2022-09-18,631146531
2021-06-CENSUS-0000235872,GSA_MIGRATION,2021,2022-09-18,810935368
2021-06-CENSUS-0000235872,GSA_MIGRATION,2021,2022-09-18,630578923
2021-06-CENSUS-0000235872,GSA_MIGRATION,2021,2022-09-18,721526400
2021-06-CENSUS-0000235872,GSA_MIGRATION,2021,2022-09-18,381359180
2021-06-CENSUS-0000235872,GSA_MIGRATION,2021,2022-09-18,381490190
2021-06-CENSUS-0000235872,GSA_MIGRATION,2021,2022-09-18,381671120
2021-06-CENSUS-0000235872,GSA_MIGRATION,2021,2022-09-18,381443395
2021-06-CENSUS-0000235872,GSA_MIGRATION,2021,2022-09-18,731440267
2021-06-CENSUS-0000235872,GSA_MIGRATION,2021,2022-09-18,390985690
2021-06-CENSUS-0000235872,GSA_MIGRATION,2021,2022-09-18,391390638
2021-06-CENSUS-0000235872,GSA_MIGRATION,2021,2022-09-18,390905385
2021-06-CENSUS-0000235872,GSA_MIGRATION,2021,2022-09-18,381359063
2021-06-CENSUS-0000235872,GSA_MIGRATION,2021,2022-09-18,380997730
2021-06-CENSUS-0000235872,GSA_MIGRATION,2021,2022-09-18,391834639
2021-06-CENSUS-0000235872,GSA_MIGRATION,2021,2022-09-18,581663055
2021-06-CENSUS-0000235872,GSA_MIGRATION,2021,2022-09-18,150532221
2021-06-CENSUS-0000235872,GSA_MIGRATION,2021,2022-09-18,746106879
2021-06-CENSUS-0000235872,GSA_MIGRATION,2021,2022-09-18,202828680
2021-06-CENSUS-0000235872,GSA_MIGRATION,2021,2022-09-18,363276552
2021-06-CENSUS-0000235872,GSA_MIGRATION,2021,2022-09-18,382377821
2021-06-CENSUS-0000235872,GSA_MIGRATION,2021,2022-09-18,390816857
2021-06-CENSUS-0000235872,GSA_MIGRATION,2021,2022-09-18,731215174
2021-06-CENSUS-0000235872,GSA_MIGRATION,2021,2022-09-18,350992717
2021-06-CENSUS-0000235872,GSA_MIGRATION,2021,2022-09-18,460877261
2021-06-CENSUS-0000235872,GSA_MIGRATION,2021,2022-09-18,383833117
2021-06-CENSUS-0000235872,GSA_MIGRATION,2021,2022-09-18,730606129
2021-06-CENSUS-0000235872,GSA_MIGRATION,2021,2022-09-18,730579286
2021-06-CENSUS-0000235872,GSA_MIGRATION,2021,2022-09-18,203700131
2021-06-CENSUS-0000235872,GSA_MIGRATION,2021,2022-09-18,730662663
2021-06-CENSUS-0000235872,GSA_MIGRATION,2021,2022-09-18,593650609
2021-06-CENSUS-0000235872,GSA_MIGRATION,2021,2022-09-18,200708162
2021-06-CENSUS-0000235872,GSA_MIGRATION,2021,2022-09-18,274758285
2021-06-CENSUS-0000235872,GSA_MIGRATION,2021,2022-09-18,630965456
2021-06-CENSUS-0000235872,GSA_MIGRATION,2021,2022-09-18,815393966
2021-06-CENSUS-0000235872,GSA_MIGRATION,2021,2022-09-18,141347719
2021-06-CENSUS-0000235872,GSA_MIGRATION,2021,2022-09-18,814769136
2021-06-CENSUS-0000235872,GSA_MIGRATION,2021,2022-09-18,161608735
2021-06-CENSUS-0000235872,GSA_MIGRATION,2021,2022-09-18,237061646
2021-06-CENSUS-0000235872,GSA_MIGRATION,2021,2022-09-18,362801392
2021-06-CENSUS-0000235872,GSA_MIGRATION,2021,2022-09-18,362841358
2021-06-CENSUS-0000235872,GSA_MIGRATION,2021,2022-09-18,382555589
2021-06-CENSUS-0000235872,GSA_MIGRATION,2021,2022-09-18,431470362
2021-06-CENSUS-0000235872,GSA_MIGRATION,2021,2022-09-18,481078862
2021-06-CENSUS-0000235872,GSA_MIGRATION,2021,2022-09-18,481241079
2021-06-CENSUS-0000235872,GSA_MIGRATION,2021,2022-09-18,481247723
2021-06-CENSUS-0000235872,GSA_MIGRATION,2021,2022-09-18,521835288
2021-06-CENSUS-0000235872,GSA_MIGRATION,2021,2022-09-18,591878316
2021-06-CENSUS-0000235872,GSA_MIGRATION,2021,2022-09-18,611759304
2021-06-CENSUS-0000235872,GSA_MIGRATION,2021,2022-09-18,621136742
2021-06-CENSUS-0000235872,GSA_MIGRATION,2021,2022-09-18,731153337
2021-06-CENSUS-0000235872,GSA_MIGRATION,2021,2022-09-18,742505427
2021-06-CENSUS-0000235872,GSA_MIGRATION,2021,2022-09-18,743070971
2021-06-CENSUS-0000235872,GSA_MIGRATION,2021,2022-09-18,824710412
2021-06-CENSUS-0000235872,GSA_MIGRATION,2021,2022-09-18,832068871
2021-06-CENSUS-0000235872,GSA_MIGRATION,2021,2022-09-18,821103087
2021-06-CENSUS-0000235872,GSA_MIGRATION,2021,2022-09-18,260479484
2021-06-CENSUS-0000235872,GSA_MIGRATION,2021,2022-09-18,274273517
2021-06-CENSUS-0000235872,GSA_MIGRATION,2021,2022-09-18,300577249
2021-06-CENSUS-0000235872,GSA_MIGRATION,2021,2022-09-18,461130426
2021-06-CENSUS-0000235872,GSA_MIGRATION,2021,2022-09-18,461523194
2021-06-CENSUS-0000235872,GSA_MIGRATION,2021,2022-09-18,462847744
2021-06-CENSUS-0000235872,GSA_MIGRATION,2021,2022-09-18,470897357
2021-06-CENSUS-0000235872,GSA_MIGRATION,2021,2022-09-18,590624449
2021-06-CENSUS-0000235872,GSA_MIGRATION,2021,2022-09-18,592292041
2021-06-CENSUS-0000235872,GSA_MIGRATION,2021,2022-09-18,630937704
2021-06-CENSUS-0000235872,GSA_MIGRATION,2021,2022-09-18,621712703
2021-09-CENSUS-0000203196,GSA_MIGRATION,2021,2022-06-21,813886910
2021-12-CENSUS-0000254707,GSA_MIGRATION,2021,2022-09-22,410786046
2021-12-CENSUS-0000254707,GSA_MIGRATION,2021,2022-09-22,411979428
2021-06-CENSUS-0000171602,GSA_MIGRATION,2021,2022-07-04,620798646
2021-06-CENSUS-0000171602,GSA_MIGRATION,2021,2022-07-04,626000287
2021-06-CENSUS-0000171602,GSA_MIGRATION,2021,2022-07-04,620698753
2021-09-CENSUS-0000253835,GSA_MIGRATION,2021,2022-06-29,592199023
2021-09-CENSUS-0000232316,GSA_MIGRATION,2021,2022-06-29,383259072
2021-09-CENSUS-0000253848,GSA_MIGRATION,2021,2022-06-29,471496249
2021-09-CENSUS-0000253848,GSA_MIGRATION,2021,2022-06-29,473330802
2021-09-CENSUS-0000253848,GSA_MIGRATION,2021,2022-06-29,202110941
2021-09-CENSUS-0000253848,GSA_MIGRATION,2021,2022-06-29,262646893
2021-09-CENSUS-0000253848,GSA_MIGRATION,2021,2022-06-29,203161166
2021-09-CENSUS-0000253848,GSA_MIGRATION,2021,2022-06-29,208912920
2021-09-CENSUS-0000253848,GSA_MIGRATION,2021,2022-06-29,203247451
2021-09-CENSUS-0000253848,GSA_MIGRATION,2021,2022-06-29,204767284
2021-09-CENSUS-0000253848,GSA_MIGRATION,2021,2022-06-29,461285581
2021-09-CENSUS-0000253848,GSA_MIGRATION,2021,2022-06-29,811723038
2021-09-CENSUS-0000253848,GSA_MIGRATION,2021,2022-06-29,472739304
2021-09-CENSUS-0000253848,GSA_MIGRATION,2021,2022-06-29,832579463
2021-09-CENSUS-0000253848,GSA_MIGRATION,2021,2022-06-29,203864191
2021-09-CENSUS-0000253848,GSA_MIGRATION,2021,2022-06-29,203278979
2021-09-CENSUS-0000253848,GSA_MIGRATION,2021,2022-06-29,203900691
2021-09-CENSUS-0000253848,GSA_MIGRATION,2021,2022-06-29,203686711
2021-09-CENSUS-0000253848,GSA_MIGRATION,2021,2022-06-29,205029773
2021-09-CENSUS-0000253848,GSA_MIGRATION,2021,2022-06-29,263826991
2021-09-CENSUS-0000253848,GSA_MIGRATION,2021,2022-06-29,263538802
2021-09-CENSUS-0000253848,GSA_MIGRATION,2021,2022-06-29,474167226
2021-09-CENSUS-0000253848,GSA_MIGRATION,2021,2022-06-29,263579168
2021-09-CENSUS-0000253848,GSA_MIGRATION,2021,2022-06-29,203254480
2021-09-CENSUS-0000253848,GSA_MIGRATION,2021,2022-06-29,208110651
2021-09-CENSUS-0000253848,GSA_MIGRATION,2021,2022-06-29,205212732
2021-09-CENSUS-0000253848,GSA_MIGRATION,2021,2022-06-29,461355355
2021-09-CENSUS-0000253848,GSA_MIGRATION,2021,2022-06-29,203823635
2021-09-CENSUS-0000253848,GSA_MIGRATION,2021,2022-06-29,475175915
2021-09-CENSUS-0000253848,GSA_MIGRATION,2021,2022-06-29,223915661
2021-09-CENSUS-0000253848,GSA_MIGRATION,2021,2022-06-29,208935076
2021-09-CENSUS-0000253848,GSA_MIGRATION,2021,2022-06-29,208613662
2021-09-CENSUS-0000253848,GSA_MIGRATION,2021,2022-06-29,813584802
2021-09-CENSUS-0000253848,GSA_MIGRATION,2021,2022-06-29,461498109
2021-09-CENSUS-0000253848,GSA_MIGRATION,2021,2022-06-29,474842189
2021-09-CENSUS-0000253848,GSA_MIGRATION,2021,2022-06-29,831900895
2021-09-CENSUS-0000253848,GSA_MIGRATION,2021,2022-06-29,462275116
2021-09-CENSUS-0000253848,GSA_MIGRATION,2021,2022-06-29,461927766
2021-09-CENSUS-0000253848,GSA_MIGRATION,2021,2022-06-29,463010960
2021-09-CENSUS-0000253848,GSA_MIGRATION,2021,2022-06-29,472768310
2021-09-CENSUS-0000253848,GSA_MIGRATION,2021,2022-06-29,463400116
2021-09-CENSUS-0000253848,GSA_MIGRATION,2021,2022-06-29,813669896
2021-09-CENSUS-0000253848,GSA_MIGRATION,2021,2022-06-29,462510317
2021-09-CENSUS-0000253848,GSA_MIGRATION,2021,2022-06-29,474756644
2021-09-CENSUS-0000253848,GSA_MIGRATION,2021,2022-06-29,462949844
2021-09-CENSUS-0000253848,GSA_MIGRATION,2021,2022-06-29,271774045
2021-09-CENSUS-0000253848,GSA_MIGRATION,2021,2022-06-29,272549386
2021-09-CENSUS-0000253848,GSA_MIGRATION,2021,2022-06-29,813737618
2021-09-CENSUS-0000253848,GSA_MIGRATION,2021,2022-06-29,202337596
2021-09-CENSUS-0000253848,GSA_MIGRATION,2021,2022-06-29,463564189
2021-09-CENSUS-0000253848,GSA_MIGRATION,2021,2022-06-29,462499070
2021-09-CENSUS-0000253848,GSA_MIGRATION,2021,2022-06-29,204084630
2021-09-CENSUS-0000253848,GSA_MIGRATION,2021,2022-06-29,455379447
2021-09-CENSUS-0000253848,GSA_MIGRATION,2021,2022-06-29,813515675
2021-09-CENSUS-0000253848,GSA_MIGRATION,2021,2022-06-29,721484930
2021-09-CENSUS-0000253848,GSA_MIGRATION,2021,2022-06-29,203278984
2021-09-CENSUS-0000253848,GSA_MIGRATION,2021,2022-06-29,272466715
2021-09-CENSUS-0000253848,GSA_MIGRATION,2021,2022-06-29,202427729
2021-09-CENSUS-0000253848,GSA_MIGRATION,2021,2022-06-29,204837646
2021-09-CENSUS-0000253848,GSA_MIGRATION,2021,2022-06-29,203963630
2021-09-CENSUS-0000253848,GSA_MIGRATION,2021,2022-06-29,271663689
2021-09-CENSUS-0000253848,GSA_MIGRATION,2021,2022-06-29,450497620
2021-09-CENSUS-0000253848,GSA_MIGRATION,2021,2022-06-29,721209527
2021-09-CENSUS-0000253848,GSA_MIGRATION,2021,2022-06-29,812268487
2021-09-CENSUS-0000253848,GSA_MIGRATION,2021,2022-06-29,264677203
2021-09-CENSUS-0000253848,GSA_MIGRATION,2021,2022-06-29,821265587
2021-09-CENSUS-0000253848,GSA_MIGRATION,2021,2022-06-29,261205279
2021-09-CENSUS-0000253848,GSA_MIGRATION,2021,2022-06-29,272440074
2021-09-CENSUS-0000253848,GSA_MIGRATION,2021,2022-06-29,721485763
2021-09-CENSUS-0000253848,GSA_MIGRATION,2021,2022-06-29,721501844
2021-09-CENSUS-0000253848,GSA_MIGRATION,2021,2022-06-29,721274742
2021-09-CENSUS-0000253848,GSA_MIGRATION,2021,2022-06-29,721295636
2021-09-CENSUS-0000253848,GSA_MIGRATION,2021,2022-06-29,721474233
2021-09-CENSUS-0000253848,GSA_MIGRATION,2021,2022-06-29,205605505
2021-09-CENSUS-0000253848,GSA_MIGRATION,2021,2022-06-29,203823719
2021-09-CENSUS-0000253848,GSA_MIGRATION,2021,2022-06-29,463200947
2021-09-CENSUS-0000253848,GSA_MIGRATION,2021,2022-06-29,263377166
2021-09-CENSUS-0000253848,GSA_MIGRATION,2021,2022-06-29,721300680
2021-09-CENSUS-0000253848,GSA_MIGRATION,2021,2022-06-29,452654019
2021-09-CENSUS-0000253848,GSA_MIGRATION,2021,2022-06-29,205105770
2021-09-CENSUS-0000253848,GSA_MIGRATION,2021,2022-06-29,263773920
2021-09-CENSUS-0000253848,GSA_MIGRATION,2021,2022-06-29,261428333
2021-09-CENSUS-0000253848,GSA_MIGRATION,2021,2022-06-29,811317141
2021-09-CENSUS-0000253848,GSA_MIGRATION,2021,2022-06-29,821370089
2021-09-CENSUS-0000253848,GSA_MIGRATION,2021,2022-06-29,474483260
2021-09-CENSUS-0000253848,GSA_MIGRATION,2021,2022-06-29,203161188
2021-09-CENSUS-0000253848,GSA_MIGRATION,2021,2022-06-29,470988367
2021-09-CENSUS-0000253848,GSA_MIGRATION,2021,2022-06-29,473244444
2021-09-CENSUS-0000253848,GSA_MIGRATION,2021,2022-06-29,821053123
2021-09-CENSUS-0000253848,GSA_MIGRATION,2021,2022-06-29,463574965
2021-09-CENSUS-0000253848,GSA_MIGRATION,2021,2022-06-29,821304816
2021-09-CENSUS-0000253848,GSA_MIGRATION,2021,2022-06-29,203864251
2021-09-CENSUS-0000253848,GSA_MIGRATION,2021,2022-06-29,721418764
2021-09-CENSUS-0000253848,GSA_MIGRATION,2021,2022-06-29,263046185
2021-09-CENSUS-0000253848,GSA_MIGRATION,2021,2022-06-29,820873943
2021-09-CENSUS-0000253848,GSA_MIGRATION,2021,2022-06-29,208196112
2021-09-CENSUS-0000253848,GSA_MIGRATION,2021,2022-06-29,262749174
2021-09-CENSUS-0000253848,GSA_MIGRATION,2021,2022-06-29,460921212
2021-09-CENSUS-0000253848,GSA_MIGRATION,2021,2022-06-29,264568639
2021-09-CENSUS-0000253640,GSA_MIGRATION,2021,2022-06-24,852276567
2021-06-CENSUS-0000232965,GSA_MIGRATION,2021,2022-03-13,630813275
2021-06-CENSUS-0000232965,GSA_MIGRATION,2021,2022-03-13,752365748
2021-06-CENSUS-0000232965,GSA_MIGRATION,2021,2022-03-13,205876937
2021-06-CENSUS-0000232965,GSA_MIGRATION,2021,2022-03-13,464390279
2021-06-CENSUS-0000232965,GSA_MIGRATION,2021,2022-03-13,237281996
2021-06-CENSUS-0000232965,GSA_MIGRATION,2021,2022-03-13,631125356
2021-06-CENSUS-0000232965,GSA_MIGRATION,2021,2022-03-13,630837260
2021-09-CENSUS-0000253777,GSA_MIGRATION,2021,2022-06-29,611766874
2021-12-CENSUS-0000254685,GSA_MIGRATION,2021,2022-09-22,752925491
2021-12-CENSUS-0000255128,GSA_MIGRATION,2021,2022-09-28,223145689
2021-06-CENSUS-0000136063,GSA_MIGRATION,2021,2022-03-29,592924021
2021-06-CENSUS-0000136063,GSA_MIGRATION,2021,2022-03-29,592976169
2021-06-CENSUS-0000136063,GSA_MIGRATION,2021,2022-03-29,592976783
2021-06-CENSUS-0000136063,GSA_MIGRATION,2021,2022-03-29,593024028
2021-06-CENSUS-0000136063,GSA_MIGRATION,2021,2022-03-29,593102112
2021-06-CENSUS-0000136063,GSA_MIGRATION,2021,2022-03-29,593105845
2021-06-CENSUS-0000136063,GSA_MIGRATION,2021,2022-03-29,593452939
2021-06-CENSUS-0000136063,GSA_MIGRATION,2021,2022-03-29,593458463
2021-06-CENSUS-0000136063,GSA_MIGRATION,2021,2022-03-29,593458757
2021-06-CENSUS-0000136063,GSA_MIGRATION,2021,2022-03-29,593458983
2021-06-CENSUS-0000136063,GSA_MIGRATION,2021,2022-03-29,593462720
2021-06-CENSUS-0000136063,GSA_MIGRATION,2021,2022-03-29,593462886
2021-06-CENSUS-0000136063,GSA_MIGRATION,2021,2022-03-29,593466865
2021-06-CENSUS-0000136063,GSA_MIGRATION,2021,2022-03-29,593467201
2021-06-CENSUS-0000136063,GSA_MIGRATION,2021,2022-03-29,593474751
2021-06-CENSUS-0000136063,GSA_MIGRATION,2021,2022-03-29,593475860
2021-06-CENSUS-0000136063,GSA_MIGRATION,2021,2022-03-29,593476898
2021-06-CENSUS-0000136063,GSA_MIGRATION,2021,2022-03-29,593515548
2021-06-CENSUS-0000136063,GSA_MIGRATION,2021,2022-03-29,593751857
2021-06-CENSUS-0000136063,GSA_MIGRATION,2021,2022-03-29,593753078
2021-06-CENSUS-0000136063,GSA_MIGRATION,2021,2022-03-29,593753171
2021-06-CENSUS-0000136063,GSA_MIGRATION,2021,2022-03-29,593754016
2021-06-CENSUS-0000136063,GSA_MIGRATION,2021,2022-03-29,593754662
2021-06-CENSUS-0000136063,GSA_MIGRATION,2021,2022-03-29,593754663
2021-06-CENSUS-0000136063,GSA_MIGRATION,2021,2022-03-29,593757751
2021-06-CENSUS-0000136063,GSA_MIGRATION,2021,2022-03-29,593757965
2021-06-CENSUS-0000136063,GSA_MIGRATION,2021,2022-03-29,593758249
2021-06-CENSUS-0000136063,GSA_MIGRATION,2021,2022-03-29,593759152
2021-06-CENSUS-0000136063,GSA_MIGRATION,2021,2022-03-29,596001975
2021-06-CENSUS-0000136063,GSA_MIGRATION,2021,2022-03-29,596002052
2021-06-CENSUS-0000136063,GSA_MIGRATION,2021,2022-03-29,596004084
2021-06-CENSUS-0000136063,GSA_MIGRATION,2021,2022-03-29,596007353
2021-06-CENSUS-0000136063,GSA_MIGRATION,2021,2022-03-29,596007874
2021-06-CENSUS-0000136063,GSA_MIGRATION,2021,2022-03-29,596031182
2021-06-CENSUS-0000136063,GSA_MIGRATION,2021,2022-03-29,650177616
2021-06-CENSUS-0000136063,GSA_MIGRATION,2021,2022-03-29,650753801
2021-06-CENSUS-0000136063,GSA_MIGRATION,2021,2022-03-29,650812614
2021-06-CENSUS-0000136063,GSA_MIGRATION,2021,2022-03-29,651148284
2021-06-CENSUS-0000136063,GSA_MIGRATION,2021,2022-03-29,651150231
2021-06-CENSUS-0000136063,GSA_MIGRATION,2021,2022-03-29,651150480
2021-06-CENSUS-0000136063,GSA_MIGRATION,2021,2022-03-29,651151099
2021-06-CENSUS-0000136063,GSA_MIGRATION,2021,2022-03-29,800749868
2021-06-CENSUS-0000136063,GSA_MIGRATION,2021,2022-03-29,900057281
2021-06-CENSUS-0000136063,GSA_MIGRATION,2021,2022-03-29,911961382
2021-06-CENSUS-0000171443,GSA_MIGRATION,2021,2022-01-31,626000882
2021-06-CENSUS-0000171443,GSA_MIGRATION,2021,2022-01-31,626000881
2021-06-CENSUS-0000093339,GSA_MIGRATION,2021,2022-01-30,582207180
2021-06-CENSUS-0000093339,GSA_MIGRATION,2021,2022-01-30,621260299
2021-06-CENSUS-0000093339,GSA_MIGRATION,2021,2022-01-30,621588906
2021-09-CENSUS-0000136130,GSA_MIGRATION,2021,2022-11-15,596000834
2021-09-CENSUS-0000136130,GSA_MIGRATION,2021,2022-11-15,650537662
2021-09-CENSUS-0000136130,GSA_MIGRATION,2021,2022-11-15,596000838
2021-09-CENSUS-0000000085,GSA_MIGRATION,2021,2022-06-26,010211501
2021-09-CENSUS-0000000085,GSA_MIGRATION,2021,2022-06-26,223183888
2021-09-CENSUS-0000000085,GSA_MIGRATION,2021,2022-06-26,010372148
2021-09-CENSUS-0000000085,GSA_MIGRATION,2021,2022-06-26,010263628
2021-09-CENSUS-0000000085,GSA_MIGRATION,2021,2022-06-26,010217211
2021-09-CENSUS-0000000085,GSA_MIGRATION,2021,2022-06-26,043341666
2021-09-CENSUS-0000000085,GSA_MIGRATION,2021,2022-06-26,843689003
2021-09-CENSUS-0000000085,GSA_MIGRATION,2021,2022-06-26,010227195
2021-09-CENSUS-0000000085,GSA_MIGRATION,2021,2022-06-26,010211534
2021-09-CENSUS-0000000085,GSA_MIGRATION,2021,2022-06-26,010198331
2021-09-CENSUS-0000000085,GSA_MIGRATION,2021,2022-06-26,010349339
2021-09-CENSUS-0000000085,GSA_MIGRATION,2021,2022-06-26,010381283
2021-09-CENSUS-0000000085,GSA_MIGRATION,2021,2022-06-26,010421234
2021-09-CENSUS-0000000085,GSA_MIGRATION,2021,2022-06-26,010459837
2021-09-CENSUS-0000000085,GSA_MIGRATION,2021,2022-06-26,272175482
2021-09-CENSUS-0000000085,GSA_MIGRATION,2021,2022-06-26,830911574
2021-12-CENSUS-0000253507,GSA_MIGRATION,2021,2022-06-13,300433147
2021-12-CENSUS-0000253507,GSA_MIGRATION,2021,2022-06-13,161590512
2021-09-CENSUS-0000220687,GSA_MIGRATION,2021,2022-06-16,201184704
2021-09-CENSUS-0000241259,GSA_MIGRATION,2021,2022-06-19,463774942
2021-09-CENSUS-0000241259,GSA_MIGRATION,2021,2022-06-19,271094843
2021-09-CENSUS-0000241259,GSA_MIGRATION,2021,2022-06-19,454088317
2021-09-CENSUS-0000241259,GSA_MIGRATION,2021,2022-06-19,454356706
2021-09-CENSUS-0000241259,GSA_MIGRATION,2021,2022-06-19,454599323
2021-06-CENSUS-0000235872,GSA_MIGRATION,2021,2022-09-18,721332678
2021-06-CENSUS-0000235872,GSA_MIGRATION,2021,2022-09-18,721529708
2021-06-CENSUS-0000235872,GSA_MIGRATION,2021,2022-09-18,900799724
2021-06-CENSUS-0000235872,GSA_MIGRATION,2021,2022-09-18,593620346
2021-06-CENSUS-0000235872,GSA_MIGRATION,2021,2022-09-18,362596381
2021-06-CENSUS-0000235872,GSA_MIGRATION,2021,2022-09-18,363296367
2021-06-CENSUS-0000235872,GSA_MIGRATION,2021,2022-09-18,363330928
2021-06-CENSUS-0000235872,GSA_MIGRATION,2021,2022-09-18,363978153
2021-06-CENSUS-0000235872,GSA_MIGRATION,2021,2022-09-18,364195126
2021-06-CENSUS-0000235872,GSA_MIGRATION,2021,2022-09-18,364251846
2021-06-CENSUS-0000235872,GSA_MIGRATION,2021,2022-09-18,364251848
2021-06-CENSUS-0000235872,GSA_MIGRATION,2021,2022-09-18,364286236
2021-06-CENSUS-0000235872,GSA_MIGRATION,2021,2022-09-18,460483581
2021-06-CENSUS-0000235872,GSA_MIGRATION,2021,2022-09-18,471930457
2021-06-CENSUS-0000235872,GSA_MIGRATION,2021,2022-09-18,800710751
2021-06-CENSUS-0000235872,GSA_MIGRATION,2021,2022-09-18,811110738
2021-06-CENSUS-0000235872,GSA_MIGRATION,2021,2022-09-18,261356310
2021-06-CENSUS-0000235872,GSA_MIGRATION,2021,2022-09-18,270847538
2021-06-CENSUS-0000235872,GSA_MIGRATION,2021,2022-09-18,272192831
2021-06-CENSUS-0000235872,GSA_MIGRATION,2021,2022-09-18,350784551
2021-06-CENSUS-0000235872,GSA_MIGRATION,2021,2022-09-18,350869065
2021-06-CENSUS-0000235872,GSA_MIGRATION,2021,2022-09-18,350869066
2021-06-CENSUS-0000235872,GSA_MIGRATION,2021,2022-09-18,351712001
2021-06-CENSUS-0000235872,GSA_MIGRATION,2021,2022-09-18,352112529
2021-06-CENSUS-0000235872,GSA_MIGRATION,2021,2022-09-18,454243702
2021-06-CENSUS-0000235872,GSA_MIGRATION,2021,2022-09-18,742979291
2021-06-CENSUS-0000235872,GSA_MIGRATION,2021,2022-09-18,743107055
2021-06-CENSUS-0000235872,GSA_MIGRATION,2021,2022-09-18,351841606
2021-06-CENSUS-0000235872,GSA_MIGRATION,2021,2022-09-18,352103153
2021-06-CENSUS-0000235872,GSA_MIGRATION,2021,2022-09-18,364492612
2021-06-CENSUS-0000235872,GSA_MIGRATION,2021,2022-09-18,271965272
2021-06-CENSUS-0000235872,GSA_MIGRATION,2021,2022-09-18,480993446
2021-06-CENSUS-0000235872,GSA_MIGRATION,2021,2022-09-18,481158274
2021-06-CENSUS-0000235872,GSA_MIGRATION,2021,2022-09-18,481186704
2021-06-CENSUS-0000235872,GSA_MIGRATION,2021,2022-09-18,481221623
2021-06-CENSUS-0000235872,GSA_MIGRATION,2021,2022-09-18,481223653
2021-06-CENSUS-0000235872,GSA_MIGRATION,2021,2022-09-18,481239522
2021-06-CENSUS-0000235872,GSA_MIGRATION,2021,2022-09-18,431948057
2021-06-CENSUS-0000235872,GSA_MIGRATION,2021,2022-09-18,481251984
2021-06-CENSUS-0000235872,GSA_MIGRATION,2021,2022-09-18,392064992
2021-06-CENSUS-0000235872,GSA_MIGRATION,2021,2022-09-18,381359247
2021-06-CENSUS-0000235872,GSA_MIGRATION,2021,2022-09-18,381360526
2021-06-CENSUS-0000235872,GSA_MIGRATION,2021,2022-09-18,381576680
2021-06-CENSUS-0000235872,GSA_MIGRATION,2021,2022-09-18,381958763
2021-06-CENSUS-0000235872,GSA_MIGRATION,2021,2022-09-18,382292922
2021-06-CENSUS-0000235872,GSA_MIGRATION,2021,2022-09-18,382601348
2021-06-CENSUS-0000235872,GSA_MIGRATION,2021,2022-09-18,382820107
2021-06-CENSUS-0000235872,GSA_MIGRATION,2021,2022-09-18,383160564
2021-06-CENSUS-0000235872,GSA_MIGRATION,2021,2022-09-18,383193801
2021-06-CENSUS-0000235872,GSA_MIGRATION,2021,2022-09-18,383322109
2021-06-CENSUS-0000235872,GSA_MIGRATION,2021,2022-09-18,383494637
2021-06-CENSUS-0000235872,GSA_MIGRATION,2021,2022-09-18,831617112
2021-06-CENSUS-0000235872,GSA_MIGRATION,2021,2022-09-18,030516871
2021-06-CENSUS-0000235872,GSA_MIGRATION,2021,2022-09-18,383544539
2021-06-CENSUS-0000235872,GSA_MIGRATION,2021,2022-09-18,203690446
2021-06-CENSUS-0000235872,GSA_MIGRATION,2021,2022-09-18,204990275
2021-06-CENSUS-0000235872,GSA_MIGRATION,2021,2022-09-18,731131608
2021-06-CENSUS-0000235872,GSA_MIGRATION,2021,2022-09-18,731321032
2021-06-CENSUS-0000235872,GSA_MIGRATION,2021,2022-09-18,731335536
2021-06-CENSUS-0000235872,GSA_MIGRATION,2021,2022-09-18,461564050
2021-06-CENSUS-0000235872,GSA_MIGRATION,2021,2022-09-18,474063149
2021-06-CENSUS-0000235872,GSA_MIGRATION,2021,2022-09-18,474063232
2021-06-CENSUS-0000235872,GSA_MIGRATION,2021,2022-09-18,474063289
2021-06-CENSUS-0000235872,GSA_MIGRATION,2021,2022-09-18,474063406
2021-06-CENSUS-0000235872,GSA_MIGRATION,2021,2022-09-18,581737573
2021-06-CENSUS-0000235872,GSA_MIGRATION,2021,2022-09-18,621529858
2021-06-CENSUS-0000235872,GSA_MIGRATION,2021,2022-09-18,621836937
2021-06-CENSUS-0000235872,GSA_MIGRATION,2021,2022-09-18,621869474
2021-06-CENSUS-0000235872,GSA_MIGRATION,2021,2022-09-18,203664894
2021-06-CENSUS-0000235872,GSA_MIGRATION,2021,2022-09-18,264562522
2021-06-CENSUS-0000235872,GSA_MIGRATION,2021,2022-09-18,264562712
2021-06-CENSUS-0000235872,GSA_MIGRATION,2021,2022-09-18,421670843
2021-06-CENSUS-0000235872,GSA_MIGRATION,2021,2022-09-18,741109636
2021-06-CENSUS-0000235872,GSA_MIGRATION,2021,2022-09-18,742696970
2021-06-CENSUS-0000235872,GSA_MIGRATION,2021,2022-09-18,742800601
2021-06-CENSUS-0000235872,GSA_MIGRATION,2021,2022-09-18,521275587
2021-06-CENSUS-0000235872,GSA_MIGRATION,2021,2022-09-18,390806315
2021-06-CENSUS-0000235872,GSA_MIGRATION,2021,2022-09-18,390807063
2021-06-CENSUS-0000235872,GSA_MIGRATION,2021,2022-09-18,390808443
2021-06-CENSUS-0000235872,GSA_MIGRATION,2021,2022-09-18,390816818
2021-06-CENSUS-0000235872,GSA_MIGRATION,2021,2022-09-18,390873606
2021-06-CENSUS-0000235872,GSA_MIGRATION,2021,2022-09-18,390902199
2021-06-CENSUS-0000235872,GSA_MIGRATION,2021,2022-09-18,390907740
2021-06-CENSUS-0000235872,GSA_MIGRATION,2021,2022-09-18,391127163
2021-06-CENSUS-0000235872,GSA_MIGRATION,2021,2022-09-18,391264986
2021-06-CENSUS-0000235872,GSA_MIGRATION,2021,2022-09-18,391701402
2021-06-CENSUS-0000235872,GSA_MIGRATION,2021,2022-09-18,391791586
2021-06-CENSUS-0000235872,GSA_MIGRATION,2021,2022-09-18,391965593
2021-06-CENSUS-0000235872,GSA_MIGRATION,2021,2022-09-18,721531917
2021-06-CENSUS-0000235872,GSA_MIGRATION,2021,2022-09-18,410693877
2021-06-CENSUS-0000235872,GSA_MIGRATION,2021,2022-09-18,363208390
2021-06-CENSUS-0000235872,GSA_MIGRATION,2021,2022-09-18,651219504
2021-06-CENSUS-0000235872,GSA_MIGRATION,2021,2022-09-18,362276984
2021-06-CENSUS-0000235872,GSA_MIGRATION,2021,2022-09-18,371762682
2021-06-CENSUS-0000235872,GSA_MIGRATION,2021,2022-09-18,390806268
2021-06-CENSUS-0000171598,GSA_MIGRATION,2021,2022-06-30,626000037
2021-06-CENSUS-0000171598,GSA_MIGRATION,2021,2022-06-30,626018910
2021-09-CENSUS-0000253703,GSA_MIGRATION,2021,2022-06-28,263807951
2021-09-CENSUS-0000253703,GSA_MIGRATION,2021,2022-06-28,462091076
2021-09-CENSUS-0000205678,GSA_MIGRATION,2021,2022-06-28,030279740
2021-09-CENSUS-0000205678,GSA_MIGRATION,2021,2022-06-28,814023607
2021-09-CENSUS-0000205678,GSA_MIGRATION,2021,2022-06-28,222563241
2021-09-CENSUS-0000205678,GSA_MIGRATION,2021,2022-06-28,473028931
2021-09-CENSUS-0000205678,GSA_MIGRATION,2021,2022-06-28,141370000
2021-06-CENSUS-0000219000,GSA_MIGRATION,2021,2022-09-21,043369653
2021-06-CENSUS-0000219000,GSA_MIGRATION,2021,2022-09-21,010524384
2021-06-CENSUS-0000219000,GSA_MIGRATION,2021,2022-09-21,222789192
2021-12-CENSUS-0000009532,GSA_MIGRATION,2021,2022-09-27,131624070
2021-12-CENSUS-0000009532,GSA_MIGRATION,2021,2022-09-27,112837244
2021-12-CENSUS-0000009532,GSA_MIGRATION,2021,2022-09-27,112673595
2021-12-CENSUS-0000009532,GSA_MIGRATION,2021,2022-09-27,131725076
2021-12-CENSUS-0000009532,GSA_MIGRATION,2021,2022-09-27,464469806
2021-12-CENSUS-0000009532,GSA_MIGRATION,2021,2022-09-27,111661359
2021-12-CENSUS-0000009532,GSA_MIGRATION,2021,2022-09-27,111639818
2020-12-CENSUS-0000119054,GSA_MIGRATION,2020,2022-02-17,770312119
2021-12-CENSUS-0000201567,GSA_MIGRATION,2021,2022-09-29,300598934
2021-12-CENSUS-0000201567,GSA_MIGRATION,2021,2022-09-29,232889102
2021-06-CENSUS-0000252257,GSA_MIGRATION,2021,2022-02-09,870488670
2021-06-CENSUS-0000252257,GSA_MIGRATION,2021,2022-02-09,272903780
2021-06-CENSUS-0000252257,GSA_MIGRATION,2021,2022-02-09,464797397
2021-09-CENSUS-0000253794,GSA_MIGRATION,2021,2022-06-29,571119337
2021-09-CENSUS-0000253794,GSA_MIGRATION,2021,2022-06-29,208817905
2021-12-CENSUS-0000092994,GSA_MIGRATION,2021,2022-07-19,621251288
2021-12-CENSUS-0000226522,GSA_MIGRATION,2021,2022-09-26,262630569
2021-12-CENSUS-0000244716,GSA_MIGRATION,2021,2022-09-26,371656669
2021-12-CENSUS-0000004541,GSA_MIGRATION,2021,2022-06-20,043358724
2021-12-CENSUS-0000004541,GSA_MIGRATION,2021,2022-06-20,043206160
2021-12-CENSUS-0000004541,GSA_MIGRATION,2021,2022-06-20,043173140
2021-12-CENSUS-0000255420,GSA_MIGRATION,2021,2022-09-29,421629846
2021-06-CENSUS-0000199772,GSA_MIGRATION,2021,2022-02-02,853726673
2021-06-CENSUS-0000255895,GSA_MIGRATION,2021,2022-11-10,200991990
2021-06-CENSUS-0000255895,GSA_MIGRATION,2021,2022-11-10,742323822
2021-06-CENSUS-0000255895,GSA_MIGRATION,2021,2022-11-10,200925675
2021-06-CENSUS-0000255895,GSA_MIGRATION,2021,2022-11-10,463607347
2021-06-CENSUS-0000255895,GSA_MIGRATION,2021,2022-11-10,465033192
2021-06-CENSUS-0000255895,GSA_MIGRATION,2021,2022-11-10,465032999
2021-06-CENSUS-0000255895,GSA_MIGRATION,2021,2022-11-10,753054855
2021-06-CENSUS-0000255895,GSA_MIGRATION,2021,2022-11-10,473539943
2021-06-CENSUS-0000255895,GSA_MIGRATION,2021,2022-11-10,560691100
2021-06-CENSUS-0000255895,GSA_MIGRATION,2021,2022-11-10,813048423
2021-12-CENSUS-0000058641,GSA_MIGRATION,2021,2022-06-30,390806257
2021-12-CENSUS-0000058641,GSA_MIGRATION,2021,2022-06-30,463893976
2021-06-CENSUS-0000003453,GSA_MIGRATION,2021,2022-06-23,275173077
2021-06-CENSUS-0000255536,GSA_MIGRATION,2021,2022-09-29,582014190
2021-06-CENSUS-0000255536,GSA_MIGRATION,2021,2022-09-29,580568702
2021-06-CENSUS-0000255536,GSA_MIGRATION,2021,2022-09-29,461173148
2021-06-CENSUS-0000255536,GSA_MIGRATION,2021,2022-09-29,461549445
2021-06-CENSUS-0000255536,GSA_MIGRATION,2021,2022-09-29,465633323
2021-06-CENSUS-0000255536,GSA_MIGRATION,2021,2022-09-29,465647244
2021-06-CENSUS-0000255536,GSA_MIGRATION,2021,2022-09-29,472252880
2021-06-CENSUS-0000255536,GSA_MIGRATION,2021,2022-09-29,571116041
2021-06-CENSUS-0000255536,GSA_MIGRATION,2021,2022-09-29,581329042
2021-06-CENSUS-0000255536,GSA_MIGRATION,2021,2022-09-29,581690520
2021-06-CENSUS-0000255536,GSA_MIGRATION,2021,2022-09-29,581894698
2021-06-CENSUS-0000255536,GSA_MIGRATION,2021,2022-09-29,582011805
2021-06-CENSUS-0000255536,GSA_MIGRATION,2021,2022-09-29,812136129
2021-06-CENSUS-0000255536,GSA_MIGRATION,2021,2022-09-29,822647012
2021-06-CENSUS-0000255536,GSA_MIGRATION,2021,2022-09-29,824301751
2021-06-CENSUS-0000207978,GSA_MIGRATION,2021,2022-04-03,112350264
2021-06-CENSUS-0000207978,GSA_MIGRATION,2021,2022-04-03,113073915
2021-06-CENSUS-0000207978,GSA_MIGRATION,2021,2022-04-03,237332842
2021-12-CENSUS-0000198785,GSA_MIGRATION,2021,2022-09-29,912176798
2021-12-CENSUS-0000198785,GSA_MIGRATION,2021,2022-09-29,912722731
2021-12-CENSUS-0000198785,GSA_MIGRATION,2021,2022-09-29,912122735
2021-12-CENSUS-0000198785,GSA_MIGRATION,2021,2022-09-29,912033076
2021-12-CENSUS-0000198785,GSA_MIGRATION,2021,2022-09-29,911720240
2021-12-CENSUS-0000198785,GSA_MIGRATION,2021,2022-09-29,260018569
2021-12-CENSUS-0000198785,GSA_MIGRATION,2021,2022-09-29,912033861
2021-12-CENSUS-0000198785,GSA_MIGRATION,2021,2022-09-29,911892350
2021-12-CENSUS-0000198785,GSA_MIGRATION,2021,2022-09-29,474374216
2021-12-CENSUS-0000198785,GSA_MIGRATION,2021,2022-09-29,814189698
2021-12-CENSUS-0000198785,GSA_MIGRATION,2021,2022-09-29,821424178
2021-12-CENSUS-0000198785,GSA_MIGRATION,2021,2022-09-29,911892333
2021-12-CENSUS-0000198785,GSA_MIGRATION,2021,2022-09-29,911892364
2021-12-CENSUS-0000198785,GSA_MIGRATION,2021,2022-09-29,911915424
2021-12-CENSUS-0000198785,GSA_MIGRATION,2021,2022-09-29,912038420
2021-12-CENSUS-0000198785,GSA_MIGRATION,2021,2022-09-29,912122728
2021-12-CENSUS-0000198785,GSA_MIGRATION,2021,2022-09-29,912122729
2021-06-CENSUS-0000229037,GSA_MIGRATION,2021,2022-09-28,473884840
2021-06-CENSUS-0000229037,GSA_MIGRATION,2021,2022-09-28,251780139
2021-09-CENSUS-0000000356,GSA_MIGRATION,2021,2022-04-17,233080013
2021-06-CENSUS-0000225766,GSA_MIGRATION,2021,2022-09-29,250965612
2021-06-CENSUS-0000225766,GSA_MIGRATION,2021,2022-09-29,250965375
2021-06-CENSUS-0000225766,GSA_MIGRATION,2021,2022-09-29,250965414
2021-06-CENSUS-0000225766,GSA_MIGRATION,2021,2022-09-29,203474707
2021-06-CENSUS-0000225766,GSA_MIGRATION,2021,2022-09-29,251744392
2021-09-CENSUS-0000192502,GSA_MIGRATION,2021,2022-06-28,592562792
2021-09-CENSUS-0000192502,GSA_MIGRATION,2021,2022-06-28,596000559
2021-09-CENSUS-0000192502,GSA_MIGRATION,2021,2022-06-28,596000561
2021-09-CENSUS-0000192502,GSA_MIGRATION,2021,2022-06-28,596000562
2021-06-CENSUS-0000171373,GSA_MIGRATION,2021,2022-02-16,621013091
2021-06-CENSUS-0000171373,GSA_MIGRATION,2021,2022-02-16,626000538
2021-09-CENSUS-0000198977,GSA_MIGRATION,2021,2022-09-13,592018385
2021-09-CENSUS-0000198977,GSA_MIGRATION,2021,2022-09-13,596018992
2021-09-CENSUS-0000198977,GSA_MIGRATION,2021,2022-09-13,596000608
2021-09-CENSUS-0000253617,GSA_MIGRATION,2021,2022-06-26,391507910
2021-09-CENSUS-0000253617,GSA_MIGRATION,2021,2022-06-26,390910727
2021-09-CENSUS-0000253617,GSA_MIGRATION,2021,2022-06-26,390794174
2021-09-CENSUS-0000253617,GSA_MIGRATION,2021,2022-06-26,391314542
2021-09-CENSUS-0000253617,GSA_MIGRATION,2021,2022-06-26,200067392
2021-09-CENSUS-0000253617,GSA_MIGRATION,2021,2022-06-26,263324572
2021-09-CENSUS-0000253617,GSA_MIGRATION,2021,2022-06-26,391083015
2021-12-CENSUS-0000158418,GSA_MIGRATION,2021,2022-09-28,136608356
2021-09-CENSUS-0000254326,GSA_MIGRATION,2021,2022-08-30,752656723
2021-09-CENSUS-0000254326,GSA_MIGRATION,2021,2022-08-30,274061759
2021-09-CENSUS-0000254326,GSA_MIGRATION,2021,2022-08-30,463131679
2021-09-CENSUS-0000254326,GSA_MIGRATION,2021,2022-08-30,475554737
2021-06-CENSUS-0000207359,GSA_MIGRATION,2021,2022-01-30,616000521
2021-06-CENSUS-0000207359,GSA_MIGRATION,2021,2022-01-30,261098793
2021-06-CENSUS-0000255058,GSA_MIGRATION,2021,2022-09-27,460360899
2021-06-CENSUS-0000255058,GSA_MIGRATION,2021,2022-09-27,460319070
2021-06-CENSUS-0000255058,GSA_MIGRATION,2021,2022-09-27,364841157
2021-12-CENSUS-0000120912,GSA_MIGRATION,2021,2022-09-28,880213519
2021-12-CENSUS-0000120912,GSA_MIGRATION,2021,2022-09-28,260286308
2021-12-CENSUS-0000120912,GSA_MIGRATION,2021,2022-09-28,471589095
2020-12-CENSUS-0000253109,GSA_MIGRATION,2020,2022-04-28,450368330
2020-12-CENSUS-0000197856,GSA_MIGRATION,2020,2022-03-29,122019262
2020-12-CENSUS-0000197856,GSA_MIGRATION,2020,2022-03-29,202265971
2020-12-CENSUS-0000197856,GSA_MIGRATION,2020,2022-03-29,203138196
2020-12-CENSUS-0000197856,GSA_MIGRATION,2020,2022-03-29,203349394
2020-12-CENSUS-0000197856,GSA_MIGRATION,2020,2022-03-29,203349702
2020-12-CENSUS-0000197856,GSA_MIGRATION,2020,2022-03-29,203349887
2020-12-CENSUS-0000197856,GSA_MIGRATION,2020,2022-03-29,203350024
2020-12-CENSUS-0000197856,GSA_MIGRATION,2020,2022-03-29,204794739
2020-12-CENSUS-0000197856,GSA_MIGRATION,2020,2022-03-29,205996177
2020-12-CENSUS-0000197856,GSA_MIGRATION,2020,2022-03-29,208335586
2020-12-CENSUS-0000197856,GSA_MIGRATION,2020,2022-03-29,237005359
2020-12-CENSUS-0000197856,GSA_MIGRATION,2020,2022-03-29,261226617
2020-12-CENSUS-0000197856,GSA_MIGRATION,2020,2022-03-29,262912486
2020-12-CENSUS-0000197856,GSA_MIGRATION,2020,2022-03-29,271086011
2020-12-CENSUS-0000197856,GSA_MIGRATION,2020,2022-03-29,272552748
2020-12-CENSUS-0000197856,GSA_MIGRATION,2020,2022-03-29,320190409
2020-12-CENSUS-0000197856,GSA_MIGRATION,2020,2022-03-29,363397264
2020-12-CENSUS-0000197856,GSA_MIGRATION,2020,2022-03-29,363517696
2020-12-CENSUS-0000197856,GSA_MIGRATION,2020,2022-03-29,363517697
2020-12-CENSUS-0000197856,GSA_MIGRATION,2020,2022-03-29,410693880
2020-12-CENSUS-0000197856,GSA_MIGRATION,2020,2022-03-29,410706141
2020-12-CENSUS-0000197856,GSA_MIGRATION,2020,2022-03-29,410851573
2020-12-CENSUS-0000197856,GSA_MIGRATION,2020,2022-03-29,411287792
2020-12-CENSUS-0000197856,GSA_MIGRATION,2020,2022-03-29,411293970
2020-12-CENSUS-0000197856,GSA_MIGRATION,2020,2022-03-29,411356565
2020-12-CENSUS-0000197856,GSA_MIGRATION,2020,2022-03-29,411378656
2020-12-CENSUS-0000197856,GSA_MIGRATION,2020,2022-03-29,411388583
2020-12-CENSUS-0000197856,GSA_MIGRATION,2020,2022-03-29,411414831
2020-12-CENSUS-0000197856,GSA_MIGRATION,2020,2022-03-29,411434246
2020-12-CENSUS-0000197856,GSA_MIGRATION,2020,2022-03-29,411456897
2020-12-CENSUS-0000197856,GSA_MIGRATION,2020,2022-03-29,411463518
2020-12-CENSUS-0000197856,GSA_MIGRATION,2020,2022-03-29,411482417
2020-12-CENSUS-0000197856,GSA_MIGRATION,2020,2022-03-29,411483099
2020-12-CENSUS-0000197856,GSA_MIGRATION,2020,2022-03-29,411544996
2020-12-CENSUS-0000197856,GSA_MIGRATION,2020,2022-03-29,411560554
2020-12-CENSUS-0000197856,GSA_MIGRATION,2020,2022-03-29,411567046
2020-12-CENSUS-0000197856,GSA_MIGRATION,2020,2022-03-29,411568579
2020-12-CENSUS-0000197856,GSA_MIGRATION,2020,2022-03-29,411573810
2020-12-CENSUS-0000197856,GSA_MIGRATION,2020,2022-03-29,411592761
2020-12-CENSUS-0000197856,GSA_MIGRATION,2020,2022-03-29,411602044
2020-12-CENSUS-0000197856,GSA_MIGRATION,2020,2022-03-29,411753325
2020-12-CENSUS-0000197856,GSA_MIGRATION,2020,2022-03-29,411761760
2020-12-CENSUS-0000197856,GSA_MIGRATION,2020,2022-03-29,411765832
2020-12-CENSUS-0000197856,GSA_MIGRATION,2020,2022-03-29,411769727
2020-12-CENSUS-0000197856,GSA_MIGRATION,2020,2022-03-29,411796007
2020-12-CENSUS-0000197856,GSA_MIGRATION,2020,2022-03-29,411805759
2020-12-CENSUS-0000197856,GSA_MIGRATION,2020,2022-03-29,411846481
2020-12-CENSUS-0000197856,GSA_MIGRATION,2020,2022-03-29,411852028
2020-12-CENSUS-0000197856,GSA_MIGRATION,2020,2022-03-29,411865874
2020-12-CENSUS-0000197856,GSA_MIGRATION,2020,2022-03-29,411928275
2020-12-CENSUS-0000197856,GSA_MIGRATION,2020,2022-03-29,411964691
2020-12-CENSUS-0000197856,GSA_MIGRATION,2020,2022-03-29,411983267
2020-12-CENSUS-0000197856,GSA_MIGRATION,2020,2022-03-29,412012560
2020-12-CENSUS-0000197856,GSA_MIGRATION,2020,2022-03-29,452665537
2020-12-CENSUS-0000197856,GSA_MIGRATION,2020,2022-03-29,455422455
2020-12-CENSUS-0000197856,GSA_MIGRATION,2020,2022-03-29,455588268
2020-12-CENSUS-0000197856,GSA_MIGRATION,2020,2022-03-29,461336243
2020-12-CENSUS-0000197856,GSA_MIGRATION,2020,2022-03-29,462441825
2020-12-CENSUS-0000197856,GSA_MIGRATION,2020,2022-03-29,462454295
2020-12-CENSUS-0000197856,GSA_MIGRATION,2020,2022-03-29,465444821
2020-12-CENSUS-0000197856,GSA_MIGRATION,2020,2022-03-29,611408831
2020-12-CENSUS-0000197856,GSA_MIGRATION,2020,2022-03-29,721586863
2020-12-CENSUS-0000197856,GSA_MIGRATION,2020,2022-03-29,810625135
2020-12-CENSUS-0000197856,GSA_MIGRATION,2020,2022-03-29,813927337
2020-12-CENSUS-0000197856,GSA_MIGRATION,2020,2022-03-29,814469761
2020-12-CENSUS-0000197856,GSA_MIGRATION,2020,2022-03-29,980417513
2020-12-CENSUS-0000195113,GSA_MIGRATION,2020,2022-03-22,351878104
2020-06-CENSUS-0000131803,GSA_MIGRATION,2020,2022-02-27,943105441
2020-06-CENSUS-0000131803,GSA_MIGRATION,2020,2022-02-27,383845164
2020-06-CENSUS-0000131803,GSA_MIGRATION,2020,2022-02-27,352487925
2020-06-CENSUS-0000131803,GSA_MIGRATION,2020,2022-02-27,721593922
2020-06-CENSUS-0000131803,GSA_MIGRATION,2020,2022-02-27,680281364
2020-06-CENSUS-0000131803,GSA_MIGRATION,2020,2022-02-27,680278801
2020-06-CENSUS-0000131803,GSA_MIGRATION,2020,2022-02-27,946003786
2020-06-CENSUS-0000131803,GSA_MIGRATION,2020,2022-02-27,680322992
2020-06-CENSUS-0000131803,GSA_MIGRATION,2020,2022-02-27,043667508
2020-06-CENSUS-0000131803,GSA_MIGRATION,2020,2022-02-27,900603904
2020-06-CENSUS-0000131803,GSA_MIGRATION,2020,2022-02-27,680282028
2020-06-CENSUS-0000131803,GSA_MIGRATION,2020,2022-02-27,680303547
2020-06-CENSUS-0000131803,GSA_MIGRATION,2020,2022-02-27,680274794
2020-06-CENSUS-0000131803,GSA_MIGRATION,2020,2022-02-27,911879327
2020-06-CENSUS-0000131803,GSA_MIGRATION,2020,2022-02-27,942257827
2020-06-CENSUS-0000131803,GSA_MIGRATION,2020,2022-02-27,680311348
2020-06-CENSUS-0000131803,GSA_MIGRATION,2020,2022-02-27,680290132
2020-06-CENSUS-0000131803,GSA_MIGRATION,2020,2022-02-27,680298653
2020-06-CENSUS-0000131803,GSA_MIGRATION,2020,2022-02-27,680364962
2020-06-CENSUS-0000131803,GSA_MIGRATION,2020,2022-02-27,942270812
2020-06-CENSUS-0000131803,GSA_MIGRATION,2020,2022-02-27,680306069
2020-06-CENSUS-0000131803,GSA_MIGRATION,2020,2022-02-27,941697567
2020-06-CENSUS-0000131803,GSA_MIGRATION,2020,2022-02-27,352352447
2020-06-CENSUS-0000131803,GSA_MIGRATION,2020,2022-02-27,943164436
2020-06-CENSUS-0000131803,GSA_MIGRATION,2020,2022-02-27,943164968
2020-06-CENSUS-0000131803,GSA_MIGRATION,2020,2022-02-27,680303606
2020-06-CENSUS-0000131803,GSA_MIGRATION,2020,2022-02-27,134314619
2020-06-CENSUS-0000131803,GSA_MIGRATION,2020,2022-02-27,521692634
2020-06-CENSUS-0000131803,GSA_MIGRATION,2020,2022-02-27,010967313
2020-06-CENSUS-0000131803,GSA_MIGRATION,2020,2022-02-27,800549057
2020-06-CENSUS-0000131803,GSA_MIGRATION,2020,2022-02-27,680288069
2020-06-CENSUS-0000131803,GSA_MIGRATION,2020,2022-02-27,680325102
2020-06-CENSUS-0000131803,GSA_MIGRATION,2020,2022-02-27,680281986
2020-06-CENSUS-0000131803,GSA_MIGRATION,2020,2022-02-27,680281381
2020-06-CENSUS-0000131803,GSA_MIGRATION,2020,2022-02-27,680287675
2020-06-CENSUS-0000131803,GSA_MIGRATION,2020,2022-02-27,946001347
2020-06-CENSUS-0000131803,GSA_MIGRATION,2020,2022-02-27,680281367
2020-06-CENSUS-0000131803,GSA_MIGRATION,2020,2022-02-27,680301973
2020-06-CENSUS-0000131803,GSA_MIGRATION,2020,2022-02-27,680284156
2020-06-CENSUS-0000131803,GSA_MIGRATION,2020,2022-02-27,680317191
2020-06-CENSUS-0000131803,GSA_MIGRATION,2020,2022-02-27,743204993
2020-06-CENSUS-0000131803,GSA_MIGRATION,2020,2022-02-27,680282313
2020-06-CENSUS-0000131803,GSA_MIGRATION,2020,2022-02-27,680283471
2020-06-CENSUS-0000131803,GSA_MIGRATION,2020,2022-02-27,680279670
2020-06-CENSUS-0000131803,GSA_MIGRATION,2020,2022-02-27,680446735
2020-06-CENSUS-0000131803,GSA_MIGRATION,2020,2022-02-27,680287677
2020-06-CENSUS-0000131803,GSA_MIGRATION,2020,2022-02-27,870746811
2020-06-CENSUS-0000131803,GSA_MIGRATION,2020,2022-02-27,680282717
2020-06-CENSUS-0000131803,GSA_MIGRATION,2020,2022-02-27,680258051
2020-06-CENSUS-0000131803,GSA_MIGRATION,2020,2022-02-27,680264174
2020-06-CENSUS-0000131803,GSA_MIGRATION,2020,2022-02-27,942650401
2020-06-CENSUS-0000131803,GSA_MIGRATION,2020,2022-02-27,680448172
2020-06-CENSUS-0000131803,GSA_MIGRATION,2020,2022-02-27,943160882
2020-06-CENSUS-0000131803,GSA_MIGRATION,2020,2022-02-27,680278724
2020-06-CENSUS-0000131803,GSA_MIGRATION,2020,2022-02-27,822162215
2020-06-CENSUS-0000131803,GSA_MIGRATION,2020,2022-02-27,680204061
2020-06-CENSUS-0000131803,GSA_MIGRATION,2020,2022-02-27,680142725
2020-06-CENSUS-0000131803,GSA_MIGRATION,2020,2022-02-27,680284171
2020-06-CENSUS-0000131803,GSA_MIGRATION,2020,2022-02-27,680297701
2020-06-CENSUS-0000131803,GSA_MIGRATION,2020,2022-02-27,680325104
2020-06-CENSUS-0000131803,GSA_MIGRATION,2020,2022-02-27,943031353
2020-06-CENSUS-0000131803,GSA_MIGRATION,2020,2022-02-27,946001336
2020-06-CENSUS-0000131803,GSA_MIGRATION,2020,2022-02-27,680182830
2020-12-CENSUS-0000237256,GSA_MIGRATION,2020,2022-02-27,576026361
2020-06-CENSUS-0000252051,GSA_MIGRATION,2020,2022-01-17,541581185
2020-06-CENSUS-0000252051,GSA_MIGRATION,2020,2022-01-17,540506309
2020-06-CENSUS-0000252051,GSA_MIGRATION,2020,2022-01-17,540551711
2020-06-CENSUS-0000252051,GSA_MIGRATION,2020,2022-01-17,541831331
2020-12-CENSUS-0000044372,GSA_MIGRATION,2020,2022-03-29,340898745
2020-12-CENSUS-0000044372,GSA_MIGRATION,2020,2022-03-29,341880767
2020-12-CENSUS-0000044372,GSA_MIGRATION,2020,2022-03-29,341883132
2020-12-CENSUS-0000044372,GSA_MIGRATION,2020,2022-03-29,341899439
2020-12-CENSUS-0000044372,GSA_MIGRATION,2020,2022-03-29,344428232
2020-12-CENSUS-0000044372,GSA_MIGRATION,2020,2022-03-29,344428256
2020-12-CENSUS-0000044372,GSA_MIGRATION,2020,2022-03-29,344428794
2020-12-CENSUS-0000044372,GSA_MIGRATION,2020,2022-03-29,344430849
2020-12-CENSUS-0000044372,GSA_MIGRATION,2020,2022-03-29,344446484
2020-12-CENSUS-0000044372,GSA_MIGRATION,2020,2022-03-29,381984289
2020-12-CENSUS-0000044372,GSA_MIGRATION,2020,2022-03-29,382796005
2020-12-CENSUS-0000044372,GSA_MIGRATION,2020,2022-03-29,383049015
2020-12-CENSUS-0000241383,GSA_MIGRATION,2020,2022-03-15,820906268
2020-12-CENSUS-0000241383,GSA_MIGRATION,2020,2022-03-15,470376552
2020-12-CENSUS-0000241383,GSA_MIGRATION,2020,2022-03-15,470841285
2020-12-CENSUS-0000187697,GSA_MIGRATION,2020,2022-03-30,263571507
2020-12-CENSUS-0000187697,GSA_MIGRATION,2020,2022-03-30,263162145
2020-12-CENSUS-0000187697,GSA_MIGRATION,2020,2022-03-30,350867958
2020-12-CENSUS-0000187697,GSA_MIGRATION,2020,2022-03-30,237042323
2020-12-CENSUS-0000187697,GSA_MIGRATION,2020,2022-03-30,010646166
2020-12-CENSUS-0000187697,GSA_MIGRATION,2020,2022-03-30,351720796
2020-12-CENSUS-0000187697,GSA_MIGRATION,2020,2022-03-30,351747218
2020-12-CENSUS-0000187697,GSA_MIGRATION,2020,2022-03-30,273533027
2020-12-CENSUS-0000187697,GSA_MIGRATION,2020,2022-03-30,352090919
2020-12-CENSUS-0000187697,GSA_MIGRATION,2020,2022-03-30,262772226
2020-12-CENSUS-0000187697,GSA_MIGRATION,2020,2022-03-30,273532963
2020-12-CENSUS-0000187697,GSA_MIGRATION,2020,2022-03-30,351932442
2020-12-CENSUS-0000187697,GSA_MIGRATION,2020,2022-03-30,351814660
2020-12-CENSUS-0000187697,GSA_MIGRATION,2020,2022-03-30,263994347
2020-12-CENSUS-0000187697,GSA_MIGRATION,2020,2022-03-30,272780270
2020-12-CENSUS-0000252662,GSA_MIGRATION,2020,2022-03-27,310537504
2020-12-CENSUS-0000252662,GSA_MIGRATION,2020,2022-03-27,020633634
2020-12-CENSUS-0000252662,GSA_MIGRATION,2020,2022-03-27,311224064
2020-12-CENSUS-0000209471,GSA_MIGRATION,2020,2022-03-24,264827222
2020-12-CENSUS-0000209471,GSA_MIGRATION,2020,2022-03-24,340714461
2020-12-CENSUS-0000209471,GSA_MIGRATION,2020,2022-03-24,341924226
2020-12-CENSUS-0000209471,GSA_MIGRATION,2020,2022-03-24,461382538
2020-12-CENSUS-0000209471,GSA_MIGRATION,2020,2022-03-24,340714535
2020-12-CENSUS-0000209471,GSA_MIGRATION,2020,2022-03-24,340714550
2020-12-CENSUS-0000209471,GSA_MIGRATION,2020,2022-03-24,340714612
2020-12-CENSUS-0000209471,GSA_MIGRATION,2020,2022-03-24,340816492
2020-12-CENSUS-0000209471,GSA_MIGRATION,2020,2022-03-24,340827442
2020-12-CENSUS-0000209471,GSA_MIGRATION,2020,2022-03-24,341260978
2020-12-CENSUS-0000209471,GSA_MIGRATION,2020,2022-03-24,341567805
2020-12-CENSUS-0000241730,GSA_MIGRATION,2020,2022-03-30,111871039
2020-12-CENSUS-0000241730,GSA_MIGRATION,2020,2022-03-30,113438973
2020-12-CENSUS-0000241730,GSA_MIGRATION,2020,2022-03-30,061562701
2020-12-CENSUS-0000241730,GSA_MIGRATION,2020,2022-03-30,113090867
2020-12-CENSUS-0000241730,GSA_MIGRATION,2020,2022-03-30,112050523
2020-12-CENSUS-0000241730,GSA_MIGRATION,2020,2022-03-30,111888924
2020-12-CENSUS-0000241730,GSA_MIGRATION,2020,2022-03-30,113284066
2020-12-CENSUS-0000241730,GSA_MIGRATION,2020,2022-03-30,112861698
2020-12-CENSUS-0000241730,GSA_MIGRATION,2020,2022-03-30,111635088
2020-12-CENSUS-0000241730,GSA_MIGRATION,2020,2022-03-30,061603195
2020-12-CENSUS-0000241730,GSA_MIGRATION,2020,2022-03-30,112126736
2020-12-CENSUS-0000241730,GSA_MIGRATION,2020,2022-03-30,113555766
2020-12-CENSUS-0000241730,GSA_MIGRATION,2020,2022-03-30,113613997
2020-12-CENSUS-0000113899,GSA_MIGRATION,2020,2022-02-07,350874276
2020-12-CENSUS-0000004114,GSA_MIGRATION,2020,2022-02-24,752994759
2020-09-CENSUS-0000207614,GSA_MIGRATION,2020,2022-05-04,811594222
2020-09-CENSUS-0000207614,GSA_MIGRATION,2020,2022-05-04,811603046
2020-12-CENSUS-0000137412,GSA_MIGRATION,2020,2022-03-24,463375321
2020-12-CENSUS-0000219086,GSA_MIGRATION,2020,2022-02-22,113565450
2020-12-CENSUS-0000252147,GSA_MIGRATION,2020,2022-01-27,208316475
2020-12-CENSUS-0000188486,GSA_MIGRATION,2020,2022-01-31,211705781
2020-12-CENSUS-0000188486,GSA_MIGRATION,2020,2022-01-31,271705610
2020-12-CENSUS-0000246455,GSA_MIGRATION,2020,2022-03-27,390813416
2020-12-CENSUS-0000246455,GSA_MIGRATION,2020,2022-03-27,391028657
2020-12-CENSUS-0000246455,GSA_MIGRATION,2020,2022-03-27,391249705
2020-12-CENSUS-0000246455,GSA_MIGRATION,2020,2022-03-27,391586700
2020-12-CENSUS-0000246455,GSA_MIGRATION,2020,2022-03-27,391606449
2020-12-CENSUS-0000246455,GSA_MIGRATION,2020,2022-03-27,391751934
2020-12-CENSUS-0000246455,GSA_MIGRATION,2020,2022-03-27,390929538
2020-12-CENSUS-0000246455,GSA_MIGRATION,2020,2022-03-27,390704510
2020-12-CENSUS-0000246455,GSA_MIGRATION,2020,2022-03-27,410711606
2020-12-CENSUS-0000246455,GSA_MIGRATION,2020,2022-03-27,390845590
2020-12-CENSUS-0000246455,GSA_MIGRATION,2020,2022-03-27,390944012
2020-12-CENSUS-0000246455,GSA_MIGRATION,2020,2022-03-27,391962965
2020-12-CENSUS-0000246455,GSA_MIGRATION,2020,2022-03-27,391965415
2020-12-CENSUS-0000246455,GSA_MIGRATION,2020,2022-03-27,410693877
2020-12-CENSUS-0000246455,GSA_MIGRATION,2020,2022-03-27,411565003
2020-12-CENSUS-0000246455,GSA_MIGRATION,2020,2022-03-27,421320763
2020-12-CENSUS-0000212287,GSA_MIGRATION,2020,2022-03-24,461481133
2020-12-CENSUS-0000248721,GSA_MIGRATION,2020,2022-06-09,830411648
2020-12-CENSUS-0000248721,GSA_MIGRATION,2020,2022-06-09,460781287
2020-12-CENSUS-0000248721,GSA_MIGRATION,2020,2022-06-09,752966503
2020-12-CENSUS-0000248721,GSA_MIGRATION,2020,2022-06-09,861090526
2020-12-CENSUS-0000248721,GSA_MIGRATION,2020,2022-06-09,861090531
2020-12-CENSUS-0000248721,GSA_MIGRATION,2020,2022-06-09,861090533
2020-12-CENSUS-0000248721,GSA_MIGRATION,2020,2022-06-09,510517895
2020-12-CENSUS-0000248721,GSA_MIGRATION,2020,2022-06-09,462131376
2020-12-CENSUS-0000248721,GSA_MIGRATION,2020,2022-06-09,460605991
2020-12-CENSUS-0000248721,GSA_MIGRATION,2020,2022-06-09,010801025
2020-12-CENSUS-0000248721,GSA_MIGRATION,2020,2022-06-09,272452190
2020-12-CENSUS-0000248721,GSA_MIGRATION,2020,2022-06-09,301067157
2020-12-CENSUS-0000248721,GSA_MIGRATION,2020,2022-06-09,301123744
2020-12-CENSUS-0000248721,GSA_MIGRATION,2020,2022-06-09,462437874
2020-12-CENSUS-0000248721,GSA_MIGRATION,2020,2022-06-09,463415213
2020-12-CENSUS-0000248721,GSA_MIGRATION,2020,2022-06-09,464354228
2020-12-CENSUS-0000248721,GSA_MIGRATION,2020,2022-06-09,465544042
2020-12-CENSUS-0000248721,GSA_MIGRATION,2020,2022-06-09,472271160
2020-12-CENSUS-0000248721,GSA_MIGRATION,2020,2022-06-09,472777991
2020-12-CENSUS-0000248721,GSA_MIGRATION,2020,2022-06-09,474546749
2020-12-CENSUS-0000248721,GSA_MIGRATION,2020,2022-06-09,474568036
2020-12-CENSUS-0000248721,GSA_MIGRATION,2020,2022-06-09,475004813
2020-12-CENSUS-0000248721,GSA_MIGRATION,2020,2022-06-09,510517882
2020-12-CENSUS-0000248721,GSA_MIGRATION,2020,2022-06-09,510517884
2020-12-CENSUS-0000248721,GSA_MIGRATION,2020,2022-06-09,510517886
2020-12-CENSUS-0000248721,GSA_MIGRATION,2020,2022-06-09,510517896
2020-12-CENSUS-0000248721,GSA_MIGRATION,2020,2022-06-09,510517897
2020-12-CENSUS-0000248721,GSA_MIGRATION,2020,2022-06-09,522337036
2020-12-CENSUS-0000248721,GSA_MIGRATION,2020,2022-06-09,522407171
2020-12-CENSUS-0000248721,GSA_MIGRATION,2020,2022-06-09,522458651
2020-12-CENSUS-0000248721,GSA_MIGRATION,2020,2022-06-09,593778285
2020-12-CENSUS-0000248721,GSA_MIGRATION,2020,2022-06-09,742923927
2020-12-CENSUS-0000248721,GSA_MIGRATION,2020,2022-06-09,742968176
2020-12-CENSUS-0000248721,GSA_MIGRATION,2020,2022-06-09,751566426
2020-12-CENSUS-0000248721,GSA_MIGRATION,2020,2022-06-09,752966502
2020-12-CENSUS-0000248721,GSA_MIGRATION,2020,2022-06-09,800089228
2020-12-CENSUS-0000248721,GSA_MIGRATION,2020,2022-06-09,800089232
2020-12-CENSUS-0000248721,GSA_MIGRATION,2020,2022-06-09,800089233
2020-12-CENSUS-0000248721,GSA_MIGRATION,2020,2022-06-09,811624974
2020-12-CENSUS-0000248721,GSA_MIGRATION,2020,2022-06-09,811637728
2020-12-CENSUS-0000248721,GSA_MIGRATION,2020,2022-06-09,812406385
2020-12-CENSUS-0000248721,GSA_MIGRATION,2020,2022-06-09,812765701
2020-12-CENSUS-0000248721,GSA_MIGRATION,2020,2022-06-09,813537998
2020-12-CENSUS-0000248721,GSA_MIGRATION,2020,2022-06-09,823216169
2020-12-CENSUS-0000248721,GSA_MIGRATION,2020,2022-06-09,823254090
2020-12-CENSUS-0000248721,GSA_MIGRATION,2020,2022-06-09,824981363
2020-12-CENSUS-0000248721,GSA_MIGRATION,2020,2022-06-09,825027278
2020-12-CENSUS-0000248721,GSA_MIGRATION,2020,2022-06-09,825061743
2020-12-CENSUS-0000248721,GSA_MIGRATION,2020,2022-06-09,825073845
2020-12-CENSUS-0000248721,GSA_MIGRATION,2020,2022-06-09,825102627
2020-12-CENSUS-0000248721,GSA_MIGRATION,2020,2022-06-09,825167064
2020-12-CENSUS-0000248721,GSA_MIGRATION,2020,2022-06-09,825173292
2020-12-CENSUS-0000248721,GSA_MIGRATION,2020,2022-06-09,825202825
2020-12-CENSUS-0000248721,GSA_MIGRATION,2020,2022-06-09,825209275
2020-12-CENSUS-0000248721,GSA_MIGRATION,2020,2022-06-09,825221441
2020-12-CENSUS-0000248721,GSA_MIGRATION,2020,2022-06-09,831029636
2020-12-CENSUS-0000248721,GSA_MIGRATION,2020,2022-06-09,831072617
2020-12-CENSUS-0000248721,GSA_MIGRATION,2020,2022-06-09,843056937
2020-12-CENSUS-0000248721,GSA_MIGRATION,2020,2022-06-09,844495222
2020-12-CENSUS-0000248721,GSA_MIGRATION,2020,2022-06-09,861090535
2020-12-CENSUS-0000248721,GSA_MIGRATION,2020,2022-06-09,870755141
2020-12-CENSUS-0000248721,GSA_MIGRATION,2020,2022-06-09,900129534
2020-12-CENSUS-0000248721,GSA_MIGRATION,2020,2022-06-09,900178143
2020-11-CENSUS-0000221415,GSA_MIGRATION,2020,2022-02-10,852874892
2020-08-CENSUS-0000247969,GSA_MIGRATION,2020,2022-10-27,800868918
2020-12-CENSUS-0000245162,GSA_MIGRATION,2020,2022-11-13,456002230
2020-12-CENSUS-0000255949,GSA_MIGRATION,2020,2022-11-15,204111730
2020-12-CENSUS-0000255949,GSA_MIGRATION,2020,2022-11-15,521572691
2020-12-CENSUS-0000255949,GSA_MIGRATION,2020,2022-11-15,474925894
2020-12-CENSUS-0000255949,GSA_MIGRATION,2020,2022-11-15,472827647
2020-12-CENSUS-0000255949,GSA_MIGRATION,2020,2022-11-15,210643358
2020-12-CENSUS-0000255949,GSA_MIGRATION,2020,2022-11-15,223693840
2020-12-CENSUS-0000255949,GSA_MIGRATION,2020,2022-11-15,222567703
2020-12-CENSUS-0000255949,GSA_MIGRATION,2020,2022-11-15,221574538
2020-12-CENSUS-0000237356,GSA_MIGRATION,2020,2022-03-02,133641265
2020-12-CENSUS-0000237356,GSA_MIGRATION,2020,2022-03-02,472244954
2020-12-CENSUS-0000237356,GSA_MIGRATION,2020,2022-03-02,853084925
2020-12-CENSUS-0000219579,GSA_MIGRATION,2020,2022-01-18,621373691
2020-12-CENSUS-0000219579,GSA_MIGRATION,2020,2022-01-18,620528340
2020-12-CENSUS-0000219579,GSA_MIGRATION,2020,2022-01-18,620636239
2020-12-CENSUS-0000219579,GSA_MIGRATION,2020,2022-01-18,581897274
2020-12-CENSUS-0000219579,GSA_MIGRATION,2020,2022-01-18,621114867
2020-12-CENSUS-0000219579,GSA_MIGRATION,2020,2022-01-18,620545814
2020-12-CENSUS-0000219579,GSA_MIGRATION,2020,2022-01-18,680673354
2020-12-CENSUS-0000219579,GSA_MIGRATION,2020,2022-01-18,464420358
2020-12-CENSUS-0000219579,GSA_MIGRATION,2020,2022-01-18,620790132
2020-12-CENSUS-0000252098,GSA_MIGRATION,2020,2022-01-23,461291334
2020-06-CENSUS-0000070117,GSA_MIGRATION,2020,2022-01-31,481030088
2020-06-CENSUS-0000070117,GSA_MIGRATION,2020,2022-01-31,842043415
2020-06-CENSUS-0000070117,GSA_MIGRATION,2020,2022-01-31,452542345
2020-06-CENSUS-0000070117,GSA_MIGRATION,2020,2022-01-31,481030086
2020-06-CENSUS-0000070117,GSA_MIGRATION,2020,2022-01-31,481030087
2020-06-CENSUS-0000070117,GSA_MIGRATION,2020,2022-01-31,843399890
2020-06-CENSUS-0000032580,GSA_MIGRATION,2020,2022-03-07,520902461
2020-06-CENSUS-0000032580,GSA_MIGRATION,2020,2022-03-07,521839817
2020-12-CENSUS-0000226522,GSA_MIGRATION,2020,2022-03-07,262630569
2020-12-CENSUS-0000234095,GSA_MIGRATION,2020,2022-01-04,473607289
2020-12-CENSUS-0000245327,GSA_MIGRATION,2020,2022-03-30,381426919
2020-12-CENSUS-0000245327,GSA_MIGRATION,2020,2022-03-30,381405141
2020-12-CENSUS-0000245327,GSA_MIGRATION,2020,2022-03-30,381459362
2020-12-CENSUS-0000245327,GSA_MIGRATION,2020,2022-03-30,384852171
2020-12-CENSUS-0000109056,GSA_MIGRATION,2020,2022-01-17,454182666
2020-12-CENSUS-0000187882,GSA_MIGRATION,2020,2022-02-22,270590395
2020-12-CENSUS-0000128596,GSA_MIGRATION,2020,2022-01-03,990335098
2020-12-CENSUS-0000128596,GSA_MIGRATION,2020,2022-01-03,300092836
2020-12-CENSUS-0000128596,GSA_MIGRATION,2020,2022-01-03,831378460
2020-12-CENSUS-0000195844,GSA_MIGRATION,2020,2022-03-23,940535360
2020-12-CENSUS-0000195844,GSA_MIGRATION,2020,2022-03-23,453220509
2020-12-CENSUS-0000195844,GSA_MIGRATION,2020,2022-03-23,941279779
2020-12-CENSUS-0000195844,GSA_MIGRATION,2020,2022-03-23,953899682
2020-12-CENSUS-0000195844,GSA_MIGRATION,2020,2022-03-23,680108919
2020-12-CENSUS-0000195844,GSA_MIGRATION,2020,2022-03-23,941639901
2020-12-CENSUS-0000195844,GSA_MIGRATION,2020,2022-03-23,941387866
2020-12-CENSUS-0000195844,GSA_MIGRATION,2020,2022-03-23,680395149
2020-12-CENSUS-0000195844,GSA_MIGRATION,2020,2022-03-23,952282647
2020-12-CENSUS-0000195844,GSA_MIGRATION,2020,2022-03-23,990107330
2020-12-CENSUS-0000195844,GSA_MIGRATION,2020,2022-03-23,845174585
2020-12-CENSUS-0000195844,GSA_MIGRATION,2020,2022-03-23,770258013
2020-12-CENSUS-0000195844,GSA_MIGRATION,2020,2022-03-23,941044474
2020-12-CENSUS-0000195844,GSA_MIGRATION,2020,2022-03-23,941101228
2020-12-CENSUS-0000195844,GSA_MIGRATION,2020,2022-03-23,832351753
2020-12-CENSUS-0000195844,GSA_MIGRATION,2020,2022-03-23,956064971
2020-12-CENSUS-0000195844,GSA_MIGRATION,2020,2022-03-23,951816017
2020-12-CENSUS-0000195844,GSA_MIGRATION,2020,2022-03-23,941415069
2020-12-CENSUS-0000195844,GSA_MIGRATION,2020,2022-03-23,952294234
2020-12-CENSUS-0000195844,GSA_MIGRATION,2020,2022-03-23,812240617
2020-12-CENSUS-0000195844,GSA_MIGRATION,2020,2022-03-23,930622075
2020-12-CENSUS-0000195844,GSA_MIGRATION,2020,2022-03-23,930429015
2020-12-CENSUS-0000229538,GSA_MIGRATION,2020,2022-01-06,833287663
2020-12-CENSUS-0000246406,GSA_MIGRATION,2020,2022-01-05,352606840
2020-12-CENSUS-0000248703,GSA_MIGRATION,2020,2022-02-14,271408630
2020-12-CENSUS-0000248703,GSA_MIGRATION,2020,2022-02-14,310537085
2020-12-CENSUS-0000248703,GSA_MIGRATION,2020,2022-02-14,310538532
2020-12-CENSUS-0000248703,GSA_MIGRATION,2020,2022-02-14,310785684
2020-12-CENSUS-0000248703,GSA_MIGRATION,2020,2022-02-14,310830955
2020-12-CENSUS-0000248703,GSA_MIGRATION,2020,2022-02-14,311007881
2020-12-CENSUS-0000248703,GSA_MIGRATION,2020,2022-02-14,311091597
2020-12-CENSUS-0000248703,GSA_MIGRATION,2020,2022-02-14,311222942
2020-12-CENSUS-0000248703,GSA_MIGRATION,2020,2022-02-14,311556401
2020-12-CENSUS-0000248703,GSA_MIGRATION,2020,2022-02-14,020701635
2020-12-CENSUS-0000248703,GSA_MIGRATION,2020,2022-02-14,237424835
2020-12-CENSUS-0000248703,GSA_MIGRATION,2020,2022-02-14,262946628
2020-12-CENSUS-0000248703,GSA_MIGRATION,2020,2022-02-14,263710229
2020-12-CENSUS-0000248703,GSA_MIGRATION,2020,2022-02-14,311716973
2020-12-CENSUS-0000248703,GSA_MIGRATION,2020,2022-02-14,340505560
2020-12-CENSUS-0000248703,GSA_MIGRATION,2020,2022-02-14,340714704
2020-12-CENSUS-0000248703,GSA_MIGRATION,2020,2022-02-14,340864230
2020-12-CENSUS-0000248703,GSA_MIGRATION,2020,2022-02-14,341105619
2020-12-CENSUS-0000248703,GSA_MIGRATION,2020,2022-02-14,341344482
2020-12-CENSUS-0000248703,GSA_MIGRATION,2020,2022-02-14,341577110
2020-12-CENSUS-0000248703,GSA_MIGRATION,2020,2022-02-14,341726619
2020-12-CENSUS-0000248703,GSA_MIGRATION,2020,2022-02-14,344428250
2020-12-CENSUS-0000248703,GSA_MIGRATION,2020,2022-02-14,344431174
2020-12-CENSUS-0000248703,GSA_MIGRATION,2020,2022-02-14,344445373
2020-12-CENSUS-0000248703,GSA_MIGRATION,2020,2022-02-14,475407453
2020-12-CENSUS-0000248703,GSA_MIGRATION,2020,2022-02-14,521732800
2020-12-CENSUS-0000248703,GSA_MIGRATION,2020,2022-02-14,521857768
2020-12-CENSUS-0000248703,GSA_MIGRATION,2020,2022-02-14,540506463
2020-12-CENSUS-0000248703,GSA_MIGRATION,2020,2022-02-14,540548200
2020-12-CENSUS-0000248703,GSA_MIGRATION,2020,2022-02-14,540647482
2020-12-CENSUS-0000248703,GSA_MIGRATION,2020,2022-02-14,540793767
2020-12-CENSUS-0000248703,GSA_MIGRATION,2020,2022-02-14,541744931
2020-12-CENSUS-0000248703,GSA_MIGRATION,2020,2022-02-14,541820093
2020-12-CENSUS-0000248703,GSA_MIGRATION,2020,2022-02-14,570360499
2020-12-CENSUS-0000248703,GSA_MIGRATION,2020,2022-02-14,570828733
2020-12-CENSUS-0000248703,GSA_MIGRATION,2020,2022-02-14,570831165
2020-12-CENSUS-0000248703,GSA_MIGRATION,2020,2022-02-14,571067254
2020-12-CENSUS-0000248703,GSA_MIGRATION,2020,2022-02-14,571068509
2020-12-CENSUS-0000248703,GSA_MIGRATION,2020,2022-02-14,581693021
2020-12-CENSUS-0000248703,GSA_MIGRATION,2020,2022-02-14,582504530
2020-12-CENSUS-0000248703,GSA_MIGRATION,2020,2022-02-14,610600313
2020-12-CENSUS-0000248703,GSA_MIGRATION,2020,2022-02-14,610927491
2020-12-CENSUS-0000248703,GSA_MIGRATION,2020,2022-02-14,843041473
2020-12-CENSUS-0000248703,GSA_MIGRATION,2020,2022-02-14,843050337
2020-12-CENSUS-0000248703,GSA_MIGRATION,2020,2022-02-14,843065045
2020-12-CENSUS-0000011645,GSA_MIGRATION,2020,2022-03-03,132605604
2020-12-CENSUS-0000011645,GSA_MIGRATION,2020,2022-03-03,132605605
2020-12-CENSUS-0000011645,GSA_MIGRATION,2020,2022-03-03,132613958
2020-12-CENSUS-0000011645,GSA_MIGRATION,2020,2022-03-03,161759590
2020-12-CENSUS-0000230948,GSA_MIGRATION,2020,2022-02-21,222351960
2020-12-CENSUS-0000199567,GSA_MIGRATION,2020,2022-02-06,131624082
2020-12-CENSUS-0000199567,GSA_MIGRATION,2020,2022-02-06,202212588
2020-12-CENSUS-0000158418,GSA_MIGRATION,2020,2022-01-18,136608356
2020-12-CENSUS-0000025756,GSA_MIGRATION,2020,2022-03-08,270941380
2020-12-CENSUS-0000025756,GSA_MIGRATION,2020,2022-03-08,261485070
2020-12-CENSUS-0000048401,GSA_MIGRATION,2020,2022-03-30,390806181
2020-12-CENSUS-0000048401,GSA_MIGRATION,2020,2022-03-30,391136738
2020-12-CENSUS-0000048401,GSA_MIGRATION,2020,2022-03-30,390806174
2020-12-CENSUS-0000048401,GSA_MIGRATION,2020,2022-03-30,391678306
2020-12-CENSUS-0000048401,GSA_MIGRATION,2020,2022-03-30,391528430
2020-12-CENSUS-0000048401,GSA_MIGRATION,2020,2022-03-30,464361213
2020-12-CENSUS-0000048401,GSA_MIGRATION,2020,2022-03-30,363196629
2020-12-CENSUS-0000048401,GSA_MIGRATION,2020,2022-03-30,362169147
2020-12-CENSUS-0000048401,GSA_MIGRATION,2020,2022-03-30,362167920
2020-12-CENSUS-0000048401,GSA_MIGRATION,2020,2022-03-30,262525968
2020-12-CENSUS-0000166849,GSA_MIGRATION,2020,2022-10-06,690231008
2020-12-CENSUS-0000251966,GSA_MIGRATION,2020,2022-01-05,185145299
2020-12-CENSUS-0000187664,GSA_MIGRATION,2020,2022-02-05,232424443
2020-12-CENSUS-0000187664,GSA_MIGRATION,2020,2022-02-05,232703892
2020-12-CENSUS-0000243017,GSA_MIGRATION,2020,2022-11-29,455563741
2020-12-CENSUS-0000247537,GSA_MIGRATION,2020,2022-11-03,113312539
2020-12-CENSUS-0000254685,GSA_MIGRATION,2020,2022-09-22,752925491
2020-12-CENSUS-0000248990,GSA_MIGRATION,2020,2022-09-29,141364536
2020-12-CENSUS-0000248990,GSA_MIGRATION,2020,2022-09-29,146049030
2020-12-CENSUS-0000248990,GSA_MIGRATION,2020,2022-09-29,371743537
2020-12-CENSUS-0000248990,GSA_MIGRATION,2020,2022-09-29,824251331
2020-12-CENSUS-0000255673,GSA_MIGRATION,2020,2022-10-18,852985806
2020-12-CENSUS-0000255673,GSA_MIGRATION,2020,2022-10-18,451138187
2020-12-CENSUS-0000255673,GSA_MIGRATION,2020,2022-10-18,273752854
2020-12-CENSUS-0000255673,GSA_MIGRATION,2020,2022-10-18,275340755
2020-12-CENSUS-0000255673,GSA_MIGRATION,2020,2022-10-18,273752730
2020-12-CENSUS-0000255673,GSA_MIGRATION,2020,2022-10-18,753008742
2020-12-CENSUS-0000255673,GSA_MIGRATION,2020,2022-10-18,261566590
2020-12-CENSUS-0000255673,GSA_MIGRATION,2020,2022-10-18,271370967
2020-12-CENSUS-0000255673,GSA_MIGRATION,2020,2022-10-18,465731515
2020-08-CENSUS-0000237730,GSA_MIGRATION,2020,2022-11-27,340742712
2020-12-CENSUS-0000234140,GSA_MIGRATION,2020,2022-03-02,462570877
2020-12-CENSUS-0000252448,GSA_MIGRATION,2020,2022-03-06,582078244
2020-09-CENSUS-0000244616,GSA_MIGRATION,2020,2022-03-09,030219309
2020-09-CENSUS-0000244616,GSA_MIGRATION,2020,2022-03-09,222547186
2020-09-CENSUS-0000244616,GSA_MIGRATION,2020,2022-03-09,030181058
2020-09-CENSUS-0000244616,GSA_MIGRATION,2020,2022-03-09,030179603
2020-09-CENSUS-0000244616,GSA_MIGRATION,2020,2022-03-09,141364513
2020-09-CENSUS-0000244616,GSA_MIGRATION,2020,2022-03-09,141338471
2020-09-CENSUS-0000244616,GSA_MIGRATION,2020,2022-03-09,150346515
2020-12-CENSUS-0000092994,GSA_MIGRATION,2020,2022-03-16,621251288
2020-06-CENSUS-0000233615,GSA_MIGRATION,2020,2022-03-08,474030645
2020-06-CENSUS-0000233615,GSA_MIGRATION,2020,2022-03-08,810917749
2020-06-CENSUS-0000233615,GSA_MIGRATION,2020,2022-03-08,202631359
2020-06-CENSUS-0000233615,GSA_MIGRATION,2020,2022-03-08,475018408
2020-06-CENSUS-0000233615,GSA_MIGRATION,2020,2022-03-08,203815754
2020-06-CENSUS-0000252657,GSA_MIGRATION,2020,2022-03-27,311070877
2020-06-CENSUS-0000252657,GSA_MIGRATION,2020,2022-03-27,314379436
2020-06-CENSUS-0000252657,GSA_MIGRATION,2020,2022-03-27,314440479
2020-06-CENSUS-0000252657,GSA_MIGRATION,2020,2022-03-27,310714456
2020-06-CENSUS-0000252657,GSA_MIGRATION,2020,2022-03-27,314394942
2020-12-CENSUS-0000247480,GSA_MIGRATION,2020,2022-03-23,251517533
2020-12-CENSUS-0000247480,GSA_MIGRATION,2020,2022-03-23,452178782
2020-12-CENSUS-0000247480,GSA_MIGRATION,2020,2022-03-23,251581304
2020-12-CENSUS-0000247480,GSA_MIGRATION,2020,2022-03-23,250402510
2020-12-CENSUS-0000247480,GSA_MIGRATION,2020,2022-03-23,251799823
2020-12-CENSUS-0000247480,GSA_MIGRATION,2020,2022-03-23,240799343
2020-12-CENSUS-0000247480,GSA_MIGRATION,2020,2022-03-23,251188570
2020-12-CENSUS-0000247480,GSA_MIGRATION,2020,2022-03-23,250965420
2020-12-CENSUS-0000247480,GSA_MIGRATION,2020,2022-03-23,222691718
2020-12-CENSUS-0000247480,GSA_MIGRATION,2020,2022-03-23,251317492
2020-12-CENSUS-0000247480,GSA_MIGRATION,2020,2022-03-23,250965570
2020-12-CENSUS-0000247480,GSA_MIGRATION,2020,2022-03-23,232919472
2020-12-CENSUS-0000247480,GSA_MIGRATION,2020,2022-03-23,231352155
2020-12-CENSUS-0000247480,GSA_MIGRATION,2020,2022-03-23,231396795
2020-12-CENSUS-0000247480,GSA_MIGRATION,2020,2022-03-23,240802108
2020-12-CENSUS-0000247480,GSA_MIGRATION,2020,2022-03-23,251804746
2020-12-CENSUS-0000247480,GSA_MIGRATION,2020,2022-03-23,274814831
2020-12-CENSUS-0000247480,GSA_MIGRATION,2020,2022-03-23,250965387
2020-12-CENSUS-0000247480,GSA_MIGRATION,2020,2022-03-23,232813536
2020-12-CENSUS-0000247480,GSA_MIGRATION,2020,2022-03-23,250965406
2020-12-CENSUS-0000247480,GSA_MIGRATION,2020,2022-03-23,250998168
2020-12-CENSUS-0000247480,GSA_MIGRATION,2020,2022-03-23,821600494
2020-12-CENSUS-0000247480,GSA_MIGRATION,2020,2022-03-23,250965423
2020-12-CENSUS-0000247480,GSA_MIGRATION,2020,2022-03-23,250965429
2020-12-CENSUS-0000247480,GSA_MIGRATION,2020,2022-03-23,240806023
2020-12-CENSUS-0000247480,GSA_MIGRATION,2020,2022-03-23,250965451
2020-12-CENSUS-0000247480,GSA_MIGRATION,2020,2022-03-23,251778658
2020-12-CENSUS-0000247480,GSA_MIGRATION,2020,2022-03-23,251778644
2020-12-CENSUS-0000247480,GSA_MIGRATION,2020,2022-03-23,250965480
2020-12-CENSUS-0000247480,GSA_MIGRATION,2020,2022-03-23,232875070
2020-12-CENSUS-0000247480,GSA_MIGRATION,2020,2022-03-23,232751183
2020-12-CENSUS-0000247480,GSA_MIGRATION,2020,2022-03-23,232176963
2020-12-CENSUS-0000247480,GSA_MIGRATION,2020,2022-03-23,160743226
2020-12-CENSUS-0000247480,GSA_MIGRATION,2020,2022-03-23,830857507
2020-12-CENSUS-0000039110,GSA_MIGRATION,2020,2022-03-24,010782751
2020-12-CENSUS-0000039110,GSA_MIGRATION,2020,2022-03-24,311439570
2020-12-CENSUS-0000039110,GSA_MIGRATION,2020,2022-03-24,020627166
2020-12-CENSUS-0000039110,GSA_MIGRATION,2020,2022-03-24,311296332
2020-12-CENSUS-0000039110,GSA_MIGRATION,2020,2022-03-24,311595013
2020-12-CENSUS-0000039110,GSA_MIGRATION,2020,2022-03-24,311609283
2020-12-CENSUS-0000039110,GSA_MIGRATION,2020,2022-03-24,311654000
2020-12-CENSUS-0000039110,GSA_MIGRATION,2020,2022-03-24,314379441
2020-12-CENSUS-0000039110,GSA_MIGRATION,2020,2022-03-24,311024403
2020-12-CENSUS-0000039110,GSA_MIGRATION,2020,2022-03-24,311036370
2020-12-CENSUS-0000039110,GSA_MIGRATION,2020,2022-03-24,311665952
2020-06-CENSUS-0000165250,GSA_MIGRATION,2020,2022-01-17,261404499
2020-12-CENSUS-0000212004,GSA_MIGRATION,2020,2022-01-18,432008974
2020-12-CENSUS-0000212004,GSA_MIGRATION,2020,2022-01-18,451502252
2020-12-CENSUS-0000212004,GSA_MIGRATION,2020,2022-01-18,750972805
2020-12-CENSUS-0000212004,GSA_MIGRATION,2020,2022-01-18,751047527
2020-12-CENSUS-0000212004,GSA_MIGRATION,2020,2022-01-18,751438726
2020-12-CENSUS-0000212004,GSA_MIGRATION,2020,2022-01-18,751648589
2020-12-CENSUS-0000212004,GSA_MIGRATION,2020,2022-01-18,751748586
2020-12-CENSUS-0000212004,GSA_MIGRATION,2020,2022-01-18,751752253
2020-12-CENSUS-0000212004,GSA_MIGRATION,2020,2022-01-18,751977850
2020-12-CENSUS-0000212004,GSA_MIGRATION,2020,2022-01-18,752562191
2020-12-CENSUS-0000212004,GSA_MIGRATION,2020,2022-01-18,752678857
2020-12-CENSUS-0000212004,GSA_MIGRATION,2020,2022-01-18,752770738
2020-12-CENSUS-0000212004,GSA_MIGRATION,2020,2022-01-18,752771437
2020-12-CENSUS-0000212004,GSA_MIGRATION,2020,2022-01-18,752890358
2020-12-CENSUS-0000212004,GSA_MIGRATION,2020,2022-01-18,756001743
2020-06-CENSUS-0000003321,GSA_MIGRATION,2020,2022-03-30,042743834
2020-12-CENSUS-0000248192,GSA_MIGRATION,2020,2022-03-17,311527032
2020-12-CENSUS-0000248192,GSA_MIGRATION,2020,2022-03-17,411266009
2020-12-CENSUS-0000248192,GSA_MIGRATION,2020,2022-03-17,450226700
2020-12-CENSUS-0000248192,GSA_MIGRATION,2020,2022-03-17,450226909
2020-12-CENSUS-0000248192,GSA_MIGRATION,2020,2022-03-17,450228055
2020-12-CENSUS-0000248192,GSA_MIGRATION,2020,2022-03-17,450274828
2020-12-CENSUS-0000248192,GSA_MIGRATION,2020,2022-03-17,450344371
2020-12-CENSUS-0000248192,GSA_MIGRATION,2020,2022-03-17,450385890
2020-12-CENSUS-0000248192,GSA_MIGRATION,2020,2022-03-17,450409348
2020-12-CENSUS-0000248192,GSA_MIGRATION,2020,2022-03-17,460227855
2020-12-CENSUS-0000248192,GSA_MIGRATION,2020,2022-03-17,460388596
2020-12-CENSUS-0000248192,GSA_MIGRATION,2020,2022-03-17,460447693
2020-12-CENSUS-0000248192,GSA_MIGRATION,2020,2022-03-17,460450378
2020-12-CENSUS-0000248192,GSA_MIGRATION,2020,2022-03-17,911770748
2020-12-CENSUS-0000252023,GSA_MIGRATION,2020,2022-01-12,341369963
2020-12-CENSUS-0000252023,GSA_MIGRATION,2020,2022-01-12,346006904
2020-12-CENSUS-0000252658,GSA_MIGRATION,2020,2022-03-27,815020706
2020-03-CENSUS-0000245639,GSA_MIGRATION,2020,2022-03-17,814587242
2020-03-CENSUS-0000245639,GSA_MIGRATION,2020,2022-03-17,263582124
2020-03-CENSUS-0000245639,GSA_MIGRATION,2020,2022-03-17,133753150
2020-03-CENSUS-0000245639,GSA_MIGRATION,2020,2022-03-17,133593896
2020-03-CENSUS-0000245639,GSA_MIGRATION,2020,2022-03-17,270694371
2020-03-CENSUS-0000245639,GSA_MIGRATION,2020,2022-03-17,133663944
2020-03-CENSUS-0000245639,GSA_MIGRATION,2020,2022-03-17,133779812
2020-03-CENSUS-0000245639,GSA_MIGRATION,2020,2022-03-17,223878152
2020-03-CENSUS-0000245639,GSA_MIGRATION,2020,2022-03-17,133895099
2020-06-CENSUS-0000230798,GSA_MIGRATION,2020,2022-02-10,454342144
2020-12-CENSUS-0000255168,GSA_MIGRATION,2020,2022-09-28,752646477
2020-12-CENSUS-0000199966,GSA_MIGRATION,2020,2022-01-30,113303499
2020-12-CENSUS-0000199966,GSA_MIGRATION,2020,2022-01-30,111839362
2020-12-CENSUS-0000199966,GSA_MIGRATION,2020,2022-01-30,131740110
2020-12-CENSUS-0000199966,GSA_MIGRATION,2020,2022-01-30,131740120
2020-12-CENSUS-0000199966,GSA_MIGRATION,2020,2022-01-30,111631796
2020-12-CENSUS-0000199966,GSA_MIGRATION,2020,2022-01-30,113231685
2020-12-CENSUS-0000255306,GSA_MIGRATION,2020,2022-12-22,480577664
2020-12-CENSUS-0000255306,GSA_MIGRATION,2020,2022-12-22,481155548
2020-12-CENSUS-0000255306,GSA_MIGRATION,2020,2022-12-22,481088982
2020-12-CENSUS-0000256376,GSA_MIGRATION,2020,2022-12-18,311352493
2020-12-CENSUS-0000256165,GSA_MIGRATION,2020,2022-12-21,900063170
2020-09-CENSUS-0000165989,GSA_MIGRATION,2020,2022-08-03,731357965
2020-12-CENSUS-0000225263,GSA_MIGRATION,2020,2022-09-28,455440305
2020-12-CENSUS-0000203665,GSA_MIGRATION,2020,2022-02-10,203050787
2020-12-CENSUS-0000203665,GSA_MIGRATION,2020,2022-02-10,203211224
2020-12-CENSUS-0000203665,GSA_MIGRATION,2020,2022-02-10,203917379
2020-12-CENSUS-0000203665,GSA_MIGRATION,2020,2022-02-10,203917436
2020-12-CENSUS-0000203665,GSA_MIGRATION,2020,2022-02-10,205714155
2020-12-CENSUS-0000203665,GSA_MIGRATION,2020,2022-02-10,205992687
2020-12-CENSUS-0000203665,GSA_MIGRATION,2020,2022-02-10,205992744
2020-12-CENSUS-0000203665,GSA_MIGRATION,2020,2022-02-10,208694829
2020-12-CENSUS-0000203665,GSA_MIGRATION,2020,2022-02-10,261999163
2020-12-CENSUS-0000203665,GSA_MIGRATION,2020,2022-02-10,263599282
2020-12-CENSUS-0000203665,GSA_MIGRATION,2020,2022-02-10,271546912
2020-12-CENSUS-0000203665,GSA_MIGRATION,2020,2022-02-10,272327663
2020-12-CENSUS-0000203665,GSA_MIGRATION,2020,2022-02-10,272327695
2020-12-CENSUS-0000203665,GSA_MIGRATION,2020,2022-02-10,810655605
2021-06-CENSUS-0000136760,GSA_MIGRATION,2021,2022-01-11,200940772
2021-06-CENSUS-0000171376,GSA_MIGRATION,2021,2022-01-17,626000546
2021-06-CENSUS-0000171376,GSA_MIGRATION,2021,2022-01-17,626000547
2020-12-CENSUS-0000252697,GSA_MIGRATION,2020,2022-04-13,742578952
2020-12-CENSUS-0000252697,GSA_MIGRATION,2020,2022-04-13,752653292
2020-12-CENSUS-0000252697,GSA_MIGRATION,2020,2022-04-13,752547668
2020-12-CENSUS-0000252697,GSA_MIGRATION,2020,2022-04-13,752792875
2020-12-CENSUS-0000252697,GSA_MIGRATION,2020,2022-04-13,831869297
2020-12-CENSUS-0000252697,GSA_MIGRATION,2020,2022-04-13,821289045
2020-12-CENSUS-0000204059,GSA_MIGRATION,2020,2022-04-13,900532831
2020-12-CENSUS-0000204059,GSA_MIGRATION,2020,2022-04-13,900532830
2020-12-CENSUS-0000204059,GSA_MIGRATION,2020,2022-04-13,942958258
2020-12-CENSUS-0000204059,GSA_MIGRATION,2020,2022-04-13,860872873
2020-09-CENSUS-0000236680,GSA_MIGRATION,2020,2022-04-20,222472997
2020-09-CENSUS-0000152118,GSA_MIGRATION,2020,2022-04-25,364569175
2020-09-CENSUS-0000152118,GSA_MIGRATION,2020,2022-04-25,680649504
2020-12-CENSUS-0000241630,GSA_MIGRATION,2020,2022-04-24,131740130
2020-12-CENSUS-0000241630,GSA_MIGRATION,2020,2022-04-24,133877781
2020-12-CENSUS-0000241630,GSA_MIGRATION,2020,2022-04-24,462916938
2020-12-CENSUS-0000241630,GSA_MIGRATION,2020,2022-04-24,141338521
2020-12-CENSUS-0000241630,GSA_MIGRATION,2020,2022-04-24,131740114
2020-12-CENSUS-0000241630,GSA_MIGRATION,2020,2022-04-24,131739937
2020-12-CENSUS-0000241630,GSA_MIGRATION,2020,2022-04-24,462931956
2020-12-CENSUS-0000213514,GSA_MIGRATION,2020,2022-04-25,440545297
2020-12-CENSUS-0000213514,GSA_MIGRATION,2020,2022-04-25,742849611
2020-12-CENSUS-0000213514,GSA_MIGRATION,2020,2022-04-25,481203262
2020-12-CENSUS-0000213514,GSA_MIGRATION,2020,2022-04-25,480543792
2020-12-CENSUS-0000213514,GSA_MIGRATION,2020,2022-04-25,562488077
2020-12-CENSUS-0000213514,GSA_MIGRATION,2020,2022-04-25,440565393
2020-12-CENSUS-0000213514,GSA_MIGRATION,2020,2022-04-25,431735565
2020-12-CENSUS-0000213514,GSA_MIGRATION,2020,2022-04-25,431707306
2020-12-CENSUS-0000213514,GSA_MIGRATION,2020,2022-04-25,843362602
2020-12-CENSUS-0000213514,GSA_MIGRATION,2020,2022-04-25,431127200
2020-12-CENSUS-0000213514,GSA_MIGRATION,2020,2022-04-25,431598353
2020-12-CENSUS-0000213514,GSA_MIGRATION,2020,2022-04-25,454725529
2020-09-CENSUS-0000147704,GSA_MIGRATION,2020,2022-05-03,010449625
2019-08-CENSUS-0000237730,GSA_MIGRATION,2019,2022-11-09,340742712
2019-06-CENSUS-0000230798,GSA_MIGRATION,2019,2022-02-10,454342144
2020-12-CENSUS-0000220794,GSA_MIGRATION,2020,2022-03-30,460613568
2020-12-CENSUS-0000249948,GSA_MIGRATION,2020,2022-03-30,381358172
2020-12-CENSUS-0000249948,GSA_MIGRATION,2020,2022-03-30,381360584
2020-12-CENSUS-0000249948,GSA_MIGRATION,2020,2022-03-30,381490180
2020-12-CENSUS-0000249948,GSA_MIGRATION,2020,2022-03-30,382007629
2020-12-CENSUS-0000249948,GSA_MIGRATION,2020,2022-03-30,383075242
2020-12-CENSUS-0000249948,GSA_MIGRATION,2020,2022-03-30,383218134
2020-12-CENSUS-0000069276,GSA_MIGRATION,2020,2022-03-29,470376604
2020-12-CENSUS-0000069276,GSA_MIGRATION,2020,2022-03-29,420680355
2020-12-CENSUS-0000069276,GSA_MIGRATION,2020,2022-03-29,831362276
2020-12-CENSUS-0000069276,GSA_MIGRATION,2020,2022-03-29,470717207
2020-12-CENSUS-0000069276,GSA_MIGRATION,2020,2022-03-29,470687317
2020-12-CENSUS-0000069276,GSA_MIGRATION,2020,2022-03-29,470724387
2020-12-CENSUS-0000252682,GSA_MIGRATION,2020,2022-03-28,581845374
2020-12-CENSUS-0000252682,GSA_MIGRATION,2020,2022-03-28,581864213
2020-12-CENSUS-0000252682,GSA_MIGRATION,2020,2022-03-28,581837214
2020-12-CENSUS-0000252682,GSA_MIGRATION,2020,2022-03-28,453785316
2020-12-CENSUS-0000252682,GSA_MIGRATION,2020,2022-03-28,581881367
2020-12-CENSUS-0000252682,GSA_MIGRATION,2020,2022-03-28,581526493
2020-12-CENSUS-0000252682,GSA_MIGRATION,2020,2022-03-28,581722199
2020-12-CENSUS-0000252682,GSA_MIGRATION,2020,2022-03-28,581532486
2020-09-CENSUS-0000252713,GSA_MIGRATION,2020,2022-03-29,264212594
2020-12-CENSUS-0000237221,GSA_MIGRATION,2020,2022-03-30,112925535
2020-12-CENSUS-0000176847,GSA_MIGRATION,2020,2022-03-29,916018764
2020-12-CENSUS-0000197821,GSA_MIGRATION,2020,2022-03-30,111019782
2020-12-CENSUS-0000219891,GSA_MIGRATION,2020,2022-04-03,590724462
2020-12-CENSUS-0000219891,GSA_MIGRATION,2020,2022-04-03,590774199
2020-12-CENSUS-0000219891,GSA_MIGRATION,2020,2022-04-03,591371752
2020-12-CENSUS-0000219891,GSA_MIGRATION,2020,2022-04-03,592374556
2020-12-CENSUS-0000252547,GSA_MIGRATION,2020,2022-03-22,251823932
2020-12-CENSUS-0000252547,GSA_MIGRATION,2020,2022-03-22,250986047
2020-12-CENSUS-0000252547,GSA_MIGRATION,2020,2022-03-22,251778886
2020-12-CENSUS-0000240167,GSA_MIGRATION,2020,2022-03-29,382770076
2020-12-CENSUS-0000240167,GSA_MIGRATION,2020,2022-03-29,382715520
2020-12-CENSUS-0000240167,GSA_MIGRATION,2020,2022-03-29,381358412
2020-12-CENSUS-0000240167,GSA_MIGRATION,2020,2022-03-29,381360529
2020-12-CENSUS-0000240167,GSA_MIGRATION,2020,2022-03-29,381297435
2020-12-CENSUS-0000240167,GSA_MIGRATION,2020,2022-03-29,381360562
2020-12-CENSUS-0000240167,GSA_MIGRATION,2020,2022-03-29,381359266
2020-12-CENSUS-0000240167,GSA_MIGRATION,2020,2022-03-29,381368744
2020-12-CENSUS-0000240167,GSA_MIGRATION,2020,2022-03-29,381411184
2020-12-CENSUS-0000240167,GSA_MIGRATION,2020,2022-03-29,270381199
2020-12-CENSUS-0000240167,GSA_MIGRATION,2020,2022-03-29,381358164
2020-12-CENSUS-0000240167,GSA_MIGRATION,2020,2022-03-29,381359195
2020-12-CENSUS-0000240167,GSA_MIGRATION,2020,2022-03-29,381359517
2020-12-CENSUS-0000240167,GSA_MIGRATION,2020,2022-03-29,381368745
2020-12-CENSUS-0000240167,GSA_MIGRATION,2020,2022-03-29,382156872
2020-12-CENSUS-0000240167,GSA_MIGRATION,2020,2022-03-29,382415333
2020-12-CENSUS-0000240167,GSA_MIGRATION,2020,2022-03-29,382416086
2020-12-CENSUS-0000240167,GSA_MIGRATION,2020,2022-03-29,382609624
2020-12-CENSUS-0000240167,GSA_MIGRATION,2020,2022-03-29,382748035
2020-12-CENSUS-0000240167,GSA_MIGRATION,2020,2022-03-29,382752328
2020-12-CENSUS-0000240167,GSA_MIGRATION,2020,2022-03-29,383242232
2020-12-CENSUS-0000240167,GSA_MIGRATION,2020,2022-03-29,391297435
2020-12-CENSUS-0000240167,GSA_MIGRATION,2020,2022-03-29,474398187
2020-12-CENSUS-0000240167,GSA_MIGRATION,2020,2022-03-29,475508608
2020-12-CENSUS-0000252630,GSA_MIGRATION,2020,2022-03-23,474382035
2020-12-CENSUS-0000252801,GSA_MIGRATION,2020,2022-03-30,356001450
2020-12-CENSUS-0000058433,GSA_MIGRATION,2020,2022-03-30,461495343
2020-12-CENSUS-0000234475,GSA_MIGRATION,2020,2022-03-28,272188763
2020-12-CENSUS-0000252611,GSA_MIGRATION,2020,2022-03-24,570359174
2020-12-CENSUS-0000252611,GSA_MIGRATION,2020,2022-03-24,570342027
2020-12-CENSUS-0000252611,GSA_MIGRATION,2020,2022-03-24,570815011
2020-12-CENSUS-0000252611,GSA_MIGRATION,2020,2022-03-24,611796834
2020-12-CENSUS-0000252611,GSA_MIGRATION,2020,2022-03-24,570741536
2020-12-CENSUS-0000252611,GSA_MIGRATION,2020,2022-03-24,570811053
2020-12-CENSUS-0000252611,GSA_MIGRATION,2020,2022-03-24,383886017
2020-12-CENSUS-0000252611,GSA_MIGRATION,2020,2022-03-24,570943822
2020-12-CENSUS-0000217432,GSA_MIGRATION,2020,2022-03-29,150584188
2020-12-CENSUS-0000217432,GSA_MIGRATION,2020,2022-03-29,160743029
2020-12-CENSUS-0000217432,GSA_MIGRATION,2020,2022-03-29,160743134
2020-12-CENSUS-0000217432,GSA_MIGRATION,2020,2022-03-29,160743966
2020-12-CENSUS-0000217432,GSA_MIGRATION,2020,2022-03-29,160978184
2020-12-CENSUS-0000217432,GSA_MIGRATION,2020,2022-03-29,161491059
2020-12-CENSUS-0000217432,GSA_MIGRATION,2020,2022-03-29,223159644
2020-12-CENSUS-0000217432,GSA_MIGRATION,2020,2022-03-29,223210351
2020-12-CENSUS-0000217432,GSA_MIGRATION,2020,2022-03-29,237221763
2020-12-CENSUS-0000249970,GSA_MIGRATION,2020,2022-03-29,111631759
2020-12-CENSUS-0000249970,GSA_MIGRATION,2020,2022-03-29,111631746
2020-12-CENSUS-0000249970,GSA_MIGRATION,2020,2022-03-29,112164674
2020-12-CENSUS-0000249970,GSA_MIGRATION,2020,2022-03-29,112626155
2020-09-CENSUS-0000253773,GSA_MIGRATION,2020,2022-06-29,710805203
2020-12-CENSUS-0000226052,GSA_MIGRATION,2020,2022-06-20,270266088
2020-12-CENSUS-0000226052,GSA_MIGRATION,2020,2022-06-20,900929615
2020-12-CENSUS-0000226052,GSA_MIGRATION,2020,2022-06-20,621771501
2020-12-CENSUS-0000226052,GSA_MIGRATION,2020,2022-06-20,262181788
2020-09-CENSUS-0000212155,GSA_MIGRATION,2020,2022-06-29,592898487
2020-09-CENSUS-0000212155,GSA_MIGRATION,2020,2022-06-29,592661284
2020-09-CENSUS-0000212155,GSA_MIGRATION,2020,2022-06-29,842569909
2020-09-CENSUS-0000254326,GSA_MIGRATION,2020,2022-08-30,752656723
2020-09-CENSUS-0000254326,GSA_MIGRATION,2020,2022-08-30,475554737
2020-12-CENSUS-0000254248,GSA_MIGRATION,2020,2022-08-18,050318003
2020-12-CENSUS-0000254248,GSA_MIGRATION,2020,2022-08-18,050500899
2020-12-CENSUS-0000254248,GSA_MIGRATION,2020,2022-08-18,452047960
2020-12-CENSUS-0000254248,GSA_MIGRATION,2020,2022-08-18,270097439
2020-12-CENSUS-0000201567,GSA_MIGRATION,2020,2022-02-07,232889102
2020-12-CENSUS-0000201567,GSA_MIGRATION,2020,2022-02-07,300598934
2020-12-CENSUS-0000233938,GSA_MIGRATION,2020,2022-03-30,616027530
2020-12-CENSUS-0000233938,GSA_MIGRATION,2020,2022-03-30,310914919
2020-12-CENSUS-0000233938,GSA_MIGRATION,2020,2022-03-30,611276316
2020-12-CENSUS-0000233938,GSA_MIGRATION,2020,2022-03-30,611028724
2020-12-CENSUS-0000233938,GSA_MIGRATION,2020,2022-03-30,610981097
2020-12-CENSUS-0000233938,GSA_MIGRATION,2020,2022-03-30,610703799
2020-12-CENSUS-0000224119,GSA_MIGRATION,2020,2022-03-30,831259454
2020-12-CENSUS-0000236483,GSA_MIGRATION,2020,2022-03-30,621835398
2020-12-CENSUS-0000236795,GSA_MIGRATION,2020,2022-03-30,814118364
2020-12-CENSUS-0000244716,GSA_MIGRATION,2020,2022-03-24,371656669
2020-12-CENSUS-0000195773,GSA_MIGRATION,2020,2022-03-29,560554230
2020-12-CENSUS-0000195773,GSA_MIGRATION,2020,2022-03-29,560928089
2020-12-CENSUS-0000195773,GSA_MIGRATION,2020,2022-03-29,204278130
2020-12-CENSUS-0000195773,GSA_MIGRATION,2020,2022-03-29,561376368
2020-12-CENSUS-0000195773,GSA_MIGRATION,2020,2022-03-29,561340424
2020-12-CENSUS-0000195773,GSA_MIGRATION,2020,2022-03-29,260599536
2020-12-CENSUS-0000195773,GSA_MIGRATION,2020,2022-03-29,560547479
2020-12-CENSUS-0000195773,GSA_MIGRATION,2020,2022-03-29,560636250
2020-12-CENSUS-0000195773,GSA_MIGRATION,2020,2022-03-29,540696355
2020-12-CENSUS-0000195773,GSA_MIGRATION,2020,2022-03-29,260069792
2020-12-CENSUS-0000195773,GSA_MIGRATION,2020,2022-03-29,311725913
2020-12-CENSUS-0000195773,GSA_MIGRATION,2020,2022-03-29,561373175
2020-12-CENSUS-0000195773,GSA_MIGRATION,2020,2022-03-29,561876341
2020-12-CENSUS-0000195773,GSA_MIGRATION,2020,2022-03-29,562001223
2020-12-CENSUS-0000195773,GSA_MIGRATION,2020,2022-03-29,562016235
2020-12-CENSUS-0000195773,GSA_MIGRATION,2020,2022-03-29,562084786
2020-12-CENSUS-0000195773,GSA_MIGRATION,2020,2022-03-29,581466368
2020-12-CENSUS-0000195773,GSA_MIGRATION,2020,2022-03-29,581728803
2020-12-CENSUS-0000195773,GSA_MIGRATION,2020,2022-03-29,721568954
2020-12-CENSUS-0000195773,GSA_MIGRATION,2020,2022-03-29,843930503
2020-12-CENSUS-0000195773,GSA_MIGRATION,2020,2022-03-29,540622371
2020-12-CENSUS-0000195773,GSA_MIGRATION,2020,2022-03-29,562120959
2020-12-CENSUS-0000195773,GSA_MIGRATION,2020,2022-03-29,581413074
2020-12-CENSUS-0000252888,GSA_MIGRATION,2020,2022-03-30,956006469
2020-12-CENSUS-0000252888,GSA_MIGRATION,2020,2022-03-30,952413054
2020-12-CENSUS-0000009532,GSA_MIGRATION,2020,2022-03-28,131740118
2020-12-CENSUS-0000009532,GSA_MIGRATION,2020,2022-03-28,112965586
2020-12-CENSUS-0000009532,GSA_MIGRATION,2020,2022-03-28,113368503
2020-12-CENSUS-0000009532,GSA_MIGRATION,2020,2022-03-28,112868878
2020-12-CENSUS-0000009532,GSA_MIGRATION,2020,2022-03-28,111562701
2020-12-CENSUS-0000009532,GSA_MIGRATION,2020,2022-03-28,112241326
2020-12-CENSUS-0000009532,GSA_MIGRATION,2020,2022-03-28,111667761
2020-12-CENSUS-0000009532,GSA_MIGRATION,2020,2022-03-28,111630914
2020-12-CENSUS-0000009532,GSA_MIGRATION,2020,2022-03-28,111633487
2020-12-CENSUS-0000009532,GSA_MIGRATION,2020,2022-03-28,113241243
2020-12-CENSUS-0000009532,GSA_MIGRATION,2020,2022-03-28,131624070
2020-12-CENSUS-0000009532,GSA_MIGRATION,2020,2022-03-28,112837244
2020-12-CENSUS-0000009532,GSA_MIGRATION,2020,2022-03-28,112673595
2020-12-CENSUS-0000009532,GSA_MIGRATION,2020,2022-03-28,131725076
2020-12-CENSUS-0000009532,GSA_MIGRATION,2020,2022-03-28,464469806
2020-12-CENSUS-0000009532,GSA_MIGRATION,2020,2022-03-28,111661359
2020-12-CENSUS-0000009532,GSA_MIGRATION,2020,2022-03-28,111639818
2020-12-CENSUS-0000216236,GSA_MIGRATION,2020,2022-03-21,930396847
2020-12-CENSUS-0000228511,GSA_MIGRATION,2020,2022-03-29,010211551
2020-12-CENSUS-0000228511,GSA_MIGRATION,2020,2022-03-29,020222215
2020-12-CENSUS-0000228511,GSA_MIGRATION,2020,2022-03-29,010409788
2020-12-CENSUS-0000254984,GSA_MIGRATION,2020,2022-09-28,340714583
2020-12-CENSUS-0000254984,GSA_MIGRATION,2020,2022-09-28,741393060
2020-12-CENSUS-0000254984,GSA_MIGRATION,2020,2022-09-28,742206635
2020-12-CENSUS-0000254984,GSA_MIGRATION,2020,2022-09-28,320506896
2020-12-CENSUS-0000254984,GSA_MIGRATION,2020,2022-09-28,205252882
2020-12-CENSUS-0000254984,GSA_MIGRATION,2020,2022-09-28,461175423
2020-12-CENSUS-0000254984,GSA_MIGRATION,2020,2022-09-28,205253134
2020-12-CENSUS-0000254984,GSA_MIGRATION,2020,2022-09-28,202898771
2020-12-CENSUS-0000254984,GSA_MIGRATION,2020,2022-09-28,455125687
2020-12-CENSUS-0000254984,GSA_MIGRATION,2020,2022-09-28,202546649
2020-12-CENSUS-0000254984,GSA_MIGRATION,2020,2022-09-28,262128507
2020-12-CENSUS-0000254984,GSA_MIGRATION,2020,2022-09-28,300885567
2020-12-CENSUS-0000254984,GSA_MIGRATION,2020,2022-09-28,472819044
2020-12-CENSUS-0000197817,GSA_MIGRATION,2020,2022-03-30,160743102
2020-12-CENSUS-0000037920,GSA_MIGRATION,2020,2022-03-29,310983874
2020-12-CENSUS-0000015303,GSA_MIGRATION,2020,2022-03-30,150539039
2020-12-CENSUS-0000015303,GSA_MIGRATION,2020,2022-03-30,150533578
2020-12-CENSUS-0000015303,GSA_MIGRATION,2020,2022-03-30,161540394
2020-12-CENSUS-0000015303,GSA_MIGRATION,2020,2022-03-30,133218680
2020-09-CENSUS-0000081841,GSA_MIGRATION,2020,2022-03-30,560653348
2020-09-CENSUS-0000081841,GSA_MIGRATION,2020,2022-03-30,562049697
2020-12-CENSUS-0000172054,GSA_MIGRATION,2020,2022-06-05,742234352
2020-12-CENSUS-0000172054,GSA_MIGRATION,2020,2022-06-05,742241951
2020-12-CENSUS-0000182189,GSA_MIGRATION,2020,2022-06-15,731221559
2020-12-CENSUS-0000208872,GSA_MIGRATION,2020,2022-06-05,370662580
2020-12-CENSUS-0000208872,GSA_MIGRATION,2020,2022-06-05,390806265
2020-12-CENSUS-0000208872,GSA_MIGRATION,2020,2022-06-05,391023846
2020-12-CENSUS-0000208872,GSA_MIGRATION,2020,2022-06-05,391101287
2020-12-CENSUS-0000208872,GSA_MIGRATION,2020,2022-06-05,430652671
2020-12-CENSUS-0000208872,GSA_MIGRATION,2020,2022-06-05,430652681
2020-12-CENSUS-0000208872,GSA_MIGRATION,2020,2022-06-05,430738490
2020-12-CENSUS-0000208872,GSA_MIGRATION,2020,2022-06-05,431343281
2020-12-CENSUS-0000208872,GSA_MIGRATION,2020,2022-06-05,431417442
2020-12-CENSUS-0000208872,GSA_MIGRATION,2020,2022-06-05,431550298
2020-12-CENSUS-0000208872,GSA_MIGRATION,2020,2022-06-05,431704972
2020-12-CENSUS-0000208872,GSA_MIGRATION,2020,2022-06-05,440546097
2020-12-CENSUS-0000208872,GSA_MIGRATION,2020,2022-06-05,474196634
2021-12-CENSUS-0000108922,GSA_MIGRATION,2021,2022-09-27,202614403
2021-12-CENSUS-0000137412,GSA_MIGRATION,2021,2022-09-29,463375321
2021-06-CENSUS-0000210118,GSA_MIGRATION,2021,2022-02-03,471328223
2021-06-CENSUS-0000210118,GSA_MIGRATION,2021,2022-02-03,821028043
2021-06-CENSUS-0000210118,GSA_MIGRATION,2021,2022-02-03,471336787
2021-06-CENSUS-0000210118,GSA_MIGRATION,2021,2022-02-03,651253386
2021-06-CENSUS-0000210118,GSA_MIGRATION,2021,2022-02-03,743019365
2021-06-CENSUS-0000210118,GSA_MIGRATION,2021,2022-02-03,271168021
2021-06-CENSUS-0000210118,GSA_MIGRATION,2021,2022-02-03,200335980
2021-06-CENSUS-0000210118,GSA_MIGRATION,2021,2022-02-03,203928017
2021-06-CENSUS-0000210118,GSA_MIGRATION,2021,2022-02-03,562476338
2021-06-CENSUS-0000210118,GSA_MIGRATION,2021,2022-02-03,200478546
2021-06-CENSUS-0000210118,GSA_MIGRATION,2021,2022-02-03,203907891
2021-06-CENSUS-0000210118,GSA_MIGRATION,2021,2022-02-03,742765568
2021-06-CENSUS-0000210118,GSA_MIGRATION,2021,2022-02-03,742990196
2021-06-CENSUS-0000135727,GSA_MIGRATION,2021,2022-02-15,066001641
2021-06-CENSUS-0000135727,GSA_MIGRATION,2021,2022-02-15,066001477
2021-06-CENSUS-0000137440,GSA_MIGRATION,2021,2022-02-08,204544790
2021-06-CENSUS-0000137440,GSA_MIGRATION,2021,2022-02-08,205203416
2021-06-CENSUS-0000137440,GSA_MIGRATION,2021,2022-02-08,205203461
2021-06-CENSUS-0000137440,GSA_MIGRATION,2021,2022-02-08,270393998
2021-06-CENSUS-0000137440,GSA_MIGRATION,2021,2022-02-08,320383573
2021-06-CENSUS-0000003372,GSA_MIGRATION,2021,2022-02-06,223221294
2021-06-CENSUS-0000003372,GSA_MIGRATION,2021,2022-02-06,043103893
2021-06-CENSUS-0000003372,GSA_MIGRATION,2021,2022-02-06,043452410
2021-06-CENSUS-0000003372,GSA_MIGRATION,2021,2022-02-06,043663990
2021-06-CENSUS-0000003372,GSA_MIGRATION,2021,2022-02-06,223090216
2021-06-CENSUS-0000003372,GSA_MIGRATION,2021,2022-02-06,261596148
2021-06-CENSUS-0000176111,GSA_MIGRATION,2021,2022-05-31,546001591
2021-06-CENSUS-0000176111,GSA_MIGRATION,2021,2022-05-31,546001588
2021-06-CENSUS-0000171365,GSA_MIGRATION,2021,2022-01-27,626000503
2021-06-CENSUS-0000171407,GSA_MIGRATION,2021,2022-02-15,676000707
2021-06-CENSUS-0000171407,GSA_MIGRATION,2021,2022-02-15,676000706
2021-12-CENSUS-0000228533,GSA_MIGRATION,2021,2022-09-28,263381883
2021-09-CENSUS-0000138707,GSA_MIGRATION,2021,2022-06-29,364529968
2021-12-CENSUS-0000254698,GSA_MIGRATION,2021,2022-09-24,341652755
2021-12-CENSUS-0000254698,GSA_MIGRATION,2021,2022-09-24,340753531
2021-12-CENSUS-0000254698,GSA_MIGRATION,2021,2022-09-24,341461753
2021-12-CENSUS-0000254698,GSA_MIGRATION,2021,2022-09-24,341455135
2021-12-CENSUS-0000254698,GSA_MIGRATION,2021,2022-09-24,841661280
2021-06-CENSUS-0000251165,GSA_MIGRATION,2021,2022-09-28,731308273
2021-06-CENSUS-0000251165,GSA_MIGRATION,2021,2022-09-28,731310891
2021-06-CENSUS-0000251165,GSA_MIGRATION,2021,2022-09-28,730700090
2021-06-CENSUS-0000251165,GSA_MIGRATION,2021,2022-09-28,141841340
2021-06-CENSUS-0000251165,GSA_MIGRATION,2021,2022-09-28,731558644
2021-06-CENSUS-0000251165,GSA_MIGRATION,2021,2022-09-28,010603214
2021-06-CENSUS-0000251165,GSA_MIGRATION,2021,2022-09-28,813127970
2021-06-CENSUS-0000251165,GSA_MIGRATION,2021,2022-09-28,260015989
2021-06-CENSUS-0000251165,GSA_MIGRATION,2021,2022-09-28,813747248
2021-06-CENSUS-0000251165,GSA_MIGRATION,2021,2022-09-28,814322087
2021-06-CENSUS-0000255271,GSA_MIGRATION,2021,2022-09-29,264750523
2021-06-CENSUS-0000255271,GSA_MIGRATION,2021,2022-09-29,251495691
2021-06-CENSUS-0000255271,GSA_MIGRATION,2021,2022-09-29,205597436
2021-12-CENSUS-0000255502,GSA_MIGRATION,2021,2022-09-29,752771278
2021-12-CENSUS-0000255502,GSA_MIGRATION,2021,2022-09-29,201203479
2021-12-CENSUS-0000255502,GSA_MIGRATION,2021,2022-09-29,208068602
2021-12-CENSUS-0000255502,GSA_MIGRATION,2021,2022-09-29,421508960
2021-06-CENSUS-0000242149,GSA_MIGRATION,2021,2022-04-04,364736776
2021-06-CENSUS-0000242149,GSA_MIGRATION,2021,2022-04-04,455385046
2021-12-CENSUS-0000244924,GSA_MIGRATION,2021,2022-07-07,132976987
2021-12-CENSUS-0000244924,GSA_MIGRATION,2021,2022-07-07,352122011
2021-12-CENSUS-0000244924,GSA_MIGRATION,2021,2022-07-07,222279167
2021-12-CENSUS-0000244924,GSA_MIGRATION,2021,2022-07-07,161167946
2021-12-CENSUS-0000244924,GSA_MIGRATION,2021,2022-07-07,161163460
2021-12-CENSUS-0000248352,GSA_MIGRATION,2021,2022-08-08,010614595
2021-12-CENSUS-0000248352,GSA_MIGRATION,2021,2022-08-08,010614658
2021-12-CENSUS-0000248352,GSA_MIGRATION,2021,2022-08-08,010686628
2021-12-CENSUS-0000248352,GSA_MIGRATION,2021,2022-08-08,010686637
2021-12-CENSUS-0000248352,GSA_MIGRATION,2021,2022-08-08,010696932
2021-12-CENSUS-0000248352,GSA_MIGRATION,2021,2022-08-08,010722933
2021-12-CENSUS-0000248352,GSA_MIGRATION,2021,2022-08-08,010771019
2021-12-CENSUS-0000248352,GSA_MIGRATION,2021,2022-08-08,020566188
2021-12-CENSUS-0000248352,GSA_MIGRATION,2021,2022-08-08,020566200
2021-12-CENSUS-0000248352,GSA_MIGRATION,2021,2022-08-08,020567004
2021-12-CENSUS-0000248352,GSA_MIGRATION,2021,2022-08-08,020567026
2021-12-CENSUS-0000248352,GSA_MIGRATION,2021,2022-08-08,020567038
2021-12-CENSUS-0000248352,GSA_MIGRATION,2021,2022-08-08,030409581
2021-12-CENSUS-0000248352,GSA_MIGRATION,2021,2022-08-08,030417866
2021-12-CENSUS-0000248352,GSA_MIGRATION,2021,2022-08-08,030476744
2021-12-CENSUS-0000248352,GSA_MIGRATION,2021,2022-08-08,030503127
2021-12-CENSUS-0000248352,GSA_MIGRATION,2021,2022-08-08,042645087
2021-12-CENSUS-0000248352,GSA_MIGRATION,2021,2022-08-08,042731302
2021-12-CENSUS-0000248352,GSA_MIGRATION,2021,2022-08-08,042915848
2021-12-CENSUS-0000248352,GSA_MIGRATION,2021,2022-08-08,042918739
2021-12-CENSUS-0000248352,GSA_MIGRATION,2021,2022-08-08,042949780
2021-12-CENSUS-0000248352,GSA_MIGRATION,2021,2022-08-08,043013367
2021-12-CENSUS-0000248352,GSA_MIGRATION,2021,2022-08-08,043028836
2021-12-CENSUS-0000248352,GSA_MIGRATION,2021,2022-08-08,043206608
2021-12-CENSUS-0000248352,GSA_MIGRATION,2021,2022-08-08,043216756
2021-12-CENSUS-0000248352,GSA_MIGRATION,2021,2022-08-08,043216757
2021-12-CENSUS-0000248352,GSA_MIGRATION,2021,2022-08-08,043318919
2021-12-CENSUS-0000248352,GSA_MIGRATION,2021,2022-08-08,043339800
2021-12-CENSUS-0000248352,GSA_MIGRATION,2021,2022-08-08,043339803
2021-12-CENSUS-0000248352,GSA_MIGRATION,2021,2022-08-08,043372760
2021-12-CENSUS-0000248352,GSA_MIGRATION,2021,2022-08-08,043374115
2021-12-CENSUS-0000248352,GSA_MIGRATION,2021,2022-08-08,043398034
2021-12-CENSUS-0000248352,GSA_MIGRATION,2021,2022-08-08,043398035
2021-12-CENSUS-0000248352,GSA_MIGRATION,2021,2022-08-08,043429678
2021-12-CENSUS-0000248352,GSA_MIGRATION,2021,2022-08-08,043429711
2021-12-CENSUS-0000248352,GSA_MIGRATION,2021,2022-08-08,043460631
2021-12-CENSUS-0000248352,GSA_MIGRATION,2021,2022-08-08,043501148
2021-12-CENSUS-0000248352,GSA_MIGRATION,2021,2022-08-08,043522533
2021-12-CENSUS-0000248352,GSA_MIGRATION,2021,2022-08-08,043527404
2021-12-CENSUS-0000248352,GSA_MIGRATION,2021,2022-08-08,043528752
2021-12-CENSUS-0000248352,GSA_MIGRATION,2021,2022-08-08,043538408
2021-12-CENSUS-0000248352,GSA_MIGRATION,2021,2022-08-08,043538411
2021-12-CENSUS-0000248352,GSA_MIGRATION,2021,2022-08-08,043538412
2021-12-CENSUS-0000248352,GSA_MIGRATION,2021,2022-08-08,043538413
2021-12-CENSUS-0000248352,GSA_MIGRATION,2021,2022-08-08,043544283
2021-12-CENSUS-0000248352,GSA_MIGRATION,2021,2022-08-08,043544300
2021-12-CENSUS-0000248352,GSA_MIGRATION,2021,2022-08-08,043544327
2021-12-CENSUS-0000248352,GSA_MIGRATION,2021,2022-08-08,043544341
2021-12-CENSUS-0000248352,GSA_MIGRATION,2021,2022-08-08,043545314
2021-12-CENSUS-0000248352,GSA_MIGRATION,2021,2022-08-08,043545316
2021-12-CENSUS-0000248352,GSA_MIGRATION,2021,2022-08-08,043559559
2021-06-CENSUS-0000171668,GSA_MIGRATION,2021,2022-01-23,464566457
2021-06-CENSUS-0000183782,GSA_MIGRATION,2021,2022-07-20,232362611
2021-06-CENSUS-0000183782,GSA_MIGRATION,2021,2022-07-20,251662862
2021-06-CENSUS-0000183782,GSA_MIGRATION,2021,2022-07-20,113666054
2021-06-CENSUS-0000185657,GSA_MIGRATION,2021,2022-07-06,464433655
2021-06-CENSUS-0000185657,GSA_MIGRATION,2021,2022-07-06,680088443
2021-06-CENSUS-0000185657,GSA_MIGRATION,2021,2022-07-06,942831141
2021-06-CENSUS-0000188828,GSA_MIGRATION,2021,2022-02-15,611052765
2021-06-CENSUS-0000188828,GSA_MIGRATION,2021,2022-02-15,161778188
2022-03-CENSUS-0000042847,ZV9NPUT494D3,2022,2022-12-20,310974362
2022-03-CENSUS-0000042847,ZV9NPUT494D3,2022,2022-12-20,341765568
2021-08-CENSUS-0000252150,GSA_MIGRATION,2021,2022-01-29,311378179
2021-12-CENSUS-0000059156,GSA_MIGRATION,2021,2022-08-29,391751381
2020-12-CENSUS-0000252622,GSA_MIGRATION,2020,2022-04-06,271858033
2020-12-CENSUS-0000252622,GSA_MIGRATION,2020,2022-04-06,480868859
2020-12-CENSUS-0000252622,GSA_MIGRATION,2020,2022-04-06,833768458
2020-12-CENSUS-0000252622,GSA_MIGRATION,2020,2022-04-06,833748461
2020-12-CENSUS-0000252622,GSA_MIGRATION,2020,2022-04-06,593231322
2020-12-CENSUS-0000252622,GSA_MIGRATION,2020,2022-04-06,862639185
2020-12-CENSUS-0000252622,GSA_MIGRATION,2020,2022-04-06,841793121
2020-12-CENSUS-0000252622,GSA_MIGRATION,2020,2022-04-06,834672945
2020-12-CENSUS-0000252622,GSA_MIGRATION,2020,2022-04-06,830976641
2020-12-CENSUS-0000252622,GSA_MIGRATION,2020,2022-04-06,870901094
2020-12-CENSUS-0000252622,GSA_MIGRATION,2020,2022-04-06,841817046
2020-12-CENSUS-0000252622,GSA_MIGRATION,2020,2022-04-06,364595806
2020-12-CENSUS-0000252622,GSA_MIGRATION,2020,2022-04-06,862666178
2020-12-CENSUS-0000252622,GSA_MIGRATION,2020,2022-04-06,471881744
2020-12-CENSUS-0000252622,GSA_MIGRATION,2020,2022-04-06,843225135
2020-12-CENSUS-0000252622,GSA_MIGRATION,2020,2022-04-06,651219504
2020-12-CENSUS-0000252622,GSA_MIGRATION,2020,2022-04-06,205774723
2020-12-CENSUS-0000252622,GSA_MIGRATION,2020,2022-04-06,363208390
2020-12-CENSUS-0000252622,GSA_MIGRATION,2020,2022-04-06,521347407
2020-12-CENSUS-0000252622,GSA_MIGRATION,2020,2022-04-06,352243397
2020-12-CENSUS-0000252622,GSA_MIGRATION,2020,2022-04-06,364138353
2020-12-CENSUS-0000252622,GSA_MIGRATION,2020,2022-04-06,273566344
2020-12-CENSUS-0000252622,GSA_MIGRATION,2020,2022-04-06,581425000
2020-12-CENSUS-0000252622,GSA_MIGRATION,2020,2022-04-06,591479658
2020-12-CENSUS-0000252622,GSA_MIGRATION,2020,2022-04-06,362276984
2020-12-CENSUS-0000252622,GSA_MIGRATION,2020,2022-04-06,203256430
2020-12-CENSUS-0000252622,GSA_MIGRATION,2020,2022-04-06,811105774
2020-12-CENSUS-0000252622,GSA_MIGRATION,2020,2022-04-06,821652787
2021-12-CENSUS-0000048401,GSA_MIGRATION,2021,2022-09-06,205657908
2021-12-CENSUS-0000048401,GSA_MIGRATION,2021,2022-09-06,262525968
2021-12-CENSUS-0000048401,GSA_MIGRATION,2021,2022-09-06,264041287
2021-12-CENSUS-0000048401,GSA_MIGRATION,2021,2022-09-06,272953799
2021-12-CENSUS-0000048401,GSA_MIGRATION,2021,2022-09-06,362167920
2021-12-CENSUS-0000048401,GSA_MIGRATION,2021,2022-09-06,362169147
2021-12-CENSUS-0000048401,GSA_MIGRATION,2021,2022-09-06,362690329
2021-12-CENSUS-0000048401,GSA_MIGRATION,2021,2022-09-06,362913108
2021-12-CENSUS-0000048401,GSA_MIGRATION,2021,2022-09-06,363158667
2021-12-CENSUS-0000048401,GSA_MIGRATION,2021,2022-09-06,363196629
2021-12-CENSUS-0000048401,GSA_MIGRATION,2021,2022-09-06,363315416
2021-12-CENSUS-0000048401,GSA_MIGRATION,2021,2022-09-06,363368224
2021-12-CENSUS-0000048401,GSA_MIGRATION,2021,2022-09-06,363890298
2021-12-CENSUS-0000048401,GSA_MIGRATION,2021,2022-09-06,390806174
2021-12-CENSUS-0000048401,GSA_MIGRATION,2021,2022-09-06,390806180
2021-12-CENSUS-0000048401,GSA_MIGRATION,2021,2022-09-06,390806181
2021-12-CENSUS-0000048401,GSA_MIGRATION,2021,2022-09-06,390806347
2021-06-CENSUS-0000184564,GSA_MIGRATION,2021,2022-07-27,251853025
2021-12-CENSUS-0000048401,GSA_MIGRATION,2021,2022-09-06,390872192
2021-12-CENSUS-0000048401,GSA_MIGRATION,2021,2022-09-06,390930748
2021-12-CENSUS-0000048401,GSA_MIGRATION,2021,2022-09-06,391022464
2021-12-CENSUS-0000048401,GSA_MIGRATION,2021,2022-09-06,391027676
2021-12-CENSUS-0000048401,GSA_MIGRATION,2021,2022-09-06,391136738
2021-12-CENSUS-0000048401,GSA_MIGRATION,2021,2022-09-06,391150165
2021-12-CENSUS-0000048401,GSA_MIGRATION,2021,2022-09-06,391211629
2021-12-CENSUS-0000048401,GSA_MIGRATION,2021,2022-09-06,391528430
2021-12-CENSUS-0000048401,GSA_MIGRATION,2021,2022-09-06,391548024
2021-12-CENSUS-0000048401,GSA_MIGRATION,2021,2022-09-06,391595302
2021-12-CENSUS-0000048401,GSA_MIGRATION,2021,2022-09-06,391678306
2021-12-CENSUS-0000048401,GSA_MIGRATION,2021,2022-09-06,391696443
2021-12-CENSUS-0000048401,GSA_MIGRATION,2021,2022-09-06,391733325
2021-12-CENSUS-0000048401,GSA_MIGRATION,2021,2022-09-06,391947472
2021-12-CENSUS-0000048401,GSA_MIGRATION,2021,2022-09-06,464361213
2021-12-CENSUS-0000048401,GSA_MIGRATION,2021,2022-09-06,473548414
2021-12-CENSUS-0000048401,GSA_MIGRATION,2021,2022-09-06,811401714
2021-12-CENSUS-0000048401,GSA_MIGRATION,2021,2022-09-06,861075286
2021-06-CENSUS-0000100582,GSA_MIGRATION,2021,2022-09-29,730730162
2021-06-CENSUS-0000146632,GSA_MIGRATION,2021,2022-07-31,113676409
2021-06-CENSUS-0000146632,GSA_MIGRATION,2021,2022-07-31,204275997
2021-06-CENSUS-0000146632,GSA_MIGRATION,2021,2022-07-31,204276153
2021-06-CENSUS-0000146632,GSA_MIGRATION,2021,2022-07-31,208104376
2021-06-CENSUS-0000146632,GSA_MIGRATION,2021,2022-07-31,272822982
2021-06-CENSUS-0000146632,GSA_MIGRATION,2021,2022-07-31,272961167
2021-06-CENSUS-0000146632,GSA_MIGRATION,2021,2022-07-31,272991664
2021-06-CENSUS-0000146632,GSA_MIGRATION,2021,2022-07-31,300636591
2021-06-CENSUS-0000146632,GSA_MIGRATION,2021,2022-07-31,364841195
2021-06-CENSUS-0000146632,GSA_MIGRATION,2021,2022-07-31,720650883
2021-06-CENSUS-0000146632,GSA_MIGRATION,2021,2022-07-31,720702000
2021-06-CENSUS-0000146632,GSA_MIGRATION,2021,2022-07-31,720702001
2021-06-CENSUS-0000146632,GSA_MIGRATION,2021,2022-07-31,720702002
2021-06-CENSUS-0000146632,GSA_MIGRATION,2021,2022-07-31,720724657
2021-06-CENSUS-0000146632,GSA_MIGRATION,2021,2022-07-31,720772772
2021-06-CENSUS-0000146632,GSA_MIGRATION,2021,2022-07-31,720805459
2021-06-CENSUS-0000146632,GSA_MIGRATION,2021,2022-07-31,720807104
2021-06-CENSUS-0000146632,GSA_MIGRATION,2021,2022-07-31,720817127
2021-06-CENSUS-0000146632,GSA_MIGRATION,2021,2022-07-31,720827361
2021-06-CENSUS-0000146632,GSA_MIGRATION,2021,2022-07-31,720830237
2021-06-CENSUS-0000146632,GSA_MIGRATION,2021,2022-07-31,720866125
2021-06-CENSUS-0000146632,GSA_MIGRATION,2021,2022-07-31,720866236
2021-06-CENSUS-0000146632,GSA_MIGRATION,2021,2022-07-31,720999270
2021-06-CENSUS-0000146632,GSA_MIGRATION,2021,2022-07-31,721022058
2021-06-CENSUS-0000146632,GSA_MIGRATION,2021,2022-07-31,721215360
2021-06-CENSUS-0000146632,GSA_MIGRATION,2021,2022-07-31,721217833
2021-06-CENSUS-0000146632,GSA_MIGRATION,2021,2022-07-31,721333380
2021-06-CENSUS-0000146632,GSA_MIGRATION,2021,2022-07-31,721334786
2021-06-CENSUS-0000146632,GSA_MIGRATION,2021,2022-07-31,721380259
2021-06-CENSUS-0000146632,GSA_MIGRATION,2021,2022-07-31,721424618
2021-06-CENSUS-0000146632,GSA_MIGRATION,2021,2022-07-31,721425264
2021-06-CENSUS-0000146632,GSA_MIGRATION,2021,2022-07-31,721441777
2021-06-CENSUS-0000146632,GSA_MIGRATION,2021,2022-07-31,721506851
2021-06-CENSUS-0000146632,GSA_MIGRATION,2021,2022-07-31,726000722
2021-06-CENSUS-0000146632,GSA_MIGRATION,2021,2022-07-31,726000736
2021-06-CENSUS-0000146632,GSA_MIGRATION,2021,2022-07-31,726000745
2021-06-CENSUS-0000146632,GSA_MIGRATION,2021,2022-07-31,726000747
2021-06-CENSUS-0000146632,GSA_MIGRATION,2021,2022-07-31,726000748
2021-06-CENSUS-0000146632,GSA_MIGRATION,2021,2022-07-31,726000751
2021-06-CENSUS-0000146632,GSA_MIGRATION,2021,2022-07-31,726000755
2018-06-CENSUS-0000230798,GSA_MIGRATION,2018,2022-02-10,454342144
2018-06-CENSUS-0000176270,GSA_MIGRATION,2018,2022-02-10,546001358
2022-06-CENSUS-0000231800,DEF8RN9BAUD3,2022,2022-11-14,463928436
2022-06-CENSUS-0000231800,DEF8RN9BAUD3,2022,2022-11-14,815024343
2022-06-CENSUS-0000231800,DEF8RN9BAUD3,2022,2022-11-14,862317809
2022-06-CENSUS-0000231800,DEF8RN9BAUD3,2022,2022-11-14,510459770
2022-06-CENSUS-0000231800,DEF8RN9BAUD3,2022,2022-11-14,272392631
2022-06-CENSUS-0000231800,DEF8RN9BAUD3,2022,2022-11-14,872310108
2022-06-CENSUS-0000231800,DEF8RN9BAUD3,2022,2022-11-14,880658320
2022-06-CENSUS-0000231800,DEF8RN9BAUD3,2022,2022-11-14,880685018
2020-12-CENSUS-0000253076,GSA_MIGRATION,2020,2022-04-26,420760833
2020-12-CENSUS-0000253076,GSA_MIGRATION,2020,2022-04-26,912134683
2020-12-CENSUS-0000253076,GSA_MIGRATION,2020,2022-04-26,310655031
2020-12-CENSUS-0000253076,GSA_MIGRATION,2020,2022-04-26,362527011
2021-09-CENSUS-0000136080,GSA_MIGRATION,2021,2022-05-26,596000547
2021-09-CENSUS-0000136080,GSA_MIGRATION,2021,2022-05-26,596000550
2020-12-CENSUS-0000253076,GSA_MIGRATION,2020,2022-04-26,472021696
2021-06-CENSUS-0000197894,GSA_MIGRATION,2021,2022-02-09,363981333
2021-12-CENSUS-0000208141,GSA_MIGRATION,2021,2022-05-10,710932560
2021-12-CENSUS-0000208141,GSA_MIGRATION,2021,2022-05-10,834334037
2021-12-CENSUS-0000121827,GSA_MIGRATION,2021,2022-06-26,824218470
2021-09-CENSUS-0000207008,GSA_MIGRATION,2021,2022-06-29,560529994
2021-09-CENSUS-0000207008,GSA_MIGRATION,2021,2022-06-29,581681364
2021-09-CENSUS-0000207008,GSA_MIGRATION,2021,2022-06-29,800249057
2021-09-CENSUS-0000207008,GSA_MIGRATION,2021,2022-06-29,300554775
2021-09-CENSUS-0000207008,GSA_MIGRATION,2021,2022-06-29,561714318
2021-09-CENSUS-0000207008,GSA_MIGRATION,2021,2022-06-29,562095382
2021-12-CENSUS-0000213520,GSA_MIGRATION,2021,2022-09-29,161472048
2021-12-CENSUS-0000213520,GSA_MIGRATION,2021,2022-09-29,450479215
2021-12-CENSUS-0000213520,GSA_MIGRATION,2021,2022-09-29,161594590
2021-12-CENSUS-0000250588,GSA_MIGRATION,2021,2022-06-14,320081580
2021-12-CENSUS-0000250588,GSA_MIGRATION,2021,2022-06-14,272392510
2021-12-CENSUS-0000250588,GSA_MIGRATION,2021,2022-06-14,262243879
2021-12-CENSUS-0000250588,GSA_MIGRATION,2021,2022-06-14,300403895
2021-12-CENSUS-0000253459,GSA_MIGRATION,2021,2022-06-09,540519577
2021-12-CENSUS-0000253459,GSA_MIGRATION,2021,2022-06-09,134316364
2021-12-CENSUS-0000253459,GSA_MIGRATION,2021,2022-06-09,541552324
2021-12-CENSUS-0000253459,GSA_MIGRATION,2021,2022-06-09,562322548
2021-12-CENSUS-0000253459,GSA_MIGRATION,2021,2022-06-09,271248032
2021-12-CENSUS-0000253459,GSA_MIGRATION,2021,2022-06-09,834378864
2021-12-CENSUS-0000253459,GSA_MIGRATION,2021,2022-06-09,571172752
2021-12-CENSUS-0000253459,GSA_MIGRATION,2021,2022-06-09,262546097
2021-12-CENSUS-0000253459,GSA_MIGRATION,2021,2022-06-09,541364028
2021-12-CENSUS-0000253459,GSA_MIGRATION,2021,2022-06-09,541990805
2021-06-CENSUS-0000254282,GSA_MIGRATION,2021,2022-08-23,475409118
2021-12-CENSUS-0000254284,GSA_MIGRATION,2021,2022-08-23,311101004
2021-06-CENSUS-0000025526,GSA_MIGRATION,2021,2022-09-29,231352152
2021-06-CENSUS-0000025526,GSA_MIGRATION,2021,2022-09-29,231476328
2021-06-CENSUS-0000025526,GSA_MIGRATION,2021,2022-09-29,461420853
2021-06-CENSUS-0000025526,GSA_MIGRATION,2021,2022-09-29,221773439
2021-06-CENSUS-0000025526,GSA_MIGRATION,2021,2022-09-29,800550282
2021-06-CENSUS-0000025526,GSA_MIGRATION,2021,2022-09-29,230596940
2021-06-CENSUS-0000025526,GSA_MIGRATION,2021,2022-09-29,232829095
2021-06-CENSUS-0000025526,GSA_MIGRATION,2021,2022-09-29,231352294
2021-06-CENSUS-0000025526,GSA_MIGRATION,2021,2022-09-29,233359979
2021-06-CENSUS-0000025526,GSA_MIGRATION,2021,2022-09-29,232678055
2021-06-CENSUS-0000025526,GSA_MIGRATION,2021,2022-09-29,232691968
2021-06-CENSUS-0000025526,GSA_MIGRATION,2021,2022-09-29,232809585
2021-06-CENSUS-0000025526,GSA_MIGRATION,2021,2022-09-29,232858320
2021-06-CENSUS-0000025526,GSA_MIGRATION,2021,2022-09-29,460779942
2021-06-CENSUS-0000025526,GSA_MIGRATION,2021,2022-09-29,472639286
2021-06-CENSUS-0000146632,GSA_MIGRATION,2021,2022-07-31,726000774
2021-06-CENSUS-0000146632,GSA_MIGRATION,2021,2022-07-31,726000783
2021-06-CENSUS-0000146632,GSA_MIGRATION,2021,2022-07-31,726000792
2021-06-CENSUS-0000146632,GSA_MIGRATION,2021,2022-07-31,726000800
2021-06-CENSUS-0000146632,GSA_MIGRATION,2021,2022-07-31,726000816
2021-06-CENSUS-0000146632,GSA_MIGRATION,2021,2022-07-31,726000817
2021-06-CENSUS-0000146632,GSA_MIGRATION,2021,2022-07-31,726000820
2021-06-CENSUS-0000146632,GSA_MIGRATION,2021,2022-07-31,726000821
2021-06-CENSUS-0000146632,GSA_MIGRATION,2021,2022-07-31,726000838
2021-06-CENSUS-0000146632,GSA_MIGRATION,2021,2022-07-31,726000840
2021-06-CENSUS-0000146632,GSA_MIGRATION,2021,2022-07-31,726000846
2021-06-CENSUS-0000146632,GSA_MIGRATION,2021,2022-07-31,726000848
2021-06-CENSUS-0000146632,GSA_MIGRATION,2021,2022-07-31,726001688
2021-06-CENSUS-0000146632,GSA_MIGRATION,2021,2022-07-31,726001695
2021-06-CENSUS-0000146632,GSA_MIGRATION,2021,2022-07-31,726002013
2021-06-CENSUS-0000146632,GSA_MIGRATION,2021,2022-07-31,726011595
2021-06-CENSUS-0000146632,GSA_MIGRATION,2021,2022-07-31,726011665
2021-06-CENSUS-0000146632,GSA_MIGRATION,2021,2022-07-31,726011797
2021-06-CENSUS-0000146632,GSA_MIGRATION,2021,2022-07-31,726012995
2021-06-CENSUS-0000146632,GSA_MIGRATION,2021,2022-07-31,726087770
2021-06-CENSUS-0000146632,GSA_MIGRATION,2021,2022-07-31,841671064
2021-06-CENSUS-0000146632,GSA_MIGRATION,2021,2022-07-31,841702974
2021-12-CENSUS-0000048401,GSA_MIGRATION,2021,2022-09-06,200580790
2021-12-CENSUS-0000248352,GSA_MIGRATION,2021,2022-08-08,043559560
2021-12-CENSUS-0000248352,GSA_MIGRATION,2021,2022-08-08,043566844
2021-12-CENSUS-0000248352,GSA_MIGRATION,2021,2022-08-08,043622635
2021-12-CENSUS-0000248352,GSA_MIGRATION,2021,2022-08-08,043622659
2021-12-CENSUS-0000248352,GSA_MIGRATION,2021,2022-08-08,043623350
2021-12-CENSUS-0000248352,GSA_MIGRATION,2021,2022-08-08,043668869
2021-12-CENSUS-0000248352,GSA_MIGRATION,2021,2022-08-08,043678583
2021-12-CENSUS-0000248352,GSA_MIGRATION,2021,2022-08-08,043678588
2021-12-CENSUS-0000248352,GSA_MIGRATION,2021,2022-08-08,043691920
2021-12-CENSUS-0000248352,GSA_MIGRATION,2021,2022-08-08,050503924
2021-12-CENSUS-0000248352,GSA_MIGRATION,2021,2022-08-08,050508869
2021-12-CENSUS-0000248352,GSA_MIGRATION,2021,2022-08-08,050517072
2021-12-CENSUS-0000248352,GSA_MIGRATION,2021,2022-08-08,050517085
2021-12-CENSUS-0000248352,GSA_MIGRATION,2021,2022-08-08,061409367
2021-12-CENSUS-0000248352,GSA_MIGRATION,2021,2022-08-08,061409369
2021-12-CENSUS-0000248352,GSA_MIGRATION,2021,2022-08-08,061526687
2021-12-CENSUS-0000248352,GSA_MIGRATION,2021,2022-08-08,061526896
2021-12-CENSUS-0000248352,GSA_MIGRATION,2021,2022-08-08,061526897
2021-12-CENSUS-0000248352,GSA_MIGRATION,2021,2022-08-08,061531040
2021-12-CENSUS-0000248352,GSA_MIGRATION,2021,2022-08-08,061531044
2021-12-CENSUS-0000248352,GSA_MIGRATION,2021,2022-08-08,100005514
2021-12-CENSUS-0000248352,GSA_MIGRATION,2021,2022-08-08,100005536
2021-12-CENSUS-0000248352,GSA_MIGRATION,2021,2022-08-08,100007143
2021-12-CENSUS-0000248352,GSA_MIGRATION,2021,2022-08-08,113714485
2021-12-CENSUS-0000248352,GSA_MIGRATION,2021,2022-08-08,113714488
2021-12-CENSUS-0000248352,GSA_MIGRATION,2021,2022-08-08,134240038
2021-12-CENSUS-0000248352,GSA_MIGRATION,2021,2022-08-08,201268156
2021-12-CENSUS-0000248352,GSA_MIGRATION,2021,2022-08-08,201268216
2021-12-CENSUS-0000248352,GSA_MIGRATION,2021,2022-08-08,201280553
2021-12-CENSUS-0000248352,GSA_MIGRATION,2021,2022-08-08,201280596
2021-12-CENSUS-0000248352,GSA_MIGRATION,2021,2022-08-08,201302305
2021-12-CENSUS-0000248352,GSA_MIGRATION,2021,2022-08-08,201307126
2021-12-CENSUS-0000248352,GSA_MIGRATION,2021,2022-08-08,201494461
2021-12-CENSUS-0000248352,GSA_MIGRATION,2021,2022-08-08,202286154
2021-12-CENSUS-0000248352,GSA_MIGRATION,2021,2022-08-08,202286163
2021-12-CENSUS-0000248352,GSA_MIGRATION,2021,2022-08-08,202386333
2021-12-CENSUS-0000248352,GSA_MIGRATION,2021,2022-08-08,202390928
2021-12-CENSUS-0000248352,GSA_MIGRATION,2021,2022-08-08,202475083
2021-12-CENSUS-0000248352,GSA_MIGRATION,2021,2022-08-08,202531464
2021-12-CENSUS-0000248352,GSA_MIGRATION,2021,2022-08-08,202609479
2021-12-CENSUS-0000248352,GSA_MIGRATION,2021,2022-08-08,202709103
2021-12-CENSUS-0000248352,GSA_MIGRATION,2021,2022-08-08,202764932
2021-12-CENSUS-0000248352,GSA_MIGRATION,2021,2022-08-08,202872857
2021-12-CENSUS-0000248352,GSA_MIGRATION,2021,2022-08-08,202918308
2021-12-CENSUS-0000248352,GSA_MIGRATION,2021,2022-08-08,203966452
2021-12-CENSUS-0000248352,GSA_MIGRATION,2021,2022-08-08,204312298
2021-12-CENSUS-0000248352,GSA_MIGRATION,2021,2022-08-08,204497587
2021-12-CENSUS-0000248352,GSA_MIGRATION,2021,2022-08-08,204497737
2021-12-CENSUS-0000248352,GSA_MIGRATION,2021,2022-08-08,204776986
2021-12-CENSUS-0000248352,GSA_MIGRATION,2021,2022-08-08,204777112
2021-12-CENSUS-0000248352,GSA_MIGRATION,2021,2022-08-08,205070203
2021-12-CENSUS-0000248352,GSA_MIGRATION,2021,2022-08-08,205425572
2021-12-CENSUS-0000248352,GSA_MIGRATION,2021,2022-08-08,205782398
2021-12-CENSUS-0000248352,GSA_MIGRATION,2021,2022-08-08,208273798
2021-12-CENSUS-0000248352,GSA_MIGRATION,2021,2022-08-08,208281242
2021-12-CENSUS-0000248352,GSA_MIGRATION,2021,2022-08-08,208405489
2021-12-CENSUS-0000248352,GSA_MIGRATION,2021,2022-08-08,208419314
2021-12-CENSUS-0000248352,GSA_MIGRATION,2021,2022-08-08,208431289
2021-12-CENSUS-0000248352,GSA_MIGRATION,2021,2022-08-08,208607561
2021-12-CENSUS-0000248352,GSA_MIGRATION,2021,2022-08-08,208616675
2021-12-CENSUS-0000248352,GSA_MIGRATION,2021,2022-08-08,208631359
2021-12-CENSUS-0000248352,GSA_MIGRATION,2021,2022-08-08,208704718
2021-12-CENSUS-0000248352,GSA_MIGRATION,2021,2022-08-08,208950978
2021-12-CENSUS-0000248352,GSA_MIGRATION,2021,2022-08-08,222823715
2021-12-CENSUS-0000248352,GSA_MIGRATION,2021,2022-08-08,222966917
2021-12-CENSUS-0000248352,GSA_MIGRATION,2021,2022-08-08,223662864
2021-12-CENSUS-0000248352,GSA_MIGRATION,2021,2022-08-08,223680800
2021-12-CENSUS-0000248352,GSA_MIGRATION,2021,2022-08-08,223684862
2021-12-CENSUS-0000248352,GSA_MIGRATION,2021,2022-08-08,223809923
2021-12-CENSUS-0000248352,GSA_MIGRATION,2021,2022-08-08,232920107
2021-12-CENSUS-0000248352,GSA_MIGRATION,2021,2022-08-08,232922925
2021-12-CENSUS-0000248352,GSA_MIGRATION,2021,2022-08-08,232945764
2021-12-CENSUS-0000248352,GSA_MIGRATION,2021,2022-08-08,232945765
2021-12-CENSUS-0000248352,GSA_MIGRATION,2021,2022-08-08,232945766
2021-12-CENSUS-0000248352,GSA_MIGRATION,2021,2022-08-08,232945773
2021-12-CENSUS-0000248352,GSA_MIGRATION,2021,2022-08-08,232945781
2021-12-CENSUS-0000248352,GSA_MIGRATION,2021,2022-08-08,232945785
2021-12-CENSUS-0000248352,GSA_MIGRATION,2021,2022-08-08,232945786
2021-12-CENSUS-0000248352,GSA_MIGRATION,2021,2022-08-08,232993777
2021-12-CENSUS-0000248352,GSA_MIGRATION,2021,2022-08-08,233021120
2021-12-CENSUS-0000248352,GSA_MIGRATION,2021,2022-08-08,251832272
2021-12-CENSUS-0000248352,GSA_MIGRATION,2021,2022-08-08,251840809
2021-12-CENSUS-0000248352,GSA_MIGRATION,2021,2022-08-08,251840814
2021-12-CENSUS-0000248352,GSA_MIGRATION,2021,2022-08-08,251841069
2021-12-CENSUS-0000248352,GSA_MIGRATION,2021,2022-08-08,251841071
2021-12-CENSUS-0000248352,GSA_MIGRATION,2021,2022-08-08,251884420
2021-12-CENSUS-0000248352,GSA_MIGRATION,2021,2022-08-08,251884549
2021-12-CENSUS-0000248352,GSA_MIGRATION,2021,2022-08-08,260043671
2021-12-CENSUS-0000248352,GSA_MIGRATION,2021,2022-08-08,260088270
2021-12-CENSUS-0000248352,GSA_MIGRATION,2021,2022-08-08,260088275
2021-12-CENSUS-0000248352,GSA_MIGRATION,2021,2022-08-08,260475733
2021-12-CENSUS-0000248352,GSA_MIGRATION,2021,2022-08-08,261507570
2021-12-CENSUS-0000248352,GSA_MIGRATION,2021,2022-08-08,261570937
2021-12-CENSUS-0000248352,GSA_MIGRATION,2021,2022-08-08,261835769
2021-12-CENSUS-0000248352,GSA_MIGRATION,2021,2022-08-08,261836875
2021-12-CENSUS-0000248352,GSA_MIGRATION,2021,2022-08-08,262298942
2021-12-CENSUS-0000248352,GSA_MIGRATION,2021,2022-08-08,262301448
2021-12-CENSUS-0000248352,GSA_MIGRATION,2021,2022-08-08,262301629
2021-12-CENSUS-0000248352,GSA_MIGRATION,2021,2022-08-08,262778501
2021-12-CENSUS-0000248352,GSA_MIGRATION,2021,2022-08-08,262778552
2021-12-CENSUS-0000248352,GSA_MIGRATION,2021,2022-08-08,262781306
2021-12-CENSUS-0000248352,GSA_MIGRATION,2021,2022-08-08,262782343
2021-12-CENSUS-0000248352,GSA_MIGRATION,2021,2022-08-08,262859789
2021-12-CENSUS-0000248352,GSA_MIGRATION,2021,2022-08-08,262860127
2021-12-CENSUS-0000248352,GSA_MIGRATION,2021,2022-08-08,262860792
2021-12-CENSUS-0000248352,GSA_MIGRATION,2021,2022-08-08,263380639
2021-12-CENSUS-0000248352,GSA_MIGRATION,2021,2022-08-08,263461636
2021-12-CENSUS-0000248352,GSA_MIGRATION,2021,2022-08-08,263467063
2021-12-CENSUS-0000248352,GSA_MIGRATION,2021,2022-08-08,263549703
2021-12-CENSUS-0000248352,GSA_MIGRATION,2021,2022-08-08,263552572
2021-12-CENSUS-0000248352,GSA_MIGRATION,2021,2022-08-08,264212148
2021-12-CENSUS-0000248352,GSA_MIGRATION,2021,2022-08-08,264215611
2021-12-CENSUS-0000248352,GSA_MIGRATION,2021,2022-08-08,264585901
2021-12-CENSUS-0000248352,GSA_MIGRATION,2021,2022-08-08,264594770
2021-12-CENSUS-0000248352,GSA_MIGRATION,2021,2022-08-08,264652414
2021-12-CENSUS-0000248352,GSA_MIGRATION,2021,2022-08-08,264748671
2021-12-CENSUS-0000248352,GSA_MIGRATION,2021,2022-08-08,264755477
2021-12-CENSUS-0000248352,GSA_MIGRATION,2021,2022-08-08,270073884
2021-12-CENSUS-0000248352,GSA_MIGRATION,2021,2022-08-08,270176917
2021-12-CENSUS-0000248352,GSA_MIGRATION,2021,2022-08-08,270181271
2021-12-CENSUS-0000248352,GSA_MIGRATION,2021,2022-08-08,270597711
2021-12-CENSUS-0000248352,GSA_MIGRATION,2021,2022-08-08,270597768
2021-12-CENSUS-0000248352,GSA_MIGRATION,2021,2022-08-08,270605525
2021-12-CENSUS-0000248352,GSA_MIGRATION,2021,2022-08-08,270605537
2021-12-CENSUS-0000248352,GSA_MIGRATION,2021,2022-08-08,270608566
2021-12-CENSUS-0000248352,GSA_MIGRATION,2021,2022-08-08,270940132
2021-12-CENSUS-0000248352,GSA_MIGRATION,2021,2022-08-08,271489185
2021-12-CENSUS-0000248352,GSA_MIGRATION,2021,2022-08-08,272423713
2021-12-CENSUS-0000248352,GSA_MIGRATION,2021,2022-08-08,272434448
2021-12-CENSUS-0000248352,GSA_MIGRATION,2021,2022-08-08,273190101
2021-12-CENSUS-0000248352,GSA_MIGRATION,2021,2022-08-08,273204841
2021-12-CENSUS-0000248352,GSA_MIGRATION,2021,2022-08-08,273336397
2021-12-CENSUS-0000248352,GSA_MIGRATION,2021,2022-08-08,273345902
2021-12-CENSUS-0000248352,GSA_MIGRATION,2021,2022-08-08,273625094
2021-12-CENSUS-0000248352,GSA_MIGRATION,2021,2022-08-08,273646753
2021-12-CENSUS-0000248352,GSA_MIGRATION,2021,2022-08-08,273646885
2021-12-CENSUS-0000248352,GSA_MIGRATION,2021,2022-08-08,273659183
2021-12-CENSUS-0000248352,GSA_MIGRATION,2021,2022-08-08,273670516
2021-12-CENSUS-0000248352,GSA_MIGRATION,2021,2022-08-08,273680377
2021-12-CENSUS-0000248352,GSA_MIGRATION,2021,2022-08-08,300301142
2021-12-CENSUS-0000248352,GSA_MIGRATION,2021,2022-08-08,300507764
2021-12-CENSUS-0000248352,GSA_MIGRATION,2021,2022-08-08,300801750
2021-12-CENSUS-0000248352,GSA_MIGRATION,2021,2022-08-08,300809082
2021-12-CENSUS-0000248352,GSA_MIGRATION,2021,2022-08-08,300838773
2021-12-CENSUS-0000248352,GSA_MIGRATION,2021,2022-08-08,300966118
2021-12-CENSUS-0000248352,GSA_MIGRATION,2021,2022-08-08,300983286
2021-12-CENSUS-0000248352,GSA_MIGRATION,2021,2022-08-08,301044174
2021-12-CENSUS-0000248352,GSA_MIGRATION,2021,2022-08-08,301078987
2021-12-CENSUS-0000248352,GSA_MIGRATION,2021,2022-08-08,301208093
2021-12-CENSUS-0000248352,GSA_MIGRATION,2021,2022-08-08,301219501
2021-12-CENSUS-0000248352,GSA_MIGRATION,2021,2022-08-08,311664459
2021-12-CENSUS-0000248352,GSA_MIGRATION,2021,2022-08-08,311695095
2021-12-CENSUS-0000248352,GSA_MIGRATION,2021,2022-08-08,311695096
2021-12-CENSUS-0000248352,GSA_MIGRATION,2021,2022-08-08,311695100
2021-12-CENSUS-0000248352,GSA_MIGRATION,2021,2022-08-08,311695108
2021-12-CENSUS-0000248352,GSA_MIGRATION,2021,2022-08-08,311695112
2021-12-CENSUS-0000248352,GSA_MIGRATION,2021,2022-08-08,320476055
2021-12-CENSUS-0000248352,GSA_MIGRATION,2021,2022-08-08,320513894
2021-12-CENSUS-0000248352,GSA_MIGRATION,2021,2022-08-08,320517341
2021-12-CENSUS-0000248352,GSA_MIGRATION,2021,2022-08-08,320563825
2021-12-CENSUS-0000248352,GSA_MIGRATION,2021,2022-08-08,320573978
2021-12-CENSUS-0000248352,GSA_MIGRATION,2021,2022-08-08,341936465
2021-12-CENSUS-0000248352,GSA_MIGRATION,2021,2022-08-08,341936467
2021-12-CENSUS-0000248352,GSA_MIGRATION,2021,2022-08-08,341953718
2021-12-CENSUS-0000248352,GSA_MIGRATION,2021,2022-08-08,341953729
2021-12-CENSUS-0000248352,GSA_MIGRATION,2021,2022-08-08,352468664
2021-12-CENSUS-0000248352,GSA_MIGRATION,2021,2022-08-08,352478512
2021-12-CENSUS-0000248352,GSA_MIGRATION,2021,2022-08-08,352493033
2021-12-CENSUS-0000248352,GSA_MIGRATION,2021,2022-08-08,352561434
2021-12-CENSUS-0000248352,GSA_MIGRATION,2021,2022-08-08,352590611
2021-12-CENSUS-0000248352,GSA_MIGRATION,2021,2022-08-08,352623709
2021-12-CENSUS-0000248352,GSA_MIGRATION,2021,2022-08-08,364758412
2021-12-CENSUS-0000248352,GSA_MIGRATION,2021,2022-08-08,364767714
2021-12-CENSUS-0000248352,GSA_MIGRATION,2021,2022-08-08,364815289
2021-12-CENSUS-0000248352,GSA_MIGRATION,2021,2022-08-08,364848273
2021-12-CENSUS-0000248352,GSA_MIGRATION,2021,2022-08-08,364870456
2021-12-CENSUS-0000248352,GSA_MIGRATION,2021,2022-08-08,364875840
2021-12-CENSUS-0000248352,GSA_MIGRATION,2021,2022-08-08,364896998
2021-12-CENSUS-0000248352,GSA_MIGRATION,2021,2022-08-08,364905599
2021-12-CENSUS-0000248352,GSA_MIGRATION,2021,2022-08-08,364957559
2021-12-CENSUS-0000248352,GSA_MIGRATION,2021,2022-08-08,371452727
2021-12-CENSUS-0000248352,GSA_MIGRATION,2021,2022-08-08,371668907
2021-12-CENSUS-0000248352,GSA_MIGRATION,2021,2022-08-08,371705151
2021-12-CENSUS-0000248352,GSA_MIGRATION,2021,2022-08-08,371756525
2021-12-CENSUS-0000248352,GSA_MIGRATION,2021,2022-08-08,371761423
2021-12-CENSUS-0000248352,GSA_MIGRATION,2021,2022-08-08,371761590
2021-12-CENSUS-0000248352,GSA_MIGRATION,2021,2022-08-08,371804604
2021-12-CENSUS-0000248352,GSA_MIGRATION,2021,2022-08-08,371859139
2021-12-CENSUS-0000248352,GSA_MIGRATION,2021,2022-08-08,371903490
2021-12-CENSUS-0000248352,GSA_MIGRATION,2021,2022-08-08,383694498
2021-12-CENSUS-0000248352,GSA_MIGRATION,2021,2022-08-08,383694499
2021-12-CENSUS-0000248352,GSA_MIGRATION,2021,2022-08-08,383765638
2021-12-CENSUS-0000248352,GSA_MIGRATION,2021,2022-08-08,383894889
2021-12-CENSUS-0000248352,GSA_MIGRATION,2021,2022-08-08,383923688
2021-12-CENSUS-0000248352,GSA_MIGRATION,2021,2022-08-08,383980954
2021-12-CENSUS-0000248352,GSA_MIGRATION,2021,2022-08-08,384008501
2021-12-CENSUS-0000248352,GSA_MIGRATION,2021,2022-08-08,384052407
2021-12-CENSUS-0000248352,GSA_MIGRATION,2021,2022-08-08,384076175
2021-12-CENSUS-0000248352,GSA_MIGRATION,2021,2022-08-08,384080565
2021-12-CENSUS-0000248352,GSA_MIGRATION,2021,2022-08-08,384081625
2021-12-CENSUS-0000248352,GSA_MIGRATION,2021,2022-08-08,384084526
2021-12-CENSUS-0000248352,GSA_MIGRATION,2021,2022-08-08,412097316
2021-12-CENSUS-0000248352,GSA_MIGRATION,2021,2022-08-08,412121332
2021-12-CENSUS-0000248352,GSA_MIGRATION,2021,2022-08-08,450528961
2021-12-CENSUS-0000248352,GSA_MIGRATION,2021,2022-08-08,450528962
2021-12-CENSUS-0000248352,GSA_MIGRATION,2021,2022-08-08,450638944
2021-12-CENSUS-0000248352,GSA_MIGRATION,2021,2022-08-08,450670392
2021-12-CENSUS-0000248352,GSA_MIGRATION,2021,2022-08-08,450889117
2021-12-CENSUS-0000248352,GSA_MIGRATION,2021,2022-08-08,451484051
2021-12-CENSUS-0000248352,GSA_MIGRATION,2021,2022-08-08,451497502
2021-12-CENSUS-0000248352,GSA_MIGRATION,2021,2022-08-08,451872930
2021-12-CENSUS-0000248352,GSA_MIGRATION,2021,2022-08-08,451873164
2021-12-CENSUS-0000248352,GSA_MIGRATION,2021,2022-08-08,452072034
2021-12-CENSUS-0000248352,GSA_MIGRATION,2021,2022-08-08,452076600
2021-12-CENSUS-0000248352,GSA_MIGRATION,2021,2022-08-08,452113530
2021-12-CENSUS-0000248352,GSA_MIGRATION,2021,2022-08-08,452506925
2021-12-CENSUS-0000248352,GSA_MIGRATION,2021,2022-08-08,452507046
2021-12-CENSUS-0000248352,GSA_MIGRATION,2021,2022-08-08,452548704
2021-12-CENSUS-0000248352,GSA_MIGRATION,2021,2022-08-08,452603337
2021-12-CENSUS-0000248352,GSA_MIGRATION,2021,2022-08-08,452608564
2021-12-CENSUS-0000248352,GSA_MIGRATION,2021,2022-08-08,453071152
2021-12-CENSUS-0000248352,GSA_MIGRATION,2021,2022-08-08,453071293
2021-12-CENSUS-0000248352,GSA_MIGRATION,2021,2022-08-08,453142289
2021-12-CENSUS-0000248352,GSA_MIGRATION,2021,2022-08-08,453169268
2021-12-CENSUS-0000248352,GSA_MIGRATION,2021,2022-08-08,453449702
2021-12-CENSUS-0000248352,GSA_MIGRATION,2021,2022-08-08,454781302
2021-12-CENSUS-0000248352,GSA_MIGRATION,2021,2022-08-08,454937604
2021-12-CENSUS-0000248352,GSA_MIGRATION,2021,2022-08-08,455576785
2021-12-CENSUS-0000248352,GSA_MIGRATION,2021,2022-08-08,460992709
2021-12-CENSUS-0000248352,GSA_MIGRATION,2021,2022-08-08,461024720
2021-12-CENSUS-0000248352,GSA_MIGRATION,2021,2022-08-08,461055347
2021-12-CENSUS-0000248352,GSA_MIGRATION,2021,2022-08-08,461143554
2021-06-CENSUS-0000218221,GSA_MIGRATION,2021,2022-02-01,464230642
2021-09-CENSUS-0000230355,GSA_MIGRATION,2021,2022-04-18,161592994
2021-09-CENSUS-0000230355,GSA_MIGRATION,2021,2022-04-18,223144721
2021-09-CENSUS-0000230355,GSA_MIGRATION,2021,2022-04-18,161419634
2021-09-CENSUS-0000230355,GSA_MIGRATION,2021,2022-04-18,161388682
2021-09-CENSUS-0000230355,GSA_MIGRATION,2021,2022-04-18,161442543
2021-09-CENSUS-0000230355,GSA_MIGRATION,2021,2022-04-18,251653975
2021-09-CENSUS-0000230355,GSA_MIGRATION,2021,2022-04-18,161501984
2021-09-CENSUS-0000230355,GSA_MIGRATION,2021,2022-04-18,161534956
2021-09-CENSUS-0000230355,GSA_MIGRATION,2021,2022-04-18,161598837
2021-09-CENSUS-0000230355,GSA_MIGRATION,2021,2022-04-18,270039310
2021-09-CENSUS-0000230355,GSA_MIGRATION,2021,2022-04-18,161183242
2021-09-CENSUS-0000230355,GSA_MIGRATION,2021,2022-04-18,223144622
2021-09-CENSUS-0000230355,GSA_MIGRATION,2021,2022-04-18,203946971
2021-09-CENSUS-0000230355,GSA_MIGRATION,2021,2022-04-18,251695904
2021-09-CENSUS-0000230355,GSA_MIGRATION,2021,2022-04-18,020533102
2021-09-CENSUS-0000230355,GSA_MIGRATION,2021,2022-04-18,134215024
2021-09-CENSUS-0000230355,GSA_MIGRATION,2021,2022-04-18,205566908
2021-09-CENSUS-0000230355,GSA_MIGRATION,2021,2022-04-18,161592991
2021-09-CENSUS-0000230355,GSA_MIGRATION,2021,2022-04-18,161240013
2021-09-CENSUS-0000230355,GSA_MIGRATION,2021,2022-04-18,030485949
2021-09-CENSUS-0000230355,GSA_MIGRATION,2021,2022-04-18,262373989
2021-09-CENSUS-0000230355,GSA_MIGRATION,2021,2022-04-18,273685642
2021-09-CENSUS-0000230355,GSA_MIGRATION,2021,2022-04-18,134220309
2021-09-CENSUS-0000230355,GSA_MIGRATION,2021,2022-04-18,660788645
2021-09-CENSUS-0000230355,GSA_MIGRATION,2021,2022-04-18,300743446
2021-09-CENSUS-0000230355,GSA_MIGRATION,2021,2022-04-18,161265765
2021-09-CENSUS-0000230355,GSA_MIGRATION,2021,2022-04-18,161386456
2021-09-CENSUS-0000230355,GSA_MIGRATION,2021,2022-04-18,161520376
2021-09-CENSUS-0000230355,GSA_MIGRATION,2021,2022-04-18,752975886
2021-09-CENSUS-0000230355,GSA_MIGRATION,2021,2022-04-18,752975899
2021-09-CENSUS-0000230355,GSA_MIGRATION,2021,2022-04-18,061716252
2021-09-CENSUS-0000230355,GSA_MIGRATION,2021,2022-04-18,043812069
2021-09-CENSUS-0000230355,GSA_MIGRATION,2021,2022-04-18,412124095
2021-09-CENSUS-0000230355,GSA_MIGRATION,2021,2022-04-18,203574586
2021-09-CENSUS-0000230355,GSA_MIGRATION,2021,2022-04-18,204754791
2021-09-CENSUS-0000230355,GSA_MIGRATION,2021,2022-04-18,900347268
2021-09-CENSUS-0000230355,GSA_MIGRATION,2021,2022-04-18,611592249
2021-09-CENSUS-0000230355,GSA_MIGRATION,2021,2022-04-18,271006415
2021-09-CENSUS-0000230355,GSA_MIGRATION,2021,2022-04-18,472752876
2021-09-CENSUS-0000230355,GSA_MIGRATION,2021,2022-04-18,562623875
2021-09-CENSUS-0000230355,GSA_MIGRATION,2021,2022-04-18,464105929
2021-09-CENSUS-0000230355,GSA_MIGRATION,2021,2022-04-18,232754537
2021-09-CENSUS-0000230355,GSA_MIGRATION,2021,2022-04-18,455425869
2021-09-CENSUS-0000230355,GSA_MIGRATION,2021,2022-04-18,222667299
2021-09-CENSUS-0000230355,GSA_MIGRATION,2021,2022-04-18,844394993
2021-09-CENSUS-0000230355,GSA_MIGRATION,2021,2022-04-18,823579645
2021-09-CENSUS-0000230355,GSA_MIGRATION,2021,2022-04-18,863274133
2021-12-CENSUS-0000248352,GSA_MIGRATION,2021,2022-08-08,461673450
2021-12-CENSUS-0000248352,GSA_MIGRATION,2021,2022-08-08,462024142
2021-12-CENSUS-0000248352,GSA_MIGRATION,2021,2022-08-08,462036213
2021-12-CENSUS-0000248352,GSA_MIGRATION,2021,2022-08-08,462045576
2021-12-CENSUS-0000248352,GSA_MIGRATION,2021,2022-08-08,462475117
2021-12-CENSUS-0000248352,GSA_MIGRATION,2021,2022-08-08,462644077
2021-12-CENSUS-0000248352,GSA_MIGRATION,2021,2022-08-08,464139765
2021-12-CENSUS-0000248352,GSA_MIGRATION,2021,2022-08-08,464431917
2021-12-CENSUS-0000248352,GSA_MIGRATION,2021,2022-08-08,464746731
2021-12-CENSUS-0000248352,GSA_MIGRATION,2021,2022-08-08,464752256
2021-12-CENSUS-0000248352,GSA_MIGRATION,2021,2022-08-08,464787520
2021-12-CENSUS-0000248352,GSA_MIGRATION,2021,2022-08-08,465584342
2021-12-CENSUS-0000248352,GSA_MIGRATION,2021,2022-08-08,471352186
2021-12-CENSUS-0000248352,GSA_MIGRATION,2021,2022-08-08,471369520
2021-12-CENSUS-0000248352,GSA_MIGRATION,2021,2022-08-08,471391746
2021-12-CENSUS-0000248352,GSA_MIGRATION,2021,2022-08-08,471454023
2021-12-CENSUS-0000248352,GSA_MIGRATION,2021,2022-08-08,471473456
2021-12-CENSUS-0000248352,GSA_MIGRATION,2021,2022-08-08,471609578
2021-12-CENSUS-0000248352,GSA_MIGRATION,2021,2022-08-08,471636167
2021-12-CENSUS-0000248352,GSA_MIGRATION,2021,2022-08-08,471646080
2021-12-CENSUS-0000248352,GSA_MIGRATION,2021,2022-08-08,471653819
2021-12-CENSUS-0000248352,GSA_MIGRATION,2021,2022-08-08,471747292
2021-12-CENSUS-0000248352,GSA_MIGRATION,2021,2022-08-08,472077383
2021-12-CENSUS-0000248352,GSA_MIGRATION,2021,2022-08-08,472077870
2021-12-CENSUS-0000248352,GSA_MIGRATION,2021,2022-08-08,472280976
2021-12-CENSUS-0000248352,GSA_MIGRATION,2021,2022-08-08,472283366
2021-12-CENSUS-0000248352,GSA_MIGRATION,2021,2022-08-08,472301996
2021-12-CENSUS-0000248352,GSA_MIGRATION,2021,2022-08-08,473109779
2021-12-CENSUS-0000248352,GSA_MIGRATION,2021,2022-08-08,473117222
2021-12-CENSUS-0000248352,GSA_MIGRATION,2021,2022-08-08,473160690
2021-12-CENSUS-0000248352,GSA_MIGRATION,2021,2022-08-08,473161218
2021-12-CENSUS-0000248352,GSA_MIGRATION,2021,2022-08-08,473204211
2021-12-CENSUS-0000248352,GSA_MIGRATION,2021,2022-08-08,473204332
2021-12-CENSUS-0000248352,GSA_MIGRATION,2021,2022-08-08,473343673
2021-12-CENSUS-0000248352,GSA_MIGRATION,2021,2022-08-08,473738398
2021-12-CENSUS-0000248352,GSA_MIGRATION,2021,2022-08-08,473790203
2021-12-CENSUS-0000248352,GSA_MIGRATION,2021,2022-08-08,473860976
2021-12-CENSUS-0000248352,GSA_MIGRATION,2021,2022-08-08,474277589
2021-12-CENSUS-0000248352,GSA_MIGRATION,2021,2022-08-08,474374530
2021-12-CENSUS-0000248352,GSA_MIGRATION,2021,2022-08-08,474547113
2021-12-CENSUS-0000248352,GSA_MIGRATION,2021,2022-08-08,474893851
2021-12-CENSUS-0000248352,GSA_MIGRATION,2021,2022-08-08,474975667
2021-12-CENSUS-0000248352,GSA_MIGRATION,2021,2022-08-08,475101352
2021-12-CENSUS-0000248352,GSA_MIGRATION,2021,2022-08-08,475454487
2021-12-CENSUS-0000248352,GSA_MIGRATION,2021,2022-08-08,510173326
2021-12-CENSUS-0000248352,GSA_MIGRATION,2021,2022-08-08,510445057
2021-12-CENSUS-0000248352,GSA_MIGRATION,2021,2022-08-08,510451516
2021-12-CENSUS-0000248352,GSA_MIGRATION,2021,2022-08-08,510466282
2021-12-CENSUS-0000248352,GSA_MIGRATION,2021,2022-08-08,510476601
2021-12-CENSUS-0000248352,GSA_MIGRATION,2021,2022-08-08,510480215
2021-12-CENSUS-0000248352,GSA_MIGRATION,2021,2022-08-08,510481094
2021-12-CENSUS-0000248352,GSA_MIGRATION,2021,2022-08-08,521944982
2021-12-CENSUS-0000248352,GSA_MIGRATION,2021,2022-08-08,522296328
2021-12-CENSUS-0000248352,GSA_MIGRATION,2021,2022-08-08,522296379
2021-12-CENSUS-0000248352,GSA_MIGRATION,2021,2022-08-08,522337079
2021-12-CENSUS-0000248352,GSA_MIGRATION,2021,2022-08-08,522337080
2021-12-CENSUS-0000248352,GSA_MIGRATION,2021,2022-08-08,522337082
2021-12-CENSUS-0000248352,GSA_MIGRATION,2021,2022-08-08,522337083
2021-12-CENSUS-0000248352,GSA_MIGRATION,2021,2022-08-08,522414886
2021-12-CENSUS-0000248352,GSA_MIGRATION,2021,2022-08-08,522414890
2021-12-CENSUS-0000248352,GSA_MIGRATION,2021,2022-08-08,542118292
2021-12-CENSUS-0000248352,GSA_MIGRATION,2021,2022-08-08,550827312
2021-12-CENSUS-0000248352,GSA_MIGRATION,2021,2022-08-08,562409389
2021-12-CENSUS-0000248352,GSA_MIGRATION,2021,2022-08-08,562419845
2021-12-CENSUS-0000248352,GSA_MIGRATION,2021,2022-08-08,562419848
2021-12-CENSUS-0000248352,GSA_MIGRATION,2021,2022-08-08,582669906
2021-12-CENSUS-0000248352,GSA_MIGRATION,2021,2022-08-08,582669950
2021-12-CENSUS-0000248352,GSA_MIGRATION,2021,2022-08-08,582672789
2021-12-CENSUS-0000248352,GSA_MIGRATION,2021,2022-08-08,593778611
2021-12-CENSUS-0000248352,GSA_MIGRATION,2021,2022-08-08,611414987
2021-12-CENSUS-0000248352,GSA_MIGRATION,2021,2022-08-08,611540896
2021-12-CENSUS-0000248352,GSA_MIGRATION,2021,2022-08-08,611710981
2021-12-CENSUS-0000248352,GSA_MIGRATION,2021,2022-08-08,611728362
2021-12-CENSUS-0000248352,GSA_MIGRATION,2021,2022-08-08,611822693
2021-12-CENSUS-0000248352,GSA_MIGRATION,2021,2022-08-08,611860266
2021-12-CENSUS-0000248352,GSA_MIGRATION,2021,2022-08-08,611953125
2021-12-CENSUS-0000248352,GSA_MIGRATION,2021,2022-08-08,651173948
2021-12-CENSUS-0000248352,GSA_MIGRATION,2021,2022-08-08,651196191
2021-12-CENSUS-0000248352,GSA_MIGRATION,2021,2022-08-08,743072208
2021-12-CENSUS-0000248352,GSA_MIGRATION,2021,2022-08-08,743072212
2021-12-CENSUS-0000248352,GSA_MIGRATION,2021,2022-08-08,743110739
2021-12-CENSUS-0000248352,GSA_MIGRATION,2021,2022-08-08,800038578
2021-12-CENSUS-0000248352,GSA_MIGRATION,2021,2022-08-08,800278042
2021-12-CENSUS-0000248352,GSA_MIGRATION,2021,2022-08-08,800871396
2021-12-CENSUS-0000248352,GSA_MIGRATION,2021,2022-08-08,800941186
2021-12-CENSUS-0000248352,GSA_MIGRATION,2021,2022-08-08,811272715
2021-12-CENSUS-0000248352,GSA_MIGRATION,2021,2022-08-08,811288250
2021-12-CENSUS-0000248352,GSA_MIGRATION,2021,2022-08-08,811433747
2021-12-CENSUS-0000248352,GSA_MIGRATION,2021,2022-08-08,812162338
2021-12-CENSUS-0000248352,GSA_MIGRATION,2021,2022-08-08,812210332
2021-12-CENSUS-0000248352,GSA_MIGRATION,2021,2022-08-08,812587922
2021-12-CENSUS-0000248352,GSA_MIGRATION,2021,2022-08-08,812620350
2021-12-CENSUS-0000248352,GSA_MIGRATION,2021,2022-08-08,812699774
2021-12-CENSUS-0000248352,GSA_MIGRATION,2021,2022-08-08,813057999
2021-12-CENSUS-0000248352,GSA_MIGRATION,2021,2022-08-08,813143213
2021-12-CENSUS-0000248352,GSA_MIGRATION,2021,2022-08-08,813540395
2021-12-CENSUS-0000248352,GSA_MIGRATION,2021,2022-08-08,813691336
2021-12-CENSUS-0000248352,GSA_MIGRATION,2021,2022-08-08,813999359
2021-12-CENSUS-0000248352,GSA_MIGRATION,2021,2022-08-08,814077859
2021-12-CENSUS-0000248352,GSA_MIGRATION,2021,2022-08-08,814898202
2021-12-CENSUS-0000248352,GSA_MIGRATION,2021,2022-08-08,815068181
2021-12-CENSUS-0000248352,GSA_MIGRATION,2021,2022-08-08,815086007
2021-12-CENSUS-0000248352,GSA_MIGRATION,2021,2022-08-08,820783580
2021-12-CENSUS-0000248352,GSA_MIGRATION,2021,2022-08-08,820986307
2021-12-CENSUS-0000248352,GSA_MIGRATION,2021,2022-08-08,821008687
2021-12-CENSUS-0000248352,GSA_MIGRATION,2021,2022-08-08,821017398
2021-12-CENSUS-0000248352,GSA_MIGRATION,2021,2022-08-08,821408441
2021-12-CENSUS-0000248352,GSA_MIGRATION,2021,2022-08-08,821488995
2021-12-CENSUS-0000248352,GSA_MIGRATION,2021,2022-08-08,821661305
2021-12-CENSUS-0000248352,GSA_MIGRATION,2021,2022-08-08,821679864
2021-12-CENSUS-0000248352,GSA_MIGRATION,2021,2022-08-08,822149005
2021-12-CENSUS-0000248352,GSA_MIGRATION,2021,2022-08-08,822161854
2021-12-CENSUS-0000248352,GSA_MIGRATION,2021,2022-08-08,822199485
2021-12-CENSUS-0000248352,GSA_MIGRATION,2021,2022-08-08,822208214
2021-12-CENSUS-0000248352,GSA_MIGRATION,2021,2022-08-08,822511592
2021-12-CENSUS-0000248352,GSA_MIGRATION,2021,2022-08-08,822646339
2021-12-CENSUS-0000248352,GSA_MIGRATION,2021,2022-08-08,822756962
2021-12-CENSUS-0000248352,GSA_MIGRATION,2021,2022-08-08,822786941
2021-12-CENSUS-0000248352,GSA_MIGRATION,2021,2022-08-08,822868064
2021-12-CENSUS-0000248352,GSA_MIGRATION,2021,2022-08-08,823188097
2021-12-CENSUS-0000248352,GSA_MIGRATION,2021,2022-08-08,823320007
2021-12-CENSUS-0000248352,GSA_MIGRATION,2021,2022-08-08,823362871
2021-12-CENSUS-0000248352,GSA_MIGRATION,2021,2022-08-08,823507263
2021-12-CENSUS-0000248352,GSA_MIGRATION,2021,2022-08-08,823778566
2021-12-CENSUS-0000248352,GSA_MIGRATION,2021,2022-08-08,823783840
2021-12-CENSUS-0000248352,GSA_MIGRATION,2021,2022-08-08,823784193
2021-12-CENSUS-0000248352,GSA_MIGRATION,2021,2022-08-08,824514743
2021-12-CENSUS-0000248352,GSA_MIGRATION,2021,2022-08-08,830846727
2021-12-CENSUS-0000248352,GSA_MIGRATION,2021,2022-08-08,830856336
2021-12-CENSUS-0000248352,GSA_MIGRATION,2021,2022-08-08,830875179
2021-12-CENSUS-0000248352,GSA_MIGRATION,2021,2022-08-08,830891568
2021-12-CENSUS-0000248352,GSA_MIGRATION,2021,2022-08-08,830891665
2021-12-CENSUS-0000248352,GSA_MIGRATION,2021,2022-08-08,831041591
2021-12-CENSUS-0000248352,GSA_MIGRATION,2021,2022-08-08,831393754
2021-12-CENSUS-0000248352,GSA_MIGRATION,2021,2022-08-08,831400905
2021-12-CENSUS-0000248352,GSA_MIGRATION,2021,2022-08-08,831548705
2021-12-CENSUS-0000248352,GSA_MIGRATION,2021,2022-08-08,831576737
2021-12-CENSUS-0000248352,GSA_MIGRATION,2021,2022-08-08,832312546
2021-12-CENSUS-0000248352,GSA_MIGRATION,2021,2022-08-08,832625518
2021-12-CENSUS-0000248352,GSA_MIGRATION,2021,2022-08-08,832847483
2021-12-CENSUS-0000248352,GSA_MIGRATION,2021,2022-08-08,833471760
2021-12-CENSUS-0000248352,GSA_MIGRATION,2021,2022-08-08,833498381
2021-12-CENSUS-0000248352,GSA_MIGRATION,2021,2022-08-08,834200516
2021-12-CENSUS-0000248352,GSA_MIGRATION,2021,2022-08-08,834217764
2021-12-CENSUS-0000248352,GSA_MIGRATION,2021,2022-08-08,841930556
2021-12-CENSUS-0000248352,GSA_MIGRATION,2021,2022-08-08,841953261
2021-12-CENSUS-0000248352,GSA_MIGRATION,2021,2022-08-08,843584330
2021-12-CENSUS-0000248352,GSA_MIGRATION,2021,2022-08-08,843598216
2021-12-CENSUS-0000248352,GSA_MIGRATION,2021,2022-08-08,843960277
2021-12-CENSUS-0000248352,GSA_MIGRATION,2021,2022-08-08,844097782
2021-12-CENSUS-0000248352,GSA_MIGRATION,2021,2022-08-08,844800083
2021-12-CENSUS-0000248352,GSA_MIGRATION,2021,2022-08-08,845146058
2021-12-CENSUS-0000248352,GSA_MIGRATION,2021,2022-08-08,845188359
2021-12-CENSUS-0000248352,GSA_MIGRATION,2021,2022-08-08,850796670
2021-12-CENSUS-0000248352,GSA_MIGRATION,2021,2022-08-08,850806048
2021-12-CENSUS-0000248352,GSA_MIGRATION,2021,2022-08-08,850959569
2021-12-CENSUS-0000248352,GSA_MIGRATION,2021,2022-08-08,851447347
2021-12-CENSUS-0000248352,GSA_MIGRATION,2021,2022-08-08,851473937
2021-12-CENSUS-0000248352,GSA_MIGRATION,2021,2022-08-08,851487036
2021-12-CENSUS-0000248352,GSA_MIGRATION,2021,2022-08-08,851540211
2021-12-CENSUS-0000248352,GSA_MIGRATION,2021,2022-08-08,851574135
2021-12-CENSUS-0000248352,GSA_MIGRATION,2021,2022-08-08,852224301
2021-12-CENSUS-0000248352,GSA_MIGRATION,2021,2022-08-08,852245923
2021-12-CENSUS-0000248352,GSA_MIGRATION,2021,2022-08-08,852290846
2021-12-CENSUS-0000248352,GSA_MIGRATION,2021,2022-08-08,852990889
2021-12-CENSUS-0000248352,GSA_MIGRATION,2021,2022-08-08,853025009
2021-12-CENSUS-0000248352,GSA_MIGRATION,2021,2022-08-08,853028913
2021-12-CENSUS-0000248352,GSA_MIGRATION,2021,2022-08-08,853103360
2021-12-CENSUS-0000248352,GSA_MIGRATION,2021,2022-08-08,853114283
2021-12-CENSUS-0000248352,GSA_MIGRATION,2021,2022-08-08,853148894
2021-12-CENSUS-0000248352,GSA_MIGRATION,2021,2022-08-08,853262783
2021-12-CENSUS-0000248352,GSA_MIGRATION,2021,2022-08-08,853536899
2021-12-CENSUS-0000248352,GSA_MIGRATION,2021,2022-08-08,853560721
2021-12-CENSUS-0000248352,GSA_MIGRATION,2021,2022-08-08,853627882
2021-12-CENSUS-0000248352,GSA_MIGRATION,2021,2022-08-08,853639500
2021-12-CENSUS-0000248352,GSA_MIGRATION,2021,2022-08-08,853688073
2021-12-CENSUS-0000248352,GSA_MIGRATION,2021,2022-08-08,853704456
2021-12-CENSUS-0000248352,GSA_MIGRATION,2021,2022-08-08,853907631
2021-12-CENSUS-0000248352,GSA_MIGRATION,2021,2022-08-08,861092626
2021-12-CENSUS-0000248352,GSA_MIGRATION,2021,2022-08-08,861852424
2021-12-CENSUS-0000248352,GSA_MIGRATION,2021,2022-08-08,861877530
2021-12-CENSUS-0000248352,GSA_MIGRATION,2021,2022-08-08,861949535
2021-12-CENSUS-0000248352,GSA_MIGRATION,2021,2022-08-08,862025317
2021-12-CENSUS-0000248352,GSA_MIGRATION,2021,2022-08-08,862149169
2021-12-CENSUS-0000248352,GSA_MIGRATION,2021,2022-08-08,862158104
2021-12-CENSUS-0000248352,GSA_MIGRATION,2021,2022-08-08,863191275
2021-12-CENSUS-0000248352,GSA_MIGRATION,2021,2022-08-08,863217890
2021-12-CENSUS-0000248352,GSA_MIGRATION,2021,2022-08-08,863240129
2021-12-CENSUS-0000248352,GSA_MIGRATION,2021,2022-08-08,863265110
2021-12-CENSUS-0000248352,GSA_MIGRATION,2021,2022-08-08,863275124
2021-12-CENSUS-0000248352,GSA_MIGRATION,2021,2022-08-08,863710116
2021-12-CENSUS-0000248352,GSA_MIGRATION,2021,2022-08-08,863739836
2021-12-CENSUS-0000248352,GSA_MIGRATION,2021,2022-08-08,863802553
2021-12-CENSUS-0000248352,GSA_MIGRATION,2021,2022-08-08,863826057
2021-12-CENSUS-0000248352,GSA_MIGRATION,2021,2022-08-08,863859994
2021-12-CENSUS-0000248352,GSA_MIGRATION,2021,2022-08-08,863875228
2021-12-CENSUS-0000248352,GSA_MIGRATION,2021,2022-08-08,863919478
2021-12-CENSUS-0000248352,GSA_MIGRATION,2021,2022-08-08,871187696
2021-12-CENSUS-0000248352,GSA_MIGRATION,2021,2022-08-08,871591653
2021-12-CENSUS-0000248352,GSA_MIGRATION,2021,2022-08-08,871608143
2021-12-CENSUS-0000248352,GSA_MIGRATION,2021,2022-08-08,872398031
2021-12-CENSUS-0000248352,GSA_MIGRATION,2021,2022-08-08,872418616
2021-12-CENSUS-0000248352,GSA_MIGRATION,2021,2022-08-08,872545258
2021-12-CENSUS-0000248352,GSA_MIGRATION,2021,2022-08-08,872594746
2021-12-CENSUS-0000248352,GSA_MIGRATION,2021,2022-08-08,872745873
2021-12-CENSUS-0000248352,GSA_MIGRATION,2021,2022-08-08,872758821
2021-12-CENSUS-0000248352,GSA_MIGRATION,2021,2022-08-08,873063291
2021-12-CENSUS-0000248352,GSA_MIGRATION,2021,2022-08-08,873410300
2021-12-CENSUS-0000248352,GSA_MIGRATION,2021,2022-08-08,873431683
2021-12-CENSUS-0000248352,GSA_MIGRATION,2021,2022-08-08,873919558
2021-12-CENSUS-0000248352,GSA_MIGRATION,2021,2022-08-08,873959580
2021-12-CENSUS-0000248352,GSA_MIGRATION,2021,2022-08-08,900131623
2021-12-CENSUS-0000248352,GSA_MIGRATION,2021,2022-08-08,900131631
2021-12-CENSUS-0000248352,GSA_MIGRATION,2021,2022-08-08,900863839
2021-12-CENSUS-0000248352,GSA_MIGRATION,2021,2022-08-08,900890867
2021-12-CENSUS-0000248352,GSA_MIGRATION,2021,2022-08-08,900938490
2021-12-CENSUS-0000248352,GSA_MIGRATION,2021,2022-08-08,900993206
2021-12-CENSUS-0000248352,GSA_MIGRATION,2021,2022-08-08,901007792
2017-06-CENSUS-0000230798,GSA_MIGRATION,2017,2022-02-10,454342144
2022-06-CENSUS-0000176058,W2ZUFMBDM378,2022,2022-12-07,521464034
2022-06-CENSUS-0000176058,W2ZUFMBDM378,2022,2022-12-07,540805373
2016-06-CENSUS-0000230798,GSA_MIGRATION,2016,2022-02-10,454342144
2020-12-CENSUS-0000203869,GSA_MIGRATION,2020,2022-03-28,237309937
2020-12-CENSUS-0000203869,GSA_MIGRATION,2020,2022-03-28,370635502
2020-12-CENSUS-0000203869,GSA_MIGRATION,2020,2022-03-28,370661172
2020-12-CENSUS-0000203869,GSA_MIGRATION,2020,2022-03-28,412140764
2020-12-CENSUS-0000203869,GSA_MIGRATION,2020,2022-03-28,430652656
2020-12-CENSUS-0000203869,GSA_MIGRATION,2020,2022-03-28,430654870
2020-12-CENSUS-0000203869,GSA_MIGRATION,2020,2022-03-28,431332368
2020-12-CENSUS-0000203869,GSA_MIGRATION,2020,2022-03-28,431452426
2020-12-CENSUS-0000203869,GSA_MIGRATION,2020,2022-03-28,431459495
2020-12-CENSUS-0000203869,GSA_MIGRATION,2020,2022-03-28,431610561
2020-12-CENSUS-0000203869,GSA_MIGRATION,2020,2022-03-28,431681957
2020-12-CENSUS-0000203869,GSA_MIGRATION,2020,2022-03-28,436057893
2020-12-CENSUS-0000203869,GSA_MIGRATION,2020,2022-03-28,460838901
2021-12-CENSUS-0000252801,GSA_MIGRATION,2021,2022-09-29,356001540
2021-12-CENSUS-0000252801,GSA_MIGRATION,2021,2022-09-29,351394980
2021-12-CENSUS-0000253919,GSA_MIGRATION,2021,2022-07-10,141588870
2021-09-CENSUS-0000254330,GSA_MIGRATION,2021,2022-08-30,200737321
2021-09-CENSUS-0000254330,GSA_MIGRATION,2021,2022-08-30,264800380
2021-09-CENSUS-0000254330,GSA_MIGRATION,2021,2022-08-30,352274952
2021-09-CENSUS-0000254330,GSA_MIGRATION,2021,2022-08-30,590657322
2021-09-CENSUS-0000254330,GSA_MIGRATION,2021,2022-08-30,592425149
2021-09-CENSUS-0000254330,GSA_MIGRATION,2021,2022-08-30,592874324
2021-09-CENSUS-0000254330,GSA_MIGRATION,2021,2022-08-30,593535262
2021-09-CENSUS-0000254330,GSA_MIGRATION,2021,2022-08-30,593622226
2021-09-CENSUS-0000254330,GSA_MIGRATION,2021,2022-08-30,743018052
2021-06-CENSUS-0000026189,GSA_MIGRATION,2021,2022-09-13,232461494
2021-06-CENSUS-0000026189,GSA_MIGRATION,2021,2022-09-13,264840272
2021-06-CENSUS-0000026189,GSA_MIGRATION,2021,2022-09-13,232735252
2021-06-CENSUS-0000026189,GSA_MIGRATION,2021,2022-09-13,233079170
2021-06-CENSUS-0000026189,GSA_MIGRATION,2021,2022-09-13,232934547
2021-12-CENSUS-0000069278,GSA_MIGRATION,2021,2022-08-18,200654235
2021-12-CENSUS-0000069278,GSA_MIGRATION,2021,2022-08-18,200654472
2021-12-CENSUS-0000069278,GSA_MIGRATION,2021,2022-08-18,200655144
2021-12-CENSUS-0000069278,GSA_MIGRATION,2021,2022-08-18,200655240
2021-12-CENSUS-0000069278,GSA_MIGRATION,2021,2022-08-18,263965524
2021-12-CENSUS-0000069278,GSA_MIGRATION,2021,2022-08-18,412220807
2021-12-CENSUS-0000069278,GSA_MIGRATION,2021,2022-08-18,412220810
2021-06-CENSUS-0000076378,GSA_MIGRATION,2021,2022-09-29,201044089
2021-06-CENSUS-0000076378,GSA_MIGRATION,2021,2022-09-29,030463073
2021-12-CENSUS-0000079725,GSA_MIGRATION,2021,2022-09-13,463985371
2021-12-CENSUS-0000079725,GSA_MIGRATION,2021,2022-09-13,800729856
2021-12-CENSUS-0000097261,GSA_MIGRATION,2021,2022-06-05,463207999
2021-12-CENSUS-0000097261,GSA_MIGRATION,2021,2022-06-05,815371499
2021-12-CENSUS-0000097261,GSA_MIGRATION,2021,2022-06-05,800946023
2020-12-CENSUS-0000252622,GSA_MIGRATION,2020,2022-04-06,363354567
2020-12-CENSUS-0000252622,GSA_MIGRATION,2020,2022-04-06,472360513
2020-12-CENSUS-0000252622,GSA_MIGRATION,2020,2022-04-06,592855792
2020-12-CENSUS-0000252622,GSA_MIGRATION,2020,2022-04-06,510605694
2020-12-CENSUS-0000252622,GSA_MIGRATION,2020,2022-04-06,593000857
2020-12-CENSUS-0000252622,GSA_MIGRATION,2020,2022-04-06,822713727
2020-12-CENSUS-0000252622,GSA_MIGRATION,2020,2022-04-06,381359189
2020-12-CENSUS-0000252622,GSA_MIGRATION,2020,2022-04-06,205782342
2020-12-CENSUS-0000252622,GSA_MIGRATION,2020,2022-04-06,205782243
2020-12-CENSUS-0000252622,GSA_MIGRATION,2020,2022-04-06,820811227
2020-12-CENSUS-0000252622,GSA_MIGRATION,2020,2022-04-06,510605681
2020-12-CENSUS-0000252622,GSA_MIGRATION,2020,2022-04-06,391365168
2020-12-CENSUS-0000252622,GSA_MIGRATION,2020,2022-04-06,463477012
2020-12-CENSUS-0000252622,GSA_MIGRATION,2020,2022-04-06,510605682
2020-12-CENSUS-0000252622,GSA_MIGRATION,2020,2022-04-06,205782260
2020-12-CENSUS-0000252622,GSA_MIGRATION,2020,2022-04-06,510605684
2020-12-CENSUS-0000252622,GSA_MIGRATION,2020,2022-04-06,205774748
2020-12-CENSUS-0000252622,GSA_MIGRATION,2020,2022-04-06,364516183
2020-12-CENSUS-0000252622,GSA_MIGRATION,2020,2022-04-06,582171011
2020-12-CENSUS-0000252622,GSA_MIGRATION,2020,2022-04-06,811877464
2020-12-CENSUS-0000252622,GSA_MIGRATION,2020,2022-04-06,560543246
2020-12-CENSUS-0000252622,GSA_MIGRATION,2020,2022-04-06,205774761
2020-12-CENSUS-0000252622,GSA_MIGRATION,2020,2022-04-06,821748255
2020-12-CENSUS-0000252622,GSA_MIGRATION,2020,2022-04-06,593235305
2020-12-CENSUS-0000252622,GSA_MIGRATION,2020,2022-04-06,822567308
2020-12-CENSUS-0000252622,GSA_MIGRATION,2020,2022-04-06,202392253
2020-12-CENSUS-0000252622,GSA_MIGRATION,2020,2022-04-06,262158309
2020-12-CENSUS-0000252622,GSA_MIGRATION,2020,2022-04-06,462354804
2020-12-CENSUS-0000252622,GSA_MIGRATION,2020,2022-04-06,593215680
2020-12-CENSUS-0000252622,GSA_MIGRATION,2020,2022-04-06,593214635
2020-12-CENSUS-0000252622,GSA_MIGRATION,2020,2022-04-06,824372339
2020-12-CENSUS-0000252622,GSA_MIGRATION,2020,2022-04-06,462021581
2020-12-CENSUS-0000252622,GSA_MIGRATION,2020,2022-04-06,474411505
2020-12-CENSUS-0000252622,GSA_MIGRATION,2020,2022-04-06,593140669
2020-12-CENSUS-0000252622,GSA_MIGRATION,2020,2022-04-06,592108057
2020-12-CENSUS-0000252622,GSA_MIGRATION,2020,2022-04-06,592855791
2020-12-CENSUS-0000252622,GSA_MIGRATION,2020,2022-04-06,550789387
2020-12-CENSUS-0000252622,GSA_MIGRATION,2020,2022-04-06,831990114
2020-12-CENSUS-0000252622,GSA_MIGRATION,2020,2022-04-06,472180518
2020-12-CENSUS-0000252622,GSA_MIGRATION,2020,2022-04-06,464426708
2020-12-CENSUS-0000252622,GSA_MIGRATION,2020,2022-04-06,582233172
2020-12-CENSUS-0000252622,GSA_MIGRATION,2020,2022-04-06,815310593
2020-12-CENSUS-0000252622,GSA_MIGRATION,2020,2022-04-06,473561708
2020-12-CENSUS-0000252622,GSA_MIGRATION,2020,2022-04-06,815325418
2020-12-CENSUS-0000252622,GSA_MIGRATION,2020,2022-04-06,812235296
2020-12-CENSUS-0000252622,GSA_MIGRATION,2020,2022-04-06,364264488
2020-12-CENSUS-0000252622,GSA_MIGRATION,2020,2022-04-06,592935928
2020-12-CENSUS-0000252622,GSA_MIGRATION,2020,2022-04-06,208023411
2020-12-CENSUS-0000252622,GSA_MIGRATION,2020,2022-04-06,471121247
2020-12-CENSUS-0000252622,GSA_MIGRATION,2020,2022-04-06,742491473
2020-12-CENSUS-0000252622,GSA_MIGRATION,2020,2022-04-06,593539564
2020-12-CENSUS-0000252622,GSA_MIGRATION,2020,2022-04-06,813923985
2020-12-CENSUS-0000252622,GSA_MIGRATION,2020,2022-04-06,590973502
2020-12-CENSUS-0000252622,GSA_MIGRATION,2020,2022-04-06,593256803
2020-12-CENSUS-0000252622,GSA_MIGRATION,2020,2022-04-06,592951990
2020-12-CENSUS-0000252622,GSA_MIGRATION,2020,2022-04-06,610594620
2020-12-CENSUS-0000252622,GSA_MIGRATION,2020,2022-04-06,742225672
2020-12-CENSUS-0000252622,GSA_MIGRATION,2020,2022-04-06,742894874
2020-12-CENSUS-0000252622,GSA_MIGRATION,2020,2022-04-06,113762050
2020-12-CENSUS-0000252622,GSA_MIGRATION,2020,2022-04-06,480901551
2020-12-CENSUS-0000252622,GSA_MIGRATION,2020,2022-04-06,205782320
2020-12-CENSUS-0000252622,GSA_MIGRATION,2020,2022-04-06,900866024
2020-12-CENSUS-0000252622,GSA_MIGRATION,2020,2022-04-06,770670885
2020-12-CENSUS-0000252622,GSA_MIGRATION,2020,2022-04-06,743071549
2020-12-CENSUS-0000252622,GSA_MIGRATION,2020,2022-04-06,621041820
2020-12-CENSUS-0000252622,GSA_MIGRATION,2020,2022-04-06,020657616
2020-12-CENSUS-0000252622,GSA_MIGRATION,2020,2022-04-06,208105013
2020-12-CENSUS-0000252622,GSA_MIGRATION,2020,2022-04-06,593385716
2020-12-CENSUS-0000252622,GSA_MIGRATION,2020,2022-04-06,592694434
2020-12-CENSUS-0000252622,GSA_MIGRATION,2020,2022-04-06,813165729
2020-12-CENSUS-0000252622,GSA_MIGRATION,2020,2022-04-06,205774821
2020-12-CENSUS-0000252622,GSA_MIGRATION,2020,2022-04-06,832465331
2020-12-CENSUS-0000252622,GSA_MIGRATION,2020,2022-04-06,010584623
2020-12-CENSUS-0000252622,GSA_MIGRATION,2020,2022-04-06,030380531
2020-12-CENSUS-0000252622,GSA_MIGRATION,2020,2022-04-06,208488713
2020-12-CENSUS-0000252622,GSA_MIGRATION,2020,2022-04-06,840956175
2020-12-CENSUS-0000252622,GSA_MIGRATION,2020,2022-04-06,840438224
2020-12-CENSUS-0000252622,GSA_MIGRATION,2020,2022-04-06,205782272
2020-12-CENSUS-0000252622,GSA_MIGRATION,2020,2022-04-06,814196648
2020-12-CENSUS-0000252622,GSA_MIGRATION,2020,2022-04-06,591191045
2020-12-CENSUS-0000252622,GSA_MIGRATION,2020,2022-04-06,263789368
2020-12-CENSUS-0000252622,GSA_MIGRATION,2020,2022-04-06,208040875
2020-12-CENSUS-0000252622,GSA_MIGRATION,2020,2022-04-06,461656773
2020-12-CENSUS-0000252622,GSA_MIGRATION,2020,2022-04-06,510605693
2020-12-CENSUS-0000252622,GSA_MIGRATION,2020,2022-04-06,205782224
2020-12-CENSUS-0000252622,GSA_MIGRATION,2020,2022-04-06,813914908
2020-12-CENSUS-0000252622,GSA_MIGRATION,2020,2022-04-06,480952508
2020-12-CENSUS-0000252622,GSA_MIGRATION,2020,2022-04-06,480637331
2020-12-CENSUS-0000252622,GSA_MIGRATION,2020,2022-04-06,431864343
2020-12-CENSUS-0000252622,GSA_MIGRATION,2020,2022-04-06,431864341
2020-12-CENSUS-0000252622,GSA_MIGRATION,2020,2022-04-06,510605679
2020-12-CENSUS-0000252622,GSA_MIGRATION,2020,2022-04-06,473793197
2020-12-CENSUS-0000252622,GSA_MIGRATION,2020,2022-04-06,593281591
2020-12-CENSUS-0000252622,GSA_MIGRATION,2020,2022-04-06,593149293
2020-12-CENSUS-0000252622,GSA_MIGRATION,2020,2022-04-06,205782288
2020-12-CENSUS-0000252622,GSA_MIGRATION,2020,2022-04-06,481219284
2020-12-CENSUS-0000252622,GSA_MIGRATION,2020,2022-04-06,812722973
2020-12-CENSUS-0000252622,GSA_MIGRATION,2020,2022-04-06,205774856
2020-12-CENSUS-0000252622,GSA_MIGRATION,2020,2022-04-06,581473135
2020-12-CENSUS-0000252622,GSA_MIGRATION,2020,2022-04-06,592219301
2020-12-CENSUS-0000252622,GSA_MIGRATION,2020,2022-04-06,611692291
2020-12-CENSUS-0000252622,GSA_MIGRATION,2020,2022-04-06,590898901
2020-12-CENSUS-0000252622,GSA_MIGRATION,2020,2022-04-06,510605677
2020-12-CENSUS-0000252622,GSA_MIGRATION,2020,2022-04-06,823025378
2020-12-CENSUS-0000252622,GSA_MIGRATION,2020,2022-04-06,271857940
2020-12-CENSUS-0000252622,GSA_MIGRATION,2020,2022-04-06,593414055
2020-12-CENSUS-0000252622,GSA_MIGRATION,2020,2022-04-06,472219363
2020-12-CENSUS-0000252622,GSA_MIGRATION,2020,2022-04-06,591113901
2020-12-CENSUS-0000252622,GSA_MIGRATION,2020,2022-04-06,844261523
2020-12-CENSUS-0000252622,GSA_MIGRATION,2020,2022-04-06,593686109
2020-12-CENSUS-0000252622,GSA_MIGRATION,2020,2022-04-06,472752220
2020-12-CENSUS-0000252622,GSA_MIGRATION,2020,2022-04-06,812513648
2020-12-CENSUS-0000252622,GSA_MIGRATION,2020,2022-04-06,452228478
2020-12-CENSUS-0000252622,GSA_MIGRATION,2020,2022-04-06,621587564
2020-12-CENSUS-0000252622,GSA_MIGRATION,2020,2022-04-06,205774930
2020-12-CENSUS-0000252622,GSA_MIGRATION,2020,2022-04-06,205774967
2020-12-CENSUS-0000252622,GSA_MIGRATION,2020,2022-04-06,330387407
2021-06-CENSUS-0000011980,GSA_MIGRATION,2021,2022-09-29,133741272
2021-06-CENSUS-0000011980,GSA_MIGRATION,2021,2022-09-29,133751223
2021-06-CENSUS-0000011980,GSA_MIGRATION,2021,2022-09-29,133857947
2021-06-CENSUS-0000011980,GSA_MIGRATION,2021,2022-09-29,133986958
2021-06-CENSUS-0000011980,GSA_MIGRATION,2021,2022-09-29,205686282
2021-06-CENSUS-0000210061,GSA_MIGRATION,2021,2022-03-30,850380613
2021-06-CENSUS-0000210061,GSA_MIGRATION,2021,2022-03-30,850380616
2021-06-CENSUS-0000210061,GSA_MIGRATION,2021,2022-03-30,850380614
2021-12-CENSUS-0000212267,GSA_MIGRATION,2021,2022-08-01,455209647
2021-12-CENSUS-0000255454,GSA_MIGRATION,2021,2022-09-29,161576637
2021-12-CENSUS-0000255454,GSA_MIGRATION,2021,2022-09-29,150532259
2021-12-CENSUS-0000255454,GSA_MIGRATION,2021,2022-09-29,161476372
2021-12-CENSUS-0000255454,GSA_MIGRATION,2021,2022-09-29,150532245
2020-12-CENSUS-0000239085,GSA_MIGRATION,2020,2022-08-31,350877574
2020-12-CENSUS-0000239085,GSA_MIGRATION,2020,2022-08-31,350868132
2020-12-CENSUS-0000239085,GSA_MIGRATION,2020,2022-08-31,350835006
2021-06-CENSUS-0000176120,GSA_MIGRATION,2021,2022-03-16,540917672
2021-06-CENSUS-0000176120,GSA_MIGRATION,2021,2022-03-16,546001648
2021-06-CENSUS-0000137875,GSA_MIGRATION,2021,2022-03-30,990259420
2021-06-CENSUS-0000137875,GSA_MIGRATION,2021,2022-03-30,990266119
2021-06-CENSUS-0000137875,GSA_MIGRATION,2021,2022-03-30,990266120
2021-06-CENSUS-0000137875,GSA_MIGRATION,2021,2022-03-30,990266942
2021-06-CENSUS-0000137875,GSA_MIGRATION,2021,2022-03-30,990274814
2021-06-CENSUS-0000137875,GSA_MIGRATION,2021,2022-03-30,990275730
2021-06-CENSUS-0000137875,GSA_MIGRATION,2021,2022-03-30,990280628
2021-06-CENSUS-0000137875,GSA_MIGRATION,2021,2022-03-30,990319357
2021-06-CENSUS-0000137875,GSA_MIGRATION,2021,2022-03-30,996000896
2021-06-CENSUS-0000137875,GSA_MIGRATION,2021,2022-03-30,996001081
2021-06-CENSUS-0000181658,GSA_MIGRATION,2021,2022-09-19,060772160
2021-06-CENSUS-0000181658,GSA_MIGRATION,2021,2022-09-19,060775515
2021-06-CENSUS-0000181658,GSA_MIGRATION,2021,2022-09-19,061267035
2021-06-CENSUS-0000181658,GSA_MIGRATION,2021,2022-09-19,061268137
2021-06-CENSUS-0000181658,GSA_MIGRATION,2021,2022-09-19,061269050
2021-06-CENSUS-0000181658,GSA_MIGRATION,2021,2022-09-19,061274678
2021-06-CENSUS-0000181658,GSA_MIGRATION,2021,2022-09-19,061277236
2021-06-CENSUS-0000181658,GSA_MIGRATION,2021,2022-09-19,061277820
2021-06-CENSUS-0000181658,GSA_MIGRATION,2021,2022-09-19,061303381
2021-06-CENSUS-0000181658,GSA_MIGRATION,2021,2022-09-19,061304421
2021-06-CENSUS-0000181658,GSA_MIGRATION,2021,2022-09-19,061307006
2021-06-CENSUS-0000181658,GSA_MIGRATION,2021,2022-09-19,061311451
2021-06-CENSUS-0000181658,GSA_MIGRATION,2021,2022-09-19,061322094
2021-06-CENSUS-0000181658,GSA_MIGRATION,2021,2022-09-19,061355055
2021-06-CENSUS-0000181658,GSA_MIGRATION,2021,2022-09-19,061359687
2021-06-CENSUS-0000181658,GSA_MIGRATION,2021,2022-09-19,061360755
2021-06-CENSUS-0000181658,GSA_MIGRATION,2021,2022-09-19,061363115
2021-06-CENSUS-0000181658,GSA_MIGRATION,2021,2022-09-19,061367424
2021-06-CENSUS-0000181658,GSA_MIGRATION,2021,2022-09-19,061380598
2021-06-CENSUS-0000181658,GSA_MIGRATION,2021,2022-09-19,061398052
2021-06-CENSUS-0000181658,GSA_MIGRATION,2021,2022-09-19,061422762
2021-06-CENSUS-0000181658,GSA_MIGRATION,2021,2022-09-19,061423798
2021-06-CENSUS-0000181658,GSA_MIGRATION,2021,2022-09-19,061424839
2021-06-CENSUS-0000181658,GSA_MIGRATION,2021,2022-09-19,061425662
2021-06-CENSUS-0000181658,GSA_MIGRATION,2021,2022-09-19,061425725
2021-06-CENSUS-0000181658,GSA_MIGRATION,2021,2022-09-19,061438676
2021-06-CENSUS-0000181658,GSA_MIGRATION,2021,2022-09-19,066268897
2021-06-CENSUS-0000181658,GSA_MIGRATION,2021,2022-09-19,134310869
2021-06-CENSUS-0000181658,GSA_MIGRATION,2021,2022-09-19,300566789
2021-06-CENSUS-0000181658,GSA_MIGRATION,2021,2022-09-19,320159889
2021-06-CENSUS-0000181658,GSA_MIGRATION,2021,2022-09-19,320410548
2021-06-CENSUS-0000181658,GSA_MIGRATION,2021,2022-09-19,352343776
2021-06-CENSUS-0000181658,GSA_MIGRATION,2021,2022-09-19,371602528
2021-06-CENSUS-0000181658,GSA_MIGRATION,2021,2022-09-19,371602533
2021-06-CENSUS-0000181658,GSA_MIGRATION,2021,2022-09-19,421678331
2021-06-CENSUS-0000181658,GSA_MIGRATION,2021,2022-09-19,452746525
2021-06-CENSUS-0000181658,GSA_MIGRATION,2021,2022-09-19,454078714
2021-06-CENSUS-0000181658,GSA_MIGRATION,2021,2022-09-19,462796782
2021-06-CENSUS-0000181658,GSA_MIGRATION,2021,2022-09-19,463092102
2021-06-CENSUS-0000181658,GSA_MIGRATION,2021,2022-09-19,521725543
2021-06-CENSUS-0000181658,GSA_MIGRATION,2021,2022-09-19,593787310
2021-06-CENSUS-0000181658,GSA_MIGRATION,2021,2022-09-19,611605584
2021-06-CENSUS-0000181658,GSA_MIGRATION,2021,2022-09-19,611615965
2021-06-CENSUS-0000181658,GSA_MIGRATION,2021,2022-09-19,611615971
2021-06-CENSUS-0000181658,GSA_MIGRATION,2021,2022-09-19,611615972
2021-06-CENSUS-0000181658,GSA_MIGRATION,2021,2022-09-19,760729241
2021-06-CENSUS-0000181658,GSA_MIGRATION,2021,2022-09-19,861154163
2020-12-CENSUS-0000063579,GSA_MIGRATION,2020,2022-03-29,390806374
2020-12-CENSUS-0000063579,GSA_MIGRATION,2020,2022-03-29,391411999
2020-12-CENSUS-0000063579,GSA_MIGRATION,2020,2022-03-29,411236756
2020-12-CENSUS-0000063579,GSA_MIGRATION,2020,2022-03-29,411404075
2020-12-CENSUS-0000063579,GSA_MIGRATION,2020,2022-03-29,390813418
2020-12-CENSUS-0000063579,GSA_MIGRATION,2020,2022-03-29,860800150
2020-12-CENSUS-0000063579,GSA_MIGRATION,2020,2022-03-29,391029430
2020-12-CENSUS-0000063579,GSA_MIGRATION,2020,2022-03-29,593337028
2020-12-CENSUS-0000063579,GSA_MIGRATION,2020,2022-03-29,590714831
2020-12-CENSUS-0000063579,GSA_MIGRATION,2020,2022-03-29,510190875
2020-12-CENSUS-0000063579,GSA_MIGRATION,2020,2022-03-29,411506440
2020-12-CENSUS-0000063579,GSA_MIGRATION,2020,2022-03-29,391409024
2020-12-CENSUS-0000063579,GSA_MIGRATION,2020,2022-03-29,391450617
2021-09-CENSUS-0000194570,GSA_MIGRATION,2021,2022-06-26,742716654
2021-09-CENSUS-0000194570,GSA_MIGRATION,2021,2022-06-26,742818289
2021-06-CENSUS-0000147743,GSA_MIGRATION,2021,2022-09-29,522336126
2021-06-CENSUS-0000203015,GSA_MIGRATION,2021,2022-06-28,010572642
2021-06-CENSUS-0000203015,GSA_MIGRATION,2021,2022-06-28,010632628
2021-06-CENSUS-0000203015,GSA_MIGRATION,2021,2022-06-28,030452423
2021-06-CENSUS-0000203015,GSA_MIGRATION,2021,2022-06-28,030453212
2021-06-CENSUS-0000203015,GSA_MIGRATION,2021,2022-06-28,043618570
2021-06-CENSUS-0000203015,GSA_MIGRATION,2021,2022-06-28,050527061
2021-06-CENSUS-0000203015,GSA_MIGRATION,2021,2022-06-28,063317681
2021-06-CENSUS-0000203015,GSA_MIGRATION,2021,2022-06-28,100034001
2021-06-CENSUS-0000203015,GSA_MIGRATION,2021,2022-06-28,100049201
2021-06-CENSUS-0000203015,GSA_MIGRATION,2021,2022-06-28,100052601
2021-06-CENSUS-0000203015,GSA_MIGRATION,2021,2022-06-28,100054201
2021-06-CENSUS-0000203015,GSA_MIGRATION,2021,2022-06-28,100055801
2021-06-CENSUS-0000203015,GSA_MIGRATION,2021,2022-06-28,100056901
2021-06-CENSUS-0000203015,GSA_MIGRATION,2021,2022-06-28,161756787
2021-06-CENSUS-0000203015,GSA_MIGRATION,2021,2022-06-28,201568257
2021-06-CENSUS-0000203015,GSA_MIGRATION,2021,2022-06-28,207371762
2021-06-CENSUS-0000203015,GSA_MIGRATION,2021,2022-06-28,264184618
2021-06-CENSUS-0000203015,GSA_MIGRATION,2021,2022-06-28,273533138
2021-06-CENSUS-0000203015,GSA_MIGRATION,2021,2022-06-28,320348189
2021-06-CENSUS-0000203015,GSA_MIGRATION,2021,2022-06-28,331000747
2021-06-CENSUS-0000203015,GSA_MIGRATION,2021,2022-06-28,331143971
2021-06-CENSUS-0000203015,GSA_MIGRATION,2021,2022-06-28,363042127
2021-06-CENSUS-0000203015,GSA_MIGRATION,2021,2022-06-28,363422943
2021-06-CENSUS-0000203015,GSA_MIGRATION,2021,2022-06-28,363938644
2021-06-CENSUS-0000203015,GSA_MIGRATION,2021,2022-06-28,363956180
2021-06-CENSUS-0000203015,GSA_MIGRATION,2021,2022-06-28,364163567
2021-06-CENSUS-0000203015,GSA_MIGRATION,2021,2022-06-28,364165260
2021-06-CENSUS-0000203015,GSA_MIGRATION,2021,2022-06-28,370975309
2021-06-CENSUS-0000203015,GSA_MIGRATION,2021,2022-06-28,371026227
2021-06-CENSUS-0000203015,GSA_MIGRATION,2021,2022-06-28,371080429
2021-06-CENSUS-0000203015,GSA_MIGRATION,2021,2022-06-28,371254630
2021-06-CENSUS-0000203015,GSA_MIGRATION,2021,2022-06-28,371282306
2021-06-CENSUS-0000203015,GSA_MIGRATION,2021,2022-06-28,371310988
2021-06-CENSUS-0000203015,GSA_MIGRATION,2021,2022-06-28,371314346
2021-06-CENSUS-0000203015,GSA_MIGRATION,2021,2022-06-28,371320188
2021-06-CENSUS-0000203015,GSA_MIGRATION,2021,2022-06-28,371349602
2021-06-CENSUS-0000203015,GSA_MIGRATION,2021,2022-06-28,371354673
2021-06-CENSUS-0000203015,GSA_MIGRATION,2021,2022-06-28,371380174
2021-06-CENSUS-0000203015,GSA_MIGRATION,2021,2022-06-28,371394631
2021-06-CENSUS-0000203015,GSA_MIGRATION,2021,2022-06-28,371401971
2021-06-CENSUS-0000203015,GSA_MIGRATION,2021,2022-06-28,376002057
2021-06-CENSUS-0000203015,GSA_MIGRATION,2021,2022-06-28,421743022
2021-06-CENSUS-0000203015,GSA_MIGRATION,2021,2022-06-28,431953208
2021-06-CENSUS-0000203015,GSA_MIGRATION,2021,2022-06-28,470865977
2021-06-CENSUS-0000203015,GSA_MIGRATION,2021,2022-06-28,521752528
2021-06-CENSUS-0000203015,GSA_MIGRATION,2021,2022-06-28,611604167
2021-06-CENSUS-0000203015,GSA_MIGRATION,2021,2022-06-28,731641239
2021-06-CENSUS-0000203015,GSA_MIGRATION,2021,2022-06-28,743256858
2021-06-CENSUS-0000203015,GSA_MIGRATION,2021,2022-06-28,760809915
2021-06-CENSUS-0000203015,GSA_MIGRATION,2021,2022-06-28,813360639
2021-06-CENSUS-0000203015,GSA_MIGRATION,2021,2022-06-28,870729617
2021-06-CENSUS-0000203015,GSA_MIGRATION,2021,2022-06-28,320170041
2021-06-CENSUS-0000025515,GSA_MIGRATION,2021,2022-03-31,231352000
2020-12-CENSUS-0000042338,GSA_MIGRATION,2020,2022-03-30,341939710
2020-12-CENSUS-0000042338,GSA_MIGRATION,2020,2022-03-30,340666034
2020-12-CENSUS-0000042338,GSA_MIGRATION,2020,2022-03-30,300023640
2020-12-CENSUS-0000042338,GSA_MIGRATION,2020,2022-03-30,200570360
2020-12-CENSUS-0000042338,GSA_MIGRATION,2020,2022-03-30,980207086
2020-12-CENSUS-0000042338,GSA_MIGRATION,2020,2022-03-30,340714570
2020-12-CENSUS-0000042338,GSA_MIGRATION,2020,2022-03-30,340714553
2020-12-CENSUS-0000042338,GSA_MIGRATION,2020,2022-03-30,650003177
2020-12-CENSUS-0000042338,GSA_MIGRATION,2020,2022-03-30,650172168
2020-12-CENSUS-0000042338,GSA_MIGRATION,2020,2022-03-30,650844880
2020-12-CENSUS-0000042338,GSA_MIGRATION,2020,2022-03-30,311741150
2020-12-CENSUS-0000042338,GSA_MIGRATION,2020,2022-03-30,341877409
2020-12-CENSUS-0000042338,GSA_MIGRATION,2020,2022-03-30,341720934
2020-12-CENSUS-0000042338,GSA_MIGRATION,2020,2022-03-30,341435257
2020-12-CENSUS-0000042338,GSA_MIGRATION,2020,2022-03-30,311562102
2020-12-CENSUS-0000042338,GSA_MIGRATION,2020,2022-03-30,341938153
2020-12-CENSUS-0000042338,GSA_MIGRATION,2020,2022-03-30,311566180
2020-12-CENSUS-0000042338,GSA_MIGRATION,2020,2022-03-30,340777619
2020-12-CENSUS-0000042338,GSA_MIGRATION,2020,2022-03-30,341932969
2020-12-CENSUS-0000042338,GSA_MIGRATION,2020,2022-03-30,340714618
2020-12-CENSUS-0000042338,GSA_MIGRATION,2020,2022-03-30,341695388
2020-12-CENSUS-0000042338,GSA_MIGRATION,2020,2022-03-30,341542312
2020-12-CENSUS-0000042338,GSA_MIGRATION,2020,2022-03-30,341298884
2020-12-CENSUS-0000042338,GSA_MIGRATION,2020,2022-03-30,340714684
2020-12-CENSUS-0000042338,GSA_MIGRATION,2020,2022-03-30,340714458
2020-12-CENSUS-0000042338,GSA_MIGRATION,2020,2022-03-30,340714593
2020-12-CENSUS-0000042338,GSA_MIGRATION,2020,2022-03-30,341898545
2020-12-CENSUS-0000042338,GSA_MIGRATION,2020,2022-03-30,200442351
2020-12-CENSUS-0000042338,GSA_MIGRATION,2020,2022-03-30,020656818
2020-12-CENSUS-0000042338,GSA_MIGRATION,2020,2022-03-30,201476092
2020-12-CENSUS-0000042338,GSA_MIGRATION,2020,2022-03-30,341855775
2020-12-CENSUS-0000042338,GSA_MIGRATION,2020,2022-03-30,341533871
2020-12-CENSUS-0000042338,GSA_MIGRATION,2020,2022-03-30,651133985
2020-12-CENSUS-0000042338,GSA_MIGRATION,2020,2022-03-30,912156376
2020-12-CENSUS-0000042338,GSA_MIGRATION,2020,2022-03-30,263666730
2020-12-CENSUS-0000042338,GSA_MIGRATION,2020,2022-03-30,204856025
2020-12-CENSUS-0000042338,GSA_MIGRATION,2020,2022-03-30,263222020
2020-12-CENSUS-0000042338,GSA_MIGRATION,2020,2022-03-30,263859233
2020-12-CENSUS-0000042338,GSA_MIGRATION,2020,2022-03-30,262636530
2020-12-CENSUS-0000042338,GSA_MIGRATION,2020,2022-03-30,263430377
2020-12-CENSUS-0000042338,GSA_MIGRATION,2020,2022-03-30,264367036
2020-12-CENSUS-0000042338,GSA_MIGRATION,2020,2022-03-30,880515534
2020-12-CENSUS-0000042338,GSA_MIGRATION,2020,2022-03-30,208077691
2020-12-CENSUS-0000042338,GSA_MIGRATION,2020,2022-03-30,340733166
2020-12-CENSUS-0000042338,GSA_MIGRATION,2020,2022-03-30,341657989
2020-12-CENSUS-0000042338,GSA_MIGRATION,2020,2022-03-30,270645368
2020-12-CENSUS-0000042338,GSA_MIGRATION,2020,2022-03-30,341770780
2020-12-CENSUS-0000042338,GSA_MIGRATION,2020,2022-03-30,341808138
2020-12-CENSUS-0000042338,GSA_MIGRATION,2020,2022-03-30,203978297
2020-12-CENSUS-0000042338,GSA_MIGRATION,2020,2022-03-30,271442158
2020-12-CENSUS-0000042338,GSA_MIGRATION,2020,2022-03-30,455282492
2020-12-CENSUS-0000042338,GSA_MIGRATION,2020,2022-03-30,455384998
2020-12-CENSUS-0000042338,GSA_MIGRATION,2020,2022-03-30,454657632
2020-12-CENSUS-0000042338,GSA_MIGRATION,2020,2022-03-30,200239257
2020-12-CENSUS-0000042338,GSA_MIGRATION,2020,2022-03-30,341837018
2020-12-CENSUS-0000042338,GSA_MIGRATION,2020,2022-03-30,462633774
2020-12-CENSUS-0000042338,GSA_MIGRATION,2020,2022-03-30,465704174
2020-12-CENSUS-0000042338,GSA_MIGRATION,2020,2022-03-30,474442902
2020-12-CENSUS-0000042338,GSA_MIGRATION,2020,2022-03-30,471281189
2020-12-CENSUS-0000042338,GSA_MIGRATION,2020,2022-03-30,341127047
2020-12-CENSUS-0000042338,GSA_MIGRATION,2020,2022-03-30,341546466
2020-12-CENSUS-0000042338,GSA_MIGRATION,2020,2022-03-30,201801493
2020-12-CENSUS-0000042338,GSA_MIGRATION,2020,2022-03-30,341843403
2020-12-CENSUS-0000042338,GSA_MIGRATION,2020,2022-03-30,340714478
2020-12-CENSUS-0000042338,GSA_MIGRATION,2020,2022-03-30,340718390
2020-12-CENSUS-0000042338,GSA_MIGRATION,2020,2022-03-30,270119182
2020-12-CENSUS-0000042338,GSA_MIGRATION,2020,2022-03-30,010672877
2020-12-CENSUS-0000042338,GSA_MIGRATION,2020,2022-03-30,200494491
2020-12-CENSUS-0000042338,GSA_MIGRATION,2020,2022-03-30,204760456
2020-12-CENSUS-0000042338,GSA_MIGRATION,2020,2022-03-30,340714779
2020-12-CENSUS-0000042338,GSA_MIGRATION,2020,2022-03-30,341847339
2020-12-CENSUS-0000042338,GSA_MIGRATION,2020,2022-03-30,454880352
2020-12-CENSUS-0000042338,GSA_MIGRATION,2020,2022-03-30,461810992
2020-12-CENSUS-0000042338,GSA_MIGRATION,2020,2022-03-30,825279835
2020-12-CENSUS-0000042338,GSA_MIGRATION,2020,2022-03-30,823186835
2020-12-CENSUS-0000042338,GSA_MIGRATION,2020,2022-03-30,821323588
2020-12-CENSUS-0000042338,GSA_MIGRATION,2020,2022-03-30,821803735
2020-12-CENSUS-0000042338,GSA_MIGRATION,2020,2022-03-30,270495743
2020-12-CENSUS-0000042338,GSA_MIGRATION,2020,2022-03-30,340714771
2020-12-CENSUS-0000042338,GSA_MIGRATION,2020,2022-03-30,341556177
2020-12-CENSUS-0000042338,GSA_MIGRATION,2020,2022-03-30,824952635
2020-12-CENSUS-0000042338,GSA_MIGRATION,2020,2022-03-30,270273520
2020-12-CENSUS-0000042338,GSA_MIGRATION,2020,2022-03-30,043588229
2020-12-CENSUS-0000042338,GSA_MIGRATION,2020,2022-03-30,264215547
2020-12-CENSUS-0000042338,GSA_MIGRATION,2020,2022-03-30,311525875
2020-12-CENSUS-0000042338,GSA_MIGRATION,2020,2022-03-30,340000100
2020-12-CENSUS-0000042338,GSA_MIGRATION,2020,2022-03-30,832249666
2020-12-CENSUS-0000042338,GSA_MIGRATION,2020,2022-03-30,832250064
2020-12-CENSUS-0000042338,GSA_MIGRATION,2020,2022-03-30,261614376
2020-12-CENSUS-0000042338,GSA_MIGRATION,2020,2022-03-30,273245990
2020-12-CENSUS-0000042338,GSA_MIGRATION,2020,2022-03-30,205776477
2020-12-CENSUS-0000042338,GSA_MIGRATION,2020,2022-03-30,843867549
2020-12-CENSUS-0000042338,GSA_MIGRATION,2020,2022-03-30,842380272
2020-12-CENSUS-0000042338,GSA_MIGRATION,2020,2022-03-30,843070150
2020-12-CENSUS-0000042338,GSA_MIGRATION,2020,2022-03-30,833373979
2020-12-CENSUS-0000042338,GSA_MIGRATION,2020,2022-03-30,300956317
2020-12-CENSUS-0000042338,GSA_MIGRATION,2020,2022-03-30,592496294
2020-12-CENSUS-0000042338,GSA_MIGRATION,2020,2022-03-30,592755370
2020-12-CENSUS-0000042338,GSA_MIGRATION,2020,2022-03-30,650705680
2020-12-CENSUS-0000042338,GSA_MIGRATION,2020,2022-03-30,650029298
2020-12-CENSUS-0000042338,GSA_MIGRATION,2020,2022-03-30,590760215
2020-12-CENSUS-0000042338,GSA_MIGRATION,2020,2022-03-30,592307522
2020-12-CENSUS-0000042338,GSA_MIGRATION,2020,2022-03-30,590637874
2020-12-CENSUS-0000042338,GSA_MIGRATION,2020,2022-03-30,820708813
2020-12-CENSUS-0000042338,GSA_MIGRATION,2020,2022-03-30,592320501
2020-12-CENSUS-0000042338,GSA_MIGRATION,2020,2022-03-30,592333374
2020-12-CENSUS-0000042338,GSA_MIGRATION,2020,2022-03-30,592343938
2020-12-CENSUS-0000042338,GSA_MIGRATION,2020,2022-03-30,650556041
2020-12-CENSUS-0000042338,GSA_MIGRATION,2020,2022-03-30,320378947
2020-12-CENSUS-0000042338,GSA_MIGRATION,2020,2022-03-30,650605328
2020-12-CENSUS-0000042338,GSA_MIGRATION,2020,2022-03-30,320496475
2020-12-CENSUS-0000042338,GSA_MIGRATION,2020,2022-03-30,592843163
2020-12-CENSUS-0000042338,GSA_MIGRATION,2020,2022-03-30,650504863
2020-12-CENSUS-0000042338,GSA_MIGRATION,2020,2022-03-30,650748232
2020-12-CENSUS-0000042338,GSA_MIGRATION,2020,2022-03-30,237115443
2020-12-CENSUS-0000042338,GSA_MIGRATION,2020,2022-03-30,872634602
2020-12-CENSUS-0000042338,GSA_MIGRATION,2020,2022-03-30,845164677
2020-12-CENSUS-0000042338,GSA_MIGRATION,2020,2022-03-30,981571304
2021-06-CENSUS-0000138590,GSA_MIGRATION,2021,2022-06-12,362371220
2021-08-CENSUS-0000015175,GSA_MIGRATION,2021,2022-05-16,135562309
2021-06-CENSUS-0000025395,GSA_MIGRATION,2021,2022-06-29,233036699
2021-06-CENSUS-0000025395,GSA_MIGRATION,2021,2022-06-29,222785804
2021-06-CENSUS-0000025395,GSA_MIGRATION,2021,2022-06-29,232589322
2021-06-CENSUS-0000025395,GSA_MIGRATION,2021,2022-06-29,232592835
2021-06-CENSUS-0000025395,GSA_MIGRATION,2021,2022-06-29,232665855
2021-09-CENSUS-0000233569,GSA_MIGRATION,2021,2022-01-20,020260334
2021-09-CENSUS-0000233569,GSA_MIGRATION,2021,2022-01-20,041564655
2021-09-CENSUS-0000233569,GSA_MIGRATION,2021,2022-01-20,042013591
2021-09-CENSUS-0000233569,GSA_MIGRATION,2021,2022-01-20,042103611
2021-09-CENSUS-0000233569,GSA_MIGRATION,2021,2022-01-20,042103823
2021-09-CENSUS-0000233569,GSA_MIGRATION,2021,2022-01-20,042104691
2021-09-CENSUS-0000233569,GSA_MIGRATION,2021,2022-01-20,042129889
2021-09-CENSUS-0000233569,GSA_MIGRATION,2021,2022-01-20,042312909
2021-09-CENSUS-0000233569,GSA_MIGRATION,2021,2022-01-20,042551124
2021-09-CENSUS-0000233569,GSA_MIGRATION,2021,2022-01-20,042697981
2021-09-CENSUS-0000233569,GSA_MIGRATION,2021,2022-01-20,042697983
2021-09-CENSUS-0000233569,GSA_MIGRATION,2021,2022-01-20,042768256
2021-09-CENSUS-0000233569,GSA_MIGRATION,2021,2022-01-20,042868893
2021-09-CENSUS-0000233569,GSA_MIGRATION,2021,2022-01-20,043236175
2021-09-CENSUS-0000233569,GSA_MIGRATION,2021,2022-01-20,043399616
2021-09-CENSUS-0000233569,GSA_MIGRATION,2021,2022-01-20,043419920
2021-09-CENSUS-0000233569,GSA_MIGRATION,2021,2022-01-20,222617175
2021-09-CENSUS-0000233569,GSA_MIGRATION,2021,2022-01-20,270273715
2021-09-CENSUS-0000233569,GSA_MIGRATION,2021,2022-01-20,222632121
2021-09-CENSUS-0000181758,GSA_MIGRATION,2021,2022-06-29,810716773
2021-09-CENSUS-0000181758,GSA_MIGRATION,2021,2022-06-29,473468314
2021-09-CENSUS-0000181758,GSA_MIGRATION,2021,2022-06-29,463556853
2021-09-CENSUS-0000181758,GSA_MIGRATION,2021,2022-06-29,980375219
2021-09-CENSUS-0000181758,GSA_MIGRATION,2021,2022-06-29,201810549
2021-09-CENSUS-0000181758,GSA_MIGRATION,2021,2022-06-29,046048207
2021-09-CENSUS-0000181758,GSA_MIGRATION,2021,2022-06-29,043414914
2021-09-CENSUS-0000181758,GSA_MIGRATION,2021,2022-06-29,266368869
2021-09-CENSUS-0000181758,GSA_MIGRATION,2021,2022-06-29,043101957
2021-09-CENSUS-0000181758,GSA_MIGRATION,2021,2022-06-29,043218267
2021-09-CENSUS-0000181758,GSA_MIGRATION,2021,2022-06-29,043373331
2021-09-CENSUS-0000181758,GSA_MIGRATION,2021,2022-06-29,043286156
2021-09-CENSUS-0000181758,GSA_MIGRATION,2021,2022-06-29,043286641
2021-09-CENSUS-0000181758,GSA_MIGRATION,2021,2022-06-29,043452877
2021-09-CENSUS-0000181758,GSA_MIGRATION,2021,2022-06-29,043452874
2021-09-CENSUS-0000181758,GSA_MIGRATION,2021,2022-06-29,043335166
2021-09-CENSUS-0000181758,GSA_MIGRATION,2021,2022-06-29,043137333
2021-09-CENSUS-0000181758,GSA_MIGRATION,2021,2022-06-29,043354353
2021-09-CENSUS-0000181758,GSA_MIGRATION,2021,2022-06-29,043265008
2021-09-CENSUS-0000181758,GSA_MIGRATION,2021,2022-06-29,042794543
2021-09-CENSUS-0000181758,GSA_MIGRATION,2021,2022-06-29,043283573
2021-09-CENSUS-0000181758,GSA_MIGRATION,2021,2022-06-29,043286643
2021-09-CENSUS-0000181758,GSA_MIGRATION,2021,2022-06-29,043428462
2021-09-CENSUS-0000181758,GSA_MIGRATION,2021,2022-06-29,043296068
2021-09-CENSUS-0000181758,GSA_MIGRATION,2021,2022-06-29,043067465
2021-09-CENSUS-0000181758,GSA_MIGRATION,2021,2022-06-29,043354360
2021-09-CENSUS-0000181758,GSA_MIGRATION,2021,2022-06-29,043555478
2021-09-CENSUS-0000181758,GSA_MIGRATION,2021,2022-06-29,043355267
2021-09-CENSUS-0000181758,GSA_MIGRATION,2021,2022-06-29,043291148
2021-09-CENSUS-0000181758,GSA_MIGRATION,2021,2022-06-29,042966416
2021-09-CENSUS-0000181758,GSA_MIGRATION,2021,2022-06-29,043276227
2021-09-CENSUS-0000181758,GSA_MIGRATION,2021,2022-06-29,043156471
2021-09-CENSUS-0000181758,GSA_MIGRATION,2021,2022-06-29,042472758
2021-09-CENSUS-0000181758,GSA_MIGRATION,2021,2022-06-29,510172171
2021-09-CENSUS-0000181758,GSA_MIGRATION,2021,2022-06-29,043289381
2021-06-CENSUS-0000166019,GSA_MIGRATION,2021,2022-07-04,273327978
2021-06-CENSUS-0000166019,GSA_MIGRATION,2021,2022-07-04,300355312
2021-06-CENSUS-0000166019,GSA_MIGRATION,2021,2022-07-04,320204322
2021-06-CENSUS-0000166019,GSA_MIGRATION,2021,2022-07-04,371737848
2021-06-CENSUS-0000166019,GSA_MIGRATION,2021,2022-07-04,432012466
2021-06-CENSUS-0000166019,GSA_MIGRATION,2021,2022-07-04,760796866
2021-06-CENSUS-0000166019,GSA_MIGRATION,2021,2022-07-04,842589681
2021-06-CENSUS-0000166019,GSA_MIGRATION,2021,2022-07-04,930505794
2021-06-CENSUS-0000166019,GSA_MIGRATION,2021,2022-07-04,930560468
2021-06-CENSUS-0000166019,GSA_MIGRATION,2021,2022-07-04,930576060
2021-06-CENSUS-0000166019,GSA_MIGRATION,2021,2022-07-04,930576068
2021-06-CENSUS-0000166019,GSA_MIGRATION,2021,2022-07-04,930584915
2021-06-CENSUS-0000166019,GSA_MIGRATION,2021,2022-07-04,930592161
2021-06-CENSUS-0000166019,GSA_MIGRATION,2021,2022-07-04,930592162
2021-06-CENSUS-0000166019,GSA_MIGRATION,2021,2022-07-04,930600526
2021-06-CENSUS-0000166019,GSA_MIGRATION,2021,2022-07-04,930613223
2021-06-CENSUS-0000166019,GSA_MIGRATION,2021,2022-07-04,930621491
2021-06-CENSUS-0000166019,GSA_MIGRATION,2021,2022-07-04,930624202
2021-06-CENSUS-0000166019,GSA_MIGRATION,2021,2022-07-04,930637608
2021-06-CENSUS-0000166019,GSA_MIGRATION,2021,2022-07-04,930643773
2021-06-CENSUS-0000166019,GSA_MIGRATION,2021,2022-07-04,930655103
2021-06-CENSUS-0000166019,GSA_MIGRATION,2021,2022-07-04,930742252
2021-06-CENSUS-0000166019,GSA_MIGRATION,2021,2022-07-04,930789376
2021-06-CENSUS-0000166019,GSA_MIGRATION,2021,2022-07-04,930794831
2021-06-CENSUS-0000166019,GSA_MIGRATION,2021,2022-07-04,930795258
2021-06-CENSUS-0000166019,GSA_MIGRATION,2021,2022-07-04,930838913
2021-06-CENSUS-0000166019,GSA_MIGRATION,2021,2022-07-04,930839647
2021-06-CENSUS-0000166019,GSA_MIGRATION,2021,2022-07-04,930902047
2021-06-CENSUS-0000166019,GSA_MIGRATION,2021,2022-07-04,930927700
2021-06-CENSUS-0000166019,GSA_MIGRATION,2021,2022-07-04,930951939
2021-06-CENSUS-0000166019,GSA_MIGRATION,2021,2022-07-04,930951941
2021-06-CENSUS-0000166019,GSA_MIGRATION,2021,2022-07-04,930952020
2021-06-CENSUS-0000166019,GSA_MIGRATION,2021,2022-07-04,930952117
2021-06-CENSUS-0000166019,GSA_MIGRATION,2021,2022-07-04,931018525
2021-06-CENSUS-0000166019,GSA_MIGRATION,2021,2022-07-04,931087296
2021-06-CENSUS-0000166019,GSA_MIGRATION,2021,2022-07-04,931111585
2021-06-CENSUS-0000166019,GSA_MIGRATION,2021,2022-07-04,931182119
2021-06-CENSUS-0000166019,GSA_MIGRATION,2021,2022-07-04,931275767
2021-06-CENSUS-0000166019,GSA_MIGRATION,2021,2022-07-04,931295136
2021-06-CENSUS-0000166019,GSA_MIGRATION,2021,2022-07-04,931321912
2021-06-CENSUS-0000166019,GSA_MIGRATION,2021,2022-07-04,931327347
2021-06-CENSUS-0000166019,GSA_MIGRATION,2021,2022-07-04,931834085
2021-06-CENSUS-0000166019,GSA_MIGRATION,2021,2022-07-04,936001718
2021-06-CENSUS-0000166019,GSA_MIGRATION,2021,2022-07-04,936001740
2021-06-CENSUS-0000166019,GSA_MIGRATION,2021,2022-07-04,936001752
2021-06-CENSUS-0000166019,GSA_MIGRATION,2021,2022-07-04,936001759
2021-06-CENSUS-0000166019,GSA_MIGRATION,2021,2022-07-04,936001760
2021-06-CENSUS-0000166019,GSA_MIGRATION,2021,2022-07-04,936001761
2021-06-CENSUS-0000166019,GSA_MIGRATION,2021,2022-07-04,936001772
2021-06-CENSUS-0000166019,GSA_MIGRATION,2021,2022-07-04,936001773
2021-06-CENSUS-0000166019,GSA_MIGRATION,2021,2022-07-04,936001774
2021-06-CENSUS-0000166019,GSA_MIGRATION,2021,2022-07-04,936001775
2021-06-CENSUS-0000166019,GSA_MIGRATION,2021,2022-07-04,936001779
2021-06-CENSUS-0000166019,GSA_MIGRATION,2021,2022-07-04,936001784
2021-06-CENSUS-0000166019,GSA_MIGRATION,2021,2022-07-04,936001789
2021-06-CENSUS-0000166019,GSA_MIGRATION,2021,2022-07-04,936001871
2021-06-CENSUS-0000166019,GSA_MIGRATION,2021,2022-07-04,936001954
2021-06-CENSUS-0000166019,GSA_MIGRATION,2021,2022-07-04,936001955
2021-06-CENSUS-0000166019,GSA_MIGRATION,2021,2022-07-04,936001957
2021-06-CENSUS-0000166019,GSA_MIGRATION,2021,2022-07-04,936001958
2021-06-CENSUS-0000166019,GSA_MIGRATION,2021,2022-07-04,936001960
2021-06-CENSUS-0000166019,GSA_MIGRATION,2021,2022-07-04,936002375
2021-06-CENSUS-0000166019,GSA_MIGRATION,2021,2022-07-04,936002660
2021-06-CENSUS-0000166019,GSA_MIGRATION,2021,2022-07-04,936014252
2020-12-CENSUS-0000185800,GSA_MIGRATION,2020,2022-03-06,010943503
2020-12-CENSUS-0000185800,GSA_MIGRATION,2020,2022-03-06,010943506
2021-12-CENSUS-0000185800,GSA_MIGRATION,2021,2022-09-27,010943503
2021-12-CENSUS-0000185800,GSA_MIGRATION,2021,2022-09-27,010943506
2021-06-CENSUS-0000143605,GSA_MIGRATION,2021,2022-09-29,426004522
2021-06-CENSUS-0000143605,GSA_MIGRATION,2021,2022-09-29,800871095
2021-06-CENSUS-0000143605,GSA_MIGRATION,2021,2022-09-29,426004517
2021-06-CENSUS-0000143605,GSA_MIGRATION,2021,2022-09-29,420897561
2021-06-CENSUS-0000143605,GSA_MIGRATION,2021,2022-09-29,426004539
2021-06-CENSUS-0000143605,GSA_MIGRATION,2021,2022-09-29,420935813
2021-06-CENSUS-0000143605,GSA_MIGRATION,2021,2022-09-29,391256075
2021-06-CENSUS-0000143605,GSA_MIGRATION,2021,2022-09-29,421182204
2021-06-CENSUS-0000143605,GSA_MIGRATION,2021,2022-09-29,421186506
2021-06-CENSUS-0000143605,GSA_MIGRATION,2021,2022-09-29,800519178
2021-06-CENSUS-0000143605,GSA_MIGRATION,2021,2022-09-29,421518854
2021-06-CENSUS-0000143605,GSA_MIGRATION,2021,2022-09-29,426004812
2021-06-CENSUS-0000143605,GSA_MIGRATION,2021,2022-09-29,010606429
2021-06-CENSUS-0000143605,GSA_MIGRATION,2021,2022-09-29,426004525
2021-06-CENSUS-0000143605,GSA_MIGRATION,2021,2022-09-29,900743434
2021-06-CENSUS-0000143605,GSA_MIGRATION,2021,2022-09-29,426004582
2021-06-CENSUS-0000143605,GSA_MIGRATION,2021,2022-09-29,900491825
2021-06-CENSUS-0000143605,GSA_MIGRATION,2021,2022-09-29,421008566
2021-06-CENSUS-0000143605,GSA_MIGRATION,2021,2022-09-29,420922943
2021-06-CENSUS-0000143605,GSA_MIGRATION,2021,2022-09-29,426004546
2021-06-CENSUS-0000143605,GSA_MIGRATION,2021,2022-09-29,420919127
2021-06-CENSUS-0000143605,GSA_MIGRATION,2021,2022-09-29,426004568
2021-06-CENSUS-0000143605,GSA_MIGRATION,2021,2022-09-29,426004555
2021-06-CENSUS-0000143605,GSA_MIGRATION,2021,2022-09-29,426004575
2021-06-CENSUS-0000143605,GSA_MIGRATION,2021,2022-09-29,426004572
2021-06-CENSUS-0000143605,GSA_MIGRATION,2021,2022-09-29,426004501
2021-06-CENSUS-0000143605,GSA_MIGRATION,2021,2022-09-29,426038004
2021-06-CENSUS-0000143605,GSA_MIGRATION,2021,2022-09-29,426004523
2021-06-CENSUS-0000143605,GSA_MIGRATION,2021,2022-09-29,426004563
2021-06-CENSUS-0000143605,GSA_MIGRATION,2021,2022-09-29,426005306
2021-06-CENSUS-0000143605,GSA_MIGRATION,2021,2022-09-29,426004813
2021-06-CENSUS-0000143605,GSA_MIGRATION,2021,2022-09-29,426004224
2021-06-CENSUS-0000143605,GSA_MIGRATION,2021,2022-09-29,426064333
2021-06-CENSUS-0000143605,GSA_MIGRATION,2021,2022-09-29,426004567
2021-06-CENSUS-0000143605,GSA_MIGRATION,2021,2022-09-29,426004471
2021-06-CENSUS-0000143605,GSA_MIGRATION,2021,2022-09-29,426004226
2021-06-CENSUS-0000143605,GSA_MIGRATION,2021,2022-09-29,426004579
2021-06-CENSUS-0000143605,GSA_MIGRATION,2021,2022-09-29,646004226
2021-06-CENSUS-0000143605,GSA_MIGRATION,2021,2022-09-29,113808504
2022-06-CENSUS-0000182454,HJ5DV1WG8GZ6,2022,2022-12-26,626000573
2022-06-CENSUS-0000182454,HJ5DV1WG8GZ6,2022,2022-12-26,626000571
2021-06-CENSUS-0000144797,GSA_MIGRATION,2021,2022-07-18,486029925
2022-06-CENSUS-0000003830,RULMEM51MWJ3,2022,2022-12-07,300472109
2022-06-CENSUS-0000003830,RULMEM51MWJ3,2022,2022-12-07,020593101
2022-06-CENSUS-0000003830,RULMEM51MWJ3,2022,2022-12-07,412201540
2022-06-CENSUS-0000003830,RULMEM51MWJ3,2022,2022-12-07,300139018
2022-06-CENSUS-0000003830,RULMEM51MWJ3,2022,2022-12-07,202176751
2021-06-CENSUS-0000220190,GSA_MIGRATION,2021,2022-03-27,611029626
2022-06-CENSUS-0000176283,C5ERCU2EWKJ8,2022,2022-12-20,546001630
2020-12-CENSUS-0000230344,GSA_MIGRATION,2020,2022-03-29,411670163
2021-12-CENSUS-0000230344,GSA_MIGRATION,2021,2022-09-28,411670163
2021-12-CENSUS-0000230344,GSA_MIGRATION,2021,2022-09-28,410797853
2021-12-CENSUS-0000230344,GSA_MIGRATION,2021,2022-09-28,410956618
2021-12-CENSUS-0000230344,GSA_MIGRATION,2021,2022-09-28,390908320
2021-12-CENSUS-0000230344,GSA_MIGRATION,2021,2022-09-28,390804125
2021-12-CENSUS-0000230344,GSA_MIGRATION,2021,2022-09-28,390808442
2021-12-CENSUS-0000230344,GSA_MIGRATION,2021,2022-09-28,410811697
2021-12-CENSUS-0000230344,GSA_MIGRATION,2021,2022-09-28,830379473
2021-12-CENSUS-0000230344,GSA_MIGRATION,2021,2022-09-28,841715908
2021-12-CENSUS-0000230344,GSA_MIGRATION,2021,2022-09-28,010638901
2021-12-CENSUS-0000230344,GSA_MIGRATION,2021,2022-09-28,200034003
2021-12-CENSUS-0000230344,GSA_MIGRATION,2021,2022-09-28,270684883
2021-12-CENSUS-0000230344,GSA_MIGRATION,2021,2022-09-28,410132080
2021-12-CENSUS-0000230344,GSA_MIGRATION,2021,2022-09-28,410834920
2021-12-CENSUS-0000230344,GSA_MIGRATION,2021,2022-09-28,412011453
2021-12-CENSUS-0000230344,GSA_MIGRATION,2021,2022-09-28,416005880
2021-12-CENSUS-0000230344,GSA_MIGRATION,2021,2022-09-28,844261122
2021-12-CENSUS-0000255101,GSA_MIGRATION,2021,2022-09-28,370818454
2021-12-CENSUS-0000255101,GSA_MIGRATION,2021,2022-09-28,371199021
2021-12-CENSUS-0000255101,GSA_MIGRATION,2021,2022-09-28,371415588
2021-12-CENSUS-0000255101,GSA_MIGRATION,2021,2022-09-28,431147326
2021-06-CENSUS-0000192840,GSA_MIGRATION,2021,2022-05-06,380593405
2021-06-CENSUS-0000192840,GSA_MIGRATION,2021,2022-05-06,300501592
