report_id,auditee_uei,audit_year,fac_accepted_date,additional_uei
2023-04-GSAFAC-0000000495,LBW2DRXQXCA7,2023,2023-10-05,LYP1UDA3QY25
2023-03-GSAFAC-0000000321,SG71HEA776D9,2023,2023-10-10,GPQ2K36AJHG3
2022-12-GSAFAC-0000000101,WT9MJ8VP92H7,2022,2023-10-02,ES4UP1YBR4A5
2022-12-GSAFAC-0000000320,YFBYPFBVD1C8,2022,2023-10-02,LTL9DN5NMVN7
2023-05-GSAFAC-0000000261,GJE3Q31DAKJ8,2023,2023-10-11,D8MBRZJDGXV8
2023-06-GSAFAC-0000002753,DPBMLHN6ADR6,2023,2023-10-18,L1QQKDPKZ8C6
2023-03-GSAFAC-0000000490,TLBQYD52Z9S3,2023,2023-10-12,S9VVGTVATJR9
2023-03-GSAFAC-0000000490,TLBQYD52Z9S3,2023,2023-10-12,GSZKK4SFYAM8
2023-03-GSAFAC-0000000490,TLBQYD52Z9S3,2023,2023-10-12,RJQTVCMYRDK4
2023-03-GSAFAC-0000000490,TLBQYD52Z9S3,2023,2023-10-12,YJW5LPBJ35Q3
2023-03-GSAFAC-0000000490,TLBQYD52Z9S3,2023,2023-10-12,WGLUZMWPKT33
2023-06-GSAFAC-0000000094,UGZGBZC1QY53,2023,2023-10-02,LLCFQYLGJZS7
2023-06-GSAFAC-0000000016,NNULQVJJCKY7,2023,2023-10-13,DQWQBXB5QYB5
2023-06-GSAFAC-0000001762,HYMYPY96JAE8,2023,2023-10-20,DCEYSCULE7X7
2023-06-GSAFAC-0000001762,HYMYPY96JAE8,2023,2023-10-20,NU5AALWV11Z6
2023-06-GSAFAC-0000001762,HYMYPY96JAE8,2023,2023-10-20,L89FV7BRQJY3
2023-06-GSAFAC-0000001762,HYMYPY96JAE8,2023,2023-10-20,CT7CPQA7CJC5
2023-06-GSAFAC-0000001762,HYMYPY96JAE8,2023,2023-10-20,E6GWE2NG7CY8
2023-06-GSAFAC-0000001762,HYMYPY96JAE8,2023,2023-10-20,K6JJDKBAGT89
2023-06-GSAFAC-0000001762,HYMYPY96JAE8,2023,2023-10-20,TFE9BB9UAZ75
2023-06-GSAFAC-0000001762,HYMYPY96JAE8,2023,2023-10-20,PY5THQG76666
2023-06-GSAFAC-0000001762,HYMYPY96JAE8,2023,2023-10-20,RNYRNVXLDQ24
2023-06-GSAFAC-0000001762,HYMYPY96JAE8,2023,2023-10-20,NP1UZLG5JC68
2023-06-GSAFAC-0000001762,HYMYPY96JAE8,2023,2023-10-20,KECJL5AAZLM4
2023-06-GSAFAC-0000001762,HYMYPY96JAE8,2023,2023-10-20,V986NQU61JV5
2023-06-GSAFAC-0000001762,HYMYPY96JAE8,2023,2023-10-20,DMMRJ8HSGMY3
2023-06-GSAFAC-0000001762,HYMYPY96JAE8,2023,2023-10-20,UBFLKZ6TLGP3
2023-06-GSAFAC-0000001762,HYMYPY96JAE8,2023,2023-10-20,HYYAFRTVCNM4
2023-06-GSAFAC-0000001762,HYMYPY96JAE8,2023,2023-10-20,L87NVSGNFED8
2023-06-GSAFAC-0000003182,LSPHN5PGDJG3,2023,2023-10-23,FLMPQ5M1NQK3
2023-03-GSAFAC-0000002262,UJCJBNYNJMK6,2023,2023-10-23,V77CALRY8E98
2023-03-GSAFAC-0000002262,UJCJBNYNJMK6,2023,2023-10-23,ET6FML2DCY43
2023-03-GSAFAC-0000000813,G9H6SUM59YC4,2023,2023-10-23,LQK1DD1EYZK9
2023-03-GSAFAC-0000000813,G9H6SUM59YC4,2023,2023-10-23,WJ37AD42G8A5
2023-03-GSAFAC-0000000813,G9H6SUM59YC4,2023,2023-10-23,YDWAYVVQHNK5
2023-03-GSAFAC-0000000813,G9H6SUM59YC4,2023,2023-10-23,GCKPMNH8D854
2023-03-GSAFAC-0000000813,G9H6SUM59YC4,2023,2023-10-23,JH3AAWA12273
2023-03-GSAFAC-0000000813,G9H6SUM59YC4,2023,2023-10-23,JCK2VGG2PR51
2023-06-GSAFAC-0000003427,UW41HLMNGM63,2023,2023-10-24,N425KANCMQ84
2023-06-GSAFAC-0000003497,KYSEBY3LV4G9,2023,2023-10-25,EUCHKJUMM6J4
2023-06-GSAFAC-0000003497,KYSEBY3LV4G9,2023,2023-10-25,V8EWHWCP9D66
2023-06-GSAFAC-0000003497,KYSEBY3LV4G9,2023,2023-10-25,M18ZKENMW4T7
2023-06-GSAFAC-0000000977,FJ3SBWYWSAR9,2023,2023-10-25,GUZLY5FN1L31
2023-06-GSAFAC-0000000120,XD93A5U66T24,2023,2023-10-26,LKMNHBWLC5C8
2022-09-GSAFAC-0000002515,QULEKWMH9R51,2022,2023-10-26,KWBAJUNHB5E8
2023-06-GSAFAC-0000001425,MKNSE883RLU8,2023,2023-10-27,L69DLR2RANX9
2023-06-GSAFAC-0000001425,MKNSE883RLU8,2023,2023-10-27,T6SMT32GEAB5
2023-06-GSAFAC-0000001425,MKNSE883RLU8,2023,2023-10-27,JUHZCTFJ9FM5
2023-06-GSAFAC-0000003805,LKPRMH6LDF46,2023,2023-10-30,QRMXGFD5JEE9
2022-12-GSAFAC-0000003951,WJH7NXNA22S9,2022,2023-10-31,L8LJAQEY4MM3
2022-12-GSAFAC-0000003951,WJH7NXNA22S9,2022,2023-10-31,JJDPZ5MWPPM1
2022-12-GSAFAC-0000003435,KHK2K1EJ3LJ6,2022,2023-11-01,E4L7EZZKJCL9
2022-12-GSAFAC-0000003435,KHK2K1EJ3LJ6,2022,2023-11-01,CXTVB51U1XY4
2022-12-GSAFAC-0000003435,KHK2K1EJ3LJ6,2022,2023-11-01,L7Q9EN4TLY74
2022-12-GSAFAC-0000003435,KHK2K1EJ3LJ6,2022,2023-11-01,GFSLL5XRZGH5
2022-12-GSAFAC-0000003435,KHK2K1EJ3LJ6,2022,2023-11-01,CC8WT91AR2F4
2023-06-GSAFAC-0000004337,MFHDCPJM8394,2023,2023-11-02,H7BAH8ELBCE4
2023-06-GSAFAC-0000004337,MFHDCPJM8394,2023,2023-11-02,H7U9DGLE12J3
2023-06-GSAFAC-0000000944,CDRTQKF542N5,2023,2023-11-02,L1VDDH94FNL8
2023-06-GSAFAC-0000000944,CDRTQKF542N5,2023,2023-11-02,NJGDH9FJ8QJ9
2023-06-GSAFAC-0000000944,CDRTQKF542N5,2023,2023-11-02,L1AHC1DHBYL3
2023-06-GSAFAC-0000000944,CDRTQKF542N5,2023,2023-11-02,C9ABMKQ87S75
2023-06-GSAFAC-0000000944,CDRTQKF542N5,2023,2023-11-02,L1M6HU9CSFK1
2023-06-GSAFAC-0000000944,CDRTQKF542N5,2023,2023-11-02,VVA4HJP8JCQ4
2023-06-GSAFAC-0000000944,CDRTQKF542N5,2023,2023-11-02,JPFLGL86SLD9
2023-06-GSAFAC-0000000944,CDRTQKF542N5,2023,2023-11-02,YYZMPBZK9JQ3
2023-06-GSAFAC-0000000944,CDRTQKF542N5,2023,2023-11-02,MDNMB22WA3C1
2023-06-GSAFAC-0000000944,CDRTQKF542N5,2023,2023-11-02,L1FAMHJ4JHA6
2023-06-GSAFAC-0000000944,CDRTQKF542N5,2023,2023-11-02,U2MZVGZNF9C8
2023-06-GSAFAC-0000000944,CDRTQKF542N5,2023,2023-11-02,ZTAGD3WPN1Y1
2023-06-GSAFAC-0000000944,CDRTQKF542N5,2023,2023-11-02,LELPK6LD6XL5
2023-06-GSAFAC-0000000944,CDRTQKF542N5,2023,2023-11-02,EBMJU7N6D4C4
2023-06-GSAFAC-0000000944,CDRTQKF542N5,2023,2023-11-02,L25CNKZ7UCJ7
2023-06-GSAFAC-0000000944,CDRTQKF542N5,2023,2023-11-02,YQ4GLNZYNYF9
2023-06-GSAFAC-0000000944,CDRTQKF542N5,2023,2023-11-02,UNVLNKYR1MV3
2023-06-GSAFAC-0000000944,CDRTQKF542N5,2023,2023-11-02,NACVU4748EJ3
2023-06-GSAFAC-0000000944,CDRTQKF542N5,2023,2023-11-02,N4MZDES314E5
2023-06-GSAFAC-0000000944,CDRTQKF542N5,2023,2023-11-02,TFBMYNFUFP29
2023-06-GSAFAC-0000000944,CDRTQKF542N5,2023,2023-11-02,WWKXJM9LVH64
2023-06-GSAFAC-0000005149,Y125J95VYKX3,2023,2023-11-02,D9KPSNLHD9J5
2023-06-GSAFAC-0000002876,YT19T1G9SSK8,2023,2023-11-06,CWZPDSAVDPF3
2023-06-GSAFAC-0000002876,YT19T1G9SSK8,2023,2023-11-06,VJGJMNJ1J5B3
2023-06-GSAFAC-0000002876,YT19T1G9SSK8,2023,2023-11-06,NJ5RR9QR9BA7
2023-06-GSAFAC-0000002876,YT19T1G9SSK8,2023,2023-11-06,VJPYLMA7LBM9
2023-06-GSAFAC-0000002876,YT19T1G9SSK8,2023,2023-11-06,VJSGRY6SJUM7
2023-06-GSAFAC-0000002876,YT19T1G9SSK8,2023,2023-11-06,LQZ7SQTYL983
2023-06-GSAFAC-0000002876,YT19T1G9SSK8,2023,2023-11-06,JK31GALUQNL3
2023-06-GSAFAC-0000002876,YT19T1G9SSK8,2023,2023-11-06,PKYMCNZ5RW15
2023-06-GSAFAC-0000002876,YT19T1G9SSK8,2023,2023-11-06,DZ65JF9ZBY13
2023-06-GSAFAC-0000002876,YT19T1G9SSK8,2023,2023-11-06,QHEEUKKDWFJ3
2023-06-GSAFAC-0000002876,YT19T1G9SSK8,2023,2023-11-06,VQMRTKNJWAH3
2023-06-GSAFAC-0000002876,YT19T1G9SSK8,2023,2023-11-06,QKP1WLUP6TS7
2023-06-GSAFAC-0000002876,YT19T1G9SSK8,2023,2023-11-06,VSV1EEDZQPF5
2023-06-GSAFAC-0000002876,YT19T1G9SSK8,2023,2023-11-06,S4TNK7T29941
2023-06-GSAFAC-0000002876,YT19T1G9SSK8,2023,2023-11-06,KHSBTVJDMGC5
2023-06-GSAFAC-0000002876,YT19T1G9SSK8,2023,2023-11-06,VXMQAM8DNRF7
2023-06-GSAFAC-0000002876,YT19T1G9SSK8,2023,2023-11-06,VYTQFANAYL53
2023-06-GSAFAC-0000002876,YT19T1G9SSK8,2023,2023-11-06,EX3KBCPGAW55
2023-06-GSAFAC-0000002890,G59BNCR62FN8,2023,2023-11-06,F46XEMZEPNU6
2023-06-GSAFAC-0000002890,G59BNCR62FN8,2023,2023-11-06,F4J6WLKN3UA6
2023-06-GSAFAC-0000002890,G59BNCR62FN8,2023,2023-11-06,F5AXCXWL1EC7
2023-06-GSAFAC-0000002890,G59BNCR62FN8,2023,2023-11-06,EUV7L5BDGPN1
2023-06-GSAFAC-0000002896,F4ZHR8YHRAW8,2023,2023-11-06,TDR9YA71XHR4
2023-06-GSAFAC-0000002901,VVZ3CZKKMVQ4,2023,2023-11-06,Q9RLSNXTTL17
2023-06-GSAFAC-0000002901,VVZ3CZKKMVQ4,2023,2023-11-06,VHP3PGLMN7KV
2023-06-GSAFAC-0000002901,VVZ3CZKKMVQ4,2023,2023-11-06,DUY8PDWD7JB7
2023-06-GSAFAC-0000002901,VVZ3CZKKMVQ4,2023,2023-11-06,CUBKDBLDNE83
2023-06-GSAFAC-0000002901,VVZ3CZKKMVQ4,2023,2023-11-06,PZAEFGUREU21
2023-06-GSAFAC-0000002901,VVZ3CZKKMVQ4,2023,2023-11-06,GK76J3CHGGW5
2023-06-GSAFAC-0000002901,VVZ3CZKKMVQ4,2023,2023-11-06,G4S8DJZ5R784
2023-06-GSAFAC-0000002901,VVZ3CZKKMVQ4,2023,2023-11-06,DV4ZATANSA15
2023-06-GSAFAC-0000002901,VVZ3CZKKMVQ4,2023,2023-11-06,V8WBPJYNKCR5
2023-06-GSAFAC-0000002901,VVZ3CZKKMVQ4,2023,2023-11-06,VK4UBK7WBWS3
2023-06-GSAFAC-0000002901,VVZ3CZKKMVQ4,2023,2023-11-06,VHTJB3NB4W55
2023-06-GSAFAC-0000002901,VVZ3CZKKMVQ4,2023,2023-11-06,P5K3HC4KQZE3
2023-06-GSAFAC-0000002901,VVZ3CZKKMVQ4,2023,2023-11-06,F3T4NG62AZC9
2023-06-GSAFAC-0000002901,VVZ3CZKKMVQ4,2023,2023-11-06,VLBHUFY1KSE1
2023-06-GSAFAC-0000002901,VVZ3CZKKMVQ4,2023,2023-11-06,VQ2GLBL5DYM9
2023-06-GSAFAC-0000002901,VVZ3CZKKMVQ4,2023,2023-11-06,VRS4B4M34F77
2023-06-GSAFAC-0000002901,VVZ3CZKKMVQ4,2023,2023-11-06,ECMTEYLLX541
2023-06-GSAFAC-0000002901,VVZ3CZKKMVQ4,2023,2023-11-06,VS9FADVZJZS7
2023-06-GSAFAC-0000002901,VVZ3CZKKMVQ4,2023,2023-11-06,VSLVGJM67US9
2023-06-GSAFAC-0000002901,VVZ3CZKKMVQ4,2023,2023-11-06,VT11K8YR9SX3
2023-06-GSAFAC-0000002901,VVZ3CZKKMVQ4,2023,2023-11-06,EX3KBCPGAW55
2023-06-GSAFAC-0000002901,VVZ3CZKKMVQ4,2023,2023-11-06,EXJTR6NGTAE7
2023-06-GSAFAC-0000002901,VVZ3CZKKMVQ4,2023,2023-11-06,VU9UP8CCYFC4
2023-06-GSAFAC-0000002901,VVZ3CZKKMVQ4,2023,2023-11-06,MNU9FX5ML9D3
2023-06-GSAFAC-0000002901,VVZ3CZKKMVQ4,2023,2023-11-06,TPQAU2B22WL2
2023-06-GSAFAC-0000002901,VVZ3CZKKMVQ4,2023,2023-11-06,VY6ZKLGVXFK5
2023-06-GSAFAC-0000002901,VVZ3CZKKMVQ4,2023,2023-11-06,VYK7TKHHCMB9
2023-06-GSAFAC-0000002901,VVZ3CZKKMVQ4,2023,2023-11-06,TS8TMR9R2F41
2023-06-GSAFAC-0000002901,VVZ3CZKKMVQ4,2023,2023-11-06,KBTSG13JSHF5
2023-06-GSAFAC-0000002901,VVZ3CZKKMVQ4,2023,2023-11-06,EZQFL7K3ESE3
2023-06-GSAFAC-0000002901,VVZ3CZKKMVQ4,2023,2023-11-06,EZV8HJ6RYTK4
2023-06-GSAFAC-0000003628,U4KHJKG5FB18,2023,2023-11-06,X5A3XJ2EHQJ6
2022-09-GSAFAC-0000005815,V1XLK8M3YFQ9,2022,2023-11-07,FCXSGKYD5EM6
2023-06-GSAFAC-0000005895,DZJ4Q9BHKVK1,2023,2023-11-08,TL2WKCPEL5B9
2023-06-GSAFAC-0000003265,QPHQFNHC4U16,2023,2023-11-09,S53JQKCDPJU6
2022-12-GSAFAC-0000002251,EVF5JVNFJYN3,2022,2023-11-09,N9JJD1B1P1Z8
2022-06-GSAFAC-0000005953,M7AFLCZLZNE5,2022,2023-11-09,FYGMKQM2HMY7
2022-06-GSAFAC-0000005953,M7AFLCZLZNE5,2022,2023-11-09,ML29NS565T23
2023-03-GSAFAC-0000005851,C7K6WD3GFUP6,2023,2023-11-09,NKZXDVRF4Q55
2023-03-GSAFAC-0000005851,C7K6WD3GFUP6,2023,2023-11-09,ZEZDCGLXLSR9
2023-03-GSAFAC-0000005851,C7K6WD3GFUP6,2023,2023-11-09,VKUTNZNJHLB3
2022-12-GSAFAC-0000002231,JFV1DN5EUUC6,2022,2023-11-09,GWVJVTL6ESW3
2022-12-GSAFAC-0000002231,JFV1DN5EUUC6,2022,2023-11-09,KEA1AAJPAEZ8
2022-12-GSAFAC-0000002231,JFV1DN5EUUC6,2022,2023-11-09,NJJTJFLNHDU1
2022-12-GSAFAC-0000002231,JFV1DN5EUUC6,2022,2023-11-09,X4JVL9MRJD15
2022-06-GSAFAC-0000000532,RYDDMCDJBYM8,2022,2023-11-09,CSPKTNFG6BL6
2022-06-GSAFAC-0000000532,RYDDMCDJBYM8,2022,2023-11-09,ZSTMEM66DUZ3
2022-06-GSAFAC-0000000532,RYDDMCDJBYM8,2022,2023-11-09,JDH5N2KGDLT7
2022-06-GSAFAC-0000000532,RYDDMCDJBYM8,2022,2023-11-09,JDEAQSCUA2U5
2022-06-GSAFAC-0000000532,RYDDMCDJBYM8,2022,2023-11-09,D5CJMD2ZH7M5
2022-06-GSAFAC-0000000532,RYDDMCDJBYM8,2022,2023-11-09,JAS2XVLR7LJ5
2022-06-GSAFAC-0000000532,RYDDMCDJBYM8,2022,2023-11-09,GHKZME83CGG9
2022-06-GSAFAC-0000000532,RYDDMCDJBYM8,2022,2023-11-09,UHL9CAYMB3A1
2022-06-GSAFAC-0000000532,RYDDMCDJBYM8,2022,2023-11-09,RYE3EYNYG9U9
2022-06-GSAFAC-0000000532,RYDDMCDJBYM8,2022,2023-11-09,CMLVJMDNMLZ0
2022-06-GSAFAC-0000000532,RYDDMCDJBYM8,2022,2023-11-09,E7LDWBZ7MNE8
2022-06-GSAFAC-0000000532,RYDDMCDJBYM8,2022,2023-11-09,XFXRFN6K8648
2022-06-GSAFAC-0000000532,RYDDMCDJBYM8,2022,2023-11-09,F94VNM34TZC8
2022-06-GSAFAC-0000000532,RYDDMCDJBYM8,2022,2023-11-09,DTW7GMF8LXN5
2022-06-GSAFAC-0000000532,RYDDMCDJBYM8,2022,2023-11-09,Z5BLY3QXLCZ5
2022-06-GSAFAC-0000000532,RYDDMCDJBYM8,2022,2023-11-09,WSJFTN7ZAA94
2022-06-GSAFAC-0000000532,RYDDMCDJBYM8,2022,2023-11-09,GLJLA2WMK5P3
2022-06-GSAFAC-0000000532,RYDDMCDJBYM8,2022,2023-11-09,H739QJN44BA9
2022-06-GSAFAC-0000000532,RYDDMCDJBYM8,2022,2023-11-09,Q7SKPZ7H6G89
2022-06-GSAFAC-0000000532,RYDDMCDJBYM8,2022,2023-11-09,NZDMYLTFFL84
2022-06-GSAFAC-0000000532,RYDDMCDJBYM8,2022,2023-11-09,MJCZMAJFKV84
2022-06-GSAFAC-0000000532,RYDDMCDJBYM8,2022,2023-11-09,LBD3PH2G8XF3
2022-06-GSAFAC-0000000532,RYDDMCDJBYM8,2022,2023-11-09,YDATM3G5EZ59
2022-06-GSAFAC-0000000532,RYDDMCDJBYM8,2022,2023-11-09,SDDTG1DBNW75
2022-06-GSAFAC-0000000532,RYDDMCDJBYM8,2022,2023-11-09,RCYUPJ1AMYZ8
2022-06-GSAFAC-0000000532,RYDDMCDJBYM8,2022,2023-11-09,TJ47H7AL9ND8
2022-06-GSAFAC-0000000532,RYDDMCDJBYM8,2022,2023-11-09,N5M7DL73SBQ8
2022-06-GSAFAC-0000000532,RYDDMCDJBYM8,2022,2023-11-09,EV12H913GP51
2022-06-GSAFAC-0000000532,RYDDMCDJBYM8,2022,2023-11-09,ZVZKKJ5J8954
2022-06-GSAFAC-0000000532,RYDDMCDJBYM8,2022,2023-11-09,Q7P9B28J8BY4
2022-06-GSAFAC-0000000532,RYDDMCDJBYM8,2022,2023-11-09,FHDMZNHCCVK8
2022-06-GSAFAC-0000000532,RYDDMCDJBYM8,2022,2023-11-09,P6RNAZEDKHE8
2022-06-GSAFAC-0000000532,RYDDMCDJBYM8,2022,2023-11-09,D1KXPAX381H1
2022-06-GSAFAC-0000000532,RYDDMCDJBYM8,2022,2023-11-09,MTXKH9WP4JN6
2022-06-GSAFAC-0000000532,RYDDMCDJBYM8,2022,2023-11-09,K2V7WLAP3CY8
2022-06-GSAFAC-0000000532,RYDDMCDJBYM8,2022,2023-11-09,LRP1T24SH4N4
2022-06-GSAFAC-0000000532,RYDDMCDJBYM8,2022,2023-11-09,S47QLSY37VS1
2022-06-GSAFAC-0000000532,RYDDMCDJBYM8,2022,2023-11-09,Q28CA1L2WPV7
2022-06-GSAFAC-0000000532,RYDDMCDJBYM8,2022,2023-11-09,S9HFNXEHDS53
2022-06-GSAFAC-0000000532,RYDDMCDJBYM8,2022,2023-11-09,NFKNNMDQVQD1
2022-06-GSAFAC-0000000532,RYDDMCDJBYM8,2022,2023-11-09,FK7ADLKN3JH5
2022-06-GSAFAC-0000000532,RYDDMCDJBYM8,2022,2023-11-09,VAL7N8VS7L99
2022-06-GSAFAC-0000000532,RYDDMCDJBYM8,2022,2023-11-09,ZJNXUJJ24UH6
2022-12-GSAFAC-0000006174,CCQEMFNQ9JM5,2022,2023-11-09,GGRUAJCMBB95
2023-06-GSAFAC-0000005057,LBDSJ1GSKJY1,2023,2023-11-10,KKPJZVJ5R1F7
2023-06-GSAFAC-0000002412,K2KBW9YM3AY1,2023,2023-11-13,L5N3NFSH1JB3
2023-06-GSAFAC-0000006674,QVKYA9MQ5P24,2023,2023-11-14,S139JALN6N45
2023-06-GSAFAC-0000007109,DCJGSC4LY1W4,2023,2023-11-16,Q3NZMR63YQ99
2022-06-GSAFAC-0000005415,HZT4CNTZFJK9,2022,2023-11-17,RDTVBS7Q7T98
2022-06-GSAFAC-0000005415,HZT4CNTZFJK9,2022,2023-11-17,Z2FGWGHRXCY5
2022-06-GSAFAC-0000005415,HZT4CNTZFJK9,2022,2023-11-17,NDW8N6G6ZAF7
2022-12-GSAFAC-0000002937,ZLCHYJMAL855,2022,2023-11-17,JPVLCEBWG4J6
2022-12-GSAFAC-0000002937,ZLCHYJMAL855,2022,2023-11-17,J4JGEKQ1V6R3
2021-06-GSAFAC-0000007237,MSHBLXUJRVJ5,2021,2023-11-17,Z59BNE6KNSC7
2023-03-GSAFAC-0000007172,LJGXZD8JD818,2023,2023-11-17,FRJXGCCNEUY9
2023-03-GSAFAC-0000007172,LJGXZD8JD818,2023,2023-11-17,FF8FNE2NH5N7
2023-03-GSAFAC-0000007172,LJGXZD8JD818,2023,2023-11-17,JDRWP3LNNQW4
2023-03-GSAFAC-0000007172,LJGXZD8JD818,2023,2023-11-17,M3C4E614KEC1
2023-03-GSAFAC-0000007172,LJGXZD8JD818,2023,2023-11-17,WQ9ZUCBQCD59
2023-03-GSAFAC-0000007172,LJGXZD8JD818,2023,2023-11-17,ZKESMWZTRKN3
2023-03-GSAFAC-0000007172,LJGXZD8JD818,2023,2023-11-17,YLUJLFMJJ746
2023-03-GSAFAC-0000007172,LJGXZD8JD818,2023,2023-11-17,L3UNXTRS7Y39
2023-03-GSAFAC-0000007172,LJGXZD8JD818,2023,2023-11-17,CU8BW3C5F771
2023-05-GSAFAC-0000000531,LD3WUVEUK2N5,2023,2023-11-17,ZH25BC2S2GM9
2023-05-GSAFAC-0000000531,LD3WUVEUK2N5,2023,2023-11-17,N69LLVNLD5F1
2023-06-GSAFAC-0000005171,TNQMP46NDSL1,2023,2023-11-17,WGDMLCMUWAN1
2023-06-GSAFAC-0000000402,NJMBT82MLMJ6,2023,2023-11-17,L66WMLD9TKZ3
2023-06-GSAFAC-0000006802,ZU2WKAAP6R21,2023,2023-11-20,GZX7GGHD7CA3
2022-12-GSAFAC-0000002653,EGANZJ6VE623,2022,2023-11-20,QD3BGK6N7BC1
2022-12-GSAFAC-0000002653,EGANZJ6VE623,2022,2023-11-20,XMNCGLHL78L3
2023-06-GSAFAC-0000007993,T2RUKCBNB4M3,2023,2023-11-20,EKENML4A9PZ5
2023-06-GSAFAC-0000005739,FXY2NXVKFBL1,2023,2023-11-20,LCK6KXNFSXM7
2023-06-GSAFAC-0000004054,M9MYFN337FB9,2023,2023-11-21,N6CCSJ75L2J7
2023-03-GSAFAC-0000001517,NU2BSY7YSFS9,2023,2023-11-22,Q8G3LJZVFXJ4
2023-03-GSAFAC-0000001517,NU2BSY7YSFS9,2023,2023-11-22,DC8VB725MPP5
2023-03-GSAFAC-0000001517,NU2BSY7YSFS9,2023,2023-11-22,TGBQGANH36W7
2023-03-GSAFAC-0000001517,NU2BSY7YSFS9,2023,2023-11-22,QF5ZS34ZHKF9
2023-06-GSAFAC-0000007460,PNGBNJ8ALA81,2023,2023-11-22,GV32X97GLW33
2023-06-GSAFAC-0000001476,JSLSBL82VMR3,2023,2023-11-27,N1DTLJ9RTM77
2023-06-GSAFAC-0000001476,JSLSBL82VMR3,2023,2023-11-27,EZREUC6GQ1M6
2022-12-GSAFAC-0000007921,KBS4UMN5B2G6,2022,2023-11-28,LKBDEY9MTU65
2022-12-GSAFAC-0000007921,KBS4UMN5B2G6,2022,2023-11-28,EKYDSAXXMS53
2022-12-GSAFAC-0000007921,KBS4UMN5B2G6,2022,2023-11-28,MNCVNLEBHQY9
2022-12-GSAFAC-0000007921,KBS4UMN5B2G6,2022,2023-11-28,ETJZQLJKRSD7
2022-12-GSAFAC-0000007921,KBS4UMN5B2G6,2022,2023-11-28,L3WCNYMZHLQ3
2022-12-GSAFAC-0000007921,KBS4UMN5B2G6,2022,2023-11-28,UBDDB3NAFA13
2023-06-GSAFAC-0000007225,FMT5L6V2NMN1,2023,2023-11-28,S8Z4MJL96AM1
2023-06-GSAFAC-0000007225,FMT5L6V2NMN1,2023,2023-11-28,H4LHZN3LLQ35
2023-06-GSAFAC-0000007225,FMT5L6V2NMN1,2023,2023-11-28,NEBYCWMCZ7V3
2023-06-GSAFAC-0000007225,FMT5L6V2NMN1,2023,2023-11-28,QN96G6LJN9P1
2023-06-GSAFAC-0000007225,FMT5L6V2NMN1,2023,2023-11-28,X5DUMXMUY164
2023-06-GSAFAC-0000007225,FMT5L6V2NMN1,2023,2023-11-28,QCN2DRC1PTA6
2023-02-GSAFAC-0000008978,HC6KFMYKA3G9,2023,2023-11-28,K7S4YDPCK377
2023-02-GSAFAC-0000008978,HC6KFMYKA3G9,2023,2023-11-28,KZGLNK9P52N5
2023-02-GSAFAC-0000008978,HC6KFMYKA3G9,2023,2023-11-28,VBD7LLHA3MJ3
2023-02-GSAFAC-0000008978,HC6KFMYKA3G9,2023,2023-11-28,DUNPM99HLN85
2023-06-GSAFAC-0000003398,FYPENE4ABBG6,2023,2023-11-28,EEBGL6LPGY97
2023-06-GSAFAC-0000009040,QYLNGJV249J8,2023,2023-11-29,GJ7JRCSYDDK7
2023-06-GSAFAC-0000009040,QYLNGJV249J8,2023,2023-11-29,U6J1KPYN4P76
2023-06-GSAFAC-0000009320,RHSDXKBBF393,2023,2023-11-29,XJKUQDTBXJL3
2023-06-GSAFAC-0000009416,HQ3EN27J3K21,2023,2023-11-29,XSJLFMHF74R9
2023-06-GSAFAC-0000009416,HQ3EN27J3K21,2023,2023-11-29,M2K2GJ97KZ74
2023-06-GSAFAC-0000005902,HJXCTMXF7MP3,2023,2023-11-30,GY3MQV18WST5
2023-06-GSAFAC-0000005902,HJXCTMXF7MP3,2023,2023-11-30,Y1RLQCM5VXU7
2023-06-GSAFAC-0000005123,DW25GGH718G5,2023,2023-11-30,XQ8MDCZHPCA3
2023-06-GSAFAC-0000005106,HU5ML62NVDK5,2023,2023-12-01,EYWDHLJ5JKJ1
2022-12-GSAFAC-0000007547,D65JCDLV2LE5,2022,2023-12-04,KCY7DMHAPE38
2023-06-GSAFAC-0000000841,TCWWZ6RW7NL8,2023,2023-12-04,JW9DBDUBJ2G3
2023-06-GSAFAC-0000002163,Q526EG7CJLG8,2023,2023-12-04,DZX9HFLHDHG5
2023-06-GSAFAC-0000008916,NRHNCSKYGFA7,2023,2023-12-05,USYKTU7JFJC7
2023-06-GSAFAC-0000008112,NJ24BM8CYWZ3,2023,2023-12-05,PZMKHFJ854G2
2022-12-GSAFAC-0000009096,Y9C5WSNX9N54,2022,2023-12-05,DJTFJTJDN5J4
2023-06-GSAFAC-0000009485,KMBMU31B2H17,2023,2023-12-05,UF4HWZH5AYE6
2023-06-GSAFAC-0000009485,KMBMU31B2H17,2023,2023-12-05,DAENZKK4E7W5
2023-06-GSAFAC-0000009485,KMBMU31B2H17,2023,2023-12-05,T2NTAJ7EJE76
2023-06-GSAFAC-0000010323,MWLWJBTFZ5N5,2023,2023-12-05,KPLPNVH9ABJ9
2023-06-GSAFAC-0000010323,MWLWJBTFZ5N5,2023,2023-12-05,MRXPGMNHB7M4
2023-06-GSAFAC-0000010479,JXTKQPTN2NJ9,2023,2023-12-06,HB1ZXGFGMPF8
2023-06-GSAFAC-0000010281,ECR5E2LU5BL6,2023,2023-12-06,WU7DM45TSM75
2023-05-GSAFAC-0000008545,YGSGAA2XKP71,2023,2023-12-06,MBZWNCF63HL5
2023-06-GSAFAC-0000009998,S6U1E5D4J7D8,2023,2023-12-06,XVEZJEGJBBZ3
2023-06-GSAFAC-0000009998,S6U1E5D4J7D8,2023,2023-12-06,KBM3ZKYAGXJ8
2022-08-GSAFAC-0000008568,TKJHUNGJK9H1,2022,2023-12-06,ESF7CNHQC8L5
2023-06-GSAFAC-0000011297,Z2RUETN8LLM4,2023,2023-12-07,MDNXGC7FNMY8
2023-06-GSAFAC-0000007045,FVSQANNLYGK1,2023,2023-12-07,JKY1FCYJL679
2023-06-GSAFAC-0000004891,L7U3M1K8PCH3,2023,2023-12-08,J6AACLG1NUT1
2023-06-GSAFAC-0000004891,L7U3M1K8PCH3,2023,2023-12-08,NTULRKLVEEZ5
2023-06-GSAFAC-0000004891,L7U3M1K8PCH3,2023,2023-12-08,KBR7DLNHJZQ9
2022-06-GSAFAC-0000011632,WUCJL78F4D71,2022,2023-12-08,TARNNZK3MJ28
2022-06-GSAFAC-0000011632,WUCJL78F4D71,2022,2023-12-08,MJ6KWLK2GBM5
2022-06-GSAFAC-0000011632,WUCJL78F4D71,2022,2023-12-08,WUCJL78F4D7A
2023-06-GSAFAC-0000003533,PKAGEXPV4EE8,2023,2023-12-08,D15GKK2BHL99
2023-06-GSAFAC-0000004760,F5XNKJYXFVM3,2023,2023-12-08,CKM7W88A7175
2023-06-GSAFAC-0000001825,GM1XX56LEP58,2023,2023-12-08,CWRKEYMELD15
2023-06-GSAFAC-0000001825,GM1XX56LEP58,2023,2023-12-08,J1K2SEFNME83
2023-06-GSAFAC-0000001825,GM1XX56LEP58,2023,2023-12-08,RE3LJ96B6P88
2023-06-GSAFAC-0000001825,GM1XX56LEP58,2023,2023-12-08,H7LMD1ANJNN4
2023-06-GSAFAC-0000001825,GM1XX56LEP58,2023,2023-12-08,N7U5NURNG4T5
2023-06-GSAFAC-0000001825,GM1XX56LEP58,2023,2023-12-08,Z75RRBRSNRW4
2023-06-GSAFAC-0000001825,GM1XX56LEP58,2023,2023-12-08,DSJXYTBCFNQ5
2023-06-GSAFAC-0000001825,GM1XX56LEP58,2023,2023-12-08,R7V7Y6N543J6
2023-06-GSAFAC-0000001825,GM1XX56LEP58,2023,2023-12-08,FD3RZBSVL464
2023-06-GSAFAC-0000001825,GM1XX56LEP58,2023,2023-12-08,JQPTW54WGHM7
2023-06-GSAFAC-0000001825,GM1XX56LEP58,2023,2023-12-08,DDRRTAMVJWF7
2023-06-GSAFAC-0000006892,UKP2L3T9UJZ3,2023,2023-12-11,KXZSLM95H2M1
2023-06-GSAFAC-0000009343,MNL2NJTQEL78,2023,2023-12-11,NKPRCTJVGK37
2023-06-GSAFAC-0000009343,MNL2NJTQEL78,2023,2023-12-11,KNSDXTMLGTJ7
2023-06-GSAFAC-0000009343,MNL2NJTQEL78,2023,2023-12-11,KGWTJRWV1MP3
2023-06-GSAFAC-0000009343,MNL2NJTQEL78,2023,2023-12-11,MHPNLHMT3WH7
2023-06-GSAFAC-0000009343,MNL2NJTQEL78,2023,2023-12-11,EBANJRTGFV64
2023-06-GSAFAC-0000009343,MNL2NJTQEL78,2023,2023-12-11,VGKLL6YFNAB7
2023-06-GSAFAC-0000009343,MNL2NJTQEL78,2023,2023-12-11,JTJHMPMWMY65
2023-06-GSAFAC-0000000554,ZAFGS74383N9,2023,2023-12-12,YLTVJ54LTGK1
2023-06-GSAFAC-0000005855,QATAALP7E4J9,2023,2023-12-12,JDAGFELS1X63
2023-06-GSAFAC-0000005855,QATAALP7E4J9,2023,2023-12-12,KX5HQ8V8L945
2023-06-GSAFAC-0000012207,EFZMPZAJTZS9,2023,2023-12-13,J3QXNJF34D25
2023-06-GSAFAC-0000009074,HWWLYAH86HD8,2023,2023-12-13,JFQBTFFJJ3N6
2023-06-GSAFAC-0000009074,HWWLYAH86HD8,2023,2023-12-13,JQANXUDCQP69
2022-12-GSAFAC-0000007995,C3LJVANZNME4,2022,2023-12-13,X8PXXNDVYLM8
2022-12-GSAFAC-0000007995,C3LJVANZNME4,2022,2023-12-13,V7XYMJXKGAC8
2022-12-GSAFAC-0000007995,C3LJVANZNME4,2022,2023-12-13,HHNQUBEPJNS7
2022-12-GSAFAC-0000007995,C3LJVANZNME4,2022,2023-12-13,F8YJNM52HKF4
2023-06-GSAFAC-0000010917,R4SYTR7G6PJ6,2023,2023-12-13,JG9GFAES5D97
2023-06-GSAFAC-0000008485,L3EXK4J98JQ1,2023,2023-12-13,GKV2XVHF4P77
2023-06-GSAFAC-0000008485,L3EXK4J98JQ1,2023,2023-12-13,X7WCHRYHLSZ7
2023-06-GSAFAC-0000008485,L3EXK4J98JQ1,2023,2023-12-13,F3ACTE3UL6N9
2023-06-GSAFAC-0000008485,L3EXK4J98JQ1,2023,2023-12-13,CZADHND4M5B1
2023-06-GSAFAC-0000008485,L3EXK4J98JQ1,2023,2023-12-13,D5J7RE1JDLX3
2023-06-GSAFAC-0000008485,L3EXK4J98JQ1,2023,2023-12-13,HZQVGVJCXMQ7
2023-06-GSAFAC-0000000076,YFVVJ5MCQ4U3,2023,2023-12-14,NJWKWGVY9898
2022-06-GSAFAC-0000011674,NWEHACCKMUS5,2022,2023-12-14,U2HLCNU1HCM5
2022-06-GSAFAC-0000011674,NWEHACCKMUS5,2022,2023-12-14,L1ZZXP7AG1C3
2022-06-GSAFAC-0000011674,NWEHACCKMUS5,2022,2023-12-14,FNTAQBBSBKC5
2023-06-GSAFAC-0000011751,F8WGYAGJY4J4,2023,2023-12-14,GB7CEP411J67
2023-09-GSAFAC-0000009281,YS8MKJGJN857,2023,2023-12-14,FLJ7DQKLL226
2023-09-GSAFAC-0000009281,YS8MKJGJN857,2023,2023-12-14,NA7AKMLK2BM1
2023-09-GSAFAC-0000009281,YS8MKJGJN857,2023,2023-12-14,MEHJALA6GFP7
2023-09-GSAFAC-0000009281,YS8MKJGJN857,2023,2023-12-14,XQQJEDK7JC21
2023-09-GSAFAC-0000009281,YS8MKJGJN857,2023,2023-12-14,QN6MS4VN7BD1
2023-09-GSAFAC-0000009281,YS8MKJGJN857,2023,2023-12-14,JZWJLWEF1KR9
2023-09-GSAFAC-0000009281,YS8MKJGJN857,2023,2023-12-14,MCKWJYCWNVN3
2023-09-GSAFAC-0000009281,YS8MKJGJN857,2023,2023-12-14,UE5KCLMVSHU1
2023-09-GSAFAC-0000009281,YS8MKJGJN857,2023,2023-12-14,HZTSVFF4NSX6
2023-06-GSAFAC-0000012943,DW25GGH718G5,2023,2023-12-14,XQ8MDCZHPCA3
2023-06-GSAFAC-0000012228,X6JLFEKZY1P7,2023,2023-12-14,M1KRFCZ9THM5
2023-06-GSAFAC-0000012661,FJN1KQNN38M5,2023,2023-12-14,D15KN2HQ53C7
2024-06-GSAFAC-0000010871,WE12M4WA9MC1,2023,2023-12-14,FMLDZA2G3799
2024-06-GSAFAC-0000010871,WE12M4WA9MC1,2023,2023-12-14,KHH2FT2JG323
2024-06-GSAFAC-0000010871,WE12M4WA9MC1,2023,2023-12-14,HZNCJHYN4MC9
2024-06-GSAFAC-0000010871,WE12M4WA9MC1,2023,2023-12-14,WRWLX6FV9EF5
2024-06-GSAFAC-0000010871,WE12M4WA9MC1,2023,2023-12-14,J97JM3TD38X7
2024-06-GSAFAC-0000010871,WE12M4WA9MC1,2023,2023-12-14,GULQZBMP2SR3
2024-06-GSAFAC-0000010871,WE12M4WA9MC1,2023,2023-12-14,H8Q4KLPE1WV3
2024-06-GSAFAC-0000010871,WE12M4WA9MC1,2023,2023-12-14,J4MAQ69KQKF5
2024-06-GSAFAC-0000010871,WE12M4WA9MC1,2023,2023-12-14,LZLQKKFNBLN3
2024-06-GSAFAC-0000010871,WE12M4WA9MC1,2023,2023-12-14,YAEESL5VL8V9
2024-06-GSAFAC-0000010871,WE12M4WA9MC1,2023,2023-12-14,TCK9JACGRSN7
2024-06-GSAFAC-0000010871,WE12M4WA9MC1,2023,2023-12-14,EF6LD35DT5Q9
2024-06-GSAFAC-0000010871,WE12M4WA9MC1,2023,2023-12-14,HH7BB2H1AK13
2024-06-GSAFAC-0000010871,WE12M4WA9MC1,2023,2023-12-14,XMB7JSU3F576
2024-06-GSAFAC-0000010871,WE12M4WA9MC1,2023,2023-12-14,EVQTXXMR4D39
2024-06-GSAFAC-0000010871,WE12M4WA9MC1,2023,2023-12-14,HBP9AUHF3MJ3
2024-06-GSAFAC-0000010871,WE12M4WA9MC1,2023,2023-12-14,DDFHW6WJ74G1
2024-06-GSAFAC-0000010871,WE12M4WA9MC1,2023,2023-12-14,QTABT6EYMGT3
2023-06-GSAFAC-0000012629,JKS8PEKYNVL5,2023,2023-12-14,FQLUQGKPX593
2023-06-GSAFAC-0000012295,XNN9UWPHYJA4,2023,2023-12-15,DGRKF9JM8BZ5
2023-06-GSAFAC-0000010865,JK4TQLEH2PN5,2023,2023-12-15,VJ29NB8GUMS6
2023-06-GSAFAC-0000010069,ZTXJXKXGF5S3,2023,2023-12-15,MKJ6RBLHG871
2023-06-GSAFAC-0000013060,PKAGEXPV4EE8,2023,2023-12-15,D15GKK2BHL99
2023-06-GSAFAC-0000012789,LG9HG3GMBAB7,2023,2023-12-15,R1NGWSM8VM33
2023-06-GSAFAC-0000012977,NJ2LM9KK2316,2023,2023-12-15,GNZMEYCB22K6
2023-06-GSAFAC-0000012977,NJ2LM9KK2316,2023,2023-12-15,QH1EEPNS84T6
2023-06-GSAFAC-0000011880,UEYKTPWSV9Q9,2023,2023-12-15,ZDU8KCUE4DK8
2023-06-GSAFAC-0000008760,L2MKKXJMJRH8,2023,2023-12-15,NK68JH2NXDJ4
2023-06-GSAFAC-0000011465,LLVKP6XGEHD1,2023,2023-12-15,EE7CNMNCLMK3
2023-06-GSAFAC-0000009025,WL9FLBRVPJJ7,2023,2023-12-15,C1F5LNUF7W86
2023-06-GSAFAC-0000006662,HQLAHHQYTMF1,2023,2023-12-18,HHPLU33ZXNS9
2023-06-GSAFAC-0000006662,HQLAHHQYTMF1,2023,2023-12-18,TSMUJ3N1LGJ9
2023-06-GSAFAC-0000006662,HQLAHHQYTMF1,2023,2023-12-18,CRXKBFWSJDK3
2023-06-GSAFAC-0000006662,HQLAHHQYTMF1,2023,2023-12-18,L945ECWE28V8
2023-06-GSAFAC-0000006662,HQLAHHQYTMF1,2023,2023-12-18,WBHUMRJWEJT6
2023-06-GSAFAC-0000006662,HQLAHHQYTMF1,2023,2023-12-18,VALJG8SLFMC8
2023-06-GSAFAC-0000006662,HQLAHHQYTMF1,2023,2023-12-18,W68KBT5Z2Y67
2023-06-GSAFAC-0000006662,HQLAHHQYTMF1,2023,2023-12-18,JP7CHRJW2HJ7
2023-06-GSAFAC-0000006662,HQLAHHQYTMF1,2023,2023-12-18,UV1TE6M23VC7
2023-06-GSAFAC-0000006662,HQLAHHQYTMF1,2023,2023-12-18,L38CDGPSRA54
2023-06-GSAFAC-0000006662,HQLAHHQYTMF1,2023,2023-12-18,EGFCMV8N2CB8
2023-06-GSAFAC-0000006662,HQLAHHQYTMF1,2023,2023-12-18,SKBPY3CHMJB6
2023-06-GSAFAC-0000006662,HQLAHHQYTMF1,2023,2023-12-18,Z1VAZEJQZW76
2023-06-GSAFAC-0000006662,HQLAHHQYTMF1,2023,2023-12-18,FXVDKXSKPEB5
2023-06-GSAFAC-0000006662,HQLAHHQYTMF1,2023,2023-12-18,SKGBQYEDT8X4
2023-06-GSAFAC-0000006662,HQLAHHQYTMF1,2023,2023-12-18,KMGJR8UXL639
2023-06-GSAFAC-0000006662,HQLAHHQYTMF1,2023,2023-12-18,CX5LGBFSTRF8
2023-06-GSAFAC-0000006662,HQLAHHQYTMF1,2023,2023-12-18,WLPCD1ZJB7X3
2023-06-GSAFAC-0000006662,HQLAHHQYTMF1,2023,2023-12-18,N4KTE7DD7XM5
2023-06-GSAFAC-0000006662,HQLAHHQYTMF1,2023,2023-12-18,L464NUZNLB93
2023-06-GSAFAC-0000006662,HQLAHHQYTMF1,2023,2023-12-18,FGY8JSFLRCP7
2023-06-GSAFAC-0000006662,HQLAHHQYTMF1,2023,2023-12-18,NNNDP8GXDD75
2023-06-GSAFAC-0000006662,HQLAHHQYTMF1,2023,2023-12-18,LJSMJEMUJVQ7
2023-06-GSAFAC-0000006662,HQLAHHQYTMF1,2023,2023-12-18,W2KFHVJG3AN7
2023-06-GSAFAC-0000000545,NMPHKYJADG58,2023,2023-12-18,E9UKPK2MMAM3
2023-06-GSAFAC-0000013624,C1MZSNM5PNJ6,2023,2023-12-18,CTB8N2UASUL4
2023-06-GSAFAC-0000013624,C1MZSNM5PNJ6,2023,2023-12-18,HVTJQX6JG8J1
2023-06-GSAFAC-0000010982,RAS9AS44BBQ8,2023,2023-12-18,H7N2W7LLUMV7
2023-06-GSAFAC-0000009158,HLTMVS2JZBS6,2023,2023-12-18,KK6NAHA8V1M4
2023-06-GSAFAC-0000011715,HPMPHYRFX5T5,2023,2023-12-18,H1TCZPAD25B3
2022-12-GSAFAC-0000009590,D29LBYH4VSF5,2022,2023-12-18,YAXNMF3JT6M8
2023-06-GSAFAC-0000011500,RSS6JEMLHV29,2023,2023-12-19,NTEKU95XXLN4
2023-06-GSAFAC-0000012253,ES1MHJ815XS1,2023,2023-12-19,XG4LJLCKWLG3
2023-06-GSAFAC-0000012253,ES1MHJ815XS1,2023,2023-12-19,KDL6KJDHGFW1
2023-06-GSAFAC-0000012406,W2ZUFMBDM378,2023,2023-12-19,H667MKQCNG53
2023-06-GSAFAC-0000012406,W2ZUFMBDM378,2023,2023-12-19,P326BBJU66M3
2023-06-GSAFAC-0000012406,W2ZUFMBDM378,2023,2023-12-19,N92TLMNFZDQ6
2023-06-GSAFAC-0000002620,QPYDRFVHLLT4,2023,2023-12-20,LB3DLKQRKPF5
2023-03-GSAFAC-0000011458,C691JDUN99Y7,2023,2023-12-20,GVEMBYN4M4C5
2023-06-GSAFAC-0000003700,MYX9B6NDMS25,2023,2023-12-20,QAVEZ4YMGKR7
2023-06-GSAFAC-0000003700,MYX9B6NDMS25,2023,2023-12-20,MKJJK6WB82N3
2023-06-GSAFAC-0000003700,MYX9B6NDMS25,2023,2023-12-20,JXBRJUNMMT64
2023-06-GSAFAC-0000010037,G4QYG2AFEML5,2023,2023-12-20,DJANMH9X9NA7
2023-06-GSAFAC-0000010037,G4QYG2AFEML5,2023,2023-12-20,DNCMNV384VA9
2023-06-GSAFAC-0000010037,G4QYG2AFEML5,2023,2023-12-20,JCKLZSKXGBK1
2023-06-GSAFAC-0000010037,G4QYG2AFEML5,2023,2023-12-20,DSCSK4K73QC4
2023-06-GSAFAC-0000010037,G4QYG2AFEML5,2023,2023-12-20,QC69MTE3BBM6
2023-06-GSAFAC-0000010037,G4QYG2AFEML5,2023,2023-12-20,R2JBLXWX2GY9
2023-06-GSAFAC-0000010037,G4QYG2AFEML5,2023,2023-12-20,W39GBMH7KLT1
2023-06-GSAFAC-0000010037,G4QYG2AFEML5,2023,2023-12-20,UA9BHBRT3P99
2023-06-GSAFAC-0000010037,G4QYG2AFEML5,2023,2023-12-20,FX1HV8S6BJX8
2023-06-GSAFAC-0000010037,G4QYG2AFEML5,2023,2023-12-20,JUBCEQW3NG75
2023-06-GSAFAC-0000014452,L4WTJ2BXK283,2023,2023-12-20,RAEVMTBX2LP8
2023-09-GSAFAC-0000013477,MLRFM5DE1HN4,2023,2023-12-20,D878U5S6DCM5
2023-09-GSAFAC-0000013477,MLRFM5DE1HN4,2023,2023-12-20,SRNPSJBBG3R6
2023-09-GSAFAC-0000013477,MLRFM5DE1HN4,2023,2023-12-20,CEJUQZDZ8FJ5
2023-09-GSAFAC-0000013477,MLRFM5DE1HN4,2023,2023-12-20,CHY3KEKKLSL6
2023-09-GSAFAC-0000013477,MLRFM5DE1HN4,2023,2023-12-20,CJSFSU8E7TJ8
2023-09-GSAFAC-0000013477,MLRFM5DE1HN4,2023,2023-12-20,CKDEK1UZQ3H8
2023-09-GSAFAC-0000013477,MLRFM5DE1HN4,2023,2023-12-20,CKPDEBRN4S53
2023-09-GSAFAC-0000013477,MLRFM5DE1HN4,2023,2023-12-20,CKQ9NV7CZ4L6
2023-09-GSAFAC-0000013477,MLRFM5DE1HN4,2023,2023-12-20,GTLWRAXBWTT6
2023-06-GSAFAC-0000013799,ESKZMHHYCCR9,2023,2023-12-20,MSUAVF9L5P78
2023-06-GSAFAC-0000012151,XHJJSUAL4H89,2023,2023-12-20,XKHDZHP1A4D9
2023-06-GSAFAC-0000012151,XHJJSUAL4H89,2023,2023-12-20,EXGAP96KY1M5
2022-06-GSAFAC-0000010948,E5ARSPNBRNT7,2022,2023-12-20,VWJZQE1J8EH7
2022-06-GSAFAC-0000010948,E5ARSPNBRNT7,2022,2023-12-20,LJ4SYQ4L8WJ2
2022-06-GSAFAC-0000010948,E5ARSPNBRNT7,2022,2023-12-20,NTLHJXM55KZ5
2022-06-GSAFAC-0000010948,E5ARSPNBRNT7,2022,2023-12-20,P45SKHQ3V6H1
2022-06-GSAFAC-0000010948,E5ARSPNBRNT7,2022,2023-12-20,NKJGJQYQJKR3
2022-06-GSAFAC-0000010948,E5ARSPNBRNT7,2022,2023-12-20,QX2SDC1DM512
2022-06-GSAFAC-0000010948,E5ARSPNBRNT7,2022,2023-12-20,GKS5UARJWBX3
2022-06-GSAFAC-0000010948,E5ARSPNBRNT7,2022,2023-12-20,X4K2J75KFDN4
2022-06-GSAFAC-0000010948,E5ARSPNBRNT7,2022,2023-12-20,TFDBBARLGD54
2022-06-GSAFAC-0000010948,E5ARSPNBRNT7,2022,2023-12-20,EHSKBM4LRMD9
2022-06-GSAFAC-0000010948,E5ARSPNBRNT7,2022,2023-12-20,JY7DSJ6JG6L3
2022-06-GSAFAC-0000010948,E5ARSPNBRNT7,2022,2023-12-20,WZBTSTM7NG64
2022-06-GSAFAC-0000010948,E5ARSPNBRNT7,2022,2023-12-20,QEMQV2KFSMF3
2022-06-GSAFAC-0000010948,E5ARSPNBRNT7,2022,2023-12-20,XVMBHKMJ6AU7
2022-06-GSAFAC-0000010948,E5ARSPNBRNT7,2022,2023-12-20,QL8BNSZDG687
2022-06-GSAFAC-0000010948,E5ARSPNBRNT7,2022,2023-12-20,Y4UQH8XJ5BZ0
2022-06-GSAFAC-0000010948,E5ARSPNBRNT7,2022,2023-12-20,ZYV6VJLL4N75
2022-06-GSAFAC-0000010948,E5ARSPNBRNT7,2022,2023-12-20,FKD7PVHQ4M35
2022-06-GSAFAC-0000010948,E5ARSPNBRNT7,2022,2023-12-20,SA2DN1YA58W4
2022-06-GSAFAC-0000010948,E5ARSPNBRNT7,2022,2023-12-20,MBANDMSHWJU9
2022-06-GSAFAC-0000010948,E5ARSPNBRNT7,2022,2023-12-20,UTNKGUE4YPX4
2022-06-GSAFAC-0000010948,E5ARSPNBRNT7,2022,2023-12-20,Q5J5QBCYAWN6
2022-06-GSAFAC-0000010948,E5ARSPNBRNT7,2022,2023-12-20,KR5PQQ65DZJ8
2022-06-GSAFAC-0000010948,E5ARSPNBRNT7,2022,2023-12-20,EL9HZNBAN1B9
2022-06-GSAFAC-0000010948,E5ARSPNBRNT7,2022,2023-12-20,LJGVPF5ULHJ2
2022-06-GSAFAC-0000010948,E5ARSPNBRNT7,2022,2023-12-20,Q15DSNA5KN97
2022-06-GSAFAC-0000010948,E5ARSPNBRNT7,2022,2023-12-20,ZJMWJSPVJ2Y1
2022-06-GSAFAC-0000010948,E5ARSPNBRNT7,2022,2023-12-20,UKUUDMSCD5D1
2022-06-GSAFAC-0000010948,E5ARSPNBRNT7,2022,2023-12-20,QMWUG1AMYF65
2022-06-GSAFAC-0000010948,E5ARSPNBRNT7,2022,2023-12-20,FUNLLDXNKG25
2022-06-GSAFAC-0000010948,E5ARSPNBRNT7,2022,2023-12-20,NEW3VCSTD417
2022-06-GSAFAC-0000010948,E5ARSPNBRNT7,2022,2023-12-20,LF8TS2H7S9D5
2022-06-GSAFAC-0000010948,E5ARSPNBRNT7,2022,2023-12-20,H1P1VHMRJMM6
2022-06-GSAFAC-0000010948,E5ARSPNBRNT7,2022,2023-12-20,KM3DP91LK3Y5
2022-06-GSAFAC-0000010948,E5ARSPNBRNT7,2022,2023-12-20,UQ57BMEMNN95
2022-06-GSAFAC-0000010948,E5ARSPNBRNT7,2022,2023-12-20,DDE7HD4E8PM5
2022-06-GSAFAC-0000010948,E5ARSPNBRNT7,2022,2023-12-20,SGQYZNJNKXL4
2022-06-GSAFAC-0000010948,E5ARSPNBRNT7,2022,2023-12-20,MXHAS3AKPRN0
2022-06-GSAFAC-0000010948,E5ARSPNBRNT7,2022,2023-12-20,NKJGJQYQJKR3
2022-06-GSAFAC-0000010948,E5ARSPNBRNT7,2022,2023-12-20,RNJZVWLZB426
2022-06-GSAFAC-0000010948,E5ARSPNBRNT7,2022,2023-12-20,K9KFA94LLPJ6
2022-06-GSAFAC-0000010948,E5ARSPNBRNT7,2022,2023-12-20,U71GVYK3QNT6
2022-06-GSAFAC-0000010948,E5ARSPNBRNT7,2022,2023-12-20,JB34MMKBKGY7
2022-06-GSAFAC-0000010948,E5ARSPNBRNT7,2022,2023-12-20,HKAFRTHRGL23
2022-06-GSAFAC-0000010948,E5ARSPNBRNT7,2022,2023-12-20,WKRWG1FNUN75
2022-06-GSAFAC-0000010948,E5ARSPNBRNT7,2022,2023-12-20,GDK9UXYM6LF1
2022-06-GSAFAC-0000010948,E5ARSPNBRNT7,2022,2023-12-20,C1HSMYXCVVK2
2022-06-GSAFAC-0000010948,E5ARSPNBRNT7,2022,2023-12-20,J42JJ5PK1878
2022-06-GSAFAC-0000010948,E5ARSPNBRNT7,2022,2023-12-20,C3A1J66ML644
2022-06-GSAFAC-0000010948,E5ARSPNBRNT7,2022,2023-12-20,SSR7BRTRESG9
2022-06-GSAFAC-0000010948,E5ARSPNBRNT7,2022,2023-12-20,XM1LLLJ78HX5
2023-03-GSAFAC-0000014159,N7XLYHWA1V79,2023,2023-12-21,QZHTUEMP5H29
2023-06-GSAFAC-0000004413,NXM1VK9NQ4C5,2023,2023-12-21,Q2YYZXF6CQ53
2023-06-GSAFAC-0000010525,VMKPNYHAL941,2023,2023-12-21,DMFJL5LWA8L4
2023-06-GSAFAC-0000010525,VMKPNYHAL941,2023,2023-12-21,EJ3WQHLQBMG5
2023-06-GSAFAC-0000012216,XZ9KP9XDNCS4,2023,2023-12-21,N5JNFV8VXZJ4
2023-06-GSAFAC-0000012216,XZ9KP9XDNCS4,2023,2023-12-21,EMQ3A2A62EQ9
2023-06-GSAFAC-0000012216,XZ9KP9XDNCS4,2023,2023-12-21,T11SQ3VAGHC5
2023-06-GSAFAC-0000012216,XZ9KP9XDNCS4,2023,2023-12-21,LYLEEKQ5N7S5
2023-06-GSAFAC-0000012216,XZ9KP9XDNCS4,2023,2023-12-21,M67EEKUW6235
2023-06-GSAFAC-0000012216,XZ9KP9XDNCS4,2023,2023-12-21,YSHBBUA8L4H5
2023-06-GSAFAC-0000006525,QLCEPNGARYH3,2023,2023-12-21,QFP5PJ6QGZS3
2023-06-GSAFAC-0000006525,QLCEPNGARYH3,2023,2023-12-21,TMNXKZBFG185
2023-06-GSAFAC-0000006525,QLCEPNGARYH3,2023,2023-12-21,HNLGJQZLSWQ8
2023-06-GSAFAC-0000006525,QLCEPNGARYH3,2023,2023-12-21,NBJRBJEM3NY7
2023-06-GSAFAC-0000006525,QLCEPNGARYH3,2023,2023-12-21,GYL9EW9XGYX1
2023-06-GSAFAC-0000006525,QLCEPNGARYH3,2023,2023-12-21,HRWELHYJ82L3
2023-06-GSAFAC-0000006525,QLCEPNGARYH3,2023,2023-12-21,GQKFW3YSSBE8
2023-06-GSAFAC-0000006525,QLCEPNGARYH3,2023,2023-12-21,KGU8UERW5966
2023-06-GSAFAC-0000006525,QLCEPNGARYH3,2023,2023-12-21,JLGNRGMCSVR6
2023-06-GSAFAC-0000006525,QLCEPNGARYH3,2023,2023-12-21,E8H8CNSFVAZ3
2023-06-GSAFAC-0000006525,QLCEPNGARYH3,2023,2023-12-21,DRFCKULHJKR6
2023-06-GSAFAC-0000006525,QLCEPNGARYH3,2023,2023-12-21,SYMWUNKAV5J6
2023-06-GSAFAC-0000006525,QLCEPNGARYH3,2023,2023-12-21,U5BJFGHG8AS5
2023-06-GSAFAC-0000006525,QLCEPNGARYH3,2023,2023-12-21,FZN2FY7ZSE22
2023-06-GSAFAC-0000008877,V94MVF2WR7Z9,2023,2023-12-21,Z638SSL78KJ9
2023-06-GSAFAC-0000008877,V94MVF2WR7Z9,2023,2023-12-21,KGZNJQNELV41
2023-06-GSAFAC-0000008877,V94MVF2WR7Z9,2023,2023-12-21,D4AAYZMK3ML6
2023-06-GSAFAC-0000008877,V94MVF2WR7Z9,2023,2023-12-21,ZY3SHXYFTBG5
2022-12-GSAFAC-0000006712,VJAGG6MB7HJ3,2022,2023-12-21,NKQEXYH3CN88
2023-06-GSAFAC-0000013157,GLBPCNCAQ4S4,2023,2023-12-22,F33QYPLL65D9
2023-06-GSAFAC-0000013157,GLBPCNCAQ4S4,2023,2023-12-22,ML9LUZEVCT94
2023-06-GSAFAC-0000014363,FNDXPVCLQ8N9,2023,2023-12-22,FL76NHLDQ3J3
2023-06-GSAFAC-0000009966,J3VJP6KKXA49,2023,2023-12-22,NL78U8FCSL19
2023-06-GSAFAC-0000009966,J3VJP6KKXA49,2023,2023-12-22,DTUWEVASCW67
2023-06-GSAFAC-0000009966,J3VJP6KKXA49,2023,2023-12-22,E5WFJBN4GNZ1
2023-06-GSAFAC-0000013454,K5TMAM98KHD3,2023,2023-12-22,QKLDAEW9PZK4
2023-06-GSAFAC-0000013454,K5TMAM98KHD3,2023,2023-12-22,ZJNXEXHQU8K5
2023-06-GSAFAC-0000013454,K5TMAM98KHD3,2023,2023-12-22,GJZRY49WLNF1
2023-06-GSAFAC-0000013454,K5TMAM98KHD3,2023,2023-12-22,C37ZHGPCB673
2023-06-GSAFAC-0000013476,FFEEFY1RB5B5,2023,2023-12-22,W3A1KZDHNW61
2023-06-GSAFAC-0000013476,FFEEFY1RB5B5,2023,2023-12-22,EHP5HV4AFBB5
2023-06-GSAFAC-0000013476,FFEEFY1RB5B5,2023,2023-12-22,HTNEEX28L1B7
2023-06-GSAFAC-0000013476,FFEEFY1RB5B5,2023,2023-12-22,EE82FFWABN85
2023-06-GSAFAC-0000013476,FFEEFY1RB5B5,2023,2023-12-22,LYT6VVKB1LU8
2023-06-GSAFAC-0000013476,FFEEFY1RB5B5,2023,2023-12-22,CR89MLM3P119
2023-03-GSAFAC-0000003674,HDKAKDQ1KLQ6,2023,2023-12-22,NYE3BJTVAJQ3
2023-06-GSAFAC-0000012604,Z3FGN9MF92U2,2023,2023-12-22,J2KGU972RXG3
2023-03-GSAFAC-0000004597,C5LAXH11CRQ7,2023,2023-12-26,UABYFT4L35X9
2023-03-GSAFAC-0000004597,C5LAXH11CRQ7,2023,2023-12-26,HN8PJ6V1ETZ2
2023-06-GSAFAC-0000002404,DJXMVJM16KJ3,2023,2023-12-27,UQ7KMCZLKG53
2023-06-GSAFAC-0000002404,DJXMVJM16KJ3,2023,2023-12-27,PZLKZMCV5FK3
2023-03-GSAFAC-0000015135,GLVTLKKJDNK5,2023,2023-12-28,QJUTD3J1G1D3
2022-12-GSAFAC-0000013608,LHACK1UL6NR3,2022,2023-12-28,YBB2YTQ266X5
2022-12-GSAFAC-0000013608,LHACK1UL6NR3,2022,2023-12-28,VJCDQFM7W7B4
2023-06-GSAFAC-0000013847,JWTSEDDAMHH5,2023,2023-12-28,N68CLJ7QM1P9
2023-06-GSAFAC-0000008374,PUBTQJ43LL23,2023,2023-12-28,KGD2Z8JBEJX8
2023-06-GSAFAC-0000015034,ZKU8R668GNR4,2023,2023-12-28,HVAYLQU925Q9
2023-06-GSAFAC-0000010373,EZXFBFTW8U87,2023,2023-12-28,SR79XCJKHFP9
2023-03-GSAFAC-0000011580,NMRQLLDT3FJ5,2023,2023-12-29,L7PKNCWLQA45
2022-12-GSAFAC-0000010956,NQ65E33F2Y93,2022,2023-12-29,HEPTAW2GNU29
2022-12-GSAFAC-0000010956,NQ65E33F2Y93,2022,2023-12-29,ZDRJH17QJV15
2022-12-GSAFAC-0000010956,NQ65E33F2Y93,2022,2023-12-29,KN1TEC5P3LW1
2022-12-GSAFAC-0000010956,NQ65E33F2Y93,2022,2023-12-29,NQG6LCQ3HP46
2023-03-GSAFAC-0000014002,E17KLBD9ZJ98,2023,2023-12-29,K676MA13RUE9
2023-03-GSAFAC-0000014002,E17KLBD9ZJ98,2023,2023-12-29,F5GAETBPDMJ4
2023-03-GSAFAC-0000011454,NSVFUEY25ML8,2023,2023-12-29,VLRTB12G6KR4
2023-03-GSAFAC-0000011454,NSVFUEY25ML8,2023,2023-12-29,SM48XARY78F8
2023-03-GSAFAC-0000011454,NSVFUEY25ML8,2023,2023-12-29,FJPHELBK1623
2023-03-GSAFAC-0000014227,ZY63XPTXNZC3,2023,2023-12-29,EMMVBR5FQ1A3
2023-03-GSAFAC-0000014227,ZY63XPTXNZC3,2023,2023-12-29,US1NHRAWLHG9
2023-03-GSAFAC-0000014227,ZY63XPTXNZC3,2023,2023-12-29,Q54HEGF8VMM7
2023-03-GSAFAC-0000010832,LBWAC6D182N9,2023,2023-12-29,KMYTNKF8MAF9
2023-03-GSAFAC-0000010832,LBWAC6D182N9,2023,2023-12-29,NC4DNBA2CMB4
2023-06-GSAFAC-0000015114,XLKJCV9RJHD8,2023,2023-12-29,QXJ2NLK5VU43
2023-06-GSAFAC-0000015114,XLKJCV9RJHD8,2023,2023-12-29,GQ6HR79DFL63
2023-03-GSAFAC-0000015834,JLPNDP22H6K4,2023,2023-12-29,W6JLN9ALWL34
2022-06-CENSUS-0000196717,J7C8WLVK66Q1,2022,2023-01-06,ZFXXLB26H538
2022-12-CENSUS-0000048623,HQDMY6A6WA59,2022,2023-07-15,QU6NR4LMMAG9
2022-06-CENSUS-0000257692,SHJ1DCHB36N6,2022,2023-03-29,CZ4EMXN4TTH9
2022-06-CENSUS-0000257692,SHJ1DCHB36N6,2022,2023-03-29,MD2CSCH3E515
2022-12-CENSUS-0000254855,HSJXBUEG4JF5,2022,2023-09-28,X64HFGK3D7L9
2022-12-CENSUS-0000254855,HSJXBUEG4JF5,2022,2023-09-28,RMMPQNMP7TP3
2022-09-CENSUS-0000058130,ULK7DXFED621,2022,2023-02-03,PWYHNSJYEWN6
2022-09-CENSUS-0000058130,ULK7DXFED621,2022,2023-02-03,LJX7UBEYA9B4
2022-09-CENSUS-0000058130,ULK7DXFED621,2022,2023-02-03,NK6FNVSJPXM4
2022-09-CENSUS-0000058130,ULK7DXFED621,2022,2023-02-03,C3YEFLZBT717
2022-09-CENSUS-0000058130,ULK7DXFED621,2022,2023-02-03,G1X4DAFYQ743
2022-09-CENSUS-0000058130,ULK7DXFED621,2022,2023-02-03,JAJMVVHYWYL3
2022-09-CENSUS-0000058130,ULK7DXFED621,2022,2023-02-03,CJ16KBSKK9W9
2022-09-CENSUS-0000058130,ULK7DXFED621,2022,2023-02-03,J1KLJ99465J1
2022-09-CENSUS-0000058130,ULK7DXFED621,2022,2023-02-03,V75GVNQQ1LP1
2022-09-CENSUS-0000058130,ULK7DXFED621,2022,2023-02-03,DRNQD8EA3V94
2022-09-CENSUS-0000058130,ULK7DXFED621,2022,2023-02-03,GZBCYLC9A869
2022-09-CENSUS-0000058130,ULK7DXFED621,2022,2023-02-03,WEKAGB97MZL5
2022-09-CENSUS-0000058130,ULK7DXFED621,2022,2023-02-03,XZB2ZCE237H7
2022-09-CENSUS-0000058130,ULK7DXFED621,2022,2023-02-03,LVJNF5G64JK8
2022-09-CENSUS-0000058130,ULK7DXFED621,2022,2023-02-03,CMQXW3NGJ683
2022-09-CENSUS-0000058130,ULK7DXFED621,2022,2023-02-03,M1BMEJ8K9NK5
2022-09-CENSUS-0000058130,ULK7DXFED621,2022,2023-02-03,FXDATSTX1C75
2022-09-CENSUS-0000058130,ULK7DXFED621,2022,2023-02-03,LC37KA27LKJ4
2022-06-CENSUS-0000242217,F9W8NJJ41QX5,2022,2023-02-06,WXJHJ88EJ3R6
2022-06-CENSUS-0000102323,KMBMU31B2H17,2022,2023-02-05,T36VMJJUAAL4
2022-06-CENSUS-0000102323,KMBMU31B2H17,2022,2023-02-05,UF4HWZH5AYE6
2022-06-CENSUS-0000102323,KMBMU31B2H17,2022,2023-02-05,DAENZKK4E7W5
2022-06-CENSUS-0000102323,KMBMU31B2H17,2022,2023-02-05,T2NTAJ7EJE76
2022-09-CENSUS-0000238808,SSEEF5MGC9H9,2022,2023-06-29,UJGNPDP2ETM3
2022-09-CENSUS-0000238808,SSEEF5MGC9H9,2022,2023-06-29,QTLCBUXFJLW5
2022-09-CENSUS-0000238808,SSEEF5MGC9H9,2022,2023-06-29,G7USCB5TJKC3
2022-09-CENSUS-0000238808,SSEEF5MGC9H9,2022,2023-06-29,ECAAFR9FER85
2022-09-CENSUS-0000238808,SSEEF5MGC9H9,2022,2023-06-29,XFBSHC1SJJ29
2022-09-CENSUS-0000238808,SSEEF5MGC9H9,2022,2023-06-29,LZJLRQULKV53
2022-09-CENSUS-0000238808,SSEEF5MGC9H9,2022,2023-06-29,VCFYEQJXU2F5
2022-09-CENSUS-0000238808,SSEEF5MGC9H9,2022,2023-06-29,JUAVMC1PGSF7
2022-09-CENSUS-0000238808,SSEEF5MGC9H9,2022,2023-06-29,S8WUANFYDJB1
2022-09-CENSUS-0000238808,SSEEF5MGC9H9,2022,2023-06-29,KALUC1YF6FN3
2022-09-CENSUS-0000238808,SSEEF5MGC9H9,2022,2023-06-29,QRTYGQW58JB8
2022-09-CENSUS-0000238808,SSEEF5MGC9H9,2022,2023-06-29,YPJYS6KF6T27
2022-09-CENSUS-0000238808,SSEEF5MGC9H9,2022,2023-06-29,LN42SKKGP8C1
2022-12-CENSUS-0000055033,NKMWNANBC2J9,2022,2023-08-27,JH8UYEQ7NGL4
2022-12-CENSUS-0000055033,NKMWNANBC2J9,2022,2023-08-27,R2KZKK7J5RL7
2022-12-CENSUS-0000055033,NKMWNANBC2J9,2022,2023-08-27,G6Q8PD2NGDS4
2022-12-CENSUS-0000055033,NKMWNANBC2J9,2022,2023-08-27,KNFDXNL735J5
2022-12-CENSUS-0000055033,NKMWNANBC2J9,2022,2023-08-27,XKQMLVLG2ZK4
2022-12-CENSUS-0000055033,NKMWNANBC2J9,2022,2023-08-27,MF4XN9LF1PT1
2022-12-CENSUS-0000055033,NKMWNANBC2J9,2022,2023-08-27,JRQ5NMLDBKA3
2022-12-CENSUS-0000055033,NKMWNANBC2J9,2022,2023-08-27,XBWEJTAJPAL3
2022-12-CENSUS-0000055033,NKMWNANBC2J9,2022,2023-08-27,TJZMHUNKGB23
2022-12-CENSUS-0000055033,NKMWNANBC2J9,2022,2023-08-27,TULQKTJKBJN4
2022-12-CENSUS-0000055033,NKMWNANBC2J9,2022,2023-08-27,LS59N4AGT8D3
2022-12-CENSUS-0000055033,NKMWNANBC2J9,2022,2023-08-27,VJH9NBK6Q2N3
2022-12-CENSUS-0000055033,NKMWNANBC2J9,2022,2023-08-27,KJG5H9JV69P8
2022-12-CENSUS-0000055033,NKMWNANBC2J9,2022,2023-08-27,YPZ9ED14KCK5
2022-12-CENSUS-0000055033,NKMWNANBC2J9,2022,2023-08-27,C6JVTE997Y51
2022-12-CENSUS-0000055033,NKMWNANBC2J9,2022,2023-08-27,JWBNHYDRGF35
2022-12-CENSUS-0000055033,NKMWNANBC2J9,2022,2023-08-27,DVDCNSBKKT43
2022-12-CENSUS-0000055033,NKMWNANBC2J9,2022,2023-08-27,H1J5LN1E9973
2022-12-CENSUS-0000055033,NKMWNANBC2J9,2022,2023-08-27,JLZFW882TRM7
2022-12-CENSUS-0000055033,NKMWNANBC2J9,2022,2023-08-27,UDPFL23Y9GQ1
2022-12-CENSUS-0000055033,NKMWNANBC2J9,2022,2023-08-27,RL89A6MZMC15
2022-12-CENSUS-0000055033,NKMWNANBC2J9,2022,2023-08-27,XL82DZNJ84V5
2022-12-CENSUS-0000055033,NKMWNANBC2J9,2022,2023-08-27,ES4CPJJXBBA7
2022-12-CENSUS-0000055033,NKMWNANBC2J9,2022,2023-08-27,EA5GGNHB1GS7
2022-12-CENSUS-0000055033,NKMWNANBC2J9,2022,2023-08-27,NPAVYA2WRFR9
2022-12-CENSUS-0000055033,NKMWNANBC2J9,2022,2023-08-27,HZH9CNT838R7
2022-12-CENSUS-0000055033,NKMWNANBC2J9,2022,2023-08-27,E8GTY727NH41
2022-12-CENSUS-0000055033,NKMWNANBC2J9,2022,2023-08-27,FJVDUJQAHDB1
2022-12-CENSUS-0000055033,NKMWNANBC2J9,2022,2023-08-27,LZLAR79QUKB8
2022-09-CENSUS-0000226112,FYV7SX8CN3E1,2022,2023-06-28,MQ29JFMQ91C5
2022-06-CENSUS-0000143623,GLZRCYULDF59,2022,2023-01-12,R15XQARX55D5
2022-06-CENSUS-0000143623,GLZRCYULDF59,2022,2023-01-12,T9J7FMJP8GA1
2022-12-CENSUS-0000074735,JWD8RBBKLL83,2022,2023-09-27,UDNAWKUGTQL4
2022-12-CENSUS-0000074735,JWD8RBBKLL83,2022,2023-09-27,HJSBSDHFJDN7
2022-12-CENSUS-0000074735,JWD8RBBKLL83,2022,2023-09-27,FL75GQCGLXY5
2022-12-CENSUS-0000074735,JWD8RBBKLL83,2022,2023-09-27,NGEBPJ92X7G7
2022-06-CENSUS-0000154686,NAKCKKGNT485,2022,2023-03-16,GB87K49S8JR7
2022-09-CENSUS-0000242639,NDM9CJA8ZSH8,2022,2023-02-05,KQHRECN8FDK8
2022-12-CENSUS-0000153154,PUX4LJEKPMM4,2022,2023-06-12,HJJQDKPJ1WQ2
2022-06-CENSUS-0000131810,ZK45GWUKWMH2,2022,2023-03-29,RELYVC7ESC86
2022-06-CENSUS-0000131810,ZK45GWUKWMH2,2022,2023-03-29,SMVXZK8ZKD68
2022-06-CENSUS-0000131810,ZK45GWUKWMH2,2022,2023-03-29,KGC1XEDLEVH3
2022-06-CENSUS-0000131810,ZK45GWUKWMH2,2022,2023-03-29,N6CAY8HL3NY3
2022-06-CENSUS-0000131810,ZK45GWUKWMH2,2022,2023-03-29,M9BXHNBTH315
2022-06-CENSUS-0000131810,ZK45GWUKWMH2,2022,2023-03-29,FXMSCMPZEPY4
2022-06-CENSUS-0000131810,ZK45GWUKWMH2,2022,2023-03-29,UPVLXN4NFBE8
2022-06-CENSUS-0000131810,ZK45GWUKWMH2,2022,2023-03-29,NMXXRRBJM7R1
2022-06-CENSUS-0000131810,ZK45GWUKWMH2,2022,2023-03-29,FUZ9PX5SFRH8
2022-06-CENSUS-0000131810,ZK45GWUKWMH2,2022,2023-03-29,TFLFDLQZRF94
2022-06-CENSUS-0000131810,ZK45GWUKWMH2,2022,2023-03-29,G9YAAZ7TZS83
2022-06-CENSUS-0000184744,EB6LZJPCWEU3,2022,2023-03-30,XM1KKF9Z41Z6
2022-06-CENSUS-0000184744,EB6LZJPCWEU3,2022,2023-03-30,WDMYN6Q96T71
2022-06-CENSUS-0000184744,EB6LZJPCWEU3,2022,2023-03-30,WSF2CJ1GNEH7
2022-06-CENSUS-0000184744,EB6LZJPCWEU3,2022,2023-03-30,MA5MFLZKNJR3
2022-06-CENSUS-0000184744,EB6LZJPCWEU3,2022,2023-03-30,DBMJHMXN6M15
2022-06-CENSUS-0000184744,EB6LZJPCWEU3,2022,2023-03-30,KSLXK867UZA5
2022-06-CENSUS-0000184744,EB6LZJPCWEU3,2022,2023-03-30,LXKMK5ZYAYY7
2022-06-CENSUS-0000184744,EB6LZJPCWEU3,2022,2023-03-30,NPTPYM3QJGA1
2022-06-CENSUS-0000184744,EB6LZJPCWEU3,2022,2023-03-30,N11GQJJTNLF1
2022-06-CENSUS-0000171418,NFNQYUNV3LX9,2022,2023-02-02,WHMRFMKPCJK3
2022-06-CENSUS-0000218221,DALGH7JMNN76,2022,2023-01-18,TKJGGU7ZHZ17
2022-09-CENSUS-0000253688,VHBDJH88HSF4,2022,2023-06-28,H2DMXXP1DDC9
2022-09-CENSUS-0000253688,VHBDJH88HSF4,2022,2023-06-28,S2KMGNF74NM5
2022-12-CENSUS-0000203869,TAXKGGTKAAU7,2022,2023-09-26,CLH9S6GSKN87
2022-12-CENSUS-0000203869,TAXKGGTKAAU7,2022,2023-09-26,FN17NM5K3M61
2022-12-CENSUS-0000203869,TAXKGGTKAAU7,2022,2023-09-26,DFGLPK8JLL93
2022-12-CENSUS-0000203869,TAXKGGTKAAU7,2022,2023-09-26,ULMDMPH1LJS8
2022-12-CENSUS-0000203869,TAXKGGTKAAU7,2022,2023-09-26,L7KDKJCE41S5
2022-12-CENSUS-0000203869,TAXKGGTKAAU7,2022,2023-09-26,NPQ2BELGY8V7
2022-12-CENSUS-0000203869,TAXKGGTKAAU7,2022,2023-09-26,EV2QSMKZ1WZ8
2022-12-CENSUS-0000203869,TAXKGGTKAAU7,2022,2023-09-26,UZZ4TTN9RU43
2022-12-CENSUS-0000203869,TAXKGGTKAAU7,2022,2023-09-26,KWBMAEEMUK21
2022-12-CENSUS-0000203869,TAXKGGTKAAU7,2022,2023-09-26,F4FVHKREM9Z5
2022-12-CENSUS-0000203869,TAXKGGTKAAU7,2022,2023-09-26,CHXBMGK8QNV3
2022-12-CENSUS-0000203869,TAXKGGTKAAU7,2022,2023-09-26,EK60MP31N777
2022-06-CENSUS-0000148254,QGD3P56AKQK7,2022,2023-06-20,U2HJZLKC12H7
2022-06-CENSUS-0000148254,QGD3P56AKQK7,2022,2023-06-20,M568PDBX1GL4
2022-06-CENSUS-0000232993,MTS1L8X5JU33,2022,2023-01-09,VJKJPJGH6NU3
2022-06-CENSUS-0000232993,MTS1L8X5JU33,2022,2023-01-09,VGS7LBBXW2B9
2022-06-CENSUS-0000232993,MTS1L8X5JU33,2022,2023-01-09,W8KTNNQGTZ25
2022-06-CENSUS-0000144303,JRVGUJWBKPG9,2022,2023-01-05,UM5ZMQS5H2W5
2022-06-CENSUS-0000144303,JRVGUJWBKPG9,2022,2023-01-05,E7FTK7YSNB57
2022-06-CENSUS-0000144303,JRVGUJWBKPG9,2022,2023-01-05,NZSNDNQHTNM3
2022-06-CENSUS-0000144303,JRVGUJWBKPG9,2022,2023-01-05,YL8QHJFYDZ37
2022-06-CENSUS-0000144303,JRVGUJWBKPG9,2022,2023-01-05,JW8HN6B5T8V6
2022-06-CENSUS-0000235872,ESDFCNAM7PV7,2022,2023-03-08,MR9LDZZZBZW6
2022-06-CENSUS-0000235872,ESDFCNAM7PV7,2022,2023-03-08,VTLEU2ASUVK9
2022-06-CENSUS-0000235872,ESDFCNAM7PV7,2022,2023-03-08,PU1BQH284C69
2022-06-CENSUS-0000235872,ESDFCNAM7PV7,2022,2023-03-08,KM4JXMLVCVD5
2022-06-CENSUS-0000235872,ESDFCNAM7PV7,2022,2023-03-08,ZXA7RNUFYWH6
2022-06-CENSUS-0000235872,ESDFCNAM7PV7,2022,2023-03-08,QH3AE2RLGQR5
2022-06-CENSUS-0000235872,ESDFCNAM7PV7,2022,2023-03-08,ET88X25RVGH8
2022-06-CENSUS-0000235872,ESDFCNAM7PV7,2022,2023-03-08,HF16DKLN59M3
2022-06-CENSUS-0000235872,ESDFCNAM7PV7,2022,2023-03-08,KWRJS7TMHHV7
2022-06-CENSUS-0000235872,ESDFCNAM7PV7,2022,2023-03-08,MU8UA6GM5KW7
2022-06-CENSUS-0000235872,ESDFCNAM7PV7,2022,2023-03-08,SRY6JJL6G9L1
2022-06-CENSUS-0000235872,ESDFCNAM7PV7,2022,2023-03-08,NQ55NJFLBGQ9
2022-06-CENSUS-0000235872,ESDFCNAM7PV7,2022,2023-03-08,JXGRX78KTUJ9
2022-06-CENSUS-0000235872,ESDFCNAM7PV7,2022,2023-03-08,Q6FRCZ93DNA6
2022-06-CENSUS-0000235872,ESDFCNAM7PV7,2022,2023-03-08,JNGKSME8SL33
2022-06-CENSUS-0000235872,ESDFCNAM7PV7,2022,2023-03-08,FNBVPUFFNKB4
2022-06-CENSUS-0000235872,ESDFCNAM7PV7,2022,2023-03-08,WWKAGKTGC7Z4
2022-06-CENSUS-0000235872,ESDFCNAM7PV7,2022,2023-03-08,K1XHFGTG2BA9
2022-06-CENSUS-0000235872,ESDFCNAM7PV7,2022,2023-03-08,CWVTNTSMNQJ8
2022-06-CENSUS-0000235872,ESDFCNAM7PV7,2022,2023-03-08,D6M7NNLLRKT8
2022-06-CENSUS-0000235872,ESDFCNAM7PV7,2022,2023-03-08,J1J4HWP7KVE9
2022-06-CENSUS-0000235872,ESDFCNAM7PV7,2022,2023-03-08,QH63H7AWBT63
2022-06-CENSUS-0000235872,ESDFCNAM7PV7,2022,2023-03-08,JCBZK54BS6X7
2022-06-CENSUS-0000235872,ESDFCNAM7PV7,2022,2023-03-08,CHBYY1GMMKZ5
2022-06-CENSUS-0000235872,ESDFCNAM7PV7,2022,2023-03-08,HNNWFJWAWEQ7
2022-06-CENSUS-0000235872,ESDFCNAM7PV7,2022,2023-03-08,C134Z6YPUE68
2022-06-CENSUS-0000235872,ESDFCNAM7PV7,2022,2023-03-08,NA73LZ67FCK3
2022-06-CENSUS-0000235872,ESDFCNAM7PV7,2022,2023-03-08,PNLNG4CFEWM4
2022-06-CENSUS-0000235872,ESDFCNAM7PV7,2022,2023-03-08,DLQ4KQFT5MA6
2022-06-CENSUS-0000235872,ESDFCNAM7PV7,2022,2023-03-08,EMMHHSJCQAX8
2022-06-CENSUS-0000235872,ESDFCNAM7PV7,2022,2023-03-08,G6GMLDQ2A4E5
2022-06-CENSUS-0000235872,ESDFCNAM7PV7,2022,2023-03-08,E7TWPEK6PGS9
2022-06-CENSUS-0000235872,ESDFCNAM7PV7,2022,2023-03-08,L2FST93QVNX7
2022-06-CENSUS-0000235872,ESDFCNAM7PV7,2022,2023-03-08,DDM1L96UANN5
2022-06-CENSUS-0000235872,ESDFCNAM7PV7,2022,2023-03-08,E6VYCNAGHK55
2022-06-CENSUS-0000235872,ESDFCNAM7PV7,2022,2023-03-08,CLE3XWRKPBU5
2022-06-CENSUS-0000235872,ESDFCNAM7PV7,2022,2023-03-08,KCABLNSEVEH3
2022-06-CENSUS-0000235872,ESDFCNAM7PV7,2022,2023-03-08,J6XSLLAAPHF1
2022-06-CENSUS-0000235872,ESDFCNAM7PV7,2022,2023-03-08,DRDTYBLD5CF6
2022-06-CENSUS-0000235872,ESDFCNAM7PV7,2022,2023-03-08,JMH5ATKC44F5
2022-06-CENSUS-0000235872,ESDFCNAM7PV7,2022,2023-03-08,NNPNFS3MHLM9
2022-06-CENSUS-0000235872,ESDFCNAM7PV7,2022,2023-03-08,DBV2B35YRHM8
2022-06-CENSUS-0000235872,ESDFCNAM7PV7,2022,2023-03-08,YNX4NNY64ER5
2022-06-CENSUS-0000235872,ESDFCNAM7PV7,2022,2023-03-08,JXAAYELG5F26
2022-06-CENSUS-0000235872,ESDFCNAM7PV7,2022,2023-03-08,UN9ZE4LRPLM3
2022-06-CENSUS-0000235872,ESDFCNAM7PV7,2022,2023-03-08,WQXLYV3QMDL9
2022-06-CENSUS-0000235872,ESDFCNAM7PV7,2022,2023-03-08,YD52PH59F4G3
2022-06-CENSUS-0000235872,ESDFCNAM7PV7,2022,2023-03-08,DZKQTMZDQBM3
2022-06-CENSUS-0000235872,ESDFCNAM7PV7,2022,2023-03-08,YNUARKAMGEF4
2022-06-CENSUS-0000235872,ESDFCNAM7PV7,2022,2023-03-08,YZQNARFL8JU9
2022-06-CENSUS-0000235872,ESDFCNAM7PV7,2022,2023-03-08,P4L6LY3UVFK9
2022-06-CENSUS-0000235872,ESDFCNAM7PV7,2022,2023-03-08,WAK5GL15M363
2022-06-CENSUS-0000235872,ESDFCNAM7PV7,2022,2023-03-08,LPUDRM9XKMC4
2022-06-CENSUS-0000235872,ESDFCNAM7PV7,2022,2023-03-08,YD7PJM7WNHB6
2022-06-CENSUS-0000235872,ESDFCNAM7PV7,2022,2023-03-08,JP4JJQY8GHM5
2022-06-CENSUS-0000235872,ESDFCNAM7PV7,2022,2023-03-08,GHLZJD4QZV79
2022-06-CENSUS-0000235872,ESDFCNAM7PV7,2022,2023-03-08,LJ4GWRMB6CE5
2022-06-CENSUS-0000235872,ESDFCNAM7PV7,2022,2023-03-08,QNYRNJD3LLJ1
2022-06-CENSUS-0000235872,ESDFCNAM7PV7,2022,2023-03-08,S7EKRBKF9XH4
2022-06-CENSUS-0000235872,ESDFCNAM7PV7,2022,2023-03-08,HWADT84E1NE3
2022-06-CENSUS-0000235872,ESDFCNAM7PV7,2022,2023-03-08,NQ3CPB6L83M7
2022-06-CENSUS-0000235872,ESDFCNAM7PV7,2022,2023-03-08,QQH6VZWLES55
2022-06-CENSUS-0000235872,ESDFCNAM7PV7,2022,2023-03-08,TC1FL92ZEM16
2022-06-CENSUS-0000235872,ESDFCNAM7PV7,2022,2023-03-08,LCPBAA9NDSJ9
2022-06-CENSUS-0000235872,ESDFCNAM7PV7,2022,2023-03-08,G94JD1TUL367
2022-06-CENSUS-0000235872,ESDFCNAM7PV7,2022,2023-03-08,VV8EZH787L81
2022-06-CENSUS-0000235872,ESDFCNAM7PV7,2022,2023-03-08,E77TFLNQ9EY9
2022-06-CENSUS-0000235872,ESDFCNAM7PV7,2022,2023-03-08,GNEQHNQJR3M5
2022-06-CENSUS-0000235872,ESDFCNAM7PV7,2022,2023-03-08,XMSQYUFSW6N4
2022-06-CENSUS-0000235872,ESDFCNAM7PV7,2022,2023-03-08,LY1BA7BFTGA1
2022-06-CENSUS-0000235872,ESDFCNAM7PV7,2022,2023-03-08,P727JLNA1H65
2022-06-CENSUS-0000235872,ESDFCNAM7PV7,2022,2023-03-08,ZNABXGD9F7F9
2022-06-CENSUS-0000235872,ESDFCNAM7PV7,2022,2023-03-08,ESDJRNUJSL55
2022-06-CENSUS-0000235872,ESDFCNAM7PV7,2022,2023-03-08,H98PBTM86176
2022-06-CENSUS-0000235872,ESDFCNAM7PV7,2022,2023-03-08,TS4YUTENXA98
2022-06-CENSUS-0000235872,ESDFCNAM7PV7,2022,2023-03-08,CK3WQSZTD3K4
2022-06-CENSUS-0000235872,ESDFCNAM7PV7,2022,2023-03-08,WE5YQWBDH6Q9
2022-06-CENSUS-0000091961,NBETHC52JNL9,2022,2023-08-13,JXWHGMJA5EU6
2022-06-CENSUS-0000138590,Y8CWNJRCNN91,2022,2023-03-27,W8XEAJDKMXH3
2022-06-CENSUS-0000138590,Y8CWNJRCNN91,2022,2023-03-27,M6X1K9AU6HM5
2022-06-CENSUS-0000135703,N3YZPNF4DLT7,2022,2023-02-12,NK33B1U4P5M7
2022-06-CENSUS-0000018064,G56PUALJ3KT5,2022,2023-03-29,YNT8TCJH8FQ8
2022-06-CENSUS-0000018064,G56PUALJ3KT5,2022,2023-03-29,PJUVN8AT5416
2022-06-CENSUS-0000018064,G56PUALJ3KT5,2022,2023-03-29,ELS2M3C6V2S5
2022-06-CENSUS-0000254708,PX4PFMU2F3X6,2022,2023-03-27,Y86TFKDVR8A6
2022-06-CENSUS-0000254708,PX4PFMU2F3X6,2022,2023-03-27,QM7RG27XX184
2022-06-CENSUS-0000254708,PX4PFMU2F3X6,2022,2023-03-27,LKG7ULC8A466
2022-06-CENSUS-0000254708,PX4PFMU2F3X6,2022,2023-03-27,LG73YWKLU2E7
2022-12-CENSUS-0000221494,XXF4A3MLM3C6,2022,2023-05-15,T5XLRBXP93M4
2022-12-CENSUS-0000221494,XXF4A3MLM3C6,2022,2023-05-15,MMLKQB62EJ46
2022-12-CENSUS-0000221494,XXF4A3MLM3C6,2022,2023-05-15,LPEAU551ZK19
2022-12-CENSUS-0000221494,XXF4A3MLM3C6,2022,2023-05-15,ZQYAZ5CBJ1U4
2022-12-CENSUS-0000221494,XXF4A3MLM3C6,2022,2023-05-15,ZR2ZLVL6DG74
2022-12-CENSUS-0000118387,SRG2J1WS9X63,2022,2023-09-06,N1E2NFVBMFR9
2022-12-CENSUS-0000118387,SRG2J1WS9X63,2022,2023-09-06,LQLUUYAMTC28
2022-12-CENSUS-0000118387,SRG2J1WS9X63,2022,2023-09-06,M28UHK4YUC87
2022-12-CENSUS-0000118387,SRG2J1WS9X63,2022,2023-09-06,V6NDB8L1KML6
2022-12-CENSUS-0000118387,SRG2J1WS9X63,2022,2023-09-06,Q52EUAFV99D7
2022-12-CENSUS-0000118387,SRG2J1WS9X63,2022,2023-09-06,LX2FZEDNLKQ5
2022-12-CENSUS-0000118387,SRG2J1WS9X63,2022,2023-09-06,L5VVZNLFENS9
2022-06-CENSUS-0000229334,NLJNUNKXJNV1,2022,2023-01-12,R9A2UFVCJB47
2022-06-CENSUS-0000229334,NLJNUNKXJNV1,2022,2023-01-12,HTKQCJLCW7T1
2022-06-CENSUS-0000229334,NLJNUNKXJNV1,2022,2023-01-12,XDEWKED7TVV7
2022-06-CENSUS-0000229334,NLJNUNKXJNV1,2022,2023-01-12,KMVPKHWG71R1
2022-06-CENSUS-0000241311,RK83FEEMAKS3,2022,2023-01-29,MMJ4KURB61D9
2022-12-CENSUS-0000203665,W13DBKLHL4G9,2022,2023-08-21,MXBWB6RE4DG1
2022-12-CENSUS-0000195537,NYYJMEV218E5,2022,2023-09-17,CURBZ4JMLHK8
2022-12-CENSUS-0000195537,NYYJMEV218E5,2022,2023-09-17,K2J1FLMQJ3M5
2022-12-CENSUS-0000195537,NYYJMEV218E5,2022,2023-09-17,KNUYTD6BVMW9
2022-06-CENSUS-0000171435,XN5MF9LT3LG8,2022,2023-01-26,U7Z6NCA8RKW5
2022-12-CENSUS-0000223817,M2Z2N43THJA5,2022,2023-09-05,TXDFL4V93BF9
2022-06-CENSUS-0000241866,MDQNDFMD4L61,2022,2023-03-30,L2PHNNMZZK37
2022-06-CENSUS-0000176099,ZKU8R668GNR4,2022,2023-01-03,HVAYLQU925Q9
2022-09-CENSUS-0000193787,U82BJEQG8LC6,2022,2023-06-22,ZFU5FW2YL4E1
2022-09-CENSUS-0000193787,U82BJEQG8LC6,2022,2023-06-22,EUDHN5HNJWL5
2022-09-CENSUS-0000161670,C5JAL4UR7YZ9,2022,2023-06-28,L2FCQNZ4KJ85
2022-12-CENSUS-0000018066,QLN8MNT12F84,2022,2023-07-10,XS6NLB3LBM44
2022-12-CENSUS-0000018066,QLN8MNT12F84,2022,2023-07-10,LDYZHBK9QL99
2022-12-CENSUS-0000018066,QLN8MNT12F84,2022,2023-07-10,MLFAX7BS98R2
2022-12-CENSUS-0000018066,QLN8MNT12F84,2022,2023-07-10,HU7ES9RWQ1H6
2022-12-CENSUS-0000018066,QLN8MNT12F84,2022,2023-07-10,PA4UF7K82DA1
2022-06-CENSUS-0000185840,NNCAHMFHXQ13,2022,2023-01-08,SL4SEKUJMSP8
2022-09-CENSUS-0000191933,KM2VJ8NWCCV4,2022,2023-05-09,WWASDGQ13K17
2022-12-CENSUS-0000202105,JQH2GEMCAVN5,2022,2023-08-01,QTV2C4RJGEF3
2022-06-CENSUS-0000254307,WJH3JNMLJCV1,2022,2023-03-30,G36NFAAVH7U9
2022-06-CENSUS-0000176255,N68CLJ7QM1P9,2022,2023-01-05,JWTSEDDAMHH5
2022-09-CENSUS-0000253773,HS9CP4BK8661,2022,2023-06-29,Z25PAWVRL1A9
2022-09-CENSUS-0000253773,HS9CP4BK8661,2022,2023-06-29,GA7XCEKMMCH9
2022-09-CENSUS-0000253773,HS9CP4BK8661,2022,2023-06-29,FN1EBULLVT67
2022-09-CENSUS-0000253773,HS9CP4BK8661,2022,2023-06-29,K2PZMENX67M7
2022-09-CENSUS-0000253773,HS9CP4BK8661,2022,2023-06-29,X35SS5YP9DL6
2022-06-CENSUS-0000097664,SAFBJDMBB9A6,2022,2023-03-16,K4FYB2EJVL32
2022-06-CENSUS-0000233291,NAXXXXXXXXXX,2022,2023-08-24,KL71PMHQ43T5
2022-06-CENSUS-0000233291,NAXXXXXXXXXX,2022,2023-08-24,HEMBCTLWDGR5
2022-06-CENSUS-0000233291,NAXXXXXXXXXX,2022,2023-08-24,R522K7KP1U68
2022-06-CENSUS-0000233291,NAXXXXXXXXXX,2022,2023-08-24,KGXMYPHN1943
2022-06-CENSUS-0000233291,NAXXXXXXXXXX,2022,2023-08-24,KGKJXLTDKKZ6
2022-12-CENSUS-0000187746,JHZYLXQAKY33,2022,2023-09-27,LMCWLL53AMG4
2022-12-CENSUS-0000187746,JHZYLXQAKY33,2022,2023-09-27,CQ4LTKAYF148
2022-12-CENSUS-0000187746,JHZYLXQAKY33,2022,2023-09-27,ENHRN2JCL9V3
2022-12-CENSUS-0000187746,JHZYLXQAKY33,2022,2023-09-27,NZT6W98N8CL3
2022-12-CENSUS-0000187746,JHZYLXQAKY33,2022,2023-09-27,GEMPE6ABNNM6
2022-12-CENSUS-0000187746,JHZYLXQAKY33,2022,2023-09-27,E1AJRZ2DDXG3
2022-12-CENSUS-0000187746,JHZYLXQAKY33,2022,2023-09-27,NHCESD6KEFH1
2022-12-CENSUS-0000187746,JHZYLXQAKY33,2022,2023-09-27,WP3QXJ87RYH3
2022-12-CENSUS-0000187746,JHZYLXQAKY33,2022,2023-09-27,JXF7J4DK2MW2
2022-12-CENSUS-0000187746,JHZYLXQAKY33,2022,2023-09-27,MB4BNPG24MF3
2022-12-CENSUS-0000187746,JHZYLXQAKY33,2022,2023-09-27,PJNHEFNNDAJ6
2022-12-CENSUS-0000187746,JHZYLXQAKY33,2022,2023-09-27,JTJDZCRDSZJ7
2022-12-CENSUS-0000187746,JHZYLXQAKY33,2022,2023-09-27,UL1UW5G53QL3
2022-12-CENSUS-0000187746,JHZYLXQAKY33,2022,2023-09-27,CNZNTK4F72M5
2022-12-CENSUS-0000187746,JHZYLXQAKY33,2022,2023-09-27,V8DDUUGQQ5P1
2022-12-CENSUS-0000187746,JHZYLXQAKY33,2022,2023-09-27,YKS6PHR4E3S4
2022-12-CENSUS-0000187746,JHZYLXQAKY33,2022,2023-09-27,ELJXJKWTN8S5
2022-12-CENSUS-0000187746,JHZYLXQAKY33,2022,2023-09-27,CGLMWN5RJ5S7
2022-12-CENSUS-0000187746,JHZYLXQAKY33,2022,2023-09-27,YEF4NQD3AWG7
2022-12-CENSUS-0000187746,JHZYLXQAKY33,2022,2023-09-27,JPKVFSLKLVJ5
2022-12-CENSUS-0000187746,JHZYLXQAKY33,2022,2023-09-27,L5HSULJ45718
2022-06-CENSUS-0000248779,C12HXF5L6F44,2022,2023-02-14,RA5MMPD515Q5
2022-06-CENSUS-0000248779,C12HXF5L6F44,2022,2023-02-14,ND97WST4R2C9
2022-06-CENSUS-0000248779,C12HXF5L6F44,2022,2023-02-14,EEUHL82M4FU5
2022-06-CENSUS-0000176066,EFZMPZAJTZS9,2022,2023-03-05,J3QXNJF34D25
2022-06-CENSUS-0000240154,W6EATWE4W253,2022,2023-08-21,K4SLFK8KDQ48
2022-06-CENSUS-0000240154,W6EATWE4W253,2022,2023-08-21,GRMGMNB27BS9
2022-06-CENSUS-0000197688,XKYYRMN2LJE8,2022,2023-03-30,FYXFNSMWZ1E5
2022-06-CENSUS-0000197688,XKYYRMN2LJE8,2022,2023-03-30,X3CKR8Q6GNF3
2022-12-CENSUS-0000176597,ZNCSDHZSG9H4,2022,2023-09-26,XJNGCJP92RA5
2022-07-CENSUS-0000256530,XC7YUHJSNTV5,2022,2023-01-04,P12JL1KAF1P8
2022-06-CENSUS-0000176055,Y2BSP82QPGB3,2022,2023-02-23,YXALJKD8KRN7
2022-06-CENSUS-0000176055,Y2BSP82QPGB3,2022,2023-02-23,MCVLJARN5Y56
2022-06-CENSUS-0000027784,NYQ5ENN6GLQ9,2022,2023-06-21,J6A3E3XKWEX5
2022-06-CENSUS-0000027784,NYQ5ENN6GLQ9,2022,2023-06-21,VJVCK5YYVWX6
2022-09-CENSUS-0000232515,KDU9TMGM2TH6,2022,2023-06-29,J4WVCTAS5HN6
2022-09-CENSUS-0000232515,KDU9TMGM2TH6,2022,2023-06-29,VTY5KNNJH6M7
2022-06-CENSUS-0000171426,JRSQR8PAE1L3,2022,2023-03-19,JH8WHHQDMJA4
2022-06-CENSUS-0000197070,NNYDFK5FTSX9,2022,2023-03-26,T3B4DWYVH7L5
2022-06-CENSUS-0000197070,NNYDFK5FTSX9,2022,2023-03-26,GGRJCV1T94C6
2022-06-CENSUS-0000197070,NNYDFK5FTSX9,2022,2023-03-26,M5W7KZRMJLK5
2022-06-CENSUS-0000197070,NNYDFK5FTSX9,2022,2023-03-26,VMMJBLMMWSJ4
2022-06-CENSUS-0000197070,NNYDFK5FTSX9,2022,2023-03-26,F5N2ANL5U6F3
2022-12-CENSUS-0000216608,EMJRADN5CG59,2022,2023-06-26,GKBLJ5MBV478
2022-06-CENSUS-0000171415,MYX9B6NDMS25,2022,2023-02-02,QAVEZ4YMGKR7
2022-06-CENSUS-0000171415,MYX9B6NDMS25,2022,2023-02-02,MKJJK6WB82N3
2022-06-CENSUS-0000171415,MYX9B6NDMS25,2022,2023-02-02,JXBRJUNMMT64
2022-12-CENSUS-0000230928,CKL3SAHPEE73,2022,2023-09-21,HYUCFHEUDLZ3
2022-06-CENSUS-0000244276,YDMVPF8DTLG9,2022,2023-04-27,ZLULKGA725J5
2022-06-CENSUS-0000094212,D8EALVM55NQ5,2022,2023-03-30,NQCGHY7G8MR9
2022-06-CENSUS-0000177522,EHVBZ3J7CE95,2022,2023-03-30,D5WLWJ9G3UX1
2022-06-CENSUS-0000177522,EHVBZ3J7CE95,2022,2023-03-30,HJMDNAPL6T41
2022-06-CENSUS-0000177522,EHVBZ3J7CE95,2022,2023-03-30,T1GKVXH7Y5K9
2022-06-CENSUS-0000179738,MMAZGB3ERDF5,2022,2023-03-30,C2KAL6NFU577
2022-06-CENSUS-0000179738,MMAZGB3ERDF5,2022,2023-03-30,DJA1QJQ8NL37
2022-06-CENSUS-0000179738,MMAZGB3ERDF5,2022,2023-03-30,EHF3D17DKT35
2022-06-CENSUS-0000179738,MMAZGB3ERDF5,2022,2023-03-30,F4QXBFCNV9D3
2022-06-CENSUS-0000179738,MMAZGB3ERDF5,2022,2023-03-30,J34XHFRLK3M9
2022-06-CENSUS-0000179738,MMAZGB3ERDF5,2022,2023-03-30,J9ZKJL5B73E7
2022-06-CENSUS-0000179738,MMAZGB3ERDF5,2022,2023-03-30,JE28FEB232K9
2022-06-CENSUS-0000179738,MMAZGB3ERDF5,2022,2023-03-30,JK2SHLNHDBZ4
2022-06-CENSUS-0000179738,MMAZGB3ERDF5,2022,2023-03-30,JP1QRJYYJG73
2022-06-CENSUS-0000179738,MMAZGB3ERDF5,2022,2023-03-30,LFLQY36W2JG5
2022-06-CENSUS-0000179738,MMAZGB3ERDF5,2022,2023-03-30,MK13A7PUS3P3
2022-06-CENSUS-0000179738,MMAZGB3ERDF5,2022,2023-03-30,MZFRS5137FX9
2022-06-CENSUS-0000179738,MMAZGB3ERDF5,2022,2023-03-30,N117NZ2HP5T9
2022-06-CENSUS-0000179738,MMAZGB3ERDF5,2022,2023-03-30,N8LLK5XDFVD3
2022-06-CENSUS-0000179738,MMAZGB3ERDF5,2022,2023-03-30,PCWJRENNUUL5
2022-06-CENSUS-0000179738,MMAZGB3ERDF5,2022,2023-03-30,PJ2THZQ6DJF2
2022-06-CENSUS-0000179738,MMAZGB3ERDF5,2022,2023-03-30,QC7RDMN3H3M5
2022-06-CENSUS-0000179738,MMAZGB3ERDF5,2022,2023-03-30,QJQ3NLMCHRD3
2022-06-CENSUS-0000179738,MMAZGB3ERDF5,2022,2023-03-30,RREDN8CAZNL5
2022-06-CENSUS-0000179738,MMAZGB3ERDF5,2022,2023-03-30,TKN5EKYN9273
2022-06-CENSUS-0000179738,MMAZGB3ERDF5,2022,2023-03-30,U316HVJ3GDT5
2022-06-CENSUS-0000179738,MMAZGB3ERDF5,2022,2023-03-30,VMCMP28HM223
2022-06-CENSUS-0000179738,MMAZGB3ERDF5,2022,2023-03-30,VMLLVM5LAD44
2022-06-CENSUS-0000179738,MMAZGB3ERDF5,2022,2023-03-30,VY7QRGNSYFJ5
2022-06-CENSUS-0000179738,MMAZGB3ERDF5,2022,2023-03-30,WEPYGB64J6L3
2022-06-CENSUS-0000179738,MMAZGB3ERDF5,2022,2023-03-30,XN2EHNRYJQK4
2022-06-CENSUS-0000166791,TN75GJE1S7G3,2022,2023-03-16,UD7YBMAB7T81
2022-06-CENSUS-0000166791,TN75GJE1S7G3,2022,2023-03-16,GW7LKLXVDCU6
2022-06-CENSUS-0000166791,TN75GJE1S7G3,2022,2023-03-16,LU6JSFK6JWP7
2022-06-CENSUS-0000166791,TN75GJE1S7G3,2022,2023-03-16,MEH4GM71CS65
2022-06-CENSUS-0000166791,TN75GJE1S7G3,2022,2023-03-16,C1PHGA7M6ME7
2022-06-CENSUS-0000166791,TN75GJE1S7G3,2022,2023-03-16,D8LNFVK82JC6
2022-06-CENSUS-0000166791,TN75GJE1S7G3,2022,2023-03-16,LRD5YGN94QS5
2022-06-CENSUS-0000166791,TN75GJE1S7G3,2022,2023-03-16,SJWJDLT9K556
2022-06-CENSUS-0000166791,TN75GJE1S7G3,2022,2023-03-16,VBKTB6FQE1N4
2022-06-CENSUS-0000166791,TN75GJE1S7G3,2022,2023-03-16,HBNJBZWWLE29
2022-06-CENSUS-0000166791,TN75GJE1S7G3,2022,2023-03-16,J1FJMS4W6455
2022-06-CENSUS-0000166791,TN75GJE1S7G3,2022,2023-03-16,JE56ALMJNNU7
2022-06-CENSUS-0000166791,TN75GJE1S7G3,2022,2023-03-16,NCLCGQ5YRBL7
2022-06-CENSUS-0000166791,TN75GJE1S7G3,2022,2023-03-16,EKG3AF5KYJM3
2022-06-CENSUS-0000166791,TN75GJE1S7G3,2022,2023-03-16,NL8TMJ4VU4L7
2022-06-CENSUS-0000166791,TN75GJE1S7G3,2022,2023-03-16,M2U9BNW2R5G6
2022-06-CENSUS-0000166791,TN75GJE1S7G3,2022,2023-03-16,U6JAK3M6XJT1
2022-06-CENSUS-0000166791,TN75GJE1S7G3,2022,2023-03-16,JYYWJ2QYHQP5
2022-06-CENSUS-0000166791,TN75GJE1S7G3,2022,2023-03-16,V9L2G8429A64
2022-06-CENSUS-0000166791,TN75GJE1S7G3,2022,2023-03-16,M1NHHXDXF999
2022-06-CENSUS-0000166791,TN75GJE1S7G3,2022,2023-03-16,FYVAZVJGDFA4
2022-06-CENSUS-0000166791,TN75GJE1S7G3,2022,2023-03-16,HV4ALC2GMSY7
2022-06-CENSUS-0000166791,TN75GJE1S7G3,2022,2023-03-16,P7XXRN1453P3
2022-06-CENSUS-0000166791,TN75GJE1S7G3,2022,2023-03-16,PSRVKANK7593
2022-06-CENSUS-0000166791,TN75GJE1S7G3,2022,2023-03-16,XLPKMA6S9G97
2022-06-CENSUS-0000166791,TN75GJE1S7G3,2022,2023-03-16,JHKNMVBA3S78
2022-06-CENSUS-0000166791,TN75GJE1S7G3,2022,2023-03-16,W76MH7DMRA16
2022-06-CENSUS-0000166791,TN75GJE1S7G3,2022,2023-03-16,FRBWK1133NG5
2022-06-CENSUS-0000166791,TN75GJE1S7G3,2022,2023-03-16,JPQLE2X381X8
2022-06-CENSUS-0000166791,TN75GJE1S7G3,2022,2023-03-16,QG69QQ8J1KT9
2022-06-CENSUS-0000166791,TN75GJE1S7G3,2022,2023-03-16,NAWLVXNAEPB3
2022-06-CENSUS-0000166791,TN75GJE1S7G3,2022,2023-03-16,XK8YNRZTDA79
2022-06-CENSUS-0000166791,TN75GJE1S7G3,2022,2023-03-16,RZDGMG4BW1L8
2022-06-CENSUS-0000166791,TN75GJE1S7G3,2022,2023-03-16,CDXNYGYZMC88
2022-06-CENSUS-0000166791,TN75GJE1S7G3,2022,2023-03-16,DWXXLGJBUPL7
2022-06-CENSUS-0000166791,TN75GJE1S7G3,2022,2023-03-16,HE76VG4CJJ56
2022-06-CENSUS-0000166791,TN75GJE1S7G3,2022,2023-03-16,MXNVH4VK87B3
2022-06-CENSUS-0000166791,TN75GJE1S7G3,2022,2023-03-16,KF8YVJPX1HF8
2022-06-CENSUS-0000166791,TN75GJE1S7G3,2022,2023-03-16,CMCCKNPLJAS5
2022-06-CENSUS-0000166791,TN75GJE1S7G3,2022,2023-03-16,GKPPDND7VBW4
2022-09-CENSUS-0000193008,GD6LEKY1M2F4,2022,2023-04-18,XMU2HYV3SZ85
2022-06-CENSUS-0000255110,E127PEKAAV49,2022,2023-01-31,J8JCAU8F6YL3
2022-06-CENSUS-0000255110,E127PEKAAV49,2022,2023-01-31,J5HAHNJ8J3G8
2022-12-CENSUS-0000184115,FBDHNMLS19H2,2022,2023-04-17,NM5FJGKMHK93
2022-04-CENSUS-0000254081,VEJRF3T7SXQ6,2022,2023-01-30,Z7RFLXKUN9X1
2022-04-CENSUS-0000254081,VEJRF3T7SXQ6,2022,2023-01-30,SUNCLTDRVBG5
2022-06-CENSUS-0000171359,KBJAXWVMDZQ6,2022,2023-03-28,C7DKEX2T54H3
2022-06-CENSUS-0000171359,KBJAXWVMDZQ6,2022,2023-03-28,CCZSYM5RSG96
2022-06-CENSUS-0000171359,KBJAXWVMDZQ6,2022,2023-03-28,CEHKMDKZS293
2022-06-CENSUS-0000171359,KBJAXWVMDZQ6,2022,2023-03-28,CT83WLDP3AG7
2022-06-CENSUS-0000171359,KBJAXWVMDZQ6,2022,2023-03-28,D2G9A1EW16X6
2022-06-CENSUS-0000171359,KBJAXWVMDZQ6,2022,2023-03-28,D43MB7JNLBJ1
2022-06-CENSUS-0000171359,KBJAXWVMDZQ6,2022,2023-03-28,E6XCAJEZYL54
2022-06-CENSUS-0000171359,KBJAXWVMDZQ6,2022,2023-03-28,EA1BF9216DP3
2022-06-CENSUS-0000171359,KBJAXWVMDZQ6,2022,2023-03-28,EBTQKWWD8HJ4
2022-12-CENSUS-0000256343,RMJ9SKEWSXJ6,2022,2023-09-28,N6LCNRPTER81
2022-12-CENSUS-0000006839,N5FHC3ENDEZ8,2022,2023-07-23,JVUPLMYXNXL8
2022-06-CENSUS-0000191678,WE12M4WA9MC1,2022,2023-01-19,FMLDZA2G3799
2022-06-CENSUS-0000191678,WE12M4WA9MC1,2022,2023-01-19,KHH2FT2JG323
2022-06-CENSUS-0000191678,WE12M4WA9MC1,2022,2023-01-19,HZNCJHYN4MC9
2022-06-CENSUS-0000191678,WE12M4WA9MC1,2022,2023-01-19,WRWLX6FV9EF5
2022-06-CENSUS-0000191678,WE12M4WA9MC1,2022,2023-01-19,J97JM3TD38X7
2022-06-CENSUS-0000191678,WE12M4WA9MC1,2022,2023-01-19,GULQZBMP2SR3
2022-06-CENSUS-0000191678,WE12M4WA9MC1,2022,2023-01-19,H8Q4KLPE1WV3
2022-06-CENSUS-0000191678,WE12M4WA9MC1,2022,2023-01-19,J4MAQ69KQKF5
2022-06-CENSUS-0000191678,WE12M4WA9MC1,2022,2023-01-19,LZLQKKFNBLN3
2022-06-CENSUS-0000191678,WE12M4WA9MC1,2022,2023-01-19,YAEESL5VL8V9
2022-06-CENSUS-0000191678,WE12M4WA9MC1,2022,2023-01-19,TCK9JACGRSN7
2022-06-CENSUS-0000191678,WE12M4WA9MC1,2022,2023-01-19,EF6LD35DT5Q9
2022-06-CENSUS-0000191678,WE12M4WA9MC1,2022,2023-01-19,HH7BB2H1AK13
2022-06-CENSUS-0000191678,WE12M4WA9MC1,2022,2023-01-19,XMB7JSU3F576
2022-06-CENSUS-0000191678,WE12M4WA9MC1,2022,2023-01-19,EVQTXXMR4D39
2022-06-CENSUS-0000191678,WE12M4WA9MC1,2022,2023-01-19,HBP9AUHF3MJ3
2022-06-CENSUS-0000191678,WE12M4WA9MC1,2022,2023-01-19,DDFHW6WJ74G1
2022-06-CENSUS-0000191678,WE12M4WA9MC1,2022,2023-01-19,QTABT6EYMGT3
2022-06-CENSUS-0000202092,KCBGNFJGK478,2022,2023-03-19,ND3ECJHLM6M7
2022-06-CENSUS-0000202092,KCBGNFJGK478,2022,2023-03-19,LH2SFM3M4RE5
2022-06-CENSUS-0000202092,KCBGNFJGK478,2022,2023-03-19,GNPNNLUR2SS1
2022-06-CENSUS-0000202092,KCBGNFJGK478,2022,2023-03-19,NWZ1S9M5Y5A5
2022-06-CENSUS-0000202092,KCBGNFJGK478,2022,2023-03-19,R76EMLKPEZ38
2022-06-CENSUS-0000202092,KCBGNFJGK478,2022,2023-03-19,CJ9KL2CXA657
2022-06-CENSUS-0000202092,KCBGNFJGK478,2022,2023-03-19,HK56MC33ND38
2022-06-CENSUS-0000202092,KCBGNFJGK478,2022,2023-03-19,RS3YKNTPMLN5
2022-06-CENSUS-0000202092,KCBGNFJGK478,2022,2023-03-19,YAZMAKBF9NJ5
2022-06-CENSUS-0000202092,KCBGNFJGK478,2022,2023-03-19,GK2JLHL84D93
2022-06-CENSUS-0000202092,KCBGNFJGK478,2022,2023-03-19,U7LTK2STCS59
2022-06-CENSUS-0000202092,KCBGNFJGK478,2022,2023-03-19,VXLSYM1GAE51
2022-06-CENSUS-0000202092,KCBGNFJGK478,2022,2023-03-19,FN5RNN83B475
2022-06-CENSUS-0000202092,KCBGNFJGK478,2022,2023-03-19,MM17FW6NXJU3
2022-06-CENSUS-0000202092,KCBGNFJGK478,2022,2023-03-19,EJYLWUY7LJB6
2022-06-CENSUS-0000202092,KCBGNFJGK478,2022,2023-03-19,GV1YFPFVXVF4
2022-06-CENSUS-0000202092,KCBGNFJGK478,2022,2023-03-19,HWMSQFLUYND2
2022-06-CENSUS-0000202092,KCBGNFJGK478,2022,2023-03-19,JP8MZLYMGY97
2022-06-CENSUS-0000202092,KCBGNFJGK478,2022,2023-03-19,MLZSG6L37PW8
2022-06-CENSUS-0000202092,KCBGNFJGK478,2022,2023-03-19,MMAEYZLFCUA7
2022-06-CENSUS-0000202092,KCBGNFJGK478,2022,2023-03-19,TCHJE71VMT11
2022-06-CENSUS-0000202092,KCBGNFJGK478,2022,2023-03-19,TZD7Y2N4BRK3
2022-06-CENSUS-0000202092,KCBGNFJGK478,2022,2023-03-19,VGTHQG94BE69
2022-06-CENSUS-0000202092,KCBGNFJGK478,2022,2023-03-19,YLL1L7M9NNP8
2022-06-CENSUS-0000202092,KCBGNFJGK478,2022,2023-03-19,JZ3GJ29DJZE3
2022-06-CENSUS-0000202092,KCBGNFJGK478,2022,2023-03-19,LWW8KT5CMBV4
2022-06-CENSUS-0000202092,KCBGNFJGK478,2022,2023-03-19,JMLXDHHNNGK3
2022-06-CENSUS-0000202092,KCBGNFJGK478,2022,2023-03-19,K922UCG99L93
2022-06-CENSUS-0000202092,KCBGNFJGK478,2022,2023-03-19,N2MJF1QMGA88
2022-06-CENSUS-0000202092,KCBGNFJGK478,2022,2023-03-19,NSZVS7424623
2022-06-CENSUS-0000202092,KCBGNFJGK478,2022,2023-03-19,PJD7LQ5BSVS7
2022-06-CENSUS-0000202092,KCBGNFJGK478,2022,2023-03-19,SWNGWKWM2SD1
2022-06-CENSUS-0000202092,KCBGNFJGK478,2022,2023-03-19,U2HGC3UJD9Z3
2022-06-CENSUS-0000202092,KCBGNFJGK478,2022,2023-03-19,LWEFYKG84375
2022-06-CENSUS-0000202092,KCBGNFJGK478,2022,2023-03-19,WHN2D4V6HHA3
2022-06-CENSUS-0000202092,KCBGNFJGK478,2022,2023-03-19,NLSFKVLM6N13
2022-06-CENSUS-0000202092,KCBGNFJGK478,2022,2023-03-19,V6YZJBE1U4D4
2022-06-CENSUS-0000202092,KCBGNFJGK478,2022,2023-03-19,GBDSTLSGGL33
2022-06-CENSUS-0000202092,KCBGNFJGK478,2022,2023-03-19,JMFMXRVNE4M7
2022-06-CENSUS-0000202092,KCBGNFJGK478,2022,2023-03-19,PB1UMJ3RDPN6
2022-06-CENSUS-0000202092,KCBGNFJGK478,2022,2023-03-19,SX2NLCXPN374
2022-06-CENSUS-0000202092,KCBGNFJGK478,2022,2023-03-19,CEBMLPBZK6K1
2022-06-CENSUS-0000202092,KCBGNFJGK478,2022,2023-03-19,RMP3DGACUB16
2022-06-CENSUS-0000202092,KCBGNFJGK478,2022,2023-03-19,E211HN7K3M46
2022-06-CENSUS-0000202092,KCBGNFJGK478,2022,2023-03-19,CDK1XM7BHMJ7
2022-06-CENSUS-0000202092,KCBGNFJGK478,2022,2023-03-19,ELMPRPWQK5R5
2022-06-CENSUS-0000202092,KCBGNFJGK478,2022,2023-03-19,FT1PJM8M9EK9
2022-06-CENSUS-0000202092,KCBGNFJGK478,2022,2023-03-19,JL2QYNNBHR87
2022-06-CENSUS-0000202092,KCBGNFJGK478,2022,2023-03-19,LCHNTNKADSF9
2022-06-CENSUS-0000202092,KCBGNFJGK478,2022,2023-03-19,PVCADQTJFDN6
2022-06-CENSUS-0000202092,KCBGNFJGK478,2022,2023-03-19,VTETA1G2K2D7
2022-06-CENSUS-0000202092,KCBGNFJGK478,2022,2023-03-19,M282XQQP5GU4
2022-06-CENSUS-0000202092,KCBGNFJGK478,2022,2023-03-19,DTLKKMB9JC48
2022-06-CENSUS-0000202092,KCBGNFJGK478,2022,2023-03-19,ND1MXWJNXT24
2022-06-CENSUS-0000202092,KCBGNFJGK478,2022,2023-03-19,Q35NCMKQ7AU5
2022-06-CENSUS-0000202092,KCBGNFJGK478,2022,2023-03-19,RRLKAAAYCNF1
2022-06-CENSUS-0000202092,KCBGNFJGK478,2022,2023-03-19,VVGBWU492113
2022-06-CENSUS-0000202092,KCBGNFJGK478,2022,2023-03-19,N8FFNQYELTN9
2022-06-CENSUS-0000202092,KCBGNFJGK478,2022,2023-03-19,QF2NWNXCDS63
2022-06-CENSUS-0000202092,KCBGNFJGK478,2022,2023-03-19,D6J4RPPPRLM6
2022-06-CENSUS-0000202092,KCBGNFJGK478,2022,2023-03-19,DGXJV2ZJ3MT3
2022-06-CENSUS-0000202092,KCBGNFJGK478,2022,2023-03-19,KMKWMJQ1TNH1
2022-06-CENSUS-0000202092,KCBGNFJGK478,2022,2023-03-19,KWCBJBVLLDG3
2022-06-CENSUS-0000202092,KCBGNFJGK478,2022,2023-03-19,LCMMB7JMMK76
2022-06-CENSUS-0000202092,KCBGNFJGK478,2022,2023-03-19,MD8NN5EECRZ3
2022-06-CENSUS-0000202092,KCBGNFJGK478,2022,2023-03-19,MECMVJVRFC53
2022-06-CENSUS-0000202092,KCBGNFJGK478,2022,2023-03-19,PYCGGEESSGC1
2022-06-CENSUS-0000202092,KCBGNFJGK478,2022,2023-03-19,RSNMQ7ZW7JU6
2022-06-CENSUS-0000202092,KCBGNFJGK478,2022,2023-03-19,FW17NQXBS933
2022-06-CENSUS-0000202092,KCBGNFJGK478,2022,2023-03-19,H8XYNWULBV79
2022-06-CENSUS-0000202092,KCBGNFJGK478,2022,2023-03-19,FA33ULQWURV8
2022-06-CENSUS-0000202092,KCBGNFJGK478,2022,2023-03-19,GZEUB1EYLYR8
2022-06-CENSUS-0000202092,KCBGNFJGK478,2022,2023-03-19,PNJ7PGMT2TE3
2022-06-CENSUS-0000202092,KCBGNFJGK478,2022,2023-03-19,RL4GHCZKDKZ7
2022-06-CENSUS-0000202092,KCBGNFJGK478,2022,2023-03-19,ELL7RBDC7H81
2022-06-CENSUS-0000202092,KCBGNFJGK478,2022,2023-03-19,JDMFSEP944R5
2022-06-CENSUS-0000202092,KCBGNFJGK478,2022,2023-03-19,KFHAPTFKCAG9
2022-06-CENSUS-0000202092,KCBGNFJGK478,2022,2023-03-19,N4KRBYC9G7L7
2022-06-CENSUS-0000202092,KCBGNFJGK478,2022,2023-03-19,PEW6ZX479U47
2022-06-CENSUS-0000202092,KCBGNFJGK478,2022,2023-03-19,MNGNK2HYFB19
2022-06-CENSUS-0000202092,KCBGNFJGK478,2022,2023-03-19,NDHWC6XDY9Q5
2022-06-CENSUS-0000202092,KCBGNFJGK478,2022,2023-03-19,K6GFSKNHVYN4
2022-06-CENSUS-0000202092,KCBGNFJGK478,2022,2023-03-19,NFNZHB2H5ZM9
2022-06-CENSUS-0000253951,EY97RELNYMH5,2022,2023-03-30,E4RBY6LYBXJ5
2022-06-CENSUS-0000253951,EY97RELNYMH5,2022,2023-03-30,NH8WDN52SQU5
2022-06-CENSUS-0000253951,EY97RELNYMH5,2022,2023-03-30,KPGBAZREZCH2
2022-06-CENSUS-0000253951,EY97RELNYMH5,2022,2023-03-30,XBFET18TN1X3
2022-12-CENSUS-0000047209,HWF4TLSMWSZ3,2022,2023-08-14,M2TVV6PUJZQ1
2022-09-CENSUS-0000053832,GR61V9ZWU251,2022,2023-06-29,CFQGHMF6MGA1
2022-09-CENSUS-0000053832,GR61V9ZWU251,2022,2023-06-29,XNLXJGLVACC9
2022-09-CENSUS-0000053832,GR61V9ZWU251,2022,2023-06-29,JDJKGY66NYB3
2022-09-CENSUS-0000053832,GR61V9ZWU251,2022,2023-06-29,N8YPCU7H1W11
2022-09-CENSUS-0000053832,GR61V9ZWU251,2022,2023-06-29,JLK4MLNDNMM5
2022-06-CENSUS-0000186606,W8MNNBDTTG43,2022,2023-08-14,R5PDN5BF5J26
2022-12-CENSUS-0000194247,GDB1EPFH8JR9,2022,2023-08-15,HWBNNGAR6QH6
2022-12-CENSUS-0000184299,VKH7RC9VS8T8,2022,2023-07-04,KFP8L5CJ6DJ9
2022-09-CENSUS-0000253723,F5TRTTU8CA91,2022,2023-06-29,SFAHLJN64NA6
2022-09-CENSUS-0000253723,F5TRTTU8CA91,2022,2023-06-29,LCVVFLQ7Y476
2022-12-CENSUS-0000071192,LA6VARLM6LV3,2022,2023-08-28,EWL7FM62WCC6
2022-12-CENSUS-0000071192,LA6VARLM6LV3,2022,2023-08-28,CBV4XY9GKFV9
2022-12-CENSUS-0000071192,LA6VARLM6LV3,2022,2023-08-28,HKXZMW6N7LG5
2022-12-CENSUS-0000071192,LA6VARLM6LV3,2022,2023-08-28,E7KMQMKY7991
2022-12-CENSUS-0000071192,LA6VARLM6LV3,2022,2023-08-28,TLC5J2R23TD3
2022-12-CENSUS-0000071192,LA6VARLM6LV3,2022,2023-08-28,ZNGNKRPFH3C9
2022-12-CENSUS-0000071192,LA6VARLM6LV3,2022,2023-08-28,EA5SANRAJEX7
2022-12-CENSUS-0000071192,LA6VARLM6LV3,2022,2023-08-28,PVYYA8EDY7R5
2022-12-CENSUS-0000071192,LA6VARLM6LV3,2022,2023-08-28,Q1DMN5G884W5
2022-06-CENSUS-0000232815,JZUWCFMCP5C5,2022,2023-05-10,Z88LLAQAPKX1
2022-06-CENSUS-0000136778,KCMMFYM5LUW6,2022,2023-03-27,MBRRGGXSK413
2022-06-CENSUS-0000136778,KCMMFYM5LUW6,2022,2023-03-27,LUQ1TAJ3ALQ7
2022-06-CENSUS-0000136778,KCMMFYM5LUW6,2022,2023-03-27,NLLLRVKL3337
2022-06-CENSUS-0000136778,KCMMFYM5LUW6,2022,2023-03-27,JB3XZ9JYBEG8
2022-06-CENSUS-0000081366,MBU6HCLNZ431,2022,2023-03-30,SN7KD2UK7GC5
2022-09-CENSUS-0000152118,XNZKFEJ5DA89,2022,2023-06-28,RLNFJ9AE9CL3
2022-09-CENSUS-0000152118,XNZKFEJ5DA89,2022,2023-06-28,NRBQM6SKLDX6
2022-06-CENSUS-0000176052,GHMUR8F8ER13,2022,2023-01-03,X68KTCJSHH55
2022-12-CENSUS-0000244245,YACNK6XX6XV1,2022,2023-09-26,TNS3JHEJ1N49
2022-06-CENSUS-0000003146,MBYAYNVYNNW8,2022,2023-01-25,RJEFPSXC5BJ1
2022-06-CENSUS-0000003146,MBYAYNVYNNW8,2022,2023-01-25,N16RBBMLFDC7
2022-06-CENSUS-0000003146,MBYAYNVYNNW8,2022,2023-01-25,WXKECC919475
2022-06-CENSUS-0000003146,MBYAYNVYNNW8,2022,2023-01-25,UH5JFVKCJM97
2022-06-CENSUS-0000003146,MBYAYNVYNNW8,2022,2023-01-25,LNJNRWJCY8S5
2022-06-CENSUS-0000003146,MBYAYNVYNNW8,2022,2023-01-25,XNUZK3KAJ9K6
2022-06-CENSUS-0000176362,GCU8PW8ZDXN8,2022,2023-06-22,C16SP2HBR123
2022-06-CENSUS-0000176362,GCU8PW8ZDXN8,2022,2023-06-22,C3HFMLLA1NT9
2022-06-CENSUS-0000176362,GCU8PW8ZDXN8,2022,2023-06-22,CDNFKKJT29X4
2022-06-CENSUS-0000176362,GCU8PW8ZDXN8,2022,2023-06-22,CHD5BMPZPEG2
2022-06-CENSUS-0000176362,GCU8PW8ZDXN8,2022,2023-06-22,CME6JS32YK36
2022-06-CENSUS-0000176362,GCU8PW8ZDXN8,2022,2023-06-22,CY9BGL4NJUP4
2022-06-CENSUS-0000176362,GCU8PW8ZDXN8,2022,2023-06-22,DH3JNS9NS5G5
2022-06-CENSUS-0000176362,GCU8PW8ZDXN8,2022,2023-06-22,DZK5KDLUNMS3
2022-06-CENSUS-0000176362,GCU8PW8ZDXN8,2022,2023-06-22,E128H7X5KWX5
2022-06-CENSUS-0000176362,GCU8PW8ZDXN8,2022,2023-06-22,E3HDARV1KJP3
2022-06-CENSUS-0000176362,GCU8PW8ZDXN8,2022,2023-06-22,ECVGNMBV16A1
2022-06-CENSUS-0000176362,GCU8PW8ZDXN8,2022,2023-06-22,EEFHUG8DJFY9
2022-06-CENSUS-0000176362,GCU8PW8ZDXN8,2022,2023-06-22,EEMKDCX89DP7
2022-06-CENSUS-0000176362,GCU8PW8ZDXN8,2022,2023-06-22,ENZPTMBA9UK6
2022-06-CENSUS-0000176362,GCU8PW8ZDXN8,2022,2023-06-22,EULLLWJUNBH3
2022-06-CENSUS-0000176362,GCU8PW8ZDXN8,2022,2023-06-22,F57SAC3UPAF6
2022-06-CENSUS-0000176362,GCU8PW8ZDXN8,2022,2023-06-22,FCT9KQ8L2574
2022-06-CENSUS-0000176362,GCU8PW8ZDXN8,2022,2023-06-22,FHSQBHMMKJL4
2022-06-CENSUS-0000176362,GCU8PW8ZDXN8,2022,2023-06-22,FU2ES11D4DL5
2022-06-CENSUS-0000176362,GCU8PW8ZDXN8,2022,2023-06-22,G39FCQ3PGMJ3
2022-06-CENSUS-0000176362,GCU8PW8ZDXN8,2022,2023-06-22,GL3RMGMH7S51
2022-06-CENSUS-0000176362,GCU8PW8ZDXN8,2022,2023-06-22,GMHSKCY8H3T1
2022-06-CENSUS-0000176362,GCU8PW8ZDXN8,2022,2023-06-22,GMLVTEPLWH16
2022-06-CENSUS-0000176362,GCU8PW8ZDXN8,2022,2023-06-22,GNTNKFECJ1G7
2022-06-CENSUS-0000176362,GCU8PW8ZDXN8,2022,2023-06-22,HD1WMN6945W6
2022-06-CENSUS-0000176362,GCU8PW8ZDXN8,2022,2023-06-22,HKJNV37AQ4X3
2022-06-CENSUS-0000176362,GCU8PW8ZDXN8,2022,2023-06-22,HLUDFCJNUXV5
2022-06-CENSUS-0000176362,GCU8PW8ZDXN8,2022,2023-06-22,HM6DXX33EEG3
2022-06-CENSUS-0000176362,GCU8PW8ZDXN8,2022,2023-06-22,HMJNLJTGN1M3
2022-06-CENSUS-0000176362,GCU8PW8ZDXN8,2022,2023-06-22,HNV7LH1GL2S5
2022-06-CENSUS-0000176362,GCU8PW8ZDXN8,2022,2023-06-22,J81AJCKG5RES
2022-06-CENSUS-0000176362,GCU8PW8ZDXN8,2022,2023-06-22,JAABF3J1DCE4
2022-06-CENSUS-0000176362,GCU8PW8ZDXN8,2022,2023-06-22,JKHJCGBQF8X4
2022-06-CENSUS-0000176362,GCU8PW8ZDXN8,2022,2023-06-22,JLTZPHF2HTL1
2022-06-CENSUS-0000176362,GCU8PW8ZDXN8,2022,2023-06-22,K5CXYFV3DJA5
2022-06-CENSUS-0000176362,GCU8PW8ZDXN8,2022,2023-06-22,K76FHPBCE3S9
2022-06-CENSUS-0000176362,GCU8PW8ZDXN8,2022,2023-06-22,L4JKK4V3AV69
2022-06-CENSUS-0000176362,GCU8PW8ZDXN8,2022,2023-06-22,LBLFMXVFL8F3
2022-06-CENSUS-0000176362,GCU8PW8ZDXN8,2022,2023-06-22,LJT5RD3CYE86
2022-06-CENSUS-0000176362,GCU8PW8ZDXN8,2022,2023-06-22,LJVKA6H1AFF8
2022-06-CENSUS-0000176362,GCU8PW8ZDXN8,2022,2023-06-22,LKCNDF87C3X6
2022-06-CENSUS-0000176362,GCU8PW8ZDXN8,2022,2023-06-22,LNHZYKMNB9T5
2022-06-CENSUS-0000176362,GCU8PW8ZDXN8,2022,2023-06-22,LNJWYVRL99J9
2022-06-CENSUS-0000176362,GCU8PW8ZDXN8,2022,2023-06-22,LP3VVEY5C3C3
2022-06-CENSUS-0000176362,GCU8PW8ZDXN8,2022,2023-06-22,M1Q7LT8J4MS7
2022-06-CENSUS-0000176362,GCU8PW8ZDXN8,2022,2023-06-22,M6TBHQMKJF28
2022-06-CENSUS-0000176362,GCU8PW8ZDXN8,2022,2023-06-22,M71JALVJ95M4
2022-06-CENSUS-0000176362,GCU8PW8ZDXN8,2022,2023-06-22,M8MPNYF7VLM2
2022-06-CENSUS-0000176362,GCU8PW8ZDXN8,2022,2023-06-22,ME55R4MLWVG5
2022-06-CENSUS-0000176362,GCU8PW8ZDXN8,2022,2023-06-22,MK1HSWRF3MM5
2022-06-CENSUS-0000176362,GCU8PW8ZDXN8,2022,2023-06-22,MLRYLUB4AJX8
2022-06-CENSUS-0000176362,GCU8PW8ZDXN8,2022,2023-06-22,MPT5UB1CPLY4
2022-06-CENSUS-0000176362,GCU8PW8ZDXN8,2022,2023-06-22,N48GCZ2FJA47
2022-06-CENSUS-0000176362,GCU8PW8ZDXN8,2022,2023-06-22,NM7EFNJ4N179
2022-06-CENSUS-0000176362,GCU8PW8ZDXN8,2022,2023-06-22,PVCKC736S5U1
2022-06-CENSUS-0000176362,GCU8PW8ZDXN8,2022,2023-06-22,Q5U9B6P764M7
2022-06-CENSUS-0000176362,GCU8PW8ZDXN8,2022,2023-06-22,QB9CNHGLSCQ7
2022-06-CENSUS-0000176362,GCU8PW8ZDXN8,2022,2023-06-22,QL3XATN9H6L1
2022-06-CENSUS-0000176362,GCU8PW8ZDXN8,2022,2023-06-22,QMYKF4YEEGX8
2022-06-CENSUS-0000176362,GCU8PW8ZDXN8,2022,2023-06-22,R8L3SQTA4YR4
2022-06-CENSUS-0000176362,GCU8PW8ZDXN8,2022,2023-06-22,RKLDNC6MJ9M6
2022-06-CENSUS-0000176362,GCU8PW8ZDXN8,2022,2023-06-22,RSLALUDC1PY9
2022-06-CENSUS-0000176362,GCU8PW8ZDXN8,2022,2023-06-22,SBMCNA8ESZ22
2022-06-CENSUS-0000176362,GCU8PW8ZDXN8,2022,2023-06-22,SE54F8NNBH57
2022-06-CENSUS-0000176362,GCU8PW8ZDXN8,2022,2023-06-22,SESUYWJGE3Y3
2022-06-CENSUS-0000176362,GCU8PW8ZDXN8,2022,2023-06-22,SEYQXMXJLUP5
2022-06-CENSUS-0000176362,GCU8PW8ZDXN8,2022,2023-06-22,SMLANLLWMM39
2022-06-CENSUS-0000176362,GCU8PW8ZDXN8,2022,2023-06-22,SNENTKJ774A5
2022-06-CENSUS-0000176362,GCU8PW8ZDXN8,2022,2023-06-22,SNKWVAM66K46
2022-06-CENSUS-0000176362,GCU8PW8ZDXN8,2022,2023-06-22,TJM7DM1H6KQ5
2022-06-CENSUS-0000176362,GCU8PW8ZDXN8,2022,2023-06-22,TLRWUDX43MB6
2022-06-CENSUS-0000176362,GCU8PW8ZDXN8,2022,2023-06-22,U3ZFA57417D4
2022-06-CENSUS-0000176362,GCU8PW8ZDXN8,2022,2023-06-22,UBAUDAEJ6EU8
2022-06-CENSUS-0000176362,GCU8PW8ZDXN8,2022,2023-06-22,UM4EVHJNBXG4
2022-06-CENSUS-0000176362,GCU8PW8ZDXN8,2022,2023-06-22,VNMHL2KXQK46
2022-06-CENSUS-0000176362,GCU8PW8ZDXN8,2022,2023-06-22,XNYTLTMLXUL7
2022-06-CENSUS-0000176362,GCU8PW8ZDXN8,2022,2023-06-22,XRJSGX384TD6
2022-06-CENSUS-0000176362,GCU8PW8ZDXN8,2022,2023-06-22,Y7FNVGHTDS97
2022-06-CENSUS-0000176362,GCU8PW8ZDXN8,2022,2023-06-22,YLU9H94VKU19
2022-06-CENSUS-0000176362,GCU8PW8ZDXN8,2022,2023-06-22,ZKJBFQ1YN2D6
2022-06-CENSUS-0000176362,GCU8PW8ZDXN8,2022,2023-06-22,ZL8PTFCV9BC7
2022-06-CENSUS-0000165250,FMXSY2JJ1H13,2022,2023-03-30,EHAXS315F3L5
2022-12-CENSUS-0000142864,QEU3QCC61JU8,2022,2023-08-23,GFN8QLLJHV89
2022-12-CENSUS-0000142864,QEU3QCC61JU8,2022,2023-08-23,LEMASY9ANSB6
2022-06-CENSUS-0000154714,K2MUA44M4JJ3,2022,2023-04-20,L1DXK5RXKH26
2022-09-CENSUS-0000179719,QX91C7GZDJS5,2022,2023-05-23,WNL9QUN3JAN1
2022-09-CENSUS-0000179719,QX91C7GZDJS5,2022,2023-05-23,HZ8CHGL3B3S6
2022-09-CENSUS-0000247948,FJ45DALSSU69,2022,2023-03-09,MY2ERHGDV956
2022-09-CENSUS-0000247948,FJ45DALSSU69,2022,2023-03-09,KDCLAM4DJHH3
2022-09-CENSUS-0000247948,FJ45DALSSU69,2022,2023-03-09,MHDJPJKBQEF8
2022-08-CENSUS-0000258398,KEUYDLLJ84N6,2022,2023-06-25,N2KLZN3FNJ23
2022-08-CENSUS-0000258398,KEUYDLLJ84N6,2022,2023-06-25,U2EKVV2KMQH8
2022-06-CENSUS-0000171384,GEYBRPBMD5H7,2022,2023-03-13,C843NJ6FYF27
2022-06-CENSUS-0000181296,L5AFAVVE55A5,2022,2023-03-23,NTKBZDVK3F25
2022-12-CENSUS-0000195844,CVNSMM23WXD6,2022,2023-10-01,GLFJV8E1QCC5
2022-12-CENSUS-0000195844,CVNSMM23WXD6,2022,2023-10-01,R1EUYK2R1QW5
2022-12-CENSUS-0000195844,CVNSMM23WXD6,2022,2023-10-01,X3LKLNELVLS5
2022-12-CENSUS-0000195844,CVNSMM23WXD6,2022,2023-10-01,FLAWCMHNPWH7
2022-12-CENSUS-0000195844,CVNSMM23WXD6,2022,2023-10-01,GC84BDB74QD8
2022-12-CENSUS-0000195844,CVNSMM23WXD6,2022,2023-10-01,SXU5MLNZK585
2022-12-CENSUS-0000195844,CVNSMM23WXD6,2022,2023-10-01,DNMLKP14J658
2022-12-CENSUS-0000195844,CVNSMM23WXD6,2022,2023-10-01,QELWY94UYFM5
2022-12-CENSUS-0000195844,CVNSMM23WXD6,2022,2023-10-01,KQ4JJBW6EKC5
2022-12-CENSUS-0000195844,CVNSMM23WXD6,2022,2023-10-01,R2M5UGZL8G28
2022-12-CENSUS-0000195844,CVNSMM23WXD6,2022,2023-10-01,CRNAVJGBZNS7
2022-12-CENSUS-0000195844,CVNSMM23WXD6,2022,2023-10-01,CK6LAK1RETT7
2022-12-CENSUS-0000195844,CVNSMM23WXD6,2022,2023-10-01,UERKZZHGNC29
2022-12-CENSUS-0000195844,CVNSMM23WXD6,2022,2023-10-01,NTNSFMTTNFW1
2022-12-CENSUS-0000195844,CVNSMM23WXD6,2022,2023-10-01,RC5GW214NKH7
2022-12-CENSUS-0000195844,CVNSMM23WXD6,2022,2023-10-01,NECNSQR6NAC4
2022-12-CENSUS-0000195844,CVNSMM23WXD6,2022,2023-10-01,PGMBGHLDKJ61
2022-12-CENSUS-0000195844,CVNSMM23WXD6,2022,2023-10-01,V7BZNZUM91F8
2022-12-CENSUS-0000195844,CVNSMM23WXD6,2022,2023-10-01,HBRNMEKGUSN8
2022-12-CENSUS-0000195844,CVNSMM23WXD6,2022,2023-10-01,GJEGY1JQEGT5
2022-12-CENSUS-0000195844,CVNSMM23WXD6,2022,2023-10-01,HNW1N6J866L8
2022-12-CENSUS-0000195844,CVNSMM23WXD6,2022,2023-10-01,G467UTEXUGC3
2022-06-CENSUS-0000255162,VJ8YGMQXL9F5,2022,2023-01-23,DLK2E9FG46F9
2022-06-CENSUS-0000255162,VJ8YGMQXL9F5,2022,2023-01-23,C4LLXQJ3X779
2022-06-CENSUS-0000255162,VJ8YGMQXL9F5,2022,2023-01-23,G4DSMMANKMB9
2022-12-CENSUS-0000253908,DFW2KJS3EEY7,2022,2023-08-03,MMJ9RCJNABE5
2022-12-CENSUS-0000253908,DFW2KJS3EEY7,2022,2023-08-03,UTJ7VTN54LW5
2022-06-CENSUS-0000207359,E1H8KMKQHWZ5,2022,2023-01-08,KP3XZN5UKMT8
2022-12-CENSUS-0000151252,EWXKCMF5TL23,2022,2023-08-01,QJ69WJP2KWG3
2022-12-CENSUS-0000151252,EWXKCMF5TL23,2022,2023-08-01,JNYUN6ZXTLL7
2022-09-CENSUS-0000136076,XSTGNLF9ZDJ5,2022,2023-04-26,HRDVGHE2TZM7
2022-09-CENSUS-0000136076,XSTGNLF9ZDJ5,2022,2023-04-26,F15MNH4MDAG4
2022-09-CENSUS-0000136076,XSTGNLF9ZDJ5,2022,2023-04-26,GUT1ADLJUNA5
2022-09-CENSUS-0000136076,XSTGNLF9ZDJ5,2022,2023-04-26,U9WRHX25GD23
2022-09-CENSUS-0000136076,XSTGNLF9ZDJ5,2022,2023-04-26,EXMJSALA2BA3
2022-09-CENSUS-0000136076,XSTGNLF9ZDJ5,2022,2023-04-26,J4NXMVB9K568
2022-06-CENSUS-0000176104,RTSBSRZCEKL1,2022,2023-03-22,WA9XENKP5PG5
2022-06-CENSUS-0000150676,KABJZBBJ4B54,2022,2023-02-23,LPCTM8BS8NF3
2022-06-CENSUS-0000150676,KABJZBBJ4B54,2022,2023-02-23,L3CLVHZ62EE4
2022-06-CENSUS-0000150676,KABJZBBJ4B54,2022,2023-02-23,UKT7ZAYMKX86
2022-06-CENSUS-0000150676,KABJZBBJ4B54,2022,2023-02-23,KZELK32E7C33
2022-06-CENSUS-0000244582,EGQYLC1X4LY6,2022,2023-03-28,FDU8EFJS9HJ3
2022-12-CENSUS-0000194687,L9TJD7JJ4JH9,2022,2023-04-20,KYA7AKDP2JS7
2022-12-CENSUS-0000194687,L9TJD7JJ4JH9,2022,2023-04-20,KQ73PPACDFH5
2022-12-CENSUS-0000194687,L9TJD7JJ4JH9,2022,2023-04-20,JQA4KKZSQLC5
2022-12-CENSUS-0000194687,L9TJD7JJ4JH9,2022,2023-04-20,KXVNHHCTPXN8
2022-12-CENSUS-0000194687,L9TJD7JJ4JH9,2022,2023-04-20,KY59JXRL55L5
2022-12-CENSUS-0000194687,L9TJD7JJ4JH9,2022,2023-04-20,LK64GULZCJT3
2022-12-CENSUS-0000010670,MKUJBCZRGUM8,2022,2023-10-01,LGHBJMLVD8H3
2022-12-CENSUS-0000010670,MKUJBCZRGUM8,2022,2023-10-01,RLTGSN6NFKR7
2022-12-CENSUS-0000010670,MKUJBCZRGUM8,2022,2023-10-01,PQ5QHJCLQJ65
2022-12-CENSUS-0000010670,MKUJBCZRGUM8,2022,2023-10-01,PPFUA6ZM12M8
2022-08-CENSUS-0000053625,LNG6FLWJNJ86,2022,2023-05-29,CDQWA85D2NX1
2022-08-CENSUS-0000053625,LNG6FLWJNJ86,2022,2023-05-29,CHNZQ2ULL9U8
2022-08-CENSUS-0000053625,LNG6FLWJNJ86,2022,2023-05-29,DKMJGND5C9T4
2022-08-CENSUS-0000053625,LNG6FLWJNJ86,2022,2023-05-29,FJ8TC29C3MX7
2022-08-CENSUS-0000053625,LNG6FLWJNJ86,2022,2023-05-29,H56AV2S71FL7
2022-08-CENSUS-0000053625,LNG6FLWJNJ86,2022,2023-05-29,J7TVJSL3X2A3
2022-08-CENSUS-0000053625,LNG6FLWJNJ86,2022,2023-05-29,JCCVN69FXEC3
2022-08-CENSUS-0000053625,LNG6FLWJNJ86,2022,2023-05-29,KG7GYRE41LM4
2022-08-CENSUS-0000053625,LNG6FLWJNJ86,2022,2023-05-29,LAP6KNF2K2J3
2022-08-CENSUS-0000053625,LNG6FLWJNJ86,2022,2023-05-29,N5HZJ6LHYV29
2022-08-CENSUS-0000053625,LNG6FLWJNJ86,2022,2023-05-29,NLVFF9DMNJ33
2022-08-CENSUS-0000053625,LNG6FLWJNJ86,2022,2023-05-29,NNJAGEQV1VK6
2022-08-CENSUS-0000053625,LNG6FLWJNJ86,2022,2023-05-29,PJDDWDCX9468
2022-08-CENSUS-0000053625,LNG6FLWJNJ86,2022,2023-05-29,XSG2KVJF9S23
2022-08-CENSUS-0000053625,LNG6FLWJNJ86,2022,2023-05-29,YS79NNHKCMV5
2022-08-CENSUS-0000053625,LNG6FLWJNJ86,2022,2023-05-29,Z2XVZXBBLMW7
2022-06-CENSUS-0000171452,MUNUKPPCPLJ4,2022,2023-02-23,XCU5UVGHS2V7
2022-12-CENSUS-0000187806,QUQ9UCCMQ4A1,2022,2023-09-26,LZQMTMARC8Q3
2022-12-CENSUS-0000187806,QUQ9UCCMQ4A1,2022,2023-09-26,TQLAP4HEDSL3
2022-12-CENSUS-0000187806,QUQ9UCCMQ4A1,2022,2023-09-26,E1D1LQ5QENJ8
2022-12-CENSUS-0000187806,QUQ9UCCMQ4A1,2022,2023-09-26,CF2SNDQJU7N3
2022-12-CENSUS-0000187806,QUQ9UCCMQ4A1,2022,2023-09-26,EU1QJXNMWKE9
2022-12-CENSUS-0000187806,QUQ9UCCMQ4A1,2022,2023-09-26,DQB6GALLSCE5
2022-12-CENSUS-0000187806,QUQ9UCCMQ4A1,2022,2023-09-26,JB2KQG7MNQ59
2022-12-CENSUS-0000187806,QUQ9UCCMQ4A1,2022,2023-09-26,XT2WV99LXHW9
2022-12-CENSUS-0000187806,QUQ9UCCMQ4A1,2022,2023-09-26,PVAPTETAC8Q8
2022-12-CENSUS-0000187806,QUQ9UCCMQ4A1,2022,2023-09-26,QWUXQFBRC5R3
2022-12-CENSUS-0000187806,QUQ9UCCMQ4A1,2022,2023-09-26,KRMNTKYRCJ83
2022-12-CENSUS-0000187806,QUQ9UCCMQ4A1,2022,2023-09-26,RJG9MSZ4GBT3
2022-12-CENSUS-0000187806,QUQ9UCCMQ4A1,2022,2023-09-26,TS2LXAN2W8A8
2022-12-CENSUS-0000187806,QUQ9UCCMQ4A1,2022,2023-09-26,QCRLT5KG69N5
2022-12-CENSUS-0000187806,QUQ9UCCMQ4A1,2022,2023-09-26,KTY3NEXN42K7
2022-06-CENSUS-0000233258,M9KAALAZYWB3,2022,2023-03-30,V61APGFABP49
2022-06-CENSUS-0000233258,M9KAALAZYWB3,2022,2023-03-30,RGAJSKPJQLT3
2022-06-CENSUS-0000233258,M9KAALAZYWB3,2022,2023-03-30,CJXKGZBMJ156
2022-06-CENSUS-0000233258,M9KAALAZYWB3,2022,2023-03-30,FS7LW4EM9457
2022-06-CENSUS-0000233258,M9KAALAZYWB3,2022,2023-03-30,QX8DZ9L6JW19
2022-06-CENSUS-0000233258,M9KAALAZYWB3,2022,2023-03-30,WGPNH1LEKF71
2022-06-CENSUS-0000233258,M9KAALAZYWB3,2022,2023-03-30,H1VDRCQVNL75
2022-06-CENSUS-0000233258,M9KAALAZYWB3,2022,2023-03-30,S1EEWP6AZLC5
2022-06-CENSUS-0000175119,JLBPYUHTUGF3,2022,2023-04-10,LNERFC6GTTL9
2022-06-CENSUS-0000175119,JLBPYUHTUGF3,2022,2023-04-10,MJHXPNJNCKE5
2022-12-CENSUS-0000213009,RZQ7ME5FXSJ4,2022,2023-06-11,KUCHALRD8354
2022-12-CENSUS-0000213009,RZQ7ME5FXSJ4,2022,2023-06-11,LMRQZ21AXNX9
2022-12-CENSUS-0000213009,RZQ7ME5FXSJ4,2022,2023-06-11,GANSYW2MZTP2
2022-12-CENSUS-0000213009,RZQ7ME5FXSJ4,2022,2023-06-11,XHRFFKMSMTW6
2022-06-CENSUS-0000235114,LB1XEWRVSKR4,2022,2023-02-13,JG2JQ5E4QSE9
2022-09-CENSUS-0000192051,UNJXWD99B7N5,2022,2023-06-29,M8GXS2ZTBRV5
2022-11-CENSUS-0000138666,X8NUNEUB6RU8,2022,2023-08-29,HKUERMQTCFN3
2022-11-CENSUS-0000138666,X8NUNEUB6RU8,2022,2023-08-29,HQ8GMJ49CLW4
2022-11-CENSUS-0000138666,X8NUNEUB6RU8,2022,2023-08-29,X4MDCBEKL655
2022-11-CENSUS-0000138666,X8NUNEUB6RU8,2022,2023-08-29,HBWYTH2KD1C6
2022-06-CENSUS-0000232421,XZ9KP9XDNCS4,2022,2023-03-27,N5JNFV8VXZJ4
2022-06-CENSUS-0000232421,XZ9KP9XDNCS4,2022,2023-03-27,T11SQ3VAGHC5
2022-06-CENSUS-0000232421,XZ9KP9XDNCS4,2022,2023-03-27,LYLEEKQ5N7S5
2022-06-CENSUS-0000232421,XZ9KP9XDNCS4,2022,2023-03-27,EMQ3A2A62EQ9
2022-06-CENSUS-0000232421,XZ9KP9XDNCS4,2022,2023-03-27,M67EEKUW6235
2022-06-CENSUS-0000232421,XZ9KP9XDNCS4,2022,2023-03-27,YSHBBUA8L4H5
2022-06-CENSUS-0000171403,N5D6ZPK28B18,2022,2023-01-26,QJJHCEAG1YV1
2022-06-CENSUS-0000176084,MWLLXKHNBGB6,2022,2023-01-05,XJJGG29HMXZ4
2022-06-CENSUS-0000137440,NRHNCSKYGFA7,2022,2023-01-03,USYKTU7JFJC7
2022-06-CENSUS-0000166099,MUE7YSS144U1,2022,2023-01-09,N59PENYWXJN8
2022-06-CENSUS-0000166099,MUE7YSS144U1,2022,2023-01-09,ENQKN3GDZAG5
2022-06-CENSUS-0000005872,PLFBKZXQYDR8,2022,2023-03-09,LS3BKMJUSJV8
2022-06-CENSUS-0000229428,KXSHQ8V8L945,2022,2023-01-19,QATAALP7E4J9
2022-06-CENSUS-0000229428,KXSHQ8V8L945,2022,2023-01-19,JDAGFELS1X63
2022-06-CENSUS-0000256642,HJXCTMXF7MP3,2022,2023-01-15,GY3MQV18WST5
2022-06-CENSUS-0000256642,HJXCTMXF7MP3,2022,2023-01-15,Y1RLQCM5VXU7
2022-06-CENSUS-0000154881,LF77GRM3FWG5,2022,2023-03-23,HTQ6K6NJFHA6
2022-06-CENSUS-0000154881,LF77GRM3FWG5,2022,2023-03-23,G15AG3BLLMH4
2022-06-CENSUS-0000154881,LF77GRM3FWG5,2022,2023-03-23,FZRNGQTKADH1
2022-06-CENSUS-0000154881,LF77GRM3FWG5,2022,2023-03-23,JD2AKUCDBVV9
2022-06-CENSUS-0000154881,LF77GRM3FWG5,2022,2023-03-23,CZLHXAXKJYX1
2022-06-CENSUS-0000154881,LF77GRM3FWG5,2022,2023-03-23,DSGHK7LAZM39
2022-06-CENSUS-0000154881,LF77GRM3FWG5,2022,2023-03-23,VWL8DPVCRRN6
2022-06-CENSUS-0000154881,LF77GRM3FWG5,2022,2023-03-23,MKE6P5WUFCZ7
2022-06-CENSUS-0000154881,LF77GRM3FWG5,2022,2023-03-23,M1T9PNB1LMB8
2022-06-CENSUS-0000154881,LF77GRM3FWG5,2022,2023-03-23,EADDMC8ZNM99
2022-06-CENSUS-0000154881,LF77GRM3FWG5,2022,2023-03-23,TLPZM7FTKBC2
2022-06-CENSUS-0000154881,LF77GRM3FWG5,2022,2023-03-23,J7QKTF7FLD62
2022-06-CENSUS-0000255403,DV91PNF3A9C4,2022,2023-03-26,EJYLWUY7LJB6
2022-06-CENSUS-0000255403,DV91PNF3A9C4,2022,2023-03-26,NSZVS7424623
2022-06-CENSUS-0000255403,DV91PNF3A9C4,2022,2023-03-26,JP8MZLYMGY97
2022-12-CENSUS-0000223191,CCS5Y7XFDNT3,2022,2023-09-28,S8E7WACSS7A8
2022-12-CENSUS-0000223191,CCS5Y7XFDNT3,2022,2023-09-28,ETC6LFFAUWJ9
2022-06-CENSUS-0000135690,UTHHPVVH4U63,2022,2023-03-30,NEJWR6MJ6RJ4
2022-06-CENSUS-0000230630,MKX7K2PKSAA8,2022,2023-02-12,PLK4JNT7F6N3
2022-06-CENSUS-0000009212,JK2JPXTGXJM1,2022,2023-03-30,WV5GB6WAP4K4
2022-09-CENSUS-0000215722,XSM7C75HBMG7,2022,2023-04-17,WYKLLBHW3JY3
2022-12-CENSUS-0000177899,GSHBDBJBZYU5,2022,2023-09-28,TJXSZRTTRVP9
2022-12-CENSUS-0000177899,GSHBDBJBZYU5,2022,2023-09-28,WNN6KTKB8G97
2022-06-CENSUS-0000198800,C4A1GH8YACH4,2022,2023-03-30,MA5RR9NSXK44
2022-06-CENSUS-0000198800,C4A1GH8YACH4,2022,2023-03-30,QQFBCWAJKJ63
2022-06-CENSUS-0000198800,C4A1GH8YACH4,2022,2023-03-30,SK2KABBT6DM5
2022-06-CENSUS-0000198800,C4A1GH8YACH4,2022,2023-03-30,C135FAS7RSH5
2022-06-CENSUS-0000198800,C4A1GH8YACH4,2022,2023-03-30,DFZYVNECTBJ6
2022-06-CENSUS-0000198800,C4A1GH8YACH4,2022,2023-03-30,Y6JMZY53CGN7
2022-06-CENSUS-0000198800,C4A1GH8YACH4,2022,2023-03-30,CJKQWS7N8TL7
2022-06-CENSUS-0000198800,C4A1GH8YACH4,2022,2023-03-30,ZG55KNXL82H6
2022-06-CENSUS-0000198800,C4A1GH8YACH4,2022,2023-03-30,CRUKJNZKM1M3
2022-06-CENSUS-0000198800,C4A1GH8YACH4,2022,2023-03-30,LQ79EKLW1BH7
2022-06-CENSUS-0000198800,C4A1GH8YACH4,2022,2023-03-30,JAXUCZ1LRGG9
2022-06-CENSUS-0000198800,C4A1GH8YACH4,2022,2023-03-30,KKSHLB74AZ58
2022-06-CENSUS-0000198800,C4A1GH8YACH4,2022,2023-03-30,F4BQJEDD2L73
2022-06-CENSUS-0000198800,C4A1GH8YACH4,2022,2023-03-30,D88KR8434TS8
2022-06-CENSUS-0000227365,YV28EPLS94Z1,2022,2023-03-09,JFDZZ7VBHDA5
2022-06-CENSUS-0000170831,PA32TLEZLKH7,2022,2023-03-30,P48YKBCML619
2022-06-CENSUS-0000170831,PA32TLEZLKH7,2022,2023-03-30,CGDNEUXJ7229
2022-06-CENSUS-0000170831,PA32TLEZLKH7,2022,2023-03-30,C7P9RRX9TPJ3
2022-06-CENSUS-0000170831,PA32TLEZLKH7,2022,2023-03-30,CGJZHYG9Y7D7
2022-06-CENSUS-0000170831,PA32TLEZLKH7,2022,2023-03-30,CJAJYT2KW771
2022-06-CENSUS-0000170831,PA32TLEZLKH7,2022,2023-03-30,D3LMXGP1XTN5
2022-06-CENSUS-0000170831,PA32TLEZLKH7,2022,2023-03-30,DNHKVEH2NDJ3
2022-06-CENSUS-0000170831,PA32TLEZLKH7,2022,2023-03-30,DNZNC466DGR7
2022-06-CENSUS-0000170831,PA32TLEZLKH7,2022,2023-03-30,EBZHKKCZDJM8
2022-06-CENSUS-0000170831,PA32TLEZLKH7,2022,2023-03-30,FA2KFTZLDCV2
2022-06-CENSUS-0000170831,PA32TLEZLKH7,2022,2023-03-30,FBBDYN52KW25
2022-06-CENSUS-0000170831,PA32TLEZLKH7,2022,2023-03-30,FKA1U7B1DLS2
2022-06-CENSUS-0000170831,PA32TLEZLKH7,2022,2023-03-30,FMNMMDQJDKM8
2022-06-CENSUS-0000170831,PA32TLEZLKH7,2022,2023-03-30,G2JLSU952E73
2022-06-CENSUS-0000170831,PA32TLEZLKH7,2022,2023-03-30,GQD2G8FXQVJ3
2022-06-CENSUS-0000170831,PA32TLEZLKH7,2022,2023-03-30,HEBYAQ8MUEU3
2022-06-CENSUS-0000170831,PA32TLEZLKH7,2022,2023-03-30,J5MQJAPE9KS8
2022-06-CENSUS-0000170831,PA32TLEZLKH7,2022,2023-03-30,J84PKUEWQ6Y5
2022-06-CENSUS-0000170831,PA32TLEZLKH7,2022,2023-03-30,JBN7XJXM2YT3
2022-06-CENSUS-0000170831,PA32TLEZLKH7,2022,2023-03-30,JHJQMMVML2K9
2022-06-CENSUS-0000170831,PA32TLEZLKH7,2022,2023-03-30,LCUDMY2K6GL9
2022-06-CENSUS-0000170831,PA32TLEZLKH7,2022,2023-03-30,LWAMCP81LP14
2022-06-CENSUS-0000170831,PA32TLEZLKH7,2022,2023-03-30,NC43GSBJNN55
2022-06-CENSUS-0000170831,PA32TLEZLKH7,2022,2023-03-30,NCSEPBW5ZDL9
2022-06-CENSUS-0000170831,PA32TLEZLKH7,2022,2023-03-30,NF4JAHBE1PM3
2022-06-CENSUS-0000170831,PA32TLEZLKH7,2022,2023-03-30,NN6BT73MEG84
2022-06-CENSUS-0000170831,PA32TLEZLKH7,2022,2023-03-30,PANTBW7QPTM7
2022-06-CENSUS-0000170831,PA32TLEZLKH7,2022,2023-03-30,PDWGFLFN6ML9
2022-06-CENSUS-0000170831,PA32TLEZLKH7,2022,2023-03-30,QABJVFWTB4N9
2022-06-CENSUS-0000170831,PA32TLEZLKH7,2022,2023-03-30,S37KTE2CXB64
2022-06-CENSUS-0000170831,PA32TLEZLKH7,2022,2023-03-30,SHLLJPJTZE45
2022-06-CENSUS-0000170831,PA32TLEZLKH7,2022,2023-03-30,TJFQQAMGNHC8
2022-06-CENSUS-0000170831,PA32TLEZLKH7,2022,2023-03-30,TTX1CP9LL6Z1
2022-06-CENSUS-0000170831,PA32TLEZLKH7,2022,2023-03-30,U9EDNSCHTBE7
2022-06-CENSUS-0000170831,PA32TLEZLKH7,2022,2023-03-30,UGLDMLLFC2K9
2022-06-CENSUS-0000170831,PA32TLEZLKH7,2022,2023-03-30,URFPBWBM1C58
2022-06-CENSUS-0000170831,PA32TLEZLKH7,2022,2023-03-30,X1RJM1N8TTD6
2022-06-CENSUS-0000170831,PA32TLEZLKH7,2022,2023-03-30,XF29F5XCC9Y1
2022-06-CENSUS-0000170831,PA32TLEZLKH7,2022,2023-03-30,YHT4SJ6BCNM3
2022-06-CENSUS-0000170831,PA32TLEZLKH7,2022,2023-03-30,YSMXL61D74T9
2022-06-CENSUS-0000170831,PA32TLEZLKH7,2022,2023-03-30,ZJH6J31KU5C6
2022-06-CENSUS-0000170831,PA32TLEZLKH7,2022,2023-03-30,ZJLQXBYX6C84
2022-06-CENSUS-0000132247,LR6NGYMWXXJ5,2022,2023-03-23,LKCDUTRJHFY6
2022-06-CENSUS-0000132247,LR6NGYMWXXJ5,2022,2023-03-23,NBHADNKMGM85
2022-09-CENSUS-0000253605,L2YZPHLFAT15,2022,2023-06-20,XB3PTBMPH4L8
2022-09-CENSUS-0000253605,L2YZPHLFAT15,2022,2023-06-20,M8RYVML71299
2022-09-CENSUS-0000253605,L2YZPHLFAT15,2022,2023-06-20,CT6QLK5KHQR7
2022-09-CENSUS-0000253605,L2YZPHLFAT15,2022,2023-06-20,M588WD75P7C7
2022-09-CENSUS-0000253605,L2YZPHLFAT15,2022,2023-06-20,TFZ3GX992ZH9
2022-09-CENSUS-0000253605,L2YZPHLFAT15,2022,2023-06-20,FAH8F2DXEY74
2022-09-CENSUS-0000253605,L2YZPHLFAT15,2022,2023-06-20,EXVTSXDG9ZM8
2022-09-CENSUS-0000253605,L2YZPHLFAT15,2022,2023-06-20,DB6JPA9GDDA8
2022-09-CENSUS-0000253605,L2YZPHLFAT15,2022,2023-06-20,ZMQLGZ4JRK47
2022-09-CENSUS-0000253605,L2YZPHLFAT15,2022,2023-06-20,CJTLV8N87693
2022-09-CENSUS-0000253605,L2YZPHLFAT15,2022,2023-06-20,RTGQVK5YX315
2022-09-CENSUS-0000253605,L2YZPHLFAT15,2022,2023-06-20,M773X1BDERE5
2022-09-CENSUS-0000253605,L2YZPHLFAT15,2022,2023-06-20,EGCYE3H1NSU8
2022-09-CENSUS-0000253605,L2YZPHLFAT15,2022,2023-06-20,L3CABTYPB872
2022-09-CENSUS-0000253605,L2YZPHLFAT15,2022,2023-06-20,KSDPGMXSWHS9
2022-06-CENSUS-0000156508,DMDEQP66JL85,2022,2023-03-29,R7VKMAJ32JD3
2022-06-CENSUS-0000156508,DMDEQP66JL85,2022,2023-03-29,CQZJLF6Y8M73
2022-09-CENSUS-0000254326,CHGEEXTCMRM9,2022,2023-06-28,RW8QGLQQZVL5
2022-09-CENSUS-0000254326,CHGEEXTCMRM9,2022,2023-06-28,PKVVX1D8VWH5
2022-06-CENSUS-0000112226,LS3BG3HFWUW5,2022,2023-02-06,CQZSF57ZR6S3
2022-06-CENSUS-0000166027,W2NEWLAM2YM6,2022,2023-03-14,UJVNMK4PB2R9
2022-06-CENSUS-0000166027,W2NEWLAM2YM6,2022,2023-03-14,TJGNBU7GGJV4
2022-06-CENSUS-0000192353,ZA69ZNUKJ645,2022,2023-03-30,Y267BLMLUN46
2022-06-CENSUS-0000192353,ZA69ZNUKJ645,2022,2023-03-30,R4PMHDNXRL15
2022-06-CENSUS-0000192353,ZA69ZNUKJ645,2022,2023-03-30,N23WSKJLS4X5
2022-06-CENSUS-0000171395,NXM1VK9NQ4C5,2022,2023-02-02,Q2YYZXF6CQ53
2022-04-CENSUS-0000256556,XMANY1V3WMK6,2022,2023-01-04,TGL9VC6DNBG3
2022-04-CENSUS-0000256556,XMANY1V3WMK6,2022,2023-01-04,GTTEVFGTJAZ7
2022-12-CENSUS-0000211303,HXTWLBNKW5A9,2022,2023-06-29,FLHGGJBKNGX9
2022-06-CENSUS-0000176094,QZYMC6LHHMP6,2022,2023-03-06,HTABRWRKL269
2022-06-CENSUS-0000158720,KKLCUUCJ6US6,2022,2023-03-30,EHEYGX7RD4V3
2022-06-CENSUS-0000158720,KKLCUUCJ6US6,2022,2023-03-30,MBB1DWDQP258
2022-06-CENSUS-0000158720,KKLCUUCJ6US6,2022,2023-03-30,M3QSBBNAVY59
2022-06-CENSUS-0000255093,GLK7YEX4CN16,2022,2023-03-28,MJVMDY85K9J5
2022-06-CENSUS-0000255093,GLK7YEX4CN16,2022,2023-03-28,VL8LM4SKMNW9
2022-06-CENSUS-0000255093,GLK7YEX4CN16,2022,2023-03-28,J8R6NCUU7MD9
2022-06-CENSUS-0000002155,LN53LCFJFL45,2022,2023-01-11,UNVDZNFA8R29
2022-06-CENSUS-0000002155,LN53LCFJFL45,2022,2023-01-11,JDLVAVGYJQ21
2022-06-CENSUS-0000239900,G5TZX4Y8E431,2022,2023-01-16,V1H2JGJQR2M9
2022-06-CENSUS-0000239900,G5TZX4Y8E431,2022,2023-01-16,ELS5DCFKR7S3
2022-06-CENSUS-0000239900,G5TZX4Y8E431,2022,2023-01-16,K8SZU619JA36
2022-06-CENSUS-0000239900,G5TZX4Y8E431,2022,2023-01-16,NJ62JZT3K4D8
2022-06-CENSUS-0000239900,G5TZX4Y8E431,2022,2023-01-16,HH5SVAK984G9
2022-06-CENSUS-0000126191,D59EE9V8HHD7,2022,2023-03-30,L5Z4F1VY5335
2022-06-CENSUS-0000126191,D59EE9V8HHD7,2022,2023-03-30,WA6ALB81VHF8
2022-06-CENSUS-0000223552,E4H8PUBKRR94,2022,2023-01-08,PEDDQMSV74F3
2022-06-CENSUS-0000131877,MD9GKE5818S4,2022,2023-03-26,JJ1JYDCT2F25
2022-06-CENSUS-0000131877,MD9GKE5818S4,2022,2023-03-26,PD18A8XKE7B6
2022-06-CENSUS-0000131877,MD9GKE5818S4,2022,2023-03-26,QQZWBL2LPC85
2022-06-CENSUS-0000131877,MD9GKE5818S4,2022,2023-03-26,CFXEZ75TPJ84
2022-06-CENSUS-0000131877,MD9GKE5818S4,2022,2023-03-26,PNJMSCHTMVF7
2022-06-CENSUS-0000131877,MD9GKE5818S4,2022,2023-03-26,NN3JV1EM6HM5
2022-06-CENSUS-0000131877,MD9GKE5818S4,2022,2023-03-26,MLBXC2C6AEX1
2022-06-CENSUS-0000131877,MD9GKE5818S4,2022,2023-03-26,E81BMEGBU6R3
2022-06-CENSUS-0000131877,MD9GKE5818S4,2022,2023-03-26,JG172DTWMNQ3
2022-06-CENSUS-0000131877,MD9GKE5818S4,2022,2023-03-26,FNZ1FRKKDWW8
2022-06-CENSUS-0000131877,MD9GKE5818S4,2022,2023-03-26,LMMJPJ5LEB75
2022-09-CENSUS-0000253801,CDE6MJRCKQL7,2022,2023-06-29,RVK6YB1S9KU6
2022-09-CENSUS-0000253801,CDE6MJRCKQL7,2022,2023-06-29,DKLYR8VAN577
2022-09-CENSUS-0000253801,CDE6MJRCKQL7,2022,2023-06-29,F664ANLE9TF9
2022-09-CENSUS-0000253801,CDE6MJRCKQL7,2022,2023-06-29,CEHQT69PJUQ4
2022-09-CENSUS-0000253801,CDE6MJRCKQL7,2022,2023-06-29,K3C5GF2CQEJ3
2022-09-CENSUS-0000253801,CDE6MJRCKQL7,2022,2023-06-29,SHW3NKWSGJK3
2022-09-CENSUS-0000253801,CDE6MJRCKQL7,2022,2023-06-29,SMV5FN318E44
2022-09-CENSUS-0000253801,CDE6MJRCKQL7,2022,2023-06-29,UFHVKW3AUN73
2022-09-CENSUS-0000253801,CDE6MJRCKQL7,2022,2023-06-29,CFS8LBUS3S13
2022-09-CENSUS-0000253801,CDE6MJRCKQL7,2022,2023-06-29,F966JSMNMV88
2022-09-CENSUS-0000253801,CDE6MJRCKQL7,2022,2023-06-29,PENDNGSHFS00
2022-09-CENSUS-0000253801,CDE6MJRCKQL7,2022,2023-06-29,PENDNGPCS000
2022-09-CENSUS-0000253801,CDE6MJRCKQL7,2022,2023-06-29,PENDNGKHS000
2022-09-CENSUS-0000253801,CDE6MJRCKQL7,2022,2023-06-29,PENDNGFHC000
2022-09-CENSUS-0000249502,NNGKJJVPWM51,2022,2023-06-26,DML4HJNAFE44
2022-09-CENSUS-0000249502,NNGKJJVPWM51,2022,2023-06-26,XMTVMXFTQBJ6
2022-09-CENSUS-0000249502,NNGKJJVPWM51,2022,2023-06-26,XXH3TJE49651
2022-09-CENSUS-0000249502,NNGKJJVPWM51,2022,2023-06-26,KQ3QX9AHQY76
2022-09-CENSUS-0000249502,NNGKJJVPWM51,2022,2023-06-26,K9L4CFNZ8XL6
2022-06-CENSUS-0000255171,U4KHJKG5FB18,2022,2023-03-29,X5A3XJ2EHQJ6
2022-06-CENSUS-0000187214,DF4MDGFTBJB4,2022,2023-03-30,FYLGYTCKMM91
2022-06-CENSUS-0000187214,DF4MDGFTBJB4,2022,2023-03-30,L83VTQ6DDFK4
2022-06-CENSUS-0000187214,DF4MDGFTBJB4,2022,2023-03-30,JTQBLLAE9J35
2022-06-CENSUS-0000187214,DF4MDGFTBJB4,2022,2023-03-30,YMYGLLUDPL61
2022-06-CENSUS-0000187214,DF4MDGFTBJB4,2022,2023-03-30,CKAYG5LG26J4
2022-06-CENSUS-0000025413,G4QYG2AFEML5,2022,2023-01-25,DJANMH9X9NA7
2022-06-CENSUS-0000025413,G4QYG2AFEML5,2022,2023-01-25,DNCMNV384VA9
2022-06-CENSUS-0000025413,G4QYG2AFEML5,2022,2023-01-25,JCKLZSKXGBK1
2022-06-CENSUS-0000025413,G4QYG2AFEML5,2022,2023-01-25,DSCSK4K73QC4
2022-06-CENSUS-0000025413,G4QYG2AFEML5,2022,2023-01-25,QC69MTE3BBM6
2022-06-CENSUS-0000025413,G4QYG2AFEML5,2022,2023-01-25,R2JBLXWX2GY9
2022-06-CENSUS-0000025413,G4QYG2AFEML5,2022,2023-01-25,EMVAECGF9CK1
2022-06-CENSUS-0000025413,G4QYG2AFEML5,2022,2023-01-25,W39GBMH7KLT1
2022-06-CENSUS-0000176261,K1ELZM2EM914,2022,2023-01-04,VPL7RVP6F9G8
2022-06-CENSUS-0000165177,MM31ZEZB7HA8,2022,2023-01-18,YXDNPE9SBVN5
2022-12-CENSUS-0000245208,LDZ1WVHC8BM5,2022,2023-08-20,QGBML1B934K4
2022-12-CENSUS-0000221572,ZX8EE8M3P3W5,2022,2023-05-31,G51JETGPQ2N3
2022-12-CENSUS-0000221572,ZX8EE8M3P3W5,2022,2023-05-31,RMY8J67FNFK9
2022-12-CENSUS-0000254702,RY46DLNQAN83,2022,2023-09-26,TX46T5175FJ5
2022-12-CENSUS-0000254702,RY46DLNQAN83,2022,2023-09-26,WHKMPP2GJ7Z9
2022-06-CENSUS-0000194225,DLBWHL9B2WN9,2022,2023-01-22,ZH31KM8HNA85
2022-06-CENSUS-0000194225,DLBWHL9B2WN9,2022,2023-01-22,NA7LYJSG63L8
2022-06-CENSUS-0000243499,PMHARB4UNHJ4,2022,2023-01-26,D812F6BPK479
2022-06-CENSUS-0000254783,CXANMMKWPE85,2022,2023-03-30,UNMFM7ZDMG32
2022-06-CENSUS-0000254783,CXANMMKWPE85,2022,2023-03-30,FDVMUSJ1QE35
2022-06-CENSUS-0000254783,CXANMMKWPE85,2022,2023-03-30,EBACHPJTPM96
2022-06-CENSUS-0000254783,CXANMMKWPE85,2022,2023-03-30,HEKBNUFTMKC5
2022-06-CENSUS-0000171359,KBJAXWVMDZQ6,2022,2023-03-28,ECGWABM44A46
2022-06-CENSUS-0000171359,KBJAXWVMDZQ6,2022,2023-03-28,EG9EL1B3ZDB9
2022-06-CENSUS-0000171359,KBJAXWVMDZQ6,2022,2023-03-28,EHMPD1RBBJJ9
2022-06-CENSUS-0000171359,KBJAXWVMDZQ6,2022,2023-03-28,EMLME5AV4DD9
2022-06-CENSUS-0000171359,KBJAXWVMDZQ6,2022,2023-03-28,EPXKD97QJF45
2022-06-CENSUS-0000171359,KBJAXWVMDZQ6,2022,2023-03-28,EUMBAJXCY2M1
2022-06-CENSUS-0000171359,KBJAXWVMDZQ6,2022,2023-03-28,EXNDHLFLU986
2022-06-CENSUS-0000171359,KBJAXWVMDZQ6,2022,2023-03-28,F2VSMAKDH8Z7
2022-06-CENSUS-0000171359,KBJAXWVMDZQ6,2022,2023-03-28,F8JKDGGKL1L6
2022-06-CENSUS-0000171359,KBJAXWVMDZQ6,2022,2023-03-28,FMAAKH5KGJS1
2022-06-CENSUS-0000171359,KBJAXWVMDZQ6,2022,2023-03-28,FN2YCS2YAUW3
2022-06-CENSUS-0000171359,KBJAXWVMDZQ6,2022,2023-03-28,FWM7GXD9B9K3
2022-06-CENSUS-0000171359,KBJAXWVMDZQ6,2022,2023-03-28,G8M3K7JDLFZ1
2022-06-CENSUS-0000171359,KBJAXWVMDZQ6,2022,2023-03-28,GB14ELPA4N95
2022-06-CENSUS-0000171359,KBJAXWVMDZQ6,2022,2023-03-28,GFHJCWDJDK47
2022-06-CENSUS-0000171359,KBJAXWVMDZQ6,2022,2023-03-28,GXKMLVDE9EK8
2022-06-CENSUS-0000171359,KBJAXWVMDZQ6,2022,2023-03-28,H5ZUNDJT62V9
2022-06-CENSUS-0000171359,KBJAXWVMDZQ6,2022,2023-03-28,H7A1EHHKNPL7
2022-06-CENSUS-0000171359,KBJAXWVMDZQ6,2022,2023-03-28,HFN9FNZKKC65
2022-06-CENSUS-0000171359,KBJAXWVMDZQ6,2022,2023-03-28,HGZNTZ97DA14
2022-06-CENSUS-0000171359,KBJAXWVMDZQ6,2022,2023-03-28,JBG7T7RXQ2B7
2022-06-CENSUS-0000171359,KBJAXWVMDZQ6,2022,2023-03-28,JC92Y4FYH524
2022-06-CENSUS-0000171359,KBJAXWVMDZQ6,2022,2023-03-28,JFQWM3SGXYK8
2022-06-CENSUS-0000171359,KBJAXWVMDZQ6,2022,2023-03-28,JK1HC6L71BR9
2022-06-CENSUS-0000171359,KBJAXWVMDZQ6,2022,2023-03-28,JL9YTWNLDM14
2022-06-CENSUS-0000171359,KBJAXWVMDZQ6,2022,2023-03-28,JNZFHMGJN7M3
2022-06-CENSUS-0000171359,KBJAXWVMDZQ6,2022,2023-03-28,K2BJX632FDN9
2022-06-CENSUS-0000171359,KBJAXWVMDZQ6,2022,2023-03-28,K9N2F8E39JH3
2022-06-CENSUS-0000171359,KBJAXWVMDZQ6,2022,2023-03-28,KF3UUJ1M69B9
2022-06-CENSUS-0000171359,KBJAXWVMDZQ6,2022,2023-03-28,KJB9PZ3Y1NV4
2022-06-CENSUS-0000171359,KBJAXWVMDZQ6,2022,2023-03-28,KNUHYRCNLJC5
2022-06-CENSUS-0000171359,KBJAXWVMDZQ6,2022,2023-03-28,KSHBUKTGFMD5
2022-06-CENSUS-0000171359,KBJAXWVMDZQ6,2022,2023-03-28,KY1ENDC2ZTU1
2022-06-CENSUS-0000171359,KBJAXWVMDZQ6,2022,2023-03-28,KYKSZQ7DVK58
2022-06-CENSUS-0000171359,KBJAXWVMDZQ6,2022,2023-03-28,L1M1ASTAGJ93
2022-06-CENSUS-0000171359,KBJAXWVMDZQ6,2022,2023-03-28,L54FLKJM2MN4
2022-06-CENSUS-0000171359,KBJAXWVMDZQ6,2022,2023-03-28,LA49GZM3BVP6
2022-06-CENSUS-0000171359,KBJAXWVMDZQ6,2022,2023-03-28,LJ5MRMJC54D1
2022-06-CENSUS-0000171359,KBJAXWVMDZQ6,2022,2023-03-28,LXG4F9K8YZK5
2022-06-CENSUS-0000171359,KBJAXWVMDZQ6,2022,2023-03-28,M4U9RN2CZGG3
2022-06-CENSUS-0000171359,KBJAXWVMDZQ6,2022,2023-03-28,M9N7P1MTKD23
2022-06-CENSUS-0000171359,KBJAXWVMDZQ6,2022,2023-03-28,MAZENG7NSX98
2022-06-CENSUS-0000171359,KBJAXWVMDZQ6,2022,2023-03-28,MJYEGHJDKA79
2022-06-CENSUS-0000171359,KBJAXWVMDZQ6,2022,2023-03-28,ML56NPH3NFF9
2022-06-CENSUS-0000171359,KBJAXWVMDZQ6,2022,2023-03-28,MLYKVSPJP5J3
2022-06-CENSUS-0000171359,KBJAXWVMDZQ6,2022,2023-03-28,MSZLCZRKAAH1
2022-06-CENSUS-0000171359,KBJAXWVMDZQ6,2022,2023-03-28,MTQLUQ46YF15
2022-06-CENSUS-0000171359,KBJAXWVMDZQ6,2022,2023-03-28,NBB1BJ7QCFG4
2022-06-CENSUS-0000171359,KBJAXWVMDZQ6,2022,2023-03-28,NDZ1VCNNXMQ3
2022-09-CENSUS-0000000085,LVXRQ6SLFM33,2022,2023-02-13,ETRZUWHMMXT8
2022-09-CENSUS-0000000085,LVXRQ6SLFM33,2022,2023-02-13,L3G4FE5W3UD8
2022-09-CENSUS-0000000085,LVXRQ6SLFM33,2022,2023-02-13,KWJHZA3CFB27
2022-09-CENSUS-0000000085,LVXRQ6SLFM33,2022,2023-02-13,CAL7MMH45XJ1
2022-09-CENSUS-0000000085,LVXRQ6SLFM33,2022,2023-02-13,KMJXS6TVJJA5
2022-09-CENSUS-0000000085,LVXRQ6SLFM33,2022,2023-02-13,KU7ZW14HGNS6
2022-09-CENSUS-0000000085,LVXRQ6SLFM33,2022,2023-02-13,Z5E9FMSL2K53
2022-09-CENSUS-0000000085,LVXRQ6SLFM33,2022,2023-02-13,E4RHQVCBZ237
2022-09-CENSUS-0000000085,LVXRQ6SLFM33,2022,2023-02-13,KZ5DKDHU5U24
2022-09-CENSUS-0000000085,LVXRQ6SLFM33,2022,2023-02-13,RKZKW6C7KXM7
2022-09-CENSUS-0000000085,LVXRQ6SLFM33,2022,2023-02-13,NQQNE92VVEK3
2022-09-CENSUS-0000000085,LVXRQ6SLFM33,2022,2023-02-13,UU6ANNJPBFQ8
2022-09-CENSUS-0000000085,LVXRQ6SLFM33,2022,2023-02-13,NZEYHRP68NS7
2022-09-CENSUS-0000000085,LVXRQ6SLFM33,2022,2023-02-13,RT37CBAWNPE6
2022-09-CENSUS-0000000085,LVXRQ6SLFM33,2022,2023-02-13,LB6ZLH6S7A21
2022-06-CENSUS-0000255249,YY9PXG32EN77,2022,2023-03-30,VLQ4KGGM8JH5
2022-06-CENSUS-0000176122,W7RMMLLAQ1K1,2022,2023-01-04,JEMZDE5BVYW7
2022-06-CENSUS-0000176122,W7RMMLLAQ1K1,2022,2023-01-04,D71BWGHJ5ME9
2022-06-CENSUS-0000152133,KNDBTMFBXDV7,2022,2023-07-31,PNK8MJQQ8KE9
2022-06-CENSUS-0000152133,KNDBTMFBXDV7,2022,2023-07-31,HY1JBXED4HY5
2022-06-CENSUS-0000152133,KNDBTMFBXDV7,2022,2023-07-31,NWR6QBAMNF45
2022-06-CENSUS-0000152133,KNDBTMFBXDV7,2022,2023-07-31,RFVNACCE7DL6
2022-06-CENSUS-0000152133,KNDBTMFBXDV7,2022,2023-07-31,KVCJLMKPWLH4
2022-06-CENSUS-0000152133,KNDBTMFBXDV7,2022,2023-07-31,R1N7LNCBNC91
2022-06-CENSUS-0000152133,KNDBTMFBXDV7,2022,2023-07-31,HSESCKDEABC8
2022-06-CENSUS-0000152133,KNDBTMFBXDV7,2022,2023-07-31,Z1ZCM965CQY8
2022-06-CENSUS-0000152133,KNDBTMFBXDV7,2022,2023-07-31,GHELM9ULN8A1
2022-06-CENSUS-0000152133,KNDBTMFBXDV7,2022,2023-07-31,ZPS4ZUNLNK29
2022-06-CENSUS-0000152133,KNDBTMFBXDV7,2022,2023-07-31,PTWGRGZ9BXK3
2022-06-CENSUS-0000152133,KNDBTMFBXDV7,2022,2023-07-31,CX9MDKHP34R7
2022-06-CENSUS-0000152133,KNDBTMFBXDV7,2022,2023-07-31,RXKSGRHQZY11
2022-06-CENSUS-0000152133,KNDBTMFBXDV7,2022,2023-07-31,W59NVUGDKQR3
2022-06-CENSUS-0000152133,KNDBTMFBXDV7,2022,2023-07-31,L7NCF7KM7S11
2022-06-CENSUS-0000152133,KNDBTMFBXDV7,2022,2023-07-31,W5BGFCYALNM6
2022-06-CENSUS-0000152133,KNDBTMFBXDV7,2022,2023-07-31,JKZ7JZLGEMS7
2022-06-CENSUS-0000152133,KNDBTMFBXDV7,2022,2023-07-31,WEXFNYMKFSH3
2022-06-CENSUS-0000152133,KNDBTMFBXDV7,2022,2023-07-31,CSZ6DQUC7M38
2022-06-CENSUS-0000152133,KNDBTMFBXDV7,2022,2023-07-31,GGZ7HMN4MND8
2022-06-CENSUS-0000152133,KNDBTMFBXDV7,2022,2023-07-31,CKEUAJR5TLR3
2022-06-CENSUS-0000152133,KNDBTMFBXDV7,2022,2023-07-31,LPLVDHX9D2E1
2022-06-CENSUS-0000152133,KNDBTMFBXDV7,2022,2023-07-31,RJ16Z1R7LSF3
2022-06-CENSUS-0000152133,KNDBTMFBXDV7,2022,2023-07-31,KMWGGJN3EKF9
2022-06-CENSUS-0000152133,KNDBTMFBXDV7,2022,2023-07-31,NAX2PE6CGYZ3
2022-06-CENSUS-0000152133,KNDBTMFBXDV7,2022,2023-07-31,CKEWKR8JEEG3
2022-06-CENSUS-0000152133,KNDBTMFBXDV7,2022,2023-07-31,CLNGKNMDA6J9
2022-06-CENSUS-0000152133,KNDBTMFBXDV7,2022,2023-07-31,CXLXKS93WF16
2022-06-CENSUS-0000152133,KNDBTMFBXDV7,2022,2023-07-31,PHQ9YMHAD583
2022-06-CENSUS-0000152133,KNDBTMFBXDV7,2022,2023-07-31,L4XLH86GBLL5
2022-06-CENSUS-0000152133,KNDBTMFBXDV7,2022,2023-07-31,XKUJC8F6GCL8
2022-06-CENSUS-0000152133,KNDBTMFBXDV7,2022,2023-07-31,EFKWJHW1FK23
2022-06-CENSUS-0000152133,KNDBTMFBXDV7,2022,2023-07-31,NNX9MXKHDYQ3
2022-06-CENSUS-0000152133,KNDBTMFBXDV7,2022,2023-07-31,XXNBK97CYNA6
2022-06-CENSUS-0000152133,KNDBTMFBXDV7,2022,2023-07-31,XKV9RGRM7LU5
2022-06-CENSUS-0000152133,KNDBTMFBXDV7,2022,2023-07-31,HLL3AH22JT33
2022-06-CENSUS-0000152133,KNDBTMFBXDV7,2022,2023-07-31,GKEXPMT6YNN5
2022-06-CENSUS-0000152133,KNDBTMFBXDV7,2022,2023-07-31,NK1QX77JJKL9
2022-09-CENSUS-0000003205,CZPGMA3EQ573,2022,2023-06-22,JKMXJYXQQP45
2022-09-CENSUS-0000238799,LZ4AWL9J6LP4,2022,2023-06-29,W78AXRXKFLL1
2022-09-CENSUS-0000238799,LZ4AWL9J6LP4,2022,2023-06-29,X8MNSEBNJMM6
2022-09-CENSUS-0000238799,LZ4AWL9J6LP4,2022,2023-06-29,MA5ECB2K27M4
2022-09-CENSUS-0000238799,LZ4AWL9J6LP4,2022,2023-06-29,C2AQVDYYUAS7
2022-09-CENSUS-0000238799,LZ4AWL9J6LP4,2022,2023-06-29,GQJ1UC1MKAX4
2022-09-CENSUS-0000238799,LZ4AWL9J6LP4,2022,2023-06-29,CJ9JXQL11MM4
2022-09-CENSUS-0000238799,LZ4AWL9J6LP4,2022,2023-06-29,D1CZA6WQ2L85
2022-09-CENSUS-0000238799,LZ4AWL9J6LP4,2022,2023-06-29,QC1GEUNCLUA8
2022-09-CENSUS-0000238799,LZ4AWL9J6LP4,2022,2023-06-29,VDSYNPTW91M7
2022-09-CENSUS-0000238799,LZ4AWL9J6LP4,2022,2023-06-29,MM99NK9LB9V8
2022-09-CENSUS-0000238799,LZ4AWL9J6LP4,2022,2023-06-29,SQE9FKFP4CX5
2022-09-CENSUS-0000238799,LZ4AWL9J6LP4,2022,2023-06-29,TNF7YJLAHGZ1
2022-09-CENSUS-0000238799,LZ4AWL9J6LP4,2022,2023-06-29,K5XWULQC54M8
2022-09-CENSUS-0000238799,LZ4AWL9J6LP4,2022,2023-06-29,D8F4HNR8XTG6
2022-09-CENSUS-0000238799,LZ4AWL9J6LP4,2022,2023-06-29,NNNEHURMUV34
2022-09-CENSUS-0000238799,LZ4AWL9J6LP4,2022,2023-06-29,KN5NMZUD61Y7
2022-09-CENSUS-0000238799,LZ4AWL9J6LP4,2022,2023-06-29,NL3MB4AM3HV5
2022-09-CENSUS-0000238799,LZ4AWL9J6LP4,2022,2023-06-29,N25BCKRKWMM4
2022-09-CENSUS-0000238799,LZ4AWL9J6LP4,2022,2023-06-29,U6UWAJ1J6PW3
2022-09-CENSUS-0000238799,LZ4AWL9J6LP4,2022,2023-06-29,RJPUBLWPB9E9
2022-09-CENSUS-0000238799,LZ4AWL9J6LP4,2022,2023-06-29,HTRFQKMBWHJ4
2022-09-CENSUS-0000238799,LZ4AWL9J6LP4,2022,2023-06-29,F772F3B8PGN1
2022-09-CENSUS-0000238799,LZ4AWL9J6LP4,2022,2023-06-29,XS1YQHXPL9P5
2022-09-CENSUS-0000238799,LZ4AWL9J6LP4,2022,2023-06-29,TF1BX14XKTY6
2022-09-CENSUS-0000238799,LZ4AWL9J6LP4,2022,2023-06-29,FHN5LUMAKKA1
2022-09-CENSUS-0000238799,LZ4AWL9J6LP4,2022,2023-06-29,CJKDRGJK36J5
2022-09-CENSUS-0000238799,LZ4AWL9J6LP4,2022,2023-06-29,GF9YHX1LMR59
2022-09-CENSUS-0000238799,LZ4AWL9J6LP4,2022,2023-06-29,JQX7W1QTQZY6
2022-09-CENSUS-0000238799,LZ4AWL9J6LP4,2022,2023-06-29,TRR5GXJJ9254
2022-09-CENSUS-0000238799,LZ4AWL9J6LP4,2022,2023-06-29,NVZJM5MJ2MB6
2022-09-CENSUS-0000238799,LZ4AWL9J6LP4,2022,2023-06-29,L1RTNF7J74L5
2022-09-CENSUS-0000238799,LZ4AWL9J6LP4,2022,2023-06-29,PWM1NHLBE2C5
2022-12-CENSUS-0000138815,NDHBBJ4B1LN5,2022,2023-08-07,P5L3RMDLELN1
2022-12-CENSUS-0000138815,NDHBBJ4B1LN5,2022,2023-08-07,XT2RYMAAZCY4
2022-12-CENSUS-0000138815,NDHBBJ4B1LN5,2022,2023-08-07,FVGJNZXDWVV3
2022-12-CENSUS-0000138815,NDHBBJ4B1LN5,2022,2023-08-07,K8F7VYLKGN64
2022-12-CENSUS-0000138815,NDHBBJ4B1LN5,2022,2023-08-07,SF6NEGGTK8U7
2022-12-CENSUS-0000138815,NDHBBJ4B1LN5,2022,2023-08-07,KQ1JP8NRPGD6
2022-12-CENSUS-0000138815,NDHBBJ4B1LN5,2022,2023-08-07,LMPLBULLMS41
2022-12-CENSUS-0000138815,NDHBBJ4B1LN5,2022,2023-08-07,FMFXFBMYHL37
2022-12-CENSUS-0000138815,NDHBBJ4B1LN5,2022,2023-08-07,H51WMHGAE8E8
2022-12-CENSUS-0000138815,NDHBBJ4B1LN5,2022,2023-08-07,H736N9RXTBC3
2022-12-CENSUS-0000138815,NDHBBJ4B1LN5,2022,2023-08-07,P138LY34M6L6
2022-12-CENSUS-0000138815,NDHBBJ4B1LN5,2022,2023-08-07,G1C1FJAM8CN1
2022-12-CENSUS-0000138815,NDHBBJ4B1LN5,2022,2023-08-07,MGP9V14KFTR6
2022-12-CENSUS-0000138815,NDHBBJ4B1LN5,2022,2023-08-07,V99FJ8MSDB43
2022-12-CENSUS-0000138815,NDHBBJ4B1LN5,2022,2023-08-07,NFECXMGA3MJ4
2022-12-CENSUS-0000138815,NDHBBJ4B1LN5,2022,2023-08-07,DZ6KY7B2CLG4
2022-12-CENSUS-0000160020,S2TXEU92QGE3,2022,2023-06-26,CURQFK7J8JX5
2022-09-CENSUS-0000258040,N923A8PESJT4,2022,2023-04-26,NCFNDARNDPD7
2022-09-CENSUS-0000253629,NKLUNN95FE16,2022,2023-06-07,EJWJRRMK57Q1
2022-06-CENSUS-0000026266,DK5MMAQ7DMM6,2022,2023-03-29,G7XVUC2ABWV4
2022-06-CENSUS-0000026266,DK5MMAQ7DMM6,2022,2023-03-29,TN6LMEDUJB81
2022-06-CENSUS-0000247699,HJZYA2D8J191,2022,2023-03-30,JDUKA9R5VQM6
2022-03-CENSUS-0000237235,LJGXZD8JD818,2022,2023-01-09,FRJXGCCNEUY9
2022-03-CENSUS-0000237235,LJGXZD8JD818,2022,2023-01-09,FF8FNE2NH5N7
2022-03-CENSUS-0000237235,LJGXZD8JD818,2022,2023-01-09,JDRWP3LNNQW4
2022-03-CENSUS-0000237235,LJGXZD8JD818,2022,2023-01-09,M3C4E614KEC1
2022-03-CENSUS-0000237235,LJGXZD8JD818,2022,2023-01-09,WQ9ZUCBQCD59
2022-03-CENSUS-0000237235,LJGXZD8JD818,2022,2023-01-09,ZKESMWZTRKN3
2022-03-CENSUS-0000237235,LJGXZD8JD818,2022,2023-01-09,YLUJLFMJJ746
2022-03-CENSUS-0000237235,LJGXZD8JD818,2022,2023-01-09,L3UNXTRS7Y39
2022-03-CENSUS-0000237235,LJGXZD8JD818,2022,2023-01-09,CU8BW3C5F771
2022-06-CENSUS-0000248952,LG44K6Y77AM6,2022,2023-02-02,DPDATLLBWRQ7
2022-06-CENSUS-0000248952,LG44K6Y77AM6,2022,2023-02-02,XNDCUYBNCKA5
2022-06-CENSUS-0000248952,LG44K6Y77AM6,2022,2023-02-02,GLBLHJUXKV43
2022-06-CENSUS-0000248952,LG44K6Y77AM6,2022,2023-02-02,NYLJR3DDVKV7
2022-12-CENSUS-0000199966,JQLMFNLA4BP4,2022,2023-09-27,EKJRMZFQ7NM5
2022-12-CENSUS-0000199966,JQLMFNLA4BP4,2022,2023-09-27,K6JLKJYC7BJ6
2022-12-CENSUS-0000255454,P3D5QELU3P17,2022,2023-09-28,JMDQY6854FKS
2022-12-CENSUS-0000255454,P3D5QELU3P17,2022,2023-09-28,CRQBMADJR211
2022-06-CENSUS-0000191185,CL1ACZKW59E1,2022,2023-03-30,VVVWKNH56R1E
2022-06-CENSUS-0000191185,CL1ACZKW59E1,2022,2023-03-30,ME5BU579KM29
2022-06-CENSUS-0000191185,CL1ACZKW59E1,2022,2023-03-30,ZRKPDNC9XZN8
2022-06-CENSUS-0000187283,HETNEH3VWDD8,2022,2023-02-07,JJALBLEAJT25
2022-06-CENSUS-0000187283,HETNEH3VWDD8,2022,2023-02-07,VQPHK2P9EG67
2022-06-CENSUS-0000187283,HETNEH3VWDD8,2022,2023-02-07,FWU8SBRH58K6
2022-06-CENSUS-0000154590,DSEEZHPCVMC6,2022,2023-03-29,DM3DENJKP3F9
2022-06-CENSUS-0000254854,NFJGFKGKMYB3,2022,2023-03-30,MNE3T1AEZFH7
2022-06-CENSUS-0000254854,NFJGFKGKMYB3,2022,2023-03-30,JX38N97M68K6
2022-12-CENSUS-0000245338,HZBZRL853VK5,2022,2023-09-30,VNL8YGXFABJ5
2022-09-CENSUS-0000253828,PEB6D46Y6ZP4,2022,2023-06-29,K42TJ6J1KKU3
2022-09-CENSUS-0000253828,PEB6D46Y6ZP4,2022,2023-06-29,J9ZNKT8JRAM9
2022-06-CENSUS-0000226944,HTY1JAL6H323,2022,2023-03-30,GJCJZQTP1AT3
2022-06-CENSUS-0000147719,EJEEH8S7HW17,2022,2023-03-29,XN2FHLMCRFC5
2022-06-CENSUS-0000147719,EJEEH8S7HW17,2022,2023-03-29,D8WYYFFG9RL3
2022-06-CENSUS-0000147719,EJEEH8S7HW17,2022,2023-03-29,U33MJRHNK5H3
2022-06-CENSUS-0000147719,EJEEH8S7HW17,2022,2023-03-29,DW31LGJ3RLU7
2022-06-CENSUS-0000147719,EJEEH8S7HW17,2022,2023-03-29,EM44YKJ8L555
2022-06-CENSUS-0000147719,EJEEH8S7HW17,2022,2023-03-29,K2F2JHFWMYL6
2022-06-CENSUS-0000147719,EJEEH8S7HW17,2022,2023-03-29,RRCZGEVWMNF6
2022-06-CENSUS-0000147719,EJEEH8S7HW17,2022,2023-03-29,RE4ACNNHDAE9
2022-06-CENSUS-0000147719,EJEEH8S7HW17,2022,2023-03-29,MSNDZAYLNZW3
2022-06-CENSUS-0000147719,EJEEH8S7HW17,2022,2023-03-29,S734YDNLSHW5
2022-06-CENSUS-0000147719,EJEEH8S7HW17,2022,2023-03-29,E9CNJL8HMVQ3
2022-06-CENSUS-0000147719,EJEEH8S7HW17,2022,2023-03-29,WREJJYMRZ5U1
2022-06-CENSUS-0000147719,EJEEH8S7HW17,2022,2023-03-29,EJZ6N8W2ZLX6
2022-06-CENSUS-0000147719,EJEEH8S7HW17,2022,2023-03-29,Y6MMW9U1D966
2022-06-CENSUS-0000147719,EJEEH8S7HW17,2022,2023-03-29,ESBQBLJJ4TL9
2022-06-CENSUS-0000147719,EJEEH8S7HW17,2022,2023-03-29,J5L2LBJK8RB8
2022-06-CENSUS-0000147719,EJEEH8S7HW17,2022,2023-03-29,GRVHMMJ93J39
2022-06-CENSUS-0000147719,EJEEH8S7HW17,2022,2023-03-29,TLPLWBGV4G58
2022-06-CENSUS-0000147719,EJEEH8S7HW17,2022,2023-03-29,LPMEAGRMSZB8
2022-06-CENSUS-0000147719,EJEEH8S7HW17,2022,2023-03-29,LU3AAZWKKFA9
2022-06-CENSUS-0000147719,EJEEH8S7HW17,2022,2023-03-29,YMZWTJ3NMRT1
2022-06-CENSUS-0000147719,EJEEH8S7HW17,2022,2023-03-29,FHJ8GQGZ7NP9
2022-06-CENSUS-0000147719,EJEEH8S7HW17,2022,2023-03-29,MMB5YBSNG5G8
2022-06-CENSUS-0000147719,EJEEH8S7HW17,2022,2023-03-29,Q3JLLBBNKJ24
2022-06-CENSUS-0000147719,EJEEH8S7HW17,2022,2023-03-29,EDVHAKD6AN35
2022-06-CENSUS-0000147719,EJEEH8S7HW17,2022,2023-03-29,C9FMD2QMKM66
2022-06-CENSUS-0000147719,EJEEH8S7HW17,2022,2023-03-29,XAUWLNB1DEN1
2022-06-CENSUS-0000147719,EJEEH8S7HW17,2022,2023-03-29,RYCEN8ALL5A4
2022-06-CENSUS-0000147719,EJEEH8S7HW17,2022,2023-03-29,GAR5KCXYNCL7
2022-06-CENSUS-0000147719,EJEEH8S7HW17,2022,2023-03-29,UXYKU2RHMBW1
2022-06-CENSUS-0000147719,EJEEH8S7HW17,2022,2023-03-29,S7MKKB2XJWC7
2022-06-CENSUS-0000147719,EJEEH8S7HW17,2022,2023-03-29,GM1WZ4NRTM51
2022-06-CENSUS-0000147719,EJEEH8S7HW17,2022,2023-03-29,ZVCGDASRZV31
2022-06-CENSUS-0000147719,EJEEH8S7HW17,2022,2023-03-29,LGZEWZY78NW9
2022-06-CENSUS-0000147719,EJEEH8S7HW17,2022,2023-03-29,Z8YEMJZCYLH9
2022-06-CENSUS-0000147719,EJEEH8S7HW17,2022,2023-03-29,X5CVNKCCMGK8
2022-06-CENSUS-0000147719,EJEEH8S7HW17,2022,2023-03-29,JDWWMKG4DJ11
2022-06-CENSUS-0000147719,EJEEH8S7HW17,2022,2023-03-29,V93SGUA5P9L3
2022-06-CENSUS-0000147719,EJEEH8S7HW17,2022,2023-03-29,USMJTDLGM6X8
2022-06-CENSUS-0000147719,EJEEH8S7HW17,2022,2023-03-29,KPXHTPF6Y2K2
2022-06-CENSUS-0000147719,EJEEH8S7HW17,2022,2023-03-29,ZJRYSNK9K1F5
2022-06-CENSUS-0000147719,EJEEH8S7HW17,2022,2023-03-29,DGJFHVRBPEF3
2022-06-CENSUS-0000147719,EJEEH8S7HW17,2022,2023-03-29,GVJBZNELFGL3
2022-06-CENSUS-0000147719,EJEEH8S7HW17,2022,2023-03-29,QM3LK2ZNGKK3
2022-06-CENSUS-0000147719,EJEEH8S7HW17,2022,2023-03-29,NC25LGMYPDM9
2022-06-CENSUS-0000147719,EJEEH8S7HW17,2022,2023-03-29,N8GTYCVKJKE1
2022-06-CENSUS-0000147719,EJEEH8S7HW17,2022,2023-03-29,YU6WVSPTHKQ9
2022-06-CENSUS-0000147719,EJEEH8S7HW17,2022,2023-03-29,T768HKZ8PLC2
2022-06-CENSUS-0000147719,EJEEH8S7HW17,2022,2023-03-29,PJDCD3UBRZZ8
2022-06-CENSUS-0000147719,EJEEH8S7HW17,2022,2023-03-29,QKMHLBCALVZ1
2022-06-CENSUS-0000147719,EJEEH8S7HW17,2022,2023-03-29,WMEEHCAPGR65
2022-06-CENSUS-0000147719,EJEEH8S7HW17,2022,2023-03-29,THKNELBAWJG7
2022-06-CENSUS-0000147719,EJEEH8S7HW17,2022,2023-03-29,K34VVMXE8MK5
2022-06-CENSUS-0000147719,EJEEH8S7HW17,2022,2023-03-29,D69GS8RKHG25
2022-06-CENSUS-0000147719,EJEEH8S7HW17,2022,2023-03-29,NJXDJGKMW2N5
2022-06-CENSUS-0000147719,EJEEH8S7HW17,2022,2023-03-29,LC3SFMP2L798
2022-06-CENSUS-0000147719,EJEEH8S7HW17,2022,2023-03-29,DJDHUMTZJ9E3
2022-06-CENSUS-0000147719,EJEEH8S7HW17,2022,2023-03-29,K8YZD49K8PK3
2022-06-CENSUS-0000147719,EJEEH8S7HW17,2022,2023-03-29,EQV9FNJ35YY1
2022-06-CENSUS-0000147719,EJEEH8S7HW17,2022,2023-03-29,RNKYWXURFRL5
2022-09-CENSUS-0000217342,SE36S7J6DZL1,2022,2023-06-25,T962KHJL8YT6
2022-09-CENSUS-0000217342,SE36S7J6DZL1,2022,2023-06-25,V7NWMFZ7CRE3
2022-09-CENSUS-0000217342,SE36S7J6DZL1,2022,2023-06-25,EFENGVLM8JD5
2022-09-CENSUS-0000217342,SE36S7J6DZL1,2022,2023-06-25,UG8YG5JBC1D8
2022-09-CENSUS-0000217342,SE36S7J6DZL1,2022,2023-06-25,JPMLBNK7THF8
2022-09-CENSUS-0000217342,SE36S7J6DZL1,2022,2023-06-25,TQZAGLYMWFA3
2022-09-CENSUS-0000217342,SE36S7J6DZL1,2022,2023-06-25,Y8TBBEF5JGJ3
2022-09-CENSUS-0000217342,SE36S7J6DZL1,2022,2023-06-25,E46HWJ93R1V5
2022-06-CENSUS-0000170255,NSA8T7PLC9K3,2022,2023-05-16,CMW2HKVBZMU6
2022-06-CENSUS-0000170255,NSA8T7PLC9K3,2022,2023-05-16,CNUEKKM8J9N6
2022-06-CENSUS-0000170255,NSA8T7PLC9K3,2022,2023-05-16,CUNKJLWN1VM9
2022-06-CENSUS-0000170255,NSA8T7PLC9K3,2022,2023-05-16,DGCZF2EKBSL1
2022-06-CENSUS-0000170255,NSA8T7PLC9K3,2022,2023-05-16,DKH3EH7KNCM3
2022-06-CENSUS-0000170255,NSA8T7PLC9K3,2022,2023-05-16,DMNCMMRZP5G5
2022-06-CENSUS-0000170255,NSA8T7PLC9K3,2022,2023-05-16,DPQNHYSXJKA9
2022-06-CENSUS-0000170255,NSA8T7PLC9K3,2022,2023-05-16,EB27G6BK8813
2022-06-CENSUS-0000170255,NSA8T7PLC9K3,2022,2023-05-16,EML2VKMV32S5
2022-06-CENSUS-0000170255,NSA8T7PLC9K3,2022,2023-05-16,EQK9ZR8JY7W9
2022-06-CENSUS-0000170255,NSA8T7PLC9K3,2022,2023-05-16,F4PKS67473B3
2022-06-CENSUS-0000170255,NSA8T7PLC9K3,2022,2023-05-16,FHJVMLWKYAQ7
2022-06-CENSUS-0000170255,NSA8T7PLC9K3,2022,2023-05-16,FNVNBKCJMS47
2022-06-CENSUS-0000170255,NSA8T7PLC9K3,2022,2023-05-16,FQYFARF7KXY3
2022-06-CENSUS-0000170255,NSA8T7PLC9K3,2022,2023-05-16,GCPFKAB1JCJ1
2022-06-CENSUS-0000170255,NSA8T7PLC9K3,2022,2023-05-16,GGB5GKEM68B3
2022-06-CENSUS-0000170255,NSA8T7PLC9K3,2022,2023-05-16,GL3FHPN8KEK3
2022-06-CENSUS-0000170255,NSA8T7PLC9K3,2022,2023-05-16,HABZKPGAPFG8
2022-06-CENSUS-0000170255,NSA8T7PLC9K3,2022,2023-05-16,HN2XJVQTV173
2022-06-CENSUS-0000170255,NSA8T7PLC9K3,2022,2023-05-16,HQSHHDDD7VC7
2022-06-CENSUS-0000170255,NSA8T7PLC9K3,2022,2023-05-16,KCMATN3EUZ43
2022-06-CENSUS-0000170255,NSA8T7PLC9K3,2022,2023-05-16,LAYRU7FNZNJ3
2022-06-CENSUS-0000170255,NSA8T7PLC9K3,2022,2023-05-16,LG8MGAVBMQH5
2022-06-CENSUS-0000170255,NSA8T7PLC9K3,2022,2023-05-16,LWPVXFL8DS51
2022-06-CENSUS-0000170255,NSA8T7PLC9K3,2022,2023-05-16,M4NLLL9XGD97
2022-06-CENSUS-0000170255,NSA8T7PLC9K3,2022,2023-05-16,M59EJNP2N535
2022-06-CENSUS-0000170255,NSA8T7PLC9K3,2022,2023-05-16,M5G1CUNH4NN5
2022-06-CENSUS-0000170255,NSA8T7PLC9K3,2022,2023-05-16,MEUXLGK3JCN5
2022-06-CENSUS-0000170255,NSA8T7PLC9K3,2022,2023-05-16,NERYUGQ8XNB1
2022-06-CENSUS-0000170255,NSA8T7PLC9K3,2022,2023-05-16,NKZVZ2TH5G33
2022-06-CENSUS-0000170255,NSA8T7PLC9K3,2022,2023-05-16,NLB6QPXM7RT5
2022-06-CENSUS-0000170255,NSA8T7PLC9K3,2022,2023-05-16,NULNRL5SSB53
2022-06-CENSUS-0000170255,NSA8T7PLC9K3,2022,2023-05-16,QS7LSW5M8Z73
2022-06-CENSUS-0000170255,NSA8T7PLC9K3,2022,2023-05-16,QYMTJNETTSA4
2022-06-CENSUS-0000170255,NSA8T7PLC9K3,2022,2023-05-16,R1WYMBFB3MW9
2022-06-CENSUS-0000170255,NSA8T7PLC9K3,2022,2023-05-16,R2MVTJWMR833
2022-06-CENSUS-0000170255,NSA8T7PLC9K3,2022,2023-05-16,RCNZMJ2JDEY7
2022-06-CENSUS-0000170255,NSA8T7PLC9K3,2022,2023-05-16,RDENNKN1ZVY3
2022-06-CENSUS-0000170255,NSA8T7PLC9K3,2022,2023-05-16,S1HLMVZCKLM5
2022-06-CENSUS-0000170255,NSA8T7PLC9K3,2022,2023-05-16,S2W3ZTGGKH65
2022-06-CENSUS-0000170255,NSA8T7PLC9K3,2022,2023-05-16,SG6DBEL65RJ8
2022-06-CENSUS-0000170255,NSA8T7PLC9K3,2022,2023-05-16,STLFUXD8RBR7
2022-06-CENSUS-0000170255,NSA8T7PLC9K3,2022,2023-05-16,SY6AAWNZN3X5
2022-06-CENSUS-0000170255,NSA8T7PLC9K3,2022,2023-05-16,U5S8NSDEBY75
2022-06-CENSUS-0000170255,NSA8T7PLC9K3,2022,2023-05-16,UCYMDNJ8VHV3
2022-06-CENSUS-0000170255,NSA8T7PLC9K3,2022,2023-05-16,V2HJEJ8AC7A7
2022-06-CENSUS-0000170255,NSA8T7PLC9K3,2022,2023-05-16,VNVCB4CKGHJ9
2022-06-CENSUS-0000170255,NSA8T7PLC9K3,2022,2023-05-16,VQKLMFCVZ6B4
2022-06-CENSUS-0000170255,NSA8T7PLC9K3,2022,2023-05-16,W2D4C9MFRJJ8
2022-06-CENSUS-0000170255,NSA8T7PLC9K3,2022,2023-05-16,WP5ENJ8E8K84
2022-06-CENSUS-0000170255,NSA8T7PLC9K3,2022,2023-05-16,XYKRYBVJ6ZZ5
2022-06-CENSUS-0000170255,NSA8T7PLC9K3,2022,2023-05-16,YDJ1N7K9HYN5
2022-06-CENSUS-0000170255,NSA8T7PLC9K3,2022,2023-05-16,YHJ7K5JEJJD9
2022-06-CENSUS-0000170255,NSA8T7PLC9K3,2022,2023-05-16,YMBJZFLZD6Q7
2022-06-CENSUS-0000170255,NSA8T7PLC9K3,2022,2023-05-16,ZC9DNR1NRG71
2022-06-CENSUS-0000170255,NSA8T7PLC9K3,2022,2023-05-16,ZFFMZ27ULFB8
2022-06-CENSUS-0000170255,NSA8T7PLC9K3,2022,2023-05-16,XGUYMXKWK2W9
2022-06-CENSUS-0000170255,NSA8T7PLC9K3,2022,2023-05-16,TCKJA8Q8EZ65
2022-06-CENSUS-0000170255,NSA8T7PLC9K3,2022,2023-05-16,VM5MA47AM9F8
2022-06-CENSUS-0000170255,NSA8T7PLC9K3,2022,2023-05-16,HCNJFC71CHQ1
2022-06-CENSUS-0000170255,NSA8T7PLC9K3,2022,2023-05-16,NH58GU7STS24
2022-06-CENSUS-0000170255,NSA8T7PLC9K3,2022,2023-05-16,CRCEB6TH9JM6
2022-06-CENSUS-0000170255,NSA8T7PLC9K3,2022,2023-05-16,DRMUXYKHQNH3
2022-06-CENSUS-0000170255,NSA8T7PLC9K3,2022,2023-05-16,CJDNG9D14MW7
2022-06-CENSUS-0000194481,T6BKTJUZVV29,2022,2023-03-28,D1C7JAKEJNK3
2022-06-CENSUS-0000194481,T6BKTJUZVV29,2022,2023-03-28,Q9ZYG5FHJ6A6
2022-06-CENSUS-0000194481,T6BKTJUZVV29,2022,2023-03-28,Y4JBA72LW8J3
2022-06-CENSUS-0000194481,T6BKTJUZVV29,2022,2023-03-28,R7KUQYELEC55
2022-06-CENSUS-0000194481,T6BKTJUZVV29,2022,2023-03-28,PHBJL3JU5G61
2022-06-CENSUS-0000194481,T6BKTJUZVV29,2022,2023-03-28,FN24GED188N1
2022-06-CENSUS-0000255348,QW6GL39HSAS8,2022,2023-10-01,UXUSK2VNA811
2022-06-CENSUS-0000255348,QW6GL39HSAS8,2022,2023-10-01,SBXTGDUJYMK6
2022-12-CENSUS-0000230344,MUJ6EJ916LE5,2022,2023-09-27,S33YPA7BN9L3
2022-12-CENSUS-0000230344,MUJ6EJ916LE5,2022,2023-09-27,KL53LN446L75
2022-12-CENSUS-0000230344,MUJ6EJ916LE5,2022,2023-09-27,Q3GUHNJK23N3
2022-12-CENSUS-0000230344,MUJ6EJ916LE5,2022,2023-09-27,NRUFDCYN8H97
2022-12-CENSUS-0000230344,MUJ6EJ916LE5,2022,2023-09-27,KBBKKRV6VPR7
2022-12-CENSUS-0000230344,MUJ6EJ916LE5,2022,2023-09-27,TDD9RB8FNG39
2022-12-CENSUS-0000230344,MUJ6EJ916LE5,2022,2023-09-27,KA2JB3YLTTB4
2022-12-CENSUS-0000230344,MUJ6EJ916LE5,2022,2023-09-27,CUN9KTKEZVV6
2022-12-CENSUS-0000230344,MUJ6EJ916LE5,2022,2023-09-27,SBW5GT8EW7J8
2022-12-CENSUS-0000230344,MUJ6EJ916LE5,2022,2023-09-27,V8LARLAMHW64
2022-12-CENSUS-0000230344,MUJ6EJ916LE5,2022,2023-09-27,H5A9HFMTLJM1
2022-12-CENSUS-0000230344,MUJ6EJ916LE5,2022,2023-09-27,SV4VDKN2V446
2022-12-CENSUS-0000230344,MUJ6EJ916LE5,2022,2023-09-27,KMXKRMVJYT22
2022-12-CENSUS-0000230344,MUJ6EJ916LE5,2022,2023-09-27,H65GNDPBTRY7
2022-12-CENSUS-0000230344,MUJ6EJ916LE5,2022,2023-09-27,Y9U7E3YP8JJ4
2022-06-CENSUS-0000258640,S5NUEUPG5UN6,2022,2023-08-01,EJ4NZMXNPTJ6
2022-12-CENSUS-0000233938,E88ARR6RKGR8,2022,2023-10-01,MKXFYVKTCLT5
2022-12-CENSUS-0000233938,E88ARR6RKGR8,2022,2023-10-01,FJB5GDULJC53
2022-12-CENSUS-0000233938,E88ARR6RKGR8,2022,2023-10-01,KWJDRMQZ5V45
2022-12-CENSUS-0000247083,M1MWJKEK1MW3,2022,2023-04-23,CYEYP58K5324
2022-12-CENSUS-0000134760,GYLMN6H2LXS4,2022,2023-09-28,CN4AM8U79PD6
2022-12-CENSUS-0000134760,GYLMN6H2LXS4,2022,2023-09-28,L8ZYYJENKA23
2022-12-CENSUS-0000134760,GYLMN6H2LXS4,2022,2023-09-28,J8MFK1MU6PR9
2022-12-CENSUS-0000134760,GYLMN6H2LXS4,2022,2023-09-28,N5JKP49CNZ15
2022-12-CENSUS-0000134760,GYLMN6H2LXS4,2022,2023-09-28,D44WMMYMNWN9
2022-12-CENSUS-0000134760,GYLMN6H2LXS4,2022,2023-09-28,DGW4LSELPEM4
2022-12-CENSUS-0000134760,GYLMN6H2LXS4,2022,2023-09-28,C8GWA3KH1DE9
2022-12-CENSUS-0000134760,GYLMN6H2LXS4,2022,2023-09-28,SAA9XFVG9JW5
2022-12-CENSUS-0000134760,GYLMN6H2LXS4,2022,2023-09-28,VFEEA9EVXVK5
2022-12-CENSUS-0000134760,GYLMN6H2LXS4,2022,2023-09-28,C5VBVSFGSGZ1
2022-12-CENSUS-0000240167,LDABZVFUKNS3,2022,2023-09-27,KJWYBQN9STL7
2022-12-CENSUS-0000240167,LDABZVFUKNS3,2022,2023-09-27,REB7E2N83GE5
2022-12-CENSUS-0000240167,LDABZVFUKNS3,2022,2023-09-27,DLQ6GZYSZLE4
2022-12-CENSUS-0000240167,LDABZVFUKNS3,2022,2023-09-27,E2JAMNH2VBX4
2022-12-CENSUS-0000240167,LDABZVFUKNS3,2022,2023-09-27,F7YLWK9FJ7T3
2022-12-CENSUS-0000069276,M4P4HJF7HHN7,2022,2023-09-28,FWZKLM51JJB4
2022-12-CENSUS-0000069276,M4P4HJF7HHN7,2022,2023-09-28,RZJGAN68CQQ6
2022-12-CENSUS-0000069276,M4P4HJF7HHN7,2022,2023-09-28,NEWXM2KAYBLS
2022-12-CENSUS-0000069276,M4P4HJF7HHN7,2022,2023-09-28,E74LK9EMR9L5
2022-12-CENSUS-0000069276,M4P4HJF7HHN7,2022,2023-09-28,PASCPV2YKLD9
2022-12-CENSUS-0000069276,M4P4HJF7HHN7,2022,2023-09-28,NTCLKJ84E384
2022-06-CENSUS-0000219340,CDRTQKF542N5,2022,2023-03-01,L1VDDH94FNL8
2022-06-CENSUS-0000219340,CDRTQKF542N5,2022,2023-03-01,NJGDH9FJ8QJ9
2022-06-CENSUS-0000219340,CDRTQKF542N5,2022,2023-03-01,C9ABMKQ87S75
2022-06-CENSUS-0000219340,CDRTQKF542N5,2022,2023-03-01,JPFLGL86SLD9
2022-06-CENSUS-0000219340,CDRTQKF542N5,2022,2023-03-01,YYZMPBZK9JQ3
2022-06-CENSUS-0000219340,CDRTQKF542N5,2022,2023-03-01,MDNMB22WA3C1
2022-06-CENSUS-0000219340,CDRTQKF542N5,2022,2023-03-01,L1FAMHJ4JHA6
2022-06-CENSUS-0000219340,CDRTQKF542N5,2022,2023-03-01,U2MZVGZNF9C8
2022-06-CENSUS-0000219340,CDRTQKF542N5,2022,2023-03-01,ZTAGD3WPN1Y1
2022-06-CENSUS-0000219340,CDRTQKF542N5,2022,2023-03-01,LELPK6LD6XL5
2022-06-CENSUS-0000219340,CDRTQKF542N5,2022,2023-03-01,EBMJU7N6D4C4
2022-06-CENSUS-0000219340,CDRTQKF542N5,2022,2023-03-01,YQ4GLNZYNYF9
2022-06-CENSUS-0000219340,CDRTQKF542N5,2022,2023-03-01,UNVLNKYR1MV3
2022-06-CENSUS-0000219340,CDRTQKF542N5,2022,2023-03-01,NACVU4748EJ3
2022-06-CENSUS-0000219340,CDRTQKF542N5,2022,2023-03-01,TFBMYNFUFP29
2022-06-CENSUS-0000219340,CDRTQKF542N5,2022,2023-03-01,WWKXJM9LVH64
2022-12-CENSUS-0000238027,UETJCKGEX8G9,2022,2023-06-19,JX5PUJ7LHPC7
2022-06-CENSUS-0000133674,YSZ7ZKSDJ7R8,2022,2023-02-02,ZMNPCA4HYNM5
2022-06-CENSUS-0000187010,KJNSFMC9KVD5,2022,2023-03-29,MVQHLLNSKAN5
2022-06-CENSUS-0000187010,KJNSFMC9KVD5,2022,2023-03-29,UEBEEPV69B58
2022-06-CENSUS-0000187010,KJNSFMC9KVD5,2022,2023-03-29,NJ24LBNQCDA9
2022-06-CENSUS-0000223057,KAAUJEUKXDX1,2022,2023-01-04,CTPFLFWRNKZ7
2022-06-CENSUS-0000250179,X4JSFPXW4K14,2022,2023-03-15,U9CNYXLH3LF8
2022-06-CENSUS-0000250179,X4JSFPXW4K14,2022,2023-03-15,S64RZN6ZNC19
2022-06-CENSUS-0000250179,X4JSFPXW4K14,2022,2023-03-15,WYXQYCFCQDL7
2022-06-CENSUS-0000219000,DCJGSC4LY1W4,2022,2023-03-28,Q3NZMR63YQ99
2022-06-CENSUS-0000219000,DCJGSC4LY1W4,2022,2023-03-28,ERNQBFCCCFR6
2022-06-CENSUS-0000254361,GWS6VXM1HBU9,2022,2023-03-27,YA5DCT6CMDJ5
2022-06-CENSUS-0000254361,GWS6VXM1HBU9,2022,2023-03-27,M6ZMFAY8MKM5
2022-06-CENSUS-0000003065,M4DJFLKNT4C5,2022,2023-01-30,LXH3H8DYLNN1
2022-06-CENSUS-0000003065,M4DJFLKNT4C5,2022,2023-01-30,WSXTBNSGD528
2022-06-CENSUS-0000003065,M4DJFLKNT4C5,2022,2023-01-30,K4BPJP364FT9
2022-06-CENSUS-0000003065,M4DJFLKNT4C5,2022,2023-01-30,L5JUKY2RE7W7
2022-06-CENSUS-0000003065,M4DJFLKNT4C5,2022,2023-01-30,LFQ5KCNPN8M9
2022-06-CENSUS-0000003065,M4DJFLKNT4C5,2022,2023-01-30,GDKJW2C2WFK4
2022-06-CENSUS-0000003065,M4DJFLKNT4C5,2022,2023-01-30,GAMXWLX27M75
2022-06-CENSUS-0000003065,M4DJFLKNT4C5,2022,2023-01-30,LN4GLNYUE6U3
2022-09-CENSUS-0000189911,CQMFPQF41QW3,2022,2023-06-22,TDG9US9MM3L3
2022-09-CENSUS-0000189911,CQMFPQF41QW3,2022,2023-06-22,G3MYGJEWX4L5
2022-09-CENSUS-0000189911,CQMFPQF41QW3,2022,2023-06-22,KNGTJWTKD5M3
2022-09-CENSUS-0000189911,CQMFPQF41QW3,2022,2023-06-22,G57JHUVJFWH1
2022-09-CENSUS-0000189911,CQMFPQF41QW3,2022,2023-06-22,ECN1K7P736K8
2022-09-CENSUS-0000189911,CQMFPQF41QW3,2022,2023-06-22,LG9MAJM5DNN5
2022-09-CENSUS-0000189911,CQMFPQF41QW3,2022,2023-06-22,YXEMBUGMFP56
2022-09-CENSUS-0000189911,CQMFPQF41QW3,2022,2023-06-22,LUM4GM4VMVJ6
2022-09-CENSUS-0000189911,CQMFPQF41QW3,2022,2023-06-22,Y4F7RVG36J98
2022-09-CENSUS-0000189911,CQMFPQF41QW3,2022,2023-06-22,PMBFFLJBKTG4
2022-09-CENSUS-0000189911,CQMFPQF41QW3,2022,2023-06-22,YN7NFN7JLCS5
2022-09-CENSUS-0000189911,CQMFPQF41QW3,2022,2023-06-22,GXKDHZ7ANHK4
2022-09-CENSUS-0000189911,CQMFPQF41QW3,2022,2023-06-22,T3SFG76ESG54
2022-09-CENSUS-0000189911,CQMFPQF41QW3,2022,2023-06-22,F4M9ZFRK2UT4
2022-09-CENSUS-0000189911,CQMFPQF41QW3,2022,2023-06-22,ZKUQHZ9FDUM6
2022-09-CENSUS-0000189911,CQMFPQF41QW3,2022,2023-06-22,VEXPDUMXK714
2022-09-CENSUS-0000189911,CQMFPQF41QW3,2022,2023-06-22,YY9JD7UNY323
2022-09-CENSUS-0000189911,CQMFPQF41QW3,2022,2023-06-22,TTBBAWZKYXR3
2022-06-CENSUS-0000132153,XEC7UKY93LA4,2022,2023-03-16,YFY8UH5HPSZ3
2022-06-CENSUS-0000132153,XEC7UKY93LA4,2022,2023-03-16,C6RQEX468X21
2022-06-CENSUS-0000132153,XEC7UKY93LA4,2022,2023-03-16,FXMBDMD7GCN5
2022-12-CENSUS-0000144884,U78SNHE76SE3,2022,2023-07-13,N8BTFMS9HD15
2022-09-CENSUS-0000257369,PB2GB5JPFZP6,2022,2023-03-15,K4TLC9BJZRD3
2022-09-CENSUS-0000257369,PB2GB5JPFZP6,2022,2023-03-15,Y28JFXVY4RF1
2022-09-CENSUS-0000257369,PB2GB5JPFZP6,2022,2023-03-15,VMJCJGLFEWC5
2022-09-CENSUS-0000257369,PB2GB5JPFZP6,2022,2023-03-15,TMLGENNQLUV1
2022-09-CENSUS-0000257369,PB2GB5JPFZP6,2022,2023-03-15,FAYKN1NPQLW9
2022-09-CENSUS-0000257369,PB2GB5JPFZP6,2022,2023-03-15,C492HA6GD9E3
2022-08-CENSUS-0000000912,HWMKHGQ42Q13,2022,2023-01-04,UK6JFN3BPAZ5
2022-08-CENSUS-0000000912,HWMKHGQ42Q13,2022,2023-01-04,U3MLZH9Z4MK5
2022-12-CENSUS-0000253334,LV6WP4FF3VH5,2022,2023-05-25,G1WKQGG3HTK5
2022-06-CENSUS-0000124792,HMSPXCT2GMG3,2022,2023-02-12,U47QKL76V3H8
2022-12-CENSUS-0000058739,KAAVJRR2JGW9,2022,2023-06-20,P7CUHQLJVPJ9
2022-12-CENSUS-0000247227,EZQKCXNPTVH3,2022,2023-08-11,LRLKKCKZDFA7
2022-06-CENSUS-0000232817,GJ6NACP4QQ63,2022,2023-03-29,PBX1Z48YBQH1
2022-06-CENSUS-0000232817,GJ6NACP4QQ63,2022,2023-03-29,KDZFP1YNQ3J3
2022-06-CENSUS-0000154536,CCKDBN6KJN86,2022,2023-03-26,KMVNH6KECXF9
2022-11-CENSUS-0000213103,RTMJBPNL5GM4,2022,2023-04-30,YAJAGKJ1RKX8
2022-11-CENSUS-0000213103,RTMJBPNL5GM4,2022,2023-04-30,JCT3LTS535C3
2022-11-CENSUS-0000213103,RTMJBPNL5GM4,2022,2023-04-30,YU85H5KJFP69
2022-12-CENSUS-0000017092,XTR3TL3BC9D3,2022,2023-09-28,G6VVMPNK4Y48
2022-12-CENSUS-0000017092,XTR3TL3BC9D3,2022,2023-09-28,NQ8NEFGM88H5
2022-12-CENSUS-0000017092,XTR3TL3BC9D3,2022,2023-09-28,L6HKEBMQDUJ7
2022-12-CENSUS-0000017092,XTR3TL3BC9D3,2022,2023-09-28,RK7NR7CV9YB3
2022-09-CENSUS-0000253765,MPLWM769CCW9,2022,2023-06-29,D8HPAGKZSQG4
2022-12-CENSUS-0000074789,HB7NVH9YCEH1,2022,2023-09-25,LGNURGE9NKH5
2022-06-CENSUS-0000109600,XU8ZQYUMML46,2022,2023-09-28,CM2BU4HVVEV5
2022-12-CENSUS-0000254754,RAFMYDWFPBM3,2022,2023-09-27,MZCYNU8ASKJ6
2022-12-CENSUS-0000254754,RAFMYDWFPBM3,2022,2023-09-27,N1BPCHKJ8J28
2022-12-CENSUS-0000254754,RAFMYDWFPBM3,2022,2023-09-27,LGC5YNNMNZB5
2022-12-CENSUS-0000254754,RAFMYDWFPBM3,2022,2023-09-27,NTLETBBWDLK7
2022-12-CENSUS-0000254754,RAFMYDWFPBM3,2022,2023-09-27,EQX1KJATS125
2022-06-CENSUS-0000255311,JMEJT5FMGGX9,2022,2023-03-30,MP3THTJ9WJM5
2022-06-CENSUS-0000255311,JMEJT5FMGGX9,2022,2023-03-30,VHD6A5ZULP43
2022-06-CENSUS-0000255311,JMEJT5FMGGX9,2022,2023-03-30,M4BLEJMT6SL5
2022-06-CENSUS-0000255311,JMEJT5FMGGX9,2022,2023-03-30,NJJMFTJ5DN25
2022-06-CENSUS-0000255311,JMEJT5FMGGX9,2022,2023-03-30,F5NMVX1R8996
2022-06-CENSUS-0000109675,FD6JYG9QQRG9,2022,2023-03-23,EEHHXEV5HMK7
2022-06-CENSUS-0000109675,FD6JYG9QQRG9,2022,2023-03-23,N2FKX1MTFAL1
2022-06-CENSUS-0000135669,V7ZTXNBNKJM9,2022,2023-01-10,M45TG7FF2363
2022-06-CENSUS-0000135669,V7ZTXNBNKJM9,2022,2023-01-10,UMWGSMA1ZYV3
2022-06-CENSUS-0000258410,FXK6U8JPNLJ8,2022,2023-06-26,J8JTDFYS1LR1
2022-06-CENSUS-0000252279,WHHNB8AJXZN8,2022,2023-02-27,EN3ZRAP9JHA3
2022-07-CENSUS-0000003379,GTJHZE4M7YK1,2022,2023-03-29,S2FZYPC4M8Q6
2022-07-CENSUS-0000003379,GTJHZE4M7YK1,2022,2023-03-29,EHJMHZJHDCY1
2022-07-CENSUS-0000003379,GTJHZE4M7YK1,2022,2023-03-29,TEX6F9QGTD17
2022-07-CENSUS-0000003379,GTJHZE4M7YK1,2022,2023-03-29,LX2PNFLUQ8A8
2022-07-CENSUS-0000003379,GTJHZE4M7YK1,2022,2023-03-29,KN6QVKDT9PK9
2022-09-CENSUS-0000032605,CKKGSHWWE1R6,2022,2023-04-09,MELAWJKQV1E3
2022-06-CENSUS-0000003372,EKQPQU7JA5H5,2022,2023-06-26,N1WPNUC9H4W8
2022-06-CENSUS-0000003372,EKQPQU7JA5H5,2022,2023-06-26,MA28BM281U76
2022-06-CENSUS-0000003372,EKQPQU7JA5H5,2022,2023-06-26,TEUALKP9LUE5
2022-06-CENSUS-0000003372,EKQPQU7JA5H5,2022,2023-06-26,UEHJB5X1F7C1
2022-06-CENSUS-0000003372,EKQPQU7JA5H5,2022,2023-06-26,FTMXD28W1KJ1
2022-06-CENSUS-0000003372,EKQPQU7JA5H5,2022,2023-06-26,TN5HHCN6NHE1
2022-09-CENSUS-0000201156,NJ49XNLZ2RY5,2022,2023-02-26,DBUGWJMTB871
2022-06-CENSUS-0000184292,M2ENSJTABU43,2022,2023-01-02,UD7RJ7SJL7V7
2022-06-CENSUS-0000179788,C6A8LHPE9YA5,2022,2023-01-22,JK6BTE64HNJ4
2022-06-CENSUS-0000179788,C6A8LHPE9YA5,2022,2023-01-22,GD3JNBW24HV4
2022-09-CENSUS-0000258327,VZJVB8RFBJR8,2022,2023-09-28,L94TMQJEE661
2022-09-CENSUS-0000258327,VZJVB8RFBJR8,2022,2023-09-28,FU3LHPLAYXL3
2022-09-CENSUS-0000258327,VZJVB8RFBJR8,2022,2023-09-28,KGMNC3J8P3T6
2022-09-CENSUS-0000258327,VZJVB8RFBJR8,2022,2023-09-28,FBHDKRVGRXC8
2022-09-CENSUS-0000258327,VZJVB8RFBJR8,2022,2023-09-28,JHG8N9QCG1C6
2022-09-CENSUS-0000258327,VZJVB8RFBJR8,2022,2023-09-28,REGXX24DF4L1
2022-12-CENSUS-0000255259,F8WBDFZF6FL9,2022,2023-09-18,F1EHSLCM92W7
2022-08-CENSUS-0000174341,MFV5WH8JNJP3,2022,2023-01-05,JHMAJGTZ8765
2022-08-CENSUS-0000174341,MFV5WH8JNJP3,2022,2023-01-05,JXU2VKZMK6S1
2022-08-CENSUS-0000174341,MFV5WH8JNJP3,2022,2023-01-05,M3K5Q1JLKCJ5
2022-08-CENSUS-0000174341,MFV5WH8JNJP3,2022,2023-01-05,FP8SLDVZF6Y1
2022-08-CENSUS-0000174341,MFV5WH8JNJP3,2022,2023-01-05,L7MJBEUH2D31
2022-08-CENSUS-0000174341,MFV5WH8JNJP3,2022,2023-01-05,K7HMJ5D66T15
2022-08-CENSUS-0000174341,MFV5WH8JNJP3,2022,2023-01-05,SW4VJABF3KV3
2022-08-CENSUS-0000174341,MFV5WH8JNJP3,2022,2023-01-05,HLY6VSDFLKC8
2022-06-CENSUS-0000170435,FKB5NLF42L15,2022,2023-03-01,SP75SLE31YJ7
2022-06-CENSUS-0000247811,EL4KYNKQ8UX5,2022,2023-01-30,S2EJGZBVF4D3
2022-12-CENSUS-0000069035,XAPNEE7MVUL4,2022,2023-04-05,D1B7SNPZYTX6
2022-12-CENSUS-0000069035,XAPNEE7MVUL4,2022,2023-04-05,E4HULW9Z73D1
2022-12-CENSUS-0000069035,XAPNEE7MVUL4,2022,2023-04-05,YXN2HCKCF839
2022-09-CENSUS-0000195146,GC27EN7RG7K1,2022,2023-09-06,VMLLGK696EW7
2022-09-CENSUS-0000192502,JWKJKYRPLLU6,2022,2023-05-11,CNWJY78LD581
2022-09-CENSUS-0000192502,JWKJKYRPLLU6,2022,2023-05-11,JDQEQ2KWN966
2022-06-CENSUS-0000147719,EJEEH8S7HW17,2022,2023-03-29,VY4KLEJ48RA8
2022-06-CENSUS-0000147719,EJEEH8S7HW17,2022,2023-03-29,JHTYTGKYWLL9
2022-06-CENSUS-0000147719,EJEEH8S7HW17,2022,2023-03-29,LNUBJQ26R2M5
2022-06-CENSUS-0000147719,EJEEH8S7HW17,2022,2023-03-29,EUEBFNMMKNV7
2022-06-CENSUS-0000147719,EJEEH8S7HW17,2022,2023-03-29,J2E6DAHNA147
2022-06-CENSUS-0000147719,EJEEH8S7HW17,2022,2023-03-29,FSWXHDLLZBD3
2022-06-CENSUS-0000147719,EJEEH8S7HW17,2022,2023-03-29,P33YD28DE3Y6
2022-06-CENSUS-0000147719,EJEEH8S7HW17,2022,2023-03-29,VJCDU6ME5WG4
2022-06-CENSUS-0000147719,EJEEH8S7HW17,2022,2023-03-29,Y59WBGX38NJ9
2022-06-CENSUS-0000147719,EJEEH8S7HW17,2022,2023-03-29,YM6SXJNJZNL3
2022-06-CENSUS-0000147719,EJEEH8S7HW17,2022,2023-03-29,PNK2G91GKFW6
2022-06-CENSUS-0000147719,EJEEH8S7HW17,2022,2023-03-29,PYCYY9JC3LC9
2022-06-CENSUS-0000147719,EJEEH8S7HW17,2022,2023-03-29,NPU8ULVAAS23
2022-06-CENSUS-0000147719,EJEEH8S7HW17,2022,2023-03-29,EX6HSTUA2KN8
2022-06-CENSUS-0000147719,EJEEH8S7HW17,2022,2023-03-29,G2XMPKNUYNG4
2022-06-CENSUS-0000147719,EJEEH8S7HW17,2022,2023-03-29,KMGEN62NKEM9
2022-06-CENSUS-0000147719,EJEEH8S7HW17,2022,2023-03-29,KULSKCCZJT27
2022-06-CENSUS-0000147719,EJEEH8S7HW17,2022,2023-03-29,G9PJLYMA2LN7
2022-06-CENSUS-0000147719,EJEEH8S7HW17,2022,2023-03-29,TFZHD2BTDF42
2022-06-CENSUS-0000147719,EJEEH8S7HW17,2022,2023-03-29,UFQ5LT1SLK61
2022-06-CENSUS-0000233090,YTSMFKSH8UD3,2022,2023-03-30,LM1BJV9EJVX9
2022-12-CENSUS-0000253391,N1QCKSABJ4A9,2022,2023-06-19,MD8NTVXNXJL8
2022-12-CENSUS-0000253391,N1QCKSABJ4A9,2022,2023-06-19,UHGLDMJBQ2N7
2022-12-CENSUS-0000213582,LGAQXBPNC5D9,2022,2023-07-24,Z18RSDC2JHT7
2022-12-CENSUS-0000213582,LGAQXBPNC5D9,2022,2023-07-24,RS1YTLEXFNL4
2022-09-CENSUS-0000257938,DGWUT8NL4LB4,2022,2023-06-29,C6H3CKQ52SJ4
2022-09-CENSUS-0000257938,DGWUT8NL4LB4,2022,2023-06-29,ETXNFQKNLWY7
2022-09-CENSUS-0000257938,DGWUT8NL4LB4,2022,2023-06-29,FGWUXXA19EF4
2022-09-CENSUS-0000257938,DGWUT8NL4LB4,2022,2023-06-29,FD6UQN89RKH3
2022-09-CENSUS-0000257938,DGWUT8NL4LB4,2022,2023-06-29,Y3BJEJY8NE28
2022-12-CENSUS-0000236007,GZGGUW4TCT71,2022,2023-09-28,FNVMD87B7AN7
2022-12-CENSUS-0000104526,GULXA55K4YK9,2022,2023-09-28,FLXLR8H16F79
2022-12-CENSUS-0000104526,GULXA55K4YK9,2022,2023-09-28,KPQDYZ6N2JK7
2022-06-CENSUS-0000025705,GP1SKG5MFH79,2022,2023-03-28,D26CTA6SBUS7
2022-06-CENSUS-0000025705,GP1SKG5MFH79,2022,2023-03-28,LPPXSCZCAJB7
2022-09-CENSUS-0000136109,NNPSKT8GRCU1,2022,2023-04-19,RLLDLZ223LX5
2022-09-CENSUS-0000136109,NNPSKT8GRCU1,2022,2023-04-19,M8ESQ7JM4VB7
2022-12-CENSUS-0000043333,LGKCFFP8LMD6,2022,2023-08-02,J51CGK1D9P36
2022-08-CENSUS-0000048352,KG76WYENL5K1,2022,2023-05-23,EXZVPWZBLUE8
2022-12-CENSUS-0000162504,R8S4DB3N3967,2022,2023-08-08,KQ1BLM5KYYA6
2022-12-CENSUS-0000162504,R8S4DB3N3967,2022,2023-08-08,TQXBV727HG91
2022-12-CENSUS-0000162504,R8S4DB3N3967,2022,2023-08-08,G6MPH6G7UD48
2022-12-CENSUS-0000162504,R8S4DB3N3967,2022,2023-08-08,UQS6NCRNJGU1
2022-12-CENSUS-0000058758,HXLWMH3H2HK5,2022,2023-07-19,DSAZGSX8JA97
2022-12-CENSUS-0000058758,HXLWMH3H2HK5,2022,2023-07-19,MHJMNSV6A7E8
2022-06-CENSUS-0000131804,PKK5TD16N4H1,2022,2023-03-24,RN64EPNH8JC6
2022-06-CENSUS-0000131804,PKK5TD16N4H1,2022,2023-03-24,KMH5K9V7S518
2022-06-CENSUS-0000131804,PKK5TD16N4H1,2022,2023-03-24,QJ8HMDK7MRM3
2022-06-CENSUS-0000131804,PKK5TD16N4H1,2022,2023-03-24,UYTTZT6G9DT1
2022-06-CENSUS-0000131804,PKK5TD16N4H1,2022,2023-03-24,G9QBQDH39DF4
2022-06-CENSUS-0000131804,PKK5TD16N4H1,2022,2023-03-24,VXUFPE4MCZH5
2022-06-CENSUS-0000131804,PKK5TD16N4H1,2022,2023-03-24,MJC5FCYQTPE6
2022-06-CENSUS-0000131804,PKK5TD16N4H1,2022,2023-03-24,MR5QC5FCAVH5
2022-06-CENSUS-0000131804,PKK5TD16N4H1,2022,2023-03-24,FFM7VPAG8P92
2022-06-CENSUS-0000131804,PKK5TD16N4H1,2022,2023-03-24,GS3YEVSS12N6
2022-06-CENSUS-0000131804,PKK5TD16N4H1,2022,2023-03-24,TX2DAGQPENZ5
2022-12-CENSUS-0000044372,J3QACS9PPD99,2022,2023-09-28,CTZ8A2F5EH19
2022-12-CENSUS-0000044372,J3QACS9PPD99,2022,2023-09-28,CYAFUG1ZJLN1
2022-12-CENSUS-0000044372,J3QACS9PPD99,2022,2023-09-28,KGXGYLSNHGU5
2022-12-CENSUS-0000044372,J3QACS9PPD99,2022,2023-09-28,C8KFLEDNXL35
2022-12-CENSUS-0000044372,J3QACS9PPD99,2022,2023-09-28,CDTEY4J7A888
2022-12-CENSUS-0000044372,J3QACS9PPD99,2022,2023-09-28,CF77RVKWTJF3
2022-12-CENSUS-0000044372,J3QACS9PPD99,2022,2023-09-28,CRQHZE8266M6
2022-12-CENSUS-0000044372,J3QACS9PPD99,2022,2023-09-28,CSGKTBM82R75
2022-12-CENSUS-0000044372,J3QACS9PPD99,2022,2023-09-28,DB1QCSK2J6D3
2022-12-CENSUS-0000044372,J3QACS9PPD99,2022,2023-09-28,DGKMSY36X7V5
2022-12-CENSUS-0000044372,J3QACS9PPD99,2022,2023-09-28,DEQDANNWLRP5
2022-12-CENSUS-0000044372,J3QACS9PPD99,2022,2023-09-28,DNMVQPV3ZKP3
2022-12-CENSUS-0000044372,J3QACS9PPD99,2022,2023-09-28,EE6US2GWGJE5
2022-12-CENSUS-0000044372,J3QACS9PPD99,2022,2023-09-28,EHYGA67HCPZ8
2022-12-CENSUS-0000044372,J3QACS9PPD99,2022,2023-09-28,ER7YB6NK13S9
2022-12-CENSUS-0000044372,J3QACS9PPD99,2022,2023-09-28,ET9CAKVN98F4
2022-12-CENSUS-0000044372,J3QACS9PPD99,2022,2023-09-28,EV57K4LNZJ79
2022-12-CENSUS-0000044372,J3QACS9PPD99,2022,2023-09-28,F3YJH3HTED93
2022-12-CENSUS-0000044372,J3QACS9PPD99,2022,2023-09-28,FBUEC3MNUKK8
2022-12-CENSUS-0000044372,J3QACS9PPD99,2022,2023-09-28,FFU7MGR419H1
2022-12-CENSUS-0000044372,J3QACS9PPD99,2022,2023-09-28,FFWLJD1JRYF4
2022-12-CENSUS-0000044372,J3QACS9PPD99,2022,2023-09-28,G2FNAC1E5V64
2022-12-CENSUS-0000044372,J3QACS9PPD99,2022,2023-09-28,GY85JKFJLGV5
2022-12-CENSUS-0000044372,J3QACS9PPD99,2022,2023-09-28,GYVKBCHDKDL9
2022-12-CENSUS-0000044372,J3QACS9PPD99,2022,2023-09-28,H2CPU3SETVF8
2022-12-CENSUS-0000044372,J3QACS9PPD99,2022,2023-09-28,H988FCEVZMG7
2022-12-CENSUS-0000044372,J3QACS9PPD99,2022,2023-09-28,J36FE8KWTGG7
2022-12-CENSUS-0000044372,J3QACS9PPD99,2022,2023-09-28,J5JWTP7NJWD1
2022-12-CENSUS-0000044372,J3QACS9PPD99,2022,2023-09-28,J5XFQCL1RGR3
2022-12-CENSUS-0000044372,J3QACS9PPD99,2022,2023-09-28,JBE3SZT1M147
2022-12-CENSUS-0000044372,J3QACS9PPD99,2022,2023-09-28,JF5HTK2G3JP9
2022-12-CENSUS-0000044372,J3QACS9PPD99,2022,2023-09-28,JL7JDSH8JBM5
2022-12-CENSUS-0000044372,J3QACS9PPD99,2022,2023-09-28,JQNZUQRTR6C8
2022-12-CENSUS-0000044372,J3QACS9PPD99,2022,2023-09-28,JTJFM5915BC9
2022-12-CENSUS-0000044372,J3QACS9PPD99,2022,2023-09-28,KNGDYWFTNK65
2022-12-CENSUS-0000044372,J3QACS9PPD99,2022,2023-09-28,L237SX7U4EK4
2022-12-CENSUS-0000044372,J3QACS9PPD99,2022,2023-09-28,LCEJCAJUNP85
2022-12-CENSUS-0000044372,J3QACS9PPD99,2022,2023-09-28,LKE3EZWUF6J3
2022-12-CENSUS-0000044372,J3QACS9PPD99,2022,2023-09-28,LQXANYSE1RM6
2022-12-CENSUS-0000044372,J3QACS9PPD99,2022,2023-09-28,LV79CDMPQK67
2022-12-CENSUS-0000044372,J3QACS9PPD99,2022,2023-09-28,LW3EPC3SSYP3
2022-12-CENSUS-0000044372,J3QACS9PPD99,2022,2023-09-28,M1JTFNBGFAS5
2022-12-CENSUS-0000044372,J3QACS9PPD99,2022,2023-09-28,M3JUCGLM37B4
2022-12-CENSUS-0000044372,J3QACS9PPD99,2022,2023-09-28,M6PLJ886HJ43
2022-12-CENSUS-0000044372,J3QACS9PPD99,2022,2023-09-28,MECUU9PPG5D4
2022-12-CENSUS-0000044372,J3QACS9PPD99,2022,2023-09-28,MFLQDC3SE9H3
2022-12-CENSUS-0000044372,J3QACS9PPD99,2022,2023-09-28,MHNJPRSAMA53
2022-12-CENSUS-0000044372,J3QACS9PPD99,2022,2023-09-28,MJJMUJA11MR5
2022-12-CENSUS-0000044372,J3QACS9PPD99,2022,2023-09-28,MSJXQJK9H7L7
2022-12-CENSUS-0000044372,J3QACS9PPD99,2022,2023-09-28,MU93RC61JY13
2022-12-CENSUS-0000044372,J3QACS9PPD99,2022,2023-09-28,N5LWDWUCA2P1
2022-12-CENSUS-0000044372,J3QACS9PPD99,2022,2023-09-28,PVDAACZCNLL6
2022-12-CENSUS-0000044372,J3QACS9PPD99,2022,2023-09-28,PYQ9VAK2C9Y5
2022-12-CENSUS-0000044372,J3QACS9PPD99,2022,2023-09-28,QJFVKVXAM6L3
2022-12-CENSUS-0000044372,J3QACS9PPD99,2022,2023-09-28,QS2BD3LPAQV3
2022-12-CENSUS-0000044372,J3QACS9PPD99,2022,2023-09-28,RCMQXKJWRCS5
2022-12-CENSUS-0000044372,J3QACS9PPD99,2022,2023-09-28,REVLNHX66AB5
2022-12-CENSUS-0000044372,J3QACS9PPD99,2022,2023-09-28,RP55FBX6LQ14
2022-12-CENSUS-0000044372,J3QACS9PPD99,2022,2023-09-28,SLX6NJUN9C75
2022-12-CENSUS-0000044372,J3QACS9PPD99,2022,2023-09-28,SMDJQG62LLC8
2022-12-CENSUS-0000044372,J3QACS9PPD99,2022,2023-09-28,TBPZLUJMSHJ5
2022-12-CENSUS-0000044372,J3QACS9PPD99,2022,2023-09-28,TK69VE1RGQ91
2022-12-CENSUS-0000044372,J3QACS9PPD99,2022,2023-09-28,TMLGTP3HRLB8
2022-12-CENSUS-0000044372,J3QACS9PPD99,2022,2023-09-28,U5JAR8AVL649
2022-12-CENSUS-0000044372,J3QACS9PPD99,2022,2023-09-28,U6BKDVQZNZM1
2022-12-CENSUS-0000044372,J3QACS9PPD99,2022,2023-09-28,UXB4ECJKMUW9
2022-12-CENSUS-0000044372,J3QACS9PPD99,2022,2023-09-28,VMKDJCCCNLE4
2022-12-CENSUS-0000044372,J3QACS9PPD99,2022,2023-09-28,W5J3J53QNRW7
2022-12-CENSUS-0000044372,J3QACS9PPD99,2022,2023-09-28,X17AZDZJFM75
2022-12-CENSUS-0000044372,J3QACS9PPD99,2022,2023-09-28,X5XGBCL1N785
2022-12-CENSUS-0000044372,J3QACS9PPD99,2022,2023-09-28,XJNCDQERF9J8
2022-12-CENSUS-0000044372,J3QACS9PPD99,2022,2023-09-28,XNL9LUL1YRM8
2022-12-CENSUS-0000044372,J3QACS9PPD99,2022,2023-09-28,YVHLG47DJ5K1
2022-12-CENSUS-0000044372,J3QACS9PPD99,2022,2023-09-28,Z111T543FBE5
2022-12-CENSUS-0000044372,J3QACS9PPD99,2022,2023-09-28,Z63DZC1M5GU5
2022-12-CENSUS-0000044372,J3QACS9PPD99,2022,2023-09-28,ZNHEG4PH2BW9
2022-12-CENSUS-0000216236,MVD2FYL8RZU4,2022,2023-09-24,E6V7KFTL6TD6
2022-12-CENSUS-0000216236,MVD2FYL8RZU4,2022,2023-09-24,JH8QFEVK95K3
2022-12-CENSUS-0000216236,MVD2FYL8RZU4,2022,2023-09-24,C14QUH2TSSN5
2022-12-CENSUS-0000216236,MVD2FYL8RZU4,2022,2023-09-24,DKW9C4KCHMP1
2022-12-CENSUS-0000216236,MVD2FYL8RZU4,2022,2023-09-24,RQH3UNSSC3L6
2022-12-CENSUS-0000216236,MVD2FYL8RZU4,2022,2023-09-24,P5HSNXN9QHJ8
2022-08-CENSUS-0000252984,PBFNV6K6E486,2022,2023-04-16,ZUAVW735NWY5
2022-09-CENSUS-0000252112,WDBRTW7XMME9,2022,2023-02-05,TEX3C9JM6667
2022-09-CENSUS-0000241787,ZPUHZJCNFKN9,2022,2023-03-29,WAHMCLFC56U5
2022-06-CENSUS-0000206114,JQLBFLDKLJF3,2022,2023-03-27,DSMFH86KCC53
2022-06-CENSUS-0000135834,HTWJBK4KEJ38,2022,2023-07-19,C9NGMHFY2TG1
2022-06-CENSUS-0000147044,XMZ8SEL3UB24,2022,2023-01-05,LJK3PRQJJMB6
2022-08-CENSUS-0000212336,FF2CBH3B4SG3,2022,2023-03-06,GDV6YZELBFK6
2022-12-CENSUS-0000254265,ZTPAAN97K3P3,2022,2023-09-28,QXJSNMJULPT1
2022-12-CENSUS-0000254265,ZTPAAN97K3P3,2022,2023-09-28,VXHVN9MVF1F6
2022-12-CENSUS-0000254265,ZTPAAN97K3P3,2022,2023-09-28,LAQCMXSAGJF4
2022-12-CENSUS-0000254265,ZTPAAN97K3P3,2022,2023-09-28,HJ8RFPA57VK4
2022-12-CENSUS-0000254265,ZTPAAN97K3P3,2022,2023-09-28,SDCZZ3A46C55
2022-12-CENSUS-0000254265,ZTPAAN97K3P3,2022,2023-09-28,D778WEDDG5J5
2022-06-CENSUS-0000156063,ML4APHRG3K85,2022,2023-03-29,KM8XCMHLGNL3
2022-09-CENSUS-0000208190,D3PDCEBCMU65,2022,2023-04-04,FM5NJX77FDS5
2022-06-CENSUS-0000239636,TXKHAN6KC279,2022,2023-01-30,UHX3N32QRKV4
2022-06-CENSUS-0000239636,TXKHAN6KC279,2022,2023-01-30,N5J6NGE88E85
2022-06-CENSUS-0000239636,TXKHAN6KC279,2022,2023-01-30,DAAHXJ4LJNH4
2022-06-CENSUS-0000239636,TXKHAN6KC279,2022,2023-01-30,G7K2DGL6J6N3
2022-06-CENSUS-0000239636,TXKHAN6KC279,2022,2023-01-30,CDMLJYKLJEH1
2022-06-CENSUS-0000239636,TXKHAN6KC279,2022,2023-01-30,H2VEJ45L6L79
2022-06-CENSUS-0000239636,TXKHAN6KC279,2022,2023-01-30,M15JGFKJEAW5
2022-12-CENSUS-0000145235,ZK7SHNPA2LQ3,2022,2023-07-13,UBMMENJAF1Q9
2022-12-CENSUS-0000209187,MX1KC1BKDQR3,2022,2023-09-18,V8ZCWKVKLTA7
2022-06-CENSUS-0000170349,HPXQFN2WNRE3,2022,2023-03-30,ZT2FAMA3LPK7
2022-06-CENSUS-0000170349,HPXQFN2WNRE3,2022,2023-03-30,UL2HEZMR7HN1
2022-06-CENSUS-0000170349,HPXQFN2WNRE3,2022,2023-03-30,M9S9NFUYN139
2022-06-CENSUS-0000170349,HPXQFN2WNRE3,2022,2023-03-30,GEJPMUHVN1D9
2022-06-CENSUS-0000170349,HPXQFN2WNRE3,2022,2023-03-30,GNE1FHAH78R4
2022-06-CENSUS-0000170349,HPXQFN2WNRE3,2022,2023-03-30,WMUHMBGANBL5
2022-06-CENSUS-0000170349,HPXQFN2WNRE3,2022,2023-03-30,QAJ2TCNXNLL8
2022-06-CENSUS-0000170349,HPXQFN2WNRE3,2022,2023-03-30,Q4VKL91KQAK7
2022-06-CENSUS-0000170349,HPXQFN2WNRE3,2022,2023-03-30,MLH8URE9LZZ3
2022-06-CENSUS-0000170349,HPXQFN2WNRE3,2022,2023-03-30,C997G8FB47R6
2022-06-CENSUS-0000170349,HPXQFN2WNRE3,2022,2023-03-30,HCRDVHDLJ476
2022-06-CENSUS-0000170349,HPXQFN2WNRE3,2022,2023-03-30,JNZSNC4MUMS7
2022-06-CENSUS-0000170349,HPXQFN2WNRE3,2022,2023-03-30,KGLNFGPQMFB4
2022-06-CENSUS-0000170349,HPXQFN2WNRE3,2022,2023-03-30,C8Y9XDBLDGF5
2022-06-CENSUS-0000170349,HPXQFN2WNRE3,2022,2023-03-30,JYLLL2YTFQ33
2022-06-CENSUS-0000170349,HPXQFN2WNRE3,2022,2023-03-30,KNBZAL4GJ6L7
2022-06-CENSUS-0000170349,HPXQFN2WNRE3,2022,2023-03-30,LQHVVYC37U25
2022-06-CENSUS-0000170349,HPXQFN2WNRE3,2022,2023-03-30,M1DGHSAKBLC8
2022-06-CENSUS-0000170349,HPXQFN2WNRE3,2022,2023-03-30,W5U5NF5T46G7
2022-06-CENSUS-0000170349,HPXQFN2WNRE3,2022,2023-03-30,NLHQM3V4S8FG
2022-06-CENSUS-0000170349,HPXQFN2WNRE3,2022,2023-03-30,STTMSWB3N124
2022-06-CENSUS-0000170349,HPXQFN2WNRE3,2022,2023-03-30,QES1SEGH6U33
2022-06-CENSUS-0000170349,HPXQFN2WNRE3,2022,2023-03-30,NS2UM27SBN65
2022-06-CENSUS-0000170349,HPXQFN2WNRE3,2022,2023-03-30,XEELRE9H7WQ9
2022-06-CENSUS-0000170349,HPXQFN2WNRE3,2022,2023-03-30,KXYDU7QH52E7
2022-06-CENSUS-0000170349,HPXQFN2WNRE3,2022,2023-03-30,M9YBYG5NB7L1
2022-12-CENSUS-0000020075,E5FAQMEMWYA3,2022,2023-10-01,JKUZNAM3SKB3
2022-12-CENSUS-0000020075,E5FAQMEMWYA3,2022,2023-10-01,S664MPGTNC78
2022-12-CENSUS-0000020075,E5FAQMEMWYA3,2022,2023-10-01,HMD1Q9KVJ7P8
2022-12-CENSUS-0000020075,E5FAQMEMWYA3,2022,2023-10-01,MN2MCRLQB7W5
2022-12-CENSUS-0000226559,M5HGUKR7N3T9,2022,2023-04-30,QWKEVG3FNFL7
2022-12-CENSUS-0000226559,M5HGUKR7N3T9,2022,2023-04-30,UNGCNVW35C79
2022-12-CENSUS-0000226559,M5HGUKR7N3T9,2022,2023-04-30,C7X3W69K5ES1
2022-12-CENSUS-0000226559,M5HGUKR7N3T9,2022,2023-04-30,K128KBEGA3X9
2022-12-CENSUS-0000226559,M5HGUKR7N3T9,2022,2023-04-30,Q34PY2RY1ZA4
2022-12-CENSUS-0000226559,M5HGUKR7N3T9,2022,2023-04-30,YYWPNWVUW973
2022-12-CENSUS-0000226559,M5HGUKR7N3T9,2022,2023-04-30,GU96AJAC46W1
2022-12-CENSUS-0000226559,M5HGUKR7N3T9,2022,2023-04-30,JDVEQMNFJ2H4
2022-12-CENSUS-0000176585,LVPSLN4A2LF6,2022,2023-09-06,C1HRGLALTFU9
2022-12-CENSUS-0000176585,LVPSLN4A2LF6,2022,2023-09-06,LYA1EUL2CAE5
2022-12-CENSUS-0000176585,LVPSLN4A2LF6,2022,2023-09-06,NB35N2NU35J3
2022-12-CENSUS-0000255030,W9RSQ8J95BJS,2022,2023-07-30,FM7ZGCFC7AM3
2022-12-CENSUS-0000255030,W9RSQ8J95BJS,2022,2023-07-30,RD3KYJ49SX43
2022-12-CENSUS-0000255030,W9RSQ8J95BJS,2022,2023-07-30,MSJ7WTULCWT5
2022-12-CENSUS-0000255030,W9RSQ8J95BJS,2022,2023-07-30,N91KXNV3VF76
2022-12-CENSUS-0000255030,W9RSQ8J95BJS,2022,2023-07-30,MQ7WUDQ8H3M6
2022-06-CENSUS-0000171359,KBJAXWVMDZQ6,2022,2023-03-28,NEFNQCNZKSM1
2022-06-CENSUS-0000171359,KBJAXWVMDZQ6,2022,2023-03-28,NLTERGT7X3T9
2022-06-CENSUS-0000171359,KBJAXWVMDZQ6,2022,2023-03-28,NSP3K2HD2YL7
2022-06-CENSUS-0000171359,KBJAXWVMDZQ6,2022,2023-03-28,PE5YAVXSBZL7
2022-06-CENSUS-0000171359,KBJAXWVMDZQ6,2022,2023-03-28,QM3VYAB1MES6
2022-06-CENSUS-0000171359,KBJAXWVMDZQ6,2022,2023-03-28,QSL8Y5V7VMP9
2022-06-CENSUS-0000171359,KBJAXWVMDZQ6,2022,2023-03-28,R25BK2UQ8NJ6
2022-06-CENSUS-0000171359,KBJAXWVMDZQ6,2022,2023-03-28,R7UDMNZJNFU5
2022-06-CENSUS-0000171359,KBJAXWVMDZQ6,2022,2023-03-28,RR7HWPN3HSM3
2022-06-CENSUS-0000171359,KBJAXWVMDZQ6,2022,2023-03-28,RWKCVTBEDCX7
2022-06-CENSUS-0000171359,KBJAXWVMDZQ6,2022,2023-03-28,S5CLRK6NJDF7
2022-06-CENSUS-0000171359,KBJAXWVMDZQ6,2022,2023-03-28,SCLKP868KJA8
2022-06-CENSUS-0000171359,KBJAXWVMDZQ6,2022,2023-03-28,SPY2MC6GCUR9
2022-06-CENSUS-0000171359,KBJAXWVMDZQ6,2022,2023-03-28,TVL9LAKNMKW6
2022-06-CENSUS-0000171359,KBJAXWVMDZQ6,2022,2023-03-28,U5XGJG7ZVLK3
2022-06-CENSUS-0000171359,KBJAXWVMDZQ6,2022,2023-03-28,UQ2MA8BLJGL1
2022-06-CENSUS-0000171359,KBJAXWVMDZQ6,2022,2023-03-28,URXGHD8BNKE6
2022-06-CENSUS-0000171359,KBJAXWVMDZQ6,2022,2023-03-28,V5LLVC627U34
2022-06-CENSUS-0000171359,KBJAXWVMDZQ6,2022,2023-03-28,VBVKFE7E5FJ9
2022-06-CENSUS-0000171359,KBJAXWVMDZQ6,2022,2023-03-28,VF4FF7MH7D53
2022-06-CENSUS-0000171359,KBJAXWVMDZQ6,2022,2023-03-28,VL9URJZRD2W8
2022-06-CENSUS-0000171359,KBJAXWVMDZQ6,2022,2023-03-28,VMWUDBTMF4C9
2022-06-CENSUS-0000171359,KBJAXWVMDZQ6,2022,2023-03-28,VXJNHNRL99F3
2022-06-CENSUS-0000171359,KBJAXWVMDZQ6,2022,2023-03-28,WD9EYR54TWQ6
2022-06-CENSUS-0000171359,KBJAXWVMDZQ6,2022,2023-03-28,WJU3BBBPH3W8
2022-06-CENSUS-0000171359,KBJAXWVMDZQ6,2022,2023-03-28,WMRHNQD93F33
2022-06-CENSUS-0000171359,KBJAXWVMDZQ6,2022,2023-03-28,WNALUSBA1AC4
2022-06-CENSUS-0000171359,KBJAXWVMDZQ6,2022,2023-03-28,WV1FVL7J2VM5
2022-06-CENSUS-0000171359,KBJAXWVMDZQ6,2022,2023-03-28,X1M1PN3KG3E7
2022-06-CENSUS-0000171359,KBJAXWVMDZQ6,2022,2023-03-28,X8BZD8DQ3TK9
2022-06-CENSUS-0000171359,KBJAXWVMDZQ6,2022,2023-03-28,YZSNRKS5G6X8
2022-12-CENSUS-0000158418,GFB7MQFAU6F2,2022,2023-09-27,TJJ5MKDMU8H4
2022-12-CENSUS-0000158418,GFB7MQFAU6F2,2022,2023-09-27,YTZZYM6KSKH6
2022-12-CENSUS-0000158418,GFB7MQFAU6F2,2022,2023-09-27,X7G1DENC3ZA8
2022-12-CENSUS-0000158418,GFB7MQFAU6F2,2022,2023-09-27,ME8NXM9GJ3M9
2022-06-CENSUS-0000192446,NUKSGRX9L885,2022,2023-01-12,LWX8FD3F7JX6
2022-06-CENSUS-0000192446,NUKSGRX9L885,2022,2023-01-12,X2NTZUA4H727
2022-06-CENSUS-0000192446,NUKSGRX9L885,2022,2023-01-12,PMMKPCKNN9R2
2022-06-CENSUS-0000192446,NUKSGRX9L885,2022,2023-01-12,LNBWCJSE7936
2022-06-CENSUS-0000192446,NUKSGRX9L885,2022,2023-01-12,FDJ8NZJ9JSW3
2022-06-CENSUS-0000192446,NUKSGRX9L885,2022,2023-01-12,VGJHK59NMPK9
2022-06-CENSUS-0000192446,NUKSGRX9L885,2022,2023-01-12,CGCDJ24JJLZ1
2022-06-CENSUS-0000192446,NUKSGRX9L885,2022,2023-01-12,MQE2JHHJW9Q8
2022-06-CENSUS-0000192446,NUKSGRX9L885,2022,2023-01-12,LTNVSTJ3R6D5
2022-09-CENSUS-0000258496,KM7XTKHC9D19,2022,2023-06-29,NPH1VN32EWN5
2022-09-CENSUS-0000258496,KM7XTKHC9D19,2022,2023-06-29,J19ZXYATJLT3
2022-09-CENSUS-0000258496,KM7XTKHC9D19,2022,2023-06-29,JNNXW5LKE253
2022-09-CENSUS-0000258496,KM7XTKHC9D19,2022,2023-06-29,GAB8GXFYE883
2022-06-CENSUS-0000179778,W8QKYMHVL4Z3,2022,2023-08-29,D917PLULGLZ8
2022-06-CENSUS-0000179778,W8QKYMHVL4Z3,2022,2023-08-29,M4ECV1XSCN56
2022-06-CENSUS-0000179778,W8QKYMHVL4Z3,2022,2023-08-29,NNXCBK5PUGQ9
2022-06-CENSUS-0000179778,W8QKYMHVL4Z3,2022,2023-08-29,D23AW686MMR1
2022-06-CENSUS-0000179778,W8QKYMHVL4Z3,2022,2023-08-29,MQT5ML2F77M5
2022-06-CENSUS-0000171602,HNZ1C4TRQN46,2022,2023-03-30,SCENSRFMZMF1
2022-09-CENSUS-0000088100,HKKJG3A4NKP7,2022,2023-02-20,C43DLCSKXGM8
2022-12-CENSUS-0000241627,FFBWE9TBLS71,2022,2023-09-28,NX87CPLTJEU8
2022-06-CENSUS-0000180857,Q9D2D7M64DD5,2022,2023-02-22,ZYDMJQANLVG4
2022-06-CENSUS-0000180857,Q9D2D7M64DD5,2022,2023-02-22,F7RLSBH9N7M4
2022-08-CENSUS-0000108031,NLNGMNE21598,2022,2023-01-17,NLFUMGHSCLH3
2022-06-CENSUS-0000176032,JJFDLM198F57,2022,2023-02-13,ZL9NCJ1T4FU7
2022-06-CENSUS-0000176032,JJFDLM198F57,2022,2023-02-13,CXN2BDLTW565
2022-06-CENSUS-0000176032,JJFDLM198F57,2022,2023-02-13,NTRGTMRWE575
2022-06-CENSUS-0000136829,R96RFDTXEFG9,2022,2023-05-10,TJDWD2HENMF7
2022-06-CENSUS-0000136829,R96RFDTXEFG9,2022,2023-05-10,JN22XQPWQRU5
2022-06-CENSUS-0000136829,R96RFDTXEFG9,2022,2023-05-10,XD8CB5R8DVM7
2022-06-CENSUS-0000136829,R96RFDTXEFG9,2022,2023-05-10,M72GGCJ56UV8
2022-06-CENSUS-0000136829,R96RFDTXEFG9,2022,2023-05-10,JEJGGM9MT7V9
2022-06-CENSUS-0000136829,R96RFDTXEFG9,2022,2023-05-10,F2Q4UX11U7K3
2022-06-CENSUS-0000136829,R96RFDTXEFG9,2022,2023-05-10,CXHLF6D26ES8
2022-06-CENSUS-0000136829,R96RFDTXEFG9,2022,2023-05-10,C2XKJWGLDSG5
2022-06-CENSUS-0000136829,R96RFDTXEFG9,2022,2023-05-10,FC8SGR49JCE6
2022-06-CENSUS-0000136829,R96RFDTXEFG9,2022,2023-05-10,D658MPRL3J91
2022-06-CENSUS-0000136829,R96RFDTXEFG9,2022,2023-05-10,L1DBGYGQC3L5
2022-06-CENSUS-0000136829,R96RFDTXEFG9,2022,2023-05-10,N4WWJC8T2593
2022-06-CENSUS-0000136829,R96RFDTXEFG9,2022,2023-05-10,JJJNQAJY5RN6
2022-06-CENSUS-0000136829,R96RFDTXEFG9,2022,2023-05-10,DP59PALDWKH5
2022-06-CENSUS-0000136829,R96RFDTXEFG9,2022,2023-05-10,XBC7LL7CHFS3
2022-06-CENSUS-0000136829,R96RFDTXEFG9,2022,2023-05-10,T9G1AJZRY8N6
2022-06-CENSUS-0000136829,R96RFDTXEFG9,2022,2023-05-10,D86NPMMLHK41
2022-06-CENSUS-0000136829,R96RFDTXEFG9,2022,2023-05-10,CH6GC58MEZX8
2022-06-CENSUS-0000136829,R96RFDTXEFG9,2022,2023-05-10,JDPQA8949685
2022-06-CENSUS-0000136829,R96RFDTXEFG9,2022,2023-05-10,CLE1AGJD5NN6
2022-06-CENSUS-0000136829,R96RFDTXEFG9,2022,2023-05-10,WQUQXBZSDML5
2022-06-CENSUS-0000136829,R96RFDTXEFG9,2022,2023-05-10,CS42PTLDJ1F3
2022-06-CENSUS-0000136829,R96RFDTXEFG9,2022,2023-05-10,K2D8HHGH6F84
2022-06-CENSUS-0000136829,R96RFDTXEFG9,2022,2023-05-10,JYGDB3FN1MA9
2022-06-CENSUS-0000136829,R96RFDTXEFG9,2022,2023-05-10,ZEMLG3ULW2E5
2022-06-CENSUS-0000136829,R96RFDTXEFG9,2022,2023-05-10,UKB5A1E2CLK3
2022-06-CENSUS-0000136829,R96RFDTXEFG9,2022,2023-05-10,X8FHDGH9QYD7
2022-06-CENSUS-0000136829,R96RFDTXEFG9,2022,2023-05-10,CMXFKE2KDMP4
2022-06-CENSUS-0000136829,R96RFDTXEFG9,2022,2023-05-10,MLKKNHFV9RN3
2022-06-CENSUS-0000136829,R96RFDTXEFG9,2022,2023-05-10,GNMKAYK59LF1
2022-06-CENSUS-0000136829,R96RFDTXEFG9,2022,2023-05-10,M7N4HLLJAN45
2022-06-CENSUS-0000136829,R96RFDTXEFG9,2022,2023-05-10,NUGFBJ8MJSY9
2022-06-CENSUS-0000136829,R96RFDTXEFG9,2022,2023-05-10,Y64VJ1JL53K7
2022-06-CENSUS-0000136829,R96RFDTXEFG9,2022,2023-05-10,HHUNGBTDXFE8
2022-06-CENSUS-0000136829,R96RFDTXEFG9,2022,2023-05-10,C7LSTJPMJG43
2022-06-CENSUS-0000136829,R96RFDTXEFG9,2022,2023-05-10,RWEWFEXCBZK6
2022-06-CENSUS-0000136829,R96RFDTXEFG9,2022,2023-05-10,CTQ9Q2UW8LL9
2022-06-CENSUS-0000136829,R96RFDTXEFG9,2022,2023-05-10,HJGLBLZN9EW7
2022-06-CENSUS-0000136829,R96RFDTXEFG9,2022,2023-05-10,LVDJS9UYPLD4
2022-06-CENSUS-0000136829,R96RFDTXEFG9,2022,2023-05-10,S3FFMKN95RF1
2022-06-CENSUS-0000136829,R96RFDTXEFG9,2022,2023-05-10,JERJUDKCYLE3
2022-06-CENSUS-0000136829,R96RFDTXEFG9,2022,2023-05-10,UW24SMC4DLM1
2022-06-CENSUS-0000136829,R96RFDTXEFG9,2022,2023-05-10,NLYTWDL1RBS7
2022-06-CENSUS-0000136829,R96RFDTXEFG9,2022,2023-05-10,EMW9FC8J3HN4
2022-06-CENSUS-0000136829,R96RFDTXEFG9,2022,2023-05-10,LSJTMEUVUQ79
2022-06-CENSUS-0000136829,R96RFDTXEFG9,2022,2023-05-10,VAHGRLBXD6G5
2022-06-CENSUS-0000136829,R96RFDTXEFG9,2022,2023-05-10,FVCJFYYLJT13
2022-06-CENSUS-0000136829,R96RFDTXEFG9,2022,2023-05-10,DMDVPTGMLTS5
2022-06-CENSUS-0000136829,R96RFDTXEFG9,2022,2023-05-10,TSALKE2KG5B1
2022-06-CENSUS-0000136829,R96RFDTXEFG9,2022,2023-05-10,SNQ6M7S6TK89
2022-06-CENSUS-0000136829,R96RFDTXEFG9,2022,2023-05-10,MNS7B9CVKDN7
2022-06-CENSUS-0000136829,R96RFDTXEFG9,2022,2023-05-10,PWGQK4FFJXL3
2022-06-CENSUS-0000136829,R96RFDTXEFG9,2022,2023-05-10,CTCMTRLMYMS9
2022-06-CENSUS-0000136829,R96RFDTXEFG9,2022,2023-05-10,Z88QFLH396C8
2022-06-CENSUS-0000136829,R96RFDTXEFG9,2022,2023-05-10,GSDJJ12A2XU4
2022-06-CENSUS-0000136829,R96RFDTXEFG9,2022,2023-05-10,LVQADHKEFUE1
2022-06-CENSUS-0000136829,R96RFDTXEFG9,2022,2023-05-10,M8QMBTLRKDL1
2022-06-CENSUS-0000136829,R96RFDTXEFG9,2022,2023-05-10,SVU8DHL27WG1
2022-06-CENSUS-0000136829,R96RFDTXEFG9,2022,2023-05-10,LB7XJYLQ5K64
2022-06-CENSUS-0000136829,R96RFDTXEFG9,2022,2023-05-10,GJN5WVFCC6K4
2022-06-CENSUS-0000136829,R96RFDTXEFG9,2022,2023-05-10,WMCJN2364D63
2022-06-CENSUS-0000136829,R96RFDTXEFG9,2022,2023-05-10,VYF6CWCFG4G6
2022-06-CENSUS-0000136829,R96RFDTXEFG9,2022,2023-05-10,R9NJBMJD9Y18
2022-06-CENSUS-0000136829,R96RFDTXEFG9,2022,2023-05-10,V1WUYJCYJVJ4
2022-06-CENSUS-0000136829,R96RFDTXEFG9,2022,2023-05-10,UPGQEASGW9N7
2022-06-CENSUS-0000136829,R96RFDTXEFG9,2022,2023-05-10,LZSKTLZAYQC1
2022-06-CENSUS-0000136829,R96RFDTXEFG9,2022,2023-05-10,N7WSFBXBG2W8
2022-06-CENSUS-0000136829,R96RFDTXEFG9,2022,2023-05-10,F21LW9WKHJQ5
2022-06-CENSUS-0000136829,R96RFDTXEFG9,2022,2023-05-10,PK4ALBMFSLQ1
2022-06-CENSUS-0000136829,R96RFDTXEFG9,2022,2023-05-10,KJ97XE5AFJC4
2022-06-CENSUS-0000136829,R96RFDTXEFG9,2022,2023-05-10,NB11TLE8TZU7
2022-06-CENSUS-0000136829,R96RFDTXEFG9,2022,2023-05-10,SFBTPKM96L56
2022-06-CENSUS-0000136829,R96RFDTXEFG9,2022,2023-05-10,Y3UNJSG9NCQ8
2022-06-CENSUS-0000136829,R96RFDTXEFG9,2022,2023-05-10,KBKFVQTDNDD4
2022-06-CENSUS-0000136829,R96RFDTXEFG9,2022,2023-05-10,VQ92VN5EJL63
2022-06-CENSUS-0000136829,R96RFDTXEFG9,2022,2023-05-10,JE49CN5RH9R7
2022-06-CENSUS-0000136829,R96RFDTXEFG9,2022,2023-05-10,K6AHKXUZ4GM7
2022-06-CENSUS-0000136829,R96RFDTXEFG9,2022,2023-05-10,TJYKSE9XUNB9
2022-06-CENSUS-0000136829,R96RFDTXEFG9,2022,2023-05-10,K6GMDNQDL467
2022-06-CENSUS-0000136829,R96RFDTXEFG9,2022,2023-05-10,F7RVDNHK2PE5
2022-06-CENSUS-0000136829,R96RFDTXEFG9,2022,2023-05-10,N265N2MR2915
2022-06-CENSUS-0000136829,R96RFDTXEFG9,2022,2023-05-10,LGDTP2PRMDE5
2022-06-CENSUS-0000136829,R96RFDTXEFG9,2022,2023-05-10,D2EPQLW2MM85
2022-06-CENSUS-0000136829,R96RFDTXEFG9,2022,2023-05-10,GUT1BFELPFJ1
2022-06-CENSUS-0000136829,R96RFDTXEFG9,2022,2023-05-10,N1NBYY8KR985
2022-06-CENSUS-0000136829,R96RFDTXEFG9,2022,2023-05-10,G1NTLXE4VJG6
2022-06-CENSUS-0000136829,R96RFDTXEFG9,2022,2023-05-10,JU2LNTBKDJZ3
2022-06-CENSUS-0000136829,R96RFDTXEFG9,2022,2023-05-10,SMV4HJLNJLP3
2022-06-CENSUS-0000136829,R96RFDTXEFG9,2022,2023-05-10,ZKBWJZNDDE67
2022-06-CENSUS-0000136829,R96RFDTXEFG9,2022,2023-05-10,TPRNM3DMKE15
2022-06-CENSUS-0000136829,R96RFDTXEFG9,2022,2023-05-10,WUHNDWEE8WB7
2022-06-CENSUS-0000136829,R96RFDTXEFG9,2022,2023-05-10,GZKVE2KJVHM9
2022-06-CENSUS-0000136829,R96RFDTXEFG9,2022,2023-05-10,HMKMP5W5K617
2022-06-CENSUS-0000136829,R96RFDTXEFG9,2022,2023-05-10,NNE6EY7JXAJ5
2022-06-CENSUS-0000136829,R96RFDTXEFG9,2022,2023-05-10,L3E4RDM7NG17
2022-06-CENSUS-0000136829,R96RFDTXEFG9,2022,2023-05-10,VM1NC3JNJHU3
2022-06-CENSUS-0000136829,R96RFDTXEFG9,2022,2023-05-10,FXYFEXKZM4K3
2022-06-CENSUS-0000136829,R96RFDTXEFG9,2022,2023-05-10,R3LFM8XAQF29
2022-06-CENSUS-0000136829,R96RFDTXEFG9,2022,2023-05-10,XATPUL6HJZP6
2022-06-CENSUS-0000136829,R96RFDTXEFG9,2022,2023-05-10,GN3FEPSEQMC3
2022-06-CENSUS-0000136829,R96RFDTXEFG9,2022,2023-05-10,SMMA10572027
2022-06-CENSUS-0000136829,R96RFDTXEFG9,2022,2023-05-10,LXGMG4VF22K7
2022-06-CENSUS-0000136829,R96RFDTXEFG9,2022,2023-05-10,GQ7GSNYPGZ27
2022-06-CENSUS-0000136829,R96RFDTXEFG9,2022,2023-05-10,K37BS5HDD1R6
2022-06-CENSUS-0000136829,R96RFDTXEFG9,2022,2023-05-10,DEKQU1ZMTF89
2022-06-CENSUS-0000136829,R96RFDTXEFG9,2022,2023-05-10,CHLZUYASEL85
2022-06-CENSUS-0000136829,R96RFDTXEFG9,2022,2023-05-10,Q2LKTLYJM4P8
2022-06-CENSUS-0000136829,R96RFDTXEFG9,2022,2023-05-10,NMJHD63STRC5
2022-06-CENSUS-0000136829,R96RFDTXEFG9,2022,2023-05-10,GZYPDGXHXDB3
2022-06-CENSUS-0000136829,R96RFDTXEFG9,2022,2023-05-10,WU6LEXX7KD81
2022-06-CENSUS-0000136829,R96RFDTXEFG9,2022,2023-05-10,UHCVCJL7RWV3
2022-06-CENSUS-0000136829,R96RFDTXEFG9,2022,2023-05-10,N8NME8FJ3NB5
2022-06-CENSUS-0000136829,R96RFDTXEFG9,2022,2023-05-10,MW2KK4YE25A8
2022-06-CENSUS-0000136829,R96RFDTXEFG9,2022,2023-05-10,JCQLJATLGMM8
2022-06-CENSUS-0000136829,R96RFDTXEFG9,2022,2023-05-10,G659SG83BSS7
2022-06-CENSUS-0000136829,R96RFDTXEFG9,2022,2023-05-10,VD5MQ1KJHTJ9
2022-06-CENSUS-0000136829,R96RFDTXEFG9,2022,2023-05-10,FJZUDUGA3X68
2022-06-CENSUS-0000136829,R96RFDTXEFG9,2022,2023-05-10,N4DUXKFK19A6
2022-12-CENSUS-0000134855,HV8LYKJKAQW6,2022,2023-06-30,MLVULTKM4JA4
2022-12-CENSUS-0000134855,HV8LYKJKAQW6,2022,2023-06-30,GJKTV5MFXE34
2022-12-CENSUS-0000134855,HV8LYKJKAQW6,2022,2023-06-30,WHNTESWWUJM8
2022-09-CENSUS-0000227661,TZ65PKJPKFB6,2022,2023-04-21,MRFGJLMMBCA4
2022-09-CENSUS-0000152450,CH5ECC731G17,2022,2023-02-26,DFBHNTH4K9N7
2022-09-CENSUS-0000152450,CH5ECC731G17,2022,2023-02-26,F96QBBKGS925
2022-06-CENSUS-0000238232,UZ3CUJM64NQ4,2022,2023-02-01,XF9JQ8UJS7E5
2022-06-CENSUS-0000238232,UZ3CUJM64NQ4,2022,2023-02-01,Z87LN9N8A1W3
2022-09-CENSUS-0000158023,F3LNHFKF5UP1,2022,2023-01-19,GKNUPMGGW9X9
2022-06-CENSUS-0000231802,JB33PN9JXNX8,2022,2023-01-11,MNEER4H7L6H9
2022-06-CENSUS-0000231802,JB33PN9JXNX8,2022,2023-01-11,PB73X5TNEWM3
2022-06-CENSUS-0000231802,JB33PN9JXNX8,2022,2023-01-11,REG7DB4HD687
2022-06-CENSUS-0000231802,JB33PN9JXNX8,2022,2023-01-11,DVVDWJ98XDV7
2022-06-CENSUS-0000231802,JB33PN9JXNX8,2022,2023-01-11,EA9DMKJWDWL3
2022-06-CENSUS-0000231802,JB33PN9JXNX8,2022,2023-01-11,FV82SAKDWFP6
2022-12-CENSUS-0000246078,WAMPBFHE2994,2022,2023-09-10,FT78TCZZ8NQ1
2022-09-CENSUS-0000241118,KJ3FUJ4JD2K9,2022,2023-06-29,NYW8E6JSKSN5
2022-09-CENSUS-0000241118,KJ3FUJ4JD2K9,2022,2023-06-29,SLCLLHDTJB48
2022-09-CENSUS-0000241118,KJ3FUJ4JD2K9,2022,2023-06-29,M5KHPAQFBX78
2022-08-CENSUS-0000171944,JCJBPTJXYXH9,2022,2023-03-23,C1DEGMMKC7W7
2022-08-CENSUS-0000171944,JCJBPTJXYXH9,2022,2023-03-23,C1HKXLMX6M65
2022-08-CENSUS-0000171944,JCJBPTJXYXH9,2022,2023-03-23,C3KXNLTAAY98
2022-08-CENSUS-0000171944,JCJBPTJXYXH9,2022,2023-03-23,C7E3GM85JC66
2022-08-CENSUS-0000171944,JCJBPTJXYXH9,2022,2023-03-23,CARNQUWDBRP7
2022-08-CENSUS-0000171944,JCJBPTJXYXH9,2022,2023-03-23,D7Q8JLAJU3M4
2022-08-CENSUS-0000171944,JCJBPTJXYXH9,2022,2023-03-23,DBEDWRMSZ5A5
2022-08-CENSUS-0000171944,JCJBPTJXYXH9,2022,2023-03-23,DGE6L9T3CW25
2022-08-CENSUS-0000171944,JCJBPTJXYXH9,2022,2023-03-23,DJPXLZAE9931
2022-08-CENSUS-0000171944,JCJBPTJXYXH9,2022,2023-03-23,DLTMRQ54MZ25
2022-08-CENSUS-0000171944,JCJBPTJXYXH9,2022,2023-03-23,DM2CDWR8LAG3
2022-08-CENSUS-0000171944,JCJBPTJXYXH9,2022,2023-03-23,E3KAU5L3YTY5
2022-08-CENSUS-0000171944,JCJBPTJXYXH9,2022,2023-03-23,E4Z2NUYUMHF9
2022-08-CENSUS-0000171944,JCJBPTJXYXH9,2022,2023-03-23,EGLKRQ5JBCZ7
2022-08-CENSUS-0000171944,JCJBPTJXYXH9,2022,2023-03-23,EJCVPNN1WFS5
2022-08-CENSUS-0000171944,JCJBPTJXYXH9,2022,2023-03-23,EVA9NVGH2K85
2022-08-CENSUS-0000171944,JCJBPTJXYXH9,2022,2023-03-23,FCK4Z3D3CH48
2022-08-CENSUS-0000171944,JCJBPTJXYXH9,2022,2023-03-23,FCLVDQ128E69
2022-08-CENSUS-0000171944,JCJBPTJXYXH9,2022,2023-03-23,FL2TDZMNL4T1
2022-08-CENSUS-0000171944,JCJBPTJXYXH9,2022,2023-03-23,FMLYYM3GNG81
2022-08-CENSUS-0000171944,JCJBPTJXYXH9,2022,2023-03-23,FPCUDWBE7DX2
2022-08-CENSUS-0000171944,JCJBPTJXYXH9,2022,2023-03-23,FQM9FGN98L29
2022-08-CENSUS-0000171944,JCJBPTJXYXH9,2022,2023-03-23,FRCKHD9EKUY9
2022-08-CENSUS-0000171944,JCJBPTJXYXH9,2022,2023-03-23,FTAAW94S6LC6
2022-08-CENSUS-0000171944,JCJBPTJXYXH9,2022,2023-03-23,FVQCEMUWLTJ3
2022-08-CENSUS-0000171944,JCJBPTJXYXH9,2022,2023-03-23,G259P4JNCHG5
2022-08-CENSUS-0000171944,JCJBPTJXYXH9,2022,2023-03-23,G47WN1XZNWX9
2022-08-CENSUS-0000171944,JCJBPTJXYXH9,2022,2023-03-23,G5RCUVNLCLR7
2022-08-CENSUS-0000171944,JCJBPTJXYXH9,2022,2023-03-23,G6JLG3FANUA9
2022-08-CENSUS-0000171944,JCJBPTJXYXH9,2022,2023-03-23,G73MUVS5DL59
2022-08-CENSUS-0000171944,JCJBPTJXYXH9,2022,2023-03-23,G8Y3L8JV2588
2022-08-CENSUS-0000171944,JCJBPTJXYXH9,2022,2023-03-23,GGFBMCXBJLY1
2022-08-CENSUS-0000171944,JCJBPTJXYXH9,2022,2023-03-23,GHNGAZ1C6LT7
2022-08-CENSUS-0000171944,JCJBPTJXYXH9,2022,2023-03-23,GMKZCPHGJUX6
2022-08-CENSUS-0000171944,JCJBPTJXYXH9,2022,2023-03-23,H28VJDA3H4C5
2022-08-CENSUS-0000171944,JCJBPTJXYXH9,2022,2023-03-23,H2LGMCHVLSA8
2022-08-CENSUS-0000171944,JCJBPTJXYXH9,2022,2023-03-23,H6CNYQBUK6N3
2022-08-CENSUS-0000171944,JCJBPTJXYXH9,2022,2023-03-23,HFT7XTHB6563
2022-08-CENSUS-0000171944,JCJBPTJXYXH9,2022,2023-03-23,HH6VX5XDL284
2022-08-CENSUS-0000171944,JCJBPTJXYXH9,2022,2023-03-23,HS5HWWK1AAU5
2022-08-CENSUS-0000171944,JCJBPTJXYXH9,2022,2023-03-23,HYYJJ5ZP7CR9
2022-08-CENSUS-0000171944,JCJBPTJXYXH9,2022,2023-03-23,J6KWAEL5EHR1
2022-08-CENSUS-0000171944,JCJBPTJXYXH9,2022,2023-03-23,JE8AKPCR2KA4
2022-08-CENSUS-0000171944,JCJBPTJXYXH9,2022,2023-03-23,JF6XLNB4CDJ5
2022-08-CENSUS-0000171944,JCJBPTJXYXH9,2022,2023-03-23,JKHNZG2U4F51
2022-08-CENSUS-0000171944,JCJBPTJXYXH9,2022,2023-03-23,JS4YHZJ695Z3
2022-08-CENSUS-0000171944,JCJBPTJXYXH9,2022,2023-03-23,JZFMT39LKH51
2022-08-CENSUS-0000171944,JCJBPTJXYXH9,2022,2023-03-23,K8D3M5BXYL74
2022-08-CENSUS-0000171944,JCJBPTJXYXH9,2022,2023-03-23,KB7KMZD3GF51
2022-08-CENSUS-0000171944,JCJBPTJXYXH9,2022,2023-03-23,KGMNKRVCT8L7
2022-08-CENSUS-0000171944,JCJBPTJXYXH9,2022,2023-03-23,KKDRB4TXHYH6
2022-08-CENSUS-0000171944,JCJBPTJXYXH9,2022,2023-03-23,KNHTCUCMELZ5
2022-08-CENSUS-0000171944,JCJBPTJXYXH9,2022,2023-03-23,KU3DCFJJTVN3
2022-08-CENSUS-0000171944,JCJBPTJXYXH9,2022,2023-03-23,KXKDXF9XV5T3
2022-08-CENSUS-0000171944,JCJBPTJXYXH9,2022,2023-03-23,KXNRBQRMKPZ5
2022-08-CENSUS-0000171944,JCJBPTJXYXH9,2022,2023-03-23,L1KZHL6HXYS5
2022-08-CENSUS-0000171944,JCJBPTJXYXH9,2022,2023-03-23,L3ATVUT2KNK7
2022-08-CENSUS-0000171944,JCJBPTJXYXH9,2022,2023-03-23,L49BXYYWSL86
2022-08-CENSUS-0000171944,JCJBPTJXYXH9,2022,2023-03-23,L4XJEPDB3QJ9
2022-08-CENSUS-0000171944,JCJBPTJXYXH9,2022,2023-03-23,L667SNCL4135
2022-08-CENSUS-0000171944,JCJBPTJXYXH9,2022,2023-03-23,L7BDYMJW27P7
2022-08-CENSUS-0000171944,JCJBPTJXYXH9,2022,2023-03-23,LK8JTEM6PRH7
2022-08-CENSUS-0000171944,JCJBPTJXYXH9,2022,2023-03-23,LMLUKUPJJ9N3
2022-08-CENSUS-0000171944,JCJBPTJXYXH9,2022,2023-03-23,LR4GD6ZGM5B6
2022-08-CENSUS-0000171944,JCJBPTJXYXH9,2022,2023-03-23,LU9UFH3W1HB1
2022-08-CENSUS-0000171944,JCJBPTJXYXH9,2022,2023-03-23,M3PKNWAELNL8
2022-08-CENSUS-0000171944,JCJBPTJXYXH9,2022,2023-03-23,MDPTPNJ5MR81
2022-08-CENSUS-0000171944,JCJBPTJXYXH9,2022,2023-03-23,MEYGUN6CCN16
2022-08-CENSUS-0000171944,JCJBPTJXYXH9,2022,2023-03-23,MG1PPMPNS9G3
2022-08-CENSUS-0000171944,JCJBPTJXYXH9,2022,2023-03-23,MGD8NFJM79W1
2022-08-CENSUS-0000171944,JCJBPTJXYXH9,2022,2023-03-23,MGFWWN5YTHM6
2022-08-CENSUS-0000171944,JCJBPTJXYXH9,2022,2023-03-23,MKHPDJFRHNJ3
2022-08-CENSUS-0000171944,JCJBPTJXYXH9,2022,2023-03-23,MNGDPFC1X5E4
2022-08-CENSUS-0000171944,JCJBPTJXYXH9,2022,2023-03-23,MSPWVMXXMN76
2022-08-CENSUS-0000171944,JCJBPTJXYXH9,2022,2023-03-23,NFHJD7V9MGN3
2022-08-CENSUS-0000171944,JCJBPTJXYXH9,2022,2023-03-23,NH8EQJ1TJ7B9
2022-08-CENSUS-0000171944,JCJBPTJXYXH9,2022,2023-03-23,NHDYLF7NVWL6
2022-08-CENSUS-0000171944,JCJBPTJXYXH9,2022,2023-03-23,NMJNVZ72JC15
2022-08-CENSUS-0000171944,JCJBPTJXYXH9,2022,2023-03-23,NT4XL1YGLGC5
2022-08-CENSUS-0000171944,JCJBPTJXYXH9,2022,2023-03-23,NU7MDG85KWE8
2022-08-CENSUS-0000171944,JCJBPTJXYXH9,2022,2023-03-23,P1UAVVCB7Y41
2022-08-CENSUS-0000171944,JCJBPTJXYXH9,2022,2023-03-23,P4NXMC1R9HL3
2022-08-CENSUS-0000171944,JCJBPTJXYXH9,2022,2023-03-23,PH6HQZLPA687
2022-08-CENSUS-0000171944,JCJBPTJXYXH9,2022,2023-03-23,PKCCS8K4UCT4
2022-08-CENSUS-0000171944,JCJBPTJXYXH9,2022,2023-03-23,Q7APNYVYYN69
2022-08-CENSUS-0000171944,JCJBPTJXYXH9,2022,2023-03-23,QD1MX6N5YTN4
2022-08-CENSUS-0000171944,JCJBPTJXYXH9,2022,2023-03-23,QGAGLVKBM6C6
2022-08-CENSUS-0000171944,JCJBPTJXYXH9,2022,2023-03-23,QKWEF8XLMTT3
2022-08-CENSUS-0000171944,JCJBPTJXYXH9,2022,2023-03-23,QL36W4FUYLZ2
2022-08-CENSUS-0000171944,JCJBPTJXYXH9,2022,2023-03-23,R9KLKEKPSMJ4
2022-08-CENSUS-0000171944,JCJBPTJXYXH9,2022,2023-03-23,RATCEAKNBRW7
2022-08-CENSUS-0000171944,JCJBPTJXYXH9,2022,2023-03-23,RD74AUNCTZJ1
2022-08-CENSUS-0000171944,JCJBPTJXYXH9,2022,2023-03-23,RSP3X3U4SGU6
2022-08-CENSUS-0000171944,JCJBPTJXYXH9,2022,2023-03-23,RYLEHC85W7H7
2022-08-CENSUS-0000171944,JCJBPTJXYXH9,2022,2023-03-23,S3GMKS8ELA16
2022-08-CENSUS-0000171944,JCJBPTJXYXH9,2022,2023-03-23,SQ6VAWQ7YSZ4
2022-08-CENSUS-0000171944,JCJBPTJXYXH9,2022,2023-03-23,SZEWBKUMKPL4
2022-08-CENSUS-0000171944,JCJBPTJXYXH9,2022,2023-03-23,TM2NJF2AEEM7
2022-08-CENSUS-0000171944,JCJBPTJXYXH9,2022,2023-03-23,TRMGFQWVM1N8
2022-08-CENSUS-0000171944,JCJBPTJXYXH9,2022,2023-03-23,U44ZMVYU52U6
2022-08-CENSUS-0000171944,JCJBPTJXYXH9,2022,2023-03-23,UNDETERMNNED
2022-08-CENSUS-0000171944,JCJBPTJXYXH9,2022,2023-03-23,URXSAQ53EQG7
2022-08-CENSUS-0000171944,JCJBPTJXYXH9,2022,2023-03-23,UV7LJX3S86E1
2022-08-CENSUS-0000171944,JCJBPTJXYXH9,2022,2023-03-23,UXF9P9AMDBC6
2022-08-CENSUS-0000171944,JCJBPTJXYXH9,2022,2023-03-23,V6AFQPN18437
2022-08-CENSUS-0000171944,JCJBPTJXYXH9,2022,2023-03-23,VXJ5AMP428B3
2022-08-CENSUS-0000171944,JCJBPTJXYXH9,2022,2023-03-23,X5NKD2NFF2V3
2022-08-CENSUS-0000171944,JCJBPTJXYXH9,2022,2023-03-23,XFJUBFS7G7L4
2022-08-CENSUS-0000171944,JCJBPTJXYXH9,2022,2023-03-23,XHHLMNNVJ2H9
2022-08-CENSUS-0000171944,JCJBPTJXYXH9,2022,2023-03-23,XKHTJ63YJFG4
2022-08-CENSUS-0000171944,JCJBPTJXYXH9,2022,2023-03-23,XNQKY3828PL4
2022-08-CENSUS-0000171944,JCJBPTJXYXH9,2022,2023-03-23,Y3RET2XN41S5
2022-08-CENSUS-0000171944,JCJBPTJXYXH9,2022,2023-03-23,YGB4KL8NSHB9
2022-08-CENSUS-0000171944,JCJBPTJXYXH9,2022,2023-03-23,YR68LKG343L1
2022-08-CENSUS-0000171944,JCJBPTJXYXH9,2022,2023-03-23,YZJ6DKPM4W63
2022-08-CENSUS-0000171944,JCJBPTJXYXH9,2022,2023-03-23,Z5NFRAWZ77Z1
2022-08-CENSUS-0000171944,JCJBPTJXYXH9,2022,2023-03-23,ZFW7KJ6NUML9
2022-08-CENSUS-0000171944,JCJBPTJXYXH9,2022,2023-03-23,ZGV2NR2CRN87
2022-08-CENSUS-0000171944,JCJBPTJXYXH9,2022,2023-03-23,ZM3QVJ8ACN11
2022-08-CENSUS-0000171944,JCJBPTJXYXH9,2022,2023-03-23,ZUFBNVZ587D4
2022-09-CENSUS-0000128895,PJJLM9J64H96,2022,2023-04-04,WM9JND4S9LC5
2022-12-CENSUS-0000120730,HRW3LUDLLCH5,2022,2023-09-27,ELVQARY4EJZ4
2022-12-CENSUS-0000120730,HRW3LUDLLCH5,2022,2023-09-27,GXU5CGMSJUL5
2022-12-CENSUS-0000120730,HRW3LUDLLCH5,2022,2023-09-27,XRRPQDBBMX85
2022-12-CENSUS-0000120730,HRW3LUDLLCH5,2022,2023-09-27,NWV8N28MQND5
2022-09-CENSUS-0000078670,MEHNDWCSBKD5,2022,2023-05-18,MLT2N48F8JB2
2022-09-CENSUS-0000078670,MEHNDWCSBKD5,2022,2023-05-18,NG3AAA4WYJK3
2022-09-CENSUS-0000078670,MEHNDWCSBKD5,2022,2023-05-18,RUCXLNAN52H5
2022-12-CENSUS-0000134808,KVZATDBDECG8,2022,2023-07-14,RLG6JX7EGAG9
2022-06-CENSUS-0000130463,L2V3TUBLQR27,2022,2023-05-17,LM72QFMLZK81
2022-06-CENSUS-0000130463,L2V3TUBLQR27,2022,2023-05-17,W54KJNGHJJU7
2022-06-CENSUS-0000130463,L2V3TUBLQR27,2022,2023-05-17,SP3CV9MFLS69
2022-06-CENSUS-0000130463,L2V3TUBLQR27,2022,2023-05-17,JQHENK1BFPJ9
2022-06-CENSUS-0000130463,L2V3TUBLQR27,2022,2023-05-17,CCPKH7RLZ6D5
2022-06-CENSUS-0000130463,L2V3TUBLQR27,2022,2023-05-17,DMRPCFQJLGN5
2022-06-CENSUS-0000130463,L2V3TUBLQR27,2022,2023-05-17,C1ZBNEXGL9L8
2022-06-CENSUS-0000130463,L2V3TUBLQR27,2022,2023-05-17,MCQLGMSL9YM5
2022-06-CENSUS-0000130463,L2V3TUBLQR27,2022,2023-05-17,MBU5HNHPE7P1
2022-06-CENSUS-0000130463,L2V3TUBLQR27,2022,2023-05-17,JHHFT9HJMCJ1
2022-06-CENSUS-0000130463,L2V3TUBLQR27,2022,2023-05-17,C7C1LKYWKFH3
2022-06-CENSUS-0000130463,L2V3TUBLQR27,2022,2023-05-17,NHVEXMUKADU1
2022-12-CENSUS-0000074643,GZACXJ53CWR7,2022,2023-06-29,EJ28KHK6U5N1
2022-12-CENSUS-0000074643,GZACXJ53CWR7,2022,2023-06-29,GRNJHPTLBVJ3
2022-09-CENSUS-0000136181,KDM1AK6B6JM9,2022,2023-06-28,NQ5CJ9HCKJF9
2022-09-CENSUS-0000138204,FSMMP13T7DK9,2022,2023-01-16,H8AFT466PLC8
2022-06-CENSUS-0000176114,Q8H7JB2QLJN3,2022,2023-01-09,DCNSKCUHSDN7
2022-06-CENSUS-0000176114,Q8H7JB2QLJN3,2022,2023-01-09,GS4NCBNY7DJ1
2022-06-CENSUS-0000257798,D96SNHXGG5X5,2022,2023-03-30,S52PMDBXDLW7
2022-06-CENSUS-0000257798,D96SNHXGG5X5,2022,2023-03-30,XMKFQ1ZK4DD8
2022-06-CENSUS-0000257798,D96SNHXGG5X5,2022,2023-03-30,JEAWB2VCVAL1
2022-12-CENSUS-0000249948,JXELGHCKEZ44,2022,2023-09-28,HFWBZ73LBMQ6
2022-12-CENSUS-0000249948,JXELGHCKEZ44,2022,2023-09-28,VBN6BYMLXVE5
2022-12-CENSUS-0000249948,JXELGHCKEZ44,2022,2023-09-28,CJH3WNZUY361
2022-06-CENSUS-0000175300,N6NLYNQ42J87,2022,2023-03-28,E3V1PB4YVJK6
2022-06-CENSUS-0000175300,N6NLYNQ42J87,2022,2023-03-28,EL6KNH773XS7
2022-06-CENSUS-0000175300,N6NLYNQ42J87,2022,2023-03-28,F1SBHQUZMKZ3
2022-06-CENSUS-0000175300,N6NLYNQ42J87,2022,2023-03-28,FXRGN76HPMF3
2022-06-CENSUS-0000175300,N6NLYNQ42J87,2022,2023-03-28,GLRKHDJA6WH9
2022-06-CENSUS-0000175300,N6NLYNQ42J87,2022,2023-03-28,J43VD2RJMM21
2022-06-CENSUS-0000175300,N6NLYNQ42J87,2022,2023-03-28,JDYZDGQ7FKB5
2022-06-CENSUS-0000175300,N6NLYNQ42J87,2022,2023-03-28,K5ZLF422BS36
2022-06-CENSUS-0000175300,N6NLYNQ42J87,2022,2023-03-28,KFAEUJZ33SU8
2022-06-CENSUS-0000175300,N6NLYNQ42J87,2022,2023-03-28,LALMDNWSYKT1
2022-06-CENSUS-0000175300,N6NLYNQ42J87,2022,2023-03-28,NA6ZTNZ4EYZ2
2022-06-CENSUS-0000175300,N6NLYNQ42J87,2022,2023-03-28,NQQNXBR64DH7
2022-06-CENSUS-0000175300,N6NLYNQ42J87,2022,2023-03-28,RKX8X4LY3LP2
2022-06-CENSUS-0000175300,N6NLYNQ42J87,2022,2023-03-28,THL3SNMMT3S9
2022-06-CENSUS-0000175300,N6NLYNQ42J87,2022,2023-03-28,WNDAAUB5HAW1
2022-06-CENSUS-0000175300,N6NLYNQ42J87,2022,2023-03-28,X351BGYX9CE5
2022-06-CENSUS-0000175300,N6NLYNQ42J87,2022,2023-03-28,X7ULY9PCPRC7
2022-06-CENSUS-0000175300,N6NLYNQ42J87,2022,2023-03-28,YLQARK22FMQ1
2022-06-CENSUS-0000175300,N6NLYNQ42J87,2022,2023-03-28,YMMASZVHBJL7
2022-06-CENSUS-0000175300,N6NLYNQ42J87,2022,2023-03-28,ZKBEYKXVFHC4
2022-06-CENSUS-0000175300,N6NLYNQ42J87,2022,2023-03-28,ZL9VH4Z7GAR2
2022-06-CENSUS-0000175300,N6NLYNQ42J87,2022,2023-03-28,NYZQQ61KSAN8
2022-06-CENSUS-0000176089,PUPGE7L97KD3,2022,2023-03-29,EMRRMD8HZCS7
2022-06-CENSUS-0000176089,PUPGE7L97KD3,2022,2023-03-29,SJKDQUKS93G5
2022-12-CENSUS-0000257539,RYNXLKTZVFT7,2022,2023-08-16,EBN3FG345DL7
2022-12-CENSUS-0000257539,RYNXLKTZVFT7,2022,2023-08-16,N1YKW6C3JM19
2022-12-CENSUS-0000257539,RYNXLKTZVFT7,2022,2023-08-16,HU7PKF21KMQ2
2022-12-CENSUS-0000257539,RYNXLKTZVFT7,2022,2023-08-16,G1TLJZNRZ8S3
2022-12-CENSUS-0000259037,M6UMU9H92NJ5,2022,2023-10-01,KNTLG3WFPNQ9
2022-12-CENSUS-0000259037,M6UMU9H92NJ5,2022,2023-10-01,F7TBRHC7C3M6
2022-09-CENSUS-0000000356,D9YUK3WAJTX3,2022,2023-06-28,UR8JB3SD5LL8
2022-06-CENSUS-0000208059,FV7BJT8NP6S1,2022,2023-03-01,S62DCE7VGAM7
2022-06-CENSUS-0000208059,FV7BJT8NP6S1,2022,2023-03-01,DHCCNKUKCB95
2022-06-CENSUS-0000208059,FV7BJT8NP6S1,2022,2023-03-01,N9PBKBALTTJ5
2022-06-CENSUS-0000208059,FV7BJT8NP6S1,2022,2023-03-01,RMKLKQB71KY9
2022-06-CENSUS-0000208059,FV7BJT8NP6S1,2022,2023-03-01,SKAAKQGR7NT6
2022-06-CENSUS-0000208059,FV7BJT8NP6S1,2022,2023-03-01,NKL2VGGVYMF9
2022-06-CENSUS-0000208059,FV7BJT8NP6S1,2022,2023-03-01,LRQ1KJ6G6UK5
2022-06-CENSUS-0000208059,FV7BJT8NP6S1,2022,2023-03-01,J641V3CH6J43
2022-06-CENSUS-0000208059,FV7BJT8NP6S1,2022,2023-03-01,MMQ8TWEF1M19
2022-06-CENSUS-0000208059,FV7BJT8NP6S1,2022,2023-03-01,VAGLRPJ3QTY8
2022-06-CENSUS-0000208059,FV7BJT8NP6S1,2022,2023-03-01,JKYMCPLCGKW1
2022-06-CENSUS-0000208059,FV7BJT8NP6S1,2022,2023-03-01,KC27QLMHV2L4
2022-06-CENSUS-0000208059,FV7BJT8NP6S1,2022,2023-03-01,DK79RKH725K3
2022-06-CENSUS-0000208059,FV7BJT8NP6S1,2022,2023-03-01,R867RAKPGFJ1
2022-06-CENSUS-0000208059,FV7BJT8NP6S1,2022,2023-03-01,D4XCG6YPMT75
2022-08-CENSUS-0000008518,QNAVQDR2HN55,2022,2023-05-29,NQF1RQMMQAN7
2022-06-CENSUS-0000176253,LWL3DBJRFX66,2022,2023-01-10,NKCPEMMAMBQ1
2022-06-CENSUS-0000223525,KL7NFS8W8E33,2022,2023-01-19,NLH4N862U6C5
2022-06-CENSUS-0000257148,M4Z4T7HQLKP3,2022,2023-02-26,C2DXZKH584F2
2022-06-CENSUS-0000257148,M4Z4T7HQLKP3,2022,2023-02-26,GHJAM237QA28
2022-06-CENSUS-0000257148,M4Z4T7HQLKP3,2022,2023-02-26,GRABYCFNCEJ7
2022-06-CENSUS-0000257148,M4Z4T7HQLKP3,2022,2023-02-26,YL1VUK5JDJF7
2022-06-CENSUS-0000257148,M4Z4T7HQLKP3,2022,2023-02-26,YD29MV8HJ1B7
2022-12-CENSUS-0000142601,NGV5G4K4JLK5,2022,2023-08-23,NEVXECVHZW88
2022-09-CENSUS-0000175012,CQHAXN1ZMAE9,2022,2023-06-28,G83KL392UPF4
2022-06-CENSUS-0000211057,VDJES6LKCB84,2022,2023-01-16,N1Q6TTLM9Q98
2022-09-CENSUS-0000253695,J4QNU3HBE4B1,2022,2023-06-29,E2UVZ2MMEP57
2022-09-CENSUS-0000253695,J4QNU3HBE4B1,2022,2023-06-29,P38FZT9KZAY7
2022-09-CENSUS-0000253695,J4QNU3HBE4B1,2022,2023-06-29,H2HJD3MF2KV3
2022-09-CENSUS-0000253695,J4QNU3HBE4B1,2022,2023-06-29,RQ4QKABEJUL3
2022-09-CENSUS-0000253695,J4QNU3HBE4B1,2022,2023-06-29,DJB1LBBKG2B3
2022-06-CENSUS-0000132045,EW7CR9MZZ9M5,2022,2023-03-29,ZRXCMNNSUEJ1
2022-06-CENSUS-0000132045,EW7CR9MZZ9M5,2022,2023-03-29,QQTGL8GLQKW6
2022-06-CENSUS-0000132045,EW7CR9MZZ9M5,2022,2023-03-29,MYREWLVR75F7
2022-06-CENSUS-0000132045,EW7CR9MZZ9M5,2022,2023-03-29,YN29ZPTJ3QK8
2022-06-CENSUS-0000132045,EW7CR9MZZ9M5,2022,2023-03-29,YVCBUGKDEUF7
2022-06-CENSUS-0000132045,EW7CR9MZZ9M5,2022,2023-03-29,FPKZJD17G9Y3
2022-06-CENSUS-0000132045,EW7CR9MZZ9M5,2022,2023-03-29,WCG9G7LWYLR9
2022-06-CENSUS-0000132045,EW7CR9MZZ9M5,2022,2023-03-29,T8J3JJ5AV9E3
2022-06-CENSUS-0000132045,EW7CR9MZZ9M5,2022,2023-03-29,DEP8HN43J238
2022-06-CENSUS-0000132045,EW7CR9MZZ9M5,2022,2023-03-29,NL4ZWF6VEJT8
2022-06-CENSUS-0000132045,EW7CR9MZZ9M5,2022,2023-03-29,W495UF8CWPQ5
2022-06-CENSUS-0000132045,EW7CR9MZZ9M5,2022,2023-03-29,JJ4DTG62BLD6
2022-06-CENSUS-0000132045,EW7CR9MZZ9M5,2022,2023-03-29,MR71EAYU2XA3
2022-06-CENSUS-0000132045,EW7CR9MZZ9M5,2022,2023-03-29,WBR5V7KX9SL3
2022-06-CENSUS-0000132045,EW7CR9MZZ9M5,2022,2023-03-29,LV4QJ9N1F6U9
2022-06-CENSUS-0000132045,EW7CR9MZZ9M5,2022,2023-03-29,LVC3JRTHLB83
2022-06-CENSUS-0000132045,EW7CR9MZZ9M5,2022,2023-03-29,RNA2HUB4ZBK4
2022-06-CENSUS-0000132045,EW7CR9MZZ9M5,2022,2023-03-29,TYUJZWJ8N568
2022-06-CENSUS-0000132045,EW7CR9MZZ9M5,2022,2023-03-29,FBTMNKK3L545
2022-06-CENSUS-0000132045,EW7CR9MZZ9M5,2022,2023-03-29,JALTQ7LUEHN3
2022-06-CENSUS-0000132045,EW7CR9MZZ9M5,2022,2023-03-29,YSYKXWCZCCL8
2022-06-CENSUS-0000077915,D8XXKDNVK9Q5,2022,2023-02-16,KYA9WG7UE6W5
2022-06-CENSUS-0000025377,DUM9ECBKWHY9,2022,2023-02-28,XAAWR2MMEJ81
2022-06-CENSUS-0000025377,DUM9ECBKWHY9,2022,2023-02-28,KM5EEKFJ7JQ7
2022-06-CENSUS-0000025377,DUM9ECBKWHY9,2022,2023-02-28,M57HWNFYKVA7
2022-06-CENSUS-0000025377,DUM9ECBKWHY9,2022,2023-02-28,RD34PM1SCMY4
2022-06-CENSUS-0000256547,M25NW9GKBCN5,2022,2023-01-04,CCXHKMGBXJR5
2022-09-CENSUS-0000041588,PHZJFZ32NKH4,2022,2023-01-10,VFNYVM31YMK9
2022-09-CENSUS-0000041588,PHZJFZ32NKH4,2022,2023-01-10,MGUCS773RNJ8
2022-12-CENSUS-0000183105,CNNTEZCJKPV5,2022,2023-04-06,S1BES5QDTFL8
2022-12-CENSUS-0000183105,CNNTEZCJKPV5,2022,2023-04-06,G6WDFNG5MKJ9
2022-12-CENSUS-0000183105,CNNTEZCJKPV5,2022,2023-04-06,K8XDP4J89Z23
2022-12-CENSUS-0000177889,UMNAJCN9LNZ5,2022,2023-09-25,U8RHU58ZRQ61
2022-06-CENSUS-0000257705,T1GKVXH7Y5K9,2022,2023-03-30,HJMDNAPL6T41
2022-12-CENSUS-0000247119,W4TXPPQNK4F5,2022,2023-07-11,FN91PBMHQQP1
2022-06-CENSUS-0000158723,ZQ5JYL7HQFS7,2022,2023-03-19,HMFKCEEQCBN7
2022-06-CENSUS-0000158723,ZQ5JYL7HQFS7,2022,2023-03-19,ULPKD2SGQHH6
2022-06-CENSUS-0000158723,ZQ5JYL7HQFS7,2022,2023-03-19,RKMZVYMB6B73
2022-06-CENSUS-0000158723,ZQ5JYL7HQFS7,2022,2023-03-19,VQ8LJGBAN1N9
2022-06-CENSUS-0000158723,ZQ5JYL7HQFS7,2022,2023-03-19,JQS5ER9KL3U8
2022-06-CENSUS-0000158723,ZQ5JYL7HQFS7,2022,2023-03-19,WRAQP5LXZQD8
2022-06-CENSUS-0000158723,ZQ5JYL7HQFS7,2022,2023-03-19,T5MVJDNHR9C5
2022-06-CENSUS-0000158723,ZQ5JYL7HQFS7,2022,2023-03-19,D4R5LJKWSHM5
2022-06-CENSUS-0000158723,ZQ5JYL7HQFS7,2022,2023-03-19,XZGDKHYXHTS9
2022-06-CENSUS-0000158723,ZQ5JYL7HQFS7,2022,2023-03-19,LDVWM3ZWZJ36
2022-06-CENSUS-0000158723,ZQ5JYL7HQFS7,2022,2023-03-19,ZKQSANE1FB93
2022-06-CENSUS-0000158723,ZQ5JYL7HQFS7,2022,2023-03-19,UTMEAN5DM626
2022-06-CENSUS-0000158723,ZQ5JYL7HQFS7,2022,2023-03-19,EEMBXBF1K5M8
2022-06-CENSUS-0000158723,ZQ5JYL7HQFS7,2022,2023-03-19,JHLKV9NGEW18
2022-06-CENSUS-0000158723,ZQ5JYL7HQFS7,2022,2023-03-19,C1N8LEC9FJ45
2022-06-CENSUS-0000158723,ZQ5JYL7HQFS7,2022,2023-03-19,CM25H8WN5K11
2022-06-CENSUS-0000158723,ZQ5JYL7HQFS7,2022,2023-03-19,CH4CFPVRL4D4
2022-06-CENSUS-0000158723,ZQ5JYL7HQFS7,2022,2023-03-19,VSKREVLR6UU5
2022-06-CENSUS-0000158723,ZQ5JYL7HQFS7,2022,2023-03-19,SMF5HB8HC1R8
2022-06-CENSUS-0000158723,ZQ5JYL7HQFS7,2022,2023-03-19,GTJHJZDG5324
2022-06-CENSUS-0000158723,ZQ5JYL7HQFS7,2022,2023-03-19,CMECGA8GLJ75
2022-06-CENSUS-0000158723,ZQ5JYL7HQFS7,2022,2023-03-19,C2SFANWGKP39
2022-06-CENSUS-0000158723,ZQ5JYL7HQFS7,2022,2023-03-19,GDM4E6DB2L75
2022-06-CENSUS-0000158723,ZQ5JYL7HQFS7,2022,2023-03-19,NGK8GHNABTB8
2022-06-CENSUS-0000158723,ZQ5JYL7HQFS7,2022,2023-03-19,PY92UELKABJ1
2022-06-CENSUS-0000158723,ZQ5JYL7HQFS7,2022,2023-03-19,QSFTRRF1U688
2022-06-CENSUS-0000158723,ZQ5JYL7HQFS7,2022,2023-03-19,K2JASZMQDLX3
2022-06-CENSUS-0000158723,ZQ5JYL7HQFS7,2022,2023-03-19,KDVTM92RYZE1
2022-06-CENSUS-0000158723,ZQ5JYL7HQFS7,2022,2023-03-19,L63BKBLD2LH4
2022-06-CENSUS-0000158723,ZQ5JYL7HQFS7,2022,2023-03-19,EUYXHRL5MLL3
2022-06-CENSUS-0000158723,ZQ5JYL7HQFS7,2022,2023-03-19,WRTNJACDF9C3
2022-06-CENSUS-0000158723,ZQ5JYL7HQFS7,2022,2023-03-19,JNQFZNMEYGB3
2022-06-CENSUS-0000254253,SMJ9XFKZ4J85,2022,2023-03-21,YRJ6M1J5WBT5
2022-06-CENSUS-0000254253,SMJ9XFKZ4J85,2022,2023-03-21,SMSCQ1UUMRK6
2022-06-CENSUS-0000254253,SMJ9XFKZ4J85,2022,2023-03-21,MK8JSWHDDCJ8
2022-06-CENSUS-0000254253,SMJ9XFKZ4J85,2022,2023-03-21,LSM4S7LXMTN1
2022-09-CENSUS-0000128828,G3BHWLLFFLD4,2022,2023-09-04,G261B5U97TA9
2022-09-CENSUS-0000128828,G3BHWLLFFLD4,2022,2023-09-04,PQ3LJB9LMX63
2022-09-CENSUS-0000128828,G3BHWLLFFLD4,2022,2023-09-04,MHY7LHETN915
2022-09-CENSUS-0000128828,G3BHWLLFFLD4,2022,2023-09-04,KP3MANMM5S65
2022-09-CENSUS-0000128828,G3BHWLLFFLD4,2022,2023-09-04,QCZEAJ8B3NF3
2022-09-CENSUS-0000128828,G3BHWLLFFLD4,2022,2023-09-04,HS97F2C9NME3
2022-09-CENSUS-0000128828,G3BHWLLFFLD4,2022,2023-09-04,KZHMCTMHRA65
2022-09-CENSUS-0000128828,G3BHWLLFFLD4,2022,2023-09-04,SAVJKGG792Z9
2022-09-CENSUS-0000128828,G3BHWLLFFLD4,2022,2023-09-04,UA23UM8FE3D6
2022-09-CENSUS-0000128828,G3BHWLLFFLD4,2022,2023-09-04,N5BKYZSF5TB6
2022-09-CENSUS-0000128828,G3BHWLLFFLD4,2022,2023-09-04,FPNJN7MT9T83
2022-09-CENSUS-0000128828,G3BHWLLFFLD4,2022,2023-09-04,MV7NBDMKEEA3
2022-09-CENSUS-0000128828,G3BHWLLFFLD4,2022,2023-09-04,XYD9J5WTQZH3
2022-09-CENSUS-0000128828,G3BHWLLFFLD4,2022,2023-09-04,TQ8MEK11XMK3
2022-09-CENSUS-0000128828,G3BHWLLFFLD4,2022,2023-09-04,NJ49XNLZ2RY5
2022-09-CENSUS-0000128828,G3BHWLLFFLD4,2022,2023-09-04,CMH5N7KEMDK3
2022-09-CENSUS-0000128828,G3BHWLLFFLD4,2022,2023-09-04,DAVASADS56E8
2022-09-CENSUS-0000128828,G3BHWLLFFLD4,2022,2023-09-04,DR32YT9NMWY5
2022-06-CENSUS-0000179792,H2JQJKZU65E8,2022,2023-01-30,E3JHJYNXWN18
2022-06-CENSUS-0000179792,H2JQJKZU65E8,2022,2023-01-30,YQJ6EYU5WM51
2022-06-CENSUS-0000171429,G61XDDVNMS74,2022,2023-03-14,TM3QBTHTTB49
2022-06-CENSUS-0000177867,EQL7FFLJRC99,2022,2023-03-30,Y296M746ENL3
2022-06-CENSUS-0000177867,EQL7FFLJRC99,2022,2023-03-30,TPM5K7KP8GA4
2022-06-CENSUS-0000177867,EQL7FFLJRC99,2022,2023-03-30,DN8UB6HHECG9
2022-06-CENSUS-0000177867,EQL7FFLJRC99,2022,2023-03-30,LLEGEC1GMNM8
2022-06-CENSUS-0000177867,EQL7FFLJRC99,2022,2023-03-30,QLS6M71WM623
2022-06-CENSUS-0000177867,EQL7FFLJRC99,2022,2023-03-30,DTF2RKKQ3NR4
2022-06-CENSUS-0000177867,EQL7FFLJRC99,2022,2023-03-30,UAJNT147CKJ1
2022-06-CENSUS-0000177867,EQL7FFLJRC99,2022,2023-03-30,Y55RMMCJ8HL6
2022-06-CENSUS-0000177867,EQL7FFLJRC99,2022,2023-03-30,C6K4GK8PJYT4
2022-06-CENSUS-0000177867,EQL7FFLJRC99,2022,2023-03-30,CS5DGASZDJM3
2022-06-CENSUS-0000177867,EQL7FFLJRC99,2022,2023-03-30,DCYNUU4E7Q66
2022-06-CENSUS-0000177867,EQL7FFLJRC99,2022,2023-03-30,DKSMGAFW4CS8
2022-06-CENSUS-0000177867,EQL7FFLJRC99,2022,2023-03-30,DU31CJWGFKU1
2022-06-CENSUS-0000177867,EQL7FFLJRC99,2022,2023-03-30,DZNGAULLMMZ3
2022-06-CENSUS-0000177867,EQL7FFLJRC99,2022,2023-03-30,EARPJJ6CMFG7
2022-06-CENSUS-0000177867,EQL7FFLJRC99,2022,2023-03-30,F31GEXBJVL57
2022-06-CENSUS-0000177867,EQL7FFLJRC99,2022,2023-03-30,FGDCTJL2GJF1
2022-06-CENSUS-0000177867,EQL7FFLJRC99,2022,2023-03-30,GBJMUZDMLN84
2022-06-CENSUS-0000177867,EQL7FFLJRC99,2022,2023-03-30,GJ2TR96N7Y73
2022-06-CENSUS-0000177867,EQL7FFLJRC99,2022,2023-03-30,HVEKL7MENUK1
2022-06-CENSUS-0000176095,RCVMQW96BYS8,2022,2023-01-08,RMMAC21CM8S6
2022-06-CENSUS-0000257867,GS9UV1B8GAJ3,2022,2023-09-17,P46FDJRJMXY8
2022-06-CENSUS-0000257867,GS9UV1B8GAJ3,2022,2023-09-17,CLBTCGNRUKK7
2022-06-CENSUS-0000257867,GS9UV1B8GAJ3,2022,2023-09-17,UPG6EX94E3Z1
2022-06-CENSUS-0000257867,GS9UV1B8GAJ3,2022,2023-09-17,DHYQWLSG6RK7
2022-06-CENSUS-0000257867,GS9UV1B8GAJ3,2022,2023-09-17,ZF8PTN1KN6R8
2022-06-CENSUS-0000257867,GS9UV1B8GAJ3,2022,2023-09-17,RWE5CLQWCPB1
2022-06-CENSUS-0000257867,GS9UV1B8GAJ3,2022,2023-09-17,SJX3DT6XMNN6
2022-06-CENSUS-0000257867,GS9UV1B8GAJ3,2022,2023-09-17,JFHZCL4V85N4
2022-06-CENSUS-0000257867,GS9UV1B8GAJ3,2022,2023-09-17,JDTSNM7MDML3
2022-06-CENSUS-0000257867,GS9UV1B8GAJ3,2022,2023-09-17,E48NGLZF3KD7
2022-06-CENSUS-0000247926,LWKSBVSM9LA9,2022,2023-01-22,W6VDB8YCETL8
2022-06-CENSUS-0000247926,LWKSBVSM9LA9,2022,2023-01-22,FTJ2MNK15P95
2022-06-CENSUS-0000247926,LWKSBVSM9LA9,2022,2023-01-22,T4K1UE3Z8UX8
2022-06-CENSUS-0000247926,LWKSBVSM9LA9,2022,2023-01-22,VGNVKB5WGN35
2022-06-CENSUS-0000247926,LWKSBVSM9LA9,2022,2023-01-22,TXMSEJHFDNZ8
2022-06-CENSUS-0000247889,NCSMA19DF7E6,2022,2023-01-31,NRVXZ2K3V8K5
2022-06-CENSUS-0000247889,NCSMA19DF7E6,2022,2023-01-31,NQYUBAPJRE65
2022-06-CENSUS-0000247889,NCSMA19DF7E6,2022,2023-01-31,NRM8YQ1KAF25
2022-06-CENSUS-0000247889,NCSMA19DF7E6,2022,2023-01-31,HQRUVAML7S27
2022-06-CENSUS-0000247889,NCSMA19DF7E6,2022,2023-01-31,M11WESEGQZ46
2022-06-CENSUS-0000247889,NCSMA19DF7E6,2022,2023-01-31,FSCFY6K9BLC9
2022-06-CENSUS-0000247889,NCSMA19DF7E6,2022,2023-01-31,FPWMWGTGEKQ9
2022-06-CENSUS-0000247889,NCSMA19DF7E6,2022,2023-01-31,FQZKRRCL1PH1
2022-06-CENSUS-0000247889,NCSMA19DF7E6,2022,2023-01-31,NSACUZQHK2H9
2022-06-CENSUS-0000247889,NCSMA19DF7E6,2022,2023-01-31,GVYKJMVWJUX3
2022-06-CENSUS-0000247889,NCSMA19DF7E6,2022,2023-01-31,JEKQCADLN6Z8
2022-06-CENSUS-0000118562,CNUUB31H7KV5,2022,2023-01-04,VQ3QMJP671W9
2022-12-CENSUS-0000138616,XAB2MEYN7427,2022,2023-09-28,HK3APDU6LJH4
2022-12-CENSUS-0000138616,XAB2MEYN7427,2022,2023-09-28,C4KVFF5UJVD3
2022-12-CENSUS-0000138616,XAB2MEYN7427,2022,2023-09-28,NT1XNMVJY7E6
2022-12-CENSUS-0000138616,XAB2MEYN7427,2022,2023-09-28,LH71EZR6DJD8
2022-12-CENSUS-0000255283,HH9SVD27UMA6,2022,2023-09-26,TKVYJ5HWNPJ8
2022-12-CENSUS-0000255283,HH9SVD27UMA6,2022,2023-09-26,ZXN1EN9VH5J3
2022-12-CENSUS-0000255283,HH9SVD27UMA6,2022,2023-09-26,DLUVYNMSUTG7
2022-12-CENSUS-0000255489,LCSFK2KRP5A4,2022,2023-09-29,SN7KD2UK7GC5
2022-12-CENSUS-0000255489,LCSFK2KRP5A4,2022,2023-09-29,EFH2QS4GMJ71
2022-06-CENSUS-0000218036,QFA6JCV8HXH3,2022,2023-01-15,EUZHCQFMBLX6
2022-12-CENSUS-0000197817,DR8QNDMDL5J3,2022,2023-09-28,S6EZDZ6E3QW5
2022-12-CENSUS-0000197817,DR8QNDMDL5J3,2022,2023-09-28,K927QWAL7B45
2022-12-CENSUS-0000197817,DR8QNDMDL5J3,2022,2023-09-28,MJ21YNYEPMN8
2022-12-CENSUS-0000197817,DR8QNDMDL5J3,2022,2023-09-28,NYJGUQSS7J96
2022-12-CENSUS-0000197817,DR8QNDMDL5J3,2022,2023-09-28,DEDTVCAU7H56
2022-12-CENSUS-0000197817,DR8QNDMDL5J3,2022,2023-09-28,DEXDVZDQDK56
2022-06-CENSUS-0000171383,TDLMRMBKN2K7,2022,2023-02-26,GK9ZY5BWWDJ3
2022-06-CENSUS-0000171383,TDLMRMBKN2K7,2022,2023-02-26,YRZ5CGMLG1B3
2022-06-CENSUS-0000171383,TDLMRMBKN2K7,2022,2023-02-26,MYCFWELUGFA6
2022-12-CENSUS-0000114934,CCW3XJKC2AM9,2022,2023-07-05,CN2SV2P5ZL82
2022-12-CENSUS-0000114934,CCW3XJKC2AM9,2022,2023-07-05,JP7BM2J3BKT8
2022-12-CENSUS-0000114934,CCW3XJKC2AM9,2022,2023-07-05,LJL3QNRFCKA7
2022-06-CENSUS-0000251165,CLTTLADDBD53,2022,2023-03-29,VZ2GPGXJBAX5
2022-06-CENSUS-0000251165,CLTTLADDBD53,2022,2023-03-29,Z1YCHE14ZMM1
2022-06-CENSUS-0000251165,CLTTLADDBD53,2022,2023-03-29,FMFLU1KFNGC5
2022-06-CENSUS-0000251165,CLTTLADDBD53,2022,2023-03-29,MX8ULDF6SDD6
2022-06-CENSUS-0000251165,CLTTLADDBD53,2022,2023-03-29,L7HTYC6K5UV6
2022-06-CENSUS-0000251165,CLTTLADDBD53,2022,2023-03-29,PUGGNEVPKH54
2022-06-CENSUS-0000251165,CLTTLADDBD53,2022,2023-03-29,MGF7LMSM24X4
2022-08-CENSUS-0000054309,CM9FEBUAV3P7,2022,2023-02-12,EGX1XKSKHJ59
2022-11-CENSUS-0000246455,PCV1WJVKG4L5,2022,2023-08-30,JBNXLECGY6M6
2022-11-CENSUS-0000246455,PCV1WJVKG4L5,2022,2023-08-30,HD7XDLKXU986
2022-11-CENSUS-0000246455,PCV1WJVKG4L5,2022,2023-08-30,ZNMHBWTEAG77
2022-11-CENSUS-0000246455,PCV1WJVKG4L5,2022,2023-08-30,PKDNFJKDADK1
2022-11-CENSUS-0000246455,PCV1WJVKG4L5,2022,2023-08-30,VNHJLL8X3FN3
2022-11-CENSUS-0000246455,PCV1WJVKG4L5,2022,2023-08-30,HHXKBXD43C75
2022-11-CENSUS-0000246455,PCV1WJVKG4L5,2022,2023-08-30,WN1AGCW3LC35
2022-11-CENSUS-0000246455,PCV1WJVKG4L5,2022,2023-08-30,P39CNCVQ1B91
2022-11-CENSUS-0000246455,PCV1WJVKG4L5,2022,2023-08-30,C4PEJ6VRK7X8
2022-11-CENSUS-0000246455,PCV1WJVKG4L5,2022,2023-08-30,UZN2FJTHJJZ9
2022-06-CENSUS-0000229136,FPG9SJU2GEK3,2022,2023-02-22,LBU9LMDBYDL5
2022-06-CENSUS-0000229136,FPG9SJU2GEK3,2022,2023-02-22,LGNUAW8NXAN3
2022-06-CENSUS-0000229136,FPG9SJU2GEK3,2022,2023-02-22,JFQNWMFDHFR3
2022-06-CENSUS-0000229136,FPG9SJU2GEK3,2022,2023-02-22,N28ZHJ6JFJD9
2022-06-CENSUS-0000229136,FPG9SJU2GEK3,2022,2023-02-22,RD9EPMGTG735
2022-12-CENSUS-0000049263,N1LBQ9ABLZ18,2022,2023-09-28,R3DLR1DKKYD3
2022-12-CENSUS-0000249787,X6NEZKLCEZP3,2022,2023-06-25,HAZFKJMK6RJ3
2022-06-CENSUS-0000135695,XGYBT861BM76,2022,2023-03-30,EFT2F6GX6465
2022-06-CENSUS-0000135695,XGYBT861BM76,2022,2023-03-30,J8T3EJK372Y1
2022-06-CENSUS-0000176057,U527P3R44GF3,2022,2023-01-04,FYANMS41DRJ4
2022-06-CENSUS-0000177867,EQL7FFLJRC99,2022,2023-03-30,JBQ9M3PLFDP5
2022-06-CENSUS-0000177867,EQL7FFLJRC99,2022,2023-03-30,LCLSJAGTNZQ7
2022-06-CENSUS-0000177867,EQL7FFLJRC99,2022,2023-03-30,LZFYPNDKE3Y5
2022-06-CENSUS-0000177867,EQL7FFLJRC99,2022,2023-03-30,M73MZJWBNZN5
2022-06-CENSUS-0000177867,EQL7FFLJRC99,2022,2023-03-30,RYAQZNSJN9Q9
2022-06-CENSUS-0000177867,EQL7FFLJRC99,2022,2023-03-30,S4E1WUMET5N5
2022-06-CENSUS-0000177867,EQL7FFLJRC99,2022,2023-03-30,UBCGS2J98RK4
2022-06-CENSUS-0000177867,EQL7FFLJRC99,2022,2023-03-30,VGMJYMAD7DG7
2022-06-CENSUS-0000177867,EQL7FFLJRC99,2022,2023-03-30,H9W3B71EFTM8
2022-06-CENSUS-0000177867,EQL7FFLJRC99,2022,2023-03-30,T8MYF3NHDDN6
2022-06-CENSUS-0000177867,EQL7FFLJRC99,2022,2023-03-30,DRS7XJDG6TC9
2022-06-CENSUS-0000177867,EQL7FFLJRC99,2022,2023-03-30,CBE4JHP1S8H7
2022-06-CENSUS-0000177867,EQL7FFLJRC99,2022,2023-03-30,K5L9NM9C8HZ1
2022-12-CENSUS-0000009532,E35GYKN3S8R9,2022,2023-09-28,LP66CGDKAMX5
2022-12-CENSUS-0000009532,E35GYKN3S8R9,2022,2023-09-28,NGTUWNG71LS5
2022-12-CENSUS-0000009532,E35GYKN3S8R9,2022,2023-09-28,E21KNVM6RLH1
2022-12-CENSUS-0000009532,E35GYKN3S8R9,2022,2023-09-28,MGGPG4XZLJK3
2022-12-CENSUS-0000009532,E35GYKN3S8R9,2022,2023-09-28,F8SFKNMG5KF1
2022-12-CENSUS-0000009532,E35GYKN3S8R9,2022,2023-09-28,WVSNMUS866J5
2022-12-CENSUS-0000009532,E35GYKN3S8R9,2022,2023-09-28,R3V6LK3WLBU4
2022-12-CENSUS-0000009532,E35GYKN3S8R9,2022,2023-09-28,VT54XYF9QUV7
2022-12-CENSUS-0000009532,E35GYKN3S8R9,2022,2023-09-28,UZAMJ7J5APN1
2022-12-CENSUS-0000009532,E35GYKN3S8R9,2022,2023-09-28,UMNYAFKF4239
2022-12-CENSUS-0000009532,E35GYKN3S8R9,2022,2023-09-28,FFS6G99RN6G4
2022-12-CENSUS-0000009532,E35GYKN3S8R9,2022,2023-09-28,ET9ALK36E6G1
2022-12-CENSUS-0000009532,E35GYKN3S8R9,2022,2023-09-28,J17LDM8AUKL5
2022-12-CENSUS-0000009532,E35GYKN3S8R9,2022,2023-09-28,UHVMZK1C4A31
2022-12-CENSUS-0000009532,E35GYKN3S8R9,2022,2023-09-28,C5LHMPRJ9J19
2022-12-CENSUS-0000009532,E35GYKN3S8R9,2022,2023-09-28,MYKJCKLAMNC1
2022-06-CENSUS-0000176118,J765M6WJN8Y3,2022,2023-01-18,S3Y2AY4ZATN9
2022-07-CENSUS-0000207050,M5VZCAK887X7,2022,2023-04-27,F55UQ3DCWDJ4
2022-07-CENSUS-0000207050,M5VZCAK887X7,2022,2023-04-27,NASADNL2GPN5
2022-07-CENSUS-0000207050,M5VZCAK887X7,2022,2023-04-27,CSYCMB7NSKK6
2022-07-CENSUS-0000207050,M5VZCAK887X7,2022,2023-04-27,LP83BE7RXLJ3
2022-06-CENSUS-0000183782,EJRKDPC1R9P8,2022,2023-06-28,ENVMCMV7QVA7
2022-06-CENSUS-0000250803,E47WF2JP5GW1,2022,2023-03-27,ZG9KPJB7HPX2
2022-06-CENSUS-0000250803,E47WF2JP5GW1,2022,2023-03-27,UGX7KNMNHU24
2022-06-CENSUS-0000251889,R2A9NZLZ55T8,2022,2023-01-12,QL92PLNJNR72
2022-09-CENSUS-0000175007,NESHUUJCX535,2022,2023-03-29,QJHCVLPDG331
2022-09-CENSUS-0000175007,NESHUUJCX535,2022,2023-03-29,HL4PMNNFQUS6
2022-09-CENSUS-0000187995,KKX2N3K41U77,2022,2023-01-15,NJJZGDQP44Q8
2022-09-CENSUS-0000187995,KKX2N3K41U77,2022,2023-01-15,QD6EAH3JMMC6
2022-09-CENSUS-0000187995,KKX2N3K41U77,2022,2023-01-15,X3DJJY71NPF9
2022-06-CENSUS-0000197834,P91ZR5LN7B73,2022,2023-03-26,CX6QQHTWJCG8
2022-12-CENSUS-0000175039,XMRGXFULAC86,2022,2023-09-11,C41QJMTUQ188
2022-12-CENSUS-0000175039,XMRGXFULAC86,2022,2023-09-11,CDEKHDJ8HY18
2022-06-CENSUS-0000171417,FGM9UQDVJNP8,2022,2023-02-19,Q7N4KDC39CF6
2022-06-CENSUS-0000160962,TLCTJWDJH1H9,2022,2023-05-17,ZRVFMJKDL445
2022-06-CENSUS-0000160962,TLCTJWDJH1H9,2022,2023-05-17,V8BEPMLLT4D1
2022-12-CENSUS-0000176847,PQLDK3TL8FN7,2022,2023-08-17,SRMAK7A3CZE9
2022-06-CENSUS-0000166044,XEMDAB3PPUR3,2022,2023-03-28,V41YWDPFVWW8
2022-06-CENSUS-0000166044,XEMDAB3PPUR3,2022,2023-03-28,J9U3RRVFMGB3
2022-06-CENSUS-0000166044,XEMDAB3PPUR3,2022,2023-03-28,U4L4WLM5L9C6
2022-06-CENSUS-0000166044,XEMDAB3PPUR3,2022,2023-03-28,DECEM6WK8J17
2022-06-CENSUS-0000166044,XEMDAB3PPUR3,2022,2023-03-28,FUAKHMJE2437
2022-06-CENSUS-0000166044,XEMDAB3PPUR3,2022,2023-03-28,FCG7FDMD87L9
2022-08-CENSUS-0000237734,RE86JBBNDVV5,2022,2023-05-30,JHBEK25CNS14
2022-08-CENSUS-0000237734,RE86JBBNDVV5,2022,2023-05-30,JZNADSSHNPG4
2022-12-CENSUS-0000138688,T2CQP3VS6QK7,2022,2023-09-17,NXLGFKJE8NV6
2022-12-CENSUS-0000138688,T2CQP3VS6QK7,2022,2023-09-17,KLJMXPHANL78
2022-12-CENSUS-0000138688,T2CQP3VS6QK7,2022,2023-09-17,YSDBJJM26678
2022-12-CENSUS-0000138688,T2CQP3VS6QK7,2022,2023-09-17,MJ1ML4J6JND7
2022-12-CENSUS-0000138688,T2CQP3VS6QK7,2022,2023-09-17,F3PLEVP7DDH4
2022-12-CENSUS-0000138688,T2CQP3VS6QK7,2022,2023-09-17,PBJ3G8GX7GY7
2022-06-CENSUS-0000100582,Y9L8P4EMGW51,2022,2023-03-30,Y2Z3TMWB73D4
2022-12-CENSUS-0000254984,UAGTTDPC2QV3,2022,2023-09-21,FEZCT18M7XW4
2022-12-CENSUS-0000254984,UAGTTDPC2QV3,2022,2023-09-21,J1KNB4JB21W5
2022-12-CENSUS-0000254984,UAGTTDPC2QV3,2022,2023-09-21,Q764ZDMZUKY8
2022-12-CENSUS-0000254984,UAGTTDPC2QV3,2022,2023-09-21,C4XHKU7C4D55
2022-12-CENSUS-0000254984,UAGTTDPC2QV3,2022,2023-09-21,NCNAMUG7MJ49
2022-12-CENSUS-0000254984,UAGTTDPC2QV3,2022,2023-09-21,NZVCJBU17MD5
2022-12-CENSUS-0000254984,UAGTTDPC2QV3,2022,2023-09-21,WA3AQR4TA4M3
2022-12-CENSUS-0000254984,UAGTTDPC2QV3,2022,2023-09-21,F4XNB43WFLL5
2022-12-CENSUS-0000254984,UAGTTDPC2QV3,2022,2023-09-21,LLBVYCPNPKQ7
2022-12-CENSUS-0000254984,UAGTTDPC2QV3,2022,2023-09-21,V6JYDJZP3559
2022-12-CENSUS-0000254984,UAGTTDPC2QV3,2022,2023-09-21,RW7QFGG7JKR5
2022-12-CENSUS-0000254984,UAGTTDPC2QV3,2022,2023-09-21,TJMFYTL5CXJ3
2022-12-CENSUS-0000254984,UAGTTDPC2QV3,2022,2023-09-21,EUMMK4GYJPU4
2022-06-CENSUS-0000251546,KRHPSM7YJ3G5,2022,2023-09-19,HJNCUYLKY6G3
2022-06-CENSUS-0000251546,KRHPSM7YJ3G5,2022,2023-09-19,UZMCUGJKNRH7
2022-06-CENSUS-0000251546,KRHPSM7YJ3G5,2022,2023-09-19,C7JAJKPKKLB2
2022-06-CENSUS-0000177867,EQL7FFLJRC99,2022,2023-03-30,YUR1LJ15G7P6
2022-06-CENSUS-0000177867,EQL7FFLJRC99,2022,2023-03-30,FH2BPMS3U3E9
2022-06-CENSUS-0000177867,EQL7FFLJRC99,2022,2023-03-30,LDC7MLC42LN8
2022-06-CENSUS-0000177867,EQL7FFLJRC99,2022,2023-03-30,CG2SZ7HCNV54
2022-06-CENSUS-0000177867,EQL7FFLJRC99,2022,2023-03-30,NSEYGAM7UZF6
2022-06-CENSUS-0000177867,EQL7FFLJRC99,2022,2023-03-30,FX9MWGNFQ941
2022-06-CENSUS-0000177867,EQL7FFLJRC99,2022,2023-03-30,DCPVMWRT3DR4
2022-06-CENSUS-0000177867,EQL7FFLJRC99,2022,2023-03-30,LTAXJ3R2ESZ7
2022-06-CENSUS-0000177867,EQL7FFLJRC99,2022,2023-03-30,N95NY1A1U3M7
2022-06-CENSUS-0000177867,EQL7FFLJRC99,2022,2023-03-30,CWKEECAJP9H9
2022-06-CENSUS-0000177867,EQL7FFLJRC99,2022,2023-03-30,F1JRNREURZA5
2022-06-CENSUS-0000177867,EQL7FFLJRC99,2022,2023-03-30,RZCYAWG9BCQ3
2022-06-CENSUS-0000177867,EQL7FFLJRC99,2022,2023-03-30,UM5ZN5DK3N91
2022-06-CENSUS-0000177867,EQL7FFLJRC99,2022,2023-03-30,ULHQCL9NWUL5
2022-06-CENSUS-0000177867,EQL7FFLJRC99,2022,2023-03-30,RVU6UF18YL89
2022-06-CENSUS-0000177867,EQL7FFLJRC99,2022,2023-03-30,KHJHUG4T7M91
2022-06-CENSUS-0000177867,EQL7FFLJRC99,2022,2023-03-30,DKLNNMMLFJX4
2022-06-CENSUS-0000177867,EQL7FFLJRC99,2022,2023-03-30,DKT2ZCMAKS48
2022-06-CENSUS-0000177867,EQL7FFLJRC99,2022,2023-03-30,E26NPPCKM1Y3
2022-09-CENSUS-0000078073,ET6PFZ2GC1M7,2022,2023-04-18,CPP5NDE74UH3
2022-09-CENSUS-0000078073,ET6PFZ2GC1M7,2022,2023-04-18,JT4YHFN67YL1
2022-06-CENSUS-0000002971,UKP2L3T9UJZ3,2022,2023-03-19,KXZSLM95H2M1
2022-06-CENSUS-0000020627,HHVJKY3ULQV6,2022,2023-03-30,FTHBX1N7LTG9
2022-09-CENSUS-0000250987,H9ZFMV7TMYX3,2022,2023-03-27,QGKHVM76GWZ3
2022-09-CENSUS-0000250987,H9ZFMV7TMYX3,2022,2023-03-27,WQLLA9AXN7L4
2022-09-CENSUS-0000250987,H9ZFMV7TMYX3,2022,2023-03-27,SBVJFLCN8J17
2022-09-CENSUS-0000250987,H9ZFMV7TMYX3,2022,2023-03-27,TY2MCTJ8A367
2022-09-CENSUS-0000250987,H9ZFMV7TMYX3,2022,2023-03-27,LX3WL24L2886
2022-09-CENSUS-0000250987,H9ZFMV7TMYX3,2022,2023-03-27,CHNUCGJAQRK1
2022-09-CENSUS-0000250987,H9ZFMV7TMYX3,2022,2023-03-27,CNMSK42MMF16
2022-09-CENSUS-0000250987,H9ZFMV7TMYX3,2022,2023-03-27,Y4M7KHNJPMS7
2022-09-CENSUS-0000250987,H9ZFMV7TMYX3,2022,2023-03-27,KDNDFNKLJJY3
2022-09-CENSUS-0000250987,H9ZFMV7TMYX3,2022,2023-03-27,QF5GHU9NCV97
2022-09-CENSUS-0000182884,N2FCJJESFFF6,2022,2023-06-26,GPQXPME5MGU8
2022-09-CENSUS-0000182884,N2FCJJESFFF6,2022,2023-06-26,NK8PDS7SUA94
2022-09-CENSUS-0000182884,N2FCJJESFFF6,2022,2023-06-26,NHSAJF75RAE8
2022-09-CENSUS-0000182884,N2FCJJESFFF6,2022,2023-06-26,NNHPP5PCJU15
2022-06-CENSUS-0000132053,FP57WF3LE323,2022,2023-08-30,J8RSDMN5KCQ7
2022-06-CENSUS-0000132053,FP57WF3LE323,2022,2023-08-30,JLK3HRGGC6T3
2022-06-CENSUS-0000132053,FP57WF3LE323,2022,2023-08-30,M8MYZCCFENF8
2022-12-CENSUS-0000255420,M7NAYKKUKDK5,2022,2023-08-30,HSD1FJ8V5KR6
2022-12-CENSUS-0000250364,DLTKXAEVJS21,2022,2023-05-25,PC77KNYJEB17
2022-06-CENSUS-0000176112,GCR8CGCA7L15,2022,2023-03-30,H1PAJJVNJ436
2022-06-CENSUS-0000176112,GCR8CGCA7L15,2022,2023-03-30,MZGMQNWZZ736
2022-06-CENSUS-0000176112,GCR8CGCA7L15,2022,2023-03-30,EEB1T5MM4DD7
2022-06-CENSUS-0000176112,GCR8CGCA7L15,2022,2023-03-30,V6FPHNDP3CB1
2022-12-CENSUS-0000137412,EC5PY48FA3X5,2022,2023-09-28,DJRVVKHFT925
2022-12-CENSUS-0000222380,KBS4UMN5B2G6,2022,2023-09-27,LKBDEY9MTU65
2022-12-CENSUS-0000222380,KBS4UMN5B2G6,2022,2023-09-27,EKYDSAXXMS53
2022-12-CENSUS-0000222380,KBS4UMN5B2G6,2022,2023-09-27,MNCVNLEBHQY9
2022-12-CENSUS-0000222380,KBS4UMN5B2G6,2022,2023-09-27,L3WCNYMZHLQ3
2022-12-CENSUS-0000222380,KBS4UMN5B2G6,2022,2023-09-27,ETJZQLJKRSD7
2022-06-CENSUS-0000091959,CA2EZ6SJSN41,2022,2023-02-14,J9L3DL5N2EC9
2022-12-CENSUS-0000071274,NN72MNQKJY36,2022,2023-08-22,XS92B3B6JEQ7
2022-06-CENSUS-0000147110,ZUFJEU4NMK52,2022,2023-03-29,HWK9GECMCWE5
2022-06-CENSUS-0000147110,ZUFJEU4NMK52,2022,2023-03-29,NQ1FPAA8XSQ9
2022-06-CENSUS-0000147110,ZUFJEU4NMK52,2022,2023-03-29,YYZBXVF3JK55
2022-06-CENSUS-0000147110,ZUFJEU4NMK52,2022,2023-03-29,NGMZTEWW6G49
2022-06-CENSUS-0000147110,ZUFJEU4NMK52,2022,2023-03-29,FAABAXF9D9E3
2022-06-CENSUS-0000147110,ZUFJEU4NMK52,2022,2023-03-29,SMUBL99CK218
2022-06-CENSUS-0000147110,ZUFJEU4NMK52,2022,2023-03-29,VAKSGF6BA5J1
2022-06-CENSUS-0000147110,ZUFJEU4NMK52,2022,2023-03-29,GJEPWTMKF5A3
2022-06-CENSUS-0000147110,ZUFJEU4NMK52,2022,2023-03-29,KF1PLGNW85K3
2022-06-CENSUS-0000147110,ZUFJEU4NMK52,2022,2023-03-29,ZK7LLWZTMPE2
2022-06-CENSUS-0000147110,ZUFJEU4NMK52,2022,2023-03-29,TTNBFK7CDK83
2022-06-CENSUS-0000147110,ZUFJEU4NMK52,2022,2023-03-29,KQWCK42PT545
2022-06-CENSUS-0000147110,ZUFJEU4NMK52,2022,2023-03-29,XDJMJL19GHU3
2022-06-CENSUS-0000147110,ZUFJEU4NMK52,2022,2023-03-29,XDJMJL19GHU4
2022-06-CENSUS-0000147110,ZUFJEU4NMK52,2022,2023-03-29,MP59EXMVEMJ7
2022-06-CENSUS-0000147110,ZUFJEU4NMK52,2022,2023-03-29,NJQMLNG5L8A5
2022-06-CENSUS-0000147110,ZUFJEU4NMK52,2022,2023-03-29,QWNRL7NH2LN7
2022-06-CENSUS-0000147110,ZUFJEU4NMK52,2022,2023-03-29,H898UDKRG4N5
2022-06-CENSUS-0000147110,ZUFJEU4NMK52,2022,2023-03-29,JNNMDL9K4517
2022-06-CENSUS-0000147110,ZUFJEU4NMK52,2022,2023-03-29,LWMWBM9QMHK6
2022-06-CENSUS-0000147110,ZUFJEU4NMK52,2022,2023-03-29,EUPZG1KE87J9
2022-06-CENSUS-0000147110,ZUFJEU4NMK52,2022,2023-03-29,DF52UQWQLW85
2022-06-CENSUS-0000147110,ZUFJEU4NMK52,2022,2023-03-29,X7BNZNBUF9N5
2022-06-CENSUS-0000147110,ZUFJEU4NMK52,2022,2023-03-29,E2E7F7B2A3P8
2022-06-CENSUS-0000147110,ZUFJEU4NMK52,2022,2023-03-29,UCSMYF2XN9F7
2022-06-CENSUS-0000147110,ZUFJEU4NMK52,2022,2023-03-29,V7QHVF712SB3
2022-06-CENSUS-0000147110,ZUFJEU4NMK52,2022,2023-03-29,N3QJEHVL7N91
2022-12-CENSUS-0000247480,HQBEYXSJYAC8,2022,2023-09-28,FSD9KFCSN633
2022-12-CENSUS-0000247480,HQBEYXSJYAC8,2022,2023-09-28,LH2LMEEJNCB5
2022-12-CENSUS-0000247480,HQBEYXSJYAC8,2022,2023-09-28,K9M2PLP2T7H1
2022-12-CENSUS-0000247480,HQBEYXSJYAC8,2022,2023-09-28,H4XSCS4DBJH3
2022-12-CENSUS-0000247480,HQBEYXSJYAC8,2022,2023-09-28,NGTCZBLMLEH4
2022-12-CENSUS-0000247480,HQBEYXSJYAC8,2022,2023-09-28,YYFSTANW3LV6
2022-12-CENSUS-0000247480,HQBEYXSJYAC8,2022,2023-09-28,KXPCLX6MJEM7
2022-12-CENSUS-0000247480,HQBEYXSJYAC8,2022,2023-09-28,NHRBVJPEP979
2022-12-CENSUS-0000247480,HQBEYXSJYAC8,2022,2023-09-28,ESWEJAVFY434
2022-12-CENSUS-0000247480,HQBEYXSJYAC8,2022,2023-09-28,DWCUSSEDSHZ4
2022-12-CENSUS-0000247480,HQBEYXSJYAC8,2022,2023-09-28,LE6LLKJEP973
2022-12-CENSUS-0000247480,HQBEYXSJYAC8,2022,2023-09-28,NMTHCYSU3ZM1
2022-12-CENSUS-0000247480,HQBEYXSJYAC8,2022,2023-09-28,XQA9Z8H3EB54
2022-12-CENSUS-0000247480,HQBEYXSJYAC8,2022,2023-09-28,VH6YJBCUX8B6
2022-12-CENSUS-0000247480,HQBEYXSJYAC8,2022,2023-09-28,HND9F9X117K5
2022-12-CENSUS-0000247480,HQBEYXSJYAC8,2022,2023-09-28,J8NMZFT6ASB3
2022-12-CENSUS-0000247480,HQBEYXSJYAC8,2022,2023-09-28,H935HCB6U176
2022-12-CENSUS-0000247480,HQBEYXSJYAC8,2022,2023-09-28,FL9AYNELFHW3
2022-12-CENSUS-0000247480,HQBEYXSJYAC8,2022,2023-09-28,CJZWD9B766M4
2022-12-CENSUS-0000247480,HQBEYXSJYAC8,2022,2023-09-28,K4R4JK3RURL8
2022-12-CENSUS-0000247480,HQBEYXSJYAC8,2022,2023-09-28,GQGAF1JWM1Z6
2022-12-CENSUS-0000247480,HQBEYXSJYAC8,2022,2023-09-28,VUJ4HXHENC43
2022-12-CENSUS-0000247480,HQBEYXSJYAC8,2022,2023-09-28,L8KUFKFY6K74
2022-12-CENSUS-0000247480,HQBEYXSJYAC8,2022,2023-09-28,T6JJC7E2EGM5
2022-12-CENSUS-0000247480,HQBEYXSJYAC8,2022,2023-09-28,G8HMWBLU4MQ3
2022-12-CENSUS-0000247480,HQBEYXSJYAC8,2022,2023-09-28,VKW7P75XFA75
2022-12-CENSUS-0000247480,HQBEYXSJYAC8,2022,2023-09-28,HKYZHQDKQ3P3
2022-12-CENSUS-0000247480,HQBEYXSJYAC8,2022,2023-09-28,PYZPBG6N2ZL7
2022-12-CENSUS-0000247480,HQBEYXSJYAC8,2022,2023-09-28,ENC3BJAMXLJ6
2022-12-CENSUS-0000247480,HQBEYXSJYAC8,2022,2023-09-28,NE6NBM68AWM5
2022-12-CENSUS-0000247480,HQBEYXSJYAC8,2022,2023-09-28,EX3SFRMLEUL6
2022-12-CENSUS-0000247480,HQBEYXSJYAC8,2022,2023-09-28,CMDJDFR898N5
2022-12-CENSUS-0000247480,HQBEYXSJYAC8,2022,2023-09-28,P8LPEPSBWQP6
2022-06-CENSUS-0000223800,L9SANTM4N7J5,2022,2023-03-28,TFPHR6CBC9H9
2022-06-CENSUS-0000223800,L9SANTM4N7J5,2022,2023-03-28,NE7DTYWS3KS9
2022-06-CENSUS-0000223800,L9SANTM4N7J5,2022,2023-03-28,UPDUCVGF6E79
2022-06-CENSUS-0000223800,L9SANTM4N7J5,2022,2023-03-28,HLTWUS8HWZJ8
2022-06-CENSUS-0000223800,L9SANTM4N7J5,2022,2023-03-28,QWJTHJJCD2Q3
2022-06-CENSUS-0000223800,L9SANTM4N7J5,2022,2023-03-28,CKXMPGZY9VN9
2022-06-CENSUS-0000223800,L9SANTM4N7J5,2022,2023-03-28,MQ1JHWK8NZN8
2022-06-CENSUS-0000223800,L9SANTM4N7J5,2022,2023-03-28,FQ6YJRATEXN8
2022-06-CENSUS-0000223800,L9SANTM4N7J5,2022,2023-03-28,NKR1KHMDM4Y9
2022-06-CENSUS-0000223800,L9SANTM4N7J5,2022,2023-03-28,L9MHHQCCY7A6
2022-06-CENSUS-0000031506,FXYGKV9G6DW3,2022,2023-07-04,HY6ZVKH1JLP1
2022-06-CENSUS-0000031506,FXYGKV9G6DW3,2022,2023-07-04,RH48RW8NSN99
2022-06-CENSUS-0000031506,FXYGKV9G6DW3,2022,2023-07-04,FV9PQVMLSKG3
2022-06-CENSUS-0000031506,FXYGKV9G6DW3,2022,2023-07-04,SN7NCJED1CJ7
2022-06-CENSUS-0000176060,LDRWDCHH9N15,2022,2023-04-23,F2NZX8EXE539
2022-06-CENSUS-0000176060,LDRWDCHH9N15,2022,2023-04-23,GCKQRE4D47Q3
2022-06-CENSUS-0000176060,LDRWDCHH9N15,2022,2023-04-23,ZF2TMY5GNHF4
2022-06-CENSUS-0000179837,KURKMKZUFMY2,2022,2023-01-23,PVG5A4PW32K3
2022-06-CENSUS-0000171424,DJXMVJM16KJ3,2022,2023-03-15,PZLKZMCV5FK3
2022-06-CENSUS-0000171424,DJXMVJM16KJ3,2022,2023-03-15,UQ7KMCZLKG53
2022-08-CENSUS-0000173946,XMDHUN8FUPN9,2022,2023-03-26,GSA7NUR2L8X8
2022-08-CENSUS-0000173946,XMDHUN8FUPN9,2022,2023-03-26,PWEGMRNYWMD6
2022-08-CENSUS-0000173946,XMDHUN8FUPN9,2022,2023-03-26,TCCMK3LE9P98
2022-08-CENSUS-0000173946,XMDHUN8FUPN9,2022,2023-03-26,NRHNYSCEQ2A3
2022-08-CENSUS-0000173946,XMDHUN8FUPN9,2022,2023-03-26,NJ3XQMMZFLP7
2022-08-CENSUS-0000173946,XMDHUN8FUPN9,2022,2023-03-26,NCD2BLJ1ZYU7
2022-08-CENSUS-0000173946,XMDHUN8FUPN9,2022,2023-03-26,KPY2TTAB3371
2022-08-CENSUS-0000173946,XMDHUN8FUPN9,2022,2023-03-26,L9UYAEJ61P38
2022-08-CENSUS-0000173946,XMDHUN8FUPN9,2022,2023-03-26,E4SNX6XX5RV7
2022-12-CENSUS-0000219579,KD4NWRYQYU68,2022,2023-07-27,VKBPMBJVVJK5
2022-12-CENSUS-0000219579,KD4NWRYQYU68,2022,2023-07-27,EWYQE5KML9A9
2022-12-CENSUS-0000219579,KD4NWRYQYU68,2022,2023-07-27,RP1GCN1N36WS
2022-12-CENSUS-0000219579,KD4NWRYQYU68,2022,2023-07-27,EETJXFZA5KJ5
2022-12-CENSUS-0000219579,KD4NWRYQYU68,2022,2023-07-27,K851W36PDT68
2022-12-CENSUS-0000219579,KD4NWRYQYU68,2022,2023-07-27,SMTSF61545K3
2022-12-CENSUS-0000219579,KD4NWRYQYU68,2022,2023-07-27,YPLWPGYPWY49
2022-12-CENSUS-0000219579,KD4NWRYQYU68,2022,2023-07-27,K3CCVZCMKEN5
2022-12-CENSUS-0000219579,KD4NWRYQYU68,2022,2023-07-27,VQCKLMTL57R5
2022-12-CENSUS-0000219579,KD4NWRYQYU68,2022,2023-07-27,FWW5X6B7MET2
2022-12-CENSUS-0000093089,WNK7FEN5X9E1,2022,2023-06-29,HYTETG641B58
2022-12-CENSUS-0000093089,WNK7FEN5X9E1,2022,2023-06-29,N1EXDDSNGRN5
2022-06-CENSUS-0000206609,GQBHJC2N2WX9,2022,2023-03-29,WLPHXMUW9GK9
2022-12-CENSUS-0000238227,N1W8YN4MSHY6,2022,2023-06-05,LDYRK8HYM4A9
2022-12-CENSUS-0000238227,N1W8YN4MSHY6,2022,2023-06-05,HQLVC57X96Z6
2022-12-CENSUS-0000238227,N1W8YN4MSHY6,2022,2023-06-05,KPANKHNK4MA9
2022-12-CENSUS-0000192702,RUWQRZF2BAG5,2022,2023-09-27,RGFYNSABALM1
2022-09-CENSUS-0000206596,N8VWF88N4AD7,2022,2023-05-24,WDKUYRAMUSK6
2022-06-CENSUS-0000121194,YL4FGLJYEG11,2022,2023-03-30,C45YCFJV44L8
2022-12-CENSUS-0000162434,Q5KBWKNWYSW6,2022,2023-06-12,DQDBK8KVEBN7
2022-12-CENSUS-0000162434,Q5KBWKNWYSW6,2022,2023-06-12,PU2NKJ9UVZJ8
2022-12-CENSUS-0000162434,Q5KBWKNWYSW6,2022,2023-06-12,L86WM6EQLGK8
2022-12-CENSUS-0000162434,Q5KBWKNWYSW6,2022,2023-06-12,YW5LLJNL1LS1
2022-12-CENSUS-0000162434,Q5KBWKNWYSW6,2022,2023-06-12,FF6WSLQ31JB1
2022-06-CENSUS-0000232556,HPMPHYRFX5T5,2022,2023-01-16,H1TCZPAD25B3
2022-12-CENSUS-0000199828,LF71FLU9C5P7,2022,2023-09-28,HYRELXLJAM23
2022-12-CENSUS-0000199828,LF71FLU9C5P7,2022,2023-09-28,UAWQVSN6FED3
2022-06-CENSUS-0000192124,LFHPKSMEECK8,2022,2023-03-28,VFNGJDM5ARG6
2022-06-CENSUS-0000192124,LFHPKSMEECK8,2022,2023-03-28,DHL9LJL56LA5
2022-06-CENSUS-0000192124,LFHPKSMEECK8,2022,2023-03-28,VM7VUYF68SK3
2022-06-CENSUS-0000192124,LFHPKSMEECK8,2022,2023-03-28,E6BAZ4XW2X58
2022-06-CENSUS-0000192124,LFHPKSMEECK8,2022,2023-03-28,E8PMD1L9U753
2022-09-CENSUS-0000184033,KCM2SXSNUS33,2022,2023-02-08,NGL4QX7E96K7
2022-06-CENSUS-0000070117,SNLZHEANAJ47,2022,2023-02-12,DLEHKT6UCG75
2022-06-CENSUS-0000070117,SNLZHEANAJ47,2022,2023-02-12,DLMSZ3RKE9P1
2022-06-CENSUS-0000070117,SNLZHEANAJ47,2022,2023-02-12,FEYLZGL4EB27
2022-06-CENSUS-0000070117,SNLZHEANAJ47,2022,2023-02-12,ZPYAC7W9WKT3
2022-12-CENSUS-0000208377,C1ECKKJ5KUH7,2022,2023-08-15,FFT4LAJ2GA53
2022-06-CENSUS-0000225243,JHLDTQEBNRB1,2022,2023-02-13,RK4PKJEVDJM7
2022-06-CENSUS-0000225243,JHLDTQEBNRB1,2022,2023-02-13,QAJXN9LP9KK5
2022-06-CENSUS-0000225243,JHLDTQEBNRB1,2022,2023-02-13,RDYHUN3SBR77
2022-06-CENSUS-0000225243,JHLDTQEBNRB1,2022,2023-02-13,KBJNNW37DT76
2022-06-CENSUS-0000225243,JHLDTQEBNRB1,2022,2023-02-13,ZLXYXNCCAWS1
2022-06-CENSUS-0000225243,JHLDTQEBNRB1,2022,2023-02-13,YYHNDGSKPJJ5
2022-09-CENSUS-0000253526,VJGLDRNZ5E53,2022,2023-06-15,CEW7Q31M1GS4
2022-09-CENSUS-0000253526,VJGLDRNZ5E53,2022,2023-06-15,DMLVVY5EUMM1
2022-09-CENSUS-0000253526,VJGLDRNZ5E53,2022,2023-06-15,EP61CKE3N4Y5
2022-09-CENSUS-0000253526,VJGLDRNZ5E53,2022,2023-06-15,QSLMLFKFTJ33
2022-09-CENSUS-0000253526,VJGLDRNZ5E53,2022,2023-06-15,RNUUXGVBK469
2022-09-CENSUS-0000253526,VJGLDRNZ5E53,2022,2023-06-15,K4JWX7NFEDS1
2022-09-CENSUS-0000253526,VJGLDRNZ5E53,2022,2023-06-15,TJPAQF519LE7
2022-09-CENSUS-0000253526,VJGLDRNZ5E53,2022,2023-06-15,CC1LLMNZZSF3
2022-09-CENSUS-0000253526,VJGLDRNZ5E53,2022,2023-06-15,LNQJXKKM2F53
2022-09-CENSUS-0000253526,VJGLDRNZ5E53,2022,2023-06-15,ZE9ET7V8MP31
2022-09-CENSUS-0000253526,VJGLDRNZ5E53,2022,2023-06-15,XQGCXVQNKNX7
2022-09-CENSUS-0000253526,VJGLDRNZ5E53,2022,2023-06-15,HQD1SK4L4PE1
2022-09-CENSUS-0000253526,VJGLDRNZ5E53,2022,2023-06-15,U8EGML6VR9U3
2022-09-CENSUS-0000253526,VJGLDRNZ5E53,2022,2023-06-15,HNHYY7R42LP3
2022-09-CENSUS-0000253526,VJGLDRNZ5E53,2022,2023-06-15,TFMRE1NUNCA3
2022-09-CENSUS-0000253526,VJGLDRNZ5E53,2022,2023-06-15,C5J3X7XKFMX9
2022-09-CENSUS-0000253526,VJGLDRNZ5E53,2022,2023-06-15,L8NVBEVU94B5
2022-06-CENSUS-0000124865,CF3XG46HAWE8,2022,2023-03-24,CU82DUZEEL81
2022-06-CENSUS-0000181885,KFPXZJKBK8T9,2022,2023-03-30,D3J6CCW2V7T8
2022-12-CENSUS-0000003866,TQFLTTBZW1A1,2022,2023-05-11,X4APDL1XLNB4
2022-06-CENSUS-0000209778,WEJHV7JZPML3,2022,2023-03-29,S79KPMPDZA69
2022-09-CENSUS-0000250987,H9ZFMV7TMYX3,2022,2023-03-27,ZDELNTMK54R3
2022-09-CENSUS-0000250987,H9ZFMV7TMYX3,2022,2023-03-27,HKZRPCNBYZC3
2022-06-CENSUS-0000171279,MZALJJHTAB63,2022,2023-03-28,L63SMUMFK2J8
2022-12-CENSUS-0000213113,S9ZLWKBUKN28,2022,2023-08-15,LFFRPJSMSDK7
2022-06-CENSUS-0000253396,NC7LTHSFU6N7,2022,2023-07-31,DEH8PR3MHM85
2022-06-CENSUS-0000253396,NC7LTHSFU6N7,2022,2023-07-31,DT5RTW4JL5J5
2022-06-CENSUS-0000253396,NC7LTHSFU6N7,2022,2023-07-31,PCBQHTRXNMA3
2022-06-CENSUS-0000253396,NC7LTHSFU6N7,2022,2023-07-31,RMBNZ3FV2QG5
2022-12-CENSUS-0000148742,Z3QCDNFKVNK3,2022,2023-06-01,YAABV2DEX2V3
2022-06-CENSUS-0000229880,EYW9E49VBTD1,2022,2023-02-06,FNL5UM6KLGC8
2022-06-CENSUS-0000229880,EYW9E49VBTD1,2022,2023-02-06,L42MCL5EDVF3
2022-06-CENSUS-0000229880,EYW9E49VBTD1,2022,2023-02-06,TPLPN7V2JBR6
2022-12-CENSUS-0000258901,HVWJJCAW86H3,2022,2023-09-19,UN87FRY5ZD93
2022-12-CENSUS-0000258901,HVWJJCAW86H3,2022,2023-09-19,P9FNPYSE1YW4
2022-11-CENSUS-0000212235,KPJ9JJGR3K26,2022,2023-03-06,LJS1SEULUXG9
2022-11-CENSUS-0000212235,KPJ9JJGR3K26,2022,2023-03-06,F16YESNM3H25
2022-06-CENSUS-0000235455,NFLNBE19F2U5,2022,2023-05-29,JJYPMAVNLL69
2022-12-CENSUS-0000247299,GY3TDHKC1965,2022,2023-08-16,CC3EATWYCLD7
2022-12-CENSUS-0000254685,NLABQJ8LCND5,2022,2023-09-17,E9M7EUVMFFJ5
2022-12-CENSUS-0000208598,L6AENFMBTZY9,2022,2023-08-20,CVS1FE4JEKD1
2022-09-CENSUS-0000204571,WK2NXW3LS3L3,2022,2023-09-28,XUYTN6MMLKE3
2022-09-CENSUS-0000204571,WK2NXW3LS3L3,2022,2023-09-28,HCZLFLC8DAJ3
2022-09-CENSUS-0000204571,WK2NXW3LS3L3,2022,2023-09-28,Y6MGLJDKCF98
2022-09-CENSUS-0000204571,WK2NXW3LS3L3,2022,2023-09-28,RE8RHUP7G1H7
2022-09-CENSUS-0000204571,WK2NXW3LS3L3,2022,2023-09-28,EDXWYUXL4QJ3
2022-09-CENSUS-0000204571,WK2NXW3LS3L3,2022,2023-09-28,E5KHW94KAHQ4
2022-09-CENSUS-0000204571,WK2NXW3LS3L3,2022,2023-09-28,DEFBK17A6FU4
2022-09-CENSUS-0000204571,WK2NXW3LS3L3,2022,2023-09-28,Z9MNER554MD3
2022-09-CENSUS-0000204571,WK2NXW3LS3L3,2022,2023-09-28,J49AYYC9HHJ4
2022-09-CENSUS-0000204571,WK2NXW3LS3L3,2022,2023-09-28,VG8UFZCKCH79
2022-09-CENSUS-0000204571,WK2NXW3LS3L3,2022,2023-09-28,RJQEV1Q7MJW4
2022-09-CENSUS-0000204571,WK2NXW3LS3L3,2022,2023-09-28,FE9RNTYNNKN9
2022-09-CENSUS-0000204571,WK2NXW3LS3L3,2022,2023-09-28,GK2ZSUK5SYW1
2022-09-CENSUS-0000204571,WK2NXW3LS3L3,2022,2023-09-28,F6HANQVGAW59
2022-09-CENSUS-0000204571,WK2NXW3LS3L3,2022,2023-09-28,F1R4GHMJTJ55
2022-09-CENSUS-0000204571,WK2NXW3LS3L3,2022,2023-09-28,KA8VDKJWLY47
2022-09-CENSUS-0000204571,WK2NXW3LS3L3,2022,2023-09-28,XMKCMDJLCH71
2022-09-CENSUS-0000204571,WK2NXW3LS3L3,2022,2023-09-28,TNGMKS5X5J38
2022-09-CENSUS-0000204571,WK2NXW3LS3L3,2022,2023-09-28,LD3CP7C1XMD5
2022-09-CENSUS-0000204571,WK2NXW3LS3L3,2022,2023-09-28,STSLEKQEMAF6
2022-09-CENSUS-0000204571,WK2NXW3LS3L3,2022,2023-09-28,KWVHEFJGTM67
2022-09-CENSUS-0000204571,WK2NXW3LS3L3,2022,2023-09-28,YL1NUG5VRT19
2022-09-CENSUS-0000204571,WK2NXW3LS3L3,2022,2023-09-28,MPBMXLCHYWY7
2022-09-CENSUS-0000204571,WK2NXW3LS3L3,2022,2023-09-28,EJJYNNNQMCY7
2022-09-CENSUS-0000204571,WK2NXW3LS3L3,2022,2023-09-28,JX5BBQLQ2GX8
2022-09-CENSUS-0000204571,WK2NXW3LS3L3,2022,2023-09-28,JBY3N5SQEQ47
2022-09-CENSUS-0000204571,WK2NXW3LS3L3,2022,2023-09-28,C3D7ELJMG531
2022-09-CENSUS-0000204571,WK2NXW3LS3L3,2022,2023-09-28,GAYDQHLH5NR5
2022-09-CENSUS-0000204571,WK2NXW3LS3L3,2022,2023-09-28,FTQ6AJN7SJW6
2022-09-CENSUS-0000204571,WK2NXW3LS3L3,2022,2023-09-28,CXHWJJJXL197
2022-09-CENSUS-0000204571,WK2NXW3LS3L3,2022,2023-09-28,GN9AFL18QZR5
2022-09-CENSUS-0000204571,WK2NXW3LS3L3,2022,2023-09-28,SU5GTW3J8YH9
2022-09-CENSUS-0000204571,WK2NXW3LS3L3,2022,2023-09-28,FWQVJ7ADSFU7
2022-09-CENSUS-0000204571,WK2NXW3LS3L3,2022,2023-09-28,KBCFZLA5ZYH2
2022-09-CENSUS-0000204571,WK2NXW3LS3L3,2022,2023-09-28,KUWSNZFMNBK4
2022-06-CENSUS-0000030084,D4TVB6V5GYK8,2022,2023-02-27,FDU2KZ279Q71
2022-06-CENSUS-0000030084,D4TVB6V5GYK8,2022,2023-02-27,FJVKUZYKL4G1
2022-06-CENSUS-0000030084,D4TVB6V5GYK8,2022,2023-02-27,M2MUG6SFSHT1
2022-06-CENSUS-0000188355,MQWEMKUB26M6,2022,2023-03-20,SJ6NUZNKYFH1
2022-09-CENSUS-0000124020,FYLGEXPJTM91,2022,2023-06-20,WKRULN9GCN41
2022-09-CENSUS-0000124020,FYLGEXPJTM91,2022,2023-06-20,N272EKNXHHU6
2022-09-CENSUS-0000124020,FYLGEXPJTM91,2022,2023-06-20,E35GHLVQPJC8
2022-09-CENSUS-0000124020,FYLGEXPJTM91,2022,2023-06-20,V6CDMAN5XJC6
2022-06-CENSUS-0000185908,KCVVGJ8NFYV8,2022,2023-05-24,TE57T6SBP157
2022-09-CENSUS-0000101101,EYJCLM9UCLX5,2022,2023-06-20,HEUDNXZR8BM8
2022-09-CENSUS-0000101101,EYJCLM9UCLX5,2022,2023-06-20,ZL7QAU48DHM7
2022-09-CENSUS-0000101101,EYJCLM9UCLX5,2022,2023-06-20,YQ6JG722ZBB3
2022-12-CENSUS-0000213514,ZZWNRV2LKDN3,2022,2023-07-17,YSYKB6GDW148
2022-12-CENSUS-0000213514,ZZWNRV2LKDN3,2022,2023-07-17,LZQ6QL89B7K1
2022-12-CENSUS-0000213514,ZZWNRV2LKDN3,2022,2023-07-17,SF4JMAJB6KK8
2022-12-CENSUS-0000213514,ZZWNRV2LKDN3,2022,2023-07-17,HTLXE51L5NG9
2022-12-CENSUS-0000213514,ZZWNRV2LKDN3,2022,2023-07-17,DXQUBHXYNH33
2022-12-CENSUS-0000213514,ZZWNRV2LKDN3,2022,2023-07-17,TNBYLCLMAZ61
2022-12-CENSUS-0000213514,ZZWNRV2LKDN3,2022,2023-07-17,NUFEW1BMMSV4
2022-12-CENSUS-0000213514,ZZWNRV2LKDN3,2022,2023-07-17,C3YXVRHR64N5
2022-12-CENSUS-0000213514,ZZWNRV2LKDN3,2022,2023-07-17,WMXLLGUGTJL5
2022-12-CENSUS-0000213514,ZZWNRV2LKDN3,2022,2023-07-17,UAKPV8ZMRQ59
2022-12-CENSUS-0000213514,ZZWNRV2LKDN3,2022,2023-07-17,U83JQG7MMW15
2022-12-CENSUS-0000213514,ZZWNRV2LKDN3,2022,2023-07-17,UAS9XLZK8BK7
2022-12-CENSUS-0000213514,ZZWNRV2LKDN3,2022,2023-07-17,TA91BNRMLH83
2022-12-CENSUS-0000213514,ZZWNRV2LKDN3,2022,2023-07-17,XWHHTWELTJ99
2022-06-CENSUS-0000202183,M8R7T3HFVF73,2022,2023-04-16,XNBMEQW1XME5
2022-03-CENSUS-0000242044,C5LAXH11CRQ7,2022,2023-01-25,UABYFT4L35X9
2022-03-CENSUS-0000242044,C5LAXH11CRQ7,2022,2023-01-25,HN8PJ6V1ETZ2
2022-06-CENSUS-0000179794,WV9GN21T4C53,2022,2023-02-01,XVMQMBWMKSQ8
2022-06-CENSUS-0000231953,DSW2T99A3UC8,2022,2023-03-08,JYK5EFHJ33D8
2022-06-CENSUS-0000231953,DSW2T99A3UC8,2022,2023-03-08,MBE6YXM4GYN1
2022-06-CENSUS-0000231953,DSW2T99A3UC8,2022,2023-03-08,HN7CNKMMLPY5
2022-09-CENSUS-0000253570,GNQMK6L2F695,2022,2023-05-04,QZEVW8M85AC7
2022-12-CENSUS-0000252023,NVH9JJ7EFLE5,2022,2023-06-28,FKM3DFBDKKN1
2022-12-CENSUS-0000252023,NVH9JJ7EFLE5,2022,2023-06-28,CJXAQLBXJU28
2022-12-CENSUS-0000252023,NVH9JJ7EFLE5,2022,2023-06-28,JNSYTE4AKAF9
2022-12-CENSUS-0000252023,NVH9JJ7EFLE5,2022,2023-06-28,JJE6CDMQQC65
2022-05-CENSUS-0000257189,KL5LDXCJDNZ6,2022,2023-02-27,RNQPLP7S1GL6
2022-05-CENSUS-0000257189,KL5LDXCJDNZ6,2022,2023-02-27,F45FB1ELZHL3
2022-05-CENSUS-0000257189,KL5LDXCJDNZ6,2022,2023-02-27,S3MWBV5B7AU3
2022-12-CENSUS-0000146695,UN26ZDYJF7K3,2022,2023-07-19,STX5X4B75CB3
2022-12-CENSUS-0000146695,UN26ZDYJF7K3,2022,2023-07-19,TK3KFM5LEWA1
2022-12-CENSUS-0000146695,UN26ZDYJF7K3,2022,2023-07-19,MZ46X5Q4AED3
2022-12-CENSUS-0000146695,UN26ZDYJF7K3,2022,2023-07-19,ZA1PU1K5HH94
2022-12-CENSUS-0000146695,UN26ZDYJF7K3,2022,2023-07-19,RL7AH3Z89MH8
2022-12-CENSUS-0000146695,UN26ZDYJF7K3,2022,2023-07-19,PHACB4PUJHJ1
2022-12-CENSUS-0000146695,UN26ZDYJF7K3,2022,2023-07-19,L89NPLD9VHJ7
2022-12-CENSUS-0000146695,UN26ZDYJF7K3,2022,2023-07-19,ZWJDVNPEGZ15
2022-12-CENSUS-0000146695,UN26ZDYJF7K3,2022,2023-07-19,R2KGHLM7KKG7
2022-12-CENSUS-0000146695,UN26ZDYJF7K3,2022,2023-07-19,TQ6KWTRHUML9
2022-12-CENSUS-0000146695,UN26ZDYJF7K3,2022,2023-07-19,Y5JNN8AKH756
2022-12-CENSUS-0000146695,UN26ZDYJF7K3,2022,2023-07-19,JCMQHLQ9CGN1
2022-12-CENSUS-0000146695,UN26ZDYJF7K3,2022,2023-07-19,KCGKTE47JJ63
2022-12-CENSUS-0000146695,UN26ZDYJF7K3,2022,2023-07-19,FNUFDDR86MC5
2022-12-CENSUS-0000146695,UN26ZDYJF7K3,2022,2023-07-19,JTJVRTD6X3X4
2022-12-CENSUS-0000146695,UN26ZDYJF7K3,2022,2023-07-19,LLSULPD71MR4
2022-12-CENSUS-0000146695,UN26ZDYJF7K3,2022,2023-07-19,KVHYSSAR9GQ8
2022-12-CENSUS-0000146695,UN26ZDYJF7K3,2022,2023-07-19,W4LMVHDWQBA5
2022-12-CENSUS-0000146695,UN26ZDYJF7K3,2022,2023-07-19,MNDWL4KPN8V4
2022-12-CENSUS-0000146695,UN26ZDYJF7K3,2022,2023-07-19,M5BHB4YJG924
2022-06-CENSUS-0000135733,LNL8MJJNFQB7,2022,2023-02-13,SHECW6LG2FD5
2022-06-CENSUS-0000135733,LNL8MJJNFQB7,2022,2023-02-13,XH4CAPC9KRF7
2022-06-CENSUS-0000135733,LNL8MJJNFQB7,2022,2023-02-13,G5CTZWTRSHM5
2022-12-CENSUS-0000056263,L5WDFWSBTZS3,2022,2023-06-22,R2JEJD8B8HC3
2022-06-CENSUS-0000252829,GWQCL2RAMLM3,2022,2023-01-31,V5LAPNDXH3L9
2022-06-CENSUS-0000003476,GHVFCH5A76F4,2022,2023-01-18,Z7Z2K7EUK5Y6
2022-09-CENSUS-0000250110,Y1QLRXB646J1,2022,2023-01-30,D3U3LKMWSDX5
2022-06-CENSUS-0000188745,NTLNE4TEJAR7,2022,2023-01-22,G3NBECFE8VK1
2022-06-CENSUS-0000188745,NTLNE4TEJAR7,2022,2023-01-22,JD7WCELSDMJ5
2022-06-CENSUS-0000011980,WHFRQVBXKB26,2022,2023-03-29,J3NKVM89ZLG4
2022-06-CENSUS-0000011980,WHFRQVBXKB26,2022,2023-03-29,HUL4SZT2MLD8
2022-06-CENSUS-0000011980,WHFRQVBXKB26,2022,2023-03-29,FS13A8M8WQM5
2022-06-CENSUS-0000011980,WHFRQVBXKB26,2022,2023-03-29,HKFECAULCKN7
2022-06-CENSUS-0000011980,WHFRQVBXKB26,2022,2023-03-29,QPGJB7SPDWY6
2022-06-CENSUS-0000199507,LBAJDXALYHT4,2022,2023-01-17,V9K2RSU4JFJ5
2022-06-CENSUS-0000147206,UNUKGB242KY8,2022,2023-03-06,X7MAE19N5RH4
2022-06-CENSUS-0000176251,G76YKSGGWTT5,2022,2023-03-30,FC3RW6WA5H15
2022-12-CENSUS-0000071140,N7C2AQS7XS81,2022,2023-09-28,SZNQAALDJH17
2022-06-CENSUS-0000171489,PA87VV1TS9Q6,2022,2023-03-30,XCLAGBNMHE43
2022-06-CENSUS-0000171489,PA87VV1TS9Q6,2022,2023-03-30,CVXTMM13CNF4
2022-06-CENSUS-0000251143,KSNPHJ1LMNJ7,2022,2023-03-22,ZWLPU14JNBT9
2022-06-CENSUS-0000251143,KSNPHJ1LMNJ7,2022,2023-03-22,MH1JYNCZBJ53
2022-06-CENSUS-0000251143,KSNPHJ1LMNJ7,2022,2023-03-22,J8MQA89EEGL4
2022-06-CENSUS-0000251143,KSNPHJ1LMNJ7,2022,2023-03-22,VKTNU1W7XMK3
2022-06-CENSUS-0000251143,KSNPHJ1LMNJ7,2022,2023-03-22,EU2XEN3PLY86
2022-06-CENSUS-0000251143,KSNPHJ1LMNJ7,2022,2023-03-22,CNUGM6EL7FQ1
2022-06-CENSUS-0000251143,KSNPHJ1LMNJ7,2022,2023-03-22,QEGBEHWZU6L1
2022-06-CENSUS-0000251143,KSNPHJ1LMNJ7,2022,2023-03-22,MSRCE1MA9657
2022-06-CENSUS-0000251143,KSNPHJ1LMNJ7,2022,2023-03-22,MEW7X62WEY77
2022-06-CENSUS-0000251143,KSNPHJ1LMNJ7,2022,2023-03-22,WNQJL58CZKL5
2022-06-CENSUS-0000251143,KSNPHJ1LMNJ7,2022,2023-03-22,G1GUYCR1ZNL5
2022-06-CENSUS-0000154928,PNCKNY4UMDL1,2022,2023-03-20,HNK4GSA4EC89
2022-06-CENSUS-0000154928,PNCKNY4UMDL1,2022,2023-03-20,P3NKD698MH85
2022-12-CENSUS-0000253892,CWNPK67MNA78,2022,2023-09-30,CP76N37ZL2V3
2022-12-CENSUS-0000217041,CVHFYSRJ6EQ6,2022,2023-04-30,FJDQYQMVNPB9
2022-09-CENSUS-0000221917,L7KQE4GQ1Q71,2022,2023-02-19,UV7CLLP8VS68
2022-06-CENSUS-0000218090,ZTYYL9NL5QX9,2022,2023-02-06,P9CME28YMRJ1
2022-06-CENSUS-0000218090,ZTYYL9NL5QX9,2022,2023-02-06,UW1FNLD5AM95
2022-06-CENSUS-0000210093,JJ4TBMWXF823,2022,2023-01-08,DL8TJ81TKFN1
2022-06-CENSUS-0000032580,SMHWA39LDFV9,2022,2023-03-30,TY7CTX31VWZ6
2022-12-CENSUS-0000228511,W8HKMHJKCLN6,2022,2023-09-28,W8PJLCL4GXC6
2022-12-CENSUS-0000228511,W8HKMHJKCLN6,2022,2023-09-28,Q6TGH1XHA591
2022-12-CENSUS-0000228511,W8HKMHJKCLN6,2022,2023-09-28,GZBMNPL4YJL7
2022-12-CENSUS-0000186327,XK2KTS9HDY79,2022,2023-09-26,TM19BXKUXAE8
2022-06-CENSUS-0000176041,SXWDD87FVNV9,2022,2023-01-29,U7TJT681K375
2022-06-CENSUS-0000176041,SXWDD87FVNV9,2022,2023-01-29,HXZ8AZXPYAQ2
2022-06-CENSUS-0000257467,D9DZXNVZGJM8,2022,2023-03-22,ECSJK1FTTMA5
2022-12-CENSUS-0000120855,PJGLNFM7ABN7,2022,2023-09-10,R1FHLBMNGJ26
2022-06-CENSUS-0000166019,X5QGNEC5ASH4,2022,2023-07-30,C29DFM5KSQ22
2022-06-CENSUS-0000166019,X5QGNEC5ASH4,2022,2023-07-30,CADMH78MH3U4
2022-06-CENSUS-0000166019,X5QGNEC5ASH4,2022,2023-07-30,CENWLTPXH9A1
2022-06-CENSUS-0000166019,X5QGNEC5ASH4,2022,2023-07-30,CJUQKQUXSCJ5
2022-06-CENSUS-0000166019,X5QGNEC5ASH4,2022,2023-07-30,CZKGEZK8RDD5
2022-06-CENSUS-0000166019,X5QGNEC5ASH4,2022,2023-07-30,DAUHCBE9Q8M9
2022-06-CENSUS-0000166019,X5QGNEC5ASH4,2022,2023-07-30,E6SGL47S7YS4
2022-06-CENSUS-0000166019,X5QGNEC5ASH4,2022,2023-07-30,EP99SZE353U6
2022-06-CENSUS-0000166019,X5QGNEC5ASH4,2022,2023-07-30,EUKMQMDWEZP8
2022-06-CENSUS-0000166019,X5QGNEC5ASH4,2022,2023-07-30,EXK5PREX1WK7
2022-06-CENSUS-0000166019,X5QGNEC5ASH4,2022,2023-07-30,F24PAKN54G33
2022-06-CENSUS-0000166019,X5QGNEC5ASH4,2022,2023-07-30,FMWSDP2UH257
2022-06-CENSUS-0000166019,X5QGNEC5ASH4,2022,2023-07-30,H4Q6KFBDGVE5
2022-06-CENSUS-0000166019,X5QGNEC5ASH4,2022,2023-07-30,H4VMM5QKJNP1
2022-06-CENSUS-0000166019,X5QGNEC5ASH4,2022,2023-07-30,H5NWNFJSJJ94
2022-06-CENSUS-0000166019,X5QGNEC5ASH4,2022,2023-07-30,HFJRBHKCBPR5
2022-06-CENSUS-0000166019,X5QGNEC5ASH4,2022,2023-07-30,HJEMFCN553L5
2022-06-CENSUS-0000166019,X5QGNEC5ASH4,2022,2023-07-30,HME6DL5DWNL3
2022-06-CENSUS-0000166019,X5QGNEC5ASH4,2022,2023-07-30,HU7KR66D8CJ5
2022-06-CENSUS-0000166019,X5QGNEC5ASH4,2022,2023-07-30,J1N9HVTG3CJ7
2022-06-CENSUS-0000166019,X5QGNEC5ASH4,2022,2023-07-30,J2ZGXPAYNCD2
2022-06-CENSUS-0000166019,X5QGNEC5ASH4,2022,2023-07-30,J4FAYJSND721
2022-06-CENSUS-0000166019,X5QGNEC5ASH4,2022,2023-07-30,JGQ6SKN38A68
2022-06-CENSUS-0000166019,X5QGNEC5ASH4,2022,2023-07-30,JMTGJKNLETS7
2022-06-CENSUS-0000166019,X5QGNEC5ASH4,2022,2023-07-30,K3K1AEQ9FNC8
2022-06-CENSUS-0000166019,X5QGNEC5ASH4,2022,2023-07-30,L6P1KLDZL6Y9
2022-06-CENSUS-0000166019,X5QGNEC5ASH4,2022,2023-07-30,LAX3JM75BAH5
2022-06-CENSUS-0000166019,X5QGNEC5ASH4,2022,2023-07-30,LD9KZ9RYCYS6
2022-06-CENSUS-0000166019,X5QGNEC5ASH4,2022,2023-07-30,LHLGJTS4L8K8
2022-06-CENSUS-0000166019,X5QGNEC5ASH4,2022,2023-07-30,LHXMJL8CTNW5
2022-06-CENSUS-0000166019,X5QGNEC5ASH4,2022,2023-07-30,LN8JGXELC1S7
2022-06-CENSUS-0000166019,X5QGNEC5ASH4,2022,2023-07-30,LTJ5KLWZ8454
2022-06-CENSUS-0000166019,X5QGNEC5ASH4,2022,2023-07-30,MCB4BL7NBJ93
2022-06-CENSUS-0000166019,X5QGNEC5ASH4,2022,2023-07-30,NGCSBG4EVXQ3
2022-06-CENSUS-0000166019,X5QGNEC5ASH4,2022,2023-07-30,P9HEFDARXLL1
2022-06-CENSUS-0000166019,X5QGNEC5ASH4,2022,2023-07-30,QDMYJMEY6LN3
2022-06-CENSUS-0000166019,X5QGNEC5ASH4,2022,2023-07-30,QL58UJKQ8M78
2022-06-CENSUS-0000166019,X5QGNEC5ASH4,2022,2023-07-30,QP3HFE479SR2
2022-06-CENSUS-0000166019,X5QGNEC5ASH4,2022,2023-07-30,S8GLC83TXL96
2022-06-CENSUS-0000166019,X5QGNEC5ASH4,2022,2023-07-30,SBF4K4CNM1B8
2022-06-CENSUS-0000166019,X5QGNEC5ASH4,2022,2023-07-30,TN9MPDY9VJN1
2022-06-CENSUS-0000166019,X5QGNEC5ASH4,2022,2023-07-30,W1HKFSFD5Z65
2022-06-CENSUS-0000166019,X5QGNEC5ASH4,2022,2023-07-30,WCEBGL8BKHA3
2022-06-CENSUS-0000166019,X5QGNEC5ASH4,2022,2023-07-30,WLY6KK98DC93
2022-06-CENSUS-0000166019,X5QGNEC5ASH4,2022,2023-07-30,WT3KTTM9TU19
2022-06-CENSUS-0000166019,X5QGNEC5ASH4,2022,2023-07-30,XFRXK4ANCAG5
2022-06-CENSUS-0000166019,X5QGNEC5ASH4,2022,2023-07-30,XKMMGCKGMQC8
2022-06-CENSUS-0000244249,S9RMWPMZFKN1,2022,2023-01-17,PNMNNELBJ4Z1
2022-12-CENSUS-0000258664,SJHXZF89CLG5,2022,2023-08-06,QCJ3NPC7NZ41
2022-06-CENSUS-0000154669,N7LVKKH4FTK4,2022,2023-03-26,XR59Z8ZS7MA5
2022-12-CENSUS-0000166001,WB7KKAF3XZP1,2022,2023-09-28,NGRGG6D4ABU7
2022-06-CENSUS-0000245635,DKMDCB5HNBL7,2022,2023-03-21,Y7ZCB5ESFN27
2022-06-CENSUS-0000245635,DKMDCB5HNBL7,2022,2023-03-21,UFL7CAT49KJ3
2022-06-CENSUS-0000245635,DKMDCB5HNBL7,2022,2023-03-21,J1RCZHDJKBN5
2022-06-CENSUS-0000245635,DKMDCB5HNBL7,2022,2023-03-21,JTSAXC9FRZ24
2022-06-CENSUS-0000254628,RHA6ELF38JZ4,2022,2023-02-06,KU3JZFDQHXV8
2022-06-CENSUS-0000254628,RHA6ELF38JZ4,2022,2023-02-06,PP4ZXMSJWSJ7
2022-06-CENSUS-0000254628,RHA6ELF38JZ4,2022,2023-02-06,CAAEUNKFVNR8
2022-06-CENSUS-0000254628,RHA6ELF38JZ4,2022,2023-02-06,CPD9FMA7BGG5
2022-06-CENSUS-0000176079,WBKKQXHB6GJ5,2022,2023-05-16,G6GVZ2CU9ZR3
2022-06-CENSUS-0000014266,KMAHLN9YLNW9,2022,2023-03-30,S1PTDG88PKL3
2022-06-CENSUS-0000014266,KMAHLN9YLNW9,2022,2023-03-30,D2RNLDY6NKB7
2022-06-CENSUS-0000257196,CHW1WHB9MMZ5,2022,2023-02-27,L8CXQ22JKVC3
2022-06-CENSUS-0000192516,L4FACR9F6GK7,2022,2023-03-29,C4CJPXNY9F81
2022-06-CENSUS-0000192516,L4FACR9F6GK7,2022,2023-03-29,DBBKDE58TFT6
2022-06-CENSUS-0000192516,L4FACR9F6GK7,2022,2023-03-29,E7CWVQKE29B7
2022-06-CENSUS-0000192516,L4FACR9F6GK7,2022,2023-03-29,EMAQAGESAA51
2022-06-CENSUS-0000192516,L4FACR9F6GK7,2022,2023-03-29,G6ZMNLKUQXB1
2022-06-CENSUS-0000192516,L4FACR9F6GK7,2022,2023-03-29,HWPCZ1P4A2Y9
2022-06-CENSUS-0000192516,L4FACR9F6GK7,2022,2023-03-29,KEHKL6K4QVS6
2022-06-CENSUS-0000192516,L4FACR9F6GK7,2022,2023-03-29,NA1ZGSULWWE3
2022-06-CENSUS-0000192516,L4FACR9F6GK7,2022,2023-03-29,TNXUKLAJHM24
2022-06-CENSUS-0000192516,L4FACR9F6GK7,2022,2023-03-29,WKZGZF6SLZ93
2022-06-CENSUS-0000192516,L4FACR9F6GK7,2022,2023-03-29,R118KPMBKJD7
2022-09-CENSUS-0000004292,SKSBGBWWEJ95,2022,2023-04-20,X57LPZ4JJF35
2022-06-CENSUS-0000181003,LN53C9E23GH6,2022,2023-03-27,CG2KX9QW56M9
2022-12-CENSUS-0000231012,KSDFFG66ZVM9,2022,2023-09-27,E135W93LXCK7
2022-12-CENSUS-0000231012,KSDFFG66ZVM9,2022,2023-09-27,CGMNNLDTA4D3
2022-12-CENSUS-0000231012,KSDFFG66ZVM9,2022,2023-09-27,UZRJUFLBHMM8
2022-12-CENSUS-0000231012,KSDFFG66ZVM9,2022,2023-09-27,ZBKEF99EJCS3
2022-12-CENSUS-0000231012,KSDFFG66ZVM9,2022,2023-09-27,XHURJAJ7FLH3
2022-12-CENSUS-0000241730,CTKLWXNABFS5,2022,2023-09-25,ELT9VGM7Z9P5
2022-12-CENSUS-0000241730,CTKLWXNABFS5,2022,2023-09-25,KG8HGVGDJ5F7
2022-12-CENSUS-0000241730,CTKLWXNABFS5,2022,2023-09-25,PA5KECPXDCP6
2022-12-CENSUS-0000241730,CTKLWXNABFS5,2022,2023-09-25,NREJV4FJJGR7
2022-12-CENSUS-0000241730,CTKLWXNABFS5,2022,2023-09-25,N1TKPWA1VV53
2022-12-CENSUS-0000241730,CTKLWXNABFS5,2022,2023-09-25,WC2SZ3BUSFD5
2022-12-CENSUS-0000241730,CTKLWXNABFS5,2022,2023-09-25,J6VWEBJ6NEJ5
2022-12-CENSUS-0000241730,CTKLWXNABFS5,2022,2023-09-25,JQSHVNNS62X5
2022-12-CENSUS-0000241730,CTKLWXNABFS5,2022,2023-09-25,P6NHNFZRC745
2022-12-CENSUS-0000241730,CTKLWXNABFS5,2022,2023-09-25,Z9RKM4E1GZN3
2022-12-CENSUS-0000241730,CTKLWXNABFS5,2022,2023-09-25,N1WPFPQSHGC1
2022-12-CENSUS-0000241730,CTKLWXNABFS5,2022,2023-09-25,R9L5RCRSMRW5
2022-12-CENSUS-0000241730,CTKLWXNABFS5,2022,2023-09-25,SHHZKC2FW9J6
2022-12-CENSUS-0000241730,CTKLWXNABFS5,2022,2023-09-25,RRELQL52L855
2022-12-CENSUS-0000241730,CTKLWXNABFS5,2022,2023-09-25,RV5XJJ2AHWG8
2022-12-CENSUS-0000241730,CTKLWXNABFS5,2022,2023-09-25,R9BHXUXJ2KV5
2022-12-CENSUS-0000241730,CTKLWXNABFS5,2022,2023-09-25,NH3EX5BEJAP3
2022-06-CENSUS-0000142234,WBLRF8Z4BEF6,2022,2023-02-05,KU3ZKBMNEJL3
2022-12-CENSUS-0000253459,N8CBQXPLGSV7,2022,2023-06-20,CGRNKKYG3WD5
2022-12-CENSUS-0000253459,N8CBQXPLGSV7,2022,2023-06-20,DPPSYVDPNJC5
2022-12-CENSUS-0000253459,N8CBQXPLGSV7,2022,2023-06-20,HZ1SN2SFAC14
2022-12-CENSUS-0000253459,N8CBQXPLGSV7,2022,2023-06-20,DMXURHHKDF21
2022-12-CENSUS-0000251230,NM3TGGLKTNZ4,2022,2023-09-20,LY9HBL7LTVV7
2022-06-CENSUS-0000166019,X5QGNEC5ASH4,2022,2023-07-30,XXWDMK82FRX7
2022-06-CENSUS-0000166019,X5QGNEC5ASH4,2022,2023-07-30,YJCPBQZ2UGF1
2022-06-CENSUS-0000166019,X5QGNEC5ASH4,2022,2023-07-30,Z662E4VN4BK5
2022-06-CENSUS-0000188791,MN21X5JF9PK1,2022,2023-02-27,S7PTVM5875M7
2022-06-CENSUS-0000003418,DNE4CNM5GK36,2022,2023-02-07,DK3JTD6TN454
2022-06-CENSUS-0000003418,DNE4CNM5GK36,2022,2023-02-07,DH4ANH2725M6
2022-06-CENSUS-0000003418,DNE4CNM5GK36,2022,2023-02-07,JSZQB1GYGRK6
2022-06-CENSUS-0000003418,DNE4CNM5GK36,2022,2023-02-07,RYEYV6XML3M5
2022-06-CENSUS-0000003418,DNE4CNM5GK36,2022,2023-02-07,EHHHK7XJD7H5
2022-06-CENSUS-0000176105,N1TDGEMSHLU5,2022,2023-08-01,U484BNN6MJ25
2022-06-CENSUS-0000176105,N1TDGEMSHLU5,2022,2023-08-01,SR1RG44AAG29
2022-12-CENSUS-0000255044,F62FM996NDY7,2022,2023-09-27,F6KAEBG3AVB5
2022-12-CENSUS-0000208872,ZNJUDES1WDM2,2022,2023-09-10,WMCXQ5862LL7
2022-12-CENSUS-0000208872,ZNJUDES1WDM2,2022,2023-09-10,JFQ9LU5WVFE3
2022-12-CENSUS-0000208872,ZNJUDES1WDM2,2022,2023-09-10,E2NABN6J34F4
2022-12-CENSUS-0000208872,ZNJUDES1WDM2,2022,2023-09-10,C3UELNGTBQP6
2022-12-CENSUS-0000208872,ZNJUDES1WDM2,2022,2023-09-10,GM59LCKRVS34
2022-12-CENSUS-0000208872,ZNJUDES1WDM2,2022,2023-09-10,XBW6V38BFNU9
2022-12-CENSUS-0000208872,ZNJUDES1WDM2,2022,2023-09-10,G4FXL9E374R6
2022-12-CENSUS-0000208872,ZNJUDES1WDM2,2022,2023-09-10,DJ87X4NSATA6
2022-12-CENSUS-0000208872,ZNJUDES1WDM2,2022,2023-09-10,XAY5DDNTXWN1
2022-12-CENSUS-0000208872,ZNJUDES1WDM2,2022,2023-09-10,HZ5WYCBD1PZ9
2022-12-CENSUS-0000208872,ZNJUDES1WDM2,2022,2023-09-10,C8X2TYZKE6J6
2022-12-CENSUS-0000208872,ZNJUDES1WDM2,2022,2023-09-10,L8V4NPECZWN6
2022-12-CENSUS-0000208872,ZNJUDES1WDM2,2022,2023-09-10,UN5JG6NTLH97
2022-12-CENSUS-0000208872,ZNJUDES1WDM2,2022,2023-09-10,MFMNK2MH7P35
2022-12-CENSUS-0000208872,ZNJUDES1WDM2,2022,2023-09-10,MDWKK9611NV9
2022-12-CENSUS-0000208872,ZNJUDES1WDM2,2022,2023-09-10,CCN6SWJTWMD5
2022-12-CENSUS-0000208872,ZNJUDES1WDM2,2022,2023-09-10,Y9PHSEFM9XW6
2022-12-CENSUS-0000208872,ZNJUDES1WDM2,2022,2023-09-10,TQ99BQE5VF53
2022-12-CENSUS-0000208872,ZNJUDES1WDM2,2022,2023-09-10,K8P2BHNUVDY8
2022-12-CENSUS-0000208872,ZNJUDES1WDM2,2022,2023-09-10,DVLVWG6T31N6
2022-12-CENSUS-0000208872,ZNJUDES1WDM2,2022,2023-09-10,HKL5DP2YNFG5
2022-12-CENSUS-0000208872,ZNJUDES1WDM2,2022,2023-09-10,F89AZJBXL2D2
2022-12-CENSUS-0000208872,ZNJUDES1WDM2,2022,2023-09-10,KV2RSG9LCM65
2022-12-CENSUS-0000208872,ZNJUDES1WDM2,2022,2023-09-10,M59HN81QH7Q1
2022-12-CENSUS-0000208872,ZNJUDES1WDM2,2022,2023-09-10,GEFMGNN1J4C7
2022-12-CENSUS-0000208872,ZNJUDES1WDM2,2022,2023-09-10,KJGNAE2FNNH5
2022-12-CENSUS-0000208872,ZNJUDES1WDM2,2022,2023-09-10,NLFUGJ3XKNS9
2022-12-CENSUS-0000208872,ZNJUDES1WDM2,2022,2023-09-10,JYNZL1F52Y19
2022-12-CENSUS-0000208872,ZNJUDES1WDM2,2022,2023-09-10,J6MCL874XQ48
2022-12-CENSUS-0000208872,ZNJUDES1WDM2,2022,2023-09-10,LTDVPRK73CK1
2022-12-CENSUS-0000208872,ZNJUDES1WDM2,2022,2023-09-10,T76EG6419UY3
2022-12-CENSUS-0000248703,PBQRGJPJ7C95,2022,2023-09-14,JRRBC1NLANZ6
2022-12-CENSUS-0000253557,FYMXH7LRAX83,2022,2023-09-28,UK6NWJHYDCP4
2022-06-CENSUS-0000130503,H77GBPTJEPX3,2022,2023-03-07,MRK4DAH8ZF88
2022-06-CENSUS-0000130503,H77GBPTJEPX3,2022,2023-03-07,P9FMAEML8AK8
2022-06-CENSUS-0000130503,H77GBPTJEPX3,2022,2023-03-07,SGTWVJ3CTPM4
2022-06-CENSUS-0000130503,H77GBPTJEPX3,2022,2023-03-07,VG8BQP9ALFF9
2022-06-CENSUS-0000130503,H77GBPTJEPX3,2022,2023-03-07,RP51Z7GG2DJ5
2022-06-CENSUS-0000134596,J2LAM4VALLG4,2022,2023-01-30,VV2DY375QKL4
2022-06-CENSUS-0000134596,J2LAM4VALLG4,2022,2023-01-30,G778PXNSQXS4
2022-06-CENSUS-0000134596,J2LAM4VALLG4,2022,2023-01-30,VNJLF5M8XMD3
2022-06-CENSUS-0000150662,PYK7WKBV8DJ5,2022,2023-03-29,RM5YTPY4VK11
2022-06-CENSUS-0000150662,PYK7WKBV8DJ5,2022,2023-03-29,W6J6NATNK6J5
2022-06-CENSUS-0000150662,PYK7WKBV8DJ5,2022,2023-03-29,FGRMLANNMVR5
2022-06-CENSUS-0000150662,PYK7WKBV8DJ5,2022,2023-03-29,GN7RSED19W48
2022-06-CENSUS-0000150662,PYK7WKBV8DJ5,2022,2023-03-29,NZMMW61JQTC8
2022-06-CENSUS-0000150662,PYK7WKBV8DJ5,2022,2023-03-29,FFKFBWSX12E6
2022-06-CENSUS-0000150662,PYK7WKBV8DJ5,2022,2023-03-29,U12NSPK6E3J7
2022-06-CENSUS-0000150662,PYK7WKBV8DJ5,2022,2023-03-29,NDGJNKX6HVV4
2022-06-CENSUS-0000150662,PYK7WKBV8DJ5,2022,2023-03-29,JLMFSATW7L49
2022-06-CENSUS-0000150662,PYK7WKBV8DJ5,2022,2023-03-29,EKBRJK36FJM6
2022-06-CENSUS-0000150662,PYK7WKBV8DJ5,2022,2023-03-29,K36XUW21GZG3
2022-06-CENSUS-0000150662,PYK7WKBV8DJ5,2022,2023-03-29,EDLLT4JTNC64
2022-06-CENSUS-0000150662,PYK7WKBV8DJ5,2022,2023-03-29,W642L6XKV4A4
2022-06-CENSUS-0000150662,PYK7WKBV8DJ5,2022,2023-03-29,MY84UCCN9KU7
2022-06-CENSUS-0000150662,PYK7WKBV8DJ5,2022,2023-03-29,HMPJT7G2YKJ1
2022-06-CENSUS-0000150662,PYK7WKBV8DJ5,2022,2023-03-29,LKKVP5GP67A6
2022-06-CENSUS-0000150662,PYK7WKBV8DJ5,2022,2023-03-29,C24TZTEXR6Q3
2022-06-CENSUS-0000150662,PYK7WKBV8DJ5,2022,2023-03-29,DHQVY2WCVHC5
2022-06-CENSUS-0000150662,PYK7WKBV8DJ5,2022,2023-03-29,C9VSHGHNKGQ6
2022-06-CENSUS-0000150662,PYK7WKBV8DJ5,2022,2023-03-29,QGDQJ5B8ZU95
2022-06-CENSUS-0000150662,PYK7WKBV8DJ5,2022,2023-03-29,MGWFVJJ6DH75
2022-06-CENSUS-0000150662,PYK7WKBV8DJ5,2022,2023-03-29,J34ULGUQP9X3
2022-06-CENSUS-0000150662,PYK7WKBV8DJ5,2022,2023-03-29,QTD7J6JMYGH3
2022-06-CENSUS-0000150662,PYK7WKBV8DJ5,2022,2023-03-29,P8KLNW15LAQ2
2022-06-CENSUS-0000150662,PYK7WKBV8DJ5,2022,2023-03-29,VC5JKKGQR9L7
2022-06-CENSUS-0000150662,PYK7WKBV8DJ5,2022,2023-03-29,S9G2F91HLXM7
2022-06-CENSUS-0000150662,PYK7WKBV8DJ5,2022,2023-03-29,NMJCV5EJNVA8
2022-06-CENSUS-0000150662,PYK7WKBV8DJ5,2022,2023-03-29,M5FUE2N6U6S3
2022-06-CENSUS-0000150662,PYK7WKBV8DJ5,2022,2023-03-29,Z8F8LDJUJ2W3
2022-06-CENSUS-0000150662,PYK7WKBV8DJ5,2022,2023-03-29,JZWMTW5E9R62
2022-06-CENSUS-0000150662,PYK7WKBV8DJ5,2022,2023-03-29,DZ7JQJU4BTA1
2022-06-CENSUS-0000150662,PYK7WKBV8DJ5,2022,2023-03-29,CNLPHNANKEN7
2022-06-CENSUS-0000150662,PYK7WKBV8DJ5,2022,2023-03-29,VBRKNZ9E3Q11
2022-06-CENSUS-0000150662,PYK7WKBV8DJ5,2022,2023-03-29,JL4EX4R4A647
2022-12-CENSUS-0000148727,FGQYA2KMEK67,2022,2023-06-26,PMDGJJRLGSJ6
2022-12-CENSUS-0000148727,FGQYA2KMEK67,2022,2023-06-26,NZWAZ3TXKEP7
2022-12-CENSUS-0000148727,FGQYA2KMEK67,2022,2023-06-26,G3WYLHXCM8F6
2022-12-CENSUS-0000192134,U7JXEP59E8U6,2022,2023-08-24,E98NRMYNV8L8
2022-12-CENSUS-0000228410,LTNCJ3JD2CV5,2022,2023-04-12,PNWUDENM5K35
2022-06-CENSUS-0000211252,MNFNT7LJ22A1,2022,2023-01-09,NMGFMCSNA7N4
2022-06-CENSUS-0000211252,MNFNT7LJ22A1,2022,2023-01-09,FKFRT5ZH4D97
2022-06-CENSUS-0000211252,MNFNT7LJ22A1,2022,2023-01-09,LZM8ZUQF2ED4
2022-06-CENSUS-0000211252,MNFNT7LJ22A1,2022,2023-01-09,LD3JKNCDT9L7
2022-06-CENSUS-0000156524,EZL5WZMKU9M4,2022,2023-03-07,LER9LGBJQNM7
2022-07-CENSUS-0000237817,MNC8ERH5B5A8,2022,2023-01-15,CCAGM9YFQ1V4
2022-06-CENSUS-0000205726,GB9NVW4QNBA6,2022,2023-03-30,L27FLK9QNTL5
2022-06-CENSUS-0000205726,GB9NVW4QNBA6,2022,2023-03-30,ENJ2RVSQ3E91
2022-06-CENSUS-0000205726,GB9NVW4QNBA6,2022,2023-03-30,FZ1FRR3KKX98
2022-06-CENSUS-0000205726,GB9NVW4QNBA6,2022,2023-03-30,UNWKTBSEJSL9
2022-06-CENSUS-0000205726,GB9NVW4QNBA6,2022,2023-03-30,D2BHRKSY27Q8
2022-06-CENSUS-0000205726,GB9NVW4QNBA6,2022,2023-03-30,HS95EGD758N1
2022-06-CENSUS-0000205726,GB9NVW4QNBA6,2022,2023-03-30,J6ACWN6NNCZ9
2022-06-CENSUS-0000205726,GB9NVW4QNBA6,2022,2023-03-30,NKKJJKBH5K57
2022-06-CENSUS-0000205726,GB9NVW4QNBA6,2022,2023-03-30,WMLSE11N8M64
2022-06-CENSUS-0000205726,GB9NVW4QNBA6,2022,2023-03-30,PNNDTSAKXZB9
2022-06-CENSUS-0000205726,GB9NVW4QNBA6,2022,2023-03-30,T5RLA1EARY98
2022-06-CENSUS-0000205726,GB9NVW4QNBA6,2022,2023-03-30,GXE6YY6MQ3F9
2022-06-CENSUS-0000205726,GB9NVW4QNBA6,2022,2023-03-30,QY73BJJ5KSY1
2022-06-CENSUS-0000205726,GB9NVW4QNBA6,2022,2023-03-30,JK5XX9EQJPG3
2022-06-CENSUS-0000205726,GB9NVW4QNBA6,2022,2023-03-30,CLK5X494J1C6
2022-09-CENSUS-0000244798,MREQZTLUYLY9,2022,2023-06-12,NVYYD5SXNL94
2022-09-CENSUS-0000244798,MREQZTLUYLY9,2022,2023-06-12,R6FRLK2MGAW4
2022-09-CENSUS-0000244798,MREQZTLUYLY9,2022,2023-06-12,C19BQ5PQBES1
2022-09-CENSUS-0000244798,MREQZTLUYLY9,2022,2023-06-12,EJQUN55B8ER1
2022-09-CENSUS-0000244798,MREQZTLUYLY9,2022,2023-06-12,YAZ3CN94XWL5
2022-09-CENSUS-0000244798,MREQZTLUYLY9,2022,2023-06-12,RJVNGLN36265
2022-09-CENSUS-0000244798,MREQZTLUYLY9,2022,2023-06-12,VJKEWGX3C173
2022-12-CENSUS-0000247573,TD92Q57QB4L8,2022,2023-08-14,FQJKZN46LGF6
2022-12-CENSUS-0000247573,TD92Q57QB4L8,2022,2023-08-14,N19GCBW7P238
2022-12-CENSUS-0000247573,TD92Q57QB4L8,2022,2023-08-14,EVTHK2CFJ1J4
2022-12-CENSUS-0000247573,TD92Q57QB4L8,2022,2023-08-14,D7CUMTMKKR39
2022-06-CENSUS-0000134218,DKALSBYGYDU4,2022,2023-02-02,J9WKYDSTPHN9
2022-06-CENSUS-0000146614,M9K7NSGQXGB8,2022,2023-01-31,FLRKXDGP8MW3
2022-06-CENSUS-0000146614,M9K7NSGQXGB8,2022,2023-01-31,KSPJBCH68M95
2022-06-CENSUS-0000257443,XCKBADL4FXP8,2022,2023-03-21,LNEEDQ39NYM3
2022-11-CENSUS-0000191887,HFEFPN1L2US5,2022,2023-07-10,MB1MP23XLXD8
2022-11-CENSUS-0000191887,HFEFPN1L2US5,2022,2023-07-10,TAQGTNNU9YC3
2022-11-CENSUS-0000191887,HFEFPN1L2US5,2022,2023-07-10,C8NTUTN1FPJ4
2022-11-CENSUS-0000191887,HFEFPN1L2US5,2022,2023-07-10,F6T8N7J3EQ14
2022-11-CENSUS-0000191887,HFEFPN1L2US5,2022,2023-07-10,T95LE61PJEY1
2022-11-CENSUS-0000191887,HFEFPN1L2US5,2022,2023-07-10,J3B6H4GXLKN4
2022-11-CENSUS-0000191887,HFEFPN1L2US5,2022,2023-07-10,QBHPT6LKE8J2
2022-11-CENSUS-0000191887,HFEFPN1L2US5,2022,2023-07-10,X21WGXWNFJZ5
2022-11-CENSUS-0000191887,HFEFPN1L2US5,2022,2023-07-10,VZTEWZDGT875
2022-11-CENSUS-0000191887,HFEFPN1L2US5,2022,2023-07-10,LYZLWX2KBKE5
2022-11-CENSUS-0000191887,HFEFPN1L2US5,2022,2023-07-10,CF2TK25VT7S5
2022-11-CENSUS-0000191887,HFEFPN1L2US5,2022,2023-07-10,ZRMGKPNJQGK5
2022-11-CENSUS-0000191887,HFEFPN1L2US5,2022,2023-07-10,JCELNK4L3PA4
2022-11-CENSUS-0000191887,HFEFPN1L2US5,2022,2023-07-10,HBHKCNYDEV37
2022-06-CENSUS-0000033619,HK2QL6YXLEK4,2022,2023-02-28,NSNHVVMXHFY1
2022-06-CENSUS-0000033619,HK2QL6YXLEK4,2022,2023-02-28,KPKMKK3GR615
2022-06-CENSUS-0000013905,WUS2DMCT5RG7,2022,2023-03-30,QHQSJ9VLDES6
2022-12-CENSUS-0000199737,HYQKKGCH7XZ5,2022,2023-09-28,NBMCBM2JMM48
2022-06-CENSUS-0000176062,J1E5G4HF2SJ5,2022,2023-01-09,WM3ZZ14YKE57
2022-06-CENSUS-0000205726,GB9NVW4QNBA6,2022,2023-03-30,FR5BB92W66G7
2022-06-CENSUS-0000205726,GB9NVW4QNBA6,2022,2023-03-30,FSLMKYCK6L15
2022-06-CENSUS-0000205726,GB9NVW4QNBA6,2022,2023-03-30,NWLHUNJ1VNJ7
2022-06-CENSUS-0000205726,GB9NVW4QNBA6,2022,2023-03-30,PPRMFD4LJKM8
2022-06-CENSUS-0000205726,GB9NVW4QNBA6,2022,2023-03-30,YYC9GVZ15RJ5
2022-06-CENSUS-0000205726,GB9NVW4QNBA6,2022,2023-03-30,NVTMRN95BFR8
2022-06-CENSUS-0000205726,GB9NVW4QNBA6,2022,2023-03-30,CNXBXKNAFMK7
2022-06-CENSUS-0000205726,GB9NVW4QNBA6,2022,2023-03-30,J9LCS46FFWD8
2022-06-CENSUS-0000205726,GB9NVW4QNBA6,2022,2023-03-30,EJN2Z1HNNXE5
2022-06-CENSUS-0000205726,GB9NVW4QNBA6,2022,2023-03-30,N49AQDC134U7
2022-06-CENSUS-0000205726,GB9NVW4QNBA6,2022,2023-03-30,S8P2GMQTVHH6
2022-06-CENSUS-0000205726,GB9NVW4QNBA6,2022,2023-03-30,JZSKU4JJ1J49
2022-06-CENSUS-0000205726,GB9NVW4QNBA6,2022,2023-03-30,DGM7X9AZQ453
2022-06-CENSUS-0000205726,GB9NVW4QNBA6,2022,2023-03-30,FDMRVLMPAEN1
2022-06-CENSUS-0000205726,GB9NVW4QNBA6,2022,2023-03-30,QNVULR7VX3G9
2022-06-CENSUS-0000205726,GB9NVW4QNBA6,2022,2023-03-30,GUXYVFMKEU48
2022-06-CENSUS-0000205726,GB9NVW4QNBA6,2022,2023-03-30,RB15L63MFYL5
2022-06-CENSUS-0000205726,GB9NVW4QNBA6,2022,2023-03-30,QXE4V2RSGRN8
2022-06-CENSUS-0000205726,GB9NVW4QNBA6,2022,2023-03-30,DWCJQAN8GYE7
2022-06-CENSUS-0000205726,GB9NVW4QNBA6,2022,2023-03-30,VLDFRFEWS9W3
2022-06-CENSUS-0000205726,GB9NVW4QNBA6,2022,2023-03-30,EMBTTWB4LLN5
2022-06-CENSUS-0000205726,GB9NVW4QNBA6,2022,2023-03-30,S15NNT9NAA58
2022-06-CENSUS-0000205726,GB9NVW4QNBA6,2022,2023-03-30,KHJKNZTNDLZ2
2022-06-CENSUS-0000222035,QYLXERHDAQL4,2022,2023-06-29,XKF9XALWJZ35
2022-06-CENSUS-0000222035,QYLXERHDAQL4,2022,2023-06-29,L238X8ENYYJ5
2022-06-CENSUS-0000222035,QYLXERHDAQL4,2022,2023-06-29,PZ3NPA952JY8
2022-06-CENSUS-0000222035,QYLXERHDAQL4,2022,2023-06-29,LMJHH55FKJM6
2022-06-CENSUS-0000222035,QYLXERHDAQL4,2022,2023-06-29,HEA7JG4U6GD3
2022-06-CENSUS-0000222035,QYLXERHDAQL4,2022,2023-06-29,LLLYTJ6LYD21
2022-09-CENSUS-0000230423,GAPPWM4B92A8,2022,2023-03-06,LXEJEU58YZG6
2022-09-CENSUS-0000230423,GAPPWM4B92A8,2022,2023-03-06,NPXGTX5G5C74
2022-09-CENSUS-0000230423,GAPPWM4B92A8,2022,2023-03-06,VUYJL5Q7YCZ3
2022-09-CENSUS-0000230423,GAPPWM4B92A8,2022,2023-03-06,PAT8PGPNKMY3
2022-09-CENSUS-0000230423,GAPPWM4B92A8,2022,2023-03-06,FLLUUG9KN7B9
2022-09-CENSUS-0000230423,GAPPWM4B92A8,2022,2023-03-06,LNHWAAHJMK51
2022-09-CENSUS-0000230423,GAPPWM4B92A8,2022,2023-03-06,DBA7CH2JH793
2022-09-CENSUS-0000230423,GAPPWM4B92A8,2022,2023-03-06,H1MYY6JNZ6B5
2022-09-CENSUS-0000230423,GAPPWM4B92A8,2022,2023-03-06,CF9KAZ9GXJU7
2022-09-CENSUS-0000230423,GAPPWM4B92A8,2022,2023-03-06,XCSCUECBZ191
2022-09-CENSUS-0000172285,U4TZHD1RNTC7,2022,2023-04-02,KKZ6CZML6VW6
2022-09-CENSUS-0000172285,U4TZHD1RNTC7,2022,2023-04-02,EUHQHSE5GCQ5
2022-06-CENSUS-0000255253,MXSWAD8KX6W7,2022,2023-04-18,MXEDB1AKDBG3
2022-06-CENSUS-0000251362,ENE1TMGDFKL8,2022,2023-03-30,DCF9LKR11NQ8
2022-06-CENSUS-0000134156,GPW4UYVHH8M8,2022,2023-02-14,KJGLBEN9DKP9
2022-06-CENSUS-0000134156,GPW4UYVHH8M8,2022,2023-02-14,WAMMJDVL46B1
2022-06-CENSUS-0000134156,GPW4UYVHH8M8,2022,2023-02-14,YXNNRRL7H3K9
2022-06-CENSUS-0000144796,V7MAKBE1MCL7,2022,2023-01-23,KM86MSTMQ7Q6
2022-06-CENSUS-0000144796,V7MAKBE1MCL7,2022,2023-01-23,JWA2YKXCWKQ3
2022-06-CENSUS-0000134122,KBQWP4JGA355,2022,2023-03-02,EXADD8M6FHH6
2022-06-CENSUS-0000134122,KBQWP4JGA355,2022,2023-03-02,NTHNZJDZ9E16
2022-06-CENSUS-0000134122,KBQWP4JGA355,2022,2023-03-02,DGP6MLKMMHF6
2022-06-CENSUS-0000134122,KBQWP4JGA355,2022,2023-03-02,JRSNN2RBANE4
2022-12-CENSUS-0000142653,L6ZNAJG7KK43,2022,2023-09-12,G8KLNHLCKFQ8
2022-06-CENSUS-0000039823,QJCCSURJ6DG5,2022,2023-01-04,YSP5J1QA1HS7
2022-12-CENSUS-0000248703,PBQRGJPJ7C95,2022,2023-09-14,DZE4HCNB7DE3
2022-12-CENSUS-0000248703,PBQRGJPJ7C95,2022,2023-09-14,E1CFJBKKV2M4
2022-12-CENSUS-0000248703,PBQRGJPJ7C95,2022,2023-09-14,XBRUM5D13L55
2022-12-CENSUS-0000177897,C19EEV7YZFK4,2022,2023-09-26,WTMUFD19V216
2022-12-CENSUS-0000230014,PKS5Q5LA3HA4,2022,2023-06-22,TBA4JXAABDH9
2022-12-CENSUS-0000254075,WRALFRBUY9K3,2022,2023-06-27,DAYQZBC95HH5
2022-06-CENSUS-0000230452,R27BFZLMN4R8,2022,2023-01-08,SV9FM2MNNU48
2022-12-CENSUS-0000098571,GBPMHQM2SRL3,2022,2023-06-27,DBNCEGGB1ER7
2022-12-CENSUS-0000098571,GBPMHQM2SRL3,2022,2023-06-27,N6PBMQTKMFR5
2022-12-CENSUS-0000098571,GBPMHQM2SRL3,2022,2023-06-27,DK9HMCH8L3W8
2022-12-CENSUS-0000098571,GBPMHQM2SRL3,2022,2023-06-27,C1NPWNR4RMP5
2022-12-CENSUS-0000098571,GBPMHQM2SRL3,2022,2023-06-27,K3FSAXCACBJ9
2022-12-CENSUS-0000098571,GBPMHQM2SRL3,2022,2023-06-27,C2ANKJ13W981
2022-12-CENSUS-0000098571,GBPMHQM2SRL3,2022,2023-06-27,KFFNBKJH3AU3
2022-12-CENSUS-0000046707,JYFBW9MH1RA5,2022,2023-06-20,JKS2CYHJRGY4
2022-06-CENSUS-0000171364,DK5SDEYN9C43,2022,2023-02-05,NVBKMXTQ1P35
2022-06-CENSUS-0000257253,TP7AHLM1Y4G8,2022,2023-03-02,RB9KCNJGE2T3
2022-12-CENSUS-0000216833,J5TRL7GBE353,2022,2023-06-20,LVWYD9SJWRC3
2022-12-CENSUS-0000216833,J5TRL7GBE353,2022,2023-06-20,J1KPH4Z9PUR6
2022-09-CENSUS-0000148749,DTBXEKS2BQE4,2022,2023-03-28,XH5BRHH5NZQ9
2022-09-CENSUS-0000148749,DTBXEKS2BQE4,2022,2023-03-28,US1JQK8NSMB1
2022-06-CENSUS-0000136802,LQP5GH5CQKJ7,2022,2023-01-09,GK7KWESA8AP2
2022-06-CENSUS-0000250349,JEH9LUTAHPQ1,2022,2023-03-30,JMBWKU9KJXH6
2022-06-CENSUS-0000250349,JEH9LUTAHPQ1,2022,2023-03-30,LDGQZS26EHH7
2022-06-CENSUS-0000177452,LTE8MG4PPJ15,2022,2023-02-13,JM38HGE3MTS9
2022-06-CENSUS-0000177452,LTE8MG4PPJ15,2022,2023-02-13,CJPMGYMS6AN7
2022-06-CENSUS-0000177452,LTE8MG4PPJ15,2022,2023-02-13,D9QGNCAPHK57
2022-06-CENSUS-0000177452,LTE8MG4PPJ15,2022,2023-02-13,DNFLJHEBU9N5
2022-06-CENSUS-0000177452,LTE8MG4PPJ15,2022,2023-02-13,E3BRZETGNVL8
2022-06-CENSUS-0000177452,LTE8MG4PPJ15,2022,2023-02-13,E3CJBWC4KGX1
2022-06-CENSUS-0000177452,LTE8MG4PPJ15,2022,2023-02-13,EME7JP4J8M13
2022-06-CENSUS-0000177452,LTE8MG4PPJ15,2022,2023-02-13,FELXNALJUEL9
2022-06-CENSUS-0000177452,LTE8MG4PPJ15,2022,2023-02-13,FR6NQJ9ZBJ47
2022-06-CENSUS-0000177452,LTE8MG4PPJ15,2022,2023-02-13,FUJWSRFCVHU7
2022-06-CENSUS-0000177452,LTE8MG4PPJ15,2022,2023-02-13,GQCPEH86FCV4
2022-06-CENSUS-0000177452,LTE8MG4PPJ15,2022,2023-02-13,GWBSD1ZN3HT5
2022-06-CENSUS-0000177452,LTE8MG4PPJ15,2022,2023-02-13,H61MMPFVEP23
2022-06-CENSUS-0000177452,LTE8MG4PPJ15,2022,2023-02-13,HW27BCYK5BK8
2022-06-CENSUS-0000177452,LTE8MG4PPJ15,2022,2023-02-13,JBMUKQPM2956
2022-06-CENSUS-0000177452,LTE8MG4PPJ15,2022,2023-02-13,JN2AZKNT44A5
2022-06-CENSUS-0000177452,LTE8MG4PPJ15,2022,2023-02-13,JVHQWVE2SZE6
2022-06-CENSUS-0000177452,LTE8MG4PPJ15,2022,2023-02-13,K9WGXCYCL619
2022-06-CENSUS-0000177452,LTE8MG4PPJ15,2022,2023-02-13,KMR6NPWWM1G4
2022-06-CENSUS-0000177452,LTE8MG4PPJ15,2022,2023-02-13,KRU6Z2JHFTL4
2022-06-CENSUS-0000177452,LTE8MG4PPJ15,2022,2023-02-13,LB2VNWUB7A89
2022-06-CENSUS-0000177452,LTE8MG4PPJ15,2022,2023-02-13,LPJTDS1K9SV3
2022-06-CENSUS-0000177452,LTE8MG4PPJ15,2022,2023-02-13,LQNJJLNNG3R4
2022-06-CENSUS-0000177452,LTE8MG4PPJ15,2022,2023-02-13,LT6GBAABUG33
2022-06-CENSUS-0000177452,LTE8MG4PPJ15,2022,2023-02-13,M5LEUCNRQHR9
2022-06-CENSUS-0000177452,LTE8MG4PPJ15,2022,2023-02-13,M89CSG1MC155
2022-06-CENSUS-0000177452,LTE8MG4PPJ15,2022,2023-02-13,M8TWKMBJLM45
2022-06-CENSUS-0000177452,LTE8MG4PPJ15,2022,2023-02-13,MNL4D3VQUWA5
2022-06-CENSUS-0000177452,LTE8MG4PPJ15,2022,2023-02-13,N5MWHJMNSNU9
2022-06-CENSUS-0000177452,LTE8MG4PPJ15,2022,2023-02-13,NG22SMM6Y8Q2
2022-06-CENSUS-0000177452,LTE8MG4PPJ15,2022,2023-02-13,PMYJGQJ33KQ7
2022-06-CENSUS-0000177452,LTE8MG4PPJ15,2022,2023-02-13,QVJ1D41Y3X77
2022-06-CENSUS-0000177452,LTE8MG4PPJ15,2022,2023-02-13,R8SKRPMGSQ16
2022-06-CENSUS-0000177452,LTE8MG4PPJ15,2022,2023-02-13,R9BKAALC8MQ7
2022-06-CENSUS-0000177452,LTE8MG4PPJ15,2022,2023-02-13,RJB5GKJBUY15
2022-06-CENSUS-0000177452,LTE8MG4PPJ15,2022,2023-02-13,RMF9JGWMKVB6
2022-06-CENSUS-0000177452,LTE8MG4PPJ15,2022,2023-02-13,SEAGDY4WNGR9
2022-06-CENSUS-0000177452,LTE8MG4PPJ15,2022,2023-02-13,SH2ZG4JDQER7
2022-06-CENSUS-0000177452,LTE8MG4PPJ15,2022,2023-02-13,SMZLQ48FEJF4
2022-06-CENSUS-0000177452,LTE8MG4PPJ15,2022,2023-02-13,T12JF6NUMLL7
2022-06-CENSUS-0000177452,LTE8MG4PPJ15,2022,2023-02-13,T6YUD8W7T5N1
2022-06-CENSUS-0000177452,LTE8MG4PPJ15,2022,2023-02-13,W7XSVMLURRT1
2022-06-CENSUS-0000177452,LTE8MG4PPJ15,2022,2023-02-13,W8BACHNAKH59
2022-06-CENSUS-0000177452,LTE8MG4PPJ15,2022,2023-02-13,WFHFU5L1QFW6
2022-06-CENSUS-0000177452,LTE8MG4PPJ15,2022,2023-02-13,WSY2MA98PN81
2022-06-CENSUS-0000177452,LTE8MG4PPJ15,2022,2023-02-13,YGHBQKE3Z939
2022-06-CENSUS-0000177452,LTE8MG4PPJ15,2022,2023-02-13,YGKML3DH5AB5
2022-06-CENSUS-0000177452,LTE8MG4PPJ15,2022,2023-02-13,Z9M6SKBQE4J5
2022-06-CENSUS-0000177452,LTE8MG4PPJ15,2022,2023-02-13,ZTCPELFB6M84
2022-06-CENSUS-0000185089,F98FJ5A5YTB5,2022,2023-02-08,SRANJJSMUUR7
2022-12-CENSUS-0000254897,MWYYKBPDE9C8,2022,2023-09-20,QKHKFDTLSKJ8
2022-12-CENSUS-0000254897,MWYYKBPDE9C8,2022,2023-09-20,W6DSKTU1JJE9
2022-09-CENSUS-0000111829,VD5NKA95LP99,2022,2023-06-20,FNCLUN8K79L7
2022-09-CENSUS-0000111829,VD5NKA95LP99,2022,2023-06-20,TN16FH6L9JM7
2022-09-CENSUS-0000111829,VD5NKA95LP99,2022,2023-06-20,E3VLSZDSLMB1
2022-09-CENSUS-0000111829,VD5NKA95LP99,2022,2023-06-20,PLBGMJ9MLL17
2022-09-CENSUS-0000111829,VD5NKA95LP99,2022,2023-06-20,DSRJQVP87X75
2022-08-CENSUS-0000201954,LHMWC3PZ8KK3,2022,2023-06-29,HE66HHDNUKA4
2022-06-CENSUS-0000257690,SWZ3RUR1S6C5,2022,2023-03-29,D9W5YKG3HWN7
2022-09-CENSUS-0000191697,N4XZJLJ9AVM1,2022,2023-06-29,C6JKH1G68UP3
2022-12-CENSUS-0000222227,LGKUM8LEH549,2022,2023-09-28,CTJKU6CK6AJ4
2022-12-CENSUS-0000196710,VA6BN9SANQJ4,2022,2023-09-11,CKJ9SLKLHZP5
2022-08-CENSUS-0000060036,EM7PFJBH81E1,2022,2023-05-29,J4CNNNLK86J1
2022-12-CENSUS-0000254703,EAKDVASD5HJ7,2022,2023-09-19,HS8YGAVWL2K5
2022-09-CENSUS-0000172959,LF2UCH3R6SW3,2022,2023-03-22,KH74LDD1HJN7
2022-12-CENSUS-0000255067,WLHJMU7MTNF1,2022,2023-09-28,QQQDK59HZ776
2022-09-CENSUS-0000183723,JCYWB9P24E43,2022,2023-06-25,DTWPXPKRDXU3
2022-09-CENSUS-0000183723,JCYWB9P24E43,2022,2023-06-25,HN2PUM8LWEQ1
2022-06-CENSUS-0000181790,SHMTBW88LZB5,2022,2023-01-12,M3KHEEYRM1S6
2022-06-CENSUS-0000181790,SHMTBW88LZB5,2022,2023-01-12,ZA7MWKL4UQC9
2022-06-CENSUS-0000181790,SHMTBW88LZB5,2022,2023-01-12,GCXVRTR45RE1
2022-06-CENSUS-0000253476,MJJMRGKSTJG8,2022,2023-04-26,G9XFSDSNAJ27
2022-06-CENSUS-0000003008,DUPLNNK6N5P1,2022,2023-01-03,NXF7MQ74CJ96
2022-06-CENSUS-0000003008,DUPLNNK6N5P1,2022,2023-01-03,WE3J9U1LTGV8
2022-06-CENSUS-0000003008,DUPLNNK6N5P1,2022,2023-01-03,EVCCUCWBVNJ9
2022-06-CENSUS-0000003008,DUPLNNK6N5P1,2022,2023-01-03,DFUMFWLVLBK8
2022-06-CENSUS-0000166035,QXHCJPASDAW3,2022,2023-02-05,S4WZB7E3F9T8
2022-06-CENSUS-0000166035,QXHCJPASDAW3,2022,2023-02-05,HTJRCB1LNNG4
2022-06-CENSUS-0000166035,QXHCJPASDAW3,2022,2023-02-05,KNQUWHANENL7
2022-06-CENSUS-0000166035,QXHCJPASDAW3,2022,2023-02-05,G6BHSFR4EP76
2022-06-CENSUS-0000166035,QXHCJPASDAW3,2022,2023-02-05,HTJCM3786G53
2022-12-CENSUS-0000148966,X441PAK5LL66,2022,2023-07-24,CPB6K9YLZ675
2022-12-CENSUS-0000148966,X441PAK5LL66,2022,2023-07-24,X554X6NN4ZH5
2022-06-CENSUS-0000197242,VXS8VFJNNSL4,2022,2023-03-23,VBRHTM9TFT63
2022-06-CENSUS-0000197242,VXS8VFJNNSL4,2022,2023-03-23,XADDKB5T2383
2022-06-CENSUS-0000197242,VXS8VFJNNSL4,2022,2023-03-23,QCUGCS83U2G1
2022-06-CENSUS-0000197242,VXS8VFJNNSL4,2022,2023-03-23,UF86J2L7SEU9
2022-12-CENSUS-0000224324,FGMCJDJRLFB1,2022,2023-05-17,X49JDAE3PE73
2022-12-CENSUS-0000224324,FGMCJDJRLFB1,2022,2023-05-17,KF33B4EZQ487
2022-06-CENSUS-0000171388,QPYDRFVHLLT4,2022,2023-02-09,LB3DLKQRKPF5
2022-09-CENSUS-0000186071,QPVTGH1TLF49,2022,2023-06-25,VKBMFB64QEK7
2022-09-CENSUS-0000253454,SK4NKLFU5C69,2022,2023-02-22,D1M1L4FL59T5
2022-12-CENSUS-0000217432,S39WRD889FF3,2022,2023-09-28,NQVSHKNEZ5C3
2022-12-CENSUS-0000217432,S39WRD889FF3,2022,2023-09-28,JZ9NUUZU3UW8
2022-12-CENSUS-0000217432,S39WRD889FF3,2022,2023-09-28,FJWLMDEML1Y1
2022-12-CENSUS-0000217432,S39WRD889FF3,2022,2023-09-28,FJCHFWKRQ8X8
2022-12-CENSUS-0000217432,S39WRD889FF3,2022,2023-09-28,TCKMETL21HM4
2022-12-CENSUS-0000217432,S39WRD889FF3,2022,2023-09-28,XBTJF6RC9C86
2022-12-CENSUS-0000217432,S39WRD889FF3,2022,2023-09-28,WZZUX3DS8T38
2022-12-CENSUS-0000217432,S39WRD889FF3,2022,2023-09-28,F4PLJHGBN8M3
2022-12-CENSUS-0000217432,S39WRD889FF3,2022,2023-09-28,VHBTGCNZEE56
2022-12-CENSUS-0000217432,S39WRD889FF3,2022,2023-09-28,KA3UNNL3MW33
2022-12-CENSUS-0000217432,S39WRD889FF3,2022,2023-09-28,XL3DHKCG9L23
2022-12-CENSUS-0000217432,S39WRD889FF3,2022,2023-09-28,UCR8ZKDQQ7V1
2022-06-CENSUS-0000253579,ZNTFAN44QJB6,2022,2023-03-30,ZPP7E1J9RBS3
2022-06-CENSUS-0000253579,ZNTFAN44QJB6,2022,2023-03-30,ZQ47U4NRDLL3
2022-06-CENSUS-0000253579,ZNTFAN44QJB6,2022,2023-03-30,UXGEADS1FM37
2022-06-CENSUS-0000176059,TPZ1LFKHD466,2022,2023-01-03,L7XPLUZKDH99
2022-06-CENSUS-0000176282,TCBYNW2JXJ17,2022,2023-03-30,NBFNAEXRHD76
2022-06-CENSUS-0000175887,SN41W3MGWGV3,2022,2023-03-13,C2Q4AWJ8N985
2022-06-CENSUS-0000175887,SN41W3MGWGV3,2022,2023-03-13,C8AGKZMW72K1
2022-06-CENSUS-0000175887,SN41W3MGWGV3,2022,2023-03-13,CAANRR7SCCK9
2022-06-CENSUS-0000175887,SN41W3MGWGV3,2022,2023-03-13,CGJLLLCCKUM1
2022-06-CENSUS-0000175887,SN41W3MGWGV3,2022,2023-03-13,CMBSGK6P7BE1
2022-06-CENSUS-0000175887,SN41W3MGWGV3,2022,2023-03-13,CSLPDV279GJ3
2022-06-CENSUS-0000175887,SN41W3MGWGV3,2022,2023-03-13,CSWDK6PAJS49
2022-06-CENSUS-0000175887,SN41W3MGWGV3,2022,2023-03-13,CTRNP6KH7FN7
2022-06-CENSUS-0000175887,SN41W3MGWGV3,2022,2023-03-13,D2VQKGEAKLB4
2022-06-CENSUS-0000175887,SN41W3MGWGV3,2022,2023-03-13,D6BJGB47V9B5
2022-06-CENSUS-0000175887,SN41W3MGWGV3,2022,2023-03-13,D6LZSY4K2KZ7
2022-06-CENSUS-0000175887,SN41W3MGWGV3,2022,2023-03-13,DGZJDGJ43KE7
2022-06-CENSUS-0000175887,SN41W3MGWGV3,2022,2023-03-13,DLMBTKLX32U2
2022-06-CENSUS-0000175887,SN41W3MGWGV3,2022,2023-03-13,DWRPKNKBRW55
2022-06-CENSUS-0000175887,SN41W3MGWGV3,2022,2023-03-13,DZANUC4GRMG1
2022-06-CENSUS-0000175887,SN41W3MGWGV3,2022,2023-03-13,DZMYT7D3UYR5
2022-06-CENSUS-0000175887,SN41W3MGWGV3,2022,2023-03-13,E5QRM5Y85LT8
2022-06-CENSUS-0000175887,SN41W3MGWGV3,2022,2023-03-13,EADLFP7Z72E5
2022-06-CENSUS-0000175887,SN41W3MGWGV3,2022,2023-03-13,EEANYQ57DBZ9
2022-06-CENSUS-0000175887,SN41W3MGWGV3,2022,2023-03-13,EK1RNFKF75G3
2022-06-CENSUS-0000175887,SN41W3MGWGV3,2022,2023-03-13,ELA9KB9GJCN8
2022-06-CENSUS-0000175887,SN41W3MGWGV3,2022,2023-03-13,ELXLUPKSNBY5
2022-06-CENSUS-0000175887,SN41W3MGWGV3,2022,2023-03-13,EMU7L25FKNE9
2022-06-CENSUS-0000175887,SN41W3MGWGV3,2022,2023-03-13,ESSRCHJ1KQ27
2022-06-CENSUS-0000175887,SN41W3MGWGV3,2022,2023-03-13,EVGUCTEADA28
2022-06-CENSUS-0000175887,SN41W3MGWGV3,2022,2023-03-13,EVWJPCY6AD97
2022-06-CENSUS-0000175887,SN41W3MGWGV3,2022,2023-03-13,F2G3FMDN23M4
2022-06-CENSUS-0000175887,SN41W3MGWGV3,2022,2023-03-13,FHHNU5XGMCT6
2022-06-CENSUS-0000175887,SN41W3MGWGV3,2022,2023-03-13,FKYKRFEEAGS2
2022-06-CENSUS-0000175887,SN41W3MGWGV3,2022,2023-03-13,G5EBME9JCW15
2022-06-CENSUS-0000175887,SN41W3MGWGV3,2022,2023-03-13,G7FMER65EXJ9
2022-06-CENSUS-0000175887,SN41W3MGWGV3,2022,2023-03-13,GFTMMU7W7J89
2022-06-CENSUS-0000175887,SN41W3MGWGV3,2022,2023-03-13,GRLAJDNYPWF1
2022-06-CENSUS-0000175887,SN41W3MGWGV3,2022,2023-03-13,GX1LMNCH1K79
2022-06-CENSUS-0000175887,SN41W3MGWGV3,2022,2023-03-13,H6JXDMGC32F9
2022-06-CENSUS-0000175887,SN41W3MGWGV3,2022,2023-03-13,H71AQ8QKT7L3
2022-06-CENSUS-0000175887,SN41W3MGWGV3,2022,2023-03-13,HCJYJJKUX9N9
2022-06-CENSUS-0000175887,SN41W3MGWGV3,2022,2023-03-13,HHS5BAAJK9E9
2022-06-CENSUS-0000175887,SN41W3MGWGV3,2022,2023-03-13,HMUABNRMMYC3
2022-06-CENSUS-0000175887,SN41W3MGWGV3,2022,2023-03-13,JDDHJZYKJ525
2022-06-CENSUS-0000175887,SN41W3MGWGV3,2022,2023-03-13,JG6TMJXU4EM5
2022-06-CENSUS-0000175887,SN41W3MGWGV3,2022,2023-03-13,JG8JF65925T3
2022-06-CENSUS-0000175887,SN41W3MGWGV3,2022,2023-03-13,JJG6HU8PA4S5
2022-06-CENSUS-0000175887,SN41W3MGWGV3,2022,2023-03-13,K86HKL9Q3FV6
2022-06-CENSUS-0000175887,SN41W3MGWGV3,2022,2023-03-13,K9S5WN17JFD5
2022-06-CENSUS-0000175887,SN41W3MGWGV3,2022,2023-03-13,KBKZM4SJ7D65
2022-06-CENSUS-0000175887,SN41W3MGWGV3,2022,2023-03-13,KK6WBRW6EYG3
2022-06-CENSUS-0000175887,SN41W3MGWGV3,2022,2023-03-13,KPCKZCMEARN7
2022-06-CENSUS-0000175887,SN41W3MGWGV3,2022,2023-03-13,KR1MNR2VXMD5
2022-06-CENSUS-0000175887,SN41W3MGWGV3,2022,2023-03-13,KR61E324LD29
2022-06-CENSUS-0000175887,SN41W3MGWGV3,2022,2023-03-13,KRADJMQDENM7
2022-06-CENSUS-0000175887,SN41W3MGWGV3,2022,2023-03-13,KWMJMT12LDX4
2022-06-CENSUS-0000175887,SN41W3MGWGV3,2022,2023-03-13,KXJULRDJQK93
2022-06-CENSUS-0000175887,SN41W3MGWGV3,2022,2023-03-13,KZXXJTUDEUT1
2022-06-CENSUS-0000175887,SN41W3MGWGV3,2022,2023-03-13,L2BJKYTVKJU5
2022-06-CENSUS-0000175887,SN41W3MGWGV3,2022,2023-03-13,L2VXF9YA8JK3
2022-06-CENSUS-0000175887,SN41W3MGWGV3,2022,2023-03-13,LHXKX5K8DBK8
2022-06-CENSUS-0000175887,SN41W3MGWGV3,2022,2023-03-13,LJ3JQCZAM1H3
2022-06-CENSUS-0000175887,SN41W3MGWGV3,2022,2023-03-13,LKMNEANW2ZQ6
2022-06-CENSUS-0000175887,SN41W3MGWGV3,2022,2023-03-13,LLMNUFNCX7U3
2022-06-CENSUS-0000175887,SN41W3MGWGV3,2022,2023-03-13,LNEPDRKRLMS3
2022-06-CENSUS-0000175887,SN41W3MGWGV3,2022,2023-03-13,LSP1DUENV695
2022-06-CENSUS-0000175887,SN41W3MGWGV3,2022,2023-03-13,LTKWE559MG25
2022-06-CENSUS-0000175887,SN41W3MGWGV3,2022,2023-03-13,LUSZJPNN6XV7
2022-06-CENSUS-0000175887,SN41W3MGWGV3,2022,2023-03-13,LWLXBA1A6NJ9
2022-06-CENSUS-0000175887,SN41W3MGWGV3,2022,2023-03-13,M4MYAWQ9RX89
2022-06-CENSUS-0000175887,SN41W3MGWGV3,2022,2023-03-13,MC31X5KXRFT5
2022-06-CENSUS-0000175887,SN41W3MGWGV3,2022,2023-03-13,MHBCGZZDDBJ8
2022-06-CENSUS-0000175887,SN41W3MGWGV3,2022,2023-03-13,MLQFL4JSSAA9
2022-06-CENSUS-0000175887,SN41W3MGWGV3,2022,2023-03-13,MU5SGKY8XYX5
2022-06-CENSUS-0000175887,SN41W3MGWGV3,2022,2023-03-13,MVTKSCN6NMH3
2022-06-CENSUS-0000175887,SN41W3MGWGV3,2022,2023-03-13,N3MCAUV3GJG5
2022-06-CENSUS-0000175887,SN41W3MGWGV3,2022,2023-03-13,NVENKJ4EXMH9
2022-06-CENSUS-0000175887,SN41W3MGWGV3,2022,2023-03-13,NVTPDH64VKN4
2022-06-CENSUS-0000175887,SN41W3MGWGV3,2022,2023-03-13,NX22TBAUMU67
2022-06-CENSUS-0000175887,SN41W3MGWGV3,2022,2023-03-13,NXTEW5EFNNZ4
2022-06-CENSUS-0000175887,SN41W3MGWGV3,2022,2023-03-13,PHZ4KTBKD7F2
2022-06-CENSUS-0000175887,SN41W3MGWGV3,2022,2023-03-13,PNHQDATLNF33
2022-06-CENSUS-0000175887,SN41W3MGWGV3,2022,2023-03-13,PUXBHDJA4DA7
2022-06-CENSUS-0000175887,SN41W3MGWGV3,2022,2023-03-13,Q2VXL52GU4V9
2022-06-CENSUS-0000175887,SN41W3MGWGV3,2022,2023-03-13,Q85SYD73U1A5
2022-06-CENSUS-0000175887,SN41W3MGWGV3,2022,2023-03-13,QDE5UHE5XD16
2022-06-CENSUS-0000175887,SN41W3MGWGV3,2022,2023-03-13,QNNDFMV8DJU7
2022-06-CENSUS-0000175887,SN41W3MGWGV3,2022,2023-03-13,RA1EAJ722RM5
2022-06-CENSUS-0000175887,SN41W3MGWGV3,2022,2023-03-13,RMZEJNV5WBA3
2022-06-CENSUS-0000175887,SN41W3MGWGV3,2022,2023-03-13,RN66KDXN4JM7
2022-06-CENSUS-0000175887,SN41W3MGWGV3,2022,2023-03-13,RVFAQJYDDMB8
2022-06-CENSUS-0000175887,SN41W3MGWGV3,2022,2023-03-13,RWAXLM2UFQ21
2022-06-CENSUS-0000175887,SN41W3MGWGV3,2022,2023-03-13,RWMMK6MUWM53
2022-06-CENSUS-0000175887,SN41W3MGWGV3,2022,2023-03-13,RYYSSMY41153
2022-06-CENSUS-0000175887,SN41W3MGWGV3,2022,2023-03-13,SEFXKL24JXZ5
2022-06-CENSUS-0000175887,SN41W3MGWGV3,2022,2023-03-13,T3NNX4DJLQ13
2022-06-CENSUS-0000175887,SN41W3MGWGV3,2022,2023-03-13,T6R8YKDCFTJ1
2022-06-CENSUS-0000175887,SN41W3MGWGV3,2022,2023-03-13,U2XCEABFGTB3
2022-06-CENSUS-0000175887,SN41W3MGWGV3,2022,2023-03-13,U9J8KYJ8DB45
2022-06-CENSUS-0000175887,SN41W3MGWGV3,2022,2023-03-13,UD24UQNKBCG6
2022-06-CENSUS-0000175887,SN41W3MGWGV3,2022,2023-03-13,UKVZYB2NBJE6
2022-06-CENSUS-0000175887,SN41W3MGWGV3,2022,2023-03-13,UMMXHRLYWLQ6
2022-06-CENSUS-0000175887,SN41W3MGWGV3,2022,2023-03-13,UU5HL7VGXQD8
2022-06-CENSUS-0000175887,SN41W3MGWGV3,2022,2023-03-13,V3KPBX5HSYG5
2022-06-CENSUS-0000175887,SN41W3MGWGV3,2022,2023-03-13,VKZLFK6M5DD3
2022-06-CENSUS-0000175887,SN41W3MGWGV3,2022,2023-03-13,VMYDF2TZHHB6
2022-06-CENSUS-0000175887,SN41W3MGWGV3,2022,2023-03-13,VQLKFKKVDWL7
2022-06-CENSUS-0000175887,SN41W3MGWGV3,2022,2023-03-13,WD63KVNZEFK8
2022-06-CENSUS-0000175887,SN41W3MGWGV3,2022,2023-03-13,WN2DSJWMJ2R8
2022-06-CENSUS-0000175887,SN41W3MGWGV3,2022,2023-03-13,WYCYPNXS1BK6
2022-06-CENSUS-0000175887,SN41W3MGWGV3,2022,2023-03-13,X4J7XMJVDLE1
2022-06-CENSUS-0000175887,SN41W3MGWGV3,2022,2023-03-13,XAHKEJAWL1N6
2022-06-CENSUS-0000175887,SN41W3MGWGV3,2022,2023-03-13,XGE9T6KCMSR4
2022-06-CENSUS-0000175887,SN41W3MGWGV3,2022,2023-03-13,XM4FRKJLA323
2022-06-CENSUS-0000175887,SN41W3MGWGV3,2022,2023-03-13,Y8BKMH1EEBG9
2022-06-CENSUS-0000175887,SN41W3MGWGV3,2022,2023-03-13,Z2FVD3AL5JG5
2022-06-CENSUS-0000175887,SN41W3MGWGV3,2022,2023-03-13,ZQGECN9WM3F8
2022-06-CENSUS-0000175887,SN41W3MGWGV3,2022,2023-03-13,ZRHSF28X3HY5
2022-06-CENSUS-0000236155,EK4SMPJKY5E4,2022,2023-03-14,MPUTNJKT9MZ7
2022-12-CENSUS-0000146970,T16NA5YA1WH3,2022,2023-06-22,WTBJJFPVFHL8
2022-12-CENSUS-0000146970,T16NA5YA1WH3,2022,2023-06-22,K1NCWCRHELY9
2022-12-CENSUS-0000146970,T16NA5YA1WH3,2022,2023-06-22,X6CFK7JK1NT3
2022-12-CENSUS-0000146970,T16NA5YA1WH3,2022,2023-06-22,HX1DKEMNMFA8
2022-12-CENSUS-0000050405,J5ZXT2W8K7S7,2022,2023-09-24,V1ESA74FX8R5
2022-12-CENSUS-0000050405,J5ZXT2W8K7S7,2022,2023-09-24,ZRM1YXF6JVR3
2022-12-CENSUS-0000050405,J5ZXT2W8K7S7,2022,2023-09-24,S9TRRJT4BRQ4
2022-12-CENSUS-0000050405,J5ZXT2W8K7S7,2022,2023-09-24,TCMKQXK87YC8
2022-12-CENSUS-0000050405,J5ZXT2W8K7S7,2022,2023-09-24,E5LXGW33D6F5
2022-06-CENSUS-0000147913,FXV5JB3EPZ99,2022,2023-07-16,NZ16HVC3B235
2022-06-CENSUS-0000147913,FXV5JB3EPZ99,2022,2023-07-16,Q72MAKXGTLK3
2022-06-CENSUS-0000147913,FXV5JB3EPZ99,2022,2023-07-16,J5HYQAKNCFB4
2022-06-CENSUS-0000147913,FXV5JB3EPZ99,2022,2023-07-16,KWKGLTKZBMM9
2022-06-CENSUS-0000147913,FXV5JB3EPZ99,2022,2023-07-16,ZH63EKKE18U8
2022-06-CENSUS-0000147913,FXV5JB3EPZ99,2022,2023-07-16,V5ADLP446N23
2022-06-CENSUS-0000147913,FXV5JB3EPZ99,2022,2023-07-16,KF2TDQGXWQ99
2022-06-CENSUS-0000147913,FXV5JB3EPZ99,2022,2023-07-16,PQMMFBMG6N15
2022-06-CENSUS-0000147913,FXV5JB3EPZ99,2022,2023-07-16,P9AXEK3RGFD6
2022-06-CENSUS-0000147913,FXV5JB3EPZ99,2022,2023-07-16,DEKKV2V7TA95
2022-06-CENSUS-0000147913,FXV5JB3EPZ99,2022,2023-07-16,NBL6GKRNKQM5
2022-06-CENSUS-0000147913,FXV5JB3EPZ99,2022,2023-07-16,S3KFS7F17C38
2022-06-CENSUS-0000147913,FXV5JB3EPZ99,2022,2023-07-16,TTWNNQRC9U11
2022-06-CENSUS-0000147913,FXV5JB3EPZ99,2022,2023-07-16,K6ZLJ8HXL2Y5
2022-06-CENSUS-0000147913,FXV5JB3EPZ99,2022,2023-07-16,C1CDYJ34L7W7
2022-06-CENSUS-0000147913,FXV5JB3EPZ99,2022,2023-07-16,MS9LBFM5WFB4
2022-06-CENSUS-0000147913,FXV5JB3EPZ99,2022,2023-07-16,DW9VKLKKUJG3
2022-06-CENSUS-0000147913,FXV5JB3EPZ99,2022,2023-07-16,Z28NWLE6DXF8
2022-06-CENSUS-0000147913,FXV5JB3EPZ99,2022,2023-07-16,RZPUJBJJR1L7
2022-06-CENSUS-0000147913,FXV5JB3EPZ99,2022,2023-07-16,KNHJX3M62CS1
2022-06-CENSUS-0000147913,FXV5JB3EPZ99,2022,2023-07-16,VZGJK5XEZ5C1
2022-06-CENSUS-0000147913,FXV5JB3EPZ99,2022,2023-07-16,QJABBJDNKLV1
2022-06-CENSUS-0000147913,FXV5JB3EPZ99,2022,2023-07-16,M7KBHQC3XLD5
2022-06-CENSUS-0000147913,FXV5JB3EPZ99,2022,2023-07-16,RHN6A3PEC8A7
2022-06-CENSUS-0000147913,FXV5JB3EPZ99,2022,2023-07-16,SALGGFMNG2X5
2022-06-CENSUS-0000147913,FXV5JB3EPZ99,2022,2023-07-16,SVK7JJTYNLK5
2022-06-CENSUS-0000147913,FXV5JB3EPZ99,2022,2023-07-16,ZMYJVLQNKRM6
2022-06-CENSUS-0000147913,FXV5JB3EPZ99,2022,2023-07-16,DZVKLMJE8QL9
2022-09-CENSUS-0000172234,LAL4N8GP6GA6,2022,2023-03-03,M6E6L1YQ8A45
2022-09-CENSUS-0000172234,LAL4N8GP6GA6,2022,2023-03-03,PV4ZNW174CZ4
2022-09-CENSUS-0000172234,LAL4N8GP6GA6,2022,2023-03-03,ZGF1ENSBKAS9
2022-09-CENSUS-0000172234,LAL4N8GP6GA6,2022,2023-03-03,T61ZNLWSL7W5
2022-09-CENSUS-0000172234,LAL4N8GP6GA6,2022,2023-03-03,FPAJF7368CS6
2022-09-CENSUS-0000172234,LAL4N8GP6GA6,2022,2023-03-03,DS7PM369CTW7
2022-09-CENSUS-0000172234,LAL4N8GP6GA6,2022,2023-03-03,QNUNV3JGR6F5
2022-06-CENSUS-0000147114,JHKKHVC7EPL3,2022,2023-03-27,DMLZJTD7WJ94
2022-06-CENSUS-0000147114,JHKKHVC7EPL3,2022,2023-03-27,LNTCK2QJAA64
2022-06-CENSUS-0000147114,JHKKHVC7EPL3,2022,2023-03-27,S4EHYKPUBYB7
2022-06-CENSUS-0000147114,JHKKHVC7EPL3,2022,2023-03-27,ZK6UHC4VLFP2
2022-06-CENSUS-0000147114,JHKKHVC7EPL3,2022,2023-03-27,E982FMR1NQL7
2022-06-CENSUS-0000147114,JHKKHVC7EPL3,2022,2023-03-27,PB3AJE5ZEJ59
2022-06-CENSUS-0000147114,JHKKHVC7EPL3,2022,2023-03-27,DUZ9GRLC5V18
2022-06-CENSUS-0000147114,JHKKHVC7EPL3,2022,2023-03-27,DAJVFC925H16
2022-06-CENSUS-0000147114,JHKKHVC7EPL3,2022,2023-03-27,CZLNU8FDYB55
2022-12-CENSUS-0000230678,NCA4KMHZHMX9,2022,2023-08-07,JZJWXG19QMU1
2022-12-CENSUS-0000230678,NCA4KMHZHMX9,2022,2023-08-07,NWDHJ5KXFMF6
2022-12-CENSUS-0000230678,NCA4KMHZHMX9,2022,2023-08-07,ET7JNCMKB5P1
2022-12-CENSUS-0000230678,NCA4KMHZHMX9,2022,2023-08-07,RGD2KJZJ4AC3
2022-06-CENSUS-0000249936,FJ7PYGK3Q2C3,2022,2023-01-11,GJC8RDKKT779
2022-06-CENSUS-0000249936,FJ7PYGK3Q2C3,2022,2023-01-11,RQXPYKPN9S22
2022-12-CENSUS-0000103219,U77JPFJ2MSD3,2022,2023-08-15,GM8DFHN3S885
2022-12-CENSUS-0000103219,U77JPFJ2MSD3,2022,2023-08-15,NRDXGLV7SGY8
2022-12-CENSUS-0000103219,U77JPFJ2MSD3,2022,2023-08-15,JEABYHBLNWV6
2022-12-CENSUS-0000103219,U77JPFJ2MSD3,2022,2023-08-15,LXCLLN2J9DV5
2022-12-CENSUS-0000103219,U77JPFJ2MSD3,2022,2023-08-15,SRQDFKS9Y3A2
2022-12-CENSUS-0000103219,U77JPFJ2MSD3,2022,2023-08-15,VV8CYWCJ81E5
2022-12-CENSUS-0000103219,U77JPFJ2MSD3,2022,2023-08-15,QZK8CF96JBC3
2022-12-CENSUS-0000162510,E5HBGRRNGY97,2022,2023-08-28,UMHAVA9LJRG3
2022-06-CENSUS-0000190831,W7DSJ4G7YLN5,2022,2023-01-17,XZHMJY82E4D7
2022-06-CENSUS-0000254507,LBLMMM7QL5X7,2022,2023-03-28,HE1GJ6EBUFL8
2022-06-CENSUS-0000229197,EJXNLWZDDMD3,2022,2023-03-06,H8FGHBNQLBP7
2022-06-CENSUS-0000048063,YVTKZ4QSG174,2022,2023-04-16,CYXRGM173U26
2022-06-CENSUS-0000048063,YVTKZ4QSG174,2022,2023-04-16,KK9JAHYMNMS9
2022-06-CENSUS-0000048063,YVTKZ4QSG174,2022,2023-04-16,PU5TLFJDAVN4
2022-06-CENSUS-0000048063,YVTKZ4QSG174,2022,2023-04-16,EH5KX5RQRBQ7
2022-12-CENSUS-0000192750,JDH8QZ8G4C85,2022,2023-06-29,E7X6MVJ6CD68
2022-12-CENSUS-0000192750,JDH8QZ8G4C85,2022,2023-06-29,SNG2K99VYK81
2022-06-CENSUS-0000215205,F56HLRACHSH3,2022,2023-06-15,MWAZBEGYYJF3
2022-06-CENSUS-0000215205,F56HLRACHSH3,2022,2023-06-15,HNVWNCUN8GM6
2022-06-CENSUS-0000215205,F56HLRACHSH3,2022,2023-06-15,TDR4XXZKBE76
2022-06-CENSUS-0000215205,F56HLRACHSH3,2022,2023-06-15,CA9BDK78W6M3
2022-06-CENSUS-0000215205,F56HLRACHSH3,2022,2023-06-15,KFDFCYJ88MU1
2022-06-CENSUS-0000176107,Q8FQNFNMQP93,2022,2023-01-22,UX2CS9B6HKG3
2022-06-CENSUS-0000047470,EA3XVE1ZJG41,2022,2023-03-29,LMG5G3K9MGK4
2022-06-CENSUS-0000176042,H8CSY2JDYMV5,2022,2023-08-21,HJRATX5PJ6N3
2022-03-CENSUS-0000231858,TLBQYD52Z9S3,2022,2023-04-30,S9VVGTVATJR9
2022-03-CENSUS-0000231858,TLBQYD52Z9S3,2022,2023-04-30,GSZKK4SFYAM8
2022-03-CENSUS-0000231858,TLBQYD52Z9S3,2022,2023-04-30,RJQTVCMYRDK4
2022-03-CENSUS-0000231858,TLBQYD52Z9S3,2022,2023-04-30,YJW5LPBJ35Q3
2022-03-CENSUS-0000231858,TLBQYD52Z9S3,2022,2023-04-30,WGLUZMWPKT33
2022-06-CENSUS-0000255055,CB7ANBL9CFK5,2022,2023-03-28,SGLNR8JT7K37
2022-06-CENSUS-0000221118,LSPHN5PGDJG3,2022,2023-01-04,FLMPQ5M1NQK3
2022-12-CENSUS-0000226247,GVUJLK6J3T55,2022,2023-08-03,JUWFFCMRQ687
2022-09-CENSUS-0000220687,D6NBCNB2YWW8,2022,2023-04-24,XSYAFZ2U13F6
2022-09-CENSUS-0000220687,D6NBCNB2YWW8,2022,2023-04-24,HEE3BW4VLGG4
2022-09-CENSUS-0000246812,DN2PQ51JLX25,2022,2023-01-12,CSNGKZCZADZ4
2022-09-CENSUS-0000246812,DN2PQ51JLX25,2022,2023-01-12,ML6CFVX7UK37
2022-09-CENSUS-0000246812,DN2PQ51JLX25,2022,2023-01-12,W6EAM6EFLUS6
2022-09-CENSUS-0000246812,DN2PQ51JLX25,2022,2023-01-12,JU4NTRL9NZQ2
2022-09-CENSUS-0000246812,DN2PQ51JLX25,2022,2023-01-12,ZVK1JHUZGVX7
2022-09-CENSUS-0000246812,DN2PQ51JLX25,2022,2023-01-12,NHEMA3U8KMA8
2022-09-CENSUS-0000246812,DN2PQ51JLX25,2022,2023-01-12,ZBWMY9AKAJB3
2022-09-CENSUS-0000246812,DN2PQ51JLX25,2022,2023-01-12,L2URWKH3HLX9
2022-09-CENSUS-0000246812,DN2PQ51JLX25,2022,2023-01-12,KUS8N2NNET69
2022-09-CENSUS-0000246812,DN2PQ51JLX25,2022,2023-01-12,YMKANG3JULW4
2022-09-CENSUS-0000246812,DN2PQ51JLX25,2022,2023-01-12,ZLU6LSLAJJ83
2022-09-CENSUS-0000246812,DN2PQ51JLX25,2022,2023-01-12,U4VXYP6798K4
2022-09-CENSUS-0000246812,DN2PQ51JLX25,2022,2023-01-12,MKBUAHMSJ3R1
2022-09-CENSUS-0000246812,DN2PQ51JLX25,2022,2023-01-12,S5EFFNJV3PN9
2022-09-CENSUS-0000246812,DN2PQ51JLX25,2022,2023-01-12,YL1XTFEKLU15
2022-09-CENSUS-0000246812,DN2PQ51JLX25,2022,2023-01-12,K5TDMCET5945
2022-09-CENSUS-0000246812,DN2PQ51JLX25,2022,2023-01-12,TQJNQZ4ESBW3
2022-09-CENSUS-0000246812,DN2PQ51JLX25,2022,2023-01-12,UXMSKANG5XM8
2022-12-CENSUS-0000247048,WJZXPKMBL785,2022,2023-08-07,ND4EFXLLXYH1
2022-09-CENSUS-0000192115,KAAMMFK1JJL8,2022,2023-10-02,N545DUC9BCR1
2022-09-CENSUS-0000192115,KAAMMFK1JJL8,2022,2023-10-02,EUQBP4GGKEA1
2022-06-CENSUS-0000242546,XGXKF5HCHXJ5,2022,2023-03-29,HGMSCKMCPHW3
2022-06-CENSUS-0000242546,XGXKF5HCHXJ5,2022,2023-03-29,GD7VNGMMHVL7
2022-06-CENSUS-0000242546,XGXKF5HCHXJ5,2022,2023-03-29,SNJJKX4EQ1T5
2022-06-CENSUS-0000243601,NL3YAWLVSGK1,2022,2023-02-27,N98ML1HTXVN1
2022-06-CENSUS-0000154537,QLY5F67VD2Z5,2022,2023-03-27,G2G3DPCR7M93
2022-12-CENSUS-0000158408,CAAAWFCH3T41,2022,2023-09-28,F8RGN67AKNQ6
2022-12-CENSUS-0000158408,CAAAWFCH3T41,2022,2023-09-28,FKRERMC4HNE6
2022-12-CENSUS-0000158408,CAAAWFCH3T41,2022,2023-09-28,JFLDPAJ2JGM3
2022-12-CENSUS-0000158408,CAAAWFCH3T41,2022,2023-09-28,NJQ1XF7SUPX8
2022-12-CENSUS-0000158408,CAAAWFCH3T41,2022,2023-09-28,PQN7BL3YS8L3
2022-12-CENSUS-0000158408,CAAAWFCH3T41,2022,2023-09-28,R6JNDNUMJMN8
2022-12-CENSUS-0000158408,CAAAWFCH3T41,2022,2023-09-28,E44TN4LW8MB4
2022-12-CENSUS-0000158408,CAAAWFCH3T41,2022,2023-09-28,GLL1J6LGJ916
2022-12-CENSUS-0000158408,CAAAWFCH3T41,2022,2023-09-28,SSVXQY5D5VU4
2022-12-CENSUS-0000158408,CAAAWFCH3T41,2022,2023-09-28,YUD4C94BV458
2022-12-CENSUS-0000158408,CAAAWFCH3T41,2022,2023-09-28,ZSY4FDKH9GJ8
2022-12-CENSUS-0000158408,CAAAWFCH3T41,2022,2023-09-28,P5UYY12LN6S3
2022-12-CENSUS-0000158408,CAAAWFCH3T41,2022,2023-09-28,WL2CELV5ZDD8
2022-12-CENSUS-0000158408,CAAAWFCH3T41,2022,2023-09-28,F3BHXZ1DTZH9
2022-09-CENSUS-0000251498,LPF4ESK8FSN1,2022,2023-06-27,N4JZJLHF8BK9
2022-09-CENSUS-0000251498,LPF4ESK8FSN1,2022,2023-06-27,DZBNU34A4HL8
2022-06-CENSUS-0000131915,HG2JKZYYTUT3,2022,2023-06-19,Z2LKEQMP7RY8
2022-06-CENSUS-0000131915,HG2JKZYYTUT3,2022,2023-06-19,RBMJHJNKTE15
2022-06-CENSUS-0000131915,HG2JKZYYTUT3,2022,2023-06-19,LMKXF6XPKFC3
2022-06-CENSUS-0000131915,HG2JKZYYTUT3,2022,2023-06-19,MG56K79MNNK7
2022-06-CENSUS-0000221266,CJJKBJKFAHM9,2022,2023-03-29,JC4KQ6JE1HY1
2022-06-CENSUS-0000221266,CJJKBJKFAHM9,2022,2023-03-29,NYJHJ2PGKVJ1
2022-06-CENSUS-0000221266,CJJKBJKFAHM9,2022,2023-03-29,KPJ4R2MVLRA6
2022-06-CENSUS-0000221266,CJJKBJKFAHM9,2022,2023-03-29,VAHXFBLGVHE1
2022-06-CENSUS-0000221266,CJJKBJKFAHM9,2022,2023-03-29,G6NJRTDKC6J5
2022-06-CENSUS-0000221266,CJJKBJKFAHM9,2022,2023-03-29,XLC1LZKTVK17
2022-06-CENSUS-0000221266,CJJKBJKFAHM9,2022,2023-03-29,KGSAVNB1JEK3
2022-06-CENSUS-0000136963,W398K6PRCEU7,2022,2023-03-09,JY42Q14F28R9
2022-09-CENSUS-0000246145,T4WWPHALVUH9,2022,2023-04-27,KK9HYY1M58N8
2022-09-CENSUS-0000246145,T4WWPHALVUH9,2022,2023-04-27,J313P4PKEEN8
2022-06-CENSUS-0000147913,FXV5JB3EPZ99,2022,2023-07-16,PVJ8Z39UZAN5
2022-06-CENSUS-0000147913,FXV5JB3EPZ99,2022,2023-07-16,HBJLRAQ9KQU9
2022-06-CENSUS-0000147913,FXV5JB3EPZ99,2022,2023-07-16,JMUMDCV44J11
2022-06-CENSUS-0000147913,FXV5JB3EPZ99,2022,2023-07-16,PN4HKJUPGTF1
2022-06-CENSUS-0000147913,FXV5JB3EPZ99,2022,2023-07-16,DL96F3QDAK75
2022-06-CENSUS-0000147913,FXV5JB3EPZ99,2022,2023-07-16,EX5ALLGM5JG7
2022-06-CENSUS-0000147913,FXV5JB3EPZ99,2022,2023-07-16,KYVGK5KLF939
2022-06-CENSUS-0000147913,FXV5JB3EPZ99,2022,2023-07-16,KQE3EAKMNQQ7
2022-06-CENSUS-0000147913,FXV5JB3EPZ99,2022,2023-07-16,JRZKWYT6KAH3
2022-06-CENSUS-0000147913,FXV5JB3EPZ99,2022,2023-07-16,NADGLWMAZDF6
2022-06-CENSUS-0000147913,FXV5JB3EPZ99,2022,2023-07-16,NC5ASSVY54H8
2022-06-CENSUS-0000147913,FXV5JB3EPZ99,2022,2023-07-16,HAYKDYGNN7L7
2022-06-CENSUS-0000147913,FXV5JB3EPZ99,2022,2023-07-16,XNMEBDLCGA41
2022-06-CENSUS-0000147913,FXV5JB3EPZ99,2022,2023-07-16,XD3ZFRVZLWL5
2022-06-CENSUS-0000147913,FXV5JB3EPZ99,2022,2023-07-16,M9Z8KK98NL61
2022-06-CENSUS-0000147913,FXV5JB3EPZ99,2022,2023-07-16,JQD3PL3JFX73
2022-06-CENSUS-0000147913,FXV5JB3EPZ99,2022,2023-07-16,FQG6B27MZ838
2022-06-CENSUS-0000147913,FXV5JB3EPZ99,2022,2023-07-16,GJW3N2QVAUX8
2022-06-CENSUS-0000147913,FXV5JB3EPZ99,2022,2023-07-16,SLC6BSJD5EF3
2022-06-CENSUS-0000147913,FXV5JB3EPZ99,2022,2023-07-16,WCPAXXE9UMR3
2022-06-CENSUS-0000147913,FXV5JB3EPZ99,2022,2023-07-16,KD5RQAWN3E25
2022-06-CENSUS-0000147913,FXV5JB3EPZ99,2022,2023-07-16,C178KUSRERC5
2022-06-CENSUS-0000147913,FXV5JB3EPZ99,2022,2023-07-16,R1BXKXTTT113
2022-06-CENSUS-0000147913,FXV5JB3EPZ99,2022,2023-07-16,XKNMPDZ5AM39
2022-06-CENSUS-0000147913,FXV5JB3EPZ99,2022,2023-07-16,HEUFZN4GKG24
2022-06-CENSUS-0000147913,FXV5JB3EPZ99,2022,2023-07-16,DKJ5V76UNTT4
2022-06-CENSUS-0000147913,FXV5JB3EPZ99,2022,2023-07-16,NRMMMNLE6MC7
2022-06-CENSUS-0000147913,FXV5JB3EPZ99,2022,2023-07-16,GFWPYM9D4ZH7
2022-06-CENSUS-0000147913,FXV5JB3EPZ99,2022,2023-07-16,PN9RWAPJUJD3
2022-06-CENSUS-0000147913,FXV5JB3EPZ99,2022,2023-07-16,DLKMR1QVDX34
2022-06-CENSUS-0000147913,FXV5JB3EPZ99,2022,2023-07-16,RZ9YHN9KFV75
2022-06-CENSUS-0000147913,FXV5JB3EPZ99,2022,2023-07-16,L51XALPDNZR4
2022-06-CENSUS-0000147913,FXV5JB3EPZ99,2022,2023-07-16,T4FKGD5L99A9
2022-06-CENSUS-0000147913,FXV5JB3EPZ99,2022,2023-07-16,NBTLPPYKHEA7
2022-06-CENSUS-0000147913,FXV5JB3EPZ99,2022,2023-07-16,ECB6EG2KH3P6
2022-06-CENSUS-0000147913,FXV5JB3EPZ99,2022,2023-07-16,F1N5P12L4ZR5
2022-06-CENSUS-0000147913,FXV5JB3EPZ99,2022,2023-07-16,M84HL6VULX43
2022-06-CENSUS-0000147913,FXV5JB3EPZ99,2022,2023-07-16,DZ2UJEKM1FH4
2022-06-CENSUS-0000147913,FXV5JB3EPZ99,2022,2023-07-16,W1EJJYFJEN59
2022-06-CENSUS-0000147913,FXV5JB3EPZ99,2022,2023-07-16,DA61K4AAWQN3
2022-06-CENSUS-0000227312,N3MLDJDPQAA3,2022,2023-03-27,GYGQQNNMW8N9
2022-06-CENSUS-0000227312,N3MLDJDPQAA3,2022,2023-03-27,GCGYM9DSYHE6
2022-06-CENSUS-0000227312,N3MLDJDPQAA3,2022,2023-03-27,QJFYL3HDDEG7
2022-06-CENSUS-0000227312,N3MLDJDPQAA3,2022,2023-03-27,LNGXAKMH8J26
2022-06-CENSUS-0000227312,N3MLDJDPQAA3,2022,2023-03-27,K8VMR2XLNGY1
2022-06-CENSUS-0000227312,N3MLDJDPQAA3,2022,2023-03-27,Q3VKM3RPLJJ3
2022-06-CENSUS-0000227312,N3MLDJDPQAA3,2022,2023-03-27,XMVWNDM58WG7
2022-06-CENSUS-0000227312,N3MLDJDPQAA3,2022,2023-03-27,HEKKHJAQMM98
2022-06-CENSUS-0000227312,N3MLDJDPQAA3,2022,2023-03-27,N9CAKFVHXKW3
2022-06-CENSUS-0000227312,N3MLDJDPQAA3,2022,2023-03-27,D4EPATPMSHM1
2022-06-CENSUS-0000227312,N3MLDJDPQAA3,2022,2023-03-27,FDL6G1DRUB38
2022-06-CENSUS-0000227312,N3MLDJDPQAA3,2022,2023-03-27,NWWVYBDGW2Y7
2022-06-CENSUS-0000227312,N3MLDJDPQAA3,2022,2023-03-27,DFBRR69HJVE3
2022-06-CENSUS-0000251536,CKVKNWDYSMM3,2022,2023-01-12,P24DV1KSKM24
2022-06-CENSUS-0000136807,DMNAHQAW9XC1,2022,2023-01-26,DS7WSWLPMEJ1
2022-12-CENSUS-0000148721,FF6YK2Z2HNG6,2022,2023-09-26,MNXZAXJQTMN6
2022-12-CENSUS-0000258990,Y9BGL89FM2X7,2022,2023-09-26,EUNDG9GK2NL3
2022-12-CENSUS-0000226052,JBN4TQ1MT4F3,2022,2023-09-25,MLT7UKNFGBF5
2022-12-CENSUS-0000226052,JBN4TQ1MT4F3,2022,2023-09-25,FMJ7H1JNSE95
2022-09-CENSUS-0000249899,EHC8XPKLY6N4,2022,2023-03-16,N9AMCX7F88P8
2022-12-CENSUS-0000259051,Y1G4MLCKAG23,2022,2023-09-27,FZRUPZ219XK3
2022-06-CENSUS-0000137101,WT9LA1BLEL65,2022,2023-01-02,KF6FNAZRLMJ4
2022-06-CENSUS-0000137101,WT9LA1BLEL65,2022,2023-01-02,DE1YS3AYV965
2022-06-CENSUS-0000137101,WT9LA1BLEL65,2022,2023-01-02,QMN9RDT4LPB5
2022-06-CENSUS-0000137101,WT9LA1BLEL65,2022,2023-01-02,JAK8AA5DTH57
2022-06-CENSUS-0000137101,WT9LA1BLEL65,2022,2023-01-02,VE91M71M9329
2022-06-CENSUS-0000196222,L6M1G1EY4L56,2022,2023-01-26,KEXMERLWEBJ4
2022-06-CENSUS-0000196222,L6M1G1EY4L56,2022,2023-01-26,U3KDNMJFJYC7
2022-06-CENSUS-0000171628,KTN3SD3DMXR5,2022,2023-01-26,Q8H1FN7FE733
2022-06-CENSUS-0000171628,KTN3SD3DMXR5,2022,2023-01-26,EGT7FJZ6CAH1
2022-06-CENSUS-0000048550,CNKAAGJP7K95,2022,2023-01-30,DS9LLJEWMMC8
2022-08-CENSUS-0000015175,NX9PXMKW5KW8,2022,2023-04-13,M5SZJ6VHUHN8
2022-08-CENSUS-0000015175,NX9PXMKW5KW8,2022,2023-04-13,DCYUNYGFTZ49
2022-06-CENSUS-0000135361,WNKMPELMKCK1,2022,2023-01-12,SMCNXYE38AN7
2022-06-CENSUS-0000239648,CD47QHVCBT18,2022,2023-01-04,PHVSBZX541D4
2022-09-CENSUS-0000075070,PLKJMJKQVMM6,2022,2023-06-28,X6ZKDKCP5AR3
2022-09-CENSUS-0000243011,V82BD6AMJKY8,2022,2023-04-04,FBRMQ5EJHM81
2022-09-CENSUS-0000243011,V82BD6AMJKY8,2022,2023-04-04,HPH3SDUHNLL5
2022-09-CENSUS-0000243011,V82BD6AMJKY8,2022,2023-04-04,GWA1L59X66E9
2022-09-CENSUS-0000243011,V82BD6AMJKY8,2022,2023-04-04,GBZUL9HJ7NG5
2022-06-CENSUS-0000176267,C96DL9152583,2022,2023-01-23,HAXRWB1LCL61
2022-12-CENSUS-0000252792,J3CFUVN9HSE8,2022,2023-09-28,K5XRMG96TR89
2022-12-CENSUS-0000252792,J3CFUVN9HSE8,2022,2023-09-28,HGDNV3NWK7Y8
2022-12-CENSUS-0000252792,J3CFUVN9HSE8,2022,2023-09-28,HVWFQZ9KXUM8
2022-12-CENSUS-0000252792,J3CFUVN9HSE8,2022,2023-09-28,SCQFUDAHZCM6
2022-12-CENSUS-0000252792,J3CFUVN9HSE8,2022,2023-09-28,J59QRNL6T779
2022-12-CENSUS-0000252792,J3CFUVN9HSE8,2022,2023-09-28,HKMHFYZJNU18
2022-12-CENSUS-0000248703,PBQRGJPJ7C95,2022,2023-09-14,CNTQSKBQNMM1
2022-06-CENSUS-0000259191,USJAMAVJHK85,2022,2023-09-29,W71KJ2R5A1Q8
2022-06-CENSUS-0000259191,USJAMAVJHK85,2022,2023-09-29,F4D2VHNC9H13
2022-06-CENSUS-0000135784,JK7MLP2U7L88,2022,2023-01-10,KFU6BGBNWXD3
2022-06-CENSUS-0000136803,C12SFNEBVJR8,2022,2023-01-09,LLTSN4MRLTN6
2022-09-CENSUS-0000253578,DLP5XLQ9LNT3,2022,2023-01-26,RKQ8HAW28138
2022-06-CENSUS-0000171422,RKM5JHXGZNK4,2022,2023-02-19,XCQXYD74MQN9
2022-06-CENSUS-0000176047,KU9YGWKHXR27,2022,2023-01-16,EANXEE8WT5J8
2022-06-CENSUS-0000176047,KU9YGWKHXR27,2022,2023-01-16,NH2NDAQ8CMB9
2022-06-CENSUS-0000125770,K5TMAM98KHD3,2022,2023-02-05,QKLDAEW9PZK4
2022-06-CENSUS-0000125770,K5TMAM98KHD3,2022,2023-02-05,GJZRY49WLNF1
2022-06-CENSUS-0000125770,K5TMAM98KHD3,2022,2023-02-05,ZJNXEXHQU8K5
2022-12-CENSUS-0000108922,CM82VLZPKZ59,2022,2023-09-28,TJPUCR5F5NL9
2022-12-CENSUS-0000241268,NCWGMC4VCGL4,2022,2023-06-04,W7JDBLA8HLB5
2022-12-CENSUS-0000241268,NCWGMC4VCGL4,2022,2023-06-04,WBJ6SQSZCJ93
2022-12-CENSUS-0000241268,NCWGMC4VCGL4,2022,2023-06-04,TEKCS3BHGMA3
2022-12-CENSUS-0000241268,NCWGMC4VCGL4,2022,2023-06-04,MCNPMYU8ANX5
2022-12-CENSUS-0000246315,UF52F3QMZL33,2022,2023-09-07,EMLZKJ1B7KT5
2022-12-CENSUS-0000246315,UF52F3QMZL33,2022,2023-09-07,TU4NVQ71BR45
2022-12-CENSUS-0000246315,UF52F3QMZL33,2022,2023-09-07,ZTLUW8491TP9
2022-12-CENSUS-0000246315,UF52F3QMZL33,2022,2023-09-07,KPW1NRGBKEN8
2022-12-CENSUS-0000246315,UF52F3QMZL33,2022,2023-09-07,USSLH1UF5PH8
2022-12-CENSUS-0000246315,UF52F3QMZL33,2022,2023-09-07,KB8UF2TKCJK5
2022-12-CENSUS-0000204059,SB35ENJFKK14,2022,2023-09-27,CJ4AB5GUDBP9
2022-12-CENSUS-0000204059,SB35ENJFKK14,2022,2023-09-27,FJDUCNJCLFA1
2022-12-CENSUS-0000204059,SB35ENJFKK14,2022,2023-09-27,QPU3G2DYZ254
2022-12-CENSUS-0000204059,SB35ENJFKK14,2022,2023-09-27,Q6R5BP4F3CM7
2022-12-CENSUS-0000204059,SB35ENJFKK14,2022,2023-09-27,XUW7ESJZNG65
2022-12-CENSUS-0000204059,SB35ENJFKK14,2022,2023-09-27,Z2C1QR79K773
2022-12-CENSUS-0000258613,KH4KRB8YMCN5,2022,2023-07-24,NNHDD2GRJ8W1
2022-06-CENSUS-0000194817,MLGGMZEZFKQ2,2022,2023-09-04,ZZFAJ57H56N3
2022-06-CENSUS-0000194817,MLGGMZEZFKQ2,2022,2023-09-04,GRA3WTNQ9CG6
2022-06-CENSUS-0000194817,MLGGMZEZFKQ2,2022,2023-09-04,G65WG75MZB56
2022-06-CENSUS-0000171439,CL1DBBTJGJJ8,2022,2023-03-19,FL91GJN75FU5
2022-06-CENSUS-0000171439,CL1DBBTJGJJ8,2022,2023-03-19,N8E2S9SJV487
2022-06-CENSUS-0000202510,GLD1KRCPLYN6,2022,2023-03-14,GCG6CCD3NCF9
2022-06-CENSUS-0000244538,JTTQALGLSV39,2022,2023-03-29,D1LGL3KKPLJ1
2022-09-CENSUS-0000136105,FB3SLJJZ38K9,2022,2023-03-14,LRNBMRRWHA95
2022-09-CENSUS-0000136105,FB3SLJJZ38K9,2022,2023-03-14,DN7WFH7MTKM3
2022-06-CENSUS-0000221630,GA3FDVKQPBS4,2022,2023-02-22,MTFKDHUG26M7
2022-06-CENSUS-0000176080,REGTREN9KDV6,2022,2023-01-05,GCXAJ8Z16GA8
2022-09-CENSUS-0000253690,HGADQ8GL9PX1,2022,2023-06-04,JQFLTLCCM784
2022-06-CENSUS-0000132062,Q35KCJJNN3J3,2022,2023-03-22,XD8EQMV7EUV5
2022-06-CENSUS-0000132062,Q35KCJJNN3J3,2022,2023-03-22,DEDCLBH5GBC3
2022-05-CENSUS-0000087899,RQMFJGDTQ5V3,2022,2023-02-22,F8THLJQSAF93
2022-05-CENSUS-0000087899,RQMFJGDTQ5V3,2022,2023-02-22,KXN7HGCF6K91
2022-05-CENSUS-0000087899,RQMFJGDTQ5V3,2022,2023-02-22,JPU4TCW6QYF3
2022-12-CENSUS-0000248703,PBQRGJPJ7C95,2022,2023-09-14,SL4ML174MLF7
2022-12-CENSUS-0000248703,PBQRGJPJ7C95,2022,2023-09-14,LKHDFQFWJFK7
2022-12-CENSUS-0000248703,PBQRGJPJ7C95,2022,2023-09-14,SNYDN3KFW9D4
2022-12-CENSUS-0000248703,PBQRGJPJ7C95,2022,2023-09-14,NAHNR2C7AYU3
2022-12-CENSUS-0000248703,PBQRGJPJ7C95,2022,2023-09-14,KD5FFNLFCCA9
2022-12-CENSUS-0000248703,PBQRGJPJ7C95,2022,2023-09-14,FDGNULSG1KL9
2022-12-CENSUS-0000248703,PBQRGJPJ7C95,2022,2023-09-14,P56MD7DJPZL3
2022-12-CENSUS-0000248703,PBQRGJPJ7C95,2022,2023-09-14,TVRLUM9FE4A9
2022-12-CENSUS-0000248703,PBQRGJPJ7C95,2022,2023-09-14,SFTRD8V31Q35
2022-12-CENSUS-0000248703,PBQRGJPJ7C95,2022,2023-09-14,MAGSXHK5KDK9
2022-12-CENSUS-0000248703,PBQRGJPJ7C95,2022,2023-09-14,QEE1L7LZXH51
2022-12-CENSUS-0000248703,PBQRGJPJ7C95,2022,2023-09-14,E4MRFDELETH5
2022-12-CENSUS-0000248703,PBQRGJPJ7C95,2022,2023-09-14,T46MN5JN74V5
2022-12-CENSUS-0000248703,PBQRGJPJ7C95,2022,2023-09-14,MHEZAP8U1HK5
2022-12-CENSUS-0000248703,PBQRGJPJ7C95,2022,2023-09-14,L5MKTB9JJB53
2022-12-CENSUS-0000248703,PBQRGJPJ7C95,2022,2023-09-14,ZT84XM7FJCZ7
2022-12-CENSUS-0000248703,PBQRGJPJ7C95,2022,2023-09-14,RY3GPG6Z4EZ3
2022-12-CENSUS-0000248703,PBQRGJPJ7C95,2022,2023-09-14,FUJ7J895NWC3
2022-12-CENSUS-0000248703,PBQRGJPJ7C95,2022,2023-09-14,L7R4JZSRAHN4
2022-12-CENSUS-0000248703,PBQRGJPJ7C95,2022,2023-09-14,KPRDS9XV23M6
2022-12-CENSUS-0000248703,PBQRGJPJ7C95,2022,2023-09-14,KS32XCNHHX49
2022-12-CENSUS-0000248703,PBQRGJPJ7C95,2022,2023-09-14,E2LMNWDHU561
2022-12-CENSUS-0000248703,PBQRGJPJ7C95,2022,2023-09-14,JAV2FRXFG2Z1
2022-09-CENSUS-0000136090,LLHWX867E5J6,2022,2023-03-14,PVVMH1GQ9848
2022-09-CENSUS-0000136090,LLHWX867E5J6,2022,2023-03-14,N661S7WCDYM3
2022-06-CENSUS-0000171428,RW6ER4JBBD76,2022,2023-01-22,RW73KH7UQAW1
2022-12-CENSUS-0000258901,HVWJJCAW86H3,2022,2023-09-19,WM1ZXY38GD65
2022-12-CENSUS-0000258901,HVWJJCAW86H3,2022,2023-09-19,UF34NH7ER4E8
2022-12-CENSUS-0000258901,HVWJJCAW86H3,2022,2023-09-19,V879KFV66LF5
2022-12-CENSUS-0000258901,HVWJJCAW86H3,2022,2023-09-19,JW6PKAH9JVN3
2022-12-CENSUS-0000258901,HVWJJCAW86H3,2022,2023-09-19,SGV8DNEL3575
2022-12-CENSUS-0000258901,HVWJJCAW86H3,2022,2023-09-19,M68ER55EK7L7
2022-12-CENSUS-0000258901,HVWJJCAW86H3,2022,2023-09-19,NRBLK89A54D7
2022-12-CENSUS-0000258901,HVWJJCAW86H3,2022,2023-09-19,CWS5CLNQX359
2022-12-CENSUS-0000258901,HVWJJCAW86H3,2022,2023-09-19,GPPLYWMFWJR4
2022-12-CENSUS-0000258901,HVWJJCAW86H3,2022,2023-09-19,D67DUZAFYWQ3
2022-12-CENSUS-0000258901,HVWJJCAW86H3,2022,2023-09-19,WLE8EAA6FL65
2022-12-CENSUS-0000237356,X3J4ZFLNKKM9,2022,2023-09-28,QMJKS8JDBSB4
2022-12-CENSUS-0000237356,X3J4ZFLNKKM9,2022,2023-09-28,L4RFJA1TZAD1
2022-06-CENSUS-0000143662,G1ANNAB4MKD3,2022,2023-03-30,NM9YHRH4B1H7
2022-09-CENSUS-0000129223,NZ2AV5NFSEE9,2022,2023-03-29,MXL3S465KD85
2022-09-CENSUS-0000129223,NZ2AV5NFSEE9,2022,2023-03-29,V5AGXV9K8JM8
2022-06-CENSUS-0000201618,CCPRLHRL2AV3,2022,2023-07-24,Q787KHKMUD39
2022-06-CENSUS-0000201618,CCPRLHRL2AV3,2022,2023-07-24,N3E5FJ49F694
2022-06-CENSUS-0000201618,CCPRLHRL2AV3,2022,2023-07-24,D3MCWFNQ2D29
2022-12-CENSUS-0000246031,YN55XPTER7Q4,2022,2023-07-26,GDCKCNEXCWH9
2022-12-CENSUS-0000246031,YN55XPTER7Q4,2022,2023-07-26,Q97JUCH6L6H3
2022-06-CENSUS-0000089609,Q8FZPLN67P88,2022,2023-03-30,MBUNDYF3KXL3
2022-09-CENSUS-0000113665,LMAWH591NFK5,2022,2023-04-19,SZ32VTCXM799
2022-12-CENSUS-0000248192,R7BNKMP32NN3,2022,2023-08-01,JREYSSEK3K89
2022-12-CENSUS-0000248192,R7BNKMP32NN3,2022,2023-08-01,UH3JA8G9FQN5
2022-12-CENSUS-0000248192,R7BNKMP32NN3,2022,2023-08-01,HBKKD7JXUJJ3
2022-12-CENSUS-0000248192,R7BNKMP32NN3,2022,2023-08-01,CEVEN8PYASU8
2022-12-CENSUS-0000248192,R7BNKMP32NN3,2022,2023-08-01,ZCLJHAMK58N8
2022-12-CENSUS-0000248192,R7BNKMP32NN3,2022,2023-08-01,K8SZJ1V12AG2
2022-12-CENSUS-0000248192,R7BNKMP32NN3,2022,2023-08-01,JALATJTTG4G5
2022-12-CENSUS-0000248192,R7BNKMP32NN3,2022,2023-08-01,GYX2L5Q1M5U9
2022-12-CENSUS-0000248192,R7BNKMP32NN3,2022,2023-08-01,NDBHJ4AN9V61
2022-12-CENSUS-0000248192,R7BNKMP32NN3,2022,2023-08-01,DQJGWUN3UJY5
2022-12-CENSUS-0000248192,R7BNKMP32NN3,2022,2023-08-01,JLRSCNN9J9R8
2022-12-CENSUS-0000248192,R7BNKMP32NN3,2022,2023-08-01,FFUMC3JX5NZ1
2022-12-CENSUS-0000248192,R7BNKMP32NN3,2022,2023-08-01,E6KZG3MNE1D5
2022-12-CENSUS-0000248192,R7BNKMP32NN3,2022,2023-08-01,DCRWFBME2UK1
2022-06-CENSUS-0000134090,FC9PSD26JB13,2022,2023-01-04,G544ZD374BQ4
2022-06-CENSUS-0000255105,LJKZKYJUCM84,2022,2023-03-29,E3JMXUDWLFX4
2022-06-CENSUS-0000255105,LJKZKYJUCM84,2022,2023-03-29,LFPYNKAEPEH4
2022-06-CENSUS-0000255105,LJKZKYJUCM84,2022,2023-03-29,FQCKM7X2S586
2022-06-CENSUS-0000255105,LJKZKYJUCM84,2022,2023-03-29,XXEUNF9YJMW4
2022-06-CENSUS-0000255105,LJKZKYJUCM84,2022,2023-03-29,DRLUWNCPDRB5
2022-08-CENSUS-0000206004,J3VQVXANJ326,2022,2023-05-24,CCC9UT5334D5
2022-08-CENSUS-0000206004,J3VQVXANJ326,2022,2023-05-24,MKGMRG8B7P75
2022-06-CENSUS-0000190256,PC5NYNW2UQ54,2022,2023-03-16,EHJND1Z2E888
2022-09-CENSUS-0000128828,G3BHWLLFFLD4,2022,2023-09-04,PB1CBFSZCD48
2022-09-CENSUS-0000128828,G3BHWLLFFLD4,2022,2023-09-04,WLNMNKHKF5T1
2022-09-CENSUS-0000128828,G3BHWLLFFLD4,2022,2023-09-04,FJE9TGY1K1P3
2022-09-CENSUS-0000128828,G3BHWLLFFLD4,2022,2023-09-04,LQAZGM3A6CE8
2022-09-CENSUS-0000128828,G3BHWLLFFLD4,2022,2023-09-04,GHXCY8AL7CK7
2022-09-CENSUS-0000128828,G3BHWLLFFLD4,2022,2023-09-04,H99KU9Y8XP41
2022-09-CENSUS-0000128828,G3BHWLLFFLD4,2022,2023-09-04,UD6JAJFN9QP3
2022-09-CENSUS-0000128828,G3BHWLLFFLD4,2022,2023-09-04,WDVJK7FUB8A6
2022-09-CENSUS-0000128828,G3BHWLLFFLD4,2022,2023-09-04,VF4PU4LC85T3
2022-09-CENSUS-0000128828,G3BHWLLFFLD4,2022,2023-09-04,X8N2VJAFLJF6
2022-09-CENSUS-0000128828,G3BHWLLFFLD4,2022,2023-09-04,SKMDBRUVTDL9
2022-09-CENSUS-0000128828,G3BHWLLFFLD4,2022,2023-09-04,MM6VETB8SHK1
2022-09-CENSUS-0000128828,G3BHWLLFFLD4,2022,2023-09-04,HD1NKX68FWU7
2022-09-CENSUS-0000128828,G3BHWLLFFLD4,2022,2023-09-04,QKP7N4NDWG86
2022-09-CENSUS-0000128828,G3BHWLLFFLD4,2022,2023-09-04,NHYNNNZZVT33
2022-09-CENSUS-0000128828,G3BHWLLFFLD4,2022,2023-09-04,S8W5XNJ86RM4
2022-09-CENSUS-0000128828,G3BHWLLFFLD4,2022,2023-09-04,LN8LS25PQEX8
2022-09-CENSUS-0000128828,G3BHWLLFFLD4,2022,2023-09-04,XMQ8WDA7U366
2022-09-CENSUS-0000128828,G3BHWLLFFLD4,2022,2023-09-04,C1FECNCWVMJ9
2022-09-CENSUS-0000128828,G3BHWLLFFLD4,2022,2023-09-04,VBP7EE6M4875
2022-09-CENSUS-0000128828,G3BHWLLFFLD4,2022,2023-09-04,HPH9XK69ENE4
2022-09-CENSUS-0000128828,G3BHWLLFFLD4,2022,2023-09-04,NDZLL2E8J1E5
2022-09-CENSUS-0000128828,G3BHWLLFFLD4,2022,2023-09-04,KDD9A68YQWP4
2022-09-CENSUS-0000128828,G3BHWLLFFLD4,2022,2023-09-04,GPX8PX3NMLN3
2022-09-CENSUS-0000128828,G3BHWLLFFLD4,2022,2023-09-04,QEJLN2QTSEZ5
2022-09-CENSUS-0000128828,G3BHWLLFFLD4,2022,2023-09-04,DMGZHMGKBZF8
2022-09-CENSUS-0000128828,G3BHWLLFFLD4,2022,2023-09-04,FDHFBFRM5RQ3
2022-09-CENSUS-0000128828,G3BHWLLFFLD4,2022,2023-09-04,YW1KQLMLHM16
2022-08-CENSUS-0000235787,KB11AXTD62Z7,2022,2023-02-06,KQ7WQ1PF7RC6
2022-08-CENSUS-0000235787,KB11AXTD62Z7,2022,2023-02-06,XSGPDMAXKX79
2022-08-CENSUS-0000235787,KB11AXTD62Z7,2022,2023-02-06,KK4RKDCE6F85
2022-12-CENSUS-0000095627,RH39MK9L1MC8,2022,2023-04-19,N35MX9Q5KDJ5
2022-06-CENSUS-0000135750,KK9BEJM1L311,2022,2023-01-16,PU7GESNYJN88
2022-06-CENSUS-0000048485,ZUE9HKT2CLC9,2022,2023-03-20,M2XKLRTA9G44
2022-06-CENSUS-0000048485,ZUE9HKT2CLC9,2022,2023-03-20,GEJFEZNR9TQ7
2022-06-CENSUS-0000048485,ZUE9HKT2CLC9,2022,2023-03-20,U4DZMW5AHNN7
2022-06-CENSUS-0000156543,J7EFDKQD4D97,2022,2023-05-14,W632DCKCQDJ5
2022-12-CENSUS-0000183850,WR9DKNPUJVY8,2022,2023-07-10,E3E1ETKXWGQ6
2022-08-CENSUS-0000218354,CZABTMGHLJC8,2022,2023-01-09,DPYVW2FX8ZA7
2022-12-CENSUS-0000253394,RJ92XBYQ23J7,2022,2023-06-19,KQEGR9242T51
2022-12-CENSUS-0000253394,RJ92XBYQ23J7,2022,2023-06-19,U1M5N479CLG9
2022-09-CENSUS-0000111596,LFDKLGTB62C4,2022,2023-05-17,W1NBN156CYF9
2022-12-CENSUS-0000161932,K2QJQZVH5PM6,2022,2023-07-16,L2XTF33UJDQ5
2022-06-CENSUS-0000182877,ZFCQEBMYAKY6,2022,2023-01-09,K1C6ANXRJBQ9
2022-06-CENSUS-0000182877,ZFCQEBMYAKY6,2022,2023-01-09,VGZ8Z2WK71L7
2022-12-CENSUS-0000249837,A5XGGRKAXHR7,2022,2023-07-12,W5XGGRKAXHR7
2022-12-CENSUS-0000249837,A5XGGRKAXHR7,2022,2023-07-12,GCK2S7H3GLU6
2022-12-CENSUS-0000249837,A5XGGRKAXHR7,2022,2023-07-12,JDTDEQBV94J8
2022-12-CENSUS-0000249837,A5XGGRKAXHR7,2022,2023-07-12,L93NZ3PDAZ63
2022-12-CENSUS-0000249837,A5XGGRKAXHR7,2022,2023-07-12,X4RWYLV7MQR5
2022-12-CENSUS-0000249837,A5XGGRKAXHR7,2022,2023-07-12,E5U9LR5JK771
2022-12-CENSUS-0000249837,A5XGGRKAXHR7,2022,2023-07-12,CVA2LP5FNK25
2022-12-CENSUS-0000249837,A5XGGRKAXHR7,2022,2023-07-12,SKXDYCMJH435
2022-06-CENSUS-0000192079,VK2DNC86A4Q2,2022,2023-03-28,GKZNLM677KT6
2022-06-CENSUS-0000192079,VK2DNC86A4Q2,2022,2023-03-28,KEX1XAL23XE1
2022-06-CENSUS-0000192079,VK2DNC86A4Q2,2022,2023-03-28,Q8K6DER1H1X4
2022-06-CENSUS-0000192079,VK2DNC86A4Q2,2022,2023-03-28,R7H9LGK2KX93
2022-06-CENSUS-0000192079,VK2DNC86A4Q2,2022,2023-03-28,ZRQQMK9XKBC6
2022-06-CENSUS-0000192079,VK2DNC86A4Q2,2022,2023-03-28,L8CNRAWUGY19
2022-06-CENSUS-0000192079,VK2DNC86A4Q2,2022,2023-03-28,TN8WLRR2J6F9
2022-06-CENSUS-0000192079,VK2DNC86A4Q2,2022,2023-03-28,RNHMCME7YLL3
2022-06-CENSUS-0000192079,VK2DNC86A4Q2,2022,2023-03-28,JCMRUNBEN276
2022-06-CENSUS-0000192079,VK2DNC86A4Q2,2022,2023-03-28,PQ4JMJDP4MQ9
2022-06-CENSUS-0000192079,VK2DNC86A4Q2,2022,2023-03-28,HQ7BV9RJ3YK3
2022-06-CENSUS-0000192079,VK2DNC86A4Q2,2022,2023-03-28,SBKZK91ZVE21
2022-06-CENSUS-0000192079,VK2DNC86A4Q2,2022,2023-03-28,K5QMQ1DAJ375
2022-06-CENSUS-0000192079,VK2DNC86A4Q2,2022,2023-03-28,UHXUXGKGAUY6
2022-06-CENSUS-0000192079,VK2DNC86A4Q2,2022,2023-03-28,KBB6EBJS8CF1
2022-06-CENSUS-0000192079,VK2DNC86A4Q2,2022,2023-03-28,GQCJMJQPGBV6
2022-06-CENSUS-0000192079,VK2DNC86A4Q2,2022,2023-03-28,JMLXNVEKB353
2022-06-CENSUS-0000192079,VK2DNC86A4Q2,2022,2023-03-28,LSCLT54T9MJ9
2022-06-CENSUS-0000192079,VK2DNC86A4Q2,2022,2023-03-28,QUADSU9GD9L9
2022-06-CENSUS-0000192079,VK2DNC86A4Q2,2022,2023-03-28,UPAKJ8NLV673
2022-06-CENSUS-0000192079,VK2DNC86A4Q2,2022,2023-03-28,G2J6EHYDKP79
2022-06-CENSUS-0000192079,VK2DNC86A4Q2,2022,2023-03-28,HK7KYKUGQJJ9
2022-06-CENSUS-0000192079,VK2DNC86A4Q2,2022,2023-03-28,Y6PKBKPDCSL3
2022-06-CENSUS-0000192079,VK2DNC86A4Q2,2022,2023-03-28,ED23QCVBME75
2022-06-CENSUS-0000192079,VK2DNC86A4Q2,2022,2023-03-28,ND27SAY9UXB3
2022-06-CENSUS-0000192079,VK2DNC86A4Q2,2022,2023-03-28,PLG5KUL9D8Z6
2022-06-CENSUS-0000192079,VK2DNC86A4Q2,2022,2023-03-28,DLF8LQSQDJA5
2022-06-CENSUS-0000192079,VK2DNC86A4Q2,2022,2023-03-28,LECJQDCLHVE5
2022-06-CENSUS-0000192079,VK2DNC86A4Q2,2022,2023-03-28,HNJKNXYHMDE3
2022-06-CENSUS-0000192079,VK2DNC86A4Q2,2022,2023-03-28,W1BTHBEVYGK9
2022-06-CENSUS-0000192079,VK2DNC86A4Q2,2022,2023-03-28,QHTMLJTFWJ13
2022-12-CENSUS-0000246449,M5KMR3DZJQR6,2022,2023-09-26,C11KXJTP6ED1
2022-12-CENSUS-0000246449,M5KMR3DZJQR6,2022,2023-09-26,C4ZNNA5UJ722
2022-12-CENSUS-0000246449,M5KMR3DZJQR6,2022,2023-09-26,C6SFFSTJNT13
2022-12-CENSUS-0000246449,M5KMR3DZJQR6,2022,2023-09-26,CDGBBN1GRMJ7
2022-12-CENSUS-0000246449,M5KMR3DZJQR6,2022,2023-09-26,DUCYRRH86KX1
2022-12-CENSUS-0000246449,M5KMR3DZJQR6,2022,2023-09-26,E453B7SHHZ55
2022-12-CENSUS-0000246449,M5KMR3DZJQR6,2022,2023-09-26,ECRDBXBBPMY1
2022-12-CENSUS-0000246449,M5KMR3DZJQR6,2022,2023-09-26,EKB5BDL3S9E3
2022-12-CENSUS-0000246449,M5KMR3DZJQR6,2022,2023-09-26,EKYMVZEBNU66
2022-12-CENSUS-0000246449,M5KMR3DZJQR6,2022,2023-09-26,ET1JR286PNW6
2022-12-CENSUS-0000246449,M5KMR3DZJQR6,2022,2023-09-26,FRLFZPD64VR3
2022-12-CENSUS-0000246449,M5KMR3DZJQR6,2022,2023-09-26,GBA9DEBSUK63
2022-12-CENSUS-0000246449,M5KMR3DZJQR6,2022,2023-09-26,GPFUNSUJZC74
2022-12-CENSUS-0000246449,M5KMR3DZJQR6,2022,2023-09-26,GZ5WW5GZY2A5
2022-12-CENSUS-0000246449,M5KMR3DZJQR6,2022,2023-09-26,H3R1MLL2VLT7
2022-12-CENSUS-0000246449,M5KMR3DZJQR6,2022,2023-09-26,H71PDDJJM1Z3
2022-12-CENSUS-0000246449,M5KMR3DZJQR6,2022,2023-09-26,HKK1Q5J5LVM5
2022-12-CENSUS-0000246449,M5KMR3DZJQR6,2022,2023-09-26,HW72VKV5BKA4
2022-12-CENSUS-0000246449,M5KMR3DZJQR6,2022,2023-09-26,J39XYATH8EX4
2022-12-CENSUS-0000246449,M5KMR3DZJQR6,2022,2023-09-26,JCQCSLHK6J48
2022-12-CENSUS-0000246449,M5KMR3DZJQR6,2022,2023-09-26,JG5LWZC25FH8
2022-12-CENSUS-0000246449,M5KMR3DZJQR6,2022,2023-09-26,K5KGQAFDKCA3
2022-12-CENSUS-0000246449,M5KMR3DZJQR6,2022,2023-09-26,K8L2AFN5JQL8
2022-12-CENSUS-0000246449,M5KMR3DZJQR6,2022,2023-09-26,KUPWHQYG5RR3
2022-12-CENSUS-0000246449,M5KMR3DZJQR6,2022,2023-09-26,M4P2XBJNX4L7
2022-12-CENSUS-0000246449,M5KMR3DZJQR6,2022,2023-09-26,MDHNNKNLSVY7
2022-12-CENSUS-0000246449,M5KMR3DZJQR6,2022,2023-09-26,MG5UCJ9KLRH8
2022-12-CENSUS-0000246449,M5KMR3DZJQR6,2022,2023-09-26,MLLKCEPLLNB5
2022-12-CENSUS-0000246449,M5KMR3DZJQR6,2022,2023-09-26,MPJMU3DHSVN5
2022-12-CENSUS-0000246449,M5KMR3DZJQR6,2022,2023-09-26,MUS2WPD3HQJ8
2022-12-CENSUS-0000246449,M5KMR3DZJQR6,2022,2023-09-26,MZNTEK94AEF8
2022-12-CENSUS-0000246449,M5KMR3DZJQR6,2022,2023-09-26,N16JHYXBFCF8
2022-12-CENSUS-0000246449,M5KMR3DZJQR6,2022,2023-09-26,NAEPLHD26D19
2022-12-CENSUS-0000246449,M5KMR3DZJQR6,2022,2023-09-26,NZ2RBLAWKDN6
2022-12-CENSUS-0000246449,M5KMR3DZJQR6,2022,2023-09-26,PJL4NDZK55J1
2022-12-CENSUS-0000246449,M5KMR3DZJQR6,2022,2023-09-26,PPLRM9EKCWD7
2022-12-CENSUS-0000246449,M5KMR3DZJQR6,2022,2023-09-26,PXMAJFN9KBY9
2022-12-CENSUS-0000246449,M5KMR3DZJQR6,2022,2023-09-26,QE7NUNFCNUH1
2022-12-CENSUS-0000246449,M5KMR3DZJQR6,2022,2023-09-26,QE7NUNFCNUH2
2022-12-CENSUS-0000246449,M5KMR3DZJQR6,2022,2023-09-26,QE7NUNFCNUH3
2022-12-CENSUS-0000246449,M5KMR3DZJQR6,2022,2023-09-26,QGH1PBR2R6G3
2022-12-CENSUS-0000246449,M5KMR3DZJQR6,2022,2023-09-26,RG2GTSYTHE73
2022-12-CENSUS-0000246449,M5KMR3DZJQR6,2022,2023-09-26,T94DFVJH63C5
2022-12-CENSUS-0000246449,M5KMR3DZJQR6,2022,2023-09-26,TE17NA6UJ3F9
2022-12-CENSUS-0000246449,M5KMR3DZJQR6,2022,2023-09-26,TKXEQ6QFNN16
2022-12-CENSUS-0000246449,M5KMR3DZJQR6,2022,2023-09-26,U5UVYPFHCD23
2022-12-CENSUS-0000246449,M5KMR3DZJQR6,2022,2023-09-26,UQ4BG3LEFNU7
2022-12-CENSUS-0000246449,M5KMR3DZJQR6,2022,2023-09-26,V357FU37B8P8
2022-12-CENSUS-0000246449,M5KMR3DZJQR6,2022,2023-09-26,V7EMRHTDY4R9
2022-12-CENSUS-0000246449,M5KMR3DZJQR6,2022,2023-09-26,VMVNJLALSEM3
2022-12-CENSUS-0000246449,M5KMR3DZJQR6,2022,2023-09-26,WB37MHU2NZD3
2022-12-CENSUS-0000246449,M5KMR3DZJQR6,2022,2023-09-26,WGE5EL2D8KE6
2022-12-CENSUS-0000246449,M5KMR3DZJQR6,2022,2023-09-26,WMU1SKKU8GY4
2022-12-CENSUS-0000246449,M5KMR3DZJQR6,2022,2023-09-26,X6XJWHLHDBG5
2022-12-CENSUS-0000246449,M5KMR3DZJQR6,2022,2023-09-26,XTAPPH713NY1
2022-12-CENSUS-0000246449,M5KMR3DZJQR6,2022,2023-09-26,XYCMC7DJ8VN5
2022-12-CENSUS-0000246449,M5KMR3DZJQR6,2022,2023-09-26,YHGJHGFXLP88
2022-12-CENSUS-0000246449,M5KMR3DZJQR6,2022,2023-09-26,YLN5XLUBAW55
2022-06-CENSUS-0000180143,LLABHNB9ABM4,2022,2023-03-26,Q3LLLDFHPNL3
2022-06-CENSUS-0000180143,LLABHNB9ABM4,2022,2023-03-26,GZRNJ1GZDBM1
2022-06-CENSUS-0000180143,LLABHNB9ABM4,2022,2023-03-26,NNYSN83U4HH6
2022-06-CENSUS-0000180143,LLABHNB9ABM4,2022,2023-03-26,DHVQFXGFBLE9
2022-06-CENSUS-0000180143,LLABHNB9ABM4,2022,2023-03-26,KWTAB1GYM4L9
2022-06-CENSUS-0000180143,LLABHNB9ABM4,2022,2023-03-26,KFJ7WLKY6987
2022-06-CENSUS-0000180143,LLABHNB9ABM4,2022,2023-03-26,CMBEL6LZ4MA5
2022-06-CENSUS-0000180143,LLABHNB9ABM4,2022,2023-03-26,LY7FAJLUV9T9
2022-06-CENSUS-0000180143,LLABHNB9ABM4,2022,2023-03-26,QW4PK72Y7PM3
2022-06-CENSUS-0000180143,LLABHNB9ABM4,2022,2023-03-26,XN2SFKDS94J9
2022-06-CENSUS-0000180143,LLABHNB9ABM4,2022,2023-03-26,TL1UNGGY39N4
2022-06-CENSUS-0000180143,LLABHNB9ABM4,2022,2023-03-26,YM9JN9LJG2W8
2022-06-CENSUS-0000180143,LLABHNB9ABM4,2022,2023-03-26,HY6HKMAUZ3S3
2022-06-CENSUS-0000180143,LLABHNB9ABM4,2022,2023-03-26,KF4GJVXT3E18
2022-12-CENSUS-0000246420,Z5U7N9JXCAB3,2022,2023-07-30,VQGWWHBXBJ14
2022-06-CENSUS-0000176086,ZK89TPMVPWL3,2022,2023-01-04,GLKNB9LL8UA5
2022-06-CENSUS-0000017225,GMZUKXFDJMA9,2022,2023-01-03,NHH3T1Z96H29
2022-06-CENSUS-0000017225,GMZUKXFDJMA9,2022,2023-01-03,CDAQNZCL6287
2022-06-CENSUS-0000017225,GMZUKXFDJMA9,2022,2023-01-03,NQMVAAQUFU53
2022-06-CENSUS-0000017225,GMZUKXFDJMA9,2022,2023-01-03,LMCJKRFW5R81
2022-06-CENSUS-0000017225,GMZUKXFDJMA9,2022,2023-01-03,NJ14V2NZYM68
2022-06-CENSUS-0000017225,GMZUKXFDJMA9,2022,2023-01-03,LVVEB3CF8MB8
2022-06-CENSUS-0000017225,GMZUKXFDJMA9,2022,2023-01-03,Z8BHM18YGG86
2022-06-CENSUS-0000017225,GMZUKXFDJMA9,2022,2023-01-03,M746VC6XMNH9
2022-06-CENSUS-0000017225,GMZUKXFDJMA9,2022,2023-01-03,HYN3WD58HNN7
2022-06-CENSUS-0000017225,GMZUKXFDJMA9,2022,2023-01-03,TCMMHB95V224
2022-06-CENSUS-0000017225,GMZUKXFDJMA9,2022,2023-01-03,VKAPREANC226
2022-06-CENSUS-0000017225,GMZUKXFDJMA9,2022,2023-01-03,KCX1UVS7TDN4
2022-06-CENSUS-0000017225,GMZUKXFDJMA9,2022,2023-01-03,HRDLJHEN7A31
2022-06-CENSUS-0000017225,GMZUKXFDJMA9,2022,2023-01-03,JFN1KKMNPL53
2022-06-CENSUS-0000017225,GMZUKXFDJMA9,2022,2023-01-03,RCHLJW4S5BC4
2022-06-CENSUS-0000017225,GMZUKXFDJMA9,2022,2023-01-03,SSLNDEA6SHT6
2022-06-CENSUS-0000017225,GMZUKXFDJMA9,2022,2023-01-03,JJ2FXBDGWMG5
2022-06-CENSUS-0000017225,GMZUKXFDJMA9,2022,2023-01-03,KBTNGWV8WML7
2022-06-CENSUS-0000017225,GMZUKXFDJMA9,2022,2023-01-03,DLV5DEVHGF38
2022-06-CENSUS-0000017225,GMZUKXFDJMA9,2022,2023-01-03,M3SSQY9ACBN5
2022-06-CENSUS-0000017225,GMZUKXFDJMA9,2022,2023-01-03,VF3YXVWLNK74
2022-06-CENSUS-0000017225,GMZUKXFDJMA9,2022,2023-01-03,ZFVQJHB3V3P8
2022-06-CENSUS-0000017225,GMZUKXFDJMA9,2022,2023-01-03,HC89YCZSKKF9
2022-06-CENSUS-0000017225,GMZUKXFDJMA9,2022,2023-01-03,TL95NFF5X9Z1
2022-06-CENSUS-0000017225,GMZUKXFDJMA9,2022,2023-01-03,DLFSG7C4VFN5
2022-06-CENSUS-0000017225,GMZUKXFDJMA9,2022,2023-01-03,P9EKXUKS9T93
2022-06-CENSUS-0000017225,GMZUKXFDJMA9,2022,2023-01-03,JA8GV1L9NDL5
2022-06-CENSUS-0000017225,GMZUKXFDJMA9,2022,2023-01-03,NK5CPKU3K7T8
2022-06-CENSUS-0000017225,GMZUKXFDJMA9,2022,2023-01-03,XM6CBJX6SBH1
2022-06-CENSUS-0000017225,GMZUKXFDJMA9,2022,2023-01-03,ENHFETGG2L51
2022-12-CENSUS-0000239097,WJ76MJKE8K93,2022,2023-09-04,XL1KN51ESDM5
2022-12-CENSUS-0000110753,GZ8HQK4CTZC4,2022,2023-08-30,DYMLKU62PS96
2022-06-CENSUS-0000170395,QE68HMBJ3LS9,2022,2023-01-26,M2J4DA24YMK1
2022-06-CENSUS-0000131815,SJGRH7XMSBK6,2022,2023-03-28,HWL3FAHX9NA3
2022-06-CENSUS-0000131815,SJGRH7XMSBK6,2022,2023-03-28,W4Z5MEE2X3J5
2022-06-CENSUS-0000131815,SJGRH7XMSBK6,2022,2023-03-28,MDELWJR64KG1
2022-06-CENSUS-0000131815,SJGRH7XMSBK6,2022,2023-03-28,Z3MPV554MWM8
2022-06-CENSUS-0000131815,SJGRH7XMSBK6,2022,2023-03-28,ML5KEKN6WXY1
2022-06-CENSUS-0000171181,F1Q5JJXS2FA7,2022,2023-01-26,EJVELQN9EW37
2022-12-CENSUS-0000254582,JGLCTQNY9ER6,2022,2023-09-14,W98UD6BF1L36
2022-06-CENSUS-0000176040,VTMSRV63Q2L7,2022,2023-02-28,FDALYDNU8C18
2022-06-CENSUS-0000257955,EG7DQFMJQ556,2022,2023-08-22,E7U2NV7AKAH7
2022-06-CENSUS-0000257955,EG7DQFMJQ556,2022,2023-08-22,DXR9YBKHLWS9
2022-06-CENSUS-0000257955,EG7DQFMJQ556,2022,2023-08-22,N8QZLJTK1R13
2022-06-CENSUS-0000257955,EG7DQFMJQ556,2022,2023-08-22,MAMFUAZJB618
2022-06-CENSUS-0000257955,EG7DQFMJQ556,2022,2023-08-22,MSKWQBRE3647
2022-09-CENSUS-0000153132,E83JMY8WTUJ8,2022,2023-03-29,EE3KXCM84431
2022-06-CENSUS-0000255064,WDKTPK94TAT5,2022,2023-03-27,F77URVZWNTL2
2022-06-CENSUS-0000255064,WDKTPK94TAT5,2022,2023-03-27,F7P5MRLNA4V4
2022-06-CENSUS-0000251133,E3MRTEM17PM8,2022,2023-03-30,ME4MH2KY2RJ4
2022-06-CENSUS-0000251133,E3MRTEM17PM8,2022,2023-03-30,X9WLKWY9JBK5
2022-06-CENSUS-0000251133,E3MRTEM17PM8,2022,2023-03-30,F524B8VKN7R4
2022-06-CENSUS-0000251133,E3MRTEM17PM8,2022,2023-03-30,NJQQNJJ5RLD5
2022-06-CENSUS-0000251133,E3MRTEM17PM8,2022,2023-03-30,MDNEQSUYWTN7
2022-06-CENSUS-0000251133,E3MRTEM17PM8,2022,2023-03-30,MM9JW55MEAA5
2022-06-CENSUS-0000251133,E3MRTEM17PM8,2022,2023-03-30,KSCBDNRJ8YK3
2022-06-CENSUS-0000251133,E3MRTEM17PM8,2022,2023-03-30,NSHMNXF78865
2022-06-CENSUS-0000251133,E3MRTEM17PM8,2022,2023-03-30,TH55E9ARPHP7
2022-06-CENSUS-0000251133,E3MRTEM17PM8,2022,2023-03-30,J7HJBLPUJNZ8
2022-09-CENSUS-0000229932,JVKEAGGDVT95,2022,2023-03-29,N6EGEDUJZNY7
2022-06-CENSUS-0000202564,VFCCS8BB7JN5,2022,2023-03-22,KJ5ALUF2BHJ3
2022-06-CENSUS-0000184433,HHNSELK9YUL5,2022,2023-03-28,CZGEK7CQEA23
2022-06-CENSUS-0000184433,HHNSELK9YUL5,2022,2023-03-28,UH8JQNXXKXL9
2022-06-CENSUS-0000251743,YKRMUHAUZP35,2022,2023-03-30,EFL5MJVXWN43
2022-12-CENSUS-0000244716,NM8DC7NAFE83,2022,2023-09-27,MYLNG3AKNVD7
2022-06-CENSUS-0000253843,RHAHZ8RWTKJ4,2022,2023-09-24,LWLEALYPJY34
2022-06-CENSUS-0000229135,JWDFLUUV3J96,2022,2023-03-30,JWUGWWM25624
2022-06-CENSUS-0000229135,JWDFLUUV3J96,2022,2023-03-30,JX2WUASK13D9
2022-06-CENSUS-0000176067,VKMPUM8MKDZ6,2022,2023-04-10,G7SNMWCW15N1
2022-09-CENSUS-0000149036,NJTGBUGAVBF9,2022,2023-04-17,YCC1MHVLGJ77
2022-09-CENSUS-0000149036,NJTGBUGAVBF9,2022,2023-04-17,MSKFX9JG27Y4
2022-06-CENSUS-0000025545,GM1XX56LEP58,2022,2023-03-19,H7LMD1ANJNN4
2022-06-CENSUS-0000025545,GM1XX56LEP58,2022,2023-03-19,N7U5NURNG4T5
2022-06-CENSUS-0000154800,ZNXUM59GJ8B9,2022,2023-03-29,XL8KZKF7LQ41
2022-06-CENSUS-0000154800,ZNXUM59GJ8B9,2022,2023-03-29,EL1FNG3EUSF9
2022-06-CENSUS-0000154800,ZNXUM59GJ8B9,2022,2023-03-29,H89XJEXF7K38
2022-06-CENSUS-0000154800,ZNXUM59GJ8B9,2022,2023-03-29,HKQDEXRXGKL1
2022-06-CENSUS-0000154800,ZNXUM59GJ8B9,2022,2023-03-29,FKTMJESNM3U6
2022-06-CENSUS-0000154800,ZNXUM59GJ8B9,2022,2023-03-29,HPZJJJ7AMFL4
2022-06-CENSUS-0000154800,ZNXUM59GJ8B9,2022,2023-03-29,XQKBAQJDNKU5
2022-06-CENSUS-0000154800,ZNXUM59GJ8B9,2022,2023-03-29,Q1Y9NH3C7AH6
2022-06-CENSUS-0000154800,ZNXUM59GJ8B9,2022,2023-03-29,NUSELTALU9E7
2022-06-CENSUS-0000048679,D2WQK2SC34K3,2022,2023-01-22,ZXN8L7NKKZB5
2022-06-CENSUS-0000048679,D2WQK2SC34K3,2022,2023-01-22,YA4RG35SBQP1
2022-06-CENSUS-0000048679,D2WQK2SC34K3,2022,2023-01-22,CY15EZSM78M1
2022-06-CENSUS-0000048679,D2WQK2SC34K3,2022,2023-01-22,F26PJ3MDDWZ8
2022-06-CENSUS-0000048679,D2WQK2SC34K3,2022,2023-01-22,HHLJS8J75YJ5
2022-06-CENSUS-0000048679,D2WQK2SC34K3,2022,2023-01-22,JMN9FP4BJLG3
2022-06-CENSUS-0000048679,D2WQK2SC34K3,2022,2023-01-22,E7KHQNF3GBQ3
2022-12-CENSUS-0000209512,J4RWQ2B6QDD1,2022,2023-06-13,DSK4NKK5UBT4
2022-12-CENSUS-0000209512,J4RWQ2B6QDD1,2022,2023-06-13,C6TRXSJTG9J7
2022-06-CENSUS-0000148110,CTFSVK5FBJ52,2022,2023-05-25,YM3XDFHHXGR7
2022-06-CENSUS-0000148110,CTFSVK5FBJ52,2022,2023-05-25,J957CTKNT9T4
2022-06-CENSUS-0000148110,CTFSVK5FBJ52,2022,2023-05-25,N657LGPWEJ18
2022-06-CENSUS-0000176119,PVUJUTLZKEP1,2022,2023-01-30,JWDUHWSD5Z24
2022-04-CENSUS-0000138798,NXYGYP818J94,2022,2023-02-09,VS78TQCRKL31
2022-09-CENSUS-0000075117,UYLKBRENAPG5,2022,2023-02-02,PGCGHA61LYK4
2022-09-CENSUS-0000075117,UYLKBRENAPG5,2022,2023-02-02,G7LUE7FB3GG7
2022-06-CENSUS-0000136797,JG4LLWLFK4M7,2022,2023-01-19,NJM6HCB15KC1
2022-06-CENSUS-0000136797,JG4LLWLFK4M7,2022,2023-01-19,RQUXHLKXPHL7
2022-06-CENSUS-0000176098,C84LTJNKZF45,2022,2023-01-18,RQDYNRU27NS1
2022-06-CENSUS-0000176098,C84LTJNKZF45,2022,2023-01-18,ULBBGJ8MKFF6
2022-12-CENSUS-0000221909,LMJUC7HXT5T3,2022,2023-09-26,GXDMW6L1SKA5
2022-12-CENSUS-0000221909,LMJUC7HXT5T3,2022,2023-09-26,MENGJK9UZ793
2022-12-CENSUS-0000230643,Z5RNA58U1JT3,2022,2023-09-26,LC7ML9ED1KD6
2022-06-CENSUS-0000219918,GHUMTNSYMNH3,2022,2023-03-30,PDHFBNL6DCB7
2022-06-CENSUS-0000219918,GHUMTNSYMNH3,2022,2023-03-30,C8CBZNJS8DV5
2022-06-CENSUS-0000219918,GHUMTNSYMNH3,2022,2023-03-30,H7KSTG1AL288
2022-06-CENSUS-0000219918,GHUMTNSYMNH3,2022,2023-03-30,GQR3F64EKCR3
2022-06-CENSUS-0000219918,GHUMTNSYMNH3,2022,2023-03-30,L5CJZCSTRLJ5
2022-06-CENSUS-0000219918,GHUMTNSYMNH3,2022,2023-03-30,EJ8ZAH8FHMN5
2022-08-CENSUS-0000174131,RMY3LXEM29P3,2022,2023-01-02,K9F6JZ25GQ31
2022-08-CENSUS-0000174131,RMY3LXEM29P3,2022,2023-01-02,JF72B5DKKAG1
2022-08-CENSUS-0000174131,RMY3LXEM29P3,2022,2023-01-02,ENEHHD2ETXF6
2022-09-CENSUS-0000212675,EEBBEKAVL7R3,2022,2023-06-27,EABBAMXVCDW9
2022-09-CENSUS-0000212675,EEBBEKAVL7R3,2022,2023-06-27,FTQ3LJHWLXG3
2022-09-CENSUS-0000212675,EEBBEKAVL7R3,2022,2023-06-27,THXCLSZHLEV5
2022-09-CENSUS-0000212675,EEBBEKAVL7R3,2022,2023-06-27,MBV5CULUAGL7
2022-09-CENSUS-0000212675,EEBBEKAVL7R3,2022,2023-06-27,DKM8EGH5KHJ6
2022-09-CENSUS-0000212675,EEBBEKAVL7R3,2022,2023-06-27,CANWCUYWCMF5
2022-06-CENSUS-0000232275,QPCQDKA2MMJ7,2022,2023-03-26,NX4BZP4JS4W5
2022-06-CENSUS-0000232275,QPCQDKA2MMJ7,2022,2023-03-26,KEU4FJBL3XA7
2022-06-CENSUS-0000232275,QPCQDKA2MMJ7,2022,2023-03-26,JR4DTGD44W17
2022-06-CENSUS-0000232275,QPCQDKA2MMJ7,2022,2023-03-26,TZ6CDVJC23J9
2022-06-CENSUS-0000232275,QPCQDKA2MMJ7,2022,2023-03-26,SUF7M12KVEZ3
2022-06-CENSUS-0000232275,QPCQDKA2MMJ7,2022,2023-03-26,QT6HEUSP79A3
2022-06-CENSUS-0000232275,QPCQDKA2MMJ7,2022,2023-03-26,XMH8Q7HNB375
2022-06-CENSUS-0000232275,QPCQDKA2MMJ7,2022,2023-03-26,ZEV3S8J56863
2022-06-CENSUS-0000232275,QPCQDKA2MMJ7,2022,2023-03-26,SSMYSXM9Z9T1
2022-06-CENSUS-0000232275,QPCQDKA2MMJ7,2022,2023-03-26,RWCHBD9SK2K6
2022-06-CENSUS-0000232275,QPCQDKA2MMJ7,2022,2023-03-26,FDMPRGFLKBC9
2022-06-CENSUS-0000232275,QPCQDKA2MMJ7,2022,2023-03-26,HFVALAJLM8A3
2022-06-CENSUS-0000232275,QPCQDKA2MMJ7,2022,2023-03-26,FHEGY1AKQHT8
2022-06-CENSUS-0000232275,QPCQDKA2MMJ7,2022,2023-03-26,L57JK4SRQ1G8
2022-06-CENSUS-0000232275,QPCQDKA2MMJ7,2022,2023-03-26,KR79TVEHESC4
2022-06-CENSUS-0000232275,QPCQDKA2MMJ7,2022,2023-03-26,K3VRQMN5MH85
2022-12-CENSUS-0000255176,GJB7RCCGLZA4,2022,2023-09-28,M875KKDMPT18
2022-12-CENSUS-0000224672,D4CLNGUXJ9G3,2022,2023-09-27,GZ6LSX2QKTN6
2022-06-CENSUS-0000191889,KYWWQMMM1PZ4,2022,2023-03-29,UANQK7MJM8J5
2022-12-CENSUS-0000199289,RU8PVC6GDD47,2022,2023-09-28,CHPDEB35NFX4
2022-12-CENSUS-0000253474,ZQ14R2U4N785,2022,2023-09-28,UKNAEFXP4KL3
2022-06-CENSUS-0000014379,NEWKZMJ1U345,2022,2023-03-28,HYS6RGJFNKA6
2022-06-CENSUS-0000014379,NEWKZMJ1U345,2022,2023-03-28,X7ETR9DVJMA1
2022-06-CENSUS-0000132266,MYM4VNNBN6T9,2022,2023-03-28,ETKMKZJ6RGB7
2022-06-CENSUS-0000132266,MYM4VNNBN6T9,2022,2023-03-28,WCUERJAE8CM5
2022-06-CENSUS-0000132266,MYM4VNNBN6T9,2022,2023-03-28,CK7BAVKBDW28
2022-06-CENSUS-0000132266,MYM4VNNBN6T9,2022,2023-03-28,JZ9BSV3GSJ54
2022-06-CENSUS-0000132266,MYM4VNNBN6T9,2022,2023-03-28,DCTNHRGU1K75
2022-06-CENSUS-0000132266,MYM4VNNBN6T9,2022,2023-03-28,LTDTMU3KHMH6
2022-06-CENSUS-0000132266,MYM4VNNBN6T9,2022,2023-03-28,JJCMD7L3NGP9
2022-06-CENSUS-0000132266,MYM4VNNBN6T9,2022,2023-03-28,SLJ1LL3ZPKJ3
2022-06-CENSUS-0000132266,MYM4VNNBN6T9,2022,2023-03-28,E42PRK5JAJ13
2022-06-CENSUS-0000132266,MYM4VNNBN6T9,2022,2023-03-28,K2Z4R5AKMT95
2022-06-CENSUS-0000132266,MYM4VNNBN6T9,2022,2023-03-28,GHXUS2VEXHY1
2022-06-CENSUS-0000132266,MYM4VNNBN6T9,2022,2023-03-28,SRZKDWN293M2
2022-06-CENSUS-0000132266,MYM4VNNBN6T9,2022,2023-03-28,LNADLQGAWKL6
2022-06-CENSUS-0000132266,MYM4VNNBN6T9,2022,2023-03-28,N9JTR4AN3ZD1
2022-06-CENSUS-0000132266,MYM4VNNBN6T9,2022,2023-03-28,LFNSYLNF7C84
2022-06-CENSUS-0000132266,MYM4VNNBN6T9,2022,2023-03-28,KDKCKG1YZCB6
2022-06-CENSUS-0000132266,MYM4VNNBN6T9,2022,2023-03-28,EL3RB31KENH3
2022-06-CENSUS-0000132266,MYM4VNNBN6T9,2022,2023-03-28,G2ACFK8T2MJ6
2022-12-CENSUS-0000202468,SGT3JWQAYN48,2022,2023-07-31,H3VBLW7JN4R1
2022-06-CENSUS-0000070109,C1ETUFNCZBL7,2022,2023-03-28,MH5GLLCMQM15
2022-06-CENSUS-0000070109,C1ETUFNCZBL7,2022,2023-03-28,LC5AM5JE88A5
2022-06-CENSUS-0000070109,C1ETUFNCZBL7,2022,2023-03-28,M4P1VSJM1WC8
2022-12-CENSUS-0000078689,HNR1MNZJGYJ1,2022,2023-10-01,SZ6HKGMCNXJ4
2022-06-CENSUS-0000171635,HLA9MHJ7A178,2022,2023-03-20,Z4PNKUG2EDJ8
2022-06-CENSUS-0000171635,HLA9MHJ7A178,2022,2023-03-20,ZXW4K77B8216
2022-09-CENSUS-0000224135,DRXFNJ7NXBJ3,2022,2023-06-27,E4NKUWJTXB53
2022-12-CENSUS-0000252147,K3MWP752NSM4,2022,2023-05-30,J4CXRET5NS69
2022-09-CENSUS-0000068080,H86ZNGYKFVV4,2022,2023-06-28,GWEGDNRLVMX1
2022-09-CENSUS-0000068080,H86ZNGYKFVV4,2022,2023-06-28,UEMEN9LK6PP3
2022-09-CENSUS-0000068080,H86ZNGYKFVV4,2022,2023-06-28,K24HV7YPTET7
2022-09-CENSUS-0000068080,H86ZNGYKFVV4,2022,2023-06-28,FSMKANGZTAW4
2022-06-CENSUS-0000037834,NGCKFNEEYJL5,2022,2023-03-30,CHCBT5MM9A66
2022-06-CENSUS-0000037834,NGCKFNEEYJL5,2022,2023-03-30,NBK7AL5NMMN8
2022-06-CENSUS-0000037834,NGCKFNEEYJL5,2022,2023-03-30,KFHZH5HDCPP3
2022-06-CENSUS-0000037834,NGCKFNEEYJL5,2022,2023-03-30,ZAGUBBCCQH67
2022-06-CENSUS-0000155960,TH74SE96JVC7,2022,2023-01-09,UYC2NHKR8814
2022-06-CENSUS-0000155960,TH74SE96JVC7,2022,2023-01-09,M3Q3R666XNF7
2022-06-CENSUS-0000155960,TH74SE96JVC7,2022,2023-01-09,UC1UVAQCGFB5
2022-06-CENSUS-0000155960,TH74SE96JVC7,2022,2023-01-09,W67CL6Y3KNN7
2022-06-CENSUS-0000155960,TH74SE96JVC7,2022,2023-01-09,JTMEHXNMJ5J5
2022-06-CENSUS-0000155960,TH74SE96JVC7,2022,2023-01-09,VGFJUN77S146
2022-09-CENSUS-0000172891,ENS6MKS1ZL18,2022,2023-03-23,U79EKD6DXHC6
2022-09-CENSUS-0000172891,ENS6MKS1ZL18,2022,2023-03-23,F7RMBTZ8D1D5
2022-02-CENSUS-0000139468,HC6KFMYKA3G9,2022,2023-01-05,VBD7LLHA3MJ3
2022-02-CENSUS-0000139468,HC6KFMYKA3G9,2022,2023-01-05,KZGLNK9P52N5
2022-02-CENSUS-0000139468,HC6KFMYKA3G9,2022,2023-01-05,DUNPM99HLN85
2022-02-CENSUS-0000139468,HC6KFMYKA3G9,2022,2023-01-05,K7S4YDPCK377
2022-06-CENSUS-0000176088,J5KHS42SH3A8,2022,2023-01-08,GFJKAS24CKG7
2022-12-CENSUS-0000097663,SNRQVDQNHWK7,2022,2023-09-28,KFRMNGMWXYN5
2022-12-CENSUS-0000097663,SNRQVDQNHWK7,2022,2023-09-28,GNZWNBKFGM35
2022-06-CENSUS-0000147148,PGV6VDDB8PF8,2022,2023-01-18,X7MAE19N5RH4
2022-06-CENSUS-0000133916,CJAAYN7JEPJ4,2022,2023-02-02,R6K7H1TA34V8
2022-12-CENSUS-0000253638,D7S9J5YQRB29,2022,2023-05-08,ZDUGELADKXL6
2022-12-CENSUS-0000253638,D7S9J5YQRB29,2022,2023-05-08,E86XWL28SJV8
2022-12-CENSUS-0000253638,D7S9J5YQRB29,2022,2023-05-08,PF9GKUG1CUS2
2022-12-CENSUS-0000253638,D7S9J5YQRB29,2022,2023-05-08,UBKUHCSCMHD7
2022-12-CENSUS-0000253638,D7S9J5YQRB29,2022,2023-05-08,W8AAM4GPMCS6
2022-12-CENSUS-0000253638,D7S9J5YQRB29,2022,2023-05-08,SX7LKTR8LZK1
2022-12-CENSUS-0000253638,D7S9J5YQRB29,2022,2023-05-08,RJA4E9KDERX1
2022-12-CENSUS-0000253638,D7S9J5YQRB29,2022,2023-05-08,RHXNG98TN373
2022-12-CENSUS-0000253638,D7S9J5YQRB29,2022,2023-05-08,L8MEKNNXLDB1
2022-12-CENSUS-0000253638,D7S9J5YQRB29,2022,2023-05-08,TJHVDJZJJG33
2022-06-CENSUS-0000198517,HBK8SBCQJ8X5,2022,2023-02-13,GFVUZNUNNQW3
2022-06-CENSUS-0000198517,HBK8SBCQJ8X5,2022,2023-02-13,CTN6WTL53KL5
2022-06-CENSUS-0000198517,HBK8SBCQJ8X5,2022,2023-02-13,LKL9DPTCFMQ7
2022-06-CENSUS-0000198517,HBK8SBCQJ8X5,2022,2023-02-13,TKV8PAW2FA97
2022-06-CENSUS-0000198517,HBK8SBCQJ8X5,2022,2023-02-13,X7MEDXL78N57
2022-06-CENSUS-0000198517,HBK8SBCQJ8X5,2022,2023-02-13,C1H2S6ENSW58
2022-06-CENSUS-0000171372,LZ7JSLK4WYQ1,2022,2023-03-23,V4ARMUS5EDZ3
2022-06-CENSUS-0000252884,FKNJLLU4CSZ3,2022,2023-01-21,EKNHFBZTN5A5
2022-06-CENSUS-0000252884,FKNJLLU4CSZ3,2022,2023-01-21,Q7FJSCPR5TN3
2022-06-CENSUS-0000252884,FKNJLLU4CSZ3,2022,2023-01-21,QSNPX6PKRUA8
2022-06-CENSUS-0000252884,FKNJLLU4CSZ3,2022,2023-01-21,C177RLK5KG51
2022-12-CENSUS-0000189229,K7NNC5QREG68,2022,2023-09-28,DANHBRM67KD6
2022-12-CENSUS-0000213033,DNFQP5RM2B37,2022,2023-09-26,DGVHJWKLND44
2022-12-CENSUS-0000213033,DNFQP5RM2B37,2022,2023-09-26,WPK4K92W4UK6
2022-06-CENSUS-0000132316,JJZLKAS3G111,2022,2023-03-21,HKG8VNV8KNM3
2022-06-CENSUS-0000000082,D1JMAQKMD9Q7,2022,2023-03-30,KUFDCRYELNF8
2022-06-CENSUS-0000000082,D1JMAQKMD9Q7,2022,2023-03-30,WS6FN9FB7BC7
2022-06-CENSUS-0000000082,D1JMAQKMD9Q7,2022,2023-03-30,XQYMVQCEJV21
2022-06-CENSUS-0000000082,D1JMAQKMD9Q7,2022,2023-03-30,ZDCAQZPBMHY7
2022-06-CENSUS-0000000082,D1JMAQKMD9Q7,2022,2023-03-30,NWLYD5FGX885
2022-12-CENSUS-0000226066,F94VMUFH95M3,2022,2023-10-01,LDAJYDBB56N8
2022-12-CENSUS-0000226066,F94VMUFH95M3,2022,2023-10-01,UCXMC346Q628
2022-12-CENSUS-0000251282,KEEKC4GLZWN5,2022,2023-09-28,JKMFQANTKYF8
2022-06-CENSUS-0000193043,K2GKE2AHEKU3,2022,2023-06-01,JBCNNCHJVYC8
2022-06-CENSUS-0000193043,K2GKE2AHEKU3,2022,2023-06-01,K6K5WKBAYGQ1
2022-06-CENSUS-0000193043,K2GKE2AHEKU3,2022,2023-06-01,WFVHMSF6BU45
2022-06-CENSUS-0000193043,K2GKE2AHEKU3,2022,2023-06-01,NTXJM52SHKS7
2022-06-CENSUS-0000193043,K2GKE2AHEKU3,2022,2023-06-01,ZLGAMJE8YBN3
2022-06-CENSUS-0000193043,K2GKE2AHEKU3,2022,2023-06-01,R597J3LBFG58
2022-06-CENSUS-0000193043,K2GKE2AHEKU3,2022,2023-06-01,G1THVER8BNL4
2022-06-CENSUS-0000193043,K2GKE2AHEKU3,2022,2023-06-01,M1K8LJAET5R1
2022-06-CENSUS-0000193043,K2GKE2AHEKU3,2022,2023-06-01,X59NJBFL8BJ3
2022-06-CENSUS-0000193043,K2GKE2AHEKU3,2022,2023-06-01,N2PNJNLP8E95
2022-09-CENSUS-0000077619,PSM9KZ1BQB51,2022,2023-03-24,UR3LLKJH55K8
2022-09-CENSUS-0000136126,R37RMC63XKG1,2022,2023-04-05,RUVWESM2SAN5
2022-09-CENSUS-0000136126,R37RMC63XKG1,2022,2023-04-05,MKVTBLHMGLE5
2022-09-CENSUS-0000136126,R37RMC63XKG1,2022,2023-04-05,RJ1VLC549VP9
2022-09-CENSUS-0000136126,R37RMC63XKG1,2022,2023-04-05,F8HLH7H8FL19
2022-09-CENSUS-0000136126,R37RMC63XKG1,2022,2023-04-05,MTR5DZZXHTG5
2022-12-CENSUS-0000258511,LL45F4VHE6N3,2022,2023-07-05,EMUDE2HCJA64
2022-12-CENSUS-0000258511,LL45F4VHE6N3,2022,2023-07-05,FYD8XGLZB667
2022-12-CENSUS-0000258511,LL45F4VHE6N3,2022,2023-07-05,Z7UKLQ63AMNA
2022-12-CENSUS-0000258511,LL45F4VHE6N3,2022,2023-07-05,KLM4VTGX6W66
2022-12-CENSUS-0000258511,LL45F4VHE6N3,2022,2023-07-05,F55XQX5WRXF4
2022-06-CENSUS-0000255058,LFK8DDLYRHL6,2022,2023-03-29,M3G6D6EM4SK5
2022-06-CENSUS-0000065809,R5NLU8N9K7A5,2022,2023-03-24,T1KQEF3RFU34
2022-09-CENSUS-0000251754,CNPAZU1NXQ76,2022,2023-06-19,HCKBVEN2LF83
2022-09-CENSUS-0000251754,CNPAZU1NXQ76,2022,2023-06-19,KREFH3MM1PJ8
2022-06-CENSUS-0000171410,T3LGVRCFU3D8,2022,2023-03-16,K3YATGFHK6Q7
2022-06-CENSUS-0000205249,QX77NG4KMBN9,2022,2023-03-27,C7J2QDZKR8J3
2022-06-CENSUS-0000255754,D6W1TU86W1H7,2022,2023-03-30,TV8HLWEKE1K9
2022-06-CENSUS-0000255754,D6W1TU86W1H7,2022,2023-03-30,PMFFGYN43E96
2022-06-CENSUS-0000255754,D6W1TU86W1H7,2022,2023-03-30,HH99BFDSELL7
2022-06-CENSUS-0000255754,D6W1TU86W1H7,2022,2023-03-30,TNRNQMMU7MG4
2022-06-CENSUS-0000255754,D6W1TU86W1H7,2022,2023-03-30,FAFLSHT3AM77
2022-06-CENSUS-0000255754,D6W1TU86W1H7,2022,2023-03-30,CW63MLE9VJSS
2022-06-CENSUS-0000255754,D6W1TU86W1H7,2022,2023-03-30,YRQQG89ZCGD7
2022-06-CENSUS-0000255754,D6W1TU86W1H7,2022,2023-03-30,TR6NEL9A3P88
2022-09-CENSUS-0000253755,MLRFM5DE1HN4,2022,2023-01-26,HMN4SL4DYUJ8
2022-09-CENSUS-0000253755,MLRFM5DE1HN4,2022,2023-01-26,D878U5S6DCM5
2022-09-CENSUS-0000253755,MLRFM5DE1HN4,2022,2023-01-26,SRNPSJBBG3R6
2022-12-CENSUS-0000199567,KUKXRCZ6NZC2,2022,2023-08-30,QKGCV2U6YGL4
2022-12-CENSUS-0000199567,KUKXRCZ6NZC2,2022,2023-08-30,GDTAL8EDAB65
2022-12-CENSUS-0000199567,KUKXRCZ6NZC2,2022,2023-08-30,SF1SQWQ8L9M4
2022-06-CENSUS-0000176097,G75LLL3XCKV4,2022,2023-03-05,Q8APBK5V2QA6
2022-12-CENSUS-0000187697,SN26MRT2DNJ5,2022,2023-09-27,FMM6LFJGNED7
2022-06-CENSUS-0000225766,NPBZU7JUCLH3,2022,2023-03-30,LC43ZWR8ADW6
2022-06-CENSUS-0000225766,NPBZU7JUCLH3,2022,2023-03-30,D78LWGWT2WF8
2022-06-CENSUS-0000225766,NPBZU7JUCLH3,2022,2023-03-30,YJUTG3FF2KM6
2022-06-CENSUS-0000135992,MLPHE6J9M4Q5,2022,2023-03-29,CLKEKKGMGJP8
2022-06-CENSUS-0000135992,MLPHE6J9M4Q5,2022,2023-03-29,D2RSULGRWGT8
2022-06-CENSUS-0000135992,MLPHE6J9M4Q5,2022,2023-03-29,D9ZXG7SNEBK3
2022-06-CENSUS-0000135992,MLPHE6J9M4Q5,2022,2023-03-29,DAUQS4F57JA9
2022-06-CENSUS-0000135992,MLPHE6J9M4Q5,2022,2023-03-29,DFRSGEGKD6M6
2022-06-CENSUS-0000135992,MLPHE6J9M4Q5,2022,2023-03-29,DUX6LETM8MN1
2022-06-CENSUS-0000135992,MLPHE6J9M4Q5,2022,2023-03-29,E32JH7C6LW39
2022-06-CENSUS-0000135992,MLPHE6J9M4Q5,2022,2023-03-29,EF6TCJGSRDF4
2022-06-CENSUS-0000135992,MLPHE6J9M4Q5,2022,2023-03-29,EGNALABKQUF4
2022-06-CENSUS-0000135992,MLPHE6J9M4Q5,2022,2023-03-29,EKP2WKQRWJF3
2022-06-CENSUS-0000135992,MLPHE6J9M4Q5,2022,2023-03-29,EVH2FVQNH8J6
2022-06-CENSUS-0000135992,MLPHE6J9M4Q5,2022,2023-03-29,F49HHNDR5LJ5
2022-06-CENSUS-0000135992,MLPHE6J9M4Q5,2022,2023-03-29,FENYF8PUGPY8
2022-06-CENSUS-0000135992,MLPHE6J9M4Q5,2022,2023-03-29,FHNCT52K3G18
2022-06-CENSUS-0000135992,MLPHE6J9M4Q5,2022,2023-03-29,FMJUN5TFF5U6
2022-06-CENSUS-0000135992,MLPHE6J9M4Q5,2022,2023-03-29,G8N7TMEP2HT3
2022-06-CENSUS-0000135992,MLPHE6J9M4Q5,2022,2023-03-29,GALANN94TV68
2022-06-CENSUS-0000135992,MLPHE6J9M4Q5,2022,2023-03-29,GDXAPKX4N922
2022-06-CENSUS-0000135992,MLPHE6J9M4Q5,2022,2023-03-29,H952BUAS7CU3
2022-06-CENSUS-0000135992,MLPHE6J9M4Q5,2022,2023-03-29,HD2JM719PV43
2022-06-CENSUS-0000135992,MLPHE6J9M4Q5,2022,2023-03-29,HJYBSCHHQNM7
2022-06-CENSUS-0000135992,MLPHE6J9M4Q5,2022,2023-03-29,HPUJNXL7FH81
2022-06-CENSUS-0000135992,MLPHE6J9M4Q5,2022,2023-03-29,J1KWEKZKCBU9
2022-06-CENSUS-0000135992,MLPHE6J9M4Q5,2022,2023-03-29,JJZLZEVKHWA3
2022-06-CENSUS-0000135992,MLPHE6J9M4Q5,2022,2023-03-29,JTGHESYB8QF7
2022-06-CENSUS-0000135992,MLPHE6J9M4Q5,2022,2023-03-29,JZB4GJJJYWT5
2022-06-CENSUS-0000135992,MLPHE6J9M4Q5,2022,2023-03-29,KJVNRH5MJRK1
2022-06-CENSUS-0000135992,MLPHE6J9M4Q5,2022,2023-03-29,KYNPCAFAQLL7
2022-06-CENSUS-0000135992,MLPHE6J9M4Q5,2022,2023-03-29,L922GZ3VLV69
2022-06-CENSUS-0000135992,MLPHE6J9M4Q5,2022,2023-03-29,LBZVUEPMPCL9
2022-06-CENSUS-0000135992,MLPHE6J9M4Q5,2022,2023-03-29,LPLFKDHB3557
2022-06-CENSUS-0000135992,MLPHE6J9M4Q5,2022,2023-03-29,LRJBCW11YMS7
2022-06-CENSUS-0000135992,MLPHE6J9M4Q5,2022,2023-03-29,M2WMNC6CQGG8
2022-06-CENSUS-0000135992,MLPHE6J9M4Q5,2022,2023-03-29,N7HGRQMLKWC3
2022-06-CENSUS-0000135992,MLPHE6J9M4Q5,2022,2023-03-29,PDLPZCLT3L83
2022-06-CENSUS-0000135992,MLPHE6J9M4Q5,2022,2023-03-29,PDMJH9KP2JK2
2022-06-CENSUS-0000135992,MLPHE6J9M4Q5,2022,2023-03-29,PNANGNXC8LA8
2022-06-CENSUS-0000135992,MLPHE6J9M4Q5,2022,2023-03-29,R65MGCUJD9Q5
2022-06-CENSUS-0000135992,MLPHE6J9M4Q5,2022,2023-03-29,RE5KRLKZ2LK3
2022-06-CENSUS-0000135992,MLPHE6J9M4Q5,2022,2023-03-29,RHW9PV9LCS15
2022-06-CENSUS-0000135992,MLPHE6J9M4Q5,2022,2023-03-29,SKKUMUB33DG9
2022-06-CENSUS-0000135992,MLPHE6J9M4Q5,2022,2023-03-29,TL9NCVARNPP9
2022-06-CENSUS-0000135992,MLPHE6J9M4Q5,2022,2023-03-29,V53WDF42KHN4
2022-06-CENSUS-0000135992,MLPHE6J9M4Q5,2022,2023-03-29,VBNTCUKT3YT1
2022-06-CENSUS-0000135992,MLPHE6J9M4Q5,2022,2023-03-29,W8RQAEDNUMX7
2022-06-CENSUS-0000135992,MLPHE6J9M4Q5,2022,2023-03-29,XJBQBX4U62A7
2022-06-CENSUS-0000135992,MLPHE6J9M4Q5,2022,2023-03-29,XKX7M2G43ZK5
2022-06-CENSUS-0000135992,MLPHE6J9M4Q5,2022,2023-03-29,YGVLQQ23J2Z1
2022-06-CENSUS-0000135992,MLPHE6J9M4Q5,2022,2023-03-29,YN4MB2F33BD7
2022-06-CENSUS-0000135992,MLPHE6J9M4Q5,2022,2023-03-29,YZYRRKTY5A55
2022-12-CENSUS-0000194267,KMKBS5RJ3JE5,2022,2023-09-27,FZGBL3GFFWD8
2022-06-CENSUS-0000094052,FK8TL5KKDMS7,2022,2023-01-10,QLKJMN1AA235
2022-06-CENSUS-0000142300,XGMKKTCV87C1,2022,2023-02-27,YNXHTJA2QDD3
2022-06-CENSUS-0000142300,XGMKKTCV87C1,2022,2023-02-27,W8ZRMLSRTJS5
2022-06-CENSUS-0000142300,XGMKKTCV87C1,2022,2023-02-27,HU2HL71QB6W7
2022-06-CENSUS-0000142300,XGMKKTCV87C1,2022,2023-02-27,TQH3B8A28LV7
2022-06-CENSUS-0000142300,XGMKKTCV87C1,2022,2023-02-27,C3G2G8SC94L3
2022-06-CENSUS-0000142300,XGMKKTCV87C1,2022,2023-02-27,W7BDSVWM79R5
2022-06-CENSUS-0000142300,XGMKKTCV87C1,2022,2023-02-27,Q4KFQD2D7JS3
2022-06-CENSUS-0000142300,XGMKKTCV87C1,2022,2023-02-27,GRQLT64JL924
2022-06-CENSUS-0000142300,XGMKKTCV87C1,2022,2023-02-27,FC44F7ZCHRD4
2022-06-CENSUS-0000142300,XGMKKTCV87C1,2022,2023-02-27,LWBEDY7DNAW6
2022-06-CENSUS-0000142300,XGMKKTCV87C1,2022,2023-02-27,KG4KAU8DZJJ8
2022-06-CENSUS-0000142300,XGMKKTCV87C1,2022,2023-02-27,JC4LLCMCX743
2022-06-CENSUS-0000142300,XGMKKTCV87C1,2022,2023-02-27,WULWQJ8458K9
2022-06-CENSUS-0000142300,XGMKKTCV87C1,2022,2023-02-27,SA9TXLYBC863
2022-06-CENSUS-0000142300,XGMKKTCV87C1,2022,2023-02-27,KJL3KVA8DMD7
2022-12-CENSUS-0000251091,KNN7QESKCTL3,2022,2023-06-27,VF3TZM72LXC9
2022-06-CENSUS-0000155331,Y8C9LCXDLNJ4,2022,2023-01-15,R37ZPGLSWAN7
2022-06-CENSUS-0000231824,F9RNKR5FE174,2022,2023-01-11,C6P8SN1RJMX5
2022-06-CENSUS-0000188268,H28AM8H8FHF9,2022,2023-05-02,W4KSS9LEGBH4
2022-12-CENSUS-0000258151,P49TYES2Z113,2022,2023-05-15,HNGMEYMQRHW6
2022-06-CENSUS-0000226892,VLY4DQXEQAG8,2022,2023-02-02,FD2ZCX9YLCH5
2022-06-CENSUS-0000171668,JWQTAWLRGU38,2022,2023-01-31,SLQCZGEDVMD6
2022-06-CENSUS-0000211485,ENDHD9NSLJN7,2022,2023-03-30,KANGARK8QQL1
2022-06-CENSUS-0000211485,ENDHD9NSLJN7,2022,2023-03-30,DMZ7RNGGC644
2022-06-CENSUS-0000211485,ENDHD9NSLJN7,2022,2023-03-30,D7E7CAKJ5ZE1
2022-06-CENSUS-0000211485,ENDHD9NSLJN7,2022,2023-03-30,VQKEF5D2ZZF9
2022-06-CENSUS-0000211485,ENDHD9NSLJN7,2022,2023-03-30,RT7SH2U5TJ53
2022-06-CENSUS-0000211485,ENDHD9NSLJN7,2022,2023-03-30,HCA2WYYLLGB6
2022-12-CENSUS-0000042316,C4HLLKEGRA98,2022,2023-04-27,PK4ED74NKMM7
2022-12-CENSUS-0000042316,C4HLLKEGRA98,2022,2023-04-27,LCHJMNGV34C8
2022-12-CENSUS-0000242751,TYY1WNWKZ8N5,2022,2023-04-16,DAP1ECQ6KMP3
2022-06-CENSUS-0000176043,Y9CBMLMQMNJ3,2022,2023-06-15,E9BZLYRNC2U6
2022-06-CENSUS-0000176043,Y9CBMLMQMNJ3,2022,2023-06-15,DZKKN8J9VJN4
2022-06-CENSUS-0000181661,QLXXU1SV4MM8,2022,2023-03-29,HL3RWR6CUR26
2022-06-CENSUS-0000181661,QLXXU1SV4MM8,2022,2023-03-29,ZJMRHYXYLBT7
2022-06-CENSUS-0000181661,QLXXU1SV4MM8,2022,2023-03-29,NJSEDA16EXR3
2022-06-CENSUS-0000181661,QLXXU1SV4MM8,2022,2023-03-29,ERAWL7MPEJJ4
2022-06-CENSUS-0000181661,QLXXU1SV4MM8,2022,2023-03-29,YTL2KBNQ9JV7
2022-06-CENSUS-0000181661,QLXXU1SV4MM8,2022,2023-03-29,JGKKE64MSMT6
2022-06-CENSUS-0000181661,QLXXU1SV4MM8,2022,2023-03-29,XYH3P4LQQLB3
2022-06-CENSUS-0000181661,QLXXU1SV4MM8,2022,2023-03-29,NM1DCB8748M5
2022-06-CENSUS-0000181661,QLXXU1SV4MM8,2022,2023-03-29,XSN8A4TT1DY5
2022-06-CENSUS-0000181661,QLXXU1SV4MM8,2022,2023-03-29,TFQVKH1E8Y41
2022-06-CENSUS-0000181661,QLXXU1SV4MM8,2022,2023-03-29,N24UWJPXV9J3
2022-06-CENSUS-0000181661,QLXXU1SV4MM8,2022,2023-03-29,UDLHCUUWF3J8
2022-06-CENSUS-0000181661,QLXXU1SV4MM8,2022,2023-03-29,QCPWG3LLPY96
2022-06-CENSUS-0000181661,QLXXU1SV4MM8,2022,2023-03-29,JZW4PGB4KQ39
2022-06-CENSUS-0000181661,QLXXU1SV4MM8,2022,2023-03-29,KF32K54P7R73
2022-06-CENSUS-0000181661,QLXXU1SV4MM8,2022,2023-03-29,MFEHMF7KVJF5
2022-06-CENSUS-0000181661,QLXXU1SV4MM8,2022,2023-03-29,G4RAZJE4AM33
2022-06-CENSUS-0000181661,QLXXU1SV4MM8,2022,2023-03-29,G1DDLK6DL1S3
2022-06-CENSUS-0000181661,QLXXU1SV4MM8,2022,2023-03-29,K7LTCE5NV539
2022-06-CENSUS-0000181661,QLXXU1SV4MM8,2022,2023-03-29,G1JMJFUN5HG5
2022-06-CENSUS-0000181661,QLXXU1SV4MM8,2022,2023-03-29,DKT3LLBWFVL3
2022-06-CENSUS-0000181661,QLXXU1SV4MM8,2022,2023-03-29,CWRFQH1KJCA9
2022-06-CENSUS-0000181661,QLXXU1SV4MM8,2022,2023-03-29,PTURMSBBGZC6
2022-06-CENSUS-0000181661,QLXXU1SV4MM8,2022,2023-03-29,CVQQC2QSKGY6
2022-06-CENSUS-0000181661,QLXXU1SV4MM8,2022,2023-03-29,LD6DF1BSZMG6
2022-06-CENSUS-0000181661,QLXXU1SV4MM8,2022,2023-03-29,J68MDA8ZN3Q9
2022-06-CENSUS-0000181661,QLXXU1SV4MM8,2022,2023-03-29,VBB1N9966XL8
2022-06-CENSUS-0000181661,QLXXU1SV4MM8,2022,2023-03-29,RMZEJNV5WBA3
2022-06-CENSUS-0000181661,QLXXU1SV4MM8,2022,2023-03-29,W4X1WNMXCFN3
2022-06-CENSUS-0000181661,QLXXU1SV4MM8,2022,2023-03-29,LRULTR8KNH73
2022-06-CENSUS-0000181661,QLXXU1SV4MM8,2022,2023-03-29,KJANAEVTZV83
2022-06-CENSUS-0000181661,QLXXU1SV4MM8,2022,2023-03-29,KDKHPD1U6YG8
2022-06-CENSUS-0000181661,QLXXU1SV4MM8,2022,2023-03-29,RK37SNQZWX31
2022-06-CENSUS-0000181661,QLXXU1SV4MM8,2022,2023-03-29,U7S3BLF5AYH3
2022-06-CENSUS-0000181661,QLXXU1SV4MM8,2022,2023-03-29,JG8JXHNVQD65
2022-06-CENSUS-0000181661,QLXXU1SV4MM8,2022,2023-03-29,GEMGAFFGPTJ5
2022-06-CENSUS-0000181661,QLXXU1SV4MM8,2022,2023-03-29,JAH4LBH521S3
2022-06-CENSUS-0000181661,QLXXU1SV4MM8,2022,2023-03-29,ZZDKSFAMKFT1
2022-06-CENSUS-0000181661,QLXXU1SV4MM8,2022,2023-03-29,YX51FKECK2A5
2022-06-CENSUS-0000181661,QLXXU1SV4MM8,2022,2023-03-29,YU1MXXJJFH28
2022-06-CENSUS-0000181661,QLXXU1SV4MM8,2022,2023-03-29,FTEDMFJVYVC6
2022-06-CENSUS-0000181661,QLXXU1SV4MM8,2022,2023-03-29,JM77MBHM6LA4
2022-06-CENSUS-0000181661,QLXXU1SV4MM8,2022,2023-03-29,HU25MUVYE8M4
2022-06-CENSUS-0000181661,QLXXU1SV4MM8,2022,2023-03-29,TME1ADLUMMD8
2022-06-CENSUS-0000181661,QLXXU1SV4MM8,2022,2023-03-29,GN64T4YKFNQ8
2022-06-CENSUS-0000181661,QLXXU1SV4MM8,2022,2023-03-29,JFSWCMGNVWN7
2022-06-CENSUS-0000181661,QLXXU1SV4MM8,2022,2023-03-29,MMF3TM7NUM53
2022-06-CENSUS-0000181661,QLXXU1SV4MM8,2022,2023-03-29,YE9QQ3SC5HP8
2022-06-CENSUS-0000181661,QLXXU1SV4MM8,2022,2023-03-29,MPMMXVWDMJJ8
2022-06-CENSUS-0000181661,QLXXU1SV4MM8,2022,2023-03-29,W3V9HA6RBDK1
2022-06-CENSUS-0000181661,QLXXU1SV4MM8,2022,2023-03-29,F6GULVFKKQA6
2022-06-CENSUS-0000181661,QLXXU1SV4MM8,2022,2023-03-29,LU3XLNSL6G45
2022-06-CENSUS-0000181661,QLXXU1SV4MM8,2022,2023-03-29,KA22ZJXAVX44
2022-06-CENSUS-0000181661,QLXXU1SV4MM8,2022,2023-03-29,J4JMLWYZVYN3
2022-06-CENSUS-0000181661,QLXXU1SV4MM8,2022,2023-03-29,F5AHM9CPPZA4
2022-06-CENSUS-0000181661,QLXXU1SV4MM8,2022,2023-03-29,DBYPD9JMBNJ6
2022-06-CENSUS-0000181661,QLXXU1SV4MM8,2022,2023-03-29,LW15SYK8G5J7
2022-06-CENSUS-0000181661,QLXXU1SV4MM8,2022,2023-03-29,FAL8S6BX2ML9
2022-06-CENSUS-0000181661,QLXXU1SV4MM8,2022,2023-03-29,T715LFLH2JX1
2022-06-CENSUS-0000181661,QLXXU1SV4MM8,2022,2023-03-29,PYBMGT33H4X9
2022-06-CENSUS-0000181661,QLXXU1SV4MM8,2022,2023-03-29,ZXKZB5M4WND4
2022-06-CENSUS-0000181661,QLXXU1SV4MM8,2022,2023-03-29,CL49KKJ9EV71
2022-06-CENSUS-0000181661,QLXXU1SV4MM8,2022,2023-03-29,KDBAPWVMKQ11
2022-06-CENSUS-0000181661,QLXXU1SV4MM8,2022,2023-03-29,TJYRME9XBWB7
2022-06-CENSUS-0000181661,QLXXU1SV4MM8,2022,2023-03-29,D4DRLQFD94N4
2022-06-CENSUS-0000181661,QLXXU1SV4MM8,2022,2023-03-29,QZCPCUMNMBX5
2022-06-CENSUS-0000181661,QLXXU1SV4MM8,2022,2023-03-29,GJNYK3L658Y5
2022-06-CENSUS-0000181661,QLXXU1SV4MM8,2022,2023-03-29,K2NWTFLNTSN7
2022-06-CENSUS-0000181661,QLXXU1SV4MM8,2022,2023-03-29,VJ1NR5RMB417
2022-06-CENSUS-0000181661,QLXXU1SV4MM8,2022,2023-03-29,F6KNL22BYBC5
2022-06-CENSUS-0000181661,QLXXU1SV4MM8,2022,2023-03-29,Z82NVE49NDE1
2022-06-CENSUS-0000181661,QLXXU1SV4MM8,2022,2023-03-29,LT8KUDN9JE37
2022-06-CENSUS-0000181661,QLXXU1SV4MM8,2022,2023-03-29,NVH5F12WTMJ9
2022-06-CENSUS-0000181661,QLXXU1SV4MM8,2022,2023-03-29,KKEQFZ6XL6L9
2022-06-CENSUS-0000181661,QLXXU1SV4MM8,2022,2023-03-29,MFFLZY5TVJM1
2022-06-CENSUS-0000181661,QLXXU1SV4MM8,2022,2023-03-29,HQFXKP7VKDL3
2022-06-CENSUS-0000181661,QLXXU1SV4MM8,2022,2023-03-29,J5GHHBFJTAN1
2022-06-CENSUS-0000181661,QLXXU1SV4MM8,2022,2023-03-29,KZCXMV2EZM62
2022-06-CENSUS-0000181661,QLXXU1SV4MM8,2022,2023-03-29,UJ2UZBMM6815
2022-06-CENSUS-0000181661,QLXXU1SV4MM8,2022,2023-03-29,DANXFKGKFD48
2022-06-CENSUS-0000181661,QLXXU1SV4MM8,2022,2023-03-29,NEYCH3CVBTR6
2022-06-CENSUS-0000181661,QLXXU1SV4MM8,2022,2023-03-29,D3LHU66KBLD5
2022-06-CENSUS-0000181661,QLXXU1SV4MM8,2022,2023-03-29,U3NVH931QJJ3
2022-06-CENSUS-0000181661,QLXXU1SV4MM8,2022,2023-03-29,C13DF16LC3H4
2022-06-CENSUS-0000181661,QLXXU1SV4MM8,2022,2023-03-29,JB33DT84JNA5
2022-06-CENSUS-0000181661,QLXXU1SV4MM8,2022,2023-03-29,LX38ZHATFGN5
2022-06-CENSUS-0000181661,QLXXU1SV4MM8,2022,2023-03-29,L1GPHS96MUE1
2022-06-CENSUS-0000181661,QLXXU1SV4MM8,2022,2023-03-29,HWPEKM8VFTJ9
2022-06-CENSUS-0000181661,QLXXU1SV4MM8,2022,2023-03-29,SKH5GMBR9GL3
2022-06-CENSUS-0000181661,QLXXU1SV4MM8,2022,2023-03-29,LLFAXDBMYCB5
2022-06-CENSUS-0000181661,QLXXU1SV4MM8,2022,2023-03-29,F1NAKY5L1425
2022-06-CENSUS-0000181661,QLXXU1SV4MM8,2022,2023-03-29,KMDFQGPWPK85
2022-06-CENSUS-0000181661,QLXXU1SV4MM8,2022,2023-03-29,K54FKGWN2EN5
2022-06-CENSUS-0000181661,QLXXU1SV4MM8,2022,2023-03-29,K2QMZUVDPKW1
2022-06-CENSUS-0000181661,QLXXU1SV4MM8,2022,2023-03-29,XTD7KKHEJFL1
2022-06-CENSUS-0000181661,QLXXU1SV4MM8,2022,2023-03-29,L1DXXP1KGP77
2022-06-CENSUS-0000181661,QLXXU1SV4MM8,2022,2023-03-29,VL5KBYKMP1G9
2022-06-CENSUS-0000176116,GM7WK5Z7A5M1,2022,2023-03-30,GVEGRLWEJ754
2022-06-CENSUS-0000193848,QKQ9KAMFDS31,2022,2023-01-05,FS4UMYR8QND5
2022-12-CENSUS-0000177909,FYZADTY74R93,2022,2023-09-25,NF8GNL3KQST6
2022-12-CENSUS-0000177909,FYZADTY74R93,2022,2023-09-25,X33HJVARTWE3
2022-08-CENSUS-0000239979,KJFABN74KUE6,2022,2023-05-24,V8NFTXQRQBG1
2022-08-CENSUS-0000239979,KJFABN74KUE6,2022,2023-05-24,MELRQG71F5W7
2022-08-CENSUS-0000239979,KJFABN74KUE6,2022,2023-05-24,FHQUQLVKD5V8
2022-08-CENSUS-0000239979,KJFABN74KUE6,2022,2023-05-24,PNZNHENKNDT1
2022-12-CENSUS-0000250588,UGATFHZYHEN5,2022,2023-09-27,MN17HLL22Q43
2022-12-CENSUS-0000250588,UGATFHZYHEN5,2022,2023-09-27,D8JNGAGDQGT1
2022-12-CENSUS-0000250588,UGATFHZYHEN5,2022,2023-09-27,GF7UMUV5NGE8
2022-12-CENSUS-0000170915,UC12BA4HABJ3,2022,2023-09-28,CHJRXNN97FL9
2022-12-CENSUS-0000038126,CQEKTNA3HGL7,2022,2023-05-17,WDHBWSHFZ951
2022-12-CENSUS-0000092994,J7VBJ7NEJ5R7,2022,2023-09-27,MWXTN3VXGGH5
2022-06-CENSUS-0000227685,XKK1KGY2GD54,2022,2023-04-24,UYMCUPFGTBF6
2022-06-CENSUS-0000080697,GPZTD5J5HM15,2022,2023-03-30,JM9YNMGKWLR1
2022-09-CENSUS-0000212155,LDNYJMXCKUW1,2022,2023-02-21,JRR6Y3V78516
2022-09-CENSUS-0000212155,LDNYJMXCKUW1,2022,2023-02-21,HBFLCETLXT63
2022-09-CENSUS-0000212155,LDNYJMXCKUW1,2022,2023-02-21,L5KKV6SMWAK5
2022-12-CENSUS-0000048401,HC33WK5N73M3,2022,2023-09-28,MVJKPNJCT8D8
2022-12-CENSUS-0000048401,HC33WK5N73M3,2022,2023-09-28,R5BFKKDB4FK1
2022-12-CENSUS-0000048401,HC33WK5N73M3,2022,2023-09-28,RNA1EBESJ1E9
2022-12-CENSUS-0000048401,HC33WK5N73M3,2022,2023-09-28,YGQTL32X1ZZ5
2022-12-CENSUS-0000134769,J4JZWDMQP351,2022,2023-09-28,GDNCKDNUZJR8
2022-09-CENSUS-0000244616,CEX7F74WQ8B5,2022,2023-06-29,LQL2YULDMWR7
2022-09-CENSUS-0000244616,CEX7F74WQ8B5,2022,2023-06-29,HJNUASYCKTZ6
2022-09-CENSUS-0000244616,CEX7F74WQ8B5,2022,2023-06-29,N4TDMQV8LKB8
2022-09-CENSUS-0000244616,CEX7F74WQ8B5,2022,2023-06-29,NAXMBLMHCLR6
2022-09-CENSUS-0000244616,CEX7F74WQ8B5,2022,2023-06-29,NXP1LBRLYN11
2022-09-CENSUS-0000244616,CEX7F74WQ8B5,2022,2023-06-29,G1VSSGLQMTY9
2022-09-CENSUS-0000244616,CEX7F74WQ8B5,2022,2023-06-29,LNNWBJDL4AX3
2022-12-CENSUS-0000087913,C4N1DL138V95,2022,2023-08-24,ETGMYV7CKAJ7
2022-12-CENSUS-0000087913,C4N1DL138V95,2022,2023-08-24,JF7FD5E6TKS5
2022-06-CENSUS-0000257708,CDL6HGNN8X17,2022,2023-03-30,YDAZCF1LVVS1
2022-06-CENSUS-0000127155,CGJWB981V7W5,2022,2023-01-10,KMXMNV53P788
2022-06-CENSUS-0000127155,CGJWB981V7W5,2022,2023-01-10,WKZHQTKFDLB7
2022-06-CENSUS-0000127155,CGJWB981V7W5,2022,2023-01-10,K2EQWNMFJZW7
2022-06-CENSUS-0000127155,CGJWB981V7W5,2022,2023-01-10,M75VJN2X2AM3
2022-06-CENSUS-0000127155,CGJWB981V7W5,2022,2023-01-10,JBC1BZ3DFJF1
2022-06-CENSUS-0000127155,CGJWB981V7W5,2022,2023-01-10,ZEN9H4FLRP71
2022-06-CENSUS-0000127155,CGJWB981V7W5,2022,2023-01-10,PMTNZ38WW961
2022-06-CENSUS-0000127155,CGJWB981V7W5,2022,2023-01-10,YULJV3B9JRN7
2022-06-CENSUS-0000127155,CGJWB981V7W5,2022,2023-01-10,MKKRCMSQE2R3
2022-06-CENSUS-0000127155,CGJWB981V7W5,2022,2023-01-10,D9ZRUHKXWTQ4
2022-06-CENSUS-0000127155,CGJWB981V7W5,2022,2023-01-10,DJLWFTHKDKL1
2022-06-CENSUS-0000127155,CGJWB981V7W5,2022,2023-01-10,TMQMEP6L77E7
2022-06-CENSUS-0000191719,DJJLBY8BEYM5,2022,2023-01-11,ETCFMPEWVMR9
2022-06-CENSUS-0000191719,DJJLBY8BEYM5,2022,2023-01-11,JELWV13CL7D9
2022-09-CENSUS-0000253655,WU28Y86KCKT7,2022,2023-02-21,F1DJPTUNYCR3
2022-09-CENSUS-0000253655,WU28Y86KCKT7,2022,2023-02-21,YWKZMKLL8P78
2022-09-CENSUS-0000253655,WU28Y86KCKT7,2022,2023-02-21,QFB4MMCULT16
2022-09-CENSUS-0000253655,WU28Y86KCKT7,2022,2023-02-21,GSHTTVZUH4B3
2022-12-CENSUS-0000151263,S3MZFK8JXGJ3,2022,2023-07-26,V7Z8GEWMP5N8
2022-12-CENSUS-0000151263,S3MZFK8JXGJ3,2022,2023-07-26,Q9FFMC86AMM8
2022-09-CENSUS-0000006603,UKAHGBNQ1HC7,2022,2023-06-29,Y8USQR5RG8C1
2022-08-CENSUS-0000242628,LBUNANLH3C48,2022,2023-01-31,HXDZCKCNLLK3
2022-09-CENSUS-0000212445,JDE5TNBH5R31,2022,2023-01-19,G4FGAMGNC1H7
2022-09-CENSUS-0000212445,JDE5TNBH5R31,2022,2023-01-19,G3LQHNRUWCJ3
2022-09-CENSUS-0000212445,JDE5TNBH5R31,2022,2023-01-19,UDRDU58CB258
2022-09-CENSUS-0000212445,JDE5TNBH5R31,2022,2023-01-19,MVLJQN1GZXM7
2022-09-CENSUS-0000212445,JDE5TNBH5R31,2022,2023-01-19,L3SGZNU1TWV1
2022-09-CENSUS-0000212445,JDE5TNBH5R31,2022,2023-01-19,Q5KWC1XN8NY9
2022-12-CENSUS-0000250729,NJXUJHMGALY3,2022,2023-09-05,SETLC896FKF3
2022-12-CENSUS-0000250729,NJXUJHMGALY3,2022,2023-09-05,NLXBX6HNNSX4
2022-12-CENSUS-0000252612,YJP6SBZ2L9J8,2022,2023-09-24,GFPHQS69L7R8
2022-12-CENSUS-0000252612,YJP6SBZ2L9J8,2022,2023-09-24,DLAKEK7UQP73
2022-12-CENSUS-0000252612,YJP6SBZ2L9J8,2022,2023-09-24,ES9KGQB821F7
2022-12-CENSUS-0000124631,NCFDWW6VMXK4,2022,2023-09-28,MWY9KZ2NFNL6
2022-09-CENSUS-0000136093,RB45LAJS8GZ8,2022,2023-06-27,WHJRQ4BK1VM9
2022-06-CENSUS-0000131824,R8JPSXALG464,2022,2023-03-30,D1JFHB5MKDF5
2022-06-CENSUS-0000131824,R8JPSXALG464,2022,2023-03-30,DW8SM9A6YWR3
2022-06-CENSUS-0000131824,R8JPSXALG464,2022,2023-03-30,HNUYLFNMNJR3
2022-06-CENSUS-0000131824,R8JPSXALG464,2022,2023-03-30,L65GJ7JYWNP4
2022-06-CENSUS-0000131824,R8JPSXALG464,2022,2023-03-30,UJSDBFWMWTS4
2022-06-CENSUS-0000131824,R8JPSXALG464,2022,2023-03-30,V3NJUPAHDV91
2022-06-CENSUS-0000152734,K3LWE6J8CUE6,2022,2023-07-19,TFE3FPXJ3NF7
2022-06-CENSUS-0000152734,K3LWE6J8CUE6,2022,2023-07-19,CJBJJDC6KDP3
2022-06-CENSUS-0000152734,K3LWE6J8CUE6,2022,2023-07-19,CMFFEUG5AXE6
2022-06-CENSUS-0000152734,K3LWE6J8CUE6,2022,2023-07-19,DS2TS6PZ46A8
2022-06-CENSUS-0000152734,K3LWE6J8CUE6,2022,2023-07-19,EFSSZNGCUF26
2022-06-CENSUS-0000152734,K3LWE6J8CUE6,2022,2023-07-19,EQ13XY5QXHL1
2022-06-CENSUS-0000152734,K3LWE6J8CUE6,2022,2023-07-19,G7ZTDEJL47S9
2022-06-CENSUS-0000152734,K3LWE6J8CUE6,2022,2023-07-19,GFGUWDYCHX23
2022-06-CENSUS-0000152734,K3LWE6J8CUE6,2022,2023-07-19,GKTPEL8EXGP2
2022-06-CENSUS-0000152734,K3LWE6J8CUE6,2022,2023-07-19,GSG2WN4XXHA9
2022-06-CENSUS-0000152734,K3LWE6J8CUE6,2022,2023-07-19,HZLXEB71YNQ7
2022-06-CENSUS-0000152734,K3LWE6J8CUE6,2022,2023-07-19,JA66JCMJS4F7
2022-06-CENSUS-0000152734,K3LWE6J8CUE6,2022,2023-07-19,JRCJW7NL8FF9
2022-06-CENSUS-0000152734,K3LWE6J8CUE6,2022,2023-07-19,K6RXPK4W58H4
2022-06-CENSUS-0000152734,K3LWE6J8CUE6,2022,2023-07-19,KNZ6B1323J43
2022-06-CENSUS-0000152734,K3LWE6J8CUE6,2022,2023-07-19,KRAJPRK1DX63
2022-06-CENSUS-0000152734,K3LWE6J8CUE6,2022,2023-07-19,KRJVJQEBHC98
2022-06-CENSUS-0000152734,K3LWE6J8CUE6,2022,2023-07-19,KRZBPVG7HJL4
2022-06-CENSUS-0000152734,K3LWE6J8CUE6,2022,2023-07-19,LFNCGSDCDYN3
2022-06-CENSUS-0000152734,K3LWE6J8CUE6,2022,2023-07-19,MFJ2GYLK1MN1
2022-06-CENSUS-0000152734,K3LWE6J8CUE6,2022,2023-07-19,MUHSCJ5X9NN4
2022-06-CENSUS-0000152734,K3LWE6J8CUE6,2022,2023-07-19,QLUAWH28TG83
2022-06-CENSUS-0000152734,K3LWE6J8CUE6,2022,2023-07-19,R69KPT2XCQ88
2022-06-CENSUS-0000152734,K3LWE6J8CUE6,2022,2023-07-19,T8XNGD5MB9N5
2022-06-CENSUS-0000152734,K3LWE6J8CUE6,2022,2023-07-19,T8XNGD5MB9N6
2022-06-CENSUS-0000152734,K3LWE6J8CUE6,2022,2023-07-19,UETLXV8NG8F4
2022-06-CENSUS-0000152734,K3LWE6J8CUE6,2022,2023-07-19,UFBFLMJKU6Y7
2022-06-CENSUS-0000152734,K3LWE6J8CUE6,2022,2023-07-19,V7LBR35JCUQ5
2022-06-CENSUS-0000152734,K3LWE6J8CUE6,2022,2023-07-19,V87MS7447Q26
2022-06-CENSUS-0000152734,K3LWE6J8CUE6,2022,2023-07-19,VN13YZQ3C8B9
2022-06-CENSUS-0000152734,K3LWE6J8CUE6,2022,2023-07-19,W6SDC59J9437
2022-06-CENSUS-0000152734,K3LWE6J8CUE6,2022,2023-07-19,YD4LJEBMQVP6
2022-12-CENSUS-0000150729,FM1HRXZU4986,2022,2023-08-08,WNJMF6MN8BV5
2022-09-CENSUS-0000202149,XHZZTYNBBLA3,2022,2023-07-23,GKJNYWWXQSJ9
2022-06-CENSUS-0000090356,HW57FCX3KKB8,2022,2023-02-20,TN65MMLGL4C8
2022-06-CENSUS-0000090356,HW57FCX3KKB8,2022,2023-02-20,KGJBX29ZKHB9
2022-06-CENSUS-0000134034,DD2XCL6J19J8,2022,2023-02-07,LRDDFL7MP5F9
2022-06-CENSUS-0000134034,DD2XCL6J19J8,2022,2023-02-07,DKGCP8VEYVL5
2022-06-CENSUS-0000134034,DD2XCL6J19J8,2022,2023-02-07,LF8UDVK5E4Z3
2022-06-CENSUS-0000248173,XMLGCQSBAH13,2022,2023-03-30,EZTKNDYJFPJ8
2022-06-CENSUS-0000248173,XMLGCQSBAH13,2022,2023-03-30,CL4QCM12X7P5
2022-06-CENSUS-0000248173,XMLGCQSBAH13,2022,2023-03-30,SWQKLTQH1BF8
2022-06-CENSUS-0000248173,XMLGCQSBAH13,2022,2023-03-30,JWNLKLB6RW23
2022-06-CENSUS-0000248173,XMLGCQSBAH13,2022,2023-03-30,NMCLA156NE14
2022-06-CENSUS-0000248173,XMLGCQSBAH13,2022,2023-03-30,JFB5L5JHE1J6
2022-06-CENSUS-0000248173,XMLGCQSBAH13,2022,2023-03-30,LMFXTQCNK3A6
2022-06-CENSUS-0000143702,JB4EV81RLBR3,2022,2023-03-29,GE23KM72AE23
2022-06-CENSUS-0000143702,JB4EV81RLBR3,2022,2023-03-29,HDSGMLEM33J7
2022-10-CENSUS-0000045989,NN8CLFUP21H7,2022,2023-07-25,LBYCKSL87KY6
2022-12-CENSUS-0000247001,MG9EZHSM3FA3,2022,2023-04-04,V82RM9SCLL11
2022-12-CENSUS-0000247001,MG9EZHSM3FA3,2022,2023-04-04,K957H7KF2381
2022-06-CENSUS-0000003724,PC6GM9GNWJB7,2022,2023-02-26,RJN1NT6HRF15
2022-06-CENSUS-0000003724,PC6GM9GNWJB7,2022,2023-02-26,MVXDPBEJBBY3
2022-06-CENSUS-0000003724,PC6GM9GNWJB7,2022,2023-02-26,XH35EVG9B736
2022-06-CENSUS-0000003724,PC6GM9GNWJB7,2022,2023-02-26,EXMEXSNWJK21
2022-06-CENSUS-0000003724,PC6GM9GNWJB7,2022,2023-02-26,G9LMC5E7SP13
2022-06-CENSUS-0000003724,PC6GM9GNWJB7,2022,2023-02-26,QRF1G7ZK42Y9
2022-06-CENSUS-0000003724,PC6GM9GNWJB7,2022,2023-02-26,NFKKC4XRLLZ5
2022-06-CENSUS-0000003724,PC6GM9GNWJB7,2022,2023-02-26,DLL4J1LT3Q35
2022-06-CENSUS-0000003724,PC6GM9GNWJB7,2022,2023-02-26,LAXAZ9Q2G179
2022-06-CENSUS-0000166032,TKB7HZ722SY4,2022,2023-01-17,GF38SGBG6MC8
2022-06-CENSUS-0000166032,TKB7HZ722SY4,2022,2023-01-17,LKDFHKYZL537
2022-06-CENSUS-0000166032,TKB7HZ722SY4,2022,2023-01-17,MTALLLGKLJJ4
2022-06-CENSUS-0000166032,TKB7HZ722SY4,2022,2023-01-17,JA1NU8CHNTC1
2022-06-CENSUS-0000237681,U76QNM376J87,2022,2023-01-30,N369Y8D22WD4
2022-06-CENSUS-0000237681,U76QNM376J87,2022,2023-01-30,E8JVJYE2NRL7
2022-06-CENSUS-0000203014,C2DLB45CN5D3,2022,2023-03-30,LXAUF84GZFA4
2022-06-CENSUS-0000203014,C2DLB45CN5D3,2022,2023-03-30,HQLNGSHZMMC6
2022-06-CENSUS-0000203014,C2DLB45CN5D3,2022,2023-03-30,NAU4JKBJT9G7
2022-06-CENSUS-0000203014,C2DLB45CN5D3,2022,2023-03-30,NM2VRBZ8R3M4
2022-06-CENSUS-0000203014,C2DLB45CN5D3,2022,2023-03-30,TM45C67KD3T5
2022-06-CENSUS-0000203014,C2DLB45CN5D3,2022,2023-03-30,NSX7WWA7CA79
2022-06-CENSUS-0000176113,XXVLZEYU3MN5,2022,2023-03-02,G4HMR518PKL5
2022-06-CENSUS-0000253259,RNHAVMMG2AH3,2022,2023-04-09,EBQCLUCL7M13
2022-09-CENSUS-0000193360,LJF2V6TAMEM5,2022,2023-05-02,GELHB2674JW1
2022-09-CENSUS-0000193360,LJF2V6TAMEM5,2022,2023-05-02,X1GDSKLRJMQ5
2022-09-CENSUS-0000193360,LJF2V6TAMEM5,2022,2023-05-02,ZJLKKAAANK43
2022-06-CENSUS-0000232999,YMKAFXY2ZQ31,2022,2023-04-26,M7XQQEG6JEF3
2022-12-CENSUS-0000245009,YNUGNZXEK1D4,2022,2023-03-28,TZWWLFMS7P63
2022-12-CENSUS-0000142655,R4VKTKNYMSN9,2022,2023-09-19,NDAWL3JMFAN5
2022-12-CENSUS-0000200895,JCYEK45KV6G3,2022,2023-09-26,EQN1A7UF2B14
2022-12-CENSUS-0000200895,JCYEK45KV6G3,2022,2023-09-26,P8ECCXNJBNF8
2022-08-CENSUS-0000249662,KD4KE8KLZFV8,2022,2023-05-31,RWU8BVQC4D17
2022-09-CENSUS-0000237996,FFN5XTZCSXT6,2022,2023-04-05,NLM9MPKHTUN5
2022-12-CENSUS-0000212287,GM3PJEN9NTK5,2022,2023-09-07,YUFTA6P4M1W4
2022-12-CENSUS-0000212287,GM3PJEN9NTK5,2022,2023-09-07,J2ZNRJL54XF1
2022-06-CENSUS-0000185951,R2R7D71478N3,2022,2023-01-17,DN64J94KT5S3
2022-06-CENSUS-0000185951,R2R7D71478N3,2022,2023-01-17,MN8CGN9RMJJ9
2022-06-CENSUS-0000185951,R2R7D71478N3,2022,2023-01-17,LMSZVNJKA1H8
2022-06-CENSUS-0000185951,R2R7D71478N3,2022,2023-01-17,LKKEPLA5ZH16
2022-06-CENSUS-0000003302,YWQ7CJRKQNX6,2022,2023-01-25,MNRQNPDVFVJ6
2022-06-CENSUS-0000003302,YWQ7CJRKQNX6,2022,2023-01-25,EX98LQ16KKH9
2022-06-CENSUS-0000003302,YWQ7CJRKQNX6,2022,2023-01-25,KDMXAUY17FN7
2022-06-CENSUS-0000003302,YWQ7CJRKQNX6,2022,2023-01-25,NVMBLB62ZNS7
2022-06-CENSUS-0000003302,YWQ7CJRKQNX6,2022,2023-01-25,RPTAP66TXRZ2
2022-06-CENSUS-0000003302,YWQ7CJRKQNX6,2022,2023-01-25,T19ALNWD9154
2022-06-CENSUS-0000003302,YWQ7CJRKQNX6,2022,2023-01-25,YSEKV2QRKK36
2022-06-CENSUS-0000002127,KDRLUT71AFM5,2022,2023-03-30,E9HBASG2FLV5
2022-06-CENSUS-0000002127,KDRLUT71AFM5,2022,2023-03-30,JPFNHBN9P6F1
2022-06-CENSUS-0000254836,L7U3M1K8PCH3,2022,2023-03-29,J6AACLG1NUT1
2022-06-CENSUS-0000254836,L7U3M1K8PCH3,2022,2023-03-29,NTULRKLVEEZ5
2022-09-CENSUS-0000006666,U1L2PRKYF9T3,2022,2023-05-15,MPJ1V6L7MN71
2022-09-CENSUS-0000182711,MWKBKNTZ9SW7,2022,2023-04-13,YRAUWPWTE463
2022-09-CENSUS-0000182711,MWKBKNTZ9SW7,2022,2023-04-13,D7K5UNB7JKF5
2022-09-CENSUS-0000182711,MWKBKNTZ9SW7,2022,2023-04-13,JT8TKBRZJT45
2022-06-CENSUS-0000237469,US9YLA6ECJS3,2022,2023-03-26,G8WZC6VNKHT8
2022-06-CENSUS-0000192840,GNJ7BBP73WE9,2022,2023-03-01,RY78VSF6P4G3
2022-06-CENSUS-0000192840,GNJ7BBP73WE9,2022,2023-03-01,L8QSLB2KCRE5
2022-06-CENSUS-0000192840,GNJ7BBP73WE9,2022,2023-03-01,DSKWG14X2ZR6
2022-06-CENSUS-0000192840,GNJ7BBP73WE9,2022,2023-03-01,CYX4K562KSK3
2022-06-CENSUS-0000192840,GNJ7BBP73WE9,2022,2023-03-01,CYN5V2X8EHJ4
2022-06-CENSUS-0000050485,C3BGD6YGGUH8,2022,2023-03-30,H6TNLLSSYNA5
2022-06-CENSUS-0000050485,C3BGD6YGGUH8,2022,2023-03-30,HEJEUUWNFB53
2022-06-CENSUS-0000050485,C3BGD6YGGUH8,2022,2023-03-30,VKJLBANNWXG4
2022-06-CENSUS-0000050485,C3BGD6YGGUH8,2022,2023-03-30,QUBAT15VG5P5
2022-06-CENSUS-0000050485,C3BGD6YGGUH8,2022,2023-03-30,FMZ4TWESBKM7
2022-06-CENSUS-0000134341,SFZUXG5XMML8,2022,2023-03-13,LGR8DVMLD7K1
2022-06-CENSUS-0000207978,KHLMCGYL3ND9,2022,2023-03-30,YN6GFW4XY4M3
2022-12-CENSUS-0000011645,MBNLSWYMX798,2022,2023-09-30,H2WLKSSK9B68
2022-12-CENSUS-0000011645,MBNLSWYMX798,2022,2023-09-30,FNBLK29AE5X6
2022-12-CENSUS-0000011645,MBNLSWYMX798,2022,2023-09-30,JGJBJ2GGD1B3
2022-09-CENSUS-0000136080,H2TGV5FM16F8,2022,2023-03-29,TVAKGV5KGJR3
2022-09-CENSUS-0000136080,H2TGV5FM16F8,2022,2023-03-29,E24VUQN42WF8
2022-06-CENSUS-0000147950,E4QAJHW61213,2022,2023-03-26,HERDH1MKJH39
2022-06-CENSUS-0000189922,LSU1QVJAD997,2022,2023-10-01,LDMHVCLJPSG8
2022-06-CENSUS-0000189922,LSU1QVJAD997,2022,2023-10-01,DNPBE7JUEFU7
2022-06-CENSUS-0000189922,LSU1QVJAD997,2022,2023-10-01,LGBZSJM3J2F1
2022-06-CENSUS-0000189922,LSU1QVJAD997,2022,2023-10-01,NNP6FVTQU1J7
2022-09-CENSUS-0000230355,HNEZN8HPK785,2022,2023-04-24,HVM5A9LDXHC1
2022-09-CENSUS-0000230355,HNEZN8HPK785,2022,2023-04-24,S4H5MNXTFG91
2022-09-CENSUS-0000230355,HNEZN8HPK785,2022,2023-04-24,C7NSUQRF4DV8
2022-09-CENSUS-0000230355,HNEZN8HPK785,2022,2023-04-24,YY12T9XLHEQ5
2022-09-CENSUS-0000230355,HNEZN8HPK785,2022,2023-04-24,XBQKTEKPQZC9
2022-09-CENSUS-0000230355,HNEZN8HPK785,2022,2023-04-24,NLANQP73DYH3
2022-09-CENSUS-0000230355,HNEZN8HPK785,2022,2023-04-24,WWBGLPW5JFL1
2022-09-CENSUS-0000230355,HNEZN8HPK785,2022,2023-04-24,X8GHLGAYPRH5
2022-09-CENSUS-0000230355,HNEZN8HPK785,2022,2023-04-24,DL8BLP43KKD8
2022-09-CENSUS-0000230355,HNEZN8HPK785,2022,2023-04-24,DA9BMNF7WGV3
2022-09-CENSUS-0000230355,HNEZN8HPK785,2022,2023-04-24,K6X9UAKB9JZ6
2022-09-CENSUS-0000230355,HNEZN8HPK785,2022,2023-04-24,JY45LL2J84Z7
2022-09-CENSUS-0000230355,HNEZN8HPK785,2022,2023-04-24,S5ANR5U9PG15
2022-09-CENSUS-0000230355,HNEZN8HPK785,2022,2023-04-24,FMPFJSXNZ1L8
2022-09-CENSUS-0000230355,HNEZN8HPK785,2022,2023-04-24,CCJYR6QR6UB1
2022-09-CENSUS-0000230355,HNEZN8HPK785,2022,2023-04-24,KFQGVKHW32N3
2022-09-CENSUS-0000230355,HNEZN8HPK785,2022,2023-04-24,TXHJL3AN8188
2022-06-CENSUS-0000076378,L9HLNE16ZQW5,2022,2023-09-06,XFKYFRU3M7L1
2022-06-CENSUS-0000076378,L9HLNE16ZQW5,2022,2023-09-06,TB53TAKH9UR3
2022-09-CENSUS-0000099949,K3BKXKL9UYX5,2022,2023-05-07,L27MSF61KSE1
2022-06-CENSUS-0000134720,SJY2L8VHUGS4,2022,2023-03-12,FD4KLMNPLGM5
2022-06-CENSUS-0000134720,SJY2L8VHUGS4,2022,2023-03-12,D364K1RF8JL1
2022-06-CENSUS-0000134720,SJY2L8VHUGS4,2022,2023-03-12,RFS5JLNH3MS1
2022-06-CENSUS-0000134720,SJY2L8VHUGS4,2022,2023-03-12,VC3LRGB9LHR7
2022-06-CENSUS-0000134720,SJY2L8VHUGS4,2022,2023-03-12,WQ33FA1ZHJQ8
2022-06-CENSUS-0000134720,SJY2L8VHUGS4,2022,2023-03-12,MWDHM62S6KT6
2022-06-CENSUS-0000134720,SJY2L8VHUGS4,2022,2023-03-12,GLLSH67DE3T5
2022-06-CENSUS-0000134720,SJY2L8VHUGS4,2022,2023-03-12,ULYPGRN73Z53
2022-06-CENSUS-0000134720,SJY2L8VHUGS4,2022,2023-03-12,UP9BGM1JEM81
2022-06-CENSUS-0000134720,SJY2L8VHUGS4,2022,2023-03-12,G48GS8DFMJA8
2022-06-CENSUS-0000134720,SJY2L8VHUGS4,2022,2023-03-12,G595XDTMK443
2022-06-CENSUS-0000134720,SJY2L8VHUGS4,2022,2023-03-12,LSJFYGPJN6H5
2022-06-CENSUS-0000134720,SJY2L8VHUGS4,2022,2023-03-12,YKMNNJ7HT6Z9
2022-06-CENSUS-0000134720,SJY2L8VHUGS4,2022,2023-03-12,F98HEMW57436
2022-06-CENSUS-0000134720,SJY2L8VHUGS4,2022,2023-03-12,MAGVKKXP84M5
2022-06-CENSUS-0000134720,SJY2L8VHUGS4,2022,2023-03-12,NR1BQMPL3M31
2022-06-CENSUS-0000134720,SJY2L8VHUGS4,2022,2023-03-12,YCDSKVQNZ6C1
2022-06-CENSUS-0000134720,SJY2L8VHUGS4,2022,2023-03-12,JLVGQ4E7RD53
2022-06-CENSUS-0000134720,SJY2L8VHUGS4,2022,2023-03-12,YATPWC2BC8X7
2022-06-CENSUS-0000134720,SJY2L8VHUGS4,2022,2023-03-12,Y3WEW9MQ6NH5
2022-06-CENSUS-0000134720,SJY2L8VHUGS4,2022,2023-03-12,LNFTEG3NJPN7
2022-06-CENSUS-0000134720,SJY2L8VHUGS4,2022,2023-03-12,N9H8SXBKETN6
2022-06-CENSUS-0000134720,SJY2L8VHUGS4,2022,2023-03-12,SPVKK1RC2MZ3
2022-06-CENSUS-0000134720,SJY2L8VHUGS4,2022,2023-03-12,RH87YDXC1AY5
2022-06-CENSUS-0000134720,SJY2L8VHUGS4,2022,2023-03-12,M6CXZ6GSJW84
2022-06-CENSUS-0000134720,SJY2L8VHUGS4,2022,2023-03-12,MW8JHK6ZYEX8
2022-06-CENSUS-0000134720,SJY2L8VHUGS4,2022,2023-03-12,JW2NGMP4NMA3
2022-06-CENSUS-0000134720,SJY2L8VHUGS4,2022,2023-03-12,E5RRMPPLNMD9
2022-06-CENSUS-0000256870,KPM2JKMRQK59,2022,2023-02-02,PMMQFNFG4KK9
2022-06-CENSUS-0000256870,KPM2JKMRQK59,2022,2023-02-02,M96UNNELCXV6
2022-12-CENSUS-0000230948,FE8MTX5REGB6,2022,2023-09-18,YGJBTXBPVGP5
2022-12-CENSUS-0000230948,FE8MTX5REGB6,2022,2023-09-18,LUR7SVFS8FP5
2022-12-CENSUS-0000230948,FE8MTX5REGB6,2022,2023-09-18,NLD3REHCMKY5
2022-12-CENSUS-0000230948,FE8MTX5REGB6,2022,2023-09-18,PUTLKLHZAJ75
2022-12-CENSUS-0000230948,FE8MTX5REGB6,2022,2023-09-18,XL98X1AR7Y74
2022-06-CENSUS-0000218871,S1RKMQEPJWA8,2022,2023-03-13,Y9VHWJBL5HT7
2022-12-CENSUS-0000241630,FP1VD1HU5HV7,2022,2023-09-28,NZR3FW4MHNJ8
2022-12-CENSUS-0000241630,FP1VD1HU5HV7,2022,2023-09-28,U51KJYZM2DW3
2022-12-CENSUS-0000241630,FP1VD1HU5HV7,2022,2023-09-28,F1GLMKFDVLA9
2022-12-CENSUS-0000241630,FP1VD1HU5HV7,2022,2023-09-28,EN6ZGNN7MYP3
2022-12-CENSUS-0000241630,FP1VD1HU5HV7,2022,2023-09-28,G8YCM43T2TA3
2022-12-CENSUS-0000241630,FP1VD1HU5HV7,2022,2023-09-28,R11FE19PQAF5
2022-12-CENSUS-0000241630,FP1VD1HU5HV7,2022,2023-09-28,LNHLMH7FBN85
2022-12-CENSUS-0000241630,FP1VD1HU5HV7,2022,2023-09-28,V1XFGKETLAL9
2022-12-CENSUS-0000241630,FP1VD1HU5HV7,2022,2023-09-28,GZYYXW4MJ4A7
2022-06-CENSUS-0000257395,NPEGUK6SGP48,2022,2023-03-15,LYT2RANLKGZ3
2022-06-CENSUS-0000198401,DAKHSD18MVG5,2022,2023-02-13,R7SKS7UK6277
2022-06-CENSUS-0000147111,F6XMPMVYG8J3,2022,2023-01-23,GMBJSA1FBWS3
2022-06-CENSUS-0000147111,F6XMPMVYG8J3,2022,2023-01-23,NBCZN3ZMNC34
2022-06-CENSUS-0000147111,F6XMPMVYG8J3,2022,2023-01-23,LFEAJ9P535F8
2022-06-CENSUS-0000147111,F6XMPMVYG8J3,2022,2023-01-23,QGK6NDM2H596
2022-06-CENSUS-0000147111,F6XMPMVYG8J3,2022,2023-01-23,NN6HFKQY4355
2022-06-CENSUS-0000147111,F6XMPMVYG8J3,2022,2023-01-23,CJMLME2LNS96
2022-06-CENSUS-0000147111,F6XMPMVYG8J3,2022,2023-01-23,DCG1PE3FFHC3
2022-09-CENSUS-0000212183,EUJ4NSR26243,2022,2023-06-29,MMS6VFPKJCE6
2022-06-CENSUS-0000130252,XSNJVVC4K8J7,2022,2023-03-27,FLMXV712PEB9
2022-06-CENSUS-0000130252,XSNJVVC4K8J7,2022,2023-03-27,ZUTPL1WY26A6
2022-06-CENSUS-0000130252,XSNJVVC4K8J7,2022,2023-03-27,S3T6TPLZVC44
2022-06-CENSUS-0000130252,XSNJVVC4K8J7,2022,2023-03-27,NPSCMGB8TMH7
2022-06-CENSUS-0000130252,XSNJVVC4K8J7,2022,2023-03-27,LMNMSNDKMKK5
2022-06-CENSUS-0000130252,XSNJVVC4K8J7,2022,2023-03-27,KSM4UUTZ6Z75
2022-06-CENSUS-0000130252,XSNJVVC4K8J7,2022,2023-03-27,Z3H2LB1VMZ28
2022-06-CENSUS-0000130252,XSNJVVC4K8J7,2022,2023-03-27,T5R3PMKJY6K3
2022-06-CENSUS-0000130252,XSNJVVC4K8J7,2022,2023-03-27,RNLMCT6WCF99
2022-06-CENSUS-0000130252,XSNJVVC4K8J7,2022,2023-03-27,VCKMLCEAYFY9
2022-06-CENSUS-0000130252,XSNJVVC4K8J7,2022,2023-03-27,UNVFXAX82A29
2022-06-CENSUS-0000171374,X1PHNPJ79AA4,2022,2023-02-12,HLQMD1V63EL9
2022-06-CENSUS-0000210812,M9Q4UBJDP6Q6,2022,2023-03-06,L2UJLHCMHJZ8
2022-06-CENSUS-0000210812,M9Q4UBJDP6Q6,2022,2023-03-06,EZLLC5J2N9N9
2022-06-CENSUS-0000210812,M9Q4UBJDP6Q6,2022,2023-03-06,E66KY8JYEX15
2022-06-CENSUS-0000171420,QFCVB9X7NN47,2022,2023-01-26,WEFXRPH5HLN6
2022-06-CENSUS-0000171420,QFCVB9X7NN47,2022,2023-01-26,WEDNDEKS6AJB
2022-06-CENSUS-0000152738,LBFJB8N7LME3,2022,2023-03-26,SZPJL5ZRCLF4
2022-06-CENSUS-0000152738,LBFJB8N7LME3,2022,2023-03-26,J9CDGR596MN3
2022-06-CENSUS-0000152738,LBFJB8N7LME3,2022,2023-03-26,Y6MGH342N169
2022-06-CENSUS-0000152738,LBFJB8N7LME3,2022,2023-03-26,GWCTP4CQ1E65
2022-12-CENSUS-0000153362,HM6YGEFXCGW7,2022,2023-08-28,KYYQNZFJHLU3
2022-12-CENSUS-0000153362,HM6YGEFXCGW7,2022,2023-08-28,F1V3EKZHJD16
2022-12-CENSUS-0000228060,RFS9HMPNJMS3,2022,2023-07-10,EEYDE2NXNBR4
2022-12-CENSUS-0000234141,HLA4PKAW4GX5,2022,2023-09-24,NWDEF8KNLCW1
2022-12-CENSUS-0000234141,HLA4PKAW4GX5,2022,2023-09-24,H6WCCFDLB6Y7
2022-12-CENSUS-0000234141,HLA4PKAW4GX5,2022,2023-09-24,MULYMHFJWYR3
2022-12-CENSUS-0000244924,XXXXXXXXXXXX,2022,2023-06-28,JBHSBJ2RJY59
2022-12-CENSUS-0000244924,XXXXXXXXXXXX,2022,2023-06-28,MNYTEA6E3RJ7
2022-09-CENSUS-0000249346,PEN1W464K158,2022,2023-05-16,RL7XKVRKJW43
2022-09-CENSUS-0000249346,PEN1W464K158,2022,2023-05-16,FAC1Z42GBAX1
2022-09-CENSUS-0000249346,PEN1W464K158,2022,2023-05-16,C82EN5ZKNFS8
2022-09-CENSUS-0000249346,PEN1W464K158,2022,2023-05-16,E7TKB5ENTVM3
2022-09-CENSUS-0000249346,PEN1W464K158,2022,2023-05-16,DJ33ZZUF6H23
2022-09-CENSUS-0000249346,PEN1W464K158,2022,2023-05-16,HAUYRWJB58E8
2022-09-CENSUS-0000249346,PEN1W464K158,2022,2023-05-16,T26WPG9R26G5
2022-09-CENSUS-0000249346,PEN1W464K158,2022,2023-05-16,YDR2TNSLT5N9
2022-09-CENSUS-0000249346,PEN1W464K158,2022,2023-05-16,HGC7JHH1UVP7
2022-06-CENSUS-0000255431,SMUGQUN5K988,2022,2023-03-30,VEN2Z2REHZL9
2022-12-CENSUS-0000069278,H1TYS4PK8EC5,2022,2023-09-25,RKGPBMW6NKG4
2022-12-CENSUS-0000069278,H1TYS4PK8EC5,2022,2023-09-25,XRE3NQAD1G46
2022-12-CENSUS-0000069278,H1TYS4PK8EC5,2022,2023-09-25,UA7AX7FUZJQ3
2022-12-CENSUS-0000069278,H1TYS4PK8EC5,2022,2023-09-25,LPMBKF56L628
2022-12-CENSUS-0000069278,H1TYS4PK8EC5,2022,2023-09-25,J5GNRYNYJSK9
2022-12-CENSUS-0000069278,H1TYS4PK8EC5,2022,2023-09-25,UP3MHMKRLZM4
2022-12-CENSUS-0000069278,H1TYS4PK8EC5,2022,2023-09-25,QL6CL2BZJH36
2022-06-CENSUS-0000134720,SJY2L8VHUGS4,2022,2023-03-12,LT9CXX8L19G1
2022-06-CENSUS-0000134720,SJY2L8VHUGS4,2022,2023-03-12,CF4JCNKUD3M6
2022-06-CENSUS-0000134720,SJY2L8VHUGS4,2022,2023-03-12,TA9JJL4AN666
2022-06-CENSUS-0000134720,SJY2L8VHUGS4,2022,2023-03-12,GFHUZQ7HRGZ7
2022-06-CENSUS-0000134720,SJY2L8VHUGS4,2022,2023-03-12,JT72JJR5F5S7
2022-06-CENSUS-0000134720,SJY2L8VHUGS4,2022,2023-03-12,H2YCV9SSBXT7
2022-06-CENSUS-0000134720,SJY2L8VHUGS4,2022,2023-03-12,W6KGB2MW5KL9
2022-06-CENSUS-0000134720,SJY2L8VHUGS4,2022,2023-03-12,MLZBKBMQW8N9
2022-06-CENSUS-0000134720,SJY2L8VHUGS4,2022,2023-03-12,JXJJNNBNAJS4
2022-06-CENSUS-0000134720,SJY2L8VHUGS4,2022,2023-03-12,GWBZN83NC7U9
2022-06-CENSUS-0000134720,SJY2L8VHUGS4,2022,2023-03-12,NYHECMHUJJH8
2022-06-CENSUS-0000134720,SJY2L8VHUGS4,2022,2023-03-12,L142L1KJWJ73
2022-06-CENSUS-0000134720,SJY2L8VHUGS4,2022,2023-03-12,TVY7HCDQM3A7
2022-06-CENSUS-0000134720,SJY2L8VHUGS4,2022,2023-03-12,DSAXBXN417R5
2022-06-CENSUS-0000134720,SJY2L8VHUGS4,2022,2023-03-12,LGDEA7515H79
2022-06-CENSUS-0000134720,SJY2L8VHUGS4,2022,2023-03-12,ZU9EGNZKADZ2
2022-06-CENSUS-0000134720,SJY2L8VHUGS4,2022,2023-03-12,NJBCFCDT3J27
2022-06-CENSUS-0000134720,SJY2L8VHUGS4,2022,2023-03-12,VLU6J9X6BWP9
2022-06-CENSUS-0000134720,SJY2L8VHUGS4,2022,2023-03-12,TYJEPW6N1W98
2022-06-CENSUS-0000134720,SJY2L8VHUGS4,2022,2023-03-12,LTAMNZ6MT5Z8
2022-06-CENSUS-0000134720,SJY2L8VHUGS4,2022,2023-03-12,M95NMB9MJKF7
2022-06-CENSUS-0000134720,SJY2L8VHUGS4,2022,2023-03-12,N6N5R8ZDANR3
2022-06-CENSUS-0000134720,SJY2L8VHUGS4,2022,2023-03-12,DCKBDT1EV4B4
2022-06-CENSUS-0000134720,SJY2L8VHUGS4,2022,2023-03-12,NUJ5Q3DW7U98
2022-06-CENSUS-0000134720,SJY2L8VHUGS4,2022,2023-03-12,EC9NPVBYHXA3
2022-06-CENSUS-0000134720,SJY2L8VHUGS4,2022,2023-03-12,SXLMSPNKDSJ8
2022-06-CENSUS-0000089062,Y2PNHH8GH5H9,2022,2023-03-20,FCJGVJET5G48
2022-06-CENSUS-0000089062,Y2PNHH8GH5H9,2022,2023-03-20,PXJ8BNARFLR9
2022-06-CENSUS-0000089062,Y2PNHH8GH5H9,2022,2023-03-20,FRL2RNHRAEB6
2022-09-CENSUS-0000173029,KPSRMF3B1UP1,2022,2023-04-25,F21LKQHDDYN4
2022-09-CENSUS-0000136138,VY9UEK86CVW3,2022,2023-04-24,GVXBBWH1S236
2022-09-CENSUS-0000136138,VY9UEK86CVW3,2022,2023-04-24,E7FSAAQSVAL7
2022-12-CENSUS-0000212490,DXL9BDMFHGG7,2022,2023-07-30,KPPKR778LHX3
2022-06-CENSUS-0000137893,F7S9S5D2CSP3,2022,2023-03-30,EPPEQ6N7ZH13
2022-12-CENSUS-0000253228,HFL3BDKSVRT3,2022,2023-08-29,WGAMZ3JGT1L7
2022-12-CENSUS-0000253228,HFL3BDKSVRT3,2022,2023-08-29,H4RFK7CP9DG3
2022-12-CENSUS-0000234450,FGMFFNHLTTU3,2022,2023-08-17,UY4UTFJMQKL1
2022-12-CENSUS-0000253010,SHBXBNLH2X55,2022,2023-08-28,GP4GCKQJBAP1
2022-06-CENSUS-0000201430,RFCNULGALST5,2022,2023-09-27,RKMTD611VC26
2022-06-CENSUS-0000201430,RFCNULGALST5,2022,2023-09-27,Y5GDK5KJYBN5
2022-06-CENSUS-0000201430,RFCNULGALST5,2022,2023-09-27,CHU2LAR5Y197
2022-12-CENSUS-0000254707,MDAAX4LQCYE8,2022,2023-08-27,ENYNALC2VSB7
2022-12-CENSUS-0000254707,MDAAX4LQCYE8,2022,2023-08-27,DBQZCQC8MLY3
2022-06-CENSUS-0000148232,KMC3XM6L8GL8,2022,2023-06-20,K6N8EMJK4VH6
2022-06-CENSUS-0000148232,KMC3XM6L8GL8,2022,2023-06-20,WLWWKG5WED78
2022-09-CENSUS-0000096036,TGPAPG89LW44,2022,2023-09-27,J6XPE9J7NGS5
2022-09-CENSUS-0000096036,TGPAPG89LW44,2022,2023-09-27,Z749CNGN8DB1
2022-09-CENSUS-0000096036,TGPAPG89LW44,2022,2023-09-27,GNR5MWBCJN64
2022-09-CENSUS-0000096036,TGPAPG89LW44,2022,2023-09-27,QD4UZ5K1AEB3
2022-09-CENSUS-0000096036,TGPAPG89LW44,2022,2023-09-27,VKXKZJ58LKT5
2022-09-CENSUS-0000096036,TGPAPG89LW44,2022,2023-09-27,DPZHMMML4K73
2022-09-CENSUS-0000096036,TGPAPG89LW44,2022,2023-09-27,C15CT52MD4F1
2022-09-CENSUS-0000096036,TGPAPG89LW44,2022,2023-09-27,FUXCNG2ACMZ4
2022-09-CENSUS-0000096036,TGPAPG89LW44,2022,2023-09-27,LHLNERRPNUH3
2022-09-CENSUS-0000096036,TGPAPG89LW44,2022,2023-09-27,U8HBR64AQTK3
2022-12-CENSUS-0000216178,J1T9VTF9PK89,2022,2023-05-09,QZ53LKPWJMD3
2022-12-CENSUS-0000216178,J1T9VTF9PK89,2022,2023-05-09,MFY5M65HQ2D5
2022-12-CENSUS-0000216178,J1T9VTF9PK89,2022,2023-05-09,CU9SYYYRBPD4
2022-12-CENSUS-0000078066,KLZEP4SQ9B65,2022,2023-07-05,YRXHZSJRR7F5
2022-12-CENSUS-0000078066,KLZEP4SQ9B65,2022,2023-07-05,U7M2BDLW5J57
2022-06-CENSUS-0000237943,HSJJJCVE3JX3,2022,2023-02-16,Z51GSLFX9MN1
2022-06-CENSUS-0000156039,NCRMJ9KJ3S58,2022,2023-03-30,LA2HR1U97VC6
2022-06-CENSUS-0000156039,NCRMJ9KJ3S58,2022,2023-03-30,ZXA9V13R9MN8
2022-06-CENSUS-0000156039,NCRMJ9KJ3S58,2022,2023-03-30,YUC4D2DQS6E1
2022-06-CENSUS-0000156039,NCRMJ9KJ3S58,2022,2023-03-30,DMA7LGZ3RMT1
2022-06-CENSUS-0000156039,NCRMJ9KJ3S58,2022,2023-03-30,MNS3KK4Y4MD3
2022-06-CENSUS-0000130497,L594MNCDBRN7,2022,2023-01-11,JEE5ZB2FP2E5
2022-06-CENSUS-0000054157,Y28BEBJ4MNU7,2022,2023-03-29,HQ5NMP5HLL53
2022-06-CENSUS-0000054157,Y28BEBJ4MNU7,2022,2023-03-29,NKVZTLYHXJJ7
2022-06-CENSUS-0000134720,SJY2L8VHUGS4,2022,2023-03-12,SQV9JP8FFHU8
2022-06-CENSUS-0000134720,SJY2L8VHUGS4,2022,2023-03-12,X2PBQC6MPTG3
2022-06-CENSUS-0000134720,SJY2L8VHUGS4,2022,2023-03-12,N5B1E3N8RA95
2022-06-CENSUS-0000134720,SJY2L8VHUGS4,2022,2023-03-12,LL8JGFHNJA76
2022-06-CENSUS-0000134720,SJY2L8VHUGS4,2022,2023-03-12,VKLJJL78DED5
2022-06-CENSUS-0000134720,SJY2L8VHUGS4,2022,2023-03-12,JHU3ZGFL6EJ6
2022-06-CENSUS-0000134720,SJY2L8VHUGS4,2022,2023-03-12,R6YMKJN1MHA5
2022-06-CENSUS-0000134720,SJY2L8VHUGS4,2022,2023-03-12,KC9ECMRL8P58
2022-06-CENSUS-0000134720,SJY2L8VHUGS4,2022,2023-03-12,TMESM95QU3J8
2022-06-CENSUS-0000134720,SJY2L8VHUGS4,2022,2023-03-12,LMUGEYKLMND9
2022-06-CENSUS-0000134720,SJY2L8VHUGS4,2022,2023-03-12,FS25K4NTAH17
2022-06-CENSUS-0000134720,SJY2L8VHUGS4,2022,2023-03-12,TRKHBM4R1JC6
2022-06-CENSUS-0000134720,SJY2L8VHUGS4,2022,2023-03-12,Q6HLZ59BFLU5
2022-06-CENSUS-0000134720,SJY2L8VHUGS4,2022,2023-03-12,DS7LNWQUKFX4
2022-06-CENSUS-0000134720,SJY2L8VHUGS4,2022,2023-03-12,HHQFWEPJKE97
2022-06-CENSUS-0000134720,SJY2L8VHUGS4,2022,2023-03-12,E179RLBM1HK5
2022-06-CENSUS-0000134720,SJY2L8VHUGS4,2022,2023-03-12,NY7VB61GCKZ1
2022-06-CENSUS-0000134720,SJY2L8VHUGS4,2022,2023-03-12,CZ9GSGBGGNJ6
2022-06-CENSUS-0000134720,SJY2L8VHUGS4,2022,2023-03-12,QUQJTAYXYTA8
2022-09-CENSUS-0000202142,YLHMQ9QQ1LT9,2022,2023-05-31,J5VUZL7DKAX6
2022-09-CENSUS-0000184193,M7CNH6PHBKA1,2022,2023-03-27,KFYPKBGLGJJ7
2022-06-CENSUS-0000081328,MYR7QGXJF3J5,2022,2023-03-06,T8X3L1H1LXH3
2022-12-CENSUS-0000255187,ZMBACEXG3AB5,2022,2023-09-28,U5YWA83QSMR8
2022-12-CENSUS-0000255187,ZMBACEXG3AB5,2022,2023-09-28,TS2MCLEB1LC1
2022-12-CENSUS-0000255187,ZMBACEXG3AB5,2022,2023-09-28,UK76SSJ41LS8
2022-12-CENSUS-0000255187,ZMBACEXG3AB5,2022,2023-09-28,MF3ULU3LEKE3
2022-06-CENSUS-0000174325,MHNNEL4LHS69,2022,2023-03-08,EAL7XWPV8EB7
2022-06-CENSUS-0000174325,MHNNEL4LHS69,2022,2023-03-08,HLE8G8ALCMA8
2022-12-CENSUS-0000247414,RJNPPGFZ8BL3,2022,2023-09-18,LGMDFBJRTJG9
2022-06-CENSUS-0000224078,MNL2NJTQEL78,2022,2023-01-09,GWUJYSLB9581
2022-06-CENSUS-0000224078,MNL2NJTQEL78,2022,2023-01-09,NKPRCTJVGK37
2022-06-CENSUS-0000224078,MNL2NJTQEL78,2022,2023-01-09,KNSDXTMLGTJ7
2022-06-CENSUS-0000224078,MNL2NJTQEL78,2022,2023-01-09,KGWTJRWV1MP3
2022-06-CENSUS-0000224078,MNL2NJTQEL78,2022,2023-01-09,YMWSJZXL9E55
2022-06-CENSUS-0000224078,MNL2NJTQEL78,2022,2023-01-09,JTJHMPMWMY65
2022-06-CENSUS-0000224078,MNL2NJTQEL78,2022,2023-01-09,MHPNLHMT3WH7
2022-06-CENSUS-0000224078,MNL2NJTQEL78,2022,2023-01-09,EBANJRTGFV64
2022-11-CENSUS-0000138652,F826K1ERFBG6,2022,2023-06-15,KWNLRNGUMVJ3
2022-12-CENSUS-0000252375,DQ8MDZ5TPBZ1,2022,2023-09-24,JMX6J55UFUD3
2022-12-CENSUS-0000252375,DQ8MDZ5TPBZ1,2022,2023-09-24,NJE1NDPKVY38
2022-12-CENSUS-0000252375,DQ8MDZ5TPBZ1,2022,2023-09-24,HD5TPW2ZEHR8
2022-12-CENSUS-0000252375,DQ8MDZ5TPBZ1,2022,2023-09-24,PCHQWHERXKC3
2022-12-CENSUS-0000252375,DQ8MDZ5TPBZ1,2022,2023-09-24,RTNYPVUA6K54
2022-12-CENSUS-0000252375,DQ8MDZ5TPBZ1,2022,2023-09-24,K4BFAJKHSLM7
2022-12-CENSUS-0000252375,DQ8MDZ5TPBZ1,2022,2023-09-24,G45LMGK9U5K5
2022-12-CENSUS-0000252375,DQ8MDZ5TPBZ1,2022,2023-09-24,Q9JEGJZDBN13
2022-12-CENSUS-0000252375,DQ8MDZ5TPBZ1,2022,2023-09-24,LR1UJHW669C1
2022-12-CENSUS-0000252375,DQ8MDZ5TPBZ1,2022,2023-09-24,J5N1LH9Y2MW4
2022-12-CENSUS-0000252375,DQ8MDZ5TPBZ1,2022,2023-09-24,G358DGNZGEY6
2022-12-CENSUS-0000252375,DQ8MDZ5TPBZ1,2022,2023-09-24,Z6V6AAG4GLJ3
2022-12-CENSUS-0000252375,DQ8MDZ5TPBZ1,2022,2023-09-24,EMFLSKNDJ894
2022-12-CENSUS-0000252375,DQ8MDZ5TPBZ1,2022,2023-09-24,MK8GMZ5BK9H4
2022-12-CENSUS-0000252375,DQ8MDZ5TPBZ1,2022,2023-09-24,HB6UMMMAXC95
2022-12-CENSUS-0000252375,DQ8MDZ5TPBZ1,2022,2023-09-24,S8VTVUVGA5K3
2022-06-CENSUS-0000245630,V6HGGZ9E8NU5,2022,2023-01-11,HG31KPV4HQH5
2022-06-CENSUS-0000245630,V6HGGZ9E8NU5,2022,2023-01-11,QRW7JLGCSBK7
2022-06-CENSUS-0000245630,V6HGGZ9E8NU5,2022,2023-01-11,N9L1CZENCCQ8
2022-06-CENSUS-0000245630,V6HGGZ9E8NU5,2022,2023-01-11,G2P7VWHBAN61
2022-06-CENSUS-0000245630,V6HGGZ9E8NU5,2022,2023-01-11,G92PG9LLSVL3
2022-06-CENSUS-0000176123,FPR8JRJ6J587,2022,2023-05-07,L1KJRQ6K8JV5
2022-06-CENSUS-0000225745,MFP2L967G8P4,2022,2023-02-27,C999GQML1YT3
2022-06-CENSUS-0000202042,PMVLKBX5KCA8,2022,2023-02-09,E41PH2FF1LMB
2022-06-CENSUS-0000202042,PMVLKBX5KCA8,2022,2023-02-09,HAMKDP7NM8C6
2022-06-CENSUS-0000202042,PMVLKBX5KCA8,2022,2023-02-09,URJVMKBJKM21
2022-06-CENSUS-0000202042,PMVLKBX5KCA8,2022,2023-02-09,N2D5ARD9HGE1
2022-06-CENSUS-0000202042,PMVLKBX5KCA8,2022,2023-02-09,F87MBG9M1KL1
2022-06-CENSUS-0000176120,K7EPDEL2B141,2022,2023-01-12,CAEEBKDVNEK6
2022-06-CENSUS-0000176120,K7EPDEL2B141,2022,2023-01-12,MLJGZSMNCJC6
2022-06-CENSUS-0000011852,S8C8D8JKLE55,2022,2023-03-29,CQA1K84J6J85
2022-06-CENSUS-0000011852,S8C8D8JKLE55,2022,2023-03-29,N7AMNUE31RD6
2022-06-CENSUS-0000011852,S8C8D8JKLE55,2022,2023-03-29,CAY4K2RTLBR3
2022-06-CENSUS-0000011852,S8C8D8JKLE55,2022,2023-03-29,JF7HR9WJSFJ6
2022-06-CENSUS-0000011852,S8C8D8JKLE55,2022,2023-03-29,HQC5DGB5Z7N6
2022-06-CENSUS-0000011852,S8C8D8JKLE55,2022,2023-03-29,CNYDG3BLQNF9
2022-06-CENSUS-0000257469,XLKJCV9RJHD8,2022,2023-03-23,GQ6HR79DFL63
2022-06-CENSUS-0000257469,XLKJCV9RJHD8,2022,2023-03-23,QXJ2NLK5VU43
2022-06-CENSUS-0000154578,MTFGFWSJ81T7,2022,2023-03-29,LFV1YY6NAJ55
2022-12-CENSUS-0000010694,H58CPAYE6UE5,2022,2023-09-28,L2PJV7Z73R24
2022-12-CENSUS-0000010694,H58CPAYE6UE5,2022,2023-09-28,LJ9GJQDWF8P7
2022-12-CENSUS-0000212004,JS7DK2APTFJ7,2022,2023-07-31,CBWYRN9WFZ96
2022-12-CENSUS-0000212004,JS7DK2APTFJ7,2022,2023-07-31,D71BPLXYQMN5
2022-12-CENSUS-0000212004,JS7DK2APTFJ7,2022,2023-07-31,YMFJXB4A3K94
2022-12-CENSUS-0000212004,JS7DK2APTFJ7,2022,2023-07-31,VZPFXAFQBX27
2022-12-CENSUS-0000212004,JS7DK2APTFJ7,2022,2023-07-31,P4PGY9N5KNR7
2022-12-CENSUS-0000212004,JS7DK2APTFJ7,2022,2023-07-31,EFFDV3VD31K7
2022-12-CENSUS-0000212004,JS7DK2APTFJ7,2022,2023-07-31,U941YS3EREL9
2022-12-CENSUS-0000212004,JS7DK2APTFJ7,2022,2023-07-31,DNCJSL7CY7K5
2022-12-CENSUS-0000212004,JS7DK2APTFJ7,2022,2023-07-31,NR27L6D3EJ75
2022-12-CENSUS-0000212004,JS7DK2APTFJ7,2022,2023-07-31,VNBFL93JYPK7
2022-12-CENSUS-0000212004,JS7DK2APTFJ7,2022,2023-07-31,FBWZAQ6Z11L1
2022-12-CENSUS-0000212004,JS7DK2APTFJ7,2022,2023-07-31,YBM4V6U8YL68
2022-12-CENSUS-0000212004,JS7DK2APTFJ7,2022,2023-07-31,FFMYWXZ62U88
2022-06-CENSUS-0000257967,EPY1QMJ6H455,2022,2023-04-19,L8TTRQKHXAL6
2022-09-CENSUS-0000217330,JM3QWP4D6MY1,2022,2023-06-29,YUVWDM5WD476
2022-09-CENSUS-0000217330,JM3QWP4D6MY1,2022,2023-06-29,KKV7R5V97HN8
2022-09-CENSUS-0000217330,JM3QWP4D6MY1,2022,2023-06-29,YVVNVEMZ5YS5
2022-09-CENSUS-0000217330,JM3QWP4D6MY1,2022,2023-06-29,J318Z9YKG8J3
2022-09-CENSUS-0000217330,JM3QWP4D6MY1,2022,2023-06-29,G4SXMDNNPLK5
2022-12-CENSUS-0000246493,NYM9K9SPAJD6,2022,2023-04-10,TUMFU9HBBW67
2022-06-CENSUS-0000176077,WLG7WD5FYA89,2022,2023-01-11,DMETEJAWKEK5
2022-09-CENSUS-0000136074,YWJLCFZMLNM6,2022,2023-04-05,YZ7LLG9BGCN3
2022-12-CENSUS-0000150704,QS7KRGY1LDF6,2022,2023-09-28,VMJ3YLM2LQG6
2022-12-CENSUS-0000150704,QS7KRGY1LDF6,2022,2023-09-28,HHGCK5LUEH67
2022-12-CENSUS-0000150704,QS7KRGY1LDF6,2022,2023-09-28,GQ3KCAMNHJ65
2022-12-CENSUS-0000150704,QS7KRGY1LDF6,2022,2023-09-28,HBQSGGJU1MG3
2022-12-CENSUS-0000150704,QS7KRGY1LDF6,2022,2023-09-28,DTWSFG7TDXN8
2022-12-CENSUS-0000150704,QS7KRGY1LDF6,2022,2023-09-28,MLM3J8VNKCE4
2022-12-CENSUS-0000150704,QS7KRGY1LDF6,2022,2023-09-28,HNKNH2W4RMQ3
2022-12-CENSUS-0000150704,QS7KRGY1LDF6,2022,2023-09-28,L1HBMNU9PDX7
2022-12-CENSUS-0000150704,QS7KRGY1LDF6,2022,2023-09-28,YDFAMB26WFT3
2022-12-CENSUS-0000150704,QS7KRGY1LDF6,2022,2023-09-28,MJ3GRQ5623J3
2022-06-CENSUS-0000232243,KBRMA6TAJL58,2022,2023-01-04,LS7DDFXXXWB7
2022-06-CENSUS-0000232243,KBRMA6TAJL58,2022,2023-01-04,TDJHQKVSXMG3
2022-06-CENSUS-0000232243,KBRMA6TAJL58,2022,2023-01-04,LEH4SMQNELP8
2022-06-CENSUS-0000232243,KBRMA6TAJL58,2022,2023-01-04,TCQSQE82AND7
2022-06-CENSUS-0000232243,KBRMA6TAJL58,2022,2023-01-04,T9WEG8DNMCM6
2022-06-CENSUS-0000232243,KBRMA6TAJL58,2022,2023-01-04,TS34JB8H3JJ1
2022-06-CENSUS-0000154677,XHU5K5UYRXB3,2022,2023-09-28,MHQ1RLBRMJW5
2022-06-CENSUS-0000133787,HS3RNH86H5W4,2022,2023-02-12,P7V8KE5J24T8
2022-06-CENSUS-0000133787,HS3RNH86H5W4,2022,2023-02-12,RK4XPB8PN3L4
2022-06-CENSUS-0000133787,HS3RNH86H5W4,2022,2023-02-12,MT4DJXZEY4L4
2022-09-CENSUS-0000218604,D4UNFMQY18B7,2022,2023-01-25,CUH9NM31DJE1
2022-06-CENSUS-0000192442,RS6DCM873FA3,2022,2023-03-29,LP3KDQULGJD4
2022-06-CENSUS-0000003235,C1MZSNM5PNJ6,2022,2023-01-05,CTB8N2UASUL4
2022-06-CENSUS-0000003235,C1MZSNM5PNJ6,2022,2023-01-05,HVTJQX6JG8J1
2022-06-CENSUS-0000223259,FL3BFSHDC4T7,2022,2023-03-30,FQ8GMMEEM5B3
2022-06-CENSUS-0000025418,RFKAVNHKKVB3,2022,2023-03-30,KBJ9KVB79343
2022-06-CENSUS-0000025418,RFKAVNHKKVB3,2022,2023-03-30,F2L2XYXJ6FU5
2022-06-CENSUS-0000025418,RFKAVNHKKVB3,2022,2023-03-30,HACGVNBUUD88
2022-06-CENSUS-0000025418,RFKAVNHKKVB3,2022,2023-03-30,SM69X1VBWFJ9
2022-06-CENSUS-0000025418,RFKAVNHKKVB3,2022,2023-03-30,UR1LGHLZWL39
2022-06-CENSUS-0000025418,RFKAVNHKKVB3,2022,2023-03-30,YUXTKSD2ABS6
2022-06-CENSUS-0000025418,RFKAVNHKKVB3,2022,2023-03-30,LTB7PA1M5UK1
2022-12-CENSUS-0000201567,TW7TS5HCGJ57,2022,2023-08-22,EPTZFKLRCAL8
2022-12-CENSUS-0000201567,TW7TS5HCGJ57,2022,2023-08-22,QZLTJJ4F9D51
2022-06-CENSUS-0000212206,Z38ABRDEN515,2022,2023-03-30,HKWPV3NWB834
2022-06-CENSUS-0000229478,GUY7LFQK7984,2022,2023-02-13,T89AADPFR3R3
2022-06-CENSUS-0000229478,GUY7LFQK7984,2022,2023-02-13,C1J1U459TLV5
2022-12-CENSUS-0000221966,CMNPVSHU24F6,2022,2023-09-28,KQ92PHM1K9M9
2022-12-CENSUS-0000221966,CMNPVSHU24F6,2022,2023-09-28,WXFMEJ9BENP1
2022-12-CENSUS-0000221966,CMNPVSHU24F6,2022,2023-09-28,ULXPDFA6RKL7
2022-12-CENSUS-0000221966,CMNPVSHU24F6,2022,2023-09-28,UPH6HK5GC5R5
2022-12-CENSUS-0000221966,CMNPVSHU24F6,2022,2023-09-28,UPLCSETGTPC7
2022-12-CENSUS-0000221966,CMNPVSHU24F6,2022,2023-09-28,UPKWLNG36BM7
2022-12-CENSUS-0000221966,CMNPVSHU24F6,2022,2023-09-28,CJFHCDKB9YE8
2022-12-CENSUS-0000221966,CMNPVSHU24F6,2022,2023-09-28,UPZ6AANZ1NQ1
2022-12-CENSUS-0000221966,CMNPVSHU24F6,2022,2023-09-28,V3D6SJ93TYC9
2022-12-CENSUS-0000221966,CMNPVSHU24F6,2022,2023-09-28,KPPYZKXUJXR2
2022-12-CENSUS-0000203757,R3MJNQN3L123,2022,2023-09-25,QMJZZEK1HCG6
2022-06-CENSUS-0000235624,Z2MRZKJSTNZ6,2022,2023-02-12,MKJGKP31GGF5
2022-06-CENSUS-0000225629,GX7UG6VHDHC9,2022,2023-02-26,VET6MQCFKL83
2022-12-CENSUS-0000039110,EYMJXLN2MFB4,2022,2023-10-01,QTUDGGWCLN77
2022-12-CENSUS-0000037073,WWABH3V1SLY6,2022,2023-09-28,FT44QHEMFAJ8
2022-09-CENSUS-0000152334,J4SPZX4G4AM9,2022,2023-09-20,N55ENGMV2VM7
2022-09-CENSUS-0000152334,J4SPZX4G4AM9,2022,2023-09-20,C6FVY2CCKGH6
2022-09-CENSUS-0000152334,J4SPZX4G4AM9,2022,2023-09-20,NMF1WZB7F322
2022-06-CENSUS-0000244411,HCKZW5VKNU93,2022,2023-03-01,LR5GAJQAXCD5
2022-06-CENSUS-0000244411,HCKZW5VKNU93,2022,2023-03-01,MAU5JGW5DE23
2022-06-CENSUS-0000244411,HCKZW5VKNU93,2022,2023-03-01,J1G9CV11VCN7
2022-06-CENSUS-0000244411,HCKZW5VKNU93,2022,2023-03-01,GUA3HKQNBBS8
2022-06-CENSUS-0000244411,HCKZW5VKNU93,2022,2023-03-01,WK8DDS1Y6KG7
2022-06-CENSUS-0000244411,HCKZW5VKNU93,2022,2023-03-01,W94KB3SW3T11
2022-06-CENSUS-0000244411,HCKZW5VKNU93,2022,2023-03-01,LP9KU4S2SKC1
2022-06-CENSUS-0000244411,HCKZW5VKNU93,2022,2023-03-01,XRJ2DMLNMM34
2022-12-CENSUS-0000254604,KTGWTWRC7JV8,2022,2023-09-28,RPEXQZLT3T57
2022-09-CENSUS-0000172232,LKV2KLTN9M48,2022,2023-05-08,J6MNLASJ9GC8
2022-09-CENSUS-0000172232,LKV2KLTN9M48,2022,2023-05-08,JSM1H6JPQUX6
2022-06-CENSUS-0000132286,KS8RFKRF6ZE6,2022,2023-03-30,MKTSDFM6Y3P8
2022-06-CENSUS-0000132286,KS8RFKRF6ZE6,2022,2023-03-30,ENTLWZJ8JPJ9
2022-06-CENSUS-0000136727,C1E5Y94H5FS7,2022,2023-03-23,U8ALZNH9G5S6
2022-06-CENSUS-0000136727,C1E5Y94H5FS7,2022,2023-03-23,L3C8FHRN92R8
2022-06-CENSUS-0000136727,C1E5Y94H5FS7,2022,2023-03-23,F116P3QGXGG4
2022-06-CENSUS-0000026234,QLCEPNGARYH3,2022,2023-03-27,TMNXKZBFG185
2022-06-CENSUS-0000026234,QLCEPNGARYH3,2022,2023-03-27,HNLGJQZLSWQ8
2022-06-CENSUS-0000026234,QLCEPNGARYH3,2022,2023-03-27,GYL9EW9XGYX1
2022-06-CENSUS-0000026234,QLCEPNGARYH3,2022,2023-03-27,KGU8UERW5966
2022-06-CENSUS-0000026234,QLCEPNGARYH3,2022,2023-03-27,E8H8CNSFVAZ3
2022-06-CENSUS-0000026234,QLCEPNGARYH3,2022,2023-03-27,SYMWUNKAV5J6
2022-06-CENSUS-0000026234,QLCEPNGARYH3,2022,2023-03-27,FZN2FY7ZSE22
2022-06-CENSUS-0000027372,SQ3KG6X2J5H5,2022,2023-03-30,CX25WJ63HVB7
2022-06-CENSUS-0000027372,SQ3KG6X2J5H5,2022,2023-03-30,N84BMQ6BTM73
2022-06-CENSUS-0000027372,SQ3KG6X2J5H5,2022,2023-03-30,LHMSS9Q2PBC3
2022-06-CENSUS-0000027372,SQ3KG6X2J5H5,2022,2023-03-30,X7Y6RNVA4NR6
2022-06-CENSUS-0000254342,US6WFS9DBM93,2022,2023-03-30,GNLSBLZXYT67
2022-06-CENSUS-0000143609,CPNFLT3252F1,2022,2023-03-28,TQ6XCBMPHL85
2022-06-CENSUS-0000143609,CPNFLT3252F1,2022,2023-03-28,CFNMTKSVPM83
2022-06-CENSUS-0000143609,CPNFLT3252F1,2022,2023-03-28,SKUJWRELS4J1
2022-06-CENSUS-0000143609,CPNFLT3252F1,2022,2023-03-28,Y4G1JZGWDV95
2022-06-CENSUS-0000143609,CPNFLT3252F1,2022,2023-03-28,LTDBLSUSD241
2022-09-CENSUS-0000051926,LPDXZFL6D8K8,2022,2023-04-30,VJBXKBQ4NDAS
2022-09-CENSUS-0000138010,HHBYKBT1RJQ5,2022,2023-03-28,L6BQWHYNKF48
2022-06-CENSUS-0000010394,WK63UJ11C2H7,2022,2023-03-29,QTV1NYDHJ9C9
2022-06-CENSUS-0000011228,NQ8DHKMZ32N6,2022,2023-03-29,Y8XMV8QJ22K1
2022-06-CENSUS-0000255160,RU6AKBVU76J4,2022,2023-03-30,SKC9G4DTRNH7
2022-12-CENSUS-0000241642,V2BDJK5JZU56,2022,2023-08-07,N227B6L3QYW9
2022-06-CENSUS-0000242271,CM7JLP8P4BV9,2022,2023-01-22,K32RJKL4QNP7
2022-06-CENSUS-0000242271,CM7JLP8P4BV9,2022,2023-01-22,NS47AZ9CUUL7
2022-06-CENSUS-0000242271,CM7JLP8P4BV9,2022,2023-01-22,MF6KULB9YDM5
2022-06-CENSUS-0000242271,CM7JLP8P4BV9,2022,2023-01-22,HBX6V2R1YZZ4
2022-06-CENSUS-0000242271,CM7JLP8P4BV9,2022,2023-01-22,NS1ECJSZ5HX9
2022-06-CENSUS-0000242271,CM7JLP8P4BV9,2022,2023-01-22,KLF4XYUZEGL5
2022-06-CENSUS-0000242271,CM7JLP8P4BV9,2022,2023-01-22,XECYNK9ELJC4
2022-06-CENSUS-0000242271,CM7JLP8P4BV9,2022,2023-01-22,KHXETZ9ULNU7
2022-09-CENSUS-0000233569,YS8MKJGJN857,2022,2023-01-16,FLJ7DQKLL226
2022-09-CENSUS-0000233569,YS8MKJGJN857,2022,2023-01-16,NA7AKMLK2BM1
2022-09-CENSUS-0000233569,YS8MKJGJN857,2022,2023-01-16,MEHJALA6GFP7
2022-09-CENSUS-0000233569,YS8MKJGJN857,2022,2023-01-16,XQQJEDK7JC21
2022-09-CENSUS-0000233569,YS8MKJGJN857,2022,2023-01-16,QN6MS4VN7BD1
2022-09-CENSUS-0000233569,YS8MKJGJN857,2022,2023-01-16,JZWJLWEF1KR9
2022-09-CENSUS-0000233569,YS8MKJGJN857,2022,2023-01-16,MCKWJYCWNVN3
2022-09-CENSUS-0000233569,YS8MKJGJN857,2022,2023-01-16,UE5KCLMVSHU1
2022-09-CENSUS-0000233569,YS8MKJGJN857,2022,2023-01-16,HZTSVFF4NSX6
2022-12-CENSUS-0000057740,GE7NW99Y9L66,2022,2023-06-14,VMECQP1R7FD9
2022-12-CENSUS-0000057740,GE7NW99Y9L66,2022,2023-06-14,FTDKFHKP6JK3
2022-12-CENSUS-0000057740,GE7NW99Y9L66,2022,2023-06-14,YEKTH7PGB9L6
2022-12-CENSUS-0000057740,GE7NW99Y9L66,2022,2023-06-14,SE22S4GCCDG3
2022-12-CENSUS-0000254632,HWVZFW5MFQS4,2022,2023-09-19,C1U9PKXZGGZ1
2022-12-CENSUS-0000254632,HWVZFW5MFQS4,2022,2023-09-19,LVD9JLE3HMU5
2022-12-CENSUS-0000256795,ZJ46K54KYBV5,2022,2023-09-28,XCAZHJQN9235
2022-12-CENSUS-0000256795,ZJ46K54KYBV5,2022,2023-09-28,WY9FK5SRYFY6
2022-12-CENSUS-0000256795,ZJ46K54KYBV5,2022,2023-09-28,ZAYLDYEBPW51
2022-12-CENSUS-0000256795,ZJ46K54KYBV5,2022,2023-09-28,E8L5TNF6QFC8
2022-12-CENSUS-0000256795,ZJ46K54KYBV5,2022,2023-09-28,DW27N68GXM28
2022-12-CENSUS-0000256795,ZJ46K54KYBV5,2022,2023-09-28,LGQMEKS4DLJ7
2022-12-CENSUS-0000256795,ZJ46K54KYBV5,2022,2023-09-28,SNQYYTF42A83
2022-12-CENSUS-0000256795,ZJ46K54KYBV5,2022,2023-09-28,LB5PD2486VJ3
2022-06-CENSUS-0000165114,D3MUME8J5T25,2022,2023-03-15,PNYGLKYK9M78
2022-06-CENSUS-0000165114,D3MUME8J5T25,2022,2023-03-15,RC4UYN3Y3XP1
2022-06-CENSUS-0000165114,D3MUME8J5T25,2022,2023-03-15,L8NDGFG9HNH8
2022-06-CENSUS-0000165114,D3MUME8J5T25,2022,2023-03-15,E54MJLETMMU1
2022-06-CENSUS-0000218914,CE6YV63935S9,2022,2023-03-23,QSZ8LGHT31L9
2022-06-CENSUS-0000218914,CE6YV63935S9,2022,2023-03-23,YDCBQ38HBMS6
2022-06-CENSUS-0000218914,CE6YV63935S9,2022,2023-03-23,JAXBMZNRVKP9
2022-06-CENSUS-0000218914,CE6YV63935S9,2022,2023-03-23,LA7RCQ91FDB8
2022-06-CENSUS-0000218914,CE6YV63935S9,2022,2023-03-23,N1GLEPJ4CCY7
2022-06-CENSUS-0000218914,CE6YV63935S9,2022,2023-03-23,WDAMAUTJNVY9
2022-06-CENSUS-0000218914,CE6YV63935S9,2022,2023-03-23,NG5XGBKD3U87
2022-06-CENSUS-0000218914,CE6YV63935S9,2022,2023-03-23,R1FWLY8EKS49
2022-06-CENSUS-0000019061,W4HJEY37JEJ5,2022,2023-03-29,DX9KDM5A4PV7
2022-09-CENSUS-0000136116,KHD3TN15Y333,2022,2023-06-22,ZFFELM971AA8
2022-09-CENSUS-0000136116,KHD3TN15Y333,2022,2023-06-22,FEK8E9QYF7N6
2022-06-CENSUS-0000204659,PJNBQCF7J2N7,2022,2023-03-30,ZNYGQQMRSTT7
2022-06-CENSUS-0000204659,PJNBQCF7J2N7,2022,2023-03-30,MJM3N3LLKDT4
2022-06-CENSUS-0000204659,PJNBQCF7J2N7,2022,2023-03-30,EJUHRGJ2LFP1
2022-06-CENSUS-0000204659,PJNBQCF7J2N7,2022,2023-03-30,JJLBKPMZKKG5
2022-06-CENSUS-0000176257,C6VFXLAFKEY1,2022,2023-03-30,N2T4CUNAF419
2022-09-CENSUS-0000136412,LARHMJNJAKS4,2022,2023-03-05,N9B90GZD7YQ5
2022-09-CENSUS-0000136412,LARHMJNJAKS4,2022,2023-03-05,H31ARFSG7658
2022-09-CENSUS-0000136412,LARHMJNJAKS4,2022,2023-03-05,LAX8CUV176X5
2022-09-CENSUS-0000136412,LARHMJNJAKS4,2022,2023-03-05,LW2HTUMF76L9
2022-06-CENSUS-0000251188,PTH7AUKTU2B7,2022,2023-03-06,ENMTYKALJLE5
2022-06-CENSUS-0000251188,PTH7AUKTU2B7,2022,2023-03-06,G1JGHJLNFT13
2022-06-CENSUS-0000251188,PTH7AUKTU2B7,2022,2023-03-06,X6GDMKN1LWM4
2022-06-CENSUS-0000251188,PTH7AUKTU2B7,2022,2023-03-06,JML4YL76LML9
2022-06-CENSUS-0000251188,PTH7AUKTU2B7,2022,2023-03-06,NCB8KWEXKS71
2022-06-CENSUS-0000251188,PTH7AUKTU2B7,2022,2023-03-06,J4VGLZ1UK6J7
2022-06-CENSUS-0000251188,PTH7AUKTU2B7,2022,2023-03-06,PQZMKBR1C2K3
2022-06-CENSUS-0000251188,PTH7AUKTU2B7,2022,2023-03-06,FJKLN6AQKUZ3
2022-06-CENSUS-0000251188,PTH7AUKTU2B7,2022,2023-03-06,CZTJN4JGH5M1
2022-06-CENSUS-0000242292,EUMZJK3F5CL3,2022,2023-03-29,D36STN2MLFS3
2022-06-CENSUS-0000242292,EUMZJK3F5CL3,2022,2023-03-29,ZCS1XLMH5KB3
2022-06-CENSUS-0000242292,EUMZJK3F5CL3,2022,2023-03-29,ZRUKHKL21X51
2022-06-CENSUS-0000242292,EUMZJK3F5CL3,2022,2023-03-29,CUNJAK5WCJ53
2022-06-CENSUS-0000242292,EUMZJK3F5CL3,2022,2023-03-29,FVYEN976N4F4
2022-06-CENSUS-0000242292,EUMZJK3F5CL3,2022,2023-03-29,ZS57SC2TNLR8
2022-06-CENSUS-0000242292,EUMZJK3F5CL3,2022,2023-03-29,ZSE5T8EMFAM7
2022-06-CENSUS-0000242292,EUMZJK3F5CL3,2022,2023-03-29,ZTDJR2TEP5J7
2022-06-CENSUS-0000242292,EUMZJK3F5CL3,2022,2023-03-29,ZTYZENKYKXB6
2022-06-CENSUS-0000242292,EUMZJK3F5CL3,2022,2023-03-29,C9Q1QB9BJYP7
2022-06-CENSUS-0000242292,EUMZJK3F5CL3,2022,2023-03-29,JPAJSP6ZB5J5
2022-06-CENSUS-0000242292,EUMZJK3F5CL3,2022,2023-03-29,JPQ7WJLU67T8
2022-06-CENSUS-0000242292,EUMZJK3F5CL3,2022,2023-03-29,DPZ5E4KDJP27
2022-06-CENSUS-0000242292,EUMZJK3F5CL3,2022,2023-03-29,CPH1SL6X6J19
2022-06-CENSUS-0000242292,EUMZJK3F5CL3,2022,2023-03-29,JQGXN48X81A8
2022-06-CENSUS-0000242292,EUMZJK3F5CL3,2022,2023-03-29,JR2BTLFYVFH4
2022-06-CENSUS-0000242292,EUMZJK3F5CL3,2022,2023-03-29,DYMSBBFQF5L3
2022-06-CENSUS-0000242292,EUMZJK3F5CL3,2022,2023-03-29,J4WGMDKFM8K3
2022-06-CENSUS-0000242292,EUMZJK3F5CL3,2022,2023-03-29,JTA9KMQ2QKW5
2022-06-CENSUS-0000242292,EUMZJK3F5CL3,2022,2023-03-29,JUXWLX4MN664
2022-06-CENSUS-0000242292,EUMZJK3F5CL3,2022,2023-03-29,L9VDWJQEAMJ8
2022-06-CENSUS-0000242292,EUMZJK3F5CL3,2022,2023-03-29,J8WXDEMS5JC4
2022-06-CENSUS-0000242292,EUMZJK3F5CL3,2022,2023-03-29,LDPNDKVMMQ61
2022-06-CENSUS-0000242292,EUMZJK3F5CL3,2022,2023-03-29,LGADX6R15R43
2022-06-CENSUS-0000242292,EUMZJK3F5CL3,2022,2023-03-29,ER21GVVPNGM6
2022-06-CENSUS-0000242292,EUMZJK3F5CL3,2022,2023-03-29,ERGPFLFAD5L3
2022-06-CENSUS-0000242292,EUMZJK3F5CL3,2022,2023-03-29,LJGATL2BK7D5
2022-09-CENSUS-0000197454,EUPKV7MJ1WQ6,2022,2023-04-04,K5P2MGNUK3C4
2022-09-CENSUS-0000038806,L7TPM7N15F67,2022,2023-03-01,FLAPDKMNKFT1
2022-09-CENSUS-0000038806,L7TPM7N15F67,2022,2023-03-01,R8LAR4ETCJB8
2022-06-CENSUS-0000206285,LJACYN6HKY48,2022,2023-03-24,K9C5SPEVU3R3
2022-06-CENSUS-0000206285,LJACYN6HKY48,2022,2023-03-24,FF1XVJMDYVR1
2022-06-CENSUS-0000206285,LJACYN6HKY48,2022,2023-03-24,N3VLQ9EZNYL4
2022-12-CENSUS-0000234095,E3A8JQA9U4L1,2022,2023-09-27,GA98K1Q12QB3
2022-09-CENSUS-0000136077,P62KF2SJJ237,2022,2023-06-24,JYJ2Y9MKA4V6
2022-06-CENSUS-0000242736,Z2QKFRGLGNL3,2022,2023-02-15,GBNGC495XA67
2022-06-CENSUS-0000242736,Z2QKFRGLGNL3,2022,2023-02-15,UBMNENVNWJM3
2022-06-CENSUS-0000242736,Z2QKFRGLGNL3,2022,2023-02-15,UDDNE26Q4JH1
2022-06-CENSUS-0000242736,Z2QKFRGLGNL3,2022,2023-02-15,D4S2U6DDCVK1
2022-06-CENSUS-0000242736,Z2QKFRGLGNL3,2022,2023-02-15,DV3PJ2NRLKC5
2022-12-CENSUS-0000217653,KVLYDC1KL4W7,2022,2023-06-04,JNV6EANHXKS6
2022-12-CENSUS-0000217653,KVLYDC1KL4W7,2022,2023-06-04,L2WSAZYJWHL8
2022-12-CENSUS-0000217653,KVLYDC1KL4W7,2022,2023-06-04,Y8V2Z7GMQNA6
2022-12-CENSUS-0000217653,KVLYDC1KL4W7,2022,2023-06-04,GWZKVAJTLR32
2022-12-CENSUS-0000217653,KVLYDC1KL4W7,2022,2023-06-04,EMZLK98FCKC5
2022-12-CENSUS-0000217653,KVLYDC1KL4W7,2022,2023-06-04,MKMSFE3FTU15
2022-12-CENSUS-0000217653,KVLYDC1KL4W7,2022,2023-06-04,CQAQB3BXT937
2022-12-CENSUS-0000217653,KVLYDC1KL4W7,2022,2023-06-04,CJPVZPBT2P93
2022-12-CENSUS-0000217653,KVLYDC1KL4W7,2022,2023-06-04,VGP7WT58HM73
2022-12-CENSUS-0000217653,KVLYDC1KL4W7,2022,2023-06-04,F9EJW2M64PQ8
2022-12-CENSUS-0000217653,KVLYDC1KL4W7,2022,2023-06-04,M3GMKMZ47AH4
2022-12-CENSUS-0000217653,KVLYDC1KL4W7,2022,2023-06-04,N7CTWFSM8KM9
2022-12-CENSUS-0000217653,KVLYDC1KL4W7,2022,2023-06-04,JZW3FXQRNNV9
2022-12-CENSUS-0000217653,KVLYDC1KL4W7,2022,2023-06-04,M9E9SHYN6JA7
2022-12-CENSUS-0000217653,KVLYDC1KL4W7,2022,2023-06-04,HWDDBYUF94H4
2022-12-CENSUS-0000217653,KVLYDC1KL4W7,2022,2023-06-04,UPWNL2S7ZSW3
2022-12-CENSUS-0000217653,KVLYDC1KL4W7,2022,2023-06-04,HJ7DHD51ZYS5
2022-12-CENSUS-0000217653,KVLYDC1KL4W7,2022,2023-06-04,Q1LQMB9Y92J5
2022-12-CENSUS-0000217653,KVLYDC1KL4W7,2022,2023-06-04,CNU3LQSG6JE9
2022-12-CENSUS-0000217653,KVLYDC1KL4W7,2022,2023-06-04,LH8ZV8QY5JY5
2022-12-CENSUS-0000217653,KVLYDC1KL4W7,2022,2023-06-04,Y8JYQ33G9LU3
2022-12-CENSUS-0000217653,KVLYDC1KL4W7,2022,2023-06-04,MEUDB7ARJF23
2022-12-CENSUS-0000217653,KVLYDC1KL4W7,2022,2023-06-04,KB6GAV7KBEA9
2022-12-CENSUS-0000217653,KVLYDC1KL4W7,2022,2023-06-04,X94LLZMC8CK6
2022-12-CENSUS-0000217653,KVLYDC1KL4W7,2022,2023-06-04,G1A1SEZ2NAJ3
2022-12-CENSUS-0000217653,KVLYDC1KL4W7,2022,2023-06-04,LJ35MVVFNLQ3
2022-12-CENSUS-0000217653,KVLYDC1KL4W7,2022,2023-06-04,ZYDSKLSEP8C3
2022-12-CENSUS-0000217653,KVLYDC1KL4W7,2022,2023-06-04,MUUJKH6KKM29
2022-12-CENSUS-0000217653,KVLYDC1KL4W7,2022,2023-06-04,EMWMCNT3HJA9
2022-12-CENSUS-0000217653,KVLYDC1KL4W7,2022,2023-06-04,JDCPBD6K32X5
2022-12-CENSUS-0000217653,KVLYDC1KL4W7,2022,2023-06-04,PAJNMHKPKML6
2022-12-CENSUS-0000217653,KVLYDC1KL4W7,2022,2023-06-04,WMKBUWQQ3KH3
2022-12-CENSUS-0000217653,KVLYDC1KL4W7,2022,2023-06-04,KM3LJMLEN9L3
2022-12-CENSUS-0000217653,KVLYDC1KL4W7,2022,2023-06-04,WU58Q4C48265
2022-12-CENSUS-0000217653,KVLYDC1KL4W7,2022,2023-06-04,NNQBJN6XFKM1
2022-12-CENSUS-0000217653,KVLYDC1KL4W7,2022,2023-06-04,NRCEM34UBAY8
2022-12-CENSUS-0000217653,KVLYDC1KL4W7,2022,2023-06-04,D5NNSVNJ2PA5
2022-12-CENSUS-0000217653,KVLYDC1KL4W7,2022,2023-06-04,PZKXP3EK9YM4
2022-12-CENSUS-0000217653,KVLYDC1KL4W7,2022,2023-06-04,ML2SCN16HKD4
2022-12-CENSUS-0000217653,KVLYDC1KL4W7,2022,2023-06-04,S9BLJD1KG8X8
2022-12-CENSUS-0000217653,KVLYDC1KL4W7,2022,2023-06-04,N5BEJ9PNHNQ1
2022-12-CENSUS-0000217653,KVLYDC1KL4W7,2022,2023-06-04,MYJ3Q8B5WMM1
2022-12-CENSUS-0000217653,KVLYDC1KL4W7,2022,2023-06-04,GXYULZ37DM93
2022-12-CENSUS-0000217653,KVLYDC1KL4W7,2022,2023-06-04,EM9RF3G279T5
2022-12-CENSUS-0000217653,KVLYDC1KL4W7,2022,2023-06-04,GEA7EJ3AQ1J1
2022-12-CENSUS-0000217653,KVLYDC1KL4W7,2022,2023-06-04,V1F7LCWHLDJ3
2022-12-CENSUS-0000217653,KVLYDC1KL4W7,2022,2023-06-04,ENWBKZ2BF3Y8
2022-12-CENSUS-0000217653,KVLYDC1KL4W7,2022,2023-06-04,U7M9GP6LNWG9
2022-12-CENSUS-0000217653,KVLYDC1KL4W7,2022,2023-06-04,KHS8TQPAAWJ7
2022-12-CENSUS-0000217653,KVLYDC1KL4W7,2022,2023-06-04,DSWNR4LL3KB5
2022-12-CENSUS-0000217653,KVLYDC1KL4W7,2022,2023-06-04,KJCVLR24HA84
2022-12-CENSUS-0000217653,KVLYDC1KL4W7,2022,2023-06-04,TNLDYJXNAAD9
2022-12-CENSUS-0000217653,KVLYDC1KL4W7,2022,2023-06-04,CFM3FKKTR8K7
2022-12-CENSUS-0000217653,KVLYDC1KL4W7,2022,2023-06-04,MDQKPLF5E5K7
2022-12-CENSUS-0000217653,KVLYDC1KL4W7,2022,2023-06-04,KBCVSR8VMWG9
2022-12-CENSUS-0000217653,KVLYDC1KL4W7,2022,2023-06-04,KYJ6Q89L6E91
2022-12-CENSUS-0000217653,KVLYDC1KL4W7,2022,2023-06-04,EC57MWGRR2J7
2022-12-CENSUS-0000217653,KVLYDC1KL4W7,2022,2023-06-04,DA3LCSM8WYR5
2022-12-CENSUS-0000217653,KVLYDC1KL4W7,2022,2023-06-04,XPKKLJJA6U63
2022-12-CENSUS-0000217653,KVLYDC1KL4W7,2022,2023-06-04,J4BXMG1BAJR8
2022-12-CENSUS-0000217653,KVLYDC1KL4W7,2022,2023-06-04,NBK5LCS5S9Z5
2022-12-CENSUS-0000217653,KVLYDC1KL4W7,2022,2023-06-04,FD4HBC8KZSQ2
2022-12-CENSUS-0000217653,KVLYDC1KL4W7,2022,2023-06-04,VPEFQHWCPLW8
2022-12-CENSUS-0000217653,KVLYDC1KL4W7,2022,2023-06-04,SDL9MMF19U43
2022-12-CENSUS-0000217653,KVLYDC1KL4W7,2022,2023-06-04,CMD9T4M5R755
2022-12-CENSUS-0000217653,KVLYDC1KL4W7,2022,2023-06-04,GAHUL6VT1ZT2
2022-12-CENSUS-0000217653,KVLYDC1KL4W7,2022,2023-06-04,QYCXPZSSB6C8
2022-12-CENSUS-0000217653,KVLYDC1KL4W7,2022,2023-06-04,LLVSN3Y9VHZ7
2022-12-CENSUS-0000217653,KVLYDC1KL4W7,2022,2023-06-04,K5AHVKG62N29
2022-12-CENSUS-0000217653,KVLYDC1KL4W7,2022,2023-06-04,TQJSBLAWNMM5
2022-12-CENSUS-0000217653,KVLYDC1KL4W7,2022,2023-06-04,N7A9C4V84NH1
2022-12-CENSUS-0000217653,KVLYDC1KL4W7,2022,2023-06-04,M53MAXM4N4H7
2022-12-CENSUS-0000217653,KVLYDC1KL4W7,2022,2023-06-04,JFMSHFXGAEW9
2022-12-CENSUS-0000217653,KVLYDC1KL4W7,2022,2023-06-04,N5UKP9DN7PC1
2022-12-CENSUS-0000217653,KVLYDC1KL4W7,2022,2023-06-04,H4FJK9QB6AF4
2022-12-CENSUS-0000217653,KVLYDC1KL4W7,2022,2023-06-04,E4EPLCDBCEZ3
2022-12-CENSUS-0000217653,KVLYDC1KL4W7,2022,2023-06-04,YF74XRMF6T11
2022-12-CENSUS-0000217653,KVLYDC1KL4W7,2022,2023-06-04,V4HWA7TN9NM7
2022-12-CENSUS-0000217653,KVLYDC1KL4W7,2022,2023-06-04,MBEMUHYFP2N8
2022-12-CENSUS-0000217653,KVLYDC1KL4W7,2022,2023-06-04,DKVTWF4HD4Q4
2022-12-CENSUS-0000217653,KVLYDC1KL4W7,2022,2023-06-04,C6J3MMW1DM64
2022-12-CENSUS-0000217653,KVLYDC1KL4W7,2022,2023-06-04,NAVBJ6MLVGD3
2022-12-CENSUS-0000217653,KVLYDC1KL4W7,2022,2023-06-04,H4LSFJH8JD71
2022-12-CENSUS-0000217653,KVLYDC1KL4W7,2022,2023-06-04,HDMWF29Y8643
2022-12-CENSUS-0000217653,KVLYDC1KL4W7,2022,2023-06-04,U2WJU6HFLUY9
2022-12-CENSUS-0000217653,KVLYDC1KL4W7,2022,2023-06-04,ESCJLC9ARM91
2022-12-CENSUS-0000217653,KVLYDC1KL4W7,2022,2023-06-04,ZLSKXWMVCW33
2022-12-CENSUS-0000217653,KVLYDC1KL4W7,2022,2023-06-04,NLZWNZ5ZUML3
2022-12-CENSUS-0000217653,KVLYDC1KL4W7,2022,2023-06-04,RB2AKLXUUFB7
2022-12-CENSUS-0000217653,KVLYDC1KL4W7,2022,2023-06-04,NNU8WL1KA5Q1
2022-12-CENSUS-0000217653,KVLYDC1KL4W7,2022,2023-06-04,D5MPZTPKJ134
2022-12-CENSUS-0000217653,KVLYDC1KL4W7,2022,2023-06-04,S5LZV1QKX797
2022-12-CENSUS-0000217653,KVLYDC1KL4W7,2022,2023-06-04,XDLFCG81Z3G9
2022-12-CENSUS-0000217653,KVLYDC1KL4W7,2022,2023-06-04,P8CHDLUJCQD3
2022-12-CENSUS-0000217653,KVLYDC1KL4W7,2022,2023-06-04,WF4KAPFPX1H6
2022-12-CENSUS-0000217653,KVLYDC1KL4W7,2022,2023-06-04,CZBSJ28DBAK7
2022-12-CENSUS-0000217653,KVLYDC1KL4W7,2022,2023-06-04,K96EPDBLJEH1
2022-12-CENSUS-0000217653,KVLYDC1KL4W7,2022,2023-06-04,W69JQHAF6PN1
2022-12-CENSUS-0000217653,KVLYDC1KL4W7,2022,2023-06-04,MAYGKM86LZQ3
2022-12-CENSUS-0000217653,KVLYDC1KL4W7,2022,2023-06-04,S4HDZ34UMM79
2022-12-CENSUS-0000217653,KVLYDC1KL4W7,2022,2023-06-04,UNLCRBWJ55C3
2022-12-CENSUS-0000217653,KVLYDC1KL4W7,2022,2023-06-04,DYM3ZYZHNH79
2022-12-CENSUS-0000217653,KVLYDC1KL4W7,2022,2023-06-04,MSXPK6CDHZ28
2022-06-CENSUS-0000162380,DMD1RKCJSKR8,2022,2023-03-28,XP8RW1SAHMD5
2022-06-CENSUS-0000162380,DMD1RKCJSKR8,2022,2023-03-28,L3NCUA5H7WU8
2022-06-CENSUS-0000162380,DMD1RKCJSKR8,2022,2023-03-28,CF4SAA9P3368
2022-06-CENSUS-0000162380,DMD1RKCJSKR8,2022,2023-03-28,P7FNSKBT1599
2022-06-CENSUS-0000162380,DMD1RKCJSKR8,2022,2023-03-28,CJMSFF6JS3N1
2022-06-CENSUS-0000162380,DMD1RKCJSKR8,2022,2023-03-28,VDMKWZ9AAQR3
2022-06-CENSUS-0000162380,DMD1RKCJSKR8,2022,2023-03-28,CJ49BYLU99U7
2022-06-CENSUS-0000162380,DMD1RKCJSKR8,2022,2023-03-28,NQLFGJ8JG6N1
2022-06-CENSUS-0000162380,DMD1RKCJSKR8,2022,2023-03-28,PHM7QMAK51R4
2022-06-CENSUS-0000162380,DMD1RKCJSKR8,2022,2023-03-28,K8MWUV7D8HZ4
2022-06-CENSUS-0000162380,DMD1RKCJSKR8,2022,2023-03-28,QRL2Y7D3H9Q6
2022-06-CENSUS-0000162380,DMD1RKCJSKR8,2022,2023-03-28,H1K9YBWEPE75
2022-06-CENSUS-0000162380,DMD1RKCJSKR8,2022,2023-03-28,DZN3UNCQN5G5
2022-06-CENSUS-0000162380,DMD1RKCJSKR8,2022,2023-03-28,EDKMNJRQZAK5
2022-06-CENSUS-0000162380,DMD1RKCJSKR8,2022,2023-03-28,GL11CMUK9937
2022-06-CENSUS-0000162380,DMD1RKCJSKR8,2022,2023-03-28,CLN8VY9APLQ5
2022-06-CENSUS-0000162380,DMD1RKCJSKR8,2022,2023-03-28,ERAMRH53K2Y7
2022-06-CENSUS-0000162380,DMD1RKCJSKR8,2022,2023-03-28,FTUMN5FWKMK4
2022-06-CENSUS-0000162380,DMD1RKCJSKR8,2022,2023-03-28,GLPQDNFRKQ36
2022-06-CENSUS-0000162380,DMD1RKCJSKR8,2022,2023-03-28,NA6TRM6NVA11
2022-06-CENSUS-0000162380,DMD1RKCJSKR8,2022,2023-03-28,VH65Q2NSMHE6
2022-06-CENSUS-0000162380,DMD1RKCJSKR8,2022,2023-03-28,J31HQ7F4MBG5
2022-06-CENSUS-0000162380,DMD1RKCJSKR8,2022,2023-03-28,K1PKP3JWWQJ4
2022-06-CENSUS-0000162380,DMD1RKCJSKR8,2022,2023-03-28,GKMBP4RMTNM5
2022-06-CENSUS-0000162380,DMD1RKCJSKR8,2022,2023-03-28,V366Q427MDQ6
2022-06-CENSUS-0000162380,DMD1RKCJSKR8,2022,2023-03-28,X13GNMU4JZC5
2022-06-CENSUS-0000162380,DMD1RKCJSKR8,2022,2023-03-28,HSJPJD8GUQM4
2022-06-CENSUS-0000162380,DMD1RKCJSKR8,2022,2023-03-28,HZJEJR2ENJK4
2022-06-CENSUS-0000162380,DMD1RKCJSKR8,2022,2023-03-28,L5LCJMHDYNX8
2022-06-CENSUS-0000162380,DMD1RKCJSKR8,2022,2023-03-28,KMU9DKLAKA33
2022-06-CENSUS-0000162380,DMD1RKCJSKR8,2022,2023-03-28,RB26D41EWY11
2022-06-CENSUS-0000162380,DMD1RKCJSKR8,2022,2023-03-28,RKBVM1DEMS69
2022-06-CENSUS-0000162380,DMD1RKCJSKR8,2022,2023-03-28,KUWTL6WJDNB3
2022-06-CENSUS-0000162380,DMD1RKCJSKR8,2022,2023-03-28,RYD4EJJGKCA9
2022-06-CENSUS-0000162380,DMD1RKCJSKR8,2022,2023-03-28,HFRCKLH34V17
2022-06-CENSUS-0000162380,DMD1RKCJSKR8,2022,2023-03-28,JYNBX28LBMJ9
2022-06-CENSUS-0000162380,DMD1RKCJSKR8,2022,2023-03-28,LDDJZ64XZEF3
2022-06-CENSUS-0000162380,DMD1RKCJSKR8,2022,2023-03-28,G3ZGC8YMNWJ9
2022-06-CENSUS-0000162380,DMD1RKCJSKR8,2022,2023-03-28,XBTERLJBEBL8
2022-06-CENSUS-0000162380,DMD1RKCJSKR8,2022,2023-03-28,RFJLRGVVWKE5
2022-06-CENSUS-0000162380,DMD1RKCJSKR8,2022,2023-03-28,WJ2HU7VYJ2P9
2022-06-CENSUS-0000162380,DMD1RKCJSKR8,2022,2023-03-28,KLLEAZFXVF11
2022-06-CENSUS-0000162380,DMD1RKCJSKR8,2022,2023-03-28,MB9NNTEEAES1
2022-06-CENSUS-0000162380,DMD1RKCJSKR8,2022,2023-03-28,FU1BH7EBV9X3
2022-06-CENSUS-0000243788,CHQUHD9UFA37,2022,2023-01-02,S868KA1RN5B9
2022-06-CENSUS-0000001942,HLTMVS2JZBS6,2022,2023-01-04,KK6NAHA8V1M4
2022-09-CENSUS-0000023522,NNKNYTTPKQ44,2022,2023-06-29,N876TLXYGCG4
2022-09-CENSUS-0000023522,NNKNYTTPKQ44,2022,2023-06-29,KD5TGBT7AKC9
2022-09-CENSUS-0000023522,NNKNYTTPKQ44,2022,2023-06-29,C148TBZATPA8
2022-09-CENSUS-0000023522,NNKNYTTPKQ44,2022,2023-06-29,J5JBPNLK3Q59
2022-09-CENSUS-0000023522,NNKNYTTPKQ44,2022,2023-06-29,NGN7HDS6B9L3
2022-06-CENSUS-0000025515,XF3XM9642N96,2022,2023-03-30,NFLBGA5A1RB9
2022-06-CENSUS-0000238215,YH6TNLFHCGW1,2022,2023-01-29,P6SHJMNRWKV1
2022-06-CENSUS-0000238215,YH6TNLFHCGW1,2022,2023-01-29,GV8XDVU8WUH7
2022-06-CENSUS-0000238215,YH6TNLFHCGW1,2022,2023-01-29,JQNUFES7D6A6
2022-06-CENSUS-0000238215,YH6TNLFHCGW1,2022,2023-01-29,CYU5FCF3FWH3
2022-06-CENSUS-0000238215,YH6TNLFHCGW1,2022,2023-01-29,LX17JLDA2XM9
2022-06-CENSUS-0000136781,NVL5DL96LCH1,2022,2023-03-07,HADXX5W38854
2022-06-CENSUS-0000136781,NVL5DL96LCH1,2022,2023-03-07,NZ4ZFFJNCB83
2022-06-CENSUS-0000136781,NVL5DL96LCH1,2022,2023-03-07,NE4JELLPCC97
2022-06-CENSUS-0000136781,NVL5DL96LCH1,2022,2023-03-07,H251LNPSTB15
2022-06-CENSUS-0000249310,Z27AVTCCKHU3,2022,2023-03-30,CP7AEY8VWK45
2022-06-CENSUS-0000249310,Z27AVTCCKHU3,2022,2023-03-30,HV5VFS5732E5
2022-06-CENSUS-0000249310,Z27AVTCCKHU3,2022,2023-03-30,KHA1UFQHPM29
2022-06-CENSUS-0000249310,Z27AVTCCKHU3,2022,2023-03-30,L3UNGNMK6BT8
2022-06-CENSUS-0000249310,Z27AVTCCKHU3,2022,2023-03-30,LDJ1MM9L56K7
2022-06-CENSUS-0000249310,Z27AVTCCKHU3,2022,2023-03-30,MCYNRV97PYA4
2022-06-CENSUS-0000249310,Z27AVTCCKHU3,2022,2023-03-30,N9LEV9CL4BP3
2022-06-CENSUS-0000249310,Z27AVTCCKHU3,2022,2023-03-30,NDNAN5DF2CZ7
2022-06-CENSUS-0000249310,Z27AVTCCKHU3,2022,2023-03-30,NSL7YHK1TQP8
2022-06-CENSUS-0000249310,Z27AVTCCKHU3,2022,2023-03-30,PFM5CEEXE7S8
2022-06-CENSUS-0000249310,Z27AVTCCKHU3,2022,2023-03-30,RFT6BJ98H2A5
2022-06-CENSUS-0000249310,Z27AVTCCKHU3,2022,2023-03-30,TNYKC5J8PZK7
2022-06-CENSUS-0000249310,Z27AVTCCKHU3,2022,2023-03-30,UTM3S7LKYQZ4
2022-06-CENSUS-0000249310,Z27AVTCCKHU3,2022,2023-03-30,VE2ZZY1ZHN19
2022-06-CENSUS-0000249310,Z27AVTCCKHU3,2022,2023-03-30,W2USAVVTMGW3
2022-06-CENSUS-0000249310,Z27AVTCCKHU3,2022,2023-03-30,YUXKMHJRJQM8
2022-06-CENSUS-0000249310,Z27AVTCCKHU3,2022,2023-03-30,ZZ9HTFA6PVN1
2022-09-CENSUS-0000253583,XJH6EP7LNYR5,2022,2023-02-18,EMANUYD6U9J6
2022-06-CENSUS-0000195719,D3KNY3R2ALY6,2022,2023-03-02,EFPDXK99EBK7
2022-06-CENSUS-0000116381,K3AHYL5LSR28,2022,2023-06-14,K6GDKPEPTD89
2022-06-CENSUS-0000116381,K3AHYL5LSR28,2022,2023-06-14,E9V6UNCWU2V8
2022-06-CENSUS-0000130216,GYC9VVG4QAH1,2022,2023-06-13,FYBRW2NQCR26
2022-06-CENSUS-0000130216,GYC9VVG4QAH1,2022,2023-06-13,FBXDMQUBMWV6
2022-06-CENSUS-0000130216,GYC9VVG4QAH1,2022,2023-06-13,VMMMXJ3R6RT6
2022-06-CENSUS-0000130216,GYC9VVG4QAH1,2022,2023-06-13,H1RCC7MAXBL6
2022-06-CENSUS-0000130216,GYC9VVG4QAH1,2022,2023-06-13,H9ENKBLLGRM9
2022-06-CENSUS-0000130216,GYC9VVG4QAH1,2022,2023-06-13,QEC1W7F1MGG6
2022-12-CENSUS-0000195773,XNV6X5K8UB63,2022,2023-09-28,CNL5DYVJEMB9
2022-12-CENSUS-0000195773,XNV6X5K8UB63,2022,2023-09-28,HVTDNGP1GMF2
2022-12-CENSUS-0000195773,XNV6X5K8UB63,2022,2023-09-28,ZYMGRVGV69J5
2022-12-CENSUS-0000195773,XNV6X5K8UB63,2022,2023-09-28,GVT7F2YJNVE4
2022-12-CENSUS-0000195773,XNV6X5K8UB63,2022,2023-09-28,L4Q4L8P92H29
2022-12-CENSUS-0000195773,XNV6X5K8UB63,2022,2023-09-28,QJN1XH1CMJ79
2022-12-CENSUS-0000195773,XNV6X5K8UB63,2022,2023-09-28,N8ASXUFE68G4
2022-12-CENSUS-0000195773,XNV6X5K8UB63,2022,2023-09-28,KR97AMMEMNP5
2022-06-CENSUS-0000161171,FMWCTM24C9J8,2022,2023-06-23,NLW8ML4TEMN6
2022-06-CENSUS-0000129783,V51BY26T73M5,2022,2023-06-27,ZK94AJNLNR84
2022-06-CENSUS-0000129783,V51BY26T73M5,2022,2023-06-27,ZD1BAZ1CUNM1
2022-06-CENSUS-0000129783,V51BY26T73M5,2022,2023-06-27,LX5LT5P9KWD9
2022-06-CENSUS-0000129783,V51BY26T73M5,2022,2023-06-27,L9N9SADMTRC9
2022-06-CENSUS-0000129783,V51BY26T73M5,2022,2023-06-27,YTVXYE4ND3Q8
2022-06-CENSUS-0000129783,V51BY26T73M5,2022,2023-06-27,KKWCCD7GQLV5
2022-06-CENSUS-0000129783,V51BY26T73M5,2022,2023-06-27,CCMPSYZB4KK8
2022-06-CENSUS-0000129783,V51BY26T73M5,2022,2023-06-27,GMKFTNSQ8KL7
2022-06-CENSUS-0000129783,V51BY26T73M5,2022,2023-06-27,LM9NJMLBLA57
2022-06-CENSUS-0000129783,V51BY26T73M5,2022,2023-06-27,F3N8ZSHJXUH8
2022-06-CENSUS-0000129783,V51BY26T73M5,2022,2023-06-27,YWNTS9U5XTF6
2022-06-CENSUS-0000129783,V51BY26T73M5,2022,2023-06-27,VMU1ERUNG9Q8
2022-06-CENSUS-0000129783,V51BY26T73M5,2022,2023-06-27,JFD1XP6BUD86
2022-06-CENSUS-0000129783,V51BY26T73M5,2022,2023-06-27,NQ6DMLY8J778
2022-06-CENSUS-0000129783,V51BY26T73M5,2022,2023-06-27,DRQ2CHC5N9X4
2022-06-CENSUS-0000129783,V51BY26T73M5,2022,2023-06-27,P2J1ALMVFB14
2022-06-CENSUS-0000129783,V51BY26T73M5,2022,2023-06-27,FZC7BYKHWWC4
2022-06-CENSUS-0000129783,V51BY26T73M5,2022,2023-06-27,XF7WJC2CJWZ3
2022-06-CENSUS-0000129783,V51BY26T73M5,2022,2023-06-27,CZN6RH3MHQA4
2022-06-CENSUS-0000129783,V51BY26T73M5,2022,2023-06-27,W66BWR13Q6U3
2022-06-CENSUS-0000129783,V51BY26T73M5,2022,2023-06-27,DCR7HLD71CB7
2022-06-CENSUS-0000129783,V51BY26T73M5,2022,2023-06-27,ZB5KQVHKCUM5
2022-06-CENSUS-0000129783,V51BY26T73M5,2022,2023-06-27,MJAVNYV4C4T1
2022-06-CENSUS-0000129783,V51BY26T73M5,2022,2023-06-27,U6NSFCN51777
2022-06-CENSUS-0000129783,V51BY26T73M5,2022,2023-06-27,MH7AGN4NKNN5
2022-06-CENSUS-0000129783,V51BY26T73M5,2022,2023-06-27,RXAYXJRFYVD5
2022-06-CENSUS-0000129783,V51BY26T73M5,2022,2023-06-27,LNQNF7PKBV13
2022-06-CENSUS-0000129783,V51BY26T73M5,2022,2023-06-27,MTBJSJRGJTA8
2022-06-CENSUS-0000129783,V51BY26T73M5,2022,2023-06-27,LEJTFUALJ5M1
2022-06-CENSUS-0000129783,V51BY26T73M5,2022,2023-06-27,SM7PXQM5CK69
2022-06-CENSUS-0000129783,V51BY26T73M5,2022,2023-06-27,DCVTN6V182C4
2022-06-CENSUS-0000129783,V51BY26T73M5,2022,2023-06-27,JV5YWMSU4TM5
2022-06-CENSUS-0000129783,V51BY26T73M5,2022,2023-06-27,L2LETQ7LQ769
2022-06-CENSUS-0000129783,V51BY26T73M5,2022,2023-06-27,DZFJT2KH9C43
2022-06-CENSUS-0000129783,V51BY26T73M5,2022,2023-06-27,EDTFKU5EBBM5
2022-06-CENSUS-0000129783,V51BY26T73M5,2022,2023-06-27,F6Y6VH2KWU13
2022-06-CENSUS-0000129783,V51BY26T73M5,2022,2023-06-27,FDLEQSJ8FF63
2022-06-CENSUS-0000129783,V51BY26T73M5,2022,2023-06-27,G2WCRLHJHD47
2022-06-CENSUS-0000129783,V51BY26T73M5,2022,2023-06-27,YYFJATK1HMJ7
2022-06-CENSUS-0000129783,V51BY26T73M5,2022,2023-06-27,KNP1HA2B9BF8
2022-06-CENSUS-0000129783,V51BY26T73M5,2022,2023-06-27,YS6DVZQKAN49
2022-06-CENSUS-0000129783,V51BY26T73M5,2022,2023-06-27,KTKNSE9DVQM3
2022-06-CENSUS-0000129783,V51BY26T73M5,2022,2023-06-27,FCA1FRCWQFG8
2022-06-CENSUS-0000129783,V51BY26T73M5,2022,2023-06-27,J3A3J6N22EF2
2022-06-CENSUS-0000129783,V51BY26T73M5,2022,2023-06-27,LPGWCELUDQ63
2022-06-CENSUS-0000129783,V51BY26T73M5,2022,2023-06-27,XJLCX3ABEPD6
2022-06-CENSUS-0000212942,DM7JV6MBJNJ7,2022,2023-03-28,D5PHWFJBFM56
2022-06-CENSUS-0000212942,DM7JV6MBJNJ7,2022,2023-03-28,DA2MMMDM3CM7
2022-06-CENSUS-0000212942,DM7JV6MBJNJ7,2022,2023-03-28,DBP4N9GHCA14
2022-06-CENSUS-0000212942,DM7JV6MBJNJ7,2022,2023-03-28,DE15G2NNQKK7
2022-06-CENSUS-0000212942,DM7JV6MBJNJ7,2022,2023-03-28,DMYJV6MBJNJ7
2022-06-CENSUS-0000212942,DM7JV6MBJNJ7,2022,2023-03-28,DSLBUJCUJK53
2022-06-CENSUS-0000212942,DM7JV6MBJNJ7,2022,2023-03-28,DX4EMXG6KC11
2022-06-CENSUS-0000212942,DM7JV6MBJNJ7,2022,2023-03-28,DYWQWDJGUNS7
2022-06-CENSUS-0000212942,DM7JV6MBJNJ7,2022,2023-03-28,E26YS4VLAJG4
2022-06-CENSUS-0000212942,DM7JV6MBJNJ7,2022,2023-03-28,E557HM9TKJ17
2022-06-CENSUS-0000212942,DM7JV6MBJNJ7,2022,2023-03-28,EDCWFC9MXLC5
2022-06-CENSUS-0000212942,DM7JV6MBJNJ7,2022,2023-03-28,EE3KHH7SERD4
2022-06-CENSUS-0000212942,DM7JV6MBJNJ7,2022,2023-03-28,EGSHAMA91NV3
2022-06-CENSUS-0000212942,DM7JV6MBJNJ7,2022,2023-03-28,ELGJGDBHW1L5
2022-06-CENSUS-0000212942,DM7JV6MBJNJ7,2022,2023-03-28,EYLLYGXKRYC8
2022-06-CENSUS-0000212942,DM7JV6MBJNJ7,2022,2023-03-28,EZATJ6KJBHM8
2022-06-CENSUS-0000212942,DM7JV6MBJNJ7,2022,2023-03-28,EZDTAKAXMEM1
2022-06-CENSUS-0000212942,DM7JV6MBJNJ7,2022,2023-03-28,F3KLZWYMMYB5
2022-06-CENSUS-0000212942,DM7JV6MBJNJ7,2022,2023-03-28,F8QQUZCG4YM6
2022-06-CENSUS-0000212942,DM7JV6MBJNJ7,2022,2023-03-28,FD1MYFNNHYC7
2022-06-CENSUS-0000212942,DM7JV6MBJNJ7,2022,2023-03-28,FHFERCHHD583
2022-06-CENSUS-0000212942,DM7JV6MBJNJ7,2022,2023-03-28,FSCUKYQMM916
2022-06-CENSUS-0000212942,DM7JV6MBJNJ7,2022,2023-03-28,FSZLLQM5JDD1
2022-06-CENSUS-0000212942,DM7JV6MBJNJ7,2022,2023-03-28,FYJALXB1EL42
2022-06-CENSUS-0000212942,DM7JV6MBJNJ7,2022,2023-03-28,G36NU7YJK4U6
2022-06-CENSUS-0000212942,DM7JV6MBJNJ7,2022,2023-03-28,GDBGVJMFHYP4
2022-06-CENSUS-0000212942,DM7JV6MBJNJ7,2022,2023-03-28,GHHNA7WTPKC5
2022-06-CENSUS-0000212942,DM7JV6MBJNJ7,2022,2023-03-28,GJKNWWCG6J26
2022-06-CENSUS-0000212942,DM7JV6MBJNJ7,2022,2023-03-28,GJNPQWGNJ8P7
2022-06-CENSUS-0000212942,DM7JV6MBJNJ7,2022,2023-03-28,GKEYJ8WYYFN4
2022-06-CENSUS-0000212942,DM7JV6MBJNJ7,2022,2023-03-28,GS4HPMAP57Q5
2022-06-CENSUS-0000212942,DM7JV6MBJNJ7,2022,2023-03-28,GVAGLUYUBLJ8
2022-06-CENSUS-0000212942,DM7JV6MBJNJ7,2022,2023-03-28,GZA4TRNLL8J9
2022-06-CENSUS-0000212942,DM7JV6MBJNJ7,2022,2023-03-28,H2Y4CLBB54T5
2022-06-CENSUS-0000212942,DM7JV6MBJNJ7,2022,2023-03-28,HQUJY91V8XK8
2022-06-CENSUS-0000212942,DM7JV6MBJNJ7,2022,2023-03-28,J23JDJBMLCU3
2022-06-CENSUS-0000212942,DM7JV6MBJNJ7,2022,2023-03-28,J93WN7LTZ1D5
2022-06-CENSUS-0000212942,DM7JV6MBJNJ7,2022,2023-03-28,K37MZYKNKL68
2022-06-CENSUS-0000212942,DM7JV6MBJNJ7,2022,2023-03-28,K5VFF7TELKL3
2022-06-CENSUS-0000212942,DM7JV6MBJNJ7,2022,2023-03-28,KJ9WW4J3JKN7
2022-06-CENSUS-0000212942,DM7JV6MBJNJ7,2022,2023-03-28,KPL7E2MG16E4
2022-06-CENSUS-0000212942,DM7JV6MBJNJ7,2022,2023-03-28,KWG5JV11RSH3
2022-06-CENSUS-0000212942,DM7JV6MBJNJ7,2022,2023-03-28,KZM6NYB9EZP2
2022-06-CENSUS-0000212942,DM7JV6MBJNJ7,2022,2023-03-28,LCKYDJ3SJZY7
2022-06-CENSUS-0000212942,DM7JV6MBJNJ7,2022,2023-03-28,LHMCTJMK1XG3
2022-06-CENSUS-0000212942,DM7JV6MBJNJ7,2022,2023-03-28,LHZLULA34A15
2022-06-CENSUS-0000212942,DM7JV6MBJNJ7,2022,2023-03-28,LK4YKNCKXG45
2022-06-CENSUS-0000212942,DM7JV6MBJNJ7,2022,2023-03-28,LSM7KYQQCVY5
2022-06-CENSUS-0000212942,DM7JV6MBJNJ7,2022,2023-03-28,LX4WUTA57963
2022-06-CENSUS-0000212942,DM7JV6MBJNJ7,2022,2023-03-28,LYZNJKGJRSZ9
2022-06-CENSUS-0000212942,DM7JV6MBJNJ7,2022,2023-03-28,MAAETULQ5LK4
2022-06-CENSUS-0000212942,DM7JV6MBJNJ7,2022,2023-03-28,ME1UM54138T7
2022-06-CENSUS-0000212942,DM7JV6MBJNJ7,2022,2023-03-28,MECEHTM8DB17
2022-06-CENSUS-0000212942,DM7JV6MBJNJ7,2022,2023-03-28,MGRMKUVLKGG5
2022-06-CENSUS-0000212942,DM7JV6MBJNJ7,2022,2023-03-28,MQU8KXT65JD3
2022-06-CENSUS-0000212942,DM7JV6MBJNJ7,2022,2023-03-28,MVS1R3U56M17
2022-06-CENSUS-0000212942,DM7JV6MBJNJ7,2022,2023-03-28,N4EYXLDJ5ZD7
2022-06-CENSUS-0000212942,DM7JV6MBJNJ7,2022,2023-03-28,N5AFS39FM6J6
2022-06-CENSUS-0000212942,DM7JV6MBJNJ7,2022,2023-03-28,N6MHGBFGKL13
2022-06-CENSUS-0000212942,DM7JV6MBJNJ7,2022,2023-03-28,N6N7V9M11757
2022-06-CENSUS-0000212942,DM7JV6MBJNJ7,2022,2023-03-28,NAGKMWE5PS34
2022-06-CENSUS-0000212942,DM7JV6MBJNJ7,2022,2023-03-28,NAQDVQJKL199
2022-06-CENSUS-0000212942,DM7JV6MBJNJ7,2022,2023-03-28,NPFLJZH5GAN7
2022-06-CENSUS-0000212942,DM7JV6MBJNJ7,2022,2023-03-28,NRP9LN4J8G56
2022-06-CENSUS-0000212942,DM7JV6MBJNJ7,2022,2023-03-28,P4MJBQ5J3EW5
2022-06-CENSUS-0000212942,DM7JV6MBJNJ7,2022,2023-03-28,PJAYR1JHSJT1
2022-06-CENSUS-0000212942,DM7JV6MBJNJ7,2022,2023-03-28,PMCEXB27BJW8
2022-06-CENSUS-0000212942,DM7JV6MBJNJ7,2022,2023-03-28,PRNNJN87K113
2022-06-CENSUS-0000212942,DM7JV6MBJNJ7,2022,2023-03-28,QMHWYGPV2FN6
2022-06-CENSUS-0000212942,DM7JV6MBJNJ7,2022,2023-03-28,QTYLNM2KRM13
2022-06-CENSUS-0000212942,DM7JV6MBJNJ7,2022,2023-03-28,QYNYRKBYCBM9
2022-06-CENSUS-0000212942,DM7JV6MBJNJ7,2022,2023-03-28,R31WJLKQ1J34
2022-06-CENSUS-0000212942,DM7JV6MBJNJ7,2022,2023-03-28,R5GDQAB5JNJ3
2022-06-CENSUS-0000212942,DM7JV6MBJNJ7,2022,2023-03-28,RG59B138GA85
2022-06-CENSUS-0000212942,DM7JV6MBJNJ7,2022,2023-03-28,RHWHQST96HC5
2022-06-CENSUS-0000212942,DM7JV6MBJNJ7,2022,2023-03-28,RQ7REY2NYZJ3
2022-06-CENSUS-0000212942,DM7JV6MBJNJ7,2022,2023-03-28,RY6FJCGMCTR7
2022-06-CENSUS-0000212942,DM7JV6MBJNJ7,2022,2023-03-28,S7D9A3W4TDT7
2022-06-CENSUS-0000212942,DM7JV6MBJNJ7,2022,2023-03-28,SGZKAR37BMZ8
2022-06-CENSUS-0000212942,DM7JV6MBJNJ7,2022,2023-03-28,SMGNXAWNMER3
2022-06-CENSUS-0000212942,DM7JV6MBJNJ7,2022,2023-03-28,SYB9UJV328L9
2022-06-CENSUS-0000212942,DM7JV6MBJNJ7,2022,2023-03-28,TBHGGQ7E34E9
2022-06-CENSUS-0000212942,DM7JV6MBJNJ7,2022,2023-03-28,TMVUXN4QG7L7
2022-06-CENSUS-0000212942,DM7JV6MBJNJ7,2022,2023-03-28,TRMDNABWE872
2022-06-CENSUS-0000212942,DM7JV6MBJNJ7,2022,2023-03-28,U9GQWG2L9ZQ3
2022-06-CENSUS-0000212942,DM7JV6MBJNJ7,2022,2023-03-28,UJ4DL1HJNZ18
2022-06-CENSUS-0000212942,DM7JV6MBJNJ7,2022,2023-03-28,USE2GQLTXJT3
2022-06-CENSUS-0000212942,DM7JV6MBJNJ7,2022,2023-03-28,UZEEHVEH5LJ5
2022-06-CENSUS-0000212942,DM7JV6MBJNJ7,2022,2023-03-28,VDFYLZPJEAV6
2022-06-CENSUS-0000212942,DM7JV6MBJNJ7,2022,2023-03-28,VDLHHGQQM9D6
2022-06-CENSUS-0000212942,DM7JV6MBJNJ7,2022,2023-03-28,VDN3ZMWG7KT1
2022-06-CENSUS-0000212942,DM7JV6MBJNJ7,2022,2023-03-28,WJNTJ7LBL823
2022-06-CENSUS-0000212942,DM7JV6MBJNJ7,2022,2023-03-28,WKTWM5W9GS98
2022-06-CENSUS-0000212942,DM7JV6MBJNJ7,2022,2023-03-28,WNB3K76H5G93
2022-06-CENSUS-0000212942,DM7JV6MBJNJ7,2022,2023-03-28,X8NKEAEC8NR3
2022-06-CENSUS-0000212942,DM7JV6MBJNJ7,2022,2023-03-28,XQYZZHVHG6Y4
2022-06-CENSUS-0000212942,DM7JV6MBJNJ7,2022,2023-03-28,XU15JJ7JKMD6
2022-06-CENSUS-0000212942,DM7JV6MBJNJ7,2022,2023-03-28,YH49DNM6YDZ8
2022-06-CENSUS-0000212942,DM7JV6MBJNJ7,2022,2023-03-28,YUP8JFFJQVG2
2022-06-CENSUS-0000212942,DM7JV6MBJNJ7,2022,2023-03-28,YUSZKV4M44DS
2022-06-CENSUS-0000212942,DM7JV6MBJNJ7,2022,2023-03-28,YZDPQJVG96J3
2022-06-CENSUS-0000212942,DM7JV6MBJNJ7,2022,2023-03-28,ZG4YU6Q67JD4
2022-06-CENSUS-0000212942,DM7JV6MBJNJ7,2022,2023-03-28,ZMEWGRBNJR56
2022-06-CENSUS-0000212942,DM7JV6MBJNJ7,2022,2023-03-28,MGA6E9VELKK4
2022-06-CENSUS-0000212942,DM7JV6MBJNJ7,2022,2023-03-28,H1G4XETFE6T9
2022-06-CENSUS-0000181658,DXEZB37UP7Q9,2022,2023-03-28,D9SNFDRCW3W7
2022-06-CENSUS-0000181658,DXEZB37UP7Q9,2022,2023-03-28,EG83QVHWQYZ3
2022-06-CENSUS-0000181658,DXEZB37UP7Q9,2022,2023-03-28,LJ87B25FZ1B1
2022-06-CENSUS-0000181658,DXEZB37UP7Q9,2022,2023-03-28,C1UPD99BCWH5
2022-06-CENSUS-0000181658,DXEZB37UP7Q9,2022,2023-03-28,C9WRPSE9E7Y8
2022-06-CENSUS-0000181658,DXEZB37UP7Q9,2022,2023-03-28,DGVTSHEFCBM5
2022-06-CENSUS-0000181658,DXEZB37UP7Q9,2022,2023-03-28,DJD3ZBJ1HNL7
2022-06-CENSUS-0000181658,DXEZB37UP7Q9,2022,2023-03-28,DWN5MBGAT2F8
2022-06-CENSUS-0000181658,DXEZB37UP7Q9,2022,2023-03-28,EED8DPB3U7M8
2022-06-CENSUS-0000181658,DXEZB37UP7Q9,2022,2023-03-28,F3JKS4BK7SY6
2022-06-CENSUS-0000181658,DXEZB37UP7Q9,2022,2023-03-28,FPJLRDTN13X3
2022-06-CENSUS-0000181658,DXEZB37UP7Q9,2022,2023-03-28,FSMGQ4ZYNHR1
2022-06-CENSUS-0000181658,DXEZB37UP7Q9,2022,2023-03-28,G9T1PJBELKT1
2022-06-CENSUS-0000181658,DXEZB37UP7Q9,2022,2023-03-28,GLJFD1STNE67
2022-06-CENSUS-0000181658,DXEZB37UP7Q9,2022,2023-03-28,GVGJKXG5MHJ1
2022-06-CENSUS-0000181658,DXEZB37UP7Q9,2022,2023-03-28,GWMKT7JGFW91
2022-06-CENSUS-0000181658,DXEZB37UP7Q9,2022,2023-03-28,H6D6JMXJXDE6
2022-06-CENSUS-0000181658,DXEZB37UP7Q9,2022,2023-03-28,HBMCELU6SGA1
2022-06-CENSUS-0000181658,DXEZB37UP7Q9,2022,2023-03-28,HEF4CH4YQ548
2022-06-CENSUS-0000181658,DXEZB37UP7Q9,2022,2023-03-28,HHGMHDPKEY13
2022-06-CENSUS-0000181658,DXEZB37UP7Q9,2022,2023-03-28,HJL7S6MUNL85
2022-06-CENSUS-0000181658,DXEZB37UP7Q9,2022,2023-03-28,J9ZXN6UQ2K15
2022-06-CENSUS-0000181658,DXEZB37UP7Q9,2022,2023-03-28,JC5DG7UW6NG8
2022-06-CENSUS-0000181658,DXEZB37UP7Q9,2022,2023-03-28,JGBJNDVGKK44
2022-06-CENSUS-0000181658,DXEZB37UP7Q9,2022,2023-03-28,JNYQV17MGDW9
2022-06-CENSUS-0000181658,DXEZB37UP7Q9,2022,2023-03-28,K7K4FGG8RF4S
2022-06-CENSUS-0000181658,DXEZB37UP7Q9,2022,2023-03-28,KAFMH9XHH8P3
2022-06-CENSUS-0000181658,DXEZB37UP7Q9,2022,2023-03-28,KEB2K7QLKAN7
2022-06-CENSUS-0000181658,DXEZB37UP7Q9,2022,2023-03-28,KG2CH68F4NN7
2022-06-CENSUS-0000181658,DXEZB37UP7Q9,2022,2023-03-28,KSM5N7FJ3QE3
2022-06-CENSUS-0000181658,DXEZB37UP7Q9,2022,2023-03-28,L6D8BDC5AWY9
2022-06-CENSUS-0000181658,DXEZB37UP7Q9,2022,2023-03-28,LN4KPLU7DRKS
2022-06-CENSUS-0000181658,DXEZB37UP7Q9,2022,2023-03-28,M2M2M9FVADT5
2022-06-CENSUS-0000181658,DXEZB37UP7Q9,2022,2023-03-28,MNBMRKK2P8V4
2022-06-CENSUS-0000181658,DXEZB37UP7Q9,2022,2023-03-28,MVPJKXM7B8G8
2022-06-CENSUS-0000181658,DXEZB37UP7Q9,2022,2023-03-28,N1PZLYBYC1D3
2022-06-CENSUS-0000181658,DXEZB37UP7Q9,2022,2023-03-28,N48NWM27W7R3
2022-06-CENSUS-0000181658,DXEZB37UP7Q9,2022,2023-03-28,N88AJLHZ39R3
2022-06-CENSUS-0000181658,DXEZB37UP7Q9,2022,2023-03-28,NEY6K8B6V835
2022-06-CENSUS-0000181658,DXEZB37UP7Q9,2022,2023-03-28,NT2EGNTCPLJ3
2022-06-CENSUS-0000181658,DXEZB37UP7Q9,2022,2023-03-28,NZMLYKS24FW3
2022-06-CENSUS-0000181658,DXEZB37UP7Q9,2022,2023-03-28,QHFBMDKNENK7
2022-06-CENSUS-0000181658,DXEZB37UP7Q9,2022,2023-03-28,R2J2V5BZNGY2
2022-06-CENSUS-0000181658,DXEZB37UP7Q9,2022,2023-03-28,RFZKKT5RU3F8
2022-06-CENSUS-0000181658,DXEZB37UP7Q9,2022,2023-03-28,RN48MDBUVS95
2022-06-CENSUS-0000181658,DXEZB37UP7Q9,2022,2023-03-28,TQSBXSQN4M55
2022-06-CENSUS-0000181658,DXEZB37UP7Q9,2022,2023-03-28,VGAKVJNLKDR9
2022-06-CENSUS-0000181658,DXEZB37UP7Q9,2022,2023-03-28,VU2RJUB3MB65
2022-06-CENSUS-0000181658,DXEZB37UP7Q9,2022,2023-03-28,VWQNND6KLQQ5
2022-06-CENSUS-0000181658,DXEZB37UP7Q9,2022,2023-03-28,VZA5GCYZBJA7
2022-06-CENSUS-0000181658,DXEZB37UP7Q9,2022,2023-03-28,WCXRFY6FGU46
2022-06-CENSUS-0000181658,DXEZB37UP7Q9,2022,2023-03-28,WNTPS995QBM7
2022-06-CENSUS-0000181658,DXEZB37UP7Q9,2022,2023-03-28,WWLVE4N1TN25
2022-06-CENSUS-0000181658,DXEZB37UP7Q9,2022,2023-03-28,WYGTAL14GSS7
2022-06-CENSUS-0000181658,DXEZB37UP7Q9,2022,2023-03-28,YDBAZKLDWMN4
2022-06-CENSUS-0000181658,DXEZB37UP7Q9,2022,2023-03-28,YMPLPE6VQH93
2022-06-CENSUS-0000181658,DXEZB37UP7Q9,2022,2023-03-28,Z2F4R9ZJG2A4
2022-06-CENSUS-0000181658,DXEZB37UP7Q9,2022,2023-03-28,Z7QQDHT9VSD3
2022-06-CENSUS-0000181658,DXEZB37UP7Q9,2022,2023-03-28,ZJSAV61ENCF8
2022-06-CENSUS-0000181658,DXEZB37UP7Q9,2022,2023-03-28,ZQ8MXL2GJ4C4
2022-06-CENSUS-0000237887,DPVENJ1U3T56,2022,2023-03-30,G9CAZ19GY8G1
2022-06-CENSUS-0000237887,DPVENJ1U3T56,2022,2023-03-30,PK9FMGRDRVD5
2022-06-CENSUS-0000237887,DPVENJ1U3T56,2022,2023-03-30,XCTVRC4XFZQ1
2022-06-CENSUS-0000237887,DPVENJ1U3T56,2022,2023-03-30,FNEKTWKKB368
2022-06-CENSUS-0000237887,DPVENJ1U3T56,2022,2023-03-30,XE9LX1W76748
2022-06-CENSUS-0000237887,DPVENJ1U3T56,2022,2023-03-30,SMVMLASHG7E1
2022-06-CENSUS-0000237887,DPVENJ1U3T56,2022,2023-03-30,DMEDFKE3MFQ5
2022-06-CENSUS-0000237887,DPVENJ1U3T56,2022,2023-03-30,DAL9T8HEWZY1
2022-06-CENSUS-0000237887,DPVENJ1U3T56,2022,2023-03-30,MG1PE8RLZ946
2022-06-CENSUS-0000237887,DPVENJ1U3T56,2022,2023-03-30,DFJDQH8GAHA3
2022-06-CENSUS-0000237887,DPVENJ1U3T56,2022,2023-03-30,QC4HW1RNSBK1
2022-06-CENSUS-0000237887,DPVENJ1U3T56,2022,2023-03-30,X6DNXZ3MJQT4
2022-06-CENSUS-0000237887,DPVENJ1U3T56,2022,2023-03-30,CJKUKANGYDE5
2022-06-CENSUS-0000237887,DPVENJ1U3T56,2022,2023-03-30,G5KLL9PD2BF6
2022-06-CENSUS-0000237887,DPVENJ1U3T56,2022,2023-03-30,TQJMVAW5N7Y4
2022-06-CENSUS-0000237887,DPVENJ1U3T56,2022,2023-03-30,HM78M7EQVMW8
2022-06-CENSUS-0000237887,DPVENJ1U3T56,2022,2023-03-30,NJ8MYFN9RAV5
2022-06-CENSUS-0000237887,DPVENJ1U3T56,2022,2023-03-30,N3NBEYF826S9
2022-06-CENSUS-0000237887,DPVENJ1U3T56,2022,2023-03-30,N9NVFQJMP1M8
2022-06-CENSUS-0000237887,DPVENJ1U3T56,2022,2023-03-30,QGZKLSFJ28L9
2022-06-CENSUS-0000237887,DPVENJ1U3T56,2022,2023-03-30,C9TPZB3VD4G7
2022-06-CENSUS-0000237887,DPVENJ1U3T56,2022,2023-03-30,SKX6AXF9ZTM3
2022-06-CENSUS-0000237887,DPVENJ1U3T56,2022,2023-03-30,E7JRN97NPGP3
2022-06-CENSUS-0000237887,DPVENJ1U3T56,2022,2023-03-30,J2GWT6BJ4K75
2022-06-CENSUS-0000237887,DPVENJ1U3T56,2022,2023-03-30,QX7EZDVAUQ43
2022-06-CENSUS-0000237887,DPVENJ1U3T56,2022,2023-03-30,J3RCK6KG4H99
2022-06-CENSUS-0000146632,D3LYFCJXMRS5,2022,2023-05-30,C169K7T4QZ96
2022-06-CENSUS-0000146632,D3LYFCJXMRS5,2022,2023-05-30,C85JZKKJBD35
2022-06-CENSUS-0000146632,D3LYFCJXMRS5,2022,2023-05-30,C9H7WKLXL9G9
2022-06-CENSUS-0000146632,D3LYFCJXMRS5,2022,2023-05-30,CL8JHK1LN291
2022-06-CENSUS-0000146632,D3LYFCJXMRS5,2022,2023-05-30,CSXVULAQNJ55
2022-06-CENSUS-0000146632,D3LYFCJXMRS5,2022,2023-05-30,DJ87ZC59JDR6
2022-06-CENSUS-0000146632,D3LYFCJXMRS5,2022,2023-05-30,DTM2ZNEDHU24
2022-06-CENSUS-0000146632,D3LYFCJXMRS5,2022,2023-05-30,ECQEYCHRNKJ4
2022-06-CENSUS-0000146632,D3LYFCJXMRS5,2022,2023-05-30,EH9NSN8WTCM5
2022-06-CENSUS-0000146632,D3LYFCJXMRS5,2022,2023-05-30,EJ7MNVJ4FDN3
2022-06-CENSUS-0000146632,D3LYFCJXMRS5,2022,2023-05-30,EP32RWE3HDJ7
2022-06-CENSUS-0000146632,D3LYFCJXMRS5,2022,2023-05-30,EVVNRGGPCJ54
2022-06-CENSUS-0000146632,D3LYFCJXMRS5,2022,2023-05-30,EXKMBGYU7HH5
2022-06-CENSUS-0000146632,D3LYFCJXMRS5,2022,2023-05-30,FA4VKPTJRLY8
2022-06-CENSUS-0000146632,D3LYFCJXMRS5,2022,2023-05-30,FEFMHBJM5LG5
2022-06-CENSUS-0000146632,D3LYFCJXMRS5,2022,2023-05-30,FZ2RFMSHKKX3
2022-06-CENSUS-0000146632,D3LYFCJXMRS5,2022,2023-05-30,GAWTFKJ8ZRC5
2022-06-CENSUS-0000146632,D3LYFCJXMRS5,2022,2023-05-30,GETYNKENXB51
2022-06-CENSUS-0000146632,D3LYFCJXMRS5,2022,2023-05-30,GPMMXSPLFAJ3
2022-06-CENSUS-0000146632,D3LYFCJXMRS5,2022,2023-05-30,H3JLXJEM2W66
2022-06-CENSUS-0000146632,D3LYFCJXMRS5,2022,2023-05-30,H6B5NUD3R5E7
2022-06-CENSUS-0000146632,D3LYFCJXMRS5,2022,2023-05-30,H7CJA7NX9WN3
2022-06-CENSUS-0000146632,D3LYFCJXMRS5,2022,2023-05-30,H8WAK92N68D3
2022-06-CENSUS-0000146632,D3LYFCJXMRS5,2022,2023-05-30,HJ4MHJBBLZ28
2022-06-CENSUS-0000146632,D3LYFCJXMRS5,2022,2023-05-30,HSHYB6PSMNB7
2022-06-CENSUS-0000146632,D3LYFCJXMRS5,2022,2023-05-30,HYNBDW8BGZ34
2022-06-CENSUS-0000146632,D3LYFCJXMRS5,2022,2023-05-30,JHL4WQBPT8N7
2022-06-CENSUS-0000146632,D3LYFCJXMRS5,2022,2023-05-30,JJZPALVEJA43
2022-06-CENSUS-0000146632,D3LYFCJXMRS5,2022,2023-05-30,JS89TNGT7WP1
2022-06-CENSUS-0000146632,D3LYFCJXMRS5,2022,2023-05-30,KK1FBDLJVWB3
2022-06-CENSUS-0000146632,D3LYFCJXMRS5,2022,2023-05-30,KYCFV7KEVRK3
2022-06-CENSUS-0000146632,D3LYFCJXMRS5,2022,2023-05-30,L24VTNX3ABU1
2022-06-CENSUS-0000146632,D3LYFCJXMRS5,2022,2023-05-30,L2GPNJZBM283
2022-06-CENSUS-0000146632,D3LYFCJXMRS5,2022,2023-05-30,L72NC2GD75H5
2022-06-CENSUS-0000146632,D3LYFCJXMRS5,2022,2023-05-30,L8BLBPA7ULU3
2022-06-CENSUS-0000146632,D3LYFCJXMRS5,2022,2023-05-30,LF19SJ2BNLD1
2022-06-CENSUS-0000146632,D3LYFCJXMRS5,2022,2023-05-30,LUPVA3MWCLB4
2022-06-CENSUS-0000146632,D3LYFCJXMRS5,2022,2023-05-30,LW6BMM7LQCF4
2022-06-CENSUS-0000146632,D3LYFCJXMRS5,2022,2023-05-30,LYFHMXA4K7K7
2022-06-CENSUS-0000146632,D3LYFCJXMRS5,2022,2023-05-30,M22LMLG4VZ96
2022-06-CENSUS-0000146632,D3LYFCJXMRS5,2022,2023-05-30,M3XBHNFAFYL5
2022-06-CENSUS-0000146632,D3LYFCJXMRS5,2022,2023-05-30,M5M7LT312FX3
2022-06-CENSUS-0000146632,D3LYFCJXMRS5,2022,2023-05-30,M7KCJ79FAVH5
2022-06-CENSUS-0000146632,D3LYFCJXMRS5,2022,2023-05-30,M9RNDNL51N45
2022-06-CENSUS-0000146632,D3LYFCJXMRS5,2022,2023-05-30,MBFHP6BNJKJ7
2022-06-CENSUS-0000146632,D3LYFCJXMRS5,2022,2023-05-30,MMBBKPAG4XC7
2022-06-CENSUS-0000146632,D3LYFCJXMRS5,2022,2023-05-30,MNDDC3HNZF71
2022-06-CENSUS-0000146632,D3LYFCJXMRS5,2022,2023-05-30,MWYVQTQ32ME5
2022-06-CENSUS-0000146632,D3LYFCJXMRS5,2022,2023-05-30,N3KZG2JX5LH6
2022-06-CENSUS-0000146632,D3LYFCJXMRS5,2022,2023-05-30,NFDYXNG8MNT1
2022-06-CENSUS-0000146632,D3LYFCJXMRS5,2022,2023-05-30,NN2FL2GKART3
2022-06-CENSUS-0000146632,D3LYFCJXMRS5,2022,2023-05-30,NW9QDHBX7ZM7
2022-06-CENSUS-0000146632,D3LYFCJXMRS5,2022,2023-05-30,R19BYMBDMG53
2022-06-CENSUS-0000146632,D3LYFCJXMRS5,2022,2023-05-30,RNJGSL6JRF56
2022-06-CENSUS-0000146632,D3LYFCJXMRS5,2022,2023-05-30,RNT3TFN18599
2022-06-CENSUS-0000146632,D3LYFCJXMRS5,2022,2023-05-30,S1V9LLHFK754
2022-06-CENSUS-0000146632,D3LYFCJXMRS5,2022,2023-05-30,SUMELGB1JAS1
2022-06-CENSUS-0000146632,D3LYFCJXMRS5,2022,2023-05-30,TMMEDSRFDGT9
2022-06-CENSUS-0000146632,D3LYFCJXMRS5,2022,2023-05-30,TMNHCUCQVKW3
2022-06-CENSUS-0000146632,D3LYFCJXMRS5,2022,2023-05-30,TXYFZM5AMFM3
2022-06-CENSUS-0000146632,D3LYFCJXMRS5,2022,2023-05-30,UF3LV6W2W6K9
2022-06-CENSUS-0000146632,D3LYFCJXMRS5,2022,2023-05-30,UM19R9XPL1N5
2022-06-CENSUS-0000146632,D3LYFCJXMRS5,2022,2023-05-30,VSFGUNJJTDX3
2022-06-CENSUS-0000146632,D3LYFCJXMRS5,2022,2023-05-30,W2X5N6359N14
2022-06-CENSUS-0000146632,D3LYFCJXMRS5,2022,2023-05-30,W4KZQ41XBW73
2022-06-CENSUS-0000146632,D3LYFCJXMRS5,2022,2023-05-30,WBXSX1KJEYE5
2022-06-CENSUS-0000146632,D3LYFCJXMRS5,2022,2023-05-30,WN65S2C48ZJ4
2022-06-CENSUS-0000146632,D3LYFCJXMRS5,2022,2023-05-30,WPC1ZX42HL11
2022-06-CENSUS-0000146632,D3LYFCJXMRS5,2022,2023-05-30,WYXKK9CR1LE7
2022-06-CENSUS-0000146632,D3LYFCJXMRS5,2022,2023-05-30,XEDVX7BE6KP3
2022-06-CENSUS-0000146632,D3LYFCJXMRS5,2022,2023-05-30,YJK6H7CQBD13
2022-06-CENSUS-0000146632,D3LYFCJXMRS5,2022,2023-05-30,YL7CN1KNVXP6
2022-06-CENSUS-0000146632,D3LYFCJXMRS5,2022,2023-05-30,YT7QTJ8S9JR6
2022-06-CENSUS-0000146632,D3LYFCJXMRS5,2022,2023-05-30,ZF6UV79JW912
2022-06-CENSUS-0000146632,D3LYFCJXMRS5,2022,2023-05-30,ZHM7EYJJKKJ9
2022-06-CENSUS-0000146632,D3LYFCJXMRS5,2022,2023-05-30,ZYP6TFKV5H45
2022-06-CENSUS-0000146632,D3LYFCJXMRS5,2022,2023-05-30,ZZZQTSEXGAP8
2022-06-CENSUS-0000146632,D3LYFCJXMRS5,2022,2023-05-30,ETJ2Q8BHVX45
2022-06-CENSUS-0000146632,D3LYFCJXMRS5,2022,2023-05-30,T7CNFK9XSSX3
2022-06-CENSUS-0000146632,D3LYFCJXMRS5,2022,2023-05-30,VJ4EWLFCUFM5
2022-06-CENSUS-0000146632,D3LYFCJXMRS5,2022,2023-05-30,YMMKMX1KMQC4
2022-06-CENSUS-0000146632,D3LYFCJXMRS5,2022,2023-05-30,HLGHAKKQSWQ6
2022-06-CENSUS-0000146632,D3LYFCJXMRS5,2022,2023-05-30,F34BUS8GBPM6
2022-06-CENSUS-0000146632,D3LYFCJXMRS5,2022,2023-05-30,PAMDY6DMVVE7
2022-06-CENSUS-0000146632,D3LYFCJXMRS5,2022,2023-05-30,LFLBEETJJ568
2022-06-CENSUS-0000146632,D3LYFCJXMRS5,2022,2023-05-30,RNLTFNJPV5K8
2022-06-CENSUS-0000146632,D3LYFCJXMRS5,2022,2023-05-30,DNVMJM76ZCF3
2022-06-CENSUS-0000146632,D3LYFCJXMRS5,2022,2023-05-30,MM1DHXTUKLG8
2022-06-CENSUS-0000146632,D3LYFCJXMRS5,2022,2023-05-30,HVS2GA4UJL28
2022-06-CENSUS-0000180900,F995DBS4SRN3,2022,2023-05-03,L27DBN6TA3D5
2022-06-CENSUS-0000180900,F995DBS4SRN3,2022,2023-05-03,DLUTVJJ15U66
2022-06-CENSUS-0000180900,F995DBS4SRN3,2022,2023-05-03,JH9AD7HWMYB8
2022-06-CENSUS-0000180900,F995DBS4SRN3,2022,2023-05-03,JM4WLPL1W7T9
2022-06-CENSUS-0000180900,F995DBS4SRN3,2022,2023-05-03,MV1JFXA4S621
2022-06-CENSUS-0000180900,F995DBS4SRN3,2022,2023-05-03,RRW8DUGRER22
2022-06-CENSUS-0000180900,F995DBS4SRN3,2022,2023-05-03,WLDGTNCFFJZ3
2022-06-CENSUS-0000180900,F995DBS4SRN3,2022,2023-05-03,TJ3FN7YQV347
2022-06-CENSUS-0000008526,WRQFCE7SF3G9,2022,2023-03-30,MVLRM28R9255
2022-12-CENSUS-0000239085,LUJ1ML35NQ68,2022,2023-09-04,CUC1BYDN3BJ6
2022-12-CENSUS-0000239085,LUJ1ML35NQ68,2022,2023-09-04,SPNKL6Y4B3H4
2022-12-CENSUS-0000239085,LUJ1ML35NQ68,2022,2023-09-04,MYKAK1LR2J81
2022-12-CENSUS-0000239085,LUJ1ML35NQ68,2022,2023-09-04,Q75SAL2J9UN5
2022-09-CENSUS-0000181243,VHSDE9K98XW5,2022,2023-02-26,R7LZGB1WGAK5
2022-09-CENSUS-0000000202,MAYKB1LWD5U9,2022,2023-06-26,NUNSUG9KXNP5
2022-09-CENSUS-0000000202,MAYKB1LWD5U9,2022,2023-06-26,DEDKC6LHX4F3
2022-09-CENSUS-0000000202,MAYKB1LWD5U9,2022,2023-06-26,U2RVQJFMJHW1
2022-09-CENSUS-0000000202,MAYKB1LWD5U9,2022,2023-06-26,ZQE2DQCU9AJ5
2022-09-CENSUS-0000000202,MAYKB1LWD5U9,2022,2023-06-26,XRXGLGQRLSU1
2022-09-CENSUS-0000000202,MAYKB1LWD5U9,2022,2023-06-26,MJGPE44CRCQ5
2022-09-CENSUS-0000000202,MAYKB1LWD5U9,2022,2023-06-26,UNTYJEEXSJ16
2022-09-CENSUS-0000000202,MAYKB1LWD5U9,2022,2023-06-26,XAQXDHLU75J4
2022-09-CENSUS-0000000202,MAYKB1LWD5U9,2022,2023-06-26,RQZLH9YRKDJ8
2022-06-CENSUS-0000175013,Z17TDWP12G31,2022,2023-03-16,YU3WZDRD7C55
2022-06-CENSUS-0000175013,Z17TDWP12G31,2022,2023-03-16,MFVCSK57KDC6
2022-06-CENSUS-0000175013,Z17TDWP12G31,2022,2023-03-16,FYLPN2HZ6DS1
2022-06-CENSUS-0000175013,Z17TDWP12G31,2022,2023-03-16,K1GCLRHJF4Q9
2022-06-CENSUS-0000175013,Z17TDWP12G31,2022,2023-03-16,QQF1EG3LJ2N5
2022-06-CENSUS-0000175013,Z17TDWP12G31,2022,2023-03-16,YGGNEL2CNJP3
2022-06-CENSUS-0000175013,Z17TDWP12G31,2022,2023-03-16,LFVKPGVDDWH3
2022-06-CENSUS-0000175013,Z17TDWP12G31,2022,2023-03-16,NWM7Q5XYXVJ4
2022-06-CENSUS-0000175013,Z17TDWP12G31,2022,2023-03-16,FXYNN69N5MJ1
2022-06-CENSUS-0000175013,Z17TDWP12G31,2022,2023-03-16,CNR8E4FJCKN1
2022-06-CENSUS-0000175013,Z17TDWP12G31,2022,2023-03-16,ETTJKDQJE9W5
2022-06-CENSUS-0000175013,Z17TDWP12G31,2022,2023-03-16,GFLGTFBJRPE3
2022-06-CENSUS-0000175013,Z17TDWP12G31,2022,2023-03-16,GRW9DNERHJF3
2022-06-CENSUS-0000175013,Z17TDWP12G31,2022,2023-03-16,KDJVMNXWZGM5
2022-06-CENSUS-0000175013,Z17TDWP12G31,2022,2023-03-16,FJT4B7TY3N54
2022-06-CENSUS-0000175013,Z17TDWP12G31,2022,2023-03-16,JTU4EQKVKAN1
2022-06-CENSUS-0000175013,Z17TDWP12G31,2022,2023-03-16,M92KXXT92LL3
2022-06-CENSUS-0000175013,Z17TDWP12G31,2022,2023-03-16,FEYPTAJCLUT7
2022-06-CENSUS-0000175013,Z17TDWP12G31,2022,2023-03-16,TKLKERXWHV96
2022-06-CENSUS-0000175013,Z17TDWP12G31,2022,2023-03-16,CCFZXKJ64E69
2022-06-CENSUS-0000175013,Z17TDWP12G31,2022,2023-03-16,NQKDZNBELY43
2022-06-CENSUS-0000175013,Z17TDWP12G31,2022,2023-03-16,LUQYVNV78RL3
2022-06-CENSUS-0000175013,Z17TDWP12G31,2022,2023-03-16,ZJ52USMEDA21
2022-06-CENSUS-0000175013,Z17TDWP12G31,2022,2023-03-16,LKK7NWT1UHM3
2022-06-CENSUS-0000175013,Z17TDWP12G31,2022,2023-03-16,JMWKB3G2F7S2
2022-06-CENSUS-0000175013,Z17TDWP12G31,2022,2023-03-16,MHW6FJ6NZJ23
2022-06-CENSUS-0000175013,Z17TDWP12G31,2022,2023-03-16,KT8LRLMW6KA9
2022-06-CENSUS-0000175013,Z17TDWP12G31,2022,2023-03-16,ER8PBWXVXGL4
2022-06-CENSUS-0000175013,Z17TDWP12G31,2022,2023-03-16,KNKAVN81K1P9
2022-06-CENSUS-0000175013,Z17TDWP12G31,2022,2023-03-16,C26WPJRAHMV3
2022-06-CENSUS-0000175013,Z17TDWP12G31,2022,2023-03-16,ER8VS3TR52T8
2022-06-CENSUS-0000175013,Z17TDWP12G31,2022,2023-03-16,RJY4ZAA131M1
2022-06-CENSUS-0000175013,Z17TDWP12G31,2022,2023-03-16,LLLDJCCYZJQ7
2022-06-CENSUS-0000175013,Z17TDWP12G31,2022,2023-03-16,JJKAPZHF5KB3
2022-06-CENSUS-0000175013,Z17TDWP12G31,2022,2023-03-16,XW23NNCTGEE3
2022-06-CENSUS-0000175013,Z17TDWP12G31,2022,2023-03-16,PDPWAG98MZF4
2022-06-CENSUS-0000175013,Z17TDWP12G31,2022,2023-03-16,FTLGTGFJTUJ7
2022-06-CENSUS-0000175013,Z17TDWP12G31,2022,2023-03-16,YK8WW54NUPN7
2022-06-CENSUS-0000175013,Z17TDWP12G31,2022,2023-03-16,PHNPLNMV37K8
2022-06-CENSUS-0000175013,Z17TDWP12G31,2022,2023-03-16,MNPBNJY7YJJ1
2022-06-CENSUS-0000175013,Z17TDWP12G31,2022,2023-03-16,DZAPW6FHFTW3
2022-06-CENSUS-0000175013,Z17TDWP12G31,2022,2023-03-16,JAVSKLS5FQV5
2022-06-CENSUS-0000175013,Z17TDWP12G31,2022,2023-03-16,LL8GLEVH6MG3
2022-06-CENSUS-0000175013,Z17TDWP12G31,2022,2023-03-16,VPNJJJDP9JF1
2022-06-CENSUS-0000175013,Z17TDWP12G31,2022,2023-03-16,SPE2YDWHDYU4
2022-06-CENSUS-0000175013,Z17TDWP12G31,2022,2023-03-16,Z3KMZ212SL85
2022-06-CENSUS-0000175013,Z17TDWP12G31,2022,2023-03-16,XD3NHQWK3DJ8
2022-06-CENSUS-0000175013,Z17TDWP12G31,2022,2023-03-16,Y9EYFJSLWXU8
2022-06-CENSUS-0000175013,Z17TDWP12G31,2022,2023-03-16,ZAVDUCLBZG77
2022-06-CENSUS-0000175013,Z17TDWP12G31,2022,2023-03-16,C172TQML5G99
2022-06-CENSUS-0000175013,Z17TDWP12G31,2022,2023-03-16,C8WLYVK4EYL1
2022-06-CENSUS-0000175013,Z17TDWP12G31,2022,2023-03-16,FQUGDUCPLA95
2022-06-CENSUS-0000175013,Z17TDWP12G31,2022,2023-03-16,CSNYSP5X3JA8
2022-06-CENSUS-0000175013,Z17TDWP12G31,2022,2023-03-16,PGAST2SNV3B1
2022-06-CENSUS-0000175013,Z17TDWP12G31,2022,2023-03-16,HMEGGUS7E8E9
2022-12-CENSUS-0000063579,Y2K4F9RPRRG7,2022,2023-08-08,ULMJJBL7ZXX3
2022-12-CENSUS-0000063579,Y2K4F9RPRRG7,2022,2023-08-08,GKPBCFV1QMM3
2022-12-CENSUS-0000063579,Y2K4F9RPRRG7,2022,2023-08-08,ZJMFQN8YGNX1
2022-12-CENSUS-0000063579,Y2K4F9RPRRG7,2022,2023-08-08,E7KFMNCQXNR1
2022-12-CENSUS-0000063579,Y2K4F9RPRRG7,2022,2023-08-08,K9MCNAJNLDA3
2022-06-CENSUS-0000250736,LBWAEWNDE438,2022,2023-03-21,KL1DMVY1MZM8
2022-06-CENSUS-0000250736,LBWAEWNDE438,2022,2023-03-21,GSJBA1MG2PY1
2022-06-CENSUS-0000250736,LBWAEWNDE438,2022,2023-03-21,E664NUCF7MK6
2022-06-CENSUS-0000250736,LBWAEWNDE438,2022,2023-03-21,GGDZH7TKGLZ1
2022-06-CENSUS-0000250736,LBWAEWNDE438,2022,2023-03-21,GC76K7WMZ1F5
2022-06-CENSUS-0000250736,LBWAEWNDE438,2022,2023-03-21,XHNQYKXFQC98
2022-06-CENSUS-0000250736,LBWAEWNDE438,2022,2023-03-21,NG95YG8HQS38
2022-06-CENSUS-0000250736,LBWAEWNDE438,2022,2023-03-21,HVL8FGQMHQE9
2022-06-CENSUS-0000250736,LBWAEWNDE438,2022,2023-03-21,YF3NSRG7C287
2022-06-CENSUS-0000250736,LBWAEWNDE438,2022,2023-03-21,JWH7QCRUDK15
2022-06-CENSUS-0000250736,LBWAEWNDE438,2022,2023-03-21,P2Q1MUKLJYY8
2022-06-CENSUS-0000250736,LBWAEWNDE438,2022,2023-03-21,LW18NACV3HY7
2022-06-CENSUS-0000131807,JW7YN4NDAHC1,2022,2023-03-21,STC1LYLCWB18
2022-06-CENSUS-0000131807,JW7YN4NDAHC1,2022,2023-03-21,GZ6NCMJFL6R4
2022-06-CENSUS-0000131807,JW7YN4NDAHC1,2022,2023-03-21,RN4HGABGRWV7
2022-06-CENSUS-0000131807,JW7YN4NDAHC1,2022,2023-03-21,SRT1YX7KJQL4
2022-06-CENSUS-0000131807,JW7YN4NDAHC1,2022,2023-03-21,KJKYFMDKP1V9
2022-06-CENSUS-0000131807,JW7YN4NDAHC1,2022,2023-03-21,Y8CRUE3Z5LD7
2022-06-CENSUS-0000131807,JW7YN4NDAHC1,2022,2023-03-21,FGK7C4BSUVK3
2022-06-CENSUS-0000131807,JW7YN4NDAHC1,2022,2023-03-21,F4SLJ5WF59F6
2022-06-CENSUS-0000131807,JW7YN4NDAHC1,2022,2023-03-21,ZCS6S95MGH66
2022-06-CENSUS-0000131807,JW7YN4NDAHC1,2022,2023-03-21,FUHGQMYGUBJ7
2022-06-CENSUS-0000131807,JW7YN4NDAHC1,2022,2023-03-21,GS1KNYFEVKF1
2022-06-CENSUS-0000131807,JW7YN4NDAHC1,2022,2023-03-21,WFY5U8JWNDK1
2022-06-CENSUS-0000131807,JW7YN4NDAHC1,2022,2023-03-21,ZM6PVFEKEHK1
2022-06-CENSUS-0000131807,JW7YN4NDAHC1,2022,2023-03-21,MXA6A75JEGY8
2022-06-CENSUS-0000131807,JW7YN4NDAHC1,2022,2023-03-21,HMW5V5LQY617
2022-06-CENSUS-0000131807,JW7YN4NDAHC1,2022,2023-03-21,H5D8ZCWMBRQ9
2022-06-CENSUS-0000131807,JW7YN4NDAHC1,2022,2023-03-21,K8JLGZSDVS89
2022-06-CENSUS-0000131807,JW7YN4NDAHC1,2022,2023-03-21,JWL6V4CWPQJ1
2022-06-CENSUS-0000131807,JW7YN4NDAHC1,2022,2023-03-21,FNJZEE34W8V3
2022-06-CENSUS-0000131807,JW7YN4NDAHC1,2022,2023-03-21,XB4KBLWF4LA5
2022-06-CENSUS-0000131807,JW7YN4NDAHC1,2022,2023-03-21,JLQBUB5SG3L5
2022-06-CENSUS-0000131807,JW7YN4NDAHC1,2022,2023-03-21,RASVZWGK4FW3
2022-06-CENSUS-0000131807,JW7YN4NDAHC1,2022,2023-03-21,CPVFEDRAL3U6
2022-06-CENSUS-0000166054,H8F3KZ3X4LC3,2022,2023-04-30,P1JNP1MH5EX6
2022-06-CENSUS-0000136063,LR3CBBHMAXM5,2022,2023-03-29,C1EEUPVD33S7
2022-06-CENSUS-0000136063,LR3CBBHMAXM5,2022,2023-03-29,C1QJG7YJV7D6
2022-06-CENSUS-0000136063,LR3CBBHMAXM5,2022,2023-03-29,D7QJX4DMZN53
2022-06-CENSUS-0000136063,LR3CBBHMAXM5,2022,2023-03-29,DSALKBHYTEH1
2022-06-CENSUS-0000136063,LR3CBBHMAXM5,2022,2023-03-29,DU5AE25XE2D5
2022-06-CENSUS-0000136063,LR3CBBHMAXM5,2022,2023-03-29,E56TEAM7EST8
2022-06-CENSUS-0000136063,LR3CBBHMAXM5,2022,2023-03-29,EASRVKT9NJ78
2022-06-CENSUS-0000136063,LR3CBBHMAXM5,2022,2023-03-29,EJVGNTNS8JT7
2022-06-CENSUS-0000136063,LR3CBBHMAXM5,2022,2023-03-29,ENCFSMNC3PT1
2022-06-CENSUS-0000136063,LR3CBBHMAXM5,2022,2023-03-29,ENPGQPJ3LFF5
2022-06-CENSUS-0000136063,LR3CBBHMAXM5,2022,2023-03-29,FPENFM7VKMV3
2022-06-CENSUS-0000136063,LR3CBBHMAXM5,2022,2023-03-29,FSUPH3Z277W1
2022-06-CENSUS-0000136063,LR3CBBHMAXM5,2022,2023-03-29,FTK3EAXJL1N8
2022-06-CENSUS-0000136063,LR3CBBHMAXM5,2022,2023-03-29,G8Z4ZEL35NT5
2022-06-CENSUS-0000136063,LR3CBBHMAXM5,2022,2023-03-29,G95LD67WQ8N5
2022-06-CENSUS-0000136063,LR3CBBHMAXM5,2022,2023-03-29,GARAS8EJ6Q73
2022-06-CENSUS-0000136063,LR3CBBHMAXM5,2022,2023-03-29,GGJZXNCMP1F8
2022-06-CENSUS-0000136063,LR3CBBHMAXM5,2022,2023-03-29,GKB5R3B9JGE4
2022-06-CENSUS-0000136063,LR3CBBHMAXM5,2022,2023-03-29,GXG3RBBQ1ZE4
2022-06-CENSUS-0000136063,LR3CBBHMAXM5,2022,2023-03-29,H1TLKBP3R195
2022-06-CENSUS-0000136063,LR3CBBHMAXM5,2022,2023-03-29,H4NJKAVXNED7
2022-06-CENSUS-0000136063,LR3CBBHMAXM5,2022,2023-03-29,H9RCTSVWW211
2022-06-CENSUS-0000136063,LR3CBBHMAXM5,2022,2023-03-29,HAMMJVYDY9D9
2022-06-CENSUS-0000136063,LR3CBBHMAXM5,2022,2023-03-29,HCEQLJ1A5CN3
2022-06-CENSUS-0000136063,LR3CBBHMAXM5,2022,2023-03-29,HEDNKSJ2HJ17
2022-06-CENSUS-0000136063,LR3CBBHMAXM5,2022,2023-03-29,HJ3JDZ916NF5
2022-06-CENSUS-0000136063,LR3CBBHMAXM5,2022,2023-03-29,J1QQFNP52814
2022-06-CENSUS-0000136063,LR3CBBHMAXM5,2022,2023-03-29,J5LFGLZR6AJ4
2022-06-CENSUS-0000136063,LR3CBBHMAXM5,2022,2023-03-29,J73TRBXFJKK5
2022-06-CENSUS-0000136063,LR3CBBHMAXM5,2022,2023-03-29,JA7LKBABMNK4
2022-06-CENSUS-0000136063,LR3CBBHMAXM5,2022,2023-03-29,JCSAB35B7GN4
2022-06-CENSUS-0000136063,LR3CBBHMAXM5,2022,2023-03-29,JF2BLNN4PJC3
2022-06-CENSUS-0000136063,LR3CBBHMAXM5,2022,2023-03-29,JG6AZK88SHK3
2022-06-CENSUS-0000136063,LR3CBBHMAXM5,2022,2023-03-29,JQ65JTZ3XBG5
2022-06-CENSUS-0000136063,LR3CBBHMAXM5,2022,2023-03-29,JXYPMNKHCM58
2022-06-CENSUS-0000136063,LR3CBBHMAXM5,2022,2023-03-29,K2JHXRNUEM44
2022-06-CENSUS-0000136063,LR3CBBHMAXM5,2022,2023-03-29,K5D1NNQKJNX5
2022-06-CENSUS-0000136063,LR3CBBHMAXM5,2022,2023-03-29,KK7NK7GN2GE7
2022-06-CENSUS-0000136063,LR3CBBHMAXM5,2022,2023-03-29,KSYKJMNG9NE6
2022-06-CENSUS-0000136063,LR3CBBHMAXM5,2022,2023-03-29,L1LEHK8RF8L8
2022-06-CENSUS-0000136063,LR3CBBHMAXM5,2022,2023-03-29,L924BA1SEN75
2022-06-CENSUS-0000136063,LR3CBBHMAXM5,2022,2023-03-29,LMLXQL8JSDJ6
2022-06-CENSUS-0000136063,LR3CBBHMAXM5,2022,2023-03-29,LQ83DT8VUC23
2022-06-CENSUS-0000136063,LR3CBBHMAXM5,2022,2023-03-29,M4ADM2P87AH9
2022-06-CENSUS-0000136063,LR3CBBHMAXM5,2022,2023-03-29,MDCHHW2MSNN4
2022-06-CENSUS-0000136063,LR3CBBHMAXM5,2022,2023-03-29,ME6HKXHMT3K7
2022-06-CENSUS-0000136063,LR3CBBHMAXM5,2022,2023-03-29,MHM6MGJFANE7
2022-06-CENSUS-0000136063,LR3CBBHMAXM5,2022,2023-03-29,MKVTBLHMGLE5
2022-06-CENSUS-0000136063,LR3CBBHMAXM5,2022,2023-03-29,MMNSTLD3GF48
2022-06-CENSUS-0000136063,LR3CBBHMAXM5,2022,2023-03-29,MRGAXGQBJDG8
2022-06-CENSUS-0000136063,LR3CBBHMAXM5,2022,2023-03-29,MWB3SUM8RM87
2022-06-CENSUS-0000136063,LR3CBBHMAXM5,2022,2023-03-29,N6KVCUU7LC61
2022-06-CENSUS-0000136063,LR3CBBHMAXM5,2022,2023-03-29,N744P9T9WDJ4
2022-06-CENSUS-0000136063,LR3CBBHMAXM5,2022,2023-03-29,NCFANT5LML79
2022-06-CENSUS-0000136063,LR3CBBHMAXM5,2022,2023-03-29,NCHWQFRJNHD8
2022-06-CENSUS-0000136063,LR3CBBHMAXM5,2022,2023-03-29,NKAZLXLL7Z91
2022-06-CENSUS-0000136063,LR3CBBHMAXM5,2022,2023-03-29,NNFQH1JAPEP3
2022-06-CENSUS-0000136063,LR3CBBHMAXM5,2022,2023-03-29,NY6GJ9NYNPL4
2022-06-CENSUS-0000136063,LR3CBBHMAXM5,2022,2023-03-29,P3XNEJGCBJL4
2022-06-CENSUS-0000136063,LR3CBBHMAXM5,2022,2023-03-29,PC73MTNXUEQ9
2022-06-CENSUS-0000136063,LR3CBBHMAXM5,2022,2023-03-29,PES5P928DUM9
2022-06-CENSUS-0000136063,LR3CBBHMAXM5,2022,2023-03-29,PT1CHJRNTAE5
2022-06-CENSUS-0000136063,LR3CBBHMAXM5,2022,2023-03-29,Q266L2NDAVP1
2022-06-CENSUS-0000136063,LR3CBBHMAXM5,2022,2023-03-29,Q3KCVK5S9CP1
2022-06-CENSUS-0000136063,LR3CBBHMAXM5,2022,2023-03-29,Q62ZHAWDM3B5
2022-06-CENSUS-0000136063,LR3CBBHMAXM5,2022,2023-03-29,QCCVRZ337NR7
2022-06-CENSUS-0000136063,LR3CBBHMAXM5,2022,2023-03-29,QL99NE17B7Y7
2022-06-CENSUS-0000136063,LR3CBBHMAXM5,2022,2023-03-29,QWEVJJ54B4T3
2022-06-CENSUS-0000136063,LR3CBBHMAXM5,2022,2023-03-29,R1V7NKH3SDU8
2022-06-CENSUS-0000136063,LR3CBBHMAXM5,2022,2023-03-29,R9HCGYUHLZ25
2022-06-CENSUS-0000136063,LR3CBBHMAXM5,2022,2023-03-29,RD7MXJV7DKT9
2022-06-CENSUS-0000136063,LR3CBBHMAXM5,2022,2023-03-29,RFKGNHR7ZH37
2022-06-CENSUS-0000136063,LR3CBBHMAXM5,2022,2023-03-29,RL3WM66VHRM5
2022-06-CENSUS-0000136063,LR3CBBHMAXM5,2022,2023-03-29,SJ72FRUKYQH4
2022-06-CENSUS-0000136063,LR3CBBHMAXM5,2022,2023-03-29,SLC8K4SACKJ2
2022-06-CENSUS-0000136063,LR3CBBHMAXM5,2022,2023-03-29,SPFMKCH4YCE9
2022-06-CENSUS-0000136063,LR3CBBHMAXM5,2022,2023-03-29,SWWXVRDPS761
2022-06-CENSUS-0000136063,LR3CBBHMAXM5,2022,2023-03-29,SYHLCKP7K2J3
2022-06-CENSUS-0000136063,LR3CBBHMAXM5,2022,2023-03-29,TDDLLDY6AWT4
2022-06-CENSUS-0000136063,LR3CBBHMAXM5,2022,2023-03-29,UFDVF2EBCEK7
2022-06-CENSUS-0000136063,LR3CBBHMAXM5,2022,2023-03-29,UFMRZARNHGF3
2022-06-CENSUS-0000136063,LR3CBBHMAXM5,2022,2023-03-29,ULZMDBF4YKY7
2022-06-CENSUS-0000136063,LR3CBBHMAXM5,2022,2023-03-29,V1TLN6WL4E97
2022-06-CENSUS-0000136063,LR3CBBHMAXM5,2022,2023-03-29,V7PELH71XYR2
2022-06-CENSUS-0000136063,LR3CBBHMAXM5,2022,2023-03-29,VA88TEBCB8N8
2022-06-CENSUS-0000136063,LR3CBBHMAXM5,2022,2023-03-29,VGGMMZJKUXK8
2022-06-CENSUS-0000136063,LR3CBBHMAXM5,2022,2023-03-29,VJELM1Z6V548
2022-06-CENSUS-0000136063,LR3CBBHMAXM5,2022,2023-03-29,W632ED3NN185
2022-06-CENSUS-0000136063,LR3CBBHMAXM5,2022,2023-03-29,W8LKB16HV1K5
2022-06-CENSUS-0000136063,LR3CBBHMAXM5,2022,2023-03-29,WELMNMBMYYZ8
2022-06-CENSUS-0000136063,LR3CBBHMAXM5,2022,2023-03-29,WHE6X1RKMFH7
2022-06-CENSUS-0000136063,LR3CBBHMAXM5,2022,2023-03-29,WHXVFCB1F1E3
2022-06-CENSUS-0000136063,LR3CBBHMAXM5,2022,2023-03-29,WVR6ECT1G9F8
2022-06-CENSUS-0000136063,LR3CBBHMAXM5,2022,2023-03-29,X6S5CJCRNGL7
2022-06-CENSUS-0000136063,LR3CBBHMAXM5,2022,2023-03-29,XMZDU71JMZ77
2022-06-CENSUS-0000136063,LR3CBBHMAXM5,2022,2023-03-29,XSMHV7KJFXW7
2022-06-CENSUS-0000136063,LR3CBBHMAXM5,2022,2023-03-29,XUYMD8YDE316
2022-06-CENSUS-0000136063,LR3CBBHMAXM5,2022,2023-03-29,YD5BBG15KAJ5
2022-06-CENSUS-0000136063,LR3CBBHMAXM5,2022,2023-03-29,YY12WQEHUAX9
2022-06-CENSUS-0000136063,LR3CBBHMAXM5,2022,2023-03-29,Z98PWXSEXUS9
2022-06-CENSUS-0000136063,LR3CBBHMAXM5,2022,2023-03-29,Z9GPVCLLKVU1
2022-06-CENSUS-0000136063,LR3CBBHMAXM5,2022,2023-03-29,ZULMG6SKWC21
2022-06-CENSUS-0000181667,JG4LGB66LJ88,2022,2023-04-27,DMUAZBH9KAK1
2022-06-CENSUS-0000181667,JG4LGB66LJ88,2022,2023-04-27,K3SGJLGNHEZ4
2022-06-CENSUS-0000181667,JG4LGB66LJ88,2022,2023-04-27,N9CLJA14KR25
2022-06-CENSUS-0000181667,JG4LGB66LJ88,2022,2023-04-27,ZLY8FAQGNCY3
2022-06-CENSUS-0000181667,JG4LGB66LJ88,2022,2023-04-27,X9K2JHHGL5M8
2022-06-CENSUS-0000181667,JG4LGB66LJ88,2022,2023-04-27,ZS5PBXBMUKW1
2022-06-CENSUS-0000181667,JG4LGB66LJ88,2022,2023-04-27,S6ZRV3S11Q21
2022-06-CENSUS-0000181667,JG4LGB66LJ88,2022,2023-04-27,W24JBYL47HP5
2022-06-CENSUS-0000181667,JG4LGB66LJ88,2022,2023-04-27,UJB9LRHNFKW6
2022-06-CENSUS-0000181667,JG4LGB66LJ88,2022,2023-04-27,KNSGQG128GN9
2022-06-CENSUS-0000181667,JG4LGB66LJ88,2022,2023-04-27,NFGKVVF89Q55
2022-06-CENSUS-0000181667,JG4LGB66LJ88,2022,2023-04-27,NWKGN5KZE7N1
2022-06-CENSUS-0000181667,JG4LGB66LJ88,2022,2023-04-27,NWABTW71GK58
2022-06-CENSUS-0000181667,JG4LGB66LJ88,2022,2023-04-27,MQKPEU6D1BT5
2022-06-CENSUS-0000181667,JG4LGB66LJ88,2022,2023-04-27,MLGMLZ76EMC3
2022-06-CENSUS-0000181667,JG4LGB66LJ88,2022,2023-04-27,GJQ6WTD321L8
2022-06-CENSUS-0000181667,JG4LGB66LJ88,2022,2023-04-27,CTUELEFNMLH3
2022-06-CENSUS-0000181667,JG4LGB66LJ88,2022,2023-04-27,FH4HGA3T4H65
2022-06-CENSUS-0000181667,JG4LGB66LJ88,2022,2023-04-27,ML8GCTH8C975
2022-06-CENSUS-0000181667,JG4LGB66LJ88,2022,2023-04-27,FK41NVNHJJX5
2022-06-CENSUS-0000181667,JG4LGB66LJ88,2022,2023-04-27,LF6NMSGJJAA1
2022-06-CENSUS-0000181667,JG4LGB66LJ88,2022,2023-04-27,CH4JEQC7RSJ5
2022-06-CENSUS-0000130209,YC11KWJKWM97,2022,2023-03-30,CGLYNJCBGW73
2022-06-CENSUS-0000130209,YC11KWJKWM97,2022,2023-03-30,JT4NTQHQLVB1
2022-06-CENSUS-0000130209,YC11KWJKWM97,2022,2023-03-30,MHLNFHVYWDD9
2022-06-CENSUS-0000130209,YC11KWJKWM97,2022,2023-03-30,K9MVGUJMTE61
2022-06-CENSUS-0000130209,YC11KWJKWM97,2022,2023-03-30,ZLEBWLPTDDZ8
2022-06-CENSUS-0000130209,YC11KWJKWM97,2022,2023-03-30,TJKQE1FEU127
2022-06-CENSUS-0000130209,YC11KWJKWM97,2022,2023-03-30,JLJNMJ6C9R76
2022-06-CENSUS-0000130209,YC11KWJKWM97,2022,2023-03-30,DP5UNAV7S2L7
2022-06-CENSUS-0000130209,YC11KWJKWM97,2022,2023-03-30,JA9NB52U21E1
2022-06-CENSUS-0000130209,YC11KWJKWM97,2022,2023-03-30,F72HENC9LC98
2022-06-CENSUS-0000130209,YC11KWJKWM97,2022,2023-03-30,JW5VMAWMCQR6
2022-06-CENSUS-0000130209,YC11KWJKWM97,2022,2023-03-30,WDTXQ672Y3J5
2022-06-CENSUS-0000130209,YC11KWJKWM97,2022,2023-03-30,LM85MG1513K5
2022-06-CENSUS-0000130209,YC11KWJKWM97,2022,2023-03-30,JP8NUHLCWLE6
2022-06-CENSUS-0000130209,YC11KWJKWM97,2022,2023-03-30,GXZJMNW81UG4
2022-06-CENSUS-0000015322,F4N1QNPB95M4,2022,2023-03-27,QHF5ZZ114M72
2022-09-CENSUS-0000201545,XPWNZ5JZGW64,2022,2023-05-10,SQELZU23XM36
