report_id,auditee_uei,audit_year,fac_accepted_date,additional_ein
2023-04-GSAFAC-0000000495,LBW2DRXQXCA7,2023,2023-10-05,611254830
2022-12-GSAFAC-0000001117,JRRVW2KT4U71,2022,2023-10-18,621832456
2022-12-GSAFAC-0000001117,JRRVW2KT4U71,2022,2023-10-18,621832453
2022-12-GSAFAC-0000001117,JRRVW2KT4U71,2022,2023-10-18,621832455
2022-12-GSAFAC-0000001117,JRRVW2KT4U71,2022,2023-10-18,621832454
2022-12-GSAFAC-0000001117,JRRVW2KT4U71,2022,2023-10-18,621832434
2022-12-GSAFAC-0000001117,JRRVW2KT4U71,2022,2023-10-18,621832435
2022-12-GSAFAC-0000001117,JRRVW2KT4U71,2022,2023-10-18,522331994
2022-12-GSAFAC-0000001117,JRRVW2KT4U71,2022,2023-10-18,522332016
2022-12-GSAFAC-0000001117,JRRVW2KT4U71,2022,2023-10-18,522332002
2022-12-GSAFAC-0000001117,JRRVW2KT4U71,2022,2023-10-18,522332015
2022-12-GSAFAC-0000001117,JRRVW2KT4U71,2022,2023-10-18,522332020
2022-12-GSAFAC-0000001117,JRRVW2KT4U71,2022,2023-10-18,522332017
2022-12-GSAFAC-0000001117,JRRVW2KT4U71,2022,2023-10-18,522332014
2022-12-GSAFAC-0000001117,JRRVW2KT4U71,2022,2023-10-18,522332006
2022-12-GSAFAC-0000001117,JRRVW2KT4U71,2022,2023-10-18,522331995
2022-12-GSAFAC-0000001117,JRRVW2KT4U71,2022,2023-10-18,452683380
2023-03-GSAFAC-0000000879,MCD5SMMWNBE5,2023,2023-10-04,830318902
2023-06-GSAFAC-0000000635,NMFEJ7X3UTV1,2023,2023-10-05,412093509
2023-06-GSAFAC-0000000635,NMFEJ7X3UTV1,2023,2023-10-05,421589809
2023-03-GSAFAC-0000000321,SG71HEA776D9,2023,2023-10-10,611253192
2022-12-GSAFAC-0000000101,WT9MJ8VP92H7,2022,2023-10-02,111986351
2022-12-GSAFAC-0000000101,WT9MJ8VP92H7,2022,2023-10-02,463556230
2022-12-GSAFAC-0000000320,YFBYPFBVD1C8,2022,2023-10-02,257259920
2023-06-GSAFAC-0000000736,XKLNYM21JE55,2023,2023-10-05,237029207
2023-03-GSAFAC-0000000324,DA6QF5AL2R86,2023,2023-10-13,371223846
2023-05-GSAFAC-0000001350,GDR4WSLPSMG5,2023,2023-10-09,510175364
2023-05-GSAFAC-0000001350,GDR4WSLPSMG5,2023,2023-10-09,510156065
2023-05-GSAFAC-0000001350,GDR4WSLPSMG5,2023,2023-10-09,510146615
2023-05-GSAFAC-0000001350,GDR4WSLPSMG5,2023,2023-10-09,310961926
2023-05-GSAFAC-0000001350,GDR4WSLPSMG5,2023,2023-10-09,310962004
2023-05-GSAFAC-0000001350,GDR4WSLPSMG5,2023,2023-10-09,571142879
2022-09-GSAFAC-0000000783,DVJ8URPHQ1K1,2022,2023-10-06,571119337
2022-09-GSAFAC-0000000783,DVJ8URPHQ1K1,2022,2023-10-06,208817905
2023-03-GSAFAC-0000000490,TLBQYD52Z9S3,2023,2023-10-12,660452520
2023-03-GSAFAC-0000000490,TLBQYD52Z9S3,2023,2023-10-12,660776102
2023-03-GSAFAC-0000000490,TLBQYD52Z9S3,2023,2023-10-12,660876852
2023-03-GSAFAC-0000000490,TLBQYD52Z9S3,2023,2023-10-12,660938154
2023-03-GSAFAC-0000000490,TLBQYD52Z9S3,2023,2023-10-12,660938155
2023-06-GSAFAC-0000000372,Z34VEL44EWC6,2023,2023-10-12,561587480
2023-06-GSAFAC-0000000372,Z34VEL44EWC6,2023,2023-10-12,561998095
2022-12-GSAFAC-0000001787,X5A8VXFLUJA5,2022,2023-10-13,651040912
2022-12-GSAFAC-0000001787,X5A8VXFLUJA5,2022,2023-10-13,651040926
2022-12-GSAFAC-0000001787,X5A8VXFLUJA5,2022,2023-10-13,455518434
2022-12-GSAFAC-0000001787,X5A8VXFLUJA5,2022,2023-10-13,300541840
2022-12-GSAFAC-0000001787,X5A8VXFLUJA5,2022,2023-10-13,264233085
2022-12-GSAFAC-0000001787,X5A8VXFLUJA5,2022,2023-10-13,651040917
2022-12-GSAFAC-0000001787,X5A8VXFLUJA5,2022,2023-10-13,590825837
2022-12-GSAFAC-0000001787,X5A8VXFLUJA5,2022,2023-10-13,020755960
2022-12-GSAFAC-0000001787,X5A8VXFLUJA5,2022,2023-10-13,264468758
2022-12-GSAFAC-0000001787,X5A8VXFLUJA5,2022,2023-10-13,264233346
2022-12-GSAFAC-0000001787,X5A8VXFLUJA5,2022,2023-10-13,830500200
2022-12-GSAFAC-0000001787,X5A8VXFLUJA5,2022,2023-10-13,651040931
2022-12-GSAFAC-0000001787,X5A8VXFLUJA5,2022,2023-10-13,830500199
2022-12-GSAFAC-0000001787,X5A8VXFLUJA5,2022,2023-10-13,651040910
2022-12-GSAFAC-0000001787,X5A8VXFLUJA5,2022,2023-10-13,134245879
2022-12-GSAFAC-0000001787,X5A8VXFLUJA5,2022,2023-10-13,651040928
2022-12-GSAFAC-0000001787,X5A8VXFLUJA5,2022,2023-10-13,651040911
2022-12-GSAFAC-0000001787,X5A8VXFLUJA5,2022,2023-10-13,651040934
2022-12-GSAFAC-0000001787,X5A8VXFLUJA5,2022,2023-10-13,651040919
2022-12-GSAFAC-0000001894,UDTSV9EUBJJ8,2022,2023-10-12,201721724
2022-12-GSAFAC-0000001894,UDTSV9EUBJJ8,2022,2023-10-12,201721687
2022-12-GSAFAC-0000001894,UDTSV9EUBJJ8,2022,2023-10-12,201721780
2022-12-GSAFAC-0000001894,UDTSV9EUBJJ8,2022,2023-10-12,201721651
2022-12-GSAFAC-0000001894,UDTSV9EUBJJ8,2022,2023-10-12,043337116
2022-12-GSAFAC-0000001894,UDTSV9EUBJJ8,2022,2023-10-12,043020520
2022-12-GSAFAC-0000001894,UDTSV9EUBJJ8,2022,2023-10-12,043080762
2022-12-GSAFAC-0000001894,UDTSV9EUBJJ8,2022,2023-10-12,043080765
2022-12-GSAFAC-0000001894,UDTSV9EUBJJ8,2022,2023-10-12,043080764
2022-12-GSAFAC-0000001894,UDTSV9EUBJJ8,2022,2023-10-12,043080763
2022-12-GSAFAC-0000001894,UDTSV9EUBJJ8,2022,2023-10-12,042982134
2022-12-GSAFAC-0000001894,UDTSV9EUBJJ8,2022,2023-10-12,222579838
2022-12-GSAFAC-0000001894,UDTSV9EUBJJ8,2022,2023-10-12,821583686
2022-12-GSAFAC-0000001894,UDTSV9EUBJJ8,2022,2023-10-12,042854118
2022-12-GSAFAC-0000001894,UDTSV9EUBJJ8,2022,2023-10-12,042893906
2022-12-GSAFAC-0000001894,UDTSV9EUBJJ8,2022,2023-10-12,042893911
2022-12-GSAFAC-0000001894,UDTSV9EUBJJ8,2022,2023-10-12,363700875
2022-12-GSAFAC-0000001894,UDTSV9EUBJJ8,2022,2023-10-12,043084466
2022-12-GSAFAC-0000001894,UDTSV9EUBJJ8,2022,2023-10-12,201611913
2022-12-GSAFAC-0000001499,ZE1UHHRUVD97,2022,2023-10-17,390806359
2022-12-GSAFAC-0000001499,ZE1UHHRUVD97,2022,2023-10-17,390869788
2022-12-GSAFAC-0000001499,ZE1UHHRUVD97,2022,2023-10-17,396089134
2022-12-GSAFAC-0000001499,ZE1UHHRUVD97,2022,2023-10-17,390807068
2022-12-GSAFAC-0000001499,ZE1UHHRUVD97,2022,2023-10-17,390830664
2022-12-GSAFAC-0000001499,ZE1UHHRUVD97,2022,2023-10-17,390871113
2022-12-GSAFAC-0000001499,ZE1UHHRUVD97,2022,2023-10-17,390824015
2022-09-GSAFAC-0000001360,G2HWL4MXLG69,2022,2023-10-18,592018385
2022-09-GSAFAC-0000001360,G2HWL4MXLG69,2022,2023-10-18,596018992
2022-09-GSAFAC-0000001360,G2HWL4MXLG69,2022,2023-10-18,596000608
2023-06-GSAFAC-0000002017,SJMATNPMJ2N4,2023,2023-10-19,800021498
2023-06-GSAFAC-0000002017,SJMATNPMJ2N4,2023,2023-10-19,841033516
2023-06-GSAFAC-0000001762,HYMYPY96JAE8,2023,2023-10-20,205236520
2023-06-GSAFAC-0000001762,HYMYPY96JAE8,2023,2023-10-20,421592989
2023-06-GSAFAC-0000001762,HYMYPY96JAE8,2023,2023-10-20,205236196
2023-06-GSAFAC-0000001762,HYMYPY96JAE8,2023,2023-10-20,611233196
2023-06-GSAFAC-0000001762,HYMYPY96JAE8,2023,2023-10-20,263184480
2023-06-GSAFAC-0000001762,HYMYPY96JAE8,2023,2023-10-20,611315536
2023-06-GSAFAC-0000001762,HYMYPY96JAE8,2023,2023-10-20,311498544
2023-06-GSAFAC-0000001762,HYMYPY96JAE8,2023,2023-10-20,300342187
2023-06-GSAFAC-0000001762,HYMYPY96JAE8,2023,2023-10-20,300342189
2023-06-GSAFAC-0000001762,HYMYPY96JAE8,2023,2023-10-20,300342188
2023-06-GSAFAC-0000001762,HYMYPY96JAE8,2023,2023-10-20,300342190
2023-06-GSAFAC-0000001762,HYMYPY96JAE8,2023,2023-10-20,611233199
2023-06-GSAFAC-0000001762,HYMYPY96JAE8,2023,2023-10-20,611233197
2023-06-GSAFAC-0000001762,HYMYPY96JAE8,2023,2023-10-20,611384219
2023-06-GSAFAC-0000001762,HYMYPY96JAE8,2023,2023-10-20,311498541
2023-06-GSAFAC-0000001762,HYMYPY96JAE8,2023,2023-10-20,611233198
2023-06-GSAFAC-0000003182,LSPHN5PGDJG3,2023,2023-10-23,470838794
2023-03-GSAFAC-0000002262,UJCJBNYNJMK6,2023,2023-10-23,611150328
2023-03-GSAFAC-0000002262,UJCJBNYNJMK6,2023,2023-10-23,611271505
2023-06-GSAFAC-0000003427,UW41HLMNGM63,2023,2023-10-24,364429327
2023-06-GSAFAC-0000003497,KYSEBY3LV4G9,2023,2023-10-25,390806302
2023-06-GSAFAC-0000003497,KYSEBY3LV4G9,2023,2023-10-25,391954169
2023-06-GSAFAC-0000003497,KYSEBY3LV4G9,2023,2023-10-25,272042610
2023-06-GSAFAC-0000003497,KYSEBY3LV4G9,2023,2023-10-25,390987025
2023-06-GSAFAC-0000003497,KYSEBY3LV4G9,2023,2023-10-25,396105970
2023-06-GSAFAC-0000000977,FJ3SBWYWSAR9,2023,2023-10-25,232857766
2023-03-GSAFAC-0000003332,P9ULUQX3P8M4,2023,2023-10-25,633345480
2023-06-GSAFAC-0000003825,YTR7XM538AY8,2023,2023-10-26,260653514
2023-06-GSAFAC-0000003825,YTR7XM538AY8,2023,2023-10-26,270223153
2023-06-GSAFAC-0000003825,YTR7XM538AY8,2023,2023-10-26,310536660
2023-06-GSAFAC-0000003825,YTR7XM538AY8,2023,2023-10-26,310569735
2023-06-GSAFAC-0000003825,YTR7XM538AY8,2023,2023-10-26,311596262
2023-06-GSAFAC-0000003825,YTR7XM538AY8,2023,2023-10-26,311806189
2023-06-GSAFAC-0000004106,V3LUD6GFS2L4,2023,2023-10-27,272184637
2023-03-GSAFAC-0000003391,LG5XSRLMBL29,2023,2023-10-27,382073757
2023-06-GSAFAC-0000001425,MKNSE883RLU8,2023,2023-10-27,810286525
2023-06-GSAFAC-0000001425,MKNSE883RLU8,2023,2023-10-27,810398400
2022-09-GSAFAC-0000004321,TNFMCSZTK1N6,2022,2023-10-30,591361921
2022-09-GSAFAC-0000004321,TNFMCSZTK1N6,2022,2023-10-30,591718293
2022-09-GSAFAC-0000004321,TNFMCSZTK1N6,2022,2023-10-30,591897582
2023-06-GSAFAC-0000004322,X7EGHGS3XKM1,2023,2023-10-30,854122458
2022-12-GSAFAC-0000003951,WJH7NXNA22S9,2022,2023-10-31,814946960
2022-12-GSAFAC-0000003951,WJH7NXNA22S9,2022,2023-10-31,824614317
2023-06-GSAFAC-0000004699,PKHUTQ6QJNS7,2023,2023-11-01,454889754
2023-03-GSAFAC-0000000523,CX75APM5JYE3,2023,2023-11-01,471270222
2023-06-GSAFAC-0000004337,MFHDCPJM8394,2023,2023-11-02,710613881
2023-06-GSAFAC-0000004337,MFHDCPJM8394,2023,2023-11-02,208017459
2023-06-GSAFAC-0000000944,CDRTQKF542N5,2023,2023-11-02,200479568
2023-06-GSAFAC-0000000944,CDRTQKF542N5,2023,2023-11-02,261175213
2023-06-GSAFAC-0000000944,CDRTQKF542N5,2023,2023-11-02,262861321
2023-06-GSAFAC-0000000944,CDRTQKF542N5,2023,2023-11-02,271291124
2023-06-GSAFAC-0000000944,CDRTQKF542N5,2023,2023-11-02,371532148
2023-06-GSAFAC-0000000944,CDRTQKF542N5,2023,2023-11-02,410691275
2023-06-GSAFAC-0000000944,CDRTQKF542N5,2023,2023-11-02,410695602
2023-06-GSAFAC-0000000944,CDRTQKF542N5,2023,2023-11-02,410695604
2023-06-GSAFAC-0000000944,CDRTQKF542N5,2023,2023-11-02,410706143
2023-06-GSAFAC-0000000944,CDRTQKF542N5,2023,2023-11-02,410726173
2023-06-GSAFAC-0000000944,CDRTQKF542N5,2023,2023-11-02,410841441
2023-06-GSAFAC-0000000944,CDRTQKF542N5,2023,2023-11-02,410844574
2023-06-GSAFAC-0000000944,CDRTQKF542N5,2023,2023-11-02,410883623
2023-06-GSAFAC-0000000944,CDRTQKF542N5,2023,2023-11-02,411620386
2023-06-GSAFAC-0000000944,CDRTQKF542N5,2023,2023-11-02,411674021
2023-06-GSAFAC-0000000944,CDRTQKF542N5,2023,2023-11-02,411811073
2023-06-GSAFAC-0000000944,CDRTQKF542N5,2023,2023-11-02,411878730
2023-06-GSAFAC-0000000944,CDRTQKF542N5,2023,2023-11-02,411884597
2023-06-GSAFAC-0000000944,CDRTQKF542N5,2023,2023-11-02,450311334
2023-06-GSAFAC-0000000944,CDRTQKF542N5,2023,2023-11-02,460909870
2023-06-GSAFAC-0000000944,CDRTQKF542N5,2023,2023-11-02,845099016
2022-09-GSAFAC-0000005286,JYDHTSHBFKS8,2022,2023-11-03,630909477
2022-09-GSAFAC-0000005286,JYDHTSHBFKS8,2022,2023-11-03,631130295
2022-09-GSAFAC-0000005286,JYDHTSHBFKS8,2022,2023-11-03,631130299
2022-09-GSAFAC-0000005286,JYDHTSHBFKS8,2022,2023-11-03,581893454
2022-09-GSAFAC-0000005286,JYDHTSHBFKS8,2022,2023-11-03,631130297
2022-09-GSAFAC-0000005286,JYDHTSHBFKS8,2022,2023-11-03,631130298
2022-09-GSAFAC-0000005286,JYDHTSHBFKS8,2022,2023-11-03,630955728
2023-06-GSAFAC-0000002876,YT19T1G9SSK8,2023,2023-11-06,522370819
2023-06-GSAFAC-0000002876,YT19T1G9SSK8,2023,2023-11-06,522370797
2023-06-GSAFAC-0000002876,YT19T1G9SSK8,2023,2023-11-06,043707964
2023-06-GSAFAC-0000002876,YT19T1G9SSK8,2023,2023-11-06,261641277
2023-06-GSAFAC-0000002876,YT19T1G9SSK8,2023,2023-11-06,522370812
2023-06-GSAFAC-0000002876,YT19T1G9SSK8,2023,2023-11-06,261272595
2023-06-GSAFAC-0000002876,YT19T1G9SSK8,2023,2023-11-06,261272623
2023-06-GSAFAC-0000002876,YT19T1G9SSK8,2023,2023-11-06,261272651
2023-06-GSAFAC-0000002876,YT19T1G9SSK8,2023,2023-11-06,522370690
2023-06-GSAFAC-0000002876,YT19T1G9SSK8,2023,2023-11-06,522370701
2023-06-GSAFAC-0000002876,YT19T1G9SSK8,2023,2023-11-06,522370705
2023-06-GSAFAC-0000002876,YT19T1G9SSK8,2023,2023-11-06,522370709
2023-06-GSAFAC-0000002876,YT19T1G9SSK8,2023,2023-11-06,522370783
2023-06-GSAFAC-0000002876,YT19T1G9SSK8,2023,2023-11-06,200000553
2023-06-GSAFAC-0000002876,YT19T1G9SSK8,2023,2023-11-06,200000561
2023-06-GSAFAC-0000002876,YT19T1G9SSK8,2023,2023-11-06,200000559
2023-06-GSAFAC-0000002876,YT19T1G9SSK8,2023,2023-11-06,261272561
2023-06-GSAFAC-0000002890,G59BNCR62FN8,2023,2023-11-06,271452535
2023-06-GSAFAC-0000002890,G59BNCR62FN8,2023,2023-11-06,271563270
2023-06-GSAFAC-0000002890,G59BNCR62FN8,2023,2023-11-06,455012031
2023-06-GSAFAC-0000002890,G59BNCR62FN8,2023,2023-11-06,582651175
2023-06-GSAFAC-0000002890,G59BNCR62FN8,2023,2023-11-06,271914362
2023-06-GSAFAC-0000002896,F4ZHR8YHRAW8,2023,2023-11-06,141904766
2023-06-GSAFAC-0000002896,F4ZHR8YHRAW8,2023,2023-11-06,432007496
2023-06-GSAFAC-0000002901,VVZ3CZKKMVQ4,2023,2023-11-06,542101785
2023-06-GSAFAC-0000002901,VVZ3CZKKMVQ4,2023,2023-11-06,205620973
2023-06-GSAFAC-0000002901,VVZ3CZKKMVQ4,2023,2023-11-06,542101864
2023-06-GSAFAC-0000002901,VVZ3CZKKMVQ4,2023,2023-11-06,472166906
2023-06-GSAFAC-0000002901,VVZ3CZKKMVQ4,2023,2023-11-06,542101755
2023-06-GSAFAC-0000002901,VVZ3CZKKMVQ4,2023,2023-11-06,542101856
2023-06-GSAFAC-0000002901,VVZ3CZKKMVQ4,2023,2023-11-06,542101853
2023-06-GSAFAC-0000002901,VVZ3CZKKMVQ4,2023,2023-11-06,542101810
2023-06-GSAFAC-0000002901,VVZ3CZKKMVQ4,2023,2023-11-06,542101832
2023-06-GSAFAC-0000002901,VVZ3CZKKMVQ4,2023,2023-11-06,263667162
2023-06-GSAFAC-0000002901,VVZ3CZKKMVQ4,2023,2023-11-06,471644422
2023-06-GSAFAC-0000002901,VVZ3CZKKMVQ4,2023,2023-11-06,453364314
2023-06-GSAFAC-0000002901,VVZ3CZKKMVQ4,2023,2023-11-06,201916872
2023-06-GSAFAC-0000002901,VVZ3CZKKMVQ4,2023,2023-11-06,201916848
2023-06-GSAFAC-0000002901,VVZ3CZKKMVQ4,2023,2023-11-06,542101858
2023-06-GSAFAC-0000002901,VVZ3CZKKMVQ4,2023,2023-11-06,542101789
2023-06-GSAFAC-0000002901,VVZ3CZKKMVQ4,2023,2023-11-06,264215919
2023-06-GSAFAC-0000002901,VVZ3CZKKMVQ4,2023,2023-11-06,465046684
2023-06-GSAFAC-0000002901,VVZ3CZKKMVQ4,2023,2023-11-06,272106799
2023-06-GSAFAC-0000002901,VVZ3CZKKMVQ4,2023,2023-11-06,453756057
2023-06-GSAFAC-0000002901,VVZ3CZKKMVQ4,2023,2023-11-06,472150678
2023-06-GSAFAC-0000002901,VVZ3CZKKMVQ4,2023,2023-11-06,472156231
2023-06-GSAFAC-0000002901,VVZ3CZKKMVQ4,2023,2023-11-06,542101834
2023-06-GSAFAC-0000002901,VVZ3CZKKMVQ4,2023,2023-11-06,542101774
2023-06-GSAFAC-0000002901,VVZ3CZKKMVQ4,2023,2023-11-06,861250314
2023-06-GSAFAC-0000002901,VVZ3CZKKMVQ4,2023,2023-11-06,465032521
2023-06-GSAFAC-0000002901,VVZ3CZKKMVQ4,2023,2023-11-06,465018942
2023-06-GSAFAC-0000002901,VVZ3CZKKMVQ4,2023,2023-11-06,542101848
2023-06-GSAFAC-0000002901,VVZ3CZKKMVQ4,2023,2023-11-06,542101776
2023-06-GSAFAC-0000002901,VVZ3CZKKMVQ4,2023,2023-11-06,542101861
2023-06-GSAFAC-0000002901,VVZ3CZKKMVQ4,2023,2023-11-06,453756170
2023-06-GSAFAC-0000003056,N8CWB1KMNS37,2023,2023-11-06,593342379
2023-06-GSAFAC-0000003056,N8CWB1KMNS37,2023,2023-11-06,262799386
2023-06-GSAFAC-0000003056,N8CWB1KMNS37,2023,2023-11-06,341979530
2023-06-GSAFAC-0000003056,N8CWB1KMNS37,2023,2023-11-06,510614539
2023-06-GSAFAC-0000003056,N8CWB1KMNS37,2023,2023-11-06,593555080
2023-06-GSAFAC-0000003056,N8CWB1KMNS37,2023,2023-11-06,590874493
2023-06-GSAFAC-0000003056,N8CWB1KMNS37,2023,2023-11-06,261686054
2023-06-GSAFAC-0000003056,N8CWB1KMNS37,2023,2023-11-06,311765941
2023-06-GSAFAC-0000003056,N8CWB1KMNS37,2023,2023-11-06,510530353
2023-06-GSAFAC-0000003056,N8CWB1KMNS37,2023,2023-11-06,510530355
2023-06-GSAFAC-0000003056,N8CWB1KMNS37,2023,2023-11-06,593317443
2023-06-GSAFAC-0000003056,N8CWB1KMNS37,2023,2023-11-06,593317445
2023-06-GSAFAC-0000003056,N8CWB1KMNS37,2023,2023-11-06,593617978
2023-06-GSAFAC-0000003056,N8CWB1KMNS37,2023,2023-11-06,223849222
2023-06-GSAFAC-0000003056,N8CWB1KMNS37,2023,2023-11-06,550807511
2023-06-GSAFAC-0000003056,N8CWB1KMNS37,2023,2023-11-06,593352353
2023-06-GSAFAC-0000003056,N8CWB1KMNS37,2023,2023-11-06,593555082
2023-06-GSAFAC-0000003056,N8CWB1KMNS37,2023,2023-11-06,593352350
2023-06-GSAFAC-0000003056,N8CWB1KMNS37,2023,2023-11-06,454134490
2023-06-GSAFAC-0000003056,N8CWB1KMNS37,2023,2023-11-06,650462958
2023-06-GSAFAC-0000003056,N8CWB1KMNS37,2023,2023-11-06,273201131
2023-06-GSAFAC-0000003056,N8CWB1KMNS37,2023,2023-11-06,510491999
2023-06-GSAFAC-0000003056,N8CWB1KMNS37,2023,2023-11-06,593352353
2023-06-GSAFAC-0000003628,U4KHJKG5FB18,2023,2023-11-06,273645560
2023-06-GSAFAC-0000003628,U4KHJKG5FB18,2023,2023-11-06,843196350
2023-06-GSAFAC-0000003628,U4KHJKG5FB18,2023,2023-11-06,611293786
2022-12-GSAFAC-0000005309,DJ8NLAWM7NH1,2022,2023-11-06,222810004
2022-12-GSAFAC-0000005309,DJ8NLAWM7NH1,2022,2023-11-06,270806549
2022-12-GSAFAC-0000005309,DJ8NLAWM7NH1,2022,2023-11-06,270806980
2023-06-GSAFAC-0000005410,F137M3G9SFE7,2023,2023-11-07,461432508
2022-09-GSAFAC-0000005815,V1XLK8M3YFQ9,2022,2023-11-07,576004460
2023-06-GSAFAC-0000005134,Q8D7ND7RAXN3,2023,2023-11-08,812597265
2023-06-GSAFAC-0000005134,Q8D7ND7RAXN3,2023,2023-11-08,050533473
2023-06-GSAFAC-0000005134,Q8D7ND7RAXN3,2023,2023-11-08,273008125
2023-06-GSAFAC-0000005134,Q8D7ND7RAXN3,2023,2023-11-08,273785544
2023-06-GSAFAC-0000005134,Q8D7ND7RAXN3,2023,2023-11-08,261475437
2023-06-GSAFAC-0000005134,Q8D7ND7RAXN3,2023,2023-11-08,231687320
2023-06-GSAFAC-0000002152,J1YJH39F9KT8,2023,2023-11-08,626000851
2023-06-GSAFAC-0000002152,J1YJH39F9KT8,2023,2023-11-08,626000853
2023-06-GSAFAC-0000006017,JSXDVXD6XQ11,2023,2023-11-08,273255982
2022-12-GSAFAC-0000004900,F6XTDWEDFKY5,2022,2023-11-08,953677444
2023-07-GSAFAC-0000006065,R1AKJL4TXVL3,2022,2023-11-08,416041830
2023-06-GSAFAC-0000002182,JUPTW7BE56G6,2023,2023-11-09,626000661
2023-06-GSAFAC-0000002182,JUPTW7BE56G6,2023,2023-11-09,626000664
2023-06-GSAFAC-0000003265,QPHQFNHC4U16,2023,2023-11-09,460598447
2022-12-GSAFAC-0000001840,NEF3AJT289M1,2022,2023-11-09,216000663
2022-12-GSAFAC-0000002251,EVF5JVNFJYN3,2022,2023-11-09,316125147
2022-06-GSAFAC-0000005953,M7AFLCZLZNE5,2022,2023-11-09,546001386
2022-06-GSAFAC-0000005953,M7AFLCZLZNE5,2022,2023-11-09,546001389
2023-03-GSAFAC-0000005851,C7K6WD3GFUP6,2023,2023-11-09,630288856
2023-03-GSAFAC-0000005851,C7K6WD3GFUP6,2023,2023-11-09,630891904
2022-12-GSAFAC-0000002231,JFV1DN5EUUC6,2022,2023-11-09,860208451
2022-12-GSAFAC-0000002231,JFV1DN5EUUC6,2022,2023-11-09,866007695
2022-12-GSAFAC-0000002231,JFV1DN5EUUC6,2022,2023-11-09,860137567
2022-12-GSAFAC-0000002231,JFV1DN5EUUC6,2022,2023-11-09,811156192
2022-06-GSAFAC-0000000532,RYDDMCDJBYM8,2022,2023-11-09,426004522
2022-06-GSAFAC-0000000532,RYDDMCDJBYM8,2022,2023-11-09,426004573
2022-06-GSAFAC-0000000532,RYDDMCDJBYM8,2022,2023-11-09,800871095
2022-06-GSAFAC-0000000532,RYDDMCDJBYM8,2022,2023-11-09,426004517
2022-06-GSAFAC-0000000532,RYDDMCDJBYM8,2022,2023-11-09,420897561
2022-06-GSAFAC-0000000532,RYDDMCDJBYM8,2022,2023-11-09,426004539
2022-06-GSAFAC-0000000532,RYDDMCDJBYM8,2022,2023-11-09,420935813
2022-06-GSAFAC-0000000532,RYDDMCDJBYM8,2022,2023-11-09,391256075
2022-06-GSAFAC-0000000532,RYDDMCDJBYM8,2022,2023-11-09,421071835
2022-06-GSAFAC-0000000532,RYDDMCDJBYM8,2022,2023-11-09,421186506
2022-06-GSAFAC-0000000532,RYDDMCDJBYM8,2022,2023-11-09,421027037
2022-06-GSAFAC-0000000532,RYDDMCDJBYM8,2022,2023-11-09,800519178
2022-06-GSAFAC-0000000532,RYDDMCDJBYM8,2022,2023-11-09,421518854
2022-06-GSAFAC-0000000532,RYDDMCDJBYM8,2022,2023-11-09,426004812
2022-06-GSAFAC-0000000532,RYDDMCDJBYM8,2022,2023-11-09,100606429
2022-06-GSAFAC-0000000532,RYDDMCDJBYM8,2022,2023-11-09,426004525
2022-06-GSAFAC-0000000532,RYDDMCDJBYM8,2022,2023-11-09,900743434
2022-06-GSAFAC-0000000532,RYDDMCDJBYM8,2022,2023-11-09,426004582
2022-06-GSAFAC-0000000532,RYDDMCDJBYM8,2022,2023-11-09,900491825
2022-06-GSAFAC-0000000532,RYDDMCDJBYM8,2022,2023-11-09,421008566
2022-06-GSAFAC-0000000532,RYDDMCDJBYM8,2022,2023-11-09,420922943
2022-06-GSAFAC-0000000532,RYDDMCDJBYM8,2022,2023-11-09,426004546
2022-06-GSAFAC-0000000532,RYDDMCDJBYM8,2022,2023-11-09,420919127
2022-06-GSAFAC-0000000532,RYDDMCDJBYM8,2022,2023-11-09,426004568
2022-06-GSAFAC-0000000532,RYDDMCDJBYM8,2022,2023-11-09,426004371
2022-06-GSAFAC-0000000532,RYDDMCDJBYM8,2022,2023-11-09,426005387
2022-06-GSAFAC-0000000532,RYDDMCDJBYM8,2022,2023-11-09,426004555
2022-06-GSAFAC-0000000532,RYDDMCDJBYM8,2022,2023-11-09,426004575
2022-06-GSAFAC-0000000532,RYDDMCDJBYM8,2022,2023-11-09,426004572
2022-06-GSAFAC-0000000532,RYDDMCDJBYM8,2022,2023-11-09,426004501
2022-06-GSAFAC-0000000532,RYDDMCDJBYM8,2022,2023-11-09,426038004
2022-06-GSAFAC-0000000532,RYDDMCDJBYM8,2022,2023-11-09,426004523
2022-06-GSAFAC-0000000532,RYDDMCDJBYM8,2022,2023-11-09,426004563
2022-06-GSAFAC-0000000532,RYDDMCDJBYM8,2022,2023-11-09,426005306
2022-06-GSAFAC-0000000532,RYDDMCDJBYM8,2022,2023-11-09,424004567
2022-06-GSAFAC-0000000532,RYDDMCDJBYM8,2022,2023-11-09,426004471
2022-06-GSAFAC-0000000532,RYDDMCDJBYM8,2022,2023-11-09,426004226
2022-06-GSAFAC-0000000532,RYDDMCDJBYM8,2022,2023-11-09,426004579
2022-06-GSAFAC-0000000532,RYDDMCDJBYM8,2022,2023-11-09,646004226
2022-06-GSAFAC-0000000532,RYDDMCDJBYM8,2022,2023-11-09,113808504
2022-12-GSAFAC-0000006174,CCQEMFNQ9JM5,2022,2023-11-09,133862850
2023-06-GSAFAC-0000005096,NJNWXLXWYMF8,2023,2023-11-09,261150169
2023-06-GSAFAC-0000005096,NJNWXLXWYMF8,2023,2023-11-09,261473978
2023-06-GSAFAC-0000005096,NJNWXLXWYMF8,2023,2023-11-09,272230034
2023-06-GSAFAC-0000005096,NJNWXLXWYMF8,2023,2023-11-09,270455705
2023-06-GSAFAC-0000005096,NJNWXLXWYMF8,2023,2023-11-09,201505451
2023-06-GSAFAC-0000005096,NJNWXLXWYMF8,2023,2023-11-09,270147039
2023-06-GSAFAC-0000005096,NJNWXLXWYMF8,2023,2023-11-09,474794048
2023-06-GSAFAC-0000000223,EG7NSRM471A5,2023,2023-11-11,626000808
2022-12-GSAFAC-0000002265,M75FND7PLHN6,2022,2023-11-13,232498201
2023-06-GSAFAC-0000002412,K2KBW9YM3AY1,2023,2023-11-13,421427313
2023-05-GSAFAC-0000000355,NM2HE9C8A6W7,2023,2023-11-13,452283548
2023-05-GSAFAC-0000000355,NM2HE9C8A6W7,2023,2023-11-13,464828720
2022-06-GSAFAC-0000006972,YS41NNRLGL78,2022,2023-11-15,546001504
2023-06-GSAFAC-0000003205,XH33HYLB7PL5,2023,2023-11-15,571016399
2023-06-GSAFAC-0000003205,XH33HYLB7PL5,2023,2023-11-15,570774509
2023-06-GSAFAC-0000003205,XH33HYLB7PL5,2023,2023-11-15,570969158
2023-06-GSAFAC-0000003205,XH33HYLB7PL5,2023,2023-11-15,570956931
2023-06-GSAFAC-0000003205,XH33HYLB7PL5,2023,2023-11-15,311504031
2023-06-GSAFAC-0000003205,XH33HYLB7PL5,2023,2023-11-15,571016402
2023-06-GSAFAC-0000003205,XH33HYLB7PL5,2023,2023-11-15,570990560
2023-06-GSAFAC-0000003205,XH33HYLB7PL5,2023,2023-11-15,582365149
2023-06-GSAFAC-0000007277,KLJFAMHHLMM7,2023,2023-11-15,010598494
2023-06-GSAFAC-0000007277,KLJFAMHHLMM7,2023,2023-11-15,043323715
2023-06-GSAFAC-0000007277,KLJFAMHHLMM7,2023,2023-11-15,043323718
2023-06-GSAFAC-0000007277,KLJFAMHHLMM7,2023,2023-11-15,043344288
2023-06-GSAFAC-0000001450,MBQFSH9RCS39,2023,2023-11-15,522452609
2023-06-GSAFAC-0000001450,MBQFSH9RCS39,2023,2023-11-15,512165256
2023-06-GSAFAC-0000005438,SCQNHAS361M3,2023,2023-11-16,261425192
2023-06-GSAFAC-0000007109,DCJGSC4LY1W4,2023,2023-11-16,010524384
2022-06-GSAFAC-0000005415,HZT4CNTZFJK9,2022,2023-11-17,546001175
2022-06-GSAFAC-0000005415,HZT4CNTZFJK9,2022,2023-11-17,546001178
2023-06-GSAFAC-0000007352,VCL4WSWE8ZY5,2023,2023-11-17,510642496
2021-06-GSAFAC-0000007237,MSHBLXUJRVJ5,2021,2023-11-17,261786285
2023-03-GSAFAC-0000007172,LJGXZD8JD818,2023,2023-11-17,222464198
2023-03-GSAFAC-0000007172,LJGXZD8JD818,2023,2023-11-17,651169183
2023-03-GSAFAC-0000007172,LJGXZD8JD818,2023,2023-11-17,141911330
2023-03-GSAFAC-0000007172,LJGXZD8JD818,2023,2023-11-17,202742194
2023-03-GSAFAC-0000007172,LJGXZD8JD818,2023,2023-11-17,261698575
2023-03-GSAFAC-0000007172,LJGXZD8JD818,2023,2023-11-17,261698675
2023-03-GSAFAC-0000007172,LJGXZD8JD818,2023,2023-11-17,270183023
2023-03-GSAFAC-0000007172,LJGXZD8JD818,2023,2023-11-17,454056126
2023-03-GSAFAC-0000007172,LJGXZD8JD818,2023,2023-11-17,223707174
2023-03-GSAFAC-0000007172,LJGXZD8JD818,2023,2023-11-17,010680960
2023-03-GSAFAC-0000007172,LJGXZD8JD818,2023,2023-11-17,863237623
2023-06-GSAFAC-0000005171,TNQMP46NDSL1,2023,2023-11-17,364682140
2023-06-GSAFAC-0000000402,NJMBT82MLMJ6,2023,2023-11-17,626000485
2023-06-GSAFAC-0000000402,NJMBT82MLMJ6,2023,2023-11-17,621078944
2023-06-GSAFAC-0000000402,NJMBT82MLMJ6,2023,2023-11-17,621213023
2023-06-GSAFAC-0000000402,NJMBT82MLMJ6,2023,2023-11-17,620877108
2023-06-GSAFAC-0000000402,NJMBT82MLMJ6,2023,2023-11-17,621333150
2023-06-GSAFAC-0000000402,NJMBT82MLMJ6,2023,2023-11-17,626000481
2023-06-GSAFAC-0000000402,NJMBT82MLMJ6,2023,2023-11-17,620797979
2023-06-GSAFAC-0000000402,NJMBT82MLMJ6,2023,2023-11-17,621798779
2023-06-GSAFAC-0000000402,NJMBT82MLMJ6,2023,2023-11-17,626000482
2023-06-GSAFAC-0000006802,ZU2WKAAP6R21,2023,2023-11-20,223412273
2022-12-GSAFAC-0000002653,EGANZJ6VE623,2022,2023-11-20,205745047
2022-12-GSAFAC-0000002653,EGANZJ6VE623,2022,2023-11-20,452900402
2022-12-GSAFAC-0000002653,EGANZJ6VE623,2022,2023-11-20,210634484
2023-06-GSAFAC-0000007993,T2RUKCBNB4M3,2023,2023-11-20,873602177
2023-06-GSAFAC-0000007993,T2RUKCBNB4M3,2023,2023-11-20,465315289
2022-06-GSAFAC-0000006094,NV13HJS9JR33,2022,2023-11-20,686002764
2023-06-GSAFAC-0000005739,FXY2NXVKFBL1,2023,2023-11-20,742187538
2023-06-GSAFAC-0000004484,NRBPLV2RY7X6,2023,2023-11-21,222545563
2023-06-GSAFAC-0000004484,NRBPLV2RY7X6,2023,2023-11-21,223572359
2023-06-GSAFAC-0000004484,NRBPLV2RY7X6,2023,2023-11-21,222545613
2023-06-GSAFAC-0000004484,NRBPLV2RY7X6,2023,2023-11-21,223271049
2023-06-GSAFAC-0000004054,M9MYFN337FB9,2023,2023-11-21,201476451
2022-06-GSAFAC-0000004781,LSCFECCMGWH6,2022,2023-11-21,200448185
2022-06-GSAFAC-0000004781,LSCFECCMGWH6,2022,2023-11-21,200448213
2022-06-GSAFAC-0000004781,LSCFECCMGWH6,2022,2023-11-21,371549202
2022-06-GSAFAC-0000004781,LSCFECCMGWH6,2022,2023-11-21,990259573
2022-06-GSAFAC-0000004781,LSCFECCMGWH6,2022,2023-11-21,990267464
2022-06-GSAFAC-0000004781,LSCFECCMGWH6,2022,2023-11-21,990271385
2022-06-GSAFAC-0000004781,LSCFECCMGWH6,2022,2023-11-21,990317953
2023-06-GSAFAC-0000001153,UFDZYEHAXQC5,2023,2023-11-22,341764515
2023-06-GSAFAC-0000002195,QYDBS421XG83,2023,2023-11-22,626000529
2023-03-GSAFAC-0000001517,NU2BSY7YSFS9,2023,2023-11-22,542142034
2023-03-GSAFAC-0000001517,NU2BSY7YSFS9,2023,2023-11-22,610920842
2023-03-GSAFAC-0000001517,NU2BSY7YSFS9,2023,2023-11-22,611362001
2023-03-GSAFAC-0000001517,NU2BSY7YSFS9,2023,2023-11-22,811312058
2023-06-GSAFAC-0000003640,Q1D5YADSDLW3,2023,2023-11-27,431235755
2023-06-GSAFAC-0000003640,Q1D5YADSDLW3,2023,2023-11-27,431528548
2023-06-GSAFAC-0000003640,Q1D5YADSDLW3,2023,2023-11-27,431926087
2023-06-GSAFAC-0000003640,Q1D5YADSDLW3,2023,2023-11-27,431338511
2023-06-GSAFAC-0000003640,Q1D5YADSDLW3,2023,2023-11-27,430653242
2023-06-GSAFAC-0000003640,Q1D5YADSDLW3,2023,2023-11-27,430653519
2023-06-GSAFAC-0000003640,Q1D5YADSDLW3,2023,2023-11-27,430782209
2023-06-GSAFAC-0000003640,Q1D5YADSDLW3,2023,2023-11-27,743169773
2023-06-GSAFAC-0000003640,Q1D5YADSDLW3,2023,2023-11-27,455598827
2023-06-GSAFAC-0000003640,Q1D5YADSDLW3,2023,2023-11-27,431246269
2023-06-GSAFAC-0000003640,Q1D5YADSDLW3,2023,2023-11-27,431263499
2023-06-GSAFAC-0000003640,Q1D5YADSDLW3,2023,2023-11-27,431297933
2023-06-GSAFAC-0000003640,Q1D5YADSDLW3,2023,2023-11-27,431350160
2023-06-GSAFAC-0000003640,Q1D5YADSDLW3,2023,2023-11-27,431024440
2023-06-GSAFAC-0000003640,Q1D5YADSDLW3,2023,2023-11-27,430811604
2023-06-GSAFAC-0000001476,JSLSBL82VMR3,2023,2023-11-27,431815326
2023-06-GSAFAC-0000001476,JSLSBL82VMR3,2023,2023-11-27,431816846
2023-06-GSAFAC-0000008924,LJT7M7C5D8K6,2023,2023-11-28,042665107
2023-06-GSAFAC-0000008924,LJT7M7C5D8K6,2023,2023-11-28,205177577
2023-06-GSAFAC-0000008924,LJT7M7C5D8K6,2023,2023-11-28,454806309
2023-06-GSAFAC-0000008924,LJT7M7C5D8K6,2023,2023-11-28,911937965
2023-03-GSAFAC-0000002793,MF8WGQML9XG5,2023,2023-11-28,562280613
2022-12-GSAFAC-0000007921,KBS4UMN5B2G6,2022,2023-11-28,160743187
2022-12-GSAFAC-0000007921,KBS4UMN5B2G6,2022,2023-11-28,160756336
2022-12-GSAFAC-0000007921,KBS4UMN5B2G6,2022,2023-11-28,161434368
2022-12-GSAFAC-0000007921,KBS4UMN5B2G6,2022,2023-11-28,161523352
2022-12-GSAFAC-0000007921,KBS4UMN5B2G6,2022,2023-11-28,161523353
2022-12-GSAFAC-0000007921,KBS4UMN5B2G6,2022,2023-11-28,160762843
2023-06-GSAFAC-0000008764,E63ZPD21L9G3,2023,2023-11-28,264492497
2023-06-GSAFAC-0000008764,E63ZPD21L9G3,2023,2023-11-28,273746927
2023-06-GSAFAC-0000007225,FMT5L6V2NMN1,2023,2023-11-28,232715238
2023-06-GSAFAC-0000007225,FMT5L6V2NMN1,2023,2023-11-28,222454140
2023-06-GSAFAC-0000007225,FMT5L6V2NMN1,2023,2023-11-28,232589841
2023-06-GSAFAC-0000007225,FMT5L6V2NMN1,2023,2023-11-28,232258743
2023-06-GSAFAC-0000007225,FMT5L6V2NMN1,2023,2023-11-28,232784811
2023-06-GSAFAC-0000007225,FMT5L6V2NMN1,2023,2023-11-28,236296524
2023-06-GSAFAC-0000000023,H14YPSTJEF76,2023,2023-11-28,626000888
2023-06-GSAFAC-0000000023,H14YPSTJEF76,2023,2023-11-28,626000889
2023-06-GSAFAC-0000003398,FYPENE4ABBG6,2023,2023-11-28,626000479
2023-06-GSAFAC-0000003398,FYPENE4ABBG6,2023,2023-11-28,626000474
2023-06-GSAFAC-0000003398,FYPENE4ABBG6,2023,2023-11-28,626000475
2023-06-GSAFAC-0000003398,FYPENE4ABBG6,2023,2023-11-28,626000473
2022-09-GSAFAC-0000007103,ZP4NRU21LL94,2022,2023-11-29,820710839
2023-06-GSAFAC-0000009040,QYLNGJV249J8,2023,2023-11-29,223302772
2023-06-GSAFAC-0000009040,QYLNGJV249J8,2023,2023-11-29,311580334
2023-06-GSAFAC-0000009320,RHSDXKBBF393,2023,2023-11-29,590774202
2023-06-GSAFAC-0000009416,HQ3EN27J3K21,2023,2023-11-29,300142607
2023-06-GSAFAC-0000009416,HQ3EN27J3K21,2023,2023-11-29,300235086
2023-06-GSAFAC-0000005902,HJXCTMXF7MP3,2023,2023-11-30,208906852
2023-06-GSAFAC-0000005902,HJXCTMXF7MP3,2023,2023-11-30,351049596
2023-06-GSAFAC-0000008553,FTVGL2C3DKM6,2023,2023-11-30,233054174
2023-06-GSAFAC-0000009295,TMQSDZY51VY3,2023,2023-11-30,922203589
2023-06-GSAFAC-0000007409,QC36DTN39BH7,2023,2023-12-01,311712976
2023-03-GSAFAC-0000006763,QAWDKAJYFXJ8,2023,2023-12-01,020276834
2023-03-GSAFAC-0000006763,QAWDKAJYFXJ8,2023,2023-12-01,020244589
2023-03-GSAFAC-0000006763,QAWDKAJYFXJ8,2023,2023-12-01,020222187
2023-03-GSAFAC-0000006763,QAWDKAJYFXJ8,2023,2023-12-01,020222158
2023-03-GSAFAC-0000006763,QAWDKAJYFXJ8,2023,2023-12-01,026006981
2023-06-GSAFAC-0000005106,HU5ML62NVDK5,2023,2023-12-01,363447067
2023-06-GSAFAC-0000000450,HH76FR98KWB8,2023,2023-12-01,620726044
2023-06-GSAFAC-0000000450,HH76FR98KWB8,2023,2023-12-01,626000885
2023-06-GSAFAC-0000005600,N93DFXHTNN83,2023,2023-12-04,043520478
2023-06-GSAFAC-0000000841,TCWWZ6RW7NL8,2023,2023-12-04,626000736
2023-06-GSAFAC-0000006632,KJ5QVM5VATN5,2023,2023-12-04,626000758
2023-06-GSAFAC-0000006632,KJ5QVM5VATN5,2023,2023-12-04,621255554
2023-06-GSAFAC-0000010220,YK5WLJGM6D47,2023,2023-12-05,326911727
2023-06-GSAFAC-0000010220,YK5WLJGM6D47,2023,2023-12-05,841893986
2023-06-GSAFAC-0000008916,NRHNCSKYGFA7,2023,2023-12-05,205203416
2023-06-GSAFAC-0000008916,NRHNCSKYGFA7,2023,2023-12-05,205203461
2023-06-GSAFAC-0000008916,NRHNCSKYGFA7,2023,2023-12-05,204544790
2023-06-GSAFAC-0000008916,NRHNCSKYGFA7,2023,2023-12-05,270393998
2023-06-GSAFAC-0000008916,NRHNCSKYGFA7,2023,2023-12-05,320383573
2023-06-GSAFAC-0000008916,NRHNCSKYGFA7,2023,2023-12-05,850811997
2023-06-GSAFAC-0000007088,EMYVJCLLJCD5,2023,2023-12-05,481087627
2023-06-GSAFAC-0000007088,EMYVJCLLJCD5,2023,2023-12-05,481087628
2023-06-GSAFAC-0000008112,NJ24BM8CYWZ3,2023,2023-12-05,942515428
2022-12-GSAFAC-0000009096,Y9C5WSNX9N54,2022,2023-12-05,800370789
2022-09-GSAFAC-0000005778,KQGJMSKBCJK5,2022,2023-12-05,591109823
2022-09-GSAFAC-0000005778,KQGJMSKBCJK5,2022,2023-12-05,591112376
2022-09-GSAFAC-0000005778,KQGJMSKBCJK5,2022,2023-12-05,591665093
2022-09-GSAFAC-0000005778,KQGJMSKBCJK5,2022,2023-12-05,593417742
2022-09-GSAFAC-0000005778,KQGJMSKBCJK5,2022,2023-12-05,596020341
2023-06-GSAFAC-0000009485,KMBMU31B2H17,2023,2023-12-05,742536239
2023-06-GSAFAC-0000009485,KMBMU31B2H17,2023,2023-12-05,203868073
2023-06-GSAFAC-0000009485,KMBMU31B2H17,2023,2023-12-05,742356109
2023-06-GSAFAC-0000010281,ECR5E2LU5BL6,2023,2023-12-06,522220700
2023-06-GSAFAC-0000009998,S6U1E5D4J7D8,2023,2023-12-06,363241458
2023-06-GSAFAC-0000009998,S6U1E5D4J7D8,2023,2023-12-06,362222696
2022-08-GSAFAC-0000008568,TKJHUNGJK9H1,2022,2023-12-06,320359189
2023-06-GSAFAC-0000011297,Z2RUETN8LLM4,2023,2023-12-07,520591421
2023-06-GSAFAC-0000007045,FVSQANNLYGK1,2023,2023-12-07,205833439
2023-06-GSAFAC-0000007045,FVSQANNLYGK1,2023,2023-12-07,471758402
2023-06-GSAFAC-0000007045,FVSQANNLYGK1,2023,2023-12-07,570850754
2023-06-GSAFAC-0000007045,FVSQANNLYGK1,2023,2023-12-07,010844046
2023-06-GSAFAC-0000007045,FVSQANNLYGK1,2023,2023-12-07,205833494
2023-06-GSAFAC-0000007045,FVSQANNLYGK1,2023,2023-12-07,522132332
2023-06-GSAFAC-0000007045,FVSQANNLYGK1,2023,2023-12-07,571124624
2023-06-GSAFAC-0000004891,L7U3M1K8PCH3,2023,2023-12-08,831173631
2023-06-GSAFAC-0000004891,L7U3M1K8PCH3,2023,2023-12-08,800945173
2023-06-GSAFAC-0000004891,L7U3M1K8PCH3,2023,2023-12-08,364774713
2023-06-GSAFAC-0000001743,T3F1K5ELSF19,2023,2023-12-08,626000615
2023-06-GSAFAC-0000001743,T3F1K5ELSF19,2023,2023-12-08,626000616
2023-06-GSAFAC-0000004760,F5XNKJYXFVM3,2023,2023-12-08,510172774
2023-06-GSAFAC-0000001825,GM1XX56LEP58,2023,2023-12-08,232743545
2023-06-GSAFAC-0000001825,GM1XX56LEP58,2023,2023-12-08,232810852
2023-06-GSAFAC-0000001825,GM1XX56LEP58,2023,2023-12-08,311538725
2023-06-GSAFAC-0000001825,GM1XX56LEP58,2023,2023-12-08,230469150
2023-06-GSAFAC-0000001825,GM1XX56LEP58,2023,2023-12-08,231365353
2023-06-GSAFAC-0000001825,GM1XX56LEP58,2023,2023-12-08,230485650
2023-06-GSAFAC-0000001825,GM1XX56LEP58,2023,2023-12-08,232777286
2023-06-GSAFAC-0000001825,GM1XX56LEP58,2023,2023-12-08,300634510
2023-06-GSAFAC-0000001825,GM1XX56LEP58,2023,2023-12-08,208626804
2023-06-GSAFAC-0000001825,GM1XX56LEP58,2023,2023-12-08,210635009
2023-06-GSAFAC-0000001825,GM1XX56LEP58,2023,2023-12-08,264203938
2023-06-GSAFAC-0000001825,GM1XX56LEP58,2023,2023-12-08,474753400
2023-06-GSAFAC-0000001825,GM1XX56LEP58,2023,2023-12-08,474341060
2023-06-GSAFAC-0000001825,GM1XX56LEP58,2023,2023-12-08,232729852
2023-06-GSAFAC-0000001825,GM1XX56LEP58,2023,2023-12-08,232865181
2023-06-GSAFAC-0000001825,GM1XX56LEP58,2023,2023-12-08,231352243
2023-06-GSAFAC-0000001825,GM1XX56LEP58,2023,2023-12-08,232152662
2023-06-GSAFAC-0000001825,GM1XX56LEP58,2023,2023-12-08,331011386
2023-06-GSAFAC-0000001825,GM1XX56LEP58,2023,2023-12-08,233102793
2023-06-GSAFAC-0000001825,GM1XX56LEP58,2023,2023-12-08,231352572
2023-06-GSAFAC-0000011714,FUE2HK1HJSL8,2023,2023-12-08,410888641
2023-06-GSAFAC-0000011714,FUE2HK1HJSL8,2023,2023-12-08,273308934
2023-06-GSAFAC-0000011714,FUE2HK1HJSL8,2023,2023-12-08,463330004
2023-06-GSAFAC-0000011714,FUE2HK1HJSL8,2023,2023-12-08,471966105
2023-06-GSAFAC-0000006892,UKP2L3T9UJZ3,2023,2023-12-11,825141398
2023-06-GSAFAC-0000006892,UKP2L3T9UJZ3,2023,2023-12-11,043247739
2024-06-GSAFAC-0000000849,C7QMFHEFW7J3,2020,2023-12-11,453007639
2023-06-GSAFAC-0000009513,LLSKS9FXDR63,2023,2023-12-11,841383926
2023-06-GSAFAC-0000009343,MNL2NJTQEL78,2023,2023-12-11,260211141
2023-06-GSAFAC-0000009343,MNL2NJTQEL78,2023,2023-12-11,570791258
2023-06-GSAFAC-0000009343,MNL2NJTQEL78,2023,2023-12-11,571060912
2023-06-GSAFAC-0000009343,MNL2NJTQEL78,2023,2023-12-11,650101637
2023-06-GSAFAC-0000009343,MNL2NJTQEL78,2023,2023-12-11,570925626
2023-06-GSAFAC-0000009343,MNL2NJTQEL78,2023,2023-12-11,593392379
2023-06-GSAFAC-0000009343,MNL2NJTQEL78,2023,2023-12-11,582335222
2023-06-GSAFAC-0000009343,MNL2NJTQEL78,2023,2023-12-11,742401524
2023-06-GSAFAC-0000009343,MNL2NJTQEL78,2023,2023-12-11,272827321
2023-06-GSAFAC-0000006960,NESLC4E9AGU5,2023,2023-12-11,300255522
2023-06-GSAFAC-0000006960,NESLC4E9AGU5,2023,2023-12-11,431008405
2023-06-GSAFAC-0000006960,NESLC4E9AGU5,2023,2023-12-11,204942869
2023-06-GSAFAC-0000006960,NESLC4E9AGU5,2023,2023-12-11,300255520
2023-06-GSAFAC-0000006960,NESLC4E9AGU5,2023,2023-12-11,431254025
2023-06-GSAFAC-0000000209,EZBNAKLDJ8A6,2023,2023-12-12,626000910
2023-06-GSAFAC-0000000209,EZBNAKLDJ8A6,2023,2023-12-12,626000911
2023-06-GSAFAC-0000000554,ZAFGS74383N9,2023,2023-12-12,621433408
2023-06-GSAFAC-0000000554,ZAFGS74383N9,2023,2023-12-12,626000688
2023-06-GSAFAC-0000000554,ZAFGS74383N9,2023,2023-12-12,626000687
2023-06-GSAFAC-0000001983,J5JETRML8615,2023,2023-12-12,626000570
2023-06-GSAFAC-0000001428,EDNLESER7JJ7,2023,2023-12-13,626000875
2023-06-GSAFAC-0000000352,K8CTCDACL9F8,2023,2023-12-13,626000582
2023-06-GSAFAC-0000000352,K8CTCDACL9F8,2023,2023-12-13,626000583
2023-06-GSAFAC-0000012207,EFZMPZAJTZS9,2023,2023-12-13,546001316
2023-06-GSAFAC-0000000349,K775WGAPHBM1,2023,2023-12-13,626016875
2023-06-GSAFAC-0000000349,K775WGAPHBM1,2023,2023-12-13,626000644
2023-08-GSAFAC-0000011733,NZP2JEBYNBD4,2023,2023-12-13,952988463
2023-06-GSAFAC-0000012503,TUM2AUHHALP2,2023,2023-12-13,541942228
2023-06-GSAFAC-0000000076,YFVVJ5MCQ4U3,2023,2023-12-14,556020064
2022-06-GSAFAC-0000011674,NWEHACCKMUS5,2022,2023-12-14,450260565
2022-06-GSAFAC-0000011674,NWEHACCKMUS5,2022,2023-12-14,450404412
2022-06-GSAFAC-0000011674,NWEHACCKMUS5,2022,2023-12-14,450278212
2022-06-GSAFAC-0000011674,NWEHACCKMUS5,2022,2023-12-14,412002769
2022-06-GSAFAC-0000011674,NWEHACCKMUS5,2022,2023-12-14,412002771
2023-06-GSAFAC-0000011751,F8WGYAGJY4J4,2023,2023-12-14,546001584
2023-09-GSAFAC-0000009281,YS8MKJGJN857,2023,2023-12-14,020260334
2023-09-GSAFAC-0000009281,YS8MKJGJN857,2023,2023-12-14,041564655
2023-09-GSAFAC-0000009281,YS8MKJGJN857,2023,2023-12-14,042013591
2023-09-GSAFAC-0000009281,YS8MKJGJN857,2023,2023-12-14,042103611
2023-09-GSAFAC-0000009281,YS8MKJGJN857,2023,2023-12-14,042103823
2023-09-GSAFAC-0000009281,YS8MKJGJN857,2023,2023-12-14,042104691
2023-09-GSAFAC-0000009281,YS8MKJGJN857,2023,2023-12-14,042129889
2023-09-GSAFAC-0000009281,YS8MKJGJN857,2023,2023-12-14,042312909
2023-09-GSAFAC-0000009281,YS8MKJGJN857,2023,2023-12-14,042551124
2023-09-GSAFAC-0000009281,YS8MKJGJN857,2023,2023-12-14,042697981
2023-09-GSAFAC-0000009281,YS8MKJGJN857,2023,2023-12-14,042697983
2023-09-GSAFAC-0000009281,YS8MKJGJN857,2023,2023-12-14,042768256
2023-09-GSAFAC-0000009281,YS8MKJGJN857,2023,2023-12-14,042868893
2023-09-GSAFAC-0000009281,YS8MKJGJN857,2023,2023-12-14,043236175
2023-09-GSAFAC-0000009281,YS8MKJGJN857,2023,2023-12-14,043399616
2023-09-GSAFAC-0000009281,YS8MKJGJN857,2023,2023-12-14,043419920
2023-09-GSAFAC-0000009281,YS8MKJGJN857,2023,2023-12-14,222617175
2023-09-GSAFAC-0000009281,YS8MKJGJN857,2023,2023-12-14,270273715
2023-09-GSAFAC-0000009281,YS8MKJGJN857,2023,2023-12-14,222632121
2023-06-GSAFAC-0000012228,X6JLFEKZY1P7,2023,2023-12-14,134054564
2023-06-GSAFAC-0000012228,X6JLFEKZY1P7,2023,2023-12-14,208873951
2023-06-GSAFAC-0000012228,X6JLFEKZY1P7,2023,2023-12-14,261438196
2023-06-GSAFAC-0000012228,X6JLFEKZY1P7,2023,2023-12-14,261438757
2023-06-GSAFAC-0000012228,X6JLFEKZY1P7,2023,2023-12-14,274062272
2023-06-GSAFAC-0000012228,X6JLFEKZY1P7,2023,2023-12-14,274062370
2023-06-GSAFAC-0000012228,X6JLFEKZY1P7,2023,2023-12-14,320356964
2023-06-GSAFAC-0000012228,X6JLFEKZY1P7,2023,2023-12-14,352425255
2023-06-GSAFAC-0000012228,X6JLFEKZY1P7,2023,2023-12-14,371651790
2023-06-GSAFAC-0000012228,X6JLFEKZY1P7,2023,2023-12-14,611663479
2023-06-GSAFAC-0000012228,X6JLFEKZY1P7,2023,2023-12-14,813640078
2023-06-GSAFAC-0000012228,X6JLFEKZY1P7,2023,2023-12-14,832256563
2023-06-GSAFAC-0000012228,X6JLFEKZY1P7,2023,2023-12-14,882249703
2023-06-GSAFAC-0000012661,FJN1KQNN38M5,2023,2023-12-14,541208368
2023-06-GSAFAC-0000012661,FJN1KQNN38M5,2023,2023-12-14,546001348
2022-12-GSAFAC-0000009042,F8UQQ2NBJAX5,2022,2023-12-14,223145689
2024-06-GSAFAC-0000010871,WE12M4WA9MC1,2023,2023-12-14,145057811
2024-06-GSAFAC-0000010871,WE12M4WA9MC1,2023,2023-12-14,832090609
2024-06-GSAFAC-0000010871,WE12M4WA9MC1,2023,2023-12-14,107663239
2024-06-GSAFAC-0000010871,WE12M4WA9MC1,2023,2023-12-14,135410863
2024-06-GSAFAC-0000010871,WE12M4WA9MC1,2023,2023-12-14,150831118
2024-06-GSAFAC-0000010871,WE12M4WA9MC1,2023,2023-12-14,194586517
2024-06-GSAFAC-0000010871,WE12M4WA9MC1,2023,2023-12-14,045761095
2024-06-GSAFAC-0000010871,WE12M4WA9MC1,2023,2023-12-14,832431985
2024-06-GSAFAC-0000010871,WE12M4WA9MC1,2023,2023-12-14,832125058
2024-06-GSAFAC-0000010871,WE12M4WA9MC1,2023,2023-12-14,024240439
2024-06-GSAFAC-0000010871,WE12M4WA9MC1,2023,2023-12-14,115500704
2024-06-GSAFAC-0000010871,WE12M4WA9MC1,2023,2023-12-14,136569808
2024-06-GSAFAC-0000010871,WE12M4WA9MC1,2023,2023-12-14,079218240
2024-06-GSAFAC-0000010871,WE12M4WA9MC1,2023,2023-12-14,785872334
2024-06-GSAFAC-0000010871,WE12M4WA9MC1,2023,2023-12-14,876542549
2024-06-GSAFAC-0000010871,WE12M4WA9MC1,2023,2023-12-14,080553532
2024-06-GSAFAC-0000010871,WE12M4WA9MC1,2023,2023-12-14,602512428
2024-06-GSAFAC-0000010871,WE12M4WA9MC1,2023,2023-12-14,867225351
2023-06-GSAFAC-0000012629,JKS8PEKYNVL5,2023,2023-12-14,541743583
2023-06-GSAFAC-0000012629,JKS8PEKYNVL5,2023,2023-12-14,546001620
2023-06-GSAFAC-0000000885,DLADQ6661E16,2023,2023-12-15,626000676
2023-06-GSAFAC-0000000885,DLADQ6661E16,2023,2023-12-15,626000678
2023-06-GSAFAC-0000010069,ZTXJXKXGF5S3,2023,2023-12-15,411896367
2023-06-GSAFAC-0000006664,KPYJWKDJM569,2023,2023-12-15,042968080
2023-06-GSAFAC-0000006664,KPYJWKDJM569,2023,2023-12-15,043088163
2023-06-GSAFAC-0000006664,KPYJWKDJM569,2023,2023-12-15,043112143
2023-06-GSAFAC-0000006664,KPYJWKDJM569,2023,2023-12-15,043154255
2023-06-GSAFAC-0000006664,KPYJWKDJM569,2023,2023-12-15,043174043
2023-06-GSAFAC-0000006664,KPYJWKDJM569,2023,2023-12-15,043174475
2023-06-GSAFAC-0000006664,KPYJWKDJM569,2023,2023-12-15,043223566
2023-06-GSAFAC-0000006664,KPYJWKDJM569,2023,2023-12-15,043224452
2023-06-GSAFAC-0000006664,KPYJWKDJM569,2023,2023-12-15,043232049
2023-06-GSAFAC-0000006664,KPYJWKDJM569,2023,2023-12-15,043232887
2023-06-GSAFAC-0000006664,KPYJWKDJM569,2023,2023-12-15,043284871
2023-06-GSAFAC-0000006664,KPYJWKDJM569,2023,2023-12-15,043284877
2023-06-GSAFAC-0000006664,KPYJWKDJM569,2023,2023-12-15,043292010
2023-06-GSAFAC-0000006664,KPYJWKDJM569,2023,2023-12-15,043295314
2023-06-GSAFAC-0000006664,KPYJWKDJM569,2023,2023-12-15,043340010
2023-06-GSAFAC-0000006664,KPYJWKDJM569,2023,2023-12-15,043392438
2023-06-GSAFAC-0000006664,KPYJWKDJM569,2023,2023-12-15,043401624
2023-06-GSAFAC-0000006664,KPYJWKDJM569,2023,2023-12-15,043517856
2023-06-GSAFAC-0000006664,KPYJWKDJM569,2023,2023-12-15,043517858
2023-06-GSAFAC-0000006664,KPYJWKDJM569,2023,2023-12-15,043566433
2023-06-GSAFAC-0000006664,KPYJWKDJM569,2023,2023-12-15,583681830
2023-06-GSAFAC-0000006664,KPYJWKDJM569,2023,2023-12-15,463629621
2023-06-GSAFAC-0000012789,LG9HG3GMBAB7,2023,2023-12-15,546001489
2023-06-GSAFAC-0000012977,NJ2LM9KK2316,2023,2023-12-15,546001133
2023-06-GSAFAC-0000012977,NJ2LM9KK2316,2023,2023-12-15,541585719
2023-06-GSAFAC-0000011880,UEYKTPWSV9Q9,2023,2023-12-15,391824445
2023-06-GSAFAC-0000011880,UEYKTPWSV9Q9,2023,2023-12-15,455490584
2023-06-GSAFAC-0000011880,UEYKTPWSV9Q9,2023,2023-12-15,461630964
2023-06-GSAFAC-0000011880,UEYKTPWSV9Q9,2023,2023-12-15,832278676
2023-06-GSAFAC-0000011880,UEYKTPWSV9Q9,2023,2023-12-15,391940656
2023-06-GSAFAC-0000011465,LLVKP6XGEHD1,2023,2023-12-15,834005979
2023-03-GSAFAC-0000013392,NMLBXHFJJG69,2023,2023-12-15,810980965
2023-03-GSAFAC-0000013392,NMLBXHFJJG69,2023,2023-12-15,473876106
2023-03-GSAFAC-0000013392,NMLBXHFJJG69,2023,2023-12-15,461742341
2023-06-GSAFAC-0000012247,N2AHELWD69T5,2023,2023-12-18,310861029
2023-06-GSAFAC-0000012247,N2AHELWD69T5,2023,2023-12-18,310536973
2023-06-GSAFAC-0000006662,HQLAHHQYTMF1,2023,2023-12-18,364223536
2023-06-GSAFAC-0000006662,HQLAHHQYTMF1,2023,2023-12-18,363985169
2023-06-GSAFAC-0000006662,HQLAHHQYTMF1,2023,2023-12-18,273362317
2023-06-GSAFAC-0000006662,HQLAHHQYTMF1,2023,2023-12-18,364188920
2023-06-GSAFAC-0000006662,HQLAHHQYTMF1,2023,2023-12-18,364435695
2023-06-GSAFAC-0000006662,HQLAHHQYTMF1,2023,2023-12-18,363867489
2023-06-GSAFAC-0000006662,HQLAHHQYTMF1,2023,2023-12-18,362701312
2023-06-GSAFAC-0000006662,HQLAHHQYTMF1,2023,2023-12-18,364526043
2023-06-GSAFAC-0000006662,HQLAHHQYTMF1,2023,2023-12-18,363686967
2023-06-GSAFAC-0000006662,HQLAHHQYTMF1,2023,2023-12-18,362167738
2023-06-GSAFAC-0000006662,HQLAHHQYTMF1,2023,2023-12-18,363932662
2023-06-GSAFAC-0000006662,HQLAHHQYTMF1,2023,2023-12-18,362170873
2023-06-GSAFAC-0000006662,HQLAHHQYTMF1,2023,2023-12-18,363867486
2023-06-GSAFAC-0000006662,HQLAHHQYTMF1,2023,2023-12-18,800097745
2023-06-GSAFAC-0000006662,HQLAHHQYTMF1,2023,2023-12-18,900213451
2023-06-GSAFAC-0000006662,HQLAHHQYTMF1,2023,2023-12-18,208032139
2023-06-GSAFAC-0000006662,HQLAHHQYTMF1,2023,2023-12-18,455299589
2023-06-GSAFAC-0000006662,HQLAHHQYTMF1,2023,2023-12-18,363519061
2023-06-GSAFAC-0000006662,HQLAHHQYTMF1,2023,2023-12-18,364223533
2023-06-GSAFAC-0000006662,HQLAHHQYTMF1,2023,2023-12-18,470950766
2023-06-GSAFAC-0000006662,HQLAHHQYTMF1,2023,2023-12-18,830378871
2023-06-GSAFAC-0000006662,HQLAHHQYTMF1,2023,2023-12-18,364188922
2023-06-GSAFAC-0000006662,HQLAHHQYTMF1,2023,2023-12-18,363932659
2023-06-GSAFAC-0000012337,F9ENK82DYGF1,2023,2023-12-18,261171039
2023-06-GSAFAC-0000012337,F9ENK82DYGF1,2023,2023-12-18,262381746
2023-06-GSAFAC-0000012337,F9ENK82DYGF1,2023,2023-12-18,262381792
2023-06-GSAFAC-0000012337,F9ENK82DYGF1,2023,2023-12-18,561640623
2023-06-GSAFAC-0000012337,F9ENK82DYGF1,2023,2023-12-18,581109530
2023-06-GSAFAC-0000012337,F9ENK82DYGF1,2023,2023-12-18,751566003
2023-06-GSAFAC-0000000545,NMPHKYJADG58,2023,2023-12-18,626000492
2023-06-GSAFAC-0000013624,C1MZSNM5PNJ6,2023,2023-12-18,010688838
2023-06-GSAFAC-0000013624,C1MZSNM5PNJ6,2023,2023-12-18,205661521
2023-06-GSAFAC-0000009158,HLTMVS2JZBS6,2023,2023-12-18,465228806
2023-06-GSAFAC-0000011715,HPMPHYRFX5T5,2023,2023-12-18,461268147
2023-06-GSAFAC-0000012000,H43KALPESBP1,2023,2023-12-19,546001338
2023-06-GSAFAC-0000013443,RWQRP47PKEV3,2023,2023-12-19,043521761
2023-06-GSAFAC-0000013443,RWQRP47PKEV3,2023,2023-12-19,743061397
2023-06-GSAFAC-0000013737,QQCNFCJDL732,2023,2023-12-19,546001255
2023-06-GSAFAC-0000013723,HH9EAJVWDLU7,2023,2023-12-19,133663944
2023-06-GSAFAC-0000013723,HH9EAJVWDLU7,2023,2023-12-19,223878152
2023-06-GSAFAC-0000013723,HH9EAJVWDLU7,2023,2023-12-19,263582124
2023-06-GSAFAC-0000013723,HH9EAJVWDLU7,2023,2023-12-19,270694371
2023-06-GSAFAC-0000013723,HH9EAJVWDLU7,2023,2023-12-19,814587424
2023-06-GSAFAC-0000013723,HH9EAJVWDLU7,2023,2023-12-19,134015729
2023-06-GSAFAC-0000013723,HH9EAJVWDLU7,2023,2023-12-19,471111105
2023-06-GSAFAC-0000012253,ES1MHJ815XS1,2023,2023-12-19,546001342
2023-06-GSAFAC-0000012406,W2ZUFMBDM378,2023,2023-12-19,521464034
2023-06-GSAFAC-0000012406,W2ZUFMBDM378,2023,2023-12-19,540805373
2023-06-GSAFAC-0000013741,PXL4H76V4M41,2023,2023-12-19,320337272
2023-06-GSAFAC-0000013741,PXL4H76V4M41,2023,2023-12-19,384050513
2023-06-GSAFAC-0000002620,QPYDRFVHLLT4,2023,2023-12-20,626000621
2023-06-GSAFAC-0000007891,PG5YJBMDKQW1,2023,2023-12-20,941572781
2023-06-GSAFAC-0000007891,PG5YJBMDKQW1,2023,2023-12-20,843229208
2023-06-GSAFAC-0000007891,PG5YJBMDKQW1,2023,2023-12-20,363820903
2023-06-GSAFAC-0000007891,PG5YJBMDKQW1,2023,2023-12-20,237128924
2023-06-GSAFAC-0000007891,PG5YJBMDKQW1,2023,2023-12-20,760431133
2023-06-GSAFAC-0000007891,PG5YJBMDKQW1,2023,2023-12-20,364063660
2023-03-GSAFAC-0000011458,C691JDUN99Y7,2023,2023-12-20,382643391
2023-06-GSAFAC-0000003700,MYX9B6NDMS25,2023,2023-12-20,626000732
2023-06-GSAFAC-0000003700,MYX9B6NDMS25,2023,2023-12-20,626000733
2023-06-GSAFAC-0000010037,G4QYG2AFEML5,2023,2023-12-20,231352204
2023-06-GSAFAC-0000010037,G4QYG2AFEML5,2023,2023-12-20,822086906
2023-06-GSAFAC-0000010037,G4QYG2AFEML5,2023,2023-12-20,822108660
2023-06-GSAFAC-0000010037,G4QYG2AFEML5,2023,2023-12-20,822116582
2023-06-GSAFAC-0000010037,G4QYG2AFEML5,2023,2023-12-20,822062413
2023-06-GSAFAC-0000010037,G4QYG2AFEML5,2023,2023-12-20,822132538
2023-06-GSAFAC-0000010037,G4QYG2AFEML5,2023,2023-12-20,232266054
2023-06-GSAFAC-0000010037,G4QYG2AFEML5,2023,2023-12-20,611903284
2023-06-GSAFAC-0000010037,G4QYG2AFEML5,2023,2023-12-20,231466250
2023-06-GSAFAC-0000010037,G4QYG2AFEML5,2023,2023-12-20,455349097
2023-03-GSAFAC-0000010770,Y6PCD11XRNZ5,2023,2023-12-20,370618939
2023-03-GSAFAC-0000010770,Y6PCD11XRNZ5,2023,2023-12-20,205221741
2023-03-GSAFAC-0000010770,Y6PCD11XRNZ5,2023,2023-12-20,371115061
2023-06-GSAFAC-0000001479,LGCMDD6KKBT8,2023,2023-12-20,606000610
2023-06-GSAFAC-0000001479,LGCMDD6KKBT8,2023,2023-12-20,606000609
2023-09-GSAFAC-0000013477,MLRFM5DE1HN4,2023,2023-12-20,461243081
2023-09-GSAFAC-0000013477,MLRFM5DE1HN4,2023,2023-12-20,593490279
2023-09-GSAFAC-0000013477,MLRFM5DE1HN4,2023,2023-12-20,264019868
2023-09-GSAFAC-0000013477,MLRFM5DE1HN4,2023,2023-12-20,591911574
2023-09-GSAFAC-0000013477,MLRFM5DE1HN4,2023,2023-12-20,263094596
2023-09-GSAFAC-0000013477,MLRFM5DE1HN4,2023,2023-12-20,593758988
2023-09-GSAFAC-0000013477,MLRFM5DE1HN4,2023,2023-12-20,590624371
2023-09-GSAFAC-0000013477,MLRFM5DE1HN4,2023,2023-12-20,592477479
2023-09-GSAFAC-0000013477,MLRFM5DE1HN4,2023,2023-12-20,592109953
2023-06-GSAFAC-0000013799,ESKZMHHYCCR9,2023,2023-12-20,272990527
2023-06-GSAFAC-0000012151,XHJJSUAL4H89,2023,2023-12-20,463705759
2023-06-GSAFAC-0000012151,XHJJSUAL4H89,2023,2023-12-20,522325727
2023-06-GSAFAC-0000012151,XHJJSUAL4H89,2023,2023-12-20,742622426
2023-06-GSAFAC-0000012151,XHJJSUAL4H89,2023,2023-12-20,901078761
2023-06-GSAFAC-0000012151,XHJJSUAL4H89,2023,2023-12-20,882325729
2022-06-GSAFAC-0000010948,E5ARSPNBRNT7,2022,2023-12-20,866004791
2022-06-GSAFAC-0000010948,E5ARSPNBRNT7,2022,2023-12-20,860196696
2022-06-GSAFAC-0000010948,E5ARSPNBRNT7,2022,2023-12-20,742579628
2022-06-GSAFAC-0000010948,E5ARSPNBRNT7,2022,2023-12-20,742652689
2022-06-GSAFAC-0000010948,E5ARSPNBRNT7,2022,2023-12-20,452356396
2023-03-GSAFAC-0000014159,N7XLYHWA1V79,2023,2023-12-21,364186519
2023-06-GSAFAC-0000004413,NXM1VK9NQ4C5,2023,2023-12-21,621406241
2023-06-GSAFAC-0000004413,NXM1VK9NQ4C5,2023,2023-12-21,621062445
2023-06-GSAFAC-0000004413,NXM1VK9NQ4C5,2023,2023-12-21,626000653
2023-06-GSAFAC-0000004413,NXM1VK9NQ4C5,2023,2023-12-21,620757264
2023-06-GSAFAC-0000011123,NEYTKEM6HN99,2023,2023-12-21,237454575
2023-06-GSAFAC-0000012216,XZ9KP9XDNCS4,2023,2023-12-21,351107009
2023-06-GSAFAC-0000012216,XZ9KP9XDNCS4,2023,2023-12-21,351738708
2023-06-GSAFAC-0000012216,XZ9KP9XDNCS4,2023,2023-12-21,352007327
2023-06-GSAFAC-0000012216,XZ9KP9XDNCS4,2023,2023-12-21,454158203
2023-06-GSAFAC-0000012216,XZ9KP9XDNCS4,2023,2023-12-21,351956395
2023-06-GSAFAC-0000012216,XZ9KP9XDNCS4,2023,2023-12-21,820854709
2023-06-GSAFAC-0000006525,QLCEPNGARYH3,2023,2023-12-21,201232531
2023-06-GSAFAC-0000006525,QLCEPNGARYH3,2023,2023-12-21,205880364
2023-06-GSAFAC-0000006525,QLCEPNGARYH3,2023,2023-12-21,231352202
2023-06-GSAFAC-0000006525,QLCEPNGARYH3,2023,2023-12-21,231689692
2023-06-GSAFAC-0000006525,QLCEPNGARYH3,2023,2023-12-21,232349341
2023-06-GSAFAC-0000006525,QLCEPNGARYH3,2023,2023-12-21,232421970
2023-06-GSAFAC-0000006525,QLCEPNGARYH3,2023,2023-12-21,232440891
2023-06-GSAFAC-0000006525,QLCEPNGARYH3,2023,2023-12-21,232532377
2023-06-GSAFAC-0000006525,QLCEPNGARYH3,2023,2023-12-21,232535297
2023-06-GSAFAC-0000006525,QLCEPNGARYH3,2023,2023-12-21,232611442
2023-06-GSAFAC-0000006525,QLCEPNGARYH3,2023,2023-12-21,232700908
2023-06-GSAFAC-0000006525,QLCEPNGARYH3,2023,2023-12-21,232866006
2023-06-GSAFAC-0000006525,QLCEPNGARYH3,2023,2023-12-21,232948774
2023-06-GSAFAC-0000006525,QLCEPNGARYH3,2023,2023-12-21,233022467
2023-06-GSAFAC-0000006525,QLCEPNGARYH3,2023,2023-12-21,233096124
2023-06-GSAFAC-0000006525,QLCEPNGARYH3,2023,2023-12-21,240795623
2023-06-GSAFAC-0000006525,QLCEPNGARYH3,2023,2023-12-21,843843850
2023-06-GSAFAC-0000006525,QLCEPNGARYH3,2023,2023-12-21,843878831
2023-06-GSAFAC-0000006525,QLCEPNGARYH3,2023,2023-12-21,843987128
2023-06-GSAFAC-0000006525,QLCEPNGARYH3,2023,2023-12-21,844028262
2023-03-GSAFAC-0000014040,SJ8QKB9BYML3,2023,2023-12-21,273287067
2023-06-GSAFAC-0000008877,V94MVF2WR7Z9,2023,2023-12-21,412275864
2023-06-GSAFAC-0000008877,V94MVF2WR7Z9,2023,2023-12-21,383902564
2023-06-GSAFAC-0000008877,V94MVF2WR7Z9,2023,2023-12-21,134234624
2023-06-GSAFAC-0000008877,V94MVF2WR7Z9,2023,2023-12-21,043403292
2023-06-GSAFAC-0000008877,V94MVF2WR7Z9,2023,2023-12-21,043270644
2022-12-GSAFAC-0000006712,VJAGG6MB7HJ3,2022,2023-12-21,112626155
2022-12-GSAFAC-0000006712,VJAGG6MB7HJ3,2022,2023-12-21,111631759
2022-12-GSAFAC-0000006712,VJAGG6MB7HJ3,2022,2023-12-21,112164674
2022-12-GSAFAC-0000006712,VJAGG6MB7HJ3,2022,2023-12-21,111631746
2021-06-GSAFAC-0000007792,C7QMFHEFW7J3,2021,2023-12-21,453007639
2023-06-GSAFAC-0000013157,GLBPCNCAQ4S4,2023,2023-12-22,540972327
2023-06-GSAFAC-0000014773,EUD6N1LLGKM5,2023,2023-12-22,541207347
2022-11-GSAFAC-0000013656,NKHSYAN3J6T4,2022,2023-12-22,351404387
2022-11-GSAFAC-0000013656,NKHSYAN3J6T4,2022,2023-12-22,352053194
2022-11-GSAFAC-0000013656,NKHSYAN3J6T4,2022,2023-12-22,356000137
2023-06-GSAFAC-0000012781,Q68WYJ7DJC77,2023,2023-12-22,043131333
2023-06-GSAFAC-0000012781,Q68WYJ7DJC77,2023,2023-12-22,271924018
2023-06-GSAFAC-0000013454,K5TMAM98KHD3,2023,2023-12-22,371705906
2023-06-GSAFAC-0000013454,K5TMAM98KHD3,2023,2023-12-22,463214504
2023-06-GSAFAC-0000013454,K5TMAM98KHD3,2023,2023-12-22,330245579
2023-06-GSAFAC-0000013454,K5TMAM98KHD3,2023,2023-12-22,953804495
2023-06-GSAFAC-0000014345,N7D8BEBH2FD5,2023,2023-12-22,522011066
2023-06-GSAFAC-0000013476,FFEEFY1RB5B5,2023,2023-12-22,042669832
2023-06-GSAFAC-0000013476,FFEEFY1RB5B5,2023,2023-12-22,237112665
2023-06-GSAFAC-0000013476,FFEEFY1RB5B5,2023,2023-12-22,042103767
2023-06-GSAFAC-0000013476,FFEEFY1RB5B5,2023,2023-12-22,043293665
2023-06-GSAFAC-0000013476,FFEEFY1RB5B5,2023,2023-12-22,043527672
2023-06-GSAFAC-0000013476,FFEEFY1RB5B5,2023,2023-12-22,042862244
2023-06-GSAFAC-0000013476,FFEEFY1RB5B5,2023,2023-12-22,474001509
2023-06-GSAFAC-0000013476,FFEEFY1RB5B5,2023,2023-12-22,042122643
2023-06-GSAFAC-0000013476,FFEEFY1RB5B5,2023,2023-12-22,042699540
2023-06-GSAFAC-0000013476,FFEEFY1RB5B5,2023,2023-12-22,237092431
2023-06-GSAFAC-0000013476,FFEEFY1RB5B5,2023,2023-12-22,042105856
2023-06-GSAFAC-0000013476,FFEEFY1RB5B5,2023,2023-12-22,056013789
2023-06-GSAFAC-0000013476,FFEEFY1RB5B5,2023,2023-12-22,042631391
2023-06-GSAFAC-0000013476,FFEEFY1RB5B5,2023,2023-12-22,042492493
2023-06-GSAFAC-0000013476,FFEEFY1RB5B5,2023,2023-12-22,042522064
2023-06-GSAFAC-0000013476,FFEEFY1RB5B5,2023,2023-12-22,020627442
2023-06-GSAFAC-0000013476,FFEEFY1RB5B5,2023,2023-12-22,042161932
2023-06-GSAFAC-0000013476,FFEEFY1RB5B5,2023,2023-12-22,263273731
2023-06-GSAFAC-0000013476,FFEEFY1RB5B5,2023,2023-12-22,043125422
2023-06-GSAFAC-0000013476,FFEEFY1RB5B5,2023,2023-12-22,042274992
2023-06-GSAFAC-0000013476,FFEEFY1RB5B5,2023,2023-12-22,042173052
2023-06-GSAFAC-0000013476,FFEEFY1RB5B5,2023,2023-12-22,200172796
2023-06-GSAFAC-0000013476,FFEEFY1RB5B5,2023,2023-12-22,042643209
2023-06-GSAFAC-0000013476,FFEEFY1RB5B5,2023,2023-12-22,884279377
2023-03-GSAFAC-0000003674,HDKAKDQ1KLQ6,2023,2023-12-22,460494906
2023-03-GSAFAC-0000003674,HDKAKDQ1KLQ6,2023,2023-12-22,910969818
2023-03-GSAFAC-0000003674,HDKAKDQ1KLQ6,2023,2023-12-22,943126743
2023-06-GSAFAC-0000011583,S4M9D4ENNVP6,2023,2023-12-23,521224508
2023-03-GSAFAC-0000004597,C5LAXH11CRQ7,2023,2023-12-26,430821959
2023-03-GSAFAC-0000004597,C5LAXH11CRQ7,2023,2023-12-26,431240629
2023-06-GSAFAC-0000013049,YH4XF77KPL48,2023,2023-12-27,954147364
2023-06-GSAFAC-0000013049,YH4XF77KPL48,2023,2023-12-27,471065461
2023-06-GSAFAC-0000002404,DJXMVJM16KJ3,2023,2023-12-27,626000785
2023-06-GSAFAC-0000002404,DJXMVJM16KJ3,2023,2023-12-27,626000784
2023-06-GSAFAC-0000014953,QJWEKJK8VQV1,2023,2023-12-28,043542875
2023-06-GSAFAC-0000014953,QJWEKJK8VQV1,2023,2023-12-28,223041897
2023-06-GSAFAC-0000014953,QJWEKJK8VQV1,2023,2023-12-28,223305235
2023-06-GSAFAC-0000014953,QJWEKJK8VQV1,2023,2023-12-28,223305236
2023-06-GSAFAC-0000014953,QJWEKJK8VQV1,2023,2023-12-28,223502747
2023-06-GSAFAC-0000014953,QJWEKJK8VQV1,2023,2023-12-28,223520771
2023-06-GSAFAC-0000014953,QJWEKJK8VQV1,2023,2023-12-28,300158221
2023-06-GSAFAC-0000014953,QJWEKJK8VQV1,2023,2023-12-28,311671588
2023-06-GSAFAC-0000014953,QJWEKJK8VQV1,2023,2023-12-28,900158415
2023-06-GSAFAC-0000014953,QJWEKJK8VQV1,2023,2023-12-28,900734882
2023-03-GSAFAC-0000015135,GLVTLKKJDNK5,2023,2023-12-28,871823650
2022-12-GSAFAC-0000013557,KP4PBJB1KBL3,2022,2023-12-28,454102458
2022-12-GSAFAC-0000013608,LHACK1UL6NR3,2022,2023-12-28,742234352
2022-12-GSAFAC-0000013608,LHACK1UL6NR3,2022,2023-12-28,742241951
2023-06-GSAFAC-0000015034,ZKU8R668GNR4,2023,2023-12-28,541642458
2023-06-GSAFAC-0000015034,ZKU8R668GNR4,2023,2023-12-28,546001510
2022-12-GSAFAC-0000010956,NQ65E33F2Y93,2022,2023-12-29,205189952
2022-12-GSAFAC-0000010956,NQ65E33F2Y93,2022,2023-12-29,520619001
2022-12-GSAFAC-0000010956,NQ65E33F2Y93,2022,2023-12-29,521931788
2022-12-GSAFAC-0000010956,NQ65E33F2Y93,2022,2023-12-29,521931790
2022-12-GSAFAC-0000010956,NQ65E33F2Y93,2022,2023-12-29,521931794
2023-03-GSAFAC-0000011454,NSVFUEY25ML8,2023,2023-12-29,362167832
2023-03-GSAFAC-0000011454,NSVFUEY25ML8,2023,2023-12-29,472235160
2023-03-GSAFAC-0000011454,NSVFUEY25ML8,2023,2023-12-29,472210722
2023-06-GSAFAC-0000015629,KMZ8VDN8NGZ7,2023,2023-12-29,201890414
2023-03-GSAFAC-0000014227,ZY63XPTXNZC3,2023,2023-12-29,237017276
2023-03-GSAFAC-0000014227,ZY63XPTXNZC3,2023,2023-12-29,331065485
2023-03-GSAFAC-0000014227,ZY63XPTXNZC3,2023,2023-12-29,465562403
2023-03-GSAFAC-0000014227,ZY63XPTXNZC3,2023,2023-12-29,830433165
2023-03-GSAFAC-0000014227,ZY63XPTXNZC3,2023,2023-12-29,930281321
2023-03-GSAFAC-0000014227,ZY63XPTXNZC3,2023,2023-12-29,930386793
2023-03-GSAFAC-0000014227,ZY63XPTXNZC3,2023,2023-12-29,930386823
2023-03-GSAFAC-0000014227,ZY63XPTXNZC3,2023,2023-12-29,930591528
2023-03-GSAFAC-0000014227,ZY63XPTXNZC3,2023,2023-12-29,930618975
2023-03-GSAFAC-0000014227,ZY63XPTXNZC3,2023,2023-12-29,930773410
2023-03-GSAFAC-0000014227,ZY63XPTXNZC3,2023,2023-12-29,930794951
2023-03-GSAFAC-0000014227,ZY63XPTXNZC3,2023,2023-12-29,930848530
2023-03-GSAFAC-0000014227,ZY63XPTXNZC3,2023,2023-12-29,930913392
2023-03-GSAFAC-0000014227,ZY63XPTXNZC3,2023,2023-12-29,931272735
2023-03-GSAFAC-0000014227,ZY63XPTXNZC3,2023,2023-12-29,931314469
2023-03-GSAFAC-0000010832,LBWAC6D182N9,2023,2023-12-29,262850045
2023-03-GSAFAC-0000010832,LBWAC6D182N9,2023,2023-12-29,363014600
2023-03-GSAFAC-0000010832,LBWAC6D182N9,2023,2023-12-29,363133793
2023-03-GSAFAC-0000010832,LBWAC6D182N9,2023,2023-12-29,363471392
2023-03-GSAFAC-0000012966,Y42TA8X65QT5,2023,2023-12-29,880294837
2023-03-GSAFAC-0000015834,JLPNDP22H6K4,2023,2023-12-29,010344605
2023-03-GSAFAC-0000015834,JLPNDP22H6K4,2023,2023-12-29,010283465
2022-06-CENSUS-0000196717,J7C8WLVK66Q1,2022,2023-01-06,270627714
2022-06-CENSUS-0000196717,J7C8WLVK66Q1,2022,2023-01-06,911494758
2022-06-CENSUS-0000246678,GYLUH9UXHDX5,2022,2023-02-09,853419620
2022-06-CENSUS-0000246678,GYLUH9UXHDX5,2022,2023-02-09,141895171
2022-06-CENSUS-0000246678,GYLUH9UXHDX5,2022,2023-02-09,821942209
2022-06-CENSUS-0000246678,GYLUH9UXHDX5,2022,2023-02-09,853420386
2022-06-CENSUS-0000246678,GYLUH9UXHDX5,2022,2023-02-09,621404948
2022-06-CENSUS-0000246678,GYLUH9UXHDX5,2022,2023-02-09,821686154
2022-06-CENSUS-0000246678,GYLUH9UXHDX5,2022,2023-02-09,621650124
2022-06-CENSUS-0000246678,GYLUH9UXHDX5,2022,2023-02-09,300964540
2022-06-CENSUS-0000246678,GYLUH9UXHDX5,2022,2023-02-09,821681443
2022-06-CENSUS-0000246678,GYLUH9UXHDX5,2022,2023-02-09,260170070
2022-06-CENSUS-0000246678,GYLUH9UXHDX5,2022,2023-02-09,261241612
2022-06-CENSUS-0000246678,GYLUH9UXHDX5,2022,2023-02-09,263762022
2022-06-CENSUS-0000246678,GYLUH9UXHDX5,2022,2023-02-09,461571024
2022-06-CENSUS-0000246678,GYLUH9UXHDX5,2022,2023-02-09,462325870
2022-06-CENSUS-0000246678,GYLUH9UXHDX5,2022,2023-02-09,621176354
2022-06-CENSUS-0000246678,GYLUH9UXHDX5,2022,2023-02-09,621654580
2022-06-CENSUS-0000246678,GYLUH9UXHDX5,2022,2023-02-09,621787098
2022-06-CENSUS-0000246678,GYLUH9UXHDX5,2022,2023-02-09,621809227
2022-06-CENSUS-0000246678,GYLUH9UXHDX5,2022,2023-02-09,621855535
2022-06-CENSUS-0000246678,GYLUH9UXHDX5,2022,2023-02-09,621864145
2022-06-CENSUS-0000246678,GYLUH9UXHDX5,2022,2023-02-09,812692564
2022-06-CENSUS-0000246678,GYLUH9UXHDX5,2022,2023-02-09,813915926
2022-06-CENSUS-0000246678,GYLUH9UXHDX5,2022,2023-02-09,821456647
2022-06-CENSUS-0000246678,GYLUH9UXHDX5,2022,2023-02-09,821462688
2022-06-CENSUS-0000246678,GYLUH9UXHDX5,2022,2023-02-09,821685569
2022-06-CENSUS-0000246678,GYLUH9UXHDX5,2022,2023-02-09,824143617
2022-06-CENSUS-0000246678,GYLUH9UXHDX5,2022,2023-02-09,824148840
2022-06-CENSUS-0000246678,GYLUH9UXHDX5,2022,2023-02-09,843131467
2022-06-CENSUS-0000246678,GYLUH9UXHDX5,2022,2023-02-09,843700835
2022-06-CENSUS-0000246678,GYLUH9UXHDX5,2022,2023-02-09,853448238
2022-06-CENSUS-0000246678,GYLUH9UXHDX5,2022,2023-02-09,854174759
2022-12-CENSUS-0000048623,HQDMY6A6WA59,2022,2023-07-15,900489809
2022-12-CENSUS-0000258834,SZNRL7J8S5C4,2022,2023-09-06,461868575
2022-06-CENSUS-0000171421,MUNUKPPCPLJ4,2022,2023-03-19,620714744
2022-06-CENSUS-0000257692,SHJ1DCHB36N6,2022,2023-03-29,212117469
2022-06-CENSUS-0000257692,SHJ1DCHB36N6,2022,2023-03-29,362167830
2022-12-CENSUS-0000254855,HSJXBUEG4JF5,2022,2023-09-28,161421889
2022-12-CENSUS-0000254855,HSJXBUEG4JF5,2022,2023-09-28,223266577
2022-12-CENSUS-0000254855,HSJXBUEG4JF5,2022,2023-09-28,161421888
2022-09-CENSUS-0000058130,ULK7DXFED621,2022,2023-02-03,382527075
2022-09-CENSUS-0000058130,ULK7DXFED621,2022,2023-02-03,382743085
2022-09-CENSUS-0000058130,ULK7DXFED621,2022,2023-02-03,382815019
2022-09-CENSUS-0000058130,ULK7DXFED621,2022,2023-02-03,382995856
2022-09-CENSUS-0000058130,ULK7DXFED621,2022,2023-02-03,382796652
2022-09-CENSUS-0000058130,ULK7DXFED621,2022,2023-02-03,383128262
2022-09-CENSUS-0000058130,ULK7DXFED621,2022,2023-02-03,383230758
2022-09-CENSUS-0000058130,ULK7DXFED621,2022,2023-02-03,383230759
2022-09-CENSUS-0000058130,ULK7DXFED621,2022,2023-02-03,383208092
2022-09-CENSUS-0000058130,ULK7DXFED621,2022,2023-02-03,382289884
2022-09-CENSUS-0000058130,ULK7DXFED621,2022,2023-02-03,382753046
2022-09-CENSUS-0000058130,ULK7DXFED621,2022,2023-02-03,382763522
2022-09-CENSUS-0000058130,ULK7DXFED621,2022,2023-02-03,382895827
2022-09-CENSUS-0000058130,ULK7DXFED621,2022,2023-02-03,383194361
2022-09-CENSUS-0000058130,ULK7DXFED621,2022,2023-02-03,383267976
2022-09-CENSUS-0000058130,ULK7DXFED621,2022,2023-02-03,383323617
2022-09-CENSUS-0000058130,ULK7DXFED621,2022,2023-02-03,383323619
2022-09-CENSUS-0000058130,ULK7DXFED621,2022,2023-02-03,383402160
2022-09-CENSUS-0000058130,ULK7DXFED621,2022,2023-02-03,383519517
2022-09-CENSUS-0000058130,ULK7DXFED621,2022,2023-02-03,383577116
2022-09-CENSUS-0000058130,ULK7DXFED621,2022,2023-02-03,832799527
2022-06-CENSUS-0000171442,KTEPTNVXM4T6,2022,2023-02-15,626000879
2022-06-CENSUS-0000171442,KTEPTNVXM4T6,2022,2023-02-15,626000877
2022-09-CENSUS-0000246806,M8LCL7GKMHV6,2022,2023-06-29,453072990
2022-06-CENSUS-0000253342,EN6ZCKC9MH74,2022,2023-03-29,262358970
2022-09-CENSUS-0000116252,PG1NM2W2BBG3,2022,2023-06-27,936087366
2022-09-CENSUS-0000116252,PG1NM2W2BBG3,2022,2023-06-27,383849354
2022-06-CENSUS-0000242217,F9W8NJJ41QX5,2022,2023-02-06,237161463
2022-06-CENSUS-0000242217,F9W8NJJ41QX5,2022,2023-02-06,043718347
2022-06-CENSUS-0000102323,KMBMU31B2H17,2022,2023-02-05,742536239
2022-06-CENSUS-0000102323,KMBMU31B2H17,2022,2023-02-05,742534099
2022-06-CENSUS-0000102323,KMBMU31B2H17,2022,2023-02-05,203868073
2022-06-CENSUS-0000102323,KMBMU31B2H17,2022,2023-02-05,742356109
2022-09-CENSUS-0000238808,SSEEF5MGC9H9,2022,2023-06-29,060646668
2022-09-CENSUS-0000238808,SSEEF5MGC9H9,2022,2023-06-29,060646715
2022-09-CENSUS-0000238808,SSEEF5MGC9H9,2022,2023-06-29,060646768
2022-09-CENSUS-0000238808,SSEEF5MGC9H9,2022,2023-06-29,060646966
2022-09-CENSUS-0000238808,SSEEF5MGC9H9,2022,2023-06-29,060250773
2022-09-CENSUS-0000238808,SSEEF5MGC9H9,2022,2023-06-29,060646678
2022-09-CENSUS-0000238808,SSEEF5MGC9H9,2022,2023-06-29,832550272
2022-09-CENSUS-0000238808,SSEEF5MGC9H9,2022,2023-06-29,060966963
2022-09-CENSUS-0000238808,SSEEF5MGC9H9,2022,2023-06-29,060932875
2022-09-CENSUS-0000238808,SSEEF5MGC9H9,2022,2023-06-29,060789464
2022-09-CENSUS-0000238808,SSEEF5MGC9H9,2022,2023-06-29,066030835
2022-09-CENSUS-0000238808,SSEEF5MGC9H9,2022,2023-06-29,134298940
2022-09-CENSUS-0000238808,SSEEF5MGC9H9,2022,2023-06-29,222635676
2022-09-CENSUS-0000238808,SSEEF5MGC9H9,2022,2023-06-29,371911194
2022-09-CENSUS-0000238808,SSEEF5MGC9H9,2022,2023-06-29,454456939
2022-12-CENSUS-0000055033,NKMWNANBC2J9,2022,2023-08-27,311282590
2022-12-CENSUS-0000055033,NKMWNANBC2J9,2022,2023-08-27,311282585
2022-12-CENSUS-0000055033,NKMWNANBC2J9,2022,2023-08-27,311282586
2022-12-CENSUS-0000055033,NKMWNANBC2J9,2022,2023-08-27,311196720
2022-12-CENSUS-0000055033,NKMWNANBC2J9,2022,2023-08-27,383541224
2022-12-CENSUS-0000055033,NKMWNANBC2J9,2022,2023-08-27,264460767
2022-12-CENSUS-0000055033,NKMWNANBC2J9,2022,2023-08-27,311284895
2022-12-CENSUS-0000055033,NKMWNANBC2J9,2022,2023-08-27,311196724
2022-12-CENSUS-0000055033,NKMWNANBC2J9,2022,2023-08-27,383012039
2022-12-CENSUS-0000055033,NKMWNANBC2J9,2022,2023-08-27,311244836
2022-12-CENSUS-0000055033,NKMWNANBC2J9,2022,2023-08-27,383393984
2022-12-CENSUS-0000055033,NKMWNANBC2J9,2022,2023-08-27,311282580
2022-12-CENSUS-0000055033,NKMWNANBC2J9,2022,2023-08-27,042863717
2022-12-CENSUS-0000055033,NKMWNANBC2J9,2022,2023-08-27,814707946
2022-12-CENSUS-0000055033,NKMWNANBC2J9,2022,2023-08-27,383542119
2022-12-CENSUS-0000055033,NKMWNANBC2J9,2022,2023-08-27,383388276
2022-12-CENSUS-0000055033,NKMWNANBC2J9,2022,2023-08-27,383352094
2022-12-CENSUS-0000055033,NKMWNANBC2J9,2022,2023-08-27,311308382
2022-12-CENSUS-0000055033,NKMWNANBC2J9,2022,2023-08-27,311196722
2022-12-CENSUS-0000055033,NKMWNANBC2J9,2022,2023-08-27,222767728
2022-12-CENSUS-0000055033,NKMWNANBC2J9,2022,2023-08-27,382899285
2022-12-CENSUS-0000055033,NKMWNANBC2J9,2022,2023-08-27,311282578
2022-12-CENSUS-0000055033,NKMWNANBC2J9,2022,2023-08-27,311196726
2022-12-CENSUS-0000055033,NKMWNANBC2J9,2022,2023-08-27,205485352
2022-12-CENSUS-0000055033,NKMWNANBC2J9,2022,2023-08-27,203246991
2022-12-CENSUS-0000055033,NKMWNANBC2J9,2022,2023-08-27,201204075
2022-12-CENSUS-0000055033,NKMWNANBC2J9,2022,2023-08-27,311196727
2022-12-CENSUS-0000055033,NKMWNANBC2J9,2022,2023-08-27,383372866
2022-12-CENSUS-0000055033,NKMWNANBC2J9,2022,2023-08-27,452513707
2022-09-CENSUS-0000226112,FYV7SX8CN3E1,2022,2023-06-28,455363543
2022-06-CENSUS-0000143623,GLZRCYULDF59,2022,2023-01-12,900676732
2022-06-CENSUS-0000143623,GLZRCYULDF59,2022,2023-01-12,421351175
2022-12-CENSUS-0000255104,GFWZZ7N54LL4,2022,2023-09-26,132894677
2022-12-CENSUS-0000255104,GFWZZ7N54LL4,2022,2023-09-26,320033321
2022-06-CENSUS-0000171418,NFNQYUNV3LX9,2022,2023-02-02,626000745
2022-12-CENSUS-0000108208,L62KDTABLW35,2022,2023-07-18,271832846
2022-12-CENSUS-0000108208,L62KDTABLW35,2022,2023-07-18,770492293
2022-12-CENSUS-0000108208,L62KDTABLW35,2022,2023-07-18,810524158
2022-12-CENSUS-0000108208,L62KDTABLW35,2022,2023-07-18,812075539
2022-06-CENSUS-0000218221,DALGH7JMNN76,2022,2023-01-18,464230642
2022-09-CENSUS-0000253688,VHBDJH88HSF4,2022,2023-06-28,222520073
2022-09-CENSUS-0000253688,VHBDJH88HSF4,2022,2023-06-28,042174657
2022-12-CENSUS-0000203869,TAXKGGTKAAU7,2022,2023-09-26,237309937
2022-12-CENSUS-0000203869,TAXKGGTKAAU7,2022,2023-09-26,370635502
2022-12-CENSUS-0000203869,TAXKGGTKAAU7,2022,2023-09-26,370661172
2022-12-CENSUS-0000203869,TAXKGGTKAAU7,2022,2023-09-26,412140764
2022-12-CENSUS-0000203869,TAXKGGTKAAU7,2022,2023-09-26,430652656
2022-12-CENSUS-0000203869,TAXKGGTKAAU7,2022,2023-09-26,430654870
2022-12-CENSUS-0000203869,TAXKGGTKAAU7,2022,2023-09-26,431332368
2022-12-CENSUS-0000203869,TAXKGGTKAAU7,2022,2023-09-26,431452426
2022-12-CENSUS-0000203869,TAXKGGTKAAU7,2022,2023-09-26,431459495
2022-12-CENSUS-0000203869,TAXKGGTKAAU7,2022,2023-09-26,431610561
2022-12-CENSUS-0000203869,TAXKGGTKAAU7,2022,2023-09-26,431681957
2022-12-CENSUS-0000203869,TAXKGGTKAAU7,2022,2023-09-26,436057893
2022-12-CENSUS-0000203869,TAXKGGTKAAU7,2022,2023-09-26,342028972
2022-12-CENSUS-0000203869,TAXKGGTKAAU7,2022,2023-09-26,113794837
2022-12-CENSUS-0000203869,TAXKGGTKAAU7,2022,2023-09-26,431279063
2022-12-CENSUS-0000203869,TAXKGGTKAAU7,2022,2023-09-26,430998347
2022-12-CENSUS-0000203869,TAXKGGTKAAU7,2022,2023-09-26,460552280
2022-12-CENSUS-0000203869,TAXKGGTKAAU7,2022,2023-09-26,320275207
2022-12-CENSUS-0000203869,TAXKGGTKAAU7,2022,2023-09-26,611628092
2022-12-CENSUS-0000203869,TAXKGGTKAAU7,2022,2023-09-26,943448764
2022-12-CENSUS-0000203869,TAXKGGTKAAU7,2022,2023-09-26,431450457
2022-12-CENSUS-0000203869,TAXKGGTKAAU7,2022,2023-09-26,454482673
2022-12-CENSUS-0000203869,TAXKGGTKAAU7,2022,2023-09-26,364147189
2022-12-CENSUS-0000203869,TAXKGGTKAAU7,2022,2023-09-26,431527130
2022-06-CENSUS-0000018064,G56PUALJ3KT5,2022,2023-03-29,131623978
2022-06-CENSUS-0000018064,G56PUALJ3KT5,2022,2023-03-29,464395157
2022-06-CENSUS-0000254708,PX4PFMU2F3X6,2022,2023-03-27,440580870
2022-06-CENSUS-0000254708,PX4PFMU2F3X6,2022,2023-03-27,832249459
2022-06-CENSUS-0000254708,PX4PFMU2F3X6,2022,2023-03-27,440545289
2022-06-CENSUS-0000254708,PX4PFMU2F3X6,2022,2023-03-27,261972987
2022-12-CENSUS-0000221494,XXF4A3MLM3C6,2022,2023-05-15,834267314
2022-12-CENSUS-0000221494,XXF4A3MLM3C6,2022,2023-05-15,223301338
2022-12-CENSUS-0000221494,XXF4A3MLM3C6,2022,2023-05-15,223218442
2022-12-CENSUS-0000221494,XXF4A3MLM3C6,2022,2023-05-15,300144279
2022-12-CENSUS-0000221494,XXF4A3MLM3C6,2022,2023-05-15,844879121
2022-12-CENSUS-0000249598,KR5RLMJTYK96,2022,2023-08-02,161475486
2022-12-CENSUS-0000118387,SRG2J1WS9X63,2022,2023-09-06,472893226
2022-12-CENSUS-0000054907,FZA7LLS5AXD1,2022,2023-07-19,270229331
2022-12-CENSUS-0000090587,C25CHZVA8PJ3,2022,2023-09-19,593572590
2022-12-CENSUS-0000090587,C25CHZVA8PJ3,2022,2023-09-19,833430601
2022-12-CENSUS-0000203665,W13DBKLHL4G9,2022,2023-08-21,203050787
2022-12-CENSUS-0000203665,W13DBKLHL4G9,2022,2023-08-21,203211224
2022-12-CENSUS-0000203665,W13DBKLHL4G9,2022,2023-08-21,203917379
2022-12-CENSUS-0000203665,W13DBKLHL4G9,2022,2023-08-21,203917436
2022-12-CENSUS-0000203665,W13DBKLHL4G9,2022,2023-08-21,205714155
2022-12-CENSUS-0000203665,W13DBKLHL4G9,2022,2023-08-21,205992687
2022-12-CENSUS-0000203665,W13DBKLHL4G9,2022,2023-08-21,205992744
2022-12-CENSUS-0000203665,W13DBKLHL4G9,2022,2023-08-21,208694829
2022-12-CENSUS-0000203665,W13DBKLHL4G9,2022,2023-08-21,261999163
2022-12-CENSUS-0000203665,W13DBKLHL4G9,2022,2023-08-21,263599282
2022-12-CENSUS-0000203665,W13DBKLHL4G9,2022,2023-08-21,271546912
2022-12-CENSUS-0000203665,W13DBKLHL4G9,2022,2023-08-21,272327663
2022-12-CENSUS-0000203665,W13DBKLHL4G9,2022,2023-08-21,272327695
2022-12-CENSUS-0000203665,W13DBKLHL4G9,2022,2023-08-21,810655605
2022-12-CENSUS-0000203665,W13DBKLHL4G9,2022,2023-08-21,871298223
2022-06-CENSUS-0000176061,GVKNCPJ2LJU7,2022,2023-04-09,541744494
2022-06-CENSUS-0000176061,GVKNCPJ2LJU7,2022,2023-04-09,546025086
2022-06-CENSUS-0000171435,XN5MF9LT3LG8,2022,2023-01-26,626000833
2022-06-CENSUS-0000171435,XN5MF9LT3LG8,2022,2023-01-26,626000831
2022-12-CENSUS-0000223817,M2Z2N43THJA5,2022,2023-09-05,311438763
2022-12-CENSUS-0000223817,M2Z2N43THJA5,2022,2023-09-05,311178476
2022-06-CENSUS-0000010636,VM3QMKZQ9JC4,2022,2023-03-28,237314995
2022-06-CENSUS-0000241866,MDQNDFMD4L61,2022,2023-03-30,263619775
2022-06-CENSUS-0000241866,MDQNDFMD4L61,2022,2023-03-30,454621429
2022-06-CENSUS-0000241866,MDQNDFMD4L61,2022,2023-03-30,311653564
2022-06-CENSUS-0000176099,ZKU8R668GNR4,2022,2023-01-03,541642458
2022-06-CENSUS-0000176099,ZKU8R668GNR4,2022,2023-01-03,546001510
2022-06-CENSUS-0000176122,W7RMMLLAQ1K1,2022,2023-01-04,546001671
2022-06-CENSUS-0000176122,W7RMMLLAQ1K1,2022,2023-01-04,541745244
2022-09-CENSUS-0000003205,CZPGMA3EQ573,2022,2023-06-22,042791396
2022-09-CENSUS-0000003205,CZPGMA3EQ573,2022,2023-06-22,042995053
2022-09-CENSUS-0000003205,CZPGMA3EQ573,2022,2023-06-22,042133860
2022-09-CENSUS-0000258040,N923A8PESJT4,2022,2023-04-26,452666295
2022-06-CENSUS-0000247699,HJZYA2D8J191,2022,2023-03-30,911858433
2022-06-CENSUS-0000247699,HJZYA2D8J191,2022,2023-03-30,470785575
2022-06-CENSUS-0000247699,HJZYA2D8J191,2022,2023-03-30,204305186
2022-12-CENSUS-0000199966,JQLMFNLA4BP4,2022,2023-09-27,111839362
2022-12-CENSUS-0000199966,JQLMFNLA4BP4,2022,2023-09-27,562662502
2022-12-CENSUS-0000199966,JQLMFNLA4BP4,2022,2023-09-27,274719998
2022-12-CENSUS-0000199966,JQLMFNLA4BP4,2022,2023-09-27,112843879
2022-12-CENSUS-0000199966,JQLMFNLA4BP4,2022,2023-09-27,061160280
2022-12-CENSUS-0000199966,JQLMFNLA4BP4,2022,2023-09-27,111631796
2022-12-CENSUS-0000199966,JQLMFNLA4BP4,2022,2023-09-27,112843882
2022-12-CENSUS-0000199966,JQLMFNLA4BP4,2022,2023-09-27,113423162
2022-12-CENSUS-0000199966,JQLMFNLA4BP4,2022,2023-09-27,131740022
2022-12-CENSUS-0000199966,JQLMFNLA4BP4,2022,2023-09-27,131740120
2022-12-CENSUS-0000199966,JQLMFNLA4BP4,2022,2023-09-27,432015903
2022-09-CENSUS-0000217342,SE36S7J6DZL1,2022,2023-06-25,061330992
2022-09-CENSUS-0000217342,SE36S7J6DZL1,2022,2023-06-25,352380180
2022-09-CENSUS-0000217342,SE36S7J6DZL1,2022,2023-06-25,060646652
2022-09-CENSUS-0000217342,SE36S7J6DZL1,2022,2023-06-25,060646554
2022-09-CENSUS-0000217342,SE36S7J6DZL1,2022,2023-06-25,060646659
2022-09-CENSUS-0000217342,SE36S7J6DZL1,2022,2023-06-25,455235566
2022-09-CENSUS-0000217342,SE36S7J6DZL1,2022,2023-06-25,222908698
2022-09-CENSUS-0000217342,SE36S7J6DZL1,2022,2023-06-25,222553028
2022-09-CENSUS-0000217342,SE36S7J6DZL1,2022,2023-06-25,460543230
2022-09-CENSUS-0000217342,SE36S7J6DZL1,2022,2023-06-25,060646616
2022-09-CENSUS-0000217342,SE36S7J6DZL1,2022,2023-06-25,060646704
2022-09-CENSUS-0000217342,SE36S7J6DZL1,2022,2023-06-25,061044331
2022-09-CENSUS-0000217342,SE36S7J6DZL1,2022,2023-06-25,061207316
2022-06-CENSUS-0000170255,NSA8T7PLC9K3,2022,2023-05-16,050353872
2022-06-CENSUS-0000170255,NSA8T7PLC9K3,2022,2023-05-16,050471772
2022-06-CENSUS-0000170255,NSA8T7PLC9K3,2022,2023-05-16,056016315
2022-06-CENSUS-0000170255,NSA8T7PLC9K3,2022,2023-05-16,050356994
2022-06-CENSUS-0000170255,NSA8T7PLC9K3,2022,2023-05-16,050354769
2022-06-CENSUS-0000170255,NSA8T7PLC9K3,2022,2023-05-16,050455432
2022-06-CENSUS-0000170255,NSA8T7PLC9K3,2022,2023-05-16,050311968
2022-06-CENSUS-0000170255,NSA8T7PLC9K3,2022,2023-05-16,223011455
2022-06-CENSUS-0000194481,T6BKTJUZVV29,2022,2023-03-28,546001395
2022-06-CENSUS-0000050455,M8Q3JRZU23J6,2022,2023-03-19,274258657
2022-06-CENSUS-0000050455,M8Q3JRZU23J6,2022,2023-03-19,384043472
2022-12-CENSUS-0000254698,NL49VTHGKSE7,2022,2023-07-31,340753531
2022-12-CENSUS-0000254698,NL49VTHGKSE7,2022,2023-07-31,341455135
2022-12-CENSUS-0000254698,NL49VTHGKSE7,2022,2023-07-31,341461753
2022-12-CENSUS-0000254698,NL49VTHGKSE7,2022,2023-07-31,341652755
2022-12-CENSUS-0000254698,NL49VTHGKSE7,2022,2023-07-31,841661280
2022-12-CENSUS-0000240167,LDABZVFUKNS3,2022,2023-09-27,381459362
2022-12-CENSUS-0000240167,LDABZVFUKNS3,2022,2023-09-27,381405141
2022-12-CENSUS-0000240167,LDABZVFUKNS3,2022,2023-09-27,381426919
2022-12-CENSUS-0000240167,LDABZVFUKNS3,2022,2023-09-27,364852171
2022-12-CENSUS-0000240167,LDABZVFUKNS3,2022,2023-09-27,382156872
2022-12-CENSUS-0000240167,LDABZVFUKNS3,2022,2023-09-27,381368745
2022-12-CENSUS-0000240167,LDABZVFUKNS3,2022,2023-09-27,382770076
2022-12-CENSUS-0000240167,LDABZVFUKNS3,2022,2023-09-27,382715520
2022-12-CENSUS-0000240167,LDABZVFUKNS3,2022,2023-09-27,381360529
2022-12-CENSUS-0000240167,LDABZVFUKNS3,2022,2023-09-27,380381199
2022-12-CENSUS-0000240167,LDABZVFUKNS3,2022,2023-09-27,381358164
2022-12-CENSUS-0000240167,LDABZVFUKNS3,2022,2023-09-27,383067954
2022-12-CENSUS-0000240167,LDABZVFUKNS3,2022,2023-09-27,381359517
2022-12-CENSUS-0000240167,LDABZVFUKNS3,2022,2023-09-27,381368744
2022-12-CENSUS-0000240167,LDABZVFUKNS3,2022,2023-09-27,270381199
2022-12-CENSUS-0000240167,LDABZVFUKNS3,2022,2023-09-27,391297435
2022-12-CENSUS-0000240167,LDABZVFUKNS3,2022,2023-09-27,381358412
2022-12-CENSUS-0000240167,LDABZVFUKNS3,2022,2023-09-27,381297435
2022-12-CENSUS-0000240167,LDABZVFUKNS3,2022,2023-09-27,383242232
2022-12-CENSUS-0000240167,LDABZVFUKNS3,2022,2023-09-27,382415333
2022-12-CENSUS-0000240167,LDABZVFUKNS3,2022,2023-09-27,382416086
2022-12-CENSUS-0000240167,LDABZVFUKNS3,2022,2023-09-27,381359266
2022-12-CENSUS-0000240167,LDABZVFUKNS3,2022,2023-09-27,382609624
2022-12-CENSUS-0000240167,LDABZVFUKNS3,2022,2023-09-27,382748035
2022-12-CENSUS-0000240167,LDABZVFUKNS3,2022,2023-09-27,474398187
2022-12-CENSUS-0000240167,LDABZVFUKNS3,2022,2023-09-27,381360562
2022-12-CENSUS-0000240167,LDABZVFUKNS3,2022,2023-09-27,381411184
2022-12-CENSUS-0000240167,LDABZVFUKNS3,2022,2023-09-27,382752328
2022-12-CENSUS-0000240167,LDABZVFUKNS3,2022,2023-09-27,381359195
2022-12-CENSUS-0000240167,LDABZVFUKNS3,2022,2023-09-27,475508608
2022-12-CENSUS-0000069276,M4P4HJF7HHN7,2022,2023-09-28,470376604
2022-12-CENSUS-0000069276,M4P4HJF7HHN7,2022,2023-09-28,470687317
2022-12-CENSUS-0000069276,M4P4HJF7HHN7,2022,2023-09-28,420680355
2022-12-CENSUS-0000069276,M4P4HJF7HHN7,2022,2023-09-28,470724387
2022-12-CENSUS-0000069276,M4P4HJF7HHN7,2022,2023-09-28,831362276
2022-12-CENSUS-0000238027,UETJCKGEX8G9,2022,2023-06-19,223073668
2022-06-CENSUS-0000003178,K63GSZHMURP4,2022,2023-03-28,852763339
2022-09-CENSUS-0000189911,CQMFPQF41QW3,2022,2023-06-22,362604009
2022-09-CENSUS-0000189911,CQMFPQF41QW3,2022,2023-06-22,362167864
2022-12-CENSUS-0000245337,V37FF7QGCV99,2022,2023-09-10,274160293
2022-12-CENSUS-0000245337,V37FF7QGCV99,2022,2023-09-10,201808351
2022-12-CENSUS-0000245337,V37FF7QGCV99,2022,2023-09-10,473325492
2022-12-CENSUS-0000245337,V37FF7QGCV99,2022,2023-09-10,264509307
2022-12-CENSUS-0000187486,VQ6KM2CU6MM7,2022,2023-07-13,030433655
2022-08-CENSUS-0000217263,QWZ5MNPB3DW5,2022,2023-05-02,822886327
2022-09-CENSUS-0000161670,C5JAL4UR7YZ9,2022,2023-06-28,462518059
2022-09-CENSUS-0000226122,L9L8P23B6UX7,2022,2023-02-05,030183483
2022-12-CENSUS-0000018066,QLN8MNT12F84,2022,2023-07-10,161170407
2022-12-CENSUS-0000018066,QLN8MNT12F84,2022,2023-07-10,160986741
2022-12-CENSUS-0000018066,QLN8MNT12F84,2022,2023-07-10,161307983
2022-12-CENSUS-0000018066,QLN8MNT12F84,2022,2023-07-10,237013819
2022-12-CENSUS-0000018066,QLN8MNT12F84,2022,2023-07-10,320558132
2022-12-CENSUS-0000018066,QLN8MNT12F84,2022,2023-07-10,822854737
2022-12-CENSUS-0000018066,QLN8MNT12F84,2022,2023-07-10,301042726
2022-12-CENSUS-0000018066,QLN8MNT12F84,2022,2023-07-10,161075281
2022-12-CENSUS-0000018066,QLN8MNT12F84,2022,2023-07-10,160991717
2022-12-CENSUS-0000142635,SNLVZU2Y4GE4,2022,2023-06-20,356001347
2022-12-CENSUS-0000142635,SNLVZU2Y4GE4,2022,2023-06-20,351159574
2022-06-CENSUS-0000185840,NNCAHMFHXQ13,2022,2023-01-08,546001471
2022-12-CENSUS-0000202105,JQH2GEMCAVN5,2022,2023-08-01,231352187
2022-12-CENSUS-0000202105,JQH2GEMCAVN5,2022,2023-08-01,231996150
2022-12-CENSUS-0000202105,JQH2GEMCAVN5,2022,2023-08-01,232193572
2022-12-CENSUS-0000202105,JQH2GEMCAVN5,2022,2023-08-01,232311553
2022-12-CENSUS-0000202105,JQH2GEMCAVN5,2022,2023-08-01,232463002
2022-12-CENSUS-0000202105,JQH2GEMCAVN5,2022,2023-08-01,232967235
2022-12-CENSUS-0000202105,JQH2GEMCAVN5,2022,2023-08-01,233024998
2022-12-CENSUS-0000202105,JQH2GEMCAVN5,2022,2023-08-01,240792115
2022-12-CENSUS-0000202105,JQH2GEMCAVN5,2022,2023-08-01,240795959
2022-12-CENSUS-0000202105,JQH2GEMCAVN5,2022,2023-08-01,240862246
2022-12-CENSUS-0000202105,JQH2GEMCAVN5,2022,2023-08-01,251651582
2022-12-CENSUS-0000202105,JQH2GEMCAVN5,2022,2023-08-01,251766971
2022-12-CENSUS-0000202105,JQH2GEMCAVN5,2022,2023-08-01,260812968
2022-12-CENSUS-0000202105,JQH2GEMCAVN5,2022,2023-08-01,831871064
2022-12-CENSUS-0000202105,JQH2GEMCAVN5,2022,2023-08-01,231512747
2022-06-CENSUS-0000254307,WJH3JNMLJCV1,2022,2023-03-30,421307141
2022-06-CENSUS-0000254307,WJH3JNMLJCV1,2022,2023-03-30,421081055
2022-09-CENSUS-0000253773,HS9CP4BK8661,2022,2023-06-29,710290019
2022-09-CENSUS-0000253773,HS9CP4BK8661,2022,2023-06-29,273970823
2022-09-CENSUS-0000253773,HS9CP4BK8661,2022,2023-06-29,710835247
2022-09-CENSUS-0000253773,HS9CP4BK8661,2022,2023-06-29,331048492
2022-09-CENSUS-0000253773,HS9CP4BK8661,2022,2023-06-29,731650896
2022-09-CENSUS-0000253773,HS9CP4BK8661,2022,2023-06-29,710788355
2022-06-CENSUS-0000097664,SAFBJDMBB9A6,2022,2023-03-16,710694931
2022-06-CENSUS-0000233291,NAXXXXXXXXXX,2022,2023-08-24,520591684
2022-06-CENSUS-0000233291,NAXXXXXXXXXX,2022,2023-08-24,520730225
2022-06-CENSUS-0000233291,NAXXXXXXXXXX,2022,2023-08-24,521162749
2022-06-CENSUS-0000233291,NAXXXXXXXXXX,2022,2023-08-24,521277262
2022-06-CENSUS-0000233291,NAXXXXXXXXXX,2022,2023-08-24,521338141
2022-06-CENSUS-0000233291,NAXXXXXXXXXX,2022,2023-08-24,521392214
2022-06-CENSUS-0000176066,EFZMPZAJTZS9,2022,2023-03-05,546001316
2022-09-CENSUS-0000241259,Y5LHLB34NDD6,2022,2023-05-18,463774942
2022-09-CENSUS-0000241259,Y5LHLB34NDD6,2022,2023-05-18,271094843
2022-09-CENSUS-0000241259,Y5LHLB34NDD6,2022,2023-05-18,454088317
2022-09-CENSUS-0000241259,Y5LHLB34NDD6,2022,2023-05-18,454356706
2022-09-CENSUS-0000241259,Y5LHLB34NDD6,2022,2023-05-18,454599323
2022-09-CENSUS-0000241259,Y5LHLB34NDD6,2022,2023-05-18,454907023
2022-09-CENSUS-0000241259,Y5LHLB34NDD6,2022,2023-05-18,455568773
2022-09-CENSUS-0000241259,Y5LHLB34NDD6,2022,2023-05-18,460893642
2022-09-CENSUS-0000241259,Y5LHLB34NDD6,2022,2023-05-18,462726702
2022-09-CENSUS-0000241259,Y5LHLB34NDD6,2022,2023-05-18,300313534
2022-09-CENSUS-0000241259,Y5LHLB34NDD6,2022,2023-05-18,320504741
2022-09-CENSUS-0000241259,Y5LHLB34NDD6,2022,2023-05-18,352597656
2022-09-CENSUS-0000241259,Y5LHLB34NDD6,2022,2023-05-18,371793285
2022-09-CENSUS-0000241259,Y5LHLB34NDD6,2022,2023-05-18,462796563
2022-09-CENSUS-0000241259,Y5LHLB34NDD6,2022,2023-05-18,462997400
2022-09-CENSUS-0000241259,Y5LHLB34NDD6,2022,2023-05-18,463011555
2022-09-CENSUS-0000241259,Y5LHLB34NDD6,2022,2023-05-18,463101450
2022-09-CENSUS-0000241259,Y5LHLB34NDD6,2022,2023-05-18,463277388
2022-09-CENSUS-0000241259,Y5LHLB34NDD6,2022,2023-05-18,843045094
2022-07-CENSUS-0000256530,XC7YUHJSNTV5,2022,2023-01-04,391139101
2022-06-CENSUS-0000176055,Y2BSP82QPGB3,2022,2023-02-23,546001249
2022-06-CENSUS-0000176055,Y2BSP82QPGB3,2022,2023-02-23,546001251
2022-06-CENSUS-0000027784,NYQ5ENN6GLQ9,2022,2023-06-21,270022215
2022-06-CENSUS-0000027784,NYQ5ENN6GLQ9,2022,2023-06-21,300002632
2022-12-CENSUS-0000256217,YUW7K6XF4JV3,2022,2023-10-01,161518379
2022-09-CENSUS-0000232515,KDU9TMGM2TH6,2022,2023-06-29,222592333
2022-09-CENSUS-0000232515,KDU9TMGM2TH6,2022,2023-06-29,222703314
2022-09-CENSUS-0000232515,KDU9TMGM2TH6,2022,2023-06-29,042105745
2022-09-CENSUS-0000186037,FDU6Y7GFNJZ5,2022,2023-08-10,461591320
2022-09-CENSUS-0000186037,FDU6Y7GFNJZ5,2022,2023-08-10,261174920
2022-09-CENSUS-0000186037,FDU6Y7GFNJZ5,2022,2023-08-10,844652235
2022-09-CENSUS-0000186037,FDU6Y7GFNJZ5,2022,2023-08-10,371739428
2022-09-CENSUS-0000186037,FDU6Y7GFNJZ5,2022,2023-08-10,412021671
2022-09-CENSUS-0000186037,FDU6Y7GFNJZ5,2022,2023-08-10,844668574
2022-09-CENSUS-0000186037,FDU6Y7GFNJZ5,2022,2023-08-10,320441777
2022-09-CENSUS-0000186037,FDU6Y7GFNJZ5,2022,2023-08-10,364822625
2022-09-CENSUS-0000186037,FDU6Y7GFNJZ5,2022,2023-08-10,300986156
2022-06-CENSUS-0000171426,JRSQR8PAE1L3,2022,2023-03-19,626000790
2022-06-CENSUS-0000197070,NNYDFK5FTSX9,2022,2023-03-26,237043186
2022-12-CENSUS-0000256343,RMJ9SKEWSXJ6,2022,2023-09-28,221589210
2022-12-CENSUS-0000006839,N5FHC3ENDEZ8,2022,2023-07-23,061235155
2022-06-CENSUS-0000224322,Y8VCSRNCS769,2022,2023-03-15,113502051
2022-06-CENSUS-0000224322,Y8VCSRNCS769,2022,2023-03-15,112515996
2022-06-CENSUS-0000202092,KCBGNFJGK478,2022,2023-03-19,453570715
2022-06-CENSUS-0000202092,KCBGNFJGK478,2022,2023-03-19,141348692
2022-06-CENSUS-0000202092,KCBGNFJGK478,2022,2023-03-19,222262982
2022-06-CENSUS-0000202092,KCBGNFJGK478,2022,2023-03-19,222743478
2022-06-CENSUS-0000202092,KCBGNFJGK478,2022,2023-03-19,222345416
2022-06-CENSUS-0000202092,KCBGNFJGK478,2022,2023-03-19,141776186
2022-06-CENSUS-0000202092,KCBGNFJGK478,2022,2023-03-19,141338457
2022-06-CENSUS-0000202092,KCBGNFJGK478,2022,2023-03-19,141338544
2022-06-CENSUS-0000202092,KCBGNFJGK478,2022,2023-03-19,141338386
2022-06-CENSUS-0000202092,KCBGNFJGK478,2022,2023-03-19,141710225
2022-06-CENSUS-0000202092,KCBGNFJGK478,2022,2023-03-19,141701597
2022-06-CENSUS-0000202092,KCBGNFJGK478,2022,2023-03-19,141717028
2022-06-CENSUS-0000202092,KCBGNFJGK478,2022,2023-03-19,141756230
2022-06-CENSUS-0000202092,KCBGNFJGK478,2022,2023-03-19,141438749
2022-06-CENSUS-0000202092,KCBGNFJGK478,2022,2023-03-19,141743506
2022-06-CENSUS-0000202092,KCBGNFJGK478,2022,2023-03-19,141514867
2022-06-CENSUS-0000202092,KCBGNFJGK478,2022,2023-03-19,141608921
2022-06-CENSUS-0000202092,KCBGNFJGK478,2022,2023-03-19,272153849
2022-06-CENSUS-0000202092,KCBGNFJGK478,2022,2023-03-19,141725101
2022-06-CENSUS-0000202092,KCBGNFJGK478,2022,2023-03-19,222570478
2022-06-CENSUS-0000202092,KCBGNFJGK478,2022,2023-03-19,461177336
2022-06-CENSUS-0000202092,KCBGNFJGK478,2022,2023-03-19,141795732
2022-06-CENSUS-0000202092,KCBGNFJGK478,2022,2023-03-19,473752176
2022-06-CENSUS-0000202092,KCBGNFJGK478,2022,2023-03-19,261720984
2022-06-CENSUS-0000202092,KCBGNFJGK478,2022,2023-03-19,580566223
2022-06-CENSUS-0000202092,KCBGNFJGK478,2022,2023-03-19,261858563
2022-06-CENSUS-0000202092,KCBGNFJGK478,2022,2023-03-19,941437713
2022-06-CENSUS-0000202092,KCBGNFJGK478,2022,2023-03-19,942839324
2022-06-CENSUS-0000202092,KCBGNFJGK478,2022,2023-03-19,590791028
2022-06-CENSUS-0000202092,KCBGNFJGK478,2022,2023-03-19,812531495
2022-06-CENSUS-0000202092,KCBGNFJGK478,2022,2023-03-19,832256461
2022-06-CENSUS-0000202092,KCBGNFJGK478,2022,2023-03-19,352325646
2022-06-CENSUS-0000202092,KCBGNFJGK478,2022,2023-03-19,350868157
2022-06-CENSUS-0000202092,KCBGNFJGK478,2022,2023-03-19,351142669
2022-06-CENSUS-0000202092,KCBGNFJGK478,2022,2023-03-19,351568821
2022-06-CENSUS-0000202092,KCBGNFJGK478,2022,2023-03-19,421336618
2022-06-CENSUS-0000202092,KCBGNFJGK478,2022,2023-03-19,311594356
2022-06-CENSUS-0000202092,KCBGNFJGK478,2022,2023-03-19,412044739
2022-06-CENSUS-0000202092,KCBGNFJGK478,2022,2023-03-19,260899565
2022-06-CENSUS-0000202092,KCBGNFJGK478,2022,2023-03-19,461906752
2022-06-CENSUS-0000202092,KCBGNFJGK478,2022,2023-03-19,311373080
2022-06-CENSUS-0000202092,KCBGNFJGK478,2022,2023-03-19,201960348
2022-06-CENSUS-0000202092,KCBGNFJGK478,2022,2023-03-19,421173708
2022-06-CENSUS-0000202092,KCBGNFJGK478,2022,2023-03-19,134365966
2022-06-CENSUS-0000202092,KCBGNFJGK478,2022,2023-03-19,134237594
2022-06-CENSUS-0000202092,KCBGNFJGK478,2022,2023-03-19,311568151
2022-06-CENSUS-0000202092,KCBGNFJGK478,2022,2023-03-19,311407377
2022-06-CENSUS-0000202092,KCBGNFJGK478,2022,2023-03-19,421500277
2022-06-CENSUS-0000202092,KCBGNFJGK478,2022,2023-03-19,208072234
2022-06-CENSUS-0000202092,KCBGNFJGK478,2022,2023-03-19,421283849
2022-06-CENSUS-0000202092,KCBGNFJGK478,2022,2023-03-19,141880022
2022-06-CENSUS-0000202092,KCBGNFJGK478,2022,2023-03-19,364015560
2022-06-CENSUS-0000202092,KCBGNFJGK478,2022,2023-03-19,363332852
2022-06-CENSUS-0000202092,KCBGNFJGK478,2022,2023-03-19,362379649
2022-06-CENSUS-0000202092,KCBGNFJGK478,2022,2023-03-19,520738041
2022-06-CENSUS-0000202092,KCBGNFJGK478,2022,2023-03-19,853904921
2022-06-CENSUS-0000202092,KCBGNFJGK478,2022,2023-03-19,272491974
2022-06-CENSUS-0000202092,KCBGNFJGK478,2022,2023-03-19,382589966
2022-06-CENSUS-0000202092,KCBGNFJGK478,2022,2023-03-19,911932918
2022-06-CENSUS-0000202092,KCBGNFJGK478,2022,2023-03-19,382638284
2022-06-CENSUS-0000202092,KCBGNFJGK478,2022,2023-03-19,382113393
2022-06-CENSUS-0000202092,KCBGNFJGK478,2022,2023-03-19,202020239
2022-06-CENSUS-0000202092,KCBGNFJGK478,2022,2023-03-19,382507173
2022-06-CENSUS-0000202092,KCBGNFJGK478,2022,2023-03-19,383316559
2022-06-CENSUS-0000202092,KCBGNFJGK478,2022,2023-03-19,824757260
2022-06-CENSUS-0000202092,KCBGNFJGK478,2022,2023-03-19,231352191
2022-06-CENSUS-0000202092,KCBGNFJGK478,2022,2023-03-19,232794121
2022-06-CENSUS-0000202092,KCBGNFJGK478,2022,2023-03-19,232627944
2022-06-CENSUS-0000202092,KCBGNFJGK478,2022,2023-03-19,203261266
2022-06-CENSUS-0000202092,KCBGNFJGK478,2022,2023-03-19,231913910
2022-06-CENSUS-0000202092,KCBGNFJGK478,2022,2023-03-19,232871206
2022-06-CENSUS-0000202092,KCBGNFJGK478,2022,2023-03-19,273938747
2022-06-CENSUS-0000202092,KCBGNFJGK478,2022,2023-03-19,465354512
2022-06-CENSUS-0000202092,KCBGNFJGK478,2022,2023-03-19,232571699
2022-06-CENSUS-0000202092,KCBGNFJGK478,2022,2023-03-19,510064326
2022-06-CENSUS-0000202092,KCBGNFJGK478,2022,2023-03-19,311113966
2022-06-CENSUS-0000202092,KCBGNFJGK478,2022,2023-03-19,311308555
2022-06-CENSUS-0000202092,KCBGNFJGK478,2022,2023-03-19,311439334
2022-06-CENSUS-0000202092,KCBGNFJGK478,2022,2023-03-19,342032340
2022-06-CENSUS-0000202092,KCBGNFJGK478,2022,2023-03-19,201983271
2022-06-CENSUS-0000202092,KCBGNFJGK478,2022,2023-03-19,311382442
2022-06-CENSUS-0000202092,KCBGNFJGK478,2022,2023-03-19,204145781
2022-06-CENSUS-0000202092,KCBGNFJGK478,2022,2023-03-19,820200895
2022-06-CENSUS-0000202092,KCBGNFJGK478,2022,2023-03-19,271790052
2022-06-CENSUS-0000202092,KCBGNFJGK478,2022,2023-03-19,820200896
2022-06-CENSUS-0000202092,KCBGNFJGK478,2022,2023-03-19,820526861
2022-06-CENSUS-0000202092,KCBGNFJGK478,2022,2023-03-19,271789847
2022-06-CENSUS-0000202092,KCBGNFJGK478,2022,2023-03-19,473073124
2022-06-CENSUS-0000202092,KCBGNFJGK478,2022,2023-03-19,251604115
2022-06-CENSUS-0000202092,KCBGNFJGK478,2022,2023-03-19,251436685
2022-06-CENSUS-0000202092,KCBGNFJGK478,2022,2023-03-19,150532254
2022-06-CENSUS-0000202092,KCBGNFJGK478,2022,2023-03-19,273899821
2022-06-CENSUS-0000202092,KCBGNFJGK478,2022,2023-03-19,161236354
2022-06-CENSUS-0000202092,KCBGNFJGK478,2022,2023-03-19,383320700
2022-06-CENSUS-0000202092,KCBGNFJGK478,2022,2023-03-19,383321856
2022-06-CENSUS-0000202092,KCBGNFJGK478,2022,2023-03-19,382621935
2022-06-CENSUS-0000202092,KCBGNFJGK478,2022,2023-03-19,382559656
2022-06-CENSUS-0000202092,KCBGNFJGK478,2022,2023-03-19,824005577
2022-06-CENSUS-0000202092,KCBGNFJGK478,2022,2023-03-19,382719605
2022-06-CENSUS-0000202092,KCBGNFJGK478,2022,2023-03-19,381891500
2022-06-CENSUS-0000202092,KCBGNFJGK478,2022,2023-03-19,060646843
2022-06-CENSUS-0000202092,KCBGNFJGK478,2022,2023-03-19,010274998
2022-06-CENSUS-0000202092,KCBGNFJGK478,2022,2023-03-19,560694200
2022-06-CENSUS-0000202092,KCBGNFJGK478,2022,2023-03-19,223431049
2022-06-CENSUS-0000202092,KCBGNFJGK478,2022,2023-03-19,832199054
2022-06-CENSUS-0000253951,EY97RELNYMH5,2022,2023-03-30,237198398
2022-06-CENSUS-0000253951,EY97RELNYMH5,2022,2023-03-30,710774925
2022-06-CENSUS-0000253951,EY97RELNYMH5,2022,2023-03-30,710416869
2022-06-CENSUS-0000253951,EY97RELNYMH5,2022,2023-03-30,710479416
2022-12-CENSUS-0000047209,HWF4TLSMWSZ3,2022,2023-08-14,262813100
2022-09-CENSUS-0000053832,GR61V9ZWU251,2022,2023-06-29,370661199
2022-09-CENSUS-0000053832,GR61V9ZWU251,2022,2023-06-29,370661230
2022-09-CENSUS-0000053832,GR61V9ZWU251,2022,2023-06-29,370661250
2022-09-CENSUS-0000053832,GR61V9ZWU251,2022,2023-06-29,370723793
2022-09-CENSUS-0000053832,GR61V9ZWU251,2022,2023-06-29,370661220
2022-06-CENSUS-0000186606,W8MNNBDTTG43,2022,2023-08-14,066001629
2022-12-CENSUS-0000033857,RFNEC8UJ77Z3,2022,2023-07-25,830922764
2022-06-CENSUS-0000249226,E7P5Y6U6A1X4,2022,2023-03-29,113356044
2022-12-CENSUS-0000101267,XJUCJAYJWYV1,2022,2023-05-10,870721923
2022-12-CENSUS-0000101267,XJUCJAYJWYV1,2022,2023-05-10,741287015
2022-06-CENSUS-0000238251,CKV2PF6EFSQ4,2022,2023-03-29,111977906
2022-06-CENSUS-0000238251,CKV2PF6EFSQ4,2022,2023-03-29,200515660
2022-06-CENSUS-0000238251,CKV2PF6EFSQ4,2022,2023-03-29,112870329
2022-06-CENSUS-0000238251,CKV2PF6EFSQ4,2022,2023-03-29,113583286
2022-09-CENSUS-0000253723,F5TRTTU8CA91,2022,2023-06-29,061463147
2022-09-CENSUS-0000253723,F5TRTTU8CA91,2022,2023-06-29,060647014
2022-12-CENSUS-0000071192,LA6VARLM6LV3,2022,2023-08-28,510357599
2022-12-CENSUS-0000071192,LA6VARLM6LV3,2022,2023-08-28,510373607
2022-12-CENSUS-0000071192,LA6VARLM6LV3,2022,2023-08-28,522041223
2022-12-CENSUS-0000071192,LA6VARLM6LV3,2022,2023-08-28,510389518
2022-12-CENSUS-0000071192,LA6VARLM6LV3,2022,2023-08-28,510398773
2022-12-CENSUS-0000071192,LA6VARLM6LV3,2022,2023-08-28,510408034
2022-12-CENSUS-0000071192,LA6VARLM6LV3,2022,2023-08-28,431992291
2022-12-CENSUS-0000071192,LA6VARLM6LV3,2022,2023-08-28,331081490
2022-12-CENSUS-0000071192,LA6VARLM6LV3,2022,2023-08-28,510448268
2022-12-CENSUS-0000071192,LA6VARLM6LV3,2022,2023-08-28,510368682
2022-06-CENSUS-0000081366,MBU6HCLNZ431,2022,2023-03-30,223849199
2022-09-CENSUS-0000152118,XNZKFEJ5DA89,2022,2023-06-28,680649504
2022-09-CENSUS-0000152118,XNZKFEJ5DA89,2022,2023-06-28,364569175
2022-06-CENSUS-0000176052,GHMUR8F8ER13,2022,2023-01-03,546001231
2022-06-CENSUS-0000176052,GHMUR8F8ER13,2022,2023-01-03,546001232
2022-06-CENSUS-0000182590,MTD4M7LKSKJ4,2022,2023-03-30,521645638
2022-06-CENSUS-0000182590,MTD4M7LKSKJ4,2022,2023-03-30,730770170
2022-12-CENSUS-0000244245,YACNK6XX6XV1,2022,2023-09-26,161105741
2022-12-CENSUS-0000244245,YACNK6XX6XV1,2022,2023-09-26,231294723
2022-12-CENSUS-0000244245,YACNK6XX6XV1,2022,2023-09-26,250965547
2022-12-CENSUS-0000244245,YACNK6XX6XV1,2022,2023-09-26,250969492
2022-12-CENSUS-0000244245,YACNK6XX6XV1,2022,2023-09-26,251320493
2022-12-CENSUS-0000244245,YACNK6XX6XV1,2022,2023-09-26,251470766
2022-12-CENSUS-0000244245,YACNK6XX6XV1,2022,2023-09-26,251737079
2022-12-CENSUS-0000244245,YACNK6XX6XV1,2022,2023-09-26,251848306
2022-12-CENSUS-0000244245,YACNK6XX6XV1,2022,2023-09-26,251875178
2022-12-CENSUS-0000244245,YACNK6XX6XV1,2022,2023-09-26,453674924
2022-12-CENSUS-0000244245,YACNK6XX6XV1,2022,2023-09-26,251679140
2022-12-CENSUS-0000244245,YACNK6XX6XV1,2022,2023-09-26,271939478
2022-12-CENSUS-0000244245,YACNK6XX6XV1,2022,2023-09-26,464682160
2022-12-CENSUS-0000244245,YACNK6XX6XV1,2022,2023-09-26,251742869
2022-12-CENSUS-0000244245,YACNK6XX6XV1,2022,2023-09-26,251340370
2022-12-CENSUS-0000244245,YACNK6XX6XV1,2022,2023-09-26,721529332
2022-12-CENSUS-0000244245,YACNK6XX6XV1,2022,2023-09-26,251684735
2022-12-CENSUS-0000244245,YACNK6XX6XV1,2022,2023-09-26,900996509
2022-06-CENSUS-0000003146,MBYAYNVYNNW8,2022,2023-01-25,043222080
2022-06-CENSUS-0000003146,MBYAYNVYNNW8,2022,2023-01-25,043264960
2022-06-CENSUS-0000003146,MBYAYNVYNNW8,2022,2023-01-25,043322079
2022-06-CENSUS-0000003146,MBYAYNVYNNW8,2022,2023-01-25,043347901
2022-06-CENSUS-0000003146,MBYAYNVYNNW8,2022,2023-01-25,043453021
2022-06-CENSUS-0000003146,MBYAYNVYNNW8,2022,2023-01-25,043753636
2022-06-CENSUS-0000226261,H49XBW9NK7E9,2022,2023-03-06,853765234
2022-06-CENSUS-0000226261,H49XBW9NK7E9,2022,2023-03-06,872322551
2022-06-CENSUS-0000176362,GCU8PW8ZDXN8,2022,2023-06-22,043816400
2022-06-CENSUS-0000176362,GCU8PW8ZDXN8,2022,2023-06-22,202868303
2022-06-CENSUS-0000176362,GCU8PW8ZDXN8,2022,2023-06-22,352671308
2022-06-CENSUS-0000176362,GCU8PW8ZDXN8,2022,2023-06-22,364824048
2022-06-CENSUS-0000176362,GCU8PW8ZDXN8,2022,2023-06-22,452096870
2022-06-CENSUS-0000176362,GCU8PW8ZDXN8,2022,2023-06-22,455122913
2022-06-CENSUS-0000176362,GCU8PW8ZDXN8,2022,2023-06-22,611530469
2022-06-CENSUS-0000176362,GCU8PW8ZDXN8,2022,2023-06-22,823847397
2022-06-CENSUS-0000176362,GCU8PW8ZDXN8,2022,2023-06-22,910589346
2022-06-CENSUS-0000176362,GCU8PW8ZDXN8,2022,2023-06-22,910671107
2022-06-CENSUS-0000176362,GCU8PW8ZDXN8,2022,2023-06-22,910742228
2022-06-CENSUS-0000176362,GCU8PW8ZDXN8,2022,2023-06-22,910752489
2022-06-CENSUS-0000176362,GCU8PW8ZDXN8,2022,2023-06-22,910759103
2022-06-CENSUS-0000176362,GCU8PW8ZDXN8,2022,2023-06-22,910780046
2022-06-CENSUS-0000176362,GCU8PW8ZDXN8,2022,2023-06-22,910814013
2022-06-CENSUS-0000176362,GCU8PW8ZDXN8,2022,2023-06-22,910817705
2022-06-CENSUS-0000176362,GCU8PW8ZDXN8,2022,2023-06-22,910819265
2022-06-CENSUS-0000176362,GCU8PW8ZDXN8,2022,2023-06-22,910821742
2022-06-CENSUS-0000176362,GCU8PW8ZDXN8,2022,2023-06-22,910821964
2022-06-CENSUS-0000176362,GCU8PW8ZDXN8,2022,2023-06-22,910821972
2022-06-CENSUS-0000176362,GCU8PW8ZDXN8,2022,2023-06-22,910822539
2022-06-CENSUS-0000176362,GCU8PW8ZDXN8,2022,2023-06-22,910822848
2022-06-CENSUS-0000176362,GCU8PW8ZDXN8,2022,2023-06-22,910823201
2022-06-CENSUS-0000176362,GCU8PW8ZDXN8,2022,2023-06-22,910823636
2022-06-CENSUS-0000176362,GCU8PW8ZDXN8,2022,2023-06-22,910823820
2022-06-CENSUS-0000176362,GCU8PW8ZDXN8,2022,2023-06-22,910824167
2022-06-CENSUS-0000176362,GCU8PW8ZDXN8,2022,2023-06-22,910824213
2022-06-CENSUS-0000176362,GCU8PW8ZDXN8,2022,2023-06-22,910824589
2022-06-CENSUS-0000176362,GCU8PW8ZDXN8,2022,2023-06-22,910824677
2022-06-CENSUS-0000176362,GCU8PW8ZDXN8,2022,2023-06-22,910824678
2022-06-CENSUS-0000176362,GCU8PW8ZDXN8,2022,2023-06-22,910825212
2022-06-CENSUS-0000176362,GCU8PW8ZDXN8,2022,2023-06-22,910826533
2022-06-CENSUS-0000176362,GCU8PW8ZDXN8,2022,2023-06-22,910826741
2022-06-CENSUS-0000176362,GCU8PW8ZDXN8,2022,2023-06-22,910826872
2022-06-CENSUS-0000176362,GCU8PW8ZDXN8,2022,2023-06-22,910855768
2022-06-CENSUS-0000176362,GCU8PW8ZDXN8,2022,2023-06-22,910969074
2022-06-CENSUS-0000176362,GCU8PW8ZDXN8,2022,2023-06-22,911001714
2022-06-CENSUS-0000176362,GCU8PW8ZDXN8,2022,2023-06-22,911004770
2022-06-CENSUS-0000176362,GCU8PW8ZDXN8,2022,2023-06-22,911142111
2022-06-CENSUS-0000176362,GCU8PW8ZDXN8,2022,2023-06-22,911214646
2022-06-CENSUS-0000176362,GCU8PW8ZDXN8,2022,2023-06-22,911409321
2022-06-CENSUS-0000176362,GCU8PW8ZDXN8,2022,2023-06-22,911412780
2022-06-CENSUS-0000176362,GCU8PW8ZDXN8,2022,2023-06-22,911443137
2022-06-CENSUS-0000176362,GCU8PW8ZDXN8,2022,2023-06-22,911444603
2022-06-CENSUS-0000176362,GCU8PW8ZDXN8,2022,2023-06-22,911455000
2022-06-CENSUS-0000176362,GCU8PW8ZDXN8,2022,2023-06-22,911522175
2022-06-CENSUS-0000176362,GCU8PW8ZDXN8,2022,2023-06-22,911523302
2022-06-CENSUS-0000176362,GCU8PW8ZDXN8,2022,2023-06-22,911523641
2022-06-CENSUS-0000176362,GCU8PW8ZDXN8,2022,2023-06-22,911526457
2022-06-CENSUS-0000176362,GCU8PW8ZDXN8,2022,2023-06-22,911526618
2022-06-CENSUS-0000176362,GCU8PW8ZDXN8,2022,2023-06-22,911632572
2022-06-CENSUS-0000176362,GCU8PW8ZDXN8,2022,2023-06-22,911727284
2022-06-CENSUS-0000176362,GCU8PW8ZDXN8,2022,2023-06-22,911874730
2022-06-CENSUS-0000176362,GCU8PW8ZDXN8,2022,2023-06-22,912152443
2022-06-CENSUS-0000176362,GCU8PW8ZDXN8,2022,2023-06-22,916000562
2022-06-CENSUS-0000176362,GCU8PW8ZDXN8,2022,2023-06-22,916000618
2022-06-CENSUS-0000176362,GCU8PW8ZDXN8,2022,2023-06-22,916000624
2022-06-CENSUS-0000176362,GCU8PW8ZDXN8,2022,2023-06-22,916001060
2022-06-CENSUS-0000176362,GCU8PW8ZDXN8,2022,2023-06-22,916001062
2022-06-CENSUS-0000176362,GCU8PW8ZDXN8,2022,2023-06-22,916001063
2022-06-CENSUS-0000176362,GCU8PW8ZDXN8,2022,2023-06-22,916001069
2022-06-CENSUS-0000176362,GCU8PW8ZDXN8,2022,2023-06-22,916001071
2022-06-CENSUS-0000176362,GCU8PW8ZDXN8,2022,2023-06-22,916001078
2022-06-CENSUS-0000176362,GCU8PW8ZDXN8,2022,2023-06-22,916001084
2022-06-CENSUS-0000176362,GCU8PW8ZDXN8,2022,2023-06-22,916001088
2022-06-CENSUS-0000176362,GCU8PW8ZDXN8,2022,2023-06-22,916001090
2022-06-CENSUS-0000176362,GCU8PW8ZDXN8,2022,2023-06-22,916001093
2022-06-CENSUS-0000176362,GCU8PW8ZDXN8,2022,2023-06-22,916001095
2022-06-CENSUS-0000176362,GCU8PW8ZDXN8,2022,2023-06-22,916001099
2022-06-CENSUS-0000176362,GCU8PW8ZDXN8,2022,2023-06-22,916001106
2022-06-CENSUS-0000176362,GCU8PW8ZDXN8,2022,2023-06-22,916001107
2022-06-CENSUS-0000176362,GCU8PW8ZDXN8,2022,2023-06-22,916001108
2022-06-CENSUS-0000176362,GCU8PW8ZDXN8,2022,2023-06-22,916001109
2022-06-CENSUS-0000176362,GCU8PW8ZDXN8,2022,2023-06-22,916001112
2022-06-CENSUS-0000176362,GCU8PW8ZDXN8,2022,2023-06-22,916001121
2022-06-CENSUS-0000176362,GCU8PW8ZDXN8,2022,2023-06-22,916001127
2022-06-CENSUS-0000176362,GCU8PW8ZDXN8,2022,2023-06-22,916001211
2022-06-CENSUS-0000176362,GCU8PW8ZDXN8,2022,2023-06-22,916001537
2022-06-CENSUS-0000176362,GCU8PW8ZDXN8,2022,2023-06-22,916001658
2022-06-CENSUS-0000176362,GCU8PW8ZDXN8,2022,2023-06-22,916012771
2022-06-CENSUS-0000176362,GCU8PW8ZDXN8,2022,2023-06-22,916013419
2022-06-CENSUS-0000176362,GCU8PW8ZDXN8,2022,2023-06-22,916072664
2022-06-CENSUS-0000165250,FMXSY2JJ1H13,2022,2023-03-30,261404499
2022-06-CENSUS-0000023082,KNEPG1AQ5KV3,2022,2023-09-13,223441769
2022-12-CENSUS-0000255130,WGF6Y6S9AF49,2022,2023-09-28,311608691
2022-12-CENSUS-0000255130,WGF6Y6S9AF49,2022,2023-09-28,311608701
2022-12-CENSUS-0000255130,WGF6Y6S9AF49,2022,2023-09-28,411728753
2022-12-CENSUS-0000255130,WGF6Y6S9AF49,2022,2023-09-28,311608696
2022-12-CENSUS-0000255130,WGF6Y6S9AF49,2022,2023-09-28,311572624
2022-12-CENSUS-0000255130,WGF6Y6S9AF49,2022,2023-09-28,472292912
2022-12-CENSUS-0000255130,WGF6Y6S9AF49,2022,2023-09-28,450232943
2022-12-CENSUS-0000255130,WGF6Y6S9AF49,2022,2023-09-28,410871848
2022-12-CENSUS-0000255130,WGF6Y6S9AF49,2022,2023-09-28,460904337
2022-12-CENSUS-0000255130,WGF6Y6S9AF49,2022,2023-09-28,410693953
2022-12-CENSUS-0000255130,WGF6Y6S9AF49,2022,2023-09-28,411783680
2022-12-CENSUS-0000255130,WGF6Y6S9AF49,2022,2023-09-28,412013927
2022-12-CENSUS-0000255130,WGF6Y6S9AF49,2022,2023-09-28,201723948
2022-12-CENSUS-0000255130,WGF6Y6S9AF49,2022,2023-09-28,208916091
2022-12-CENSUS-0000255130,WGF6Y6S9AF49,2022,2023-09-28,411539761
2022-12-CENSUS-0000255130,WGF6Y6S9AF49,2022,2023-09-28,411694818
2022-12-CENSUS-0000255130,WGF6Y6S9AF49,2022,2023-09-28,810754064
2022-12-CENSUS-0000255130,WGF6Y6S9AF49,2022,2023-09-28,411625095
2022-12-CENSUS-0000255130,WGF6Y6S9AF49,2022,2023-09-28,273219747
2022-12-CENSUS-0000255130,WGF6Y6S9AF49,2022,2023-09-28,271279704
2022-12-CENSUS-0000255130,WGF6Y6S9AF49,2022,2023-09-28,416045816
2022-12-CENSUS-0000255130,WGF6Y6S9AF49,2022,2023-09-28,200507069
2022-12-CENSUS-0000255130,WGF6Y6S9AF49,2022,2023-09-28,271466676
2022-12-CENSUS-0000255130,WGF6Y6S9AF49,2022,2023-09-28,411821882
2022-12-CENSUS-0000255130,WGF6Y6S9AF49,2022,2023-09-28,200044030
2022-12-CENSUS-0000255130,WGF6Y6S9AF49,2022,2023-09-28,411424801
2022-12-CENSUS-0000255130,WGF6Y6S9AF49,2022,2023-09-28,204063752
2022-12-CENSUS-0000255130,WGF6Y6S9AF49,2022,2023-09-28,410855707
2022-12-CENSUS-0000255130,WGF6Y6S9AF49,2022,2023-09-28,411927112
2022-12-CENSUS-0000255130,WGF6Y6S9AF49,2022,2023-09-28,410711597
2022-12-CENSUS-0000255130,WGF6Y6S9AF49,2022,2023-09-28,752990222
2022-12-CENSUS-0000255130,WGF6Y6S9AF49,2022,2023-09-28,450359794
2022-12-CENSUS-0000255130,WGF6Y6S9AF49,2022,2023-09-28,420868449
2022-12-CENSUS-0000255130,WGF6Y6S9AF49,2022,2023-09-28,262086933
2022-06-CENSUS-0000090914,GRJEYNHGVCW5,2022,2023-05-08,592953807
2022-06-CENSUS-0000090914,GRJEYNHGVCW5,2022,2023-05-08,593953527
2022-09-CENSUS-0000247948,FJ45DALSSU69,2022,2023-03-09,042767880
2022-09-CENSUS-0000247948,FJ45DALSSU69,2022,2023-03-09,043400617
2022-09-CENSUS-0000247948,FJ45DALSSU69,2022,2023-03-09,042103590
2022-06-CENSUS-0000171384,GEYBRPBMD5H7,2022,2023-03-13,626000598
2022-06-CENSUS-0000171384,GEYBRPBMD5H7,2022,2023-03-13,626000593
2022-06-CENSUS-0000254586,QL8JKK9NCHK1,2022,2023-03-23,943282484
2022-06-CENSUS-0000254586,QL8JKK9NCHK1,2022,2023-03-23,990262226
2022-06-CENSUS-0000254586,QL8JKK9NCHK1,2022,2023-03-23,990262196
2022-06-CENSUS-0000254586,QL8JKK9NCHK1,2022,2023-03-23,990262197
2022-06-CENSUS-0000254586,QL8JKK9NCHK1,2022,2023-03-23,990262194
2022-06-CENSUS-0000254586,QL8JKK9NCHK1,2022,2023-03-23,990262217
2022-06-CENSUS-0000254586,QL8JKK9NCHK1,2022,2023-03-23,990293974
2022-06-CENSUS-0000254586,QL8JKK9NCHK1,2022,2023-03-23,990294642
2022-06-CENSUS-0000254586,QL8JKK9NCHK1,2022,2023-03-23,990262191
2022-06-CENSUS-0000254586,QL8JKK9NCHK1,2022,2023-03-23,990262276
2022-06-CENSUS-0000254586,QL8JKK9NCHK1,2022,2023-03-23,990263310
2022-06-CENSUS-0000254586,QL8JKK9NCHK1,2022,2023-03-23,263083706
2022-06-CENSUS-0000256799,L3DAPP6NCD53,2022,2023-01-29,223565897
2022-06-CENSUS-0000256799,L3DAPP6NCD53,2022,2023-01-29,223565894
2022-12-CENSUS-0000195844,CVNSMM23WXD6,2022,2023-10-01,940535360
2022-12-CENSUS-0000195844,CVNSMM23WXD6,2022,2023-10-01,453220509
2022-12-CENSUS-0000195844,CVNSMM23WXD6,2022,2023-10-01,941279779
2022-12-CENSUS-0000195844,CVNSMM23WXD6,2022,2023-10-01,953899682
2022-12-CENSUS-0000195844,CVNSMM23WXD6,2022,2023-10-01,680108919
2022-12-CENSUS-0000195844,CVNSMM23WXD6,2022,2023-10-01,941639901
2022-12-CENSUS-0000195844,CVNSMM23WXD6,2022,2023-10-01,941387866
2022-12-CENSUS-0000195844,CVNSMM23WXD6,2022,2023-10-01,680395149
2022-12-CENSUS-0000195844,CVNSMM23WXD6,2022,2023-10-01,952282647
2022-12-CENSUS-0000195844,CVNSMM23WXD6,2022,2023-10-01,990107330
2022-12-CENSUS-0000195844,CVNSMM23WXD6,2022,2023-10-01,845174585
2022-12-CENSUS-0000195844,CVNSMM23WXD6,2022,2023-10-01,770258013
2022-12-CENSUS-0000195844,CVNSMM23WXD6,2022,2023-10-01,941044474
2022-12-CENSUS-0000195844,CVNSMM23WXD6,2022,2023-10-01,941101228
2022-12-CENSUS-0000195844,CVNSMM23WXD6,2022,2023-10-01,832351753
2022-12-CENSUS-0000195844,CVNSMM23WXD6,2022,2023-10-01,956064971
2022-12-CENSUS-0000195844,CVNSMM23WXD6,2022,2023-10-01,951816017
2022-12-CENSUS-0000195844,CVNSMM23WXD6,2022,2023-10-01,941415069
2022-12-CENSUS-0000195844,CVNSMM23WXD6,2022,2023-10-01,952294234
2022-12-CENSUS-0000195844,CVNSMM23WXD6,2022,2023-10-01,812240617
2022-12-CENSUS-0000195844,CVNSMM23WXD6,2022,2023-10-01,930622075
2022-12-CENSUS-0000195844,CVNSMM23WXD6,2022,2023-10-01,930429015
2022-12-CENSUS-0000195844,CVNSMM23WXD6,2022,2023-10-01,201384250
2022-12-CENSUS-0000195844,CVNSMM23WXD6,2022,2023-10-01,770578450
2022-12-CENSUS-0000195844,CVNSMM23WXD6,2022,2023-10-01,680002188
2022-12-CENSUS-0000195844,CVNSMM23WXD6,2022,2023-10-01,912135595
2022-12-CENSUS-0000195844,CVNSMM23WXD6,2022,2023-10-01,953760201
2022-12-CENSUS-0000195844,CVNSMM23WXD6,2022,2023-10-01,930386936
2022-06-CENSUS-0000255162,VJ8YGMQXL9F5,2022,2023-01-23,542052107
2022-12-CENSUS-0000220737,F57WRZU12PY3,2022,2023-09-28,020785952
2022-12-CENSUS-0000220737,F57WRZU12PY3,2022,2023-09-28,274439224
2022-12-CENSUS-0000220737,F57WRZU12PY3,2022,2023-09-28,760651571
2022-12-CENSUS-0000220737,F57WRZU12PY3,2022,2023-09-28,510557192
2022-12-CENSUS-0000220737,F57WRZU12PY3,2022,2023-09-28,474100922
2022-06-CENSUS-0000215297,YP9DX7FSLL72,2022,2023-03-28,581410376
2022-06-CENSUS-0000207359,E1H8KMKQHWZ5,2022,2023-01-08,616000521
2022-06-CENSUS-0000207359,E1H8KMKQHWZ5,2022,2023-01-08,261098793
2022-09-CENSUS-0000136076,XSTGNLF9ZDJ5,2022,2023-04-26,596000524
2022-09-CENSUS-0000136076,XSTGNLF9ZDJ5,2022,2023-04-26,596000528
2022-09-CENSUS-0000136076,XSTGNLF9ZDJ5,2022,2023-04-26,822465109
2022-06-CENSUS-0000176104,RTSBSRZCEKL1,2022,2023-03-22,546001533
2022-12-CENSUS-0000230943,JKBLMCE82GV4,2022,2023-08-14,812554036
2022-06-CENSUS-0000171427,RN8MBJN2BTM4,2022,2023-03-20,626000791
2022-06-CENSUS-0000244582,EGQYLC1X4LY6,2022,2023-03-28,112226072
2022-06-CENSUS-0000244582,EGQYLC1X4LY6,2022,2023-03-28,112248986
2022-06-CENSUS-0000244582,EGQYLC1X4LY6,2022,2023-03-28,112076023
2022-12-CENSUS-0000194687,L9TJD7JJ4JH9,2022,2023-04-20,821972456
2022-12-CENSUS-0000194687,L9TJD7JJ4JH9,2022,2023-04-20,454845897
2022-12-CENSUS-0000194687,L9TJD7JJ4JH9,2022,2023-04-20,161551942
2022-12-CENSUS-0000194687,L9TJD7JJ4JH9,2022,2023-04-20,203888962
2022-12-CENSUS-0000194687,L9TJD7JJ4JH9,2022,2023-04-20,264727560
2022-12-CENSUS-0000194687,L9TJD7JJ4JH9,2022,2023-04-20,201230703
2022-12-CENSUS-0000194687,L9TJD7JJ4JH9,2022,2023-04-20,822100361
2022-12-CENSUS-0000194687,L9TJD7JJ4JH9,2022,2023-04-20,161633628
2022-12-CENSUS-0000194687,L9TJD7JJ4JH9,2022,2023-04-20,550854904
2022-12-CENSUS-0000194687,L9TJD7JJ4JH9,2022,2023-04-20,010607626
2022-12-CENSUS-0000194687,L9TJD7JJ4JH9,2022,2023-04-20,202585518
2022-12-CENSUS-0000194687,L9TJD7JJ4JH9,2022,2023-04-20,201453574
2022-12-CENSUS-0000194687,L9TJD7JJ4JH9,2022,2023-04-20,454460312
2022-12-CENSUS-0000194687,L9TJD7JJ4JH9,2022,2023-04-20,651320518
2022-12-CENSUS-0000194687,L9TJD7JJ4JH9,2022,2023-04-20,743054963
2022-12-CENSUS-0000194687,L9TJD7JJ4JH9,2022,2023-04-20,261767093
2022-12-CENSUS-0000194687,L9TJD7JJ4JH9,2022,2023-04-20,161232968
2022-12-CENSUS-0000194687,L9TJD7JJ4JH9,2022,2023-04-20,161575986
2022-12-CENSUS-0000194687,L9TJD7JJ4JH9,2022,2023-04-20,161538108
2022-12-CENSUS-0000194687,L9TJD7JJ4JH9,2022,2023-04-20,571196062
2022-12-CENSUS-0000194687,L9TJD7JJ4JH9,2022,2023-04-20,204409794
2022-12-CENSUS-0000194687,L9TJD7JJ4JH9,2022,2023-04-20,161526968
2022-12-CENSUS-0000010670,MKUJBCZRGUM8,2022,2023-10-01,136714749
2022-12-CENSUS-0000010670,MKUJBCZRGUM8,2022,2023-10-01,471353602
2022-12-CENSUS-0000010670,MKUJBCZRGUM8,2022,2023-10-01,814351390
2022-12-CENSUS-0000010670,MKUJBCZRGUM8,2022,2023-10-01,824502169
2022-12-CENSUS-0000255673,KJ3LM18NS428,2022,2023-09-28,852985806
2022-12-CENSUS-0000255673,KJ3LM18NS428,2022,2023-09-28,273752730
2022-12-CENSUS-0000255673,KJ3LM18NS428,2022,2023-09-28,273752854
2022-12-CENSUS-0000255673,KJ3LM18NS428,2022,2023-09-28,275340755
2022-12-CENSUS-0000255673,KJ3LM18NS428,2022,2023-09-28,451138187
2022-12-CENSUS-0000255673,KJ3LM18NS428,2022,2023-09-28,311072406
2022-12-CENSUS-0000255673,KJ3LM18NS428,2022,2023-09-28,261566590
2022-12-CENSUS-0000255673,KJ3LM18NS428,2022,2023-09-28,271370967
2022-12-CENSUS-0000255673,KJ3LM18NS428,2022,2023-09-28,310993422
2022-12-CENSUS-0000255673,KJ3LM18NS428,2022,2023-09-28,465731515
2022-12-CENSUS-0000255673,KJ3LM18NS428,2022,2023-09-28,753008742
2022-06-CENSUS-0000196737,DPCXM6A1QBQ7,2022,2023-01-16,626000915
2022-08-CENSUS-0000053625,LNG6FLWJNJ86,2022,2023-05-29,237087041
2022-08-CENSUS-0000053625,LNG6FLWJNJ86,2022,2023-05-29,260876468
2022-08-CENSUS-0000053625,LNG6FLWJNJ86,2022,2023-05-29,271472342
2022-08-CENSUS-0000053625,LNG6FLWJNJ86,2022,2023-05-29,352194610
2022-08-CENSUS-0000053625,LNG6FLWJNJ86,2022,2023-05-29,352507700
2022-08-CENSUS-0000053625,LNG6FLWJNJ86,2022,2023-05-29,362169179
2022-08-CENSUS-0000053625,LNG6FLWJNJ86,2022,2023-05-29,362179764
2022-08-CENSUS-0000053625,LNG6FLWJNJ86,2022,2023-05-29,362179779
2022-08-CENSUS-0000053625,LNG6FLWJNJ86,2022,2023-05-29,362338884
2022-08-CENSUS-0000053625,LNG6FLWJNJ86,2022,2023-05-29,362513909
2022-08-CENSUS-0000053625,LNG6FLWJNJ86,2022,2023-05-29,362680776
2022-08-CENSUS-0000053625,LNG6FLWJNJ86,2022,2023-05-29,363097297
2022-08-CENSUS-0000053625,LNG6FLWJNJ86,2022,2023-05-29,363149833
2022-08-CENSUS-0000053625,LNG6FLWJNJ86,2022,2023-05-29,363155315
2022-08-CENSUS-0000053625,LNG6FLWJNJ86,2022,2023-05-29,363270521
2022-08-CENSUS-0000053625,LNG6FLWJNJ86,2022,2023-05-29,363484281
2022-08-CENSUS-0000053625,LNG6FLWJNJ86,2022,2023-05-29,363824138
2022-08-CENSUS-0000053625,LNG6FLWJNJ86,2022,2023-05-29,363887234
2022-08-CENSUS-0000053625,LNG6FLWJNJ86,2022,2023-05-29,364244337
2022-08-CENSUS-0000053625,LNG6FLWJNJ86,2022,2023-05-29,364310557
2022-08-CENSUS-0000053625,LNG6FLWJNJ86,2022,2023-05-29,364724966
2022-08-CENSUS-0000053625,LNG6FLWJNJ86,2022,2023-05-29,364836347
2022-08-CENSUS-0000053625,LNG6FLWJNJ86,2022,2023-05-29,370960170
2022-08-CENSUS-0000053625,LNG6FLWJNJ86,2022,2023-05-29,384017932
2022-08-CENSUS-0000053625,LNG6FLWJNJ86,2022,2023-05-29,453449737
2022-08-CENSUS-0000053625,LNG6FLWJNJ86,2022,2023-05-29,474579189
2022-08-CENSUS-0000053625,LNG6FLWJNJ86,2022,2023-05-29,800838376
2022-08-CENSUS-0000053625,LNG6FLWJNJ86,2022,2023-05-29,834687208
2022-08-CENSUS-0000053625,LNG6FLWJNJ86,2022,2023-05-29,841833690
2022-08-CENSUS-0000053625,LNG6FLWJNJ86,2022,2023-05-29,842020413
2022-08-CENSUS-0000053625,LNG6FLWJNJ86,2022,2023-05-29,842302820
2022-08-CENSUS-0000053625,LNG6FLWJNJ86,2022,2023-05-29,873930870
2022-08-CENSUS-0000053625,LNG6FLWJNJ86,2022,2023-05-29,900917479
2022-08-CENSUS-0000053625,LNG6FLWJNJ86,2022,2023-05-29,981313176
2022-06-CENSUS-0000171452,MUNUKPPCPLJ4,2022,2023-02-23,626000917
2022-12-CENSUS-0000213009,RZQ7ME5FXSJ4,2022,2023-06-11,874177218
2022-12-CENSUS-0000213009,RZQ7ME5FXSJ4,2022,2023-06-11,474661821
2022-12-CENSUS-0000213009,RZQ7ME5FXSJ4,2022,2023-06-11,823555707
2022-12-CENSUS-0000213009,RZQ7ME5FXSJ4,2022,2023-06-11,874154830
2022-09-CENSUS-0000192051,UNJXWD99B7N5,2022,2023-06-29,863281393
2022-09-CENSUS-0000242882,GN6MTBGWM4E1,2022,2023-06-28,381420304
2022-09-CENSUS-0000242882,GN6MTBGWM4E1,2022,2023-06-28,381218516
2022-09-CENSUS-0000242882,GN6MTBGWM4E1,2022,2023-06-28,381428164
2022-09-CENSUS-0000242882,GN6MTBGWM4E1,2022,2023-06-28,383491714
2022-09-CENSUS-0000242882,GN6MTBGWM4E1,2022,2023-06-28,382146751
2022-09-CENSUS-0000242882,GN6MTBGWM4E1,2022,2023-06-28,344428232
2022-09-CENSUS-0000242882,GN6MTBGWM4E1,2022,2023-06-28,382988086
2022-09-CENSUS-0000242882,GN6MTBGWM4E1,2022,2023-06-28,381976271
2022-09-CENSUS-0000242882,GN6MTBGWM4E1,2022,2023-06-28,381434090
2022-09-CENSUS-0000242882,GN6MTBGWM4E1,2022,2023-06-28,381613280
2022-09-CENSUS-0000242882,GN6MTBGWM4E1,2022,2023-06-28,382383119
2022-09-CENSUS-0000242882,GN6MTBGWM4E1,2022,2023-06-28,381369611
2022-09-CENSUS-0000242882,GN6MTBGWM4E1,2022,2023-06-28,382689033
2022-09-CENSUS-0000242882,GN6MTBGWM4E1,2022,2023-06-28,381474929
2022-09-CENSUS-0000242882,GN6MTBGWM4E1,2022,2023-06-28,383426063
2022-09-CENSUS-0000242882,GN6MTBGWM4E1,2022,2023-06-28,382683251
2022-09-CENSUS-0000242882,GN6MTBGWM4E1,2022,2023-06-28,382895426
2022-09-CENSUS-0000242882,GN6MTBGWM4E1,2022,2023-06-28,383038683
2022-09-CENSUS-0000242882,GN6MTBGWM4E1,2022,2023-06-28,202443604
2022-06-CENSUS-0000232421,XZ9KP9XDNCS4,2022,2023-03-27,351107009
2022-06-CENSUS-0000232421,XZ9KP9XDNCS4,2022,2023-03-27,454158203
2022-06-CENSUS-0000232421,XZ9KP9XDNCS4,2022,2023-03-27,351956395
2022-06-CENSUS-0000232421,XZ9KP9XDNCS4,2022,2023-03-27,820854709
2022-06-CENSUS-0000232421,XZ9KP9XDNCS4,2022,2023-03-27,352007327
2022-06-CENSUS-0000232421,XZ9KP9XDNCS4,2022,2023-03-27,351738708
2022-06-CENSUS-0000171403,N5D6ZPK28B18,2022,2023-01-26,626000685
2022-06-CENSUS-0000171403,N5D6ZPK28B18,2022,2023-01-26,620802375
2022-06-CENSUS-0000171403,N5D6ZPK28B18,2022,2023-01-26,626000602
2022-06-CENSUS-0000176084,MWLLXKHNBGB6,2022,2023-01-05,546001403
2022-06-CENSUS-0000176084,MWLLXKHNBGB6,2022,2023-01-05,546001400
2022-06-CENSUS-0000171425,Q22FAK2F3YM6,2022,2023-03-13,626000078
2022-12-CENSUS-0000253559,Z9V3MPN7GRD5,2022,2023-05-18,270581440
2022-12-CENSUS-0000258405,N5JBFEUTAKS3,2022,2023-06-26,311011485
2022-12-CENSUS-0000258405,N5JBFEUTAKS3,2022,2023-06-26,311033231
2022-06-CENSUS-0000137440,NRHNCSKYGFA7,2022,2023-01-03,205203416
2022-06-CENSUS-0000137440,NRHNCSKYGFA7,2022,2023-01-03,205203461
2022-06-CENSUS-0000137440,NRHNCSKYGFA7,2022,2023-01-03,204544790
2022-06-CENSUS-0000137440,NRHNCSKYGFA7,2022,2023-01-03,270393998
2022-06-CENSUS-0000137440,NRHNCSKYGFA7,2022,2023-01-03,320383573
2022-06-CENSUS-0000137440,NRHNCSKYGFA7,2022,2023-01-03,850811997
2022-06-CENSUS-0000005872,PLFBKZXQYDR8,2022,2023-03-09,222566612
2022-06-CENSUS-0000255895,L4CRCWFF4373,2022,2023-04-04,200991990
2022-06-CENSUS-0000255895,L4CRCWFF4373,2022,2023-04-04,465032999
2022-06-CENSUS-0000255895,L4CRCWFF4373,2022,2023-04-04,473539943
2022-06-CENSUS-0000255895,L4CRCWFF4373,2022,2023-04-04,560691100
2022-06-CENSUS-0000255895,L4CRCWFF4373,2022,2023-04-04,742323822
2022-06-CENSUS-0000255895,L4CRCWFF4373,2022,2023-04-04,463607347
2022-06-CENSUS-0000255895,L4CRCWFF4373,2022,2023-04-04,753054855
2022-06-CENSUS-0000255895,L4CRCWFF4373,2022,2023-04-04,200925675
2022-06-CENSUS-0000255895,L4CRCWFF4373,2022,2023-04-04,465033192
2022-06-CENSUS-0000255895,L4CRCWFF4373,2022,2023-04-04,813048423
2022-06-CENSUS-0000256642,HJXCTMXF7MP3,2022,2023-01-15,208906852
2022-06-CENSUS-0000256642,HJXCTMXF7MP3,2022,2023-01-15,351049596
2022-06-CENSUS-0000154881,LF77GRM3FWG5,2022,2023-03-23,455426026
2022-06-CENSUS-0000154881,LF77GRM3FWG5,2022,2023-03-23,251903092
2022-06-CENSUS-0000154881,LF77GRM3FWG5,2022,2023-03-23,470789985
2022-06-CENSUS-0000255403,DV91PNF3A9C4,2022,2023-03-26,421178403
2022-06-CENSUS-0000255403,DV91PNF3A9C4,2022,2023-03-26,420785890
2022-06-CENSUS-0000255403,DV91PNF3A9C4,2022,2023-03-26,421264647
2022-12-CENSUS-0000241423,PN5XZKRM6U43,2022,2023-05-08,261590901
2022-12-CENSUS-0000043824,E7JLQLJMV4X9,2022,2023-09-03,861704362
2022-06-CENSUS-0000146793,KSTKAJDHP2T9,2022,2023-01-08,720985901
2022-12-CENSUS-0000205505,HRTJWEKN3WH1,2022,2023-08-29,043473587
2022-12-CENSUS-0000205505,HRTJWEKN3WH1,2022,2023-08-29,223042334
2022-12-CENSUS-0000205505,HRTJWEKN3WH1,2022,2023-08-29,237420526
2022-12-CENSUS-0000205505,HRTJWEKN3WH1,2022,2023-08-29,462807273
2022-12-CENSUS-0000252622,DASAFLTJUTD6,2022,2023-09-28,271858033
2022-12-CENSUS-0000252622,DASAFLTJUTD6,2022,2023-09-28,480868859
2022-12-CENSUS-0000252622,DASAFLTJUTD6,2022,2023-09-28,833768458
2022-12-CENSUS-0000252622,DASAFLTJUTD6,2022,2023-09-28,833748461
2022-12-CENSUS-0000252622,DASAFLTJUTD6,2022,2023-09-28,593231322
2022-12-CENSUS-0000252622,DASAFLTJUTD6,2022,2023-09-28,862639185
2022-12-CENSUS-0000252622,DASAFLTJUTD6,2022,2023-09-28,841793121
2022-12-CENSUS-0000252622,DASAFLTJUTD6,2022,2023-09-28,834672945
2022-12-CENSUS-0000252622,DASAFLTJUTD6,2022,2023-09-28,830976641
2022-12-CENSUS-0000252622,DASAFLTJUTD6,2022,2023-09-28,870901094
2022-12-CENSUS-0000252622,DASAFLTJUTD6,2022,2023-09-28,841817046
2022-12-CENSUS-0000252622,DASAFLTJUTD6,2022,2023-09-28,364595806
2022-12-CENSUS-0000252622,DASAFLTJUTD6,2022,2023-09-28,862666178
2022-12-CENSUS-0000252622,DASAFLTJUTD6,2022,2023-09-28,471881744
2022-12-CENSUS-0000252622,DASAFLTJUTD6,2022,2023-09-28,843225135
2022-12-CENSUS-0000252622,DASAFLTJUTD6,2022,2023-09-28,651219504
2022-12-CENSUS-0000252622,DASAFLTJUTD6,2022,2023-09-28,205774723
2022-12-CENSUS-0000252622,DASAFLTJUTD6,2022,2023-09-28,363208390
2022-12-CENSUS-0000252622,DASAFLTJUTD6,2022,2023-09-28,521347407
2022-12-CENSUS-0000252622,DASAFLTJUTD6,2022,2023-09-28,352243397
2022-12-CENSUS-0000252622,DASAFLTJUTD6,2022,2023-09-28,364138353
2022-12-CENSUS-0000252622,DASAFLTJUTD6,2022,2023-09-28,273566344
2022-12-CENSUS-0000252622,DASAFLTJUTD6,2022,2023-09-28,581425000
2022-12-CENSUS-0000252622,DASAFLTJUTD6,2022,2023-09-28,591479658
2022-12-CENSUS-0000252622,DASAFLTJUTD6,2022,2023-09-28,362276984
2022-12-CENSUS-0000252622,DASAFLTJUTD6,2022,2023-09-28,203256430
2022-12-CENSUS-0000252622,DASAFLTJUTD6,2022,2023-09-28,811105774
2022-12-CENSUS-0000252622,DASAFLTJUTD6,2022,2023-09-28,821652787
2022-12-CENSUS-0000252622,DASAFLTJUTD6,2022,2023-09-28,363354567
2022-12-CENSUS-0000252622,DASAFLTJUTD6,2022,2023-09-28,472360513
2022-12-CENSUS-0000252622,DASAFLTJUTD6,2022,2023-09-28,592855792
2022-12-CENSUS-0000252622,DASAFLTJUTD6,2022,2023-09-28,510605694
2022-12-CENSUS-0000252622,DASAFLTJUTD6,2022,2023-09-28,593000857
2022-12-CENSUS-0000252622,DASAFLTJUTD6,2022,2023-09-28,822713727
2022-12-CENSUS-0000252622,DASAFLTJUTD6,2022,2023-09-28,381359189
2022-12-CENSUS-0000252622,DASAFLTJUTD6,2022,2023-09-28,205782342
2022-12-CENSUS-0000252622,DASAFLTJUTD6,2022,2023-09-28,205782243
2022-12-CENSUS-0000252622,DASAFLTJUTD6,2022,2023-09-28,820811227
2022-12-CENSUS-0000252622,DASAFLTJUTD6,2022,2023-09-28,510605681
2022-12-CENSUS-0000252622,DASAFLTJUTD6,2022,2023-09-28,391365168
2022-12-CENSUS-0000252622,DASAFLTJUTD6,2022,2023-09-28,463477012
2022-12-CENSUS-0000252622,DASAFLTJUTD6,2022,2023-09-28,510605682
2022-12-CENSUS-0000252622,DASAFLTJUTD6,2022,2023-09-28,205782260
2022-12-CENSUS-0000252622,DASAFLTJUTD6,2022,2023-09-28,510605684
2022-12-CENSUS-0000252622,DASAFLTJUTD6,2022,2023-09-28,205774748
2022-12-CENSUS-0000252622,DASAFLTJUTD6,2022,2023-09-28,364516183
2022-12-CENSUS-0000252622,DASAFLTJUTD6,2022,2023-09-28,582171011
2022-12-CENSUS-0000252622,DASAFLTJUTD6,2022,2023-09-28,811877464
2022-12-CENSUS-0000252622,DASAFLTJUTD6,2022,2023-09-28,560543246
2022-12-CENSUS-0000252622,DASAFLTJUTD6,2022,2023-09-28,205774761
2022-12-CENSUS-0000252622,DASAFLTJUTD6,2022,2023-09-28,821748255
2022-12-CENSUS-0000252622,DASAFLTJUTD6,2022,2023-09-28,593235305
2022-12-CENSUS-0000252622,DASAFLTJUTD6,2022,2023-09-28,822567308
2022-12-CENSUS-0000252622,DASAFLTJUTD6,2022,2023-09-28,202392253
2022-12-CENSUS-0000252622,DASAFLTJUTD6,2022,2023-09-28,262158309
2022-12-CENSUS-0000252622,DASAFLTJUTD6,2022,2023-09-28,462354804
2022-12-CENSUS-0000252622,DASAFLTJUTD6,2022,2023-09-28,593215680
2022-12-CENSUS-0000252622,DASAFLTJUTD6,2022,2023-09-28,593214635
2022-12-CENSUS-0000252622,DASAFLTJUTD6,2022,2023-09-28,824372339
2022-12-CENSUS-0000252622,DASAFLTJUTD6,2022,2023-09-28,462021581
2022-12-CENSUS-0000252622,DASAFLTJUTD6,2022,2023-09-28,474411505
2022-12-CENSUS-0000252622,DASAFLTJUTD6,2022,2023-09-28,593140669
2022-12-CENSUS-0000252622,DASAFLTJUTD6,2022,2023-09-28,592108057
2022-12-CENSUS-0000252622,DASAFLTJUTD6,2022,2023-09-28,592855791
2022-12-CENSUS-0000252622,DASAFLTJUTD6,2022,2023-09-28,550789387
2022-12-CENSUS-0000252622,DASAFLTJUTD6,2022,2023-09-28,831990114
2022-12-CENSUS-0000252622,DASAFLTJUTD6,2022,2023-09-28,472180518
2022-12-CENSUS-0000252622,DASAFLTJUTD6,2022,2023-09-28,464426708
2022-12-CENSUS-0000252622,DASAFLTJUTD6,2022,2023-09-28,582233172
2022-12-CENSUS-0000252622,DASAFLTJUTD6,2022,2023-09-28,815310593
2022-12-CENSUS-0000252622,DASAFLTJUTD6,2022,2023-09-28,473561708
2022-12-CENSUS-0000252622,DASAFLTJUTD6,2022,2023-09-28,815325418
2022-12-CENSUS-0000252622,DASAFLTJUTD6,2022,2023-09-28,812235296
2022-12-CENSUS-0000252622,DASAFLTJUTD6,2022,2023-09-28,364264488
2022-12-CENSUS-0000252622,DASAFLTJUTD6,2022,2023-09-28,592935928
2022-12-CENSUS-0000252622,DASAFLTJUTD6,2022,2023-09-28,208023411
2022-12-CENSUS-0000252622,DASAFLTJUTD6,2022,2023-09-28,471121247
2022-12-CENSUS-0000252622,DASAFLTJUTD6,2022,2023-09-28,742491473
2022-12-CENSUS-0000252622,DASAFLTJUTD6,2022,2023-09-28,593539564
2022-12-CENSUS-0000252622,DASAFLTJUTD6,2022,2023-09-28,813923985
2022-12-CENSUS-0000252622,DASAFLTJUTD6,2022,2023-09-28,590973502
2022-12-CENSUS-0000252622,DASAFLTJUTD6,2022,2023-09-28,593256803
2022-12-CENSUS-0000252622,DASAFLTJUTD6,2022,2023-09-28,592951990
2022-12-CENSUS-0000252622,DASAFLTJUTD6,2022,2023-09-28,610594620
2022-12-CENSUS-0000252622,DASAFLTJUTD6,2022,2023-09-28,742225672
2022-12-CENSUS-0000252622,DASAFLTJUTD6,2022,2023-09-28,742894874
2022-12-CENSUS-0000252622,DASAFLTJUTD6,2022,2023-09-28,113762050
2022-12-CENSUS-0000252622,DASAFLTJUTD6,2022,2023-09-28,480901551
2022-12-CENSUS-0000252622,DASAFLTJUTD6,2022,2023-09-28,205782320
2022-12-CENSUS-0000252622,DASAFLTJUTD6,2022,2023-09-28,900866024
2022-12-CENSUS-0000252622,DASAFLTJUTD6,2022,2023-09-28,770670885
2022-12-CENSUS-0000252622,DASAFLTJUTD6,2022,2023-09-28,743071549
2022-12-CENSUS-0000252622,DASAFLTJUTD6,2022,2023-09-28,621041820
2022-12-CENSUS-0000252622,DASAFLTJUTD6,2022,2023-09-28,020657616
2022-12-CENSUS-0000252622,DASAFLTJUTD6,2022,2023-09-28,208105013
2022-12-CENSUS-0000252622,DASAFLTJUTD6,2022,2023-09-28,593385716
2022-12-CENSUS-0000252622,DASAFLTJUTD6,2022,2023-09-28,592694434
2022-12-CENSUS-0000252622,DASAFLTJUTD6,2022,2023-09-28,813165729
2022-12-CENSUS-0000252622,DASAFLTJUTD6,2022,2023-09-28,205774821
2022-12-CENSUS-0000252622,DASAFLTJUTD6,2022,2023-09-28,832465331
2022-12-CENSUS-0000252622,DASAFLTJUTD6,2022,2023-09-28,010584623
2022-12-CENSUS-0000252622,DASAFLTJUTD6,2022,2023-09-28,030380531
2022-12-CENSUS-0000252622,DASAFLTJUTD6,2022,2023-09-28,208488713
2022-12-CENSUS-0000252622,DASAFLTJUTD6,2022,2023-09-28,840956175
2022-12-CENSUS-0000252622,DASAFLTJUTD6,2022,2023-09-28,840438224
2022-12-CENSUS-0000252622,DASAFLTJUTD6,2022,2023-09-28,205782272
2022-12-CENSUS-0000252622,DASAFLTJUTD6,2022,2023-09-28,814196648
2022-12-CENSUS-0000252622,DASAFLTJUTD6,2022,2023-09-28,591191045
2022-12-CENSUS-0000252622,DASAFLTJUTD6,2022,2023-09-28,263789368
2022-12-CENSUS-0000252622,DASAFLTJUTD6,2022,2023-09-28,208040875
2022-12-CENSUS-0000252622,DASAFLTJUTD6,2022,2023-09-28,461656773
2022-12-CENSUS-0000252622,DASAFLTJUTD6,2022,2023-09-28,510605693
2022-12-CENSUS-0000252622,DASAFLTJUTD6,2022,2023-09-28,205782224
2022-12-CENSUS-0000252622,DASAFLTJUTD6,2022,2023-09-28,813914908
2022-12-CENSUS-0000252622,DASAFLTJUTD6,2022,2023-09-28,480952508
2022-12-CENSUS-0000252622,DASAFLTJUTD6,2022,2023-09-28,480637331
2022-12-CENSUS-0000252622,DASAFLTJUTD6,2022,2023-09-28,431864343
2022-12-CENSUS-0000252622,DASAFLTJUTD6,2022,2023-09-28,431864341
2022-12-CENSUS-0000252622,DASAFLTJUTD6,2022,2023-09-28,510605679
2022-12-CENSUS-0000252622,DASAFLTJUTD6,2022,2023-09-28,473793197
2022-12-CENSUS-0000252622,DASAFLTJUTD6,2022,2023-09-28,593281591
2022-12-CENSUS-0000252622,DASAFLTJUTD6,2022,2023-09-28,593149293
2022-12-CENSUS-0000252622,DASAFLTJUTD6,2022,2023-09-28,205782288
2022-12-CENSUS-0000252622,DASAFLTJUTD6,2022,2023-09-28,481219284
2022-12-CENSUS-0000252622,DASAFLTJUTD6,2022,2023-09-28,812722973
2022-12-CENSUS-0000252622,DASAFLTJUTD6,2022,2023-09-28,205774856
2022-12-CENSUS-0000252622,DASAFLTJUTD6,2022,2023-09-28,581473135
2022-12-CENSUS-0000252622,DASAFLTJUTD6,2022,2023-09-28,592219301
2022-12-CENSUS-0000252622,DASAFLTJUTD6,2022,2023-09-28,611692291
2022-12-CENSUS-0000252622,DASAFLTJUTD6,2022,2023-09-28,590898901
2022-12-CENSUS-0000252622,DASAFLTJUTD6,2022,2023-09-28,510605677
2022-12-CENSUS-0000252622,DASAFLTJUTD6,2022,2023-09-28,823025378
2022-12-CENSUS-0000252622,DASAFLTJUTD6,2022,2023-09-28,271857940
2022-12-CENSUS-0000252622,DASAFLTJUTD6,2022,2023-09-28,593414055
2022-12-CENSUS-0000252622,DASAFLTJUTD6,2022,2023-09-28,472219363
2022-12-CENSUS-0000252622,DASAFLTJUTD6,2022,2023-09-28,591113901
2022-12-CENSUS-0000252622,DASAFLTJUTD6,2022,2023-09-28,844261523
2022-12-CENSUS-0000252622,DASAFLTJUTD6,2022,2023-09-28,593686109
2022-12-CENSUS-0000252622,DASAFLTJUTD6,2022,2023-09-28,472752220
2022-12-CENSUS-0000252622,DASAFLTJUTD6,2022,2023-09-28,812513648
2022-12-CENSUS-0000252622,DASAFLTJUTD6,2022,2023-09-28,452228478
2022-12-CENSUS-0000252622,DASAFLTJUTD6,2022,2023-09-28,621587564
2022-12-CENSUS-0000252622,DASAFLTJUTD6,2022,2023-09-28,205774930
2022-12-CENSUS-0000252622,DASAFLTJUTD6,2022,2023-09-28,205774967
2022-12-CENSUS-0000252622,DASAFLTJUTD6,2022,2023-09-28,330387407
2022-12-CENSUS-0000252622,DASAFLTJUTD6,2022,2023-09-28,581123037
2022-06-CENSUS-0000204876,YTM8JGESSPY7,2022,2023-01-25,546001296
2022-12-CENSUS-0000134799,T9HYKBEW4B57,2022,2023-07-16,840822851
2022-09-CENSUS-0000251822,RZX4DJ3LMCN5,2022,2023-06-29,580566121
2022-09-CENSUS-0000251822,RZX4DJ3LMCN5,2022,2023-06-29,586001307
2022-09-CENSUS-0000251822,RZX4DJ3LMCN5,2022,2023-06-29,262988454
2022-09-CENSUS-0000232316,PGNCNX94VC91,2022,2023-04-06,383259072
2022-06-CENSUS-0000198301,XXXXXXXXXXXX,2022,2023-03-30,113661101
2022-06-CENSUS-0000230630,MKX7K2PKSAA8,2022,2023-02-12,204325824
2022-06-CENSUS-0000230630,MKX7K2PKSAA8,2022,2023-02-12,042958508
2022-06-CENSUS-0000009212,JK2JPXTGXJM1,2022,2023-03-30,112521680
2022-06-CENSUS-0000254570,ZRLGRD9JDLK8,2022,2023-03-09,043730045
2022-06-CENSUS-0000254570,ZRLGRD9JDLK8,2022,2023-03-09,460796114
2022-06-CENSUS-0000254570,ZRLGRD9JDLK8,2022,2023-03-09,741894581
2022-06-CENSUS-0000254570,ZRLGRD9JDLK8,2022,2023-03-09,840398876
2022-06-CENSUS-0000254570,ZRLGRD9JDLK8,2022,2023-03-09,841179794
2022-06-CENSUS-0000254570,ZRLGRD9JDLK8,2022,2023-03-09,841262971
2022-06-CENSUS-0000254570,ZRLGRD9JDLK8,2022,2023-03-09,611786722
2022-06-CENSUS-0000250363,QKG2D7CUGFR1,2022,2023-03-30,311554133
2022-06-CENSUS-0000250363,QKG2D7CUGFR1,2022,2023-03-30,452485882
2022-06-CENSUS-0000250363,QKG2D7CUGFR1,2022,2023-03-30,510138099
2022-06-CENSUS-0000250363,QKG2D7CUGFR1,2022,2023-03-30,311327936
2022-06-CENSUS-0000250363,QKG2D7CUGFR1,2022,2023-03-30,815464470
2022-06-CENSUS-0000250363,QKG2D7CUGFR1,2022,2023-03-30,311327937
2022-09-CENSUS-0000215722,XSM7C75HBMG7,2022,2023-04-17,431441744
2022-06-CENSUS-0000198800,C4A1GH8YACH4,2022,2023-03-30,720408982
2022-06-CENSUS-0000198800,C4A1GH8YACH4,2022,2023-03-30,720408984
2022-06-CENSUS-0000198800,C4A1GH8YACH4,2022,2023-03-30,720411322
2022-06-CENSUS-0000198800,C4A1GH8YACH4,2022,2023-03-30,465720165
2022-06-CENSUS-0000198800,C4A1GH8YACH4,2022,2023-03-30,472897722
2022-06-CENSUS-0000198800,C4A1GH8YACH4,2022,2023-03-30,383981731
2022-06-CENSUS-0000198800,C4A1GH8YACH4,2022,2023-03-30,760422435
2022-06-CENSUS-0000198800,C4A1GH8YACH4,2022,2023-03-30,811708177
2022-06-CENSUS-0000198800,C4A1GH8YACH4,2022,2023-03-30,741109836
2022-06-CENSUS-0000198800,C4A1GH8YACH4,2022,2023-03-30,742806531
2022-06-CENSUS-0000198800,C4A1GH8YACH4,2022,2023-03-30,465203505
2022-06-CENSUS-0000198800,C4A1GH8YACH4,2022,2023-03-30,750974351
2022-06-CENSUS-0000198800,C4A1GH8YACH4,2022,2023-03-30,750818167
2022-06-CENSUS-0000198800,C4A1GH8YACH4,2022,2023-03-30,751976930
2022-06-CENSUS-0000198800,C4A1GH8YACH4,2022,2023-03-30,752771569
2022-06-CENSUS-0000198800,C4A1GH8YACH4,2022,2023-03-30,752796815
2022-06-CENSUS-0000198800,C4A1GH8YACH4,2022,2023-03-30,850106941
2022-06-CENSUS-0000198800,C4A1GH8YACH4,2022,2023-03-30,752027157
2022-06-CENSUS-0000198800,C4A1GH8YACH4,2022,2023-03-30,741109665
2022-06-CENSUS-0000198800,C4A1GH8YACH4,2022,2023-03-30,741906005
2022-06-CENSUS-0000198800,C4A1GH8YACH4,2022,2023-03-30,752616975
2022-06-CENSUS-0000198800,C4A1GH8YACH4,2022,2023-03-30,760591590
2022-06-CENSUS-0000198800,C4A1GH8YACH4,2022,2023-03-30,752616977
2022-06-CENSUS-0000198800,C4A1GH8YACH4,2022,2023-03-30,752747708
2022-06-CENSUS-0000198800,C4A1GH8YACH4,2022,2023-03-30,810571409
2022-06-CENSUS-0000198800,C4A1GH8YACH4,2022,2023-03-30,412092141
2022-06-CENSUS-0000198800,C4A1GH8YACH4,2022,2023-03-30,205109610
2022-06-CENSUS-0000198800,C4A1GH8YACH4,2022,2023-03-30,384092858
2022-06-CENSUS-0000198800,C4A1GH8YACH4,2022,2023-03-30,752161369
2022-06-CENSUS-0000198800,C4A1GH8YACH4,2022,2023-03-30,208814408
2022-12-CENSUS-0000252547,NDPND1TQ5KE9,2022,2023-09-27,250986047
2022-12-CENSUS-0000252547,NDPND1TQ5KE9,2022,2023-09-27,251823932
2022-12-CENSUS-0000252547,NDPND1TQ5KE9,2022,2023-09-27,251778886
2022-06-CENSUS-0000232270,NW5XZK54KJJ3,2022,2023-03-27,043203317
2022-12-CENSUS-0000255501,LQ6WZN47G6M6,2022,2023-09-28,161464822
2022-12-CENSUS-0000255501,LQ6WZN47G6M6,2022,2023-09-28,202827393
2022-06-CENSUS-0000170831,PA32TLEZLKH7,2022,2023-03-30,460397565
2022-06-CENSUS-0000170831,PA32TLEZLKH7,2022,2023-03-30,466043582
2022-06-CENSUS-0000170831,PA32TLEZLKH7,2022,2023-03-30,460311611
2022-06-CENSUS-0000170831,PA32TLEZLKH7,2022,2023-03-30,460315509
2022-06-CENSUS-0000170831,PA32TLEZLKH7,2022,2023-03-30,460318666
2022-12-CENSUS-0000233884,CBFERKRC2VN9,2022,2023-06-06,742912643
2022-12-CENSUS-0000233884,CBFERKRC2VN9,2022,2023-06-06,331039828
2022-12-CENSUS-0000233884,CBFERKRC2VN9,2022,2023-06-06,262553196
2022-12-CENSUS-0000233884,CBFERKRC2VN9,2022,2023-06-06,272860109
2022-06-CENSUS-0000098434,HDR3BNE6UAZ5,2022,2023-01-23,720787616
2022-06-CENSUS-0000098434,HDR3BNE6UAZ5,2022,2023-01-23,421615056
2022-09-CENSUS-0000253449,SC41NQ1VEHJ6,2022,2023-05-18,561468269
2022-03-CENSUS-0000237235,LJGXZD8JD818,2022,2023-01-09,261698575
2022-03-CENSUS-0000237235,LJGXZD8JD818,2022,2023-01-09,270183023
2022-03-CENSUS-0000237235,LJGXZD8JD818,2022,2023-01-09,202742194
2022-03-CENSUS-0000237235,LJGXZD8JD818,2022,2023-01-09,454056126
2022-03-CENSUS-0000237235,LJGXZD8JD818,2022,2023-01-09,141911330
2022-03-CENSUS-0000237235,LJGXZD8JD818,2022,2023-01-09,222464198
2022-03-CENSUS-0000237235,LJGXZD8JD818,2022,2023-01-09,261698675
2022-03-CENSUS-0000237235,LJGXZD8JD818,2022,2023-01-09,223707174
2022-03-CENSUS-0000237235,LJGXZD8JD818,2022,2023-01-09,010680960
2022-03-CENSUS-0000237235,LJGXZD8JD818,2022,2023-01-09,651169183
2022-03-CENSUS-0000237235,LJGXZD8JD818,2022,2023-01-09,863237623
2022-12-CENSUS-0000255454,P3D5QELU3P17,2022,2023-09-28,161576637
2022-12-CENSUS-0000255454,P3D5QELU3P17,2022,2023-09-28,150532245
2022-12-CENSUS-0000255454,P3D5QELU3P17,2022,2023-09-28,150532259
2022-12-CENSUS-0000255454,P3D5QELU3P17,2022,2023-09-28,161476372
2022-06-CENSUS-0000049268,PG5YJBMDKQW1,2022,2023-01-16,364063660
2022-06-CENSUS-0000049268,PG5YJBMDKQW1,2022,2023-01-16,363820903
2022-06-CENSUS-0000049268,PG5YJBMDKQW1,2022,2023-01-16,237128924
2022-06-CENSUS-0000049268,PG5YJBMDKQW1,2022,2023-01-16,760431133
2022-06-CENSUS-0000049268,PG5YJBMDKQW1,2022,2023-01-16,941572781
2022-06-CENSUS-0000049268,PG5YJBMDKQW1,2022,2023-01-16,843229208
2022-06-CENSUS-0000189129,WJ5LLHTJCY21,2022,2023-01-17,541742341
2022-06-CENSUS-0000255348,QW6GL39HSAS8,2022,2023-10-01,731539667
2022-06-CENSUS-0000255348,QW6GL39HSAS8,2022,2023-10-01,260618405
2022-12-CENSUS-0000230344,MUJ6EJ916LE5,2022,2023-09-27,410797853
2022-12-CENSUS-0000230344,MUJ6EJ916LE5,2022,2023-09-27,410956618
2022-12-CENSUS-0000230344,MUJ6EJ916LE5,2022,2023-09-27,390908320
2022-12-CENSUS-0000230344,MUJ6EJ916LE5,2022,2023-09-27,390804125
2022-12-CENSUS-0000230344,MUJ6EJ916LE5,2022,2023-09-27,390808442
2022-12-CENSUS-0000230344,MUJ6EJ916LE5,2022,2023-09-27,410811697
2022-12-CENSUS-0000230344,MUJ6EJ916LE5,2022,2023-09-27,830379473
2022-12-CENSUS-0000230344,MUJ6EJ916LE5,2022,2023-09-27,841715908
2022-12-CENSUS-0000230344,MUJ6EJ916LE5,2022,2023-09-27,844261122
2022-12-CENSUS-0000230344,MUJ6EJ916LE5,2022,2023-09-27,010638901
2022-12-CENSUS-0000230344,MUJ6EJ916LE5,2022,2023-09-27,200034003
2022-12-CENSUS-0000230344,MUJ6EJ916LE5,2022,2023-09-27,270684883
2022-12-CENSUS-0000230344,MUJ6EJ916LE5,2022,2023-09-27,410132080
2022-12-CENSUS-0000230344,MUJ6EJ916LE5,2022,2023-09-27,410834920
2022-12-CENSUS-0000230344,MUJ6EJ916LE5,2022,2023-09-27,412011453
2022-12-CENSUS-0000230344,MUJ6EJ916LE5,2022,2023-09-27,416005880
2022-12-CENSUS-0000233938,E88ARR6RKGR8,2022,2023-10-01,611028724
2022-12-CENSUS-0000233938,E88ARR6RKGR8,2022,2023-10-01,610703799
2022-12-CENSUS-0000233938,E88ARR6RKGR8,2022,2023-10-01,611276316
2022-12-CENSUS-0000233938,E88ARR6RKGR8,2022,2023-10-01,616027530
2022-12-CENSUS-0000233938,E88ARR6RKGR8,2022,2023-10-01,310914914
2022-12-CENSUS-0000233938,E88ARR6RKGR8,2022,2023-10-01,610981097
2022-06-CENSUS-0000255009,ZW74JL369923,2022,2023-03-29,251441961
2022-06-CENSUS-0000255009,ZW74JL369923,2022,2023-03-29,264746949
2022-06-CENSUS-0000255009,ZW74JL369923,2022,2023-03-29,753126134
2022-06-CENSUS-0000255009,ZW74JL369923,2022,2023-03-29,813115773
2022-06-CENSUS-0000255009,ZW74JL369923,2022,2023-03-29,271961562
2022-06-CENSUS-0000255009,ZW74JL369923,2022,2023-03-29,061728190
2022-06-CENSUS-0000255009,ZW74JL369923,2022,2023-03-29,250965274
2022-06-CENSUS-0000255009,ZW74JL369923,2022,2023-03-29,251351445
2022-06-CENSUS-0000255009,ZW74JL369923,2022,2023-03-29,264263364
2022-06-CENSUS-0000255009,ZW74JL369923,2022,2023-03-29,251010039
2022-12-CENSUS-0000039098,HU6MGXNU96B4,2022,2023-06-06,204215691
2022-06-CENSUS-0000219000,DCJGSC4LY1W4,2022,2023-03-28,043369653
2022-06-CENSUS-0000219000,DCJGSC4LY1W4,2022,2023-03-28,222789192
2022-06-CENSUS-0000219000,DCJGSC4LY1W4,2022,2023-03-28,010524384
2022-09-CENSUS-0000189911,CQMFPQF41QW3,2022,2023-06-22,370662570
2022-09-CENSUS-0000189911,CQMFPQF41QW3,2022,2023-06-22,370662576
2022-06-CENSUS-0000176053,L7AGJWBEGRA3,2022,2023-03-30,541117918
2022-06-CENSUS-0000176053,L7AGJWBEGRA3,2022,2023-03-30,541745540
2022-06-CENSUS-0000176053,L7AGJWBEGRA3,2022,2023-03-30,546001238
2022-12-CENSUS-0000243115,KA22TFJMRMB9,2022,2023-09-28,640746772
2022-12-CENSUS-0000243115,KA22TFJMRMB9,2022,2023-09-28,208981712
2022-12-CENSUS-0000243115,KA22TFJMRMB9,2022,2023-09-28,640794146
2022-12-CENSUS-0000243115,KA22TFJMRMB9,2022,2023-09-28,640746770
2022-12-CENSUS-0000243115,KA22TFJMRMB9,2022,2023-09-28,640746771
2022-12-CENSUS-0000243115,KA22TFJMRMB9,2022,2023-09-28,640850515
2022-06-CENSUS-0000227365,YV28EPLS94Z1,2022,2023-03-09,473552821
2022-06-CENSUS-0000152133,KNDBTMFBXDV7,2022,2023-07-31,640432217
2022-06-CENSUS-0000152133,KNDBTMFBXDV7,2022,2023-07-31,640433542
2022-06-CENSUS-0000152133,KNDBTMFBXDV7,2022,2023-07-31,640440453
2022-06-CENSUS-0000152133,KNDBTMFBXDV7,2022,2023-07-31,640444777
2022-06-CENSUS-0000152133,KNDBTMFBXDV7,2022,2023-07-31,640470066
2022-06-CENSUS-0000152133,KNDBTMFBXDV7,2022,2023-07-31,640472793
2022-06-CENSUS-0000152133,KNDBTMFBXDV7,2022,2023-07-31,640476393
2022-06-CENSUS-0000152133,KNDBTMFBXDV7,2022,2023-07-31,640500688
2022-06-CENSUS-0000152133,KNDBTMFBXDV7,2022,2023-07-31,640501333
2022-06-CENSUS-0000152133,KNDBTMFBXDV7,2022,2023-07-31,640518859
2022-06-CENSUS-0000152133,KNDBTMFBXDV7,2022,2023-07-31,640522302
2022-06-CENSUS-0000152133,KNDBTMFBXDV7,2022,2023-07-31,640546351
2022-06-CENSUS-0000152133,KNDBTMFBXDV7,2022,2023-07-31,640628588
2022-06-CENSUS-0000152133,KNDBTMFBXDV7,2022,2023-07-31,640629297
2022-06-CENSUS-0000152133,KNDBTMFBXDV7,2022,2023-07-31,640668489
2022-06-CENSUS-0000152133,KNDBTMFBXDV7,2022,2023-07-31,640726601
2022-06-CENSUS-0000152133,KNDBTMFBXDV7,2022,2023-07-31,640834099
2022-06-CENSUS-0000152133,KNDBTMFBXDV7,2022,2023-07-31,640844747
2022-06-CENSUS-0000152133,KNDBTMFBXDV7,2022,2023-07-31,640892355
2022-06-CENSUS-0000152133,KNDBTMFBXDV7,2022,2023-07-31,640946394
2022-06-CENSUS-0000152133,KNDBTMFBXDV7,2022,2023-07-31,646000734
2022-06-CENSUS-0000152133,KNDBTMFBXDV7,2022,2023-07-31,646000736
2022-06-CENSUS-0000152133,KNDBTMFBXDV7,2022,2023-07-31,646000738
2022-06-CENSUS-0000152133,KNDBTMFBXDV7,2022,2023-07-31,646000740
2022-06-CENSUS-0000152133,KNDBTMFBXDV7,2022,2023-07-31,646000746
2022-06-CENSUS-0000152133,KNDBTMFBXDV7,2022,2023-07-31,646000758
2022-06-CENSUS-0000152133,KNDBTMFBXDV7,2022,2023-07-31,646000760
2022-06-CENSUS-0000152133,KNDBTMFBXDV7,2022,2023-07-31,646000765
2022-06-CENSUS-0000152133,KNDBTMFBXDV7,2022,2023-07-31,646000766
2022-06-CENSUS-0000152133,KNDBTMFBXDV7,2022,2023-07-31,646000771
2022-06-CENSUS-0000152133,KNDBTMFBXDV7,2022,2023-07-31,646000775
2022-06-CENSUS-0000152133,KNDBTMFBXDV7,2022,2023-07-31,646000776
2022-06-CENSUS-0000152133,KNDBTMFBXDV7,2022,2023-07-31,646000777
2022-06-CENSUS-0000152133,KNDBTMFBXDV7,2022,2023-07-31,646000786
2022-06-CENSUS-0000152133,KNDBTMFBXDV7,2022,2023-07-31,646000791
2022-06-CENSUS-0000152133,KNDBTMFBXDV7,2022,2023-07-31,646000793
2022-06-CENSUS-0000152133,KNDBTMFBXDV7,2022,2023-07-31,646000799
2022-06-CENSUS-0000152133,KNDBTMFBXDV7,2022,2023-07-31,646000801
2022-06-CENSUS-0000152133,KNDBTMFBXDV7,2022,2023-07-31,646000805
2022-06-CENSUS-0000152133,KNDBTMFBXDV7,2022,2023-07-31,646000806
2022-06-CENSUS-0000152133,KNDBTMFBXDV7,2022,2023-07-31,646000807
2022-06-CENSUS-0000152133,KNDBTMFBXDV7,2022,2023-07-31,646000814
2022-06-CENSUS-0000152133,KNDBTMFBXDV7,2022,2023-07-31,646000832
2022-06-CENSUS-0000152133,KNDBTMFBXDV7,2022,2023-07-31,646004791
2022-06-CENSUS-0000152133,KNDBTMFBXDV7,2022,2023-07-31,646000837
2022-06-CENSUS-0000152133,KNDBTMFBXDV7,2022,2023-07-31,646000838
2022-06-CENSUS-0000152133,KNDBTMFBXDV7,2022,2023-07-31,646001618
2022-06-CENSUS-0000152133,KNDBTMFBXDV7,2022,2023-07-31,646010673
2022-06-CENSUS-0000152133,KNDBTMFBXDV7,2022,2023-07-31,646011635
2022-06-CENSUS-0000152133,KNDBTMFBXDV7,2022,2023-07-31,646013063
2022-09-CENSUS-0000238799,LZ4AWL9J6LP4,2022,2023-06-29,383460723
2022-09-CENSUS-0000253629,NKLUNN95FE16,2022,2023-06-07,752600873
2022-12-CENSUS-0000258377,M57GGXJN54H7,2022,2023-06-21,311628472
2022-06-CENSUS-0000254417,RAVDUZGJHPB4,2022,2023-03-29,020400703
2022-06-CENSUS-0000254417,RAVDUZGJHPB4,2022,2023-03-29,223015416
2022-06-CENSUS-0000254854,NFJGFKGKMYB3,2022,2023-03-30,430652680
2022-06-CENSUS-0000254854,NFJGFKGKMYB3,2022,2023-03-30,431349332
2022-06-CENSUS-0000254854,NFJGFKGKMYB3,2022,2023-03-30,824314522
2022-06-CENSUS-0000249769,GAP6BJ4PKGZ2,2022,2023-03-29,133059155
2022-06-CENSUS-0000249769,GAP6BJ4PKGZ2,2022,2023-03-29,542082237
2022-08-CENSUS-0000183945,HBR5DGG97TJ4,2022,2023-02-21,881932536
2022-10-CENSUS-0000181210,LNLGMU5UEAA5,2022,2023-04-09,842173788
2022-09-CENSUS-0000189911,CQMFPQF41QW3,2022,2023-06-22,370662569
2022-09-CENSUS-0000189911,CQMFPQF41QW3,2022,2023-06-22,370662581
2022-09-CENSUS-0000189911,CQMFPQF41QW3,2022,2023-06-22,383852646
2022-09-CENSUS-0000189911,CQMFPQF41QW3,2022,2023-06-22,363484677
2022-09-CENSUS-0000189911,CQMFPQF41QW3,2022,2023-06-22,381359528
2022-12-CENSUS-0000253334,LV6WP4FF3VH5,2022,2023-05-25,463225995
2022-12-CENSUS-0000058739,KAAVJRR2JGW9,2022,2023-06-20,364455490
2022-12-CENSUS-0000247227,EZQKCXNPTVH3,2022,2023-08-11,830918594
2022-11-CENSUS-0000213103,RTMJBPNL5GM4,2022,2023-04-30,370914443
2022-11-CENSUS-0000213103,RTMJBPNL5GM4,2022,2023-04-30,371251255
2022-06-CENSUS-0000256735,KNTBFA55J4S5,2022,2023-01-24,460956478
2022-09-CENSUS-0000253765,MPLWM769CCW9,2022,2023-06-29,432093064
2022-09-CENSUS-0000253765,MPLWM769CCW9,2022,2023-06-29,550357050
2022-09-CENSUS-0000253765,MPLWM769CCW9,2022,2023-06-29,870648900
2022-06-CENSUS-0000109600,XU8ZQYUMML46,2022,2023-09-28,840625890
2022-12-CENSUS-0000254754,RAFMYDWFPBM3,2022,2023-09-27,310536677
2022-12-CENSUS-0000254754,RAFMYDWFPBM3,2022,2023-09-27,311708926
2022-12-CENSUS-0000254754,RAFMYDWFPBM3,2022,2023-09-27,340742692
2022-12-CENSUS-0000254754,RAFMYDWFPBM3,2022,2023-09-27,310711146
2022-12-CENSUS-0000254754,RAFMYDWFPBM3,2022,2023-09-27,311461485
2022-06-CENSUS-0000109675,FD6JYG9QQRG9,2022,2023-03-23,742377026
2022-06-CENSUS-0000109675,FD6JYG9QQRG9,2022,2023-03-23,840830318
2022-06-CENSUS-0000109675,FD6JYG9QQRG9,2022,2023-03-23,840848655
2022-06-CENSUS-0000109675,FD6JYG9QQRG9,2022,2023-03-23,840853629
2022-06-CENSUS-0000109675,FD6JYG9QQRG9,2022,2023-03-23,841059678
2022-12-CENSUS-0000093488,F14XVD49CJ95,2022,2023-02-20,582127749
2022-06-CENSUS-0000258618,S4RFB8PH5BB9,2022,2023-07-25,830332601
2022-09-CENSUS-0000253605,L2YZPHLFAT15,2022,2023-06-20,042702169
2022-09-CENSUS-0000253605,L2YZPHLFAT15,2022,2023-06-20,042790699
2022-09-CENSUS-0000253605,L2YZPHLFAT15,2022,2023-06-20,042764370
2022-09-CENSUS-0000253605,L2YZPHLFAT15,2022,2023-06-20,431987409
2022-09-CENSUS-0000253605,L2YZPHLFAT15,2022,2023-06-20,222678594
2022-09-CENSUS-0000253605,L2YZPHLFAT15,2022,2023-06-20,042986097
2022-09-CENSUS-0000253605,L2YZPHLFAT15,2022,2023-06-20,042864081
2022-09-CENSUS-0000253605,L2YZPHLFAT15,2022,2023-06-20,042943146
2022-09-CENSUS-0000253605,L2YZPHLFAT15,2022,2023-06-20,042751258
2022-09-CENSUS-0000253605,L2YZPHLFAT15,2022,2023-06-20,042767602
2022-09-CENSUS-0000253605,L2YZPHLFAT15,2022,2023-06-20,042910304
2022-09-CENSUS-0000253605,L2YZPHLFAT15,2022,2023-06-20,042970129
2022-09-CENSUS-0000253605,L2YZPHLFAT15,2022,2023-06-20,043085427
2022-09-CENSUS-0000253605,L2YZPHLFAT15,2022,2023-06-20,043259647
2022-09-CENSUS-0000253605,L2YZPHLFAT15,2022,2023-06-20,043286718
2022-09-CENSUS-0000254326,CHGEEXTCMRM9,2022,2023-06-28,752656723
2022-09-CENSUS-0000254326,CHGEEXTCMRM9,2022,2023-06-28,475554737
2022-06-CENSUS-0000112226,LS3BG3HFWUW5,2022,2023-02-06,860710822
2022-06-CENSUS-0000171395,NXM1VK9NQ4C5,2022,2023-02-02,620757264
2022-06-CENSUS-0000171395,NXM1VK9NQ4C5,2022,2023-02-02,621406241
2022-06-CENSUS-0000171395,NXM1VK9NQ4C5,2022,2023-02-02,626000653
2022-06-CENSUS-0000171395,NXM1VK9NQ4C5,2022,2023-02-02,621062445
2022-06-CENSUS-0000171419,KJ5QVM5VATN5,2022,2023-02-09,621255554
2022-06-CENSUS-0000171419,KJ5QVM5VATN5,2022,2023-02-09,626000758
2022-06-CENSUS-0000121525,T6XDAN32VZH5,2022,2023-08-23,943163905
2022-04-CENSUS-0000256556,XMANY1V3WMK6,2022,2023-01-04,010211517
2022-04-CENSUS-0000256556,XMANY1V3WMK6,2022,2023-01-04,201590379
2022-12-CENSUS-0000208388,WFXHL3CBMDY7,2022,2023-04-12,841484609
2022-12-CENSUS-0000208388,WFXHL3CBMDY7,2022,2023-04-12,272098978
2022-12-CENSUS-0000208388,WFXHL3CBMDY7,2022,2023-04-12,272098675
2022-06-CENSUS-0000225773,N8MRCN5Y7HK4,2022,2023-03-30,811651110
2022-06-CENSUS-0000225773,N8MRCN5Y7HK4,2022,2023-03-30,352142005
2022-12-CENSUS-0000219756,UFB4GK6BW1X3,2022,2023-06-20,742471210
2022-06-CENSUS-0000176094,QZYMC6LHHMP6,2022,2023-03-06,546001475
2022-06-CENSUS-0000176094,QZYMC6LHHMP6,2022,2023-03-06,546001473
2022-06-CENSUS-0000016603,X6JLFEKZY1P7,2022,2023-01-13,134054564
2022-06-CENSUS-0000016603,X6JLFEKZY1P7,2022,2023-01-13,208873951
2022-06-CENSUS-0000016603,X6JLFEKZY1P7,2022,2023-01-13,261438196
2022-06-CENSUS-0000016603,X6JLFEKZY1P7,2022,2023-01-13,261438757
2022-06-CENSUS-0000016603,X6JLFEKZY1P7,2022,2023-01-13,274062272
2022-06-CENSUS-0000016603,X6JLFEKZY1P7,2022,2023-01-13,274062370
2022-06-CENSUS-0000016603,X6JLFEKZY1P7,2022,2023-01-13,032356964
2022-06-CENSUS-0000016603,X6JLFEKZY1P7,2022,2023-01-13,352425255
2022-06-CENSUS-0000016603,X6JLFEKZY1P7,2022,2023-01-13,371651790
2022-06-CENSUS-0000016603,X6JLFEKZY1P7,2022,2023-01-13,611663479
2022-06-CENSUS-0000016603,X6JLFEKZY1P7,2022,2023-01-13,813640078
2022-06-CENSUS-0000016603,X6JLFEKZY1P7,2022,2023-01-13,832256563
2022-06-CENSUS-0000016603,X6JLFEKZY1P7,2022,2023-01-13,882249703
2022-06-CENSUS-0000158720,KKLCUUCJ6US6,2022,2023-03-30,132655001
2022-06-CENSUS-0000158720,KKLCUUCJ6US6,2022,2023-03-30,133315273
2022-06-CENSUS-0000158720,KKLCUUCJ6US6,2022,2023-03-30,455311842
2022-06-CENSUS-0000171448,STZ5D1M9DW73,2022,2023-01-09,626008903
2022-06-CENSUS-0000171448,STZ5D1M9DW73,2022,2023-01-09,620630275
2022-06-CENSUS-0000255093,GLK7YEX4CN16,2022,2023-03-28,208544021
2022-06-CENSUS-0000255093,GLK7YEX4CN16,2022,2023-03-28,231352211
2022-06-CENSUS-0000255093,GLK7YEX4CN16,2022,2023-03-28,231980793
2022-06-CENSUS-0000255093,GLK7YEX4CN16,2022,2023-03-28,251854772
2022-06-CENSUS-0000255093,GLK7YEX4CN16,2022,2023-03-28,251857035
2022-06-CENSUS-0000255093,GLK7YEX4CN16,2022,2023-03-28,274000022
2022-06-CENSUS-0000255093,GLK7YEX4CN16,2022,2023-03-28,300976099
2022-06-CENSUS-0000255093,GLK7YEX4CN16,2022,2023-03-28,473760825
2022-12-CENSUS-0000208635,UNQVSQFDM891,2022,2023-08-07,843438962
2022-12-CENSUS-0000208635,UNQVSQFDM891,2022,2023-08-07,825218298
2022-12-CENSUS-0000208635,UNQVSQFDM891,2022,2023-08-07,832182581
2022-06-CENSUS-0000126191,D59EE9V8HHD7,2022,2023-03-30,951691313
2022-06-CENSUS-0000126191,D59EE9V8HHD7,2022,2023-03-30,953814185
2022-12-CENSUS-0000253109,L677JK2M1WX3,2022,2023-09-26,450368330
2022-12-CENSUS-0000253109,L677JK2M1WX3,2022,2023-09-26,450395652
2022-06-CENSUS-0000171430,V8BLYJDMJHU9,2022,2023-01-16,662150296
2022-06-CENSUS-0000171430,V8BLYJDMJHU9,2022,2023-01-16,626000807
2022-06-CENSUS-0000171430,V8BLYJDMJHU9,2022,2023-01-16,626020231
2022-06-CENSUS-0000185123,MZDTD2GWJUR9,2022,2023-03-30,475201113
2022-08-CENSUS-0000212139,MELRQG71F5W7,2022,2023-05-24,872361058
2022-06-CENSUS-0000223552,E4H8PUBKRR94,2022,2023-01-08,540506321
2022-06-CENSUS-0000223552,E4H8PUBKRR94,2022,2023-01-08,311610834
2022-06-CENSUS-0000223552,E4H8PUBKRR94,2022,2023-01-08,541278865
2022-06-CENSUS-0000223552,E4H8PUBKRR94,2022,2023-01-08,541778786
2022-06-CENSUS-0000223552,E4H8PUBKRR94,2022,2023-01-08,561960102
2022-09-CENSUS-0000136084,RFNKFJ8E2ME8,2022,2023-06-21,596000568
2022-09-CENSUS-0000136084,RFNKFJ8E2ME8,2022,2023-06-21,591766767
2022-12-CENSUS-0000037990,L45NJWM3ZDS1,2022,2023-08-09,204604248
2022-12-CENSUS-0000037990,L45NJWM3ZDS1,2022,2023-08-09,204604140
2022-09-CENSUS-0000000085,LVXRQ6SLFM33,2022,2023-02-13,010198331
2022-09-CENSUS-0000000085,LVXRQ6SLFM33,2022,2023-02-13,272175482
2022-09-CENSUS-0000000085,LVXRQ6SLFM33,2022,2023-02-13,223183888
2022-09-CENSUS-0000000085,LVXRQ6SLFM33,2022,2023-02-13,010372148
2022-09-CENSUS-0000000085,LVXRQ6SLFM33,2022,2023-02-13,010217211
2022-09-CENSUS-0000000085,LVXRQ6SLFM33,2022,2023-02-13,043341666
2022-09-CENSUS-0000000085,LVXRQ6SLFM33,2022,2023-02-13,010227195
2022-09-CENSUS-0000000085,LVXRQ6SLFM33,2022,2023-02-13,010459837
2022-09-CENSUS-0000000085,LVXRQ6SLFM33,2022,2023-02-13,830911574
2022-09-CENSUS-0000000085,LVXRQ6SLFM33,2022,2023-02-13,010211534
2022-09-CENSUS-0000000085,LVXRQ6SLFM33,2022,2023-02-13,010263628
2022-09-CENSUS-0000000085,LVXRQ6SLFM33,2022,2023-02-13,843689003
2022-09-CENSUS-0000000085,LVXRQ6SLFM33,2022,2023-02-13,010381283
2022-09-CENSUS-0000000085,LVXRQ6SLFM33,2022,2023-02-13,010421234
2022-09-CENSUS-0000000085,LVXRQ6SLFM33,2022,2023-02-13,010211501
2022-06-CENSUS-0000106693,HFQGQ4MNA2L4,2022,2023-03-28,831438855
2022-06-CENSUS-0000026266,DK5MMAQ7DMM6,2022,2023-03-29,232141307
2022-06-CENSUS-0000026266,DK5MMAQ7DMM6,2022,2023-03-29,861062260
2022-06-CENSUS-0000034872,XABRRJRZUXN4,2022,2023-02-02,043418316
2022-06-CENSUS-0000034872,XABRRJRZUXN4,2022,2023-02-02,043269615
2022-06-CENSUS-0000034872,XABRRJRZUXN4,2022,2023-02-02,042572143
2022-06-CENSUS-0000034872,XABRRJRZUXN4,2022,2023-02-02,043232477
2022-06-CENSUS-0000034872,XABRRJRZUXN4,2022,2023-02-02,043185166
2022-06-CENSUS-0000034872,XABRRJRZUXN4,2022,2023-02-02,043541791
2022-06-CENSUS-0000034872,XABRRJRZUXN4,2022,2023-02-02,331132409
2022-06-CENSUS-0000034872,XABRRJRZUXN4,2022,2023-02-02,222473987
2022-12-CENSUS-0000255326,RJPRBZLLNVE3,2022,2023-08-14,363358384
2022-12-CENSUS-0000238428,MVMQCVKWKVJ4,2022,2023-09-05,453770863
2022-06-CENSUS-0000258180,CNK9L9ZJFNA3,2022,2023-05-23,946002764
2022-12-CENSUS-0000208777,PFXGB5BU5TV5,2022,2023-06-14,480978676
2022-12-CENSUS-0000208777,PFXGB5BU5TV5,2022,2023-06-14,481125245
2022-12-CENSUS-0000208777,PFXGB5BU5TV5,2022,2023-06-14,481125246
2022-06-CENSUS-0000219340,CDRTQKF542N5,2022,2023-03-01,200479568
2022-06-CENSUS-0000219340,CDRTQKF542N5,2022,2023-03-01,261175213
2022-06-CENSUS-0000219340,CDRTQKF542N5,2022,2023-03-01,271291124
2022-06-CENSUS-0000219340,CDRTQKF542N5,2022,2023-03-01,410695602
2022-06-CENSUS-0000219340,CDRTQKF542N5,2022,2023-03-01,410695604
2022-06-CENSUS-0000219340,CDRTQKF542N5,2022,2023-03-01,410706143
2022-06-CENSUS-0000219340,CDRTQKF542N5,2022,2023-03-01,410726173
2022-06-CENSUS-0000219340,CDRTQKF542N5,2022,2023-03-01,410841441
2022-06-CENSUS-0000219340,CDRTQKF542N5,2022,2023-03-01,410844574
2022-06-CENSUS-0000219340,CDRTQKF542N5,2022,2023-03-01,410883623
2022-06-CENSUS-0000219340,CDRTQKF542N5,2022,2023-03-01,411620386
2022-06-CENSUS-0000219340,CDRTQKF542N5,2022,2023-03-01,411811073
2022-06-CENSUS-0000219340,CDRTQKF542N5,2022,2023-03-01,411878730
2022-06-CENSUS-0000219340,CDRTQKF542N5,2022,2023-03-01,411884597
2022-06-CENSUS-0000219340,CDRTQKF542N5,2022,2023-03-01,460909870
2022-06-CENSUS-0000219340,CDRTQKF542N5,2022,2023-03-01,845099016
2022-06-CENSUS-0000250179,X4JSFPXW4K14,2022,2023-03-15,061319874
2022-06-CENSUS-0000250179,X4JSFPXW4K14,2022,2023-03-15,061319876
2022-06-CENSUS-0000250179,X4JSFPXW4K14,2022,2023-03-15,061319875
2022-06-CENSUS-0000254361,GWS6VXM1HBU9,2022,2023-03-27,232141757
2022-06-CENSUS-0000254361,GWS6VXM1HBU9,2022,2023-03-27,232371480
2022-06-CENSUS-0000003065,M4DJFLKNT4C5,2022,2023-01-30,110128072
2022-06-CENSUS-0000003065,M4DJFLKNT4C5,2022,2023-01-30,222606679
2022-06-CENSUS-0000003065,M4DJFLKNT4C5,2022,2023-01-30,223091017
2022-06-CENSUS-0000003065,M4DJFLKNT4C5,2022,2023-01-30,223176099
2022-06-CENSUS-0000003065,M4DJFLKNT4C5,2022,2023-01-30,223204728
2022-06-CENSUS-0000003065,M4DJFLKNT4C5,2022,2023-01-30,223409403
2022-06-CENSUS-0000003065,M4DJFLKNT4C5,2022,2023-01-30,311660731
2022-06-CENSUS-0000003065,M4DJFLKNT4C5,2022,2023-01-30,311699625
2022-08-CENSUS-0000000912,HWMKHGQ42Q13,2022,2023-01-04,861073632
2022-08-CENSUS-0000000912,HWMKHGQ42Q13,2022,2023-01-04,272867988
2022-08-CENSUS-0000000912,HWMKHGQ42Q13,2022,2023-01-04,020349962
2022-06-CENSUS-0000124792,HMSPXCT2GMG3,2022,2023-02-12,954457426
2022-06-CENSUS-0000108237,Q1G9U7V3Q8C7,2022,2023-03-23,810459542
2022-12-CENSUS-0000053337,UJJ6NNLQ9GD5,2022,2023-05-22,370902248
2022-06-CENSUS-0000235285,MVFXAC6DUXG5,2022,2023-01-04,462976029
2022-09-CENSUS-0000251882,MFMHYXDP4244,2022,2023-06-27,570370242
2022-09-CENSUS-0000251882,MFMHYXDP4244,2022,2023-06-27,453576100
2022-09-CENSUS-0000251882,MFMHYXDP4244,2022,2023-06-27,510473471
2022-09-CENSUS-0000251882,MFMHYXDP4244,2022,2023-06-27,812772554
2022-09-CENSUS-0000251882,MFMHYXDP4244,2022,2023-06-27,473712858
2022-12-CENSUS-0000017092,XTR3TL3BC9D3,2022,2023-09-28,141338310
2022-12-CENSUS-0000017092,XTR3TL3BC9D3,2022,2023-09-28,141338547
2022-12-CENSUS-0000017092,XTR3TL3BC9D3,2022,2023-09-28,141338373
2022-12-CENSUS-0000017092,XTR3TL3BC9D3,2022,2023-09-28,141338307
2022-12-CENSUS-0000017092,XTR3TL3BC9D3,2022,2023-09-28,141338413
2022-12-CENSUS-0000074789,HB7NVH9YCEH1,2022,2023-09-25,320060209
2022-06-CENSUS-0000255311,JMEJT5FMGGX9,2022,2023-03-30,240800337
2022-06-CENSUS-0000255311,JMEJT5FMGGX9,2022,2023-03-30,232394345
2022-06-CENSUS-0000255311,JMEJT5FMGGX9,2022,2023-03-30,204848729
2022-06-CENSUS-0000255311,JMEJT5FMGGX9,2022,2023-03-30,240795463
2022-06-CENSUS-0000255311,JMEJT5FMGGX9,2022,2023-03-30,240786657
2022-06-CENSUS-0000255311,JMEJT5FMGGX9,2022,2023-03-30,150532079
2022-06-CENSUS-0000255311,JMEJT5FMGGX9,2022,2023-03-30,161370440
2022-06-CENSUS-0000255311,JMEJT5FMGGX9,2022,2023-03-30,160393490
2022-06-CENSUS-0000255311,JMEJT5FMGGX9,2022,2023-03-30,232209439
2022-06-CENSUS-0000255311,JMEJT5FMGGX9,2022,2023-03-30,250815795
2022-12-CENSUS-0000253920,PL8LK31GNML5,2022,2023-07-31,472520805
2022-06-CENSUS-0000258410,FXK6U8JPNLJ8,2022,2023-06-26,860661853
2022-06-CENSUS-0000216353,MDUERKYEV6F9,2022,2023-03-30,836000855
2022-06-CENSUS-0000252279,WHHNB8AJXZN8,2022,2023-02-27,311558826
2022-09-CENSUS-0000032605,CKKGSHWWE1R6,2022,2023-04-09,381795659
2022-06-CENSUS-0000003372,EKQPQU7JA5H5,2022,2023-06-26,043103893
2022-06-CENSUS-0000003372,EKQPQU7JA5H5,2022,2023-06-26,043452410
2022-06-CENSUS-0000003372,EKQPQU7JA5H5,2022,2023-06-26,043663990
2022-06-CENSUS-0000003372,EKQPQU7JA5H5,2022,2023-06-26,223090216
2022-06-CENSUS-0000003372,EKQPQU7JA5H5,2022,2023-06-26,223221294
2022-06-CENSUS-0000003372,EKQPQU7JA5H5,2022,2023-06-26,261596148
2022-09-CENSUS-0000201156,NJ49XNLZ2RY5,2022,2023-02-26,631265839
2022-09-CENSUS-0000090083,NNY8KTQLXNA7,2022,2023-01-30,590694358
2022-09-CENSUS-0000090083,NNY8KTQLXNA7,2022,2023-01-30,331075317
2022-06-CENSUS-0000179788,C6A8LHPE9YA5,2022,2023-01-22,830287956
2022-06-CENSUS-0000179788,C6A8LHPE9YA5,2022,2023-01-22,861065210
2022-09-CENSUS-0000250258,LPLJZMC3QTA3,2022,2023-03-05,132574963
2022-09-CENSUS-0000250258,LPLJZMC3QTA3,2022,2023-03-05,824219629
2022-09-CENSUS-0000250258,LPLJZMC3QTA3,2022,2023-03-05,522112460
2022-12-CENSUS-0000120730,HRW3LUDLLCH5,2022,2023-09-27,680273974
2022-12-CENSUS-0000120730,HRW3LUDLLCH5,2022,2023-09-27,941156581
2022-12-CENSUS-0000120730,HRW3LUDLLCH5,2022,2023-09-27,941156621
2022-12-CENSUS-0000120730,HRW3LUDLLCH5,2022,2023-09-27,942988520
2022-12-CENSUS-0000120730,HRW3LUDLLCH5,2022,2023-09-27,940562680
2022-12-CENSUS-0000120730,HRW3LUDLLCH5,2022,2023-09-27,942992642
2022-12-CENSUS-0000120730,HRW3LUDLLCH5,2022,2023-09-27,990298651
2022-12-CENSUS-0000120730,HRW3LUDLLCH5,2022,2023-09-27,383897570
2022-12-CENSUS-0000120730,HRW3LUDLLCH5,2022,2023-09-27,473696091
2022-12-CENSUS-0000120730,HRW3LUDLLCH5,2022,2023-09-27,470946086
2022-12-CENSUS-0000252448,E5CNWAUKNGN9,2022,2023-09-28,582078244
2022-12-CENSUS-0000251592,QM2CNZMJM7D3,2022,2023-09-28,330821753
2022-12-CENSUS-0000213520,LNWKSCJ24N25,2022,2023-09-29,161472048
2022-12-CENSUS-0000213520,LNWKSCJ24N25,2022,2023-09-29,161594590
2022-12-CENSUS-0000213520,LNWKSCJ24N25,2022,2023-09-29,450479215
2022-09-CENSUS-0000253617,RKGUZCGCCDW3,2022,2023-06-08,200067392
2022-09-CENSUS-0000253617,RKGUZCGCCDW3,2022,2023-06-08,263324572
2022-09-CENSUS-0000253617,RKGUZCGCCDW3,2022,2023-06-08,390794174
2022-09-CENSUS-0000253617,RKGUZCGCCDW3,2022,2023-06-08,390910727
2022-09-CENSUS-0000253617,RKGUZCGCCDW3,2022,2023-06-08,391083015
2022-09-CENSUS-0000253617,RKGUZCGCCDW3,2022,2023-06-08,391314542
2022-09-CENSUS-0000253617,RKGUZCGCCDW3,2022,2023-06-08,391507910
2022-09-CENSUS-0000175012,CQHAXN1ZMAE9,2022,2023-06-28,621795688
2022-06-CENSUS-0000176095,RCVMQW96BYS8,2022,2023-01-08,546001482
2022-06-CENSUS-0000210118,HA31WNNBSBU5,2022,2023-01-17,200335980
2022-06-CENSUS-0000210118,HA31WNNBSBU5,2022,2023-01-17,200478546
2022-06-CENSUS-0000210118,HA31WNNBSBU5,2022,2023-01-17,203907891
2022-06-CENSUS-0000210118,HA31WNNBSBU5,2022,2023-01-17,203928017
2022-06-CENSUS-0000210118,HA31WNNBSBU5,2022,2023-01-17,271168021
2022-06-CENSUS-0000210118,HA31WNNBSBU5,2022,2023-01-17,471328223
2022-06-CENSUS-0000210118,HA31WNNBSBU5,2022,2023-01-17,471336787
2022-06-CENSUS-0000210118,HA31WNNBSBU5,2022,2023-01-17,562476338
2022-06-CENSUS-0000210118,HA31WNNBSBU5,2022,2023-01-17,651253386
2022-06-CENSUS-0000210118,HA31WNNBSBU5,2022,2023-01-17,742765568
2022-06-CENSUS-0000210118,HA31WNNBSBU5,2022,2023-01-17,742990196
2022-06-CENSUS-0000210118,HA31WNNBSBU5,2022,2023-01-17,743019365
2022-06-CENSUS-0000210118,HA31WNNBSBU5,2022,2023-01-17,821028043
2022-12-CENSUS-0000137412,EC5PY48FA3X5,2022,2023-09-28,510495884
2022-06-CENSUS-0000223800,L9SANTM4N7J5,2022,2023-03-28,273600575
2022-06-CENSUS-0000223800,L9SANTM4N7J5,2022,2023-03-28,380350304
2022-06-CENSUS-0000223800,L9SANTM4N7J5,2022,2023-03-28,381303843
2022-06-CENSUS-0000223800,L9SANTM4N7J5,2022,2023-03-28,381362830
2022-06-CENSUS-0000223800,L9SANTM4N7J5,2022,2023-03-28,381415623
2022-06-CENSUS-0000223800,L9SANTM4N7J5,2022,2023-03-28,381459366
2022-06-CENSUS-0000223800,L9SANTM4N7J5,2022,2023-03-28,382191390
2022-06-CENSUS-0000223800,L9SANTM4N7J5,2022,2023-03-28,382543463
2022-06-CENSUS-0000223800,L9SANTM4N7J5,2022,2023-03-28,382657917
2022-06-CENSUS-0000223800,L9SANTM4N7J5,2022,2023-03-28,383097861
2022-06-CENSUS-0000223800,L9SANTM4N7J5,2022,2023-03-28,383144382
2022-06-CENSUS-0000223800,L9SANTM4N7J5,2022,2023-03-28,471156297
2022-06-CENSUS-0000223800,L9SANTM4N7J5,2022,2023-03-28,471161992
2022-12-CENSUS-0000219579,KD4NWRYQYU68,2022,2023-07-27,620528340
2022-12-CENSUS-0000219579,KD4NWRYQYU68,2022,2023-07-27,680673354
2022-12-CENSUS-0000219579,KD4NWRYQYU68,2022,2023-07-27,464420358
2022-12-CENSUS-0000219579,KD4NWRYQYU68,2022,2023-07-27,621373691
2022-12-CENSUS-0000219579,KD4NWRYQYU68,2022,2023-07-27,620545814
2022-12-CENSUS-0000219579,KD4NWRYQYU68,2022,2023-07-27,271528941
2022-12-CENSUS-0000219579,KD4NWRYQYU68,2022,2023-07-27,621282917
2022-12-CENSUS-0000219579,KD4NWRYQYU68,2022,2023-07-27,621623114
2022-12-CENSUS-0000219579,KD4NWRYQYU68,2022,2023-07-27,621018541
2022-12-CENSUS-0000219579,KD4NWRYQYU68,2022,2023-07-27,043760551
2022-12-CENSUS-0000219579,KD4NWRYQYU68,2022,2023-07-27,581897274
2022-12-CENSUS-0000219579,KD4NWRYQYU68,2022,2023-07-27,620636239
2022-12-CENSUS-0000219579,KD4NWRYQYU68,2022,2023-07-27,620790132
2022-12-CENSUS-0000219579,KD4NWRYQYU68,2022,2023-07-27,621114867
2022-12-CENSUS-0000219579,KD4NWRYQYU68,2022,2023-07-27,621619239
2022-12-CENSUS-0000254225,ZMHCF7FCQFY8,2022,2023-08-10,453125678
2022-12-CENSUS-0000254225,ZMHCF7FCQFY8,2022,2023-08-10,465297054
2022-06-CENSUS-0000165198,NG8FKKNYSEV5,2022,2023-01-02,462275140
2022-06-CENSUS-0000165198,NG8FKKNYSEV5,2022,2023-01-02,730774255
2022-12-CENSUS-0000197856,EA4PYMYAGJU3,2022,2023-06-28,122019262
2022-12-CENSUS-0000197856,EA4PYMYAGJU3,2022,2023-06-28,202265971
2022-12-CENSUS-0000197856,EA4PYMYAGJU3,2022,2023-06-28,203138196
2022-12-CENSUS-0000197856,EA4PYMYAGJU3,2022,2023-06-28,203349394
2022-12-CENSUS-0000197856,EA4PYMYAGJU3,2022,2023-06-28,203349702
2022-12-CENSUS-0000197856,EA4PYMYAGJU3,2022,2023-06-28,203349887
2022-12-CENSUS-0000197856,EA4PYMYAGJU3,2022,2023-06-28,203350024
2022-12-CENSUS-0000197856,EA4PYMYAGJU3,2022,2023-06-28,204794739
2022-12-CENSUS-0000197856,EA4PYMYAGJU3,2022,2023-06-28,205996177
2022-12-CENSUS-0000197856,EA4PYMYAGJU3,2022,2023-06-28,208335586
2022-12-CENSUS-0000197856,EA4PYMYAGJU3,2022,2023-06-28,237005359
2022-12-CENSUS-0000197856,EA4PYMYAGJU3,2022,2023-06-28,261226617
2022-12-CENSUS-0000197856,EA4PYMYAGJU3,2022,2023-06-28,262912486
2022-12-CENSUS-0000197856,EA4PYMYAGJU3,2022,2023-06-28,271086011
2022-12-CENSUS-0000184040,E1KKEFB36MU1,2022,2023-09-28,272073611
2022-09-CENSUS-0000078670,MEHNDWCSBKD5,2022,2023-05-18,263129115
2022-09-CENSUS-0000078670,MEHNDWCSBKD5,2022,2023-05-18,850791495
2022-09-CENSUS-0000078670,MEHNDWCSBKD5,2022,2023-05-18,200926568
2022-12-CENSUS-0000251984,MKRCG9CMNN75,2022,2023-09-28,831485581
2022-06-CENSUS-0000257867,GS9UV1B8GAJ3,2022,2023-09-17,250969458
2022-06-CENSUS-0000257867,GS9UV1B8GAJ3,2022,2023-09-17,270209886
2022-06-CENSUS-0000257867,GS9UV1B8GAJ3,2022,2023-09-17,371869372
2022-06-CENSUS-0000257867,GS9UV1B8GAJ3,2022,2023-09-17,250974311
2022-06-CENSUS-0000257867,GS9UV1B8GAJ3,2022,2023-09-17,611682165
2022-06-CENSUS-0000257867,GS9UV1B8GAJ3,2022,2023-09-17,251475192
2022-06-CENSUS-0000257867,GS9UV1B8GAJ3,2022,2023-09-17,204386767
2022-06-CENSUS-0000257867,GS9UV1B8GAJ3,2022,2023-09-17,421704067
2022-12-CENSUS-0000222380,KBS4UMN5B2G6,2022,2023-09-27,160743187
2022-12-CENSUS-0000222380,KBS4UMN5B2G6,2022,2023-09-27,160756336
2022-12-CENSUS-0000222380,KBS4UMN5B2G6,2022,2023-09-27,161762843
2022-12-CENSUS-0000222380,KBS4UMN5B2G6,2022,2023-09-27,161434368
2022-12-CENSUS-0000222380,KBS4UMN5B2G6,2022,2023-09-27,161523352
2022-12-CENSUS-0000222380,KBS4UMN5B2G6,2022,2023-09-27,161523353
2022-06-CENSUS-0000031506,FXYGKV9G6DW3,2022,2023-07-04,311748709
2022-06-CENSUS-0000031506,FXYGKV9G6DW3,2022,2023-07-04,710576700
2022-06-CENSUS-0000031506,FXYGKV9G6DW3,2022,2023-07-04,202370710
2022-12-CENSUS-0000093089,WNK7FEN5X9E1,2022,2023-06-29,620712345
2022-12-CENSUS-0000093089,WNK7FEN5X9E1,2022,2023-06-29,203037016
2022-09-CENSUS-0000250387,DGJ2KXJPK6V5,2022,2023-06-22,273988456
2022-09-CENSUS-0000250387,DGJ2KXJPK6V5,2022,2023-06-22,810893103
2022-09-CENSUS-0000250387,DGJ2KXJPK6V5,2022,2023-06-22,610461767
2022-09-CENSUS-0000207008,DAK5U8MA29G5,2022,2023-06-29,560529994
2022-09-CENSUS-0000207008,DAK5U8MA29G5,2022,2023-06-29,562095382
2022-09-CENSUS-0000207008,DAK5U8MA29G5,2022,2023-06-29,561714318
2022-09-CENSUS-0000207008,DAK5U8MA29G5,2022,2023-06-29,581681364
2022-09-CENSUS-0000207008,DAK5U8MA29G5,2022,2023-06-29,300554775
2022-09-CENSUS-0000207008,DAK5U8MA29G5,2022,2023-06-29,800249057
2022-09-CENSUS-0000258697,ZYGRW5LXC826,2022,2023-08-13,201659801
2022-09-CENSUS-0000258697,ZYGRW5LXC826,2022,2023-08-13,753075215
2022-09-CENSUS-0000258697,ZYGRW5LXC826,2022,2023-08-13,364730310
2022-06-CENSUS-0000171388,QPYDRFVHLLT4,2022,2023-02-09,626000621
2022-06-CENSUS-0000171680,E8ESR3ZKWP19,2022,2023-01-12,620646808
2022-06-CENSUS-0000253579,ZNTFAN44QJB6,2022,2023-03-30,470799108
2022-06-CENSUS-0000253579,ZNTFAN44QJB6,2022,2023-03-30,812697102
2022-06-CENSUS-0000253579,ZNTFAN44QJB6,2022,2023-03-30,462582783
2022-12-CENSUS-0000197856,EA4PYMYAGJU3,2022,2023-06-28,272552748
2022-12-CENSUS-0000197856,EA4PYMYAGJU3,2022,2023-06-28,320190409
2022-12-CENSUS-0000197856,EA4PYMYAGJU3,2022,2023-06-28,363397264
2022-12-CENSUS-0000197856,EA4PYMYAGJU3,2022,2023-06-28,363517696
2022-12-CENSUS-0000197856,EA4PYMYAGJU3,2022,2023-06-28,363517697
2022-12-CENSUS-0000197856,EA4PYMYAGJU3,2022,2023-06-28,410693880
2022-12-CENSUS-0000197856,EA4PYMYAGJU3,2022,2023-06-28,410706141
2022-12-CENSUS-0000197856,EA4PYMYAGJU3,2022,2023-06-28,410851573
2022-12-CENSUS-0000197856,EA4PYMYAGJU3,2022,2023-06-28,411287792
2022-12-CENSUS-0000197856,EA4PYMYAGJU3,2022,2023-06-28,411293970
2022-12-CENSUS-0000197856,EA4PYMYAGJU3,2022,2023-06-28,411356565
2022-12-CENSUS-0000197856,EA4PYMYAGJU3,2022,2023-06-28,411378656
2022-12-CENSUS-0000197856,EA4PYMYAGJU3,2022,2023-06-28,411388583
2022-12-CENSUS-0000197856,EA4PYMYAGJU3,2022,2023-06-28,411414831
2022-12-CENSUS-0000197856,EA4PYMYAGJU3,2022,2023-06-28,411434246
2022-12-CENSUS-0000197856,EA4PYMYAGJU3,2022,2023-06-28,411456897
2022-12-CENSUS-0000197856,EA4PYMYAGJU3,2022,2023-06-28,411463518
2022-12-CENSUS-0000197856,EA4PYMYAGJU3,2022,2023-06-28,411482417
2022-12-CENSUS-0000197856,EA4PYMYAGJU3,2022,2023-06-28,411483099
2022-12-CENSUS-0000197856,EA4PYMYAGJU3,2022,2023-06-28,411544996
2022-12-CENSUS-0000197856,EA4PYMYAGJU3,2022,2023-06-28,411560554
2022-12-CENSUS-0000197856,EA4PYMYAGJU3,2022,2023-06-28,411567046
2022-12-CENSUS-0000197856,EA4PYMYAGJU3,2022,2023-06-28,411568579
2022-12-CENSUS-0000197856,EA4PYMYAGJU3,2022,2023-06-28,411573810
2022-12-CENSUS-0000197856,EA4PYMYAGJU3,2022,2023-06-28,411592761
2022-12-CENSUS-0000197856,EA4PYMYAGJU3,2022,2023-06-28,411602044
2022-12-CENSUS-0000197856,EA4PYMYAGJU3,2022,2023-06-28,411753325
2022-12-CENSUS-0000197856,EA4PYMYAGJU3,2022,2023-06-28,411761760
2022-12-CENSUS-0000197856,EA4PYMYAGJU3,2022,2023-06-28,411765832
2022-12-CENSUS-0000197856,EA4PYMYAGJU3,2022,2023-06-28,411769727
2022-12-CENSUS-0000197856,EA4PYMYAGJU3,2022,2023-06-28,411796007
2022-12-CENSUS-0000197856,EA4PYMYAGJU3,2022,2023-06-28,411805759
2022-12-CENSUS-0000197856,EA4PYMYAGJU3,2022,2023-06-28,411846481
2022-12-CENSUS-0000197856,EA4PYMYAGJU3,2022,2023-06-28,411852028
2022-12-CENSUS-0000197856,EA4PYMYAGJU3,2022,2023-06-28,411865874
2022-12-CENSUS-0000197856,EA4PYMYAGJU3,2022,2023-06-28,411928275
2022-12-CENSUS-0000197856,EA4PYMYAGJU3,2022,2023-06-28,411964691
2022-12-CENSUS-0000197856,EA4PYMYAGJU3,2022,2023-06-28,411983267
2022-12-CENSUS-0000197856,EA4PYMYAGJU3,2022,2023-06-28,412012560
2022-12-CENSUS-0000197856,EA4PYMYAGJU3,2022,2023-06-28,452665537
2022-12-CENSUS-0000197856,EA4PYMYAGJU3,2022,2023-06-28,455422455
2022-12-CENSUS-0000197856,EA4PYMYAGJU3,2022,2023-06-28,455588268
2022-12-CENSUS-0000197856,EA4PYMYAGJU3,2022,2023-06-28,461336243
2022-12-CENSUS-0000197856,EA4PYMYAGJU3,2022,2023-06-28,462441825
2022-12-CENSUS-0000197856,EA4PYMYAGJU3,2022,2023-06-28,462454295
2022-12-CENSUS-0000197856,EA4PYMYAGJU3,2022,2023-06-28,465444821
2022-12-CENSUS-0000197856,EA4PYMYAGJU3,2022,2023-06-28,611408831
2022-12-CENSUS-0000197856,EA4PYMYAGJU3,2022,2023-06-28,721586863
2022-12-CENSUS-0000197856,EA4PYMYAGJU3,2022,2023-06-28,810625135
2022-12-CENSUS-0000197856,EA4PYMYAGJU3,2022,2023-06-28,813927337
2022-12-CENSUS-0000197856,EA4PYMYAGJU3,2022,2023-06-28,814469761
2022-12-CENSUS-0000197856,EA4PYMYAGJU3,2022,2023-06-28,980417513
2022-06-CENSUS-0000190831,W7DSJ4G7YLN5,2022,2023-01-17,546001227
2022-06-CENSUS-0000237988,VRGHLDF2AKN8,2022,2023-06-25,262791844
2022-06-CENSUS-0000237988,VRGHLDF2AKN8,2022,2023-06-25,270849886
2022-06-CENSUS-0000237988,VRGHLDF2AKN8,2022,2023-06-25,310809759
2022-06-CENSUS-0000190668,J5JETRML8615,2022,2023-01-16,626000570
2022-12-CENSUS-0000039658,DMPAMCJ67633,2022,2023-09-26,310860366
2022-09-CENSUS-0000258327,VZJVB8RFBJR8,2022,2023-09-28,060646597
2022-09-CENSUS-0000258327,VZJVB8RFBJR8,2022,2023-09-28,066068853
2022-09-CENSUS-0000258327,VZJVB8RFBJR8,2022,2023-09-28,815056290
2022-09-CENSUS-0000258327,VZJVB8RFBJR8,2022,2023-09-28,222594968
2022-09-CENSUS-0000258327,VZJVB8RFBJR8,2022,2023-09-28,061137531
2022-09-CENSUS-0000258327,VZJVB8RFBJR8,2022,2023-09-28,222594977
2022-09-CENSUS-0000258327,VZJVB8RFBJR8,2022,2023-09-28,141338586
2022-09-CENSUS-0000258327,VZJVB8RFBJR8,2022,2023-09-28,141338467
2022-09-CENSUS-0000258327,VZJVB8RFBJR8,2022,2023-09-28,146019179
2022-09-CENSUS-0000258327,VZJVB8RFBJR8,2022,2023-09-28,060655138
2022-09-CENSUS-0000258327,VZJVB8RFBJR8,2022,2023-09-28,141678068
2022-09-CENSUS-0000258327,VZJVB8RFBJR8,2022,2023-09-28,223129608
2022-09-CENSUS-0000258327,VZJVB8RFBJR8,2022,2023-09-28,463756713
2022-09-CENSUS-0000258327,VZJVB8RFBJR8,2022,2023-09-28,562669185
2022-12-CENSUS-0000219217,N557A3M3CW63,2022,2023-07-09,410413985
2022-12-CENSUS-0000219217,N557A3M3CW63,2022,2023-07-09,411785623
2022-12-CENSUS-0000255259,F8WBDFZF6FL9,2022,2023-09-18,411809912
2022-12-CENSUS-0000241383,MJK8RQ95PB44,2022,2023-09-27,820906268
2022-12-CENSUS-0000241383,MJK8RQ95PB44,2022,2023-09-27,470841285
2022-12-CENSUS-0000241383,MJK8RQ95PB44,2022,2023-09-27,470376552
2022-12-CENSUS-0000134808,KVZATDBDECG8,2022,2023-07-14,846000565
2022-06-CENSUS-0000254249,N7D8BEBH2FD5,2022,2023-03-12,522011066
2022-06-CENSUS-0000208059,FV7BJT8NP6S1,2022,2023-03-01,273702109
2022-06-CENSUS-0000208059,FV7BJT8NP6S1,2022,2023-03-01,202080016
2022-06-CENSUS-0000208059,FV7BJT8NP6S1,2022,2023-03-01,463064136
2022-06-CENSUS-0000208059,FV7BJT8NP6S1,2022,2023-03-01,942778981
2022-06-CENSUS-0000208059,FV7BJT8NP6S1,2022,2023-03-01,272663742
2022-06-CENSUS-0000208059,FV7BJT8NP6S1,2022,2023-03-01,453078333
2022-06-CENSUS-0000208059,FV7BJT8NP6S1,2022,2023-03-01,860968493
2022-06-CENSUS-0000208059,FV7BJT8NP6S1,2022,2023-03-01,454459342
2022-06-CENSUS-0000208059,FV7BJT8NP6S1,2022,2023-03-01,251903653
2022-06-CENSUS-0000208059,FV7BJT8NP6S1,2022,2023-03-01,270359330
2022-06-CENSUS-0000208059,FV7BJT8NP6S1,2022,2023-03-01,271525476
2022-06-CENSUS-0000208059,FV7BJT8NP6S1,2022,2023-03-01,463013004
2022-06-CENSUS-0000208059,FV7BJT8NP6S1,2022,2023-03-01,311508554
2022-06-CENSUS-0000208059,FV7BJT8NP6S1,2022,2023-03-01,821407195
2022-06-CENSUS-0000208059,FV7BJT8NP6S1,2022,2023-03-01,273984627
2022-06-CENSUS-0000208059,FV7BJT8NP6S1,2022,2023-03-01,453078964
2022-06-CENSUS-0000208059,FV7BJT8NP6S1,2022,2023-03-01,273702165
2022-06-CENSUS-0000208059,FV7BJT8NP6S1,2022,2023-03-01,371440598
2022-06-CENSUS-0000208059,FV7BJT8NP6S1,2022,2023-03-01,453079184
2022-09-CENSUS-0000181758,JZ8RQC4EMDZ5,2022,2023-06-29,043289381
2022-09-CENSUS-0000181758,JZ8RQC4EMDZ5,2022,2023-06-29,043286156
2022-09-CENSUS-0000181758,JZ8RQC4EMDZ5,2022,2023-06-29,043286641
2022-09-CENSUS-0000181758,JZ8RQC4EMDZ5,2022,2023-06-29,043452877
2022-09-CENSUS-0000181758,JZ8RQC4EMDZ5,2022,2023-06-29,043452874
2022-09-CENSUS-0000181758,JZ8RQC4EMDZ5,2022,2023-06-29,043335166
2022-09-CENSUS-0000181758,JZ8RQC4EMDZ5,2022,2023-06-29,043137333
2022-09-CENSUS-0000181758,JZ8RQC4EMDZ5,2022,2023-06-29,043354353
2022-09-CENSUS-0000181758,JZ8RQC4EMDZ5,2022,2023-06-29,043265008
2022-09-CENSUS-0000181758,JZ8RQC4EMDZ5,2022,2023-06-29,042794543
2022-09-CENSUS-0000181758,JZ8RQC4EMDZ5,2022,2023-06-29,043283573
2022-09-CENSUS-0000181758,JZ8RQC4EMDZ5,2022,2023-06-29,043286643
2022-09-CENSUS-0000181758,JZ8RQC4EMDZ5,2022,2023-06-29,043428462
2022-09-CENSUS-0000181758,JZ8RQC4EMDZ5,2022,2023-06-29,043296068
2022-09-CENSUS-0000181758,JZ8RQC4EMDZ5,2022,2023-06-29,043067465
2022-09-CENSUS-0000181758,JZ8RQC4EMDZ5,2022,2023-06-29,043354360
2022-09-CENSUS-0000181758,JZ8RQC4EMDZ5,2022,2023-06-29,043555478
2022-09-CENSUS-0000181758,JZ8RQC4EMDZ5,2022,2023-06-29,043355267
2022-09-CENSUS-0000181758,JZ8RQC4EMDZ5,2022,2023-06-29,810716773
2022-09-CENSUS-0000181758,JZ8RQC4EMDZ5,2022,2023-06-29,043291148
2022-09-CENSUS-0000181758,JZ8RQC4EMDZ5,2022,2023-06-29,042966416
2022-09-CENSUS-0000181758,JZ8RQC4EMDZ5,2022,2023-06-29,043276227
2022-09-CENSUS-0000181758,JZ8RQC4EMDZ5,2022,2023-06-29,043156471
2022-09-CENSUS-0000181758,JZ8RQC4EMDZ5,2022,2023-06-29,042472758
2022-09-CENSUS-0000181758,JZ8RQC4EMDZ5,2022,2023-06-29,510172171
2022-09-CENSUS-0000181758,JZ8RQC4EMDZ5,2022,2023-06-29,043101957
2022-09-CENSUS-0000181758,JZ8RQC4EMDZ5,2022,2023-06-29,043218267
2022-09-CENSUS-0000181758,JZ8RQC4EMDZ5,2022,2023-06-29,043373331
2022-09-CENSUS-0000181758,JZ8RQC4EMDZ5,2022,2023-06-29,043414914
2022-09-CENSUS-0000181758,JZ8RQC4EMDZ5,2022,2023-06-29,046048207
2022-09-CENSUS-0000181758,JZ8RQC4EMDZ5,2022,2023-06-29,201810549
2022-09-CENSUS-0000181758,JZ8RQC4EMDZ5,2022,2023-06-29,463556853
2022-09-CENSUS-0000181758,JZ8RQC4EMDZ5,2022,2023-06-29,473468314
2022-09-CENSUS-0000181758,JZ8RQC4EMDZ5,2022,2023-06-29,980375219
2022-09-CENSUS-0000181758,JZ8RQC4EMDZ5,2022,2023-06-29,852764256
2022-06-CENSUS-0000230327,SYYWQMKXJ345,2022,2023-01-12,621605071
2022-06-CENSUS-0000230327,SYYWQMKXJ345,2022,2023-01-12,621590713
2022-06-CENSUS-0000230327,SYYWQMKXJ345,2022,2023-01-12,621649052
2022-11-CENSUS-0000212235,KPJ9JJGR3K26,2022,2023-03-06,364456318
2022-11-CENSUS-0000212235,KPJ9JJGR3K26,2022,2023-03-06,814408523
2022-12-CENSUS-0000109478,WJ5JFES6J2S6,2022,2023-09-08,841241770
2022-12-CENSUS-0000228533,GXA2NLJZKKC9,2022,2023-09-27,263381883
2022-12-CENSUS-0000194472,SKMZAYX3HAN1,2022,2023-08-16,352538469
2022-12-CENSUS-0000043333,LGKCFFP8LMD6,2022,2023-08-02,824300537
2022-11-CENSUS-0000249407,QLRCUJ8JTN53,2022,2023-04-30,203340886
2022-12-CENSUS-0000247489,WDKYD6LJ9P59,2022,2023-09-17,237061724
2022-12-CENSUS-0000247489,WDKYD6LJ9P59,2022,2023-09-17,851495841
2022-12-CENSUS-0000247489,WDKYD6LJ9P59,2022,2023-09-17,346579390
2022-12-CENSUS-0000247489,WDKYD6LJ9P59,2022,2023-09-17,341140997
2022-09-CENSUS-0000136141,JQ12K92EUWW3,2022,2023-06-28,596000903
2022-09-CENSUS-0000136141,JQ12K92EUWW3,2022,2023-06-28,596057209
2022-09-CENSUS-0000136141,JQ12K92EUWW3,2022,2023-06-28,596000902
2022-09-CENSUS-0000136141,JQ12K92EUWW3,2022,2023-06-28,596000900
2022-06-CENSUS-0000247889,NCSMA19DF7E6,2022,2023-01-31,201645949
2022-06-CENSUS-0000247889,NCSMA19DF7E6,2022,2023-01-31,954457756
2022-06-CENSUS-0000247889,NCSMA19DF7E6,2022,2023-01-31,870760381
2022-06-CENSUS-0000247889,NCSMA19DF7E6,2022,2023-01-31,113652210
2022-06-CENSUS-0000247889,NCSMA19DF7E6,2022,2023-01-31,721349748
2022-06-CENSUS-0000247889,NCSMA19DF7E6,2022,2023-01-31,542075700
2022-06-CENSUS-0000247889,NCSMA19DF7E6,2022,2023-01-31,134341801
2022-06-CENSUS-0000247889,NCSMA19DF7E6,2022,2023-01-31,461628556
2022-06-CENSUS-0000247889,NCSMA19DF7E6,2022,2023-01-31,951644042
2022-06-CENSUS-0000247889,NCSMA19DF7E6,2022,2023-01-31,330073515
2022-12-CENSUS-0000008474,LX1DAUU84NU9,2022,2023-09-26,270174589
2022-12-CENSUS-0000008474,LX1DAUU84NU9,2022,2023-09-26,270174684
2022-12-CENSUS-0000008474,LX1DAUU84NU9,2022,2023-09-26,270174413
2022-12-CENSUS-0000008474,LX1DAUU84NU9,2022,2023-09-26,112833597
2022-12-CENSUS-0000008474,LX1DAUU84NU9,2022,2023-09-26,112833590
2022-12-CENSUS-0000008474,LX1DAUU84NU9,2022,2023-09-26,112833588
2022-12-CENSUS-0000056263,L5WDFWSBTZS3,2022,2023-06-22,200363774
2022-12-CENSUS-0000056263,L5WDFWSBTZS3,2022,2023-06-22,473197663
2022-12-CENSUS-0000056263,L5WDFWSBTZS3,2022,2023-06-22,820895465
2022-12-CENSUS-0000056263,L5WDFWSBTZS3,2022,2023-06-22,382527481
2022-12-CENSUS-0000056263,L5WDFWSBTZS3,2022,2023-06-22,382600226
2022-06-CENSUS-0000253185,FSDHXLM4DAC1,2022,2023-05-30,300963042
2022-06-CENSUS-0000253185,FSDHXLM4DAC1,2022,2023-05-30,364855688
2022-06-CENSUS-0000253185,FSDHXLM4DAC1,2022,2023-05-30,300964463
2022-06-CENSUS-0000253185,FSDHXLM4DAC1,2022,2023-05-30,611811905
2022-06-CENSUS-0000253185,FSDHXLM4DAC1,2022,2023-05-30,352581723
2022-06-CENSUS-0000253185,FSDHXLM4DAC1,2022,2023-05-30,611812157
2022-06-CENSUS-0000253185,FSDHXLM4DAC1,2022,2023-05-30,611812442
2022-06-CENSUS-0000253185,FSDHXLM4DAC1,2022,2023-05-30,384023801
2022-06-CENSUS-0000253185,FSDHXLM4DAC1,2022,2023-05-30,611812645
2022-06-CENSUS-0000253185,FSDHXLM4DAC1,2022,2023-05-30,611817126
2022-06-CENSUS-0000253185,FSDHXLM4DAC1,2022,2023-05-30,320515898
2022-06-CENSUS-0000253185,FSDHXLM4DAC1,2022,2023-05-30,384024243
2022-06-CENSUS-0000253185,FSDHXLM4DAC1,2022,2023-05-30,300965237
2022-06-CENSUS-0000253185,FSDHXLM4DAC1,2022,2023-05-30,371849431
2022-06-CENSUS-0000253185,FSDHXLM4DAC1,2022,2023-05-30,384024654
2022-06-CENSUS-0000253185,FSDHXLM4DAC1,2022,2023-05-30,352583045
2022-06-CENSUS-0000253185,FSDHXLM4DAC1,2022,2023-05-30,300964875
2022-06-CENSUS-0000253185,FSDHXLM4DAC1,2022,2023-05-30,352583738
2022-06-CENSUS-0000253185,FSDHXLM4DAC1,2022,2023-05-30,300965494
2022-06-CENSUS-0000253185,FSDHXLM4DAC1,2022,2023-05-30,352583599
2022-06-CENSUS-0000253185,FSDHXLM4DAC1,2022,2023-05-30,371848338
2022-06-CENSUS-0000253185,FSDHXLM4DAC1,2022,2023-05-30,364858444
2022-06-CENSUS-0000253185,FSDHXLM4DAC1,2022,2023-05-30,611815663
2022-06-CENSUS-0000253185,FSDHXLM4DAC1,2022,2023-05-30,320518584
2022-06-CENSUS-0000253185,FSDHXLM4DAC1,2022,2023-05-30,611815992
2022-06-CENSUS-0000253185,FSDHXLM4DAC1,2022,2023-05-30,364859287
2022-06-CENSUS-0000253185,FSDHXLM4DAC1,2022,2023-05-30,611815917
2022-06-CENSUS-0000253185,FSDHXLM4DAC1,2022,2023-05-30,371849602
2022-09-CENSUS-0000253693,C5JKF232F9B8,2022,2023-06-27,743194587
2022-09-CENSUS-0000253693,C5JKF232F9B8,2022,2023-06-27,800417857
2022-09-CENSUS-0000253693,C5JKF232F9B8,2022,2023-06-27,823693569
2022-09-CENSUS-0000253693,C5JKF232F9B8,2022,2023-06-27,272148485
2022-06-CENSUS-0000003008,DUPLNNK6N5P1,2022,2023-01-03,223128809
2022-06-CENSUS-0000003008,DUPLNNK6N5P1,2022,2023-01-03,743248920
2022-06-CENSUS-0000003008,DUPLNNK6N5P1,2022,2023-01-03,943469228
2022-06-CENSUS-0000003008,DUPLNNK6N5P1,2022,2023-01-03,800649502
2022-06-CENSUS-0000176048,V4EFMDJ1YNJ4,2022,2023-03-05,546001196
2022-06-CENSUS-0000176048,V4EFMDJ1YNJ4,2022,2023-03-05,546001195
2022-06-CENSUS-0000176059,TPZ1LFKHD466,2022,2023-01-03,546001276
2022-06-CENSUS-0000175887,SN41W3MGWGV3,2022,2023-03-13,030390318
2022-06-CENSUS-0000175887,SN41W3MGWGV3,2022,2023-03-13,141931584
2022-06-CENSUS-0000175887,SN41W3MGWGV3,2022,2023-03-13,208947506
2022-06-CENSUS-0000175887,SN41W3MGWGV3,2022,2023-03-13,270051429
2022-06-CENSUS-0000175887,SN41W3MGWGV3,2022,2023-03-13,270685229
2022-06-CENSUS-0000175887,SN41W3MGWGV3,2022,2023-03-13,300687935
2022-06-CENSUS-0000175887,SN41W3MGWGV3,2022,2023-03-13,311479374
2022-06-CENSUS-0000175887,SN41W3MGWGV3,2022,2023-03-13,421668853
2022-06-CENSUS-0000175887,SN41W3MGWGV3,2022,2023-03-13,460527039
2022-06-CENSUS-0000175887,SN41W3MGWGV3,2022,2023-03-13,464296937
2022-06-CENSUS-0000175887,SN41W3MGWGV3,2022,2023-03-13,540701501
2022-06-CENSUS-0000175887,SN41W3MGWGV3,2022,2023-03-13,540756941
2022-06-CENSUS-0000175887,SN41W3MGWGV3,2022,2023-03-13,540759063
2022-06-CENSUS-0000175887,SN41W3MGWGV3,2022,2023-03-13,540805908
2022-06-CENSUS-0000175887,SN41W3MGWGV3,2022,2023-03-13,540836354
2022-06-CENSUS-0000175887,SN41W3MGWGV3,2022,2023-03-13,540843105
2022-06-CENSUS-0000175887,SN41W3MGWGV3,2022,2023-03-13,540852528
2022-06-CENSUS-0000175887,SN41W3MGWGV3,2022,2023-03-13,540896076
2022-06-CENSUS-0000175887,SN41W3MGWGV3,2022,2023-03-13,540943831
2022-06-CENSUS-0000175887,SN41W3MGWGV3,2022,2023-03-13,540959533
2022-06-CENSUS-0000175887,SN41W3MGWGV3,2022,2023-03-13,541056975
2022-06-CENSUS-0000175887,SN41W3MGWGV3,2022,2023-03-13,541057579
2022-06-CENSUS-0000175887,SN41W3MGWGV3,2022,2023-03-13,541077752
2022-06-CENSUS-0000175887,SN41W3MGWGV3,2022,2023-03-13,541077761
2022-06-CENSUS-0000175887,SN41W3MGWGV3,2022,2023-03-13,541083047
2022-06-CENSUS-0000175887,SN41W3MGWGV3,2022,2023-03-13,541108536
2022-06-CENSUS-0000175887,SN41W3MGWGV3,2022,2023-03-13,541268239
2022-06-CENSUS-0000175887,SN41W3MGWGV3,2022,2023-03-13,541268245
2022-06-CENSUS-0000175887,SN41W3MGWGV3,2022,2023-03-13,541268256
2022-06-CENSUS-0000175887,SN41W3MGWGV3,2022,2023-03-13,541268257
2022-06-CENSUS-0000175887,SN41W3MGWGV3,2022,2023-03-13,541268258
2022-06-CENSUS-0000175887,SN41W3MGWGV3,2022,2023-03-13,541268263
2022-12-CENSUS-0000198588,E24CVHXZQEW8,2022,2023-09-28,811200310
2022-12-CENSUS-0000198588,E24CVHXZQEW8,2022,2023-09-28,830358914
2022-12-CENSUS-0000198588,E24CVHXZQEW8,2022,2023-09-28,810889110
2022-12-CENSUS-0000074643,GZACXJ53CWR7,2022,2023-06-29,520192004
2022-12-CENSUS-0000074643,GZACXJ53CWR7,2022,2023-06-29,521888775
2022-06-CENSUS-0000223525,KL7NFS8W8E33,2022,2023-01-19,464706900
2022-06-CENSUS-0000251215,ZL9CHJBKE5N4,2022,2023-03-30,471182549
2022-06-CENSUS-0000176060,LDRWDCHH9N15,2022,2023-04-23,432061820
2022-06-CENSUS-0000176060,LDRWDCHH9N15,2022,2023-04-23,546001278
2022-06-CENSUS-0000176060,LDRWDCHH9N15,2022,2023-04-23,546001281
2022-06-CENSUS-0000156501,FU7YL2GAWHY3,2022,2023-04-23,237262698
2022-09-CENSUS-0000186071,QPVTGH1TLF49,2022,2023-06-25,263075429
2022-06-CENSUS-0000176282,TCBYNW2JXJ17,2022,2023-03-30,641163605
2022-06-CENSUS-0000237571,DVJ5XQ7BMQ88,2022,2023-06-28,204122028
2022-06-CENSUS-0000254507,LBLMMM7QL5X7,2022,2023-03-28,520591628
2022-06-CENSUS-0000254507,LBLMMM7QL5X7,2022,2023-03-28,510069243
2022-06-CENSUS-0000237988,VRGHLDF2AKN8,2022,2023-06-25,310910779
2022-06-CENSUS-0000237988,VRGHLDF2AKN8,2022,2023-06-25,340835584
2022-06-CENSUS-0000237988,VRGHLDF2AKN8,2022,2023-06-25,341590049
2022-06-CENSUS-0000237988,VRGHLDF2AKN8,2022,2023-06-25,455420333
2022-06-CENSUS-0000237988,VRGHLDF2AKN8,2022,2023-06-25,461517844
2022-06-CENSUS-0000237988,VRGHLDF2AKN8,2022,2023-06-25,461525413
2022-06-CENSUS-0000237988,VRGHLDF2AKN8,2022,2023-06-25,462735715
2022-06-CENSUS-0000215205,F56HLRACHSH3,2022,2023-06-15,911253391
2022-06-CENSUS-0000215205,F56HLRACHSH3,2022,2023-06-15,203602705
2022-06-CENSUS-0000215205,F56HLRACHSH3,2022,2023-06-15,943043495
2022-06-CENSUS-0000176107,Q8FQNFNMQP93,2022,2023-01-22,546001566
2022-06-CENSUS-0000176107,Q8FQNFNMQP93,2022,2023-01-22,546001568
2022-06-CENSUS-0000047470,EA3XVE1ZJG41,2022,2023-03-29,350868083
2022-06-CENSUS-0000176042,H8CSY2JDYMV5,2022,2023-08-21,546001166
2022-06-CENSUS-0000176042,H8CSY2JDYMV5,2022,2023-08-21,546001168
2022-03-CENSUS-0000231858,TLBQYD52Z9S3,2022,2023-04-30,660776102
2022-03-CENSUS-0000231858,TLBQYD52Z9S3,2022,2023-04-30,660876852
2022-03-CENSUS-0000231858,TLBQYD52Z9S3,2022,2023-04-30,660452520
2022-03-CENSUS-0000231858,TLBQYD52Z9S3,2022,2023-04-30,660938154
2022-06-CENSUS-0000255055,CB7ANBL9CFK5,2022,2023-03-28,421241044
2022-06-CENSUS-0000176063,VRF4GXZ4GTH1,2022,2023-03-30,546001292
2022-09-CENSUS-0000253790,YBXQCA6BFNW8,2022,2023-06-29,570341194
2022-09-CENSUS-0000253790,YBXQCA6BFNW8,2022,2023-06-29,200131459
2022-09-CENSUS-0000253790,YBXQCA6BFNW8,2022,2023-06-29,800869616
2022-09-CENSUS-0000253790,YBXQCA6BFNW8,2022,2023-06-29,452910764
2022-09-CENSUS-0000253790,YBXQCA6BFNW8,2022,2023-06-29,384112811
2022-09-CENSUS-0000253790,YBXQCA6BFNW8,2022,2023-06-29,841945687
2022-09-CENSUS-0000253790,YBXQCA6BFNW8,2022,2023-06-29,043633263
2022-06-CENSUS-0000221118,LSPHN5PGDJG3,2022,2023-01-04,470838794
2022-12-CENSUS-0000226247,GVUJLK6J3T55,2022,2023-08-03,562038762
2022-12-CENSUS-0000226043,CG1LG3GTHKJ9,2022,2023-09-28,203607954
2022-12-CENSUS-0000255447,HWEJNDJMDE71,2022,2023-05-23,474717998
2022-12-CENSUS-0000255447,HWEJNDJMDE71,2022,2023-05-23,474718253
2022-12-CENSUS-0000255447,HWEJNDJMDE71,2022,2023-05-23,465318746
2022-12-CENSUS-0000255447,HWEJNDJMDE71,2022,2023-05-23,822848277
2022-09-CENSUS-0000220687,D6NBCNB2YWW8,2022,2023-04-24,851443782
2022-09-CENSUS-0000220687,D6NBCNB2YWW8,2022,2023-04-24,851433123
2022-09-CENSUS-0000246812,DN2PQ51JLX25,2022,2023-01-12,640682111
2022-09-CENSUS-0000246812,DN2PQ51JLX25,2022,2023-01-12,620123940
2022-09-CENSUS-0000246812,DN2PQ51JLX25,2022,2023-01-12,621113167
2022-09-CENSUS-0000246812,DN2PQ51JLX25,2022,2023-01-12,640881013
2022-09-CENSUS-0000246812,DN2PQ51JLX25,2022,2023-01-12,753068151
2022-09-CENSUS-0000246812,DN2PQ51JLX25,2022,2023-01-12,261214372
2022-09-CENSUS-0000246812,DN2PQ51JLX25,2022,2023-01-12,274396698
2022-09-CENSUS-0000246812,DN2PQ51JLX25,2022,2023-01-12,452832975
2022-09-CENSUS-0000246812,DN2PQ51JLX25,2022,2023-01-12,640772726
2022-09-CENSUS-0000246812,DN2PQ51JLX25,2022,2023-01-12,621519754
2022-09-CENSUS-0000246812,DN2PQ51JLX25,2022,2023-01-12,710850123
2022-09-CENSUS-0000246812,DN2PQ51JLX25,2022,2023-01-12,621545731
2022-09-CENSUS-0000246812,DN2PQ51JLX25,2022,2023-01-12,630997281
2022-09-CENSUS-0000246812,DN2PQ51JLX25,2022,2023-01-12,621138045
2022-09-CENSUS-0000246812,DN2PQ51JLX25,2022,2023-01-12,352461541
2022-09-CENSUS-0000246812,DN2PQ51JLX25,2022,2023-01-12,640925692
2022-09-CENSUS-0000246812,DN2PQ51JLX25,2022,2023-01-12,621166050
2022-09-CENSUS-0000246812,DN2PQ51JLX25,2022,2023-01-12,200804946
2022-09-CENSUS-0000246812,DN2PQ51JLX25,2022,2023-01-12,621810940
2022-09-CENSUS-0000246812,DN2PQ51JLX25,2022,2023-01-12,452896080
2022-09-CENSUS-0000246812,DN2PQ51JLX25,2022,2023-01-12,640663760
2022-09-CENSUS-0000246812,DN2PQ51JLX25,2022,2023-01-12,640844470
2022-09-CENSUS-0000246812,DN2PQ51JLX25,2022,2023-01-12,823844150
2022-09-CENSUS-0000246812,DN2PQ51JLX25,2022,2023-01-12,621538114
2022-09-CENSUS-0000246812,DN2PQ51JLX25,2022,2023-01-12,262641267
2022-09-CENSUS-0000246812,DN2PQ51JLX25,2022,2023-01-12,813257997
2022-09-CENSUS-0000246812,DN2PQ51JLX25,2022,2023-01-12,621846584
2022-09-CENSUS-0000246812,DN2PQ51JLX25,2022,2023-01-12,461953140
2022-09-CENSUS-0000246812,DN2PQ51JLX25,2022,2023-01-12,621509127
2022-09-CENSUS-0000246812,DN2PQ51JLX25,2022,2023-01-12,581645396
2022-09-CENSUS-0000246812,DN2PQ51JLX25,2022,2023-01-12,813655778
2022-09-CENSUS-0000246812,DN2PQ51JLX25,2022,2023-01-12,621488427
2022-09-CENSUS-0000246812,DN2PQ51JLX25,2022,2023-01-12,621278576
2022-09-CENSUS-0000246812,DN2PQ51JLX25,2022,2023-01-12,640306253
2022-09-CENSUS-0000246812,DN2PQ51JLX25,2022,2023-01-12,473684354
2022-09-CENSUS-0000246812,DN2PQ51JLX25,2022,2023-01-12,901022012
2022-09-CENSUS-0000246812,DN2PQ51JLX25,2022,2023-01-12,461613457
2022-12-CENSUS-0000247048,WJZXPKMBL785,2022,2023-08-07,862728785
2022-12-CENSUS-0000151022,CD53BKGMJJN3,2022,2023-04-03,416005404
2022-12-CENSUS-0000254284,KYYKGFSN7859,2022,2023-09-26,311101004
2022-12-CENSUS-0000252662,NMSNGNQPRRA7,2022,2023-09-21,020633634
2022-09-CENSUS-0000136109,NNPSKT8GRCU1,2022,2023-04-19,596000696
2022-09-CENSUS-0000136109,NNPSKT8GRCU1,2022,2023-04-19,596000698
2022-06-CENSUS-0000171398,Y92CFEPN2RJ9,2022,2023-01-25,626000699
2022-06-CENSUS-0000033479,M2EARGAT9NJ3,2022,2023-03-28,920121016
2022-06-CENSUS-0000176030,FSV5MPM6CGK4,2022,2023-03-29,546001101
2022-12-CENSUS-0000255420,M7NAYKKUKDK5,2022,2023-08-30,421629846
2022-06-CENSUS-0000176112,GCR8CGCA7L15,2022,2023-03-30,546001599
2022-06-CENSUS-0000176112,GCR8CGCA7L15,2022,2023-03-30,541215131
2022-06-CENSUS-0000176112,GCR8CGCA7L15,2022,2023-03-30,543001596
2022-06-CENSUS-0000176112,GCR8CGCA7L15,2022,2023-03-30,541573882
2022-06-CENSUS-0000176112,GCR8CGCA7L15,2022,2023-03-30,541222073
2022-06-CENSUS-0000176260,CR4JLDMNGLJ9,2022,2023-03-29,546000334
2022-06-CENSUS-0000176260,CR4JLDMNGLJ9,2022,2023-03-29,822685606
2022-09-CENSUS-0000189454,KS8HLVMJEMW9,2022,2023-06-29,731544374
2022-09-CENSUS-0000189454,KS8HLVMJEMW9,2022,2023-06-29,731553050
2022-06-CENSUS-0000254647,DDLMGBJNLS71,2022,2023-03-29,420698295
2022-06-CENSUS-0000254647,DDLMGBJNLS71,2022,2023-03-29,421198970
2022-06-CENSUS-0000254647,DDLMGBJNLS71,2022,2023-03-29,421442443
2022-12-CENSUS-0000151651,GE4MG4K5K4H6,2022,2023-05-15,020664996
2022-12-CENSUS-0000151651,GE4MG4K5K4H6,2022,2023-05-15,200337824
2022-12-CENSUS-0000151651,GE4MG4K5K4H6,2022,2023-05-15,200344137
2022-12-CENSUS-0000151651,GE4MG4K5K4H6,2022,2023-05-15,411920080
2022-12-CENSUS-0000151651,GE4MG4K5K4H6,2022,2023-05-15,411932729
2022-12-CENSUS-0000151651,GE4MG4K5K4H6,2022,2023-05-15,412015607
2022-12-CENSUS-0000151651,GE4MG4K5K4H6,2022,2023-05-15,412015639
2022-12-CENSUS-0000151651,GE4MG4K5K4H6,2022,2023-05-15,593789037
2022-06-CENSUS-0000197242,VXS8VFJNNSL4,2022,2023-03-23,620790499
2022-09-CENSUS-0000253454,SK4NKLFU5C69,2022,2023-02-22,640834917
2022-09-CENSUS-0000253454,SK4NKLFU5C69,2022,2023-02-22,640871970
2022-09-CENSUS-0000253454,SK4NKLFU5C69,2022,2023-02-22,841676027
2022-09-CENSUS-0000253454,SK4NKLFU5C69,2022,2023-02-22,320222103
2022-09-CENSUS-0000253454,SK4NKLFU5C69,2022,2023-02-22,800290005
2022-09-CENSUS-0000253454,SK4NKLFU5C69,2022,2023-02-22,943443963
2022-09-CENSUS-0000253454,SK4NKLFU5C69,2022,2023-02-22,474187935
2022-09-CENSUS-0000253454,SK4NKLFU5C69,2022,2023-02-22,275038127
2022-09-CENSUS-0000253454,SK4NKLFU5C69,2022,2023-02-22,331190699
2022-09-CENSUS-0000253454,SK4NKLFU5C69,2022,2023-02-22,300285657
2022-09-CENSUS-0000253454,SK4NKLFU5C69,2022,2023-02-22,463951705
2022-06-CENSUS-0000175887,SN41W3MGWGV3,2022,2023-03-13,541268264
2022-06-CENSUS-0000175887,SN41W3MGWGV3,2022,2023-03-13,541268266
2022-06-CENSUS-0000175887,SN41W3MGWGV3,2022,2023-03-13,541268269
2022-06-CENSUS-0000175887,SN41W3MGWGV3,2022,2023-03-13,541268271
2022-06-CENSUS-0000175887,SN41W3MGWGV3,2022,2023-03-13,541268273
2022-06-CENSUS-0000175887,SN41W3MGWGV3,2022,2023-03-13,541268274
2022-06-CENSUS-0000175887,SN41W3MGWGV3,2022,2023-03-13,541268276
2022-06-CENSUS-0000175887,SN41W3MGWGV3,2022,2023-03-13,541268277
2022-06-CENSUS-0000175887,SN41W3MGWGV3,2022,2023-03-13,541268278
2022-06-CENSUS-0000175887,SN41W3MGWGV3,2022,2023-03-13,541268283
2022-06-CENSUS-0000175887,SN41W3MGWGV3,2022,2023-03-13,541268284
2022-06-CENSUS-0000175887,SN41W3MGWGV3,2022,2023-03-13,541268286
2022-06-CENSUS-0000175887,SN41W3MGWGV3,2022,2023-03-13,541268289
2022-06-CENSUS-0000175887,SN41W3MGWGV3,2022,2023-03-13,541268292
2022-06-CENSUS-0000175887,SN41W3MGWGV3,2022,2023-03-13,541268293
2022-06-CENSUS-0000175887,SN41W3MGWGV3,2022,2023-03-13,541268294
2022-06-CENSUS-0000175887,SN41W3MGWGV3,2022,2023-03-13,541269325
2022-06-CENSUS-0000175887,SN41W3MGWGV3,2022,2023-03-13,541282820
2022-06-CENSUS-0000175887,SN41W3MGWGV3,2022,2023-03-13,541297967
2022-06-CENSUS-0000175887,SN41W3MGWGV3,2022,2023-03-13,541300845
2022-06-CENSUS-0000175887,SN41W3MGWGV3,2022,2023-03-13,541308981
2022-06-CENSUS-0000175887,SN41W3MGWGV3,2022,2023-03-13,541376423
2022-06-CENSUS-0000175887,SN41W3MGWGV3,2022,2023-03-13,541376745
2022-06-CENSUS-0000175887,SN41W3MGWGV3,2022,2023-03-13,541469695
2022-06-CENSUS-0000175887,SN41W3MGWGV3,2022,2023-03-13,541534572
2022-06-CENSUS-0000175887,SN41W3MGWGV3,2022,2023-03-13,541544298
2022-06-CENSUS-0000175887,SN41W3MGWGV3,2022,2023-03-13,541624385
2022-06-CENSUS-0000175887,SN41W3MGWGV3,2022,2023-03-13,541625991
2022-06-CENSUS-0000175887,SN41W3MGWGV3,2022,2023-03-13,541629864
2022-06-CENSUS-0000175887,SN41W3MGWGV3,2022,2023-03-13,541661753
2022-06-CENSUS-0000175887,SN41W3MGWGV3,2022,2023-03-13,541726850
2022-06-CENSUS-0000175887,SN41W3MGWGV3,2022,2023-03-13,541800314
2022-06-CENSUS-0000175887,SN41W3MGWGV3,2022,2023-03-13,541935209
2022-06-CENSUS-0000175887,SN41W3MGWGV3,2022,2023-03-13,541992521
2022-06-CENSUS-0000175887,SN41W3MGWGV3,2022,2023-03-13,546000814
2022-06-CENSUS-0000175887,SN41W3MGWGV3,2022,2023-03-13,546000884
2022-06-CENSUS-0000175887,SN41W3MGWGV3,2022,2023-03-13,546001702
2022-06-CENSUS-0000175887,SN41W3MGWGV3,2022,2023-03-13,546001703
2022-06-CENSUS-0000175887,SN41W3MGWGV3,2022,2023-03-13,546001707
2022-06-CENSUS-0000175887,SN41W3MGWGV3,2022,2023-03-13,546001710
2022-06-CENSUS-0000175887,SN41W3MGWGV3,2022,2023-03-13,546001718
2022-06-CENSUS-0000175887,SN41W3MGWGV3,2022,2023-03-13,546001720
2022-06-CENSUS-0000175887,SN41W3MGWGV3,2022,2023-03-13,546001721
2022-06-CENSUS-0000175887,SN41W3MGWGV3,2022,2023-03-13,546001722
2022-06-CENSUS-0000175887,SN41W3MGWGV3,2022,2023-03-13,546001730
2022-06-CENSUS-0000175887,SN41W3MGWGV3,2022,2023-03-13,546001731
2022-06-CENSUS-0000175887,SN41W3MGWGV3,2022,2023-03-13,546001732
2022-06-CENSUS-0000175887,SN41W3MGWGV3,2022,2023-03-13,546001733
2022-06-CENSUS-0000175887,SN41W3MGWGV3,2022,2023-03-13,546001735
2022-06-CENSUS-0000175887,SN41W3MGWGV3,2022,2023-03-13,546001739
2022-06-CENSUS-0000175887,SN41W3MGWGV3,2022,2023-03-13,546001740
2022-06-CENSUS-0000175887,SN41W3MGWGV3,2022,2023-03-13,546001745
2022-06-CENSUS-0000175887,SN41W3MGWGV3,2022,2023-03-13,546001747
2022-06-CENSUS-0000175887,SN41W3MGWGV3,2022,2023-03-13,546001748
2022-06-CENSUS-0000175887,SN41W3MGWGV3,2022,2023-03-13,546001751
2022-06-CENSUS-0000175887,SN41W3MGWGV3,2022,2023-03-13,546001756
2022-06-CENSUS-0000175887,SN41W3MGWGV3,2022,2023-03-13,546001757
2022-06-CENSUS-0000175887,SN41W3MGWGV3,2022,2023-03-13,546001758
2022-06-CENSUS-0000175887,SN41W3MGWGV3,2022,2023-03-13,546001771
2022-06-CENSUS-0000175887,SN41W3MGWGV3,2022,2023-03-13,546001772
2022-06-CENSUS-0000175887,SN41W3MGWGV3,2022,2023-03-13,546001775
2022-06-CENSUS-0000175887,SN41W3MGWGV3,2022,2023-03-13,546001780
2022-06-CENSUS-0000175887,SN41W3MGWGV3,2022,2023-03-13,546001788
2022-06-CENSUS-0000175887,SN41W3MGWGV3,2022,2023-03-13,546001789
2022-06-CENSUS-0000175887,SN41W3MGWGV3,2022,2023-03-13,546001795
2022-06-CENSUS-0000175887,SN41W3MGWGV3,2022,2023-03-13,546001796
2022-06-CENSUS-0000175887,SN41W3MGWGV3,2022,2023-03-13,546001800
2022-06-CENSUS-0000175887,SN41W3MGWGV3,2022,2023-03-13,546001802
2022-06-CENSUS-0000175887,SN41W3MGWGV3,2022,2023-03-13,546001803
2022-08-CENSUS-0000252984,PBFNV6K6E486,2022,2023-04-16,911704263
2022-09-CENSUS-0000252112,WDBRTW7XMME9,2022,2023-02-05,020222118
2022-09-CENSUS-0000241787,ZPUHZJCNFKN9,2022,2023-03-29,521902649
2022-06-CENSUS-0000249199,L111SC5WKZM3,2022,2023-03-29,132814327
2022-06-CENSUS-0000021965,VE5HLGLZLC71,2022,2023-01-30,473679496
2022-06-CENSUS-0000021965,VE5HLGLZLC71,2022,2023-01-30,320460533
2022-06-CENSUS-0000206114,JQLBFLDKLJF3,2022,2023-03-27,610595772
2022-06-CENSUS-0000233234,D8V4P7NVGAU7,2022,2023-02-01,056023622
2022-06-CENSUS-0000022374,Q68WYJ7DJC77,2022,2023-01-31,043131333
2022-06-CENSUS-0000022374,Q68WYJ7DJC77,2022,2023-01-31,271924018
2022-12-CENSUS-0000246271,GL5BXTMXX2C8,2022,2023-09-27,851299836
2022-12-CENSUS-0000246271,GL5BXTMXX2C8,2022,2023-09-27,933498347
2022-12-CENSUS-0000020543,MJNNYU5EJSH7,2022,2023-09-26,221487330
2022-12-CENSUS-0000020543,MJNNYU5EJSH7,2022,2023-09-26,274645523
2022-09-CENSUS-0000195146,GC27EN7RG7K1,2022,2023-09-06,232998893
2022-09-CENSUS-0000181662,SK8BQZM1Z5P5,2022,2023-06-29,741665318
2022-09-CENSUS-0000181662,SK8BQZM1Z5P5,2022,2023-06-29,741818451
2022-12-CENSUS-0000199484,YDCGSQEX9PY5,2022,2023-09-27,223452306
2022-12-CENSUS-0000199484,YDCGSQEX9PY5,2022,2023-09-27,221487243
2022-12-CENSUS-0000199484,YDCGSQEX9PY5,2022,2023-09-27,223343959
2022-12-CENSUS-0000199484,YDCGSQEX9PY5,2022,2023-09-27,223452311
2022-12-CENSUS-0000199484,YDCGSQEX9PY5,2022,2023-09-27,222783298
2022-12-CENSUS-0000199484,YDCGSQEX9PY5,2022,2023-09-27,223452412
2022-12-CENSUS-0000199484,YDCGSQEX9PY5,2022,2023-09-27,221487305
2022-12-CENSUS-0000199484,YDCGSQEX9PY5,2022,2023-09-27,210634572
2022-12-CENSUS-0000199484,YDCGSQEX9PY5,2022,2023-09-27,221494440
2022-12-CENSUS-0000199484,YDCGSQEX9PY5,2022,2023-09-27,221487148
2022-12-CENSUS-0000199484,YDCGSQEX9PY5,2022,2023-09-27,810682747
2022-12-CENSUS-0000199484,YDCGSQEX9PY5,2022,2023-09-27,221500556
2022-12-CENSUS-0000199484,YDCGSQEX9PY5,2022,2023-09-27,223601678
2022-12-CENSUS-0000216608,EMJRADN5CG59,2022,2023-06-26,640303085
2022-12-CENSUS-0000216608,EMJRADN5CG59,2022,2023-06-26,640823550
2022-06-CENSUS-0000245499,JDF2HTMK5B35,2022,2023-03-29,361722800
2022-12-CENSUS-0000245338,HZBZRL853VK5,2022,2023-09-30,203736580
2022-09-CENSUS-0000192502,JWKJKYRPLLU6,2022,2023-05-11,596000562
2022-09-CENSUS-0000192502,JWKJKYRPLLU6,2022,2023-05-11,592562792
2022-09-CENSUS-0000192502,JWKJKYRPLLU6,2022,2023-05-11,596000561
2022-09-CENSUS-0000192502,JWKJKYRPLLU6,2022,2023-05-11,596000559
2022-12-CENSUS-0000058758,HXLWMH3H2HK5,2022,2023-07-19,390806380
2022-12-CENSUS-0000058758,HXLWMH3H2HK5,2022,2023-07-19,390812532
2022-12-CENSUS-0000058758,HXLWMH3H2HK5,2022,2023-07-19,391789197
2022-12-CENSUS-0000254265,ZTPAAN97K3P3,2022,2023-09-28,310933339
2022-12-CENSUS-0000254265,ZTPAAN97K3P3,2022,2023-09-28,311031277
2022-12-CENSUS-0000254265,ZTPAAN97K3P3,2022,2023-09-28,311059756
2022-12-CENSUS-0000254265,ZTPAAN97K3P3,2022,2023-09-28,311243376
2022-12-CENSUS-0000254265,ZTPAAN97K3P3,2022,2023-09-28,311370625
2022-12-CENSUS-0000254265,ZTPAAN97K3P3,2022,2023-09-28,341352875
2022-06-CENSUS-0000235872,ESDFCNAM7PV7,2022,2023-03-08,141347719
2022-06-CENSUS-0000235872,ESDFCNAM7PV7,2022,2023-03-08,150532221
2022-06-CENSUS-0000235872,ESDFCNAM7PV7,2022,2023-03-08,161608735
2022-06-CENSUS-0000235872,ESDFCNAM7PV7,2022,2023-03-08,202828680
2022-06-CENSUS-0000235872,ESDFCNAM7PV7,2022,2023-03-08,203690446
2022-06-CENSUS-0000235872,ESDFCNAM7PV7,2022,2023-03-08,203700131
2022-06-CENSUS-0000235872,ESDFCNAM7PV7,2022,2023-03-08,237061646
2022-06-CENSUS-0000235872,ESDFCNAM7PV7,2022,2023-03-08,260479484
2022-06-CENSUS-0000235872,ESDFCNAM7PV7,2022,2023-03-08,261356310
2022-06-CENSUS-0000235872,ESDFCNAM7PV7,2022,2023-03-08,264562522
2022-06-CENSUS-0000235872,ESDFCNAM7PV7,2022,2023-03-08,264562712
2022-06-CENSUS-0000235872,ESDFCNAM7PV7,2022,2023-03-08,270847538
2022-06-CENSUS-0000235872,ESDFCNAM7PV7,2022,2023-03-08,271965272
2022-06-CENSUS-0000235872,ESDFCNAM7PV7,2022,2023-03-08,272039417
2022-06-CENSUS-0000235872,ESDFCNAM7PV7,2022,2023-03-08,274273517
2022-06-CENSUS-0000235872,ESDFCNAM7PV7,2022,2023-03-08,274758285
2022-06-CENSUS-0000235872,ESDFCNAM7PV7,2022,2023-03-08,300577249
2022-06-CENSUS-0000235872,ESDFCNAM7PV7,2022,2023-03-08,350784551
2022-06-CENSUS-0000235872,ESDFCNAM7PV7,2022,2023-03-08,350869065
2022-06-CENSUS-0000235872,ESDFCNAM7PV7,2022,2023-03-08,350869066
2022-06-CENSUS-0000235872,ESDFCNAM7PV7,2022,2023-03-08,350992717
2022-06-CENSUS-0000235872,ESDFCNAM7PV7,2022,2023-03-08,351343019
2022-06-CENSUS-0000235872,ESDFCNAM7PV7,2022,2023-03-08,351841606
2022-06-CENSUS-0000235872,ESDFCNAM7PV7,2022,2023-03-08,352052591
2022-06-CENSUS-0000235872,ESDFCNAM7PV7,2022,2023-03-08,352112529
2022-06-CENSUS-0000235872,ESDFCNAM7PV7,2022,2023-03-08,352363812
2022-06-CENSUS-0000235872,ESDFCNAM7PV7,2022,2023-03-08,362235165
2022-06-CENSUS-0000235872,ESDFCNAM7PV7,2022,2023-03-08,362596381
2022-06-CENSUS-0000235872,ESDFCNAM7PV7,2022,2023-03-08,362709982
2022-06-CENSUS-0000235872,ESDFCNAM7PV7,2022,2023-03-08,362801392
2022-06-CENSUS-0000235872,ESDFCNAM7PV7,2022,2023-03-08,362841358
2022-06-CENSUS-0000235872,ESDFCNAM7PV7,2022,2023-03-08,363045007
2022-06-CENSUS-0000235872,ESDFCNAM7PV7,2022,2023-03-08,363276552
2022-06-CENSUS-0000235872,ESDFCNAM7PV7,2022,2023-03-08,363330928
2022-06-CENSUS-0000235872,ESDFCNAM7PV7,2022,2023-03-08,363438977
2022-06-CENSUS-0000235872,ESDFCNAM7PV7,2022,2023-03-08,363527899
2022-06-CENSUS-0000235872,ESDFCNAM7PV7,2022,2023-03-08,363978153
2022-06-CENSUS-0000235872,ESDFCNAM7PV7,2022,2023-03-08,364195126
2022-06-CENSUS-0000235872,ESDFCNAM7PV7,2022,2023-03-08,364251846
2022-06-CENSUS-0000235872,ESDFCNAM7PV7,2022,2023-03-08,364251848
2022-06-CENSUS-0000235872,ESDFCNAM7PV7,2022,2023-03-08,364492612
2022-06-CENSUS-0000235872,ESDFCNAM7PV7,2022,2023-03-08,371127787
2022-06-CENSUS-0000235872,ESDFCNAM7PV7,2022,2023-03-08,380997730
2022-06-CENSUS-0000235872,ESDFCNAM7PV7,2022,2023-03-08,381358212
2022-06-CENSUS-0000235872,ESDFCNAM7PV7,2022,2023-03-08,381359063
2022-06-CENSUS-0000235872,ESDFCNAM7PV7,2022,2023-03-08,381359180
2022-06-CENSUS-0000235872,ESDFCNAM7PV7,2022,2023-03-08,381359247
2022-06-CENSUS-0000235872,ESDFCNAM7PV7,2022,2023-03-08,381360526
2022-06-CENSUS-0000235872,ESDFCNAM7PV7,2022,2023-03-08,381443395
2022-06-CENSUS-0000235872,ESDFCNAM7PV7,2022,2023-03-08,381490190
2022-06-CENSUS-0000235872,ESDFCNAM7PV7,2022,2023-03-08,381576680
2022-06-CENSUS-0000235872,ESDFCNAM7PV7,2022,2023-03-08,381671120
2022-06-CENSUS-0000235872,ESDFCNAM7PV7,2022,2023-03-08,381958763
2022-06-CENSUS-0000235872,ESDFCNAM7PV7,2022,2023-03-08,382262856
2022-06-CENSUS-0000235872,ESDFCNAM7PV7,2022,2023-03-08,382377821
2022-06-CENSUS-0000235872,ESDFCNAM7PV7,2022,2023-03-08,382555589
2022-06-CENSUS-0000235872,ESDFCNAM7PV7,2022,2023-03-08,382601348
2022-06-CENSUS-0000235872,ESDFCNAM7PV7,2022,2023-03-08,382631907
2022-06-CENSUS-0000235872,ESDFCNAM7PV7,2022,2023-03-08,382820107
2022-06-CENSUS-0000235872,ESDFCNAM7PV7,2022,2023-03-08,383160564
2022-06-CENSUS-0000235872,ESDFCNAM7PV7,2022,2023-03-08,383193801
2022-06-CENSUS-0000235872,ESDFCNAM7PV7,2022,2023-03-08,383322109
2022-06-CENSUS-0000235872,ESDFCNAM7PV7,2022,2023-03-08,383494637
2022-06-CENSUS-0000235872,ESDFCNAM7PV7,2022,2023-03-08,383544539
2022-06-CENSUS-0000235872,ESDFCNAM7PV7,2022,2023-03-08,383833117
2022-06-CENSUS-0000235872,ESDFCNAM7PV7,2022,2023-03-08,390806315
2022-06-CENSUS-0000235872,ESDFCNAM7PV7,2022,2023-03-08,390807063
2022-06-CENSUS-0000235872,ESDFCNAM7PV7,2022,2023-03-08,390807065
2022-06-CENSUS-0000235872,ESDFCNAM7PV7,2022,2023-03-08,390808503
2022-06-CENSUS-0000235872,ESDFCNAM7PV7,2022,2023-03-08,390816818
2022-06-CENSUS-0000235872,ESDFCNAM7PV7,2022,2023-03-08,390816857
2022-06-CENSUS-0000235872,ESDFCNAM7PV7,2022,2023-03-08,390905385
2022-06-CENSUS-0000235872,ESDFCNAM7PV7,2022,2023-03-08,390907740
2022-06-CENSUS-0000235872,ESDFCNAM7PV7,2022,2023-03-08,390985690
2022-06-CENSUS-0000235872,ESDFCNAM7PV7,2022,2023-03-08,391127163
2022-06-CENSUS-0000235872,ESDFCNAM7PV7,2022,2023-03-08,391264986
2022-06-CENSUS-0000235872,ESDFCNAM7PV7,2022,2023-03-08,391351584
2022-06-CENSUS-0000235872,ESDFCNAM7PV7,2022,2023-03-08,391390638
2022-06-CENSUS-0000235872,ESDFCNAM7PV7,2022,2023-03-08,391486775
2022-06-CENSUS-0000235872,ESDFCNAM7PV7,2022,2023-03-08,391791586
2022-06-CENSUS-0000235872,ESDFCNAM7PV7,2022,2023-03-08,391834639
2022-06-CENSUS-0000235872,ESDFCNAM7PV7,2022,2023-03-08,391965593
2022-06-CENSUS-0000235872,ESDFCNAM7PV7,2022,2023-03-08,392064992
2022-06-CENSUS-0000235872,ESDFCNAM7PV7,2022,2023-03-08,410693877
2022-06-CENSUS-0000235872,ESDFCNAM7PV7,2022,2023-03-08,431470362
2022-06-CENSUS-0000235872,ESDFCNAM7PV7,2022,2023-03-08,431592502
2022-06-CENSUS-0000235872,ESDFCNAM7PV7,2022,2023-03-08,454243702
2022-06-CENSUS-0000235872,ESDFCNAM7PV7,2022,2023-03-08,454681563
2022-06-CENSUS-0000235872,ESDFCNAM7PV7,2022,2023-03-08,460483581
2022-06-CENSUS-0000235872,ESDFCNAM7PV7,2022,2023-03-08,460877261
2022-06-CENSUS-0000235872,ESDFCNAM7PV7,2022,2023-03-08,461523194
2022-06-CENSUS-0000235872,ESDFCNAM7PV7,2022,2023-03-08,471930457
2022-06-CENSUS-0000235872,ESDFCNAM7PV7,2022,2023-03-08,474063046
2022-06-CENSUS-0000235872,ESDFCNAM7PV7,2022,2023-03-08,480543778
2022-06-CENSUS-0000235872,ESDFCNAM7PV7,2022,2023-03-08,480993446
2022-06-CENSUS-0000235872,ESDFCNAM7PV7,2022,2023-03-08,481078862
2022-06-CENSUS-0000235872,ESDFCNAM7PV7,2022,2023-03-08,481158274
2022-06-CENSUS-0000235872,ESDFCNAM7PV7,2022,2023-03-08,481172106
2022-06-CENSUS-0000235872,ESDFCNAM7PV7,2022,2023-03-08,481186704
2022-06-CENSUS-0000235872,ESDFCNAM7PV7,2022,2023-03-08,481241079
2022-06-CENSUS-0000235872,ESDFCNAM7PV7,2022,2023-03-08,481247723
2022-06-CENSUS-0000235872,ESDFCNAM7PV7,2022,2023-03-08,520591657
2022-06-CENSUS-0000235872,ESDFCNAM7PV7,2022,2023-03-08,521275587
2022-06-CENSUS-0000235872,ESDFCNAM7PV7,2022,2023-03-08,521415083
2022-06-CENSUS-0000235872,ESDFCNAM7PV7,2022,2023-03-08,521835288
2022-06-CENSUS-0000235872,ESDFCNAM7PV7,2022,2023-03-08,581663055
2022-06-CENSUS-0000235872,ESDFCNAM7PV7,2022,2023-03-08,581716804
2022-06-CENSUS-0000235872,ESDFCNAM7PV7,2022,2023-03-08,581737573
2022-06-CENSUS-0000235872,ESDFCNAM7PV7,2022,2023-03-08,590624449
2022-06-CENSUS-0000235872,ESDFCNAM7PV7,2022,2023-03-08,590634434
2022-06-CENSUS-0000235872,ESDFCNAM7PV7,2022,2023-03-08,591878316
2022-06-CENSUS-0000235872,ESDFCNAM7PV7,2022,2023-03-08,592292041
2022-06-CENSUS-0000235872,ESDFCNAM7PV7,2022,2023-03-08,593620346
2022-06-CENSUS-0000235872,ESDFCNAM7PV7,2022,2023-03-08,593650609
2022-06-CENSUS-0000235872,ESDFCNAM7PV7,2022,2023-03-08,611759304
2022-06-CENSUS-0000235872,ESDFCNAM7PV7,2022,2023-03-08,620347580
2022-06-CENSUS-0000235872,ESDFCNAM7PV7,2022,2023-03-08,620475842
2022-06-CENSUS-0000235872,ESDFCNAM7PV7,2022,2023-03-08,621136742
2022-06-CENSUS-0000235872,ESDFCNAM7PV7,2022,2023-03-08,621529858
2022-06-CENSUS-0000235872,ESDFCNAM7PV7,2022,2023-03-08,621712703
2022-06-CENSUS-0000235872,ESDFCNAM7PV7,2022,2023-03-08,621869474
2022-06-CENSUS-0000235872,ESDFCNAM7PV7,2022,2023-03-08,630288861
2022-06-CENSUS-0000235872,ESDFCNAM7PV7,2022,2023-03-08,630288864
2022-06-CENSUS-0000235872,ESDFCNAM7PV7,2022,2023-03-08,630909073
2022-06-CENSUS-0000235872,ESDFCNAM7PV7,2022,2023-03-08,630937704
2022-06-CENSUS-0000235872,ESDFCNAM7PV7,2022,2023-03-08,631146531
2022-06-CENSUS-0000235872,ESDFCNAM7PV7,2022,2023-03-08,721332678
2022-06-CENSUS-0000235872,ESDFCNAM7PV7,2022,2023-03-08,721526400
2022-06-CENSUS-0000235872,ESDFCNAM7PV7,2022,2023-03-08,721529708
2022-06-CENSUS-0000235872,ESDFCNAM7PV7,2022,2023-03-08,721531917
2022-06-CENSUS-0000235872,ESDFCNAM7PV7,2022,2023-03-08,730579286
2022-06-CENSUS-0000235872,ESDFCNAM7PV7,2022,2023-03-08,730606129
2022-06-CENSUS-0000235872,ESDFCNAM7PV7,2022,2023-03-08,730662663
2022-06-CENSUS-0000235872,ESDFCNAM7PV7,2022,2023-03-08,731153337
2022-06-CENSUS-0000235872,ESDFCNAM7PV7,2022,2023-03-08,731215174
2022-06-CENSUS-0000235872,ESDFCNAM7PV7,2022,2023-03-08,731321032
2022-06-CENSUS-0000235872,ESDFCNAM7PV7,2022,2023-03-08,731440267
2022-06-CENSUS-0000235872,ESDFCNAM7PV7,2022,2023-03-08,741109636
2022-06-CENSUS-0000235872,ESDFCNAM7PV7,2022,2023-03-08,741109643
2022-06-CENSUS-0000235872,ESDFCNAM7PV7,2022,2023-03-08,742505427
2022-06-CENSUS-0000235872,ESDFCNAM7PV7,2022,2023-03-08,742696970
2022-06-CENSUS-0000235872,ESDFCNAM7PV7,2022,2023-03-08,742800601
2022-06-CENSUS-0000235872,ESDFCNAM7PV7,2022,2023-03-08,743070971
2022-06-CENSUS-0000235872,ESDFCNAM7PV7,2022,2023-03-08,743107055
2022-06-CENSUS-0000235872,ESDFCNAM7PV7,2022,2023-03-08,746106879
2022-06-CENSUS-0000235872,ESDFCNAM7PV7,2022,2023-03-08,800710751
2022-06-CENSUS-0000235872,ESDFCNAM7PV7,2022,2023-03-08,810935368
2022-06-CENSUS-0000235872,ESDFCNAM7PV7,2022,2023-03-08,815393966
2022-06-CENSUS-0000235872,ESDFCNAM7PV7,2022,2023-03-08,821103087
2022-06-CENSUS-0000235872,ESDFCNAM7PV7,2022,2023-03-08,824710412
2022-06-CENSUS-0000235872,ESDFCNAM7PV7,2022,2023-03-08,832068871
2022-06-CENSUS-0000235872,ESDFCNAM7PV7,2022,2023-03-08,900799724
2022-06-CENSUS-0000171415,MYX9B6NDMS25,2022,2023-02-02,626000733
2022-06-CENSUS-0000171415,MYX9B6NDMS25,2022,2023-02-02,626000732
2022-09-CENSUS-0000253801,CDE6MJRCKQL7,2022,2023-06-29,202581924
2022-09-CENSUS-0000253801,CDE6MJRCKQL7,2022,2023-06-29,237625632
2022-09-CENSUS-0000253801,CDE6MJRCKQL7,2022,2023-06-29,203367397
2022-09-CENSUS-0000253801,CDE6MJRCKQL7,2022,2023-06-29,411799368
2022-09-CENSUS-0000253801,CDE6MJRCKQL7,2022,2023-06-29,411668347
2022-09-CENSUS-0000253801,CDE6MJRCKQL7,2022,2023-06-29,411879639
2022-09-CENSUS-0000253801,CDE6MJRCKQL7,2022,2023-06-29,411810369
2022-09-CENSUS-0000253801,CDE6MJRCKQL7,2022,2023-06-29,810910949
2022-09-CENSUS-0000253801,CDE6MJRCKQL7,2022,2023-06-29,205617275
2022-09-CENSUS-0000253801,CDE6MJRCKQL7,2022,2023-06-29,200100365
2022-09-CENSUS-0000253801,CDE6MJRCKQL7,2022,2023-06-29,411843283
2022-09-CENSUS-0000253801,CDE6MJRCKQL7,2022,2023-06-29,463626109
2022-09-CENSUS-0000253801,CDE6MJRCKQL7,2022,2023-06-29,510487275
2022-08-CENSUS-0000219854,CC4HHHTM66J7,2022,2023-03-19,112131432
2022-12-CENSUS-0000216557,DRVVYCUK2N91,2022,2023-09-28,270862548
2022-12-CENSUS-0000216557,DRVVYCUK2N91,2022,2023-09-28,205956878
2022-12-CENSUS-0000216557,DRVVYCUK2N91,2022,2023-09-28,270822850
2022-12-CENSUS-0000216557,DRVVYCUK2N91,2022,2023-09-28,852508497
2022-12-CENSUS-0000219891,Q35NCMKQ7AU5,2022,2023-08-15,592374556
2022-12-CENSUS-0000219891,Q35NCMKQ7AU5,2022,2023-08-15,591371752
2022-12-CENSUS-0000219891,Q35NCMKQ7AU5,2022,2023-08-15,590724462
2022-12-CENSUS-0000219891,Q35NCMKQ7AU5,2022,2023-08-15,590774199
2022-06-CENSUS-0000204973,RLNKLURY4FR1,2022,2023-03-28,273338560
2022-06-CENSUS-0000204973,RLNKLURY4FR1,2022,2023-03-28,411945779
2022-06-CENSUS-0000204973,RLNKLURY4FR1,2022,2023-03-28,411647566
2022-06-CENSUS-0000204973,RLNKLURY4FR1,2022,2023-03-28,410968529
2022-06-CENSUS-0000204973,RLNKLURY4FR1,2022,2023-03-28,411467162
2022-06-CENSUS-0000204973,RLNKLURY4FR1,2022,2023-03-28,300186547
2022-06-CENSUS-0000204973,RLNKLURY4FR1,2022,2023-03-28,411501920
2022-06-CENSUS-0000204973,RLNKLURY4FR1,2022,2023-03-28,463725132
2022-06-CENSUS-0000204973,RLNKLURY4FR1,2022,2023-03-28,270267491
2022-06-CENSUS-0000252657,HLLDLCSRZKN5,2022,2023-03-24,311070877
2022-06-CENSUS-0000252657,HLLDLCSRZKN5,2022,2023-03-24,314379436
2022-06-CENSUS-0000252657,HLLDLCSRZKN5,2022,2023-03-24,314394942
2022-06-CENSUS-0000252657,HLLDLCSRZKN5,2022,2023-03-24,310714456
2022-06-CENSUS-0000252657,HLLDLCSRZKN5,2022,2023-03-24,314440479
2022-06-CENSUS-0000252657,HLLDLCSRZKN5,2022,2023-03-24,384105653
2022-06-CENSUS-0000252657,HLLDLCSRZKN5,2022,2023-03-24,314446959
2022-06-CENSUS-0000252657,HLLDLCSRZKN5,2022,2023-03-24,260765786
2022-06-CENSUS-0000252657,HLLDLCSRZKN5,2022,2023-03-24,201547399
2022-06-CENSUS-0000252657,HLLDLCSRZKN5,2022,2023-03-24,020734615
2022-06-CENSUS-0000252657,HLLDLCSRZKN5,2022,2023-03-24,208074623
2022-06-CENSUS-0000252657,HLLDLCSRZKN5,2022,2023-03-24,273371022
2022-06-CENSUS-0000252657,HLLDLCSRZKN5,2022,2023-03-24,311351965
2022-06-CENSUS-0000252657,HLLDLCSRZKN5,2022,2023-03-24,311372702
2022-06-CENSUS-0000252657,HLLDLCSRZKN5,2022,2023-03-24,311414276
2022-06-CENSUS-0000252657,HLLDLCSRZKN5,2022,2023-03-24,311438107
2022-06-CENSUS-0000252657,HLLDLCSRZKN5,2022,2023-03-24,320007056
2022-06-CENSUS-0000252657,HLLDLCSRZKN5,2022,2023-03-24,462458436
2022-06-CENSUS-0000252657,HLLDLCSRZKN5,2022,2023-03-24,462755661
2022-06-CENSUS-0000252657,HLLDLCSRZKN5,2022,2023-03-24,472512005
2022-06-CENSUS-0000252657,HLLDLCSRZKN5,2022,2023-03-24,800835324
2022-09-CENSUS-0000253828,PEB6D46Y6ZP4,2022,2023-06-29,463364672
2022-09-CENSUS-0000253828,PEB6D46Y6ZP4,2022,2023-06-29,272608086
2022-09-CENSUS-0000253828,PEB6D46Y6ZP4,2022,2023-06-29,450275011
2022-09-CENSUS-0000253828,PEB6D46Y6ZP4,2022,2023-06-29,204531061
2022-06-CENSUS-0000131804,PKK5TD16N4H1,2022,2023-03-24,270093858
2022-06-CENSUS-0000131804,PKK5TD16N4H1,2022,2023-03-24,941539563
2022-06-CENSUS-0000131804,PKK5TD16N4H1,2022,2023-03-24,946036494
2022-06-CENSUS-0000131804,PKK5TD16N4H1,2022,2023-03-24,952226406
2022-06-CENSUS-0000131804,PKK5TD16N4H1,2022,2023-03-24,956006143
2022-06-CENSUS-0000131804,PKK5TD16N4H1,2022,2023-03-24,956006142
2022-06-CENSUS-0000131804,PKK5TD16N4H1,2022,2023-03-24,956006145
2022-06-CENSUS-0000131804,PKK5TD16N4H1,2022,2023-03-24,956006144
2022-06-CENSUS-0000131804,PKK5TD16N4H1,2022,2023-03-24,946036493
2022-06-CENSUS-0000131804,PKK5TD16N4H1,2022,2023-03-24,205892682
2022-06-CENSUS-0000131804,PKK5TD16N4H1,2022,2023-03-24,237064656
2022-06-CENSUS-0000131804,PKK5TD16N4H1,2022,2023-03-24,260622624
2022-06-CENSUS-0000131804,PKK5TD16N4H1,2022,2023-03-24,274440873
2022-06-CENSUS-0000131804,PKK5TD16N4H1,2022,2023-03-24,330571597
2022-06-CENSUS-0000131804,PKK5TD16N4H1,2022,2023-03-24,330599494
2022-06-CENSUS-0000131804,PKK5TD16N4H1,2022,2023-03-24,330702174
2022-06-CENSUS-0000131804,PKK5TD16N4H1,2022,2023-03-24,680334324
2022-06-CENSUS-0000131804,PKK5TD16N4H1,2022,2023-03-24,680344702
2022-06-CENSUS-0000131804,PKK5TD16N4H1,2022,2023-03-24,800519972
2022-06-CENSUS-0000131804,PKK5TD16N4H1,2022,2023-03-24,824454688
2022-06-CENSUS-0000131804,PKK5TD16N4H1,2022,2023-03-24,940382330
2022-06-CENSUS-0000131804,PKK5TD16N4H1,2022,2023-03-24,943281657
2022-06-CENSUS-0000131804,PKK5TD16N4H1,2022,2023-03-24,946002123
2022-06-CENSUS-0000131804,PKK5TD16N4H1,2022,2023-03-24,954373071
2022-06-CENSUS-0000156063,ML4APHRG3K85,2022,2023-03-29,020261657
2022-12-CENSUS-0000254860,HD2BSE2ZFCG6,2022,2023-09-21,471944928
2022-12-CENSUS-0000254860,HD2BSE2ZFCG6,2022,2023-09-21,221589209
2022-12-CENSUS-0000254860,HD2BSE2ZFCG6,2022,2023-09-21,261887505
2022-12-CENSUS-0000254860,HD2BSE2ZFCG6,2022,2023-09-21,202937952
2022-12-CENSUS-0000254860,HD2BSE2ZFCG6,2022,2023-09-21,471958020
2022-06-CENSUS-0000091961,NBETHC52JNL9,2022,2023-08-13,610662739
2022-06-CENSUS-0000182312,SGBMHQ7VXNH5,2022,2023-03-29,471042118
2022-12-CENSUS-0000230928,CKL3SAHPEE73,2022,2023-09-21,611300608
2022-12-CENSUS-0000248298,XKLQDKGBJY15,2022,2023-09-06,452471096
2022-12-CENSUS-0000248298,XKLQDKGBJY15,2022,2023-09-06,462796593
2022-09-CENSUS-0000249502,NNGKJJVPWM51,2022,2023-06-26,811723202
2022-09-CENSUS-0000249502,NNGKJJVPWM51,2022,2023-06-26,571004971
2022-09-CENSUS-0000249502,NNGKJJVPWM51,2022,2023-06-26,471345819
2022-09-CENSUS-0000249502,NNGKJJVPWM51,2022,2023-06-26,582296052
2022-09-CENSUS-0000249502,NNGKJJVPWM51,2022,2023-06-26,474914917
2022-12-CENSUS-0000079097,LA9ZGCSVLHY5,2022,2023-09-25,161750985
2022-12-CENSUS-0000079097,LA9ZGCSVLHY5,2022,2023-09-25,223494087
2022-12-CENSUS-0000079097,LA9ZGCSVLHY5,2022,2023-09-25,331084573
2022-12-CENSUS-0000079097,LA9ZGCSVLHY5,2022,2023-09-25,455039871
2022-12-CENSUS-0000079097,LA9ZGCSVLHY5,2022,2023-09-25,824248123
2022-06-CENSUS-0000171362,FZH4R8S9Z115,2022,2023-02-02,620000489
2022-06-CENSUS-0000171362,FZH4R8S9Z115,2022,2023-02-02,620000486
2022-06-CENSUS-0000053989,UK7BDP7HPAS8,2022,2023-01-19,611472664
2022-09-CENSUS-0000136115,DBXFY1MJ47K8,2022,2023-04-04,596000729
2022-09-CENSUS-0000136115,DBXFY1MJ47K8,2022,2023-04-04,300483077
2022-09-CENSUS-0000136115,DBXFY1MJ47K8,2022,2023-04-04,596000731
2022-09-CENSUS-0000136115,DBXFY1MJ47K8,2022,2023-04-04,590483077
2022-12-CENSUS-0000044372,J3QACS9PPD99,2022,2023-09-28,260625141
2022-12-CENSUS-0000044372,J3QACS9PPD99,2022,2023-09-28,260625222
2022-12-CENSUS-0000044372,J3QACS9PPD99,2022,2023-09-28,260625266
2022-12-CENSUS-0000044372,J3QACS9PPD99,2022,2023-09-28,260625279
2022-12-CENSUS-0000044372,J3QACS9PPD99,2022,2023-09-28,341883132
2022-12-CENSUS-0000044372,J3QACS9PPD99,2022,2023-09-28,386108110
2022-12-CENSUS-0000044372,J3QACS9PPD99,2022,2023-09-28,344446484
2022-12-CENSUS-0000044372,J3QACS9PPD99,2022,2023-09-28,260623108
2022-12-CENSUS-0000044372,J3QACS9PPD99,2022,2023-09-28,382796005
2022-12-CENSUS-0000044372,J3QACS9PPD99,2022,2023-09-28,205752995
2022-12-CENSUS-0000044372,J3QACS9PPD99,2022,2023-09-28,340898745
2022-12-CENSUS-0000044372,J3QACS9PPD99,2022,2023-09-28,260610244
2022-12-CENSUS-0000044372,J3QACS9PPD99,2022,2023-09-28,260624435
2022-12-CENSUS-0000044372,J3QACS9PPD99,2022,2023-09-28,260624411
2022-12-CENSUS-0000044372,J3QACS9PPD99,2022,2023-09-28,261283803
2022-12-CENSUS-0000044372,J3QACS9PPD99,2022,2023-09-28,452507279
2022-12-CENSUS-0000044372,J3QACS9PPD99,2022,2023-09-28,743193136
2022-12-CENSUS-0000044372,J3QACS9PPD99,2022,2023-09-28,650666550
2022-12-CENSUS-0000044372,J3QACS9PPD99,2022,2023-09-28,825373223
2022-12-CENSUS-0000044372,J3QACS9PPD99,2022,2023-09-28,261305723
2022-12-CENSUS-0000044372,J3QACS9PPD99,2022,2023-09-28,461343453
2022-12-CENSUS-0000044372,J3QACS9PPD99,2022,2023-09-28,260623167
2022-12-CENSUS-0000044372,J3QACS9PPD99,2022,2023-09-28,260623968
2022-12-CENSUS-0000044372,J3QACS9PPD99,2022,2023-09-28,260623949
2022-12-CENSUS-0000044372,J3QACS9PPD99,2022,2023-09-28,260623316
2022-12-CENSUS-0000044372,J3QACS9PPD99,2022,2023-09-28,260623335
2022-12-CENSUS-0000044372,J3QACS9PPD99,2022,2023-09-28,260624567
2022-12-CENSUS-0000044372,J3QACS9PPD99,2022,2023-09-28,260623208
2022-12-CENSUS-0000044372,J3QACS9PPD99,2022,2023-09-28,260623559
2022-12-CENSUS-0000044372,J3QACS9PPD99,2022,2023-09-28,260611286
2022-12-CENSUS-0000044372,J3QACS9PPD99,2022,2023-09-28,260612384
2022-12-CENSUS-0000044372,J3QACS9PPD99,2022,2023-09-28,260612206
2022-12-CENSUS-0000044372,J3QACS9PPD99,2022,2023-09-28,260623523
2022-12-CENSUS-0000044372,J3QACS9PPD99,2022,2023-09-28,260611711
2022-12-CENSUS-0000044372,J3QACS9PPD99,2022,2023-09-28,260620527
2022-12-CENSUS-0000044372,J3QACS9PPD99,2022,2023-09-28,260611231
2022-12-CENSUS-0000044372,J3QACS9PPD99,2022,2023-09-28,260611818
2022-12-CENSUS-0000044372,J3QACS9PPD99,2022,2023-09-28,260623726
2022-12-CENSUS-0000044372,J3QACS9PPD99,2022,2023-09-28,260624455
2022-12-CENSUS-0000044372,J3QACS9PPD99,2022,2023-09-28,260611334
2022-12-CENSUS-0000044372,J3QACS9PPD99,2022,2023-09-28,260611865
2022-12-CENSUS-0000044372,J3QACS9PPD99,2022,2023-09-28,260614845
2022-12-CENSUS-0000044372,J3QACS9PPD99,2022,2023-09-28,260623590
2022-12-CENSUS-0000044372,J3QACS9PPD99,2022,2023-09-28,260611184
2022-12-CENSUS-0000044372,J3QACS9PPD99,2022,2023-09-28,260624476
2022-12-CENSUS-0000044372,J3QACS9PPD99,2022,2023-09-28,260624491
2022-12-CENSUS-0000044372,J3QACS9PPD99,2022,2023-09-28,260623931
2022-12-CENSUS-0000044372,J3QACS9PPD99,2022,2023-09-28,260620480
2022-12-CENSUS-0000044372,J3QACS9PPD99,2022,2023-09-28,260623613
2022-12-CENSUS-0000044372,J3QACS9PPD99,2022,2023-09-28,260623909
2022-12-CENSUS-0000044372,J3QACS9PPD99,2022,2023-09-28,260612325
2022-12-CENSUS-0000044372,J3QACS9PPD99,2022,2023-09-28,341787895
2022-12-CENSUS-0000044372,J3QACS9PPD99,2022,2023-09-28,341788398
2022-12-CENSUS-0000044372,J3QACS9PPD99,2022,2023-09-28,260614610
2022-12-CENSUS-0000044372,J3QACS9PPD99,2022,2023-09-28,260609683
2022-12-CENSUS-0000044372,J3QACS9PPD99,2022,2023-09-28,260609311
2022-12-CENSUS-0000044372,J3QACS9PPD99,2022,2023-09-28,260623408
2022-12-CENSUS-0000044372,J3QACS9PPD99,2022,2023-09-28,260609351
2022-12-CENSUS-0000044372,J3QACS9PPD99,2022,2023-09-28,260609231
2022-12-CENSUS-0000044372,J3QACS9PPD99,2022,2023-09-28,260609259
2022-12-CENSUS-0000044372,J3QACS9PPD99,2022,2023-09-28,260613105
2022-12-CENSUS-0000044372,J3QACS9PPD99,2022,2023-09-28,260610122
2022-12-CENSUS-0000044372,J3QACS9PPD99,2022,2023-09-28,260794075
2022-12-CENSUS-0000044372,J3QACS9PPD99,2022,2023-09-28,260609189
2022-12-CENSUS-0000044372,J3QACS9PPD99,2022,2023-09-28,260609484
2022-12-CENSUS-0000044372,J3QACS9PPD99,2022,2023-09-28,260623364
2022-12-CENSUS-0000044372,J3QACS9PPD99,2022,2023-09-28,260609323
2022-12-CENSUS-0000044372,J3QACS9PPD99,2022,2023-09-28,260610097
2022-12-CENSUS-0000044372,J3QACS9PPD99,2022,2023-09-28,260623476
2022-12-CENSUS-0000044372,J3QACS9PPD99,2022,2023-09-28,260609445
2022-12-CENSUS-0000044372,J3QACS9PPD99,2022,2023-09-28,411458213
2022-12-CENSUS-0000044372,J3QACS9PPD99,2022,2023-09-28,382879330
2022-12-CENSUS-0000044372,J3QACS9PPD99,2022,2023-09-28,260624159
2022-12-CENSUS-0000044372,J3QACS9PPD99,2022,2023-09-28,260611592
2022-12-CENSUS-0000044372,J3QACS9PPD99,2022,2023-09-28,260610347
2022-12-CENSUS-0000044372,J3QACS9PPD99,2022,2023-09-28,260610542
2022-12-CENSUS-0000044372,J3QACS9PPD99,2022,2023-09-28,260624217
2022-12-CENSUS-0000044372,J3QACS9PPD99,2022,2023-09-28,260624378
2022-12-CENSUS-0000044372,J3QACS9PPD99,2022,2023-09-28,260622564
2022-12-CENSUS-0000044372,J3QACS9PPD99,2022,2023-09-28,260624394
2022-12-CENSUS-0000044372,J3QACS9PPD99,2022,2023-09-28,260624068
2022-12-CENSUS-0000044372,J3QACS9PPD99,2022,2023-09-28,260624416
2022-12-CENSUS-0000044372,J3QACS9PPD99,2022,2023-09-28,260622988
2022-12-CENSUS-0000044372,J3QACS9PPD99,2022,2023-09-28,260624272
2022-12-CENSUS-0000044372,J3QACS9PPD99,2022,2023-09-28,260624719
2022-12-CENSUS-0000044372,J3QACS9PPD99,2022,2023-09-28,260623107
2022-12-CENSUS-0000044372,J3QACS9PPD99,2022,2023-09-28,260624675
2022-12-CENSUS-0000044372,J3QACS9PPD99,2022,2023-09-28,260623221
2022-12-CENSUS-0000044372,J3QACS9PPD99,2022,2023-09-28,260624687
2022-12-CENSUS-0000044372,J3QACS9PPD99,2022,2023-09-28,260623034
2022-12-CENSUS-0000044372,J3QACS9PPD99,2022,2023-09-28,260624696
2022-12-CENSUS-0000044372,J3QACS9PPD99,2022,2023-09-28,260624092
2022-12-CENSUS-0000044372,J3QACS9PPD99,2022,2023-09-28,260623196
2022-12-CENSUS-0000044372,J3QACS9PPD99,2022,2023-09-28,260624363
2022-12-CENSUS-0000044372,J3QACS9PPD99,2022,2023-09-28,260612993
2022-12-CENSUS-0000044372,J3QACS9PPD99,2022,2023-09-28,261305666
2022-12-CENSUS-0000044372,J3QACS9PPD99,2022,2023-09-28,260624590
2022-12-CENSUS-0000044372,J3QACS9PPD99,2022,2023-09-28,260610673
2022-12-CENSUS-0000044372,J3QACS9PPD99,2022,2023-09-28,260624619
2022-12-CENSUS-0000044372,J3QACS9PPD99,2022,2023-09-28,260609528
2022-12-CENSUS-0000044372,J3QACS9PPD99,2022,2023-09-28,260622002
2022-12-CENSUS-0000044372,J3QACS9PPD99,2022,2023-09-28,260620122
2022-12-CENSUS-0000044372,J3QACS9PPD99,2022,2023-09-28,260614878
2022-12-CENSUS-0000044372,J3QACS9PPD99,2022,2023-09-28,260621845
2022-12-CENSUS-0000044372,J3QACS9PPD99,2022,2023-09-28,260623287
2022-12-CENSUS-0000044372,J3QACS9PPD99,2022,2023-09-28,260624241
2022-12-CENSUS-0000044372,J3QACS9PPD99,2022,2023-09-28,260623070
2022-12-CENSUS-0000044372,J3QACS9PPD99,2022,2023-09-28,260610623
2022-12-CENSUS-0000044372,J3QACS9PPD99,2022,2023-09-28,260614915
2022-12-CENSUS-0000044372,J3QACS9PPD99,2022,2023-09-28,260620158
2022-12-CENSUS-0000044372,J3QACS9PPD99,2022,2023-09-28,260614534
2022-12-CENSUS-0000044372,J3QACS9PPD99,2022,2023-09-28,260623262
2022-12-CENSUS-0000044372,J3QACS9PPD99,2022,2023-09-28,260624190
2022-12-CENSUS-0000044372,J3QACS9PPD99,2022,2023-09-28,260621877
2022-12-CENSUS-0000044372,J3QACS9PPD99,2022,2023-09-28,260618782
2022-12-CENSUS-0000044372,J3QACS9PPD99,2022,2023-09-28,260624605
2022-12-CENSUS-0000044372,J3QACS9PPD99,2022,2023-09-28,260622713
2022-12-CENSUS-0000044372,J3QACS9PPD99,2022,2023-09-28,260615984
2022-12-CENSUS-0000044372,J3QACS9PPD99,2022,2023-09-28,260614920
2022-12-CENSUS-0000044372,J3QACS9PPD99,2022,2023-09-28,260610582
2022-12-CENSUS-0000044372,J3QACS9PPD99,2022,2023-09-28,260624643
2022-12-CENSUS-0000044372,J3QACS9PPD99,2022,2023-09-28,260614957
2022-12-CENSUS-0000044372,J3QACS9PPD99,2022,2023-09-28,260610645
2022-12-CENSUS-0000044372,J3QACS9PPD99,2022,2023-09-28,260615323
2022-12-CENSUS-0000044372,J3QACS9PPD99,2022,2023-09-28,260610561
2022-12-CENSUS-0000044372,J3QACS9PPD99,2022,2023-09-28,260624391
2022-12-CENSUS-0000044372,J3QACS9PPD99,2022,2023-09-28,260621637
2022-12-CENSUS-0000044372,J3QACS9PPD99,2022,2023-09-28,260615380
2022-12-CENSUS-0000044372,J3QACS9PPD99,2022,2023-09-28,260615358
2022-12-CENSUS-0000044372,J3QACS9PPD99,2022,2023-09-28,260615859
2022-12-CENSUS-0000044372,J3QACS9PPD99,2022,2023-09-28,260614497
2022-12-CENSUS-0000044372,J3QACS9PPD99,2022,2023-09-28,260614451
2022-12-CENSUS-0000044372,J3QACS9PPD99,2022,2023-09-28,260612791
2022-12-CENSUS-0000044372,J3QACS9PPD99,2022,2023-09-28,260610604
2022-12-CENSUS-0000044372,J3QACS9PPD99,2022,2023-09-28,260615929
2022-12-CENSUS-0000044372,J3QACS9PPD99,2022,2023-09-28,260616038
2022-12-CENSUS-0000044372,J3QACS9PPD99,2022,2023-09-28,260614171
2022-12-CENSUS-0000044372,J3QACS9PPD99,2022,2023-09-28,260624018
2022-12-CENSUS-0000044372,J3QACS9PPD99,2022,2023-09-28,260615889
2022-12-CENSUS-0000044372,J3QACS9PPD99,2022,2023-09-28,260618879
2022-12-CENSUS-0000044372,J3QACS9PPD99,2022,2023-09-28,260609661
2022-12-CENSUS-0000044372,J3QACS9PPD99,2022,2023-09-28,260614341
2022-12-CENSUS-0000044372,J3QACS9PPD99,2022,2023-09-28,260623346
2022-12-CENSUS-0000044372,J3QACS9PPD99,2022,2023-09-28,260610260
2022-12-CENSUS-0000044372,J3QACS9PPD99,2022,2023-09-28,260620187
2022-12-CENSUS-0000044372,J3QACS9PPD99,2022,2023-09-28,260615421
2022-12-CENSUS-0000044372,J3QACS9PPD99,2022,2023-09-28,260615453
2022-12-CENSUS-0000044372,J3QACS9PPD99,2022,2023-09-28,260624664
2022-12-CENSUS-0000044372,J3QACS9PPD99,2022,2023-09-28,260620341
2022-12-CENSUS-0000044372,J3QACS9PPD99,2022,2023-09-28,260620310
2022-12-CENSUS-0000044372,J3QACS9PPD99,2022,2023-09-28,260620431
2022-12-CENSUS-0000044372,J3QACS9PPD99,2022,2023-09-28,260624375
2022-12-CENSUS-0000044372,J3QACS9PPD99,2022,2023-09-28,260610325
2022-12-CENSUS-0000044372,J3QACS9PPD99,2022,2023-09-28,260620058
2022-12-CENSUS-0000044372,J3QACS9PPD99,2022,2023-09-28,260621908
2022-12-CENSUS-0000044372,J3QACS9PPD99,2022,2023-09-28,260615499
2022-12-CENSUS-0000044372,J3QACS9PPD99,2022,2023-09-28,260622591
2022-12-CENSUS-0000044372,J3QACS9PPD99,2022,2023-09-28,260620456
2022-12-CENSUS-0000044372,J3QACS9PPD99,2022,2023-09-28,260612955
2022-12-CENSUS-0000044372,J3QACS9PPD99,2022,2023-09-28,221604502
2022-12-CENSUS-0000044372,J3QACS9PPD99,2022,2023-09-28,260624438
2022-12-CENSUS-0000044372,J3QACS9PPD99,2022,2023-09-28,260624142
2022-12-CENSUS-0000044372,J3QACS9PPD99,2022,2023-09-28,260615529
2022-12-CENSUS-0000044372,J3QACS9PPD99,2022,2023-09-28,260620376
2022-12-CENSUS-0000044372,J3QACS9PPD99,2022,2023-09-28,260622805
2022-12-CENSUS-0000044372,J3QACS9PPD99,2022,2023-09-28,260621747
2022-12-CENSUS-0000044372,J3QACS9PPD99,2022,2023-09-28,260621778
2022-12-CENSUS-0000044372,J3QACS9PPD99,2022,2023-09-28,260623367
2022-12-CENSUS-0000044372,J3QACS9PPD99,2022,2023-09-28,260621815
2022-12-CENSUS-0000044372,J3QACS9PPD99,2022,2023-09-28,260622887
2022-12-CENSUS-0000044372,J3QACS9PPD99,2022,2023-09-28,260622947
2022-12-CENSUS-0000044372,J3QACS9PPD99,2022,2023-09-28,260624049
2022-12-CENSUS-0000044372,J3QACS9PPD99,2022,2023-09-28,260624293
2022-12-CENSUS-0000044372,J3QACS9PPD99,2022,2023-09-28,260624336
2022-12-CENSUS-0000044372,J3QACS9PPD99,2022,2023-09-28,344430849
2022-12-CENSUS-0000044372,J3QACS9PPD99,2022,2023-09-28,381984289
2022-12-CENSUS-0000044372,J3QACS9PPD99,2022,2023-09-28,382934134
2022-12-CENSUS-0000044372,J3QACS9PPD99,2022,2023-09-28,260623007
2022-12-CENSUS-0000044372,J3QACS9PPD99,2022,2023-09-28,344492440
2022-12-CENSUS-0000044372,J3QACS9PPD99,2022,2023-09-28,611771805
2022-12-CENSUS-0000044372,J3QACS9PPD99,2022,2023-09-28,341880767
2022-12-CENSUS-0000044372,J3QACS9PPD99,2022,2023-09-28,341899439
2022-12-CENSUS-0000044372,J3QACS9PPD99,2022,2023-09-28,861310885
2022-12-CENSUS-0000044372,J3QACS9PPD99,2022,2023-09-28,344428256
2022-12-CENSUS-0000044372,J3QACS9PPD99,2022,2023-09-28,871277852
2022-12-CENSUS-0000044372,J3QACS9PPD99,2022,2023-09-28,341831624
2022-06-CENSUS-0000255011,LB1YBEHWC3G3,2022,2023-03-26,232809429
2022-06-CENSUS-0000255011,LB1YBEHWC3G3,2022,2023-03-26,841973047
2022-09-CENSUS-0000253818,G1G6U3DKQDC7,2022,2023-03-12,042103565
2022-06-CENSUS-0000244276,YDMVPF8DTLG9,2022,2023-04-27,203212866
2022-06-CENSUS-0000255171,U4KHJKG5FB18,2022,2023-03-29,273645560
2022-06-CENSUS-0000255171,U4KHJKG5FB18,2022,2023-03-29,611293786
2022-06-CENSUS-0000255171,U4KHJKG5FB18,2022,2023-03-29,843196350
2022-12-CENSUS-0000253126,CWCENNTCA9C9,2022,2023-09-28,470786518
2022-12-CENSUS-0000245271,GXQ3HX2VLLP3,2022,2023-08-08,320488262
2022-12-CENSUS-0000245271,GXQ3HX2VLLP3,2022,2023-08-08,461652604
2022-12-CENSUS-0000245271,GXQ3HX2VLLP3,2022,2023-08-08,461815422
2022-12-CENSUS-0000245271,GXQ3HX2VLLP3,2022,2023-08-08,472700073
2022-12-CENSUS-0000245271,GXQ3HX2VLLP3,2022,2023-08-08,472717517
2022-12-CENSUS-0000245271,GXQ3HX2VLLP3,2022,2023-08-08,831439572
2022-12-CENSUS-0000245271,GXQ3HX2VLLP3,2022,2023-08-08,831454791
2022-12-CENSUS-0000245271,GXQ3HX2VLLP3,2022,2023-08-08,472682164
2022-06-CENSUS-0000239636,TXKHAN6KC279,2022,2023-01-30,720423635
2022-06-CENSUS-0000239636,TXKHAN6KC279,2022,2023-01-30,721173156
2022-06-CENSUS-0000239636,TXKHAN6KC279,2022,2023-01-30,720423651
2022-06-CENSUS-0000239636,TXKHAN6KC279,2022,2023-01-30,463123178
2022-06-CENSUS-0000239636,TXKHAN6KC279,2022,2023-01-30,640303091
2022-06-CENSUS-0000239636,TXKHAN6KC279,2022,2023-01-30,721495500
2022-06-CENSUS-0000239636,TXKHAN6KC279,2022,2023-01-30,720408970
2022-06-CENSUS-0000138590,Y8CWNJRCNN91,2022,2023-03-27,362371220
2022-06-CENSUS-0000094212,D8EALVM55NQ5,2022,2023-03-30,561844262
2022-12-CENSUS-0000216236,MVD2FYL8RZU4,2022,2023-09-24,930391573
2022-12-CENSUS-0000216236,MVD2FYL8RZU4,2022,2023-09-24,930110095
2022-12-CENSUS-0000216236,MVD2FYL8RZU4,2022,2023-09-24,930396847
2022-12-CENSUS-0000216236,MVD2FYL8RZU4,2022,2023-09-24,931305493
2022-12-CENSUS-0000216236,MVD2FYL8RZU4,2022,2023-09-24,931329784
2022-12-CENSUS-0000216236,MVD2FYL8RZU4,2022,2023-09-24,465619962
2022-12-CENSUS-0000216236,MVD2FYL8RZU4,2022,2023-09-24,930949704
2022-12-CENSUS-0000216236,MVD2FYL8RZU4,2022,2023-09-24,320229399
2022-12-CENSUS-0000216236,MVD2FYL8RZU4,2022,2023-09-24,202860067
2022-12-CENSUS-0000220093,QGFVEP45SC93,2022,2023-09-10,112563026
2022-12-CENSUS-0000145235,ZK7SHNPA2LQ3,2022,2023-07-13,383865758
2022-06-CENSUS-0000171365,JL2QVAFMRHF1,2022,2023-01-26,626000503
2022-06-CENSUS-0000123466,G88KLJR3KYT5,2022,2023-03-30,850666499
2022-12-CENSUS-0000253186,KBDJJBJJ2DA9,2022,2023-09-20,411781580
2022-12-CENSUS-0000245208,LDZ1WVHC8BM5,2022,2023-08-20,300155873
2022-06-CENSUS-0000257798,D96SNHXGG5X5,2022,2023-03-30,461270920
2022-06-CENSUS-0000257798,D96SNHXGG5X5,2022,2023-03-30,461679031
2022-06-CENSUS-0000257798,D96SNHXGG5X5,2022,2023-03-30,461658344
2022-09-CENSUS-0000253695,J4QNU3HBE4B1,2022,2023-06-29,814015190
2022-09-CENSUS-0000253695,J4QNU3HBE4B1,2022,2023-06-29,464354068
2022-09-CENSUS-0000253695,J4QNU3HBE4B1,2022,2023-06-29,581694098
2022-09-CENSUS-0000253695,J4QNU3HBE4B1,2022,2023-06-29,582078064
2022-09-CENSUS-0000253695,J4QNU3HBE4B1,2022,2023-06-29,581694820
2022-09-CENSUS-0000253695,J4QNU3HBE4B1,2022,2023-06-29,831294232
2022-12-CENSUS-0000255493,GN6WBRFDWL36,2022,2023-09-27,820523354
2022-12-CENSUS-0000255493,GN6WBRFDWL36,2022,2023-09-27,820497771
2022-12-CENSUS-0000255493,GN6WBRFDWL36,2022,2023-09-27,820226453
2022-06-CENSUS-0000003476,GHVFCH5A76F4,2022,2023-01-18,454549405
2022-12-CENSUS-0000253557,FYMXH7LRAX83,2022,2023-09-28,311425884
2022-09-CENSUS-0000244798,MREQZTLUYLY9,2022,2023-06-12,540480606
2022-09-CENSUS-0000244798,MREQZTLUYLY9,2022,2023-06-12,540506332
2022-09-CENSUS-0000244798,MREQZTLUYLY9,2022,2023-06-12,540549603
2022-09-CENSUS-0000244798,MREQZTLUYLY9,2022,2023-06-12,540553805
2022-09-CENSUS-0000244798,MREQZTLUYLY9,2022,2023-06-12,540568001
2022-09-CENSUS-0000244798,MREQZTLUYLY9,2022,2023-06-12,546074580
2022-09-CENSUS-0000218723,TM6ECH6UD6K9,2022,2023-06-15,860250938
2022-06-CENSUS-0000175887,SN41W3MGWGV3,2022,2023-03-13,546001804
2022-06-CENSUS-0000175887,SN41W3MGWGV3,2022,2023-03-13,546001805
2022-06-CENSUS-0000175887,SN41W3MGWGV3,2022,2023-03-13,546001809
2022-06-CENSUS-0000175887,SN41W3MGWGV3,2022,2023-03-13,546001810
2022-06-CENSUS-0000175887,SN41W3MGWGV3,2022,2023-03-13,546001811
2022-06-CENSUS-0000175887,SN41W3MGWGV3,2022,2023-03-13,546001813
2022-06-CENSUS-0000175887,SN41W3MGWGV3,2022,2023-03-13,546002286
2022-06-CENSUS-0000175887,SN41W3MGWGV3,2022,2023-03-13,546002808
2022-06-CENSUS-0000175887,SN41W3MGWGV3,2022,2023-03-13,546004497
2022-06-CENSUS-0000175887,SN41W3MGWGV3,2022,2023-03-13,546020516
2022-06-CENSUS-0000175887,SN41W3MGWGV3,2022,2023-03-13,546022061
2022-06-CENSUS-0000175887,SN41W3MGWGV3,2022,2023-03-13,546022077
2022-06-CENSUS-0000175887,SN41W3MGWGV3,2022,2023-03-13,546026876
2022-06-CENSUS-0000175887,SN41W3MGWGV3,2022,2023-03-13,611505770
2022-06-CENSUS-0000175887,SN41W3MGWGV3,2022,2023-03-13,814405060
2022-06-CENSUS-0000175887,SN41W3MGWGV3,2022,2023-03-13,883587812
2022-12-CENSUS-0000255436,ULRYKYC9HJF7,2022,2023-09-28,261147857
2022-12-CENSUS-0000255436,ULRYKYC9HJF7,2022,2023-09-28,461695760
2022-12-CENSUS-0000255436,ULRYKYC9HJF7,2022,2023-09-28,475429362
2022-12-CENSUS-0000257184,SGNPAMRGGHN4,2022,2023-09-18,874657810
2022-12-CENSUS-0000257184,SGNPAMRGGHN4,2022,2023-09-18,365036585
2022-06-CENSUS-0000025526,R8JEVL4ULGV7,2022,2023-03-30,221773439
2022-06-CENSUS-0000025526,R8JEVL4ULGV7,2022,2023-03-30,230596940
2022-06-CENSUS-0000025526,R8JEVL4ULGV7,2022,2023-03-30,231352152
2022-06-CENSUS-0000025526,R8JEVL4ULGV7,2022,2023-03-30,231352294
2022-06-CENSUS-0000025526,R8JEVL4ULGV7,2022,2023-03-30,231476328
2022-06-CENSUS-0000025526,R8JEVL4ULGV7,2022,2023-03-30,232678055
2022-06-CENSUS-0000025526,R8JEVL4ULGV7,2022,2023-03-30,232691968
2022-06-CENSUS-0000025526,R8JEVL4ULGV7,2022,2023-03-30,232809585
2022-06-CENSUS-0000025526,R8JEVL4ULGV7,2022,2023-03-30,232829095
2022-06-CENSUS-0000025526,R8JEVL4ULGV7,2022,2023-03-30,231396794
2022-06-CENSUS-0000025526,R8JEVL4ULGV7,2022,2023-03-30,232858320
2022-06-CENSUS-0000025526,R8JEVL4ULGV7,2022,2023-03-30,233359979
2022-06-CENSUS-0000025526,R8JEVL4ULGV7,2022,2023-03-30,460779942
2022-06-CENSUS-0000025526,R8JEVL4ULGV7,2022,2023-03-30,461420853
2022-06-CENSUS-0000025526,R8JEVL4ULGV7,2022,2023-03-30,472639286
2022-06-CENSUS-0000025526,R8JEVL4ULGV7,2022,2023-03-30,800550282
2022-12-CENSUS-0000020500,JGYQQEDSCEN8,2022,2023-09-28,455604076
2022-12-CENSUS-0000020500,JGYQQEDSCEN8,2022,2023-09-28,452548322
2022-06-CENSUS-0000171598,G9BQBYET48Q3,2022,2023-05-03,626000037
2022-06-CENSUS-0000171598,G9BQBYET48Q3,2022,2023-05-03,626018910
2022-06-CENSUS-0000025413,G4QYG2AFEML5,2022,2023-01-25,822086906
2022-06-CENSUS-0000025413,G4QYG2AFEML5,2022,2023-01-25,822116582
2022-06-CENSUS-0000025413,G4QYG2AFEML5,2022,2023-01-25,822132538
2022-06-CENSUS-0000025413,G4QYG2AFEML5,2022,2023-01-25,455349097
2022-06-CENSUS-0000025413,G4QYG2AFEML5,2022,2023-01-25,232266054
2022-06-CENSUS-0000025413,G4QYG2AFEML5,2022,2023-01-25,822108660
2022-06-CENSUS-0000025413,G4QYG2AFEML5,2022,2023-01-25,822062413
2022-06-CENSUS-0000025413,G4QYG2AFEML5,2022,2023-01-25,843224793
2022-06-CENSUS-0000025413,G4QYG2AFEML5,2022,2023-01-25,231466250
2022-06-CENSUS-0000025413,G4QYG2AFEML5,2022,2023-01-25,611903284
2022-12-CENSUS-0000254581,MTE4F28CDQX1,2022,2023-09-21,470486026
2022-12-CENSUS-0000254581,MTE4F28CDQX1,2022,2023-09-21,814879204
2022-12-CENSUS-0000254581,MTE4F28CDQX1,2022,2023-09-21,391029149
2022-12-CENSUS-0000253391,N1QCKSABJ4A9,2022,2023-06-19,205276870
2022-12-CENSUS-0000253391,N1QCKSABJ4A9,2022,2023-06-19,205276923
2022-12-CENSUS-0000253391,N1QCKSABJ4A9,2022,2023-06-19,592217929
2022-12-CENSUS-0000253391,N1QCKSABJ4A9,2022,2023-06-19,592330114
2022-08-CENSUS-0000253304,KZ94NSB42EL5,2022,2023-04-03,811804826
2022-08-CENSUS-0000253304,KZ94NSB42EL5,2022,2023-04-03,751598794
2022-08-CENSUS-0000253304,KZ94NSB42EL5,2022,2023-04-03,751835287
2022-08-CENSUS-0000253304,KZ94NSB42EL5,2022,2023-04-03,752728889
2022-08-CENSUS-0000253304,KZ94NSB42EL5,2022,2023-04-03,813892121
2022-08-CENSUS-0000253304,KZ94NSB42EL5,2022,2023-04-03,863160508
2022-08-CENSUS-0000253304,KZ94NSB42EL5,2022,2023-04-03,752660403
2022-08-CENSUS-0000253304,KZ94NSB42EL5,2022,2023-04-03,851941193
2022-12-CENSUS-0000213582,LGAQXBPNC5D9,2022,2023-07-24,742348147
2022-12-CENSUS-0000213582,LGAQXBPNC5D9,2022,2023-07-24,841487426
2022-12-CENSUS-0000171357,YK9VMJ9D6YU8,2022,2023-09-21,460365317
2022-12-CENSUS-0000045862,JB5YFKD5CHF3,2022,2023-07-05,351804480
2022-12-CENSUS-0000078587,WQCEDBM284L6,2022,2023-09-28,203502477
2022-12-CENSUS-0000078587,WQCEDBM284L6,2022,2023-09-28,203523190
2022-12-CENSUS-0000078587,WQCEDBM284L6,2022,2023-09-28,264587374
2022-12-CENSUS-0000078587,WQCEDBM284L6,2022,2023-09-28,271219302
2022-12-CENSUS-0000078587,WQCEDBM284L6,2022,2023-09-28,272845548
2022-12-CENSUS-0000078587,WQCEDBM284L6,2022,2023-09-28,461955980
2022-12-CENSUS-0000078587,WQCEDBM284L6,2022,2023-09-28,474966649
2022-12-CENSUS-0000078587,WQCEDBM284L6,2022,2023-09-28,540525802
2022-12-CENSUS-0000078587,WQCEDBM284L6,2022,2023-09-28,541299931
2022-12-CENSUS-0000078587,WQCEDBM284L6,2022,2023-09-28,352672848
2022-12-CENSUS-0000078587,WQCEDBM284L6,2022,2023-09-28,541361310
2022-12-CENSUS-0000078587,WQCEDBM284L6,2022,2023-09-28,541802733
2022-12-CENSUS-0000078587,WQCEDBM284L6,2022,2023-09-28,542018390
2022-12-CENSUS-0000078587,WQCEDBM284L6,2022,2023-09-28,542022822
2022-12-CENSUS-0000078587,WQCEDBM284L6,2022,2023-09-28,830620626
2022-12-CENSUS-0000078587,WQCEDBM284L6,2022,2023-09-28,833314437
2022-06-CENSUS-0000166791,TN75GJE1S7G3,2022,2023-03-16,231713677
2022-06-CENSUS-0000166791,TN75GJE1S7G3,2022,2023-03-16,232086937
2022-06-CENSUS-0000166791,TN75GJE1S7G3,2022,2023-03-16,232160277
2022-06-CENSUS-0000166791,TN75GJE1S7G3,2022,2023-03-16,232632825
2022-06-CENSUS-0000166791,TN75GJE1S7G3,2022,2023-03-16,233098959
2022-06-CENSUS-0000166791,TN75GJE1S7G3,2022,2023-03-16,236002830
2022-06-CENSUS-0000166791,TN75GJE1S7G3,2022,2023-03-16,236002831
2022-06-CENSUS-0000166791,TN75GJE1S7G3,2022,2023-03-16,236003016
2022-06-CENSUS-0000166791,TN75GJE1S7G3,2022,2023-03-16,236003017
2022-06-CENSUS-0000166791,TN75GJE1S7G3,2022,2023-03-16,236003060
2022-06-CENSUS-0000166791,TN75GJE1S7G3,2022,2023-03-16,236003062
2022-06-CENSUS-0000166791,TN75GJE1S7G3,2022,2023-03-16,236003099
2022-06-CENSUS-0000166791,TN75GJE1S7G3,2022,2023-03-16,236003104
2022-06-CENSUS-0000166791,TN75GJE1S7G3,2022,2023-03-16,236003105
2022-06-CENSUS-0000166791,TN75GJE1S7G3,2022,2023-03-16,236003107
2022-06-CENSUS-0000166791,TN75GJE1S7G3,2022,2023-03-16,236003112
2022-06-CENSUS-0000166791,TN75GJE1S7G3,2022,2023-03-16,236003219
2022-06-CENSUS-0000166791,TN75GJE1S7G3,2022,2023-03-16,236003240
2022-06-CENSUS-0000166791,TN75GJE1S7G3,2022,2023-03-16,236005039
2022-06-CENSUS-0000166791,TN75GJE1S7G3,2022,2023-03-16,251671669
2022-06-CENSUS-0000166791,TN75GJE1S7G3,2022,2023-03-16,251723543
2022-06-CENSUS-0000166791,TN75GJE1S7G3,2022,2023-03-16,251773197
2022-06-CENSUS-0000166791,TN75GJE1S7G3,2022,2023-03-16,251898690
2022-06-CENSUS-0000166791,TN75GJE1S7G3,2022,2023-03-16,251901045
2022-06-CENSUS-0000166791,TN75GJE1S7G3,2022,2023-03-16,270060517
2022-06-CENSUS-0000166791,TN75GJE1S7G3,2022,2023-03-16,236003113
2022-06-CENSUS-0000166791,TN75GJE1S7G3,2022,2023-03-16,800849780
2022-06-CENSUS-0000166791,TN75GJE1S7G3,2022,2023-03-16,236003102
2022-06-CENSUS-0000166791,TN75GJE1S7G3,2022,2023-03-16,236003058
2022-06-CENSUS-0000166791,TN75GJE1S7G3,2022,2023-03-16,236003029
2022-06-CENSUS-0000166791,TN75GJE1S7G3,2022,2023-03-16,236003018
2022-06-CENSUS-0000166791,TN75GJE1S7G3,2022,2023-03-16,236003115
2022-06-CENSUS-0000166791,TN75GJE1S7G3,2022,2023-03-16,251580842
2022-06-CENSUS-0000166791,TN75GJE1S7G3,2022,2023-03-16,232172300
2022-06-CENSUS-0000166791,TN75GJE1S7G3,2022,2023-03-16,251644382
2022-06-CENSUS-0000166791,TN75GJE1S7G3,2022,2023-03-16,251900008
2022-09-CENSUS-0000257938,DGWUT8NL4LB4,2022,2023-06-29,920076522
2022-09-CENSUS-0000257938,DGWUT8NL4LB4,2022,2023-06-29,208047909
2022-09-CENSUS-0000257938,DGWUT8NL4LB4,2022,2023-06-29,461585405
2022-09-CENSUS-0000257938,DGWUT8NL4LB4,2022,2023-06-29,770603845
2022-09-CENSUS-0000257938,DGWUT8NL4LB4,2022,2023-06-29,200155601
2022-09-CENSUS-0000257938,DGWUT8NL4LB4,2022,2023-06-29,454151897
2022-09-CENSUS-0000257938,DGWUT8NL4LB4,2022,2023-06-29,521152014
2022-09-CENSUS-0000257938,DGWUT8NL4LB4,2022,2023-06-29,721542664
2022-12-CENSUS-0000209187,MX1KC1BKDQR3,2022,2023-09-18,010634942
2022-09-CENSUS-0000193008,GD6LEKY1M2F4,2022,2023-04-18,592154528
2022-05-CENSUS-0000089856,WCC3Q7RY1HK9,2022,2023-02-23,560530240
2022-06-CENSUS-0000170349,HPXQFN2WNRE3,2022,2023-03-30,570082454
2022-06-CENSUS-0000170349,HPXQFN2WNRE3,2022,2023-03-30,010936007
2022-06-CENSUS-0000170349,HPXQFN2WNRE3,2022,2023-03-30,570906962
2022-06-CENSUS-0000170349,HPXQFN2WNRE3,2022,2023-03-30,831614425
2022-06-CENSUS-0000170349,HPXQFN2WNRE3,2022,2023-03-30,571126149
2022-06-CENSUS-0000170349,HPXQFN2WNRE3,2022,2023-03-30,576000919
2022-06-CENSUS-0000170349,HPXQFN2WNRE3,2022,2023-03-30,570859576
2022-06-CENSUS-0000170349,HPXQFN2WNRE3,2022,2023-03-30,576000922
2022-06-CENSUS-0000170349,HPXQFN2WNRE3,2022,2023-03-30,576000269
2022-06-CENSUS-0000170349,HPXQFN2WNRE3,2022,2023-03-30,571040290
2022-06-CENSUS-0000170349,HPXQFN2WNRE3,2022,2023-03-30,576007591
2022-06-CENSUS-0000170349,HPXQFN2WNRE3,2022,2023-03-30,570882454
2022-06-CENSUS-0000170349,HPXQFN2WNRE3,2022,2023-03-30,770697491
2022-06-CENSUS-0000170349,HPXQFN2WNRE3,2022,2023-03-30,300757407
2022-06-CENSUS-0000170349,HPXQFN2WNRE3,2022,2023-03-30,453695561
2022-06-CENSUS-0000255110,E127PEKAAV49,2022,2023-01-31,311435820
2022-06-CENSUS-0000255110,E127PEKAAV49,2022,2023-01-31,311479038
2022-06-CENSUS-0000255110,E127PEKAAV49,2022,2023-01-31,311273012
2022-12-CENSUS-0000197000,HB23N95N7MZ2,2022,2023-09-28,800548096
2022-12-CENSUS-0000221572,ZX8EE8M3P3W5,2022,2023-05-31,261484259
2022-12-CENSUS-0000221572,ZX8EE8M3P3W5,2022,2023-05-31,431862691
2022-08-CENSUS-0000256762,EKAXQGMLKG63,2022,2023-01-24,810803576
2022-12-CENSUS-0000020075,E5FAQMEMWYA3,2022,2023-10-01,223265214
2022-12-CENSUS-0000020075,E5FAQMEMWYA3,2022,2023-10-01,210721208
2022-12-CENSUS-0000020075,E5FAQMEMWYA3,2022,2023-10-01,222148992
2022-12-CENSUS-0000020075,E5FAQMEMWYA3,2022,2023-10-01,221901742
2022-12-CENSUS-0000241186,JQJRMN12HKB6,2022,2023-04-30,861324700
2022-12-CENSUS-0000184115,FBDHNMLS19H2,2022,2023-04-17,043484336
2022-12-CENSUS-0000254702,RY46DLNQAN83,2022,2023-09-26,300012186
2022-12-CENSUS-0000254702,RY46DLNQAN83,2022,2023-09-26,521064333
2022-12-CENSUS-0000202838,NR57P89CQLN7,2022,2023-07-05,416005413
2022-12-CENSUS-0000226559,M5HGUKR7N3T9,2022,2023-04-30,202401676
2022-12-CENSUS-0000226559,M5HGUKR7N3T9,2022,2023-04-30,351970706
2022-12-CENSUS-0000226559,M5HGUKR7N3T9,2022,2023-04-30,341045870
2022-12-CENSUS-0000226559,M5HGUKR7N3T9,2022,2023-04-30,611697669
2022-12-CENSUS-0000226559,M5HGUKR7N3T9,2022,2023-04-30,351967665
2022-12-CENSUS-0000226559,M5HGUKR7N3T9,2022,2023-04-30,350868085
2022-12-CENSUS-0000226559,M5HGUKR7N3T9,2022,2023-04-30,471753440
2022-12-CENSUS-0000226559,M5HGUKR7N3T9,2022,2023-04-30,320467167
2022-12-CENSUS-0000226559,M5HGUKR7N3T9,2022,2023-04-30,260143823
2022-12-CENSUS-0000226559,M5HGUKR7N3T9,2022,2023-04-30,273514342
2022-12-CENSUS-0000226559,M5HGUKR7N3T9,2022,2023-04-30,351064295
2022-12-CENSUS-0000226559,M5HGUKR7N3T9,2022,2023-04-30,351135451
2022-12-CENSUS-0000226559,M5HGUKR7N3T9,2022,2023-04-30,352087092
2022-12-CENSUS-0000236007,GZGGUW4TCT71,2022,2023-09-28,815182414
2022-12-CENSUS-0000255045,ZBR6LJKHWLK7,2022,2023-09-10,043326727
2022-12-CENSUS-0000255045,ZBR6LJKHWLK7,2022,2023-09-10,043538833
2022-12-CENSUS-0000255045,ZBR6LJKHWLK7,2022,2023-09-10,043274643
2022-12-CENSUS-0000255045,ZBR6LJKHWLK7,2022,2023-09-10,271756594
2022-12-CENSUS-0000255045,ZBR6LJKHWLK7,2022,2023-09-10,043237982
2022-12-CENSUS-0000255045,ZBR6LJKHWLK7,2022,2023-09-10,043138403
2022-12-CENSUS-0000255045,ZBR6LJKHWLK7,2022,2023-09-10,042106768
2022-09-CENSUS-0000229326,ZW3DTRNZ1MC2,2022,2023-01-24,461067929
2022-09-CENSUS-0000229326,ZW3DTRNZ1MC2,2022,2023-01-24,461077490
2022-09-CENSUS-0000229326,ZW3DTRNZ1MC2,2022,2023-01-24,814008967
2022-09-CENSUS-0000229326,ZW3DTRNZ1MC2,2022,2023-01-24,832802830
2022-09-CENSUS-0000229326,ZW3DTRNZ1MC2,2022,2023-01-24,861796575
2022-11-CENSUS-0000221415,VTA9YVH8P637,2022,2023-07-05,852874892
2022-11-CENSUS-0000221415,VTA9YVH8P637,2022,2023-07-05,873376340
2022-12-CENSUS-0000251037,VGBNCF7ULV39,2022,2023-06-11,832981629
2022-12-CENSUS-0000251037,VGBNCF7ULV39,2022,2023-06-11,833026065
2022-09-CENSUS-0000078109,JB6NUGL6L5V3,2022,2023-02-22,462612419
2022-09-CENSUS-0000236619,DK3UC6KV99U6,2022,2023-06-29,411936538
2022-12-CENSUS-0000258520,FZDTVXU7NR85,2022,2023-08-15,370662561
2022-12-CENSUS-0000258520,FZDTVXU7NR85,2022,2023-08-15,200802394
2022-12-CENSUS-0000258520,FZDTVXU7NR85,2022,2023-08-15,452588783
2022-12-CENSUS-0000188486,RBLCLKH1RDD8,2022,2023-09-25,211705781
2022-12-CENSUS-0000188486,RBLCLKH1RDD8,2022,2023-09-25,271705610
2022-04-CENSUS-0000254081,VEJRF3T7SXQ6,2022,2023-01-30,010594994
2022-04-CENSUS-0000254081,VEJRF3T7SXQ6,2022,2023-01-30,464967839
2022-10-CENSUS-0000208896,DKV4LEL6SDZ3,2022,2023-05-10,383901134
2022-10-CENSUS-0000208896,DKV4LEL6SDZ3,2022,2023-05-10,411707215
2022-10-CENSUS-0000208896,DKV4LEL6SDZ3,2022,2023-05-10,521419251
2022-10-CENSUS-0000208896,DKV4LEL6SDZ3,2022,2023-05-10,680130988
2022-10-CENSUS-0000208896,DKV4LEL6SDZ3,2022,2023-05-10,942916437
2022-10-CENSUS-0000208896,DKV4LEL6SDZ3,2022,2023-05-10,943287536
2022-10-CENSUS-0000208896,DKV4LEL6SDZ3,2022,2023-05-10,943325619
2022-10-CENSUS-0000208896,DKV4LEL6SDZ3,2022,2023-05-10,943365590
2022-10-CENSUS-0000208896,DKV4LEL6SDZ3,2022,2023-05-10,320404142
2022-10-CENSUS-0000208896,DKV4LEL6SDZ3,2022,2023-05-10,455021272
2022-10-CENSUS-0000208896,DKV4LEL6SDZ3,2022,2023-05-10,680112019
2022-10-CENSUS-0000208896,DKV4LEL6SDZ3,2022,2023-05-10,680157498
2022-10-CENSUS-0000208896,DKV4LEL6SDZ3,2022,2023-05-10,680380418
2022-10-CENSUS-0000208896,DKV4LEL6SDZ3,2022,2023-05-10,800905173
2022-10-CENSUS-0000208896,DKV4LEL6SDZ3,2022,2023-05-10,943325614
2022-10-CENSUS-0000208896,DKV4LEL6SDZ3,2022,2023-05-10,943325617
2022-12-CENSUS-0000255030,W9RSQ8J95BJS,2022,2023-07-30,232018005
2022-12-CENSUS-0000255030,W9RSQ8J95BJS,2022,2023-07-30,522133513
2022-12-CENSUS-0000255030,W9RSQ8J95BJS,2022,2023-07-30,232941518
2022-12-CENSUS-0000255030,W9RSQ8J95BJS,2022,2023-07-30,231173321
2022-12-CENSUS-0000255030,W9RSQ8J95BJS,2022,2023-07-30,231352512
2022-12-CENSUS-0000254394,FLBYP1YMGA68,2022,2023-08-25,223172461
2022-06-CENSUS-0000171413,HZGMWNL2F2B3,2022,2023-03-13,626000754
2022-06-CENSUS-0000171413,HZGMWNL2F2B3,2022,2023-03-13,626000753
2022-06-CENSUS-0000254783,CXANMMKWPE85,2022,2023-03-30,390806250
2022-06-CENSUS-0000254783,CXANMMKWPE85,2022,2023-03-30,390782130
2022-06-CENSUS-0000254783,CXANMMKWPE85,2022,2023-03-30,391670223
2022-06-CENSUS-0000254783,CXANMMKWPE85,2022,2023-03-30,260806477
2022-06-CENSUS-0000254783,CXANMMKWPE85,2022,2023-03-30,391138241
2022-06-CENSUS-0000171359,KBJAXWVMDZQ6,2022,2023-03-28,270615592
2022-06-CENSUS-0000171359,KBJAXWVMDZQ6,2022,2023-03-28,371559128
2022-06-CENSUS-0000171359,KBJAXWVMDZQ6,2022,2023-03-28,520600930
2022-06-CENSUS-0000171359,KBJAXWVMDZQ6,2022,2023-03-28,562654369
2022-06-CENSUS-0000171359,KBJAXWVMDZQ6,2022,2023-03-28,620646576
2022-06-CENSUS-0000171359,KBJAXWVMDZQ6,2022,2023-03-28,620646806
2022-06-CENSUS-0000171359,KBJAXWVMDZQ6,2022,2023-03-28,620648618
2022-06-CENSUS-0000171359,KBJAXWVMDZQ6,2022,2023-03-28,620725362
2022-06-CENSUS-0000171359,KBJAXWVMDZQ6,2022,2023-03-28,620753450
2022-06-CENSUS-0000171359,KBJAXWVMDZQ6,2022,2023-03-28,620762815
2022-06-CENSUS-0000171359,KBJAXWVMDZQ6,2022,2023-03-28,620762876
2022-06-CENSUS-0000171359,KBJAXWVMDZQ6,2022,2023-03-28,620786119
2022-06-CENSUS-0000171359,KBJAXWVMDZQ6,2022,2023-03-28,620800916
2022-06-CENSUS-0000171359,KBJAXWVMDZQ6,2022,2023-03-28,620807429
2022-06-CENSUS-0000171359,KBJAXWVMDZQ6,2022,2023-03-28,620808901
2022-06-CENSUS-0000171359,KBJAXWVMDZQ6,2022,2023-03-28,620818836
2022-06-CENSUS-0000171359,KBJAXWVMDZQ6,2022,2023-03-28,620819102
2022-06-CENSUS-0000171359,KBJAXWVMDZQ6,2022,2023-03-28,620877872
2022-06-CENSUS-0000171359,KBJAXWVMDZQ6,2022,2023-03-28,620938734
2022-06-CENSUS-0000171359,KBJAXWVMDZQ6,2022,2023-03-28,621033870
2022-06-CENSUS-0000171359,KBJAXWVMDZQ6,2022,2023-03-28,621113186
2022-06-CENSUS-0000171359,KBJAXWVMDZQ6,2022,2023-03-28,621172289
2022-06-CENSUS-0000171359,KBJAXWVMDZQ6,2022,2023-03-28,621173748
2022-06-CENSUS-0000171359,KBJAXWVMDZQ6,2022,2023-03-28,621173750
2022-06-CENSUS-0000171359,KBJAXWVMDZQ6,2022,2023-03-28,621173859
2022-06-CENSUS-0000171359,KBJAXWVMDZQ6,2022,2023-03-28,621173860
2022-06-CENSUS-0000171359,KBJAXWVMDZQ6,2022,2023-03-28,621175264
2022-06-CENSUS-0000171359,KBJAXWVMDZQ6,2022,2023-03-28,621175265
2022-06-CENSUS-0000171359,KBJAXWVMDZQ6,2022,2023-03-28,621175267
2022-06-CENSUS-0000171359,KBJAXWVMDZQ6,2022,2023-03-28,621179444
2022-06-CENSUS-0000171359,KBJAXWVMDZQ6,2022,2023-03-28,621179447
2022-06-CENSUS-0000171359,KBJAXWVMDZQ6,2022,2023-03-28,621179459
2022-06-CENSUS-0000171359,KBJAXWVMDZQ6,2022,2023-03-28,621183243
2022-06-CENSUS-0000171359,KBJAXWVMDZQ6,2022,2023-03-28,621186170
2022-06-CENSUS-0000171359,KBJAXWVMDZQ6,2022,2023-03-28,621187300
2022-06-CENSUS-0000171359,KBJAXWVMDZQ6,2022,2023-03-28,621187305
2022-06-CENSUS-0000171359,KBJAXWVMDZQ6,2022,2023-03-28,621188195
2022-06-CENSUS-0000171359,KBJAXWVMDZQ6,2022,2023-03-28,621199309
2022-06-CENSUS-0000171359,KBJAXWVMDZQ6,2022,2023-03-28,621201668
2022-06-CENSUS-0000171359,KBJAXWVMDZQ6,2022,2023-03-28,621203232
2022-06-CENSUS-0000171359,KBJAXWVMDZQ6,2022,2023-03-28,621218952
2022-06-CENSUS-0000171359,KBJAXWVMDZQ6,2022,2023-03-28,621237951
2022-06-CENSUS-0000171359,KBJAXWVMDZQ6,2022,2023-03-28,621408728
2022-06-CENSUS-0000171359,KBJAXWVMDZQ6,2022,2023-03-28,621834818
2022-06-CENSUS-0000171359,KBJAXWVMDZQ6,2022,2023-03-28,626001636
2022-06-CENSUS-0000171359,KBJAXWVMDZQ6,2022,2023-03-28,626005794
2022-06-CENSUS-0000171359,KBJAXWVMDZQ6,2022,2023-03-28,626021046
2022-12-CENSUS-0000058433,JCALBPNMAHF3,2022,2023-10-01,396498144
2022-12-CENSUS-0000058433,JCALBPNMAHF3,2022,2023-10-01,390973724
2022-12-CENSUS-0000058433,JCALBPNMAHF3,2022,2023-10-01,461495343
2022-12-CENSUS-0000058433,JCALBPNMAHF3,2022,2023-10-01,391157876
2022-12-CENSUS-0000058433,JCALBPNMAHF3,2022,2023-10-01,390806828
2022-12-CENSUS-0000058433,JCALBPNMAHF3,2022,2023-10-01,390837206
2022-12-CENSUS-0000058433,JCALBPNMAHF3,2022,2023-10-01,810977948
2022-12-CENSUS-0000058433,JCALBPNMAHF3,2022,2023-10-01,382780429
2022-12-CENSUS-0000249948,JXELGHCKEZ44,2022,2023-09-28,141885340
2022-12-CENSUS-0000249948,JXELGHCKEZ44,2022,2023-09-28,381358172
2022-12-CENSUS-0000249948,JXELGHCKEZ44,2022,2023-09-28,381360584
2022-12-CENSUS-0000249948,JXELGHCKEZ44,2022,2023-09-28,381490180
2022-12-CENSUS-0000249948,JXELGHCKEZ44,2022,2023-09-28,382007629
2022-12-CENSUS-0000249948,JXELGHCKEZ44,2022,2023-09-28,382543305
2022-12-CENSUS-0000249948,JXELGHCKEZ44,2022,2023-09-28,383075242
2022-12-CENSUS-0000249948,JXELGHCKEZ44,2022,2023-09-28,383218134
2022-12-CENSUS-0000257539,RYNXLKTZVFT7,2022,2023-08-16,264561148
2022-12-CENSUS-0000257539,RYNXLKTZVFT7,2022,2023-08-16,452094888
2022-12-CENSUS-0000257539,RYNXLKTZVFT7,2022,2023-08-16,592249372
2022-12-CENSUS-0000257539,RYNXLKTZVFT7,2022,2023-08-16,272153586
2022-06-CENSUS-0000187967,C8FCU18FBNH3,2022,2023-03-30,901010528
2022-06-CENSUS-0000187967,C8FCU18FBNH3,2022,2023-03-30,463082856
2022-12-CENSUS-0000250364,DLTKXAEVJS21,2022,2023-05-25,311598800
2022-06-CENSUS-0000179837,KURKMKZUFMY2,2022,2023-01-23,836000043
2022-09-CENSUS-0000250110,Y1QLRXB646J1,2022,2023-01-30,237039401
2022-06-CENSUS-0000255377,CZP9PLRM21M9,2022,2023-03-30,474039553
2022-06-CENSUS-0000255377,CZP9PLRM21M9,2022,2023-03-30,473362066
2022-06-CENSUS-0000171376,GLMLWS282MR5,2022,2023-01-10,626000547
2022-06-CENSUS-0000171376,GLMLWS282MR5,2022,2023-01-10,626000546
2022-09-CENSUS-0000249263,GEXFCTK57ZK6,2022,2023-06-26,445591655
2022-09-CENSUS-0000249263,GEXFCTK57ZK6,2022,2023-06-26,352226306
2022-09-CENSUS-0000251879,YF1ULMJMAK81,2022,2023-04-05,261095834
2022-09-CENSUS-0000251879,YF1ULMJMAK81,2022,2023-04-05,272818726
2022-09-CENSUS-0000251879,YF1ULMJMAK81,2022,2023-04-05,453856350
2022-09-CENSUS-0000251879,YF1ULMJMAK81,2022,2023-04-05,562466029
2022-09-CENSUS-0000251879,YF1ULMJMAK81,2022,2023-04-05,262296075
2022-09-CENSUS-0000251879,YF1ULMJMAK81,2022,2023-04-05,262723687
2022-09-CENSUS-0000251879,YF1ULMJMAK81,2022,2023-04-05,900129645
2022-09-CENSUS-0000251879,YF1ULMJMAK81,2022,2023-04-05,472217003
2022-09-CENSUS-0000251879,YF1ULMJMAK81,2022,2023-04-05,822750883
2022-09-CENSUS-0000251879,YF1ULMJMAK81,2022,2023-04-05,814770999
2022-09-CENSUS-0000251879,YF1ULMJMAK81,2022,2023-04-05,814180258
2022-09-CENSUS-0000251879,YF1ULMJMAK81,2022,2023-04-05,814145813
2022-09-CENSUS-0000251879,YF1ULMJMAK81,2022,2023-04-05,814262338
2022-09-CENSUS-0000251879,YF1ULMJMAK81,2022,2023-04-05,821420650
2022-09-CENSUS-0000251879,YF1ULMJMAK81,2022,2023-04-05,820850299
2022-09-CENSUS-0000251879,YF1ULMJMAK81,2022,2023-04-05,814876674
2022-09-CENSUS-0000251879,YF1ULMJMAK81,2022,2023-04-05,460534460
2022-09-CENSUS-0000251879,YF1ULMJMAK81,2022,2023-04-05,814995446
2022-12-CENSUS-0000103219,U77JPFJ2MSD3,2022,2023-08-15,203499523
2022-12-CENSUS-0000254528,E1NWNAWLEQ55,2022,2023-08-27,210660835
2022-12-CENSUS-0000254528,E1NWNAWLEQ55,2022,2023-08-27,275440611
2022-06-CENSUS-0000143053,C16XCU6HL128,2022,2023-03-29,352488492
2022-12-CENSUS-0000158418,GFB7MQFAU6F2,2022,2023-09-27,136608356
2022-09-CENSUS-0000258496,KM7XTKHC9D19,2022,2023-06-29,951683875
2022-09-CENSUS-0000258496,KM7XTKHC9D19,2022,2023-06-29,953432210
2022-09-CENSUS-0000258496,KM7XTKHC9D19,2022,2023-06-29,753065445
2022-09-CENSUS-0000258496,KM7XTKHC9D19,2022,2023-06-29,274803222
2022-06-CENSUS-0000179778,W8QKYMHVL4Z3,2022,2023-08-29,830260485
2022-06-CENSUS-0000179778,W8QKYMHVL4Z3,2022,2023-08-29,830254480
2022-06-CENSUS-0000179778,W8QKYMHVL4Z3,2022,2023-08-29,830222168
2022-06-CENSUS-0000179778,W8QKYMHVL4Z3,2022,2023-08-29,830217952
2022-06-CENSUS-0000179778,W8QKYMHVL4Z3,2022,2023-08-29,830256167
2022-06-CENSUS-0000179778,W8QKYMHVL4Z3,2022,2023-08-29,830234279
2022-06-CENSUS-0000179778,W8QKYMHVL4Z3,2022,2023-08-29,830299407
2022-06-CENSUS-0000135814,PNKKP62NU2F1,2022,2023-02-28,066001555
2022-09-CENSUS-0000258659,J318Z9YKG8J3,2022,2023-08-03,042103577
2022-09-CENSUS-0000258659,J318Z9YKG8J3,2022,2023-08-03,134366504
2022-12-CENSUS-0000258792,KNDUHZ43H4S9,2022,2023-08-30,261963012
2022-12-CENSUS-0000250978,DWRKG8J147U9,2022,2023-05-17,311674981
2022-06-CENSUS-0000171602,HNZ1C4TRQN46,2022,2023-03-30,620798646
2022-06-CENSUS-0000171602,HNZ1C4TRQN46,2022,2023-03-30,626000287
2022-06-CENSUS-0000171602,HNZ1C4TRQN46,2022,2023-03-30,620698753
2022-09-CENSUS-0000088100,HKKJG3A4NKP7,2022,2023-02-20,472592811
2022-06-CENSUS-0000217454,KRRNZJFMQV14,2022,2023-04-22,470788396
2022-06-CENSUS-0000217454,KRRNZJFMQV14,2022,2023-04-22,841141786
2022-12-CENSUS-0000237221,G285DLYGNLP3,2022,2023-08-09,112925535
2022-08-CENSUS-0000108031,NLNGMNE21598,2022,2023-01-17,134305403
2022-06-CENSUS-0000136829,R96RFDTXEFG9,2022,2023-05-10,582144788
2022-06-CENSUS-0000136829,R96RFDTXEFG9,2022,2023-05-10,586002070
2022-06-CENSUS-0000136829,R96RFDTXEFG9,2022,2023-05-10,581125844
2022-06-CENSUS-0000136829,R96RFDTXEFG9,2022,2023-05-10,586002004
2022-06-CENSUS-0000136829,R96RFDTXEFG9,2022,2023-05-10,586001996
2022-06-CENSUS-0000136829,R96RFDTXEFG9,2022,2023-05-10,581788487
2022-06-CENSUS-0000136829,R96RFDTXEFG9,2022,2023-05-10,581722080
2022-06-CENSUS-0000136829,R96RFDTXEFG9,2022,2023-05-10,581190222
2022-06-CENSUS-0000136829,R96RFDTXEFG9,2022,2023-05-10,582304872
2022-06-CENSUS-0000136829,R96RFDTXEFG9,2022,2023-05-10,581723458
2022-06-CENSUS-0000136829,R96RFDTXEFG9,2022,2023-05-10,586002053
2022-06-CENSUS-0000136829,R96RFDTXEFG9,2022,2023-05-10,581418202
2022-06-CENSUS-0000136829,R96RFDTXEFG9,2022,2023-05-10,943473160
2022-06-CENSUS-0000136829,R96RFDTXEFG9,2022,2023-05-10,581839434
2022-06-CENSUS-0000136829,R96RFDTXEFG9,2022,2023-05-10,581138620
2022-06-CENSUS-0000136829,R96RFDTXEFG9,2022,2023-05-10,581168986
2022-06-CENSUS-0000136829,R96RFDTXEFG9,2022,2023-05-10,581788754
2022-06-CENSUS-0000136829,R96RFDTXEFG9,2022,2023-05-10,581048855
2022-06-CENSUS-0000136829,R96RFDTXEFG9,2022,2023-05-10,580974519
2022-06-CENSUS-0000136829,R96RFDTXEFG9,2022,2023-05-10,581171281
2022-06-CENSUS-0000136829,R96RFDTXEFG9,2022,2023-05-10,580939565
2022-06-CENSUS-0000136829,R96RFDTXEFG9,2022,2023-05-10,586011208
2022-06-CENSUS-0000136829,R96RFDTXEFG9,2022,2023-05-10,581739966
2022-06-CENSUS-0000136829,R96RFDTXEFG9,2022,2023-05-10,581259426
2022-06-CENSUS-0000136829,R96RFDTXEFG9,2022,2023-05-10,581282972
2022-06-CENSUS-0000136829,R96RFDTXEFG9,2022,2023-05-10,364806657
2022-06-CENSUS-0000136829,R96RFDTXEFG9,2022,2023-05-10,581306704
2022-06-CENSUS-0000136829,R96RFDTXEFG9,2022,2023-05-10,580975068
2022-06-CENSUS-0000136829,R96RFDTXEFG9,2022,2023-05-10,586002025
2022-06-CENSUS-0000136829,R96RFDTXEFG9,2022,2023-05-10,582627237
2022-06-CENSUS-0000136829,R96RFDTXEFG9,2022,2023-05-10,582238669
2022-06-CENSUS-0000136829,R96RFDTXEFG9,2022,2023-05-10,581138587
2022-06-CENSUS-0000136829,R96RFDTXEFG9,2022,2023-05-10,586002007
2022-06-CENSUS-0000136829,R96RFDTXEFG9,2022,2023-05-10,586002042
2022-06-CENSUS-0000136829,R96RFDTXEFG9,2022,2023-05-10,581667498
2022-06-CENSUS-0000136829,R96RFDTXEFG9,2022,2023-05-10,581081553
2022-06-CENSUS-0000136829,R96RFDTXEFG9,2022,2023-05-10,586002019
2022-06-CENSUS-0000136829,R96RFDTXEFG9,2022,2023-05-10,586002062
2022-06-CENSUS-0000136829,R96RFDTXEFG9,2022,2023-05-10,586002064
2022-06-CENSUS-0000136829,R96RFDTXEFG9,2022,2023-05-10,270124698
2022-06-CENSUS-0000136829,R96RFDTXEFG9,2022,2023-05-10,581086067
2022-06-CENSUS-0000136829,R96RFDTXEFG9,2022,2023-05-10,586002023
2022-06-CENSUS-0000136829,R96RFDTXEFG9,2022,2023-05-10,580603146
2022-06-CENSUS-0000136829,R96RFDTXEFG9,2022,2023-05-10,580616992
2022-06-CENSUS-0000136829,R96RFDTXEFG9,2022,2023-05-10,581026995
2022-06-CENSUS-0000136829,R96RFDTXEFG9,2022,2023-05-10,582223600
2022-06-CENSUS-0000136829,R96RFDTXEFG9,2022,2023-05-10,586002059
2022-06-CENSUS-0000136829,R96RFDTXEFG9,2022,2023-05-10,586001997
2022-06-CENSUS-0000136829,R96RFDTXEFG9,2022,2023-05-10,586002050
2022-06-CENSUS-0000136829,R96RFDTXEFG9,2022,2023-05-10,581845423
2022-06-CENSUS-0000136829,R96RFDTXEFG9,2022,2023-05-10,581132449
2022-06-CENSUS-0000136829,R96RFDTXEFG9,2022,2023-05-10,580973190
2022-06-CENSUS-0000136829,R96RFDTXEFG9,2022,2023-05-10,581132977
2022-06-CENSUS-0000136829,R96RFDTXEFG9,2022,2023-05-10,223894837
2022-06-CENSUS-0000136829,R96RFDTXEFG9,2022,2023-05-10,581692583
2022-06-CENSUS-0000136829,R96RFDTXEFG9,2022,2023-05-10,581222605
2022-06-CENSUS-0000136829,R96RFDTXEFG9,2022,2023-05-10,581130678
2022-06-CENSUS-0000136829,R96RFDTXEFG9,2022,2023-05-10,586002001
2022-06-CENSUS-0000136829,R96RFDTXEFG9,2022,2023-05-10,581195856
2022-06-CENSUS-0000136829,R96RFDTXEFG9,2022,2023-05-10,586003349
2022-06-CENSUS-0000136829,R96RFDTXEFG9,2022,2023-05-10,581165633
2022-06-CENSUS-0000136829,R96RFDTXEFG9,2022,2023-05-10,570957571
2022-06-CENSUS-0000136829,R96RFDTXEFG9,2022,2023-05-10,580965786
2022-06-CENSUS-0000136829,R96RFDTXEFG9,2022,2023-05-10,586002009
2022-06-CENSUS-0000136829,R96RFDTXEFG9,2022,2023-05-10,580964324
2022-06-CENSUS-0000136829,R96RFDTXEFG9,2022,2023-05-10,586002010
2022-06-CENSUS-0000136829,R96RFDTXEFG9,2022,2023-05-10,581139622
2022-06-CENSUS-0000136829,R96RFDTXEFG9,2022,2023-05-10,581164098
2022-06-CENSUS-0000136829,R96RFDTXEFG9,2022,2023-05-10,586002057
2022-06-CENSUS-0000136829,R96RFDTXEFG9,2022,2023-05-10,581130945
2022-06-CENSUS-0000136829,R96RFDTXEFG9,2022,2023-05-10,581700363
2022-06-CENSUS-0000136829,R96RFDTXEFG9,2022,2023-05-10,581733358
2022-06-CENSUS-0000136829,R96RFDTXEFG9,2022,2023-05-10,581168944
2022-06-CENSUS-0000136829,R96RFDTXEFG9,2022,2023-05-10,581695274
2022-06-CENSUS-0000136829,R96RFDTXEFG9,2022,2023-05-10,582182006
2022-06-CENSUS-0000136829,R96RFDTXEFG9,2022,2023-05-10,581134825
2022-06-CENSUS-0000136829,R96RFDTXEFG9,2022,2023-05-10,581859938
2022-06-CENSUS-0000136829,R96RFDTXEFG9,2022,2023-05-10,581698468
2022-06-CENSUS-0000136829,R96RFDTXEFG9,2022,2023-05-10,586002029
2022-06-CENSUS-0000136829,R96RFDTXEFG9,2022,2023-05-10,581131825
2022-06-CENSUS-0000136829,R96RFDTXEFG9,2022,2023-05-10,586015211
2022-06-CENSUS-0000136829,R96RFDTXEFG9,2022,2023-05-10,581233353
2022-06-CENSUS-0000136829,R96RFDTXEFG9,2022,2023-05-10,200908699
2022-06-CENSUS-0000136829,R96RFDTXEFG9,2022,2023-05-10,900676388
2022-06-CENSUS-0000136829,R96RFDTXEFG9,2022,2023-05-10,586002013
2022-06-CENSUS-0000136829,R96RFDTXEFG9,2022,2023-05-10,586002022
2022-06-CENSUS-0000136829,R96RFDTXEFG9,2022,2023-05-10,581496258
2022-06-CENSUS-0000136829,R96RFDTXEFG9,2022,2023-05-10,586002348
2022-06-CENSUS-0000136829,R96RFDTXEFG9,2022,2023-05-10,582472626
2022-06-CENSUS-0000136829,R96RFDTXEFG9,2022,2023-05-10,586002015
2022-06-CENSUS-0000136829,R96RFDTXEFG9,2022,2023-05-10,586002069
2022-06-CENSUS-0000136829,R96RFDTXEFG9,2022,2023-05-10,582292713
2022-06-CENSUS-0000136829,R96RFDTXEFG9,2022,2023-05-10,586002028
2022-06-CENSUS-0000136829,R96RFDTXEFG9,2022,2023-05-10,586002058
2022-06-CENSUS-0000136829,R96RFDTXEFG9,2022,2023-05-10,581728667
2022-06-CENSUS-0000136829,R96RFDTXEFG9,2022,2023-05-10,581865531
2022-06-CENSUS-0000136829,R96RFDTXEFG9,2022,2023-05-10,580907873
2022-06-CENSUS-0000136829,R96RFDTXEFG9,2022,2023-05-10,581790567
2022-06-CENSUS-0000136829,R96RFDTXEFG9,2022,2023-05-10,581138279
2022-06-CENSUS-0000136829,R96RFDTXEFG9,2022,2023-05-10,475001648
2022-06-CENSUS-0000136829,R96RFDTXEFG9,2022,2023-05-10,586011057
2022-06-CENSUS-0000136829,R96RFDTXEFG9,2022,2023-05-10,580951322
2022-06-CENSUS-0000136829,R96RFDTXEFG9,2022,2023-05-10,586002043
2022-06-CENSUS-0000136829,R96RFDTXEFG9,2022,2023-05-10,581680217
2022-06-CENSUS-0000136829,R96RFDTXEFG9,2022,2023-05-10,582569476
2022-06-CENSUS-0000136829,R96RFDTXEFG9,2022,2023-05-10,586002039
2022-06-CENSUS-0000136829,R96RFDTXEFG9,2022,2023-05-10,586333106
2022-06-CENSUS-0000136829,R96RFDTXEFG9,2022,2023-05-10,586001998
2022-06-CENSUS-0000136829,R96RFDTXEFG9,2022,2023-05-10,581353149
2022-06-CENSUS-0000136829,R96RFDTXEFG9,2022,2023-05-10,586002060
2022-06-CENSUS-0000136829,R96RFDTXEFG9,2022,2023-05-10,586002055
2022-06-CENSUS-0000136829,R96RFDTXEFG9,2022,2023-05-10,586002072
2022-06-CENSUS-0000136829,R96RFDTXEFG9,2022,2023-05-10,586002051
2022-06-CENSUS-0000136829,R96RFDTXEFG9,2022,2023-05-10,581169012
2022-06-CENSUS-0000136829,R96RFDTXEFG9,2022,2023-05-10,581656795
2022-06-CENSUS-0000136829,R96RFDTXEFG9,2022,2023-05-10,581774017
2022-06-CENSUS-0000136829,R96RFDTXEFG9,2022,2023-05-10,586002031
2022-06-CENSUS-0000136829,R96RFDTXEFG9,2022,2023-05-10,854094505
2022-12-CENSUS-0000166003,Y5LLMH47V3H5,2022,2023-09-06,270999834
2022-06-CENSUS-0000026650,ET24NKL31VR9,2022,2023-03-21,232687223
2022-06-CENSUS-0000026650,ET24NKL31VR9,2022,2023-03-21,232851068
2022-06-CENSUS-0000026650,ET24NKL31VR9,2022,2023-03-21,271010116
2022-06-CENSUS-0000254541,XJY5QCK8A9V7,2022,2023-03-16,232368197
2022-06-CENSUS-0000254541,XJY5QCK8A9V7,2022,2023-03-16,812885619
2022-09-CENSUS-0000227566,KXV3MFWAFWN4,2022,2023-02-28,721290447
2022-06-CENSUS-0000192478,LBKKC4ADCTF7,2022,2023-03-20,620681064
2022-06-CENSUS-0000091959,CA2EZ6SJSN41,2022,2023-02-14,310889573
2022-06-CENSUS-0000171424,DJXMVJM16KJ3,2022,2023-03-15,626000784
2022-06-CENSUS-0000171424,DJXMVJM16KJ3,2022,2023-03-15,626000785
2022-06-CENSUS-0000011980,WHFRQVBXKB26,2022,2023-03-29,133741272
2022-06-CENSUS-0000011980,WHFRQVBXKB26,2022,2023-03-29,133751223
2022-06-CENSUS-0000011980,WHFRQVBXKB26,2022,2023-03-29,133857947
2022-06-CENSUS-0000011980,WHFRQVBXKB26,2022,2023-03-29,133986958
2022-06-CENSUS-0000011980,WHFRQVBXKB26,2022,2023-03-29,205686282
2022-12-CENSUS-0000254646,RMHCMM4JBCH3,2022,2023-09-25,364322147
2022-12-CENSUS-0000254646,RMHCMM4JBCH3,2022,2023-09-25,364330129
2022-12-CENSUS-0000254646,RMHCMM4JBCH3,2022,2023-09-25,364333745
2022-12-CENSUS-0000246097,M65NDLGK5WG8,2022,2023-08-23,462977078
2022-12-CENSUS-0000217432,S39WRD889FF3,2022,2023-09-28,150584188
2022-12-CENSUS-0000217432,S39WRD889FF3,2022,2023-09-28,160743029
2022-12-CENSUS-0000217432,S39WRD889FF3,2022,2023-09-28,160743134
2022-12-CENSUS-0000217432,S39WRD889FF3,2022,2023-09-28,160743966
2022-12-CENSUS-0000217432,S39WRD889FF3,2022,2023-09-28,160978184
2022-12-CENSUS-0000217432,S39WRD889FF3,2022,2023-09-28,161012691
2022-12-CENSUS-0000217432,S39WRD889FF3,2022,2023-09-28,161311581
2022-12-CENSUS-0000217432,S39WRD889FF3,2022,2023-09-28,166069131
2022-12-CENSUS-0000217432,S39WRD889FF3,2022,2023-09-28,222918126
2022-12-CENSUS-0000217432,S39WRD889FF3,2022,2023-09-28,223159644
2022-12-CENSUS-0000217432,S39WRD889FF3,2022,2023-09-28,223210351
2022-09-CENSUS-0000152450,CH5ECC731G17,2022,2023-02-26,646000897
2022-09-CENSUS-0000158023,F3LNHFKF5UP1,2022,2023-01-19,386851393
2022-06-CENSUS-0000231802,JB33PN9JXNX8,2022,2023-01-11,311770280
2022-06-CENSUS-0000231802,JB33PN9JXNX8,2022,2023-01-11,270795565
2022-06-CENSUS-0000231802,JB33PN9JXNX8,2022,2023-01-11,270408957
2022-06-CENSUS-0000231802,JB33PN9JXNX8,2022,2023-01-11,480770308
2022-12-CENSUS-0000259037,M6UMU9H92NJ5,2022,2023-10-01,146049030
2022-12-CENSUS-0000259037,M6UMU9H92NJ5,2022,2023-10-01,371743537
2022-06-CENSUS-0000171380,VQZTX4NEJ8L5,2022,2023-02-08,626000574
2022-06-CENSUS-0000171380,VQZTX4NEJ8L5,2022,2023-02-08,626000577
2022-12-CENSUS-0000009532,E35GYKN3S8R9,2022,2023-09-28,111562701
2022-12-CENSUS-0000009532,E35GYKN3S8R9,2022,2023-09-28,131740118
2022-12-CENSUS-0000009532,E35GYKN3S8R9,2022,2023-09-28,112965586
2022-12-CENSUS-0000009532,E35GYKN3S8R9,2022,2023-09-28,113368503
2022-12-CENSUS-0000009532,E35GYKN3S8R9,2022,2023-09-28,112868878
2022-12-CENSUS-0000009532,E35GYKN3S8R9,2022,2023-09-28,112241326
2022-12-CENSUS-0000009532,E35GYKN3S8R9,2022,2023-09-28,111667761
2022-12-CENSUS-0000009532,E35GYKN3S8R9,2022,2023-09-28,111630914
2022-12-CENSUS-0000009532,E35GYKN3S8R9,2022,2023-09-28,111633487
2022-12-CENSUS-0000009532,E35GYKN3S8R9,2022,2023-09-28,111639818
2022-12-CENSUS-0000009532,E35GYKN3S8R9,2022,2023-09-28,111661359
2022-12-CENSUS-0000009532,E35GYKN3S8R9,2022,2023-09-28,112673595
2022-12-CENSUS-0000009532,E35GYKN3S8R9,2022,2023-09-28,112837244
2022-12-CENSUS-0000009532,E35GYKN3S8R9,2022,2023-09-28,113241243
2022-12-CENSUS-0000009532,E35GYKN3S8R9,2022,2023-09-28,131624070
2022-12-CENSUS-0000009532,E35GYKN3S8R9,2022,2023-09-28,131725076
2022-12-CENSUS-0000009532,E35GYKN3S8R9,2022,2023-09-28,464469806
2022-12-CENSUS-0000009532,E35GYKN3S8R9,2022,2023-09-28,472544659
2022-12-CENSUS-0000071274,NN72MNQKJY36,2022,2023-08-22,205995991
2022-06-CENSUS-0000171381,K8CTCDACL9F8,2022,2023-01-09,626000582
2022-06-CENSUS-0000171381,K8CTCDACL9F8,2022,2023-01-09,626000583
2022-09-CENSUS-0000194570,Y3BMCANY7WP4,2022,2023-06-27,742716654
2022-09-CENSUS-0000194570,Y3BMCANY7WP4,2022,2023-06-27,742953653
2022-09-CENSUS-0000194570,Y3BMCANY7WP4,2022,2023-06-27,742818258
2022-09-CENSUS-0000194570,Y3BMCANY7WP4,2022,2023-06-27,300366359
2022-06-CENSUS-0000181790,SHMTBW88LZB5,2022,2023-01-12,521654453
2022-06-CENSUS-0000181790,SHMTBW88LZB5,2022,2023-01-12,814291601
2022-06-CENSUS-0000181790,SHMTBW88LZB5,2022,2023-01-12,521627574
2022-06-CENSUS-0000181790,SHMTBW88LZB5,2022,2023-01-12,530204670
2022-06-CENSUS-0000181790,SHMTBW88LZB5,2022,2023-01-12,263268942
2022-06-CENSUS-0000181790,SHMTBW88LZB5,2022,2023-01-12,522072589
2022-12-CENSUS-0000224324,FGMCJDJRLFB1,2022,2023-05-17,391991269
2022-12-CENSUS-0000224324,FGMCJDJRLFB1,2022,2023-05-17,391932103
2022-12-CENSUS-0000224324,FGMCJDJRLFB1,2022,2023-05-17,161640771
2022-12-CENSUS-0000217432,S39WRD889FF3,2022,2023-09-28,237221763
2022-12-CENSUS-0000217432,S39WRD889FF3,2022,2023-09-28,460714367
2022-12-CENSUS-0000217432,S39WRD889FF3,2022,2023-09-28,464249555
2022-12-CENSUS-0000217432,S39WRD889FF3,2022,2023-09-28,611654232
2022-12-CENSUS-0000217432,S39WRD889FF3,2022,2023-09-28,843134268
2022-12-CENSUS-0000103219,U77JPFJ2MSD3,2022,2023-08-15,205368522
2022-12-CENSUS-0000103219,U77JPFJ2MSD3,2022,2023-08-15,208832910
2022-12-CENSUS-0000103219,U77JPFJ2MSD3,2022,2023-08-15,208832986
2022-12-CENSUS-0000103219,U77JPFJ2MSD3,2022,2023-08-15,264307826
2022-12-CENSUS-0000103219,U77JPFJ2MSD3,2022,2023-08-15,271658922
2022-12-CENSUS-0000103219,U77JPFJ2MSD3,2022,2023-08-15,300782026
2022-12-CENSUS-0000103219,U77JPFJ2MSD3,2022,2023-08-15,383905974
2022-12-CENSUS-0000103219,U77JPFJ2MSD3,2022,2023-08-15,452536080
2022-12-CENSUS-0000103219,U77JPFJ2MSD3,2022,2023-08-15,452536121
2022-12-CENSUS-0000103219,U77JPFJ2MSD3,2022,2023-08-15,455426309
2022-12-CENSUS-0000103219,U77JPFJ2MSD3,2022,2023-08-15,463515548
2022-12-CENSUS-0000103219,U77JPFJ2MSD3,2022,2023-08-15,471524782
2022-12-CENSUS-0000103219,U77JPFJ2MSD3,2022,2023-08-15,471527249
2022-12-CENSUS-0000103219,U77JPFJ2MSD3,2022,2023-08-15,471541322
2022-12-CENSUS-0000103219,U77JPFJ2MSD3,2022,2023-08-15,474709273
2022-12-CENSUS-0000103219,U77JPFJ2MSD3,2022,2023-08-15,611711649
2022-12-CENSUS-0000103219,U77JPFJ2MSD3,2022,2023-08-15,611711763
2022-12-CENSUS-0000103219,U77JPFJ2MSD3,2022,2023-08-15,742539401
2022-12-CENSUS-0000103219,U77JPFJ2MSD3,2022,2023-08-15,742564401
2022-12-CENSUS-0000103219,U77JPFJ2MSD3,2022,2023-08-15,742592916
2022-12-CENSUS-0000103219,U77JPFJ2MSD3,2022,2023-08-15,742602616
2022-12-CENSUS-0000103219,U77JPFJ2MSD3,2022,2023-08-15,742678601
2022-12-CENSUS-0000103219,U77JPFJ2MSD3,2022,2023-08-15,742748151
2022-12-CENSUS-0000103219,U77JPFJ2MSD3,2022,2023-08-15,742748153
2022-12-CENSUS-0000103219,U77JPFJ2MSD3,2022,2023-08-15,742748154
2022-12-CENSUS-0000103219,U77JPFJ2MSD3,2022,2023-08-15,742763624
2022-12-CENSUS-0000103219,U77JPFJ2MSD3,2022,2023-08-15,742877220
2022-12-CENSUS-0000103219,U77JPFJ2MSD3,2022,2023-08-15,742914069
2022-12-CENSUS-0000103219,U77JPFJ2MSD3,2022,2023-08-15,742941951
2022-12-CENSUS-0000103219,U77JPFJ2MSD3,2022,2023-08-15,742951149
2022-12-CENSUS-0000103219,U77JPFJ2MSD3,2022,2023-08-15,743018421
2022-12-CENSUS-0000103219,U77JPFJ2MSD3,2022,2023-08-15,743018422
2022-12-CENSUS-0000103219,U77JPFJ2MSD3,2022,2023-08-15,743018423
2022-12-CENSUS-0000103219,U77JPFJ2MSD3,2022,2023-08-15,743019950
2022-12-CENSUS-0000103219,U77JPFJ2MSD3,2022,2023-08-15,822471788
2022-12-CENSUS-0000103219,U77JPFJ2MSD3,2022,2023-08-15,830881482
2022-12-CENSUS-0000103219,U77JPFJ2MSD3,2022,2023-08-15,831562744
2022-12-CENSUS-0000103219,U77JPFJ2MSD3,2022,2023-08-15,831580963
2022-12-CENSUS-0000103219,U77JPFJ2MSD3,2022,2023-08-15,831594966
2022-12-CENSUS-0000103219,U77JPFJ2MSD3,2022,2023-08-15,831606631
2022-12-CENSUS-0000103219,U77JPFJ2MSD3,2022,2023-08-15,831622869
2022-12-CENSUS-0000103219,U77JPFJ2MSD3,2022,2023-08-15,831647935
2022-12-CENSUS-0000103219,U77JPFJ2MSD3,2022,2023-08-15,831657116
2022-12-CENSUS-0000103219,U77JPFJ2MSD3,2022,2023-08-15,834321982
2022-12-CENSUS-0000103219,U77JPFJ2MSD3,2022,2023-08-15,842697044
2022-12-CENSUS-0000103219,U77JPFJ2MSD3,2022,2023-08-15,843652178
2022-12-CENSUS-0000103219,U77JPFJ2MSD3,2022,2023-08-15,852312000
2022-12-CENSUS-0000103219,U77JPFJ2MSD3,2022,2023-08-15,871732514
2022-06-CENSUS-0000048063,YVTKZ4QSG174,2022,2023-04-16,300739799
2022-06-CENSUS-0000048063,YVTKZ4QSG174,2022,2023-04-16,363642952
2022-06-CENSUS-0000048063,YVTKZ4QSG174,2022,2023-04-16,363775696
2022-06-CENSUS-0000048063,YVTKZ4QSG174,2022,2023-04-16,364053244
2022-12-CENSUS-0000236569,DJ6ACVAFJ1F4,2022,2023-09-24,815225421
2022-12-CENSUS-0000236569,DJ6ACVAFJ1F4,2022,2023-09-24,833049841
2022-06-CENSUS-0000215205,F56HLRACHSH3,2022,2023-06-15,203602821
2022-06-CENSUS-0000215205,F56HLRACHSH3,2022,2023-06-15,911259337
2022-12-CENSUS-0000226522,T11AXMZ2WAL3,2022,2023-09-27,262630569
2022-12-CENSUS-0000246078,WAMPBFHE2994,2022,2023-09-10,823088737
2022-12-CENSUS-0000246078,WAMPBFHE2994,2022,2023-09-10,260558544
2022-12-CENSUS-0000246078,WAMPBFHE2994,2022,2023-09-10,200914522
2022-09-CENSUS-0000241118,KJ3FUJ4JD2K9,2022,2023-06-29,272763125
2022-09-CENSUS-0000241118,KJ3FUJ4JD2K9,2022,2023-06-29,800164702
2022-09-CENSUS-0000241118,KJ3FUJ4JD2K9,2022,2023-06-29,560603898
2022-06-CENSUS-0000003141,ZUTNTMQW2FK1,2022,2023-01-22,454557067
2022-06-CENSUS-0000003141,ZUTNTMQW2FK1,2022,2023-01-22,043056955
2022-06-CENSUS-0000003141,ZUTNTMQW2FK1,2022,2023-01-22,042661664
2022-06-CENSUS-0000003141,ZUTNTMQW2FK1,2022,2023-01-22,043221277
2022-06-CENSUS-0000003141,ZUTNTMQW2FK1,2022,2023-01-22,042933012
2022-06-CENSUS-0000003141,ZUTNTMQW2FK1,2022,2023-01-22,521084599
2022-06-CENSUS-0000003141,ZUTNTMQW2FK1,2022,2023-01-22,042921318
2022-06-CENSUS-0000003141,ZUTNTMQW2FK1,2022,2023-01-22,043093032
2022-08-CENSUS-0000171944,JCJBPTJXYXH9,2022,2023-03-23,260072699
2022-08-CENSUS-0000171944,JCJBPTJXYXH9,2022,2023-03-23,262482534
2022-08-CENSUS-0000171944,JCJBPTJXYXH9,2022,2023-03-23,264168896
2022-08-CENSUS-0000171944,JCJBPTJXYXH9,2022,2023-03-23,264169042
2022-08-CENSUS-0000171944,JCJBPTJXYXH9,2022,2023-03-23,271208151
2022-08-CENSUS-0000171944,JCJBPTJXYXH9,2022,2023-03-23,300573457
2022-08-CENSUS-0000171944,JCJBPTJXYXH9,2022,2023-03-23,320113643
2022-08-CENSUS-0000171944,JCJBPTJXYXH9,2022,2023-03-23,412137482
2022-08-CENSUS-0000171944,JCJBPTJXYXH9,2022,2023-03-23,453507970
2022-08-CENSUS-0000171944,JCJBPTJXYXH9,2022,2023-03-23,465292740
2022-08-CENSUS-0000171944,JCJBPTJXYXH9,2022,2023-03-23,550905311
2022-08-CENSUS-0000171944,JCJBPTJXYXH9,2022,2023-03-23,680583577
2022-08-CENSUS-0000171944,JCJBPTJXYXH9,2022,2023-03-23,711647061
2022-08-CENSUS-0000171944,JCJBPTJXYXH9,2022,2023-03-23,741238434
2022-08-CENSUS-0000171944,JCJBPTJXYXH9,2022,2023-03-23,741466553
2022-08-CENSUS-0000171944,JCJBPTJXYXH9,2022,2023-03-23,741556399
2022-08-CENSUS-0000171944,JCJBPTJXYXH9,2022,2023-03-23,741586031
2022-08-CENSUS-0000171944,JCJBPTJXYXH9,2022,2023-03-23,741590014
2022-08-CENSUS-0000171944,JCJBPTJXYXH9,2022,2023-03-23,741646003
2022-08-CENSUS-0000171944,JCJBPTJXYXH9,2022,2023-03-23,741646989
2022-08-CENSUS-0000171944,JCJBPTJXYXH9,2022,2023-03-23,741654611
2022-08-CENSUS-0000171944,JCJBPTJXYXH9,2022,2023-03-23,741680372
2022-08-CENSUS-0000171944,JCJBPTJXYXH9,2022,2023-03-23,741694419
2022-08-CENSUS-0000171944,JCJBPTJXYXH9,2022,2023-03-23,741695666
2022-08-CENSUS-0000171944,JCJBPTJXYXH9,2022,2023-03-23,741717115
2022-08-CENSUS-0000171944,JCJBPTJXYXH9,2022,2023-03-23,741760663
2022-08-CENSUS-0000171944,JCJBPTJXYXH9,2022,2023-03-23,741761309
2022-08-CENSUS-0000171944,JCJBPTJXYXH9,2022,2023-03-23,741761398
2022-08-CENSUS-0000171944,JCJBPTJXYXH9,2022,2023-03-23,741834669
2022-08-CENSUS-0000171944,JCJBPTJXYXH9,2022,2023-03-23,741876179
2022-08-CENSUS-0000171944,JCJBPTJXYXH9,2022,2023-03-23,741950605
2022-08-CENSUS-0000171944,JCJBPTJXYXH9,2022,2023-03-23,741974733
2022-08-CENSUS-0000171944,JCJBPTJXYXH9,2022,2023-03-23,742037344
2022-08-CENSUS-0000171944,JCJBPTJXYXH9,2022,2023-03-23,742059614
2022-08-CENSUS-0000171944,JCJBPTJXYXH9,2022,2023-03-23,742125225
2022-08-CENSUS-0000171944,JCJBPTJXYXH9,2022,2023-03-23,742195206
2022-08-CENSUS-0000171944,JCJBPTJXYXH9,2022,2023-03-23,742195210
2022-08-CENSUS-0000171944,JCJBPTJXYXH9,2022,2023-03-23,742225691
2022-08-CENSUS-0000171944,JCJBPTJXYXH9,2022,2023-03-23,742270624
2022-08-CENSUS-0000171944,JCJBPTJXYXH9,2022,2023-03-23,742270626
2022-08-CENSUS-0000171944,JCJBPTJXYXH9,2022,2023-03-23,742290475
2022-08-CENSUS-0000171944,JCJBPTJXYXH9,2022,2023-03-23,742293399
2022-08-CENSUS-0000171944,JCJBPTJXYXH9,2022,2023-03-23,742311576
2022-08-CENSUS-0000171944,JCJBPTJXYXH9,2022,2023-03-23,742354858
2022-08-CENSUS-0000171944,JCJBPTJXYXH9,2022,2023-03-23,742378168
2022-08-CENSUS-0000171944,JCJBPTJXYXH9,2022,2023-03-23,742434011
2022-08-CENSUS-0000171944,JCJBPTJXYXH9,2022,2023-03-23,742495505
2022-08-CENSUS-0000171944,JCJBPTJXYXH9,2022,2023-03-23,742519313
2022-08-CENSUS-0000171944,JCJBPTJXYXH9,2022,2023-03-23,742610542
2022-08-CENSUS-0000171944,JCJBPTJXYXH9,2022,2023-03-23,742622973
2022-08-CENSUS-0000171944,JCJBPTJXYXH9,2022,2023-03-23,742638006
2022-08-CENSUS-0000171944,JCJBPTJXYXH9,2022,2023-03-23,742639167
2022-08-CENSUS-0000171944,JCJBPTJXYXH9,2022,2023-03-23,742648747
2022-08-CENSUS-0000171944,JCJBPTJXYXH9,2022,2023-03-23,742677375
2022-08-CENSUS-0000171944,JCJBPTJXYXH9,2022,2023-03-23,742715016
2022-08-CENSUS-0000171944,JCJBPTJXYXH9,2022,2023-03-23,742759269
2022-08-CENSUS-0000171944,JCJBPTJXYXH9,2022,2023-03-23,742764775
2022-08-CENSUS-0000171944,JCJBPTJXYXH9,2022,2023-03-23,742785637
2022-08-CENSUS-0000171944,JCJBPTJXYXH9,2022,2023-03-23,742843306
2022-08-CENSUS-0000171944,JCJBPTJXYXH9,2022,2023-03-23,742907553
2022-08-CENSUS-0000171944,JCJBPTJXYXH9,2022,2023-03-23,742910339
2022-08-CENSUS-0000171944,JCJBPTJXYXH9,2022,2023-03-23,743024533
2022-08-CENSUS-0000171944,JCJBPTJXYXH9,2022,2023-03-23,746000027
2022-08-CENSUS-0000171944,JCJBPTJXYXH9,2022,2023-03-23,746000053
2022-08-CENSUS-0000171944,JCJBPTJXYXH9,2022,2023-03-23,746000057
2022-08-CENSUS-0000171944,JCJBPTJXYXH9,2022,2023-03-23,746000074
2022-08-CENSUS-0000171944,JCJBPTJXYXH9,2022,2023-03-23,746000077
2022-08-CENSUS-0000171944,JCJBPTJXYXH9,2022,2023-03-23,746000079
2022-08-CENSUS-0000171944,JCJBPTJXYXH9,2022,2023-03-23,746000094
2022-08-CENSUS-0000171944,JCJBPTJXYXH9,2022,2023-03-23,746000095
2022-08-CENSUS-0000171944,JCJBPTJXYXH9,2022,2023-03-23,746000098
2022-08-CENSUS-0000171944,JCJBPTJXYXH9,2022,2023-03-23,746000100
2022-08-CENSUS-0000171944,JCJBPTJXYXH9,2022,2023-03-23,746000108
2022-08-CENSUS-0000171944,JCJBPTJXYXH9,2022,2023-03-23,746000119
2022-08-CENSUS-0000171944,JCJBPTJXYXH9,2022,2023-03-23,746000121
2022-08-CENSUS-0000171944,JCJBPTJXYXH9,2022,2023-03-23,746000126
2022-08-CENSUS-0000171944,JCJBPTJXYXH9,2022,2023-03-23,746000130
2022-08-CENSUS-0000171944,JCJBPTJXYXH9,2022,2023-03-23,746000143
2022-08-CENSUS-0000171944,JCJBPTJXYXH9,2022,2023-03-23,746000151
2022-08-CENSUS-0000171944,JCJBPTJXYXH9,2022,2023-03-23,746000155
2022-08-CENSUS-0000171944,JCJBPTJXYXH9,2022,2023-03-23,746000156
2022-08-CENSUS-0000171944,JCJBPTJXYXH9,2022,2023-03-23,746000161
2022-08-CENSUS-0000171944,JCJBPTJXYXH9,2022,2023-03-23,746000163
2022-08-CENSUS-0000171944,JCJBPTJXYXH9,2022,2023-03-23,746000164
2022-08-CENSUS-0000171944,JCJBPTJXYXH9,2022,2023-03-23,746000170
2022-08-CENSUS-0000171944,JCJBPTJXYXH9,2022,2023-03-23,746000172
2022-08-CENSUS-0000171944,JCJBPTJXYXH9,2022,2023-03-23,746000174
2022-08-CENSUS-0000171944,JCJBPTJXYXH9,2022,2023-03-23,746000183
2022-08-CENSUS-0000171944,JCJBPTJXYXH9,2022,2023-03-23,746000184
2022-08-CENSUS-0000171944,JCJBPTJXYXH9,2022,2023-03-23,746000203
2022-08-CENSUS-0000171944,JCJBPTJXYXH9,2022,2023-03-23,746000206
2022-08-CENSUS-0000171944,JCJBPTJXYXH9,2022,2023-03-23,746000298
2022-08-CENSUS-0000171944,JCJBPTJXYXH9,2022,2023-03-23,746000314
2022-08-CENSUS-0000171944,JCJBPTJXYXH9,2022,2023-03-23,746000531
2022-08-CENSUS-0000171944,JCJBPTJXYXH9,2022,2023-03-23,746000537
2022-08-CENSUS-0000171944,JCJBPTJXYXH9,2022,2023-03-23,746000541
2022-08-CENSUS-0000171944,JCJBPTJXYXH9,2022,2023-03-23,746000813
2022-08-CENSUS-0000171944,JCJBPTJXYXH9,2022,2023-03-23,746000949
2022-08-CENSUS-0000171944,JCJBPTJXYXH9,2022,2023-03-23,746001078
2022-08-CENSUS-0000171944,JCJBPTJXYXH9,2022,2023-03-23,746001118
2022-08-CENSUS-0000171944,JCJBPTJXYXH9,2022,2023-03-23,746001391
2022-08-CENSUS-0000171944,JCJBPTJXYXH9,2022,2023-03-23,746001399
2022-08-CENSUS-0000171944,JCJBPTJXYXH9,2022,2023-03-23,746001430
2022-08-CENSUS-0000171944,JCJBPTJXYXH9,2022,2023-03-23,746001431
2022-08-CENSUS-0000171944,JCJBPTJXYXH9,2022,2023-03-23,746001530
2022-08-CENSUS-0000171944,JCJBPTJXYXH9,2022,2023-03-23,746002078
2022-08-CENSUS-0000171944,JCJBPTJXYXH9,2022,2023-03-23,746002248
2022-08-CENSUS-0000171944,JCJBPTJXYXH9,2022,2023-03-23,746002381
2022-08-CENSUS-0000171944,JCJBPTJXYXH9,2022,2023-03-23,746002472
2022-08-CENSUS-0000171944,JCJBPTJXYXH9,2022,2023-03-23,746002886
2022-08-CENSUS-0000171944,JCJBPTJXYXH9,2022,2023-03-23,746002942
2022-08-CENSUS-0000171944,JCJBPTJXYXH9,2022,2023-03-23,746002948
2022-08-CENSUS-0000171944,JCJBPTJXYXH9,2022,2023-03-23,746002949
2022-08-CENSUS-0000171944,JCJBPTJXYXH9,2022,2023-03-23,746003079
2022-08-CENSUS-0000171944,JCJBPTJXYXH9,2022,2023-03-23,746014065
2022-08-CENSUS-0000171944,JCJBPTJXYXH9,2022,2023-03-23,746016195
2022-08-CENSUS-0000171944,JCJBPTJXYXH9,2022,2023-03-23,746016766
2022-08-CENSUS-0000171944,JCJBPTJXYXH9,2022,2023-03-23,746021504
2022-08-CENSUS-0000171944,JCJBPTJXYXH9,2022,2023-03-23,746022211
2022-08-CENSUS-0000171944,JCJBPTJXYXH9,2022,2023-03-23,746024697
2022-08-CENSUS-0000171944,JCJBPTJXYXH9,2022,2023-03-23,746027289
2022-08-CENSUS-0000171944,JCJBPTJXYXH9,2022,2023-03-23,746027560
2022-08-CENSUS-0000171944,JCJBPTJXYXH9,2022,2023-03-23,751305566
2022-08-CENSUS-0000171944,JCJBPTJXYXH9,2022,2023-03-23,751393493
2022-08-CENSUS-0000171944,JCJBPTJXYXH9,2022,2023-03-23,751396988
2022-08-CENSUS-0000171944,JCJBPTJXYXH9,2022,2023-03-23,752655354
2022-08-CENSUS-0000171944,JCJBPTJXYXH9,2022,2023-03-23,752668014
2022-08-CENSUS-0000171944,JCJBPTJXYXH9,2022,2023-03-23,752668018
2022-08-CENSUS-0000171944,JCJBPTJXYXH9,2022,2023-03-23,752932678
2022-08-CENSUS-0000171944,JCJBPTJXYXH9,2022,2023-03-23,756000121
2022-08-CENSUS-0000171944,JCJBPTJXYXH9,2022,2023-03-23,756001219
2022-08-CENSUS-0000171944,JCJBPTJXYXH9,2022,2023-03-23,756001222
2022-08-CENSUS-0000171944,JCJBPTJXYXH9,2022,2023-03-23,756001353
2022-08-CENSUS-0000171944,JCJBPTJXYXH9,2022,2023-03-23,756001354
2022-08-CENSUS-0000171944,JCJBPTJXYXH9,2022,2023-03-23,756001738
2022-08-CENSUS-0000171944,JCJBPTJXYXH9,2022,2023-03-23,756001870
2022-08-CENSUS-0000171944,JCJBPTJXYXH9,2022,2023-03-23,756002149
2022-08-CENSUS-0000171944,JCJBPTJXYXH9,2022,2023-03-23,756002403
2022-08-CENSUS-0000171944,JCJBPTJXYXH9,2022,2023-03-23,756002514
2022-08-CENSUS-0000171944,JCJBPTJXYXH9,2022,2023-03-23,756002616
2022-08-CENSUS-0000171944,JCJBPTJXYXH9,2022,2023-03-23,756002618
2022-08-CENSUS-0000171944,JCJBPTJXYXH9,2022,2023-03-23,756002622
2022-08-CENSUS-0000171944,JCJBPTJXYXH9,2022,2023-03-23,756002868
2022-08-CENSUS-0000171944,JCJBPTJXYXH9,2022,2023-03-23,756031405
2022-08-CENSUS-0000171944,JCJBPTJXYXH9,2022,2023-03-23,756064033
2022-08-CENSUS-0000171944,JCJBPTJXYXH9,2022,2023-03-23,760658056
2022-08-CENSUS-0000171944,JCJBPTJXYXH9,2022,2023-03-23,760694136
2022-08-CENSUS-0000171944,JCJBPTJXYXH9,2022,2023-03-23,760695669
2022-08-CENSUS-0000171944,JCJBPTJXYXH9,2022,2023-03-23,841876045
2022-09-CENSUS-0000000356,D9YUK3WAJTX3,2022,2023-06-28,233080013
2022-09-CENSUS-0000219516,MVQZVG9VU9J5,2022,2023-06-29,050459095
2022-09-CENSUS-0000219516,MVQZVG9VU9J5,2022,2023-06-29,056033975
2022-09-CENSUS-0000219516,MVQZVG9VU9J5,2022,2023-06-29,050478937
2022-09-CENSUS-0000182884,N2FCJJESFFF6,2022,2023-06-26,371906316
2022-09-CENSUS-0000182884,N2FCJJESFFF6,2022,2023-06-26,853662447
2022-09-CENSUS-0000182884,N2FCJJESFFF6,2022,2023-06-26,853688658
2022-09-CENSUS-0000182884,N2FCJJESFFF6,2022,2023-06-26,232935865
2022-12-CENSUS-0000247480,HQBEYXSJYAC8,2022,2023-09-28,251517533
2022-12-CENSUS-0000247480,HQBEYXSJYAC8,2022,2023-09-28,251581304
2022-12-CENSUS-0000247480,HQBEYXSJYAC8,2022,2023-09-28,250402510
2022-12-CENSUS-0000247480,HQBEYXSJYAC8,2022,2023-09-28,251799823
2022-12-CENSUS-0000247480,HQBEYXSJYAC8,2022,2023-09-28,240799343
2022-12-CENSUS-0000247480,HQBEYXSJYAC8,2022,2023-09-28,251188570
2022-12-CENSUS-0000247480,HQBEYXSJYAC8,2022,2023-09-28,251536037
2022-12-CENSUS-0000247480,HQBEYXSJYAC8,2022,2023-09-28,251202461
2022-12-CENSUS-0000247480,HQBEYXSJYAC8,2022,2023-09-28,251317492
2022-12-CENSUS-0000247480,HQBEYXSJYAC8,2022,2023-09-28,250965570
2022-12-CENSUS-0000247480,HQBEYXSJYAC8,2022,2023-09-28,232919472
2022-12-CENSUS-0000247480,HQBEYXSJYAC8,2022,2023-09-28,231352155
2022-12-CENSUS-0000247480,HQBEYXSJYAC8,2022,2023-09-28,231396795
2022-12-CENSUS-0000247480,HQBEYXSJYAC8,2022,2023-09-28,160743226
2022-12-CENSUS-0000247480,HQBEYXSJYAC8,2022,2023-09-28,452178782
2022-12-CENSUS-0000247480,HQBEYXSJYAC8,2022,2023-09-28,240802108
2022-12-CENSUS-0000247480,HQBEYXSJYAC8,2022,2023-09-28,251727721
2022-12-CENSUS-0000247480,HQBEYXSJYAC8,2022,2023-09-28,274814831
2022-12-CENSUS-0000247480,HQBEYXSJYAC8,2022,2023-09-28,250965387
2022-12-CENSUS-0000247480,HQBEYXSJYAC8,2022,2023-09-28,232813536
2022-12-CENSUS-0000247480,HQBEYXSJYAC8,2022,2023-09-28,250965406
2022-12-CENSUS-0000247480,HQBEYXSJYAC8,2022,2023-09-28,250998168
2022-12-CENSUS-0000247480,HQBEYXSJYAC8,2022,2023-09-28,821600494
2022-12-CENSUS-0000247480,HQBEYXSJYAC8,2022,2023-09-28,250965420
2022-12-CENSUS-0000247480,HQBEYXSJYAC8,2022,2023-09-28,250965423
2022-12-CENSUS-0000247480,HQBEYXSJYAC8,2022,2023-09-28,250965429
2022-12-CENSUS-0000247480,HQBEYXSJYAC8,2022,2023-09-28,240806023
2022-12-CENSUS-0000247480,HQBEYXSJYAC8,2022,2023-09-28,250489010
2022-12-CENSUS-0000247480,HQBEYXSJYAC8,2022,2023-09-28,250965451
2022-12-CENSUS-0000247480,HQBEYXSJYAC8,2022,2023-09-28,251778658
2022-12-CENSUS-0000247480,HQBEYXSJYAC8,2022,2023-09-28,251778644
2022-12-CENSUS-0000247480,HQBEYXSJYAC8,2022,2023-09-28,250965480
2022-12-CENSUS-0000247480,HQBEYXSJYAC8,2022,2023-09-28,232875070
2022-12-CENSUS-0000247480,HQBEYXSJYAC8,2022,2023-09-28,232751183
2022-12-CENSUS-0000247480,HQBEYXSJYAC8,2022,2023-09-28,232176963
2022-12-CENSUS-0000247480,HQBEYXSJYAC8,2022,2023-09-28,520591531
2022-12-CENSUS-0000247480,HQBEYXSJYAC8,2022,2023-09-28,240795508
2022-12-CENSUS-0000247480,HQBEYXSJYAC8,2022,2023-09-28,830857507
2022-12-CENSUS-0000252662,NMSNGNQPRRA7,2022,2023-09-21,310537504
2022-06-CENSUS-0000013480,LY2LQWZJ9MW7,2022,2023-03-30,112326039
2022-06-CENSUS-0000013480,LY2LQWZJ9MW7,2022,2023-03-30,134053788
2022-06-CENSUS-0000013480,LY2LQWZJ9MW7,2022,2023-03-30,134182492
2022-06-CENSUS-0000013480,LY2LQWZJ9MW7,2022,2023-03-30,811076978
2022-06-CENSUS-0000013480,LY2LQWZJ9MW7,2022,2023-03-30,134012557
2022-06-CENSUS-0000013480,LY2LQWZJ9MW7,2022,2023-03-30,113282189
2022-06-CENSUS-0000221589,PBFFEC843EC9,2022,2023-03-21,810751021
2022-06-CENSUS-0000221589,PBFFEC843EC9,2022,2023-03-21,911874730
2022-06-CENSUS-0000221589,PBFFEC843EC9,2022,2023-03-21,293981604
2022-12-CENSUS-0000248721,NDHUBKJDEKZ9,2022,2023-09-26,472746471
2022-12-CENSUS-0000248721,NDHUBKJDEKZ9,2022,2023-09-26,474614147
2022-12-CENSUS-0000248721,NDHUBKJDEKZ9,2022,2023-09-26,474708586
2022-12-CENSUS-0000248721,NDHUBKJDEKZ9,2022,2023-09-26,510517882
2022-12-CENSUS-0000248721,NDHUBKJDEKZ9,2022,2023-09-26,812381872
2022-12-CENSUS-0000248721,NDHUBKJDEKZ9,2022,2023-09-26,812728080
2022-12-CENSUS-0000248721,NDHUBKJDEKZ9,2022,2023-09-26,813601613
2022-12-CENSUS-0000248721,NDHUBKJDEKZ9,2022,2023-09-26,813636946
2022-12-CENSUS-0000248721,NDHUBKJDEKZ9,2022,2023-09-26,823195662
2022-12-CENSUS-0000248721,NDHUBKJDEKZ9,2022,2023-09-26,843004627
2022-12-CENSUS-0000248721,NDHUBKJDEKZ9,2022,2023-09-26,843041580
2022-12-CENSUS-0000248721,NDHUBKJDEKZ9,2022,2023-09-26,843065246
2022-12-CENSUS-0000248721,NDHUBKJDEKZ9,2022,2023-09-26,844037230
2022-12-CENSUS-0000248721,NDHUBKJDEKZ9,2022,2023-09-26,844042951
2022-12-CENSUS-0000248721,NDHUBKJDEKZ9,2022,2023-09-26,844509377
2022-12-CENSUS-0000248721,NDHUBKJDEKZ9,2022,2023-09-26,844724743
2022-12-CENSUS-0000248721,NDHUBKJDEKZ9,2022,2023-09-26,844806039
2022-12-CENSUS-0000248721,NDHUBKJDEKZ9,2022,2023-09-26,852937848
2022-12-CENSUS-0000248721,NDHUBKJDEKZ9,2022,2023-09-26,522407171
2022-12-CENSUS-0000248721,NDHUBKJDEKZ9,2022,2023-09-26,825202825
2022-12-CENSUS-0000248721,NDHUBKJDEKZ9,2022,2023-09-26,830411648
2022-12-CENSUS-0000248721,NDHUBKJDEKZ9,2022,2023-09-26,861090533
2022-12-CENSUS-0000248721,NDHUBKJDEKZ9,2022,2023-09-26,460605991
2022-12-CENSUS-0000248721,NDHUBKJDEKZ9,2022,2023-09-26,812765701
2022-12-CENSUS-0000248721,NDHUBKJDEKZ9,2022,2023-09-26,474546749
2022-12-CENSUS-0000248721,NDHUBKJDEKZ9,2022,2023-09-26,742923927
2022-12-CENSUS-0000248721,NDHUBKJDEKZ9,2022,2023-09-26,510517886
2022-12-CENSUS-0000248721,NDHUBKJDEKZ9,2022,2023-09-26,825167064
2022-12-CENSUS-0000248721,NDHUBKJDEKZ9,2022,2023-09-26,301123744
2022-12-CENSUS-0000248721,NDHUBKJDEKZ9,2022,2023-09-26,510517897
2022-12-CENSUS-0000248721,NDHUBKJDEKZ9,2022,2023-09-26,510517884
2022-12-CENSUS-0000248721,NDHUBKJDEKZ9,2022,2023-09-26,522458651
2022-12-CENSUS-0000248721,NDHUBKJDEKZ9,2022,2023-09-26,272452190
2022-12-CENSUS-0000248721,NDHUBKJDEKZ9,2022,2023-09-26,465544042
2022-12-CENSUS-0000248721,NDHUBKJDEKZ9,2022,2023-09-26,800089228
2022-12-CENSUS-0000248721,NDHUBKJDEKZ9,2022,2023-09-26,812406385
2022-12-CENSUS-0000248721,NDHUBKJDEKZ9,2022,2023-09-26,870755141
2022-12-CENSUS-0000248721,NDHUBKJDEKZ9,2022,2023-09-26,813537998
2022-12-CENSUS-0000248721,NDHUBKJDEKZ9,2022,2023-09-26,593778285
2022-12-CENSUS-0000248721,NDHUBKJDEKZ9,2022,2023-09-26,825027278
2022-12-CENSUS-0000248721,NDHUBKJDEKZ9,2022,2023-09-26,843056937
2022-12-CENSUS-0000248721,NDHUBKJDEKZ9,2022,2023-09-26,463415213
2022-12-CENSUS-0000248721,NDHUBKJDEKZ9,2022,2023-09-26,464354228
2022-12-CENSUS-0000248721,NDHUBKJDEKZ9,2022,2023-09-26,811624974
2022-12-CENSUS-0000248721,NDHUBKJDEKZ9,2022,2023-09-26,823216169
2022-12-CENSUS-0000248721,NDHUBKJDEKZ9,2022,2023-09-26,010801025
2022-12-CENSUS-0000248721,NDHUBKJDEKZ9,2022,2023-09-26,301067157
2022-12-CENSUS-0000248721,NDHUBKJDEKZ9,2022,2023-09-26,825173292
2022-12-CENSUS-0000248721,NDHUBKJDEKZ9,2022,2023-09-26,823254090
2022-12-CENSUS-0000248721,NDHUBKJDEKZ9,2022,2023-09-26,460781287
2022-12-CENSUS-0000248721,NDHUBKJDEKZ9,2022,2023-09-26,752966503
2022-12-CENSUS-0000248721,NDHUBKJDEKZ9,2022,2023-09-26,811637728
2022-12-CENSUS-0000248721,NDHUBKJDEKZ9,2022,2023-09-26,861090531
2022-12-CENSUS-0000248721,NDHUBKJDEKZ9,2022,2023-09-26,510517895
2022-12-CENSUS-0000248721,NDHUBKJDEKZ9,2022,2023-09-26,751566426
2022-12-CENSUS-0000248721,NDHUBKJDEKZ9,2022,2023-09-26,474568036
2022-12-CENSUS-0000248721,NDHUBKJDEKZ9,2022,2023-09-26,831072617
2022-12-CENSUS-0000248721,NDHUBKJDEKZ9,2022,2023-09-26,522337036
2022-12-CENSUS-0000248721,NDHUBKJDEKZ9,2022,2023-09-26,861090535
2022-12-CENSUS-0000248721,NDHUBKJDEKZ9,2022,2023-09-26,510517896
2022-12-CENSUS-0000248721,NDHUBKJDEKZ9,2022,2023-09-26,752966502
2022-12-CENSUS-0000248721,NDHUBKJDEKZ9,2022,2023-09-26,472777991
2022-12-CENSUS-0000248721,NDHUBKJDEKZ9,2022,2023-09-26,900178143
2022-12-CENSUS-0000248721,NDHUBKJDEKZ9,2022,2023-09-26,742968176
2022-12-CENSUS-0000248721,NDHUBKJDEKZ9,2022,2023-09-26,824981363
2022-12-CENSUS-0000248721,NDHUBKJDEKZ9,2022,2023-09-26,825073845
2022-12-CENSUS-0000248721,NDHUBKJDEKZ9,2022,2023-09-26,825209275
2022-12-CENSUS-0000248721,NDHUBKJDEKZ9,2022,2023-09-26,900129534
2022-12-CENSUS-0000248721,NDHUBKJDEKZ9,2022,2023-09-26,472271160
2022-12-CENSUS-0000248721,NDHUBKJDEKZ9,2022,2023-09-26,825102627
2022-12-CENSUS-0000248721,NDHUBKJDEKZ9,2022,2023-09-26,825221441
2022-09-CENSUS-0000234075,MRMJJ9JEK5D1,2022,2023-06-21,592650456
2022-06-CENSUS-0000193911,VUDLWV1HF1M6,2022,2023-03-30,790913636
2022-06-CENSUS-0000176097,G75LLL3XCKV4,2022,2023-03-05,546001493
2022-06-CENSUS-0000176097,G75LLL3XCKV4,2022,2023-03-05,546001490
2022-06-CENSUS-0000248173,XMLGCQSBAH13,2022,2023-03-30,200556990
2022-06-CENSUS-0000248173,XMLGCQSBAH13,2022,2023-03-30,510432078
2022-06-CENSUS-0000248173,XMLGCQSBAH13,2022,2023-03-30,274350123
2022-06-CENSUS-0000248173,XMLGCQSBAH13,2022,2023-03-30,510432081
2022-06-CENSUS-0000248173,XMLGCQSBAH13,2022,2023-03-30,251180602
2022-06-CENSUS-0000248173,XMLGCQSBAH13,2022,2023-03-30,250965341
2022-06-CENSUS-0000248173,XMLGCQSBAH13,2022,2023-03-30,510432076
2022-06-CENSUS-0000171407,JNN5H3J43L24,2022,2023-03-14,676000707
2022-06-CENSUS-0000171407,JNN5H3J43L24,2022,2023-03-14,676000706
2022-06-CENSUS-0000171406,YVKAAR8UTVA5,2022,2023-03-14,626000704
2022-09-CENSUS-0000192115,KAAMMFK1JJL8,2022,2023-10-02,860204662
2022-09-CENSUS-0000192115,KAAMMFK1JJL8,2022,2023-10-02,860215931
2022-06-CENSUS-0000097908,HU6VXR5C5DZ1,2022,2023-05-17,710672230
2022-12-CENSUS-0000143238,NULEJCQZZJY4,2022,2023-09-26,800757957
2022-12-CENSUS-0000256349,T4LMSHHUDH66,2022,2023-09-24,200495182
2022-12-CENSUS-0000256349,T4LMSHHUDH66,2022,2023-09-24,210634485
2022-12-CENSUS-0000256349,T4LMSHHUDH66,2022,2023-09-24,237405177
2022-12-CENSUS-0000256349,T4LMSHHUDH66,2022,2023-09-24,264573131
2022-12-CENSUS-0000256349,T4LMSHHUDH66,2022,2023-09-24,521530598
2022-12-CENSUS-0000256349,T4LMSHHUDH66,2022,2023-09-24,521710891
2022-12-CENSUS-0000256349,T4LMSHHUDH66,2022,2023-09-24,521750659
2022-12-CENSUS-0000256349,T4LMSHHUDH66,2022,2023-09-24,521929311
2022-12-CENSUS-0000256349,T4LMSHHUDH66,2022,2023-09-24,630770753
2022-03-CENSUS-0000242044,C5LAXH11CRQ7,2022,2023-01-25,431240629
2022-03-CENSUS-0000242044,C5LAXH11CRQ7,2022,2023-01-25,430821959
2022-12-CENSUS-0000231012,KSDFFG66ZVM9,2022,2023-09-27,160743192
2022-12-CENSUS-0000231012,KSDFFG66ZVM9,2022,2023-09-27,160957268
2022-12-CENSUS-0000231012,KSDFFG66ZVM9,2022,2023-09-27,161449543
2022-12-CENSUS-0000231012,KSDFFG66ZVM9,2022,2023-09-27,263765332
2022-12-CENSUS-0000231012,KSDFFG66ZVM9,2022,2023-09-27,510169552
2022-12-CENSUS-0000241730,CTKLWXNABFS5,2022,2023-09-25,111888924
2022-12-CENSUS-0000241730,CTKLWXNABFS5,2022,2023-09-25,112958438
2022-12-CENSUS-0000241730,CTKLWXNABFS5,2022,2023-09-25,111635088
2022-12-CENSUS-0000241730,CTKLWXNABFS5,2022,2023-09-25,112126736
2022-12-CENSUS-0000241730,CTKLWXNABFS5,2022,2023-09-25,113284066
2022-12-CENSUS-0000241730,CTKLWXNABFS5,2022,2023-09-25,061562701
2022-12-CENSUS-0000241730,CTKLWXNABFS5,2022,2023-09-25,111871039
2022-12-CENSUS-0000241730,CTKLWXNABFS5,2022,2023-09-25,112050523
2022-12-CENSUS-0000241730,CTKLWXNABFS5,2022,2023-09-25,113438973
2022-12-CENSUS-0000241730,CTKLWXNABFS5,2022,2023-09-25,061603195
2022-12-CENSUS-0000241730,CTKLWXNABFS5,2022,2023-09-25,112861698
2022-12-CENSUS-0000241730,CTKLWXNABFS5,2022,2023-09-25,112924518
2022-12-CENSUS-0000241730,CTKLWXNABFS5,2022,2023-09-25,113090867
2022-12-CENSUS-0000241730,CTKLWXNABFS5,2022,2023-09-25,113224885
2022-12-CENSUS-0000241730,CTKLWXNABFS5,2022,2023-09-25,113613997
2022-12-CENSUS-0000241730,CTKLWXNABFS5,2022,2023-09-25,208088453
2022-12-CENSUS-0000241730,CTKLWXNABFS5,2022,2023-09-25,208243412
2022-12-CENSUS-0000241730,CTKLWXNABFS5,2022,2023-09-25,510639649
2022-12-CENSUS-0000256288,NLNSEDWRMSV3,2022,2023-09-10,221537688
2022-12-CENSUS-0000256288,NLNSEDWRMSV3,2022,2023-09-10,474931969
2022-12-CENSUS-0000256288,NLNSEDWRMSV3,2022,2023-09-10,223401213
2022-12-CENSUS-0000256288,NLNSEDWRMSV3,2022,2023-09-10,222276083
2022-12-CENSUS-0000256288,NLNSEDWRMSV3,2022,2023-09-10,474901532
2022-12-CENSUS-0000256288,NLNSEDWRMSV3,2022,2023-09-10,474913206
2022-06-CENSUS-0000196935,PNW8G83VQVP6,2022,2023-07-24,680331373
2022-06-CENSUS-0000196935,PNW8G83VQVP6,2022,2023-07-24,542064728
2022-06-CENSUS-0000196935,PNW8G83VQVP6,2022,2023-07-24,941279807
2022-06-CENSUS-0000196935,PNW8G83VQVP6,2022,2023-07-24,880272955
2022-06-CENSUS-0000196935,PNW8G83VQVP6,2022,2023-07-24,911657990
2022-12-CENSUS-0000080911,FP3LNKEPD7H9,2022,2023-08-06,464853541
2022-12-CENSUS-0000080911,FP3LNKEPD7H9,2022,2023-08-06,814157978
2022-09-CENSUS-0000106315,FV5JX1HNMDH3,2022,2023-06-18,322526373
2022-09-CENSUS-0000198694,FBJDDZ284KU6,2022,2023-03-21,161355896
2022-09-CENSUS-0000256982,Y2Z9F9QNCUE8,2022,2023-02-09,411399954
2022-09-CENSUS-0000256982,Y2Z9F9QNCUE8,2022,2023-02-09,270006187
2022-09-CENSUS-0000256982,Y2Z9F9QNCUE8,2022,2023-02-09,411923834
2022-09-CENSUS-0000256982,Y2Z9F9QNCUE8,2022,2023-02-09,412002183
2022-12-CENSUS-0000246449,M5KMR3DZJQR6,2022,2023-09-26,203856995
2022-12-CENSUS-0000246449,M5KMR3DZJQR6,2022,2023-09-26,237056976
2022-12-CENSUS-0000246449,M5KMR3DZJQR6,2022,2023-09-26,260115489
2022-12-CENSUS-0000246449,M5KMR3DZJQR6,2022,2023-09-26,264021016
2022-12-CENSUS-0000246449,M5KMR3DZJQR6,2022,2023-09-26,272305304
2022-12-CENSUS-0000246449,M5KMR3DZJQR6,2022,2023-09-26,300502262
2022-12-CENSUS-0000246449,M5KMR3DZJQR6,2022,2023-09-26,300635601
2022-12-CENSUS-0000246449,M5KMR3DZJQR6,2022,2023-09-26,320260353
2022-12-CENSUS-0000246449,M5KMR3DZJQR6,2022,2023-09-26,320261234
2022-12-CENSUS-0000246449,M5KMR3DZJQR6,2022,2023-09-26,322347032
2022-12-CENSUS-0000246449,M5KMR3DZJQR6,2022,2023-09-26,330185031
2022-12-CENSUS-0000246449,M5KMR3DZJQR6,2022,2023-09-26,330283773
2022-12-CENSUS-0000246449,M5KMR3DZJQR6,2022,2023-09-26,330844408
2022-12-CENSUS-0000246449,M5KMR3DZJQR6,2022,2023-09-26,352345508
2022-12-CENSUS-0000246449,M5KMR3DZJQR6,2022,2023-09-26,352346161
2022-12-CENSUS-0000246449,M5KMR3DZJQR6,2022,2023-09-26,364640211
2022-12-CENSUS-0000246449,M5KMR3DZJQR6,2022,2023-09-26,411672806
2022-12-CENSUS-0000246449,M5KMR3DZJQR6,2022,2023-09-26,510216587
2022-12-CENSUS-0000246449,M5KMR3DZJQR6,2022,2023-09-26,510224944
2022-12-CENSUS-0000246449,M5KMR3DZJQR6,2022,2023-09-26,611570502
2022-12-CENSUS-0000246449,M5KMR3DZJQR6,2022,2023-09-26,611659489
2022-12-CENSUS-0000246449,M5KMR3DZJQR6,2022,2023-09-26,752246348
2022-12-CENSUS-0000246449,M5KMR3DZJQR6,2022,2023-09-26,752426010
2022-12-CENSUS-0000246449,M5KMR3DZJQR6,2022,2023-09-26,752428911
2022-12-CENSUS-0000246449,M5KMR3DZJQR6,2022,2023-09-26,810231793
2022-12-CENSUS-0000246449,M5KMR3DZJQR6,2022,2023-09-26,810463482
2022-12-CENSUS-0000246449,M5KMR3DZJQR6,2022,2023-09-26,814542216
2022-12-CENSUS-0000246449,M5KMR3DZJQR6,2022,2023-09-26,814791043
2022-12-CENSUS-0000246449,M5KMR3DZJQR6,2022,2023-09-26,832802775
2022-12-CENSUS-0000246449,M5KMR3DZJQR6,2022,2023-09-26,833972614
2022-12-CENSUS-0000246449,M5KMR3DZJQR6,2022,2023-09-26,834352493
2022-12-CENSUS-0000246449,M5KMR3DZJQR6,2022,2023-09-26,834359744
2022-12-CENSUS-0000246449,M5KMR3DZJQR6,2022,2023-09-26,852390012
2022-12-CENSUS-0000246449,M5KMR3DZJQR6,2022,2023-09-26,910373400
2022-12-CENSUS-0000246449,M5KMR3DZJQR6,2022,2023-09-26,910433740
2022-12-CENSUS-0000246449,M5KMR3DZJQR6,2022,2023-09-26,910567732
2022-12-CENSUS-0000246449,M5KMR3DZJQR6,2022,2023-09-26,910573108
2022-12-CENSUS-0000246449,M5KMR3DZJQR6,2022,2023-09-26,910655392
2022-12-CENSUS-0000246449,M5KMR3DZJQR6,2022,2023-09-26,911216033
2022-12-CENSUS-0000246449,M5KMR3DZJQR6,2022,2023-09-26,911491167
2022-09-CENSUS-0000196723,FXV2BM3PJBV3,2022,2023-05-22,273763430
2022-09-CENSUS-0000003134,MBQ9NJJASF23,2022,2023-02-12,223316082
2022-09-CENSUS-0000003134,MBQ9NJJASF23,2022,2023-02-12,208064203
2022-06-CENSUS-0000176046,ZGLRAX4QJJ77,2022,2023-02-02,546001187
2022-06-CENSUS-0000176046,ZGLRAX4QJJ77,2022,2023-02-02,546001189
2022-06-CENSUS-0000176046,ZGLRAX4QJJ77,2022,2023-02-02,546001190
2022-09-CENSUS-0000251498,LPF4ESK8FSN1,2022,2023-06-27,920192097
2022-09-CENSUS-0000251498,LPF4ESK8FSN1,2022,2023-06-27,452654166
2022-08-CENSUS-0000068175,NZP2JEBYNBD4,2022,2023-01-26,952988463
2022-08-CENSUS-0000015175,NX9PXMKW5KW8,2022,2023-04-13,135562309
2022-08-CENSUS-0000015175,NX9PXMKW5KW8,2022,2023-04-13,111704595
2022-09-CENSUS-0000075070,PLKJMJKQVMM6,2022,2023-06-28,521993252
2022-06-CENSUS-0000237678,Q65XV36C4VR5,2022,2023-01-03,546000957
2022-06-CENSUS-0000201618,CCPRLHRL2AV3,2022,2023-07-24,042103609
2022-06-CENSUS-0000201618,CCPRLHRL2AV3,2022,2023-07-24,043487833
2022-06-CENSUS-0000201618,CCPRLHRL2AV3,2022,2023-07-24,043487835
2022-12-CENSUS-0000246449,M5KMR3DZJQR6,2022,2023-09-26,911512896
2022-12-CENSUS-0000246449,M5KMR3DZJQR6,2022,2023-09-26,911690631
2022-12-CENSUS-0000246449,M5KMR3DZJQR6,2022,2023-09-26,911784793
2022-12-CENSUS-0000246449,M5KMR3DZJQR6,2022,2023-09-26,911911869
2022-12-CENSUS-0000246449,M5KMR3DZJQR6,2022,2023-09-26,911942315
2022-12-CENSUS-0000246449,M5KMR3DZJQR6,2022,2023-09-26,912073120
2022-12-CENSUS-0000246449,M5KMR3DZJQR6,2022,2023-09-26,920016429
2022-12-CENSUS-0000246449,M5KMR3DZJQR6,2022,2023-09-26,920094231
2022-12-CENSUS-0000246449,M5KMR3DZJQR6,2022,2023-09-26,920174248
2022-12-CENSUS-0000246449,M5KMR3DZJQR6,2022,2023-09-26,930386889
2022-12-CENSUS-0000246449,M5KMR3DZJQR6,2022,2023-09-26,930386906
2022-12-CENSUS-0000246449,M5KMR3DZJQR6,2022,2023-09-26,930386912
2022-12-CENSUS-0000246449,M5KMR3DZJQR6,2022,2023-09-26,930386929
2022-12-CENSUS-0000246449,M5KMR3DZJQR6,2022,2023-09-26,930796090
2022-12-CENSUS-0000246449,M5KMR3DZJQR6,2022,2023-09-26,930823489
2022-12-CENSUS-0000246449,M5KMR3DZJQR6,2022,2023-09-26,930924302
2022-12-CENSUS-0000246449,M5KMR3DZJQR6,2022,2023-09-26,931097258
2022-12-CENSUS-0000246449,M5KMR3DZJQR6,2022,2023-09-26,931146501
2022-12-CENSUS-0000246449,M5KMR3DZJQR6,2022,2023-09-26,931265038
2022-12-CENSUS-0000246449,M5KMR3DZJQR6,2022,2023-09-26,931280224
2022-12-CENSUS-0000246449,M5KMR3DZJQR6,2022,2023-09-26,951643325
2022-12-CENSUS-0000246449,M5KMR3DZJQR6,2022,2023-09-26,951643359
2022-12-CENSUS-0000246449,M5KMR3DZJQR6,2022,2023-09-26,951643360
2022-12-CENSUS-0000246449,M5KMR3DZJQR6,2022,2023-09-26,951675600
2022-12-CENSUS-0000246449,M5KMR3DZJQR6,2022,2023-09-26,951684082
2022-12-CENSUS-0000246449,M5KMR3DZJQR6,2022,2023-09-26,951914489
2022-12-CENSUS-0000246449,M5KMR3DZJQR6,2022,2023-09-26,954291515
2022-12-CENSUS-0000246449,M5KMR3DZJQR6,2022,2023-09-26,954322584
2022-12-CENSUS-0000246449,M5KMR3DZJQR6,2022,2023-09-26,954582647
2022-12-CENSUS-0000255189,KCNJKNZZN5U3,2022,2023-09-22,262559916
2022-12-CENSUS-0000252801,SSFGR2KDG3Y4,2022,2023-03-23,351394980
2022-12-CENSUS-0000252801,SSFGR2KDG3Y4,2022,2023-03-23,356001540
2022-06-CENSUS-0000171416,JW9DBDUBJ2G3,2022,2023-01-04,626000736
2022-06-CENSUS-0000201430,RFCNULGALST5,2022,2023-09-27,208034409
2022-06-CENSUS-0000201430,RFCNULGALST5,2022,2023-09-27,201220860
2022-06-CENSUS-0000201430,RFCNULGALST5,2022,2023-09-27,201364957
2022-12-CENSUS-0000246493,NYM9K9SPAJD6,2022,2023-04-10,200749885
2022-12-CENSUS-0000185397,C1CUQNZL31G8,2022,2023-09-17,371623033
2022-12-CENSUS-0000185397,C1CUQNZL31G8,2022,2023-09-17,391759242
2022-12-CENSUS-0000185397,C1CUQNZL31G8,2022,2023-09-17,475162437
2022-06-CENSUS-0000171453,D1A5BKL7HTA9,2022,2023-01-29,626000450
2022-06-CENSUS-0000171453,D1A5BKL7HTA9,2022,2023-01-29,626000266
2022-06-CENSUS-0000233184,LD64H91DSK56,2022,2023-01-16,626002024
2022-06-CENSUS-0000233184,LD64H91DSK56,2022,2023-01-16,581879027
2022-06-CENSUS-0000203014,C2DLB45CN5D3,2022,2023-03-30,520486540
2022-06-CENSUS-0000203014,C2DLB45CN5D3,2022,2023-03-30,521372665
2022-06-CENSUS-0000203014,C2DLB45CN5D3,2022,2023-03-30,520607913
2022-06-CENSUS-0000203014,C2DLB45CN5D3,2022,2023-03-30,521452024
2022-06-CENSUS-0000203014,C2DLB45CN5D3,2022,2023-03-30,521681279
2022-06-CENSUS-0000203014,C2DLB45CN5D3,2022,2023-03-30,520591555
2022-06-CENSUS-0000203014,C2DLB45CN5D3,2022,2023-03-30,452463175
2022-06-CENSUS-0000203014,C2DLB45CN5D3,2022,2023-03-30,800719005
2022-06-CENSUS-0000203014,C2DLB45CN5D3,2022,2023-03-30,462935110
2022-06-CENSUS-0000203014,C2DLB45CN5D3,2022,2023-03-30,260107247
2022-06-CENSUS-0000203014,C2DLB45CN5D3,2022,2023-03-30,271956453
2022-06-CENSUS-0000203014,C2DLB45CN5D3,2022,2023-03-30,383897702
2022-06-CENSUS-0000203014,C2DLB45CN5D3,2022,2023-03-30,450719598
2022-06-CENSUS-0000203014,C2DLB45CN5D3,2022,2023-03-30,462863298
2022-06-CENSUS-0000203014,C2DLB45CN5D3,2022,2023-03-30,463753120
2022-06-CENSUS-0000203014,C2DLB45CN5D3,2022,2023-03-30,811504380
2022-06-CENSUS-0000203014,C2DLB45CN5D3,2022,2023-03-30,814209029
2022-06-CENSUS-0000203014,C2DLB45CN5D3,2022,2023-03-30,814223537
2022-06-CENSUS-0000176116,GM7WK5Z7A5M1,2022,2023-03-30,546001624
2022-12-CENSUS-0000202944,ECMCUA2THSJ6,2022,2023-07-11,411534409
2022-12-CENSUS-0000202944,ECMCUA2THSJ6,2022,2023-07-11,416004927
2022-12-CENSUS-0000202944,ECMCUA2THSJ6,2022,2023-07-11,416004928
2022-12-CENSUS-0000255007,MBKKNQM9QME3,2022,2023-09-28,874520691
2022-12-CENSUS-0000255007,MBKKNQM9QME3,2022,2023-09-28,363738206
2022-12-CENSUS-0000255007,MBKKNQM9QME3,2022,2023-09-28,362179813
2022-12-CENSUS-0000255007,MBKKNQM9QME3,2022,2023-09-28,364073303
2022-06-CENSUS-0000259191,USJAMAVJHK85,2022,2023-09-29,203499807
2022-06-CENSUS-0000259191,USJAMAVJHK85,2022,2023-09-29,261458511
2022-12-CENSUS-0000088843,GVNJJ13HVL57,2022,2023-09-27,020630595
2022-06-CENSUS-0000176035,HYK1UKR538B5,2022,2023-02-20,546001121
2022-06-CENSUS-0000176035,HYK1UKR538B5,2022,2023-02-20,546001120
2022-12-CENSUS-0000209471,DTM1UGMXJYP3,2022,2023-09-28,341567805
2022-12-CENSUS-0000209471,DTM1UGMXJYP3,2022,2023-09-28,340816492
2022-12-CENSUS-0000209471,DTM1UGMXJYP3,2022,2023-09-28,340714461
2022-12-CENSUS-0000209471,DTM1UGMXJYP3,2022,2023-09-28,340714550
2022-12-CENSUS-0000209471,DTM1UGMXJYP3,2022,2023-09-28,341924226
2022-12-CENSUS-0000209471,DTM1UGMXJYP3,2022,2023-09-28,264827222
2022-12-CENSUS-0000209471,DTM1UGMXJYP3,2022,2023-09-28,461382538
2022-12-CENSUS-0000209471,DTM1UGMXJYP3,2022,2023-09-28,340827442
2022-12-CENSUS-0000209471,DTM1UGMXJYP3,2022,2023-09-28,340714612
2022-12-CENSUS-0000209471,DTM1UGMXJYP3,2022,2023-09-28,202873927
2022-12-CENSUS-0000209471,DTM1UGMXJYP3,2022,2023-09-28,204881619
2022-12-CENSUS-0000209471,DTM1UGMXJYP3,2022,2023-09-28,272574020
2022-12-CENSUS-0000209471,DTM1UGMXJYP3,2022,2023-09-28,340714535
2022-12-CENSUS-0000209471,DTM1UGMXJYP3,2022,2023-09-28,341260978
2022-12-CENSUS-0000209471,DTM1UGMXJYP3,2022,2023-09-28,341425870
2022-12-CENSUS-0000209471,DTM1UGMXJYP3,2022,2023-09-28,341527536
2022-12-CENSUS-0000209471,DTM1UGMXJYP3,2022,2023-09-28,341720429
2022-12-CENSUS-0000209471,DTM1UGMXJYP3,2022,2023-09-28,341768928
2022-06-CENSUS-0000225731,XJM5S8XGGFS7,2022,2023-03-27,274697590
2022-06-CENSUS-0000225731,XJM5S8XGGFS7,2022,2023-03-27,521495113
2022-06-CENSUS-0000225731,XJM5S8XGGFS7,2022,2023-03-27,521180710
2022-06-CENSUS-0000225731,XJM5S8XGGFS7,2022,2023-03-27,522173656
2022-06-CENSUS-0000225731,XJM5S8XGGFS7,2022,2023-03-27,521968440
2022-06-CENSUS-0000225731,XJM5S8XGGFS7,2022,2023-03-27,271111353
2022-06-CENSUS-0000225731,XJM5S8XGGFS7,2022,2023-03-27,522046586
2022-06-CENSUS-0000225731,XJM5S8XGGFS7,2022,2023-03-27,980206045
2022-06-CENSUS-0000225731,XJM5S8XGGFS7,2022,2023-03-27,520591658
2022-06-CENSUS-0000225731,XJM5S8XGGFS7,2022,2023-03-27,521419602
2022-06-CENSUS-0000225731,XJM5S8XGGFS7,2022,2023-03-27,521995474
2022-06-CENSUS-0000225731,XJM5S8XGGFS7,2022,2023-03-27,611758896
2022-09-CENSUS-0000230423,GAPPWM4B92A8,2022,2023-03-06,050258812
2022-09-CENSUS-0000230423,GAPPWM4B92A8,2022,2023-03-06,050258896
2022-09-CENSUS-0000230423,GAPPWM4B92A8,2022,2023-03-06,050258937
2022-09-CENSUS-0000230423,GAPPWM4B92A8,2022,2023-03-06,050259004
2022-09-CENSUS-0000230423,GAPPWM4B92A8,2022,2023-03-06,050242659
2022-09-CENSUS-0000230423,GAPPWM4B92A8,2022,2023-03-06,050427007
2022-09-CENSUS-0000230423,GAPPWM4B92A8,2022,2023-03-06,050316969
2022-09-CENSUS-0000230423,GAPPWM4B92A8,2022,2023-03-06,050384362
2022-09-CENSUS-0000230423,GAPPWM4B92A8,2022,2023-03-06,222812929
2022-09-CENSUS-0000230423,GAPPWM4B92A8,2022,2023-03-06,050509674
2022-09-CENSUS-0000230423,GAPPWM4B92A8,2022,2023-03-06,470967971
2022-09-CENSUS-0000230423,GAPPWM4B92A8,2022,2023-03-06,050520857
2022-06-CENSUS-0000196079,C8EKKJK67XB1,2022,2023-05-17,203403700
2022-06-CENSUS-0000196079,C8EKKJK67XB1,2022,2023-05-17,860262489
2022-06-CENSUS-0000176080,REGTREN9KDV6,2022,2023-01-05,546001381
2022-06-CENSUS-0000176080,REGTREN9KDV6,2022,2023-01-05,546001383
2022-06-CENSUS-0000081362,TP7EK8DZV6N5,2022,2023-02-28,562070036
2022-06-CENSUS-0000081362,TP7EK8DZV6N5,2022,2023-02-28,833076664
2022-12-CENSUS-0000095627,RH39MK9L1MC8,2022,2023-04-19,851349209
2022-06-CENSUS-0000180143,LLABHNB9ABM4,2022,2023-03-26,660433763
2022-06-CENSUS-0000180143,LLABHNB9ABM4,2022,2023-03-26,660400325
2022-06-CENSUS-0000180143,LLABHNB9ABM4,2022,2023-03-26,660433760
2022-06-CENSUS-0000180143,LLABHNB9ABM4,2022,2023-03-26,660560807
2022-06-CENSUS-0000180143,LLABHNB9ABM4,2022,2023-03-26,660560806
2022-06-CENSUS-0000180143,LLABHNB9ABM4,2022,2023-03-26,660560805
2022-06-CENSUS-0000180143,LLABHNB9ABM4,2022,2023-03-26,660560809
2022-06-CENSUS-0000180143,LLABHNB9ABM4,2022,2023-03-26,660433766
2022-06-CENSUS-0000180143,LLABHNB9ABM4,2022,2023-03-26,660433765
2022-06-CENSUS-0000180143,LLABHNB9ABM4,2022,2023-03-26,660560804
2022-06-CENSUS-0000180143,LLABHNB9ABM4,2022,2023-03-26,660560808
2022-06-CENSUS-0000180143,LLABHNB9ABM4,2022,2023-03-26,660433762
2022-06-CENSUS-0000180143,LLABHNB9ABM4,2022,2023-03-26,660433761
2022-12-CENSUS-0000242751,TYY1WNWKZ8N5,2022,2023-04-16,464471239
2022-12-CENSUS-0000202481,JEEMY5V9N487,2022,2023-04-26,814001005
2022-09-CENSUS-0000184193,M7CNH6PHBKA1,2022,2023-03-27,721503217
2022-09-CENSUS-0000136077,P62KF2SJJ237,2022,2023-06-24,596000534
2022-12-CENSUS-0000212287,GM3PJEN9NTK5,2022,2023-09-07,461481133
2022-06-CENSUS-0000176067,VKMPUM8MKDZ6,2022,2023-04-10,546001318
2022-06-CENSUS-0000176067,VKMPUM8MKDZ6,2022,2023-04-10,546001321
2022-12-CENSUS-0000110019,QZP9FEB7U672,2022,2023-05-08,841322816
2022-06-CENSUS-0000000082,D1JMAQKMD9Q7,2022,2023-03-30,010386913
2022-06-CENSUS-0000000082,D1JMAQKMD9Q7,2022,2023-03-30,010356077
2022-06-CENSUS-0000000082,D1JMAQKMD9Q7,2022,2023-03-30,010130427
2022-06-CENSUS-0000000082,D1JMAQKMD9Q7,2022,2023-03-30,010215227
2022-06-CENSUS-0000000082,D1JMAQKMD9Q7,2022,2023-03-30,010386912
2022-06-CENSUS-0000000082,D1JMAQKMD9Q7,2022,2023-03-30,222844951
2022-06-CENSUS-0000000082,D1JMAQKMD9Q7,2022,2023-03-30,274604314
2022-06-CENSUS-0000000082,D1JMAQKMD9Q7,2022,2023-03-30,010387674
2022-06-CENSUS-0000000082,D1JMAQKMD9Q7,2022,2023-03-30,010430016
2022-06-CENSUS-0000000082,D1JMAQKMD9Q7,2022,2023-03-30,010315963
2022-06-CENSUS-0000000082,D1JMAQKMD9Q7,2022,2023-03-30,010457199
2022-06-CENSUS-0000000082,D1JMAQKMD9Q7,2022,2023-03-30,010462792
2022-06-CENSUS-0000000082,D1JMAQKMD9Q7,2022,2023-03-30,010481000
2022-06-CENSUS-0000000082,D1JMAQKMD9Q7,2022,2023-03-30,010518516
2022-06-CENSUS-0000000082,D1JMAQKMD9Q7,2022,2023-03-30,222473667
2022-09-CENSUS-0000218604,D4UNFMQY18B7,2022,2023-01-25,300103115
2022-12-CENSUS-0000254181,LMXDMJHVY3K1,2022,2023-08-31,860445372
2022-12-CENSUS-0000255007,MBKKNQM9QME3,2022,2023-09-28,362340313
2022-12-CENSUS-0000255007,MBKKNQM9QME3,2022,2023-09-28,363312906
2022-12-CENSUS-0000255007,MBKKNQM9QME3,2022,2023-09-28,363297173
2022-12-CENSUS-0000255007,MBKKNQM9QME3,2022,2023-09-28,362167784
2022-12-CENSUS-0000255007,MBKKNQM9QME3,2022,2023-09-28,581672987
2022-12-CENSUS-0000255007,MBKKNQM9QME3,2022,2023-09-28,364037473
2022-06-CENSUS-0000003302,YWQ7CJRKQNX6,2022,2023-01-25,311758251
2022-06-CENSUS-0000176040,VTMSRV63Q2L7,2022,2023-02-28,541366625
2022-06-CENSUS-0000176040,VTMSRV63Q2L7,2022,2023-02-28,546001148
2022-06-CENSUS-0000176040,VTMSRV63Q2L7,2022,2023-02-28,546001150
2022-09-CENSUS-0000023522,NNKNYTTPKQ44,2022,2023-06-29,050258914
2022-12-CENSUS-0000166777,MX2KEMW2J5Z3,2022,2023-09-24,911207672
2022-06-CENSUS-0000227348,F9ENK82DYGF1,2022,2023-01-25,261171039
2022-06-CENSUS-0000227348,F9ENK82DYGF1,2022,2023-01-25,262381746
2022-06-CENSUS-0000227348,F9ENK82DYGF1,2022,2023-01-25,262381792
2022-06-CENSUS-0000227348,F9ENK82DYGF1,2022,2023-01-25,561640623
2022-06-CENSUS-0000227348,F9ENK82DYGF1,2022,2023-01-25,581109530
2022-06-CENSUS-0000227348,F9ENK82DYGF1,2022,2023-01-25,751566003
2022-06-CENSUS-0000032580,SMHWA39LDFV9,2022,2023-03-30,520902461
2022-06-CENSUS-0000032580,SMHWA39LDFV9,2022,2023-03-30,521839817
2022-12-CENSUS-0000254960,EF6EEG7GXGT8,2022,2023-09-27,823341695
2022-12-CENSUS-0000254960,EF6EEG7GXGT8,2022,2023-09-27,823366114
2022-12-CENSUS-0000254960,EF6EEG7GXGT8,2022,2023-09-27,823370012
2022-12-CENSUS-0000254960,EF6EEG7GXGT8,2022,2023-09-27,823405961
2022-06-CENSUS-0000177867,EQL7FFLJRC99,2022,2023-03-30,396006422
2022-06-CENSUS-0000177867,EQL7FFLJRC99,2022,2023-03-30,391835272
2022-06-CENSUS-0000177867,EQL7FFLJRC99,2022,2023-03-30,396006451
2022-06-CENSUS-0000177867,EQL7FFLJRC99,2022,2023-03-30,396006468
2022-06-CENSUS-0000177867,EQL7FFLJRC99,2022,2023-03-30,391089259
2022-06-CENSUS-0000177867,EQL7FFLJRC99,2022,2023-03-30,391155267
2022-06-CENSUS-0000177867,EQL7FFLJRC99,2022,2023-03-30,396006447
2022-06-CENSUS-0000177867,EQL7FFLJRC99,2022,2023-03-30,396006487
2022-06-CENSUS-0000177867,EQL7FFLJRC99,2022,2023-03-30,391805963
2022-06-CENSUS-0000177867,EQL7FFLJRC99,2022,2023-03-30,396006492
2022-06-CENSUS-0000177867,EQL7FFLJRC99,2022,2023-03-30,396006494
2022-06-CENSUS-0000177867,EQL7FFLJRC99,2022,2023-03-30,396006436
2022-06-CENSUS-0000177867,EQL7FFLJRC99,2022,2023-03-30,391834745
2022-06-CENSUS-0000177867,EQL7FFLJRC99,2022,2023-03-30,475341401
2022-06-CENSUS-0000177867,EQL7FFLJRC99,2022,2023-03-30,396006446
2022-06-CENSUS-0000177867,EQL7FFLJRC99,2022,2023-03-30,391652221
2022-06-CENSUS-0000177867,EQL7FFLJRC99,2022,2023-03-30,396006441
2022-06-CENSUS-0000177867,EQL7FFLJRC99,2022,2023-03-30,391388102
2022-06-CENSUS-0000177867,EQL7FFLJRC99,2022,2023-03-30,264260611
2022-06-CENSUS-0000177867,EQL7FFLJRC99,2022,2023-03-30,396006469
2022-06-CENSUS-0000177867,EQL7FFLJRC99,2022,2023-03-30,262265832
2022-06-CENSUS-0000177867,EQL7FFLJRC99,2022,2023-03-30,412261892
2022-06-CENSUS-0000177867,EQL7FFLJRC99,2022,2023-03-30,396006449
2022-06-CENSUS-0000177867,EQL7FFLJRC99,2022,2023-03-30,396006427
2022-06-CENSUS-0000177867,EQL7FFLJRC99,2022,2023-03-30,396006460
2022-06-CENSUS-0000177867,EQL7FFLJRC99,2022,2023-03-30,391657652
2022-06-CENSUS-0000177867,EQL7FFLJRC99,2022,2023-03-30,396006493
2022-06-CENSUS-0000177867,EQL7FFLJRC99,2022,2023-03-30,391206337
2022-06-CENSUS-0000177867,EQL7FFLJRC99,2022,2023-03-30,391103756
2022-06-CENSUS-0000177867,EQL7FFLJRC99,2022,2023-03-30,396006443
2022-06-CENSUS-0000177867,EQL7FFLJRC99,2022,2023-03-30,396006423
2022-06-CENSUS-0000177867,EQL7FFLJRC99,2022,2023-03-30,391271286
2022-06-CENSUS-0000177867,EQL7FFLJRC99,2022,2023-03-30,396006491
2022-06-CENSUS-0000177867,EQL7FFLJRC99,2022,2023-03-30,396006476
2022-06-CENSUS-0000177867,EQL7FFLJRC99,2022,2023-03-30,396006488
2022-06-CENSUS-0000177867,EQL7FFLJRC99,2022,2023-03-30,396006489
2022-06-CENSUS-0000097632,V7K5YZWD2F49,2022,2023-03-30,454616350
2022-06-CENSUS-0000097632,V7K5YZWD2F49,2022,2023-03-30,320188570
2022-06-CENSUS-0000097632,V7K5YZWD2F49,2022,2023-03-30,710840860
2022-06-CENSUS-0000097632,V7K5YZWD2F49,2022,2023-03-30,710547043
2022-06-CENSUS-0000097632,V7K5YZWD2F49,2022,2023-03-30,930354527
2022-06-CENSUS-0000225766,NPBZU7JUCLH3,2022,2023-03-30,250965612
2022-06-CENSUS-0000225766,NPBZU7JUCLH3,2022,2023-03-30,250965414
2022-06-CENSUS-0000225766,NPBZU7JUCLH3,2022,2023-03-30,250965375
2022-06-CENSUS-0000225766,NPBZU7JUCLH3,2022,2023-03-30,251744392
2022-06-CENSUS-0000245576,LGNJQC7LKQK1,2022,2023-02-20,474659707
2022-06-CENSUS-0000070183,HVXDWDYJT696,2022,2023-03-30,263338038
2022-06-CENSUS-0000070183,HVXDWDYJT696,2022,2023-03-30,263389292
2022-06-CENSUS-0000070183,HVXDWDYJT696,2022,2023-03-30,271701100
2022-06-CENSUS-0000088215,E4AKPSKQR455,2022,2023-02-08,592527684
2022-06-CENSUS-0000088215,E4AKPSKQR455,2022,2023-02-08,929196749
2022-08-CENSUS-0000050593,XJ7MMPHBMGM7,2022,2023-03-16,363822010
2022-08-CENSUS-0000050593,XJ7MMPHBMGM7,2022,2023-03-16,831650513
2022-08-CENSUS-0000050593,XJ7MMPHBMGM7,2022,2023-03-16,363357004
2022-08-CENSUS-0000050593,XJ7MMPHBMGM7,2022,2023-03-16,363279680
2022-08-CENSUS-0000050593,XJ7MMPHBMGM7,2022,2023-03-16,371838535
2022-12-CENSUS-0000217653,KVLYDC1KL4W7,2022,2023-06-04,134306253
2022-12-CENSUS-0000217653,KVLYDC1KL4W7,2022,2023-06-04,201302300
2022-12-CENSUS-0000217653,KVLYDC1KL4W7,2022,2023-06-04,201302341
2022-12-CENSUS-0000217653,KVLYDC1KL4W7,2022,2023-06-04,201354783
2022-12-CENSUS-0000217653,KVLYDC1KL4W7,2022,2023-06-04,201354815
2022-12-CENSUS-0000217653,KVLYDC1KL4W7,2022,2023-06-04,201354842
2022-12-CENSUS-0000217653,KVLYDC1KL4W7,2022,2023-06-04,201354866
2022-12-CENSUS-0000217653,KVLYDC1KL4W7,2022,2023-06-04,201354900
2022-12-CENSUS-0000217653,KVLYDC1KL4W7,2022,2023-06-04,201354925
2022-12-CENSUS-0000217653,KVLYDC1KL4W7,2022,2023-06-04,201354943
2022-12-CENSUS-0000217653,KVLYDC1KL4W7,2022,2023-06-04,201354966
2022-12-CENSUS-0000217653,KVLYDC1KL4W7,2022,2023-06-04,201354996
2022-12-CENSUS-0000217653,KVLYDC1KL4W7,2022,2023-06-04,201355025
2022-12-CENSUS-0000217653,KVLYDC1KL4W7,2022,2023-06-04,201355043
2022-12-CENSUS-0000217653,KVLYDC1KL4W7,2022,2023-06-04,201775147
2022-12-CENSUS-0000217653,KVLYDC1KL4W7,2022,2023-06-04,201799492
2022-12-CENSUS-0000217653,KVLYDC1KL4W7,2022,2023-06-04,201799512
2022-12-CENSUS-0000217653,KVLYDC1KL4W7,2022,2023-06-04,201824819
2022-12-CENSUS-0000217653,KVLYDC1KL4W7,2022,2023-06-04,201824842
2022-12-CENSUS-0000217653,KVLYDC1KL4W7,2022,2023-06-04,201961908
2022-12-CENSUS-0000217653,KVLYDC1KL4W7,2022,2023-06-04,202626693
2022-12-CENSUS-0000217653,KVLYDC1KL4W7,2022,2023-06-04,202626756
2022-12-CENSUS-0000217653,KVLYDC1KL4W7,2022,2023-06-04,202675576
2022-12-CENSUS-0000217653,KVLYDC1KL4W7,2022,2023-06-04,202807133
2022-12-CENSUS-0000217653,KVLYDC1KL4W7,2022,2023-06-04,202809665
2022-12-CENSUS-0000217653,KVLYDC1KL4W7,2022,2023-06-04,205725256
2022-12-CENSUS-0000217653,KVLYDC1KL4W7,2022,2023-06-04,205834554
2022-06-CENSUS-0000077915,D8XXKDNVK9Q5,2022,2023-02-16,461405965
2022-06-CENSUS-0000118562,CNUUB31H7KV5,2022,2023-01-04,874397535
2022-06-CENSUS-0000176118,J765M6WJN8Y3,2022,2023-01-18,546001640
2022-06-CENSUS-0000176118,J765M6WJN8Y3,2022,2023-01-18,546001637
2022-06-CENSUS-0000171400,MTA4VALZG1B4,2022,2023-03-13,626000675
2022-06-CENSUS-0000171400,MTA4VALZG1B4,2022,2023-03-13,626000674
2022-12-CENSUS-0000216094,NJN9NFFKJDM6,2022,2023-07-19,363167726
2022-12-CENSUS-0000216094,NJN9NFFKJDM6,2022,2023-07-19,363670744
2022-06-CENSUS-0000235455,NFLNBE19F2U5,2022,2023-05-29,473496019
2022-09-CENSUS-0000136130,FEZNGAHUF382,2022,2023-06-27,596000834
2022-09-CENSUS-0000136130,FEZNGAHUF382,2022,2023-06-27,650537662
2022-09-CENSUS-0000136130,FEZNGAHUF382,2022,2023-06-27,596000838
2022-06-CENSUS-0000213662,J9JDRNHKRYU7,2022,2023-05-03,943354623
2022-12-CENSUS-0000255416,QBNXK4A795N7,2022,2023-09-28,470689372
2022-12-CENSUS-0000255416,QBNXK4A795N7,2022,2023-09-28,476105603
2022-12-CENSUS-0000258664,SJHXZF89CLG5,2022,2023-08-06,351747371
2022-12-CENSUS-0000258664,SJHXZF89CLG5,2022,2023-08-06,351793680
2022-06-CENSUS-0000254800,GARCVZYYQTL3,2022,2023-03-28,271332228
2022-12-CENSUS-0000082670,G42PKG3HJ3C8,2022,2023-06-14,043605556
2022-12-CENSUS-0000082670,G42PKG3HJ3C8,2022,2023-06-14,461721301
2022-12-CENSUS-0000082670,G42PKG3HJ3C8,2022,2023-06-14,461733454
2022-12-CENSUS-0000082670,G42PKG3HJ3C8,2022,2023-06-14,461744491
2022-12-CENSUS-0000082670,G42PKG3HJ3C8,2022,2023-06-14,462394123
2022-12-CENSUS-0000082670,G42PKG3HJ3C8,2022,2023-06-14,464979221
2022-12-CENSUS-0000082670,G42PKG3HJ3C8,2022,2023-06-14,464992164
2022-12-CENSUS-0000082670,G42PKG3HJ3C8,2022,2023-06-14,475675775
2022-12-CENSUS-0000082670,G42PKG3HJ3C8,2022,2023-06-14,561891744
2022-12-CENSUS-0000082670,G42PKG3HJ3C8,2022,2023-06-14,562256392
2022-12-CENSUS-0000082670,G42PKG3HJ3C8,2022,2023-06-14,753249747
2022-12-CENSUS-0000082670,G42PKG3HJ3C8,2022,2023-06-14,800683575
2022-12-CENSUS-0000082670,G42PKG3HJ3C8,2022,2023-06-14,810596389
2022-12-CENSUS-0000082670,G42PKG3HJ3C8,2022,2023-06-14,812135831
2022-12-CENSUS-0000082670,G42PKG3HJ3C8,2022,2023-06-14,831750405
2022-12-CENSUS-0000082670,G42PKG3HJ3C8,2022,2023-06-14,900657599
2022-12-CENSUS-0000255949,GQDFBDLZRFJ1,2022,2023-09-14,204111730
2022-12-CENSUS-0000255949,GQDFBDLZRFJ1,2022,2023-09-14,472827647
2022-12-CENSUS-0000255949,GQDFBDLZRFJ1,2022,2023-09-14,223693840
2022-12-CENSUS-0000255949,GQDFBDLZRFJ1,2022,2023-09-14,474925894
2022-12-CENSUS-0000255949,GQDFBDLZRFJ1,2022,2023-09-14,210648335
2022-12-CENSUS-0000255949,GQDFBDLZRFJ1,2022,2023-09-14,521572691
2022-12-CENSUS-0000255949,GQDFBDLZRFJ1,2022,2023-09-14,223681799
2022-12-CENSUS-0000255949,GQDFBDLZRFJ1,2022,2023-09-14,221574538
2022-12-CENSUS-0000255949,GQDFBDLZRFJ1,2022,2023-09-14,222567703
2022-06-CENSUS-0000236155,EK4SMPJKY5E4,2022,2023-03-14,203823825
2022-06-CENSUS-0000236155,EK4SMPJKY5E4,2022,2023-03-14,264165492
2022-06-CENSUS-0000236155,EK4SMPJKY5E4,2022,2023-03-14,273841691
2022-06-CENSUS-0000236155,EK4SMPJKY5E4,2022,2023-03-14,310938719
2022-06-CENSUS-0000236155,EK4SMPJKY5E4,2022,2023-03-14,454209314
2022-06-CENSUS-0000236155,EK4SMPJKY5E4,2022,2023-03-14,263885165
2022-06-CENSUS-0000144797,DAWZVD5DY466,2022,2023-03-30,466029925
2022-06-CENSUS-0000257078,E3KJFKXU6HH5,2022,2023-06-29,362884042
2022-12-CENSUS-0000195113,LYFJMPDDFQF3,2022,2023-06-11,351878104
2022-06-CENSUS-0000221266,CJJKBJKFAHM9,2022,2023-03-29,520610545
2022-06-CENSUS-0000221266,CJJKBJKFAHM9,2022,2023-03-29,521341890
2022-06-CENSUS-0000221266,CJJKBJKFAHM9,2022,2023-03-29,530196602
2022-06-CENSUS-0000221266,CJJKBJKFAHM9,2022,2023-03-29,590683252
2022-06-CENSUS-0000221266,CJJKBJKFAHM9,2022,2023-03-29,521467441
2022-06-CENSUS-0000221266,CJJKBJKFAHM9,2022,2023-03-29,522093120
2022-06-CENSUS-0000221266,CJJKBJKFAHM9,2022,2023-03-29,520591656
2022-06-CENSUS-0000025377,DUM9ECBKWHY9,2022,2023-02-28,231352117
2022-06-CENSUS-0000025377,DUM9ECBKWHY9,2022,2023-02-28,221801227
2022-06-CENSUS-0000025377,DUM9ECBKWHY9,2022,2023-02-28,261855027
2022-06-CENSUS-0000025377,DUM9ECBKWHY9,2022,2023-02-28,231994645
2022-06-CENSUS-0000182360,KB8GZLYS8M76,2022,2023-03-13,636000510
2022-07-CENSUS-0000207050,M5VZCAK887X7,2022,2023-04-27,263975185
2022-07-CENSUS-0000207050,M5VZCAK887X7,2022,2023-04-27,383647394
2022-07-CENSUS-0000207050,M5VZCAK887X7,2022,2023-04-27,263792403
2022-07-CENSUS-0000207050,M5VZCAK887X7,2022,2023-04-27,581928247
2022-09-CENSUS-0000253578,DLP5XLQ9LNT3,2022,2023-01-26,222674014
2022-09-CENSUS-0000253578,DLP5XLQ9LNT3,2022,2023-01-26,870807914
2022-12-CENSUS-0000071140,N7C2AQS7XS81,2022,2023-09-28,275496855
2022-12-CENSUS-0000187756,HLGVE17CHZJ1,2022,2023-09-14,202069870
2022-12-CENSUS-0000187756,HLGVE17CHZJ1,2022,2023-09-14,010754068
2022-12-CENSUS-0000187679,R9NXPE2GTCN9,2022,2023-09-29,412223561
2022-12-CENSUS-0000187679,R9NXPE2GTCN9,2022,2023-09-29,382947657
2022-12-CENSUS-0000187679,R9NXPE2GTCN9,2022,2023-09-29,382027689
2022-12-CENSUS-0000187679,R9NXPE2GTCN9,2022,2023-09-29,382336367
2022-12-CENSUS-0000187679,R9NXPE2GTCN9,2022,2023-09-29,382791823
2022-12-CENSUS-0000188313,KXBNDLU96L61,2022,2023-09-26,930968688
2022-06-CENSUS-0000171389,FHMYVWD7NEH8,2022,2023-03-21,626025730
2022-06-CENSUS-0000171389,FHMYVWD7NEH8,2022,2023-03-21,626000628
2022-12-CENSUS-0000146695,UN26ZDYJF7K3,2022,2023-07-19,208440045
2022-12-CENSUS-0000146695,UN26ZDYJF7K3,2022,2023-07-19,010944515
2022-12-CENSUS-0000146695,UN26ZDYJF7K3,2022,2023-07-19,721500975
2022-12-CENSUS-0000146695,UN26ZDYJF7K3,2022,2023-07-19,320355080
2022-12-CENSUS-0000146695,UN26ZDYJF7K3,2022,2023-07-19,300599773
2022-12-CENSUS-0000146695,UN26ZDYJF7K3,2022,2023-07-19,452367519
2022-12-CENSUS-0000146695,UN26ZDYJF7K3,2022,2023-07-19,720712829
2022-12-CENSUS-0000146695,UN26ZDYJF7K3,2022,2023-07-19,853469242
2022-12-CENSUS-0000146695,UN26ZDYJF7K3,2022,2023-07-19,720894447
2022-12-CENSUS-0000146695,UN26ZDYJF7K3,2022,2023-07-19,383854992
2022-12-CENSUS-0000146695,UN26ZDYJF7K3,2022,2023-07-19,320320286
2022-12-CENSUS-0000146695,UN26ZDYJF7K3,2022,2023-07-19,364711008
2022-12-CENSUS-0000146695,UN26ZDYJF7K3,2022,2023-07-19,720695766
2022-12-CENSUS-0000146695,UN26ZDYJF7K3,2022,2023-07-19,260131823
2022-12-CENSUS-0000146695,UN26ZDYJF7K3,2022,2023-07-19,726011003
2022-12-CENSUS-0000146695,UN26ZDYJF7K3,2022,2023-07-19,726013758
2022-12-CENSUS-0000146695,UN26ZDYJF7K3,2022,2023-07-19,421657885
2022-12-CENSUS-0000146695,UN26ZDYJF7K3,2022,2023-07-19,371646950
2022-12-CENSUS-0000146695,UN26ZDYJF7K3,2022,2023-07-19,853462726
2022-12-CENSUS-0000146695,UN26ZDYJF7K3,2022,2023-07-19,853151722
2022-06-CENSUS-0000144796,V7MAKBE1MCL7,2022,2023-01-23,421145453
2022-06-CENSUS-0000144796,V7MAKBE1MCL7,2022,2023-01-23,421470806
2022-06-CENSUS-0000171449,MUCHTNJPCV74,2022,2023-03-13,626008906
2022-06-CENSUS-0000171449,MUCHTNJPCV74,2022,2023-03-13,626000908
2022-06-CENSUS-0000171449,MUCHTNJPCV74,2022,2023-03-13,621508409
2022-12-CENSUS-0000063205,RA1CL36497D1,2022,2023-08-08,850826065
2022-12-CENSUS-0000063205,RA1CL36497D1,2022,2023-08-08,850829308
2022-12-CENSUS-0000063205,RA1CL36497D1,2022,2023-08-08,521804060
2022-06-CENSUS-0000253396,NC7LTHSFU6N7,2022,2023-07-31,461206730
2022-06-CENSUS-0000253396,NC7LTHSFU6N7,2022,2023-07-31,462797950
2022-06-CENSUS-0000253396,NC7LTHSFU6N7,2022,2023-07-31,463932110
2022-06-CENSUS-0000253396,NC7LTHSFU6N7,2022,2023-07-31,480806277
2022-12-CENSUS-0000258901,HVWJJCAW86H3,2022,2023-09-19,237379161
2022-12-CENSUS-0000258901,HVWJJCAW86H3,2022,2023-09-19,942854057
2022-12-CENSUS-0000258901,HVWJJCAW86H3,2022,2023-09-19,260286308
2022-12-CENSUS-0000258901,HVWJJCAW86H3,2022,2023-09-19,840417134
2022-12-CENSUS-0000258901,HVWJJCAW86H3,2022,2023-09-19,840735096
2022-12-CENSUS-0000258901,HVWJJCAW86H3,2022,2023-09-19,841103606
2022-12-CENSUS-0000258901,HVWJJCAW86H3,2022,2023-09-19,208846152
2022-12-CENSUS-0000258901,HVWJJCAW86H3,2022,2023-09-19,202270238
2022-12-CENSUS-0000258901,HVWJJCAW86H3,2022,2023-09-19,237001007
2022-12-CENSUS-0000258901,HVWJJCAW86H3,2022,2023-09-19,651202190
2022-12-CENSUS-0000258901,HVWJJCAW86H3,2022,2023-09-19,742255936
2022-12-CENSUS-0000258901,HVWJJCAW86H3,2022,2023-09-19,810231785
2022-12-CENSUS-0000258901,HVWJJCAW86H3,2022,2023-09-19,810231792
2022-12-CENSUS-0000258901,HVWJJCAW86H3,2022,2023-09-19,810232124
2022-12-CENSUS-0000258901,HVWJJCAW86H3,2022,2023-09-19,810468034
2022-12-CENSUS-0000258901,HVWJJCAW86H3,2022,2023-09-19,822778995
2022-12-CENSUS-0000258901,HVWJJCAW86H3,2022,2023-09-19,840405260
2022-12-CENSUS-0000258901,HVWJJCAW86H3,2022,2023-09-19,840425720
2022-12-CENSUS-0000258901,HVWJJCAW86H3,2022,2023-09-19,840482695
2022-08-CENSUS-0000253329,HH1KJWE2J6F1,2022,2023-05-23,770465765
2022-08-CENSUS-0000253329,HH1KJWE2J6F1,2022,2023-05-23,061595417
2022-08-CENSUS-0000253329,HH1KJWE2J6F1,2022,2023-05-23,943192446
2022-08-CENSUS-0000253329,HH1KJWE2J6F1,2022,2023-05-23,941429628
2022-12-CENSUS-0000042736,JQ9LLL828DA8,2022,2023-06-29,311670470
2022-06-CENSUS-0000254562,EESVC3LGRXB6,2022,2023-03-05,942930643
2022-06-CENSUS-0000254562,EESVC3LGRXB6,2022,2023-03-05,943167466
2022-06-CENSUS-0000254562,EESVC3LGRXB6,2022,2023-03-05,930919267
2022-06-CENSUS-0000254562,EESVC3LGRXB6,2022,2023-03-05,300564526
2022-06-CENSUS-0000254562,EESVC3LGRXB6,2022,2023-03-05,842769083
2022-06-CENSUS-0000224078,MNL2NJTQEL78,2022,2023-01-09,570791258
2022-06-CENSUS-0000224078,MNL2NJTQEL78,2022,2023-01-09,582335222
2022-06-CENSUS-0000224078,MNL2NJTQEL78,2022,2023-01-09,571060912
2022-06-CENSUS-0000224078,MNL2NJTQEL78,2022,2023-01-09,650101637
2022-06-CENSUS-0000224078,MNL2NJTQEL78,2022,2023-01-09,272827321
2022-06-CENSUS-0000224078,MNL2NJTQEL78,2022,2023-01-09,260211141
2022-06-CENSUS-0000224078,MNL2NJTQEL78,2022,2023-01-09,570925626
2022-06-CENSUS-0000224078,MNL2NJTQEL78,2022,2023-01-09,742401524
2022-06-CENSUS-0000224078,MNL2NJTQEL78,2022,2023-01-09,593392379
2022-12-CENSUS-0000252375,DQ8MDZ5TPBZ1,2022,2023-09-24,550611919
2022-12-CENSUS-0000252375,DQ8MDZ5TPBZ1,2022,2023-09-24,311524546
2022-12-CENSUS-0000252375,DQ8MDZ5TPBZ1,2022,2023-09-24,550383321
2022-12-CENSUS-0000252375,DQ8MDZ5TPBZ1,2022,2023-09-24,550462730
2022-12-CENSUS-0000252375,DQ8MDZ5TPBZ1,2022,2023-09-24,550359755
2022-12-CENSUS-0000252375,DQ8MDZ5TPBZ1,2022,2023-09-24,550420956
2022-12-CENSUS-0000252375,DQ8MDZ5TPBZ1,2022,2023-09-24,550357045
2022-12-CENSUS-0000252375,DQ8MDZ5TPBZ1,2022,2023-09-24,550356996
2022-12-CENSUS-0000252375,DQ8MDZ5TPBZ1,2022,2023-09-24,550650441
2022-12-CENSUS-0000252375,DQ8MDZ5TPBZ1,2022,2023-09-24,250965588
2022-12-CENSUS-0000252375,DQ8MDZ5TPBZ1,2022,2023-09-24,340719172
2022-12-CENSUS-0000252375,DQ8MDZ5TPBZ1,2022,2023-09-24,550525724
2022-12-CENSUS-0000252375,DQ8MDZ5TPBZ1,2022,2023-09-24,550643304
2022-06-CENSUS-0000208685,FJLLDF1PP5X5,2022,2023-03-30,900172720
2022-06-CENSUS-0000208685,FJLLDF1PP5X5,2022,2023-03-30,455143800
2022-06-CENSUS-0000208685,FJLLDF1PP5X5,2022,2023-03-30,823533600
2022-12-CENSUS-0000230014,PKS5Q5LA3HA4,2022,2023-06-22,872258273
2022-12-CENSUS-0000154217,PKFBD7MR9Q41,2022,2023-09-05,201824454
2022-12-CENSUS-0000254075,WRALFRBUY9K3,2022,2023-06-27,752772639
2022-06-CENSUS-0000179794,WV9GN21T4C53,2022,2023-02-01,830205729
2022-06-CENSUS-0000179794,WV9GN21T4C53,2022,2023-02-01,830207113
2022-06-CENSUS-0000179794,WV9GN21T4C53,2022,2023-02-01,272595767
2022-06-CENSUS-0000037868,YK5WLJGM6D47,2022,2023-01-09,841893986
2022-06-CENSUS-0000037868,YK5WLJGM6D47,2022,2023-01-09,326911727
2022-08-CENSUS-0000201954,LHMWC3PZ8KK3,2022,2023-06-29,330853316
2022-06-CENSUS-0000257467,D9DZXNVZGJM8,2022,2023-03-22,831746407
2022-12-CENSUS-0000255502,XAQWKC96HJM9,2022,2023-09-27,752771278
2022-12-CENSUS-0000255502,XAQWKC96HJM9,2022,2023-09-27,208068602
2022-12-CENSUS-0000255502,XAQWKC96HJM9,2022,2023-09-27,201203479
2022-12-CENSUS-0000255502,XAQWKC96HJM9,2022,2023-09-27,421508960
2022-06-CENSUS-0000254844,RB28QF7LVRM7,2022,2023-03-22,341166722
2022-06-CENSUS-0000254844,RB28QF7LVRM7,2022,2023-03-22,341507703
2022-06-CENSUS-0000254844,RB28QF7LVRM7,2022,2023-03-22,341560246
2022-06-CENSUS-0000254844,RB28QF7LVRM7,2022,2023-03-22,341560247
2022-06-CENSUS-0000254844,RB28QF7LVRM7,2022,2023-03-22,341560249
2022-06-CENSUS-0000254844,RB28QF7LVRM7,2022,2023-03-22,341833994
2022-06-CENSUS-0000254844,RB28QF7LVRM7,2022,2023-03-22,341927224
2022-12-CENSUS-0000255396,GE1KZDN8CHZ6,2022,2023-09-29,320275207
2022-12-CENSUS-0000255396,GE1KZDN8CHZ6,2022,2023-09-29,431279063
2022-12-CENSUS-0000255396,GE1KZDN8CHZ6,2022,2023-09-29,460552280
2022-12-CENSUS-0000252888,JQEQAP9VKZS8,2022,2023-09-24,956006469
2022-12-CENSUS-0000252888,JQEQAP9VKZS8,2022,2023-09-24,952413054
2022-12-CENSUS-0000252888,JQEQAP9VKZS8,2022,2023-09-24,953493611
2022-12-CENSUS-0000252888,JQEQAP9VKZS8,2022,2023-09-24,510492499
2022-10-CENSUS-0000045989,NN8CLFUP21H7,2022,2023-07-25,351973837
2022-12-CENSUS-0000258915,UZAGC6BXDD87,2022,2023-09-20,363884439
2022-06-CENSUS-0000257226,YH4XF77KPL48,2022,2023-03-02,471065461
2022-06-CENSUS-0000257226,YH4XF77KPL48,2022,2023-03-02,954147364
2022-12-CENSUS-0000042830,DLEET63YCFA5,2022,2023-09-11,341784953
2022-12-CENSUS-0000042830,DLEET63YCFA5,2022,2023-09-11,341453749
2022-12-CENSUS-0000042830,DLEET63YCFA5,2022,2023-09-11,341769276
2022-12-CENSUS-0000042830,DLEET63YCFA5,2022,2023-09-11,341769277
2022-12-CENSUS-0000042830,DLEET63YCFA5,2022,2023-09-11,341812425
2022-12-CENSUS-0000042830,DLEET63YCFA5,2022,2023-09-11,341812423
2022-12-CENSUS-0000042830,DLEET63YCFA5,2022,2023-09-11,311516650
2022-12-CENSUS-0000042830,DLEET63YCFA5,2022,2023-09-11,311516646
2022-12-CENSUS-0000042830,DLEET63YCFA5,2022,2023-09-11,341859148
2022-12-CENSUS-0000042830,DLEET63YCFA5,2022,2023-09-11,043612585
2022-12-CENSUS-0000042830,DLEET63YCFA5,2022,2023-09-11,043612592
2022-12-CENSUS-0000042830,DLEET63YCFA5,2022,2023-09-11,141873156
2022-12-CENSUS-0000042830,DLEET63YCFA5,2022,2023-09-11,272167129
2022-12-CENSUS-0000042830,DLEET63YCFA5,2022,2023-09-11,272167303
2022-12-CENSUS-0000042830,DLEET63YCFA5,2022,2023-09-11,273196746
2022-12-CENSUS-0000042830,DLEET63YCFA5,2022,2023-09-11,273196769
2022-12-CENSUS-0000042830,DLEET63YCFA5,2022,2023-09-11,341823828
2022-12-CENSUS-0000042830,DLEET63YCFA5,2022,2023-09-11,341832258
2022-12-CENSUS-0000042830,DLEET63YCFA5,2022,2023-09-11,341857600
2022-12-CENSUS-0000042830,DLEET63YCFA5,2022,2023-09-11,341858561
2022-12-CENSUS-0000042830,DLEET63YCFA5,2022,2023-09-11,341885111
2022-12-CENSUS-0000042830,DLEET63YCFA5,2022,2023-09-11,341948641
2022-12-CENSUS-0000042830,DLEET63YCFA5,2022,2023-09-11,341949275
2022-12-CENSUS-0000042830,DLEET63YCFA5,2022,2023-09-11,341949276
2022-12-CENSUS-0000042830,DLEET63YCFA5,2022,2023-09-11,341949277
2022-12-CENSUS-0000042830,DLEET63YCFA5,2022,2023-09-11,341949278
2022-12-CENSUS-0000042830,DLEET63YCFA5,2022,2023-09-11,452714439
2022-12-CENSUS-0000042830,DLEET63YCFA5,2022,2023-09-11,452714625
2022-12-CENSUS-0000042830,DLEET63YCFA5,2022,2023-09-11,463066700
2022-12-CENSUS-0000042830,DLEET63YCFA5,2022,2023-09-11,463077050
2022-12-CENSUS-0000042830,DLEET63YCFA5,2022,2023-09-11,463182207
2022-12-CENSUS-0000042830,DLEET63YCFA5,2022,2023-09-11,562504071
2022-12-CENSUS-0000042830,DLEET63YCFA5,2022,2023-09-11,562504074
2022-12-CENSUS-0000042830,DLEET63YCFA5,2022,2023-09-11,811123508
2022-12-CENSUS-0000042830,DLEET63YCFA5,2022,2023-09-11,811465255
2022-12-CENSUS-0000042830,DLEET63YCFA5,2022,2023-09-11,811816595
2022-12-CENSUS-0000042830,DLEET63YCFA5,2022,2023-09-11,813279503
2022-12-CENSUS-0000042830,DLEET63YCFA5,2022,2023-09-11,821701813
2022-12-CENSUS-0000042830,DLEET63YCFA5,2022,2023-09-11,832040106
2022-12-CENSUS-0000042830,DLEET63YCFA5,2022,2023-09-11,832051186
2022-06-CENSUS-0000170291,KPE4E3JLLWZ7,2022,2023-01-25,043673183
2022-12-CENSUS-0000217653,KVLYDC1KL4W7,2022,2023-06-04,205834618
2022-12-CENSUS-0000217653,KVLYDC1KL4W7,2022,2023-06-04,205834691
2022-12-CENSUS-0000217653,KVLYDC1KL4W7,2022,2023-06-04,208544183
2022-12-CENSUS-0000217653,KVLYDC1KL4W7,2022,2023-06-04,237302131
2022-12-CENSUS-0000217653,KVLYDC1KL4W7,2022,2023-06-04,260211139
2022-12-CENSUS-0000217653,KVLYDC1KL4W7,2022,2023-06-04,260725134
2022-12-CENSUS-0000217653,KVLYDC1KL4W7,2022,2023-06-04,262731197
2022-12-CENSUS-0000217653,KVLYDC1KL4W7,2022,2023-06-04,262755834
2022-12-CENSUS-0000217653,KVLYDC1KL4W7,2022,2023-06-04,262755908
2022-12-CENSUS-0000217653,KVLYDC1KL4W7,2022,2023-06-04,262755947
2022-12-CENSUS-0000217653,KVLYDC1KL4W7,2022,2023-06-04,262896203
2022-12-CENSUS-0000217653,KVLYDC1KL4W7,2022,2023-06-04,262896253
2022-12-CENSUS-0000217653,KVLYDC1KL4W7,2022,2023-06-04,263692381
2022-12-CENSUS-0000217653,KVLYDC1KL4W7,2022,2023-06-04,263928392
2022-12-CENSUS-0000217653,KVLYDC1KL4W7,2022,2023-06-04,263928399
2022-12-CENSUS-0000217653,KVLYDC1KL4W7,2022,2023-06-04,263928408
2022-12-CENSUS-0000217653,KVLYDC1KL4W7,2022,2023-06-04,264233897
2022-12-CENSUS-0000217653,KVLYDC1KL4W7,2022,2023-06-04,270650527
2022-12-CENSUS-0000217653,KVLYDC1KL4W7,2022,2023-06-04,271338397
2022-12-CENSUS-0000217653,KVLYDC1KL4W7,2022,2023-06-04,272026972
2022-12-CENSUS-0000217653,KVLYDC1KL4W7,2022,2023-06-04,272377250
2022-12-CENSUS-0000217653,KVLYDC1KL4W7,2022,2023-06-04,300144796
2022-12-CENSUS-0000217653,KVLYDC1KL4W7,2022,2023-06-04,300144797
2022-12-CENSUS-0000217653,KVLYDC1KL4W7,2022,2023-06-04,301090590
2022-12-CENSUS-0000217653,KVLYDC1KL4W7,2022,2023-06-04,300144792
2022-12-CENSUS-0000217653,KVLYDC1KL4W7,2022,2023-06-04,300144793
2022-12-CENSUS-0000036284,C139EKQ2NCJ5,2022,2023-09-28,812565745
2022-06-CENSUS-0000218393,RDDHLBR2DC93,2022,2023-01-11,815194576
2022-12-CENSUS-0000062691,YJGXXGE6PJF9,2022,2023-09-05,364494707
2022-12-CENSUS-0000062691,YJGXXGE6PJF9,2022,2023-09-05,411419062
2022-12-CENSUS-0000062691,YJGXXGE6PJF9,2022,2023-09-05,411928860
2022-12-CENSUS-0000062691,YJGXXGE6PJF9,2022,2023-09-05,411992937
2022-09-CENSUS-0000192969,MMVSQVGLSK98,2022,2023-06-29,596000712
2022-09-CENSUS-0000192969,MMVSQVGLSK98,2022,2023-06-29,596000710
2022-06-CENSUS-0000171422,RKM5JHXGZNK4,2022,2023-02-19,621011798
2022-06-CENSUS-0000171422,RKM5JHXGZNK4,2022,2023-02-19,620987897
2022-06-CENSUS-0000171422,RKM5JHXGZNK4,2022,2023-02-19,621630024
2022-06-CENSUS-0000171422,RKM5JHXGZNK4,2022,2023-02-19,621630025
2022-06-CENSUS-0000171422,RKM5JHXGZNK4,2022,2023-02-19,626000772
2022-12-CENSUS-0000255267,UKUDFYGNLXN3,2022,2023-05-04,412273884
2022-12-CENSUS-0000255267,UKUDFYGNLXN3,2022,2023-05-04,834380858
2022-12-CENSUS-0000255267,UKUDFYGNLXN3,2022,2023-05-04,954691628
2022-12-CENSUS-0000246031,YN55XPTER7Q4,2022,2023-07-26,843344516
2022-12-CENSUS-0000246031,YN55XPTER7Q4,2022,2023-07-26,871088927
2022-06-CENSUS-0000256547,M25NW9GKBCN5,2022,2023-01-04,861763469
2022-12-CENSUS-0000255283,HH9SVD27UMA6,2022,2023-09-26,473448483
2022-12-CENSUS-0000255283,HH9SVD27UMA6,2022,2023-09-26,810232122
2022-12-CENSUS-0000255283,HH9SVD27UMA6,2022,2023-09-26,810431871
2022-06-CENSUS-0000183782,EJRKDPC1R9P8,2022,2023-06-28,232362611
2022-06-CENSUS-0000183782,EJRKDPC1R9P8,2022,2023-06-28,113666054
2022-06-CENSUS-0000183782,EJRKDPC1R9P8,2022,2023-06-28,251662862
2022-08-CENSUS-0000243138,R3WGJEA51D93,2022,2023-06-19,200763890
2022-06-CENSUS-0000176047,KU9YGWKHXR27,2022,2023-01-16,546001194
2022-06-CENSUS-0000176047,KU9YGWKHXR27,2022,2023-01-16,546001191
2022-12-CENSUS-0000166001,WB7KKAF3XZP1,2022,2023-09-28,731528646
2022-12-CENSUS-0000246441,DH92M43VTTB8,2022,2023-07-09,593803314
2022-12-CENSUS-0000246441,DH92M43VTTB8,2022,2023-07-09,942995223
2022-12-CENSUS-0000246441,DH92M43VTTB8,2022,2023-07-09,943144296
2022-12-CENSUS-0000246441,DH92M43VTTB8,2022,2023-07-09,943148163
2022-12-CENSUS-0000246441,DH92M43VTTB8,2022,2023-07-09,943166350
2022-12-CENSUS-0000255489,LCSFK2KRP5A4,2022,2023-09-29,560529945
2022-12-CENSUS-0000255489,LCSFK2KRP5A4,2022,2023-09-29,560552787
2022-12-CENSUS-0000255489,LCSFK2KRP5A4,2022,2023-09-29,830343789
2022-12-CENSUS-0000255489,LCSFK2KRP5A4,2022,2023-09-29,510190238
2022-12-CENSUS-0000255489,LCSFK2KRP5A4,2022,2023-09-29,560532309
2022-12-CENSUS-0000255489,LCSFK2KRP5A4,2022,2023-09-29,562276994
2022-12-CENSUS-0000255489,LCSFK2KRP5A4,2022,2023-09-29,561398929
2022-12-CENSUS-0000255489,LCSFK2KRP5A4,2022,2023-09-29,560543238
2022-12-CENSUS-0000192702,RUWQRZF2BAG5,2022,2023-09-27,232275000
2022-06-CENSUS-0000197894,HMKUTACDKMX7,2022,2023-03-06,363981333
2022-12-CENSUS-0000259051,Y1G4MLCKAG23,2022,2023-09-27,411965067
2022-06-CENSUS-0000227530,TNMXGCQBFAX1,2022,2023-03-29,043172372
2022-06-CENSUS-0000227530,TNMXGCQBFAX1,2022,2023-03-29,043500409
2022-12-CENSUS-0000253459,N8CBQXPLGSV7,2022,2023-06-20,134316364
2022-12-CENSUS-0000253459,N8CBQXPLGSV7,2022,2023-06-20,262546097
2022-12-CENSUS-0000253459,N8CBQXPLGSV7,2022,2023-06-20,271248032
2022-12-CENSUS-0000253459,N8CBQXPLGSV7,2022,2023-06-20,540519577
2022-12-CENSUS-0000253459,N8CBQXPLGSV7,2022,2023-06-20,541364028
2022-12-CENSUS-0000253459,N8CBQXPLGSV7,2022,2023-06-20,541552324
2022-12-CENSUS-0000253459,N8CBQXPLGSV7,2022,2023-06-20,541990805
2022-12-CENSUS-0000253459,N8CBQXPLGSV7,2022,2023-06-20,562322548
2022-12-CENSUS-0000253459,N8CBQXPLGSV7,2022,2023-06-20,571172752
2022-12-CENSUS-0000253459,N8CBQXPLGSV7,2022,2023-06-20,834378864
2022-08-CENSUS-0000060036,EM7PFJBH81E1,2022,2023-05-29,742440845
2022-06-CENSUS-0000176105,N1TDGEMSHLU5,2022,2023-08-01,546001542
2022-06-CENSUS-0000176105,N1TDGEMSHLU5,2022,2023-08-01,546001540
2022-12-CENSUS-0000252792,J3CFUVN9HSE8,2022,2023-09-28,232078064
2022-12-CENSUS-0000252792,J3CFUVN9HSE8,2022,2023-09-28,520607956
2022-12-CENSUS-0000252792,J3CFUVN9HSE8,2022,2023-09-28,620630670
2022-12-CENSUS-0000252792,J3CFUVN9HSE8,2022,2023-09-28,231887138
2022-12-CENSUS-0000252792,J3CFUVN9HSE8,2022,2023-09-28,201885811
2022-12-CENSUS-0000252792,J3CFUVN9HSE8,2022,2023-09-28,232137458
2022-06-CENSUS-0000048485,ZUE9HKT2CLC9,2022,2023-03-20,042104690
2022-06-CENSUS-0000048485,ZUE9HKT2CLC9,2022,2023-03-20,363488183
2022-06-CENSUS-0000048485,ZUE9HKT2CLC9,2022,2023-03-20,362170866
2022-06-CENSUS-0000214216,E7A4NLUVMGA5,2022,2023-04-13,510556257
2022-06-CENSUS-0000050665,UK4MUBFQPDK1,2022,2023-01-30,363944647
2022-06-CENSUS-0000050665,UK4MUBFQPDK1,2022,2023-01-30,364236976
2022-12-CENSUS-0000042316,C4HLLKEGRA98,2022,2023-04-27,471749435
2022-12-CENSUS-0000042316,C4HLLKEGRA98,2022,2023-04-27,341951915
2022-12-CENSUS-0000042316,C4HLLKEGRA98,2022,2023-04-27,262155447
2022-12-CENSUS-0000042316,C4HLLKEGRA98,2022,2023-04-27,264430804
2022-12-CENSUS-0000042316,C4HLLKEGRA98,2022,2023-04-27,341752943
2022-09-CENSUS-0000253655,WU28Y86KCKT7,2022,2023-02-21,610510934
2022-09-CENSUS-0000253655,WU28Y86KCKT7,2022,2023-02-21,311545520
2022-09-CENSUS-0000253655,WU28Y86KCKT7,2022,2023-02-21,611388556
2022-09-CENSUS-0000253655,WU28Y86KCKT7,2022,2023-02-21,610492356
2022-08-CENSUS-0000249662,KD4KE8KLZFV8,2022,2023-05-31,463031476
2022-12-CENSUS-0000058693,JH43EGXQ82A9,2022,2023-06-21,770671639
2022-11-CENSUS-0000138652,F826K1ERFBG6,2022,2023-06-15,366006593
2022-11-CENSUS-0000138652,F826K1ERFBG6,2022,2023-06-15,366006595
2022-12-CENSUS-0000252375,DQ8MDZ5TPBZ1,2022,2023-09-24,550752788
2022-12-CENSUS-0000252375,DQ8MDZ5TPBZ1,2022,2023-09-24,843480493
2022-12-CENSUS-0000252375,DQ8MDZ5TPBZ1,2022,2023-09-24,871846814
2022-12-CENSUS-0000217653,KVLYDC1KL4W7,2022,2023-06-04,320465924
2022-12-CENSUS-0000217653,KVLYDC1KL4W7,2022,2023-06-04,352484314
2022-12-CENSUS-0000217653,KVLYDC1KL4W7,2022,2023-06-04,371859936
2022-12-CENSUS-0000217653,KVLYDC1KL4W7,2022,2023-06-04,371902268
2022-12-CENSUS-0000217653,KVLYDC1KL4W7,2022,2023-06-04,383970987
2022-12-CENSUS-0000217653,KVLYDC1KL4W7,2022,2023-06-04,391877014
2022-12-CENSUS-0000217653,KVLYDC1KL4W7,2022,2023-06-04,392011157
2022-12-CENSUS-0000217653,KVLYDC1KL4W7,2022,2023-06-04,421664322
2022-12-CENSUS-0000217653,KVLYDC1KL4W7,2022,2023-06-04,452492404
2022-12-CENSUS-0000217653,KVLYDC1KL4W7,2022,2023-06-04,453244483
2022-12-CENSUS-0000217653,KVLYDC1KL4W7,2022,2023-06-04,454680004
2022-12-CENSUS-0000217653,KVLYDC1KL4W7,2022,2023-06-04,461246721
2022-12-CENSUS-0000217653,KVLYDC1KL4W7,2022,2023-06-04,461454269
2022-12-CENSUS-0000217653,KVLYDC1KL4W7,2022,2023-06-04,461457909
2022-12-CENSUS-0000217653,KVLYDC1KL4W7,2022,2023-06-04,463570101
2022-12-CENSUS-0000217653,KVLYDC1KL4W7,2022,2023-06-04,464246224
2022-12-CENSUS-0000217653,KVLYDC1KL4W7,2022,2023-06-04,471035410
2022-12-CENSUS-0000217653,KVLYDC1KL4W7,2022,2023-06-04,471096507
2022-12-CENSUS-0000217653,KVLYDC1KL4W7,2022,2023-06-04,471103583
2022-12-CENSUS-0000238227,N1W8YN4MSHY6,2022,2023-06-05,522403507
2022-12-CENSUS-0000238227,N1W8YN4MSHY6,2022,2023-06-05,810303443
2022-12-CENSUS-0000238227,N1W8YN4MSHY6,2022,2023-06-05,231671903
2022-12-CENSUS-0000254685,NLABQJ8LCND5,2022,2023-09-17,752925491
2022-12-CENSUS-0000247573,TD92Q57QB4L8,2022,2023-08-14,511889077
2022-12-CENSUS-0000247573,TD92Q57QB4L8,2022,2023-08-14,810881760
2022-12-CENSUS-0000247573,TD92Q57QB4L8,2022,2023-08-14,810903010
2022-12-CENSUS-0000247573,TD92Q57QB4L8,2022,2023-08-14,819025158
2022-09-CENSUS-0000253635,UZZRP6FHHJZ5,2022,2023-06-14,061745397
2022-09-CENSUS-0000253635,UZZRP6FHHJZ5,2022,2023-06-14,390884478
2022-09-CENSUS-0000253635,UZZRP6FHHJZ5,2022,2023-06-14,391657627
2022-12-CENSUS-0000257996,RAAMM7HJP4J3,2022,2023-08-22,270623936
2022-06-CENSUS-0000171628,KTN3SD3DMXR5,2022,2023-01-26,581504427
2022-06-CENSUS-0000171628,KTN3SD3DMXR5,2022,2023-01-26,620719309
2022-06-CENSUS-0000171628,KTN3SD3DMXR5,2022,2023-01-26,621346109
2022-06-CENSUS-0000171628,KTN3SD3DMXR5,2022,2023-01-26,626000262
2022-06-CENSUS-0000171628,KTN3SD3DMXR5,2022,2023-01-26,626051216
2022-09-CENSUS-0000124798,G4QTPHW3TPH6,2022,2023-03-08,208424918
2022-09-CENSUS-0000228058,Z6JSBD9CD339,2022,2023-06-28,260886056
2022-09-CENSUS-0000228058,Z6JSBD9CD339,2022,2023-06-28,650663357
2022-09-CENSUS-0000228058,Z6JSBD9CD339,2022,2023-06-28,590910342
2022-09-CENSUS-0000228058,Z6JSBD9CD339,2022,2023-06-28,562290370
2022-09-CENSUS-0000228058,Z6JSBD9CD339,2022,2023-06-28,273597226
2022-09-CENSUS-0000228058,Z6JSBD9CD339,2022,2023-06-28,201796841
2022-09-CENSUS-0000228058,Z6JSBD9CD339,2022,2023-06-28,650561263
2022-09-CENSUS-0000228058,Z6JSBD9CD339,2022,2023-06-28,592447554
2022-09-CENSUS-0000228058,Z6JSBD9CD339,2022,2023-06-28,264190328
2022-09-CENSUS-0000228058,Z6JSBD9CD339,2022,2023-06-28,043775926
2022-09-CENSUS-0000228058,Z6JSBD9CD339,2022,2023-06-28,821682066
2022-09-CENSUS-0000228058,Z6JSBD9CD339,2022,2023-06-28,650232993
2022-09-CENSUS-0000228058,Z6JSBD9CD339,2022,2023-06-28,591987355
2022-09-CENSUS-0000228058,Z6JSBD9CD339,2022,2023-06-28,590872594
2022-09-CENSUS-0000228058,Z6JSBD9CD339,2022,2023-06-28,522438452
2022-09-CENSUS-0000228058,Z6JSBD9CD339,2022,2023-06-28,591006663
2022-09-CENSUS-0000228058,Z6JSBD9CD339,2022,2023-06-28,474128811
2022-09-CENSUS-0000228058,Z6JSBD9CD339,2022,2023-06-28,473090066
2022-09-CENSUS-0000243011,V82BD6AMJKY8,2022,2023-04-04,382042021
2022-09-CENSUS-0000243011,V82BD6AMJKY8,2022,2023-04-04,382881807
2022-09-CENSUS-0000243011,V82BD6AMJKY8,2022,2023-04-04,382324335
2022-09-CENSUS-0000243011,V82BD6AMJKY8,2022,2023-04-04,462252476
2022-09-CENSUS-0000236571,JUZBTEWW8EZ5,2022,2023-09-19,636004942
2022-09-CENSUS-0000236571,JUZBTEWW8EZ5,2022,2023-09-19,262835929
2022-12-CENSUS-0000103482,SEFNXEDS8SL7,2022,2023-07-16,852323304
2022-12-CENSUS-0000103482,SEFNXEDS8SL7,2022,2023-07-16,872833448
2022-12-CENSUS-0000213113,S9ZLWKBUKN28,2022,2023-08-15,341634990
2022-09-CENSUS-0000141104,PQF1ZGJBFFQ5,2022,2023-06-26,450635592
2022-12-CENSUS-0000244716,NM8DC7NAFE83,2022,2023-09-27,371656669
2022-06-CENSUS-0000253843,RHAHZ8RWTKJ4,2022,2023-09-24,480545183
2022-06-CENSUS-0000094052,FK8TL5KKDMS7,2022,2023-01-10,620868625
2022-09-CENSUS-0000237996,FFN5XTZCSXT6,2022,2023-04-05,460698418
2022-09-CENSUS-0000106774,TKQVT6RLF515,2022,2023-04-05,760654244
2022-09-CENSUS-0000250744,VKMFGLCR5E65,2022,2023-06-27,593410739
2022-09-CENSUS-0000250744,VKMFGLCR5E65,2022,2023-06-27,592487133
2022-09-CENSUS-0000250744,VKMFGLCR5E65,2022,2023-06-27,592487135
2022-09-CENSUS-0000250744,VKMFGLCR5E65,2022,2023-06-27,592980620
2022-09-CENSUS-0000250744,VKMFGLCR5E65,2022,2023-06-27,593234721
2022-09-CENSUS-0000250744,VKMFGLCR5E65,2022,2023-06-27,590747311
2022-09-CENSUS-0000250744,VKMFGLCR5E65,2022,2023-06-27,811755188
2022-09-CENSUS-0000250744,VKMFGLCR5E65,2022,2023-06-27,592059710
2022-09-CENSUS-0000250744,VKMFGLCR5E65,2022,2023-06-27,593647972
2022-09-CENSUS-0000250744,VKMFGLCR5E65,2022,2023-06-27,030571183
2022-09-CENSUS-0000250744,VKMFGLCR5E65,2022,2023-06-27,593450324
2022-09-CENSUS-0000250744,VKMFGLCR5E65,2022,2023-06-27,262665620
2022-09-CENSUS-0000250744,VKMFGLCR5E65,2022,2023-06-27,800351279
2022-09-CENSUS-0000250744,VKMFGLCR5E65,2022,2023-06-27,271524995
2022-09-CENSUS-0000250744,VKMFGLCR5E65,2022,2023-06-27,593120987
2022-09-CENSUS-0000250744,VKMFGLCR5E65,2022,2023-06-27,800690174
2022-09-CENSUS-0000250744,VKMFGLCR5E65,2022,2023-06-27,273236582
2022-09-CENSUS-0000250744,VKMFGLCR5E65,2022,2023-06-27,352429650
2022-09-CENSUS-0000250744,VKMFGLCR5E65,2022,2023-06-27,383870378
2022-09-CENSUS-0000250744,VKMFGLCR5E65,2022,2023-06-27,462632312
2022-09-CENSUS-0000250744,VKMFGLCR5E65,2022,2023-06-27,462620381
2022-09-CENSUS-0000250744,VKMFGLCR5E65,2022,2023-06-27,861126946
2022-09-CENSUS-0000250744,VKMFGLCR5E65,2022,2023-06-27,593214040
2022-09-CENSUS-0000250744,VKMFGLCR5E65,2022,2023-06-27,592968487
2022-09-CENSUS-0000250744,VKMFGLCR5E65,2022,2023-06-27,593361021
2022-09-CENSUS-0000250744,VKMFGLCR5E65,2022,2023-06-27,611734528
2022-09-CENSUS-0000250744,VKMFGLCR5E65,2022,2023-06-27,821698374
2022-09-CENSUS-0000250744,VKMFGLCR5E65,2022,2023-06-27,464629700
2022-09-CENSUS-0000250744,VKMFGLCR5E65,2022,2023-06-27,753198121
2022-09-CENSUS-0000217330,JM3QWP4D6MY1,2022,2023-06-29,043358564
2022-09-CENSUS-0000217330,JM3QWP4D6MY1,2022,2023-06-29,042626179
2022-09-CENSUS-0000217330,JM3QWP4D6MY1,2022,2023-06-29,042104693
2022-09-CENSUS-0000217330,JM3QWP4D6MY1,2022,2023-06-29,042103555
2022-09-CENSUS-0000217330,JM3QWP4D6MY1,2022,2023-06-29,042103577
2022-12-CENSUS-0000217653,KVLYDC1KL4W7,2022,2023-06-04,471115774
2022-12-CENSUS-0000217653,KVLYDC1KL4W7,2022,2023-06-04,471128671
2022-12-CENSUS-0000217653,KVLYDC1KL4W7,2022,2023-06-04,471139383
2022-12-CENSUS-0000217653,KVLYDC1KL4W7,2022,2023-06-04,474570837
2022-12-CENSUS-0000217653,KVLYDC1KL4W7,2022,2023-06-04,474651906
2022-12-CENSUS-0000217653,KVLYDC1KL4W7,2022,2023-06-04,475544175
2022-12-CENSUS-0000217653,KVLYDC1KL4W7,2022,2023-06-04,800331395
2022-12-CENSUS-0000217653,KVLYDC1KL4W7,2022,2023-06-04,800821399
2022-12-CENSUS-0000217653,KVLYDC1KL4W7,2022,2023-06-04,800954491
2022-06-CENSUS-0000101209,KDX5Y29YQUL1,2022,2023-03-12,204923281
2022-06-CENSUS-0000101209,KDX5Y29YQUL1,2022,2023-03-12,263896170
2022-06-CENSUS-0000101209,KDX5Y29YQUL1,2022,2023-03-12,760385980
2022-12-CENSUS-0000061323,E3LAM9FF3KW8,2022,2023-05-18,364099403
2022-12-CENSUS-0000253272,PZXFBDN5W158,2022,2023-06-07,382532215
2022-12-CENSUS-0000253272,PZXFBDN5W158,2022,2023-06-07,822430786
2022-12-CENSUS-0000004541,FZC1BKBDB4F5,2022,2023-06-06,043173140
2022-12-CENSUS-0000004541,FZC1BKBDB4F5,2022,2023-06-06,043206160
2022-12-CENSUS-0000004541,FZC1BKBDB4F5,2022,2023-06-06,043358724
2022-06-CENSUS-0000219419,EVWND46XB2X4,2022,2023-03-05,232215800
2022-06-CENSUS-0000219419,EVWND46XB2X4,2022,2023-03-05,233009874
2022-06-CENSUS-0000219419,EVWND46XB2X4,2022,2023-03-05,231371947
2022-06-CENSUS-0000219419,EVWND46XB2X4,2022,2023-03-05,371875087
2022-08-CENSUS-0000051491,XAJWT43U55A3,2022,2023-01-24,363310838
2022-06-CENSUS-0000155394,XYKZH2TNM8M1,2022,2023-02-20,463664623
2022-12-CENSUS-0000230608,NNT1R72GRHD6,2022,2023-07-09,471752821
2022-12-CENSUS-0000121827,NWKWS8K56MQ9,2022,2023-06-29,824218470
2022-12-CENSUS-0000042338,TDGUJ1WA4UJ9,2022,2023-07-27,341847339
2022-12-CENSUS-0000042338,TDGUJ1WA4UJ9,2022,2023-07-27,341127047
2022-12-CENSUS-0000042338,TDGUJ1WA4UJ9,2022,2023-07-27,341546466
2022-12-CENSUS-0000042338,TDGUJ1WA4UJ9,2022,2023-07-27,340714478
2022-12-CENSUS-0000042338,TDGUJ1WA4UJ9,2022,2023-07-27,842380272
2022-12-CENSUS-0000042338,TDGUJ1WA4UJ9,2022,2023-07-27,201801493
2022-12-CENSUS-0000042338,TDGUJ1WA4UJ9,2022,2023-07-27,010672877
2022-12-CENSUS-0000042338,TDGUJ1WA4UJ9,2022,2023-07-27,843070150
2022-12-CENSUS-0000042338,TDGUJ1WA4UJ9,2022,2023-07-27,205776477
2022-12-CENSUS-0000042338,TDGUJ1WA4UJ9,2022,2023-07-27,263222020
2022-12-CENSUS-0000042338,TDGUJ1WA4UJ9,2022,2023-07-27,263859233
2022-12-CENSUS-0000042338,TDGUJ1WA4UJ9,2022,2023-07-27,845164677
2022-12-CENSUS-0000042338,TDGUJ1WA4UJ9,2022,2023-07-27,843867549
2022-12-CENSUS-0000042338,TDGUJ1WA4UJ9,2022,2023-07-27,341939710
2022-12-CENSUS-0000042338,TDGUJ1WA4UJ9,2022,2023-07-27,340666034
2022-12-CENSUS-0000042338,TDGUJ1WA4UJ9,2022,2023-07-27,300023640
2022-12-CENSUS-0000042338,TDGUJ1WA4UJ9,2022,2023-07-27,200570360
2022-12-CENSUS-0000042338,TDGUJ1WA4UJ9,2022,2023-07-27,200239257
2022-12-CENSUS-0000042338,TDGUJ1WA4UJ9,2022,2023-07-27,271442158
2022-12-CENSUS-0000042338,TDGUJ1WA4UJ9,2022,2023-07-27,980207086
2022-12-CENSUS-0000042338,TDGUJ1WA4UJ9,2022,2023-07-27,204760456
2022-12-CENSUS-0000042338,TDGUJ1WA4UJ9,2022,2023-07-27,872634602
2022-12-CENSUS-0000042338,TDGUJ1WA4UJ9,2022,2023-07-27,474442902
2022-12-CENSUS-0000042338,TDGUJ1WA4UJ9,2022,2023-07-27,455282492
2022-12-CENSUS-0000042338,TDGUJ1WA4UJ9,2022,2023-07-27,340714570
2022-12-CENSUS-0000042338,TDGUJ1WA4UJ9,2022,2023-07-27,340714553
2022-12-CENSUS-0000042338,TDGUJ1WA4UJ9,2022,2023-07-27,204856025
2022-12-CENSUS-0000042338,TDGUJ1WA4UJ9,2022,2023-07-27,650003177
2022-12-CENSUS-0000042338,TDGUJ1WA4UJ9,2022,2023-07-27,823186835
2022-12-CENSUS-0000042338,TDGUJ1WA4UJ9,2022,2023-07-27,651133985
2022-12-CENSUS-0000042338,TDGUJ1WA4UJ9,2022,2023-07-27,832250064
2022-12-CENSUS-0000042338,TDGUJ1WA4UJ9,2022,2023-07-27,650172168
2022-12-CENSUS-0000042338,TDGUJ1WA4UJ9,2022,2023-07-27,311741150
2022-12-CENSUS-0000042338,TDGUJ1WA4UJ9,2022,2023-07-27,462633774
2022-12-CENSUS-0000042338,TDGUJ1WA4UJ9,2022,2023-07-27,832249666
2022-12-CENSUS-0000042338,TDGUJ1WA4UJ9,2022,2023-07-27,821323588
2022-12-CENSUS-0000042338,TDGUJ1WA4UJ9,2022,2023-07-27,821340191
2022-12-CENSUS-0000042338,TDGUJ1WA4UJ9,2022,2023-07-27,871180623
2022-12-CENSUS-0000042338,TDGUJ1WA4UJ9,2022,2023-07-27,263666730
2022-12-CENSUS-0000042338,TDGUJ1WA4UJ9,2022,2023-07-27,821803735
2022-12-CENSUS-0000042338,TDGUJ1WA4UJ9,2022,2023-07-27,341877409
2022-12-CENSUS-0000042338,TDGUJ1WA4UJ9,2022,2023-07-27,340714593
2022-12-CENSUS-0000042338,TDGUJ1WA4UJ9,2022,2023-07-27,341720934
2022-12-CENSUS-0000042338,TDGUJ1WA4UJ9,2022,2023-07-27,341435257
2022-12-CENSUS-0000042338,TDGUJ1WA4UJ9,2022,2023-07-27,311562102
2022-12-CENSUS-0000042338,TDGUJ1WA4UJ9,2022,2023-07-27,471281189
2022-12-CENSUS-0000042338,TDGUJ1WA4UJ9,2022,2023-07-27,341893439
2022-12-CENSUS-0000042338,TDGUJ1WA4UJ9,2022,2023-07-27,264367036
2022-12-CENSUS-0000042338,TDGUJ1WA4UJ9,2022,2023-07-27,341938153
2022-12-CENSUS-0000042338,TDGUJ1WA4UJ9,2022,2023-07-27,981571304
2022-12-CENSUS-0000042338,TDGUJ1WA4UJ9,2022,2023-07-27,912156376
2022-12-CENSUS-0000042338,TDGUJ1WA4UJ9,2022,2023-07-27,872395525
2022-12-CENSUS-0000042338,TDGUJ1WA4UJ9,2022,2023-07-27,455384998
2022-12-CENSUS-0000042338,TDGUJ1WA4UJ9,2022,2023-07-27,833373979
2022-12-CENSUS-0000042338,TDGUJ1WA4UJ9,2022,2023-07-27,650844880
2022-12-CENSUS-0000042338,TDGUJ1WA4UJ9,2022,2023-07-27,340777619
2022-12-CENSUS-0000042338,TDGUJ1WA4UJ9,2022,2023-07-27,341932969
2022-12-CENSUS-0000042338,TDGUJ1WA4UJ9,2022,2023-07-27,341695388
2022-12-CENSUS-0000042338,TDGUJ1WA4UJ9,2022,2023-07-27,262636530
2022-12-CENSUS-0000042338,TDGUJ1WA4UJ9,2022,2023-07-27,592333374
2022-12-CENSUS-0000042338,TDGUJ1WA4UJ9,2022,2023-07-27,320378947
2022-12-CENSUS-0000042338,TDGUJ1WA4UJ9,2022,2023-07-27,300956317
2022-12-CENSUS-0000042338,TDGUJ1WA4UJ9,2022,2023-07-27,592843163
2022-12-CENSUS-0000042338,TDGUJ1WA4UJ9,2022,2023-07-27,270495743
2022-12-CENSUS-0000042338,TDGUJ1WA4UJ9,2022,2023-07-27,270119182
2022-12-CENSUS-0000042338,TDGUJ1WA4UJ9,2022,2023-07-27,461810992
2022-12-CENSUS-0000042338,TDGUJ1WA4UJ9,2022,2023-07-27,340714618
2022-12-CENSUS-0000042338,TDGUJ1WA4UJ9,2022,2023-07-27,650705680
2022-12-CENSUS-0000042338,TDGUJ1WA4UJ9,2022,2023-07-27,650029298
2022-12-CENSUS-0000042338,TDGUJ1WA4UJ9,2022,2023-07-27,590760215
2022-12-CENSUS-0000042338,TDGUJ1WA4UJ9,2022,2023-07-27,592496294
2022-12-CENSUS-0000042338,TDGUJ1WA4UJ9,2022,2023-07-27,270645368
2022-12-CENSUS-0000042338,TDGUJ1WA4UJ9,2022,2023-07-27,454657632
2022-12-CENSUS-0000042338,TDGUJ1WA4UJ9,2022,2023-07-27,880515534
2022-12-CENSUS-0000042338,TDGUJ1WA4UJ9,2022,2023-07-27,341542312
2022-12-CENSUS-0000042338,TDGUJ1WA4UJ9,2022,2023-07-27,340718390
2022-12-CENSUS-0000042338,TDGUJ1WA4UJ9,2022,2023-07-27,341298884
2022-12-CENSUS-0000042338,TDGUJ1WA4UJ9,2022,2023-07-27,208077691
2022-12-CENSUS-0000042338,TDGUJ1WA4UJ9,2022,2023-07-27,340714684
2022-12-CENSUS-0000042338,TDGUJ1WA4UJ9,2022,2023-07-27,592343938
2022-12-CENSUS-0000042338,TDGUJ1WA4UJ9,2022,2023-07-27,592307522
2022-12-CENSUS-0000042338,TDGUJ1WA4UJ9,2022,2023-07-27,237115443
2022-12-CENSUS-0000042338,TDGUJ1WA4UJ9,2022,2023-07-27,590637874
2022-12-CENSUS-0000042338,TDGUJ1WA4UJ9,2022,2023-07-27,650556041
2022-12-CENSUS-0000042338,TDGUJ1WA4UJ9,2022,2023-07-27,320496475
2022-12-CENSUS-0000042338,TDGUJ1WA4UJ9,2022,2023-07-27,263430377
2022-12-CENSUS-0000042338,TDGUJ1WA4UJ9,2022,2023-07-27,340714458
2022-12-CENSUS-0000042338,TDGUJ1WA4UJ9,2022,2023-07-27,592320501
2022-06-CENSUS-0000005655,KPYJWKDJM569,2022,2023-01-10,042968080
2022-06-CENSUS-0000005655,KPYJWKDJM569,2022,2023-01-10,043088163
2022-06-CENSUS-0000005655,KPYJWKDJM569,2022,2023-01-10,043112143
2022-06-CENSUS-0000005655,KPYJWKDJM569,2022,2023-01-10,043154255
2022-06-CENSUS-0000005655,KPYJWKDJM569,2022,2023-01-10,043174043
2022-06-CENSUS-0000005655,KPYJWKDJM569,2022,2023-01-10,043174475
2022-06-CENSUS-0000005655,KPYJWKDJM569,2022,2023-01-10,043223566
2022-06-CENSUS-0000005655,KPYJWKDJM569,2022,2023-01-10,043224452
2022-06-CENSUS-0000005655,KPYJWKDJM569,2022,2023-01-10,043232049
2022-06-CENSUS-0000005655,KPYJWKDJM569,2022,2023-01-10,043232887
2022-06-CENSUS-0000005655,KPYJWKDJM569,2022,2023-01-10,463629621
2022-06-CENSUS-0000005655,KPYJWKDJM569,2022,2023-01-10,043284871
2022-06-CENSUS-0000005655,KPYJWKDJM569,2022,2023-01-10,043284877
2022-06-CENSUS-0000005655,KPYJWKDJM569,2022,2023-01-10,043292010
2022-06-CENSUS-0000005655,KPYJWKDJM569,2022,2023-01-10,043295314
2022-06-CENSUS-0000005655,KPYJWKDJM569,2022,2023-01-10,043340010
2022-06-CENSUS-0000005655,KPYJWKDJM569,2022,2023-01-10,043392438
2022-06-CENSUS-0000005655,KPYJWKDJM569,2022,2023-01-10,043401624
2022-06-CENSUS-0000005655,KPYJWKDJM569,2022,2023-01-10,043517856
2022-06-CENSUS-0000005655,KPYJWKDJM569,2022,2023-01-10,043517858
2022-06-CENSUS-0000005655,KPYJWKDJM569,2022,2023-01-10,043566433
2022-06-CENSUS-0000005655,KPYJWKDJM569,2022,2023-01-10,583681830
2022-06-CENSUS-0000099767,GXM5L3PESD34,2022,2023-01-10,263832877
2022-06-CENSUS-0000099767,GXM5L3PESD34,2022,2023-01-10,050611947
2022-12-CENSUS-0000050405,J5ZXT2W8K7S7,2022,2023-09-24,201768398
2022-12-CENSUS-0000050405,J5ZXT2W8K7S7,2022,2023-09-24,202584736
2022-12-CENSUS-0000050405,J5ZXT2W8K7S7,2022,2023-09-24,363296450
2022-12-CENSUS-0000050405,J5ZXT2W8K7S7,2022,2023-09-24,204635666
2022-12-CENSUS-0000050405,J5ZXT2W8K7S7,2022,2023-09-24,474443135
2022-12-CENSUS-0000050405,J5ZXT2W8K7S7,2022,2023-09-24,822633828
2022-12-CENSUS-0000222352,JENJUJHETNZ1,2022,2023-09-29,133350704
2022-09-CENSUS-0000246145,T4WWPHALVUH9,2022,2023-04-27,060646844
2022-09-CENSUS-0000246145,T4WWPHALVUH9,2022,2023-04-27,060646813
2022-09-CENSUS-0000246145,T4WWPHALVUH9,2022,2023-04-27,043398280
2022-09-CENSUS-0000246145,T4WWPHALVUH9,2022,2023-04-27,475676956
2022-06-CENSUS-0000125770,K5TMAM98KHD3,2022,2023-02-05,371705906
2022-06-CENSUS-0000125770,K5TMAM98KHD3,2022,2023-02-05,463214504
2022-06-CENSUS-0000125770,K5TMAM98KHD3,2022,2023-02-05,330245579
2022-06-CENSUS-0000125770,K5TMAM98KHD3,2022,2023-02-05,421745710
2022-06-CENSUS-0000125770,K5TMAM98KHD3,2022,2023-02-05,262412539
2022-06-CENSUS-0000125770,K5TMAM98KHD3,2022,2023-02-05,953804495
2022-06-CENSUS-0000089609,Q8FZPLN67P88,2022,2023-03-30,471324600
2022-06-CENSUS-0000089609,Q8FZPLN67P88,2022,2023-03-30,592357609
2022-06-CENSUS-0000089609,Q8FZPLN67P88,2022,2023-03-30,592994648
2022-06-CENSUS-0000089609,Q8FZPLN67P88,2022,2023-03-30,593051104
2022-06-CENSUS-0000089609,Q8FZPLN67P88,2022,2023-03-30,593551267
2022-12-CENSUS-0000183105,CNNTEZCJKPV5,2022,2023-04-06,042650113
2022-12-CENSUS-0000183105,CNNTEZCJKPV5,2022,2023-04-06,042650115
2022-12-CENSUS-0000183105,CNNTEZCJKPV5,2022,2023-04-06,042668678
2022-12-CENSUS-0000208598,L6AENFMBTZY9,2022,2023-08-20,471473842
2022-06-CENSUS-0000245635,DKMDCB5HNBL7,2022,2023-03-21,521753040
2022-06-CENSUS-0000245635,DKMDCB5HNBL7,2022,2023-03-21,521524967
2022-06-CENSUS-0000245635,DKMDCB5HNBL7,2022,2023-03-21,521230183
2022-06-CENSUS-0000245635,DKMDCB5HNBL7,2022,2023-03-21,520607971
2022-06-CENSUS-0000255040,V3LUD6GFS2L4,2022,2023-03-14,272184637
2022-06-CENSUS-0000205726,GB9NVW4QNBA6,2022,2023-03-30,431936696
2022-06-CENSUS-0000205726,GB9NVW4QNBA6,2022,2023-03-30,710759299
2022-06-CENSUS-0000205726,GB9NVW4QNBA6,2022,2023-03-30,463851119
2022-06-CENSUS-0000205726,GB9NVW4QNBA6,2022,2023-03-30,453808607
2022-06-CENSUS-0000205726,GB9NVW4QNBA6,2022,2023-03-30,742912461
2022-06-CENSUS-0000205726,GB9NVW4QNBA6,2022,2023-03-30,431936699
2022-06-CENSUS-0000205726,GB9NVW4QNBA6,2022,2023-03-30,134239691
2022-06-CENSUS-0000205726,GB9NVW4QNBA6,2022,2023-03-30,263173902
2022-06-CENSUS-0000205726,GB9NVW4QNBA6,2022,2023-03-30,463433074
2022-06-CENSUS-0000205726,GB9NVW4QNBA6,2022,2023-03-30,431767432
2022-06-CENSUS-0000205726,GB9NVW4QNBA6,2022,2023-03-30,472219204
2022-06-CENSUS-0000205726,GB9NVW4QNBA6,2022,2023-03-30,452998842
2022-06-CENSUS-0000205726,GB9NVW4QNBA6,2022,2023-03-30,464504901
2022-06-CENSUS-0000205726,GB9NVW4QNBA6,2022,2023-03-30,431771217
2022-06-CENSUS-0000205726,GB9NVW4QNBA6,2022,2023-03-30,261318597
2022-06-CENSUS-0000205726,GB9NVW4QNBA6,2022,2023-03-30,270473057
2022-06-CENSUS-0000205726,GB9NVW4QNBA6,2022,2023-03-30,431560263
2022-06-CENSUS-0000205726,GB9NVW4QNBA6,2022,2023-03-30,721069468
2022-06-CENSUS-0000205726,GB9NVW4QNBA6,2022,2023-03-30,431718408
2022-06-CENSUS-0000205726,GB9NVW4QNBA6,2022,2023-03-30,261318515
2022-06-CENSUS-0000205726,GB9NVW4QNBA6,2022,2023-03-30,621684203
2022-06-CENSUS-0000205726,GB9NVW4QNBA6,2022,2023-03-30,731453048
2022-06-CENSUS-0000205726,GB9NVW4QNBA6,2022,2023-03-30,350584463
2022-06-CENSUS-0000205726,GB9NVW4QNBA6,2022,2023-03-30,431856028
2022-06-CENSUS-0000205726,GB9NVW4QNBA6,2022,2023-03-30,710240352
2022-06-CENSUS-0000205726,GB9NVW4QNBA6,2022,2023-03-30,430687077
2022-06-CENSUS-0000205726,GB9NVW4QNBA6,2022,2023-03-30,270814858
2022-06-CENSUS-0000205726,GB9NVW4QNBA6,2022,2023-03-30,730579285
2022-06-CENSUS-0000205726,GB9NVW4QNBA6,2022,2023-03-30,430980256
2022-06-CENSUS-0000205726,GB9NVW4QNBA6,2022,2023-03-30,440552485
2022-06-CENSUS-0000205726,GB9NVW4QNBA6,2022,2023-03-30,430653493
2022-06-CENSUS-0000205726,GB9NVW4QNBA6,2022,2023-03-30,430620279
2022-06-CENSUS-0000205726,GB9NVW4QNBA6,2022,2023-03-30,200198462
2022-06-CENSUS-0000205726,GB9NVW4QNBA6,2022,2023-03-30,870796305
2022-06-CENSUS-0000205726,GB9NVW4QNBA6,2022,2023-03-30,710689680
2022-06-CENSUS-0000205726,GB9NVW4QNBA6,2022,2023-03-30,710655753
2022-06-CENSUS-0000205726,GB9NVW4QNBA6,2022,2023-03-30,710294390
2022-06-CENSUS-0000205726,GB9NVW4QNBA6,2022,2023-03-30,440607149
2022-06-CENSUS-0000205726,GB9NVW4QNBA6,2022,2023-03-30,274433830
2022-06-CENSUS-0000205726,GB9NVW4QNBA6,2022,2023-03-30,710557895
2022-06-CENSUS-0000205726,GB9NVW4QNBA6,2022,2023-03-30,455199762
2022-06-CENSUS-0000183455,PHC7Z9GL5LJ9,2022,2023-03-27,202344144
2022-06-CENSUS-0000183455,PHC7Z9GL5LJ9,2022,2023-03-27,930814490
2022-06-CENSUS-0000183455,PHC7Z9GL5LJ9,2022,2023-03-27,930986405
2022-06-CENSUS-0000183455,PHC7Z9GL5LJ9,2022,2023-03-27,943395473
2022-09-CENSUS-0000253760,VNKWPWKA7DJ6,2022,2023-02-15,204560540
2022-06-CENSUS-0000026668,MHPMW77ELQF3,2022,2023-01-24,232587601
2022-12-CENSUS-0000197817,DR8QNDMDL5J3,2022,2023-09-28,474319866
2022-12-CENSUS-0000197817,DR8QNDMDL5J3,2022,2023-09-28,160743102
2022-12-CENSUS-0000197817,DR8QNDMDL5J3,2022,2023-09-28,232875157
2022-12-CENSUS-0000197817,DR8QNDMDL5J3,2022,2023-09-28,160743214
2022-12-CENSUS-0000197817,DR8QNDMDL5J3,2022,2023-09-28,161460136
2022-12-CENSUS-0000197817,DR8QNDMDL5J3,2022,2023-09-28,161474578
2022-12-CENSUS-0000197817,DR8QNDMDL5J3,2022,2023-09-28,161491203
2022-12-CENSUS-0000197817,DR8QNDMDL5J3,2022,2023-09-28,261582864
2022-12-CENSUS-0000197817,DR8QNDMDL5J3,2022,2023-09-28,814086046
2022-12-CENSUS-0000197817,DR8QNDMDL5J3,2022,2023-09-28,464304317
2022-12-CENSUS-0000197817,DR8QNDMDL5J3,2022,2023-09-28,464742028
2022-12-CENSUS-0000255795,S4EQHU6ACNK3,2022,2023-07-20,951644629
2022-12-CENSUS-0000255795,S4EQHU6ACNK3,2022,2023-07-20,952413596
2022-12-CENSUS-0000255795,S4EQHU6ACNK3,2022,2023-07-20,952224265
2022-12-CENSUS-0000255795,S4EQHU6ACNK3,2022,2023-07-20,205038438
2022-12-CENSUS-0000192898,QDPBAPG7Z7G1,2022,2023-09-19,216000510
2022-06-CENSUS-0000146614,M9K7NSGQXGB8,2022,2023-01-31,311148265
2022-06-CENSUS-0000146614,M9K7NSGQXGB8,2022,2023-01-31,611052311
2022-06-CENSUS-0000146614,M9K7NSGQXGB8,2022,2023-01-31,621287668
2022-09-CENSUS-0000204571,WK2NXW3LS3L3,2022,2023-09-28,461542132
2022-09-CENSUS-0000204571,WK2NXW3LS3L3,2022,2023-09-28,603899657
2022-09-CENSUS-0000204571,WK2NXW3LS3L3,2022,2023-09-28,521963890
2022-09-CENSUS-0000204571,WK2NXW3LS3L3,2022,2023-09-28,521181107
2022-09-CENSUS-0000204571,WK2NXW3LS3L3,2022,2023-09-28,273311883
2022-12-CENSUS-0000087089,ZCBYDC28YWR5,2022,2023-03-09,853760141
2022-06-CENSUS-0000171383,TDLMRMBKN2K7,2022,2023-02-26,626000591
2022-06-CENSUS-0000171383,TDLMRMBKN2K7,2022,2023-02-26,626000592
2022-06-CENSUS-0000250803,E47WF2JP5GW1,2022,2023-03-27,020258994
2022-06-CENSUS-0000250803,E47WF2JP5GW1,2022,2023-03-27,020366119
2022-06-CENSUS-0000030084,D4TVB6V5GYK8,2022,2023-02-27,593119439
2022-06-CENSUS-0000030084,D4TVB6V5GYK8,2022,2023-02-27,593118984
2022-06-CENSUS-0000030084,D4TVB6V5GYK8,2022,2023-02-27,593249335
2022-06-CENSUS-0000171489,PA87VV1TS9Q6,2022,2023-03-30,621799150
2022-06-CENSUS-0000171489,PA87VV1TS9Q6,2022,2023-03-30,626000426
2022-12-CENSUS-0000199347,KHGMMT4L7ZV9,2022,2023-07-18,460438269
2022-12-CENSUS-0000199347,KHGMMT4L7ZV9,2022,2023-07-18,260030354
2022-12-CENSUS-0000253133,S9WEQLD9PAN4,2022,2023-09-11,362167819
2022-12-CENSUS-0000253133,S9WEQLD9PAN4,2022,2023-09-11,362170882
2022-06-CENSUS-0000254628,RHA6ELF38JZ4,2022,2023-02-06,421279738
2022-06-CENSUS-0000254628,RHA6ELF38JZ4,2022,2023-02-06,510173104
2022-06-CENSUS-0000254628,RHA6ELF38JZ4,2022,2023-02-06,370987659
2022-06-CENSUS-0000254628,RHA6ELF38JZ4,2022,2023-02-06,205109088
2022-06-CENSUS-0000254628,RHA6ELF38JZ4,2022,2023-02-06,205108743
2022-06-CENSUS-0000254628,RHA6ELF38JZ4,2022,2023-02-06,843647232
2022-06-CENSUS-0000254628,RHA6ELF38JZ4,2022,2023-02-06,431341462
2022-06-CENSUS-0000254628,RHA6ELF38JZ4,2022,2023-02-06,383922894
2022-06-CENSUS-0000254628,RHA6ELF38JZ4,2022,2023-02-06,370841562
2022-06-CENSUS-0000254628,RHA6ELF38JZ4,2022,2023-02-06,311114614
2022-09-CENSUS-0000236680,X9J5CZKHKP81,2022,2023-03-20,222472997
2022-09-CENSUS-0000236680,X9J5CZKHKP81,2022,2023-03-20,043306782
2022-06-CENSUS-0000088289,KRQ2FN9843E7,2022,2023-03-06,593201112
2022-06-CENSUS-0000088289,KRQ2FN9843E7,2022,2023-03-06,593405746
2022-06-CENSUS-0000088289,KRQ2FN9843E7,2022,2023-03-06,273070662
2022-06-CENSUS-0000088289,KRQ2FN9843E7,2022,2023-03-06,274287768
2022-06-CENSUS-0000088289,KRQ2FN9843E7,2022,2023-03-06,454775619
2022-06-CENSUS-0000088289,KRQ2FN9843E7,2022,2023-03-06,493492167
2022-06-CENSUS-0000088289,KRQ2FN9843E7,2022,2023-03-06,371620362
2022-06-CENSUS-0000088289,KRQ2FN9843E7,2022,2023-03-06,273395014
2022-06-CENSUS-0000088289,KRQ2FN9843E7,2022,2023-03-06,455855182
2022-06-CENSUS-0000088289,KRQ2FN9843E7,2022,2023-03-06,592999635
2022-06-CENSUS-0000257443,XCKBADL4FXP8,2022,2023-03-21,043122535
2022-12-CENSUS-0000098571,GBPMHQM2SRL3,2022,2023-06-27,205296918
2022-12-CENSUS-0000098571,GBPMHQM2SRL3,2022,2023-06-27,274327342
2022-12-CENSUS-0000098571,GBPMHQM2SRL3,2022,2023-06-27,464147298
2022-12-CENSUS-0000098571,GBPMHQM2SRL3,2022,2023-06-27,204670876
2022-12-CENSUS-0000098571,GBPMHQM2SRL3,2022,2023-06-27,453935716
2022-12-CENSUS-0000098571,GBPMHQM2SRL3,2022,2023-06-27,463447107
2022-12-CENSUS-0000098571,GBPMHQM2SRL3,2022,2023-06-27,721473968
2022-12-CENSUS-0000098571,GBPMHQM2SRL3,2022,2023-06-27,453935671
2022-12-CENSUS-0000098571,GBPMHQM2SRL3,2022,2023-06-27,843925498
2022-12-CENSUS-0000098571,GBPMHQM2SRL3,2022,2023-06-27,201729674
2022-12-CENSUS-0000098571,GBPMHQM2SRL3,2022,2023-06-27,201835779
2022-12-CENSUS-0000098571,GBPMHQM2SRL3,2022,2023-06-27,203802765
2022-12-CENSUS-0000098571,GBPMHQM2SRL3,2022,2023-06-27,205432782
2022-12-CENSUS-0000098571,GBPMHQM2SRL3,2022,2023-06-27,260792328
2022-12-CENSUS-0000098571,GBPMHQM2SRL3,2022,2023-06-27,264626264
2022-12-CENSUS-0000098571,GBPMHQM2SRL3,2022,2023-06-27,271757642
2022-12-CENSUS-0000098571,GBPMHQM2SRL3,2022,2023-06-27,271770321
2022-12-CENSUS-0000098571,GBPMHQM2SRL3,2022,2023-06-27,383646817
2022-12-CENSUS-0000098571,GBPMHQM2SRL3,2022,2023-06-27,454962130
2022-12-CENSUS-0000098571,GBPMHQM2SRL3,2022,2023-06-27,462605366
2022-12-CENSUS-0000098571,GBPMHQM2SRL3,2022,2023-06-27,464090110
2022-12-CENSUS-0000098571,GBPMHQM2SRL3,2022,2023-06-27,464958152
2022-12-CENSUS-0000098571,GBPMHQM2SRL3,2022,2023-06-27,465235153
2022-12-CENSUS-0000098571,GBPMHQM2SRL3,2022,2023-06-27,472540179
2022-12-CENSUS-0000098571,GBPMHQM2SRL3,2022,2023-06-27,640345119
2022-12-CENSUS-0000098571,GBPMHQM2SRL3,2022,2023-06-27,640655993
2022-12-CENSUS-0000098571,GBPMHQM2SRL3,2022,2023-06-27,720276883
2022-12-CENSUS-0000098571,GBPMHQM2SRL3,2022,2023-06-27,720535375
2022-12-CENSUS-0000098571,GBPMHQM2SRL3,2022,2023-06-27,721006966
2022-12-CENSUS-0000098571,GBPMHQM2SRL3,2022,2023-06-27,753009725
2022-12-CENSUS-0000098571,GBPMHQM2SRL3,2022,2023-06-27,753045183
2022-12-CENSUS-0000098571,GBPMHQM2SRL3,2022,2023-06-27,815088821
2022-12-CENSUS-0000098571,GBPMHQM2SRL3,2022,2023-06-27,821064427
2022-12-CENSUS-0000098571,GBPMHQM2SRL3,2022,2023-06-27,821664573
2022-12-CENSUS-0000098571,GBPMHQM2SRL3,2022,2023-06-27,822869576
2022-12-CENSUS-0000098571,GBPMHQM2SRL3,2022,2023-06-27,832662144
2022-12-CENSUS-0000098571,GBPMHQM2SRL3,2022,2023-06-27,842237042
2022-12-CENSUS-0000020541,UHPQRM6D7GX4,2022,2023-09-28,222402959
2022-06-CENSUS-0000227312,N3MLDJDPQAA3,2022,2023-03-27,470463911
2022-06-CENSUS-0000227312,N3MLDJDPQAA3,2022,2023-03-27,460225483
2022-06-CENSUS-0000227312,N3MLDJDPQAA3,2022,2023-03-27,460224598
2022-06-CENSUS-0000227312,N3MLDJDPQAA3,2022,2023-03-27,460224743
2022-06-CENSUS-0000227312,N3MLDJDPQAA3,2022,2023-03-27,460230199
2022-06-CENSUS-0000227312,N3MLDJDPQAA3,2022,2023-03-27,410853163
2022-06-CENSUS-0000227312,N3MLDJDPQAA3,2022,2023-03-27,460226738
2022-06-CENSUS-0000227312,N3MLDJDPQAA3,2022,2023-03-27,410919153
2022-06-CENSUS-0000227312,N3MLDJDPQAA3,2022,2023-03-27,460224604
2022-06-CENSUS-0000227312,N3MLDJDPQAA3,2022,2023-03-27,420680370
2022-06-CENSUS-0000227312,N3MLDJDPQAA3,2022,2023-03-27,460234354
2022-06-CENSUS-0000227312,N3MLDJDPQAA3,2022,2023-03-27,562143771
2022-06-CENSUS-0000227312,N3MLDJDPQAA3,2022,2023-03-27,843156881
2022-12-CENSUS-0000108922,CM82VLZPKZ59,2022,2023-09-28,202614403
2022-12-CENSUS-0000248192,R7BNKMP32NN3,2022,2023-08-01,311527032
2022-12-CENSUS-0000248192,R7BNKMP32NN3,2022,2023-08-01,411266009
2022-12-CENSUS-0000248192,R7BNKMP32NN3,2022,2023-08-01,450226909
2022-12-CENSUS-0000248192,R7BNKMP32NN3,2022,2023-08-01,450228055
2022-12-CENSUS-0000248192,R7BNKMP32NN3,2022,2023-08-01,450274828
2022-12-CENSUS-0000248192,R7BNKMP32NN3,2022,2023-08-01,450344371
2022-12-CENSUS-0000248192,R7BNKMP32NN3,2022,2023-08-01,450385890
2022-12-CENSUS-0000248192,R7BNKMP32NN3,2022,2023-08-01,450397196
2022-12-CENSUS-0000248192,R7BNKMP32NN3,2022,2023-08-01,450409348
2022-12-CENSUS-0000248192,R7BNKMP32NN3,2022,2023-08-01,460227855
2022-12-CENSUS-0000248192,R7BNKMP32NN3,2022,2023-08-01,460388596
2022-12-CENSUS-0000248192,R7BNKMP32NN3,2022,2023-08-01,460447693
2022-12-CENSUS-0000248192,R7BNKMP32NN3,2022,2023-08-01,460450378
2022-12-CENSUS-0000248192,R7BNKMP32NN3,2022,2023-08-01,911770748
2022-06-CENSUS-0000257705,T1GKVXH7Y5K9,2022,2023-03-30,556006811
2022-06-CENSUS-0000257705,T1GKVXH7Y5K9,2022,2023-03-30,550143590
2022-12-CENSUS-0000046707,JYFBW9MH1RA5,2022,2023-06-20,473872421
2022-12-CENSUS-0000254897,MWYYKBPDE9C8,2022,2023-09-20,300650211
2022-12-CENSUS-0000254897,MWYYKBPDE9C8,2022,2023-09-20,710521323
2022-08-CENSUS-0000246061,NJNUW2PLC876,2022,2023-05-30,586000778
2022-06-CENSUS-0000218958,Q6FLM669M8G4,2022,2023-03-19,260353071
2022-06-CENSUS-0000185454,DXE5DDQ2LE17,2022,2023-03-22,205966956
2022-09-CENSUS-0000250987,H9ZFMV7TMYX3,2022,2023-03-27,562101090
2022-09-CENSUS-0000250987,H9ZFMV7TMYX3,2022,2023-03-27,562072002
2022-09-CENSUS-0000250987,H9ZFMV7TMYX3,2022,2023-03-27,562093700
2022-09-CENSUS-0000250987,H9ZFMV7TMYX3,2022,2023-03-27,562003393
2022-09-CENSUS-0000250987,H9ZFMV7TMYX3,2022,2023-03-27,560585243
2022-09-CENSUS-0000250987,H9ZFMV7TMYX3,2022,2023-03-27,562112733
2022-09-CENSUS-0000250987,H9ZFMV7TMYX3,2022,2023-03-27,566011594
2022-09-CENSUS-0000250987,H9ZFMV7TMYX3,2022,2023-03-27,560989789
2022-09-CENSUS-0000250987,H9ZFMV7TMYX3,2022,2023-03-27,452436270
2022-09-CENSUS-0000250987,H9ZFMV7TMYX3,2022,2023-03-27,561949493
2022-09-CENSUS-0000250987,H9ZFMV7TMYX3,2022,2023-03-27,561396133
2022-09-CENSUS-0000250987,H9ZFMV7TMYX3,2022,2023-03-27,383740839
2022-09-CENSUS-0000250987,H9ZFMV7TMYX3,2022,2023-03-27,262558314
2022-06-CENSUS-0000238029,LAANF98HV2L9,2022,2023-03-05,061259340
2022-06-CENSUS-0000238029,LAANF98HV2L9,2022,2023-03-05,231405636
2022-06-CENSUS-0000238029,LAANF98HV2L9,2022,2023-03-05,231915567
2022-06-CENSUS-0000238029,LAANF98HV2L9,2022,2023-03-05,251813977
2022-06-CENSUS-0000238029,LAANF98HV2L9,2022,2023-03-05,261454616
2022-12-CENSUS-0000114934,CCW3XJKC2AM9,2022,2023-07-05,911336048
2022-12-CENSUS-0000114934,CCW3XJKC2AM9,2022,2023-07-05,911251500
2022-12-CENSUS-0000114934,CCW3XJKC2AM9,2022,2023-07-05,911128950
2022-12-CENSUS-0000114934,CCW3XJKC2AM9,2022,2023-07-05,912122682
2022-12-CENSUS-0000114934,CCW3XJKC2AM9,2022,2023-07-05,834538343
2022-12-CENSUS-0000114934,CCW3XJKC2AM9,2022,2023-07-05,371502691
2022-12-CENSUS-0000114934,CCW3XJKC2AM9,2022,2023-07-05,464287418
2022-06-CENSUS-0000176109,X3CKR8Q6GNF3,2022,2023-02-20,546001580
2022-06-CENSUS-0000121194,YL4FGLJYEG11,2022,2023-03-30,942905995
2022-06-CENSUS-0000121194,YL4FGLJYEG11,2022,2023-03-30,943236429
2022-12-CENSUS-0000156269,JSJPN2LLGE25,2022,2023-09-19,020511413
2022-12-CENSUS-0000156269,JSJPN2LLGE25,2022,2023-09-19,472753561
2022-12-CENSUS-0000156269,JSJPN2LLGE25,2022,2023-09-19,010504037
2022-12-CENSUS-0000156269,JSJPN2LLGE25,2022,2023-09-19,274628417
2022-12-CENSUS-0000156269,JSJPN2LLGE25,2022,2023-09-19,274628494
2022-12-CENSUS-0000156269,JSJPN2LLGE25,2022,2023-09-19,431996683
2022-12-CENSUS-0000156269,JSJPN2LLGE25,2022,2023-09-19,200718097
2022-12-CENSUS-0000156269,JSJPN2LLGE25,2022,2023-09-19,510539496
2022-12-CENSUS-0000258613,KH4KRB8YMCN5,2022,2023-07-24,134200222
2022-09-CENSUS-0000136104,NDJLD243TL94,2022,2023-04-09,596000670
2022-09-CENSUS-0000136104,NDJLD243TL94,2022,2023-04-09,596000672
2022-06-CENSUS-0000255253,MXSWAD8KX6W7,2022,2023-04-18,391126946
2022-06-CENSUS-0000255253,MXSWAD8KX6W7,2022,2023-04-18,391647409
2022-06-CENSUS-0000251362,ENE1TMGDFKL8,2022,2023-03-30,834650850
2022-06-CENSUS-0000177659,CSDDTKGGLL29,2022,2023-03-30,820622822
2022-06-CENSUS-0000177659,CSDDTKGGLL29,2022,2023-03-30,820630850
2022-12-CENSUS-0000208872,ZNJUDES1WDM2,2022,2023-09-10,043608530
2022-12-CENSUS-0000208872,ZNJUDES1WDM2,2022,2023-09-10,200122365
2022-12-CENSUS-0000208872,ZNJUDES1WDM2,2022,2023-09-10,201382620
2022-12-CENSUS-0000208872,ZNJUDES1WDM2,2022,2023-09-10,201382727
2022-12-CENSUS-0000208872,ZNJUDES1WDM2,2022,2023-09-10,205769038
2022-12-CENSUS-0000208872,ZNJUDES1WDM2,2022,2023-09-10,208468195
2022-12-CENSUS-0000208872,ZNJUDES1WDM2,2022,2023-09-10,237408025
2022-12-CENSUS-0000208872,ZNJUDES1WDM2,2022,2023-09-10,261439695
2022-12-CENSUS-0000208872,ZNJUDES1WDM2,2022,2023-09-10,261594709
2022-12-CENSUS-0000208872,ZNJUDES1WDM2,2022,2023-09-10,262884795
2022-12-CENSUS-0000208872,ZNJUDES1WDM2,2022,2023-09-10,264031708
2022-12-CENSUS-0000208872,ZNJUDES1WDM2,2022,2023-09-10,270046559
2022-12-CENSUS-0000208872,ZNJUDES1WDM2,2022,2023-09-10,273439133
2022-12-CENSUS-0000208872,ZNJUDES1WDM2,2022,2023-09-10,300012246
2022-12-CENSUS-0000208872,ZNJUDES1WDM2,2022,2023-09-10,364161526
2022-12-CENSUS-0000208872,ZNJUDES1WDM2,2022,2023-09-10,364636691
2022-12-CENSUS-0000208872,ZNJUDES1WDM2,2022,2023-09-10,370662580
2022-12-CENSUS-0000208872,ZNJUDES1WDM2,2022,2023-09-10,371383861
2022-12-CENSUS-0000208872,ZNJUDES1WDM2,2022,2023-09-10,390237060
2022-12-CENSUS-0000208872,ZNJUDES1WDM2,2022,2023-09-10,390806265
2022-12-CENSUS-0000208872,ZNJUDES1WDM2,2022,2023-09-10,390807236
2022-12-CENSUS-0000208872,ZNJUDES1WDM2,2022,2023-09-10,390808509
2022-12-CENSUS-0000208872,ZNJUDES1WDM2,2022,2023-09-10,390884514
2022-12-CENSUS-0000208872,ZNJUDES1WDM2,2022,2023-09-10,391022770
2022-12-CENSUS-0000208872,ZNJUDES1WDM2,2022,2023-09-10,391029998
2022-12-CENSUS-0000208872,ZNJUDES1WDM2,2022,2023-09-10,391101287
2022-12-CENSUS-0000208872,ZNJUDES1WDM2,2022,2023-09-10,391128616
2022-12-CENSUS-0000208872,ZNJUDES1WDM2,2022,2023-09-10,391534744
2022-12-CENSUS-0000208872,ZNJUDES1WDM2,2022,2023-09-10,391535024
2022-12-CENSUS-0000208872,ZNJUDES1WDM2,2022,2023-09-10,391539827
2022-12-CENSUS-0000208872,ZNJUDES1WDM2,2022,2023-09-10,391613292
2022-12-CENSUS-0000208872,ZNJUDES1WDM2,2022,2023-09-10,391684956
2022-12-CENSUS-0000208872,ZNJUDES1WDM2,2022,2023-09-10,391705111
2022-12-CENSUS-0000208872,ZNJUDES1WDM2,2022,2023-09-10,391717636
2022-12-CENSUS-0000208872,ZNJUDES1WDM2,2022,2023-09-10,391776340
2022-12-CENSUS-0000208872,ZNJUDES1WDM2,2022,2023-09-10,391830837
2022-12-CENSUS-0000208872,ZNJUDES1WDM2,2022,2023-09-10,391839309
2022-12-CENSUS-0000208872,ZNJUDES1WDM2,2022,2023-09-10,392016715
2022-12-CENSUS-0000208872,ZNJUDES1WDM2,2022,2023-09-10,396220698
2022-12-CENSUS-0000208872,ZNJUDES1WDM2,2022,2023-09-10,421670962
2022-12-CENSUS-0000208872,ZNJUDES1WDM2,2022,2023-09-10,430653587
2022-12-CENSUS-0000208872,ZNJUDES1WDM2,2022,2023-09-10,430688874
2022-12-CENSUS-0000208872,ZNJUDES1WDM2,2022,2023-09-10,430738490
2022-12-CENSUS-0000208872,ZNJUDES1WDM2,2022,2023-09-10,431099253
2022-12-CENSUS-0000208872,ZNJUDES1WDM2,2022,2023-09-10,431265060
2022-12-CENSUS-0000208872,ZNJUDES1WDM2,2022,2023-09-10,431333488
2022-12-CENSUS-0000208872,ZNJUDES1WDM2,2022,2023-09-10,431343281
2022-12-CENSUS-0000208872,ZNJUDES1WDM2,2022,2023-09-10,431462486
2022-12-CENSUS-0000208872,ZNJUDES1WDM2,2022,2023-09-10,431465174
2022-12-CENSUS-0000208872,ZNJUDES1WDM2,2022,2023-09-10,431550298
2022-12-CENSUS-0000208872,ZNJUDES1WDM2,2022,2023-09-10,431552945
2022-12-CENSUS-0000208872,ZNJUDES1WDM2,2022,2023-09-10,431575307
2022-12-CENSUS-0000208872,ZNJUDES1WDM2,2022,2023-09-10,431664107
2022-12-CENSUS-0000208872,ZNJUDES1WDM2,2022,2023-09-10,431708511
2022-12-CENSUS-0000208872,ZNJUDES1WDM2,2022,2023-09-10,431754347
2022-12-CENSUS-0000208872,ZNJUDES1WDM2,2022,2023-09-10,431788151
2022-12-CENSUS-0000208872,ZNJUDES1WDM2,2022,2023-09-10,431825256
2022-12-CENSUS-0000208872,ZNJUDES1WDM2,2022,2023-09-10,431940683
2022-12-CENSUS-0000208872,ZNJUDES1WDM2,2022,2023-09-10,431940686
2022-12-CENSUS-0000208872,ZNJUDES1WDM2,2022,2023-09-10,436331003
2022-12-CENSUS-0000208872,ZNJUDES1WDM2,2022,2023-09-10,440579850
2022-12-CENSUS-0000208872,ZNJUDES1WDM2,2022,2023-09-10,452995500
2022-12-CENSUS-0000208872,ZNJUDES1WDM2,2022,2023-09-10,455055149
2022-12-CENSUS-0000208872,ZNJUDES1WDM2,2022,2023-09-10,455458304
2022-12-CENSUS-0000208872,ZNJUDES1WDM2,2022,2023-09-10,463456658
2022-12-CENSUS-0000208872,ZNJUDES1WDM2,2022,2023-09-10,474196634
2022-12-CENSUS-0000208872,ZNJUDES1WDM2,2022,2023-09-10,475663323
2022-12-CENSUS-0000208872,ZNJUDES1WDM2,2022,2023-09-10,730657693
2022-12-CENSUS-0000208872,ZNJUDES1WDM2,2022,2023-09-10,731279603
2022-12-CENSUS-0000208872,ZNJUDES1WDM2,2022,2023-09-10,731534336
2022-12-CENSUS-0000208872,ZNJUDES1WDM2,2022,2023-09-10,736104300
2022-12-CENSUS-0000208872,ZNJUDES1WDM2,2022,2023-09-10,800968174
2022-12-CENSUS-0000208872,ZNJUDES1WDM2,2022,2023-09-10,816128118
2022-12-CENSUS-0000208872,ZNJUDES1WDM2,2022,2023-09-10,831979548
2022-12-CENSUS-0000208872,ZNJUDES1WDM2,2022,2023-09-10,834718249
2022-06-CENSUS-0000251143,KSNPHJ1LMNJ7,2022,2023-03-22,582095884
2022-06-CENSUS-0000251143,KSNPHJ1LMNJ7,2022,2023-03-22,810875069
2022-06-CENSUS-0000251143,KSNPHJ1LMNJ7,2022,2023-03-22,810846789
2022-06-CENSUS-0000251143,KSNPHJ1LMNJ7,2022,2023-03-22,273818647
2022-06-CENSUS-0000251143,KSNPHJ1LMNJ7,2022,2023-03-22,134350580
2022-06-CENSUS-0000251143,KSNPHJ1LMNJ7,2022,2023-03-22,582032904
2022-06-CENSUS-0000251143,KSNPHJ1LMNJ7,2022,2023-03-22,582026750
2022-06-CENSUS-0000251143,KSNPHJ1LMNJ7,2022,2023-03-22,810837031
2022-06-CENSUS-0000251143,KSNPHJ1LMNJ7,2022,2023-03-22,810851756
2022-06-CENSUS-0000251143,KSNPHJ1LMNJ7,2022,2023-03-22,205497506
2022-06-CENSUS-0000251143,KSNPHJ1LMNJ7,2022,2023-03-22,270277843
2022-06-CENSUS-0000251143,KSNPHJ1LMNJ7,2022,2023-03-22,580968382
2022-06-CENSUS-0000251143,KSNPHJ1LMNJ7,2022,2023-03-22,810864789
2022-06-CENSUS-0000176079,WBKKQXHB6GJ5,2022,2023-05-16,546001379
2022-06-CENSUS-0000176079,WBKKQXHB6GJ5,2022,2023-05-16,546001378
2022-06-CENSUS-0000176079,WBKKQXHB6GJ5,2022,2023-05-16,541517462
2022-06-CENSUS-0000247832,YK69LMLHC4N4,2022,2023-01-18,462082988
2022-06-CENSUS-0000247832,YK69LMLHC4N4,2022,2023-01-18,810594798
2022-06-CENSUS-0000171364,DK5SDEYN9C43,2022,2023-02-05,626000496
2022-06-CENSUS-0000171364,DK5SDEYN9C43,2022,2023-02-05,626000497
2022-06-CENSUS-0000171369,DMTKJE1U4MD7,2022,2023-03-23,620927548
2022-06-CENSUS-0000171369,DMTKJE1U4MD7,2022,2023-03-23,626000524
2022-06-CENSUS-0000171369,DMTKJE1U4MD7,2022,2023-03-23,626000525
2022-06-CENSUS-0000171369,DMTKJE1U4MD7,2022,2023-03-23,621642109
2022-08-CENSUS-0000008907,K6N6K62DDG68,2022,2023-05-30,112547234
2022-08-CENSUS-0000008907,K6N6K62DDG68,2022,2023-05-30,113057583
2022-06-CENSUS-0000201900,MTNSN3AREV11,2022,2023-03-18,161550034
2022-06-CENSUS-0000201900,MTNSN3AREV11,2022,2023-03-18,453809815
2022-12-CENSUS-0000208872,ZNJUDES1WDM2,2022,2023-09-10,863519607
2022-12-CENSUS-0000208872,ZNJUDES1WDM2,2022,2023-09-10,874109859
2022-12-CENSUS-0000208872,ZNJUDES1WDM2,2022,2023-09-10,880988603
2022-12-CENSUS-0000042338,TDGUJ1WA4UJ9,2022,2023-07-27,650605328
2022-12-CENSUS-0000042338,TDGUJ1WA4UJ9,2022,2023-07-27,650748232
2022-12-CENSUS-0000042338,TDGUJ1WA4UJ9,2022,2023-07-27,650504863
2022-12-CENSUS-0000042338,TDGUJ1WA4UJ9,2022,2023-07-27,341657989
2022-12-CENSUS-0000042338,TDGUJ1WA4UJ9,2022,2023-07-27,340733166
2022-12-CENSUS-0000042338,TDGUJ1WA4UJ9,2022,2023-07-27,203978297
2022-12-CENSUS-0000042338,TDGUJ1WA4UJ9,2022,2023-07-27,352408321
2022-12-CENSUS-0000042338,TDGUJ1WA4UJ9,2022,2023-07-27,810687167
2022-12-CENSUS-0000042338,TDGUJ1WA4UJ9,2022,2023-07-27,341873008
2022-12-CENSUS-0000042338,TDGUJ1WA4UJ9,2022,2023-07-27,341533871
2022-12-CENSUS-0000042338,TDGUJ1WA4UJ9,2022,2023-07-27,341898545
2022-12-CENSUS-0000042338,TDGUJ1WA4UJ9,2022,2023-07-27,843447663
2022-12-CENSUS-0000042338,TDGUJ1WA4UJ9,2022,2023-07-27,200494491
2022-12-CENSUS-0000042338,TDGUJ1WA4UJ9,2022,2023-07-27,200442351
2022-12-CENSUS-0000042338,TDGUJ1WA4UJ9,2022,2023-07-27,263589643
2022-12-CENSUS-0000042338,TDGUJ1WA4UJ9,2022,2023-07-27,341843403
2022-12-CENSUS-0000042338,TDGUJ1WA4UJ9,2022,2023-07-27,341837018
2022-12-CENSUS-0000042338,TDGUJ1WA4UJ9,2022,2023-07-27,261614376
2022-12-CENSUS-0000042338,TDGUJ1WA4UJ9,2022,2023-07-27,273245990
2022-12-CENSUS-0000042338,TDGUJ1WA4UJ9,2022,2023-07-27,822542219
2022-12-CENSUS-0000042338,TDGUJ1WA4UJ9,2022,2023-07-27,201476092
2022-12-CENSUS-0000042338,TDGUJ1WA4UJ9,2022,2023-07-27,340714771
2022-12-CENSUS-0000042338,TDGUJ1WA4UJ9,2022,2023-07-27,364837780
2022-12-CENSUS-0000042338,TDGUJ1WA4UJ9,2022,2023-07-27,820708813
2022-12-CENSUS-0000042338,TDGUJ1WA4UJ9,2022,2023-07-27,311525875
2022-12-CENSUS-0000042338,TDGUJ1WA4UJ9,2022,2023-07-27,340000100
2022-12-CENSUS-0000042338,TDGUJ1WA4UJ9,2022,2023-07-27,341556177
2022-12-CENSUS-0000042338,TDGUJ1WA4UJ9,2022,2023-07-27,825279835
2022-12-CENSUS-0000042338,TDGUJ1WA4UJ9,2022,2023-07-27,824952635
2022-12-CENSUS-0000042338,TDGUJ1WA4UJ9,2022,2023-07-27,270273520
2022-12-CENSUS-0000042338,TDGUJ1WA4UJ9,2022,2023-07-27,043588229
2022-12-CENSUS-0000042338,TDGUJ1WA4UJ9,2022,2023-07-27,264215547
2022-12-CENSUS-0000042338,TDGUJ1WA4UJ9,2022,2023-07-27,592755370
2022-12-CENSUS-0000042338,TDGUJ1WA4UJ9,2022,2023-07-27,340714779
2022-12-CENSUS-0000042338,TDGUJ1WA4UJ9,2022,2023-07-27,341855775
2022-12-CENSUS-0000042338,TDGUJ1WA4UJ9,2022,2023-07-27,921359067
2022-09-CENSUS-0000075117,UYLKBRENAPG5,2022,2023-02-02,522322791
2022-09-CENSUS-0000165221,XNSRLRNJE2L1,2022,2023-05-04,270030542
2022-09-CENSUS-0000165221,XNSRLRNJE2L1,2022,2023-05-04,731401496
2022-12-CENSUS-0000258151,P49TYES2Z113,2022,2023-05-15,205460472
2022-06-CENSUS-0000193848,QKQ9KAMFDS31,2022,2023-01-05,870462909
2022-08-CENSUS-0000239979,KJFABN74KUE6,2022,2023-05-24,205497203
2022-08-CENSUS-0000239979,KJFABN74KUE6,2022,2023-05-24,610654587
2022-08-CENSUS-0000239979,KJFABN74KUE6,2022,2023-05-24,043665929
2022-08-CENSUS-0000239979,KJFABN74KUE6,2022,2023-05-24,843280181
2022-08-CENSUS-0000239979,KJFABN74KUE6,2022,2023-05-24,611348280
2022-08-CENSUS-0000239979,KJFABN74KUE6,2022,2023-05-24,473033550
2022-08-CENSUS-0000239979,KJFABN74KUE6,2022,2023-05-24,611480774
2022-08-CENSUS-0000239979,KJFABN74KUE6,2022,2023-05-24,311506378
2022-12-CENSUS-0000151130,YNLRKUB992W7,2022,2023-05-21,416004951
2022-06-CENSUS-0000118341,DEXFPXSEHY75,2022,2023-02-07,941186175
2022-06-CENSUS-0000011852,S8C8D8JKLE55,2022,2023-03-29,133838740
2022-06-CENSUS-0000011852,S8C8D8JKLE55,2022,2023-03-29,200363127
2022-06-CENSUS-0000011852,S8C8D8JKLE55,2022,2023-03-29,362167095
2022-06-CENSUS-0000235391,CCJUZP1D8U44,2022,2023-03-02,880213754
2022-06-CENSUS-0000235391,CCJUZP1D8U44,2022,2023-03-02,460517825
2022-06-CENSUS-0000235391,CCJUZP1D8U44,2022,2023-03-02,880236758
2022-12-CENSUS-0000217653,KVLYDC1KL4W7,2022,2023-06-04,812847137
2022-12-CENSUS-0000217653,KVLYDC1KL4W7,2022,2023-06-04,814628527
2022-12-CENSUS-0000217653,KVLYDC1KL4W7,2022,2023-06-04,815016729
2022-12-CENSUS-0000217653,KVLYDC1KL4W7,2022,2023-06-04,821062185
2022-12-CENSUS-0000217653,KVLYDC1KL4W7,2022,2023-06-04,822505170
2022-12-CENSUS-0000217653,KVLYDC1KL4W7,2022,2023-06-04,822511184
2022-12-CENSUS-0000217653,KVLYDC1KL4W7,2022,2023-06-04,822811928
2022-12-CENSUS-0000217653,KVLYDC1KL4W7,2022,2023-06-04,822874587
2022-12-CENSUS-0000217653,KVLYDC1KL4W7,2022,2023-06-04,822881060
2022-12-CENSUS-0000217653,KVLYDC1KL4W7,2022,2023-06-04,825021832
2022-12-CENSUS-0000217653,KVLYDC1KL4W7,2022,2023-06-04,832336412
2022-12-CENSUS-0000217653,KVLYDC1KL4W7,2022,2023-06-04,832345759
2022-12-CENSUS-0000217653,KVLYDC1KL4W7,2022,2023-06-04,832445946
2022-12-CENSUS-0000217653,KVLYDC1KL4W7,2022,2023-06-04,833163988
2022-12-CENSUS-0000236354,JZDQKLMKMUJ3,2022,2023-08-31,260379173
2022-12-CENSUS-0000236354,JZDQKLMKMUJ3,2022,2023-08-31,843204469
2022-06-CENSUS-0000257474,S7HKCJGFJC49,2022,2023-03-23,680037663
2022-06-CENSUS-0000257474,S7HKCJGFJC49,2022,2023-03-23,202873013
2022-12-CENSUS-0000245063,ME2MYQYWH8P7,2022,2023-03-29,472578950
2022-06-CENSUS-0000187503,Z6C5NLT82JH3,2022,2023-03-30,311252095
2022-06-CENSUS-0000187503,Z6C5NLT82JH3,2022,2023-03-30,426005333
2022-09-CENSUS-0000258601,JK6DM38U8L97,2022,2023-09-13,060646917
2022-09-CENSUS-0000258601,JK6DM38U8L97,2022,2023-09-13,271648289
2022-06-CENSUS-0000003418,DNE4CNM5GK36,2022,2023-02-07,237193288
2022-06-CENSUS-0000003418,DNE4CNM5GK36,2022,2023-02-07,043211683
2022-06-CENSUS-0000003418,DNE4CNM5GK36,2022,2023-02-07,043123008
2022-06-CENSUS-0000003418,DNE4CNM5GK36,2022,2023-02-07,043501357
2022-06-CENSUS-0000003418,DNE4CNM5GK36,2022,2023-02-07,043184824
2022-06-CENSUS-0000039823,QJCCSURJ6DG5,2022,2023-01-04,311436217
2022-06-CENSUS-0000258133,QDZ6FCCYLJM7,2022,2023-05-12,800819632
2022-12-CENSUS-0000202468,SGT3JWQAYN48,2022,2023-07-31,133556132
2022-12-CENSUS-0000252147,K3MWP752NSM4,2022,2023-05-30,208316475
2022-09-CENSUS-0000212445,JDE5TNBH5R31,2022,2023-01-19,820161600
2022-09-CENSUS-0000212445,JDE5TNBH5R31,2022,2023-01-19,562570686
2022-09-CENSUS-0000212445,JDE5TNBH5R31,2022,2023-01-19,841421665
2022-09-CENSUS-0000212445,JDE5TNBH5R31,2022,2023-01-19,273311774
2022-09-CENSUS-0000212445,JDE5TNBH5R31,2022,2023-01-19,821162805
2022-09-CENSUS-0000212445,JDE5TNBH5R31,2022,2023-01-19,200997728
2022-06-CENSUS-0000170272,ZXEMEG8R1FV8,2022,2023-01-18,853646386
2022-06-CENSUS-0000135727,FKDDWS1CXZ97,2022,2023-01-09,066001477
2022-06-CENSUS-0000135727,FKDDWS1CXZ97,2022,2023-01-09,066001641
2022-12-CENSUS-0000217653,KVLYDC1KL4W7,2022,2023-06-04,834294437
2022-12-CENSUS-0000217653,KVLYDC1KL4W7,2022,2023-06-04,841923266
2022-12-CENSUS-0000217653,KVLYDC1KL4W7,2022,2023-06-04,841943828
2022-12-CENSUS-0000217653,KVLYDC1KL4W7,2022,2023-06-04,900852653
2022-12-CENSUS-0000217653,KVLYDC1KL4W7,2022,2023-06-04,392038503
2022-12-CENSUS-0000217653,KVLYDC1KL4W7,2022,2023-06-04,821037657
2022-12-CENSUS-0000217653,KVLYDC1KL4W7,2022,2023-06-04,873759116
2022-12-CENSUS-0000217653,KVLYDC1KL4W7,2022,2023-06-04,874189681
2022-12-CENSUS-0000217653,KVLYDC1KL4W7,2022,2023-06-04,884309937
2022-12-CENSUS-0000217653,KVLYDC1KL4W7,2022,2023-06-04,611906368
2022-12-CENSUS-0000217653,KVLYDC1KL4W7,2022,2023-06-04,853670653
2022-12-CENSUS-0000217653,KVLYDC1KL4W7,2022,2023-06-04,871687241
2022-12-CENSUS-0000224554,J9M9ZJWB88M5,2022,2023-09-11,541569525
2022-12-CENSUS-0000224554,J9M9ZJWB88M5,2022,2023-09-11,264440093
2022-12-CENSUS-0000224554,J9M9ZJWB88M5,2022,2023-09-11,462201723
2022-12-CENSUS-0000224554,J9M9ZJWB88M5,2022,2023-09-11,451607524
2022-12-CENSUS-0000224554,J9M9ZJWB88M5,2022,2023-09-11,541893901
2022-12-CENSUS-0000224554,J9M9ZJWB88M5,2022,2023-09-11,541954476
2022-12-CENSUS-0000224554,J9M9ZJWB88M5,2022,2023-09-11,542090908
2022-12-CENSUS-0000224554,J9M9ZJWB88M5,2022,2023-09-11,753163877
2022-12-CENSUS-0000224554,J9M9ZJWB88M5,2022,2023-09-11,753163879
2022-12-CENSUS-0000224554,J9M9ZJWB88M5,2022,2023-09-11,141905406
2022-12-CENSUS-0000224554,J9M9ZJWB88M5,2022,2023-09-11,202413149
2022-12-CENSUS-0000224554,J9M9ZJWB88M5,2022,2023-09-11,208771044
2022-12-CENSUS-0000224554,J9M9ZJWB88M5,2022,2023-09-11,264440162
2022-12-CENSUS-0000224554,J9M9ZJWB88M5,2022,2023-09-11,270392391
2022-12-CENSUS-0000224554,J9M9ZJWB88M5,2022,2023-09-11,270393024
2022-12-CENSUS-0000224554,J9M9ZJWB88M5,2022,2023-09-11,271949623
2022-12-CENSUS-0000224554,J9M9ZJWB88M5,2022,2023-09-11,451607621
2022-12-CENSUS-0000224554,J9M9ZJWB88M5,2022,2023-09-11,460613816
2022-12-CENSUS-0000224554,J9M9ZJWB88M5,2022,2023-09-11,462189789
2022-12-CENSUS-0000224554,J9M9ZJWB88M5,2022,2023-09-11,471987125
2022-12-CENSUS-0000224554,J9M9ZJWB88M5,2022,2023-09-11,472478210
2022-12-CENSUS-0000224554,J9M9ZJWB88M5,2022,2023-09-11,541600987
2022-12-CENSUS-0000224554,J9M9ZJWB88M5,2022,2023-09-11,541713494
2022-12-CENSUS-0000224554,J9M9ZJWB88M5,2022,2023-09-11,541893899
2022-12-CENSUS-0000224554,J9M9ZJWB88M5,2022,2023-09-11,815107799
2022-09-CENSUS-0000136154,QCM6MK4JMTA5,2022,2023-09-25,592013869
2022-09-CENSUS-0000136154,QCM6MK4JMTA5,2022,2023-09-25,591114009
2022-09-CENSUS-0000136154,QCM6MK4JMTA5,2022,2023-09-25,205679783
2022-09-CENSUS-0000136154,QCM6MK4JMTA5,2022,2023-09-25,832726764
2022-12-CENSUS-0000148705,SX3NTU5NQ6K9,2022,2023-07-13,382078808
2022-12-CENSUS-0000148705,SX3NTU5NQ6K9,2022,2023-07-13,383009238
2022-12-CENSUS-0000148705,SX3NTU5NQ6K9,2022,2023-07-13,382893870
2022-06-CENSUS-0000198401,DAKHSD18MVG5,2022,2023-02-13,626000710
2022-06-CENSUS-0000198401,DAKHSD18MVG5,2022,2023-02-13,621251850
2022-12-CENSUS-0000254632,HWVZFW5MFQS4,2022,2023-09-19,450501306
2022-12-CENSUS-0000253270,WJ8KM1DJKMM9,2022,2023-04-18,352139972
2022-12-CENSUS-0000253270,WJ8KM1DJKMM9,2022,2023-04-18,050618970
2022-12-CENSUS-0000253270,WJ8KM1DJKMM9,2022,2023-04-18,351718781
2022-09-CENSUS-0000219627,REAALK7Y31M9,2022,2023-04-20,311499733
2022-12-CENSUS-0000256795,ZJ46K54KYBV5,2022,2023-09-28,475341736
2022-12-CENSUS-0000256795,ZJ46K54KYBV5,2022,2023-09-28,853843817
2022-12-CENSUS-0000256795,ZJ46K54KYBV5,2022,2023-09-28,853843957
2022-12-CENSUS-0000216178,J1T9VTF9PK89,2022,2023-05-09,942802034
2022-12-CENSUS-0000216178,J1T9VTF9PK89,2022,2023-05-09,823645843
2022-12-CENSUS-0000251013,TRQ3NHJJCT97,2022,2023-09-11,271835547
2022-12-CENSUS-0000251013,TRQ3NHJJCT97,2022,2023-09-11,270834118
2022-12-CENSUS-0000251013,TRQ3NHJJCT97,2022,2023-09-11,460638330
2022-12-CENSUS-0000251013,TRQ3NHJJCT97,2022,2023-09-11,462535295
2022-12-CENSUS-0000251013,TRQ3NHJJCT97,2022,2023-09-11,852046053
2022-12-CENSUS-0000251013,TRQ3NHJJCT97,2022,2023-09-11,270168491
2022-12-CENSUS-0000251013,TRQ3NHJJCT97,2022,2023-09-11,822487188
2022-12-CENSUS-0000251013,TRQ3NHJJCT97,2022,2023-09-11,852063444
2022-12-CENSUS-0000251013,TRQ3NHJJCT97,2022,2023-09-11,271517745
2022-09-CENSUS-0000023522,NNKNYTTPKQ44,2022,2023-06-29,050258954
2022-09-CENSUS-0000023522,NNKNYTTPKQ44,2022,2023-06-29,050258905
2022-09-CENSUS-0000023522,NNKNYTTPKQ44,2022,2023-06-29,050258806
2022-09-CENSUS-0000023522,NNKNYTTPKQ44,2022,2023-06-29,050309043
2022-09-CENSUS-0000023522,NNKNYTTPKQ44,2022,2023-06-29,050389801
2022-06-CENSUS-0000251687,YTR7XM538AY8,2022,2023-02-21,260653514
2022-06-CENSUS-0000251687,YTR7XM538AY8,2022,2023-02-21,270223153
2022-06-CENSUS-0000251687,YTR7XM538AY8,2022,2023-02-21,310536660
2022-06-CENSUS-0000068101,N52NHWMBZNG5,2022,2023-03-30,820881485
2022-06-CENSUS-0000068101,N52NHWMBZNG5,2022,2023-03-30,814753049
2022-06-CENSUS-0000068101,N52NHWMBZNG5,2022,2023-03-30,821130197
2022-06-CENSUS-0000068101,N52NHWMBZNG5,2022,2023-03-30,822564241
2022-12-CENSUS-0000249787,X6NEZKLCEZP3,2022,2023-06-25,131839684
2022-12-CENSUS-0000042275,F8WWSS8ECES3,2022,2023-09-27,341575266
2022-06-CENSUS-0000239659,SK63RN4FS8R3,2022,2023-03-30,273750175
2022-06-CENSUS-0000239659,SK63RN4FS8R3,2022,2023-03-30,273750206
2022-06-CENSUS-0000239659,SK63RN4FS8R3,2022,2023-03-30,320433067
2022-06-CENSUS-0000239659,SK63RN4FS8R3,2022,2023-03-30,451360165
2022-06-CENSUS-0000239659,SK63RN4FS8R3,2022,2023-03-30,460678142
2022-06-CENSUS-0000189124,JSCUHKLVUMH8,2022,2023-03-26,431341457
2022-06-CENSUS-0000092326,KT93ALL1HRS5,2022,2023-03-30,582500227
2022-06-CENSUS-0000092326,KT93ALL1HRS5,2022,2023-03-30,830743908
2022-12-CENSUS-0000237919,DDQZJBWC9Y38,2022,2023-08-30,223389093
2022-12-CENSUS-0000237919,DDQZJBWC9Y38,2022,2023-08-30,364739436
2022-12-CENSUS-0000237919,DDQZJBWC9Y38,2022,2023-08-30,811176594
2022-06-CENSUS-0000209778,WEJHV7JZPML3,2022,2023-03-29,133466166
2022-06-CENSUS-0000230798,HKFNF96ZVWK8,2022,2023-10-01,454342144
2022-12-CENSUS-0000258287,DJNTE364LJJ7,2022,2023-09-30,823871397
2022-12-CENSUS-0000258287,DJNTE364LJJ7,2022,2023-09-30,823889980
2022-12-CENSUS-0000258287,DJNTE364LJJ7,2022,2023-09-30,823907507
2022-06-CENSUS-0000155331,Y8C9LCXDLNJ4,2022,2023-01-15,470798800
2022-06-CENSUS-0000155331,Y8C9LCXDLNJ4,2022,2023-01-15,261596578
2022-06-CENSUS-0000155331,Y8C9LCXDLNJ4,2022,2023-01-15,263937725
2022-06-CENSUS-0000155331,Y8C9LCXDLNJ4,2022,2023-01-15,463363896
2022-06-CENSUS-0000137893,F7S9S5D2CSP3,2022,2023-03-30,996000725
2022-12-CENSUS-0000010694,H58CPAYE6UE5,2022,2023-09-28,133951057
2022-12-CENSUS-0000010694,H58CPAYE6UE5,2022,2023-09-28,133885148
2022-12-CENSUS-0000010694,H58CPAYE6UE5,2022,2023-09-28,300006817
2022-12-CENSUS-0000010694,H58CPAYE6UE5,2022,2023-09-28,131624211
2022-06-CENSUS-0000255384,NN9LP4KN4268,2022,2023-02-21,431473547
2022-06-CENSUS-0000255384,NN9LP4KN4268,2022,2023-02-21,430962685
2022-06-CENSUS-0000255384,NN9LP4KN4268,2022,2023-02-21,431030992
2022-09-CENSUS-0000251754,CNPAZU1NXQ76,2022,2023-06-19,464150987
2022-09-CENSUS-0000251754,CNPAZU1NXQ76,2022,2023-06-19,941294954
2022-09-CENSUS-0000251754,CNPAZU1NXQ76,2022,2023-06-19,471408754
2022-12-CENSUS-0000200897,KJSXV7BX15K5,2022,2023-10-01,222965240
2022-12-CENSUS-0000200897,KJSXV7BX15K5,2022,2023-10-01,223419259
2022-12-CENSUS-0000200897,KJSXV7BX15K5,2022,2023-10-01,051483383
2022-12-CENSUS-0000200897,KJSXV7BX15K5,2022,2023-10-01,080747085
2022-12-CENSUS-0000200897,KJSXV7BX15K5,2022,2023-10-01,821589048
2022-12-CENSUS-0000200897,KJSXV7BX15K5,2022,2023-10-01,223266219
2022-12-CENSUS-0000200897,KJSXV7BX15K5,2022,2023-10-01,002031895
2022-12-CENSUS-0000200897,KJSXV7BX15K5,2022,2023-10-01,223587486
2022-12-CENSUS-0000200897,KJSXV7BX15K5,2022,2023-10-01,222329164
2022-12-CENSUS-0000200897,KJSXV7BX15K5,2022,2023-10-01,222965846
2022-12-CENSUS-0000200897,KJSXV7BX15K5,2022,2023-10-01,223235088
2022-12-CENSUS-0000200897,KJSXV7BX15K5,2022,2023-10-01,223358732
2022-12-CENSUS-0000200897,KJSXV7BX15K5,2022,2023-10-01,020835576
2022-12-CENSUS-0000200897,KJSXV7BX15K5,2022,2023-10-01,223075647
2022-12-CENSUS-0000200897,KJSXV7BX15K5,2022,2023-10-01,223346073
2022-12-CENSUS-0000200897,KJSXV7BX15K5,2022,2023-10-01,223474357
2022-12-CENSUS-0000200897,KJSXV7BX15K5,2022,2023-10-01,223486722
2022-12-CENSUS-0000200897,KJSXV7BX15K5,2022,2023-10-01,222700904
2022-12-CENSUS-0000200897,KJSXV7BX15K5,2022,2023-10-01,223315602
2022-12-CENSUS-0000200897,KJSXV7BX15K5,2022,2023-10-01,223310529
2022-12-CENSUS-0000200897,KJSXV7BX15K5,2022,2023-10-01,223427282
2022-12-CENSUS-0000200897,KJSXV7BX15K5,2022,2023-10-01,223487144
2022-12-CENSUS-0000200897,KJSXV7BX15K5,2022,2023-10-01,222170196
2022-12-CENSUS-0000200897,KJSXV7BX15K5,2022,2023-10-01,223137520
2022-09-CENSUS-0000096036,TGPAPG89LW44,2022,2023-09-27,640819193
2022-09-CENSUS-0000096036,TGPAPG89LW44,2022,2023-09-27,640926753
2022-09-CENSUS-0000096036,TGPAPG89LW44,2022,2023-09-27,320583236
2022-09-CENSUS-0000096036,TGPAPG89LW44,2022,2023-09-27,640780130
2022-09-CENSUS-0000096036,TGPAPG89LW44,2022,2023-09-27,640662976
2022-09-CENSUS-0000096036,TGPAPG89LW44,2022,2023-09-27,640741047
2022-09-CENSUS-0000096036,TGPAPG89LW44,2022,2023-09-27,811699516
2022-09-CENSUS-0000096036,TGPAPG89LW44,2022,2023-09-27,364914599
2022-09-CENSUS-0000096036,TGPAPG89LW44,2022,2023-09-27,811818334
2022-09-CENSUS-0000096036,TGPAPG89LW44,2022,2023-09-27,113669034
2022-09-CENSUS-0000096036,TGPAPG89LW44,2022,2023-09-27,450822865
2022-09-CENSUS-0000096036,TGPAPG89LW44,2022,2023-09-27,455382862
2022-09-CENSUS-0000096036,TGPAPG89LW44,2022,2023-09-27,640668465
2022-09-CENSUS-0000096036,TGPAPG89LW44,2022,2023-09-27,640741410
2022-09-CENSUS-0000096036,TGPAPG89LW44,2022,2023-09-27,640787918
2022-09-CENSUS-0000096036,TGPAPG89LW44,2022,2023-09-27,680561912
2022-09-CENSUS-0000096036,TGPAPG89LW44,2022,2023-09-27,770647210
2022-06-CENSUS-0000243788,CHQUHD9UFA37,2022,2023-01-02,462248018
2022-06-CENSUS-0000235539,CCQAK9U4NFH5,2022,2023-03-28,823211410
2022-09-CENSUS-0000212155,LDNYJMXCKUW1,2022,2023-02-21,592898487
2022-09-CENSUS-0000212155,LDNYJMXCKUW1,2022,2023-02-21,592661284
2022-09-CENSUS-0000212155,LDNYJMXCKUW1,2022,2023-02-21,842569909
2022-06-CENSUS-0000001942,HLTMVS2JZBS6,2022,2023-01-04,465228806
2022-06-CENSUS-0000255156,HH7NH4ZE3JE3,2022,2023-07-09,042897442
2022-06-CENSUS-0000255156,HH7NH4ZE3JE3,2022,2023-07-09,042775393
2022-06-CENSUS-0000255156,HH7NH4ZE3JE3,2022,2023-07-09,161644288
2022-06-CENSUS-0000255156,HH7NH4ZE3JE3,2022,2023-07-09,042125640
2022-09-CENSUS-0000254121,WJHHVNDH7RL6,2022,2023-06-28,042769210
2022-09-CENSUS-0000254121,WJHHVNDH7RL6,2022,2023-06-28,050398822
2022-09-CENSUS-0000254121,WJHHVNDH7RL6,2022,2023-06-28,043170333
2022-09-CENSUS-0000254121,WJHHVNDH7RL6,2022,2023-06-28,330998957
2022-09-CENSUS-0000254121,WJHHVNDH7RL6,2022,2023-06-28,200156651
2022-09-CENSUS-0000254121,WJHHVNDH7RL6,2022,2023-06-28,042582248
2022-09-CENSUS-0000254121,WJHHVNDH7RL6,2022,2023-06-28,452385865
2022-12-CENSUS-0000252569,SCVMV157SYP3,2022,2023-04-24,455352976
2022-12-CENSUS-0000252569,SCVMV157SYP3,2022,2023-04-24,475312741
2022-12-CENSUS-0000252569,SCVMV157SYP3,2022,2023-04-24,824750959
2022-09-CENSUS-0000225374,C7LZS7A8QKP8,2022,2023-04-03,476006148
2022-12-CENSUS-0000128718,RTE9LX2HNM38,2022,2023-07-18,311688873
2022-12-CENSUS-0000128718,RTE9LX2HNM38,2022,2023-07-18,311688648
2022-06-CENSUS-0000001165,K76NXGVN1XX3,2022,2023-03-30,020360640
2022-12-CENSUS-0000236573,W7LCHK9CRQ77,2022,2023-09-28,341571750
2022-12-CENSUS-0000258512,NH1GAMMESLB7,2022,2023-07-09,731575885
2022-12-CENSUS-0000253892,CWNPK67MNA78,2022,2023-09-30,362181997
2022-12-CENSUS-0000253892,CWNPK67MNA78,2022,2023-09-30,362879689
2022-06-CENSUS-0000223053,KNR5K9QF8SY6,2022,2023-03-30,223166974
2022-06-CENSUS-0000223053,KNR5K9QF8SY6,2022,2023-03-30,232696460
2022-06-CENSUS-0000223053,KNR5K9QF8SY6,2022,2023-03-30,222424253
2022-06-CENSUS-0000223053,KNR5K9QF8SY6,2022,2023-03-30,210634582
2022-06-CENSUS-0000223053,KNR5K9QF8SY6,2022,2023-03-30,210634500
2022-06-CENSUS-0000223053,KNR5K9QF8SY6,2022,2023-03-30,221501364
2022-12-CENSUS-0000206631,QQ3MM48K4863,2022,2023-09-28,731646729
2022-12-CENSUS-0000206631,QQ3MM48K4863,2022,2023-09-28,743019428
2022-12-CENSUS-0000206631,QQ3MM48K4863,2022,2023-09-28,831886464
2022-12-CENSUS-0000206631,QQ3MM48K4863,2022,2023-09-28,814773905
2022-12-CENSUS-0000206631,QQ3MM48K4863,2022,2023-09-28,822762890
2022-12-CENSUS-0000206631,QQ3MM48K4863,2022,2023-09-28,814758762
2022-12-CENSUS-0000206631,QQ3MM48K4863,2022,2023-09-28,753023466
2022-12-CENSUS-0000206631,QQ3MM48K4863,2022,2023-09-28,823329127
2022-12-CENSUS-0000206631,QQ3MM48K4863,2022,2023-09-28,743017024
2022-12-CENSUS-0000206631,QQ3MM48K4863,2022,2023-09-28,412112541
2022-12-CENSUS-0000206631,QQ3MM48K4863,2022,2023-09-28,743002791
2022-12-CENSUS-0000206631,QQ3MM48K4863,2022,2023-09-28,743012695
2022-12-CENSUS-0000206631,QQ3MM48K4863,2022,2023-09-28,743017054
2022-12-CENSUS-0000206631,QQ3MM48K4863,2022,2023-09-28,743973139
2022-12-CENSUS-0000206631,QQ3MM48K4863,2022,2023-09-28,842725486
2022-12-CENSUS-0000255056,HMVHUSCSX1Q7,2022,2023-09-27,030494366
2022-12-CENSUS-0000258954,XYN9J2NMQUL5,2022,2023-09-25,834630132
2022-06-CENSUS-0000033619,HK2QL6YXLEK4,2022,2023-02-28,133599121
2022-06-CENSUS-0000257253,TP7AHLM1Y4G8,2022,2023-03-02,352058981
2022-06-CENSUS-0000212059,ER64HRTRKFY3,2022,2023-02-06,452712474
2022-12-CENSUS-0000246315,UF52F3QMZL33,2022,2023-09-07,381359087
2022-12-CENSUS-0000246315,UF52F3QMZL33,2022,2023-09-07,381359218
2022-12-CENSUS-0000246315,UF52F3QMZL33,2022,2023-09-07,381676780
2022-12-CENSUS-0000246315,UF52F3QMZL33,2022,2023-09-07,382415081
2022-12-CENSUS-0000246315,UF52F3QMZL33,2022,2023-09-07,382776791
2022-12-CENSUS-0000246315,UF52F3QMZL33,2022,2023-09-07,382842451
2022-09-CENSUS-0000253838,JFCEYR92LTY4,2022,2023-04-26,451555344
2022-09-CENSUS-0000227568,K4BRNGSP1LA9,2022,2023-08-16,272814620
2022-09-CENSUS-0000136122,ZAMZMX9ZHCM9,2022,2023-04-18,596000772
2022-09-CENSUS-0000136122,ZAMZMX9ZHCM9,2022,2023-04-18,596000776
2022-12-CENSUS-0000226631,ZCM5DRKE94L2,2022,2023-05-24,271487259
2022-12-CENSUS-0000258199,EK5DWZ3L1N88,2022,2023-05-25,822147993
2022-12-CENSUS-0000258199,EK5DWZ3L1N88,2022,2023-05-25,841823127
2022-12-CENSUS-0000258199,EK5DWZ3L1N88,2022,2023-05-25,841839186
2022-12-CENSUS-0000258199,EK5DWZ3L1N88,2022,2023-05-25,990075235
2022-12-CENSUS-0000226426,ZEMCUN1MX5H1,2022,2023-05-09,571192664
2022-12-CENSUS-0000226426,ZEMCUN1MX5H1,2022,2023-05-09,261944403
2022-12-CENSUS-0000226426,ZEMCUN1MX5H1,2022,2023-05-09,274861669
2022-12-CENSUS-0000226426,ZEMCUN1MX5H1,2022,2023-05-09,384044159
2022-12-CENSUS-0000226426,ZEMCUN1MX5H1,2022,2023-05-09,352671317
2022-06-CENSUS-0000176054,GXL2R9ANB8T3,2022,2023-01-10,540720080
2022-06-CENSUS-0000176054,GXL2R9ANB8T3,2022,2023-01-10,546001241
2022-06-CENSUS-0000176054,GXL2R9ANB8T3,2022,2023-01-10,371583271
2022-06-CENSUS-0000176054,GXL2R9ANB8T3,2022,2023-01-10,541745386
2022-06-CENSUS-0000176054,GXL2R9ANB8T3,2022,2023-01-10,546001239
2022-12-CENSUS-0000258282,CCJUZP1D8U44,2022,2023-06-06,880236758
2022-12-CENSUS-0000258282,CCJUZP1D8U44,2022,2023-06-06,460517825
2022-12-CENSUS-0000258282,CCJUZP1D8U44,2022,2023-06-06,880213754
2022-09-CENSUS-0000101101,EYJCLM9UCLX5,2022,2023-06-20,260834681
2022-09-CENSUS-0000101101,EYJCLM9UCLX5,2022,2023-06-20,760460242
2022-09-CENSUS-0000101101,EYJCLM9UCLX5,2022,2023-06-20,741100555
2022-09-CENSUS-0000101101,EYJCLM9UCLX5,2022,2023-06-20,760486264
2022-09-CENSUS-0000101101,EYJCLM9UCLX5,2022,2023-06-20,472029489
2022-12-CENSUS-0000247119,W4TXPPQNK4F5,2022,2023-07-11,341657978
2022-12-CENSUS-0000247119,W4TXPPQNK4F5,2022,2023-07-11,237084455
2022-06-CENSUS-0000109367,G7K7HMWE8E78,2022,2023-03-08,311532716
2022-12-CENSUS-0000190106,H953FM9HX4Q3,2022,2023-07-11,382790595
2022-06-CENSUS-0000251165,CLTTLADDBD53,2022,2023-03-29,814322087
2022-06-CENSUS-0000251165,CLTTLADDBD53,2022,2023-03-29,730700090
2022-06-CENSUS-0000251165,CLTTLADDBD53,2022,2023-03-29,813127970
2022-06-CENSUS-0000251165,CLTTLADDBD53,2022,2023-03-29,731308273
2022-06-CENSUS-0000251165,CLTTLADDBD53,2022,2023-03-29,731310891
2022-06-CENSUS-0000251165,CLTTLADDBD53,2022,2023-03-29,010603214
2022-06-CENSUS-0000251165,CLTTLADDBD53,2022,2023-03-29,813747248
2022-06-CENSUS-0000251165,CLTTLADDBD53,2022,2023-03-29,141841340
2022-12-CENSUS-0000212995,SNKCKEK8A377,2022,2023-10-01,586010563
2022-12-CENSUS-0000254251,GYEWW2TUZJ43,2022,2023-09-18,351988368
2022-09-CENSUS-0000221917,L7KQE4GQ1Q71,2022,2023-02-19,421510504
2022-08-CENSUS-0000237734,RE86JBBNDVV5,2022,2023-05-30,221500557
2022-08-CENSUS-0000237734,RE86JBBNDVV5,2022,2023-05-30,223121976
2022-06-CENSUS-0000171439,CL1DBBTJGJJ8,2022,2023-03-19,626000862
2022-06-CENSUS-0000202510,GLD1KRCPLYN6,2022,2023-03-14,620912614
2022-06-CENSUS-0000202510,GLD1KRCPLYN6,2022,2023-03-14,626000633
2022-06-CENSUS-0000202510,GLD1KRCPLYN6,2022,2023-03-14,626000632
2022-12-CENSUS-0000252611,QL54NZRZNLT3,2022,2023-08-31,570943822
2022-12-CENSUS-0000252611,QL54NZRZNLT3,2022,2023-08-31,570342027
2022-12-CENSUS-0000252611,QL54NZRZNLT3,2022,2023-08-31,570815011
2022-12-CENSUS-0000252611,QL54NZRZNLT3,2022,2023-08-31,570811053
2022-12-CENSUS-0000252611,QL54NZRZNLT3,2022,2023-08-31,570359174
2022-12-CENSUS-0000252611,QL54NZRZNLT3,2022,2023-08-31,611796834
2022-12-CENSUS-0000252611,QL54NZRZNLT3,2022,2023-08-31,570741536
2022-12-CENSUS-0000252611,QL54NZRZNLT3,2022,2023-08-31,383886017
2022-12-CENSUS-0000078689,HNR1MNZJGYJ1,2022,2023-10-01,203639329
2022-12-CENSUS-0000078689,HNR1MNZJGYJ1,2022,2023-10-01,204712023
2022-12-CENSUS-0000078689,HNR1MNZJGYJ1,2022,2023-10-01,471052716
2022-12-CENSUS-0000078689,HNR1MNZJGYJ1,2022,2023-10-01,540555201
2022-12-CENSUS-0000078689,HNR1MNZJGYJ1,2022,2023-10-01,540566100
2022-09-CENSUS-0000253681,S277U1C5C6N6,2022,2023-09-25,462773479
2022-09-CENSUS-0000253681,S277U1C5C6N6,2022,2023-09-25,364860252
2022-09-CENSUS-0000253681,S277U1C5C6N6,2022,2023-09-25,821562462
2022-09-CENSUS-0000253681,S277U1C5C6N6,2022,2023-09-25,592440537
2022-09-CENSUS-0000253681,S277U1C5C6N6,2022,2023-09-25,202047704
2022-09-CENSUS-0000253681,S277U1C5C6N6,2022,2023-09-25,592484352
2022-12-CENSUS-0000250588,UGATFHZYHEN5,2022,2023-09-27,320081580
2022-12-CENSUS-0000250588,UGATFHZYHEN5,2022,2023-09-27,272392510
2022-12-CENSUS-0000250588,UGATFHZYHEN5,2022,2023-09-27,262243879
2022-12-CENSUS-0000255590,RHT9XF363TX8,2022,2023-09-28,464534925
2022-12-CENSUS-0000254508,S4GCJWMGNLK5,2022,2023-09-20,411801967
2022-12-CENSUS-0000254508,S4GCJWMGNLK5,2022,2023-09-20,410837659
2022-09-CENSUS-0000147704,S6QJU8BVMCS8,2022,2023-06-28,010449625
2022-09-CENSUS-0000198810,TBAHL1WANLF3,2022,2023-06-29,113784371
2022-12-CENSUS-0000188871,SVT8JXSLA7J7,2022,2023-09-28,770531523
2022-12-CENSUS-0000188871,SVT8JXSLA7J7,2022,2023-09-28,770166414
2022-12-CENSUS-0000188871,SVT8JXSLA7J7,2022,2023-09-28,770490711
2022-12-CENSUS-0000188871,SVT8JXSLA7J7,2022,2023-09-28,770166413
2022-12-CENSUS-0000188871,SVT8JXSLA7J7,2022,2023-09-28,711004905
2022-12-CENSUS-0000188871,SVT8JXSLA7J7,2022,2023-09-28,941720838
2022-12-CENSUS-0000253076,LR6AB92EJWE5,2022,2023-09-27,042510563
2022-12-CENSUS-0000253076,LR6AB92EJWE5,2022,2023-09-27,610523290
2022-12-CENSUS-0000253076,LR6AB92EJWE5,2022,2023-09-27,912134683
2022-12-CENSUS-0000253076,LR6AB92EJWE5,2022,2023-09-27,042157057
2022-12-CENSUS-0000253076,LR6AB92EJWE5,2022,2023-09-27,310655031
2022-12-CENSUS-0000253076,LR6AB92EJWE5,2022,2023-09-27,042173054
2022-12-CENSUS-0000253076,LR6AB92EJWE5,2022,2023-09-27,131740033
2022-12-CENSUS-0000253076,LR6AB92EJWE5,2022,2023-09-27,383902709
2022-12-CENSUS-0000253076,LR6AB92EJWE5,2022,2023-09-27,043210051
2022-12-CENSUS-0000253076,LR6AB92EJWE5,2022,2023-09-27,112167809
2022-12-CENSUS-0000253076,LR6AB92EJWE5,2022,2023-09-27,271680453
2022-12-CENSUS-0000253076,LR6AB92EJWE5,2022,2023-09-27,362527011
2022-12-CENSUS-0000253076,LR6AB92EJWE5,2022,2023-09-27,420760833
2022-12-CENSUS-0000253076,LR6AB92EJWE5,2022,2023-09-27,472021696
2022-12-CENSUS-0000253076,LR6AB92EJWE5,2022,2023-09-27,590879342
2022-06-CENSUS-0000176077,WLG7WD5FYA89,2022,2023-01-11,546001373
2022-06-CENSUS-0000176077,WLG7WD5FYA89,2022,2023-01-11,546001375
2022-06-CENSUS-0000211260,KBEJL5YSFUU4,2022,2023-03-27,651170616
2022-06-CENSUS-0000246232,JNLGZDMFQCP1,2022,2023-03-30,043716992
2022-12-CENSUS-0000201567,TW7TS5HCGJ57,2022,2023-08-22,300598934
2022-12-CENSUS-0000201567,TW7TS5HCGJ57,2022,2023-08-22,232889102
2022-09-CENSUS-0000253678,J4N8ASG7LCP4,2022,2023-06-29,522309007
2022-06-CENSUS-0000176086,ZK89TPMVPWL3,2022,2023-01-04,546001416
2022-06-CENSUS-0000176086,ZK89TPMVPWL3,2022,2023-01-04,546001418
2022-06-CENSUS-0000171396,D1QMDGN7KB46,2022,2023-02-08,656000656
2022-06-CENSUS-0000171396,D1QMDGN7KB46,2022,2023-02-08,656000659
2022-12-CENSUS-0000243624,ZVQ8C1RAYGR2,2022,2023-05-07,204590755
2022-12-CENSUS-0000243624,ZVQ8C1RAYGR2,2022,2023-05-07,411733879
2022-12-CENSUS-0000243624,ZVQ8C1RAYGR2,2022,2023-05-07,411810289
2022-09-CENSUS-0000254121,WJHHVNDH7RL6,2022,2023-06-28,042297845
2022-09-CENSUS-0000254121,WJHHVNDH7RL6,2022,2023-06-28,823503666
2022-09-CENSUS-0000254121,WJHHVNDH7RL6,2022,2023-06-28,043248480
2022-12-CENSUS-0000216833,J5TRL7GBE353,2022,2023-06-20,200986222
2022-12-CENSUS-0000216833,J5TRL7GBE353,2022,2023-06-20,411465688
2022-11-CENSUS-0000246455,PCV1WJVKG4L5,2022,2023-08-30,390813416
2022-11-CENSUS-0000246455,PCV1WJVKG4L5,2022,2023-08-30,391028657
2022-11-CENSUS-0000246455,PCV1WJVKG4L5,2022,2023-08-30,391249705
2022-11-CENSUS-0000246455,PCV1WJVKG4L5,2022,2023-08-30,390704510
2022-11-CENSUS-0000246455,PCV1WJVKG4L5,2022,2023-08-30,410711606
2022-11-CENSUS-0000246455,PCV1WJVKG4L5,2022,2023-08-30,411565003
2022-11-CENSUS-0000246455,PCV1WJVKG4L5,2022,2023-08-30,391965415
2022-11-CENSUS-0000246455,PCV1WJVKG4L5,2022,2023-08-30,391962965
2022-11-CENSUS-0000246455,PCV1WJVKG4L5,2022,2023-08-30,391751934
2022-11-CENSUS-0000246455,PCV1WJVKG4L5,2022,2023-08-30,390845590
2022-11-CENSUS-0000246455,PCV1WJVKG4L5,2022,2023-08-30,390929538
2022-11-CENSUS-0000246455,PCV1WJVKG4L5,2022,2023-08-30,390944012
2022-11-CENSUS-0000246455,PCV1WJVKG4L5,2022,2023-08-30,391586700
2022-11-CENSUS-0000246455,PCV1WJVKG4L5,2022,2023-08-30,410693877
2022-11-CENSUS-0000246455,PCV1WJVKG4L5,2022,2023-08-30,421320763
2022-06-CENSUS-0000176264,J188KSBPKEH6,2022,2023-01-10,546000332
2022-09-CENSUS-0000184033,KCM2SXSNUS33,2022,2023-02-08,382700033
2022-09-CENSUS-0000184033,KCM2SXSNUS33,2022,2023-02-08,382699000
2022-09-CENSUS-0000184033,KCM2SXSNUS33,2022,2023-02-08,382699001
2022-09-CENSUS-0000136105,FB3SLJJZ38K9,2022,2023-03-14,591798093
2022-09-CENSUS-0000136105,FB3SLJJZ38K9,2022,2023-03-14,596000678
2022-09-CENSUS-0000136105,FB3SLJJZ38K9,2022,2023-03-14,596000679
2022-09-CENSUS-0000136105,FB3SLJJZ38K9,2022,2023-03-14,596000677
2022-06-CENSUS-0000176071,ES1MHJ815XS1,2022,2023-02-27,546001342
2022-06-CENSUS-0000135691,ETN5HUNJ58L5,2022,2023-02-15,066001886
2022-06-CENSUS-0000135691,ETN5HUNJ58L5,2022,2023-02-15,061379990
2022-12-CENSUS-0000248703,PBQRGJPJ7C95,2022,2023-09-14,271408630
2022-12-CENSUS-0000248703,PBQRGJPJ7C95,2022,2023-09-14,310537085
2022-12-CENSUS-0000248703,PBQRGJPJ7C95,2022,2023-09-14,310538532
2022-12-CENSUS-0000248703,PBQRGJPJ7C95,2022,2023-09-14,310785684
2022-12-CENSUS-0000248703,PBQRGJPJ7C95,2022,2023-09-14,310830955
2022-12-CENSUS-0000248703,PBQRGJPJ7C95,2022,2023-09-14,311007881
2022-12-CENSUS-0000248703,PBQRGJPJ7C95,2022,2023-09-14,311091597
2022-12-CENSUS-0000248703,PBQRGJPJ7C95,2022,2023-09-14,311222942
2022-12-CENSUS-0000248703,PBQRGJPJ7C95,2022,2023-09-14,311556401
2022-12-CENSUS-0000248703,PBQRGJPJ7C95,2022,2023-09-14,311716973
2022-12-CENSUS-0000248703,PBQRGJPJ7C95,2022,2023-09-14,340505560
2022-12-CENSUS-0000248703,PBQRGJPJ7C95,2022,2023-09-14,340714704
2022-12-CENSUS-0000248703,PBQRGJPJ7C95,2022,2023-09-14,340864230
2022-12-CENSUS-0000248703,PBQRGJPJ7C95,2022,2023-09-14,341105619
2022-12-CENSUS-0000248703,PBQRGJPJ7C95,2022,2023-09-14,341344482
2022-12-CENSUS-0000248703,PBQRGJPJ7C95,2022,2023-09-14,341577110
2022-12-CENSUS-0000248703,PBQRGJPJ7C95,2022,2023-09-14,341726619
2022-12-CENSUS-0000248703,PBQRGJPJ7C95,2022,2023-09-14,344428250
2022-12-CENSUS-0000248703,PBQRGJPJ7C95,2022,2023-09-14,344431174
2022-12-CENSUS-0000248703,PBQRGJPJ7C95,2022,2023-09-14,344445373
2022-12-CENSUS-0000248703,PBQRGJPJ7C95,2022,2023-09-14,521732800
2022-12-CENSUS-0000248703,PBQRGJPJ7C95,2022,2023-09-14,521857768
2022-12-CENSUS-0000248703,PBQRGJPJ7C95,2022,2023-09-14,540506463
2022-12-CENSUS-0000248703,PBQRGJPJ7C95,2022,2023-09-14,540548200
2022-12-CENSUS-0000248703,PBQRGJPJ7C95,2022,2023-09-14,540647482
2022-12-CENSUS-0000248703,PBQRGJPJ7C95,2022,2023-09-14,540793767
2022-12-CENSUS-0000248703,PBQRGJPJ7C95,2022,2023-09-14,541744931
2022-12-CENSUS-0000248703,PBQRGJPJ7C95,2022,2023-09-14,610927491
2022-12-CENSUS-0000248703,PBQRGJPJ7C95,2022,2023-09-14,200701635
2022-12-CENSUS-0000248703,PBQRGJPJ7C95,2022,2023-09-14,843041473
2022-12-CENSUS-0000248703,PBQRGJPJ7C95,2022,2023-09-14,610600313
2022-12-CENSUS-0000248703,PBQRGJPJ7C95,2022,2023-09-14,237424835
2022-12-CENSUS-0000248703,PBQRGJPJ7C95,2022,2023-09-14,843050337
2022-12-CENSUS-0000248703,PBQRGJPJ7C95,2022,2023-09-14,843065045
2022-12-CENSUS-0000248703,PBQRGJPJ7C95,2022,2023-09-14,582504530
2022-12-CENSUS-0000248703,PBQRGJPJ7C95,2022,2023-09-14,474797980
2022-12-CENSUS-0000248703,PBQRGJPJ7C95,2022,2023-09-14,832087782
2022-12-CENSUS-0000248703,PBQRGJPJ7C95,2022,2023-09-14,134290167
2022-12-CENSUS-0000248703,PBQRGJPJ7C95,2022,2023-09-14,134334363
2022-12-CENSUS-0000248703,PBQRGJPJ7C95,2022,2023-09-14,205588350
2022-12-CENSUS-0000248703,PBQRGJPJ7C95,2022,2023-09-14,205886018
2022-12-CENSUS-0000248703,PBQRGJPJ7C95,2022,2023-09-14,262788491
2022-12-CENSUS-0000248703,PBQRGJPJ7C95,2022,2023-09-14,262878453
2022-12-CENSUS-0000248703,PBQRGJPJ7C95,2022,2023-09-14,263807038
2022-12-CENSUS-0000248703,PBQRGJPJ7C95,2022,2023-09-14,264779623
2022-12-CENSUS-0000248703,PBQRGJPJ7C95,2022,2023-09-14,270854930
2022-12-CENSUS-0000248703,PBQRGJPJ7C95,2022,2023-09-14,270995585
2022-12-CENSUS-0000248703,PBQRGJPJ7C95,2022,2023-09-14,271672951
2022-12-CENSUS-0000248703,PBQRGJPJ7C95,2022,2023-09-14,311308729
2022-12-CENSUS-0000248703,PBQRGJPJ7C95,2022,2023-09-14,320306944
2022-12-CENSUS-0000248703,PBQRGJPJ7C95,2022,2023-09-14,320350047
2022-12-CENSUS-0000248703,PBQRGJPJ7C95,2022,2023-09-14,341013695
2022-12-CENSUS-0000248703,PBQRGJPJ7C95,2022,2023-09-14,341894783
2022-12-CENSUS-0000248703,PBQRGJPJ7C95,2022,2023-09-14,341898285
2022-12-CENSUS-0000248703,PBQRGJPJ7C95,2022,2023-09-14,341913433
2022-12-CENSUS-0000248703,PBQRGJPJ7C95,2022,2023-09-14,521578169
2022-12-CENSUS-0000248703,PBQRGJPJ7C95,2022,2023-09-14,562186977
2022-12-CENSUS-0000248703,PBQRGJPJ7C95,2022,2023-09-14,541516476
2022-12-CENSUS-0000248703,PBQRGJPJ7C95,2022,2023-09-14,650061820
2022-12-CENSUS-0000248703,PBQRGJPJ7C95,2022,2023-09-14,800520229
2022-12-CENSUS-0000248703,PBQRGJPJ7C95,2022,2023-09-14,541417686
2022-12-CENSUS-0000248703,PBQRGJPJ7C95,2022,2023-09-14,570831165
2022-12-CENSUS-0000248703,PBQRGJPJ7C95,2022,2023-09-14,570828733
2022-12-CENSUS-0000248703,PBQRGJPJ7C95,2022,2023-09-14,571067254
2022-12-CENSUS-0000248703,PBQRGJPJ7C95,2022,2023-09-14,570360499
2022-12-CENSUS-0000248703,PBQRGJPJ7C95,2022,2023-09-14,263710229
2022-12-CENSUS-0000248703,PBQRGJPJ7C95,2022,2023-09-14,571068509
2022-12-CENSUS-0000248703,PBQRGJPJ7C95,2022,2023-09-14,475407453
2022-12-CENSUS-0000248703,PBQRGJPJ7C95,2022,2023-09-14,262946628
2022-12-CENSUS-0000248703,PBQRGJPJ7C95,2022,2023-09-14,581693021
2022-12-CENSUS-0000248703,PBQRGJPJ7C95,2022,2023-09-14,311063783
2022-12-CENSUS-0000248703,PBQRGJPJ7C95,2022,2023-09-14,271908136
2022-12-CENSUS-0000248703,PBQRGJPJ7C95,2022,2023-09-14,320598154
2022-12-CENSUS-0000248703,PBQRGJPJ7C95,2022,2023-09-14,352656251
2022-12-CENSUS-0000248703,PBQRGJPJ7C95,2022,2023-09-14,371941117
2022-12-CENSUS-0000248703,PBQRGJPJ7C95,2022,2023-09-14,384115512
2022-12-CENSUS-0000217041,CVHFYSRJ6EQ6,2022,2023-04-30,230215059
2022-06-CENSUS-0000014266,KMAHLN9YLNW9,2022,2023-03-30,133826364
2022-06-CENSUS-0000014266,KMAHLN9YLNW9,2022,2023-03-30,133165181
2022-06-CENSUS-0000066555,M7TYP799J4U6,2022,2023-03-23,721570362
2022-12-CENSUS-0000019180,XXXXXXXXXXXX,2022,2023-09-21,161201952
2022-12-CENSUS-0000019180,XXXXXXXXXXXX,2022,2023-09-21,161525667
2022-12-CENSUS-0000019180,XXXXXXXXXXXX,2022,2023-09-21,161462266
2022-06-CENSUS-0000171366,GEDAKXD3RH21,2022,2023-02-23,626000507
2022-06-CENSUS-0000171366,GEDAKXD3RH21,2022,2023-02-23,626000505
2022-06-CENSUS-0000184411,CYEZUTQ6GME3,2022,2023-03-30,710576888
2022-06-CENSUS-0000184411,CYEZUTQ6GME3,2022,2023-03-30,710852843
2022-06-CENSUS-0000184411,CYEZUTQ6GME3,2022,2023-03-30,710883168
2022-06-CENSUS-0000184411,CYEZUTQ6GME3,2022,2023-03-30,710545489
2022-06-CENSUS-0000184411,CYEZUTQ6GME3,2022,2023-03-30,716520348
2022-06-CENSUS-0000184411,CYEZUTQ6GME3,2022,2023-03-30,205006141
2022-06-CENSUS-0000184411,CYEZUTQ6GME3,2022,2023-03-30,311571018
2022-06-CENSUS-0000184411,CYEZUTQ6GME3,2022,2023-03-30,710682034
2022-06-CENSUS-0000184411,CYEZUTQ6GME3,2022,2023-03-30,710648594
2022-06-CENSUS-0000184411,CYEZUTQ6GME3,2022,2023-03-30,205006195
2022-06-CENSUS-0000184411,CYEZUTQ6GME3,2022,2023-03-30,311535691
2022-06-CENSUS-0000184411,CYEZUTQ6GME3,2022,2023-03-30,710823653
2022-12-CENSUS-0000228410,LTNCJ3JD2CV5,2022,2023-04-12,043249517
2022-06-CENSUS-0000013905,WUS2DMCT5RG7,2022,2023-03-30,133387630
2022-06-CENSUS-0000013905,WUS2DMCT5RG7,2022,2023-03-30,133841701
2022-12-CENSUS-0000204059,SB35ENJFKK14,2022,2023-09-27,270036484
2022-12-CENSUS-0000204059,SB35ENJFKK14,2022,2023-09-27,270036499
2022-12-CENSUS-0000204059,SB35ENJFKK14,2022,2023-09-27,363386394
2022-12-CENSUS-0000204059,SB35ENJFKK14,2022,2023-09-27,470395795
2022-12-CENSUS-0000204059,SB35ENJFKK14,2022,2023-09-27,510147309
2022-12-CENSUS-0000204059,SB35ENJFKK14,2022,2023-09-27,680422620
2022-12-CENSUS-0000204059,SB35ENJFKK14,2022,2023-09-27,830249708
2022-12-CENSUS-0000204059,SB35ENJFKK14,2022,2023-09-27,830249710
2022-12-CENSUS-0000204059,SB35ENJFKK14,2022,2023-09-27,840826331
2022-12-CENSUS-0000204059,SB35ENJFKK14,2022,2023-09-27,840826336
2022-12-CENSUS-0000204059,SB35ENJFKK14,2022,2023-09-27,841287638
2022-12-CENSUS-0000204059,SB35ENJFKK14,2022,2023-09-27,860394148
2022-12-CENSUS-0000204059,SB35ENJFKK14,2022,2023-09-27,860872873
2022-12-CENSUS-0000204059,SB35ENJFKK14,2022,2023-09-27,880321712
2022-12-CENSUS-0000204059,SB35ENJFKK14,2022,2023-09-27,900054201
2022-12-CENSUS-0000204059,SB35ENJFKK14,2022,2023-09-27,900065118
2022-12-CENSUS-0000204059,SB35ENJFKK14,2022,2023-09-27,900389314
2022-12-CENSUS-0000204059,SB35ENJFKK14,2022,2023-09-27,900412842
2022-12-CENSUS-0000204059,SB35ENJFKK14,2022,2023-09-27,900532830
2022-12-CENSUS-0000204059,SB35ENJFKK14,2022,2023-09-27,900532831
2022-12-CENSUS-0000204059,SB35ENJFKK14,2022,2023-09-27,901074557
2022-12-CENSUS-0000204059,SB35ENJFKK14,2022,2023-09-27,901074558
2022-12-CENSUS-0000204059,SB35ENJFKK14,2022,2023-09-27,942958258
2022-12-CENSUS-0000204059,SB35ENJFKK14,2022,2023-09-27,900220728
2022-12-CENSUS-0000204059,SB35ENJFKK14,2022,2023-09-27,840826332
2022-12-CENSUS-0000204059,SB35ENJFKK14,2022,2023-09-27,270036480
2022-12-CENSUS-0000204059,SB35ENJFKK14,2022,2023-09-27,900981239
2022-12-CENSUS-0000204059,SB35ENJFKK14,2022,2023-09-27,900389312
2022-12-CENSUS-0000204059,SB35ENJFKK14,2022,2023-09-27,861035549
2022-12-CENSUS-0000204059,SB35ENJFKK14,2022,2023-09-27,901133689
2022-12-CENSUS-0000204059,SB35ENJFKK14,2022,2023-09-27,204449603
2022-12-CENSUS-0000204059,SB35ENJFKK14,2022,2023-09-27,900733287
2022-12-CENSUS-0000204059,SB35ENJFKK14,2022,2023-09-27,841591715
2022-12-CENSUS-0000204059,SB35ENJFKK14,2022,2023-09-27,900389311
2022-12-CENSUS-0000204059,SB35ENJFKK14,2022,2023-09-27,860657319
2022-12-CENSUS-0000204059,SB35ENJFKK14,2022,2023-09-27,900337681
2022-12-CENSUS-0000204059,SB35ENJFKK14,2022,2023-09-27,900471017
2022-12-CENSUS-0000204059,SB35ENJFKK14,2022,2023-09-27,841324428
2022-12-CENSUS-0000204059,SB35ENJFKK14,2022,2023-09-27,901025110
2022-12-CENSUS-0000204059,SB35ENJFKK14,2022,2023-09-27,841483458
2022-12-CENSUS-0000204059,SB35ENJFKK14,2022,2023-09-27,901182682
2022-12-CENSUS-0000204059,SB35ENJFKK14,2022,2023-09-27,901182683
2022-12-CENSUS-0000204059,SB35ENJFKK14,2022,2023-09-27,901182685
2022-12-CENSUS-0000204059,SB35ENJFKK14,2022,2023-09-27,901182684
2022-12-CENSUS-0000204059,SB35ENJFKK14,2022,2023-09-27,901183954
2022-12-CENSUS-0000204059,SB35ENJFKK14,2022,2023-09-27,141885420
2022-12-CENSUS-0000204059,SB35ENJFKK14,2022,2023-09-27,710936920
2022-12-CENSUS-0000204059,SB35ENJFKK14,2022,2023-09-27,832482390
2022-12-CENSUS-0000204059,SB35ENJFKK14,2022,2023-09-27,831984436
2022-12-CENSUS-0000204059,SB35ENJFKK14,2022,2023-09-27,901182070
2022-12-CENSUS-0000204059,SB35ENJFKK14,2022,2023-09-27,901116751
2022-12-CENSUS-0000204059,SB35ENJFKK14,2022,2023-09-27,901116753
2022-12-CENSUS-0000204059,SB35ENJFKK14,2022,2023-09-27,901116752
2022-12-CENSUS-0000204059,SB35ENJFKK14,2022,2023-09-27,901116750
2022-12-CENSUS-0000204059,SB35ENJFKK14,2022,2023-09-27,901140260
2022-12-CENSUS-0000204059,SB35ENJFKK14,2022,2023-09-27,900733283
2022-12-CENSUS-0000204059,SB35ENJFKK14,2022,2023-09-27,841440050
2022-12-CENSUS-0000204059,SB35ENJFKK14,2022,2023-09-27,900733285
2022-12-CENSUS-0000204059,SB35ENJFKK14,2022,2023-09-27,841233454
2022-12-CENSUS-0000204059,SB35ENJFKK14,2022,2023-09-27,900735044
2022-12-CENSUS-0000204059,SB35ENJFKK14,2022,2023-09-27,900730400
2022-12-CENSUS-0000204059,SB35ENJFKK14,2022,2023-09-27,900730387
2022-12-CENSUS-0000204059,SB35ENJFKK14,2022,2023-09-27,900730402
2022-12-CENSUS-0000204059,SB35ENJFKK14,2022,2023-09-27,900735046
2022-12-CENSUS-0000204059,SB35ENJFKK14,2022,2023-09-27,900730397
2022-12-CENSUS-0000204059,SB35ENJFKK14,2022,2023-09-27,900730395
2022-12-CENSUS-0000204059,SB35ENJFKK14,2022,2023-09-27,860934279
2022-12-CENSUS-0000204059,SB35ENJFKK14,2022,2023-09-27,900733282
2022-12-CENSUS-0000204059,SB35ENJFKK14,2022,2023-09-27,901164193
2022-12-CENSUS-0000204059,SB35ENJFKK14,2022,2023-09-27,823481322
2022-12-CENSUS-0000204059,SB35ENJFKK14,2022,2023-09-27,860087236
2022-12-CENSUS-0000204059,SB35ENJFKK14,2022,2023-09-27,800307419
2022-12-CENSUS-0000204059,SB35ENJFKK14,2022,2023-09-27,830279242
2022-12-CENSUS-0000204059,SB35ENJFKK14,2022,2023-09-27,208391890
2022-12-CENSUS-0000204059,SB35ENJFKK14,2022,2023-09-27,942545356
2022-06-CENSUS-0000171446,EQABL6J7JJP9,2022,2023-02-12,626000892
2022-06-CENSUS-0000171446,EQABL6J7JJP9,2022,2023-02-12,626000894
2022-06-CENSUS-0000255105,LJKZKYJUCM84,2022,2023-03-29,233045622
2022-06-CENSUS-0000255105,LJKZKYJUCM84,2022,2023-03-29,232560952
2022-06-CENSUS-0000255105,LJKZKYJUCM84,2022,2023-03-29,232302675
2022-06-CENSUS-0000255105,LJKZKYJUCM84,2022,2023-03-29,455005460
2022-06-CENSUS-0000255105,LJKZKYJUCM84,2022,2023-03-29,231352525
2022-12-CENSUS-0000258990,Y9BGL89FM2X7,2022,2023-09-26,133439035
2022-06-CENSUS-0000252744,QJ39TLQVVQ17,2022,2023-03-29,113399582
2022-12-CENSUS-0000228511,W8HKMHJKCLN6,2022,2023-09-28,010212435
2022-12-CENSUS-0000228511,W8HKMHJKCLN6,2022,2023-09-28,010422885
2022-12-CENSUS-0000228511,W8HKMHJKCLN6,2022,2023-09-28,010211551
2022-12-CENSUS-0000228511,W8HKMHJKCLN6,2022,2023-09-28,010409788
2022-12-CENSUS-0000228511,W8HKMHJKCLN6,2022,2023-09-28,020222215
2022-06-CENSUS-0000171429,G61XDDVNMS74,2022,2023-03-14,626000797
2022-06-CENSUS-0000171429,G61XDDVNMS74,2022,2023-03-14,626000799
2022-03-CENSUS-0000256646,RRKULB2TY3J1,2022,2023-01-15,471563378
2022-12-CENSUS-0000248703,PBQRGJPJ7C95,2022,2023-09-14,850900392
2022-12-CENSUS-0000248703,PBQRGJPJ7C95,2022,2023-09-14,850907823
2022-12-CENSUS-0000248703,PBQRGJPJ7C95,2022,2023-09-14,850927018
2022-12-CENSUS-0000248703,PBQRGJPJ7C95,2022,2023-09-14,850942760
2022-12-CENSUS-0000248703,PBQRGJPJ7C95,2022,2023-09-14,850958357
2022-12-CENSUS-0000248703,PBQRGJPJ7C95,2022,2023-09-14,850975137
2022-12-CENSUS-0000248703,PBQRGJPJ7C95,2022,2023-09-14,850988160
2022-12-CENSUS-0000248703,PBQRGJPJ7C95,2022,2023-09-14,851007420
2022-12-CENSUS-0000248703,PBQRGJPJ7C95,2022,2023-09-14,851024360
2022-12-CENSUS-0000248703,PBQRGJPJ7C95,2022,2023-09-14,851040784
2022-12-CENSUS-0000248703,PBQRGJPJ7C95,2022,2023-09-14,851056783
2022-12-CENSUS-0000248703,PBQRGJPJ7C95,2022,2023-09-14,882309850
2022-06-CENSUS-0000171405,HLNTP7H1UCM7,2022,2023-03-28,621514781
2022-12-CENSUS-0000220382,UL2NCDN4YCZ3,2022,2023-09-28,453121176
2022-12-CENSUS-0000220382,UL2NCDN4YCZ3,2022,2023-09-28,833988719
2022-12-CENSUS-0000220382,UL2NCDN4YCZ3,2022,2023-09-28,463797389
2022-12-CENSUS-0000220382,UL2NCDN4YCZ3,2022,2023-09-28,823584856
2022-12-CENSUS-0000220382,UL2NCDN4YCZ3,2022,2023-09-28,453734329
2022-12-CENSUS-0000220382,UL2NCDN4YCZ3,2022,2023-09-28,833960130
2022-09-CENSUS-0000253755,MLRFM5DE1HN4,2022,2023-01-26,590624371
2022-09-CENSUS-0000253755,MLRFM5DE1HN4,2022,2023-01-26,592477479
2022-09-CENSUS-0000253755,MLRFM5DE1HN4,2022,2023-01-26,264019868
2022-09-CENSUS-0000253755,MLRFM5DE1HN4,2022,2023-01-26,591911574
2022-09-CENSUS-0000253755,MLRFM5DE1HN4,2022,2023-01-26,592109953
2022-09-CENSUS-0000253755,MLRFM5DE1HN4,2022,2023-01-26,263094596
2022-09-CENSUS-0000253755,MLRFM5DE1HN4,2022,2023-01-26,461243081
2022-09-CENSUS-0000253755,MLRFM5DE1HN4,2022,2023-01-26,593490279
2022-09-CENSUS-0000253755,MLRFM5DE1HN4,2022,2023-01-26,593758988
2022-06-CENSUS-0000171668,JWQTAWLRGU38,2022,2023-01-31,464566457
2022-09-CENSUS-0000253632,W5RCMCN9RUS9,2022,2023-06-13,352583971
2022-09-CENSUS-0000253632,W5RCMCN9RUS9,2022,2023-06-13,611806430
2022-12-CENSUS-0000253313,MQNPGJXKJJZ3,2022,2023-05-16,300329769
2022-09-CENSUS-0000173195,SK1EBC1ADQJ6,2022,2023-05-25,752809799
2022-09-CENSUS-0000173195,SK1EBC1ADQJ6,2022,2023-05-25,752809795
2022-09-CENSUS-0000183356,Z1L9F1MM1RY3,2022,2023-06-27,041174680
2022-06-CENSUS-0000176123,FPR8JRJ6J587,2022,2023-05-07,546001679
2022-06-CENSUS-0000255150,Q4RMJ9UULGH7,2022,2023-03-29,521393624
2022-06-CENSUS-0000255150,Q4RMJ9UULGH7,2022,2023-03-29,800728035
2022-06-CENSUS-0000255150,Q4RMJ9UULGH7,2022,2023-03-29,711050982
2022-06-CENSUS-0000255150,Q4RMJ9UULGH7,2022,2023-03-29,522315129
2022-03-CENSUS-0000113099,Y42TA8X65QT5,2022,2023-05-11,880294837
2022-12-CENSUS-0000224269,C4PCPEMHEUR6,2022,2023-05-09,020655254
2022-12-CENSUS-0000224269,C4PCPEMHEUR6,2022,2023-05-09,043624359
2022-12-CENSUS-0000224269,C4PCPEMHEUR6,2022,2023-05-09,141866405
2022-12-CENSUS-0000224269,C4PCPEMHEUR6,2022,2023-05-09,201583332
2022-12-CENSUS-0000224269,C4PCPEMHEUR6,2022,2023-05-09,201910771
2022-12-CENSUS-0000224269,C4PCPEMHEUR6,2022,2023-05-09,204295472
2022-12-CENSUS-0000224269,C4PCPEMHEUR6,2022,2023-05-09,264723017
2022-12-CENSUS-0000224269,C4PCPEMHEUR6,2022,2023-05-09,273400284
2022-12-CENSUS-0000224269,C4PCPEMHEUR6,2022,2023-05-09,300410639
2022-12-CENSUS-0000224269,C4PCPEMHEUR6,2022,2023-05-09,311052772
2022-12-CENSUS-0000224269,C4PCPEMHEUR6,2022,2023-05-09,311411529
2022-12-CENSUS-0000224269,C4PCPEMHEUR6,2022,2023-05-09,311411531
2022-12-CENSUS-0000224269,C4PCPEMHEUR6,2022,2023-05-09,311548500
2022-12-CENSUS-0000224269,C4PCPEMHEUR6,2022,2023-05-09,311548512
2022-12-CENSUS-0000224269,C4PCPEMHEUR6,2022,2023-05-09,311591780
2022-12-CENSUS-0000224269,C4PCPEMHEUR6,2022,2023-05-09,311723287
2022-12-CENSUS-0000224269,C4PCPEMHEUR6,2022,2023-05-09,320084370
2022-12-CENSUS-0000224269,C4PCPEMHEUR6,2022,2023-05-09,330809069
2022-12-CENSUS-0000224269,C4PCPEMHEUR6,2022,2023-05-09,330998451
2022-12-CENSUS-0000224269,C4PCPEMHEUR6,2022,2023-05-09,341399869
2022-12-CENSUS-0000224269,C4PCPEMHEUR6,2022,2023-05-09,341552671
2022-12-CENSUS-0000224269,C4PCPEMHEUR6,2022,2023-05-09,362750105
2022-12-CENSUS-0000224269,C4PCPEMHEUR6,2022,2023-05-09,363453183
2022-12-CENSUS-0000224269,C4PCPEMHEUR6,2022,2023-05-09,363767250
2022-12-CENSUS-0000224269,C4PCPEMHEUR6,2022,2023-05-09,363914084
2022-12-CENSUS-0000224269,C4PCPEMHEUR6,2022,2023-05-09,363942336
2022-12-CENSUS-0000224269,C4PCPEMHEUR6,2022,2023-05-09,363957850
2022-12-CENSUS-0000224269,C4PCPEMHEUR6,2022,2023-05-09,364039278
2022-12-CENSUS-0000224269,C4PCPEMHEUR6,2022,2023-05-09,364049150
2022-12-CENSUS-0000224269,C4PCPEMHEUR6,2022,2023-05-09,364535351
2022-12-CENSUS-0000224269,C4PCPEMHEUR6,2022,2023-05-09,371068780
2022-12-CENSUS-0000224269,C4PCPEMHEUR6,2022,2023-05-09,371459692
2022-12-CENSUS-0000224269,C4PCPEMHEUR6,2022,2023-05-09,391515867
2022-12-CENSUS-0000224269,C4PCPEMHEUR6,2022,2023-05-09,391771526
2022-12-CENSUS-0000224269,C4PCPEMHEUR6,2022,2023-05-09,391814815
2022-12-CENSUS-0000224269,C4PCPEMHEUR6,2022,2023-05-09,470924267
2022-12-CENSUS-0000224269,C4PCPEMHEUR6,2022,2023-05-09,475177987
2022-12-CENSUS-0000224269,C4PCPEMHEUR6,2022,2023-05-09,475178092
2022-12-CENSUS-0000224269,C4PCPEMHEUR6,2022,2023-05-09,475178185
2022-12-CENSUS-0000224269,C4PCPEMHEUR6,2022,2023-05-09,475189624
2022-12-CENSUS-0000224269,C4PCPEMHEUR6,2022,2023-05-09,475202983
2022-12-CENSUS-0000224269,C4PCPEMHEUR6,2022,2023-05-09,475203278
2022-12-CENSUS-0000224269,C4PCPEMHEUR6,2022,2023-05-09,475217326
2022-12-CENSUS-0000224269,C4PCPEMHEUR6,2022,2023-05-09,475239406
2022-12-CENSUS-0000224269,C4PCPEMHEUR6,2022,2023-05-09,561993872
2022-12-CENSUS-0000224269,C4PCPEMHEUR6,2022,2023-05-09,611339396
2022-12-CENSUS-0000224269,C4PCPEMHEUR6,2022,2023-05-09,611344092
2022-12-CENSUS-0000224269,C4PCPEMHEUR6,2022,2023-05-09,611367719
2022-12-CENSUS-0000224269,C4PCPEMHEUR6,2022,2023-05-09,621782683
2022-12-CENSUS-0000224269,C4PCPEMHEUR6,2022,2023-05-09,680233835
2022-12-CENSUS-0000224269,C4PCPEMHEUR6,2022,2023-05-09,680254564
2022-12-CENSUS-0000224269,C4PCPEMHEUR6,2022,2023-05-09,680279818
2022-12-CENSUS-0000224269,C4PCPEMHEUR6,2022,2023-05-09,680340842
2022-12-CENSUS-0000224269,C4PCPEMHEUR6,2022,2023-05-09,680340843
2022-06-CENSUS-0000246917,FTVGL2C3DKM6,2022,2023-06-19,233054174
2022-09-CENSUS-0000136140,NLCVQKDNJAS3,2022,2023-03-06,596000897
2022-09-CENSUS-0000136140,NLCVQKDNJAS3,2022,2023-03-06,596000894
2022-09-CENSUS-0000136140,NLCVQKDNJAS3,2022,2023-03-06,592447562
2022-06-CENSUS-0000181003,LN53C9E23GH6,2022,2023-03-27,201787893
2022-09-CENSUS-0000078073,ET6PFZ2GC1M7,2022,2023-04-18,530237707
2022-09-CENSUS-0000078073,ET6PFZ2GC1M7,2022,2023-04-18,530208364
2022-06-CENSUS-0000128405,DMDYDBFW9HK8,2022,2023-03-14,831036020
2022-06-CENSUS-0000128405,DMDYDBFW9HK8,2022,2023-03-14,871098803
2022-06-CENSUS-0000257043,E9HHRQDCR7D8,2022,2023-02-14,474900810
2022-09-CENSUS-0000253867,CKYU6FJPHBMK,2022,2023-06-29,320467449
2022-12-CENSUS-0000253394,RJ92XBYQ23J7,2022,2023-06-19,591952942
2022-12-CENSUS-0000253394,RJ92XBYQ23J7,2022,2023-06-19,203974070
2022-12-CENSUS-0000253394,RJ92XBYQ23J7,2022,2023-06-19,591825937
2022-12-CENSUS-0000253394,RJ92XBYQ23J7,2022,2023-06-19,800674849
2022-12-CENSUS-0000253638,D7S9J5YQRB29,2022,2023-05-08,833725302
2022-12-CENSUS-0000253638,D7S9J5YQRB29,2022,2023-05-08,833702786
2022-12-CENSUS-0000253638,D7S9J5YQRB29,2022,2023-05-08,262886067
2022-12-CENSUS-0000253638,D7S9J5YQRB29,2022,2023-05-08,262886135
2022-12-CENSUS-0000253638,D7S9J5YQRB29,2022,2023-05-08,473876021
2022-12-CENSUS-0000253638,D7S9J5YQRB29,2022,2023-05-08,833747426
2022-12-CENSUS-0000253638,D7S9J5YQRB29,2022,2023-05-08,262028375
2022-12-CENSUS-0000253638,D7S9J5YQRB29,2022,2023-05-08,680558136
2022-12-CENSUS-0000253638,D7S9J5YQRB29,2022,2023-05-08,464633579
2022-06-CENSUS-0000211485,ENDHD9NSLJN7,2022,2023-03-30,201177431
2022-06-CENSUS-0000211485,ENDHD9NSLJN7,2022,2023-03-30,204472148
2022-06-CENSUS-0000211485,ENDHD9NSLJN7,2022,2023-03-30,232262852
2022-06-CENSUS-0000211485,ENDHD9NSLJN7,2022,2023-03-30,232523688
2022-06-CENSUS-0000211485,ENDHD9NSLJN7,2022,2023-03-30,231642528
2022-06-CENSUS-0000211485,ENDHD9NSLJN7,2022,2023-03-30,232523680
2022-06-CENSUS-0000211485,ENDHD9NSLJN7,2022,2023-03-30,232862231
2022-06-CENSUS-0000211485,ENDHD9NSLJN7,2022,2023-03-30,240860110
2022-09-CENSUS-0000253791,HHUSSQSMYLJ5,2022,2023-06-29,951934652
2022-09-CENSUS-0000253791,HHUSSQSMYLJ5,2022,2023-06-29,951903935
2022-09-CENSUS-0000253791,HHUSSQSMYLJ5,2022,2023-06-29,953942828
2022-09-CENSUS-0000253791,HHUSSQSMYLJ5,2022,2023-06-29,951656366
2022-12-CENSUS-0000230948,FE8MTX5REGB6,2022,2023-09-18,271348772
2022-12-CENSUS-0000230948,FE8MTX5REGB6,2022,2023-09-18,223612265
2022-12-CENSUS-0000230948,FE8MTX5REGB6,2022,2023-09-18,223361862
2022-12-CENSUS-0000230948,FE8MTX5REGB6,2022,2023-09-18,210634562
2022-12-CENSUS-0000230948,FE8MTX5REGB6,2022,2023-09-18,210635001
2022-12-CENSUS-0000230948,FE8MTX5REGB6,2022,2023-09-18,210634532
2022-12-CENSUS-0000230948,FE8MTX5REGB6,2022,2023-09-18,274357794
2022-12-CENSUS-0000230948,FE8MTX5REGB6,2022,2023-09-18,223554707
2022-12-CENSUS-0000230948,FE8MTX5REGB6,2022,2023-09-18,222351960
2022-12-CENSUS-0000230948,FE8MTX5REGB6,2022,2023-09-18,222394675
2022-12-CENSUS-0000114221,KMZMMYN7G541,2022,2023-09-14,911674139
2022-12-CENSUS-0000182450,CAC6BWWLBJN4,2022,2023-07-31,720985631
2022-12-CENSUS-0000182450,CAC6BWWLBJN4,2022,2023-07-31,721077320
2022-12-CENSUS-0000182450,CAC6BWWLBJN4,2022,2023-07-31,726009780
2022-12-CENSUS-0000182450,CAC6BWWLBJN4,2022,2023-07-31,726015208
2022-12-CENSUS-0000182450,CAC6BWWLBJN4,2022,2023-07-31,726002164
2022-12-CENSUS-0000182450,CAC6BWWLBJN4,2022,2023-07-31,720634394
2022-12-CENSUS-0000241630,FP1VD1HU5HV7,2022,2023-09-28,131740130
2022-12-CENSUS-0000241630,FP1VD1HU5HV7,2022,2023-09-28,131739937
2022-12-CENSUS-0000241630,FP1VD1HU5HV7,2022,2023-09-28,462916938
2022-12-CENSUS-0000241630,FP1VD1HU5HV7,2022,2023-09-28,133877781
2022-12-CENSUS-0000241630,FP1VD1HU5HV7,2022,2023-09-28,462931956
2022-12-CENSUS-0000241630,FP1VD1HU5HV7,2022,2023-09-28,131740119
2022-12-CENSUS-0000241630,FP1VD1HU5HV7,2022,2023-09-28,141340054
2022-12-CENSUS-0000241630,FP1VD1HU5HV7,2022,2023-09-28,131740114
2022-12-CENSUS-0000182189,CBCMRLXMUWC1,2022,2023-09-27,731221559
2022-12-CENSUS-0000212004,JS7DK2APTFJ7,2022,2023-07-31,451502252
2022-12-CENSUS-0000212004,JS7DK2APTFJ7,2022,2023-07-31,432008974
2022-12-CENSUS-0000212004,JS7DK2APTFJ7,2022,2023-07-31,750972805
2022-12-CENSUS-0000212004,JS7DK2APTFJ7,2022,2023-07-31,751047527
2022-12-CENSUS-0000212004,JS7DK2APTFJ7,2022,2023-07-31,751438726
2022-12-CENSUS-0000212004,JS7DK2APTFJ7,2022,2023-07-31,751648589
2022-12-CENSUS-0000212004,JS7DK2APTFJ7,2022,2023-07-31,751748586
2022-12-CENSUS-0000212004,JS7DK2APTFJ7,2022,2023-07-31,751752253
2022-12-CENSUS-0000212004,JS7DK2APTFJ7,2022,2023-07-31,751977850
2022-12-CENSUS-0000212004,JS7DK2APTFJ7,2022,2023-07-31,752562191
2022-12-CENSUS-0000212004,JS7DK2APTFJ7,2022,2023-07-31,752678857
2022-12-CENSUS-0000212004,JS7DK2APTFJ7,2022,2023-07-31,752770738
2022-12-CENSUS-0000212004,JS7DK2APTFJ7,2022,2023-07-31,752771437
2022-12-CENSUS-0000212004,JS7DK2APTFJ7,2022,2023-07-31,752890358
2022-12-CENSUS-0000212004,JS7DK2APTFJ7,2022,2023-07-31,756001743
2022-12-CENSUS-0000065323,C3JUHMKQMQJ9,2022,2023-09-14,421363531
2022-09-CENSUS-0000207710,D2LNFU9KSHC6,2022,2023-02-07,010800655
2022-12-CENSUS-0000221408,LFMDS7XKXX15,2022,2023-09-13,200445492
2022-12-CENSUS-0000241642,V2BDJK5JZU56,2022,2023-08-07,453672468
2022-12-CENSUS-0000241642,V2BDJK5JZU56,2022,2023-08-07,465465189
2022-12-CENSUS-0000241642,V2BDJK5JZU56,2022,2023-08-07,981700002
2022-12-CENSUS-0000241642,V2BDJK5JZU56,2022,2023-08-07,981635519
2022-12-CENSUS-0000241642,V2BDJK5JZU56,2022,2023-08-07,981635436
2022-12-CENSUS-0000241642,V2BDJK5JZU56,2022,2023-08-07,883941101
2022-09-CENSUS-0000254068,J5DAZ2KNDNF2,2022,2023-05-24,264183569
2022-09-CENSUS-0000254068,J5DAZ2KNDNF2,2022,2023-05-24,264736971
2022-09-CENSUS-0000254068,J5DAZ2KNDNF2,2022,2023-05-24,453215312
2022-09-CENSUS-0000254068,J5DAZ2KNDNF2,2022,2023-05-24,611386016
2022-12-CENSUS-0000216998,E4G3T3SM5786,2022,2023-09-28,911912227
2022-12-CENSUS-0000216998,E4G3T3SM5786,2022,2023-09-28,522112952
2022-12-CENSUS-0000216998,E4G3T3SM5786,2022,2023-09-28,522170291
2022-12-CENSUS-0000216998,E4G3T3SM5786,2022,2023-09-28,522112955
2022-12-CENSUS-0000216998,E4G3T3SM5786,2022,2023-09-28,522029519
2022-12-CENSUS-0000216998,E4G3T3SM5786,2022,2023-09-28,710906529
2022-12-CENSUS-0000216998,E4G3T3SM5786,2022,2023-09-28,522112958
2022-12-CENSUS-0000216998,E4G3T3SM5786,2022,2023-09-28,522060624
2022-12-CENSUS-0000216998,E4G3T3SM5786,2022,2023-09-28,900518838
2022-12-CENSUS-0000216998,E4G3T3SM5786,2022,2023-09-28,464881735
2022-12-CENSUS-0000216998,E4G3T3SM5786,2022,2023-09-28,520812002
2022-12-CENSUS-0000216998,E4G3T3SM5786,2022,2023-09-28,522112953
2022-06-CENSUS-0000171410,T3LGVRCFU3D8,2022,2023-03-16,606000714
2022-06-CENSUS-0000171410,T3LGVRCFU3D8,2022,2023-03-16,626000717
2022-12-CENSUS-0000254582,JGLCTQNY9ER6,2022,2023-09-14,271376321
2022-06-CENSUS-0000080697,GPZTD5J5HM15,2022,2023-03-30,550561496
2022-06-CENSUS-0000222035,QYLXERHDAQL4,2022,2023-06-29,020222171
2022-06-CENSUS-0000222035,QYLXERHDAQL4,2022,2023-06-29,020354549
2022-06-CENSUS-0000222035,QYLXERHDAQL4,2022,2023-06-29,030183721
2022-06-CENSUS-0000222035,QYLXERHDAQL4,2022,2023-06-29,036006494
2022-06-CENSUS-0000222035,QYLXERHDAQL4,2022,2023-06-29,222519596
2022-06-CENSUS-0000222035,QYLXERHDAQL4,2022,2023-06-29,020222791
2022-06-CENSUS-0000176085,SQVJZJ6GMFF8,2022,2023-03-28,546001408
2022-06-CENSUS-0000176085,SQVJZJ6GMFF8,2022,2023-03-28,546001410
2022-06-CENSUS-0000155490,XBTRAS88HLV9,2022,2023-01-23,454490800
2022-06-CENSUS-0000155490,XBTRAS88HLV9,2022,2023-01-23,271029899
2022-10-CENSUS-0000254080,KYETWC1L3AP3,2022,2023-07-27,840563230
2022-10-CENSUS-0000254080,KYETWC1L3AP3,2022,2023-07-27,841887834
2022-12-CENSUS-0000204858,J5HQHVFCPY77,2022,2023-08-30,391850370
2022-12-CENSUS-0000204858,J5HQHVFCPY77,2022,2023-08-30,391848899
2022-09-CENSUS-0000136090,LLHWX867E5J6,2022,2023-03-14,596000601
2022-09-CENSUS-0000136090,LLHWX867E5J6,2022,2023-03-14,592237754
2022-12-CENSUS-0000258388,E7LLM652PC75,2022,2023-06-22,721524988
2022-09-CENSUS-0000224135,DRXFNJ7NXBJ3,2022,2023-06-27,851538878
2022-06-CENSUS-0000171372,LZ7JSLK4WYQ1,2022,2023-03-23,626000536
2022-06-CENSUS-0000171372,LZ7JSLK4WYQ1,2022,2023-03-23,620809035
2022-09-CENSUS-0000202836,GQ31L674JDD6,2022,2023-06-28,752950009
2022-06-CENSUS-0000090356,HW57FCX3KKB8,2022,2023-02-20,561182686
2022-06-CENSUS-0000090356,HW57FCX3KKB8,2022,2023-02-20,980493767
2022-06-CENSUS-0000218871,S1RKMQEPJWA8,2022,2023-03-13,204968228
2022-06-CENSUS-0000218871,S1RKMQEPJWA8,2022,2023-03-13,872399186
2022-06-CENSUS-0000036181,GYK3FL7MNRA8,2022,2023-03-14,101506079
2022-12-CENSUS-0000198973,T1ARL1ABYVG5,2022,2023-10-01,264709927
2022-09-CENSUS-0000243303,N7LEL48NL6X8,2022,2023-03-15,473080613
2022-09-CENSUS-0000243303,N7LEL48NL6X8,2022,2023-03-15,834237605
2022-09-CENSUS-0000243303,N7LEL48NL6X8,2022,2023-03-15,205084665
2022-09-CENSUS-0000243303,N7LEL48NL6X8,2022,2023-03-15,841936693
2022-09-CENSUS-0000243303,N7LEL48NL6X8,2022,2023-03-15,465634252
2022-09-CENSUS-0000243303,N7LEL48NL6X8,2022,2023-03-15,460676654
2022-09-CENSUS-0000243303,N7LEL48NL6X8,2022,2023-03-15,453694469
2022-09-CENSUS-0000243303,N7LEL48NL6X8,2022,2023-03-15,581436087
2022-09-CENSUS-0000243303,N7LEL48NL6X8,2022,2023-03-15,205106086
2022-09-CENSUS-0000243303,N7LEL48NL6X8,2022,2023-03-15,204553410
2022-09-CENSUS-0000243303,N7LEL48NL6X8,2022,2023-03-15,825415284
2022-09-CENSUS-0000243303,N7LEL48NL6X8,2022,2023-03-15,331105310
2022-09-CENSUS-0000243303,N7LEL48NL6X8,2022,2023-03-15,823273795
2022-09-CENSUS-0000243303,N7LEL48NL6X8,2022,2023-03-15,465754759
2022-09-CENSUS-0000243303,N7LEL48NL6X8,2022,2023-03-15,463806922
2022-09-CENSUS-0000243303,N7LEL48NL6X8,2022,2023-03-15,474793694
2022-09-CENSUS-0000243303,N7LEL48NL6X8,2022,2023-03-15,451259435
2022-09-CENSUS-0000243303,N7LEL48NL6X8,2022,2023-03-15,451259671
2022-09-CENSUS-0000243303,N7LEL48NL6X8,2022,2023-03-15,463858353
2022-09-CENSUS-0000243303,N7LEL48NL6X8,2022,2023-03-15,460667707
2022-09-CENSUS-0000243303,N7LEL48NL6X8,2022,2023-03-15,811319493
2022-09-CENSUS-0000243303,N7LEL48NL6X8,2022,2023-03-15,825334312
2022-09-CENSUS-0000243303,N7LEL48NL6X8,2022,2023-03-15,461977635
2022-09-CENSUS-0000243303,N7LEL48NL6X8,2022,2023-03-15,582002413
2022-09-CENSUS-0000243303,N7LEL48NL6X8,2022,2023-03-15,472619158
2022-09-CENSUS-0000243303,N7LEL48NL6X8,2022,2023-03-15,471088986
2022-09-CENSUS-0000243303,N7LEL48NL6X8,2022,2023-03-15,455067682
2022-09-CENSUS-0000243303,N7LEL48NL6X8,2022,2023-03-15,471625673
2022-09-CENSUS-0000243303,N7LEL48NL6X8,2022,2023-03-15,473958809
2022-09-CENSUS-0000243303,N7LEL48NL6X8,2022,2023-03-15,834390271
2022-09-CENSUS-0000243303,N7LEL48NL6X8,2022,2023-03-15,813281163
2022-09-CENSUS-0000243303,N7LEL48NL6X8,2022,2023-03-15,852031927
2022-09-CENSUS-0000243303,N7LEL48NL6X8,2022,2023-03-15,850900005
2022-06-CENSUS-0000242271,CM7JLP8P4BV9,2022,2023-01-22,825179383
2022-06-CENSUS-0000242271,CM7JLP8P4BV9,2022,2023-01-22,825187448
2022-06-CENSUS-0000242271,CM7JLP8P4BV9,2022,2023-01-22,621753289
2022-06-CENSUS-0000242271,CM7JLP8P4BV9,2022,2023-01-22,621624171
2022-06-CENSUS-0000242271,CM7JLP8P4BV9,2022,2023-01-22,581884314
2022-06-CENSUS-0000242271,CM7JLP8P4BV9,2022,2023-01-22,462102629
2022-06-CENSUS-0000242271,CM7JLP8P4BV9,2022,2023-01-22,272980962
2022-06-CENSUS-0000242271,CM7JLP8P4BV9,2022,2023-01-22,461868914
2022-06-CENSUS-0000242271,CM7JLP8P4BV9,2022,2023-01-22,621604972
2022-06-CENSUS-0000242271,CM7JLP8P4BV9,2022,2023-01-22,205800973
2022-06-CENSUS-0000242271,CM7JLP8P4BV9,2022,2023-01-22,825207247
2022-06-CENSUS-0000242271,CM7JLP8P4BV9,2022,2023-01-22,825217756
2022-06-CENSUS-0000242271,CM7JLP8P4BV9,2022,2023-01-22,832714735
2022-06-CENSUS-0000242271,CM7JLP8P4BV9,2022,2023-01-22,842176718
2022-09-CENSUS-0000254330,T1J5E3659LJ6,2022,2023-09-26,590657322
2022-09-CENSUS-0000254330,T1J5E3659LJ6,2022,2023-09-26,592874324
2022-09-CENSUS-0000254330,T1J5E3659LJ6,2022,2023-09-26,592425149
2022-09-CENSUS-0000254330,T1J5E3659LJ6,2022,2023-09-26,200737321
2022-09-CENSUS-0000254330,T1J5E3659LJ6,2022,2023-09-26,264800380
2022-09-CENSUS-0000254330,T1J5E3659LJ6,2022,2023-09-26,352274952
2022-09-CENSUS-0000254330,T1J5E3659LJ6,2022,2023-09-26,593535262
2022-09-CENSUS-0000254330,T1J5E3659LJ6,2022,2023-09-26,593622226
2022-09-CENSUS-0000254330,T1J5E3659LJ6,2022,2023-09-26,743018052
2022-12-CENSUS-0000248645,EPY5E5JR55N6,2022,2023-07-20,204974859
2022-12-CENSUS-0000248645,EPY5E5JR55N6,2022,2023-07-20,465304234
2022-06-CENSUS-0000181661,QLXXU1SV4MM8,2022,2023-03-29,560847358
2022-06-CENSUS-0000181661,QLXXU1SV4MM8,2022,2023-03-29,561611340
2022-06-CENSUS-0000181661,QLXXU1SV4MM8,2022,2023-03-29,561492826
2022-06-CENSUS-0000181661,QLXXU1SV4MM8,2022,2023-03-29,561161525
2022-06-CENSUS-0000181661,QLXXU1SV4MM8,2022,2023-03-29,566000732
2022-06-CENSUS-0000181661,QLXXU1SV4MM8,2022,2023-03-29,561611252
2022-06-CENSUS-0000181661,QLXXU1SV4MM8,2022,2023-03-29,561401519
2022-06-CENSUS-0000181661,QLXXU1SV4MM8,2022,2023-03-29,561130957
2022-06-CENSUS-0000181661,QLXXU1SV4MM8,2022,2023-03-29,566000967
2022-06-CENSUS-0000181661,QLXXU1SV4MM8,2022,2023-03-29,566000372
2022-06-CENSUS-0000181661,QLXXU1SV4MM8,2022,2023-03-29,736502734
2022-06-CENSUS-0000181661,QLXXU1SV4MM8,2022,2023-03-29,300712287
2022-06-CENSUS-0000181661,QLXXU1SV4MM8,2022,2023-03-29,383984995
2022-06-CENSUS-0000181661,QLXXU1SV4MM8,2022,2023-03-29,562032825
2022-06-CENSUS-0000181661,QLXXU1SV4MM8,2022,2023-03-29,561611847
2022-06-CENSUS-0000181661,QLXXU1SV4MM8,2022,2023-03-29,566062189
2022-06-CENSUS-0000181661,QLXXU1SV4MM8,2022,2023-03-29,561118388
2022-06-CENSUS-0000181661,QLXXU1SV4MM8,2022,2023-03-29,561288079
2022-06-CENSUS-0000181661,QLXXU1SV4MM8,2022,2023-03-29,561935214
2022-06-CENSUS-0000181661,QLXXU1SV4MM8,2022,2023-03-29,561527030
2022-06-CENSUS-0000181661,QLXXU1SV4MM8,2022,2023-03-29,561310675
2022-06-CENSUS-0000171417,FGM9UQDVJNP8,2022,2023-02-19,623000741
2022-06-CENSUS-0000171417,FGM9UQDVJNP8,2022,2023-02-19,626000740
2022-06-CENSUS-0000171417,FGM9UQDVJNP8,2022,2023-02-19,620914766
2022-09-CENSUS-0000111829,VD5NKA95LP99,2022,2023-06-20,860742062
2022-09-CENSUS-0000111829,VD5NKA95LP99,2022,2023-06-20,860950586
2022-09-CENSUS-0000111829,VD5NKA95LP99,2022,2023-06-20,860981650
2022-09-CENSUS-0000111829,VD5NKA95LP99,2022,2023-06-20,861025879
2022-09-CENSUS-0000111829,VD5NKA95LP99,2022,2023-06-20,710931900
2022-08-CENSUS-0000208444,HGS5A6FLPNL9,2022,2023-06-05,201470096
2022-08-CENSUS-0000208444,HGS5A6FLPNL9,2022,2023-06-05,201466090
2022-08-CENSUS-0000208444,HGS5A6FLPNL9,2022,2023-06-05,402704456
2022-08-CENSUS-0000208444,HGS5A6FLPNL9,2022,2023-06-05,201466483
2022-09-CENSUS-0000253822,WZY4KC6UGUX7,2022,2023-06-28,591284678
2022-09-CENSUS-0000253822,WZY4KC6UGUX7,2022,2023-06-28,591945163
2022-09-CENSUS-0000253822,WZY4KC6UGUX7,2022,2023-06-28,592522488
2022-09-CENSUS-0000253822,WZY4KC6UGUX7,2022,2023-06-28,650032474
2022-06-CENSUS-0000100202,VVEHBR8PNV69,2022,2023-07-25,264663078
2022-12-CENSUS-0000255044,F62FM996NDY7,2022,2023-09-27,480968434
2022-12-CENSUS-0000255044,F62FM996NDY7,2022,2023-09-27,480673557
2022-06-CENSUS-0000176287,TUM2AUHHALP2,2022,2023-01-26,541942228
2022-08-CENSUS-0000218354,CZABTMGHLJC8,2022,2023-01-09,273045436
2022-12-CENSUS-0000195690,WM4NCF1N9JL4,2022,2023-06-25,396005714
2022-06-CENSUS-0000137875,HKK5YY1DWYM3,2022,2023-03-23,990259420
2022-06-CENSUS-0000137875,HKK5YY1DWYM3,2022,2023-03-23,990274814
2022-06-CENSUS-0000137875,HKK5YY1DWYM3,2022,2023-03-23,990266119
2022-06-CENSUS-0000137875,HKK5YY1DWYM3,2022,2023-03-23,990266120
2022-06-CENSUS-0000137875,HKK5YY1DWYM3,2022,2023-03-23,996000896
2022-06-CENSUS-0000137875,HKK5YY1DWYM3,2022,2023-03-23,990266942
2022-06-CENSUS-0000137875,HKK5YY1DWYM3,2022,2023-03-23,990280628
2022-06-CENSUS-0000137875,HKK5YY1DWYM3,2022,2023-03-23,990275730
2022-12-CENSUS-0000179257,SMG4GWKEHCL6,2022,2023-06-20,611597774
2022-06-CENSUS-0000229760,S8LLYNLZ2PZ7,2022,2023-06-20,576000889
2022-06-CENSUS-0000259125,MBNDY6QC79W5,2022,2023-09-28,824301751
2022-06-CENSUS-0000259125,MBNDY6QC79W5,2022,2023-09-28,580593388
2022-06-CENSUS-0000259125,MBNDY6QC79W5,2022,2023-09-28,580568702
2022-12-CENSUS-0000253228,HFL3BDKSVRT3,2022,2023-08-29,344430716
2022-12-CENSUS-0000253228,HFL3BDKSVRT3,2022,2023-08-29,161768258
2022-12-CENSUS-0000253228,HFL3BDKSVRT3,2022,2023-08-29,474681100
2022-12-CENSUS-0000253228,HFL3BDKSVRT3,2022,2023-08-29,814799855
2022-12-CENSUS-0000253228,HFL3BDKSVRT3,2022,2023-08-29,341476934
2022-12-CENSUS-0000253228,HFL3BDKSVRT3,2022,2023-08-29,812899103
2022-12-CENSUS-0000253228,HFL3BDKSVRT3,2022,2023-08-29,812114911
2022-12-CENSUS-0000253010,SHBXBNLH2X55,2022,2023-08-28,521289626
2022-12-CENSUS-0000254707,MDAAX4LQCYE8,2022,2023-08-27,410786046
2022-12-CENSUS-0000254707,MDAAX4LQCYE8,2022,2023-08-27,411979428
2022-12-CENSUS-0000247414,RJNPPGFZ8BL3,2022,2023-09-18,311802348
2022-12-CENSUS-0000237149,DMPEBEP7Z1J4,2022,2023-09-28,770166413
2022-12-CENSUS-0000237149,DMPEBEP7Z1J4,2022,2023-09-28,800427598
2022-12-CENSUS-0000237149,DMPEBEP7Z1J4,2022,2023-09-28,770166414
2022-09-CENSUS-0000068080,H86ZNGYKFVV4,2022,2023-06-28,431641927
2022-09-CENSUS-0000068080,H86ZNGYKFVV4,2022,2023-06-28,431656689
2022-09-CENSUS-0000068080,H86ZNGYKFVV4,2022,2023-06-28,436810485
2022-09-CENSUS-0000068080,H86ZNGYKFVV4,2022,2023-06-28,440577118
2022-09-CENSUS-0000068080,H86ZNGYKFVV4,2022,2023-06-28,440584290
2022-09-CENSUS-0000068080,H86ZNGYKFVV4,2022,2023-06-28,475148345
2022-09-CENSUS-0000068080,H86ZNGYKFVV4,2022,2023-06-28,823300758
2022-06-CENSUS-0000257395,NPEGUK6SGP48,2022,2023-03-15,431618384
2022-06-CENSUS-0000181661,QLXXU1SV4MM8,2022,2023-03-29,561636462
2022-06-CENSUS-0000181661,QLXXU1SV4MM8,2022,2023-03-29,566002606
2022-06-CENSUS-0000181661,QLXXU1SV4MM8,2022,2023-03-29,566052379
2022-06-CENSUS-0000181661,QLXXU1SV4MM8,2022,2023-03-29,560893801
2022-06-CENSUS-0000181661,QLXXU1SV4MM8,2022,2023-03-29,560792170
2022-06-CENSUS-0000181661,QLXXU1SV4MM8,2022,2023-03-29,560894923
2022-06-CENSUS-0000181661,QLXXU1SV4MM8,2022,2023-03-29,560894927
2022-06-CENSUS-0000181661,QLXXU1SV4MM8,2022,2023-03-29,560941830
2022-06-CENSUS-0000181661,QLXXU1SV4MM8,2022,2023-03-29,561255943
2022-06-CENSUS-0000181661,QLXXU1SV4MM8,2022,2023-03-29,560817481
2022-06-CENSUS-0000181661,QLXXU1SV4MM8,2022,2023-03-29,560792881
2022-06-CENSUS-0000181661,QLXXU1SV4MM8,2022,2023-03-29,560894932
2022-06-CENSUS-0000181661,QLXXU1SV4MM8,2022,2023-03-29,560792028
2022-06-CENSUS-0000181661,QLXXU1SV4MM8,2022,2023-03-29,560794261
2022-06-CENSUS-0000181661,QLXXU1SV4MM8,2022,2023-03-29,560797174
2022-06-CENSUS-0000181661,QLXXU1SV4MM8,2022,2023-03-29,560848556
2022-06-CENSUS-0000181661,QLXXU1SV4MM8,2022,2023-03-29,560851326
2022-06-CENSUS-0000181661,QLXXU1SV4MM8,2022,2023-03-29,566024012
2022-06-CENSUS-0000181661,QLXXU1SV4MM8,2022,2023-03-29,560893718
2022-06-CENSUS-0000181661,QLXXU1SV4MM8,2022,2023-03-29,560792247
2022-06-CENSUS-0000181661,QLXXU1SV4MM8,2022,2023-03-29,560792513
2022-06-CENSUS-0000181661,QLXXU1SV4MM8,2022,2023-03-29,560897301
2022-06-CENSUS-0000181661,QLXXU1SV4MM8,2022,2023-03-29,560791849
2022-06-CENSUS-0000181661,QLXXU1SV4MM8,2022,2023-03-29,560792614
2022-06-CENSUS-0000181661,QLXXU1SV4MM8,2022,2023-03-29,560792292
2022-06-CENSUS-0000181661,QLXXU1SV4MM8,2022,2023-03-29,560792519
2022-06-CENSUS-0000181661,QLXXU1SV4MM8,2022,2023-03-29,560896018
2022-06-CENSUS-0000181661,QLXXU1SV4MM8,2022,2023-03-29,560894341
2022-06-CENSUS-0000181661,QLXXU1SV4MM8,2022,2023-03-29,560841505
2022-06-CENSUS-0000181661,QLXXU1SV4MM8,2022,2023-03-29,560892755
2022-06-CENSUS-0000181661,QLXXU1SV4MM8,2022,2023-03-29,560937578
2022-06-CENSUS-0000181661,QLXXU1SV4MM8,2022,2023-03-29,560753025
2022-06-CENSUS-0000181661,QLXXU1SV4MM8,2022,2023-03-29,560895914
2022-06-CENSUS-0000181661,QLXXU1SV4MM8,2022,2023-03-29,560990134
2022-06-CENSUS-0000181661,QLXXU1SV4MM8,2022,2023-03-29,560991668
2022-06-CENSUS-0000181661,QLXXU1SV4MM8,2022,2023-03-29,561048429
2022-06-CENSUS-0000181661,QLXXU1SV4MM8,2022,2023-03-29,560895349
2022-06-CENSUS-0000181661,QLXXU1SV4MM8,2022,2023-03-29,560895794
2022-06-CENSUS-0000181661,QLXXU1SV4MM8,2022,2023-03-29,560894229
2022-06-CENSUS-0000181661,QLXXU1SV4MM8,2022,2023-03-29,560990351
2022-06-CENSUS-0000181661,QLXXU1SV4MM8,2022,2023-03-29,560793335
2022-06-CENSUS-0000232556,HPMPHYRFX5T5,2022,2023-01-16,461268147
2022-06-CENSUS-0000196222,L6M1G1EY4L56,2022,2023-01-26,626000712
2022-06-CENSUS-0000196222,L6M1G1EY4L56,2022,2023-01-26,626000713
2022-06-CENSUS-0000176057,U527P3R44GF3,2022,2023-01-04,546001265
2022-06-CENSUS-0000176057,U527P3R44GF3,2022,2023-01-04,546001263
2022-12-CENSUS-0000120855,PJGLNFM7ABN7,2022,2023-09-10,942860387
2022-12-CENSUS-0000196710,VA6BN9SANQJ4,2022,2023-09-11,311552940
2022-12-CENSUS-0000196710,VA6BN9SANQJ4,2022,2023-09-11,331049115
2022-12-CENSUS-0000196710,VA6BN9SANQJ4,2022,2023-09-11,311552944
2022-12-CENSUS-0000196710,VA6BN9SANQJ4,2022,2023-09-11,931086939
2022-12-CENSUS-0000196710,VA6BN9SANQJ4,2022,2023-09-11,593831693
2022-12-CENSUS-0000196710,VA6BN9SANQJ4,2022,2023-09-11,043820503
2022-12-CENSUS-0000196710,VA6BN9SANQJ4,2022,2023-09-11,262018181
2022-12-CENSUS-0000196710,VA6BN9SANQJ4,2022,2023-09-11,261908068
2022-12-CENSUS-0000254703,EAKDVASD5HJ7,2022,2023-09-19,341935236
2022-06-CENSUS-0000176267,C96DL9152583,2022,2023-01-23,546001301
2022-12-CENSUS-0000255067,WLHJMU7MTNF1,2022,2023-09-28,263086555
2022-12-CENSUS-0000255067,WLHJMU7MTNF1,2022,2023-09-28,832911570
2022-06-CENSUS-0000171428,RW6ER4JBBD76,2022,2023-01-22,626000794
2022-06-CENSUS-0000171428,RW6ER4JBBD76,2022,2023-01-22,626000796
2022-06-CENSUS-0000182877,ZFCQEBMYAKY6,2022,2023-01-09,546001692
2022-06-CENSUS-0000182877,ZFCQEBMYAKY6,2022,2023-01-09,546001693
2022-09-CENSUS-0000130060,UWLMMPTKNZN1,2022,2023-06-29,562408506
2022-06-CENSUS-0000171437,VM4UJ787Z681,2022,2023-01-26,626000848
2022-06-CENSUS-0000171437,VM4UJ787Z681,2022,2023-01-26,626000850
2022-12-CENSUS-0000234450,FGMFFNHLTTU3,2022,2023-08-17,274743848
2022-12-CENSUS-0000230172,T4BMJCC2MJU1,2022,2023-07-13,320463838
2022-12-CENSUS-0000224269,C4PCPEMHEUR6,2022,2023-05-09,680378673
2022-12-CENSUS-0000224269,C4PCPEMHEUR6,2022,2023-05-09,680378675
2022-12-CENSUS-0000224269,C4PCPEMHEUR6,2022,2023-05-09,680451465
2022-12-CENSUS-0000224269,C4PCPEMHEUR6,2022,2023-05-09,680484147
2022-12-CENSUS-0000224269,C4PCPEMHEUR6,2022,2023-05-09,721545927
2022-12-CENSUS-0000224269,C4PCPEMHEUR6,2022,2023-05-09,742740978
2022-12-CENSUS-0000224269,C4PCPEMHEUR6,2022,2023-05-09,752983979
2022-12-CENSUS-0000224269,C4PCPEMHEUR6,2022,2023-05-09,753004763
2022-12-CENSUS-0000224269,C4PCPEMHEUR6,2022,2023-05-09,753134134
2022-12-CENSUS-0000224269,C4PCPEMHEUR6,2022,2023-05-09,770030850
2022-12-CENSUS-0000224269,C4PCPEMHEUR6,2022,2023-05-09,800008567
2022-12-CENSUS-0000224269,C4PCPEMHEUR6,2022,2023-05-09,800034784
2022-12-CENSUS-0000224269,C4PCPEMHEUR6,2022,2023-05-09,800623447
2022-12-CENSUS-0000224269,C4PCPEMHEUR6,2022,2023-05-09,820485862
2022-12-CENSUS-0000224269,C4PCPEMHEUR6,2022,2023-05-09,840626174
2022-12-CENSUS-0000224269,C4PCPEMHEUR6,2022,2023-05-09,841234167
2022-12-CENSUS-0000224269,C4PCPEMHEUR6,2022,2023-05-09,841262403
2022-12-CENSUS-0000224269,C4PCPEMHEUR6,2022,2023-05-09,841347868
2022-12-CENSUS-0000224269,C4PCPEMHEUR6,2022,2023-05-09,841602190
2022-12-CENSUS-0000224269,C4PCPEMHEUR6,2022,2023-05-09,860728526
2022-12-CENSUS-0000224269,C4PCPEMHEUR6,2022,2023-05-09,860758961
2022-12-CENSUS-0000224269,C4PCPEMHEUR6,2022,2023-05-09,860808941
2022-12-CENSUS-0000224269,C4PCPEMHEUR6,2022,2023-05-09,860847975
2022-12-CENSUS-0000224269,C4PCPEMHEUR6,2022,2023-05-09,860897708
2022-12-CENSUS-0000224269,C4PCPEMHEUR6,2022,2023-05-09,860897709
2022-12-CENSUS-0000224269,C4PCPEMHEUR6,2022,2023-05-09,860947230
2022-12-CENSUS-0000224269,C4PCPEMHEUR6,2022,2023-05-09,860980809
2022-12-CENSUS-0000224269,C4PCPEMHEUR6,2022,2023-05-09,860980810
2022-12-CENSUS-0000224269,C4PCPEMHEUR6,2022,2023-05-09,860980811
2022-12-CENSUS-0000224269,C4PCPEMHEUR6,2022,2023-05-09,911546525
2022-12-CENSUS-0000224269,C4PCPEMHEUR6,2022,2023-05-09,911667138
2022-12-CENSUS-0000224269,C4PCPEMHEUR6,2022,2023-05-09,931189914
2022-12-CENSUS-0000224269,C4PCPEMHEUR6,2022,2023-05-09,942722870
2022-12-CENSUS-0000224269,C4PCPEMHEUR6,2022,2023-05-09,942787430
2022-12-CENSUS-0000224269,C4PCPEMHEUR6,2022,2023-05-09,943081666
2022-12-CENSUS-0000224269,C4PCPEMHEUR6,2022,2023-05-09,943088260
2022-12-CENSUS-0000224269,C4PCPEMHEUR6,2022,2023-05-09,943167825
2022-12-CENSUS-0000224269,C4PCPEMHEUR6,2022,2023-05-09,943190261
2022-12-CENSUS-0000224269,C4PCPEMHEUR6,2022,2023-05-09,943209503
2022-12-CENSUS-0000224269,C4PCPEMHEUR6,2022,2023-05-09,943224446
2022-12-CENSUS-0000224269,C4PCPEMHEUR6,2022,2023-05-09,943264209
2022-12-CENSUS-0000224269,C4PCPEMHEUR6,2022,2023-05-09,943282891
2022-12-CENSUS-0000224269,C4PCPEMHEUR6,2022,2023-05-09,943361794
2022-12-CENSUS-0000097261,WC6HND5TJPC4,2022,2023-06-07,463207999
2022-12-CENSUS-0000097261,WC6HND5TJPC4,2022,2023-06-07,815371499
2022-12-CENSUS-0000097261,WC6HND5TJPC4,2022,2023-06-07,800946023
2022-06-CENSUS-0000181661,QLXXU1SV4MM8,2022,2023-03-29,560793680
2022-06-CENSUS-0000181661,QLXXU1SV4MM8,2022,2023-03-29,560818376
2022-06-CENSUS-0000181661,QLXXU1SV4MM8,2022,2023-03-29,560891591
2022-06-CENSUS-0000181661,QLXXU1SV4MM8,2022,2023-03-29,560894344
2022-06-CENSUS-0000181661,QLXXU1SV4MM8,2022,2023-03-29,560812577
2022-06-CENSUS-0000181661,QLXXU1SV4MM8,2022,2023-03-29,560792333
2022-06-CENSUS-0000181661,QLXXU1SV4MM8,2022,2023-03-29,560898811
2022-06-CENSUS-0000181661,QLXXU1SV4MM8,2022,2023-03-29,560797051
2022-06-CENSUS-0000181661,QLXXU1SV4MM8,2022,2023-03-29,560815200
2022-06-CENSUS-0000181661,QLXXU1SV4MM8,2022,2023-03-29,560894556
2022-06-CENSUS-0000181661,QLXXU1SV4MM8,2022,2023-03-29,560994111
2022-06-CENSUS-0000181661,QLXXU1SV4MM8,2022,2023-03-29,560841532
2022-06-CENSUS-0000181661,QLXXU1SV4MM8,2022,2023-03-29,560896010
2022-06-CENSUS-0000181661,QLXXU1SV4MM8,2022,2023-03-29,560937968
2022-06-CENSUS-0000181661,QLXXU1SV4MM8,2022,2023-03-29,560792775
2022-06-CENSUS-0000181661,QLXXU1SV4MM8,2022,2023-03-29,560792849
2022-06-CENSUS-0000181661,QLXXU1SV4MM8,2022,2023-03-29,560816544
2022-06-CENSUS-0000181661,QLXXU1SV4MM8,2022,2023-03-29,560846669
2022-06-CENSUS-0000181661,QLXXU1SV4MM8,2022,2023-03-29,566052568
2022-06-CENSUS-0000181661,QLXXU1SV4MM8,2022,2023-03-29,566172047
2022-06-CENSUS-0000181661,QLXXU1SV4MM8,2022,2023-03-29,566001393
2022-06-CENSUS-0000181661,QLXXU1SV4MM8,2022,2023-03-29,566000756
2022-06-CENSUS-0000181661,QLXXU1SV4MM8,2022,2023-03-29,566001468
2022-06-CENSUS-0000181661,QLXXU1SV4MM8,2022,2023-03-29,560791228
2022-06-CENSUS-0000181661,QLXXU1SV4MM8,2022,2023-03-29,566002370
2022-06-CENSUS-0000181661,QLXXU1SV4MM8,2022,2023-03-29,561258660
2022-06-CENSUS-0000181661,QLXXU1SV4MM8,2022,2023-03-29,566000403
2022-06-CENSUS-0000181661,QLXXU1SV4MM8,2022,2023-03-29,566000007
2022-06-CENSUS-0000181661,QLXXU1SV4MM8,2022,2023-03-29,566001440
2022-06-CENSUS-0000181661,QLXXU1SV4MM8,2022,2023-03-29,561176030
2022-06-CENSUS-0000181661,QLXXU1SV4MM8,2022,2023-03-29,566000805
2022-11-CENSUS-0000138640,N2KQN5N98PQ8,2022,2023-07-27,376000969
2022-11-CENSUS-0000138640,N2KQN5N98PQ8,2022,2023-07-27,371096249
2022-11-CENSUS-0000138640,N2KQN5N98PQ8,2022,2023-07-27,200000067
2022-11-CENSUS-0000138640,N2KQN5N98PQ8,2022,2023-07-27,376000968
2022-06-CENSUS-0000171433,G98CZYL2YR93,2022,2023-02-02,626601706
2022-06-CENSUS-0000171433,G98CZYL2YR93,2022,2023-02-02,626000823
2022-06-CENSUS-0000257196,CHW1WHB9MMZ5,2022,2023-02-27,237154996
2022-06-CENSUS-0000257196,CHW1WHB9MMZ5,2022,2023-02-27,205385139
2022-06-CENSUS-0000089790,MH1TLUVKQNV6,2022,2023-01-05,593385984
2022-06-CENSUS-0000071243,X4ADJRZ3Q1H4,2022,2023-03-29,510295186
2022-06-CENSUS-0000071243,X4ADJRZ3Q1H4,2022,2023-03-29,520607945
2022-06-CENSUS-0000071243,X4ADJRZ3Q1H4,2022,2023-03-29,202119977
2022-06-CENSUS-0000071243,X4ADJRZ3Q1H4,2022,2023-03-29,812662359
2022-06-CENSUS-0000071243,X4ADJRZ3Q1H4,2022,2023-03-29,521794553
2022-06-CENSUS-0000071243,X4ADJRZ3Q1H4,2022,2023-03-29,510064334
2022-06-CENSUS-0000071243,X4ADJRZ3Q1H4,2022,2023-03-29,521479538
2022-06-CENSUS-0000135695,XGYBT861BM76,2022,2023-03-30,061333509
2022-06-CENSUS-0000135695,XGYBT861BM76,2022,2023-03-30,611716173
2022-06-CENSUS-0000176294,DX89HBXLD3K9,2022,2023-01-08,541025805
2022-06-CENSUS-0000190705,GGGLKTVKKRV7,2022,2023-01-05,830329974
2022-06-CENSUS-0000190705,GGGLKTVKKRV7,2022,2023-01-05,836000298
2022-06-CENSUS-0000190705,GGGLKTVKKRV7,2022,2023-01-05,830220039
2022-06-CENSUS-0000190705,GGGLKTVKKRV7,2022,2023-01-05,830246833
2022-09-CENSUS-0000253690,HGADQ8GL9PX1,2022,2023-06-04,752705881
2022-06-CENSUS-0000257146,GBDXMMVCC3K7,2022,2023-02-23,133920232
2022-12-CENSUS-0000250847,MKXRA6EQTK17,2022,2023-08-16,050458759
2022-12-CENSUS-0000250847,MKXRA6EQTK17,2022,2023-08-16,050514476
2022-12-CENSUS-0000250847,MKXRA6EQTK17,2022,2023-08-16,046074284
2022-12-CENSUS-0000250847,MKXRA6EQTK17,2022,2023-08-16,050259003
2022-12-CENSUS-0000250847,MKXRA6EQTK17,2022,2023-08-16,056012787
2022-06-CENSUS-0000255058,LFK8DDLYRHL6,2022,2023-03-29,460319070
2022-06-CENSUS-0000255058,LFK8DDLYRHL6,2022,2023-03-29,460360899
2022-06-CENSUS-0000255058,LFK8DDLYRHL6,2022,2023-03-29,364841157
2022-09-CENSUS-0000006603,UKAHGBNQ1HC7,2022,2023-06-29,061136893
2022-09-CENSUS-0000006603,UKAHGBNQ1HC7,2022,2023-06-29,262565797
2022-09-CENSUS-0000006603,UKAHGBNQ1HC7,2022,2023-06-29,454077626
2022-06-CENSUS-0000236077,VL5KD4VHH898,2022,2023-03-29,131977140
2022-12-CENSUS-0000092994,J7VBJ7NEJ5R7,2022,2023-09-27,621251288
2022-12-CENSUS-0000255187,ZMBACEXG3AB5,2022,2023-09-28,530196624
2022-12-CENSUS-0000255187,ZMBACEXG3AB5,2022,2023-09-28,263445374
2022-12-CENSUS-0000255187,ZMBACEXG3AB5,2022,2023-09-28,452857307
2022-12-CENSUS-0000255187,ZMBACEXG3AB5,2022,2023-09-28,520696196
2022-12-CENSUS-0000255187,ZMBACEXG3AB5,2022,2023-09-28,474102818
2022-09-CENSUS-0000253725,D4FTLKJV4JL1,2022,2023-06-27,930453216
2022-09-CENSUS-0000253725,D4FTLKJV4JL1,2022,2023-06-27,571140188
2022-09-CENSUS-0000253725,D4FTLKJV4JL1,2022,2023-06-27,930557803
2022-09-CENSUS-0000253725,D4FTLKJV4JL1,2022,2023-06-27,931179254
2022-09-CENSUS-0000253725,D4FTLKJV4JL1,2022,2023-06-27,930513697
2022-09-CENSUS-0000253725,D4FTLKJV4JL1,2022,2023-06-27,711016384
2022-09-CENSUS-0000253725,D4FTLKJV4JL1,2022,2023-06-27,342030255
2022-09-CENSUS-0000253725,D4FTLKJV4JL1,2022,2023-06-27,750891470
2022-09-CENSUS-0000253725,D4FTLKJV4JL1,2022,2023-06-27,391412320
2022-06-CENSUS-0000171665,PPDQCS9N4HY7,2022,2023-01-16,626000832
2022-06-CENSUS-0000176098,C84LTJNKZF45,2022,2023-01-18,546001499
2022-06-CENSUS-0000176098,C84LTJNKZF45,2022,2023-01-18,546001495
2022-06-CENSUS-0000181661,QLXXU1SV4MM8,2022,2023-03-29,566001466
2022-06-CENSUS-0000181661,QLXXU1SV4MM8,2022,2023-03-29,561047680
2022-06-CENSUS-0000181661,QLXXU1SV4MM8,2022,2023-03-29,561238736
2022-06-CENSUS-0000181661,QLXXU1SV4MM8,2022,2023-03-29,566000730
2022-06-CENSUS-0000181661,QLXXU1SV4MM8,2022,2023-03-29,566065273
2022-06-CENSUS-0000025545,GM1XX56LEP58,2022,2023-03-19,232743545
2022-06-CENSUS-0000025545,GM1XX56LEP58,2022,2023-03-19,232810852
2022-06-CENSUS-0000025545,GM1XX56LEP58,2022,2023-03-19,311538725
2022-06-CENSUS-0000025545,GM1XX56LEP58,2022,2023-03-19,230469150
2022-06-CENSUS-0000025545,GM1XX56LEP58,2022,2023-03-19,231365353
2022-06-CENSUS-0000025545,GM1XX56LEP58,2022,2023-03-19,230485650
2022-06-CENSUS-0000025545,GM1XX56LEP58,2022,2023-03-19,232777286
2022-06-CENSUS-0000025545,GM1XX56LEP58,2022,2023-03-19,300634510
2022-06-CENSUS-0000025545,GM1XX56LEP58,2022,2023-03-19,208626804
2022-06-CENSUS-0000025545,GM1XX56LEP58,2022,2023-03-19,210635009
2022-06-CENSUS-0000025545,GM1XX56LEP58,2022,2023-03-19,264203938
2022-06-CENSUS-0000025545,GM1XX56LEP58,2022,2023-03-19,474753400
2022-06-CENSUS-0000025545,GM1XX56LEP58,2022,2023-03-19,474341060
2022-06-CENSUS-0000025545,GM1XX56LEP58,2022,2023-03-19,232729852
2022-06-CENSUS-0000025545,GM1XX56LEP58,2022,2023-03-19,232865181
2022-06-CENSUS-0000025545,GM1XX56LEP58,2022,2023-03-19,231352243
2022-06-CENSUS-0000025545,GM1XX56LEP58,2022,2023-03-19,232152662
2022-06-CENSUS-0000025545,GM1XX56LEP58,2022,2023-03-19,331011386
2022-06-CENSUS-0000025545,GM1XX56LEP58,2022,2023-03-19,233102793
2022-06-CENSUS-0000025545,GM1XX56LEP58,2022,2023-03-19,231352572
2022-12-CENSUS-0000148736,M4MUEXMHP2U4,2022,2023-07-16,381816569
2022-12-CENSUS-0000255107,E9LARVN5TLG5,2022,2023-08-23,260205619
2022-12-CENSUS-0000254927,L929F6BB9N59,2022,2023-07-16,396005654
2022-09-CENSUS-0000212183,EUJ4NSR26243,2022,2023-06-29,042103600
2022-09-CENSUS-0000212183,EUJ4NSR26243,2022,2023-06-29,042220716
2022-09-CENSUS-0000212183,EUJ4NSR26243,2022,2023-06-29,042995795
2022-09-CENSUS-0000212183,EUJ4NSR26243,2022,2023-06-29,042104159
2022-12-CENSUS-0000255882,VHAKRT1GGSV4,2022,2023-09-27,611588294
2022-12-CENSUS-0000255882,VHAKRT1GGSV4,2022,2023-09-27,330676831
2022-09-CENSUS-0000254121,WJHHVNDH7RL6,2022,2023-06-28,822785921
2022-06-CENSUS-0000251687,YTR7XM538AY8,2022,2023-02-21,310569735
2022-06-CENSUS-0000251687,YTR7XM538AY8,2022,2023-02-21,311596262
2022-06-CENSUS-0000251687,YTR7XM538AY8,2022,2023-02-21,311806189
2022-09-CENSUS-0000212675,EEBBEKAVL7R3,2022,2023-06-27,953782169
2022-09-CENSUS-0000212675,EEBBEKAVL7R3,2022,2023-06-27,952367304
2022-09-CENSUS-0000212675,EEBBEKAVL7R3,2022,2023-06-27,330449527
2022-09-CENSUS-0000212675,EEBBEKAVL7R3,2022,2023-06-27,950651579
2022-09-CENSUS-0000212675,EEBBEKAVL7R3,2022,2023-06-27,953492461
2022-09-CENSUS-0000212675,EEBBEKAVL7R3,2022,2023-06-27,330124488
2022-12-CENSUS-0000226052,JBN4TQ1MT4F3,2022,2023-09-25,262181788
2022-12-CENSUS-0000226052,JBN4TQ1MT4F3,2022,2023-09-25,270266088
2022-12-CENSUS-0000226052,JBN4TQ1MT4F3,2022,2023-09-25,621771501
2022-12-CENSUS-0000226052,JBN4TQ1MT4F3,2022,2023-09-25,900929615
2022-06-CENSUS-0000194817,MLGGMZEZFKQ2,2022,2023-09-04,202520469
2022-06-CENSUS-0000194817,MLGGMZEZFKQ2,2022,2023-09-04,461409414
2022-06-CENSUS-0000194817,MLGGMZEZFKQ2,2022,2023-09-04,462064169
2022-06-CENSUS-0000100582,Y9L8P4EMGW51,2022,2023-03-30,730730162
2022-06-CENSUS-0000002971,UKP2L3T9UJZ3,2022,2023-03-19,043247739
2022-06-CENSUS-0000002971,UKP2L3T9UJZ3,2022,2023-03-19,825141398
2022-12-CENSUS-0000255471,HZBARCLCA6R6,2022,2023-09-28,475652668
2022-12-CENSUS-0000249837,A5XGGRKAXHR7,2022,2023-07-12,821669178
2022-12-CENSUS-0000249837,A5XGGRKAXHR7,2022,2023-07-12,821504077
2022-12-CENSUS-0000249837,A5XGGRKAXHR7,2022,2023-07-12,821669380
2022-12-CENSUS-0000249837,A5XGGRKAXHR7,2022,2023-07-12,821491664
2022-12-CENSUS-0000249837,A5XGGRKAXHR7,2022,2023-07-12,821669287
2022-12-CENSUS-0000249837,A5XGGRKAXHR7,2022,2023-07-12,821730615
2022-12-CENSUS-0000249837,A5XGGRKAXHR7,2022,2023-07-12,821632470
2022-12-CENSUS-0000249837,A5XGGRKAXHR7,2022,2023-07-12,821841799
2022-06-CENSUS-0000255507,SGKZNBX276G8,2022,2023-03-19,800238474
2022-06-CENSUS-0000255507,SGKZNBX276G8,2022,2023-03-19,201639009
2022-06-CENSUS-0000255507,SGKZNBX276G8,2022,2023-03-19,800518255
2022-06-CENSUS-0000255507,SGKZNBX276G8,2022,2023-03-19,900450584
2022-09-CENSUS-0000253326,Y57AQV1LXV61,2022,2023-01-31,042709501
2022-09-CENSUS-0000253326,Y57AQV1LXV61,2022,2023-01-31,042768252
2022-06-CENSUS-0000176075,S5UEFN4T95L1,2022,2023-01-12,546001363
2022-06-CENSUS-0000176075,S5UEFN4T95L1,2022,2023-01-12,546001360
2022-09-CENSUS-0000173029,KPSRMF3B1UP1,2022,2023-04-25,741464566
2022-06-CENSUS-0000257967,EPY1QMJ6H455,2022,2023-04-19,620697745
2022-06-CENSUS-0000257967,EPY1QMJ6H455,2022,2023-04-19,200994823
2022-06-CENSUS-0000248838,MMCTF68CCA43,2022,2023-03-30,471158090
2022-12-CENSUS-0000222139,FENWF2HUMHE5,2022,2023-05-22,270836646
2022-12-CENSUS-0000222139,FENWF2HUMHE5,2022,2023-05-22,464378899
2022-12-CENSUS-0000258344,RXJQSRR98U98,2022,2023-06-15,203176396
2022-06-CENSUS-0000246826,Y7KMGFLAZ2Q9,2022,2023-03-30,200441774
2022-06-CENSUS-0000246826,Y7KMGFLAZ2Q9,2022,2023-03-30,222215356
2022-06-CENSUS-0000246826,Y7KMGFLAZ2Q9,2022,2023-03-30,222397467
2022-06-CENSUS-0000246826,Y7KMGFLAZ2Q9,2022,2023-03-30,222511879
2022-06-CENSUS-0000246826,Y7KMGFLAZ2Q9,2022,2023-03-30,222560556
2022-06-CENSUS-0000246826,Y7KMGFLAZ2Q9,2022,2023-03-30,232713290
2022-06-CENSUS-0000246826,Y7KMGFLAZ2Q9,2022,2023-03-30,232735283
2022-06-CENSUS-0000246826,Y7KMGFLAZ2Q9,2022,2023-03-30,232818995
2022-06-CENSUS-0000246826,Y7KMGFLAZ2Q9,2022,2023-03-30,221550592
2022-06-CENSUS-0000246826,Y7KMGFLAZ2Q9,2022,2023-03-30,231352080
2022-06-CENSUS-0000246826,Y7KMGFLAZ2Q9,2022,2023-03-30,232911839
2022-06-CENSUS-0000246826,Y7KMGFLAZ2Q9,2022,2023-03-30,232991533
2022-06-CENSUS-0000246826,Y7KMGFLAZ2Q9,2022,2023-03-30,251243460
2022-06-CENSUS-0000246826,Y7KMGFLAZ2Q9,2022,2023-03-30,742918981
2022-06-CENSUS-0000246826,Y7KMGFLAZ2Q9,2022,2023-03-30,760545741
2022-06-CENSUS-0000246826,Y7KMGFLAZ2Q9,2022,2023-03-30,762650651
2022-06-CENSUS-0000246826,Y7KMGFLAZ2Q9,2022,2023-03-30,833128346
2022-06-CENSUS-0000246826,Y7KMGFLAZ2Q9,2022,2023-03-30,842330953
2022-06-CENSUS-0000246826,Y7KMGFLAZ2Q9,2022,2023-03-30,842418705
2022-06-CENSUS-0000246826,Y7KMGFLAZ2Q9,2022,2023-03-30,843047396
2022-06-CENSUS-0000246826,Y7KMGFLAZ2Q9,2022,2023-03-30,863414545
2022-06-CENSUS-0000246826,Y7KMGFLAZ2Q9,2022,2023-03-30,870846562
2022-06-CENSUS-0000246826,Y7KMGFLAZ2Q9,2022,2023-03-30,942411045
2022-06-CENSUS-0000246826,Y7KMGFLAZ2Q9,2022,2023-03-30,450463456
2022-06-CENSUS-0000246826,Y7KMGFLAZ2Q9,2022,2023-03-30,461205364
2022-06-CENSUS-0000246826,Y7KMGFLAZ2Q9,2022,2023-03-30,561248778
2022-06-CENSUS-0000246826,Y7KMGFLAZ2Q9,2022,2023-03-30,472886590
2022-06-CENSUS-0000246826,Y7KMGFLAZ2Q9,2022,2023-03-30,472963518
2022-06-CENSUS-0000246826,Y7KMGFLAZ2Q9,2022,2023-03-30,473280467
2022-06-CENSUS-0000246826,Y7KMGFLAZ2Q9,2022,2023-03-30,473550736
2022-06-CENSUS-0000246826,Y7KMGFLAZ2Q9,2022,2023-03-30,474187666
2022-06-CENSUS-0000246826,Y7KMGFLAZ2Q9,2022,2023-03-30,810884735
2022-06-CENSUS-0000246826,Y7KMGFLAZ2Q9,2022,2023-03-30,821809627
2022-06-CENSUS-0000246826,Y7KMGFLAZ2Q9,2022,2023-03-30,821827744
2022-06-CENSUS-0000246826,Y7KMGFLAZ2Q9,2022,2023-03-30,822927898
2022-06-CENSUS-0000246826,Y7KMGFLAZ2Q9,2022,2023-03-30,824370040
2022-06-CENSUS-0000246826,Y7KMGFLAZ2Q9,2022,2023-03-30,825432996
2022-06-CENSUS-0000016544,F9T2BMEUV3H5,2022,2023-03-30,133203211
2022-06-CENSUS-0000227685,XKK1KGY2GD54,2022,2023-04-24,770424419
2022-06-CENSUS-0000257648,S3KDBDWPLPK9,2022,2023-03-29,205180812
2022-12-CENSUS-0000226066,F94VMUFH95M3,2022,2023-10-01,420681048
2022-12-CENSUS-0000226066,F94VMUFH95M3,2022,2023-10-01,470457872
2022-12-CENSUS-0000226066,F94VMUFH95M3,2022,2023-10-01,470690207
2022-06-CENSUS-0000165114,D3MUME8J5T25,2022,2023-03-15,736084241
2022-06-CENSUS-0000165114,D3MUME8J5T25,2022,2023-03-15,730758089
2022-06-CENSUS-0000165114,D3MUME8J5T25,2022,2023-03-15,736096261
2022-06-CENSUS-0000165114,D3MUME8J5T25,2022,2023-03-15,730982355
2022-12-CENSUS-0000254188,MUDKN1JABHT5,2022,2023-08-10,371198049
2022-12-CENSUS-0000185803,CE1SFAN131F6,2022,2023-09-29,208558857
2022-06-CENSUS-0000068953,SFFMDJ7R8QH7,2022,2023-02-16,460373007
2022-06-CENSUS-0000068953,SFFMDJ7R8QH7,2022,2023-02-16,363297912
2022-06-CENSUS-0000068953,SFFMDJ7R8QH7,2022,2023-02-16,363528934
2022-06-CENSUS-0000232275,QPCQDKA2MMJ7,2022,2023-03-26,370661238
2022-06-CENSUS-0000232275,QPCQDKA2MMJ7,2022,2023-03-26,370663567
2022-06-CENSUS-0000232275,QPCQDKA2MMJ7,2022,2023-03-26,370661244
2022-06-CENSUS-0000232275,QPCQDKA2MMJ7,2022,2023-03-26,370661233
2022-06-CENSUS-0000232275,QPCQDKA2MMJ7,2022,2023-03-26,371208459
2022-06-CENSUS-0000232275,QPCQDKA2MMJ7,2022,2023-03-26,370661236
2022-06-CENSUS-0000232275,QPCQDKA2MMJ7,2022,2023-03-26,370663568
2022-06-CENSUS-0000232275,QPCQDKA2MMJ7,2022,2023-03-26,370792770
2022-06-CENSUS-0000232275,QPCQDKA2MMJ7,2022,2023-03-26,370512290
2022-06-CENSUS-0000232275,QPCQDKA2MMJ7,2022,2023-03-26,390817529
2022-06-CENSUS-0000232275,QPCQDKA2MMJ7,2022,2023-03-26,390807060
2022-06-CENSUS-0000232275,QPCQDKA2MMJ7,2022,2023-03-26,390818682
2022-06-CENSUS-0000232275,QPCQDKA2MMJ7,2022,2023-03-26,390808480
2022-06-CENSUS-0000232275,QPCQDKA2MMJ7,2022,2023-03-26,390810545
2022-06-CENSUS-0000135667,VFZDTXQ1PN97,2022,2023-04-18,066001863
2022-06-CENSUS-0000070117,SNLZHEANAJ47,2022,2023-02-12,842043415
2022-06-CENSUS-0000070117,SNLZHEANAJ47,2022,2023-02-12,452542345
2022-06-CENSUS-0000070117,SNLZHEANAJ47,2022,2023-02-12,481030086
2022-06-CENSUS-0000070117,SNLZHEANAJ47,2022,2023-02-12,843399890
2022-06-CENSUS-0000070117,SNLZHEANAJ47,2022,2023-02-12,481030087
2022-06-CENSUS-0000070117,SNLZHEANAJ47,2022,2023-02-12,481030088
2022-12-CENSUS-0000254984,UAGTTDPC2QV3,2022,2023-09-21,320506896
2022-12-CENSUS-0000254984,UAGTTDPC2QV3,2022,2023-09-21,340714583
2022-12-CENSUS-0000254984,UAGTTDPC2QV3,2022,2023-09-21,205252882
2022-12-CENSUS-0000254984,UAGTTDPC2QV3,2022,2023-09-21,741393060
2022-12-CENSUS-0000254984,UAGTTDPC2QV3,2022,2023-09-21,461175423
2022-12-CENSUS-0000254984,UAGTTDPC2QV3,2022,2023-09-21,205253134
2022-12-CENSUS-0000254984,UAGTTDPC2QV3,2022,2023-09-21,202898771
2022-12-CENSUS-0000254984,UAGTTDPC2QV3,2022,2023-09-21,742206635
2022-12-CENSUS-0000254984,UAGTTDPC2QV3,2022,2023-09-21,455125687
2022-12-CENSUS-0000254984,UAGTTDPC2QV3,2022,2023-09-21,202546649
2022-12-CENSUS-0000254984,UAGTTDPC2QV3,2022,2023-09-21,300885567
2022-12-CENSUS-0000254984,UAGTTDPC2QV3,2022,2023-09-21,262128507
2022-12-CENSUS-0000254984,UAGTTDPC2QV3,2022,2023-09-21,472819044
2022-12-CENSUS-0000254984,UAGTTDPC2QV3,2022,2023-09-21,954862310
2022-12-CENSUS-0000254984,UAGTTDPC2QV3,2022,2023-09-21,814634109
2022-12-CENSUS-0000254984,UAGTTDPC2QV3,2022,2023-09-21,800458752
2022-12-CENSUS-0000254984,UAGTTDPC2QV3,2022,2023-09-21,474575700
2022-12-CENSUS-0000254984,UAGTTDPC2QV3,2022,2023-09-21,300891469
2022-12-CENSUS-0000254984,UAGTTDPC2QV3,2022,2023-09-21,203986815
2022-12-CENSUS-0000254984,UAGTTDPC2QV3,2022,2023-09-21,341014198
2022-06-CENSUS-0000251546,KRHPSM7YJ3G5,2022,2023-09-19,364760974
2022-06-CENSUS-0000251546,KRHPSM7YJ3G5,2022,2023-09-19,521890034
2022-06-CENSUS-0000251546,KRHPSM7YJ3G5,2022,2023-09-19,522020157
2022-06-CENSUS-0000251546,KRHPSM7YJ3G5,2022,2023-09-19,521722088
2022-06-CENSUS-0000251546,KRHPSM7YJ3G5,2022,2023-09-19,833856917
2022-06-CENSUS-0000251546,KRHPSM7YJ3G5,2022,2023-09-19,521331298
2022-06-CENSUS-0000251546,KRHPSM7YJ3G5,2022,2023-09-19,871458728
2022-06-CENSUS-0000251546,KRHPSM7YJ3G5,2022,2023-09-19,270263214
2022-06-CENSUS-0000251546,KRHPSM7YJ3G5,2022,2023-09-19,201838374
2022-06-CENSUS-0000251546,KRHPSM7YJ3G5,2022,2023-09-19,202290229
2022-06-CENSUS-0000251546,KRHPSM7YJ3G5,2022,2023-09-19,260623450
2022-06-CENSUS-0000251546,KRHPSM7YJ3G5,2022,2023-09-19,262728283
2022-06-CENSUS-0000251546,KRHPSM7YJ3G5,2022,2023-09-19,263038406
2022-06-CENSUS-0000251546,KRHPSM7YJ3G5,2022,2023-09-19,263525250
2022-06-CENSUS-0000251546,KRHPSM7YJ3G5,2022,2023-09-19,263525796
2022-06-CENSUS-0000251546,KRHPSM7YJ3G5,2022,2023-09-19,264046246
2022-06-CENSUS-0000251546,KRHPSM7YJ3G5,2022,2023-09-19,270417565
2022-06-CENSUS-0000251546,KRHPSM7YJ3G5,2022,2023-09-19,473027011
2022-06-CENSUS-0000251546,KRHPSM7YJ3G5,2022,2023-09-19,473176502
2022-06-CENSUS-0000251546,KRHPSM7YJ3G5,2022,2023-09-19,474386084
2022-06-CENSUS-0000251546,KRHPSM7YJ3G5,2022,2023-09-19,521169362
2022-06-CENSUS-0000251546,KRHPSM7YJ3G5,2022,2023-09-19,521467734
2022-06-CENSUS-0000251546,KRHPSM7YJ3G5,2022,2023-09-19,521622251
2022-06-CENSUS-0000251546,KRHPSM7YJ3G5,2022,2023-09-19,521638026
2022-06-CENSUS-0000251546,KRHPSM7YJ3G5,2022,2023-09-19,521646304
2022-06-CENSUS-0000251546,KRHPSM7YJ3G5,2022,2023-09-19,521712338
2022-06-CENSUS-0000251546,KRHPSM7YJ3G5,2022,2023-09-19,521884380
2022-06-CENSUS-0000251546,KRHPSM7YJ3G5,2022,2023-09-19,522020156
2022-06-CENSUS-0000251546,KRHPSM7YJ3G5,2022,2023-09-19,611756240
2022-06-CENSUS-0000251546,KRHPSM7YJ3G5,2022,2023-09-19,611930552
2022-06-CENSUS-0000251546,KRHPSM7YJ3G5,2022,2023-09-19,800833786
2022-06-CENSUS-0000251546,KRHPSM7YJ3G5,2022,2023-09-19,811095800
2022-06-CENSUS-0000251546,KRHPSM7YJ3G5,2022,2023-09-19,871489240
2022-06-CENSUS-0000251546,KRHPSM7YJ3G5,2022,2023-09-19,873319637
2022-06-CENSUS-0000251546,KRHPSM7YJ3G5,2022,2023-09-19,900983677
2022-09-CENSUS-0000205719,WVKUL5NJFGF3,2022,2023-01-25,841592464
2022-12-CENSUS-0000003866,TQFLTTBZW1A1,2022,2023-05-11,203387309
2022-09-CENSUS-0000250987,H9ZFMV7TMYX3,2022,2023-03-27,561925492
2022-12-CENSUS-0000237356,X3J4ZFLNKKM9,2022,2023-09-28,863393224
2022-12-CENSUS-0000237356,X3J4ZFLNKKM9,2022,2023-09-28,472244954
2022-12-CENSUS-0000237356,X3J4ZFLNKKM9,2022,2023-09-28,844428544
2022-06-CENSUS-0000003453,L5DXZD52WLL5,2022,2023-01-04,255173077
2022-09-CENSUS-0000202149,XHZZTYNBBLA3,2022,2023-07-23,730758657
2022-06-CENSUS-0000056426,D5NYYC4K6LJ4,2022,2023-03-06,382391381
2022-06-CENSUS-0000056426,D5NYYC4K6LJ4,2022,2023-03-06,475320389
2022-09-CENSUS-0000233569,YS8MKJGJN857,2022,2023-01-16,020260334
2022-09-CENSUS-0000233569,YS8MKJGJN857,2022,2023-01-16,041564655
2022-09-CENSUS-0000233569,YS8MKJGJN857,2022,2023-01-16,042013591
2022-09-CENSUS-0000233569,YS8MKJGJN857,2022,2023-01-16,042103611
2022-09-CENSUS-0000233569,YS8MKJGJN857,2022,2023-01-16,042103823
2022-09-CENSUS-0000233569,YS8MKJGJN857,2022,2023-01-16,042104691
2022-09-CENSUS-0000233569,YS8MKJGJN857,2022,2023-01-16,042129889
2022-09-CENSUS-0000233569,YS8MKJGJN857,2022,2023-01-16,042312909
2022-09-CENSUS-0000233569,YS8MKJGJN857,2022,2023-01-16,042551124
2022-09-CENSUS-0000233569,YS8MKJGJN857,2022,2023-01-16,042697981
2022-09-CENSUS-0000233569,YS8MKJGJN857,2022,2023-01-16,042697983
2022-09-CENSUS-0000233569,YS8MKJGJN857,2022,2023-01-16,042768256
2022-09-CENSUS-0000233569,YS8MKJGJN857,2022,2023-01-16,042868893
2022-09-CENSUS-0000233569,YS8MKJGJN857,2022,2023-01-16,043236175
2022-09-CENSUS-0000233569,YS8MKJGJN857,2022,2023-01-16,043399616
2022-09-CENSUS-0000233569,YS8MKJGJN857,2022,2023-01-16,043419920
2022-09-CENSUS-0000233569,YS8MKJGJN857,2022,2023-01-16,222617175
2022-09-CENSUS-0000233569,YS8MKJGJN857,2022,2023-01-16,270273715
2022-09-CENSUS-0000233569,YS8MKJGJN857,2022,2023-01-16,222632121
2022-09-CENSUS-0000088516,DKCLJKDA7GJ8,2022,2023-03-05,592846971
2022-09-CENSUS-0000088516,DKCLJKDA7GJ8,2022,2023-03-05,592174961
2022-06-CENSUS-0000162380,DMD1RKCJSKR8,2022,2023-03-28,316402047
2022-06-CENSUS-0000162380,DMD1RKCJSKR8,2022,2023-03-28,311337478
2022-06-CENSUS-0000162380,DMD1RKCJSKR8,2022,2023-03-28,311334821
2022-06-CENSUS-0000162380,DMD1RKCJSKR8,2022,2023-03-28,311334187
2022-06-CENSUS-0000162380,DMD1RKCJSKR8,2022,2023-03-28,316402147
2022-06-CENSUS-0000162380,DMD1RKCJSKR8,2022,2023-03-28,800390759
2022-06-CENSUS-0000162380,DMD1RKCJSKR8,2022,2023-03-28,383988595
2022-06-CENSUS-0000162380,DMD1RKCJSKR8,2022,2023-03-28,316081599
2022-06-CENSUS-0000162380,DMD1RKCJSKR8,2022,2023-03-28,311457550
2022-06-CENSUS-0000162380,DMD1RKCJSKR8,2022,2023-03-28,311334825
2022-06-CENSUS-0000162380,DMD1RKCJSKR8,2022,2023-03-28,384048030
2022-12-CENSUS-0000250729,NJXUJHMGALY3,2022,2023-09-05,470762798
2022-06-CENSUS-0000254099,JZ1ZCBNHQ4Y9,2022,2023-04-17,232719336
2022-06-CENSUS-0000254099,JZ1ZCBNHQ4Y9,2022,2023-04-17,240798839
2022-06-CENSUS-0000179792,H2JQJKZU65E8,2022,2023-01-30,237287605
2022-06-CENSUS-0000176041,SXWDD87FVNV9,2022,2023-01-29,546001152
2022-06-CENSUS-0000176041,SXWDD87FVNV9,2022,2023-01-29,546001155
2022-09-CENSUS-0000216886,J33BMJRBXK76,2022,2023-02-01,464193446
2022-12-CENSUS-0000199567,KUKXRCZ6NZC2,2022,2023-08-30,131624082
2022-12-CENSUS-0000199567,KUKXRCZ6NZC2,2022,2023-08-30,202212588
2022-12-CENSUS-0000199567,KUKXRCZ6NZC2,2022,2023-08-30,131924236
2022-12-CENSUS-0000199567,KUKXRCZ6NZC2,2022,2023-08-30,133278575
2022-12-CENSUS-0000199567,KUKXRCZ6NZC2,2022,2023-08-30,133365998
2022-12-CENSUS-0000199567,KUKXRCZ6NZC2,2022,2023-08-30,300831483
2022-12-CENSUS-0000199567,KUKXRCZ6NZC2,2022,2023-08-30,133278578
2022-12-CENSUS-0000199567,KUKXRCZ6NZC2,2022,2023-08-30,611791803
2022-12-CENSUS-0000199567,KUKXRCZ6NZC2,2022,2023-08-30,593801080
2022-12-CENSUS-0000199567,KUKXRCZ6NZC2,2022,2023-08-30,020594889
2022-12-CENSUS-0000199567,KUKXRCZ6NZC2,2022,2023-08-30,133237927
2022-12-CENSUS-0000199567,KUKXRCZ6NZC2,2022,2023-08-30,133278548
2022-12-CENSUS-0000199567,KUKXRCZ6NZC2,2022,2023-08-30,133278550
2022-12-CENSUS-0000199567,KUKXRCZ6NZC2,2022,2023-08-30,133278552
2022-12-CENSUS-0000199567,KUKXRCZ6NZC2,2022,2023-08-30,133278556
2022-12-CENSUS-0000199567,KUKXRCZ6NZC2,2022,2023-08-30,133278574
2022-12-CENSUS-0000199567,KUKXRCZ6NZC2,2022,2023-08-30,133278580
2022-12-CENSUS-0000199567,KUKXRCZ6NZC2,2022,2023-08-30,133278581
2022-12-CENSUS-0000199567,KUKXRCZ6NZC2,2022,2023-08-30,133278582
2022-12-CENSUS-0000199567,KUKXRCZ6NZC2,2022,2023-08-30,133278583
2022-12-CENSUS-0000199567,KUKXRCZ6NZC2,2022,2023-08-30,133304834
2022-12-CENSUS-0000199567,KUKXRCZ6NZC2,2022,2023-08-30,133346908
2022-12-CENSUS-0000199567,KUKXRCZ6NZC2,2022,2023-08-30,133367135
2022-12-CENSUS-0000199567,KUKXRCZ6NZC2,2022,2023-08-30,133375559
2022-12-CENSUS-0000199567,KUKXRCZ6NZC2,2022,2023-08-30,133399377
2022-12-CENSUS-0000199567,KUKXRCZ6NZC2,2022,2023-08-30,133430629
2022-12-CENSUS-0000199567,KUKXRCZ6NZC2,2022,2023-08-30,134010372
2022-12-CENSUS-0000199567,KUKXRCZ6NZC2,2022,2023-08-30,134059247
2022-12-CENSUS-0000199567,KUKXRCZ6NZC2,2022,2023-08-30,300937486
2022-12-CENSUS-0000199567,KUKXRCZ6NZC2,2022,2023-08-30,320577172
2022-12-CENSUS-0000199567,KUKXRCZ6NZC2,2022,2023-08-30,510616510
2022-12-CENSUS-0000199567,KUKXRCZ6NZC2,2022,2023-08-30,542092060
2022-12-CENSUS-0000199567,KUKXRCZ6NZC2,2022,2023-08-30,611904151
2022-12-CENSUS-0000199567,KUKXRCZ6NZC2,2022,2023-08-30,651263291
2022-12-CENSUS-0000199567,KUKXRCZ6NZC2,2022,2023-08-30,651263292
2022-12-CENSUS-0000187697,SN26MRT2DNJ5,2022,2023-09-27,351747218
2022-12-CENSUS-0000187697,SN26MRT2DNJ5,2022,2023-09-27,351720796
2022-12-CENSUS-0000187697,SN26MRT2DNJ5,2022,2023-09-27,350867958
2022-12-CENSUS-0000187697,SN26MRT2DNJ5,2022,2023-09-27,010646166
2022-12-CENSUS-0000187697,SN26MRT2DNJ5,2022,2023-09-27,815174295
2022-12-CENSUS-0000187697,SN26MRT2DNJ5,2022,2023-09-27,351932442
2022-12-CENSUS-0000187697,SN26MRT2DNJ5,2022,2023-09-27,352090919
2022-12-CENSUS-0000187697,SN26MRT2DNJ5,2022,2023-09-27,237042323
2022-12-CENSUS-0000187697,SN26MRT2DNJ5,2022,2023-09-27,273532963
2022-12-CENSUS-0000187697,SN26MRT2DNJ5,2022,2023-09-27,262772226
2022-12-CENSUS-0000187697,SN26MRT2DNJ5,2022,2023-09-27,822736786
2022-12-CENSUS-0000187697,SN26MRT2DNJ5,2022,2023-09-27,351814660
2022-12-CENSUS-0000187697,SN26MRT2DNJ5,2022,2023-09-27,263162145
2022-12-CENSUS-0000187697,SN26MRT2DNJ5,2022,2023-09-27,473832952
2022-12-CENSUS-0000187697,SN26MRT2DNJ5,2022,2023-09-27,351925641
2022-12-CENSUS-0000219086,SJRHLPN3L9T8,2022,2023-09-26,113565450
2022-09-CENSUS-0000136107,NMBJJVXNEHF6,2022,2023-08-13,591441092
2022-09-CENSUS-0000136107,NMBJJVXNEHF6,2022,2023-08-13,596000689
2022-09-CENSUS-0000136107,NMBJJVXNEHF6,2022,2023-08-13,591719266
2022-09-CENSUS-0000136107,NMBJJVXNEHF6,2022,2023-08-13,596031687
2022-06-CENSUS-0000171375,XFK2DVVG6L59,2022,2023-01-16,626000892
2022-06-CENSUS-0000171375,XFK2DVVG6L59,2022,2023-01-16,626000894
2022-12-CENSUS-0000038126,CQEKTNA3HGL7,2022,2023-05-17,314416407
2022-06-CENSUS-0000003724,PC6GM9GNWJB7,2022,2023-02-26,300162655
2022-06-CENSUS-0000003724,PC6GM9GNWJB7,2022,2023-02-26,223215740
2022-06-CENSUS-0000003724,PC6GM9GNWJB7,2022,2023-02-26,061569439
2022-06-CENSUS-0000003724,PC6GM9GNWJB7,2022,2023-02-26,043546321
2022-06-CENSUS-0000003724,PC6GM9GNWJB7,2022,2023-02-26,311740060
2022-06-CENSUS-0000003724,PC6GM9GNWJB7,2022,2023-02-26,311758843
2022-06-CENSUS-0000003724,PC6GM9GNWJB7,2022,2023-02-26,043233283
2022-06-CENSUS-0000003724,PC6GM9GNWJB7,2022,2023-02-26,043259610
2022-06-CENSUS-0000003724,PC6GM9GNWJB7,2022,2023-02-26,300162656
2022-12-CENSUS-0000150704,QS7KRGY1LDF6,2022,2023-09-28,410845733
2022-12-CENSUS-0000150704,QS7KRGY1LDF6,2022,2023-09-28,421707837
2022-12-CENSUS-0000234095,E3A8JQA9U4L1,2022,2023-09-27,473607289
2022-06-CENSUS-0000176043,Y9CBMLMQMNJ3,2022,2023-06-15,546001177
2022-06-CENSUS-0000176043,Y9CBMLMQMNJ3,2022,2023-06-15,546001171
2022-12-CENSUS-0000246420,Z5U7N9JXCAB3,2022,2023-07-30,322167008
2022-12-CENSUS-0000250729,NJXUJHMGALY3,2022,2023-09-05,300206686
2022-12-CENSUS-0000250729,NJXUJHMGALY3,2022,2023-09-05,871820951
2022-06-CENSUS-0000219918,GHUMTNSYMNH3,2022,2023-03-30,232899911
2022-06-CENSUS-0000219918,GHUMTNSYMNH3,2022,2023-03-30,230465970
2022-06-CENSUS-0000219918,GHUMTNSYMNH3,2022,2023-03-30,231370484
2022-06-CENSUS-0000219918,GHUMTNSYMNH3,2022,2023-03-30,230794160
2022-06-CENSUS-0000219918,GHUMTNSYMNH3,2022,2023-03-30,231360854
2022-06-CENSUS-0000219918,GHUMTNSYMNH3,2022,2023-03-30,231352222
2022-06-CENSUS-0000219918,GHUMTNSYMNH3,2022,2023-03-30,231352220
2022-06-CENSUS-0000219918,GHUMTNSYMNH3,2022,2023-03-30,231548822
2022-06-CENSUS-0000219918,GHUMTNSYMNH3,2022,2023-03-30,232730785
2022-12-CENSUS-0000058653,LZLGEZLJ7H89,2022,2023-06-21,391022483
2022-06-CENSUS-0000003302,YWQ7CJRKQNX6,2022,2023-01-25,300100167
2022-06-CENSUS-0000003302,YWQ7CJRKQNX6,2022,2023-01-25,300142664
2022-06-CENSUS-0000003302,YWQ7CJRKQNX6,2022,2023-01-25,300233972
2022-06-CENSUS-0000003302,YWQ7CJRKQNX6,2022,2023-01-25,043373843
2022-06-CENSUS-0000003302,YWQ7CJRKQNX6,2022,2023-01-25,311695823
2022-06-CENSUS-0000003302,YWQ7CJRKQNX6,2022,2023-01-25,311695981
2022-08-CENSUS-0000206004,J3VQVXANJ326,2022,2023-05-24,201234322
2022-08-CENSUS-0000206004,J3VQVXANJ326,2022,2023-05-24,201234461
2022-08-CENSUS-0000206004,J3VQVXANJ326,2022,2023-05-24,742620408
2022-08-CENSUS-0000206004,J3VQVXANJ326,2022,2023-05-24,742988134
2022-12-CENSUS-0000176847,PQLDK3TL8FN7,2022,2023-08-17,916018764
2022-12-CENSUS-0000213514,ZZWNRV2LKDN3,2022,2023-07-17,440545297
2022-12-CENSUS-0000213514,ZZWNRV2LKDN3,2022,2023-07-17,742849611
2022-12-CENSUS-0000213514,ZZWNRV2LKDN3,2022,2023-07-17,481203262
2022-12-CENSUS-0000213514,ZZWNRV2LKDN3,2022,2023-07-17,562488077
2022-12-CENSUS-0000213514,ZZWNRV2LKDN3,2022,2023-07-17,440565393
2022-12-CENSUS-0000213514,ZZWNRV2LKDN3,2022,2023-07-17,431735565
2022-12-CENSUS-0000213514,ZZWNRV2LKDN3,2022,2023-07-17,431707306
2022-12-CENSUS-0000213514,ZZWNRV2LKDN3,2022,2023-07-17,843362602
2022-12-CENSUS-0000213514,ZZWNRV2LKDN3,2022,2023-07-17,431598353
2022-12-CENSUS-0000213514,ZZWNRV2LKDN3,2022,2023-07-17,454725529
2022-12-CENSUS-0000213514,ZZWNRV2LKDN3,2022,2023-07-17,431127200
2022-12-CENSUS-0000213514,ZZWNRV2LKDN3,2022,2023-07-17,453851008
2022-12-CENSUS-0000213514,ZZWNRV2LKDN3,2022,2023-07-17,431609584
2022-12-CENSUS-0000213514,ZZWNRV2LKDN3,2022,2023-07-17,431139083
2022-12-CENSUS-0000018983,FAC6KS3N2S14,2022,2023-09-26,161564672
2022-06-CENSUS-0000218090,ZTYYL9NL5QX9,2022,2023-02-06,351827682
2022-06-CENSUS-0000218090,ZTYYL9NL5QX9,2022,2023-02-06,473062508
2022-06-CENSUS-0000218090,ZTYYL9NL5QX9,2022,2023-02-06,351577679
2022-06-CENSUS-0000218090,ZTYYL9NL5QX9,2022,2023-02-06,311074018
2022-06-CENSUS-0000218090,ZTYYL9NL5QX9,2022,2023-02-06,351141484
2022-06-CENSUS-0000218090,ZTYYL9NL5QX9,2022,2023-02-06,271010344
2022-06-CENSUS-0000218090,ZTYYL9NL5QX9,2022,2023-02-06,451475026
2022-06-CENSUS-0000239599,FJARBDQFM4J5,2022,2023-03-30,273176759
2022-09-CENSUS-0000004292,SKSBGBWWEJ95,2022,2023-04-20,042103575
2022-12-CENSUS-0000071813,KQ9GHD78VHN4,2022,2023-07-23,275284861
2022-12-CENSUS-0000249510,TZ93JF3VB483,2022,2023-04-09,821659466
2022-12-CENSUS-0000249510,TZ93JF3VB483,2022,2023-04-09,630314610
2022-12-CENSUS-0000249510,TZ93JF3VB483,2022,2023-04-09,821764908
2022-12-CENSUS-0000249510,TZ93JF3VB483,2022,2023-04-09,821659323
2022-12-CENSUS-0000249510,TZ93JF3VB483,2022,2023-04-09,582338201
2022-12-CENSUS-0000249510,TZ93JF3VB483,2022,2023-04-09,821842047
2022-12-CENSUS-0000249510,TZ93JF3VB483,2022,2023-04-09,821700371
2022-12-CENSUS-0000249510,TZ93JF3VB483,2022,2023-04-09,472323744
2022-06-CENSUS-0000176065,WQ9RYBVLJ7R8,2022,2023-01-10,546001313
2022-06-CENSUS-0000006022,MJ9TZJLS4EL6,2022,2023-03-29,050517019
2022-06-CENSUS-0000015219,XJQAMRNAMM35,2022,2023-03-29,133517886
2022-09-CENSUS-0000249899,EHC8XPKLY6N4,2022,2023-03-16,911938421
2022-09-CENSUS-0000249899,EHC8XPKLY6N4,2022,2023-03-16,911946471
2022-09-CENSUS-0000249899,EHC8XPKLY6N4,2022,2023-03-16,912023311
2022-09-CENSUS-0000249899,EHC8XPKLY6N4,2022,2023-03-16,911958168
2022-09-CENSUS-0000249899,EHC8XPKLY6N4,2022,2023-03-16,912075074
2022-09-CENSUS-0000249899,EHC8XPKLY6N4,2022,2023-03-16,911892332
2022-09-CENSUS-0000249899,EHC8XPKLY6N4,2022,2023-03-16,912177127
2022-09-CENSUS-0000249899,EHC8XPKLY6N4,2022,2023-03-16,202677586
2022-09-CENSUS-0000249899,EHC8XPKLY6N4,2022,2023-03-16,861425330
2022-12-CENSUS-0000033641,UQMNZ2MC5VC3,2022,2023-08-30,133475785
2022-06-CENSUS-0000202741,LMJYLXLE87M6,2022,2023-06-14,271388160
2022-06-CENSUS-0000202741,LMJYLXLE87M6,2022,2023-06-14,112430783
2022-06-CENSUS-0000202741,LMJYLXLE87M6,2022,2023-06-14,271546992
2022-06-CENSUS-0000202741,LMJYLXLE87M6,2022,2023-06-14,113598430
2022-06-CENSUS-0000202741,LMJYLXLE87M6,2022,2023-06-14,134092709
2022-05-CENSUS-0000256891,X8T2LYJY5PM4,2022,2023-02-02,382689011
2022-12-CENSUS-0000058641,J9ZEN9NP5MY9,2022,2023-07-18,463893976
2022-12-CENSUS-0000058641,J9ZEN9NP5MY9,2022,2023-07-18,390806257
2022-06-CENSUS-0000155940,DN3MR2UV3DM7,2022,2023-06-28,880140951
2022-06-CENSUS-0000190256,PC5NYNW2UQ54,2022,2023-03-16,626000722
2022-06-CENSUS-0000254253,SMJ9XFKZ4J85,2022,2023-03-21,581341530
2022-06-CENSUS-0000254253,SMJ9XFKZ4J85,2022,2023-03-21,561479712
2022-06-CENSUS-0000254253,SMJ9XFKZ4J85,2022,2023-03-21,560619359
2022-06-CENSUS-0000254253,SMJ9XFKZ4J85,2022,2023-03-21,561455630
2022-12-CENSUS-0000049263,N1LBQ9ABLZ18,2022,2023-09-28,363846104
2022-09-CENSUS-0000105524,TF4ADS8ULHZ1,2022,2023-06-28,813011126
2022-06-CENSUS-0000171370,M288TN5Z8LR3,2022,2023-01-22,621014604
2022-06-CENSUS-0000171370,M288TN5Z8LR3,2022,2023-01-22,626000527
2022-06-CENSUS-0000171370,M288TN5Z8LR3,2022,2023-01-22,621489794
2022-06-CENSUS-0000171370,M288TN5Z8LR3,2022,2023-01-22,626000528
2022-06-CENSUS-0000177452,LTE8MG4PPJ15,2022,2023-02-13,113742937
2022-06-CENSUS-0000177452,LTE8MG4PPJ15,2022,2023-02-13,262623534
2022-06-CENSUS-0000177452,LTE8MG4PPJ15,2022,2023-02-13,300507067
2022-06-CENSUS-0000177452,LTE8MG4PPJ15,2022,2023-02-13,320200490
2022-06-CENSUS-0000177452,LTE8MG4PPJ15,2022,2023-02-13,412167984
2022-06-CENSUS-0000177452,LTE8MG4PPJ15,2022,2023-02-13,455463036
2022-06-CENSUS-0000177452,LTE8MG4PPJ15,2022,2023-02-13,465109796
2022-06-CENSUS-0000177452,LTE8MG4PPJ15,2022,2023-02-13,472045326
2022-06-CENSUS-0000177452,LTE8MG4PPJ15,2022,2023-02-13,510632254
2022-06-CENSUS-0000177452,LTE8MG4PPJ15,2022,2023-02-13,550458465
2022-06-CENSUS-0000177452,LTE8MG4PPJ15,2022,2023-02-13,550483610
2022-06-CENSUS-0000177452,LTE8MG4PPJ15,2022,2023-02-13,550489243
2022-06-CENSUS-0000177452,LTE8MG4PPJ15,2022,2023-02-13,550517092
2022-06-CENSUS-0000177452,LTE8MG4PPJ15,2022,2023-02-13,550523820
2022-06-CENSUS-0000177452,LTE8MG4PPJ15,2022,2023-02-13,550524072
2022-06-CENSUS-0000177452,LTE8MG4PPJ15,2022,2023-02-13,550530182
2022-06-CENSUS-0000177452,LTE8MG4PPJ15,2022,2023-02-13,550561541
2022-06-CENSUS-0000177452,LTE8MG4PPJ15,2022,2023-02-13,550574804
2022-06-CENSUS-0000177452,LTE8MG4PPJ15,2022,2023-02-13,550642540
2022-06-CENSUS-0000177452,LTE8MG4PPJ15,2022,2023-02-13,550658367
2022-06-CENSUS-0000177452,LTE8MG4PPJ15,2022,2023-02-13,550690975
2022-06-CENSUS-0000177452,LTE8MG4PPJ15,2022,2023-02-13,550691505
2022-06-CENSUS-0000177452,LTE8MG4PPJ15,2022,2023-02-13,550691527
2022-06-CENSUS-0000177452,LTE8MG4PPJ15,2022,2023-02-13,550711421
2022-06-CENSUS-0000177452,LTE8MG4PPJ15,2022,2023-02-13,550729970
2022-06-CENSUS-0000177452,LTE8MG4PPJ15,2022,2023-02-13,550773516
2022-06-CENSUS-0000177452,LTE8MG4PPJ15,2022,2023-02-13,550865745
2022-06-CENSUS-0000177452,LTE8MG4PPJ15,2022,2023-02-13,556000738
2022-06-CENSUS-0000177452,LTE8MG4PPJ15,2022,2023-02-13,556000748
2022-06-CENSUS-0000177452,LTE8MG4PPJ15,2022,2023-02-13,556000749
2022-06-CENSUS-0000177452,LTE8MG4PPJ15,2022,2023-02-13,556000751
2022-06-CENSUS-0000177452,LTE8MG4PPJ15,2022,2023-02-13,556000753
2022-06-CENSUS-0000177452,LTE8MG4PPJ15,2022,2023-02-13,556000760
2022-06-CENSUS-0000177452,LTE8MG4PPJ15,2022,2023-02-13,556000761
2022-06-CENSUS-0000177452,LTE8MG4PPJ15,2022,2023-02-13,556000763
2022-06-CENSUS-0000177452,LTE8MG4PPJ15,2022,2023-02-13,556000765
2022-06-CENSUS-0000177452,LTE8MG4PPJ15,2022,2023-02-13,556000766
2022-06-CENSUS-0000177452,LTE8MG4PPJ15,2022,2023-02-13,556000768
2022-06-CENSUS-0000177452,LTE8MG4PPJ15,2022,2023-02-13,556000769
2022-06-CENSUS-0000177452,LTE8MG4PPJ15,2022,2023-02-13,556000771
2022-06-CENSUS-0000177452,LTE8MG4PPJ15,2022,2023-02-13,556000772
2022-06-CENSUS-0000177452,LTE8MG4PPJ15,2022,2023-02-13,556000774
2022-06-CENSUS-0000177452,LTE8MG4PPJ15,2022,2023-02-13,556000776
2022-06-CENSUS-0000177452,LTE8MG4PPJ15,2022,2023-02-13,556000778
2022-06-CENSUS-0000177452,LTE8MG4PPJ15,2022,2023-02-13,556000779
2022-06-CENSUS-0000177452,LTE8MG4PPJ15,2022,2023-02-13,556000780
2022-06-CENSUS-0000177452,LTE8MG4PPJ15,2022,2023-02-13,556000786
2022-06-CENSUS-0000177452,LTE8MG4PPJ15,2022,2023-02-13,556000789
2022-06-CENSUS-0000177452,LTE8MG4PPJ15,2022,2023-02-13,556000795
2022-06-CENSUS-0000177452,LTE8MG4PPJ15,2022,2023-02-13,556000798
2022-06-CENSUS-0000177452,LTE8MG4PPJ15,2022,2023-02-13,556000799
2022-06-CENSUS-0000177452,LTE8MG4PPJ15,2022,2023-02-13,556000802
2022-06-CENSUS-0000177452,LTE8MG4PPJ15,2022,2023-02-13,556000810
2022-06-CENSUS-0000177452,LTE8MG4PPJ15,2022,2023-02-13,556000813
2022-06-CENSUS-0000177452,LTE8MG4PPJ15,2022,2023-02-13,556000822
2022-06-CENSUS-0000177452,LTE8MG4PPJ15,2022,2023-02-13,556000831
2022-06-CENSUS-0000177452,LTE8MG4PPJ15,2022,2023-02-13,556000839
2022-06-CENSUS-0000177452,LTE8MG4PPJ15,2022,2023-02-13,556000842
2022-06-CENSUS-0000177452,LTE8MG4PPJ15,2022,2023-02-13,556000932
2022-06-CENSUS-0000177452,LTE8MG4PPJ15,2022,2023-02-13,556000936
2022-06-CENSUS-0000177452,LTE8MG4PPJ15,2022,2023-02-13,556001347
2022-09-CENSUS-0000253570,GNQMK6L2F695,2022,2023-05-04,043159969
2022-12-CENSUS-0000252023,NVH9JJ7EFLE5,2022,2023-06-28,341369963
2022-12-CENSUS-0000252023,NVH9JJ7EFLE5,2022,2023-06-28,346006904
2022-12-CENSUS-0000252023,NVH9JJ7EFLE5,2022,2023-06-28,421659766
2022-12-CENSUS-0000252023,NVH9JJ7EFLE5,2022,2023-06-28,421565629
2022-11-CENSUS-0000208551,MDMUG6SVQHQ8,2022,2023-08-23,371102843
2022-09-CENSUS-0000253526,VJGLDRNZ5E53,2022,2023-06-15,320419173
2022-09-CENSUS-0000253526,VJGLDRNZ5E53,2022,2023-06-15,953472345
2022-09-CENSUS-0000253526,VJGLDRNZ5E53,2022,2023-06-15,841084331
2022-09-CENSUS-0000253526,VJGLDRNZ5E53,2022,2023-06-15,521115873
2022-09-CENSUS-0000253526,VJGLDRNZ5E53,2022,2023-06-15,131740015
2022-09-CENSUS-0000253526,VJGLDRNZ5E53,2022,2023-06-15,521115870
2022-09-CENSUS-0000253526,VJGLDRNZ5E53,2022,2023-06-15,383244636
2022-09-CENSUS-0000253526,VJGLDRNZ5E53,2022,2023-06-15,410841150
2022-09-CENSUS-0000253526,VJGLDRNZ5E53,2022,2023-06-15,842854729
2022-09-CENSUS-0000253526,VJGLDRNZ5E53,2022,2023-06-15,363095932
2022-09-CENSUS-0000253526,VJGLDRNZ5E53,2022,2023-06-15,363385581
2022-06-CENSUS-0000166019,X5QGNEC5ASH4,2022,2023-07-30,273327978
2022-06-CENSUS-0000166019,X5QGNEC5ASH4,2022,2023-07-30,300355312
2022-06-CENSUS-0000166019,X5QGNEC5ASH4,2022,2023-07-30,371737848
2022-06-CENSUS-0000166019,X5QGNEC5ASH4,2022,2023-07-30,432012466
2022-06-CENSUS-0000166019,X5QGNEC5ASH4,2022,2023-07-30,562415816
2022-06-CENSUS-0000166019,X5QGNEC5ASH4,2022,2023-07-30,842589681
2022-06-CENSUS-0000166019,X5QGNEC5ASH4,2022,2023-07-30,911295136
2022-06-CENSUS-0000166019,X5QGNEC5ASH4,2022,2023-07-30,930297700
2022-06-CENSUS-0000166019,X5QGNEC5ASH4,2022,2023-07-30,930505794
2022-06-CENSUS-0000166019,X5QGNEC5ASH4,2022,2023-07-30,930560468
2022-06-CENSUS-0000166019,X5QGNEC5ASH4,2022,2023-07-30,930576060
2022-06-CENSUS-0000166019,X5QGNEC5ASH4,2022,2023-07-30,930576068
2022-06-CENSUS-0000166019,X5QGNEC5ASH4,2022,2023-07-30,930584915
2022-06-CENSUS-0000166019,X5QGNEC5ASH4,2022,2023-07-30,930592161
2022-06-CENSUS-0000166019,X5QGNEC5ASH4,2022,2023-07-30,930592162
2022-06-CENSUS-0000166019,X5QGNEC5ASH4,2022,2023-07-30,930600526
2022-06-CENSUS-0000166019,X5QGNEC5ASH4,2022,2023-07-30,930613223
2022-06-CENSUS-0000166019,X5QGNEC5ASH4,2022,2023-07-30,930621491
2022-06-CENSUS-0000166019,X5QGNEC5ASH4,2022,2023-07-30,930624202
2022-06-CENSUS-0000166019,X5QGNEC5ASH4,2022,2023-07-30,930643773
2022-06-CENSUS-0000166019,X5QGNEC5ASH4,2022,2023-07-30,930655103
2022-06-CENSUS-0000166019,X5QGNEC5ASH4,2022,2023-07-30,930789376
2022-06-CENSUS-0000166019,X5QGNEC5ASH4,2022,2023-07-30,930794831
2022-06-CENSUS-0000166019,X5QGNEC5ASH4,2022,2023-07-30,930795258
2022-06-CENSUS-0000166019,X5QGNEC5ASH4,2022,2023-07-30,930902047
2022-06-CENSUS-0000166019,X5QGNEC5ASH4,2022,2023-07-30,930952020
2022-06-CENSUS-0000166019,X5QGNEC5ASH4,2022,2023-07-30,930952117
2022-06-CENSUS-0000166019,X5QGNEC5ASH4,2022,2023-07-30,931018525
2022-06-CENSUS-0000166019,X5QGNEC5ASH4,2022,2023-07-30,931087296
2022-06-CENSUS-0000166019,X5QGNEC5ASH4,2022,2023-07-30,931111585
2022-06-CENSUS-0000166019,X5QGNEC5ASH4,2022,2023-07-30,931182119
2022-06-CENSUS-0000166019,X5QGNEC5ASH4,2022,2023-07-30,931275767
2022-06-CENSUS-0000166019,X5QGNEC5ASH4,2022,2023-07-30,936001740
2022-06-CENSUS-0000166019,X5QGNEC5ASH4,2022,2023-07-30,936001752
2022-06-CENSUS-0000166019,X5QGNEC5ASH4,2022,2023-07-30,936001759
2022-06-CENSUS-0000166019,X5QGNEC5ASH4,2022,2023-07-30,936001760
2022-06-CENSUS-0000166019,X5QGNEC5ASH4,2022,2023-07-30,936001772
2022-06-CENSUS-0000166019,X5QGNEC5ASH4,2022,2023-07-30,936001773
2022-06-CENSUS-0000166019,X5QGNEC5ASH4,2022,2023-07-30,936001775
2022-06-CENSUS-0000166019,X5QGNEC5ASH4,2022,2023-07-30,936001779
2022-06-CENSUS-0000166019,X5QGNEC5ASH4,2022,2023-07-30,936001784
2022-06-CENSUS-0000166019,X5QGNEC5ASH4,2022,2023-07-30,936001789
2022-06-CENSUS-0000166019,X5QGNEC5ASH4,2022,2023-07-30,936001871
2022-06-CENSUS-0000166019,X5QGNEC5ASH4,2022,2023-07-30,936001954
2022-06-CENSUS-0000166019,X5QGNEC5ASH4,2022,2023-07-30,936001955
2022-06-CENSUS-0000166019,X5QGNEC5ASH4,2022,2023-07-30,936001957
2022-06-CENSUS-0000166019,X5QGNEC5ASH4,2022,2023-07-30,936001958
2022-06-CENSUS-0000166019,X5QGNEC5ASH4,2022,2023-07-30,936001960
2022-06-CENSUS-0000166019,X5QGNEC5ASH4,2022,2023-07-30,936002337
2022-06-CENSUS-0000166019,X5QGNEC5ASH4,2022,2023-07-30,936002375
2022-06-CENSUS-0000166019,X5QGNEC5ASH4,2022,2023-07-30,936014252
2022-06-CENSUS-0000210093,JJ4TBMWXF823,2022,2023-01-08,232788924
2022-06-CENSUS-0000192124,LFHPKSMEECK8,2022,2023-03-28,133030627
2022-06-CENSUS-0000192124,LFHPKSMEECK8,2022,2023-03-28,133922973
2022-06-CENSUS-0000192124,LFHPKSMEECK8,2022,2023-03-28,133446221
2022-06-CENSUS-0000192124,LFHPKSMEECK8,2022,2023-03-28,133449783
2022-06-CENSUS-0000192124,LFHPKSMEECK8,2022,2023-03-28,133449085
2022-06-CENSUS-0000192124,LFHPKSMEECK8,2022,2023-03-28,133507989
2022-06-CENSUS-0000192124,LFHPKSMEECK8,2022,2023-03-28,133654077
2022-06-CENSUS-0000192124,LFHPKSMEECK8,2022,2023-03-28,133678724
2022-06-CENSUS-0000192124,LFHPKSMEECK8,2022,2023-03-28,133691323
2022-06-CENSUS-0000192124,LFHPKSMEECK8,2022,2023-03-28,010803813
2022-06-CENSUS-0000192124,LFHPKSMEECK8,2022,2023-03-28,133396619
2022-06-CENSUS-0000192124,LFHPKSMEECK8,2022,2023-03-28,133560486
2022-06-CENSUS-0000192124,LFHPKSMEECK8,2022,2023-03-28,133605839
2022-06-CENSUS-0000192124,LFHPKSMEECK8,2022,2023-03-28,133605843
2022-06-CENSUS-0000192124,LFHPKSMEECK8,2022,2023-03-28,133623831
2022-06-CENSUS-0000192124,LFHPKSMEECK8,2022,2023-03-28,133654073
2022-06-CENSUS-0000192124,LFHPKSMEECK8,2022,2023-03-28,133660919
2022-06-CENSUS-0000192124,LFHPKSMEECK8,2022,2023-03-28,133674947
2022-06-CENSUS-0000192124,LFHPKSMEECK8,2022,2023-03-28,133723808
2022-06-CENSUS-0000192124,LFHPKSMEECK8,2022,2023-03-28,133770118
2022-06-CENSUS-0000192124,LFHPKSMEECK8,2022,2023-03-28,133778192
2022-06-CENSUS-0000192124,LFHPKSMEECK8,2022,2023-03-28,133778193
2022-06-CENSUS-0000192124,LFHPKSMEECK8,2022,2023-03-28,133802807
2022-06-CENSUS-0000192124,LFHPKSMEECK8,2022,2023-03-28,133802808
2022-06-CENSUS-0000192124,LFHPKSMEECK8,2022,2023-03-28,133811702
2022-06-CENSUS-0000192124,LFHPKSMEECK8,2022,2023-03-28,133870986
2022-06-CENSUS-0000192124,LFHPKSMEECK8,2022,2023-03-28,133892553
2022-06-CENSUS-0000192124,LFHPKSMEECK8,2022,2023-03-28,133900886
2022-06-CENSUS-0000192124,LFHPKSMEECK8,2022,2023-03-28,133915717
2022-06-CENSUS-0000192124,LFHPKSMEECK8,2022,2023-03-28,133916269
2022-06-CENSUS-0000192124,LFHPKSMEECK8,2022,2023-03-28,133932198
2022-06-CENSUS-0000192124,LFHPKSMEECK8,2022,2023-03-28,133939630
2022-06-CENSUS-0000192124,LFHPKSMEECK8,2022,2023-03-28,133955233
2022-06-CENSUS-0000192124,LFHPKSMEECK8,2022,2023-03-28,133962352
2022-06-CENSUS-0000192124,LFHPKSMEECK8,2022,2023-03-28,134000683
2022-06-CENSUS-0000192124,LFHPKSMEECK8,2022,2023-03-28,134075025
2022-06-CENSUS-0000192124,LFHPKSMEECK8,2022,2023-03-28,134075028
2022-06-CENSUS-0000192124,LFHPKSMEECK8,2022,2023-03-28,134075465
2022-06-CENSUS-0000192124,LFHPKSMEECK8,2022,2023-03-28,134075747
2022-06-CENSUS-0000192124,LFHPKSMEECK8,2022,2023-03-28,134100461
2022-06-CENSUS-0000192124,LFHPKSMEECK8,2022,2023-03-28,134100463
2022-06-CENSUS-0000192124,LFHPKSMEECK8,2022,2023-03-28,134142162
2022-06-CENSUS-0000192124,LFHPKSMEECK8,2022,2023-03-28,134142163
2022-06-CENSUS-0000192124,LFHPKSMEECK8,2022,2023-03-28,201667295
2022-06-CENSUS-0000192124,LFHPKSMEECK8,2022,2023-03-28,202650011
2022-06-CENSUS-0000192124,LFHPKSMEECK8,2022,2023-03-28,232911989
2022-06-CENSUS-0000192124,LFHPKSMEECK8,2022,2023-03-28,261170977
2022-06-CENSUS-0000192124,LFHPKSMEECK8,2022,2023-03-28,261171675
2022-06-CENSUS-0000192124,LFHPKSMEECK8,2022,2023-03-28,261364395
2022-06-CENSUS-0000192124,LFHPKSMEECK8,2022,2023-03-28,262383933
2022-06-CENSUS-0000192124,LFHPKSMEECK8,2022,2023-03-28,262414205
2022-06-CENSUS-0000192124,LFHPKSMEECK8,2022,2023-03-28,264059695
2022-06-CENSUS-0000192124,LFHPKSMEECK8,2022,2023-03-28,264154714
2022-06-CENSUS-0000192124,LFHPKSMEECK8,2022,2023-03-28,264196724
2022-06-CENSUS-0000192124,LFHPKSMEECK8,2022,2023-03-28,264694946
2022-06-CENSUS-0000192124,LFHPKSMEECK8,2022,2023-03-28,270331078
2022-06-CENSUS-0000192124,LFHPKSMEECK8,2022,2023-03-28,270331253
2022-06-CENSUS-0000192124,LFHPKSMEECK8,2022,2023-03-28,270631740
2022-06-CENSUS-0000192124,LFHPKSMEECK8,2022,2023-03-28,270636378
2022-06-CENSUS-0000192124,LFHPKSMEECK8,2022,2023-03-28,271369287
2022-06-CENSUS-0000192124,LFHPKSMEECK8,2022,2023-03-28,272347007
2022-06-CENSUS-0000192124,LFHPKSMEECK8,2022,2023-03-28,272388078
2022-06-CENSUS-0000192124,LFHPKSMEECK8,2022,2023-03-28,272397869
2022-06-CENSUS-0000192124,LFHPKSMEECK8,2022,2023-03-28,273218360
2022-06-CENSUS-0000192124,LFHPKSMEECK8,2022,2023-03-28,273218461
2022-06-CENSUS-0000192124,LFHPKSMEECK8,2022,2023-03-28,311725313
2022-06-CENSUS-0000192124,LFHPKSMEECK8,2022,2023-03-28,371834913
2022-06-CENSUS-0000192124,LFHPKSMEECK8,2022,2023-03-28,460718980
2022-06-CENSUS-0000192124,LFHPKSMEECK8,2022,2023-03-28,460739063
2022-06-CENSUS-0000192124,LFHPKSMEECK8,2022,2023-03-28,461555758
2022-06-CENSUS-0000192124,LFHPKSMEECK8,2022,2023-03-28,461571271
2022-06-CENSUS-0000192124,LFHPKSMEECK8,2022,2023-03-28,461579193
2022-06-CENSUS-0000192124,LFHPKSMEECK8,2022,2023-03-28,462468166
2022-06-CENSUS-0000192124,LFHPKSMEECK8,2022,2023-03-28,463819473
2022-06-CENSUS-0000192124,LFHPKSMEECK8,2022,2023-03-28,463844195
2022-06-CENSUS-0000192124,LFHPKSMEECK8,2022,2023-03-28,471267719
2022-06-CENSUS-0000192124,LFHPKSMEECK8,2022,2023-03-28,471783381
2022-06-CENSUS-0000192124,LFHPKSMEECK8,2022,2023-03-28,475049318
2022-06-CENSUS-0000192124,LFHPKSMEECK8,2022,2023-03-28,475068309
2022-06-CENSUS-0000192124,LFHPKSMEECK8,2022,2023-03-28,811700388
2022-06-CENSUS-0000192124,LFHPKSMEECK8,2022,2023-03-28,812263466
2022-06-CENSUS-0000192124,LFHPKSMEECK8,2022,2023-03-28,813606146
2022-06-CENSUS-0000192124,LFHPKSMEECK8,2022,2023-03-28,880425866
2022-06-CENSUS-0000200740,EJ46PTDLMAA5,2022,2023-03-29,251490886
2022-06-CENSUS-0000200740,EJ46PTDLMAA5,2022,2023-03-29,251480565
2022-06-CENSUS-0000200740,EJ46PTDLMAA5,2022,2023-03-29,251217034
2022-06-CENSUS-0000200740,EJ46PTDLMAA5,2022,2023-03-29,251602133
2022-06-CENSUS-0000200740,EJ46PTDLMAA5,2022,2023-03-29,250965579
2022-06-CENSUS-0000200740,EJ46PTDLMAA5,2022,2023-03-29,471870077
2022-05-CENSUS-0000257189,KL5LDXCJDNZ6,2022,2023-02-27,592120896
2022-05-CENSUS-0000257189,KL5LDXCJDNZ6,2022,2023-02-27,650888855
2022-05-CENSUS-0000257189,KL5LDXCJDNZ6,2022,2023-02-27,592753822
2022-12-CENSUS-0000225022,C11MCDK9SBX9,2022,2023-09-10,383982841
2022-06-CENSUS-0000171394,UNJ1ZELU68N3,2022,2023-02-15,626000651
2022-06-CENSUS-0000171394,UNJ1ZELU68N3,2022,2023-02-15,620964468
2022-12-CENSUS-0000248721,NDHUBKJDEKZ9,2022,2023-09-26,800089233
2022-12-CENSUS-0000248721,NDHUBKJDEKZ9,2022,2023-09-26,462437874
2022-12-CENSUS-0000248721,NDHUBKJDEKZ9,2022,2023-09-26,825061743
2022-12-CENSUS-0000248721,NDHUBKJDEKZ9,2022,2023-09-26,831029636
2022-12-CENSUS-0000248721,NDHUBKJDEKZ9,2022,2023-09-26,844495222
2022-12-CENSUS-0000248721,NDHUBKJDEKZ9,2022,2023-09-26,861090526
2022-12-CENSUS-0000248721,NDHUBKJDEKZ9,2022,2023-09-26,462131376
2022-12-CENSUS-0000248721,NDHUBKJDEKZ9,2022,2023-09-26,475004813
2022-12-CENSUS-0000248721,NDHUBKJDEKZ9,2022,2023-09-26,800089232
2022-12-CENSUS-0000248721,NDHUBKJDEKZ9,2022,2023-09-26,371700260
2022-12-CENSUS-0000248721,NDHUBKJDEKZ9,2022,2023-09-26,463793981
2022-06-CENSUS-0000232275,QPCQDKA2MMJ7,2022,2023-03-26,390848401
2022-06-CENSUS-0000232275,QPCQDKA2MMJ7,2022,2023-03-26,263956318
2022-06-CENSUS-0000232275,QPCQDKA2MMJ7,2022,2023-03-26,371071858
2022-06-CENSUS-0000232275,QPCQDKA2MMJ7,2022,2023-03-26,391572196
2021-12-CENSUS-0000166859,GSA_MIGRATION,2021,2023-02-14,232498201
2021-09-CENSUS-0000256982,GSA_MIGRATION,2021,2023-02-09,411399954
2021-09-CENSUS-0000256982,GSA_MIGRATION,2021,2023-02-09,270006187
2021-09-CENSUS-0000256982,GSA_MIGRATION,2021,2023-02-09,411923834
2021-09-CENSUS-0000256982,GSA_MIGRATION,2021,2023-02-09,412002183
2022-06-CENSUS-0000022814,D3SLFNSLDQG1,2022,2023-02-07,510502477
2022-12-CENSUS-0000251282,KEEKC4GLZWN5,2022,2023-09-28,226064970
2022-12-CENSUS-0000247537,F7VXMMT5AE84,2022,2023-09-10,113312539
2021-12-CENSUS-0000224672,GSA_MIGRATION,2021,2023-04-19,461577511
2021-12-CENSUS-0000224672,GSA_MIGRATION,2021,2023-04-19,520986808
2021-12-CENSUS-0000224672,GSA_MIGRATION,2021,2023-04-19,204600646
2021-12-CENSUS-0000224672,GSA_MIGRATION,2021,2023-04-19,201486678
2021-12-CENSUS-0000224672,GSA_MIGRATION,2021,2023-04-19,521255870
2021-12-CENSUS-0000224672,GSA_MIGRATION,2021,2023-04-19,300780513
2021-12-CENSUS-0000224672,GSA_MIGRATION,2021,2023-04-19,521884153
2021-12-CENSUS-0000224672,GSA_MIGRATION,2021,2023-04-19,521216429
2021-12-CENSUS-0000224672,GSA_MIGRATION,2021,2023-04-19,521692158
2021-12-CENSUS-0000224672,GSA_MIGRATION,2021,2023-04-19,842670875
2021-06-CENSUS-0000257967,GSA_MIGRATION,2021,2023-04-18,620697745
2021-06-CENSUS-0000257967,GSA_MIGRATION,2021,2023-04-18,200994823
2022-06-CENSUS-0000247133,KYNZB935BFV4,2022,2023-03-30,742538755
2022-06-CENSUS-0000247133,KYNZB935BFV4,2022,2023-03-30,841180820
2022-12-CENSUS-0000252612,YJP6SBZ2L9J8,2022,2023-09-24,203502901
2022-12-CENSUS-0000252612,YJP6SBZ2L9J8,2022,2023-09-24,931013774
2022-12-CENSUS-0000252612,YJP6SBZ2L9J8,2022,2023-09-24,941458282
2022-06-CENSUS-0000135780,Q2VQCW6J2EP3,2022,2023-03-05,066001595
2022-06-CENSUS-0000215610,J4CMJGRP7A43,2022,2023-03-30,310538523
2022-06-CENSUS-0000215610,J4CMJGRP7A43,2022,2023-03-30,311510768
2022-06-CENSUS-0000215610,J4CMJGRP7A43,2022,2023-03-30,344429863
2022-06-CENSUS-0000205249,QX77NG4KMBN9,2022,2023-03-27,300678743
2022-06-CENSUS-0000205249,QX77NG4KMBN9,2022,2023-03-27,475450242
2022-06-CENSUS-0000255754,D6W1TU86W1H7,2022,2023-03-30,250969478
2022-06-CENSUS-0000255754,D6W1TU86W1H7,2022,2023-03-30,251883384
2022-06-CENSUS-0000255754,D6W1TU86W1H7,2022,2023-03-30,250965419
2022-06-CENSUS-0000255754,D6W1TU86W1H7,2022,2023-03-30,250986051
2022-06-CENSUS-0000255754,D6W1TU86W1H7,2022,2023-03-30,251349943
2022-06-CENSUS-0000255754,D6W1TU86W1H7,2022,2023-03-30,237040715
2022-06-CENSUS-0000255754,D6W1TU86W1H7,2022,2023-03-30,202932676
2022-06-CENSUS-0000255754,D6W1TU86W1H7,2022,2023-03-30,251738347
2022-12-CENSUS-0000048401,HC33WK5N73M3,2022,2023-09-28,200580790
2022-12-CENSUS-0000048401,HC33WK5N73M3,2022,2023-09-28,205657908
2022-12-CENSUS-0000048401,HC33WK5N73M3,2022,2023-09-28,262525968
2022-12-CENSUS-0000048401,HC33WK5N73M3,2022,2023-09-28,264041287
2022-12-CENSUS-0000048401,HC33WK5N73M3,2022,2023-09-28,272953799
2022-12-CENSUS-0000048401,HC33WK5N73M3,2022,2023-09-28,362167779
2022-12-CENSUS-0000048401,HC33WK5N73M3,2022,2023-09-28,362167920
2022-12-CENSUS-0000048401,HC33WK5N73M3,2022,2023-09-28,362169147
2022-12-CENSUS-0000048401,HC33WK5N73M3,2022,2023-09-28,362690329
2022-12-CENSUS-0000048401,HC33WK5N73M3,2022,2023-09-28,362913108
2022-12-CENSUS-0000048401,HC33WK5N73M3,2022,2023-09-28,363158667
2022-12-CENSUS-0000048401,HC33WK5N73M3,2022,2023-09-28,363196629
2022-12-CENSUS-0000048401,HC33WK5N73M3,2022,2023-09-28,363315416
2022-12-CENSUS-0000048401,HC33WK5N73M3,2022,2023-09-28,363368224
2022-12-CENSUS-0000048401,HC33WK5N73M3,2022,2023-09-28,363890298
2022-12-CENSUS-0000048401,HC33WK5N73M3,2022,2023-09-28,390806174
2022-12-CENSUS-0000048401,HC33WK5N73M3,2022,2023-09-28,390806180
2022-12-CENSUS-0000048401,HC33WK5N73M3,2022,2023-09-28,390806181
2022-12-CENSUS-0000048401,HC33WK5N73M3,2022,2023-09-28,390806347
2022-12-CENSUS-0000048401,HC33WK5N73M3,2022,2023-09-28,390872192
2022-12-CENSUS-0000048401,HC33WK5N73M3,2022,2023-09-28,390930748
2022-12-CENSUS-0000048401,HC33WK5N73M3,2022,2023-09-28,391022464
2022-12-CENSUS-0000048401,HC33WK5N73M3,2022,2023-09-28,391027676
2022-12-CENSUS-0000048401,HC33WK5N73M3,2022,2023-09-28,391136738
2022-12-CENSUS-0000048401,HC33WK5N73M3,2022,2023-09-28,391150165
2022-12-CENSUS-0000048401,HC33WK5N73M3,2022,2023-09-28,391211629
2022-12-CENSUS-0000048401,HC33WK5N73M3,2022,2023-09-28,391528430
2022-12-CENSUS-0000048401,HC33WK5N73M3,2022,2023-09-28,391548024
2022-12-CENSUS-0000048401,HC33WK5N73M3,2022,2023-09-28,391595302
2022-12-CENSUS-0000048401,HC33WK5N73M3,2022,2023-09-28,391678306
2022-12-CENSUS-0000048401,HC33WK5N73M3,2022,2023-09-28,391696443
2022-12-CENSUS-0000048401,HC33WK5N73M3,2022,2023-09-28,391733325
2022-12-CENSUS-0000048401,HC33WK5N73M3,2022,2023-09-28,391947472
2022-12-CENSUS-0000048401,HC33WK5N73M3,2022,2023-09-28,464361213
2022-12-CENSUS-0000048401,HC33WK5N73M3,2022,2023-09-28,473548414
2022-12-CENSUS-0000048401,HC33WK5N73M3,2022,2023-09-28,811401714
2022-12-CENSUS-0000048401,HC33WK5N73M3,2022,2023-09-28,861075286
2022-12-CENSUS-0000124631,NCFDWW6VMXK4,2022,2023-09-28,954384333
2022-06-CENSUS-0000176113,XXVLZEYU3MN5,2022,2023-03-02,546001605
2022-06-CENSUS-0000176113,XXVLZEYU3MN5,2022,2023-03-02,546001602
2022-12-CENSUS-0000134769,J4JZWDMQP351,2022,2023-09-28,841121015
2022-06-CENSUS-0000192442,RS6DCM873FA3,2022,2023-03-29,546001460
2022-09-CENSUS-0000244616,CEX7F74WQ8B5,2022,2023-06-29,030219309
2022-09-CENSUS-0000244616,CEX7F74WQ8B5,2022,2023-06-29,141364513
2022-09-CENSUS-0000244616,CEX7F74WQ8B5,2022,2023-06-29,222547186
2022-09-CENSUS-0000244616,CEX7F74WQ8B5,2022,2023-06-29,030181058
2022-09-CENSUS-0000244616,CEX7F74WQ8B5,2022,2023-06-29,141338741
2022-09-CENSUS-0000244616,CEX7F74WQ8B5,2022,2023-06-29,150346515
2022-09-CENSUS-0000244616,CEX7F74WQ8B5,2022,2023-06-29,030179603
2022-06-CENSUS-0000218914,CE6YV63935S9,2022,2023-03-23,410850702
2022-06-CENSUS-0000218914,CE6YV63935S9,2022,2023-03-23,823166379
2022-06-CENSUS-0000218914,CE6YV63935S9,2022,2023-03-23,384089454
2022-06-CENSUS-0000218914,CE6YV63935S9,2022,2023-03-23,411924645
2022-06-CENSUS-0000218914,CE6YV63935S9,2022,2023-03-23,411865315
2022-06-CENSUS-0000218914,CE6YV63935S9,2022,2023-03-23,461584944
2022-06-CENSUS-0000218914,CE6YV63935S9,2022,2023-03-23,463298651
2022-06-CENSUS-0000218914,CE6YV63935S9,2022,2023-03-23,411321978
2022-06-CENSUS-0000218914,CE6YV63935S9,2022,2023-03-23,452438973
2022-06-CENSUS-0000218914,CE6YV63935S9,2022,2023-03-23,410695596
2022-06-CENSUS-0000025515,XF3XM9642N96,2022,2023-03-30,231352000
2022-09-CENSUS-0000227838,QSNHG1LGP4C4,2022,2023-05-10,204591563
2022-09-CENSUS-0000227838,QSNHG1LGP4C4,2022,2023-05-10,273526155
2022-12-CENSUS-0000243060,LQKKJNMXRR95,2022,2023-04-25,981123795
2022-06-CENSUS-0000120533,KMLEZJAYNBA6,2022,2023-08-08,472485534
2022-12-CENSUS-0000239097,WJ76MJKE8K93,2022,2023-09-04,311710115
2022-06-CENSUS-0000007022,FZBDVM1MBTN9,2022,2023-03-29,060942210
2022-06-CENSUS-0000176078,SFC2EQ1GD6W3,2022,2023-05-09,546001372
2022-06-CENSUS-0000176078,SFC2EQ1GD6W3,2022,2023-05-09,546001370
2022-12-CENSUS-0000187882,HH5TXUAJJAE1,2022,2023-09-19,270590395
2022-06-CENSUS-0000048679,D2WQK2SC34K3,2022,2023-01-22,454486329
2022-06-CENSUS-0000048679,D2WQK2SC34K3,2022,2023-01-22,454486428
2022-06-CENSUS-0000048679,D2WQK2SC34K3,2022,2023-01-22,363755662
2022-06-CENSUS-0000048679,D2WQK2SC34K3,2022,2023-01-22,010627466
2022-06-CENSUS-0000048679,D2WQK2SC34K3,2022,2023-01-22,363305087
2022-06-CENSUS-0000048679,D2WQK2SC34K3,2022,2023-01-22,363371659
2022-06-CENSUS-0000048679,D2WQK2SC34K3,2022,2023-01-22,043636582
2022-06-CENSUS-0000048679,D2WQK2SC34K3,2022,2023-01-22,363880333
2022-06-CENSUS-0000255667,NNELQTGKLBK5,2022,2023-03-30,843727938
2022-12-CENSUS-0000234140,PS3GAD3KMP49,2022,2023-06-05,462570877
2022-12-CENSUS-0000234140,PS3GAD3KMP49,2022,2023-06-05,881210159
2022-05-CENSUS-0000081316,DK9MKVC96A47,2022,2023-02-27,680620773
2022-12-CENSUS-0000255176,GJB7RCCGLZA4,2022,2023-09-28,731020467
2022-06-CENSUS-0000255212,FUE2HK1HJSL8,2022,2023-03-28,410888641
2022-06-CENSUS-0000255212,FUE2HK1HJSL8,2022,2023-03-28,273308934
2022-06-CENSUS-0000255212,FUE2HK1HJSL8,2022,2023-03-28,463330004
2022-06-CENSUS-0000255212,FUE2HK1HJSL8,2022,2023-03-28,471966105
2022-06-CENSUS-0000193043,K2GKE2AHEKU3,2022,2023-06-01,646001159
2022-06-CENSUS-0000193043,K2GKE2AHEKU3,2022,2023-06-01,646000819
2022-06-CENSUS-0000193043,K2GKE2AHEKU3,2022,2023-06-01,646008520
2022-06-CENSUS-0000193043,K2GKE2AHEKU3,2022,2023-06-01,646000013
2022-06-CENSUS-0000193043,K2GKE2AHEKU3,2022,2023-06-01,646001395
2022-06-CENSUS-0000193043,K2GKE2AHEKU3,2022,2023-06-01,646000826
2022-06-CENSUS-0000193043,K2GKE2AHEKU3,2022,2023-06-01,646000507
2022-06-CENSUS-0000193043,K2GKE2AHEKU3,2022,2023-06-01,646000818
2022-06-CENSUS-0000193043,K2GKE2AHEKU3,2022,2023-06-01,646026565
2022-12-CENSUS-0000227773,E55DVC4GWBD7,2022,2023-09-27,133620568
2022-06-CENSUS-0000254836,L7U3M1K8PCH3,2022,2023-03-29,831173631
2022-06-CENSUS-0000254836,L7U3M1K8PCH3,2022,2023-03-29,800945173
2022-09-CENSUS-0000182711,MWKBKNTZ9SW7,2022,2023-04-13,596019767
2022-09-CENSUS-0000182711,MWKBKNTZ9SW7,2022,2023-04-13,596018704
2022-09-CENSUS-0000182711,MWKBKNTZ9SW7,2022,2023-04-13,591879880
2022-06-CENSUS-0000237469,US9YLA6ECJS3,2022,2023-03-26,481253246
2022-06-CENSUS-0000019061,W4HJEY37JEJ5,2022,2023-03-29,161285546
2022-12-CENSUS-0000110753,GZ8HQK4CTZC4,2022,2023-08-30,237329437
2022-12-CENSUS-0000110753,GZ8HQK4CTZC4,2022,2023-08-30,856016041
2022-06-CENSUS-0000130252,XSNJVVC4K8J7,2022,2023-03-27,860455697
2022-09-CENSUS-0000006666,U1L2PRKYF9T3,2022,2023-05-15,061446900
2022-06-CENSUS-0000176106,H9LUUUYWSML9,2022,2023-01-10,546001554
2022-06-CENSUS-0000003235,C1MZSNM5PNJ6,2022,2023-01-05,010688838
2022-06-CENSUS-0000003235,C1MZSNM5PNJ6,2022,2023-01-05,205661521
2022-06-CENSUS-0000171374,X1PHNPJ79AA4,2022,2023-02-12,626000539
2022-06-CENSUS-0000171374,X1PHNPJ79AA4,2022,2023-02-12,621430290
2022-06-CENSUS-0000171374,X1PHNPJ79AA4,2022,2023-02-12,626000540
2022-06-CENSUS-0000242293,MNRCSTKJS1E7,2022,2023-02-12,813053323
2022-06-CENSUS-0000199772,DWLZBXDH3JB5,2022,2023-01-29,823726673
2022-06-CENSUS-0000211756,PAFVYKQ13UZ6,2022,2023-03-19,223311122
2022-09-CENSUS-0000252373,YLQ5HNLWSYF3,2022,2023-03-03,811545676
2022-06-CENSUS-0000166795,NPM2J7MSCF61,2022,2023-03-29,251618093
2022-06-CENSUS-0000192840,GNJ7BBP73WE9,2022,2023-03-01,380593405
2022-06-CENSUS-0000192840,GNJ7BBP73WE9,2022,2023-03-01,300501592
2022-06-CENSUS-0000176064,KUL1N8UJXEH5,2022,2023-04-23,546001307
2022-06-CENSUS-0000176064,KUL1N8UJXEH5,2022,2023-04-23,546001303
2022-06-CENSUS-0000171420,QFCVB9X7NN47,2022,2023-01-26,621174848
2022-06-CENSUS-0000171420,QFCVB9X7NN47,2022,2023-01-26,626000761
2022-06-CENSUS-0000050485,C3BGD6YGGUH8,2022,2023-03-30,361500900
2022-06-CENSUS-0000050485,C3BGD6YGGUH8,2022,2023-03-30,362170133
2022-06-CENSUS-0000050485,C3BGD6YGGUH8,2022,2023-03-30,362179802
2022-06-CENSUS-0000050485,C3BGD6YGGUH8,2022,2023-03-30,363305449
2022-06-CENSUS-0000050485,C3BGD6YGGUH8,2022,2023-03-30,363932824
2022-06-CENSUS-0000229037,WC1HPCYZ89P3,2022,2023-03-30,251780139
2022-06-CENSUS-0000229037,WC1HPCYZ89P3,2022,2023-03-30,473884840
2021-06-CENSUS-0000244525,GSA_MIGRATION,2021,2023-09-29,586000823
2021-12-CENSUS-0000255673,GSA_MIGRATION,2021,2023-07-19,261566590
2021-12-CENSUS-0000255673,GSA_MIGRATION,2021,2023-07-19,271370967
2021-12-CENSUS-0000255673,GSA_MIGRATION,2021,2023-07-19,273752730
2021-12-CENSUS-0000255673,GSA_MIGRATION,2021,2023-07-19,273752854
2021-12-CENSUS-0000255673,GSA_MIGRATION,2021,2023-07-19,275340755
2021-12-CENSUS-0000255673,GSA_MIGRATION,2021,2023-07-19,310993422
2021-12-CENSUS-0000255673,GSA_MIGRATION,2021,2023-07-19,311072406
2021-12-CENSUS-0000255673,GSA_MIGRATION,2021,2023-07-19,451138187
2021-12-CENSUS-0000255673,GSA_MIGRATION,2021,2023-07-19,465731515
2021-12-CENSUS-0000255673,GSA_MIGRATION,2021,2023-07-19,753008742
2021-12-CENSUS-0000255673,GSA_MIGRATION,2021,2023-07-19,852985806
2021-09-CENSUS-0000258327,GSA_MIGRATION,2021,2023-08-03,060646597
2021-09-CENSUS-0000258327,GSA_MIGRATION,2021,2023-08-03,066068853
2021-09-CENSUS-0000258327,GSA_MIGRATION,2021,2023-08-03,815056290
2021-09-CENSUS-0000258327,GSA_MIGRATION,2021,2023-08-03,222594968
2021-09-CENSUS-0000258327,GSA_MIGRATION,2021,2023-08-03,061137531
2021-09-CENSUS-0000258327,GSA_MIGRATION,2021,2023-08-03,222594977
2021-09-CENSUS-0000258327,GSA_MIGRATION,2021,2023-08-03,141338586
2021-09-CENSUS-0000258327,GSA_MIGRATION,2021,2023-08-03,141338467
2021-09-CENSUS-0000258327,GSA_MIGRATION,2021,2023-08-03,146019179
2021-09-CENSUS-0000258327,GSA_MIGRATION,2021,2023-08-03,141678068
2021-09-CENSUS-0000258327,GSA_MIGRATION,2021,2023-08-03,223129608
2021-09-CENSUS-0000258327,GSA_MIGRATION,2021,2023-08-03,463756713
2021-09-CENSUS-0000258327,GSA_MIGRATION,2021,2023-08-03,562669185
2022-12-CENSUS-0000221966,CMNPVSHU24F6,2022,2023-09-28,201359433
2022-12-CENSUS-0000221966,CMNPVSHU24F6,2022,2023-09-28,311689698
2022-12-CENSUS-0000221966,CMNPVSHU24F6,2022,2023-09-28,311509897
2022-12-CENSUS-0000221966,CMNPVSHU24F6,2022,2023-09-28,842848226
2022-12-CENSUS-0000221966,CMNPVSHU24F6,2022,2023-09-28,341610344
2022-12-CENSUS-0000221966,CMNPVSHU24F6,2022,2023-09-28,263646817
2022-12-CENSUS-0000221966,CMNPVSHU24F6,2022,2023-09-28,341871647
2022-12-CENSUS-0000221966,CMNPVSHU24F6,2022,2023-09-28,341853300
2022-12-CENSUS-0000221966,CMNPVSHU24F6,2022,2023-09-28,134246188
2022-12-CENSUS-0000221966,CMNPVSHU24F6,2022,2023-09-28,340714581
2022-12-CENSUS-0000221966,CMNPVSHU24F6,2022,2023-09-28,340733138
2022-12-CENSUS-0000221966,CMNPVSHU24F6,2022,2023-09-28,341088530
2022-12-CENSUS-0000203757,R3MJNQN3L123,2022,2023-09-25,231857015
2022-12-CENSUS-0000203757,R3MJNQN3L123,2022,2023-09-25,465390969
2022-12-CENSUS-0000203757,R3MJNQN3L123,2022,2023-09-25,272352873
2022-12-CENSUS-0000185800,UEHJK3XLHM58,2022,2023-09-28,010943506
2022-12-CENSUS-0000185800,UEHJK3XLHM58,2022,2023-09-28,010943503
2022-12-CENSUS-0000037073,WWABH3V1SLY6,2022,2023-09-28,010752319
2022-12-CENSUS-0000037073,WWABH3V1SLY6,2022,2023-09-28,822369868
2022-12-CENSUS-0000037073,WWABH3V1SLY6,2022,2023-09-28,300127622
2022-12-CENSUS-0000166858,JLXVEKZ8V3X3,2022,2023-09-26,251253895
2022-12-CENSUS-0000166858,JLXVEKZ8V3X3,2022,2023-09-26,251239825
2022-12-CENSUS-0000166858,JLXVEKZ8V3X3,2022,2023-09-26,251199866
2022-12-CENSUS-0000166858,JLXVEKZ8V3X3,2022,2023-09-26,251352983
2022-12-CENSUS-0000254901,LTUMTMNZB5M6,2022,2023-09-27,412136339
2022-09-CENSUS-0000152334,J4SPZX4G4AM9,2022,2023-09-20,646393825
2022-12-CENSUS-0000254604,KTGWTWRC7JV8,2022,2023-09-28,341265978
2022-12-CENSUS-0000254604,KTGWTWRC7JV8,2022,2023-09-28,815265555
2021-12-CENSUS-0000253109,GSA_MIGRATION,2021,2023-03-28,450368330
2021-12-CENSUS-0000253109,GSA_MIGRATION,2021,2023-03-28,450395652
2021-06-CENSUS-0000131803,GSA_MIGRATION,2021,2023-04-04,943105441
2021-06-CENSUS-0000131803,GSA_MIGRATION,2021,2023-04-04,383845164
2021-06-CENSUS-0000131803,GSA_MIGRATION,2021,2023-04-04,352487925
2021-06-CENSUS-0000131803,GSA_MIGRATION,2021,2023-04-04,680281366
2021-06-CENSUS-0000131803,GSA_MIGRATION,2021,2023-04-04,721593922
2021-06-CENSUS-0000131803,GSA_MIGRATION,2021,2023-04-04,680281364
2021-06-CENSUS-0000131803,GSA_MIGRATION,2021,2023-04-04,680278801
2021-06-CENSUS-0000131803,GSA_MIGRATION,2021,2023-04-04,946003786
2022-12-CENSUS-0000217856,HP53CHG8CJA4,2022,2023-09-28,900864974
2022-09-CENSUS-0000136116,KHD3TN15Y333,2022,2023-06-22,591941164
2022-09-CENSUS-0000136116,KHD3TN15Y333,2022,2023-06-22,596000736
2022-09-CENSUS-0000136116,KHD3TN15Y333,2022,2023-06-22,596000739
2022-12-CENSUS-0000224672,D4CLNGUXJ9G3,2022,2023-09-27,461577511
2022-12-CENSUS-0000224672,D4CLNGUXJ9G3,2022,2023-09-27,520986808
2022-12-CENSUS-0000224672,D4CLNGUXJ9G3,2022,2023-09-27,204600646
2022-12-CENSUS-0000224672,D4CLNGUXJ9G3,2022,2023-09-27,201486678
2022-12-CENSUS-0000224672,D4CLNGUXJ9G3,2022,2023-09-27,521255870
2022-12-CENSUS-0000224672,D4CLNGUXJ9G3,2022,2023-09-27,300780513
2022-12-CENSUS-0000224672,D4CLNGUXJ9G3,2022,2023-09-27,521884153
2022-12-CENSUS-0000224672,D4CLNGUXJ9G3,2022,2023-09-27,521216429
2022-12-CENSUS-0000224672,D4CLNGUXJ9G3,2022,2023-09-27,521692158
2022-12-CENSUS-0000224672,D4CLNGUXJ9G3,2022,2023-09-27,842670875
2022-12-CENSUS-0000222601,J7L9KMM97FE7,2022,2023-06-20,208861567
2022-12-CENSUS-0000253474,ZQ14R2U4N785,2022,2023-09-28,470385129
2022-12-CENSUS-0000253474,ZQ14R2U4N785,2022,2023-09-28,363314159
2022-12-CENSUS-0000253474,ZQ14R2U4N785,2022,2023-09-28,391904975
2022-12-CENSUS-0000246406,KJ47RGJNHTJ5,2022,2023-09-27,352606840
2022-09-CENSUS-0000153132,E83JMY8WTUJ8,2022,2023-03-29,850952796
2022-06-CENSUS-0000252360,HZZDDHT1ANA4,2022,2023-02-03,472862505
2022-06-CENSUS-0000252360,HZZDDHT1ANA4,2022,2023-02-03,472862509
2022-06-CENSUS-0000252360,HZZDDHT1ANA4,2022,2023-02-03,811084993
2022-06-CENSUS-0000252360,HZZDDHT1ANA4,2022,2023-02-03,822705255
2022-06-CENSUS-0000252360,HZZDDHT1ANA4,2022,2023-02-03,631286259
2022-06-CENSUS-0000252360,HZZDDHT1ANA4,2022,2023-02-03,472862507
2022-06-CENSUS-0000252360,HZZDDHT1ANA4,2022,2023-02-03,631283855
2022-06-CENSUS-0000252360,HZZDDHT1ANA4,2022,2023-02-03,472862506
2022-06-CENSUS-0000252360,HZZDDHT1ANA4,2022,2023-02-03,161722952
2022-06-CENSUS-0000252360,HZZDDHT1ANA4,2022,2023-02-03,260434679
2022-06-CENSUS-0000252360,HZZDDHT1ANA4,2022,2023-02-03,264140162
2022-06-CENSUS-0000252360,HZZDDHT1ANA4,2022,2023-02-03,472862508
2022-06-CENSUS-0000252360,HZZDDHT1ANA4,2022,2023-02-03,753182175
2022-06-CENSUS-0000252360,HZZDDHT1ANA4,2022,2023-02-03,813678338
2022-06-CENSUS-0000176088,J5KHS42SH3A8,2022,2023-01-08,471595337
2022-06-CENSUS-0000176088,J5KHS42SH3A8,2022,2023-01-08,546001428
2022-06-CENSUS-0000225629,GX7UG6VHDHC9,2022,2023-02-26,861274088
2022-12-CENSUS-0000039110,EYMJXLN2MFB4,2022,2023-10-01,311595013
2022-12-CENSUS-0000039110,EYMJXLN2MFB4,2022,2023-10-01,311296332
2022-12-CENSUS-0000039110,EYMJXLN2MFB4,2022,2023-10-01,311609283
2022-12-CENSUS-0000039110,EYMJXLN2MFB4,2022,2023-10-01,314379441
2022-12-CENSUS-0000039110,EYMJXLN2MFB4,2022,2023-10-01,311024403
2022-12-CENSUS-0000039110,EYMJXLN2MFB4,2022,2023-10-01,010782751
2022-12-CENSUS-0000039110,EYMJXLN2MFB4,2022,2023-10-01,311439570
2022-12-CENSUS-0000039110,EYMJXLN2MFB4,2022,2023-10-01,020627166
2022-12-CENSUS-0000039110,EYMJXLN2MFB4,2022,2023-10-01,311654000
2022-12-CENSUS-0000039110,EYMJXLN2MFB4,2022,2023-10-01,311036370
2022-12-CENSUS-0000039110,EYMJXLN2MFB4,2022,2023-10-01,311665952
2022-06-CENSUS-0000244411,HCKZW5VKNU93,2022,2023-03-01,751837454
2022-06-CENSUS-0000244411,HCKZW5VKNU93,2022,2023-03-01,752834135
2022-06-CENSUS-0000244411,HCKZW5VKNU93,2022,2023-03-01,260194016
2022-06-CENSUS-0000244411,HCKZW5VKNU93,2022,2023-03-01,824052186
2022-06-CENSUS-0000244411,HCKZW5VKNU93,2022,2023-03-01,751844139
2022-06-CENSUS-0000244411,HCKZW5VKNU93,2022,2023-03-01,751777119
2022-06-CENSUS-0000244411,HCKZW5VKNU93,2022,2023-03-01,820551704
2022-06-CENSUS-0000244411,HCKZW5VKNU93,2022,2023-03-01,412101361
2022-06-CENSUS-0000244411,HCKZW5VKNU93,2022,2023-03-01,263603862
2022-06-CENSUS-0000244411,HCKZW5VKNU93,2022,2023-03-01,751037591
2022-06-CENSUS-0000244411,HCKZW5VKNU93,2022,2023-03-01,752586857
2022-06-CENSUS-0000244411,HCKZW5VKNU93,2022,2023-03-01,751008430
2022-06-CENSUS-0000244411,HCKZW5VKNU93,2022,2023-03-01,751921898
2022-06-CENSUS-0000244411,HCKZW5VKNU93,2022,2023-03-01,752536818
2022-06-CENSUS-0000244411,HCKZW5VKNU93,2022,2023-03-01,731697736
2022-06-CENSUS-0000244411,HCKZW5VKNU93,2022,2023-03-01,810872075
2022-06-CENSUS-0000244411,HCKZW5VKNU93,2022,2023-03-01,814192127
2022-06-CENSUS-0000244411,HCKZW5VKNU93,2022,2023-03-01,203749695
2022-06-CENSUS-0000244411,HCKZW5VKNU93,2022,2023-03-01,741161944
2022-06-CENSUS-0000244411,HCKZW5VKNU93,2022,2023-03-01,742730350
2022-06-CENSUS-0000244411,HCKZW5VKNU93,2022,2023-03-01,742967081
2022-06-CENSUS-0000244411,HCKZW5VKNU93,2022,2023-03-01,274434451
2022-06-CENSUS-0000244411,HCKZW5VKNU93,2022,2023-03-01,464007700
2022-06-CENSUS-0000244411,HCKZW5VKNU93,2022,2023-03-01,741166904
2022-06-CENSUS-0000244411,HCKZW5VKNU93,2022,2023-03-01,202850920
2022-06-CENSUS-0000244411,HCKZW5VKNU93,2022,2023-03-01,742519752
2022-06-CENSUS-0000244411,HCKZW5VKNU93,2022,2023-03-01,741595711
2022-06-CENSUS-0000244411,HCKZW5VKNU93,2022,2023-03-01,813040663
2022-06-CENSUS-0000244411,HCKZW5VKNU93,2022,2023-03-01,752958277
2022-06-CENSUS-0000244411,HCKZW5VKNU93,2022,2023-03-01,753242749
2022-06-CENSUS-0000244411,HCKZW5VKNU93,2022,2023-03-01,463131350
2022-06-CENSUS-0000032921,LMPPH81VH323,2022,2023-03-20,043542875
2022-06-CENSUS-0000032921,LMPPH81VH323,2022,2023-03-20,223041897
2022-06-CENSUS-0000032921,LMPPH81VH323,2022,2023-03-20,223305235
2022-06-CENSUS-0000032921,LMPPH81VH323,2022,2023-03-20,223305236
2022-06-CENSUS-0000032921,LMPPH81VH323,2022,2023-03-20,223502747
2022-06-CENSUS-0000032921,LMPPH81VH323,2022,2023-03-20,223520771
2022-06-CENSUS-0000032921,LMPPH81VH323,2022,2023-03-20,300158221
2022-06-CENSUS-0000032921,LMPPH81VH323,2022,2023-03-20,311671588
2022-06-CENSUS-0000032921,LMPPH81VH323,2022,2023-03-20,900158415
2022-06-CENSUS-0000032921,LMPPH81VH323,2022,2023-03-20,900734882
2022-06-CENSUS-0000255064,WDKTPK94TAT5,2022,2023-03-27,223257971
2022-06-CENSUS-0000255064,WDKTPK94TAT5,2022,2023-03-27,223594910
2022-09-CENSUS-0000216666,F125YU6SWK59,2022,2023-06-12,460585021
2022-06-CENSUS-0000251133,E3MRTEM17PM8,2022,2023-03-30,461393755
2022-06-CENSUS-0000251133,E3MRTEM17PM8,2022,2023-03-30,202305158
2022-06-CENSUS-0000251133,E3MRTEM17PM8,2022,2023-03-30,310537122
2022-06-CENSUS-0000251133,E3MRTEM17PM8,2022,2023-03-30,461125130
2022-06-CENSUS-0000251133,E3MRTEM17PM8,2022,2023-03-30,311074519
2022-06-CENSUS-0000251133,E3MRTEM17PM8,2022,2023-03-30,311383365
2022-06-CENSUS-0000251133,E3MRTEM17PM8,2022,2023-03-30,310650283
2022-06-CENSUS-0000251133,E3MRTEM17PM8,2022,2023-03-30,310537486
2022-06-CENSUS-0000251133,E3MRTEM17PM8,2022,2023-03-30,311206047
2022-06-CENSUS-0000251133,E3MRTEM17PM8,2022,2023-03-30,272413974
2022-06-CENSUS-0000251133,E3MRTEM17PM8,2022,2023-03-30,273473834
2022-06-CENSUS-0000251133,E3MRTEM17PM8,2022,2023-03-30,310917155
2022-06-CENSUS-0000251133,E3MRTEM17PM8,2022,2023-03-30,311242442
2022-09-CENSUS-0000229932,JVKEAGGDVT95,2022,2023-03-29,942465081
2022-06-CENSUS-0000202564,VFCCS8BB7JN5,2022,2023-03-22,550677188
2022-06-CENSUS-0000184433,HHNSELK9YUL5,2022,2023-03-28,311501393
2022-06-CENSUS-0000184433,HHNSELK9YUL5,2022,2023-03-28,340714360
2022-09-CENSUS-0000007693,UHLBXBH2TEL1,2022,2023-03-26,061628001
2022-09-CENSUS-0000007693,UHLBXBH2TEL1,2022,2023-03-26,821345679
2022-12-CENSUS-0000209512,J4RWQ2B6QDD1,2022,2023-06-13,452753460
2022-06-CENSUS-0000176119,PVUJUTLZKEP1,2022,2023-01-30,516001644
2022-09-CENSUS-0000155389,CRU3C79W9N35,2022,2023-04-09,721564499
2022-12-CENSUS-0000097663,SNRQVDQNHWK7,2022,2023-09-28,710678160
2022-12-CENSUS-0000097663,SNRQVDQNHWK7,2022,2023-09-28,710781138
2022-09-CENSUS-0000077619,PSM9KZ1BQB51,2022,2023-03-24,611629460
2022-06-CENSUS-0000254781,L36SP927DHK4,2022,2023-02-20,431684627
2022-06-CENSUS-0000254781,L36SP927DHK4,2022,2023-02-20,825084463
2022-06-CENSUS-0000254781,L36SP927DHK4,2022,2023-02-20,205797642
2022-06-CENSUS-0000254781,L36SP927DHK4,2022,2023-02-20,465740776
2022-06-CENSUS-0000254781,L36SP927DHK4,2022,2023-02-20,431246599
2022-09-CENSUS-0000212961,MSF3B5SCH1G6,2022,2023-06-05,825132976
2022-12-CENSUS-0000114057,ZK5WJTQMNE14,2022,2023-05-02,731676594
2022-12-CENSUS-0000087947,WKG7SNMSKKA6,2022,2023-05-17,453481327
2022-12-CENSUS-0000087947,WKG7SNMSKKA6,2022,2023-05-17,463756071
2022-12-CENSUS-0000087947,WKG7SNMSKKA6,2022,2023-05-17,463406805
2022-12-CENSUS-0000253302,N1KCFANR8TS1,2022,2023-05-29,680478721
2022-06-CENSUS-0000135730,DVGUFJ6NPKS7,2022,2023-03-19,066001685
2022-06-CENSUS-0000093339,PT74Q7MKNP78,2022,2023-03-16,311632274
2022-06-CENSUS-0000093339,PT74Q7MKNP78,2022,2023-03-16,581400610
2022-06-CENSUS-0000093339,PT74Q7MKNP78,2022,2023-03-16,581525533
2022-06-CENSUS-0000093339,PT74Q7MKNP78,2022,2023-03-16,581933685
2022-06-CENSUS-0000093339,PT74Q7MKNP78,2022,2023-03-16,581995069
2022-06-CENSUS-0000093339,PT74Q7MKNP78,2022,2023-03-16,581710058
2022-06-CENSUS-0000093339,PT74Q7MKNP78,2022,2023-03-16,581992910
2022-06-CENSUS-0000093339,PT74Q7MKNP78,2022,2023-03-16,582019098
2022-06-CENSUS-0000093339,PT74Q7MKNP78,2022,2023-03-16,582207171
2022-06-CENSUS-0000093339,PT74Q7MKNP78,2022,2023-03-16,200508924
2022-06-CENSUS-0000093339,PT74Q7MKNP78,2022,2023-03-16,204420636
2022-06-CENSUS-0000093339,PT74Q7MKNP78,2022,2023-03-16,204420692
2022-06-CENSUS-0000093339,PT74Q7MKNP78,2022,2023-03-16,204420732
2022-06-CENSUS-0000093339,PT74Q7MKNP78,2022,2023-03-16,204698478
2022-06-CENSUS-0000093339,PT74Q7MKNP78,2022,2023-03-16,208362446
2022-06-CENSUS-0000093339,PT74Q7MKNP78,2022,2023-03-16,261747636
2022-06-CENSUS-0000093339,PT74Q7MKNP78,2022,2023-03-16,263974241
2022-06-CENSUS-0000093339,PT74Q7MKNP78,2022,2023-03-16,273218487
2022-06-CENSUS-0000093339,PT74Q7MKNP78,2022,2023-03-16,300001994
2022-06-CENSUS-0000093339,PT74Q7MKNP78,2022,2023-03-16,300139243
2022-06-CENSUS-0000093339,PT74Q7MKNP78,2022,2023-03-16,300139250
2022-06-CENSUS-0000093339,PT74Q7MKNP78,2022,2023-03-16,300222358
2022-06-CENSUS-0000093339,PT74Q7MKNP78,2022,2023-03-16,311486904
2022-06-CENSUS-0000093339,PT74Q7MKNP78,2022,2023-03-16,311549509
2022-06-CENSUS-0000093339,PT74Q7MKNP78,2022,2023-03-16,311549513
2022-06-CENSUS-0000093339,PT74Q7MKNP78,2022,2023-03-16,311580486
2022-06-CENSUS-0000093339,PT74Q7MKNP78,2022,2023-03-16,311580524
2022-06-CENSUS-0000093339,PT74Q7MKNP78,2022,2023-03-16,311632277
2022-06-CENSUS-0000093339,PT74Q7MKNP78,2022,2023-03-16,311632278
2022-06-CENSUS-0000093339,PT74Q7MKNP78,2022,2023-03-16,311693033
2022-06-CENSUS-0000093339,PT74Q7MKNP78,2022,2023-03-16,311742543
2022-06-CENSUS-0000093339,PT74Q7MKNP78,2022,2023-03-16,581766356
2022-06-CENSUS-0000093339,PT74Q7MKNP78,2022,2023-03-16,582098120
2022-06-CENSUS-0000093339,PT74Q7MKNP78,2022,2023-03-16,582207174
2022-06-CENSUS-0000093339,PT74Q7MKNP78,2022,2023-03-16,582207180
2022-06-CENSUS-0000093339,PT74Q7MKNP78,2022,2023-03-16,621260299
2022-06-CENSUS-0000093339,PT74Q7MKNP78,2022,2023-03-16,621588906
2022-12-CENSUS-0000142655,R4VKTKNYMSN9,2022,2023-09-19,351102400
2022-12-CENSUS-0000142655,R4VKTKNYMSN9,2022,2023-09-19,356001344
2022-06-CENSUS-0000147743,EG8RRDV51SP8,2022,2023-04-22,522336126
2022-04-CENSUS-0000256787,EHUPKY2H47K6,2022,2023-01-26,431731173
2021-06-CENSUS-0000164973,GSA_MIGRATION,2021,2023-01-05,203426482
2022-06-CENSUS-0000257708,CDL6HGNN8X17,2022,2023-03-30,956154473
2022-06-CENSUS-0000257708,CDL6HGNN8X17,2022,2023-03-30,952321786
2022-06-CENSUS-0000257708,CDL6HGNN8X17,2022,2023-03-30,330528802
2022-11-CENSUS-0000258627,ZMJ6RP948NL7,2022,2023-09-06,464253812
2022-12-CENSUS-0000233812,ZLE3VEEJDPW5,2022,2023-05-07,272566073
2022-09-CENSUS-0000136126,R37RMC63XKG1,2022,2023-04-05,592895789
2022-09-CENSUS-0000136126,R37RMC63XKG1,2022,2023-04-05,596000804
2022-09-CENSUS-0000136126,R37RMC63XKG1,2022,2023-04-05,592224299
2022-09-CENSUS-0000136126,R37RMC63XKG1,2022,2023-04-05,596001804
2022-06-CENSUS-0000254622,MHT1REF7M7S1,2022,2023-03-23,383369438
2022-06-CENSUS-0000152734,K3LWE6J8CUE6,2022,2023-07-19,300249822
2022-06-CENSUS-0000152734,K3LWE6J8CUE6,2022,2023-07-19,430979983
2022-06-CENSUS-0000152734,K3LWE6J8CUE6,2022,2023-07-19,431158662
2022-06-CENSUS-0000152734,K3LWE6J8CUE6,2022,2023-07-19,431283723
2022-06-CENSUS-0000152734,K3LWE6J8CUE6,2022,2023-07-19,431582231
2022-06-CENSUS-0000152734,K3LWE6J8CUE6,2022,2023-07-19,431628745
2022-06-CENSUS-0000152734,K3LWE6J8CUE6,2022,2023-07-19,431629794
2022-06-CENSUS-0000152734,K3LWE6J8CUE6,2022,2023-07-19,431736878
2022-06-CENSUS-0000152734,K3LWE6J8CUE6,2022,2023-07-19,431942509
2022-06-CENSUS-0000152734,K3LWE6J8CUE6,2022,2023-07-19,446000986
2022-06-CENSUS-0000152734,K3LWE6J8CUE6,2022,2023-07-19,446000988
2022-06-CENSUS-0000014379,NEWKZMJ1U345,2022,2023-03-28,133622106
2022-06-CENSUS-0000014379,NEWKZMJ1U345,2022,2023-03-28,208017249
2022-09-CENSUS-0000136106,E523DCNC6CG4,2022,2023-06-29,596000682
2022-09-CENSUS-0000136106,E523DCNC6CG4,2022,2023-06-29,596000683
2022-09-CENSUS-0000253583,XJH6EP7LNYR5,2022,2023-02-18,481121628
2022-06-CENSUS-0000054157,Y28BEBJ4MNU7,2022,2023-03-29,370986220
2022-06-CENSUS-0000025418,RFKAVNHKKVB3,2022,2023-03-30,251550350
2022-06-CENSUS-0000025418,RFKAVNHKKVB3,2022,2023-03-30,232179542
2022-06-CENSUS-0000025418,RFKAVNHKKVB3,2022,2023-03-30,232384282
2022-06-CENSUS-0000025418,RFKAVNHKKVB3,2022,2023-03-30,844475996
2022-06-CENSUS-0000025418,RFKAVNHKKVB3,2022,2023-03-30,454394739
2022-06-CENSUS-0000025418,RFKAVNHKKVB3,2022,2023-03-30,465143606
2022-06-CENSUS-0000025418,RFKAVNHKKVB3,2022,2023-03-30,232380812
2022-06-CENSUS-0000025418,RFKAVNHKKVB3,2022,2023-03-30,231352203
2022-06-CENSUS-0000025418,RFKAVNHKKVB3,2022,2023-03-30,221494454
2022-06-CENSUS-0000025418,RFKAVNHKKVB3,2022,2023-03-30,240795497
2022-06-CENSUS-0000025418,RFKAVNHKKVB3,2022,2023-03-30,861248931
2022-06-CENSUS-0000077249,HVD2ST69XRW4,2022,2023-03-23,521851251
2021-06-CENSUS-0000194817,GSA_MIGRATION,2021,2023-01-23,202520469
2021-06-CENSUS-0000194817,GSA_MIGRATION,2021,2023-01-23,461409414
2021-06-CENSUS-0000194817,GSA_MIGRATION,2021,2023-01-23,462064169
2021-12-CENSUS-0000234095,GSA_MIGRATION,2021,2023-04-24,473607289
2021-09-CENSUS-0000250387,GSA_MIGRATION,2021,2023-07-20,610461767
2021-09-CENSUS-0000250387,GSA_MIGRATION,2021,2023-07-20,810893103
2021-09-CENSUS-0000136113,GSA_MIGRATION,2021,2023-01-03,591109823
2021-09-CENSUS-0000136113,GSA_MIGRATION,2021,2023-01-03,591112376
2021-09-CENSUS-0000136113,GSA_MIGRATION,2021,2023-01-03,596020341
2021-09-CENSUS-0000136113,GSA_MIGRATION,2021,2023-01-03,591665093
2021-09-CENSUS-0000136113,GSA_MIGRATION,2021,2023-01-03,593417742
2021-08-CENSUS-0000246061,GSA_MIGRATION,2021,2023-03-08,586000778
2021-09-CENSUS-0000152118,GSA_MIGRATION,2021,2023-01-26,364569175
2021-09-CENSUS-0000152118,GSA_MIGRATION,2021,2023-01-26,680649504
2021-06-CENSUS-0000134395,GSA_MIGRATION,2021,2023-04-24,942886606
2021-12-CENSUS-0000257489,GSA_MIGRATION,2021,2023-04-03,853439902
2021-12-CENSUS-0000257489,GSA_MIGRATION,2021,2023-04-03,842655351
2021-12-CENSUS-0000257489,GSA_MIGRATION,2021,2023-04-03,823589519
2022-06-CENSUS-0000027372,SQ3KG6X2J5H5,2022,2023-03-30,231352160
2022-06-CENSUS-0000027372,SQ3KG6X2J5H5,2022,2023-03-30,231529076
2022-06-CENSUS-0000027372,SQ3KG6X2J5H5,2022,2023-03-30,232175659
2022-06-CENSUS-0000027372,SQ3KG6X2J5H5,2022,2023-03-30,222606545
2022-06-CENSUS-0000254342,US6WFS9DBM93,2022,2023-03-30,240795682
2022-06-CENSUS-0000254342,US6WFS9DBM93,2022,2023-03-30,510426500
2022-12-CENSUS-0000068472,RAN9SJ8RM973,2022,2023-03-21,364821779
2022-12-CENSUS-0000068472,RAN9SJ8RM973,2022,2023-03-21,208553549
2022-06-CENSUS-0000254753,TJQ8LN43RFH5,2022,2023-03-07,341127097
2022-06-CENSUS-0000204659,PJNBQCF7J2N7,2022,2023-03-30,953527031
2022-06-CENSUS-0000204659,PJNBQCF7J2N7,2022,2023-03-30,330687414
2022-06-CENSUS-0000204659,PJNBQCF7J2N7,2022,2023-03-30,271504911
2022-06-CENSUS-0000204659,PJNBQCF7J2N7,2022,2023-03-30,952585792
2021-12-CENSUS-0000256795,GSA_MIGRATION,2021,2023-01-28,853843957
2021-12-CENSUS-0000256795,GSA_MIGRATION,2021,2023-01-28,853843817
2021-12-CENSUS-0000256795,GSA_MIGRATION,2021,2023-01-28,475341736
2021-12-CENSUS-0000256798,GSA_MIGRATION,2021,2023-01-29,481009207
2021-03-CENSUS-0000242044,GSA_MIGRATION,2021,2023-01-17,430821959
2021-03-CENSUS-0000242044,GSA_MIGRATION,2021,2023-01-17,431240629
2021-12-CENSUS-0000256964,GSA_MIGRATION,2021,2023-02-12,201835089
2021-12-CENSUS-0000256964,GSA_MIGRATION,2021,2023-02-12,383893119
2021-12-CENSUS-0000256964,GSA_MIGRATION,2021,2023-02-12,201834903
2021-12-CENSUS-0000256776,GSA_MIGRATION,2021,2023-01-26,341734715
2021-12-CENSUS-0000251327,GSA_MIGRATION,2021,2023-01-22,812044696
2021-12-CENSUS-0000063205,GSA_MIGRATION,2021,2023-08-08,850826065
2021-12-CENSUS-0000063205,GSA_MIGRATION,2021,2023-08-08,850829308
2021-12-CENSUS-0000063205,GSA_MIGRATION,2021,2023-08-08,521804060
2022-06-CENSUS-0000176257,C6VFXLAFKEY1,2022,2023-03-30,546001201
2022-06-CENSUS-0000176257,C6VFXLAFKEY1,2022,2023-03-30,546001203
2021-06-CENSUS-0000258129,GSA_MIGRATION,2021,2023-05-11,952287250
2021-12-CENSUS-0000258210,GSA_MIGRATION,2021,2023-05-24,351631001
2021-12-CENSUS-0000258210,GSA_MIGRATION,2021,2023-05-24,351860734
2021-12-CENSUS-0000187664,GSA_MIGRATION,2021,2023-02-08,232424443
2021-12-CENSUS-0000187664,GSA_MIGRATION,2021,2023-02-08,232703892
2022-06-CENSUS-0000242697,VLP6L7L9HEJ3,2022,2023-02-28,464542064
2021-09-CENSUS-0000258601,GSA_MIGRATION,2021,2023-07-30,060646917
2021-09-CENSUS-0000258601,GSA_MIGRATION,2021,2023-07-30,271648289
2021-12-CENSUS-0000257539,GSA_MIGRATION,2021,2023-03-27,592249372
2021-12-CENSUS-0000257539,GSA_MIGRATION,2021,2023-03-27,452094888
2021-12-CENSUS-0000257539,GSA_MIGRATION,2021,2023-03-27,264561148
2021-12-CENSUS-0000257539,GSA_MIGRATION,2021,2023-03-27,272153586
2022-06-CENSUS-0000250488,H1G2YP82NM52,2022,2023-03-23,161337423
2021-11-CENSUS-0000258627,GSA_MIGRATION,2021,2023-07-30,464253812
2021-06-CENSUS-0000131803,GSA_MIGRATION,2021,2023-04-04,680322992
2021-06-CENSUS-0000131803,GSA_MIGRATION,2021,2023-04-04,043667508
2021-06-CENSUS-0000131803,GSA_MIGRATION,2021,2023-04-04,900603904
2021-06-CENSUS-0000131803,GSA_MIGRATION,2021,2023-04-04,680282028
2021-06-CENSUS-0000131803,GSA_MIGRATION,2021,2023-04-04,680303547
2021-06-CENSUS-0000131803,GSA_MIGRATION,2021,2023-04-04,680274794
2021-06-CENSUS-0000131803,GSA_MIGRATION,2021,2023-04-04,911879327
2021-06-CENSUS-0000131803,GSA_MIGRATION,2021,2023-04-04,942257827
2021-06-CENSUS-0000131803,GSA_MIGRATION,2021,2023-04-04,680290132
2021-06-CENSUS-0000131803,GSA_MIGRATION,2021,2023-04-04,680364962
2021-06-CENSUS-0000131803,GSA_MIGRATION,2021,2023-04-04,942270812
2021-06-CENSUS-0000131803,GSA_MIGRATION,2021,2023-04-04,680306069
2021-06-CENSUS-0000131803,GSA_MIGRATION,2021,2023-04-04,941697567
2021-06-CENSUS-0000131803,GSA_MIGRATION,2021,2023-04-04,352352447
2021-06-CENSUS-0000131803,GSA_MIGRATION,2021,2023-04-04,943164436
2021-06-CENSUS-0000131803,GSA_MIGRATION,2021,2023-04-04,943164968
2021-06-CENSUS-0000131803,GSA_MIGRATION,2021,2023-04-04,680303606
2021-06-CENSUS-0000131803,GSA_MIGRATION,2021,2023-04-04,680306064
2021-06-CENSUS-0000131803,GSA_MIGRATION,2021,2023-04-04,134314619
2021-06-CENSUS-0000131803,GSA_MIGRATION,2021,2023-04-04,521692634
2021-06-CENSUS-0000131803,GSA_MIGRATION,2021,2023-04-04,010967313
2021-06-CENSUS-0000131803,GSA_MIGRATION,2021,2023-04-04,800549057
2021-06-CENSUS-0000131803,GSA_MIGRATION,2021,2023-04-04,680288069
2021-06-CENSUS-0000131803,GSA_MIGRATION,2021,2023-04-04,680325102
2021-06-CENSUS-0000131803,GSA_MIGRATION,2021,2023-04-04,680281986
2021-06-CENSUS-0000131803,GSA_MIGRATION,2021,2023-04-04,680281381
2021-06-CENSUS-0000131803,GSA_MIGRATION,2021,2023-04-04,680287675
2021-06-CENSUS-0000131803,GSA_MIGRATION,2021,2023-04-04,946001347
2021-06-CENSUS-0000131803,GSA_MIGRATION,2021,2023-04-04,680281367
2021-06-CENSUS-0000131803,GSA_MIGRATION,2021,2023-04-04,680301973
2021-06-CENSUS-0000131803,GSA_MIGRATION,2021,2023-04-04,680284156
2021-06-CENSUS-0000131803,GSA_MIGRATION,2021,2023-04-04,680317191
2021-06-CENSUS-0000131803,GSA_MIGRATION,2021,2023-04-04,743204993
2021-06-CENSUS-0000131803,GSA_MIGRATION,2021,2023-04-04,680282313
2021-06-CENSUS-0000131803,GSA_MIGRATION,2021,2023-04-04,680283471
2021-06-CENSUS-0000131803,GSA_MIGRATION,2021,2023-04-04,680279670
2021-06-CENSUS-0000131803,GSA_MIGRATION,2021,2023-04-04,680446735
2021-06-CENSUS-0000131803,GSA_MIGRATION,2021,2023-04-04,680287677
2021-06-CENSUS-0000131803,GSA_MIGRATION,2021,2023-04-04,870746811
2021-06-CENSUS-0000131803,GSA_MIGRATION,2021,2023-04-04,680282717
2021-06-CENSUS-0000131803,GSA_MIGRATION,2021,2023-04-04,680258051
2021-06-CENSUS-0000131803,GSA_MIGRATION,2021,2023-04-04,680264174
2021-06-CENSUS-0000131803,GSA_MIGRATION,2021,2023-04-04,680230373
2021-06-CENSUS-0000131803,GSA_MIGRATION,2021,2023-04-04,942650401
2021-06-CENSUS-0000131803,GSA_MIGRATION,2021,2023-04-04,680448172
2021-06-CENSUS-0000131803,GSA_MIGRATION,2021,2023-04-04,943160882
2021-06-CENSUS-0000131803,GSA_MIGRATION,2021,2023-04-04,680278724
2021-06-CENSUS-0000131803,GSA_MIGRATION,2021,2023-04-04,822162215
2021-06-CENSUS-0000131803,GSA_MIGRATION,2021,2023-04-04,680204061
2021-06-CENSUS-0000131803,GSA_MIGRATION,2021,2023-04-04,680142725
2021-06-CENSUS-0000131803,GSA_MIGRATION,2021,2023-04-04,680284171
2021-06-CENSUS-0000131803,GSA_MIGRATION,2021,2023-04-04,680297701
2021-06-CENSUS-0000131803,GSA_MIGRATION,2021,2023-04-04,680325104
2021-06-CENSUS-0000131803,GSA_MIGRATION,2021,2023-04-04,943031353
2021-06-CENSUS-0000131803,GSA_MIGRATION,2021,2023-04-04,946001336
2021-06-CENSUS-0000131803,GSA_MIGRATION,2021,2023-04-04,680182830
2021-06-CENSUS-0000131803,GSA_MIGRATION,2021,2023-04-04,330688054
2021-06-CENSUS-0000131803,GSA_MIGRATION,2021,2023-04-04,946038157
2021-06-CENSUS-0000131803,GSA_MIGRATION,2021,2023-04-04,522194420
2022-06-CENSUS-0000199658,KG3GCQLE5S49,2022,2023-03-29,364739343
2021-12-CENSUS-0000177884,GSA_MIGRATION,2021,2023-01-02,300634832
2021-12-CENSUS-0000177884,GSA_MIGRATION,2021,2023-01-02,391803946
2022-06-CENSUS-0000026234,QLCEPNGARYH3,2022,2023-03-27,231352202
2022-06-CENSUS-0000026234,QLCEPNGARYH3,2022,2023-03-27,231689692
2022-06-CENSUS-0000026234,QLCEPNGARYH3,2022,2023-03-27,232421970
2022-06-CENSUS-0000026234,QLCEPNGARYH3,2022,2023-03-27,232700908
2022-06-CENSUS-0000026234,QLCEPNGARYH3,2022,2023-03-27,232948774
2022-06-CENSUS-0000026234,QLCEPNGARYH3,2022,2023-03-27,240795623
2022-06-CENSUS-0000026234,QLCEPNGARYH3,2022,2023-03-27,843878831
2022-06-CENSUS-0000026234,QLCEPNGARYH3,2022,2023-03-27,233022467
2022-06-CENSUS-0000026234,QLCEPNGARYH3,2022,2023-03-27,233096124
2022-06-CENSUS-0000026234,QLCEPNGARYH3,2022,2023-03-27,843987128
2022-06-CENSUS-0000026234,QLCEPNGARYH3,2022,2023-03-27,844028262
2021-12-CENSUS-0000216557,GSA_MIGRATION,2021,2023-05-08,270862548
2021-12-CENSUS-0000216557,GSA_MIGRATION,2021,2023-05-08,205956878
2021-06-CENSUS-0000070183,GSA_MIGRATION,2021,2023-03-07,263338038
2021-06-CENSUS-0000070183,GSA_MIGRATION,2021,2023-03-07,271701100
2021-06-CENSUS-0000070183,GSA_MIGRATION,2021,2023-03-07,263389292
2021-06-CENSUS-0000135753,GSA_MIGRATION,2021,2023-05-23,066001499
2021-12-CENSUS-0000258287,GSA_MIGRATION,2021,2023-06-07,823889980
2021-12-CENSUS-0000258287,GSA_MIGRATION,2021,2023-06-07,823871397
2021-12-CENSUS-0000258287,GSA_MIGRATION,2021,2023-06-07,823907507
2021-06-CENSUS-0000032580,GSA_MIGRATION,2021,2023-01-15,520902461
2021-06-CENSUS-0000032580,GSA_MIGRATION,2021,2023-01-15,521839817
2021-09-CENSUS-0000136089,GSA_MIGRATION,2021,2023-02-02,591897582
2021-09-CENSUS-0000136089,GSA_MIGRATION,2021,2023-02-02,591361921
2021-09-CENSUS-0000136089,GSA_MIGRATION,2021,2023-02-02,591718293
2021-12-CENSUS-0000256647,GSA_MIGRATION,2021,2023-01-15,831552401
2021-06-CENSUS-0000257867,GSA_MIGRATION,2021,2023-04-03,250969458
2021-06-CENSUS-0000257867,GSA_MIGRATION,2021,2023-04-03,270209886
2021-06-CENSUS-0000257867,GSA_MIGRATION,2021,2023-04-03,251818793
2021-06-CENSUS-0000257867,GSA_MIGRATION,2021,2023-04-03,371869372
2021-06-CENSUS-0000257867,GSA_MIGRATION,2021,2023-04-03,421704067
2021-06-CENSUS-0000257867,GSA_MIGRATION,2021,2023-04-03,250974311
2021-06-CENSUS-0000257867,GSA_MIGRATION,2021,2023-04-03,611682165
2021-06-CENSUS-0000257867,GSA_MIGRATION,2021,2023-04-03,251475192
2021-06-CENSUS-0000257867,GSA_MIGRATION,2021,2023-04-03,812448411
2021-06-CENSUS-0000257867,GSA_MIGRATION,2021,2023-04-03,204386767
2021-06-CENSUS-0000257867,GSA_MIGRATION,2021,2023-04-03,473951584
2021-12-CENSUS-0000257184,GSA_MIGRATION,2021,2023-02-28,843519519
2021-12-CENSUS-0000257184,GSA_MIGRATION,2021,2023-02-28,844051978
2021-12-CENSUS-0000257184,GSA_MIGRATION,2021,2023-02-28,874657810
2021-12-CENSUS-0000257184,GSA_MIGRATION,2021,2023-02-28,365036585
2021-12-CENSUS-0000257184,GSA_MIGRATION,2021,2023-02-28,843760374
2021-12-CENSUS-0000257184,GSA_MIGRATION,2021,2023-02-28,844034954
2021-12-CENSUS-0000257962,GSA_MIGRATION,2021,2023-04-16,043323502
2021-12-CENSUS-0000257186,GSA_MIGRATION,2021,2023-02-28,831218505
2021-12-CENSUS-0000004114,GSA_MIGRATION,2021,2023-05-14,752994759
2021-06-CENSUS-0000256725,GSA_MIGRATION,2021,2023-01-23,263639152
2022-06-CENSUS-0000255160,RU6AKBVU76J4,2022,2023-03-30,020383487
2022-06-CENSUS-0000255160,RU6AKBVU76J4,2022,2023-03-30,020232673
2022-06-CENSUS-0000255160,RU6AKBVU76J4,2022,2023-03-30,020509589
2022-06-CENSUS-0000255160,RU6AKBVU76J4,2022,2023-03-30,331003630
2022-06-CENSUS-0000255160,RU6AKBVU76J4,2022,2023-03-30,020483054
2022-06-CENSUS-0000255160,RU6AKBVU76J4,2022,2023-03-30,020456218
2021-06-CENSUS-0000257906,GSA_MIGRATION,2021,2023-04-05,250965408
2021-09-CENSUS-0000136073,GSA_MIGRATION,2021,2023-01-12,596718702
2021-06-CENSUS-0000249199,GSA_MIGRATION,2021,2023-01-30,132814327
2022-06-CENSUS-0000011228,NQ8DHKMZ32N6,2022,2023-03-29,135675643
2022-09-CENSUS-0000038806,L7TPM7N15F67,2022,2023-03-01,311244736
2022-09-CENSUS-0000038806,L7TPM7N15F67,2022,2023-03-01,364500925
2021-06-CENSUS-0000028988,GSA_MIGRATION,2021,2023-03-28,112307925
2021-08-CENSUS-0000247969,GSA_MIGRATION,2021,2023-02-14,800868918
2021-12-CENSUS-0000152815,GSA_MIGRATION,2021,2023-02-28,431912135
2022-06-CENSUS-0000251188,PTH7AUKTU2B7,2022,2023-03-06,380833014
2022-06-CENSUS-0000251188,PTH7AUKTU2B7,2022,2023-03-06,386000029
2022-06-CENSUS-0000251188,PTH7AUKTU2B7,2022,2023-03-06,381437919
2022-06-CENSUS-0000251188,PTH7AUKTU2B7,2022,2023-03-06,464088182
2022-06-CENSUS-0000251188,PTH7AUKTU2B7,2022,2023-03-06,381518643
2022-06-CENSUS-0000251188,PTH7AUKTU2B7,2022,2023-03-06,386020434
2022-06-CENSUS-0000251188,PTH7AUKTU2B7,2022,2023-03-06,383317788
2022-06-CENSUS-0000251188,PTH7AUKTU2B7,2022,2023-03-06,381459397
2022-06-CENSUS-0000251188,PTH7AUKTU2B7,2022,2023-03-06,382602147
2022-06-CENSUS-0000176096,LG9HG3GMBAB7,2022,2023-03-14,546001316
2021-12-CENSUS-0000204059,GSA_MIGRATION,2021,2023-01-24,900532831
2021-12-CENSUS-0000204059,GSA_MIGRATION,2021,2023-01-24,900532830
2021-12-CENSUS-0000204059,GSA_MIGRATION,2021,2023-01-24,942958258
2021-12-CENSUS-0000204059,GSA_MIGRATION,2021,2023-01-24,860872873
2021-12-CENSUS-0000204059,GSA_MIGRATION,2021,2023-01-24,270036499
2021-12-CENSUS-0000204059,GSA_MIGRATION,2021,2023-01-24,901074557
2021-12-CENSUS-0000204059,GSA_MIGRATION,2021,2023-01-24,860394148
2021-12-CENSUS-0000204059,GSA_MIGRATION,2021,2023-01-24,840826331
2021-12-CENSUS-0000204059,GSA_MIGRATION,2021,2023-01-24,840826336
2021-12-CENSUS-0000204059,GSA_MIGRATION,2021,2023-01-24,270036484
2021-12-CENSUS-0000204059,GSA_MIGRATION,2021,2023-01-24,363386394
2021-12-CENSUS-0000204059,GSA_MIGRATION,2021,2023-01-24,470395795
2021-12-CENSUS-0000204059,GSA_MIGRATION,2021,2023-01-24,510147309
2021-12-CENSUS-0000204059,GSA_MIGRATION,2021,2023-01-24,680422620
2021-12-CENSUS-0000204059,GSA_MIGRATION,2021,2023-01-24,830249708
2021-12-CENSUS-0000204059,GSA_MIGRATION,2021,2023-01-24,830249710
2021-12-CENSUS-0000204059,GSA_MIGRATION,2021,2023-01-24,841287638
2021-12-CENSUS-0000204059,GSA_MIGRATION,2021,2023-01-24,880321712
2021-12-CENSUS-0000204059,GSA_MIGRATION,2021,2023-01-24,900054201
2021-12-CENSUS-0000204059,GSA_MIGRATION,2021,2023-01-24,900065118
2021-12-CENSUS-0000204059,GSA_MIGRATION,2021,2023-01-24,900389314
2021-12-CENSUS-0000204059,GSA_MIGRATION,2021,2023-01-24,900412842
2021-12-CENSUS-0000204059,GSA_MIGRATION,2021,2023-01-24,901074558
2021-12-CENSUS-0000258004,GSA_MIGRATION,2021,2023-04-20,510511632
2021-12-CENSUS-0000258004,GSA_MIGRATION,2021,2023-04-20,510511617
2021-12-CENSUS-0000258004,GSA_MIGRATION,2021,2023-04-20,542153829
2021-12-CENSUS-0000258004,GSA_MIGRATION,2021,2023-04-20,251543389
2021-12-CENSUS-0000258004,GSA_MIGRATION,2021,2023-04-20,251840419
2021-12-CENSUS-0000258004,GSA_MIGRATION,2021,2023-04-20,510511616
2022-12-CENSUS-0000243044,K7BKFTFFFBB8,2022,2023-04-05,853922957
2022-09-CENSUS-0000051926,LPDXZFL6D8K8,2022,2023-04-30,522053377
2022-09-CENSUS-0000101967,E3JVPMTLADL6,2022,2023-05-18,742320663
2022-09-CENSUS-0000101967,E3JVPMTLADL6,2022,2023-05-18,742311967
2022-09-CENSUS-0000101967,E3JVPMTLADL6,2022,2023-05-18,742588798
2022-09-CENSUS-0000101967,E3JVPMTLADL6,2022,2023-05-18,742702051
2022-09-CENSUS-0000101967,E3JVPMTLADL6,2022,2023-05-18,742739262
2022-09-CENSUS-0000101967,E3JVPMTLADL6,2022,2023-05-18,742489878
2022-09-CENSUS-0000101967,E3JVPMTLADL6,2022,2023-05-18,273805764
2022-09-CENSUS-0000101967,E3JVPMTLADL6,2022,2023-05-18,742521611
2022-09-CENSUS-0000101967,E3JVPMTLADL6,2022,2023-05-18,742457795
2021-06-CENSUS-0000000082,GSA_MIGRATION,2021,2023-01-30,010130427
2021-06-CENSUS-0000000082,GSA_MIGRATION,2021,2023-01-30,010215227
2021-06-CENSUS-0000000082,GSA_MIGRATION,2021,2023-01-30,010356077
2021-06-CENSUS-0000000082,GSA_MIGRATION,2021,2023-01-30,010386912
2021-06-CENSUS-0000000082,GSA_MIGRATION,2021,2023-01-30,010386913
2021-06-CENSUS-0000000082,GSA_MIGRATION,2021,2023-01-30,010387674
2021-06-CENSUS-0000000082,GSA_MIGRATION,2021,2023-01-30,010430016
2021-06-CENSUS-0000000082,GSA_MIGRATION,2021,2023-01-30,222844951
2021-06-CENSUS-0000000082,GSA_MIGRATION,2021,2023-01-30,825094130
2021-06-CENSUS-0000000082,GSA_MIGRATION,2021,2023-01-30,010315963
2021-06-CENSUS-0000000082,GSA_MIGRATION,2021,2023-01-30,010457199
2021-06-CENSUS-0000000082,GSA_MIGRATION,2021,2023-01-30,010462792
2021-06-CENSUS-0000000082,GSA_MIGRATION,2021,2023-01-30,010481000
2021-06-CENSUS-0000000082,GSA_MIGRATION,2021,2023-01-30,010518516
2021-06-CENSUS-0000000082,GSA_MIGRATION,2021,2023-01-30,222473667
2021-06-CENSUS-0000000082,GSA_MIGRATION,2021,2023-01-30,274604314
2021-06-CENSUS-0000000082,GSA_MIGRATION,2021,2023-01-30,980220891
2022-06-CENSUS-0000206285,LJACYN6HKY48,2022,2023-03-24,236296135
2022-06-CENSUS-0000206285,LJACYN6HKY48,2022,2023-03-24,232825878
2022-06-CENSUS-0000206285,LJACYN6HKY48,2022,2023-03-24,831002191
2022-06-CENSUS-0000206285,LJACYN6HKY48,2022,2023-03-24,232790607
2022-06-CENSUS-0000206285,LJACYN6HKY48,2022,2023-03-24,231352156
2022-06-CENSUS-0000206285,LJACYN6HKY48,2022,2023-03-24,454540585
2022-06-CENSUS-0000206285,LJACYN6HKY48,2022,2023-03-24,464556027
2021-09-CENSUS-0000193691,GSA_MIGRATION,2021,2023-07-23,171429242
2021-12-CENSUS-0000258520,GSA_MIGRATION,2021,2023-07-05,370662561
2021-12-CENSUS-0000258520,GSA_MIGRATION,2021,2023-07-05,200802394
2021-12-CENSUS-0000258520,GSA_MIGRATION,2021,2023-07-05,452588783
2021-06-CENSUS-0000233615,GSA_MIGRATION,2021,2023-05-31,474030645
2021-06-CENSUS-0000233615,GSA_MIGRATION,2021,2023-05-31,810917749
2021-06-CENSUS-0000233615,GSA_MIGRATION,2021,2023-05-31,202631359
2021-06-CENSUS-0000233615,GSA_MIGRATION,2021,2023-05-31,203815754
2021-06-CENSUS-0000233615,GSA_MIGRATION,2021,2023-05-31,475018408
2021-12-CENSUS-0000258648,GSA_MIGRATION,2021,2023-08-02,550521890
2021-12-CENSUS-0000258648,GSA_MIGRATION,2021,2023-08-02,412260177
2021-12-CENSUS-0000241681,GSA_MIGRATION,2021,2023-08-01,680551789
2021-12-CENSUS-0000241681,GSA_MIGRATION,2021,2023-08-01,942972913
2021-12-CENSUS-0000241681,GSA_MIGRATION,2021,2023-08-01,943169144
2021-12-CENSUS-0000241681,GSA_MIGRATION,2021,2023-08-01,943111305
2021-12-CENSUS-0000241681,GSA_MIGRATION,2021,2023-08-01,942952052
2021-12-CENSUS-0000241681,GSA_MIGRATION,2021,2023-08-01,943127063
2021-12-CENSUS-0000241681,GSA_MIGRATION,2021,2023-08-01,943225760
2021-12-CENSUS-0000241681,GSA_MIGRATION,2021,2023-08-01,943232889
2021-12-CENSUS-0000241681,GSA_MIGRATION,2021,2023-08-01,943242929
2021-12-CENSUS-0000241681,GSA_MIGRATION,2021,2023-08-01,943169163
2021-12-CENSUS-0000241681,GSA_MIGRATION,2021,2023-08-01,943225758
2021-12-CENSUS-0000241681,GSA_MIGRATION,2021,2023-08-01,900106101
2021-12-CENSUS-0000241681,GSA_MIGRATION,2021,2023-08-01,203735774
2021-12-CENSUS-0000172054,GSA_MIGRATION,2021,2023-04-29,742234352
2021-12-CENSUS-0000172054,GSA_MIGRATION,2021,2023-04-29,742241951
2021-09-CENSUS-0000258697,GSA_MIGRATION,2021,2023-08-13,201659801
2021-09-CENSUS-0000258697,GSA_MIGRATION,2021,2023-08-13,753075215
2021-09-CENSUS-0000258697,GSA_MIGRATION,2021,2023-08-13,364730310
2021-12-CENSUS-0000246097,GSA_MIGRATION,2021,2023-08-14,462977078
2021-09-CENSUS-0000136107,GSA_MIGRATION,2021,2023-08-21,591441092
2021-09-CENSUS-0000136107,GSA_MIGRATION,2021,2023-08-21,591719266
2021-09-CENSUS-0000136107,GSA_MIGRATION,2021,2023-08-21,596000689
2021-09-CENSUS-0000136107,GSA_MIGRATION,2021,2023-08-21,596031687
2021-09-CENSUS-0000165989,GSA_MIGRATION,2021,2023-08-28,731357965
2021-06-CENSUS-0000135779,GSA_MIGRATION,2021,2023-08-31,060974500
2021-12-CENSUS-0000239431,GSA_MIGRATION,2021,2023-09-07,454997977
2021-12-CENSUS-0000239431,GSA_MIGRATION,2021,2023-09-07,832422604
2021-12-CENSUS-0000239431,GSA_MIGRATION,2021,2023-09-07,371779824
2021-12-CENSUS-0000210987,GSA_MIGRATION,2021,2023-08-30,262839314
2021-12-CENSUS-0000210987,GSA_MIGRATION,2021,2023-08-30,331149039
2021-12-CENSUS-0000210987,GSA_MIGRATION,2021,2023-08-30,352278131
2021-12-CENSUS-0000210987,GSA_MIGRATION,2021,2023-08-30,850468133
2021-06-CENSUS-0000258952,GSA_MIGRATION,2021,2023-09-25,237441353
2021-06-CENSUS-0000258952,GSA_MIGRATION,2021,2023-09-25,550422958
2021-06-CENSUS-0000258952,GSA_MIGRATION,2021,2023-09-25,550754278
2021-06-CENSUS-0000258952,GSA_MIGRATION,2021,2023-09-25,311097818
2020-06-CENSUS-0000202405,GSA_MIGRATION,2020,2023-06-05,660433481
2020-09-CENSUS-0000136113,GSA_MIGRATION,2020,2023-03-15,596020341
2020-09-CENSUS-0000136113,GSA_MIGRATION,2020,2023-03-15,591109823
2020-09-CENSUS-0000136113,GSA_MIGRATION,2020,2023-03-15,591665093
2020-09-CENSUS-0000136113,GSA_MIGRATION,2020,2023-03-15,593417742
2020-09-CENSUS-0000136113,GSA_MIGRATION,2020,2023-03-15,591112376
2020-12-CENSUS-0000256647,GSA_MIGRATION,2020,2023-01-15,831552401
2020-09-CENSUS-0000180265,GSA_MIGRATION,2020,2023-08-10,660450278
2020-12-CENSUS-0000257489,GSA_MIGRATION,2020,2023-03-23,853439902
2020-12-CENSUS-0000257489,GSA_MIGRATION,2020,2023-03-23,842655351
2020-09-CENSUS-0000258327,GSA_MIGRATION,2020,2023-06-13,060646597
2020-09-CENSUS-0000258327,GSA_MIGRATION,2020,2023-06-13,066068853
2020-09-CENSUS-0000258327,GSA_MIGRATION,2020,2023-06-13,815056290
2020-09-CENSUS-0000258327,GSA_MIGRATION,2020,2023-06-13,222594968
2020-09-CENSUS-0000258327,GSA_MIGRATION,2020,2023-06-13,061137531
2020-09-CENSUS-0000258327,GSA_MIGRATION,2020,2023-06-13,222594977
2020-09-CENSUS-0000258327,GSA_MIGRATION,2020,2023-06-13,141338586
2020-09-CENSUS-0000258327,GSA_MIGRATION,2020,2023-06-13,141338467
2020-09-CENSUS-0000258327,GSA_MIGRATION,2020,2023-06-13,146019179
2020-09-CENSUS-0000258327,GSA_MIGRATION,2020,2023-06-13,141678068
2020-09-CENSUS-0000258327,GSA_MIGRATION,2020,2023-06-13,562669185
2020-12-CENSUS-0000221584,GSA_MIGRATION,2020,2023-04-18,842643307
2020-12-CENSUS-0000256705,GSA_MIGRATION,2020,2023-01-19,456002247
2020-06-CENSUS-0000194817,GSA_MIGRATION,2020,2023-01-23,202520469
2020-06-CENSUS-0000194817,GSA_MIGRATION,2020,2023-01-23,461409414
2020-06-CENSUS-0000194817,GSA_MIGRATION,2020,2023-01-23,462064169
2020-09-CENSUS-0000236571,GSA_MIGRATION,2020,2023-03-01,636004942
2022-12-CENSUS-0000230092,NW8AMKRRPHC8,2022,2023-09-20,320297285
2022-12-CENSUS-0000251250,D41LDEATDV49,2022,2023-09-28,221750190
2022-12-CENSUS-0000251250,D41LDEATDV49,2022,2023-09-28,521594300
2022-12-CENSUS-0000251250,D41LDEATDV49,2022,2023-09-28,222575377
2022-06-CENSUS-0000254810,SRUNHHBN9H58,2022,2023-03-30,590817603
2022-06-CENSUS-0000237334,JH7PUPFUEBB2,2022,2023-05-08,473866758
2022-06-CENSUS-0000237334,JH7PUPFUEBB2,2022,2023-05-08,822311053
2020-12-CENSUS-0000256738,GSA_MIGRATION,2020,2023-01-23,660801404
2019-12-CENSUS-0000230299,GSA_MIGRATION,2019,2023-02-05,455524663
2019-06-CENSUS-0000176270,GSA_MIGRATION,2019,2023-09-27,546001358
2020-09-CENSUS-0000258601,GSA_MIGRATION,2020,2023-07-23,060646917
2020-09-CENSUS-0000258601,GSA_MIGRATION,2020,2023-07-23,271648289
2022-12-CENSUS-0000038025,TSM1EPFQ6R88,2022,2023-09-10,310564121
2022-12-CENSUS-0000038025,TSM1EPFQ6R88,2022,2023-09-10,310886949
2022-12-CENSUS-0000038025,TSM1EPFQ6R88,2022,2023-09-10,270712680
2022-12-CENSUS-0000038025,TSM1EPFQ6R88,2022,2023-09-10,311175717
2022-12-CENSUS-0000038025,TSM1EPFQ6R88,2022,2023-09-10,311078381
2022-12-CENSUS-0000038025,TSM1EPFQ6R88,2022,2023-09-10,310536662
2022-12-CENSUS-0000038025,TSM1EPFQ6R88,2022,2023-09-10,310809436
2022-06-CENSUS-0000050415,X3KVMP6LD3R5,2022,2023-03-27,363779427
2022-06-CENSUS-0000207978,KHLMCGYL3ND9,2022,2023-03-30,113073915
2022-06-CENSUS-0000207978,KHLMCGYL3ND9,2022,2023-03-30,237332842
2022-06-CENSUS-0000207978,KHLMCGYL3ND9,2022,2023-03-30,112350264
2022-06-CENSUS-0000017148,YBJ8QWMMAHL5,2022,2023-01-31,141340034
2022-06-CENSUS-0000017148,YBJ8QWMMAHL5,2022,2023-01-31,141498064
2022-06-CENSUS-0000017148,YBJ8QWMMAHL5,2022,2023-01-31,141541210
2022-06-CENSUS-0000017148,YBJ8QWMMAHL5,2022,2023-01-31,141547366
2022-06-CENSUS-0000017148,YBJ8QWMMAHL5,2022,2023-01-31,141578051
2022-06-CENSUS-0000017148,YBJ8QWMMAHL5,2022,2023-01-31,141592849
2022-06-CENSUS-0000017148,YBJ8QWMMAHL5,2022,2023-01-31,141595821
2022-06-CENSUS-0000017148,YBJ8QWMMAHL5,2022,2023-01-31,141605850
2022-06-CENSUS-0000017148,YBJ8QWMMAHL5,2022,2023-01-31,141679442
2022-06-CENSUS-0000017148,YBJ8QWMMAHL5,2022,2023-01-31,141750944
2022-06-CENSUS-0000017148,YBJ8QWMMAHL5,2022,2023-01-31,141752466
2022-06-CENSUS-0000017148,YBJ8QWMMAHL5,2022,2023-01-31,141800768
2022-06-CENSUS-0000017148,YBJ8QWMMAHL5,2022,2023-01-31,161189791
2022-06-CENSUS-0000017148,YBJ8QWMMAHL5,2022,2023-01-31,161525402
2022-06-CENSUS-0000017148,YBJ8QWMMAHL5,2022,2023-01-31,223091969
2022-06-CENSUS-0000017148,YBJ8QWMMAHL5,2022,2023-01-31,223214335
2022-06-CENSUS-0000017148,YBJ8QWMMAHL5,2022,2023-01-31,263101392
2022-06-CENSUS-0000017148,YBJ8QWMMAHL5,2022,2023-01-31,263101548
2022-12-CENSUS-0000069278,H1TYS4PK8EC5,2022,2023-09-25,412220807
2022-12-CENSUS-0000069278,H1TYS4PK8EC5,2022,2023-09-25,263965524
2022-12-CENSUS-0000069278,H1TYS4PK8EC5,2022,2023-09-25,200654235
2022-12-CENSUS-0000069278,H1TYS4PK8EC5,2022,2023-09-25,200654472
2022-12-CENSUS-0000069278,H1TYS4PK8EC5,2022,2023-09-25,200655240
2022-12-CENSUS-0000069278,H1TYS4PK8EC5,2022,2023-09-25,200655144
2022-12-CENSUS-0000069278,H1TYS4PK8EC5,2022,2023-09-25,412220810
2022-12-CENSUS-0000069335,MV23GETUKEY5,2022,2023-09-28,203781186
2022-12-CENSUS-0000069335,MV23GETUKEY5,2022,2023-09-28,453991190
2021-12-CENSUS-0000246050,GSA_MIGRATION,2021,2023-05-08,465420492
2022-12-CENSUS-0000011645,MBNLSWYMX798,2022,2023-09-30,161759590
2022-12-CENSUS-0000011645,MBNLSWYMX798,2022,2023-09-30,132605605
2022-12-CENSUS-0000011645,MBNLSWYMX798,2022,2023-09-30,132613958
2022-12-CENSUS-0000011645,MBNLSWYMX798,2022,2023-09-30,132605604
2022-09-CENSUS-0000136080,H2TGV5FM16F8,2022,2023-03-29,596000547
2022-09-CENSUS-0000136080,H2TGV5FM16F8,2022,2023-03-29,596000550
2022-09-CENSUS-0000138707,EKGQF6H3LV53,2022,2023-05-18,364529968
2022-12-CENSUS-0000153362,HM6YGEFXCGW7,2022,2023-08-28,611741273
2022-12-CENSUS-0000153362,HM6YGEFXCGW7,2022,2023-08-28,364791132
2022-12-CENSUS-0000153362,HM6YGEFXCGW7,2022,2023-08-28,471591548
2022-12-CENSUS-0000153362,HM6YGEFXCGW7,2022,2023-08-28,320447420
2022-12-CENSUS-0000153362,HM6YGEFXCGW7,2022,2023-08-28,770601167
2022-12-CENSUS-0000153362,HM6YGEFXCGW7,2022,2023-08-28,463751945
2022-12-CENSUS-0000153362,HM6YGEFXCGW7,2022,2023-08-28,300835383
2022-12-CENSUS-0000153362,HM6YGEFXCGW7,2022,2023-08-28,371783610
2022-12-CENSUS-0000153362,HM6YGEFXCGW7,2022,2023-08-28,471362131
2022-12-CENSUS-0000153362,HM6YGEFXCGW7,2022,2023-08-28,300950620
2022-12-CENSUS-0000153362,HM6YGEFXCGW7,2022,2023-08-28,320444405
2022-12-CENSUS-0000153362,HM6YGEFXCGW7,2022,2023-08-28,352513230
2022-12-CENSUS-0000153362,HM6YGEFXCGW7,2022,2023-08-28,471362215
2022-12-CENSUS-0000153362,HM6YGEFXCGW7,2022,2023-08-28,813740743
2022-09-CENSUS-0000230355,HNEZN8HPK785,2022,2023-04-24,161592994
2022-09-CENSUS-0000230355,HNEZN8HPK785,2022,2023-04-24,223144721
2022-09-CENSUS-0000230355,HNEZN8HPK785,2022,2023-04-24,161419634
2022-09-CENSUS-0000230355,HNEZN8HPK785,2022,2023-04-24,161388682
2022-09-CENSUS-0000230355,HNEZN8HPK785,2022,2023-04-24,161442543
2022-09-CENSUS-0000230355,HNEZN8HPK785,2022,2023-04-24,251653975
2022-09-CENSUS-0000230355,HNEZN8HPK785,2022,2023-04-24,161501984
2022-09-CENSUS-0000230355,HNEZN8HPK785,2022,2023-04-24,161534956
2022-09-CENSUS-0000230355,HNEZN8HPK785,2022,2023-04-24,161598837
2022-09-CENSUS-0000230355,HNEZN8HPK785,2022,2023-04-24,270039310
2022-09-CENSUS-0000230355,HNEZN8HPK785,2022,2023-04-24,161183242
2022-09-CENSUS-0000230355,HNEZN8HPK785,2022,2023-04-24,223144622
2022-09-CENSUS-0000230355,HNEZN8HPK785,2022,2023-04-24,203946971
2022-09-CENSUS-0000230355,HNEZN8HPK785,2022,2023-04-24,251695904
2022-09-CENSUS-0000230355,HNEZN8HPK785,2022,2023-04-24,020533102
2022-09-CENSUS-0000230355,HNEZN8HPK785,2022,2023-04-24,134215024
2022-09-CENSUS-0000230355,HNEZN8HPK785,2022,2023-04-24,205566908
2022-09-CENSUS-0000230355,HNEZN8HPK785,2022,2023-04-24,161592991
2022-09-CENSUS-0000230355,HNEZN8HPK785,2022,2023-04-24,030485949
2022-09-CENSUS-0000230355,HNEZN8HPK785,2022,2023-04-24,262373989
2022-09-CENSUS-0000230355,HNEZN8HPK785,2022,2023-04-24,273685642
2022-09-CENSUS-0000230355,HNEZN8HPK785,2022,2023-04-24,134220309
2022-09-CENSUS-0000230355,HNEZN8HPK785,2022,2023-04-24,660788645
2022-09-CENSUS-0000230355,HNEZN8HPK785,2022,2023-04-24,300743446
2022-09-CENSUS-0000230355,HNEZN8HPK785,2022,2023-04-24,161265765
2022-09-CENSUS-0000230355,HNEZN8HPK785,2022,2023-04-24,161386456
2022-09-CENSUS-0000230355,HNEZN8HPK785,2022,2023-04-24,161520376
2022-09-CENSUS-0000230355,HNEZN8HPK785,2022,2023-04-24,752975886
2022-09-CENSUS-0000230355,HNEZN8HPK785,2022,2023-04-24,752975899
2022-09-CENSUS-0000230355,HNEZN8HPK785,2022,2023-04-24,061716252
2022-09-CENSUS-0000230355,HNEZN8HPK785,2022,2023-04-24,043812069
2022-09-CENSUS-0000230355,HNEZN8HPK785,2022,2023-04-24,412124095
2022-09-CENSUS-0000230355,HNEZN8HPK785,2022,2023-04-24,203574586
2022-09-CENSUS-0000230355,HNEZN8HPK785,2022,2023-04-24,204754791
2022-09-CENSUS-0000230355,HNEZN8HPK785,2022,2023-04-24,900347268
2022-09-CENSUS-0000230355,HNEZN8HPK785,2022,2023-04-24,611592249
2022-09-CENSUS-0000230355,HNEZN8HPK785,2022,2023-04-24,271006415
2022-09-CENSUS-0000230355,HNEZN8HPK785,2022,2023-04-24,472752876
2022-09-CENSUS-0000230355,HNEZN8HPK785,2022,2023-04-24,562623875
2022-09-CENSUS-0000230355,HNEZN8HPK785,2022,2023-04-24,464105929
2022-09-CENSUS-0000230355,HNEZN8HPK785,2022,2023-04-24,232754537
2022-09-CENSUS-0000230355,HNEZN8HPK785,2022,2023-04-24,455425869
2022-09-CENSUS-0000230355,HNEZN8HPK785,2022,2023-04-24,222667299
2022-09-CENSUS-0000230355,HNEZN8HPK785,2022,2023-04-24,844394993
2022-09-CENSUS-0000230355,HNEZN8HPK785,2022,2023-04-24,823579645
2022-09-CENSUS-0000230355,HNEZN8HPK785,2022,2023-04-24,863274133
2022-09-CENSUS-0000230355,HNEZN8HPK785,2022,2023-04-24,160991179
2022-12-CENSUS-0000255052,KDKKQZ3EHZB5,2022,2023-07-16,742699478
2022-12-CENSUS-0000255052,KDKKQZ3EHZB5,2022,2023-07-16,742699490
2022-12-CENSUS-0000255052,KDKKQZ3EHZB5,2022,2023-07-16,742699723
2022-12-CENSUS-0000255052,KDKKQZ3EHZB5,2022,2023-07-16,742789886
2022-12-CENSUS-0000255052,KDKKQZ3EHZB5,2022,2023-07-16,202350732
2022-12-CENSUS-0000255052,KDKKQZ3EHZB5,2022,2023-07-16,300614465
2022-12-CENSUS-0000255052,KDKKQZ3EHZB5,2022,2023-07-16,271200807
2022-12-CENSUS-0000255052,KDKKQZ3EHZB5,2022,2023-07-16,331187137
2022-12-CENSUS-0000255052,KDKKQZ3EHZB5,2022,2023-07-16,611900775
2022-12-CENSUS-0000255052,KDKKQZ3EHZB5,2022,2023-07-16,320609203
2022-12-CENSUS-0000059156,J9QRSRJ6K526,2022,2023-09-14,391751381
2022-12-CENSUS-0000182474,FRH2FFME3RM7,2022,2023-06-07,010877201
2022-06-CENSUS-0000184564,CJZSBE449QV4,2022,2023-03-07,251853025
2022-06-CENSUS-0000188828,KENLHJVHVVK8,2022,2023-02-05,611052765
2022-06-CENSUS-0000188828,KENLHJVHVVK8,2022,2023-02-05,161778188
2022-12-CENSUS-0000228060,RFS9HMPNJMS3,2022,2023-07-10,721177207
2022-12-CENSUS-0000244924,XXXXXXXXXXXX,2022,2023-06-28,132976987
2022-12-CENSUS-0000244924,XXXXXXXXXXXX,2022,2023-06-28,352122011
2022-12-CENSUS-0000244924,XXXXXXXXXXXX,2022,2023-06-28,222279167
2022-12-CENSUS-0000244924,XXXXXXXXXXXX,2022,2023-06-28,161167946
2022-12-CENSUS-0000244924,XXXXXXXXXXXX,2022,2023-06-28,161163460
2022-12-CENSUS-0000255462,RLEAK81FEJB7,2022,2023-07-12,841976918
2022-12-CENSUS-0000208141,ZAVGFTD8EN37,2022,2023-06-08,710932560
2022-12-CENSUS-0000208141,ZAVGFTD8EN37,2022,2023-06-08,834334037
2022-06-CENSUS-0000076378,L9HLNE16ZQW5,2022,2023-09-06,030463073
2022-06-CENSUS-0000076378,L9HLNE16ZQW5,2022,2023-09-06,201044089
2022-12-CENSUS-0000079725,KCH2BUJNWEL5,2022,2023-09-25,463985371
2022-12-CENSUS-0000079725,KCH2BUJNWEL5,2022,2023-09-25,800729856
2022-06-CENSUS-0000134720,SJY2L8VHUGS4,2022,2023-03-12,262374576
2022-06-CENSUS-0000134720,SJY2L8VHUGS4,2022,2023-03-12,383721881
2022-06-CENSUS-0000134720,SJY2L8VHUGS4,2022,2023-03-12,811725341
2022-06-CENSUS-0000134720,SJY2L8VHUGS4,2022,2023-03-12,840517947
2022-06-CENSUS-0000134720,SJY2L8VHUGS4,2022,2023-03-12,840559160
2022-06-CENSUS-0000134720,SJY2L8VHUGS4,2022,2023-03-12,840600334
2022-06-CENSUS-0000134720,SJY2L8VHUGS4,2022,2023-03-12,846000542
2022-06-CENSUS-0000134720,SJY2L8VHUGS4,2022,2023-03-12,846000545
2022-06-CENSUS-0000134720,SJY2L8VHUGS4,2022,2023-03-12,846000546
2022-06-CENSUS-0000134720,SJY2L8VHUGS4,2022,2023-03-12,846000551
2022-06-CENSUS-0000134720,SJY2L8VHUGS4,2022,2023-03-12,846000555
2022-06-CENSUS-0000134720,SJY2L8VHUGS4,2022,2023-03-12,846000556
2022-06-CENSUS-0000134720,SJY2L8VHUGS4,2022,2023-03-12,846000558
2022-06-CENSUS-0000134720,SJY2L8VHUGS4,2022,2023-03-12,846000574
2022-06-CENSUS-0000134720,SJY2L8VHUGS4,2022,2023-03-12,846001656
2020-12-CENSUS-0000246050,GSA_MIGRATION,2020,2023-05-08,465420492
2022-06-CENSUS-0000195719,D3KNY3R2ALY6,2022,2023-03-02,460233030
2022-06-CENSUS-0000195719,D3KNY3R2ALY6,2022,2023-03-02,465151247
2022-06-CENSUS-0000116381,K3AHYL5LSR28,2022,2023-06-14,910578229
2022-12-CENSUS-0000195773,XNV6X5K8UB63,2022,2023-09-28,560554230
2022-12-CENSUS-0000195773,XNV6X5K8UB63,2022,2023-09-28,560928089
2022-12-CENSUS-0000195773,XNV6X5K8UB63,2022,2023-09-28,561376368
2022-12-CENSUS-0000195773,XNV6X5K8UB63,2022,2023-09-28,561340424
2022-12-CENSUS-0000195773,XNV6X5K8UB63,2022,2023-09-28,560636250
2022-12-CENSUS-0000195773,XNV6X5K8UB63,2022,2023-09-28,581466368
2022-12-CENSUS-0000195773,XNV6X5K8UB63,2022,2023-09-28,311725913
2022-12-CENSUS-0000195773,XNV6X5K8UB63,2022,2023-09-28,581728803
2022-12-CENSUS-0000195773,XNV6X5K8UB63,2022,2023-09-28,561373175
2022-12-CENSUS-0000195773,XNV6X5K8UB63,2022,2023-09-28,721568954
2022-12-CENSUS-0000195773,XNV6X5K8UB63,2022,2023-09-28,260069792
2022-12-CENSUS-0000195773,XNV6X5K8UB63,2022,2023-09-28,204278130
2022-12-CENSUS-0000195773,XNV6X5K8UB63,2022,2023-09-28,260599536
2022-12-CENSUS-0000195773,XNV6X5K8UB63,2022,2023-09-28,870714098
2022-12-CENSUS-0000195773,XNV6X5K8UB63,2022,2023-09-28,560547479
2022-12-CENSUS-0000195773,XNV6X5K8UB63,2022,2023-09-28,273634811
2022-12-CENSUS-0000195773,XNV6X5K8UB63,2022,2023-09-28,843930503
2022-12-CENSUS-0000195773,XNV6X5K8UB63,2022,2023-09-28,562120959
2022-12-CENSUS-0000195773,XNV6X5K8UB63,2022,2023-09-28,581413074
2022-12-CENSUS-0000195773,XNV6X5K8UB63,2022,2023-09-28,561876341
2022-12-CENSUS-0000195773,XNV6X5K8UB63,2022,2023-09-28,562001223
2022-12-CENSUS-0000195773,XNV6X5K8UB63,2022,2023-09-28,562016235
2022-12-CENSUS-0000195773,XNV6X5K8UB63,2022,2023-09-28,853777599
2022-12-CENSUS-0000195773,XNV6X5K8UB63,2022,2023-09-28,560653348
2022-06-CENSUS-0000161171,FMWCTM24C9J8,2022,2023-06-23,561306049
2022-06-CENSUS-0000129783,V51BY26T73M5,2022,2023-06-27,926000147
2022-06-CENSUS-0000129783,V51BY26T73M5,2022,2023-06-27,920047291
2022-06-CENSUS-0000129783,V51BY26T73M5,2022,2023-06-27,920047921
2022-06-CENSUS-0000212942,DM7JV6MBJNJ7,2022,2023-03-28,710847446
2022-06-CENSUS-0000212942,DM7JV6MBJNJ7,2022,2023-03-28,710666765
2022-06-CENSUS-0000212942,DM7JV6MBJNJ7,2022,2023-03-28,716007391
2022-06-CENSUS-0000212942,DM7JV6MBJNJ7,2022,2023-03-28,716007356
2022-06-CENSUS-0000212942,DM7JV6MBJNJ7,2022,2023-03-28,716018771
2022-06-CENSUS-0000212942,DM7JV6MBJNJ7,2022,2023-03-28,716006567
2022-06-CENSUS-0000212942,DM7JV6MBJNJ7,2022,2023-03-28,716006844
2022-06-CENSUS-0000212942,DM7JV6MBJNJ7,2022,2023-03-28,716000286
2022-06-CENSUS-0000212942,DM7JV6MBJNJ7,2022,2023-03-28,716007749
2022-06-CENSUS-0000212942,DM7JV6MBJNJ7,2022,2023-03-28,710400038
2022-06-CENSUS-0000212942,DM7JV6MBJNJ7,2022,2023-03-28,710421333
2022-06-CENSUS-0000212942,DM7JV6MBJNJ7,2022,2023-03-28,716000556
2022-06-CENSUS-0000212942,DM7JV6MBJNJ7,2022,2023-03-28,621687591
2022-06-CENSUS-0000212942,DM7JV6MBJNJ7,2022,2023-03-28,710855933
2022-06-CENSUS-0000212942,DM7JV6MBJNJ7,2022,2023-03-28,716014834
2022-06-CENSUS-0000212942,DM7JV6MBJNJ7,2022,2023-03-28,716003252
2022-06-CENSUS-0000212942,DM7JV6MBJNJ7,2022,2023-03-28,621712458
2022-06-CENSUS-0000212942,DM7JV6MBJNJ7,2022,2023-03-28,872164679
2022-06-CENSUS-0000212942,DM7JV6MBJNJ7,2022,2023-03-28,743106656
2022-06-CENSUS-0000212942,DM7JV6MBJNJ7,2022,2023-03-28,824868699
2022-06-CENSUS-0000212942,DM7JV6MBJNJ7,2022,2023-03-28,710236904
2022-06-CENSUS-0000212942,DM7JV6MBJNJ7,2022,2023-03-28,716046242
2022-06-CENSUS-0000212942,DM7JV6MBJNJ7,2022,2023-03-28,716008509
2022-06-CENSUS-0000212942,DM7JV6MBJNJ7,2022,2023-03-28,716010030
2022-06-CENSUS-0000212942,DM7JV6MBJNJ7,2022,2023-03-28,716001828
2022-06-CENSUS-0000212942,DM7JV6MBJNJ7,2022,2023-03-28,710392370
2022-06-CENSUS-0000212942,DM7JV6MBJNJ7,2022,2023-03-28,710445264
2022-06-CENSUS-0000212942,DM7JV6MBJNJ7,2022,2023-03-28,710450242
2022-06-CENSUS-0000212942,DM7JV6MBJNJ7,2022,2023-03-28,710445211
2022-06-CENSUS-0000212942,DM7JV6MBJNJ7,2022,2023-03-28,710533838
2022-06-CENSUS-0000212942,DM7JV6MBJNJ7,2022,2023-03-28,710460696
2022-06-CENSUS-0000212942,DM7JV6MBJNJ7,2022,2023-03-28,710451862
2022-06-CENSUS-0000212942,DM7JV6MBJNJ7,2022,2023-03-28,621682626
2022-06-CENSUS-0000212942,DM7JV6MBJNJ7,2022,2023-03-28,710388796
2022-06-CENSUS-0000212942,DM7JV6MBJNJ7,2022,2023-03-28,710444027
2022-06-CENSUS-0000212942,DM7JV6MBJNJ7,2022,2023-03-28,710718948
2022-06-CENSUS-0000212942,DM7JV6MBJNJ7,2022,2023-03-28,710394794
2022-06-CENSUS-0000212942,DM7JV6MBJNJ7,2022,2023-03-28,710685540
2022-06-CENSUS-0000212942,DM7JV6MBJNJ7,2022,2023-03-28,716007041
2022-06-CENSUS-0000212942,DM7JV6MBJNJ7,2022,2023-03-28,710397783
2022-06-CENSUS-0000212942,DM7JV6MBJNJ7,2022,2023-03-28,710497135
2022-06-CENSUS-0000212942,DM7JV6MBJNJ7,2022,2023-03-28,710503641
2022-06-CENSUS-0000212942,DM7JV6MBJNJ7,2022,2023-03-28,716007197
2022-06-CENSUS-0000212942,DM7JV6MBJNJ7,2022,2023-03-28,716006766
2022-06-CENSUS-0000212942,DM7JV6MBJNJ7,2022,2023-03-28,710351144
2022-06-CENSUS-0000212942,DM7JV6MBJNJ7,2022,2023-03-28,710546049
2022-06-CENSUS-0000212942,DM7JV6MBJNJ7,2022,2023-03-28,716006164
2022-06-CENSUS-0000212942,DM7JV6MBJNJ7,2022,2023-03-28,716006449
2022-06-CENSUS-0000212942,DM7JV6MBJNJ7,2022,2023-03-28,716020143
2022-06-CENSUS-0000212942,DM7JV6MBJNJ7,2022,2023-03-28,716014466
2022-06-CENSUS-0000212942,DM7JV6MBJNJ7,2022,2023-03-28,716007358
2022-06-CENSUS-0000212942,DM7JV6MBJNJ7,2022,2023-03-28,710416918
2022-06-CENSUS-0000212942,DM7JV6MBJNJ7,2022,2023-03-28,710445507
2022-06-CENSUS-0000212942,DM7JV6MBJNJ7,2022,2023-03-28,710411511
2022-06-CENSUS-0000212942,DM7JV6MBJNJ7,2022,2023-03-28,710443460
2022-06-CENSUS-0000212942,DM7JV6MBJNJ7,2022,2023-03-28,710353619
2022-06-CENSUS-0000212942,DM7JV6MBJNJ7,2022,2023-03-28,716047504
2022-06-CENSUS-0000212942,DM7JV6MBJNJ7,2022,2023-03-28,710411512
2022-06-CENSUS-0000212942,DM7JV6MBJNJ7,2022,2023-03-28,716007389
2022-06-CENSUS-0000212942,DM7JV6MBJNJ7,2022,2023-03-28,710389752
2022-06-CENSUS-0000212942,DM7JV6MBJNJ7,2022,2023-03-28,710422536
2022-06-CENSUS-0000212942,DM7JV6MBJNJ7,2022,2023-03-28,716043654
2022-06-CENSUS-0000212942,DM7JV6MBJNJ7,2022,2023-03-28,716006690
2022-06-CENSUS-0000212942,DM7JV6MBJNJ7,2022,2023-03-28,710582119
2022-06-CENSUS-0000212942,DM7JV6MBJNJ7,2022,2023-03-28,710847743
2022-06-CENSUS-0000212942,DM7JV6MBJNJ7,2022,2023-03-28,710546952
2022-06-CENSUS-0000212942,DM7JV6MBJNJ7,2022,2023-03-28,710463305
2022-06-CENSUS-0000212942,DM7JV6MBJNJ7,2022,2023-03-28,716043948
2022-06-CENSUS-0000181658,DXEZB37UP7Q9,2022,2023-03-28,060772160
2022-06-CENSUS-0000181658,DXEZB37UP7Q9,2022,2023-03-28,060775515
2022-06-CENSUS-0000181658,DXEZB37UP7Q9,2022,2023-03-28,061267035
2022-06-CENSUS-0000181658,DXEZB37UP7Q9,2022,2023-03-28,061268137
2022-06-CENSUS-0000181658,DXEZB37UP7Q9,2022,2023-03-28,061269050
2022-06-CENSUS-0000181658,DXEZB37UP7Q9,2022,2023-03-28,061274678
2022-06-CENSUS-0000181658,DXEZB37UP7Q9,2022,2023-03-28,061277236
2022-06-CENSUS-0000181658,DXEZB37UP7Q9,2022,2023-03-28,061277820
2022-06-CENSUS-0000181658,DXEZB37UP7Q9,2022,2023-03-28,061303381
2022-06-CENSUS-0000181658,DXEZB37UP7Q9,2022,2023-03-28,061304421
2022-06-CENSUS-0000181658,DXEZB37UP7Q9,2022,2023-03-28,061307006
2022-06-CENSUS-0000181658,DXEZB37UP7Q9,2022,2023-03-28,061311451
2022-06-CENSUS-0000181658,DXEZB37UP7Q9,2022,2023-03-28,061322094
2022-06-CENSUS-0000181658,DXEZB37UP7Q9,2022,2023-03-28,061355055
2022-06-CENSUS-0000181658,DXEZB37UP7Q9,2022,2023-03-28,061359687
2022-06-CENSUS-0000181658,DXEZB37UP7Q9,2022,2023-03-28,061360755
2022-06-CENSUS-0000181658,DXEZB37UP7Q9,2022,2023-03-28,061363115
2022-06-CENSUS-0000181658,DXEZB37UP7Q9,2022,2023-03-28,061367424
2022-06-CENSUS-0000181658,DXEZB37UP7Q9,2022,2023-03-28,061380598
2022-06-CENSUS-0000181658,DXEZB37UP7Q9,2022,2023-03-28,061398052
2022-06-CENSUS-0000181658,DXEZB37UP7Q9,2022,2023-03-28,061422762
2022-06-CENSUS-0000181658,DXEZB37UP7Q9,2022,2023-03-28,061423798
2022-06-CENSUS-0000181658,DXEZB37UP7Q9,2022,2023-03-28,061424839
2022-06-CENSUS-0000181658,DXEZB37UP7Q9,2022,2023-03-28,061425662
2022-06-CENSUS-0000181658,DXEZB37UP7Q9,2022,2023-03-28,061425725
2022-06-CENSUS-0000181658,DXEZB37UP7Q9,2022,2023-03-28,061438676
2022-06-CENSUS-0000181658,DXEZB37UP7Q9,2022,2023-03-28,066268897
2022-06-CENSUS-0000181658,DXEZB37UP7Q9,2022,2023-03-28,134310869
2022-06-CENSUS-0000181658,DXEZB37UP7Q9,2022,2023-03-28,272143014
2022-06-CENSUS-0000181658,DXEZB37UP7Q9,2022,2023-03-28,300566789
2022-06-CENSUS-0000181658,DXEZB37UP7Q9,2022,2023-03-28,320159889
2022-06-CENSUS-0000181658,DXEZB37UP7Q9,2022,2023-03-28,320410548
2022-06-CENSUS-0000181658,DXEZB37UP7Q9,2022,2023-03-28,352343776
2022-06-CENSUS-0000181658,DXEZB37UP7Q9,2022,2023-03-28,371602528
2022-06-CENSUS-0000181658,DXEZB37UP7Q9,2022,2023-03-28,371602533
2022-06-CENSUS-0000181658,DXEZB37UP7Q9,2022,2023-03-28,421678331
2022-06-CENSUS-0000181658,DXEZB37UP7Q9,2022,2023-03-28,452593877
2022-06-CENSUS-0000181658,DXEZB37UP7Q9,2022,2023-03-28,452746525
2022-06-CENSUS-0000181658,DXEZB37UP7Q9,2022,2023-03-28,454078714
2022-06-CENSUS-0000181658,DXEZB37UP7Q9,2022,2023-03-28,462796782
2022-06-CENSUS-0000181658,DXEZB37UP7Q9,2022,2023-03-28,463092102
2022-06-CENSUS-0000181658,DXEZB37UP7Q9,2022,2023-03-28,521725543
2022-06-CENSUS-0000181658,DXEZB37UP7Q9,2022,2023-03-28,593787310
2022-06-CENSUS-0000181658,DXEZB37UP7Q9,2022,2023-03-28,611605584
2022-06-CENSUS-0000181658,DXEZB37UP7Q9,2022,2023-03-28,611615965
2022-06-CENSUS-0000181658,DXEZB37UP7Q9,2022,2023-03-28,611615971
2022-06-CENSUS-0000181658,DXEZB37UP7Q9,2022,2023-03-28,611615972
2022-06-CENSUS-0000181658,DXEZB37UP7Q9,2022,2023-03-28,760729241
2022-06-CENSUS-0000181658,DXEZB37UP7Q9,2022,2023-03-28,861154163
2022-06-CENSUS-0000237887,DPVENJ1U3T56,2022,2023-03-30,710236913
2022-06-CENSUS-0000237887,DPVENJ1U3T56,2022,2023-03-30,951802779
2022-06-CENSUS-0000237887,DPVENJ1U3T56,2022,2023-03-30,450226711
2022-06-CENSUS-0000237887,DPVENJ1U3T56,2022,2023-03-30,910653422
2022-06-CENSUS-0000237887,DPVENJ1U3T56,2022,2023-03-30,815009488
2022-06-CENSUS-0000237887,DPVENJ1U3T56,2022,2023-03-30,450227311
2022-06-CENSUS-0000237887,DPVENJ1U3T56,2022,2023-03-30,420776568
2022-06-CENSUS-0000237887,DPVENJ1U3T56,2022,2023-03-30,420782518
2022-06-CENSUS-0000237887,DPVENJ1U3T56,2022,2023-03-30,470443636
2022-06-CENSUS-0000237887,DPVENJ1U3T56,2022,2023-03-30,470379836
2022-06-CENSUS-0000237887,DPVENJ1U3T56,2022,2023-03-30,271050565
2022-06-CENSUS-0000237887,DPVENJ1U3T56,2022,2023-03-30,270930004
2022-06-CENSUS-0000237887,DPVENJ1U3T56,2022,2023-03-30,470379755
2022-06-CENSUS-0000237887,DPVENJ1U3T56,2022,2023-03-30,237115371
2022-06-CENSUS-0000237887,DPVENJ1U3T56,2022,2023-03-30,941196203
2022-06-CENSUS-0000237887,DPVENJ1U3T56,2022,2023-03-30,462037641
2022-06-CENSUS-0000237887,DPVENJ1U3T56,2022,2023-03-30,680220314
2022-06-CENSUS-0000237887,DPVENJ1U3T56,2022,2023-03-30,611345363
2022-06-CENSUS-0000237887,DPVENJ1U3T56,2022,2023-03-30,562351341
2022-06-CENSUS-0000237887,DPVENJ1U3T56,2022,2023-03-30,911939739
2022-06-CENSUS-0000237887,DPVENJ1U3T56,2022,2023-03-30,031778403
2022-06-CENSUS-0000237887,DPVENJ1U3T56,2022,2023-03-30,410695603
2022-06-CENSUS-0000237887,DPVENJ1U3T56,2022,2023-03-30,410754834
2022-06-CENSUS-0000237887,DPVENJ1U3T56,2022,2023-03-30,820558836
2022-06-CENSUS-0000237887,DPVENJ1U3T56,2022,2023-03-30,710245507
2022-06-CENSUS-0000237887,DPVENJ1U3T56,2022,2023-03-30,680127677
2022-06-CENSUS-0000237887,DPVENJ1U3T56,2022,2023-03-30,620532345
2022-06-CENSUS-0000237887,DPVENJ1U3T56,2022,2023-03-30,421511682
2022-06-CENSUS-0000237887,DPVENJ1U3T56,2022,2023-03-30,770201321
2022-06-CENSUS-0000237887,DPVENJ1U3T56,2022,2023-03-30,410721642
2022-06-CENSUS-0000237887,DPVENJ1U3T56,2022,2023-03-30,450226553
2022-06-CENSUS-0000237887,DPVENJ1U3T56,2022,2023-03-30,450227012
2022-06-CENSUS-0000237887,DPVENJ1U3T56,2022,2023-03-30,420680308
2022-06-CENSUS-0000237887,DPVENJ1U3T56,2022,2023-03-30,420680448
2022-06-CENSUS-0000237887,DPVENJ1U3T56,2022,2023-03-30,421323808
2022-06-CENSUS-0000237887,DPVENJ1U3T56,2022,2023-03-30,421470935
2022-06-CENSUS-0000237887,DPVENJ1U3T56,2022,2023-03-30,450231183
2022-06-CENSUS-0000237887,DPVENJ1U3T56,2022,2023-03-30,237444901
2022-06-CENSUS-0000237887,DPVENJ1U3T56,2022,2023-03-30,450231675
2022-06-CENSUS-0000237887,DPVENJ1U3T56,2022,2023-03-30,930391614
2022-06-CENSUS-0000237887,DPVENJ1U3T56,2022,2023-03-30,941156295
2022-06-CENSUS-0000237887,DPVENJ1U3T56,2022,2023-03-30,936088946
2022-06-CENSUS-0000237887,DPVENJ1U3T56,2022,2023-03-30,941439787
2022-06-CENSUS-0000237887,DPVENJ1U3T56,2022,2023-03-30,260152877
2022-06-CENSUS-0000237887,DPVENJ1U3T56,2022,2023-03-30,611159649
2022-06-CENSUS-0000237887,DPVENJ1U3T56,2022,2023-03-30,450226429
2022-06-CENSUS-0000237887,DPVENJ1U3T56,2022,2023-03-30,450227752
2022-06-CENSUS-0000237887,DPVENJ1U3T56,2022,2023-03-30,710521904
2022-06-CENSUS-0000237887,DPVENJ1U3T56,2022,2023-03-30,272884584
2022-06-CENSUS-0000237887,DPVENJ1U3T56,2022,2023-03-30,410695598
2022-06-CENSUS-0000237887,DPVENJ1U3T56,2022,2023-03-30,760536232
2022-06-CENSUS-0000237887,DPVENJ1U3T56,2022,2023-03-30,410758434
2022-06-CENSUS-0000237887,DPVENJ1U3T56,2022,2023-03-30,340714474
2022-06-CENSUS-0000237887,DPVENJ1U3T56,2022,2023-03-30,341522484
2022-06-CENSUS-0000237887,DPVENJ1U3T56,2022,2023-03-30,910565539
2022-06-CENSUS-0000237887,DPVENJ1U3T56,2022,2023-03-30,341892096
2022-06-CENSUS-0000237887,DPVENJ1U3T56,2022,2023-03-30,341931806
2022-06-CENSUS-0000237887,DPVENJ1U3T56,2022,2023-03-30,341940863
2022-06-CENSUS-0000237887,DPVENJ1U3T56,2022,2023-03-30,410729978
2022-06-CENSUS-0000237887,DPVENJ1U3T56,2022,2023-03-30,270163752
2022-06-CENSUS-0000237887,DPVENJ1U3T56,2022,2023-03-30,951643373
2022-06-CENSUS-0000237887,DPVENJ1U3T56,2022,2023-03-30,840405257
2022-06-CENSUS-0000237887,DPVENJ1U3T56,2022,2023-03-30,840460697
2022-06-CENSUS-0000237887,DPVENJ1U3T56,2022,2023-03-30,840902211
2022-06-CENSUS-0000237887,DPVENJ1U3T56,2022,2023-03-30,261947374
2022-06-CENSUS-0000237887,DPVENJ1U3T56,2022,2023-03-30,263734606
2022-06-CENSUS-0000237887,DPVENJ1U3T56,2022,2023-03-30,273280598
2022-06-CENSUS-0000237887,DPVENJ1U3T56,2022,2023-03-30,341842025
2022-06-CENSUS-0000237887,DPVENJ1U3T56,2022,2023-03-30,470376601
2022-06-CENSUS-0000237887,DPVENJ1U3T56,2022,2023-03-30,470757164
2022-06-CENSUS-0000237887,DPVENJ1U3T56,2022,2023-03-30,741282696
2022-06-CENSUS-0000237887,DPVENJ1U3T56,2022,2023-03-30,611334601
2022-06-CENSUS-0000237887,DPVENJ1U3T56,2022,2023-03-30,741161938
2022-06-CENSUS-0000237887,DPVENJ1U3T56,2022,2023-03-30,752663904
2022-06-CENSUS-0000237887,DPVENJ1U3T56,2022,2023-03-30,910712166
2022-06-CENSUS-0000237887,DPVENJ1U3T56,2022,2023-03-30,910715805
2022-06-CENSUS-0000237887,DPVENJ1U3T56,2022,2023-03-30,911267921
2022-06-CENSUS-0000237887,DPVENJ1U3T56,2022,2023-03-30,311158699
2022-06-CENSUS-0000237887,DPVENJ1U3T56,2022,2023-03-30,833536760
2022-06-CENSUS-0000237887,DPVENJ1U3T56,2022,2023-03-30,341658625
2022-06-CENSUS-0000237887,DPVENJ1U3T56,2022,2023-03-30,610654635
2022-06-CENSUS-0000237887,DPVENJ1U3T56,2022,2023-03-30,084040257
2022-06-CENSUS-0000237887,DPVENJ1U3T56,2022,2023-03-30,480543721
2022-06-CENSUS-0000237887,DPVENJ1U3T56,2022,2023-03-30,910564491
2022-06-CENSUS-0000237887,DPVENJ1U3T56,2022,2023-03-30,930386868
2022-06-CENSUS-0000237887,DPVENJ1U3T56,2022,2023-03-30,710236917
2022-06-CENSUS-0000237887,DPVENJ1U3T56,2022,2023-03-30,260438748
2022-06-CENSUS-0000237887,DPVENJ1U3T56,2022,2023-03-30,470399853
2022-06-CENSUS-0000237887,DPVENJ1U3T56,2022,2023-03-30,471587223
2022-06-CENSUS-0000237887,DPVENJ1U3T56,2022,2023-03-30,470376615
2022-06-CENSUS-0000237887,DPVENJ1U3T56,2022,2023-03-30,275401105
2022-06-CENSUS-0000146632,D3LYFCJXMRS5,2022,2023-05-30,113676409
2022-06-CENSUS-0000146632,D3LYFCJXMRS5,2022,2023-05-30,204275997
2022-06-CENSUS-0000146632,D3LYFCJXMRS5,2022,2023-05-30,204276153
2022-06-CENSUS-0000146632,D3LYFCJXMRS5,2022,2023-05-30,208104376
2022-06-CENSUS-0000146632,D3LYFCJXMRS5,2022,2023-05-30,272822982
2022-06-CENSUS-0000146632,D3LYFCJXMRS5,2022,2023-05-30,272961167
2022-06-CENSUS-0000146632,D3LYFCJXMRS5,2022,2023-05-30,272991664
2022-06-CENSUS-0000146632,D3LYFCJXMRS5,2022,2023-05-30,300636591
2022-06-CENSUS-0000146632,D3LYFCJXMRS5,2022,2023-05-30,364841195
2022-06-CENSUS-0000146632,D3LYFCJXMRS5,2022,2023-05-30,720650883
2022-06-CENSUS-0000146632,D3LYFCJXMRS5,2022,2023-05-30,720702000
2022-06-CENSUS-0000146632,D3LYFCJXMRS5,2022,2023-05-30,720702001
2022-06-CENSUS-0000146632,D3LYFCJXMRS5,2022,2023-05-30,720702002
2022-06-CENSUS-0000146632,D3LYFCJXMRS5,2022,2023-05-30,720724657
2022-06-CENSUS-0000146632,D3LYFCJXMRS5,2022,2023-05-30,720772772
2022-06-CENSUS-0000146632,D3LYFCJXMRS5,2022,2023-05-30,720805459
2022-06-CENSUS-0000146632,D3LYFCJXMRS5,2022,2023-05-30,720807104
2022-06-CENSUS-0000146632,D3LYFCJXMRS5,2022,2023-05-30,720817127
2022-06-CENSUS-0000146632,D3LYFCJXMRS5,2022,2023-05-30,720827361
2022-06-CENSUS-0000146632,D3LYFCJXMRS5,2022,2023-05-30,720830237
2022-06-CENSUS-0000146632,D3LYFCJXMRS5,2022,2023-05-30,720866125
2022-06-CENSUS-0000146632,D3LYFCJXMRS5,2022,2023-05-30,720866236
2022-06-CENSUS-0000146632,D3LYFCJXMRS5,2022,2023-05-30,720999270
2022-06-CENSUS-0000146632,D3LYFCJXMRS5,2022,2023-05-30,721215360
2022-06-CENSUS-0000146632,D3LYFCJXMRS5,2022,2023-05-30,721217833
2022-06-CENSUS-0000146632,D3LYFCJXMRS5,2022,2023-05-30,721333380
2022-06-CENSUS-0000146632,D3LYFCJXMRS5,2022,2023-05-30,721334786
2022-06-CENSUS-0000146632,D3LYFCJXMRS5,2022,2023-05-30,721380259
2022-06-CENSUS-0000146632,D3LYFCJXMRS5,2022,2023-05-30,721424618
2022-06-CENSUS-0000146632,D3LYFCJXMRS5,2022,2023-05-30,721425264
2022-06-CENSUS-0000146632,D3LYFCJXMRS5,2022,2023-05-30,721441777
2022-06-CENSUS-0000146632,D3LYFCJXMRS5,2022,2023-05-30,721506851
2022-06-CENSUS-0000146632,D3LYFCJXMRS5,2022,2023-05-30,726000722
2022-06-CENSUS-0000146632,D3LYFCJXMRS5,2022,2023-05-30,726000736
2022-06-CENSUS-0000146632,D3LYFCJXMRS5,2022,2023-05-30,726000745
2022-06-CENSUS-0000146632,D3LYFCJXMRS5,2022,2023-05-30,726000747
2022-06-CENSUS-0000146632,D3LYFCJXMRS5,2022,2023-05-30,726000748
2022-06-CENSUS-0000146632,D3LYFCJXMRS5,2022,2023-05-30,726000751
2022-06-CENSUS-0000146632,D3LYFCJXMRS5,2022,2023-05-30,726000755
2022-06-CENSUS-0000146632,D3LYFCJXMRS5,2022,2023-05-30,726000774
2022-06-CENSUS-0000146632,D3LYFCJXMRS5,2022,2023-05-30,726000783
2022-06-CENSUS-0000146632,D3LYFCJXMRS5,2022,2023-05-30,726000792
2022-06-CENSUS-0000146632,D3LYFCJXMRS5,2022,2023-05-30,726000800
2022-06-CENSUS-0000146632,D3LYFCJXMRS5,2022,2023-05-30,726000816
2022-06-CENSUS-0000146632,D3LYFCJXMRS5,2022,2023-05-30,726000817
2022-06-CENSUS-0000146632,D3LYFCJXMRS5,2022,2023-05-30,726000820
2022-06-CENSUS-0000146632,D3LYFCJXMRS5,2022,2023-05-30,726000821
2022-06-CENSUS-0000146632,D3LYFCJXMRS5,2022,2023-05-30,726000838
2022-06-CENSUS-0000146632,D3LYFCJXMRS5,2022,2023-05-30,726000840
2022-06-CENSUS-0000146632,D3LYFCJXMRS5,2022,2023-05-30,726000846
2022-06-CENSUS-0000146632,D3LYFCJXMRS5,2022,2023-05-30,726000848
2022-06-CENSUS-0000146632,D3LYFCJXMRS5,2022,2023-05-30,726001688
2022-06-CENSUS-0000146632,D3LYFCJXMRS5,2022,2023-05-30,726001695
2022-06-CENSUS-0000146632,D3LYFCJXMRS5,2022,2023-05-30,726002013
2022-06-CENSUS-0000146632,D3LYFCJXMRS5,2022,2023-05-30,726011595
2022-06-CENSUS-0000146632,D3LYFCJXMRS5,2022,2023-05-30,726011665
2022-06-CENSUS-0000146632,D3LYFCJXMRS5,2022,2023-05-30,726011797
2022-06-CENSUS-0000146632,D3LYFCJXMRS5,2022,2023-05-30,726012995
2022-06-CENSUS-0000146632,D3LYFCJXMRS5,2022,2023-05-30,726087770
2022-06-CENSUS-0000146632,D3LYFCJXMRS5,2022,2023-05-30,841671064
2022-06-CENSUS-0000146632,D3LYFCJXMRS5,2022,2023-05-30,841702974
2020-06-CENSUS-0000256695,GSA_MIGRATION,2020,2023-01-19,510217097
2022-06-CENSUS-0000008526,WRQFCE7SF3G9,2022,2023-03-30,113307242
2022-12-CENSUS-0000239085,LUJ1ML35NQ68,2022,2023-09-04,350877574
2022-12-CENSUS-0000239085,LUJ1ML35NQ68,2022,2023-09-04,350868132
2022-12-CENSUS-0000239085,LUJ1ML35NQ68,2022,2023-09-04,351536132
2022-12-CENSUS-0000239085,LUJ1ML35NQ68,2022,2023-09-04,350835006
2022-12-CENSUS-0000239085,LUJ1ML35NQ68,2022,2023-09-04,451257972
2022-06-CENSUS-0000198212,D7L7MVLWMPD6,2022,2023-02-27,830322819
2022-12-CENSUS-0000019913,JKL6PFR6MYK7,2022,2023-08-28,161406204
2022-09-CENSUS-0000000202,MAYKB1LWD5U9,2022,2023-06-26,010382340
2022-09-CENSUS-0000000202,MAYKB1LWD5U9,2022,2023-06-26,222571902
2022-09-CENSUS-0000000202,MAYKB1LWD5U9,2022,2023-06-26,020222156
2022-09-CENSUS-0000000202,MAYKB1LWD5U9,2022,2023-06-26,010511356
2022-09-CENSUS-0000000202,MAYKB1LWD5U9,2022,2023-06-26,010213976
2022-09-CENSUS-0000000202,MAYKB1LWD5U9,2022,2023-06-26,010339489
2022-09-CENSUS-0000000202,MAYKB1LWD5U9,2022,2023-06-26,010442142
2022-09-CENSUS-0000000202,MAYKB1LWD5U9,2022,2023-06-26,010215911
2022-09-CENSUS-0000000202,MAYKB1LWD5U9,2022,2023-06-26,010496221
2022-06-CENSUS-0000175013,Z17TDWP12G31,2022,2023-03-16,876112280
2022-06-CENSUS-0000175013,Z17TDWP12G31,2022,2023-03-16,087294483
2022-06-CENSUS-0000175013,Z17TDWP12G31,2022,2023-03-16,087342144
2022-06-CENSUS-0000175013,Z17TDWP12G31,2022,2023-03-16,203212820
2022-06-CENSUS-0000175013,Z17TDWP12G31,2022,2023-03-16,412126821
2022-06-CENSUS-0000175013,Z17TDWP12G31,2022,2023-03-16,087381952
2022-06-CENSUS-0000175013,Z17TDWP12G31,2022,2023-03-16,876000448
2022-06-CENSUS-0000175013,Z17TDWP12G31,2022,2023-03-16,876000517
2022-06-CENSUS-0000175013,Z17TDWP12G31,2022,2023-03-16,876000481
2022-06-CENSUS-0000175013,Z17TDWP12G31,2022,2023-03-16,087742514
2022-06-CENSUS-0000175013,Z17TDWP12G31,2022,2023-03-16,087632052
2022-06-CENSUS-0000175013,Z17TDWP12G31,2022,2023-03-16,087293396
2022-06-CENSUS-0000175013,Z17TDWP12G31,2022,2023-03-16,876000525
2022-06-CENSUS-0000175013,Z17TDWP12G31,2022,2023-03-16,876000528
2022-06-CENSUS-0000175013,Z17TDWP12G31,2022,2023-03-16,087276385
2022-06-CENSUS-0000175013,Z17TDWP12G31,2022,2023-03-16,876000488
2022-06-CENSUS-0000175013,Z17TDWP12G31,2022,2023-03-16,087280648
2022-06-CENSUS-0000175013,Z17TDWP12G31,2022,2023-03-16,876000535
2022-12-CENSUS-0000063579,Y2K4F9RPRRG7,2022,2023-08-08,390806374
2022-12-CENSUS-0000063579,Y2K4F9RPRRG7,2022,2023-08-08,391411999
2022-12-CENSUS-0000063579,Y2K4F9RPRRG7,2022,2023-08-08,411236756
2022-12-CENSUS-0000063579,Y2K4F9RPRRG7,2022,2023-08-08,411404075
2022-12-CENSUS-0000063579,Y2K4F9RPRRG7,2022,2023-08-08,390813418
2022-12-CENSUS-0000063579,Y2K4F9RPRRG7,2022,2023-08-08,860800150
2022-12-CENSUS-0000063579,Y2K4F9RPRRG7,2022,2023-08-08,391029430
2022-12-CENSUS-0000063579,Y2K4F9RPRRG7,2022,2023-08-08,593337028
2022-12-CENSUS-0000063579,Y2K4F9RPRRG7,2022,2023-08-08,590714831
2022-12-CENSUS-0000063579,Y2K4F9RPRRG7,2022,2023-08-08,510190875
2022-12-CENSUS-0000063579,Y2K4F9RPRRG7,2022,2023-08-08,411506440
2022-12-CENSUS-0000063579,Y2K4F9RPRRG7,2022,2023-08-08,391409024
2022-12-CENSUS-0000063579,Y2K4F9RPRRG7,2022,2023-08-08,391450617
2022-12-CENSUS-0000063579,Y2K4F9RPRRG7,2022,2023-08-08,391735831
2022-06-CENSUS-0000250736,LBWAEWNDE438,2022,2023-03-21,521132992
2022-06-CENSUS-0000250736,LBWAEWNDE438,2022,2023-03-21,520591600
2022-06-CENSUS-0000250736,LBWAEWNDE438,2022,2023-03-21,520608007
2022-06-CENSUS-0000250736,LBWAEWNDE438,2022,2023-03-21,520591607
2022-06-CENSUS-0000250736,LBWAEWNDE438,2022,2023-03-21,520491660
2022-06-CENSUS-0000250736,LBWAEWNDE438,2022,2023-03-21,521542230
2022-06-CENSUS-0000250736,LBWAEWNDE438,2022,2023-03-21,522218584
2022-06-CENSUS-0000250736,LBWAEWNDE438,2022,2023-03-21,526056274
2022-06-CENSUS-0000250736,LBWAEWNDE438,2022,2023-03-21,460726303
2022-06-CENSUS-0000250736,LBWAEWNDE438,2022,2023-03-21,462700536
2022-06-CENSUS-0000250736,LBWAEWNDE438,2022,2023-03-21,520646893
2022-06-CENSUS-0000250736,LBWAEWNDE438,2022,2023-03-21,521366812
2022-06-CENSUS-0000250736,LBWAEWNDE438,2022,2023-03-21,521369749
2022-06-CENSUS-0000250736,LBWAEWNDE438,2022,2023-03-21,520619006
2022-06-CENSUS-0000250736,LBWAEWNDE438,2022,2023-03-21,520591685
2022-06-CENSUS-0000250736,LBWAEWNDE438,2022,2023-03-21,521332411
2022-06-CENSUS-0000250736,LBWAEWNDE438,2022,2023-03-21,521272129
2022-06-CENSUS-0000250736,LBWAEWNDE438,2022,2023-03-21,521104382
2022-06-CENSUS-0000131807,JW7YN4NDAHC1,2022,2023-03-21,680282413
2022-06-CENSUS-0000131807,JW7YN4NDAHC1,2022,2023-03-21,680338225
2022-06-CENSUS-0000131807,JW7YN4NDAHC1,2022,2023-03-21,330373293
2022-06-CENSUS-0000131807,JW7YN4NDAHC1,2022,2023-03-21,770207337
2022-06-CENSUS-0000131807,JW7YN4NDAHC1,2022,2023-03-21,770314545
2022-06-CENSUS-0000131807,JW7YN4NDAHC1,2022,2023-03-21,931150363
2022-06-CENSUS-0000131807,JW7YN4NDAHC1,2022,2023-03-21,912153805
2022-06-CENSUS-0000131807,JW7YN4NDAHC1,2022,2023-03-21,931137247
2022-06-CENSUS-0000131807,JW7YN4NDAHC1,2022,2023-03-21,911785970
2022-06-CENSUS-0000131807,JW7YN4NDAHC1,2022,2023-03-21,330644150
2022-06-CENSUS-0000131807,JW7YN4NDAHC1,2022,2023-03-21,680316355
2022-06-CENSUS-0000131807,JW7YN4NDAHC1,2022,2023-03-21,954255659
2022-06-CENSUS-0000131807,JW7YN4NDAHC1,2022,2023-03-21,770414438
2022-06-CENSUS-0000131807,JW7YN4NDAHC1,2022,2023-03-21,680219874
2022-06-CENSUS-0000131807,JW7YN4NDAHC1,2022,2023-03-21,931043787
2022-06-CENSUS-0000131807,JW7YN4NDAHC1,2022,2023-03-21,330632102
2022-06-CENSUS-0000131807,JW7YN4NDAHC1,2022,2023-03-21,680365325
2022-06-CENSUS-0000131807,JW7YN4NDAHC1,2022,2023-03-21,954386558
2022-06-CENSUS-0000131807,JW7YN4NDAHC1,2022,2023-03-21,954358677
2022-06-CENSUS-0000131807,JW7YN4NDAHC1,2022,2023-03-21,946390556
2022-06-CENSUS-0000131807,JW7YN4NDAHC1,2022,2023-03-21,770217681
2022-06-CENSUS-0000131807,JW7YN4NDAHC1,2022,2023-03-21,330535371
2022-06-CENSUS-0000131807,JW7YN4NDAHC1,2022,2023-03-21,770209717
2022-06-CENSUS-0000166054,H8F3KZ3X4LC3,2022,2023-04-30,930600166
2022-06-CENSUS-0000136063,LR3CBBHMAXM5,2022,2023-03-29,591209033
2022-06-CENSUS-0000136063,LR3CBBHMAXM5,2022,2023-03-29,593102112
2022-06-CENSUS-0000136063,LR3CBBHMAXM5,2022,2023-03-29,593462720
2022-06-CENSUS-0000136063,LR3CBBHMAXM5,2022,2023-03-29,593502843
2022-06-CENSUS-0000136063,LR3CBBHMAXM5,2022,2023-03-29,650177616
2022-06-CENSUS-0000136063,LR3CBBHMAXM5,2022,2023-03-29,650385507
2022-06-CENSUS-0000136063,LR3CBBHMAXM5,2022,2023-03-29,020556268
2022-06-CENSUS-0000136063,LR3CBBHMAXM5,2022,2023-03-29,020556502
2022-06-CENSUS-0000136063,LR3CBBHMAXM5,2022,2023-03-29,020757340
2022-06-CENSUS-0000136063,LR3CBBHMAXM5,2022,2023-03-29,043613342
2022-06-CENSUS-0000136063,LR3CBBHMAXM5,2022,2023-03-29,272818119
2022-06-CENSUS-0000136063,LR3CBBHMAXM5,2022,2023-03-29,331112045
2022-06-CENSUS-0000136063,LR3CBBHMAXM5,2022,2023-03-29,352519664
2022-06-CENSUS-0000136063,LR3CBBHMAXM5,2022,2023-03-29,364706134
2022-06-CENSUS-0000136063,LR3CBBHMAXM5,2022,2023-03-29,460764837
2022-06-CENSUS-0000136063,LR3CBBHMAXM5,2022,2023-03-29,510645404
2022-06-CENSUS-0000136063,LR3CBBHMAXM5,2022,2023-03-29,510645406
2022-06-CENSUS-0000136063,LR3CBBHMAXM5,2022,2023-03-29,510645408
2022-06-CENSUS-0000136063,LR3CBBHMAXM5,2022,2023-03-29,510645411
2022-06-CENSUS-0000136063,LR3CBBHMAXM5,2022,2023-03-29,510645413
2022-06-CENSUS-0000136063,LR3CBBHMAXM5,2022,2023-03-29,521619721
2022-06-CENSUS-0000136063,LR3CBBHMAXM5,2022,2023-03-29,590920675
2022-06-CENSUS-0000136063,LR3CBBHMAXM5,2022,2023-03-29,590971286
2022-06-CENSUS-0000136063,LR3CBBHMAXM5,2022,2023-03-29,590977035
2022-06-CENSUS-0000136063,LR3CBBHMAXM5,2022,2023-03-29,591003668
2022-06-CENSUS-0000136063,LR3CBBHMAXM5,2022,2023-03-29,591033399
2022-06-CENSUS-0000136063,LR3CBBHMAXM5,2022,2023-03-29,591141270
2022-06-CENSUS-0000136063,LR3CBBHMAXM5,2022,2023-03-29,591149317
2022-06-CENSUS-0000136063,LR3CBBHMAXM5,2022,2023-03-29,591206516
2022-06-CENSUS-0000136063,LR3CBBHMAXM5,2022,2023-03-29,591207555
2022-06-CENSUS-0000136063,LR3CBBHMAXM5,2022,2023-03-29,591207627
2022-06-CENSUS-0000136063,LR3CBBHMAXM5,2022,2023-03-29,591208155
2022-06-CENSUS-0000136063,LR3CBBHMAXM5,2022,2023-03-29,591209205
2022-06-CENSUS-0000136063,LR3CBBHMAXM5,2022,2023-03-29,591210132
2022-06-CENSUS-0000136063,LR3CBBHMAXM5,2022,2023-03-29,591210158
2022-06-CENSUS-0000136063,LR3CBBHMAXM5,2022,2023-03-29,591210485
2022-06-CENSUS-0000136063,LR3CBBHMAXM5,2022,2023-03-29,591211051
2022-06-CENSUS-0000136063,LR3CBBHMAXM5,2022,2023-03-29,591211226
2022-06-CENSUS-0000136063,LR3CBBHMAXM5,2022,2023-03-29,591211489
2022-06-CENSUS-0000136063,LR3CBBHMAXM5,2022,2023-03-29,591213999
2022-06-CENSUS-0000136063,LR3CBBHMAXM5,2022,2023-03-29,591214054
2022-06-CENSUS-0000136063,LR3CBBHMAXM5,2022,2023-03-29,591214592
2022-06-CENSUS-0000136063,LR3CBBHMAXM5,2022,2023-03-29,591216000
2022-06-CENSUS-0000136063,LR3CBBHMAXM5,2022,2023-03-29,591216107
2022-06-CENSUS-0000136063,LR3CBBHMAXM5,2022,2023-03-29,591216316
2022-06-CENSUS-0000136063,LR3CBBHMAXM5,2022,2023-03-29,591218159
2022-06-CENSUS-0000136063,LR3CBBHMAXM5,2022,2023-03-29,591219841
2022-06-CENSUS-0000136063,LR3CBBHMAXM5,2022,2023-03-29,591264198
2022-06-CENSUS-0000136063,LR3CBBHMAXM5,2022,2023-03-29,591385831
2022-06-CENSUS-0000136063,LR3CBBHMAXM5,2022,2023-03-29,591961248
2022-06-CENSUS-0000136063,LR3CBBHMAXM5,2022,2023-03-29,592748506
2022-06-CENSUS-0000136063,LR3CBBHMAXM5,2022,2023-03-29,592869774
2022-06-CENSUS-0000136063,LR3CBBHMAXM5,2022,2023-03-29,592870670
2022-06-CENSUS-0000136063,LR3CBBHMAXM5,2022,2023-03-29,592883965
2022-06-CENSUS-0000136063,LR3CBBHMAXM5,2022,2023-03-29,592924021
2022-06-CENSUS-0000136063,LR3CBBHMAXM5,2022,2023-03-29,592976169
2022-06-CENSUS-0000136063,LR3CBBHMAXM5,2022,2023-03-29,592976783
2022-06-CENSUS-0000136063,LR3CBBHMAXM5,2022,2023-03-29,593024028
2022-06-CENSUS-0000136063,LR3CBBHMAXM5,2022,2023-03-29,593105845
2022-06-CENSUS-0000136063,LR3CBBHMAXM5,2022,2023-03-29,593452939
2022-06-CENSUS-0000136063,LR3CBBHMAXM5,2022,2023-03-29,593458463
2022-06-CENSUS-0000136063,LR3CBBHMAXM5,2022,2023-03-29,593458757
2022-06-CENSUS-0000136063,LR3CBBHMAXM5,2022,2023-03-29,593458983
2022-06-CENSUS-0000136063,LR3CBBHMAXM5,2022,2023-03-29,593462886
2022-06-CENSUS-0000136063,LR3CBBHMAXM5,2022,2023-03-29,593466865
2022-06-CENSUS-0000136063,LR3CBBHMAXM5,2022,2023-03-29,593467201
2022-06-CENSUS-0000136063,LR3CBBHMAXM5,2022,2023-03-29,593474751
2022-06-CENSUS-0000136063,LR3CBBHMAXM5,2022,2023-03-29,593475860
2022-06-CENSUS-0000136063,LR3CBBHMAXM5,2022,2023-03-29,593476898
2022-06-CENSUS-0000136063,LR3CBBHMAXM5,2022,2023-03-29,593515548
2022-06-CENSUS-0000136063,LR3CBBHMAXM5,2022,2023-03-29,593751857
2022-06-CENSUS-0000136063,LR3CBBHMAXM5,2022,2023-03-29,593753171
2022-06-CENSUS-0000136063,LR3CBBHMAXM5,2022,2023-03-29,593754016
2022-06-CENSUS-0000136063,LR3CBBHMAXM5,2022,2023-03-29,593754662
2022-06-CENSUS-0000136063,LR3CBBHMAXM5,2022,2023-03-29,593754663
2022-06-CENSUS-0000136063,LR3CBBHMAXM5,2022,2023-03-29,593757751
2022-06-CENSUS-0000136063,LR3CBBHMAXM5,2022,2023-03-29,593757965
2022-06-CENSUS-0000136063,LR3CBBHMAXM5,2022,2023-03-29,593758249
2022-06-CENSUS-0000136063,LR3CBBHMAXM5,2022,2023-03-29,593759152
2022-06-CENSUS-0000136063,LR3CBBHMAXM5,2022,2023-03-29,596001975
2022-06-CENSUS-0000136063,LR3CBBHMAXM5,2022,2023-03-29,596002052
2022-06-CENSUS-0000136063,LR3CBBHMAXM5,2022,2023-03-29,596004084
2022-06-CENSUS-0000136063,LR3CBBHMAXM5,2022,2023-03-29,596007353
2022-06-CENSUS-0000136063,LR3CBBHMAXM5,2022,2023-03-29,596007874
2022-06-CENSUS-0000136063,LR3CBBHMAXM5,2022,2023-03-29,596031182
2022-06-CENSUS-0000136063,LR3CBBHMAXM5,2022,2023-03-29,650753801
2022-06-CENSUS-0000136063,LR3CBBHMAXM5,2022,2023-03-29,650812614
2022-06-CENSUS-0000136063,LR3CBBHMAXM5,2022,2023-03-29,651148284
2022-06-CENSUS-0000136063,LR3CBBHMAXM5,2022,2023-03-29,651150231
2022-06-CENSUS-0000136063,LR3CBBHMAXM5,2022,2023-03-29,651150480
2022-06-CENSUS-0000136063,LR3CBBHMAXM5,2022,2023-03-29,651151099
2022-06-CENSUS-0000136063,LR3CBBHMAXM5,2022,2023-03-29,800749868
2022-06-CENSUS-0000136063,LR3CBBHMAXM5,2022,2023-03-29,900057281
2022-06-CENSUS-0000136063,LR3CBBHMAXM5,2022,2023-03-29,911961382
2022-06-CENSUS-0000130209,YC11KWJKWM97,2022,2023-03-30,866000281
2022-12-CENSUS-0000118676,P1RTMASB37B5,2022,2023-08-07,811559375
2022-06-CENSUS-0000018565,F27KDXZMF9Y8,2022,2023-03-30,160743310
2022-06-CENSUS-0000018565,F27KDXZMF9Y8,2022,2023-03-30,160743215
2022-06-CENSUS-0000018565,F27KDXZMF9Y8,2022,2023-03-30,160743037
2022-06-CENSUS-0000018565,F27KDXZMF9Y8,2022,2023-03-30,160743024
2022-06-CENSUS-0000018565,F27KDXZMF9Y8,2022,2023-03-30,160743979
2022-06-CENSUS-0000018565,F27KDXZMF9Y8,2022,2023-03-30,222807681
2022-06-CENSUS-0000018565,F27KDXZMF9Y8,2022,2023-03-30,825091873
2022-06-CENSUS-0000220190,E1KJM4T54MK6,2022,2023-03-21,611029626
2022-12-CENSUS-0000255101,V7BLD9RU8Z55,2022,2023-09-28,370818454
2022-12-CENSUS-0000255101,V7BLD9RU8Z55,2022,2023-09-28,431147326
2022-12-CENSUS-0000255101,V7BLD9RU8Z55,2022,2023-09-28,371199021
2022-12-CENSUS-0000255101,V7BLD9RU8Z55,2022,2023-09-28,371415588
2022-06-CENSUS-0000161544,NR7SMYSKWKM3,2022,2023-01-08,566000517
