report_id,auditee_uei,audit_year,fac_accepted_date,additional_ein
2023-06-GSAFAC-0000014925,Q65XV36C4VR5,2023,2024-01-02,546000957
2023-06-GSAFAC-0000015749,CLMEQTVK9HW7,2023,2024-01-02,311272561
2023-06-GSAFAC-0000015749,CLMEQTVK9HW7,2023,2024-01-02,311291867
2023-06-GSAFAC-0000015749,CLMEQTVK9HW7,2023,2024-01-02,311428144
2023-06-GSAFAC-0000015749,CLMEQTVK9HW7,2023,2024-01-02,311450925
2023-06-GSAFAC-0000008794,PC6GM9GNWJB7,2023,2024-01-02,061569439
2023-06-GSAFAC-0000008794,PC6GM9GNWJB7,2023,2024-01-02,300162655
2023-06-GSAFAC-0000008794,PC6GM9GNWJB7,2023,2024-01-02,043233283
2023-06-GSAFAC-0000008794,PC6GM9GNWJB7,2023,2024-01-02,043546321
2023-06-GSAFAC-0000008794,PC6GM9GNWJB7,2023,2024-01-02,311758843
2023-06-GSAFAC-0000008794,PC6GM9GNWJB7,2023,2024-01-02,223215740
2023-06-GSAFAC-0000008794,PC6GM9GNWJB7,2023,2024-01-02,043259610
2023-06-GSAFAC-0000008794,PC6GM9GNWJB7,2023,2024-01-02,300162656
2023-06-GSAFAC-0000008794,PC6GM9GNWJB7,2023,2024-01-02,311740060
2023-06-GSAFAC-0000016039,WQ9RYBVLJ7R8,2023,2024-01-02,546001313
2023-06-GSAFAC-0000015723,QKQ9KAMFDS31,2023,2024-01-02,870462909
2023-03-GSAFAC-0000016163,L6MNQF96PW94,2023,2024-01-02,454336870
2023-03-GSAFAC-0000015691,HJV6RAW7A9E8,2023,2024-01-02,812631104
2023-06-GSAFAC-0000013582,UK4MUBFQPDK1,2023,2024-01-02,363944647
2023-06-GSAFAC-0000013582,UK4MUBFQPDK1,2023,2024-01-02,364236976
2023-06-GSAFAC-0000002425,KB8GZLYS8M76,2023,2024-01-02,636000510
2023-06-GSAFAC-0000001925,KNZJMQLX3F19,2023,2024-01-02,626000724
2023-06-GSAFAC-0000001925,KNZJMQLX3F19,2023,2024-01-02,620672547
2023-06-GSAFAC-0000016230,KJ1HZF2TAFS9,2023,2024-01-02,113596666
2023-06-GSAFAC-0000012001,CKV2PF6EFSQ4,2023,2024-01-03,112870329
2023-06-GSAFAC-0000012001,CKV2PF6EFSQ4,2023,2024-01-03,113583286
2023-06-GSAFAC-0000012001,CKV2PF6EFSQ4,2023,2024-01-03,111977906
2023-06-GSAFAC-0000012001,CKV2PF6EFSQ4,2023,2024-01-03,200515660
2023-06-GSAFAC-0000013923,W7RMMLLAQ1K1,2023,2024-01-03,541745244
2023-06-GSAFAC-0000013923,W7RMMLLAQ1K1,2023,2024-01-03,546001671
2023-09-GSAFAC-0000010054,GAPPWM4B92A8,2023,2024-01-03,470967971
2023-09-GSAFAC-0000010054,GAPPWM4B92A8,2023,2024-01-03,050258896
2023-09-GSAFAC-0000010054,GAPPWM4B92A8,2023,2024-01-03,050258937
2023-09-GSAFAC-0000010054,GAPPWM4B92A8,2023,2024-01-03,050259004
2023-09-GSAFAC-0000010054,GAPPWM4B92A8,2023,2024-01-03,050242659
2023-09-GSAFAC-0000010054,GAPPWM4B92A8,2023,2024-01-03,050427007
2023-09-GSAFAC-0000010054,GAPPWM4B92A8,2023,2024-01-03,050316969
2023-09-GSAFAC-0000010054,GAPPWM4B92A8,2023,2024-01-03,050384362
2023-09-GSAFAC-0000010054,GAPPWM4B92A8,2023,2024-01-03,222812929
2023-09-GSAFAC-0000010054,GAPPWM4B92A8,2023,2024-01-03,050509674
2023-09-GSAFAC-0000010054,GAPPWM4B92A8,2023,2024-01-03,050520857
2023-09-GSAFAC-0000014339,VNJBMNB79FV8,2023,2024-01-03,593598686
2023-09-GSAFAC-0000014339,VNJBMNB79FV8,2023,2024-01-03,300024593
2023-09-GSAFAC-0000014339,VNJBMNB79FV8,2023,2024-01-03,833480190
2023-09-GSAFAC-0000014339,VNJBMNB79FV8,2023,2024-01-03,593411351
2023-06-GSAFAC-0000009254,NG8FKKNYSEV5,2023,2024-01-03,462275140
2023-06-GSAFAC-0000009254,NG8FKKNYSEV5,2023,2024-01-03,730774255
2023-06-GSAFAC-0000016560,ZYBAZZ3ZEN44,2023,2024-01-04,317170004
2023-06-GSAFAC-0000016560,ZYBAZZ3ZEN44,2023,2024-01-04,550733799
2023-06-GSAFAC-0000016560,ZYBAZZ3ZEN44,2023,2024-01-04,550718164
2022-12-GSAFAC-0000006616,ZP41TLCAD373,2022,2024-01-04,582479523
2022-06-GSAFAC-0000000803,NFLNBE19F2U5,2022,2024-01-04,473496019
2023-06-GSAFAC-0000016111,KG3GCQLE5S49,2023,2024-01-04,364739343
2023-06-GSAFAC-0000010122,U86USN3NJ434,2023,2024-01-04,853857238
2023-06-GSAFAC-0000014889,GHMUR8F8ER13,2023,2024-01-04,546001231
2023-06-GSAFAC-0000014889,GHMUR8F8ER13,2023,2024-01-04,546001232
2023-06-GSAFAC-0000015225,YK69LMLHC4N4,2023,2024-01-04,462082988
2023-06-GSAFAC-0000015225,YK69LMLHC4N4,2023,2024-01-04,810594798
2023-06-GSAFAC-0000015380,US9YLA6ECJS3,2023,2024-01-05,481253246
2023-06-GSAFAC-0000017235,XRUYEHF9FBV8,2023,2024-01-05,546001399
2023-06-GSAFAC-0000002666,MNRCSTKJS1E7,2023,2024-01-05,813053323
2023-06-GSAFAC-0000013536,KENLHJVHVVK8,2023,2024-01-05,161778188
2023-06-GSAFAC-0000013536,KENLHJVHVVK8,2023,2024-01-05,611052765
2023-06-GSAFAC-0000015581,DT4SUBQNQ725,2023,2024-01-05,271309559
2023-06-GSAFAC-0000015581,DT4SUBQNQ725,2023,2024-01-05,301166660
2023-06-GSAFAC-0000015581,DT4SUBQNQ725,2023,2024-01-05,320071235
2023-06-GSAFAC-0000015581,DT4SUBQNQ725,2023,2024-01-05,320514462
2023-06-GSAFAC-0000015581,DT4SUBQNQ725,2023,2024-01-05,352560482
2023-06-GSAFAC-0000015581,DT4SUBQNQ725,2023,2024-01-05,364834198
2023-06-GSAFAC-0000015581,DT4SUBQNQ725,2023,2024-01-05,383988537
2023-06-GSAFAC-0000015581,DT4SUBQNQ725,2023,2024-01-05,384003509
2023-06-GSAFAC-0000015581,DT4SUBQNQ725,2023,2024-01-05,464628999
2023-06-GSAFAC-0000015581,DT4SUBQNQ725,2023,2024-01-05,464663084
2023-06-GSAFAC-0000015581,DT4SUBQNQ725,2023,2024-01-05,611792102
2023-06-GSAFAC-0000015581,DT4SUBQNQ725,2023,2024-01-05,621373492
2023-06-GSAFAC-0000015581,DT4SUBQNQ725,2023,2024-01-05,621486385
2023-06-GSAFAC-0000015581,DT4SUBQNQ725,2023,2024-01-05,621739505
2023-06-GSAFAC-0000015581,DT4SUBQNQ725,2023,2024-01-05,810696315
2023-06-GSAFAC-0000015581,DT4SUBQNQ725,2023,2024-01-05,813888869
2023-06-GSAFAC-0000015581,DT4SUBQNQ725,2023,2024-01-05,823816552
2023-06-GSAFAC-0000015581,DT4SUBQNQ725,2023,2024-01-05,823817120
2023-06-GSAFAC-0000015581,DT4SUBQNQ725,2023,2024-01-05,824924682
2023-06-GSAFAC-0000015581,DT4SUBQNQ725,2023,2024-01-05,833428722
2023-06-GSAFAC-0000015581,DT4SUBQNQ725,2023,2024-01-05,833449487
2023-06-GSAFAC-0000015581,DT4SUBQNQ725,2023,2024-01-05,833489613
2023-06-GSAFAC-0000015581,DT4SUBQNQ725,2023,2024-01-05,843019614
2023-06-GSAFAC-0000015581,DT4SUBQNQ725,2023,2024-01-05,843694984
2023-06-GSAFAC-0000015581,DT4SUBQNQ725,2023,2024-01-05,844797130
2023-06-GSAFAC-0000015581,DT4SUBQNQ725,2023,2024-01-05,844853475
2023-06-GSAFAC-0000015581,DT4SUBQNQ725,2023,2024-01-05,871965349
2023-06-GSAFAC-0000015581,DT4SUBQNQ725,2023,2024-01-05,844904904
2023-06-GSAFAC-0000015581,DT4SUBQNQ725,2023,2024-01-05,882667450
2023-06-GSAFAC-0000015581,DT4SUBQNQ725,2023,2024-01-05,922532262
2023-06-GSAFAC-0000015581,DT4SUBQNQ725,2023,2024-01-05,880905815
2023-06-GSAFAC-0000017298,HYK1UKR538B5,2023,2024-01-05,546001120
2023-06-GSAFAC-0000017298,HYK1UKR538B5,2023,2024-01-05,546001121
2023-06-GSAFAC-0000017244,W7DSJ4G7YLN5,2023,2024-01-05,546001227
2023-06-GSAFAC-0000013618,VJ8YGMQXL9F5,2023,2024-01-05,542052107
2023-06-GSAFAC-0000016303,TXKHAN6KC279,2023,2024-01-05,721173156
2023-06-GSAFAC-0000016303,TXKHAN6KC279,2023,2024-01-05,720423651
2023-06-GSAFAC-0000016303,TXKHAN6KC279,2023,2024-01-05,463123178
2023-06-GSAFAC-0000016303,TXKHAN6KC279,2023,2024-01-05,640303091
2023-06-GSAFAC-0000016303,TXKHAN6KC279,2023,2024-01-05,721495500
2023-06-GSAFAC-0000016303,TXKHAN6KC279,2023,2024-01-05,720780429
2023-06-GSAFAC-0000016303,TXKHAN6KC279,2023,2024-01-05,720408970
2023-06-GSAFAC-0000016303,TXKHAN6KC279,2023,2024-01-05,720423635
2023-06-GSAFAC-0000005521,JWQTAWLRGU38,2023,2024-01-05,464566457
2023-06-GSAFAC-0000000225,DPCXM6A1QBQ7,2023,2024-01-05,626000915
2023-06-GSAFAC-0000014840,SDDAM4VGHZL5,2023,2024-01-05,461076726
2023-08-GSAFAC-0000015118,NLNGMNE21598,2023,2024-01-08,134305403
2021-12-GSAFAC-0000015631,FTDGHDA8MCJ5,2021,2024-01-08,690231008
2023-06-GSAFAC-0000016392,HDR3BNE6UAZ5,2023,2024-01-08,720787616
2023-06-GSAFAC-0000016392,HDR3BNE6UAZ5,2023,2024-01-08,421615056
2023-06-GSAFAC-0000015263,VLP6L7L9HEJ3,2023,2024-01-08,464542064
2022-08-GSAFAC-0000017346,XVK8SAMNFGJ6,2022,2024-01-08,472413711
2022-08-GSAFAC-0000017346,XVK8SAMNFGJ6,2022,2024-01-08,472480928
2022-08-GSAFAC-0000017346,XVK8SAMNFGJ6,2022,2024-01-08,475678970
2022-08-GSAFAC-0000017346,XVK8SAMNFGJ6,2022,2024-01-08,472413792
2023-06-GSAFAC-0000013175,MU2AN91YJYG4,2023,2024-01-08,471678085
2023-06-GSAFAC-0000013175,MU2AN91YJYG4,2023,2024-01-08,384123431
2023-06-GSAFAC-0000013175,MU2AN91YJYG4,2023,2024-01-08,461270560
2023-06-GSAFAC-0000013175,MU2AN91YJYG4,2023,2024-01-08,814686769
2023-06-GSAFAC-0000013175,MU2AN91YJYG4,2023,2024-01-08,203463578
2023-06-GSAFAC-0000013175,MU2AN91YJYG4,2023,2024-01-08,853027158
2023-06-GSAFAC-0000013175,MU2AN91YJYG4,2023,2024-01-08,270567557
2023-06-GSAFAC-0000013175,MU2AN91YJYG4,2023,2024-01-08,474779885
2023-06-GSAFAC-0000013175,MU2AN91YJYG4,2023,2024-01-08,421680219
2023-06-GSAFAC-0000013175,MU2AN91YJYG4,2023,2024-01-08,260459051
2023-09-GSAFAC-0000016443,Y57AQV1LXV61,2023,2024-01-09,042709501
2023-09-GSAFAC-0000016443,Y57AQV1LXV61,2023,2024-01-09,042768252
2023-08-GSAFAC-0000006234,HWMKHGQ42Q13,2023,2024-01-09,861073632
2023-08-GSAFAC-0000006234,HWMKHGQ42Q13,2023,2024-01-09,272867988
2023-08-GSAFAC-0000006234,HWMKHGQ42Q13,2023,2024-01-09,020349962
2022-06-GSAFAC-0000018141,PMJBE9BKRBJ5,2022,2024-01-09,123456789
2022-06-GSAFAC-0000018141,PMJBE9BKRBJ5,2022,2024-01-09,474030645
2022-06-GSAFAC-0000018141,PMJBE9BKRBJ5,2022,2024-01-09,820607156
2022-06-GSAFAC-0000018141,PMJBE9BKRBJ5,2022,2024-01-09,810937749
2022-06-GSAFAC-0000018141,PMJBE9BKRBJ5,2022,2024-01-09,812862850
2022-06-GSAFAC-0000018141,PMJBE9BKRBJ5,2022,2024-01-09,475018408
2022-06-GSAFAC-0000018141,PMJBE9BKRBJ5,2022,2024-01-09,202631359
2022-06-GSAFAC-0000018141,PMJBE9BKRBJ5,2022,2024-01-09,203815754
2023-06-GSAFAC-0000015176,LN53C9E23GH6,2023,2024-01-09,201787893
2023-06-GSAFAC-0000013278,HH1PRRXHYXX5,2023,2024-01-09,730685955
2022-12-GSAFAC-0000018294,JKLXN4VJR6D5,2022,2024-01-09,823589519
2022-12-GSAFAC-0000018294,JKLXN4VJR6D5,2022,2024-01-09,842655351
2022-12-GSAFAC-0000018294,JKLXN4VJR6D5,2022,2024-01-09,853439902
2023-06-GSAFAC-0000017270,G6GVZ2CU9ZR3,2023,2024-01-10,541517462
2023-06-GSAFAC-0000017270,G6GVZ2CU9ZR3,2023,2024-01-10,546001378
2023-06-GSAFAC-0000017270,G6GVZ2CU9ZR3,2023,2024-01-10,546001379
2023-06-GSAFAC-0000014794,SFFMDJ7R8QH7,2023,2024-01-10,363297912
2023-06-GSAFAC-0000014794,SFFMDJ7R8QH7,2023,2024-01-10,460373007
2023-06-GSAFAC-0000014794,SFFMDJ7R8QH7,2023,2024-01-10,363528934
2023-06-GSAFAC-0000009722,NSLJNH8ZE7Y8,2023,2024-01-10,364881805
2023-06-GSAFAC-0000002863,YMDTWM21RUB6,2023,2024-01-10,592815277
2023-06-GSAFAC-0000013334,V913TCT2SFZ9,2023,2024-01-10,770691998
2022-12-GSAFAC-0000013195,ULLBV6MEJV48,2022,2024-01-10,251689293
2023-06-GSAFAC-0000015277,G7EGD64KMYL1,2023,2024-01-10,811958719
2023-06-GSAFAC-0000018542,DX89HBXLD3K9,2023,2024-01-10,541025805
2023-06-GSAFAC-0000018668,WJ5LLHTJCY21,2023,2024-01-11,541742341
2023-06-GSAFAC-0000010768,SMJ9XFKZ4J85,2023,2024-01-11,560619359
2023-06-GSAFAC-0000010768,SMJ9XFKZ4J85,2023,2024-01-11,561455630
2023-06-GSAFAC-0000010768,SMJ9XFKZ4J85,2023,2024-01-11,561479712
2023-06-GSAFAC-0000010768,SMJ9XFKZ4J85,2023,2024-01-11,581341530
2023-06-GSAFAC-0000018140,MQDJZY52APN7,2023,2024-01-11,813939074
2023-06-GSAFAC-0000018140,MQDJZY52APN7,2023,2024-01-11,931592472
2023-06-GSAFAC-0000009488,XSNJVVC4K8J7,2023,2024-01-11,860455697
2023-06-GSAFAC-0000018713,H9LUUYWSML96,2023,2024-01-11,546001554
2023-06-GSAFAC-0000018003,GHVFCH5A76F4,2023,2024-01-11,454549405
2023-06-GSAFAC-0000016635,EQGRLRHB9ES8,2023,2024-01-11,205992352
2023-06-GSAFAC-0000018101,Z1KEQK8NVMA3,2023,2024-01-11,853668798
2023-09-GSAFAC-0000012799,EV94JSENUN51,2023,2024-01-11,920907062
2023-06-GSAFAC-0000017411,PQ7XUMZ97JK7,2023,2024-01-11,621674308
2023-06-GSAFAC-0000017411,PQ7XUMZ97JK7,2023,2024-01-11,351147323
2023-06-GSAFAC-0000017411,PQ7XUMZ97JK7,2023,2024-01-11,370916475
2023-06-GSAFAC-0000017411,PQ7XUMZ97JK7,2023,2024-01-11,591009537
2023-06-GSAFAC-0000017411,PQ7XUMZ97JK7,2023,2024-01-11,262505456
2023-06-GSAFAC-0000017601,C5ERCU2EWKJ8,2023,2024-01-12,546001630
2023-06-GSAFAC-0000004777,YLBAJJ64MGQ6,2023,2024-01-12,626000681
2023-06-GSAFAC-0000004777,YLBAJJ64MGQ6,2023,2024-01-12,626000679
2023-06-GSAFAC-0000002396,HJ5DV1WG8GZ6,2023,2024-01-12,626000573
2023-06-GSAFAC-0000002396,HJ5DV1WG8GZ6,2023,2024-01-12,626000571
2023-06-GSAFAC-0000014206,F9TQXNJ2FTB7,2023,2024-01-12,580566193
2023-06-GSAFAC-0000016328,L51BRGER9AC1,2023,2024-01-15,431081715
2023-06-GSAFAC-0000016328,L51BRGER9AC1,2023,2024-01-15,710387126
2023-06-GSAFAC-0000016328,L51BRGER9AC1,2023,2024-01-15,431642592
2023-06-GSAFAC-0000016328,L51BRGER9AC1,2023,2024-01-15,431236557
2023-06-GSAFAC-0000016625,DWLZBXDH3JB5,2023,2024-01-15,823726673
2023-06-GSAFAC-0000015007,TPZ1LFKHD466,2023,2024-01-15,546001276
2023-06-GSAFAC-0000016087,EYYMXLCPA955,2023,2024-01-16,490491233
2023-06-GSAFAC-0000016476,FNA2MNGGUJP5,2023,2024-01-16,263215294
2023-06-GSAFAC-0000007499,KMLEZJAYNBA6,2023,2024-01-16,472485534
2023-06-GSAFAC-0000018866,VFNCUFKSS811,2023,2024-01-16,546001444
2023-06-GSAFAC-0000018866,VFNCUFKSS811,2023,2024-01-16,546001447
2023-06-GSAFAC-0000019251,U527P3R44GF3,2023,2024-01-17,546001263
2023-06-GSAFAC-0000019251,U527P3R44GF3,2023,2024-01-17,546001265
2023-06-GSAFAC-0000018804,GGGLKTVKKRV7,2023,2024-01-17,830246833
2023-06-GSAFAC-0000018804,GGGLKTVKKRV7,2023,2024-01-17,836000298
2023-06-GSAFAC-0000018804,GGGLKTVKKRV7,2023,2024-01-17,830220039
2023-06-GSAFAC-0000018804,GGGLKTVKKRV7,2023,2024-01-17,830329974
2023-06-GSAFAC-0000017394,JPP5WK1AP1H3,2023,2024-01-17,546001521
2023-06-GSAFAC-0000016716,MHPMW77ELQF3,2023,2024-01-17,232587601
2023-09-GSAFAC-0000017916,CU36CMXU32A1,2023,2024-01-17,461560484
2023-09-GSAFAC-0000017916,CU36CMXU32A1,2023,2024-01-17,474023564
2023-09-GSAFAC-0000017916,CU36CMXU32A1,2023,2024-01-17,455350755
2023-06-GSAFAC-0000019760,SFC2EQ1GD6W3,2023,2024-01-17,546001370
2023-06-GSAFAC-0000019760,SFC2EQ1GD6W3,2023,2024-01-17,546001372
2023-09-GSAFAC-0000016855,VNJBMNB79FV8,2023,2024-01-17,593598686
2023-09-GSAFAC-0000016855,VNJBMNB79FV8,2023,2024-01-17,300024593
2023-09-GSAFAC-0000016855,VNJBMNB79FV8,2023,2024-01-17,593411351
2023-06-GSAFAC-0000018975,GLZRCYULDF59,2023,2024-01-17,900676732
2023-06-GSAFAC-0000018975,GLZRCYULDF59,2023,2024-01-17,421351175
2023-06-GSAFAC-0000018948,D1A5BKL7HTA9,2023,2024-01-18,626000450
2023-06-GSAFAC-0000018948,D1A5BKL7HTA9,2023,2024-01-18,626000266
2023-06-GSAFAC-0000019385,EPY1QMJ6H455,2023,2024-01-18,620697745
2023-06-GSAFAC-0000019385,EPY1QMJ6H455,2023,2024-01-18,200994823
2023-09-GSAFAC-0000013758,JDE5TNBH5R31,2023,2024-01-18,820161600
2023-09-GSAFAC-0000013758,JDE5TNBH5R31,2023,2024-01-18,562570686
2023-09-GSAFAC-0000013758,JDE5TNBH5R31,2023,2024-01-18,820295026
2023-09-GSAFAC-0000013758,JDE5TNBH5R31,2023,2024-01-18,841421665
2023-09-GSAFAC-0000013758,JDE5TNBH5R31,2023,2024-01-18,273311774
2023-09-GSAFAC-0000013758,JDE5TNBH5R31,2023,2024-01-18,821162805
2023-06-GSAFAC-0000017707,D8XXKDNVK9Q5,2023,2024-01-18,461405965
2022-09-GSAFAC-0000019459,TBQWXPQKG7S5,2022,2024-01-19,872648855
2023-06-GSAFAC-0000013727,NVE2PYMHBNL6,2023,2024-01-19,001069463
2023-06-GSAFAC-0000013727,NVE2PYMHBNL6,2023,2024-01-19,261379712
2023-06-GSAFAC-0000015485,LGNJQC7LKQK1,2023,2024-01-19,474659707
2023-06-GSAFAC-0000007343,L2J2BHW7LAE7,2023,2024-01-19,626000893
2023-06-GSAFAC-0000007343,L2J2BHW7LAE7,2023,2024-01-19,626000897
2023-06-GSAFAC-0000007343,L2J2BHW7LAE7,2023,2024-01-19,626000899
2023-06-GSAFAC-0000007343,L2J2BHW7LAE7,2023,2024-01-19,620874127
2023-06-GSAFAC-0000010420,UPKCM7YCG264,2023,2024-01-19,352401992
2023-06-GSAFAC-0000010420,UPKCM7YCG264,2023,2024-01-19,770439213
2023-06-GSAFAC-0000017836,D2WQK2SC34K3,2023,2024-01-19,363880333
2023-06-GSAFAC-0000017836,D2WQK2SC34K3,2023,2024-01-19,454486329
2023-06-GSAFAC-0000017836,D2WQK2SC34K3,2023,2024-01-19,454486428
2023-06-GSAFAC-0000017836,D2WQK2SC34K3,2023,2024-01-19,363371659
2023-06-GSAFAC-0000017836,D2WQK2SC34K3,2023,2024-01-19,010627466
2023-06-GSAFAC-0000017836,D2WQK2SC34K3,2023,2024-01-19,363305087
2023-06-GSAFAC-0000017836,D2WQK2SC34K3,2023,2024-01-19,043636582
2023-06-GSAFAC-0000017836,D2WQK2SC34K3,2023,2024-01-19,363755662
2023-06-GSAFAC-0000018715,UWCKMWXC3K56,2023,2024-01-22,540885804
2023-06-GSAFAC-0000011021,MUCHTNJPCV74,2023,2024-01-22,626000908
2023-06-GSAFAC-0000011021,MUCHTNJPCV74,2023,2024-01-22,621508409
2023-06-GSAFAC-0000011021,MUCHTNJPCV74,2023,2024-01-22,626008906
2023-09-GSAFAC-0000020617,GNV3KLK4Q349,2023,2024-01-22,370661183
2023-09-GSAFAC-0000020617,GNV3KLK4Q349,2023,2024-01-22,371396010
2023-09-GSAFAC-0000020617,GNV3KLK4Q349,2023,2024-01-22,710893524
2023-09-GSAFAC-0000020617,GNV3KLK4Q349,2023,2024-01-22,420710268
2023-06-GSAFAC-0000018486,RFCNULGALST5,2023,2024-01-22,208034409
2023-06-GSAFAC-0000018486,RFCNULGALST5,2023,2024-01-22,201220860
2023-06-GSAFAC-0000018486,RFCNULGALST5,2023,2024-01-22,201364957
2023-06-GSAFAC-0000020498,Y8C9LCXDLNJ4,2023,2024-01-22,470798800
2023-06-GSAFAC-0000020498,Y8C9LCXDLNJ4,2023,2024-01-22,261596578
2023-06-GSAFAC-0000020498,Y8C9LCXDLNJ4,2023,2024-01-22,263937725
2023-06-GSAFAC-0000020498,Y8C9LCXDLNJ4,2023,2024-01-22,463363896
2023-06-GSAFAC-0000002637,G69LHXJ3ABL5,2023,2024-01-22,951643964
2023-09-GSAFAC-0000019264,LQLMC6FN1756,2023,2024-01-23,204772002
2023-06-GSAFAC-0000014750,Q333GZUS8Q67,2023,2024-01-23,621580079
2023-06-GSAFAC-0000014750,Q333GZUS8Q67,2023,2024-01-23,591735003
2023-06-GSAFAC-0000014750,Q333GZUS8Q67,2023,2024-01-23,581623257
2023-06-GSAFAC-0000014750,Q333GZUS8Q67,2023,2024-01-23,621498349
2023-06-GSAFAC-0000014750,Q333GZUS8Q67,2023,2024-01-23,621481015
2023-06-GSAFAC-0000014750,Q333GZUS8Q67,2023,2024-01-23,621473380
2023-06-GSAFAC-0000014750,Q333GZUS8Q67,2023,2024-01-23,581796624
2023-06-GSAFAC-0000017357,NNCAHMFHXQ13,2023,2024-01-23,546001471
2023-09-GSAFAC-0000019087,XJH6EP7LNYR5,2023,2024-01-23,481121628
2023-09-GSAFAC-0000019087,XJH6EP7LNYR5,2023,2024-01-23,883089376
2023-06-GSAFAC-0000017414,MWLLXKHNBGB6,2023,2024-01-23,546001400
2023-06-GSAFAC-0000017414,MWLLXKHNBGB6,2023,2024-01-23,546001403
2023-06-GSAFAC-0000009956,KA96DU7YHWA7,2023,2024-01-23,824447018
2023-06-GSAFAC-0000007559,P82WDAFUK6B4,2023,2024-01-23,626000547
2023-06-GSAFAC-0000007559,P82WDAFUK6B4,2023,2024-01-23,626000546
2023-06-GSAFAC-0000008011,JL2QVAFMRHF1,2023,2024-01-23,626000503
2023-09-GSAFAC-0000019205,T1J5E3659LJ6,2023,2024-01-24,352274952
2023-09-GSAFAC-0000019205,T1J5E3659LJ6,2023,2024-01-24,592425149
2023-09-GSAFAC-0000019205,T1J5E3659LJ6,2023,2024-01-24,593535262
2023-09-GSAFAC-0000019205,T1J5E3659LJ6,2023,2024-01-24,592415910
2023-09-GSAFAC-0000019205,T1J5E3659LJ6,2023,2024-01-24,592874324
2023-06-GSAFAC-0000020538,XBTRAS88HLV9,2023,2024-01-24,454490800
2023-06-GSAFAC-0000020538,XBTRAS88HLV9,2023,2024-01-24,271029899
2023-06-GSAFAC-0000018380,ZGLRAX4QJJ77,2023,2024-01-24,546001187
2023-06-GSAFAC-0000018380,ZGLRAX4QJJ77,2023,2024-01-24,546001189
2023-06-GSAFAC-0000018380,ZGLRAX4QJJ77,2023,2024-01-24,546001190
2023-06-GSAFAC-0000012353,KTEPTNVXM4T6,2023,2024-01-24,626000879
2023-06-GSAFAC-0000012353,KTEPTNVXM4T6,2023,2024-01-24,626000877
2023-06-GSAFAC-0000013043,RW6ER4JBBD76,2023,2024-01-24,626000794
2023-06-GSAFAC-0000013043,RW6ER4JBBD76,2023,2024-01-24,626000796
2022-06-GSAFAC-0000013072,GQ46SB5L2HK4,2022,2024-01-24,371401971
2022-06-GSAFAC-0000013072,GQ46SB5L2HK4,2022,2024-01-24,870729617
2022-06-GSAFAC-0000013072,GQ46SB5L2HK4,2022,2024-01-24,371263861
2022-06-GSAFAC-0000013072,GQ46SB5L2HK4,2022,2024-01-24,043618570
2022-06-GSAFAC-0000013072,GQ46SB5L2HK4,2022,2024-01-24,371080429
2022-06-GSAFAC-0000013072,GQ46SB5L2HK4,2022,2024-01-24,161756787
2022-06-GSAFAC-0000013072,GQ46SB5L2HK4,2022,2024-01-24,376002057
2022-06-GSAFAC-0000013072,GQ46SB5L2HK4,2022,2024-01-24,760809915
2022-06-GSAFAC-0000013072,GQ46SB5L2HK4,2022,2024-01-24,371380174
2022-06-GSAFAC-0000013072,GQ46SB5L2HK4,2022,2024-01-24,371349602
2022-06-GSAFAC-0000013072,GQ46SB5L2HK4,2022,2024-01-24,264184618
2022-06-GSAFAC-0000013072,GQ46SB5L2HK4,2022,2024-01-24,371282306
2022-06-GSAFAC-0000013072,GQ46SB5L2HK4,2022,2024-01-24,363042127
2022-06-GSAFAC-0000013072,GQ46SB5L2HK4,2022,2024-01-24,201568257
2022-06-GSAFAC-0000013072,GQ46SB5L2HK4,2022,2024-01-24,030453212
2022-06-GSAFAC-0000013072,GQ46SB5L2HK4,2022,2024-01-24,364163567
2022-06-GSAFAC-0000013072,GQ46SB5L2HK4,2022,2024-01-24,030452423
2022-06-GSAFAC-0000013072,GQ46SB5L2HK4,2022,2024-01-24,813360639
2022-06-GSAFAC-0000013072,GQ46SB5L2HK4,2022,2024-01-24,207371762
2022-06-GSAFAC-0000013072,GQ46SB5L2HK4,2022,2024-01-24,371310988
2022-06-GSAFAC-0000013072,GQ46SB5L2HK4,2022,2024-01-24,431953208
2022-06-GSAFAC-0000013072,GQ46SB5L2HK4,2022,2024-01-24,371320188
2022-06-GSAFAC-0000013072,GQ46SB5L2HK4,2022,2024-01-24,010632628
2022-06-GSAFAC-0000013072,GQ46SB5L2HK4,2022,2024-01-24,320170041
2022-06-GSAFAC-0000013072,GQ46SB5L2HK4,2022,2024-01-24,371354673
2022-06-GSAFAC-0000013072,GQ46SB5L2HK4,2022,2024-01-24,364165260
2022-06-GSAFAC-0000013072,GQ46SB5L2HK4,2022,2024-01-24,331143971
2022-06-GSAFAC-0000013072,GQ46SB5L2HK4,2022,2024-01-24,611846325
2022-06-GSAFAC-0000013072,GQ46SB5L2HK4,2022,2024-01-24,470865977
2022-06-GSAFAC-0000013072,GQ46SB5L2HK4,2022,2024-01-24,370975309
2022-06-GSAFAC-0000013072,GQ46SB5L2HK4,2022,2024-01-24,800566965
2022-06-GSAFAC-0000013072,GQ46SB5L2HK4,2022,2024-01-24,611604167
2022-06-GSAFAC-0000013072,GQ46SB5L2HK4,2022,2024-01-24,010572642
2022-06-GSAFAC-0000013072,GQ46SB5L2HK4,2022,2024-01-24,363956180
2022-06-GSAFAC-0000013072,GQ46SB5L2HK4,2022,2024-01-24,600056901
2022-06-GSAFAC-0000013072,GQ46SB5L2HK4,2022,2024-01-24,050527061
2022-06-GSAFAC-0000013072,GQ46SB5L2HK4,2022,2024-01-24,731641239
2022-06-GSAFAC-0000013072,GQ46SB5L2HK4,2022,2024-01-24,743256858
2022-06-GSAFAC-0000013072,GQ46SB5L2HK4,2022,2024-01-24,371394631
2022-06-GSAFAC-0000013072,GQ46SB5L2HK4,2022,2024-01-24,331000747
2022-06-GSAFAC-0000013072,GQ46SB5L2HK4,2022,2024-01-24,521752528
2022-06-GSAFAC-0000013072,GQ46SB5L2HK4,2022,2024-01-24,363422943
2023-06-GSAFAC-0000010196,XFK2DVVG6L59,2023,2024-01-25,626000542
2023-06-GSAFAC-0000010196,XFK2DVVG6L59,2023,2024-01-25,626000543
2023-06-GSAFAC-0000021181,TM48KRZEK1K7,2023,2024-01-25,546000332
2023-09-GSAFAC-0000021480,LPDXZFL6D8K8,2023,2024-01-25,522053377
2023-06-GSAFAC-0000012375,HZGMWNL2F2B3,2023,2024-01-25,626000754
2023-06-GSAFAC-0000012375,HZGMWNL2F2B3,2023,2024-01-25,626000753
2023-06-GSAFAC-0000017521,V4EFMDJ1YNJ4,2023,2024-01-25,546001195
2023-06-GSAFAC-0000017521,V4EFMDJ1YNJ4,2023,2024-01-25,546001196
2023-06-GSAFAC-0000005401,J7C8WLVK66Q1,2023,2024-01-25,270627714
2023-06-GSAFAC-0000005401,J7C8WLVK66Q1,2023,2024-01-25,911494758
2023-06-GSAFAC-0000001415,U3NKNFLNQ613,2023,2024-01-26,812812384
2023-06-GSAFAC-0000016490,XGYBT861BM76,2023,2024-01-26,061333509
2023-06-GSAFAC-0000016490,XGYBT861BM76,2023,2024-01-26,611716173
2023-06-GSAFAC-0000019241,PTH7AUKTU2B7,2023,2024-01-26,380833014
2023-06-GSAFAC-0000019241,PTH7AUKTU2B7,2023,2024-01-26,386000029
2023-06-GSAFAC-0000019241,PTH7AUKTU2B7,2023,2024-01-26,381437919
2023-06-GSAFAC-0000019241,PTH7AUKTU2B7,2023,2024-01-26,464088182
2023-06-GSAFAC-0000019241,PTH7AUKTU2B7,2023,2024-01-26,381518643
2023-06-GSAFAC-0000019241,PTH7AUKTU2B7,2023,2024-01-26,386020434
2023-06-GSAFAC-0000019241,PTH7AUKTU2B7,2023,2024-01-26,383317788
2023-06-GSAFAC-0000019241,PTH7AUKTU2B7,2023,2024-01-26,381459397
2023-06-GSAFAC-0000019241,PTH7AUKTU2B7,2023,2024-01-26,382602147
2023-06-GSAFAC-0000016045,ZFCQEBMYAKY6,2023,2024-01-26,546001692
2023-06-GSAFAC-0000016045,ZFCQEBMYAKY6,2023,2024-01-26,546001693
2023-06-GSAFAC-0000019267,Y9CBMLMQMNJ3,2023,2024-01-26,546001171
2023-06-GSAFAC-0000019267,Y9CBMLMQMNJ3,2023,2024-01-26,546001177
2023-09-GSAFAC-0000020839,XT8MLEN8MGN8,2023,2024-01-26,383930884
2023-06-GSAFAC-0000021297,E8ESR3ZKWP19,2023,2024-01-26,620646808
2023-06-GSAFAC-0000020852,XJY5QCK8A9V7,2023,2024-01-26,812885619
2023-06-GSAFAC-0000020852,XJY5QCK8A9V7,2023,2024-01-26,232368197
2023-06-GSAFAC-0000009275,L4G7ZDLKBJU7,2023,2024-01-26,626000816
2023-06-GSAFAC-0000009275,L4G7ZDLKBJU7,2023,2024-01-26,626000820
2022-08-GSAFAC-0000018678,TM45YM3USW66,2022,2024-01-29,340742712
2023-06-GSAFAC-0000010245,F7ENPJAGMKJ9,2023,2024-01-29,880773649
2023-06-GSAFAC-0000017488,J765M6WJN8Y3,2023,2024-01-29,546001640
2023-06-GSAFAC-0000017488,J765M6WJN8Y3,2023,2024-01-29,546001637
2023-06-GSAFAC-0000021953,E1H8KMKQHWZ5,2023,2024-01-29,616000521
2023-07-GSAFAC-0000018878,XC7YUHJSNTV5,2023,2024-01-29,391139101
2023-06-GSAFAC-0000019467,PNW8G83VQVP6,2023,2024-01-29,542064728
2023-06-GSAFAC-0000019467,PNW8G83VQVP6,2023,2024-01-29,941279807
2023-06-GSAFAC-0000019467,PNW8G83VQVP6,2023,2024-01-29,880272955
2023-06-GSAFAC-0000019467,PNW8G83VQVP6,2023,2024-01-29,911657990
2023-06-GSAFAC-0000019467,PNW8G83VQVP6,2023,2024-01-29,680331373
2023-06-GSAFAC-0000021515,SNLZHEANAJ47,2023,2024-01-29,842043415
2023-06-GSAFAC-0000021515,SNLZHEANAJ47,2023,2024-01-29,481030087
2023-06-GSAFAC-0000021515,SNLZHEANAJ47,2023,2024-01-29,481030088
2023-06-GSAFAC-0000021515,SNLZHEANAJ47,2023,2024-01-29,452542345
2023-06-GSAFAC-0000021515,SNLZHEANAJ47,2023,2024-01-29,481030086
2023-06-GSAFAC-0000021515,SNLZHEANAJ47,2023,2024-01-29,833032485
2023-06-GSAFAC-0000021515,SNLZHEANAJ47,2023,2024-01-29,275436003
2023-04-GSAFAC-0000006036,EHUPKY2H47K6,2023,2024-01-29,431731173
2023-06-GSAFAC-0000011161,XN5MF9LT3LG8,2023,2024-01-29,626000833
2023-06-GSAFAC-0000011161,XN5MF9LT3LG8,2023,2024-01-29,626000831
2022-06-GSAFAC-0000020399,Y9ZDH9L472P3,2022,2024-01-29,060974500
2023-06-GSAFAC-0000017445,J5KHS42SH3A8,2023,2024-01-30,546001428
2023-06-GSAFAC-0000017445,J5KHS42SH3A8,2023,2024-01-30,471595337
2023-06-GSAFAC-0000011106,SEJSLWUCL1E6,2023,2024-01-30,626000882
2023-06-GSAFAC-0000011106,SEJSLWUCL1E6,2023,2024-01-30,626000881
2023-06-GSAFAC-0000018350,REGTREN9KDV6,2023,2024-01-30,546001383
2023-06-GSAFAC-0000018350,REGTREN9KDV6,2023,2024-01-30,546001381
2023-06-GSAFAC-0000019069,LS3BG3HFWUW5,2023,2024-01-30,860710822
2023-06-GSAFAC-0000020865,S5UEFN4T95L1,2023,2024-01-30,546001360
2023-06-GSAFAC-0000020865,S5UEFN4T95L1,2023,2024-01-30,546001363
2023-06-GSAFAC-0000021863,KL1NCJ98GKX7,2023,2024-01-30,223051402
2023-06-GSAFAC-0000012150,ZNTTNLCC5NL1,2023,2024-01-30,546001210
2023-06-GSAFAC-0000016168,XCKBADL4FXP8,2023,2024-01-30,043122535
2023-06-GSAFAC-0000007907,GCA9M7J981X5,2023,2024-01-31,042491704
2023-04-GSAFAC-0000021459,VEJRF3T7SXQ6,2023,2024-01-31,010594994
2023-04-GSAFAC-0000021459,VEJRF3T7SXQ6,2023,2024-01-31,464967839
2023-06-GSAFAC-0000019378,HW9LU4LT5673,2023,2024-01-31,812787403
2023-08-GSAFAC-0000020827,CZABTMGHLJC8,2023,2024-01-31,273045436
2023-06-GSAFAC-0000004185,DALGH7JMNN76,2023,2024-01-31,454230642
2023-06-GSAFAC-0000015873,TX3CQZ8578J6,2023,2024-02-01,510188269
2023-09-GSAFAC-0000020776,WVKUL5NJFGF3,2023,2024-02-01,841592464
2023-06-GSAFAC-0000022238,HW57FCX3KKB8,2023,2024-02-02,561182686
2023-06-GSAFAC-0000022238,HW57FCX3KKB8,2023,2024-02-02,980493767
2023-06-GSAFAC-0000005594,UFMUEU6JDQK8,2023,2024-02-02,626000603
2023-06-GSAFAC-0000010730,RKM5JHXGZNK4,2023,2024-02-02,620987897
2023-06-GSAFAC-0000010730,RKM5JHXGZNK4,2023,2024-02-02,621630025
2023-06-GSAFAC-0000010730,RKM5JHXGZNK4,2023,2024-02-02,626000772
2023-06-GSAFAC-0000010730,RKM5JHXGZNK4,2023,2024-02-02,621630024
2023-06-GSAFAC-0000010730,RKM5JHXGZNK4,2023,2024-02-02,621011798
2023-06-GSAFAC-0000021888,F8LNWE8JTWK5,2023,2024-02-02,520575305
2023-06-GSAFAC-0000021888,F8LNWE8JTWK5,2023,2024-02-02,541691952
2023-06-GSAFAC-0000021888,F8LNWE8JTWK5,2023,2024-02-02,541691953
2023-06-GSAFAC-0000021888,F8LNWE8JTWK5,2023,2024-02-02,521773885
2023-06-GSAFAC-0000021888,F8LNWE8JTWK5,2023,2024-02-02,232033566
2023-05-GSAFAC-0000018700,DK9MKVC96A47,2023,2024-02-02,680620773
2023-06-GSAFAC-0000001104,YF9AG9XCMMX4,2023,2024-02-02,626000671
2023-06-GSAFAC-0000001104,YF9AG9XCMMX4,2023,2024-02-02,626000672
2023-06-GSAFAC-0000001104,YF9AG9XCMMX4,2023,2024-02-02,626000673
2023-06-GSAFAC-0000021984,M9K7NSGQXGB8,2023,2024-02-02,311148265
2023-06-GSAFAC-0000021984,M9K7NSGQXGB8,2023,2024-02-02,611052311
2023-06-GSAFAC-0000021984,M9K7NSGQXGB8,2023,2024-02-02,621287668
2023-09-GSAFAC-0000006029,N7LEL48NL6X8,2023,2024-02-02,473080613
2023-09-GSAFAC-0000006029,N7LEL48NL6X8,2023,2024-02-02,834237605
2023-09-GSAFAC-0000006029,N7LEL48NL6X8,2023,2024-02-02,205084665
2023-09-GSAFAC-0000006029,N7LEL48NL6X8,2023,2024-02-02,841936693
2023-09-GSAFAC-0000006029,N7LEL48NL6X8,2023,2024-02-02,465634252
2023-09-GSAFAC-0000006029,N7LEL48NL6X8,2023,2024-02-02,460676654
2023-09-GSAFAC-0000006029,N7LEL48NL6X8,2023,2024-02-02,453694469
2023-09-GSAFAC-0000006029,N7LEL48NL6X8,2023,2024-02-02,581436087
2023-09-GSAFAC-0000006029,N7LEL48NL6X8,2023,2024-02-02,205106086
2023-09-GSAFAC-0000006029,N7LEL48NL6X8,2023,2024-02-02,204553410
2023-09-GSAFAC-0000006029,N7LEL48NL6X8,2023,2024-02-02,825415284
2023-09-GSAFAC-0000006029,N7LEL48NL6X8,2023,2024-02-02,331105310
2023-09-GSAFAC-0000006029,N7LEL48NL6X8,2023,2024-02-02,823273795
2023-09-GSAFAC-0000006029,N7LEL48NL6X8,2023,2024-02-02,465754759
2023-09-GSAFAC-0000006029,N7LEL48NL6X8,2023,2024-02-02,463806922
2023-09-GSAFAC-0000006029,N7LEL48NL6X8,2023,2024-02-02,474793694
2023-09-GSAFAC-0000006029,N7LEL48NL6X8,2023,2024-02-02,451259435
2023-09-GSAFAC-0000006029,N7LEL48NL6X8,2023,2024-02-02,451259671
2023-09-GSAFAC-0000006029,N7LEL48NL6X8,2023,2024-02-02,463858353
2023-09-GSAFAC-0000006029,N7LEL48NL6X8,2023,2024-02-02,460667707
2023-09-GSAFAC-0000006029,N7LEL48NL6X8,2023,2024-02-02,811319493
2023-09-GSAFAC-0000006029,N7LEL48NL6X8,2023,2024-02-02,825334312
2023-09-GSAFAC-0000006029,N7LEL48NL6X8,2023,2024-02-02,461977635
2023-09-GSAFAC-0000006029,N7LEL48NL6X8,2023,2024-02-02,582002413
2023-09-GSAFAC-0000006029,N7LEL48NL6X8,2023,2024-02-02,472619158
2023-09-GSAFAC-0000006029,N7LEL48NL6X8,2023,2024-02-02,471088986
2023-09-GSAFAC-0000006029,N7LEL48NL6X8,2023,2024-02-02,455067682
2023-09-GSAFAC-0000006029,N7LEL48NL6X8,2023,2024-02-02,471625673
2023-09-GSAFAC-0000006029,N7LEL48NL6X8,2023,2024-02-02,473958809
2023-09-GSAFAC-0000006029,N7LEL48NL6X8,2023,2024-02-02,834390271
2023-09-GSAFAC-0000006029,N7LEL48NL6X8,2023,2024-02-02,813281163
2023-09-GSAFAC-0000006029,N7LEL48NL6X8,2023,2024-02-02,852031927
2023-09-GSAFAC-0000006029,N7LEL48NL6X8,2023,2024-02-02,850900005
2023-06-GSAFAC-0000020168,GX7UG6VHDHC9,2023,2024-02-02,861274088
2023-09-GSAFAC-0000022671,PEB6D46Y6ZP4,2023,2024-02-02,463364672
2023-09-GSAFAC-0000022671,PEB6D46Y6ZP4,2023,2024-02-02,450275011
2023-09-GSAFAC-0000022671,PEB6D46Y6ZP4,2023,2024-02-02,272608086
2023-09-GSAFAC-0000022671,PEB6D46Y6ZP4,2023,2024-02-02,411486796
2023-09-GSAFAC-0000017225,L9L8P23B6UX7,2023,2024-02-02,030183483
2023-06-GSAFAC-0000017455,YTM8JGESSPY7,2023,2024-02-03,546001296
2023-06-GSAFAC-0000018221,WNDRNNAL2ER1,2023,2024-02-05,232965144
2023-06-GSAFAC-0000018339,N3UTNKGNEZK9,2023,2024-02-05,811952664
2023-06-GSAFAC-0000019464,DFX5MN4GKVL5,2023,2024-02-05,273251347
2023-06-GSAFAC-0000018128,EHEEAGYKUB87,2023,2024-02-05,341621676
2023-06-GSAFAC-0000021628,ZUTNTMQW2FK1,2023,2024-02-05,042921318
2023-06-GSAFAC-0000021628,ZUTNTMQW2FK1,2023,2024-02-05,521084599
2023-06-GSAFAC-0000021628,ZUTNTMQW2FK1,2023,2024-02-05,043093032
2023-06-GSAFAC-0000021628,ZUTNTMQW2FK1,2023,2024-02-05,000936949
2023-06-GSAFAC-0000021628,ZUTNTMQW2FK1,2023,2024-02-05,042933012
2023-06-GSAFAC-0000011993,FQ1GU6LYGDT3,2023,2024-02-05,422404287
2022-12-GSAFAC-0000003175,SK32M9ZYA2M6,2022,2024-02-06,135565207
2023-09-GSAFAC-0000021117,D4UNFMQY18B7,2023,2024-02-06,300103115
2023-06-GSAFAC-0000023123,CPWCTJ8M6ND8,2023,2024-02-06,066001633
2023-09-GSAFAC-0000023276,MBQ9NJJASF23,2023,2024-02-06,223316082
2023-09-GSAFAC-0000023276,MBQ9NJJASF23,2023,2024-02-06,208064203
2023-06-GSAFAC-0000022127,F9W8NJJ41QX5,2023,2024-02-06,237161463
2023-06-GSAFAC-0000020473,H49XBW9NK7E9,2023,2024-02-06,853765234
2023-06-GSAFAC-0000020473,H49XBW9NK7E9,2023,2024-02-06,872322551
2023-06-GSAFAC-0000023434,S7QCJXS6XCX3,2023,2024-02-07,911882658
2023-06-GSAFAC-0000023434,S7QCJXS6XCX3,2023,2024-02-07,546001423
2023-06-GSAFAC-0000023434,S7QCJXS6XCX3,2023,2024-02-07,546001421
2023-06-GSAFAC-0000023434,S7QCJXS6XCX3,2023,2024-02-07,541143537
2020-12-GSAFAC-0000011988,SXFGGNQ2DST3,2020,2024-02-07,843912985
2022-12-GSAFAC-0000015020,M63BVJDRPLL5,2022,2024-02-07,232424443
2022-12-GSAFAC-0000015020,M63BVJDRPLL5,2022,2024-02-07,232703892
2023-06-GSAFAC-0000016804,KURKMKZUFMY2,2023,2024-02-07,836000043
2023-09-GSAFAC-0000019930,ULK7DXFED621,2023,2024-02-07,382289884
2023-09-GSAFAC-0000019930,ULK7DXFED621,2023,2024-02-07,382527075
2023-09-GSAFAC-0000019930,ULK7DXFED621,2023,2024-02-07,382743085
2023-09-GSAFAC-0000019930,ULK7DXFED621,2023,2024-02-07,382753046
2023-09-GSAFAC-0000019930,ULK7DXFED621,2023,2024-02-07,382763522
2023-09-GSAFAC-0000019930,ULK7DXFED621,2023,2024-02-07,382796652
2023-09-GSAFAC-0000019930,ULK7DXFED621,2023,2024-02-07,382815019
2023-09-GSAFAC-0000019930,ULK7DXFED621,2023,2024-02-07,382895827
2023-09-GSAFAC-0000019930,ULK7DXFED621,2023,2024-02-07,382995856
2023-09-GSAFAC-0000019930,ULK7DXFED621,2023,2024-02-07,383128262
2023-09-GSAFAC-0000019930,ULK7DXFED621,2023,2024-02-07,383194361
2023-09-GSAFAC-0000019930,ULK7DXFED621,2023,2024-02-07,383208092
2023-09-GSAFAC-0000019930,ULK7DXFED621,2023,2024-02-07,383230758
2023-09-GSAFAC-0000019930,ULK7DXFED621,2023,2024-02-07,383230759
2023-09-GSAFAC-0000019930,ULK7DXFED621,2023,2024-02-07,383267976
2023-09-GSAFAC-0000019930,ULK7DXFED621,2023,2024-02-07,383323617
2023-09-GSAFAC-0000019930,ULK7DXFED621,2023,2024-02-07,383323619
2023-09-GSAFAC-0000019930,ULK7DXFED621,2023,2024-02-07,383402160
2023-09-GSAFAC-0000019930,ULK7DXFED621,2023,2024-02-07,383519517
2023-09-GSAFAC-0000019930,ULK7DXFED621,2023,2024-02-07,383577116
2023-09-GSAFAC-0000019930,ULK7DXFED621,2023,2024-02-07,832799527
2023-06-GSAFAC-0000017738,X3CKR8Q6GNF3,2023,2024-02-08,546001580
2022-12-GSAFAC-0000023608,ZVQPPV9C2S13,2022,2024-02-08,510511617
2022-12-GSAFAC-0000023608,ZVQPPV9C2S13,2022,2024-02-08,510511632
2022-12-GSAFAC-0000023608,ZVQPPV9C2S13,2022,2024-02-08,510511616
2022-12-GSAFAC-0000023608,ZVQPPV9C2S13,2022,2024-02-08,251543389
2022-12-GSAFAC-0000023608,ZVQPPV9C2S13,2022,2024-02-08,542153829
2022-12-GSAFAC-0000023608,ZVQPPV9C2S13,2022,2024-02-08,251840419
2023-09-GSAFAC-0000022264,Q3MRBEFELGJ4,2023,2024-02-08,721417526
2023-06-GSAFAC-0000024150,PVUJUTLZKEP1,2023,2024-02-08,546001644
2023-09-GSAFAC-0000023366,L7KQE4GQ1Q71,2023,2024-02-08,421510504
2023-09-GSAFAC-0000023366,L7KQE4GQ1Q71,2023,2024-02-08,853106133
2023-06-GSAFAC-0000013181,YBJ8QWMMAHL5,2023,2024-02-08,141340034
2023-06-GSAFAC-0000013181,YBJ8QWMMAHL5,2023,2024-02-08,141498064
2023-06-GSAFAC-0000013181,YBJ8QWMMAHL5,2023,2024-02-08,141541210
2023-06-GSAFAC-0000013181,YBJ8QWMMAHL5,2023,2024-02-08,141547366
2023-06-GSAFAC-0000013181,YBJ8QWMMAHL5,2023,2024-02-08,141578051
2023-06-GSAFAC-0000013181,YBJ8QWMMAHL5,2023,2024-02-08,141592849
2023-06-GSAFAC-0000013181,YBJ8QWMMAHL5,2023,2024-02-08,141595821
2023-06-GSAFAC-0000013181,YBJ8QWMMAHL5,2023,2024-02-08,141605850
2023-06-GSAFAC-0000013181,YBJ8QWMMAHL5,2023,2024-02-08,141679442
2023-06-GSAFAC-0000013181,YBJ8QWMMAHL5,2023,2024-02-08,141750944
2023-06-GSAFAC-0000013181,YBJ8QWMMAHL5,2023,2024-02-08,141752466
2023-06-GSAFAC-0000013181,YBJ8QWMMAHL5,2023,2024-02-08,141800768
2023-06-GSAFAC-0000013181,YBJ8QWMMAHL5,2023,2024-02-08,161189791
2023-06-GSAFAC-0000013181,YBJ8QWMMAHL5,2023,2024-02-08,161525402
2023-06-GSAFAC-0000013181,YBJ8QWMMAHL5,2023,2024-02-08,223091969
2023-06-GSAFAC-0000013181,YBJ8QWMMAHL5,2023,2024-02-08,223214335
2023-06-GSAFAC-0000013181,YBJ8QWMMAHL5,2023,2024-02-08,263101392
2023-06-GSAFAC-0000013181,YBJ8QWMMAHL5,2023,2024-02-08,263101548
2023-06-GSAFAC-0000022235,Q8FQNFNMQP93,2023,2024-02-08,546001568
2023-06-GSAFAC-0000022235,Q8FQNFNMQP93,2023,2024-02-08,546001566
2023-06-GSAFAC-0000024152,WLG7WD5FYA89,2023,2024-02-08,546001373
2023-06-GSAFAC-0000024152,WLG7WD5FYA89,2023,2024-02-08,546001375
2022-06-GSAFAC-0000018273,JNWST397GXV1,2022,2024-02-08,943129466
2022-06-GSAFAC-0000018273,JNWST397GXV1,2022,2024-02-08,943129467
2022-06-GSAFAC-0000018273,JNWST397GXV1,2022,2024-02-08,943129468
2022-06-GSAFAC-0000018273,JNWST397GXV1,2022,2024-02-08,943129469
2022-06-GSAFAC-0000018273,JNWST397GXV1,2022,2024-02-08,943207490
2022-06-GSAFAC-0000018273,JNWST397GXV1,2022,2024-02-08,943390240
2023-06-GSAFAC-0000018936,MHGTQDUQVK37,2023,2024-02-09,208544021
2023-06-GSAFAC-0000018936,MHGTQDUQVK37,2023,2024-02-09,231352211
2023-06-GSAFAC-0000018936,MHGTQDUQVK37,2023,2024-02-09,231512747
2023-06-GSAFAC-0000018936,MHGTQDUQVK37,2023,2024-02-09,251854772
2023-06-GSAFAC-0000018936,MHGTQDUQVK37,2023,2024-02-09,251857035
2023-06-GSAFAC-0000018936,MHGTQDUQVK37,2023,2024-02-09,274000022
2023-06-GSAFAC-0000018936,MHGTQDUQVK37,2023,2024-02-09,300976099
2023-06-GSAFAC-0000018936,MHGTQDUQVK37,2023,2024-02-09,473760825
2023-06-GSAFAC-0000018936,MHGTQDUQVK37,2023,2024-02-09,851607822
2021-09-GSAFAC-0000024130,QPVTGH1TLF49,2021,2024-02-09,263075429
2023-09-GSAFAC-0000021938,ZW3DTRNZ1MC2,2023,2024-02-09,461067929
2023-09-GSAFAC-0000021938,ZW3DTRNZ1MC2,2023,2024-02-09,461077490
2023-09-GSAFAC-0000021938,ZW3DTRNZ1MC2,2023,2024-02-09,814008967
2023-09-GSAFAC-0000021938,ZW3DTRNZ1MC2,2023,2024-02-09,832802830
2023-09-GSAFAC-0000021938,ZW3DTRNZ1MC2,2023,2024-02-09,861796575
2023-08-GSAFAC-0000023740,KZ94NSB42EL5,2023,2024-02-09,811804826
2023-08-GSAFAC-0000023740,KZ94NSB42EL5,2023,2024-02-09,751598794
2023-08-GSAFAC-0000023740,KZ94NSB42EL5,2023,2024-02-09,751835287
2023-08-GSAFAC-0000023740,KZ94NSB42EL5,2023,2024-02-09,752728889
2023-08-GSAFAC-0000023740,KZ94NSB42EL5,2023,2024-02-09,813892121
2023-08-GSAFAC-0000023740,KZ94NSB42EL5,2023,2024-02-09,752660403
2023-08-GSAFAC-0000023740,KZ94NSB42EL5,2023,2024-02-09,851941193
2023-08-GSAFAC-0000023740,KZ94NSB42EL5,2023,2024-02-09,834206582
2023-08-GSAFAC-0000023740,KZ94NSB42EL5,2023,2024-02-09,752800127
2023-06-GSAFAC-0000024112,ZK89TPMVPWL3,2023,2024-02-09,546001418
2023-06-GSAFAC-0000024112,ZK89TPMVPWL3,2023,2024-02-09,546001416
2023-06-GSAFAC-0000015585,V8BLYJDMJHU9,2023,2024-02-09,626020231
2023-06-GSAFAC-0000015585,V8BLYJDMJHU9,2023,2024-02-09,662150296
2023-06-GSAFAC-0000015585,V8BLYJDMJHU9,2023,2024-02-09,626000807
2023-09-GSAFAC-0000021685,JDU5WKU5CJR5,2023,2024-02-09,208725647
2023-09-GSAFAC-0000021685,JDU5WKU5CJR5,2023,2024-02-09,262060345
2023-09-GSAFAC-0000021685,JDU5WKU5CJR5,2023,2024-02-09,301048148
2023-09-GSAFAC-0000021685,JDU5WKU5CJR5,2023,2024-02-09,462756449
2023-09-GSAFAC-0000021685,JDU5WKU5CJR5,2023,2024-02-09,464049246
2023-09-GSAFAC-0000021685,JDU5WKU5CJR5,2023,2024-02-09,464233625
2023-09-GSAFAC-0000021685,JDU5WKU5CJR5,2023,2024-02-09,474310307
2023-09-GSAFAC-0000021685,JDU5WKU5CJR5,2023,2024-02-09,812061031
2023-09-GSAFAC-0000021685,JDU5WKU5CJR5,2023,2024-02-09,821234100
2023-09-GSAFAC-0000021685,JDU5WKU5CJR5,2023,2024-02-09,823188781
2023-06-GSAFAC-0000021365,NYQ5ENN6GLQ9,2023,2024-02-11,270022215
2023-06-GSAFAC-0000021365,NYQ5ENN6GLQ9,2023,2024-02-11,300002632
2022-06-GSAFAC-0000023703,NYQ5ENN6GLQ9,2022,2024-02-11,270022215
2022-06-GSAFAC-0000023703,NYQ5ENN6GLQ9,2022,2024-02-11,300002632
2023-06-GSAFAC-0000007357,FZH4R8S9Z115,2023,2024-02-12,620000489
2023-06-GSAFAC-0000007357,FZH4R8S9Z115,2023,2024-02-12,620000486
2023-06-GSAFAC-0000018323,FGM9UQDVJNP8,2023,2024-02-12,620914766
2023-06-GSAFAC-0000018323,FGM9UQDVJNP8,2023,2024-02-12,623000741
2023-06-GSAFAC-0000018323,FGM9UQDVJNP8,2023,2024-02-12,626000740
2023-06-GSAFAC-0000022227,K5HRT12ZCCJ5,2023,2024-02-12,273720942
2023-06-GSAFAC-0000017824,G75LLL3XCKV4,2023,2024-02-12,546001493
2023-06-GSAFAC-0000017824,G75LLL3XCKV4,2023,2024-02-12,546001490
2023-06-GSAFAC-0000017496,TDLMRMBKN2K7,2023,2024-02-12,626000591
2023-06-GSAFAC-0000017496,TDLMRMBKN2K7,2023,2024-02-12,626000592
2023-11-GSAFAC-0000013902,KPJ9JJGR3K26,2023,2024-02-12,814408523
2023-11-GSAFAC-0000013902,KPJ9JJGR3K26,2023,2024-02-12,344456318
2023-06-GSAFAC-0000020160,D59EE9V8HHD7,2023,2024-02-12,951691313
2023-06-GSAFAC-0000020160,D59EE9V8HHD7,2023,2024-02-12,953814185
2023-09-GSAFAC-0000022014,WU28Y86KCKT7,2023,2024-02-12,311545520
2023-09-GSAFAC-0000022014,WU28Y86KCKT7,2023,2024-02-12,611388556
2023-09-GSAFAC-0000022014,WU28Y86KCKT7,2023,2024-02-12,610510934
2023-09-GSAFAC-0000022014,WU28Y86KCKT7,2023,2024-02-12,610492356
2023-06-GSAFAC-0000018295,R58YCLBHT8C7,2023,2024-02-12,840519607
2023-06-GSAFAC-0000020761,C84LTJNKZF45,2023,2024-02-13,546001495
2023-06-GSAFAC-0000020761,C84LTJNKZF45,2023,2024-02-13,546001499
2023-09-GSAFAC-0000020912,F3LNHFKF5UP1,2023,2024-02-13,386851393
2023-09-GSAFAC-0000022833,KCM2SXSNUS33,2023,2024-02-13,382699000
2023-09-GSAFAC-0000022833,KCM2SXSNUS33,2023,2024-02-13,382699001
2023-09-GSAFAC-0000022833,KCM2SXSNUS33,2023,2024-02-13,382700033
2023-06-GSAFAC-0000024567,NBETHC52JNL9,2023,2024-02-13,610662739
2023-06-GSAFAC-0000024571,KTN3SD3DMXR5,2023,2024-02-13,626000262
2023-06-GSAFAC-0000024571,KTN3SD3DMXR5,2023,2024-02-13,620719309
2023-06-GSAFAC-0000024571,KTN3SD3DMXR5,2023,2024-02-13,581504427
2023-06-GSAFAC-0000024571,KTN3SD3DMXR5,2023,2024-02-13,621346109
2023-06-GSAFAC-0000024571,KTN3SD3DMXR5,2023,2024-02-13,626051216
2023-06-GSAFAC-0000015331,L9SANTM4N7J5,2023,2024-02-13,273600575
2023-06-GSAFAC-0000015331,L9SANTM4N7J5,2023,2024-02-13,380350304
2023-06-GSAFAC-0000015331,L9SANTM4N7J5,2023,2024-02-13,381303843
2023-06-GSAFAC-0000015331,L9SANTM4N7J5,2023,2024-02-13,381362830
2023-06-GSAFAC-0000015331,L9SANTM4N7J5,2023,2024-02-13,381415623
2023-06-GSAFAC-0000015331,L9SANTM4N7J5,2023,2024-02-13,381459366
2023-06-GSAFAC-0000015331,L9SANTM4N7J5,2023,2024-02-13,382191390
2023-06-GSAFAC-0000015331,L9SANTM4N7J5,2023,2024-02-13,382543463
2023-06-GSAFAC-0000015331,L9SANTM4N7J5,2023,2024-02-13,382657917
2023-06-GSAFAC-0000015331,L9SANTM4N7J5,2023,2024-02-13,383097861
2023-06-GSAFAC-0000015331,L9SANTM4N7J5,2023,2024-02-13,383144382
2023-06-GSAFAC-0000015331,L9SANTM4N7J5,2023,2024-02-13,471156297
2023-06-GSAFAC-0000015331,L9SANTM4N7J5,2023,2024-02-13,471161992
2023-06-GSAFAC-0000013748,ZZ5WSC7D56X1,2023,2024-02-14,464918535
2023-06-GSAFAC-0000013748,ZZ5WSC7D56X1,2023,2024-02-14,824674349
2023-06-GSAFAC-0000024323,E5HJDZN87QL9,2023,2024-02-14,453329121
2023-09-GSAFAC-0000023492,H9ZFMV7TMYX3,2023,2024-02-14,562101090
2023-09-GSAFAC-0000023492,H9ZFMV7TMYX3,2023,2024-02-14,562072002
2023-09-GSAFAC-0000023492,H9ZFMV7TMYX3,2023,2024-02-14,562093700
2023-09-GSAFAC-0000023492,H9ZFMV7TMYX3,2023,2024-02-14,562003393
2023-09-GSAFAC-0000023492,H9ZFMV7TMYX3,2023,2024-02-14,560585243
2023-09-GSAFAC-0000023492,H9ZFMV7TMYX3,2023,2024-02-14,562112733
2023-09-GSAFAC-0000023492,H9ZFMV7TMYX3,2023,2024-02-14,566011594
2023-09-GSAFAC-0000023492,H9ZFMV7TMYX3,2023,2024-02-14,560989789
2023-09-GSAFAC-0000023492,H9ZFMV7TMYX3,2023,2024-02-14,452436270
2023-09-GSAFAC-0000023492,H9ZFMV7TMYX3,2023,2024-02-14,561949493
2023-09-GSAFAC-0000023492,H9ZFMV7TMYX3,2023,2024-02-14,561396133
2023-09-GSAFAC-0000023492,H9ZFMV7TMYX3,2023,2024-02-14,383740839
2023-09-GSAFAC-0000023492,H9ZFMV7TMYX3,2023,2024-02-14,262558314
2023-09-GSAFAC-0000023492,H9ZFMV7TMYX3,2023,2024-02-14,561925492
2023-06-GSAFAC-0000019871,NNYDFK5FTSX9,2023,2024-02-14,237043186
2023-06-GSAFAC-0000019056,LDRWDCHH9N15,2023,2024-02-15,432061820
2023-06-GSAFAC-0000019056,LDRWDCHH9N15,2023,2024-02-15,546001278
2023-06-GSAFAC-0000019056,LDRWDCHH9N15,2023,2024-02-15,546001281
2023-06-GSAFAC-0000017926,WLGLTCBAKLB5,2023,2024-02-15,273887988
2023-06-GSAFAC-0000017926,WLGLTCBAKLB5,2023,2024-02-15,461233735
2023-06-GSAFAC-0000021932,DUM9ECBKWHY9,2023,2024-02-15,221801227
2023-06-GSAFAC-0000021932,DUM9ECBKWHY9,2023,2024-02-15,231352117
2023-06-GSAFAC-0000021932,DUM9ECBKWHY9,2023,2024-02-15,261855027
2023-06-GSAFAC-0000022977,FJHRBDQFM4J5,2023,2024-02-15,273176759
2023-06-GSAFAC-0000007173,JZ1ZCBNHQ4Y9,2023,2024-02-15,232719336
2023-06-GSAFAC-0000007173,JZ1ZCBNHQ4Y9,2023,2024-02-15,240798839
2023-06-GSAFAC-0000024467,KRQ2FN9843E7,2023,2024-02-15,593201112
2023-06-GSAFAC-0000024467,KRQ2FN9843E7,2023,2024-02-15,593405746
2023-06-GSAFAC-0000024467,KRQ2FN9843E7,2023,2024-02-15,273070662
2023-06-GSAFAC-0000024467,KRQ2FN9843E7,2023,2024-02-15,274287768
2023-06-GSAFAC-0000024467,KRQ2FN9843E7,2023,2024-02-15,454775619
2023-06-GSAFAC-0000024467,KRQ2FN9843E7,2023,2024-02-15,493492167
2023-06-GSAFAC-0000024467,KRQ2FN9843E7,2023,2024-02-15,371620362
2023-06-GSAFAC-0000024467,KRQ2FN9843E7,2023,2024-02-15,273395014
2023-06-GSAFAC-0000024467,KRQ2FN9843E7,2023,2024-02-15,455855182
2023-06-GSAFAC-0000024467,KRQ2FN9843E7,2023,2024-02-15,592999635
2022-03-GSAFAC-0000015056,J17TD9AKCWN6,2022,2024-02-15,363290656
2023-06-GSAFAC-0000014360,N5D6ZPK28B18,2023,2024-02-15,626000602
2023-06-GSAFAC-0000014360,N5D6ZPK28B18,2023,2024-02-15,620802375
2023-06-GSAFAC-0000014360,N5D6ZPK28B18,2023,2024-02-15,626000685
2023-09-GSAFAC-0000018932,FBJDDZ284KU6,2023,2024-02-15,161355896
2023-06-GSAFAC-0000025186,ZXEMEG8R1FV8,2023,2024-02-16,853646386
2023-06-GSAFAC-0000017888,XXVLZEYU3MN5,2023,2024-02-16,546001605
2023-06-GSAFAC-0000017888,XXVLZEYU3MN5,2023,2024-02-16,546001602
2023-06-GSAFAC-0000019851,QFCVB9X7NN47,2023,2024-02-16,626000761
2023-06-GSAFAC-0000019851,QFCVB9X7NN47,2023,2024-02-16,621174848
2023-06-GSAFAC-0000021536,UNJ1ZELU68N3,2023,2024-02-16,620964468
2023-06-GSAFAC-0000021536,UNJ1ZELU68N3,2023,2024-02-16,626000651
2023-06-GSAFAC-0000022434,LNTJM8W2H3E9,2023,2024-02-16,844633153
2023-06-GSAFAC-0000024272,QUKNKLZ4N889,2023,2024-02-16,616033693
2023-06-GSAFAC-0000023894,SYYWQMKXJ345,2023,2024-02-17,621590713
2023-06-GSAFAC-0000023894,SYYWQMKXJ345,2023,2024-02-17,621605071
2023-06-GSAFAC-0000023894,SYYWQMKXJ345,2023,2024-02-17,621649052
2023-09-GSAFAC-0000022641,NNY8KTQLXNA7,2023,2024-02-18,590694358
2023-09-GSAFAC-0000022641,NNY8KTQLXNA7,2023,2024-02-18,331075317
2023-06-GSAFAC-0000023531,W4HJEY37JEJ5,2023,2024-02-19,161285546
2023-06-GSAFAC-0000020188,ZTYYL9NL5QX9,2023,2024-02-19,473062508
2023-06-GSAFAC-0000020188,ZTYYL9NL5QX9,2023,2024-02-19,351577679
2023-06-GSAFAC-0000020188,ZTYYL9NL5QX9,2023,2024-02-19,451475026
2023-06-GSAFAC-0000020188,ZTYYL9NL5QX9,2023,2024-02-19,351827682
2023-06-GSAFAC-0000020188,ZTYYL9NL5QX9,2023,2024-02-19,350867980
2023-06-GSAFAC-0000020188,ZTYYL9NL5QX9,2023,2024-02-19,311074018
2023-06-GSAFAC-0000020188,ZTYYL9NL5QX9,2023,2024-02-19,351141484
2023-06-GSAFAC-0000020188,ZTYYL9NL5QX9,2023,2024-02-19,271010344
2023-09-GSAFAC-0000022817,G4QTPHW3TPH6,2023,2024-02-20,208424918
2023-06-GSAFAC-0000017406,DEF8RN9BAUD3,2023,2024-02-20,862317809
2023-06-GSAFAC-0000017406,DEF8RN9BAUD3,2023,2024-02-20,880658320
2023-06-GSAFAC-0000017406,DEF8RN9BAUD3,2023,2024-02-20,463928436
2023-06-GSAFAC-0000017406,DEF8RN9BAUD3,2023,2024-02-20,815024343
2023-06-GSAFAC-0000017406,DEF8RN9BAUD3,2023,2024-02-20,272392631
2023-06-GSAFAC-0000017406,DEF8RN9BAUD3,2023,2024-02-20,880685018
2023-06-GSAFAC-0000017406,DEF8RN9BAUD3,2023,2024-02-20,510459770
2023-06-GSAFAC-0000017406,DEF8RN9BAUD3,2023,2024-02-20,872310108
2023-09-GSAFAC-0000005934,J1GJSEM4BJ97,2023,2024-02-20,020324948
2023-09-GSAFAC-0000025183,LDNYJMXCKUW1,2023,2024-02-20,592898487
2023-09-GSAFAC-0000025183,LDNYJMXCKUW1,2023,2024-02-20,592661284
2023-09-GSAFAC-0000025183,LDNYJMXCKUW1,2023,2024-02-20,842569909
2023-06-GSAFAC-0000022735,K49KP3ZCGW63,2023,2024-02-21,474879855
2023-06-GSAFAC-0000022698,D8V4P7NVGAU7,2023,2024-02-21,056023622
2023-06-GSAFAC-0000025518,VM6DEJ9RGGM7,2023,2024-02-21,800623399
2023-06-GSAFAC-0000018497,DCAQD6LFTC29,2023,2024-02-21,626000827
2023-06-GSAFAC-0000021075,Y92CFEPN2RJ9,2023,2024-02-21,626000699
2023-06-GSAFAC-0000012041,MTA4VALZG1B4,2023,2024-02-21,626000675
2023-06-GSAFAC-0000012041,MTA4VALZG1B4,2023,2024-02-21,626000674
2023-06-GSAFAC-0000019677,ZQ5JYL7HQFS7,2023,2024-02-21,133893536
2023-06-GSAFAC-0000021076,TP7EK8DZV6N5,2023,2024-02-21,562070036
2023-06-GSAFAC-0000021076,TP7EK8DZV6N5,2023,2024-02-21,833076664
2023-06-GSAFAC-0000020750,LZ7JSLK4WYQ1,2023,2024-02-21,620809035
2023-06-GSAFAC-0000020750,LZ7JSLK4WYQ1,2023,2024-02-21,626000536
2023-06-GSAFAC-0000024878,CM7JLP8P4BV9,2023,2024-02-22,581884314
2023-06-GSAFAC-0000024878,CM7JLP8P4BV9,2023,2024-02-22,462102629
2023-06-GSAFAC-0000024878,CM7JLP8P4BV9,2023,2024-02-22,272980962
2023-06-GSAFAC-0000024878,CM7JLP8P4BV9,2023,2024-02-22,825187448
2023-06-GSAFAC-0000024878,CM7JLP8P4BV9,2023,2024-02-22,825207247
2023-06-GSAFAC-0000024878,CM7JLP8P4BV9,2023,2024-02-22,832714735
2023-06-GSAFAC-0000024878,CM7JLP8P4BV9,2023,2024-02-22,461868914
2023-06-GSAFAC-0000024878,CM7JLP8P4BV9,2023,2024-02-22,825179383
2023-06-GSAFAC-0000024878,CM7JLP8P4BV9,2023,2024-02-22,825217756
2023-06-GSAFAC-0000024878,CM7JLP8P4BV9,2023,2024-02-22,842176718
2023-06-GSAFAC-0000024878,CM7JLP8P4BV9,2023,2024-02-22,621604972
2023-06-GSAFAC-0000024878,CM7JLP8P4BV9,2023,2024-02-22,205800973
2023-06-GSAFAC-0000024878,CM7JLP8P4BV9,2023,2024-02-22,621753289
2023-06-GSAFAC-0000024878,CM7JLP8P4BV9,2023,2024-02-22,621624171
2021-05-GSAFAC-0000000970,MQMJNLMNKEB6,2021,2024-02-22,381360585
2023-06-GSAFAC-0000019585,E1KJM4T54MK6,2023,2024-02-22,611029626
2023-06-GSAFAC-0000023796,HMSPXCT2GMG3,2023,2024-02-22,954457426
2023-06-GSAFAC-0000013600,DAKHSD18MVG5,2023,2024-02-22,626000710
2023-06-GSAFAC-0000013600,DAKHSD18MVG5,2023,2024-02-22,621251850
2023-06-GSAFAC-0000026381,C6VFXLAFKEY1,2023,2024-02-22,546001201
2023-06-GSAFAC-0000026381,C6VFXLAFKEY1,2023,2024-02-22,546001203
2023-09-GSAFAC-0000023490,WDBRTW7XMME9,2023,2024-02-23,020222118
2022-08-GSAFAC-0000026455,XVK8SAMNFGJ6,2022,2024-02-23,475678970
2022-08-GSAFAC-0000026455,XVK8SAMNFGJ6,2022,2024-02-23,464047597
2022-08-GSAFAC-0000026455,XVK8SAMNFGJ6,2022,2024-02-23,472480928
2022-08-GSAFAC-0000026455,XVK8SAMNFGJ6,2022,2024-02-23,472413792
2023-09-GSAFAC-0000023250,D2LNFU9KSHC6,2023,2024-02-23,010800655
2023-09-GSAFAC-0000023250,D2LNFU9KSHC6,2023,2024-02-23,410693906
2023-06-GSAFAC-0000019848,VQZTX4NEJ8L5,2023,2024-02-23,626000574
2023-06-GSAFAC-0000019848,VQZTX4NEJ8L5,2023,2024-02-23,626000577
2023-06-GSAFAC-0000018241,C6A8LHPE9YA5,2023,2024-02-23,830287956
2023-06-GSAFAC-0000018241,C6A8LHPE9YA5,2023,2024-02-23,861065210
2023-06-GSAFAC-0000021340,JNN5H3J43L24,2023,2024-02-23,676000706
2023-06-GSAFAC-0000021340,JNN5H3J43L24,2023,2024-02-23,676000707
2023-06-GSAFAC-0000021256,L6M1G1EY4L56,2023,2024-02-24,626000712
2023-06-GSAFAC-0000021256,L6M1G1EY4L56,2023,2024-02-24,626000713
2023-09-GSAFAC-0000015362,UYLKBRENAPG5,2023,2024-02-24,522322791
2023-09-GSAFAC-0000020960,DAK5U8MA29G5,2023,2024-02-26,560529994
2023-09-GSAFAC-0000020960,DAK5U8MA29G5,2023,2024-02-26,800249057
2023-09-GSAFAC-0000020960,DAK5U8MA29G5,2023,2024-02-26,300554775
2023-09-GSAFAC-0000020960,DAK5U8MA29G5,2023,2024-02-26,561714318
2023-09-GSAFAC-0000020960,DAK5U8MA29G5,2023,2024-02-26,562095382
2023-06-GSAFAC-0000014154,NFNQYUNV3LX9,2023,2024-02-26,626000745
2023-09-GSAFAC-0000026562,VNKWPWKA7DJ6,2023,2024-02-26,204560540
2023-06-GSAFAC-0000017730,MUNUKPPCPLJ4,2023,2024-02-26,626000917
2023-08-GSAFAC-0000025825,XAJWT43U55A3,2023,2024-02-26,363310838
2023-09-GSAFAC-0000024013,T8PKW48KJ5M8,2023,2024-02-26,942856701
2023-06-GSAFAC-0000012654,NZRZTM98Q7G1,2023,2024-02-26,020366565
2023-06-GSAFAC-0000017981,DK5SDEYN9C43,2023,2024-02-26,626000497
2023-06-GSAFAC-0000017981,DK5SDEYN9C43,2023,2024-02-26,626000496
2023-06-GSAFAC-0000019081,GYLUH9UXHDX5,2023,2024-02-26,853419620
2023-06-GSAFAC-0000019081,GYLUH9UXHDX5,2023,2024-02-26,141895171
2023-06-GSAFAC-0000019081,GYLUH9UXHDX5,2023,2024-02-26,821942209
2023-06-GSAFAC-0000019081,GYLUH9UXHDX5,2023,2024-02-26,853420386
2023-06-GSAFAC-0000019081,GYLUH9UXHDX5,2023,2024-02-26,621404948
2023-06-GSAFAC-0000019081,GYLUH9UXHDX5,2023,2024-02-26,821686154
2023-06-GSAFAC-0000019081,GYLUH9UXHDX5,2023,2024-02-26,621650124
2023-06-GSAFAC-0000019081,GYLUH9UXHDX5,2023,2024-02-26,300964540
2023-06-GSAFAC-0000019081,GYLUH9UXHDX5,2023,2024-02-26,821681443
2023-06-GSAFAC-0000019081,GYLUH9UXHDX5,2023,2024-02-26,843131467
2023-06-GSAFAC-0000019081,GYLUH9UXHDX5,2023,2024-02-26,461571024
2023-06-GSAFAC-0000019081,GYLUH9UXHDX5,2023,2024-02-26,260170070
2023-06-GSAFAC-0000019081,GYLUH9UXHDX5,2023,2024-02-26,263762022
2023-06-GSAFAC-0000019081,GYLUH9UXHDX5,2023,2024-02-26,812692564
2023-06-GSAFAC-0000019081,GYLUH9UXHDX5,2023,2024-02-26,821456647
2023-06-GSAFAC-0000019081,GYLUH9UXHDX5,2023,2024-02-26,824148840
2023-06-GSAFAC-0000019081,GYLUH9UXHDX5,2023,2024-02-26,621864145
2023-06-GSAFAC-0000019081,GYLUH9UXHDX5,2023,2024-02-26,261241612
2023-06-GSAFAC-0000019081,GYLUH9UXHDX5,2023,2024-02-26,843700835
2023-06-GSAFAC-0000019081,GYLUH9UXHDX5,2023,2024-02-26,621855535
2023-06-GSAFAC-0000019081,GYLUH9UXHDX5,2023,2024-02-26,621654580
2023-06-GSAFAC-0000019081,GYLUH9UXHDX5,2023,2024-02-26,853448238
2023-06-GSAFAC-0000019081,GYLUH9UXHDX5,2023,2024-02-26,824174759
2023-06-GSAFAC-0000019081,GYLUH9UXHDX5,2023,2024-02-26,621787098
2023-06-GSAFAC-0000019081,GYLUH9UXHDX5,2023,2024-02-26,462325870
2023-06-GSAFAC-0000019081,GYLUH9UXHDX5,2023,2024-02-26,813915926
2023-06-GSAFAC-0000019081,GYLUH9UXHDX5,2023,2024-02-26,824143617
2023-06-GSAFAC-0000019081,GYLUH9UXHDX5,2023,2024-02-26,821685569
2023-06-GSAFAC-0000019081,GYLUH9UXHDX5,2023,2024-02-26,621176354
2023-06-GSAFAC-0000019081,GYLUH9UXHDX5,2023,2024-02-26,821462688
2023-06-GSAFAC-0000019081,GYLUH9UXHDX5,2023,2024-02-26,621809227
2023-06-GSAFAC-0000023999,YA19F2DLHLE5,2023,2024-02-26,431960221
2023-06-GSAFAC-0000025877,JSCUHKLVUMH8,2023,2024-02-27,431341457
2022-09-GSAFAC-0000026033,J3B8B3AJZ514,2022,2024-02-27,273818447
2022-09-GSAFAC-0000026033,J3B8B3AJZ514,2022,2024-02-27,411992053
2023-06-GSAFAC-0000025486,D8EALVM55NQ5,2023,2024-02-27,561844262
2023-06-GSAFAC-0000019237,H2JQJKZU65E8,2023,2024-02-27,237287605
2023-06-GSAFAC-0000020610,MVFXAC6DUXG5,2023,2024-02-27,462976029
2023-06-GSAFAC-0000026960,V7MAKBE1MCL7,2023,2024-02-27,421145453
2023-06-GSAFAC-0000026960,V7MAKBE1MCL7,2023,2024-02-27,421470806
2023-09-GSAFAC-0000023078,QSNHG1LGP4C4,2023,2024-02-27,204591563
2023-09-GSAFAC-0000023078,QSNHG1LGP4C4,2023,2024-02-27,273526155
2023-06-GSAFAC-0000026556,YDMVPF8DTLG9,2023,2024-02-27,203212866
2023-09-GSAFAC-0000025709,NJ49XNLZ2RY5,2023,2024-02-28,631265839
2023-12-GSAFAC-0000027107,SCVMV157SYP3,2023,2024-02-28,455352976
2023-12-GSAFAC-0000027107,SCVMV157SYP3,2023,2024-02-28,475312741
2023-12-GSAFAC-0000027107,SCVMV157SYP3,2023,2024-02-28,824750959
2023-06-GSAFAC-0000017210,MHT1REF7M7S1,2023,2024-02-29,383369438
2023-06-GSAFAC-0000022792,MGJHC3TKVPM5,2023,2024-02-29,043330930
2023-06-GSAFAC-0000022792,MGJHC3TKVPM5,2023,2024-02-29,562529097
2023-06-GSAFAC-0000022792,MGJHC3TKVPM5,2023,2024-02-29,043331170
2023-06-GSAFAC-0000022792,MGJHC3TKVPM5,2023,2024-02-29,943313535
2023-06-GSAFAC-0000022807,P27BJKX9A7N3,2023,2024-02-29,205004218
2023-05-GSAFAC-0000027313,WCC3Q7RY1HK9,2023,2024-02-29,590530240
2022-06-GSAFAC-0000027512,F9M3UKYHNA61,2022,2024-02-29,680436934
2023-06-GSAFAC-0000012733,EBANSTKX83C8,2023,2024-02-29,431009163
2023-06-GSAFAC-0000025426,CE6YV63935S9,2023,2024-03-01,410850702
2023-06-GSAFAC-0000025426,CE6YV63935S9,2023,2024-03-01,823166379
2023-06-GSAFAC-0000025426,CE6YV63935S9,2023,2024-03-01,384089454
2023-06-GSAFAC-0000025426,CE6YV63935S9,2023,2024-03-01,411806657
2023-06-GSAFAC-0000025426,CE6YV63935S9,2023,2024-03-01,411924645
2023-06-GSAFAC-0000025426,CE6YV63935S9,2023,2024-03-01,411865315
2023-06-GSAFAC-0000025426,CE6YV63935S9,2023,2024-03-01,461584944
2023-06-GSAFAC-0000025426,CE6YV63935S9,2023,2024-03-01,463298651
2023-06-GSAFAC-0000025426,CE6YV63935S9,2023,2024-03-01,411321978
2023-06-GSAFAC-0000025426,CE6YV63935S9,2023,2024-03-01,452438973
2023-06-GSAFAC-0000025426,CE6YV63935S9,2023,2024-03-01,410695596
2023-06-GSAFAC-0000025426,CE6YV63935S9,2023,2024-03-01,611514974
2023-06-GSAFAC-0000025426,CE6YV63935S9,2023,2024-03-01,920754820
2023-06-GSAFAC-0000025426,CE6YV63935S9,2023,2024-03-01,863675734
2023-12-GSAFAC-0000026079,ZCBYDC28YWR5,2023,2024-03-01,853760141
2023-06-GSAFAC-0000027086,JNZ3AKDC5Y94,2023,2024-03-01,113742937
2023-06-GSAFAC-0000027086,JNZ3AKDC5Y94,2023,2024-03-01,262623534
2023-06-GSAFAC-0000027086,JNZ3AKDC5Y94,2023,2024-03-01,300507067
2023-06-GSAFAC-0000027086,JNZ3AKDC5Y94,2023,2024-03-01,320200490
2023-06-GSAFAC-0000027086,JNZ3AKDC5Y94,2023,2024-03-01,412167984
2023-06-GSAFAC-0000027086,JNZ3AKDC5Y94,2023,2024-03-01,455463036
2023-06-GSAFAC-0000027086,JNZ3AKDC5Y94,2023,2024-03-01,465109796
2023-06-GSAFAC-0000027086,JNZ3AKDC5Y94,2023,2024-03-01,472045326
2023-06-GSAFAC-0000027086,JNZ3AKDC5Y94,2023,2024-03-01,510632254
2023-06-GSAFAC-0000027086,JNZ3AKDC5Y94,2023,2024-03-01,550458465
2023-06-GSAFAC-0000027086,JNZ3AKDC5Y94,2023,2024-03-01,550483610
2023-06-GSAFAC-0000027086,JNZ3AKDC5Y94,2023,2024-03-01,550489243
2023-06-GSAFAC-0000027086,JNZ3AKDC5Y94,2023,2024-03-01,550517092
2023-06-GSAFAC-0000027086,JNZ3AKDC5Y94,2023,2024-03-01,550523820
2023-06-GSAFAC-0000027086,JNZ3AKDC5Y94,2023,2024-03-01,550524072
2023-06-GSAFAC-0000027086,JNZ3AKDC5Y94,2023,2024-03-01,550530182
2023-06-GSAFAC-0000027086,JNZ3AKDC5Y94,2023,2024-03-01,550561541
2023-06-GSAFAC-0000027086,JNZ3AKDC5Y94,2023,2024-03-01,550574804
2023-06-GSAFAC-0000027086,JNZ3AKDC5Y94,2023,2024-03-01,550642540
2023-06-GSAFAC-0000027086,JNZ3AKDC5Y94,2023,2024-03-01,550658367
2023-06-GSAFAC-0000027086,JNZ3AKDC5Y94,2023,2024-03-01,550690975
2023-06-GSAFAC-0000027086,JNZ3AKDC5Y94,2023,2024-03-01,550691505
2023-06-GSAFAC-0000027086,JNZ3AKDC5Y94,2023,2024-03-01,550691527
2023-06-GSAFAC-0000027086,JNZ3AKDC5Y94,2023,2024-03-01,550711421
2023-06-GSAFAC-0000027086,JNZ3AKDC5Y94,2023,2024-03-01,550729970
2023-06-GSAFAC-0000027086,JNZ3AKDC5Y94,2023,2024-03-01,550773516
2023-06-GSAFAC-0000027086,JNZ3AKDC5Y94,2023,2024-03-01,550865745
2023-06-GSAFAC-0000027086,JNZ3AKDC5Y94,2023,2024-03-01,556000738
2023-06-GSAFAC-0000027086,JNZ3AKDC5Y94,2023,2024-03-01,556000748
2023-06-GSAFAC-0000027086,JNZ3AKDC5Y94,2023,2024-03-01,556000751
2023-06-GSAFAC-0000027086,JNZ3AKDC5Y94,2023,2024-03-01,556000753
2023-06-GSAFAC-0000027086,JNZ3AKDC5Y94,2023,2024-03-01,556000760
2023-06-GSAFAC-0000027086,JNZ3AKDC5Y94,2023,2024-03-01,556000761
2023-06-GSAFAC-0000027086,JNZ3AKDC5Y94,2023,2024-03-01,556000763
2023-06-GSAFAC-0000027086,JNZ3AKDC5Y94,2023,2024-03-01,556000765
2023-06-GSAFAC-0000027086,JNZ3AKDC5Y94,2023,2024-03-01,556000766
2023-06-GSAFAC-0000027086,JNZ3AKDC5Y94,2023,2024-03-01,556000768
2023-06-GSAFAC-0000027086,JNZ3AKDC5Y94,2023,2024-03-01,556000769
2023-06-GSAFAC-0000027086,JNZ3AKDC5Y94,2023,2024-03-01,556000771
2023-06-GSAFAC-0000027086,JNZ3AKDC5Y94,2023,2024-03-01,556000772
2023-06-GSAFAC-0000027086,JNZ3AKDC5Y94,2023,2024-03-01,556000774
2023-06-GSAFAC-0000027086,JNZ3AKDC5Y94,2023,2024-03-01,556000776
2023-06-GSAFAC-0000027086,JNZ3AKDC5Y94,2023,2024-03-01,556000778
2023-06-GSAFAC-0000027086,JNZ3AKDC5Y94,2023,2024-03-01,556000779
2023-06-GSAFAC-0000027086,JNZ3AKDC5Y94,2023,2024-03-01,556000780
2023-06-GSAFAC-0000027086,JNZ3AKDC5Y94,2023,2024-03-01,556000786
2023-06-GSAFAC-0000027086,JNZ3AKDC5Y94,2023,2024-03-01,556000789
2023-06-GSAFAC-0000027086,JNZ3AKDC5Y94,2023,2024-03-01,556000795
2023-06-GSAFAC-0000027086,JNZ3AKDC5Y94,2023,2024-03-01,556000798
2023-06-GSAFAC-0000027086,JNZ3AKDC5Y94,2023,2024-03-01,556000799
2023-06-GSAFAC-0000027086,JNZ3AKDC5Y94,2023,2024-03-01,556000802
2023-06-GSAFAC-0000027086,JNZ3AKDC5Y94,2023,2024-03-01,556000810
2023-06-GSAFAC-0000027086,JNZ3AKDC5Y94,2023,2024-03-01,556000813
2023-06-GSAFAC-0000027086,JNZ3AKDC5Y94,2023,2024-03-01,556000822
2023-06-GSAFAC-0000027086,JNZ3AKDC5Y94,2023,2024-03-01,556000831
2023-06-GSAFAC-0000027086,JNZ3AKDC5Y94,2023,2024-03-01,556000839
2023-06-GSAFAC-0000027086,JNZ3AKDC5Y94,2023,2024-03-01,556000842
2023-06-GSAFAC-0000027086,JNZ3AKDC5Y94,2023,2024-03-01,556000932
2023-06-GSAFAC-0000027086,JNZ3AKDC5Y94,2023,2024-03-01,556000936
2023-06-GSAFAC-0000027086,JNZ3AKDC5Y94,2023,2024-03-01,556001347
2023-06-GSAFAC-0000025729,LAANF98HV2L9,2023,2024-03-01,061259340
2023-06-GSAFAC-0000025729,LAANF98HV2L9,2023,2024-03-01,231405636
2023-06-GSAFAC-0000025729,LAANF98HV2L9,2023,2024-03-01,231915567
2023-06-GSAFAC-0000025729,LAANF98HV2L9,2023,2024-03-01,251813977
2023-06-GSAFAC-0000025729,LAANF98HV2L9,2023,2024-03-01,261454616
2023-06-GSAFAC-0000025729,LAANF98HV2L9,2023,2024-03-01,222506702
2020-06-GSAFAC-0000004902,HEJDFU1K4E22,2020,2024-03-01,660735092
2023-06-GSAFAC-0000026243,NCSMA19DF7E6,2023,2024-03-01,201645949
2023-06-GSAFAC-0000026243,NCSMA19DF7E6,2023,2024-03-01,954457756
2023-06-GSAFAC-0000026243,NCSMA19DF7E6,2023,2024-03-01,870760381
2023-06-GSAFAC-0000026243,NCSMA19DF7E6,2023,2024-03-01,113652210
2023-06-GSAFAC-0000026243,NCSMA19DF7E6,2023,2024-03-01,721349748
2023-06-GSAFAC-0000026243,NCSMA19DF7E6,2023,2024-03-01,542075700
2023-06-GSAFAC-0000026243,NCSMA19DF7E6,2023,2024-03-01,134341801
2023-06-GSAFAC-0000026243,NCSMA19DF7E6,2023,2024-03-01,760769099
2023-06-GSAFAC-0000026243,NCSMA19DF7E6,2023,2024-03-01,461628556
2023-06-GSAFAC-0000026243,NCSMA19DF7E6,2023,2024-03-01,951644042
2023-06-GSAFAC-0000026243,NCSMA19DF7E6,2023,2024-03-01,330073515
2023-06-GSAFAC-0000026243,NCSMA19DF7E6,2023,2024-03-01,951644036
2023-06-GSAFAC-0000026243,NCSMA19DF7E6,2023,2024-03-01,954434428
2023-06-GSAFAC-0000026243,NCSMA19DF7E6,2023,2024-03-01,273922007
2023-06-GSAFAC-0000024704,JJFDLM198F57,2023,2024-03-01,874321178
2021-12-GSAFAC-0000024765,TVC4FPVPAMA6,2021,2024-03-01,571225225
2023-06-GSAFAC-0000027893,PDK2F8P8DK15,2023,2024-03-01,611386016
2023-06-GSAFAC-0000027893,PDK2F8P8DK15,2023,2024-03-01,010560598
2023-06-GSAFAC-0000027893,PDK2F8P8DK15,2023,2024-03-01,610444716
2023-12-GSAFAC-0000027085,F14XVD49CJ95,2023,2024-03-02,582127749
2023-06-GSAFAC-0000027821,Q6FLM669M8G4,2023,2024-03-03,260353071
2023-06-GSAFAC-0000028029,QJ39TLQVVQ17,2023,2024-03-03,113399582
2023-06-GSAFAC-0000021936,CL1DBBTJGJJ8,2023,2024-03-04,626000862
2023-06-GSAFAC-0000027071,JJ4TBMWXF823,2023,2024-03-04,232788924
2023-09-GSAFAC-0000027490,TM1APB6J5TD6,2023,2024-03-04,596000729
2023-09-GSAFAC-0000027490,TM1APB6J5TD6,2023,2024-03-04,300483077
2023-09-GSAFAC-0000027490,TM1APB6J5TD6,2023,2024-03-04,596000731
2023-06-GSAFAC-0000018660,X1PHNPJ79AA4,2023,2024-03-04,626000539
2023-06-GSAFAC-0000018660,X1PHNPJ79AA4,2023,2024-03-04,626000540
2023-06-GSAFAC-0000018660,X1PHNPJ79AA4,2023,2024-03-04,621430290
2023-06-GSAFAC-0000022863,YWYEJEYHCA31,2023,2024-03-04,043575676
2023-06-GSAFAC-0000025665,RCVMQW96BYS8,2023,2024-03-04,546001482
2023-06-GSAFAC-0000023389,PC5NYNW2UQ54,2023,2024-03-04,626000722
2023-06-GSAFAC-0000024288,K3AHYL5LSR28,2023,2024-03-04,910578229
2023-06-GSAFAC-0000023460,PBFFEC843EC9,2023,2024-03-05,263981604
2023-06-GSAFAC-0000023460,PBFFEC843EC9,2023,2024-03-05,810751021
2023-06-GSAFAC-0000023460,PBFFEC843EC9,2023,2024-03-05,861949932
2023-06-GSAFAC-0000023460,PBFFEC843EC9,2023,2024-03-05,202037387
2023-06-GSAFAC-0000023070,JRSQR8PAE1L3,2023,2024-03-05,626000790
2023-06-GSAFAC-0000028013,KPE4E3JLLWZ7,2023,2024-03-05,043673183
2023-06-GSAFAC-0000024122,VRGHLDF2AKN8,2023,2024-03-05,262791844
2023-06-GSAFAC-0000024122,VRGHLDF2AKN8,2023,2024-03-05,270849886
2023-06-GSAFAC-0000024122,VRGHLDF2AKN8,2023,2024-03-05,310809759
2023-06-GSAFAC-0000024122,VRGHLDF2AKN8,2023,2024-03-05,310910779
2023-06-GSAFAC-0000024122,VRGHLDF2AKN8,2023,2024-03-05,340835584
2023-06-GSAFAC-0000024122,VRGHLDF2AKN8,2023,2024-03-05,341590049
2023-06-GSAFAC-0000024122,VRGHLDF2AKN8,2023,2024-03-05,455420333
2023-06-GSAFAC-0000024122,VRGHLDF2AKN8,2023,2024-03-05,461517844
2023-06-GSAFAC-0000024122,VRGHLDF2AKN8,2023,2024-03-05,461525413
2023-06-GSAFAC-0000024122,VRGHLDF2AKN8,2023,2024-03-05,462735715
2023-06-GSAFAC-0000028241,FV7BJT8NP6S1,2023,2024-03-05,860968493
2023-06-GSAFAC-0000028241,FV7BJT8NP6S1,2023,2024-03-05,251903653
2023-06-GSAFAC-0000028241,FV7BJT8NP6S1,2023,2024-03-05,273984627
2023-06-GSAFAC-0000028241,FV7BJT8NP6S1,2023,2024-03-05,202080016
2023-06-GSAFAC-0000028241,FV7BJT8NP6S1,2023,2024-03-05,273702165
2023-06-GSAFAC-0000028241,FV7BJT8NP6S1,2023,2024-03-05,942778981
2023-06-GSAFAC-0000028241,FV7BJT8NP6S1,2023,2024-03-05,453078964
2023-06-GSAFAC-0000028241,FV7BJT8NP6S1,2023,2024-03-05,311508554
2023-06-GSAFAC-0000028241,FV7BJT8NP6S1,2023,2024-03-05,463064136
2023-06-GSAFAC-0000028241,FV7BJT8NP6S1,2023,2024-03-05,270359330
2023-06-GSAFAC-0000028241,FV7BJT8NP6S1,2023,2024-03-05,273702109
2023-06-GSAFAC-0000028241,FV7BJT8NP6S1,2023,2024-03-05,463013004
2023-06-GSAFAC-0000028241,FV7BJT8NP6S1,2023,2024-03-05,453078333
2023-06-GSAFAC-0000028241,FV7BJT8NP6S1,2023,2024-03-05,454459342
2023-06-GSAFAC-0000028241,FV7BJT8NP6S1,2023,2024-03-05,453079184
2023-06-GSAFAC-0000025946,ER64HRTRKFY3,2023,2024-03-05,452712474
2023-09-GSAFAC-0000019621,CH5ECC731G17,2023,2024-03-06,646000897
2023-06-GSAFAC-0000017426,FUT2E1NXJ2F6,2023,2024-03-06,113841369
2023-06-GSAFAC-0000017426,FUT2E1NXJ2F6,2023,2024-03-06,043645008
2023-06-GSAFAC-0000017426,FUT2E1NXJ2F6,2023,2024-03-06,042867643
2023-06-GSAFAC-0000017426,FUT2E1NXJ2F6,2023,2024-03-06,040882170
2023-06-GSAFAC-0000028781,RDDHLBR2DC93,2023,2024-03-07,815194576
2022-06-GSAFAC-0000025773,WRJAJCLTEQH6,2022,2024-03-07,522147800
2022-06-GSAFAC-0000025773,WRJAJCLTEQH6,2022,2024-03-07,352439501
2022-06-GSAFAC-0000025773,WRJAJCLTEQH6,2022,2024-03-07,520608005
2023-06-GSAFAC-0000021429,C96DL9152583,2023,2024-03-07,546001301
2023-06-GSAFAC-0000027653,TLP1LWDZ31Y9,2023,2024-03-07,066001609
2023-06-GSAFAC-0000028442,T6NAGY7SQ356,2023,2024-03-07,626002195
2023-06-GSAFAC-0000017434,U5T3SBMSBDF4,2023,2024-03-07,042103596
2023-06-GSAFAC-0000028172,S8C8D8JKLE55,2023,2024-03-07,133838740
2023-06-GSAFAC-0000028172,S8C8D8JKLE55,2023,2024-03-07,200363127
2023-06-GSAFAC-0000028172,S8C8D8JKLE55,2023,2024-03-07,362167095
2023-06-GSAFAC-0000028187,VKMPUM8MKDZ6,2023,2024-03-08,546001318
2023-06-GSAFAC-0000028187,VKMPUM8MKDZ6,2023,2024-03-08,546001321
2023-08-GSAFAC-0000020863,EM7PFJBH81E1,2023,2024-03-08,742440845
2023-06-GSAFAC-0000029058,JE7PB4BFL434,2023,2024-03-08,060851549
2023-06-GSAFAC-0000024365,GEDAKXD3RH21,2023,2024-03-08,626000507
2023-06-GSAFAC-0000024365,GEDAKXD3RH21,2023,2024-03-08,626000505
2022-06-GSAFAC-0000025680,E5ZLX32DU9D8,2022,2024-03-11,351665140
2022-06-GSAFAC-0000025680,E5ZLX32DU9D8,2022,2024-03-11,351359391
2022-06-GSAFAC-0000025680,E5ZLX32DU9D8,2022,2024-03-11,351017753
2022-06-GSAFAC-0000025680,E5ZLX32DU9D8,2022,2024-03-11,351550876
2023-06-GSAFAC-0000013828,ZRLGRD9JDLK8,2023,2024-03-11,841179794
2023-06-GSAFAC-0000013828,ZRLGRD9JDLK8,2023,2024-03-11,473393862
2023-06-GSAFAC-0000013828,ZRLGRD9JDLK8,2023,2024-03-11,840398876
2023-06-GSAFAC-0000013828,ZRLGRD9JDLK8,2023,2024-03-11,821885403
2023-06-GSAFAC-0000013828,ZRLGRD9JDLK8,2023,2024-03-11,841262971
2023-06-GSAFAC-0000013828,ZRLGRD9JDLK8,2023,2024-03-11,043730045
2023-06-GSAFAC-0000013828,ZRLGRD9JDLK8,2023,2024-03-11,611786722
2023-06-GSAFAC-0000013828,ZRLGRD9JDLK8,2023,2024-03-11,822666059
2023-06-GSAFAC-0000013828,ZRLGRD9JDLK8,2023,2024-03-11,461796114
2023-06-GSAFAC-0000013828,ZRLGRD9JDLK8,2023,2024-03-11,473455146
2023-06-GSAFAC-0000013828,ZRLGRD9JDLK8,2023,2024-03-11,824191576
2023-06-GSAFAC-0000013828,ZRLGRD9JDLK8,2023,2024-03-11,800348943
2023-06-GSAFAC-0000013828,ZRLGRD9JDLK8,2023,2024-03-11,384014476
2023-06-GSAFAC-0000013828,ZRLGRD9JDLK8,2023,2024-03-11,832131975
2023-06-GSAFAC-0000013828,ZRLGRD9JDLK8,2023,2024-03-11,383984888
2023-06-GSAFAC-0000022841,RULMEM51MWJ3,2023,2024-03-11,300139018
2023-06-GSAFAC-0000022841,RULMEM51MWJ3,2023,2024-03-11,412201540
2023-06-GSAFAC-0000022841,RULMEM51MWJ3,2023,2024-03-11,300472109
2023-06-GSAFAC-0000022841,RULMEM51MWJ3,2023,2024-03-11,020593101
2023-06-GSAFAC-0000022841,RULMEM51MWJ3,2023,2024-03-11,202176751
2023-06-GSAFAC-0000017790,MBYAYNVYNNW8,2023,2024-03-11,043322079
2023-06-GSAFAC-0000017790,MBYAYNVYNNW8,2023,2024-03-11,043347901
2023-06-GSAFAC-0000017790,MBYAYNVYNNW8,2023,2024-03-11,043222080
2023-06-GSAFAC-0000017790,MBYAYNVYNNW8,2023,2024-03-11,043264960
2023-06-GSAFAC-0000017790,MBYAYNVYNNW8,2023,2024-03-11,043453021
2023-06-GSAFAC-0000017790,MBYAYNVYNNW8,2023,2024-03-11,043753636
2023-06-GSAFAC-0000029327,J9JDRNHKRYU7,2023,2024-03-11,943354623
2023-06-GSAFAC-0000027231,LBLMMM7QL5X7,2023,2024-03-11,510069243
2023-06-GSAFAC-0000027231,LBLMMM7QL5X7,2023,2024-03-11,520591628
2023-06-GSAFAC-0000026271,GNJ7BBP73WE9,2023,2024-03-11,300501592
2023-06-GSAFAC-0000026271,GNJ7BBP73WE9,2023,2024-03-11,380593405
2023-06-GSAFAC-0000027536,M2EARGAT9NJ3,2023,2024-03-11,920121016
2023-06-GSAFAC-0000023124,YKUYQT6J5Z65,2023,2024-03-12,204705711
2023-06-GSAFAC-0000024426,WEJHV7JZPML3,2023,2024-03-12,133466166
2023-06-GSAFAC-0000022666,GYWALVLRL7U9,2023,2024-03-12,311799910
2023-06-GSAFAC-0000022666,GYWALVLRL7U9,2023,2024-03-12,010729022
2023-06-GSAFAC-0000017475,J18HKT55ZGF8,2023,2024-03-12,222864921
2023-06-GSAFAC-0000021965,DNE4CNM5GK36,2023,2024-03-12,043123008
2023-06-GSAFAC-0000021965,DNE4CNM5GK36,2023,2024-03-12,043184824
2023-06-GSAFAC-0000021965,DNE4CNM5GK36,2023,2024-03-12,043211683
2023-06-GSAFAC-0000021965,DNE4CNM5GK36,2023,2024-03-12,043501357
2023-06-GSAFAC-0000021965,DNE4CNM5GK36,2023,2024-03-12,237193288
2023-06-GSAFAC-0000017459,M4DJFLKNT4C5,2023,2024-03-12,223409403
2023-06-GSAFAC-0000017459,M4DJFLKNT4C5,2023,2024-03-12,311699625
2023-06-GSAFAC-0000017459,M4DJFLKNT4C5,2023,2024-03-12,223091017
2023-06-GSAFAC-0000017459,M4DJFLKNT4C5,2023,2024-03-12,223204728
2023-06-GSAFAC-0000017459,M4DJFLKNT4C5,2023,2024-03-12,110128072
2023-06-GSAFAC-0000017459,M4DJFLKNT4C5,2023,2024-03-12,223176099
2023-06-GSAFAC-0000017459,M4DJFLKNT4C5,2023,2024-03-12,311660731
2023-06-GSAFAC-0000017459,M4DJFLKNT4C5,2023,2024-03-12,222606679
2023-06-GSAFAC-0000017340,MS68RFTB5145,2023,2024-03-12,311642552
2023-12-GSAFAC-0000027174,JQH2GEMCAVN5,2023,2024-03-12,231352187
2023-12-GSAFAC-0000027174,JQH2GEMCAVN5,2023,2024-03-12,231995911
2023-12-GSAFAC-0000027174,JQH2GEMCAVN5,2023,2024-03-12,231996150
2023-12-GSAFAC-0000027174,JQH2GEMCAVN5,2023,2024-03-12,232193572
2023-12-GSAFAC-0000027174,JQH2GEMCAVN5,2023,2024-03-12,232311553
2023-12-GSAFAC-0000027174,JQH2GEMCAVN5,2023,2024-03-12,232967235
2023-12-GSAFAC-0000027174,JQH2GEMCAVN5,2023,2024-03-12,240792115
2023-12-GSAFAC-0000027174,JQH2GEMCAVN5,2023,2024-03-12,240795959
2023-12-GSAFAC-0000027174,JQH2GEMCAVN5,2023,2024-03-12,240862246
2023-12-GSAFAC-0000027174,JQH2GEMCAVN5,2023,2024-03-12,260812968
2023-12-GSAFAC-0000027174,JQH2GEMCAVN5,2023,2024-03-12,831871064
2023-06-GSAFAC-0000006347,E6M5RT2YNLA9,2023,2024-03-12,922020910
2023-06-GSAFAC-0000025519,PT74Q7MKNP78,2023,2024-03-13,311632274
2023-06-GSAFAC-0000025519,PT74Q7MKNP78,2023,2024-03-13,581400610
2023-06-GSAFAC-0000025519,PT74Q7MKNP78,2023,2024-03-13,581525533
2023-06-GSAFAC-0000025519,PT74Q7MKNP78,2023,2024-03-13,581933685
2023-06-GSAFAC-0000025519,PT74Q7MKNP78,2023,2024-03-13,581995069
2023-06-GSAFAC-0000025519,PT74Q7MKNP78,2023,2024-03-13,581710058
2023-06-GSAFAC-0000025519,PT74Q7MKNP78,2023,2024-03-13,581992910
2023-06-GSAFAC-0000025519,PT74Q7MKNP78,2023,2024-03-13,582019098
2023-06-GSAFAC-0000025519,PT74Q7MKNP78,2023,2024-03-13,582207171
2023-06-GSAFAC-0000025519,PT74Q7MKNP78,2023,2024-03-13,311486904
2023-06-GSAFAC-0000025519,PT74Q7MKNP78,2023,2024-03-13,204420636
2023-06-GSAFAC-0000025519,PT74Q7MKNP78,2023,2024-03-13,204420692
2023-06-GSAFAC-0000025519,PT74Q7MKNP78,2023,2024-03-13,300222358
2023-06-GSAFAC-0000025519,PT74Q7MKNP78,2023,2024-03-13,311549513
2023-06-GSAFAC-0000025519,PT74Q7MKNP78,2023,2024-03-13,311632277
2023-06-GSAFAC-0000025519,PT74Q7MKNP78,2023,2024-03-13,582207174
2023-06-GSAFAC-0000025519,PT74Q7MKNP78,2023,2024-03-13,582207180
2023-06-GSAFAC-0000025519,PT74Q7MKNP78,2023,2024-03-13,621260299
2023-06-GSAFAC-0000025519,PT74Q7MKNP78,2023,2024-03-13,208362446
2023-06-GSAFAC-0000025519,PT74Q7MKNP78,2023,2024-03-13,200508924
2023-06-GSAFAC-0000025519,PT74Q7MKNP78,2023,2024-03-13,204420732
2023-06-GSAFAC-0000025519,PT74Q7MKNP78,2023,2024-03-13,204698478
2023-06-GSAFAC-0000025519,PT74Q7MKNP78,2023,2024-03-13,261747636
2023-06-GSAFAC-0000025519,PT74Q7MKNP78,2023,2024-03-13,263974241
2023-06-GSAFAC-0000025519,PT74Q7MKNP78,2023,2024-03-13,273218487
2023-06-GSAFAC-0000025519,PT74Q7MKNP78,2023,2024-03-13,300001994
2023-06-GSAFAC-0000025519,PT74Q7MKNP78,2023,2024-03-13,300139243
2023-06-GSAFAC-0000025519,PT74Q7MKNP78,2023,2024-03-13,300139250
2023-06-GSAFAC-0000025519,PT74Q7MKNP78,2023,2024-03-13,311549509
2023-06-GSAFAC-0000025519,PT74Q7MKNP78,2023,2024-03-13,311580486
2023-06-GSAFAC-0000025519,PT74Q7MKNP78,2023,2024-03-13,311580524
2023-06-GSAFAC-0000025519,PT74Q7MKNP78,2023,2024-03-13,311632278
2023-06-GSAFAC-0000025519,PT74Q7MKNP78,2023,2024-03-13,311693033
2023-06-GSAFAC-0000025519,PT74Q7MKNP78,2023,2024-03-13,311742543
2023-06-GSAFAC-0000025519,PT74Q7MKNP78,2023,2024-03-13,581766356
2023-06-GSAFAC-0000025519,PT74Q7MKNP78,2023,2024-03-13,582098120
2023-06-GSAFAC-0000025519,PT74Q7MKNP78,2023,2024-03-13,621588906
2023-09-GSAFAC-0000024927,JB6NUGL6L5V3,2023,2024-03-13,462612419
2023-06-GSAFAC-0000019338,EK4SMPJKY5E4,2023,2024-03-13,203823825
2023-06-GSAFAC-0000019338,EK4SMPJKY5E4,2023,2024-03-13,264165492
2023-06-GSAFAC-0000019338,EK4SMPJKY5E4,2023,2024-03-13,273841691
2023-06-GSAFAC-0000019338,EK4SMPJKY5E4,2023,2024-03-13,310938719
2023-06-GSAFAC-0000019338,EK4SMPJKY5E4,2023,2024-03-13,454209314
2023-06-GSAFAC-0000019338,EK4SMPJKY5E4,2023,2024-03-13,263885165
2023-06-GSAFAC-0000025456,LBWAEWNDE438,2023,2024-03-14,521132992
2023-06-GSAFAC-0000025456,LBWAEWNDE438,2023,2024-03-14,520591600
2023-06-GSAFAC-0000025456,LBWAEWNDE438,2023,2024-03-14,520608007
2023-06-GSAFAC-0000025456,LBWAEWNDE438,2023,2024-03-14,520591607
2023-06-GSAFAC-0000025456,LBWAEWNDE438,2023,2024-03-14,520491660
2023-06-GSAFAC-0000025456,LBWAEWNDE438,2023,2024-03-14,521542230
2023-06-GSAFAC-0000025456,LBWAEWNDE438,2023,2024-03-14,522218584
2023-06-GSAFAC-0000025456,LBWAEWNDE438,2023,2024-03-14,526056274
2023-06-GSAFAC-0000025456,LBWAEWNDE438,2023,2024-03-14,460726303
2023-06-GSAFAC-0000025456,LBWAEWNDE438,2023,2024-03-14,462700536
2023-06-GSAFAC-0000025456,LBWAEWNDE438,2023,2024-03-14,520646893
2023-06-GSAFAC-0000025456,LBWAEWNDE438,2023,2024-03-14,521366812
2023-06-GSAFAC-0000025456,LBWAEWNDE438,2023,2024-03-14,521369749
2023-06-GSAFAC-0000025456,LBWAEWNDE438,2023,2024-03-14,520619006
2023-06-GSAFAC-0000025456,LBWAEWNDE438,2023,2024-03-14,520591685
2023-06-GSAFAC-0000025456,LBWAEWNDE438,2023,2024-03-14,521332411
2023-06-GSAFAC-0000025456,LBWAEWNDE438,2023,2024-03-14,521272129
2023-06-GSAFAC-0000025456,LBWAEWNDE438,2023,2024-03-14,521104382
2023-09-GSAFAC-0000028375,LL3DWSM5FC11,2023,2024-03-14,731550912
2023-09-GSAFAC-0000028375,LL3DWSM5FC11,2023,2024-03-14,731550911
2023-06-GSAFAC-0000030127,ZK89TPMVPWL3,2023,2024-03-14,546001418
2023-06-GSAFAC-0000030127,ZK89TPMVPWL3,2023,2024-03-14,546001416
2023-06-GSAFAC-0000027520,D9DZXNVZGJM8,2023,2024-03-14,831746407
2023-06-GSAFAC-0000010489,SN41W3MGWGV3,2023,2024-03-14,546001747
2023-06-GSAFAC-0000010489,SN41W3MGWGV3,2023,2024-03-14,546001739
2023-06-GSAFAC-0000010489,SN41W3MGWGV3,2023,2024-03-14,546002286
2023-06-GSAFAC-0000010489,SN41W3MGWGV3,2023,2024-03-14,541629864
2023-06-GSAFAC-0000010489,SN41W3MGWGV3,2023,2024-03-14,546001772
2023-06-GSAFAC-0000010489,SN41W3MGWGV3,2023,2024-03-14,540852528
2023-06-GSAFAC-0000010489,SN41W3MGWGV3,2023,2024-03-14,546001703
2023-06-GSAFAC-0000010489,SN41W3MGWGV3,2023,2024-03-14,540896076
2023-06-GSAFAC-0000010489,SN41W3MGWGV3,2023,2024-03-14,460527039
2023-06-GSAFAC-0000010489,SN41W3MGWGV3,2023,2024-03-14,540843105
2023-06-GSAFAC-0000010489,SN41W3MGWGV3,2023,2024-03-14,546001745
2023-06-GSAFAC-0000010489,SN41W3MGWGV3,2023,2024-03-14,546001740
2023-06-GSAFAC-0000010489,SN41W3MGWGV3,2023,2024-03-14,546001733
2023-06-GSAFAC-0000010489,SN41W3MGWGV3,2023,2024-03-14,814405060
2023-06-GSAFAC-0000010489,SN41W3MGWGV3,2023,2024-03-14,541083047
2023-06-GSAFAC-0000010489,SN41W3MGWGV3,2023,2024-03-14,546001780
2023-06-GSAFAC-0000010489,SN41W3MGWGV3,2023,2024-03-14,546001710
2023-06-GSAFAC-0000010489,SN41W3MGWGV3,2023,2024-03-14,546001795
2023-06-GSAFAC-0000010489,SN41W3MGWGV3,2023,2024-03-14,541534572
2023-06-GSAFAC-0000010489,SN41W3MGWGV3,2023,2024-03-14,546001751
2023-06-GSAFAC-0000010489,SN41W3MGWGV3,2023,2024-03-14,541056975
2023-06-GSAFAC-0000010489,SN41W3MGWGV3,2023,2024-03-14,546001771
2023-06-GSAFAC-0000010489,SN41W3MGWGV3,2023,2024-03-14,546004497
2023-06-GSAFAC-0000010489,SN41W3MGWGV3,2023,2024-03-14,546001813
2023-06-GSAFAC-0000010489,SN41W3MGWGV3,2023,2024-03-14,546022077
2023-06-GSAFAC-0000010489,SN41W3MGWGV3,2023,2024-03-14,546001718
2023-06-GSAFAC-0000010489,SN41W3MGWGV3,2023,2024-03-14,546001796
2023-06-GSAFAC-0000010489,SN41W3MGWGV3,2023,2024-03-14,546001805
2023-06-GSAFAC-0000010489,SN41W3MGWGV3,2023,2024-03-14,546001803
2023-06-GSAFAC-0000010489,SN41W3MGWGV3,2023,2024-03-14,546001811
2023-06-GSAFAC-0000010489,SN41W3MGWGV3,2023,2024-03-14,546002808
2023-06-GSAFAC-0000010489,SN41W3MGWGV3,2023,2024-03-14,546001788
2023-06-GSAFAC-0000010489,SN41W3MGWGV3,2023,2024-03-14,546001757
2023-06-GSAFAC-0000010489,SN41W3MGWGV3,2023,2024-03-14,546001756
2023-06-GSAFAC-0000010489,SN41W3MGWGV3,2023,2024-03-14,546001789
2023-06-GSAFAC-0000010489,SN41W3MGWGV3,2023,2024-03-14,546001809
2023-06-GSAFAC-0000010489,SN41W3MGWGV3,2023,2024-03-14,546000884
2023-06-GSAFAC-0000010489,SN41W3MGWGV3,2023,2024-03-14,546001732
2023-06-GSAFAC-0000010489,SN41W3MGWGV3,2023,2024-03-14,541057579
2023-06-GSAFAC-0000010489,SN41W3MGWGV3,2023,2024-03-14,546001758
2023-06-GSAFAC-0000010489,SN41W3MGWGV3,2023,2024-03-14,546001804
2023-06-GSAFAC-0000010489,SN41W3MGWGV3,2023,2024-03-14,546026876
2023-06-GSAFAC-0000010489,SN41W3MGWGV3,2023,2024-03-14,540701501
2023-06-GSAFAC-0000010489,SN41W3MGWGV3,2023,2024-03-14,883587812
2023-06-GSAFAC-0000010489,SN41W3MGWGV3,2023,2024-03-14,546020516
2023-06-GSAFAC-0000010489,SN41W3MGWGV3,2023,2024-03-14,540836354
2023-06-GSAFAC-0000010489,SN41W3MGWGV3,2023,2024-03-14,540759063
2023-06-GSAFAC-0000010489,SN41W3MGWGV3,2023,2024-03-14,540756941
2023-06-GSAFAC-0000010489,SN41W3MGWGV3,2023,2024-03-14,546000814
2023-06-GSAFAC-0000010489,SN41W3MGWGV3,2023,2024-03-14,546001802
2023-06-GSAFAC-0000010489,SN41W3MGWGV3,2023,2024-03-14,541268256
2023-06-GSAFAC-0000010489,SN41W3MGWGV3,2023,2024-03-14,541268239
2023-06-GSAFAC-0000010489,SN41W3MGWGV3,2023,2024-03-14,541268245
2023-06-GSAFAC-0000010489,SN41W3MGWGV3,2023,2024-03-14,541268257
2023-06-GSAFAC-0000010489,SN41W3MGWGV3,2023,2024-03-14,541268258
2023-06-GSAFAC-0000010489,SN41W3MGWGV3,2023,2024-03-14,541268263
2023-06-GSAFAC-0000010489,SN41W3MGWGV3,2023,2024-03-14,541268264
2023-06-GSAFAC-0000010489,SN41W3MGWGV3,2023,2024-03-14,541268266
2023-06-GSAFAC-0000010489,SN41W3MGWGV3,2023,2024-03-14,541268269
2023-06-GSAFAC-0000010489,SN41W3MGWGV3,2023,2024-03-14,541268271
2023-06-GSAFAC-0000010489,SN41W3MGWGV3,2023,2024-03-14,541268273
2023-06-GSAFAC-0000010489,SN41W3MGWGV3,2023,2024-03-14,541268274
2023-06-GSAFAC-0000010489,SN41W3MGWGV3,2023,2024-03-14,541268276
2023-06-GSAFAC-0000010489,SN41W3MGWGV3,2023,2024-03-14,541268277
2023-06-GSAFAC-0000010489,SN41W3MGWGV3,2023,2024-03-14,541268283
2023-06-GSAFAC-0000010489,SN41W3MGWGV3,2023,2024-03-14,541268278
2023-06-GSAFAC-0000010489,SN41W3MGWGV3,2023,2024-03-14,541268284
2023-06-GSAFAC-0000010489,SN41W3MGWGV3,2023,2024-03-14,541269325
2023-06-GSAFAC-0000010489,SN41W3MGWGV3,2023,2024-03-14,541268286
2023-06-GSAFAC-0000010489,SN41W3MGWGV3,2023,2024-03-14,541268289
2023-06-GSAFAC-0000010489,SN41W3MGWGV3,2023,2024-03-14,541268292
2023-06-GSAFAC-0000010489,SN41W3MGWGV3,2023,2024-03-14,541268293
2023-06-GSAFAC-0000010489,SN41W3MGWGV3,2023,2024-03-14,541268294
2023-06-GSAFAC-0000010489,SN41W3MGWGV3,2023,2024-03-14,546001707
2023-06-GSAFAC-0000010489,SN41W3MGWGV3,2023,2024-03-14,541282820
2023-06-GSAFAC-0000010489,SN41W3MGWGV3,2023,2024-03-14,541800314
2023-06-GSAFAC-0000010489,SN41W3MGWGV3,2023,2024-03-14,541935209
2023-06-GSAFAC-0000010489,SN41W3MGWGV3,2023,2024-03-14,464296937
2023-06-GSAFAC-0000010489,SN41W3MGWGV3,2023,2024-03-14,546001720
2023-06-GSAFAC-0000010489,SN41W3MGWGV3,2023,2024-03-14,546001721
2023-06-GSAFAC-0000010489,SN41W3MGWGV3,2023,2024-03-14,541297967
2023-06-GSAFAC-0000010489,SN41W3MGWGV3,2023,2024-03-14,546001800
2023-06-GSAFAC-0000010489,SN41W3MGWGV3,2023,2024-03-14,540805908
2023-06-GSAFAC-0000010489,SN41W3MGWGV3,2023,2024-03-14,546022061
2023-06-GSAFAC-0000010489,SN41W3MGWGV3,2023,2024-03-14,541661753
2023-06-GSAFAC-0000010489,SN41W3MGWGV3,2023,2024-03-14,546001730
2023-06-GSAFAC-0000010489,SN41W3MGWGV3,2023,2024-03-14,541624385
2023-06-GSAFAC-0000010489,SN41W3MGWGV3,2023,2024-03-14,546001775
2023-06-GSAFAC-0000010489,SN41W3MGWGV3,2023,2024-03-14,541308981
2023-06-GSAFAC-0000010489,SN41W3MGWGV3,2023,2024-03-14,541625991
2023-06-GSAFAC-0000010489,SN41W3MGWGV3,2023,2024-03-14,546001735
2023-06-GSAFAC-0000010489,SN41W3MGWGV3,2023,2024-03-14,546001731
2023-06-GSAFAC-0000010489,SN41W3MGWGV3,2023,2024-03-14,540943831
2023-06-GSAFAC-0000010489,SN41W3MGWGV3,2023,2024-03-14,540959533
2023-06-GSAFAC-0000010489,SN41W3MGWGV3,2023,2024-03-14,541544298
2023-06-GSAFAC-0000010489,SN41W3MGWGV3,2023,2024-03-14,421668853
2023-06-GSAFAC-0000010489,SN41W3MGWGV3,2023,2024-03-14,541108536
2023-06-GSAFAC-0000010489,SN41W3MGWGV3,2023,2024-03-14,541992521
2023-06-GSAFAC-0000010489,SN41W3MGWGV3,2023,2024-03-14,270051429
2023-06-GSAFAC-0000010489,SN41W3MGWGV3,2023,2024-03-14,208947506
2023-06-GSAFAC-0000010489,SN41W3MGWGV3,2023,2024-03-14,141931584
2023-06-GSAFAC-0000010489,SN41W3MGWGV3,2023,2024-03-14,541077752
2023-06-GSAFAC-0000010489,SN41W3MGWGV3,2023,2024-03-14,541077761
2023-06-GSAFAC-0000010489,SN41W3MGWGV3,2023,2024-03-14,546001702
2023-06-GSAFAC-0000010489,SN41W3MGWGV3,2023,2024-03-14,541300845
2023-06-GSAFAC-0000010489,SN41W3MGWGV3,2023,2024-03-14,541726850
2023-06-GSAFAC-0000010489,SN41W3MGWGV3,2023,2024-03-14,311479374
2023-06-GSAFAC-0000010489,SN41W3MGWGV3,2023,2024-03-14,300687935
2023-06-GSAFAC-0000017814,DUPLNNK6N5P1,2023,2024-03-14,743248920
2023-06-GSAFAC-0000017814,DUPLNNK6N5P1,2023,2024-03-14,800649502
2023-06-GSAFAC-0000017814,DUPLNNK6N5P1,2023,2024-03-14,223128809
2023-06-GSAFAC-0000017814,DUPLNNK6N5P1,2023,2024-03-14,943469228
2023-06-GSAFAC-0000013766,TE7NY33LUGJ7,2023,2024-03-14,042711936
2023-06-GSAFAC-0000013766,TE7NY33LUGJ7,2023,2024-03-14,237203001
2023-06-GSAFAC-0000013766,TE7NY33LUGJ7,2023,2024-03-14,042630078
2023-06-GSAFAC-0000013766,TE7NY33LUGJ7,2023,2024-03-14,042587863
2023-06-GSAFAC-0000013766,TE7NY33LUGJ7,2023,2024-03-14,260492878
2023-06-GSAFAC-0000013766,TE7NY33LUGJ7,2023,2024-03-14,562305098
2023-09-GSAFAC-0000019512,EHC8XPKLY6N4,2023,2024-03-14,912075074
2023-09-GSAFAC-0000019512,EHC8XPKLY6N4,2023,2024-03-14,911938421
2023-09-GSAFAC-0000019512,EHC8XPKLY6N4,2023,2024-03-14,861425330
2023-09-GSAFAC-0000019512,EHC8XPKLY6N4,2023,2024-03-14,911946471
2023-09-GSAFAC-0000019512,EHC8XPKLY6N4,2023,2024-03-14,912023311
2023-09-GSAFAC-0000019512,EHC8XPKLY6N4,2023,2024-03-14,202677586
2023-09-GSAFAC-0000019512,EHC8XPKLY6N4,2023,2024-03-14,911958168
2023-09-GSAFAC-0000019512,EHC8XPKLY6N4,2023,2024-03-14,911892332
2023-09-GSAFAC-0000019512,EHC8XPKLY6N4,2023,2024-03-14,912177127
2023-06-GSAFAC-0000025811,PKK5TD16N4H1,2023,2024-03-14,205892682
2023-06-GSAFAC-0000025811,PKK5TD16N4H1,2023,2024-03-14,237064656
2023-06-GSAFAC-0000025811,PKK5TD16N4H1,2023,2024-03-14,260622624
2023-06-GSAFAC-0000025811,PKK5TD16N4H1,2023,2024-03-14,270093858
2023-06-GSAFAC-0000025811,PKK5TD16N4H1,2023,2024-03-14,274440873
2023-06-GSAFAC-0000025811,PKK5TD16N4H1,2023,2024-03-14,330571597
2023-06-GSAFAC-0000025811,PKK5TD16N4H1,2023,2024-03-14,330599494
2023-06-GSAFAC-0000025811,PKK5TD16N4H1,2023,2024-03-14,330702174
2023-06-GSAFAC-0000025811,PKK5TD16N4H1,2023,2024-03-14,680334324
2023-06-GSAFAC-0000025811,PKK5TD16N4H1,2023,2024-03-14,680344702
2023-06-GSAFAC-0000025811,PKK5TD16N4H1,2023,2024-03-14,800519972
2023-06-GSAFAC-0000025811,PKK5TD16N4H1,2023,2024-03-14,824454688
2023-06-GSAFAC-0000025811,PKK5TD16N4H1,2023,2024-03-14,940382330
2023-06-GSAFAC-0000025811,PKK5TD16N4H1,2023,2024-03-14,941539563
2023-06-GSAFAC-0000025811,PKK5TD16N4H1,2023,2024-03-14,943281657
2023-06-GSAFAC-0000025811,PKK5TD16N4H1,2023,2024-03-14,946002123
2023-06-GSAFAC-0000025811,PKK5TD16N4H1,2023,2024-03-14,946036493
2023-06-GSAFAC-0000025811,PKK5TD16N4H1,2023,2024-03-14,946036494
2023-06-GSAFAC-0000025811,PKK5TD16N4H1,2023,2024-03-14,952226406
2023-06-GSAFAC-0000025811,PKK5TD16N4H1,2023,2024-03-14,954373071
2023-06-GSAFAC-0000025811,PKK5TD16N4H1,2023,2024-03-14,956006142
2023-06-GSAFAC-0000025811,PKK5TD16N4H1,2023,2024-03-14,956006143
2023-06-GSAFAC-0000025811,PKK5TD16N4H1,2023,2024-03-14,956006144
2023-06-GSAFAC-0000025811,PKK5TD16N4H1,2023,2024-03-14,956006145
2023-06-GSAFAC-0000023348,HHNSELK9YUL6,2023,2024-03-15,311501393
2023-06-GSAFAC-0000023348,HHNSELK9YUL6,2023,2024-03-15,340714360
2023-06-GSAFAC-0000029275,ENDHD9NSLJN7,2023,2024-03-15,201177431
2023-06-GSAFAC-0000029275,ENDHD9NSLJN7,2023,2024-03-15,232262852
2023-06-GSAFAC-0000029275,ENDHD9NSLJN7,2023,2024-03-15,232862231
2023-06-GSAFAC-0000029275,ENDHD9NSLJN7,2023,2024-03-15,204472148
2023-06-GSAFAC-0000029275,ENDHD9NSLJN7,2023,2024-03-15,232523680
2023-06-GSAFAC-0000029275,ENDHD9NSLJN7,2023,2024-03-15,240860110
2023-06-GSAFAC-0000029275,ENDHD9NSLJN7,2023,2024-03-15,232523688
2023-06-GSAFAC-0000029275,ENDHD9NSLJN7,2023,2024-03-15,231642528
2023-06-GSAFAC-0000022673,MJ9TZJLS4EL6,2023,2024-03-15,050517019
2023-06-GSAFAC-0000026814,E127PEKAAV49,2023,2024-03-15,311588499
2023-06-GSAFAC-0000026814,E127PEKAAV49,2023,2024-03-15,311479038
2023-06-GSAFAC-0000026814,E127PEKAAV49,2023,2024-03-15,311273012
2023-06-GSAFAC-0000026814,E127PEKAAV49,2023,2024-03-15,311405915
2023-06-GSAFAC-0000030260,X4JSFPXW4K14,2023,2024-03-15,061319874
2023-06-GSAFAC-0000030260,X4JSFPXW4K14,2023,2024-03-15,161319875
2023-06-GSAFAC-0000030260,X4JSFPXW4K14,2023,2024-03-15,061319876
2023-09-GSAFAC-0000028972,LLHWX867E5J6,2023,2024-03-15,596000601
2023-09-GSAFAC-0000028972,LLHWX867E5J6,2023,2024-03-15,592237754
2023-06-GSAFAC-0000021272,T3LGVRCFU3D8,2023,2024-03-15,606000714
2023-06-GSAFAC-0000021272,T3LGVRCFU3D8,2023,2024-03-15,626000717
2021-09-GSAFAC-0000029125,NE9CJJMDMP65,2021,2024-03-15,660450278
2022-12-GSAFAC-0000016459,MX9THXNRRCH5,2022,2024-03-15,135596796
2022-12-GSAFAC-0000016459,MX9THXNRRCH5,2022,2024-03-15,150539039
2022-12-GSAFAC-0000016459,MX9THXNRRCH5,2022,2024-03-15,141772971
2022-12-GSAFAC-0000016459,MX9THXNRRCH5,2022,2024-03-15,150533578
2022-12-GSAFAC-0000016459,MX9THXNRRCH5,2022,2024-03-15,161540394
2023-06-GSAFAC-0000024578,FHMYVWD7NEH8,2023,2024-03-15,626025730
2023-06-GSAFAC-0000024578,FHMYVWD7NEH8,2023,2024-03-15,626000628
2023-06-GSAFAC-0000022136,QZ1UKGMBJH31,2023,2024-03-18,621013091
2023-06-GSAFAC-0000022136,QZ1UKGMBJH31,2023,2024-03-18,626000538
2023-06-GSAFAC-0000030847,CJZSBE449QV4,2023,2024-03-18,251853025
2023-06-GSAFAC-0000030547,QZYMC6LHHMP6,2023,2024-03-18,546001475
2023-06-GSAFAC-0000030547,QZYMC6LHHMP6,2023,2024-03-18,546001473
2023-06-GSAFAC-0000018152,L36SP927DHK4,2023,2024-03-18,825084463
2023-06-GSAFAC-0000018152,L36SP927DHK4,2023,2024-03-18,465740776
2023-06-GSAFAC-0000018152,L36SP927DHK4,2023,2024-03-18,431246599
2023-06-GSAFAC-0000018152,L36SP927DHK4,2023,2024-03-18,205797642
2023-06-GSAFAC-0000018152,L36SP927DHK4,2023,2024-03-18,431684627
2023-06-GSAFAC-0000025151,KU9YGWKHXR27,2023,2024-03-18,546001191
2023-06-GSAFAC-0000025151,KU9YGWKHXR27,2023,2024-03-18,546001194
2023-06-GSAFAC-0000002870,E4H8PUBKRR94,2023,2024-03-18,311610834
2023-06-GSAFAC-0000002870,E4H8PUBKRR94,2023,2024-03-18,540506321
2023-06-GSAFAC-0000002870,E4H8PUBKRR94,2023,2024-03-18,541778786
2023-06-GSAFAC-0000002870,E4H8PUBKRR94,2023,2024-03-18,541278865
2023-06-GSAFAC-0000002870,E4H8PUBKRR94,2023,2024-03-18,561960102
2023-06-GSAFAC-0000026270,QL8JKK9NCHK1,2023,2024-03-18,853650364
2023-06-GSAFAC-0000026270,QL8JKK9NCHK1,2023,2024-03-18,990263310
2023-06-GSAFAC-0000026270,QL8JKK9NCHK1,2023,2024-03-18,943282424
2023-06-GSAFAC-0000026270,QL8JKK9NCHK1,2023,2024-03-18,990262198
2023-06-GSAFAC-0000026270,QL8JKK9NCHK1,2023,2024-03-18,990262226
2023-06-GSAFAC-0000026270,QL8JKK9NCHK1,2023,2024-03-18,990262196
2023-06-GSAFAC-0000026270,QL8JKK9NCHK1,2023,2024-03-18,990262197
2023-06-GSAFAC-0000026270,QL8JKK9NCHK1,2023,2024-03-18,990262194
2023-06-GSAFAC-0000026270,QL8JKK9NCHK1,2023,2024-03-18,990262217
2023-06-GSAFAC-0000026270,QL8JKK9NCHK1,2023,2024-03-18,990293974
2023-06-GSAFAC-0000026270,QL8JKK9NCHK1,2023,2024-03-18,990294642
2023-09-GSAFAC-0000030830,REAALK7Y31M9,2023,2024-03-19,311499733
2023-06-GSAFAC-0000029652,LJKZKYJUCM84,2023,2024-03-19,232560952
2023-06-GSAFAC-0000029652,LJKZKYJUCM84,2023,2024-03-19,232302675
2023-06-GSAFAC-0000029652,LJKZKYJUCM84,2023,2024-03-19,455005460
2023-06-GSAFAC-0000029652,LJKZKYJUCM84,2023,2024-03-19,233045622
2023-06-GSAFAC-0000029652,LJKZKYJUCM84,2023,2024-03-19,231352525
2023-08-GSAFAC-0000009823,S352L5PJLMP8,2023,2024-03-19,582137993
2023-12-GSAFAC-0000027744,NLABQJ8LCND5,2023,2024-03-19,752925491
2023-06-GSAFAC-0000020317,FTMTDMBR29C7,2023,2024-03-19,520595111
2023-06-GSAFAC-0000029733,L7JTTDNGUA64,2023,2024-03-19,842393911
2023-06-GSAFAC-0000030558,M9GKSQB7UJ65,2023,2024-03-19,990225140
2023-06-GSAFAC-0000030558,M9GKSQB7UJ65,2023,2024-03-19,990225065
2023-06-GSAFAC-0000020925,ZUE9HKT2CLC9,2023,2024-03-19,042104690
2023-06-GSAFAC-0000020925,ZUE9HKT2CLC9,2023,2024-03-19,363488183
2023-06-GSAFAC-0000020925,ZUE9HKT2CLC9,2023,2024-03-19,362170866
2023-12-GSAFAC-0000028051,JXELGHCKEZ44,2023,2024-03-20,141885340
2023-12-GSAFAC-0000028051,JXELGHCKEZ44,2023,2024-03-20,381358172
2023-12-GSAFAC-0000028051,JXELGHCKEZ44,2023,2024-03-20,381360584
2023-12-GSAFAC-0000028051,JXELGHCKEZ44,2023,2024-03-20,381490180
2023-12-GSAFAC-0000028051,JXELGHCKEZ44,2023,2024-03-20,382007629
2023-12-GSAFAC-0000028051,JXELGHCKEZ44,2023,2024-03-20,382543305
2023-12-GSAFAC-0000028051,JXELGHCKEZ44,2023,2024-03-20,383075242
2023-12-GSAFAC-0000028051,JXELGHCKEZ44,2023,2024-03-20,383218134
2023-12-GSAFAC-0000028051,JXELGHCKEZ44,2023,2024-03-20,813131851
2023-06-GSAFAC-0000008301,ESDFCNAM7PV7,2023,2024-03-20,630931008
2023-06-GSAFAC-0000008301,ESDFCNAM7PV7,2023,2024-03-20,363260495
2023-06-GSAFAC-0000008301,ESDFCNAM7PV7,2023,2024-03-20,530196636
2023-06-GSAFAC-0000008301,ESDFCNAM7PV7,2023,2024-03-20,272192831
2023-06-GSAFAC-0000008301,ESDFCNAM7PV7,2023,2024-03-20,350876389
2023-06-GSAFAC-0000008301,ESDFCNAM7PV7,2023,2024-03-20,352103153
2023-06-GSAFAC-0000008301,ESDFCNAM7PV7,2023,2024-03-20,311662309
2023-06-GSAFAC-0000008301,ESDFCNAM7PV7,2023,2024-03-20,721321032
2023-06-GSAFAC-0000008301,ESDFCNAM7PV7,2023,2024-03-20,261861676
2023-06-GSAFAC-0000008301,ESDFCNAM7PV7,2023,2024-03-20,741009643
2023-06-GSAFAC-0000008301,ESDFCNAM7PV7,2023,2024-03-20,390806261
2023-06-GSAFAC-0000008301,ESDFCNAM7PV7,2023,2024-03-20,396006492
2023-06-GSAFAC-0000008301,ESDFCNAM7PV7,2023,2024-03-20,630578923
2023-06-GSAFAC-0000008301,ESDFCNAM7PV7,2023,2024-03-20,461130426
2023-06-GSAFAC-0000008301,ESDFCNAM7PV7,2023,2024-03-20,462847744
2023-06-GSAFAC-0000008301,ESDFCNAM7PV7,2023,2024-03-20,470897357
2023-06-GSAFAC-0000008301,ESDFCNAM7PV7,2023,2024-03-20,363296367
2023-06-GSAFAC-0000008301,ESDFCNAM7PV7,2023,2024-03-20,364286236
2023-06-GSAFAC-0000008301,ESDFCNAM7PV7,2023,2024-03-20,811110738
2023-06-GSAFAC-0000008301,ESDFCNAM7PV7,2023,2024-03-20,351712001
2023-06-GSAFAC-0000008301,ESDFCNAM7PV7,2023,2024-03-20,480958974
2023-06-GSAFAC-0000008301,ESDFCNAM7PV7,2023,2024-03-20,382497922
2023-06-GSAFAC-0000008301,ESDFCNAM7PV7,2023,2024-03-20,831617112
2023-06-GSAFAC-0000008301,ESDFCNAM7PV7,2023,2024-03-20,731057650
2023-06-GSAFAC-0000008301,ESDFCNAM7PV7,2023,2024-03-20,621836937
2023-06-GSAFAC-0000008301,ESDFCNAM7PV7,2023,2024-03-20,592219923
2023-06-GSAFAC-0000008301,ESDFCNAM7PV7,2023,2024-03-20,203664894
2023-06-GSAFAC-0000008301,ESDFCNAM7PV7,2023,2024-03-20,421670843
2023-06-GSAFAC-0000008301,ESDFCNAM7PV7,2023,2024-03-20,390902199
2023-06-GSAFAC-0000008301,ESDFCNAM7PV7,2023,2024-03-20,333833117
2023-06-GSAFAC-0000008301,ESDFCNAM7PV7,2023,2024-03-20,390806268
2023-06-GSAFAC-0000008301,ESDFCNAM7PV7,2023,2024-03-20,390808443
2023-06-GSAFAC-0000008301,ESDFCNAM7PV7,2023,2024-03-20,390873606
2023-06-GSAFAC-0000008301,ESDFCNAM7PV7,2023,2024-03-20,474063149
2023-06-GSAFAC-0000008301,ESDFCNAM7PV7,2023,2024-03-20,474063232
2023-06-GSAFAC-0000008301,ESDFCNAM7PV7,2023,2024-03-20,474063289
2023-06-GSAFAC-0000008301,ESDFCNAM7PV7,2023,2024-03-20,611797416
2023-06-GSAFAC-0000008301,ESDFCNAM7PV7,2023,2024-03-20,350784551
2023-06-GSAFAC-0000008301,ESDFCNAM7PV7,2023,2024-03-20,630909073
2023-06-GSAFAC-0000008301,ESDFCNAM7PV7,2023,2024-03-20,631146531
2023-06-GSAFAC-0000008301,ESDFCNAM7PV7,2023,2024-03-20,371127787
2023-06-GSAFAC-0000008301,ESDFCNAM7PV7,2023,2024-03-20,363438977
2023-06-GSAFAC-0000008301,ESDFCNAM7PV7,2023,2024-03-20,237061646
2023-06-GSAFAC-0000008301,ESDFCNAM7PV7,2023,2024-03-20,381358212
2023-06-GSAFAC-0000008301,ESDFCNAM7PV7,2023,2024-03-20,741109643
2023-06-GSAFAC-0000008301,ESDFCNAM7PV7,2023,2024-03-20,731215174
2023-06-GSAFAC-0000008301,ESDFCNAM7PV7,2023,2024-03-20,272039417
2023-06-GSAFAC-0000008301,ESDFCNAM7PV7,2023,2024-03-20,590634434
2023-06-GSAFAC-0000008301,ESDFCNAM7PV7,2023,2024-03-20,481172106
2023-06-GSAFAC-0000008301,ESDFCNAM7PV7,2023,2024-03-20,520591657
2023-06-GSAFAC-0000008301,ESDFCNAM7PV7,2023,2024-03-20,746106879
2023-06-GSAFAC-0000008301,ESDFCNAM7PV7,2023,2024-03-20,364251848
2023-06-GSAFAC-0000008301,ESDFCNAM7PV7,2023,2024-03-20,381671120
2023-06-GSAFAC-0000008301,ESDFCNAM7PV7,2023,2024-03-20,730606129
2023-06-GSAFAC-0000008301,ESDFCNAM7PV7,2023,2024-03-20,203700131
2023-06-GSAFAC-0000008301,ESDFCNAM7PV7,2023,2024-03-20,383833117
2023-06-GSAFAC-0000008301,ESDFCNAM7PV7,2023,2024-03-20,521275587
2023-06-GSAFAC-0000008301,ESDFCNAM7PV7,2023,2024-03-20,390905385
2023-06-GSAFAC-0000008301,ESDFCNAM7PV7,2023,2024-03-20,630288861
2023-06-GSAFAC-0000008301,ESDFCNAM7PV7,2023,2024-03-20,593650609
2023-06-GSAFAC-0000008301,ESDFCNAM7PV7,2023,2024-03-20,362235165
2023-06-GSAFAC-0000008301,ESDFCNAM7PV7,2023,2024-03-20,362709982
2023-06-GSAFAC-0000008301,ESDFCNAM7PV7,2023,2024-03-20,352363812
2023-06-GSAFAC-0000008301,ESDFCNAM7PV7,2023,2024-03-20,363527899
2023-06-GSAFAC-0000008301,ESDFCNAM7PV7,2023,2024-03-20,363276552
2023-06-GSAFAC-0000008301,ESDFCNAM7PV7,2023,2024-03-20,363045007
2023-06-GSAFAC-0000008301,ESDFCNAM7PV7,2023,2024-03-20,351343019
2023-06-GSAFAC-0000008301,ESDFCNAM7PV7,2023,2024-03-20,352112529
2023-06-GSAFAC-0000008301,ESDFCNAM7PV7,2023,2024-03-20,351841606
2023-06-GSAFAC-0000008301,ESDFCNAM7PV7,2023,2024-03-20,270847538
2023-06-GSAFAC-0000008301,ESDFCNAM7PV7,2023,2024-03-20,352052591
2023-06-GSAFAC-0000008301,ESDFCNAM7PV7,2023,2024-03-20,721526400
2023-06-GSAFAC-0000008301,ESDFCNAM7PV7,2023,2024-03-20,480993446
2023-06-GSAFAC-0000008301,ESDFCNAM7PV7,2023,2024-03-20,382262856
2023-06-GSAFAC-0000008301,ESDFCNAM7PV7,2023,2024-03-20,382631907
2023-06-GSAFAC-0000008301,ESDFCNAM7PV7,2023,2024-03-20,383322109
2023-06-GSAFAC-0000008301,ESDFCNAM7PV7,2023,2024-03-20,381359063
2023-06-GSAFAC-0000008301,ESDFCNAM7PV7,2023,2024-03-20,382377821
2023-06-GSAFAC-0000008301,ESDFCNAM7PV7,2023,2024-03-20,380997730
2023-06-GSAFAC-0000008301,ESDFCNAM7PV7,2023,2024-03-20,150532221
2023-06-GSAFAC-0000008301,ESDFCNAM7PV7,2023,2024-03-20,731440267
2023-06-GSAFAC-0000008301,ESDFCNAM7PV7,2023,2024-03-20,730662663
2023-06-GSAFAC-0000008301,ESDFCNAM7PV7,2023,2024-03-20,474063046
2023-06-GSAFAC-0000008301,ESDFCNAM7PV7,2023,2024-03-20,581737573
2023-06-GSAFAC-0000008301,ESDFCNAM7PV7,2023,2024-03-20,454681563
2023-06-GSAFAC-0000008301,ESDFCNAM7PV7,2023,2024-03-20,390816857
2023-06-GSAFAC-0000008301,ESDFCNAM7PV7,2023,2024-03-20,391834639
2023-06-GSAFAC-0000008301,ESDFCNAM7PV7,2023,2024-03-20,274758285
2023-06-GSAFAC-0000008301,ESDFCNAM7PV7,2023,2024-03-20,630288864
2023-06-GSAFAC-0000008301,ESDFCNAM7PV7,2023,2024-03-20,161608735
2023-06-GSAFAC-0000008301,ESDFCNAM7PV7,2023,2024-03-20,202828680
2023-06-GSAFAC-0000008301,ESDFCNAM7PV7,2023,2024-03-20,382555589
2023-06-GSAFAC-0000008301,ESDFCNAM7PV7,2023,2024-03-20,391351584
2023-06-GSAFAC-0000008301,ESDFCNAM7PV7,2023,2024-03-20,391486775
2023-06-GSAFAC-0000008301,ESDFCNAM7PV7,2023,2024-03-20,431592502
2023-06-GSAFAC-0000008301,ESDFCNAM7PV7,2023,2024-03-20,481078862
2023-06-GSAFAC-0000008301,ESDFCNAM7PV7,2023,2024-03-20,481241079
2023-06-GSAFAC-0000008301,ESDFCNAM7PV7,2023,2024-03-20,481247723
2023-06-GSAFAC-0000008301,ESDFCNAM7PV7,2023,2024-03-20,521835288
2023-06-GSAFAC-0000008301,ESDFCNAM7PV7,2023,2024-03-20,591878316
2023-06-GSAFAC-0000008301,ESDFCNAM7PV7,2023,2024-03-20,621136742
2023-06-GSAFAC-0000008301,ESDFCNAM7PV7,2023,2024-03-20,824710412
2023-06-GSAFAC-0000008301,ESDFCNAM7PV7,2023,2024-03-20,832068871
2023-06-GSAFAC-0000008301,ESDFCNAM7PV7,2023,2024-03-20,260479484
2023-06-GSAFAC-0000008301,ESDFCNAM7PV7,2023,2024-03-20,274273517
2023-06-GSAFAC-0000008301,ESDFCNAM7PV7,2023,2024-03-20,300577249
2023-06-GSAFAC-0000008301,ESDFCNAM7PV7,2023,2024-03-20,461523194
2023-06-GSAFAC-0000008301,ESDFCNAM7PV7,2023,2024-03-20,590624449
2023-06-GSAFAC-0000008301,ESDFCNAM7PV7,2023,2024-03-20,592292041
2023-06-GSAFAC-0000008301,ESDFCNAM7PV7,2023,2024-03-20,630937704
2023-06-GSAFAC-0000008301,ESDFCNAM7PV7,2023,2024-03-20,721529708
2023-06-GSAFAC-0000008301,ESDFCNAM7PV7,2023,2024-03-20,900799724
2023-06-GSAFAC-0000008301,ESDFCNAM7PV7,2023,2024-03-20,593620346
2023-06-GSAFAC-0000008301,ESDFCNAM7PV7,2023,2024-03-20,362596381
2023-06-GSAFAC-0000008301,ESDFCNAM7PV7,2023,2024-03-20,363330928
2023-06-GSAFAC-0000008301,ESDFCNAM7PV7,2023,2024-03-20,363978153
2023-06-GSAFAC-0000008301,ESDFCNAM7PV7,2023,2024-03-20,364251846
2023-06-GSAFAC-0000008301,ESDFCNAM7PV7,2023,2024-03-20,800710751
2023-06-GSAFAC-0000008301,ESDFCNAM7PV7,2023,2024-03-20,261356310
2023-06-GSAFAC-0000008301,ESDFCNAM7PV7,2023,2024-03-20,350869065
2023-06-GSAFAC-0000008301,ESDFCNAM7PV7,2023,2024-03-20,350869066
2023-06-GSAFAC-0000008301,ESDFCNAM7PV7,2023,2024-03-20,350992717
2023-06-GSAFAC-0000008301,ESDFCNAM7PV7,2023,2024-03-20,454243702
2023-06-GSAFAC-0000008301,ESDFCNAM7PV7,2023,2024-03-20,460877261
2023-06-GSAFAC-0000008301,ESDFCNAM7PV7,2023,2024-03-20,743107055
2023-06-GSAFAC-0000008301,ESDFCNAM7PV7,2023,2024-03-20,364492612
2023-06-GSAFAC-0000008301,ESDFCNAM7PV7,2023,2024-03-20,480543778
2023-06-GSAFAC-0000008301,ESDFCNAM7PV7,2023,2024-03-20,481158274
2023-06-GSAFAC-0000008301,ESDFCNAM7PV7,2023,2024-03-20,481186704
2023-06-GSAFAC-0000008301,ESDFCNAM7PV7,2023,2024-03-20,271965272
2023-06-GSAFAC-0000008301,ESDFCNAM7PV7,2023,2024-03-20,392064992
2023-06-GSAFAC-0000008301,ESDFCNAM7PV7,2023,2024-03-20,381359247
2023-06-GSAFAC-0000008301,ESDFCNAM7PV7,2023,2024-03-20,381360526
2023-06-GSAFAC-0000008301,ESDFCNAM7PV7,2023,2024-03-20,381576680
2023-06-GSAFAC-0000008301,ESDFCNAM7PV7,2023,2024-03-20,382601348
2023-06-GSAFAC-0000008301,ESDFCNAM7PV7,2023,2024-03-20,382820107
2023-06-GSAFAC-0000008301,ESDFCNAM7PV7,2023,2024-03-20,383160564
2023-06-GSAFAC-0000008301,ESDFCNAM7PV7,2023,2024-03-20,383193801
2023-06-GSAFAC-0000008301,ESDFCNAM7PV7,2023,2024-03-20,383494637
2023-06-GSAFAC-0000008301,ESDFCNAM7PV7,2023,2024-03-20,381359180
2023-06-GSAFAC-0000008301,ESDFCNAM7PV7,2023,2024-03-20,381443395
2023-06-GSAFAC-0000008301,ESDFCNAM7PV7,2023,2024-03-20,730579286
2023-06-GSAFAC-0000008301,ESDFCNAM7PV7,2023,2024-03-20,621529858
2023-06-GSAFAC-0000008301,ESDFCNAM7PV7,2023,2024-03-20,620347580
2023-06-GSAFAC-0000008301,ESDFCNAM7PV7,2023,2024-03-20,620475842
2023-06-GSAFAC-0000008301,ESDFCNAM7PV7,2023,2024-03-20,741109636
2023-06-GSAFAC-0000008301,ESDFCNAM7PV7,2023,2024-03-20,742696970
2023-06-GSAFAC-0000008301,ESDFCNAM7PV7,2023,2024-03-20,742800601
2023-06-GSAFAC-0000008301,ESDFCNAM7PV7,2023,2024-03-20,721332678
2023-06-GSAFAC-0000008301,ESDFCNAM7PV7,2023,2024-03-20,810935368
2023-06-GSAFAC-0000008301,ESDFCNAM7PV7,2023,2024-03-20,362801392
2023-06-GSAFAC-0000008301,ESDFCNAM7PV7,2023,2024-03-20,611759304
2023-06-GSAFAC-0000008301,ESDFCNAM7PV7,2023,2024-03-20,731153337
2023-06-GSAFAC-0000008301,ESDFCNAM7PV7,2023,2024-03-20,743070971
2023-06-GSAFAC-0000008301,ESDFCNAM7PV7,2023,2024-03-20,364195126
2023-06-GSAFAC-0000008301,ESDFCNAM7PV7,2023,2024-03-20,460483581
2023-06-GSAFAC-0000008301,ESDFCNAM7PV7,2023,2024-03-20,471930457
2023-06-GSAFAC-0000008301,ESDFCNAM7PV7,2023,2024-03-20,381958763
2023-06-GSAFAC-0000008301,ESDFCNAM7PV7,2023,2024-03-20,383544539
2023-06-GSAFAC-0000008301,ESDFCNAM7PV7,2023,2024-03-20,381490190
2023-06-GSAFAC-0000008301,ESDFCNAM7PV7,2023,2024-03-20,264562522
2023-06-GSAFAC-0000008301,ESDFCNAM7PV7,2023,2024-03-20,390806315
2023-06-GSAFAC-0000008301,ESDFCNAM7PV7,2023,2024-03-20,390807063
2023-06-GSAFAC-0000008301,ESDFCNAM7PV7,2023,2024-03-20,390816818
2023-06-GSAFAC-0000008301,ESDFCNAM7PV7,2023,2024-03-20,390907740
2023-06-GSAFAC-0000008301,ESDFCNAM7PV7,2023,2024-03-20,391127163
2023-06-GSAFAC-0000008301,ESDFCNAM7PV7,2023,2024-03-20,391264986
2023-06-GSAFAC-0000008301,ESDFCNAM7PV7,2023,2024-03-20,391791586
2023-06-GSAFAC-0000008301,ESDFCNAM7PV7,2023,2024-03-20,390807065
2023-06-GSAFAC-0000008301,ESDFCNAM7PV7,2023,2024-03-20,390808503
2023-06-GSAFAC-0000008301,ESDFCNAM7PV7,2023,2024-03-20,390985690
2023-06-GSAFAC-0000008301,ESDFCNAM7PV7,2023,2024-03-20,391390638
2023-06-GSAFAC-0000008301,ESDFCNAM7PV7,2023,2024-03-20,621869474
2023-06-GSAFAC-0000008301,ESDFCNAM7PV7,2023,2024-03-20,621712703
2023-06-GSAFAC-0000031252,WDKTPK94TAT5,2023,2024-03-20,223257971
2023-06-GSAFAC-0000031252,WDKTPK94TAT5,2023,2024-03-20,223594910
2023-06-GSAFAC-0000029276,M1XFUH56YMT3,2023,2024-03-20,813730871
2023-06-GSAFAC-0000025435,KUL1N8UJXEH5,2023,2024-03-20,546001307
2023-06-GSAFAC-0000025435,KUL1N8UJXEH5,2023,2024-03-20,546001303
2023-06-GSAFAC-0000025468,D3PPMTMJKAJ3,2023,2024-03-20,620714744
2023-06-GSAFAC-0000024817,VXS8VFJNNSL4,2023,2024-03-20,620790499
2023-06-GSAFAC-0000025522,VM4UJ787Z681,2023,2024-03-20,626000850
2023-06-GSAFAC-0000025522,VM4UJ787Z681,2023,2024-03-20,626000848
2023-08-GSAFAC-0000018406,LNG6FLWJNJ86,2023,2024-03-20,237087041
2023-08-GSAFAC-0000018406,LNG6FLWJNJ86,2023,2024-03-20,260876468
2023-08-GSAFAC-0000018406,LNG6FLWJNJ86,2023,2024-03-20,271472342
2023-08-GSAFAC-0000018406,LNG6FLWJNJ86,2023,2024-03-20,352194610
2023-08-GSAFAC-0000018406,LNG6FLWJNJ86,2023,2024-03-20,352507700
2023-08-GSAFAC-0000018406,LNG6FLWJNJ86,2023,2024-03-20,362169179
2023-08-GSAFAC-0000018406,LNG6FLWJNJ86,2023,2024-03-20,362179764
2023-08-GSAFAC-0000018406,LNG6FLWJNJ86,2023,2024-03-20,362179779
2023-08-GSAFAC-0000018406,LNG6FLWJNJ86,2023,2024-03-20,362338884
2023-08-GSAFAC-0000018406,LNG6FLWJNJ86,2023,2024-03-20,362513909
2023-08-GSAFAC-0000018406,LNG6FLWJNJ86,2023,2024-03-20,362680776
2023-08-GSAFAC-0000018406,LNG6FLWJNJ86,2023,2024-03-20,363097297
2023-08-GSAFAC-0000018406,LNG6FLWJNJ86,2023,2024-03-20,363149833
2023-08-GSAFAC-0000018406,LNG6FLWJNJ86,2023,2024-03-20,363155315
2023-08-GSAFAC-0000018406,LNG6FLWJNJ86,2023,2024-03-20,363270521
2023-08-GSAFAC-0000018406,LNG6FLWJNJ86,2023,2024-03-20,363484281
2023-08-GSAFAC-0000018406,LNG6FLWJNJ86,2023,2024-03-20,363824138
2023-08-GSAFAC-0000018406,LNG6FLWJNJ86,2023,2024-03-20,363887234
2023-08-GSAFAC-0000018406,LNG6FLWJNJ86,2023,2024-03-20,364244337
2023-08-GSAFAC-0000018406,LNG6FLWJNJ86,2023,2024-03-20,364310557
2023-08-GSAFAC-0000018406,LNG6FLWJNJ86,2023,2024-03-20,364724966
2023-08-GSAFAC-0000018406,LNG6FLWJNJ86,2023,2024-03-20,364836347
2023-08-GSAFAC-0000018406,LNG6FLWJNJ86,2023,2024-03-20,370960170
2023-08-GSAFAC-0000018406,LNG6FLWJNJ86,2023,2024-03-20,384017932
2023-08-GSAFAC-0000018406,LNG6FLWJNJ86,2023,2024-03-20,453449737
2023-08-GSAFAC-0000018406,LNG6FLWJNJ86,2023,2024-03-20,474579189
2023-08-GSAFAC-0000018406,LNG6FLWJNJ86,2023,2024-03-20,800838376
2023-08-GSAFAC-0000018406,LNG6FLWJNJ86,2023,2024-03-20,834687208
2023-08-GSAFAC-0000018406,LNG6FLWJNJ86,2023,2024-03-20,841833690
2023-08-GSAFAC-0000018406,LNG6FLWJNJ86,2023,2024-03-20,842020413
2023-08-GSAFAC-0000018406,LNG6FLWJNJ86,2023,2024-03-20,873930870
2023-08-GSAFAC-0000018406,LNG6FLWJNJ86,2023,2024-03-20,900917479
2023-08-GSAFAC-0000018406,LNG6FLWJNJ86,2023,2024-03-20,320517854
2023-08-GSAFAC-0000018406,LNG6FLWJNJ86,2023,2024-03-20,352634975
2023-08-GSAFAC-0000018406,LNG6FLWJNJ86,2023,2024-03-20,931674756
2023-06-GSAFAC-0000010916,TN75GJE1S7G3,2023,2024-03-20,231713677
2023-06-GSAFAC-0000010916,TN75GJE1S7G3,2023,2024-03-20,232086937
2023-06-GSAFAC-0000010916,TN75GJE1S7G3,2023,2024-03-20,232160277
2023-06-GSAFAC-0000010916,TN75GJE1S7G3,2023,2024-03-20,232172300
2023-06-GSAFAC-0000010916,TN75GJE1S7G3,2023,2024-03-20,232632825
2023-06-GSAFAC-0000010916,TN75GJE1S7G3,2023,2024-03-20,233098959
2023-06-GSAFAC-0000010916,TN75GJE1S7G3,2023,2024-03-20,236002830
2023-06-GSAFAC-0000010916,TN75GJE1S7G3,2023,2024-03-20,236002831
2023-06-GSAFAC-0000010916,TN75GJE1S7G3,2023,2024-03-20,236003016
2023-06-GSAFAC-0000010916,TN75GJE1S7G3,2023,2024-03-20,236003017
2023-06-GSAFAC-0000010916,TN75GJE1S7G3,2023,2024-03-20,236003018
2023-06-GSAFAC-0000010916,TN75GJE1S7G3,2023,2024-03-20,236003029
2023-06-GSAFAC-0000010916,TN75GJE1S7G3,2023,2024-03-20,236003058
2023-06-GSAFAC-0000010916,TN75GJE1S7G3,2023,2024-03-20,236003060
2023-06-GSAFAC-0000010916,TN75GJE1S7G3,2023,2024-03-20,236003062
2023-06-GSAFAC-0000010916,TN75GJE1S7G3,2023,2024-03-20,236003099
2023-06-GSAFAC-0000010916,TN75GJE1S7G3,2023,2024-03-20,236003102
2023-06-GSAFAC-0000010916,TN75GJE1S7G3,2023,2024-03-20,236003104
2023-06-GSAFAC-0000010916,TN75GJE1S7G3,2023,2024-03-20,236003105
2023-06-GSAFAC-0000010916,TN75GJE1S7G3,2023,2024-03-20,236003107
2023-06-GSAFAC-0000010916,TN75GJE1S7G3,2023,2024-03-20,236003112
2023-06-GSAFAC-0000010916,TN75GJE1S7G3,2023,2024-03-20,236003113
2023-06-GSAFAC-0000010916,TN75GJE1S7G3,2023,2024-03-20,236003115
2023-06-GSAFAC-0000010916,TN75GJE1S7G3,2023,2024-03-20,236003219
2023-06-GSAFAC-0000010916,TN75GJE1S7G3,2023,2024-03-20,236003240
2023-06-GSAFAC-0000010916,TN75GJE1S7G3,2023,2024-03-20,236005039
2023-06-GSAFAC-0000010916,TN75GJE1S7G3,2023,2024-03-20,251580842
2023-06-GSAFAC-0000010916,TN75GJE1S7G3,2023,2024-03-20,251644382
2023-06-GSAFAC-0000010916,TN75GJE1S7G3,2023,2024-03-20,251671669
2023-06-GSAFAC-0000010916,TN75GJE1S7G3,2023,2024-03-20,251723543
2023-06-GSAFAC-0000010916,TN75GJE1S7G3,2023,2024-03-20,251773197
2023-06-GSAFAC-0000010916,TN75GJE1S7G3,2023,2024-03-20,251898690
2023-06-GSAFAC-0000010916,TN75GJE1S7G3,2023,2024-03-20,251900008
2023-06-GSAFAC-0000010916,TN75GJE1S7G3,2023,2024-03-20,251901045
2023-06-GSAFAC-0000010916,TN75GJE1S7G3,2023,2024-03-20,270060517
2023-06-GSAFAC-0000010916,TN75GJE1S7G3,2023,2024-03-20,800849780
2023-06-GSAFAC-0000025941,LBKKC4ADCTF7,2023,2024-03-20,620681064
2023-06-GSAFAC-0000021373,GLD1KRCPLYN6,2023,2024-03-20,620912614
2023-06-GSAFAC-0000021373,GLD1KRCPLYN6,2023,2024-03-20,626000632
2023-06-GSAFAC-0000021373,GLD1KRCPLYN6,2023,2024-03-20,626000633
2023-06-GSAFAC-0000028637,G9BQBYET48Q3,2023,2024-03-20,626000037
2023-06-GSAFAC-0000028637,G9BQBYET48Q3,2023,2024-03-20,626018910
2023-06-GSAFAC-0000024435,L2FLX1LG2J83,2023,2024-03-20,626000551
2023-06-GSAFAC-0000024435,L2FLX1LG2J83,2023,2024-03-20,626000550
2023-06-GSAFAC-0000026741,G98CZYL2YR93,2023,2024-03-20,626601706
2023-06-GSAFAC-0000026741,G98CZYL2YR93,2023,2024-03-20,626000823
2023-06-GSAFAC-0000011041,WUS2DMCT5RG7,2023,2024-03-20,133387630
2023-06-GSAFAC-0000011041,WUS2DMCT5RG7,2023,2024-03-20,133841701
2023-06-GSAFAC-0000025535,EQABL6J7JJP9,2023,2024-03-20,626000892
2023-06-GSAFAC-0000025535,EQABL6J7JJP9,2023,2024-03-20,626000894
2023-06-GSAFAC-0000031517,HBEYCUE2HWV3,2023,2024-03-21,550519767
2023-06-GSAFAC-0000031517,HBEYCUE2HWV3,2023,2024-03-21,556000257
2023-06-GSAFAC-0000030022,SGKZNBX276G8,2023,2024-03-21,800238474
2023-06-GSAFAC-0000030022,SGKZNBX276G8,2023,2024-03-21,201639009
2023-06-GSAFAC-0000030022,SGKZNBX276G8,2023,2024-03-21,800518255
2023-06-GSAFAC-0000030022,SGKZNBX276G8,2023,2024-03-21,900450584
2023-06-GSAFAC-0000005582,QGWZT63766L6,2023,2024-03-21,480979845
2023-06-GSAFAC-0000022896,YVKAAR8UTVA5,2023,2024-03-21,626000704
2023-06-GSAFAC-0000022702,D1QMDGN7KB46,2023,2024-03-21,656000659
2023-06-GSAFAC-0000022702,D1QMDGN7KB46,2023,2024-03-21,656000656
2023-12-GSAFAC-0000029325,RAN9SJ8RM973,2023,2024-03-21,450315211
2023-12-GSAFAC-0000029325,RAN9SJ8RM973,2023,2024-03-21,364821779
2023-12-GSAFAC-0000029325,RAN9SJ8RM973,2023,2024-03-21,208553549
2023-09-GSAFAC-0000027177,HKKJG3A4NKP7,2023,2024-03-21,472592811
2023-06-GSAFAC-0000016423,J1RCZHDJKBN5,2023,2024-03-21,521753040
2023-06-GSAFAC-0000016423,J1RCZHDJKBN5,2023,2024-03-21,521524967
2023-06-GSAFAC-0000016423,J1RCZHDJKBN5,2023,2024-03-21,521230183
2023-06-GSAFAC-0000016423,J1RCZHDJKBN5,2023,2024-03-21,520607971
2023-06-GSAFAC-0000031618,LB1YBEHWC3G3,2023,2024-03-21,232809429
2023-06-GSAFAC-0000031618,LB1YBEHWC3G3,2023,2024-03-21,841973047
2023-06-GSAFAC-0000031914,H8CSY2JDYMV5,2023,2024-03-21,546001166
2023-06-GSAFAC-0000031914,H8CSY2JDYMV5,2023,2024-03-21,546001168
2023-08-GSAFAC-0000025985,JCJBPTJXYXH9,2023,2024-03-21,260072699
2023-08-GSAFAC-0000025985,JCJBPTJXYXH9,2023,2024-03-21,262482534
2023-08-GSAFAC-0000025985,JCJBPTJXYXH9,2023,2024-03-21,264168896
2023-08-GSAFAC-0000025985,JCJBPTJXYXH9,2023,2024-03-21,264169042
2023-08-GSAFAC-0000025985,JCJBPTJXYXH9,2023,2024-03-21,271208151
2023-08-GSAFAC-0000025985,JCJBPTJXYXH9,2023,2024-03-21,272990579
2023-08-GSAFAC-0000025985,JCJBPTJXYXH9,2023,2024-03-21,300573457
2023-08-GSAFAC-0000025985,JCJBPTJXYXH9,2023,2024-03-21,320113643
2023-08-GSAFAC-0000025985,JCJBPTJXYXH9,2023,2024-03-21,412137482
2023-08-GSAFAC-0000025985,JCJBPTJXYXH9,2023,2024-03-21,453507970
2023-08-GSAFAC-0000025985,JCJBPTJXYXH9,2023,2024-03-21,465292740
2023-08-GSAFAC-0000025985,JCJBPTJXYXH9,2023,2024-03-21,550905311
2023-08-GSAFAC-0000025985,JCJBPTJXYXH9,2023,2024-03-21,680583577
2023-08-GSAFAC-0000025985,JCJBPTJXYXH9,2023,2024-03-21,711647061
2023-08-GSAFAC-0000025985,JCJBPTJXYXH9,2023,2024-03-21,741238434
2023-08-GSAFAC-0000025985,JCJBPTJXYXH9,2023,2024-03-21,741466553
2023-08-GSAFAC-0000025985,JCJBPTJXYXH9,2023,2024-03-21,741556399
2023-08-GSAFAC-0000025985,JCJBPTJXYXH9,2023,2024-03-21,741586031
2023-08-GSAFAC-0000025985,JCJBPTJXYXH9,2023,2024-03-21,741590014
2023-08-GSAFAC-0000025985,JCJBPTJXYXH9,2023,2024-03-21,741646003
2023-08-GSAFAC-0000025985,JCJBPTJXYXH9,2023,2024-03-21,741646989
2023-08-GSAFAC-0000025985,JCJBPTJXYXH9,2023,2024-03-21,741654611
2023-08-GSAFAC-0000025985,JCJBPTJXYXH9,2023,2024-03-21,741680372
2023-08-GSAFAC-0000025985,JCJBPTJXYXH9,2023,2024-03-21,741694419
2023-08-GSAFAC-0000025985,JCJBPTJXYXH9,2023,2024-03-21,741695666
2023-08-GSAFAC-0000025985,JCJBPTJXYXH9,2023,2024-03-21,741717115
2023-08-GSAFAC-0000025985,JCJBPTJXYXH9,2023,2024-03-21,741760663
2023-08-GSAFAC-0000025985,JCJBPTJXYXH9,2023,2024-03-21,741761309
2023-08-GSAFAC-0000025985,JCJBPTJXYXH9,2023,2024-03-21,741761398
2023-08-GSAFAC-0000025985,JCJBPTJXYXH9,2023,2024-03-21,741834669
2023-08-GSAFAC-0000025985,JCJBPTJXYXH9,2023,2024-03-21,741876179
2023-08-GSAFAC-0000025985,JCJBPTJXYXH9,2023,2024-03-21,741950605
2023-08-GSAFAC-0000025985,JCJBPTJXYXH9,2023,2024-03-21,741974733
2023-08-GSAFAC-0000025985,JCJBPTJXYXH9,2023,2024-03-21,742037344
2023-08-GSAFAC-0000025985,JCJBPTJXYXH9,2023,2024-03-21,742059614
2023-08-GSAFAC-0000025985,JCJBPTJXYXH9,2023,2024-03-21,742125225
2023-08-GSAFAC-0000025985,JCJBPTJXYXH9,2023,2024-03-21,742195206
2023-08-GSAFAC-0000025985,JCJBPTJXYXH9,2023,2024-03-21,742195210
2023-08-GSAFAC-0000025985,JCJBPTJXYXH9,2023,2024-03-21,742225691
2023-08-GSAFAC-0000025985,JCJBPTJXYXH9,2023,2024-03-21,742270624
2023-08-GSAFAC-0000025985,JCJBPTJXYXH9,2023,2024-03-21,742270626
2023-08-GSAFAC-0000025985,JCJBPTJXYXH9,2023,2024-03-21,742290475
2023-08-GSAFAC-0000025985,JCJBPTJXYXH9,2023,2024-03-21,742293399
2023-08-GSAFAC-0000025985,JCJBPTJXYXH9,2023,2024-03-21,742311576
2023-08-GSAFAC-0000025985,JCJBPTJXYXH9,2023,2024-03-21,742354858
2023-08-GSAFAC-0000025985,JCJBPTJXYXH9,2023,2024-03-21,742378168
2023-08-GSAFAC-0000025985,JCJBPTJXYXH9,2023,2024-03-21,742434011
2023-08-GSAFAC-0000025985,JCJBPTJXYXH9,2023,2024-03-21,742495505
2023-08-GSAFAC-0000025985,JCJBPTJXYXH9,2023,2024-03-21,742519313
2023-08-GSAFAC-0000025985,JCJBPTJXYXH9,2023,2024-03-21,742610542
2023-08-GSAFAC-0000025985,JCJBPTJXYXH9,2023,2024-03-21,742622973
2023-08-GSAFAC-0000025985,JCJBPTJXYXH9,2023,2024-03-21,742638006
2023-08-GSAFAC-0000025985,JCJBPTJXYXH9,2023,2024-03-21,742639167
2023-08-GSAFAC-0000025985,JCJBPTJXYXH9,2023,2024-03-21,742648747
2023-08-GSAFAC-0000025985,JCJBPTJXYXH9,2023,2024-03-21,742677375
2023-08-GSAFAC-0000025985,JCJBPTJXYXH9,2023,2024-03-21,742715016
2023-08-GSAFAC-0000025985,JCJBPTJXYXH9,2023,2024-03-21,742759269
2023-08-GSAFAC-0000025985,JCJBPTJXYXH9,2023,2024-03-21,742764775
2023-08-GSAFAC-0000025985,JCJBPTJXYXH9,2023,2024-03-21,742785637
2023-08-GSAFAC-0000025985,JCJBPTJXYXH9,2023,2024-03-21,742843306
2023-08-GSAFAC-0000025985,JCJBPTJXYXH9,2023,2024-03-21,742907553
2023-08-GSAFAC-0000025985,JCJBPTJXYXH9,2023,2024-03-21,742910339
2023-08-GSAFAC-0000025985,JCJBPTJXYXH9,2023,2024-03-21,743024533
2023-08-GSAFAC-0000025985,JCJBPTJXYXH9,2023,2024-03-21,746000027
2023-08-GSAFAC-0000025985,JCJBPTJXYXH9,2023,2024-03-21,746000053
2023-08-GSAFAC-0000025985,JCJBPTJXYXH9,2023,2024-03-21,746000057
2023-08-GSAFAC-0000025985,JCJBPTJXYXH9,2023,2024-03-21,746000074
2023-08-GSAFAC-0000025985,JCJBPTJXYXH9,2023,2024-03-21,746000077
2023-08-GSAFAC-0000025985,JCJBPTJXYXH9,2023,2024-03-21,746000079
2023-08-GSAFAC-0000025985,JCJBPTJXYXH9,2023,2024-03-21,746000089
2023-08-GSAFAC-0000025985,JCJBPTJXYXH9,2023,2024-03-21,746000094
2023-08-GSAFAC-0000025985,JCJBPTJXYXH9,2023,2024-03-21,746000095
2023-08-GSAFAC-0000025985,JCJBPTJXYXH9,2023,2024-03-21,746000098
2023-08-GSAFAC-0000025985,JCJBPTJXYXH9,2023,2024-03-21,746000100
2023-08-GSAFAC-0000025985,JCJBPTJXYXH9,2023,2024-03-21,746000108
2023-08-GSAFAC-0000025985,JCJBPTJXYXH9,2023,2024-03-21,746000116
2023-08-GSAFAC-0000025985,JCJBPTJXYXH9,2023,2024-03-21,746000119
2023-08-GSAFAC-0000025985,JCJBPTJXYXH9,2023,2024-03-21,746000121
2023-08-GSAFAC-0000025985,JCJBPTJXYXH9,2023,2024-03-21,746000126
2023-08-GSAFAC-0000025985,JCJBPTJXYXH9,2023,2024-03-21,746000130
2023-08-GSAFAC-0000025985,JCJBPTJXYXH9,2023,2024-03-21,746000134
2023-08-GSAFAC-0000025985,JCJBPTJXYXH9,2023,2024-03-21,746000143
2023-08-GSAFAC-0000025985,JCJBPTJXYXH9,2023,2024-03-21,746000144
2023-08-GSAFAC-0000025985,JCJBPTJXYXH9,2023,2024-03-21,746000151
2023-08-GSAFAC-0000025985,JCJBPTJXYXH9,2023,2024-03-21,746000155
2023-08-GSAFAC-0000025985,JCJBPTJXYXH9,2023,2024-03-21,746000156
2023-08-GSAFAC-0000025985,JCJBPTJXYXH9,2023,2024-03-21,746000161
2023-08-GSAFAC-0000025985,JCJBPTJXYXH9,2023,2024-03-21,746000163
2023-08-GSAFAC-0000025985,JCJBPTJXYXH9,2023,2024-03-21,746000164
2023-08-GSAFAC-0000025985,JCJBPTJXYXH9,2023,2024-03-21,746000170
2023-08-GSAFAC-0000025985,JCJBPTJXYXH9,2023,2024-03-21,746000172
2023-08-GSAFAC-0000025985,JCJBPTJXYXH9,2023,2024-03-21,746000174
2023-08-GSAFAC-0000025985,JCJBPTJXYXH9,2023,2024-03-21,746000183
2023-08-GSAFAC-0000025985,JCJBPTJXYXH9,2023,2024-03-21,746000184
2023-08-GSAFAC-0000025985,JCJBPTJXYXH9,2023,2024-03-21,746000203
2023-08-GSAFAC-0000025985,JCJBPTJXYXH9,2023,2024-03-21,746000206
2023-08-GSAFAC-0000025985,JCJBPTJXYXH9,2023,2024-03-21,746000298
2023-08-GSAFAC-0000025985,JCJBPTJXYXH9,2023,2024-03-21,746000531
2023-08-GSAFAC-0000025985,JCJBPTJXYXH9,2023,2024-03-21,746000537
2023-08-GSAFAC-0000025985,JCJBPTJXYXH9,2023,2024-03-21,746000541
2023-08-GSAFAC-0000025985,JCJBPTJXYXH9,2023,2024-03-21,746000813
2023-08-GSAFAC-0000025985,JCJBPTJXYXH9,2023,2024-03-21,746000949
2023-08-GSAFAC-0000025985,JCJBPTJXYXH9,2023,2024-03-21,746001078
2023-08-GSAFAC-0000025985,JCJBPTJXYXH9,2023,2024-03-21,746001118
2023-08-GSAFAC-0000025985,JCJBPTJXYXH9,2023,2024-03-21,746001391
2023-08-GSAFAC-0000025985,JCJBPTJXYXH9,2023,2024-03-21,746001399
2023-08-GSAFAC-0000025985,JCJBPTJXYXH9,2023,2024-03-21,746001430
2023-08-GSAFAC-0000025985,JCJBPTJXYXH9,2023,2024-03-21,746001431
2023-08-GSAFAC-0000025985,JCJBPTJXYXH9,2023,2024-03-21,746001530
2023-08-GSAFAC-0000025985,JCJBPTJXYXH9,2023,2024-03-21,746002078
2023-08-GSAFAC-0000025985,JCJBPTJXYXH9,2023,2024-03-21,746002248
2023-08-GSAFAC-0000025985,JCJBPTJXYXH9,2023,2024-03-21,746002381
2023-08-GSAFAC-0000025985,JCJBPTJXYXH9,2023,2024-03-21,746002472
2023-08-GSAFAC-0000025985,JCJBPTJXYXH9,2023,2024-03-21,746002886
2023-08-GSAFAC-0000025985,JCJBPTJXYXH9,2023,2024-03-21,746002942
2023-08-GSAFAC-0000025985,JCJBPTJXYXH9,2023,2024-03-21,746002948
2023-08-GSAFAC-0000025985,JCJBPTJXYXH9,2023,2024-03-21,746002949
2023-08-GSAFAC-0000025985,JCJBPTJXYXH9,2023,2024-03-21,746003079
2023-08-GSAFAC-0000025985,JCJBPTJXYXH9,2023,2024-03-21,746014065
2023-08-GSAFAC-0000025985,JCJBPTJXYXH9,2023,2024-03-21,746016195
2023-08-GSAFAC-0000025985,JCJBPTJXYXH9,2023,2024-03-21,746016766
2023-08-GSAFAC-0000025985,JCJBPTJXYXH9,2023,2024-03-21,746021504
2023-08-GSAFAC-0000025985,JCJBPTJXYXH9,2023,2024-03-21,746022211
2023-08-GSAFAC-0000025985,JCJBPTJXYXH9,2023,2024-03-21,746024697
2023-08-GSAFAC-0000025985,JCJBPTJXYXH9,2023,2024-03-21,746027289
2023-08-GSAFAC-0000025985,JCJBPTJXYXH9,2023,2024-03-21,746027560
2023-08-GSAFAC-0000025985,JCJBPTJXYXH9,2023,2024-03-21,751305566
2023-08-GSAFAC-0000025985,JCJBPTJXYXH9,2023,2024-03-21,751393493
2023-08-GSAFAC-0000025985,JCJBPTJXYXH9,2023,2024-03-21,751396988
2023-08-GSAFAC-0000025985,JCJBPTJXYXH9,2023,2024-03-21,752655354
2023-08-GSAFAC-0000025985,JCJBPTJXYXH9,2023,2024-03-21,752668014
2023-08-GSAFAC-0000025985,JCJBPTJXYXH9,2023,2024-03-21,752668018
2023-08-GSAFAC-0000025985,JCJBPTJXYXH9,2023,2024-03-21,752932678
2023-08-GSAFAC-0000025985,JCJBPTJXYXH9,2023,2024-03-21,756000121
2023-08-GSAFAC-0000025985,JCJBPTJXYXH9,2023,2024-03-21,756001219
2023-08-GSAFAC-0000025985,JCJBPTJXYXH9,2023,2024-03-21,756001222
2023-08-GSAFAC-0000025985,JCJBPTJXYXH9,2023,2024-03-21,756001353
2023-08-GSAFAC-0000025985,JCJBPTJXYXH9,2023,2024-03-21,756001354
2023-08-GSAFAC-0000025985,JCJBPTJXYXH9,2023,2024-03-21,756001738
2023-08-GSAFAC-0000025985,JCJBPTJXYXH9,2023,2024-03-21,756001870
2023-08-GSAFAC-0000025985,JCJBPTJXYXH9,2023,2024-03-21,756002149
2023-08-GSAFAC-0000025985,JCJBPTJXYXH9,2023,2024-03-21,756002403
2023-08-GSAFAC-0000025985,JCJBPTJXYXH9,2023,2024-03-21,756002514
2023-08-GSAFAC-0000025985,JCJBPTJXYXH9,2023,2024-03-21,756002616
2023-08-GSAFAC-0000025985,JCJBPTJXYXH9,2023,2024-03-21,756002618
2023-08-GSAFAC-0000025985,JCJBPTJXYXH9,2023,2024-03-21,756002622
2023-08-GSAFAC-0000025985,JCJBPTJXYXH9,2023,2024-03-21,756002868
2023-08-GSAFAC-0000025985,JCJBPTJXYXH9,2023,2024-03-21,756031405
2023-08-GSAFAC-0000025985,JCJBPTJXYXH9,2023,2024-03-21,756064033
2023-08-GSAFAC-0000025985,JCJBPTJXYXH9,2023,2024-03-21,760658056
2023-08-GSAFAC-0000025985,JCJBPTJXYXH9,2023,2024-03-21,760694136
2023-08-GSAFAC-0000025985,JCJBPTJXYXH9,2023,2024-03-21,760695669
2023-08-GSAFAC-0000025985,JCJBPTJXYXH9,2023,2024-03-21,841876045
2023-06-GSAFAC-0000030062,RAVDUZGJHPB4,2023,2024-03-21,020400703
2023-06-GSAFAC-0000030062,RAVDUZGJHPB4,2023,2024-03-21,223015416
2023-06-GSAFAC-0000030028,Z17TDWP12G31,2023,2024-03-21,876112280
2023-06-GSAFAC-0000030028,Z17TDWP12G31,2023,2024-03-21,870294483
2023-06-GSAFAC-0000030028,Z17TDWP12G31,2023,2024-03-21,870342144
2023-06-GSAFAC-0000030028,Z17TDWP12G31,2023,2024-03-21,203212820
2023-06-GSAFAC-0000030028,Z17TDWP12G31,2023,2024-03-21,412126821
2023-06-GSAFAC-0000030028,Z17TDWP12G31,2023,2024-03-21,870381952
2023-06-GSAFAC-0000030028,Z17TDWP12G31,2023,2024-03-21,876000448
2023-06-GSAFAC-0000030028,Z17TDWP12G31,2023,2024-03-21,876000517
2023-06-GSAFAC-0000030028,Z17TDWP12G31,2023,2024-03-21,876000481
2023-06-GSAFAC-0000030028,Z17TDWP12G31,2023,2024-03-21,870742514
2023-06-GSAFAC-0000030028,Z17TDWP12G31,2023,2024-03-21,870632052
2023-06-GSAFAC-0000030028,Z17TDWP12G31,2023,2024-03-21,870293396
2023-06-GSAFAC-0000030028,Z17TDWP12G31,2023,2024-03-21,876000525
2023-06-GSAFAC-0000030028,Z17TDWP12G31,2023,2024-03-21,876000528
2023-06-GSAFAC-0000030028,Z17TDWP12G31,2023,2024-03-21,870276385
2023-06-GSAFAC-0000030028,Z17TDWP12G31,2023,2024-03-21,876000488
2023-06-GSAFAC-0000030028,Z17TDWP12G31,2023,2024-03-21,870280648
2023-06-GSAFAC-0000030028,Z17TDWP12G31,2023,2024-03-21,876000535
2023-06-GSAFAC-0000029417,SGBMHQ7VXNH5,2023,2024-03-22,471042118
2023-06-GSAFAC-0000026399,L6AXPAJZ3HR4,2023,2024-03-22,351341204
2023-06-GSAFAC-0000030875,D5NYYC4K6LJ4,2023,2024-03-22,382391381
2023-06-GSAFAC-0000030875,D5NYYC4K6LJ4,2023,2024-03-22,475320389
2023-06-GSAFAC-0000030875,D5NYYC4K6LJ4,2023,2024-03-22,204431313
2023-06-GSAFAC-0000004492,US6WFS9DBM93,2023,2024-03-22,240795682
2023-06-GSAFAC-0000004492,US6WFS9DBM93,2023,2024-03-22,510426500
2023-06-GSAFAC-0000029667,FMXSY2JJ1H13,2023,2024-03-22,261404499
2023-06-GSAFAC-0000017404,EH8XLZA2ACN6,2023,2024-03-22,264412391
2023-06-GSAFAC-0000017404,EH8XLZA2ACN6,2023,2024-03-22,800790996
2023-06-GSAFAC-0000018796,XZ9ZFLCMJAM1,2023,2024-03-22,900609374
2023-06-GSAFAC-0000018796,XZ9ZFLCMJAM1,2023,2024-03-22,903272589
2023-06-GSAFAC-0000018796,XZ9ZFLCMJAM1,2023,2024-03-22,043272590
2023-06-GSAFAC-0000031503,G9UZX5M53LV6,2023,2024-03-22,361211270
2023-06-GSAFAC-0000031503,G9UZX5M53LV6,2023,2024-03-22,382891233
2023-06-GSAFAC-0000030415,V4FMY71FYXZ6,2023,2024-03-22,262374576
2023-06-GSAFAC-0000030415,V4FMY71FYXZ6,2023,2024-03-22,383721881
2023-06-GSAFAC-0000030415,V4FMY71FYXZ6,2023,2024-03-22,811725341
2023-06-GSAFAC-0000030415,V4FMY71FYXZ6,2023,2024-03-22,840517947
2023-06-GSAFAC-0000030415,V4FMY71FYXZ6,2023,2024-03-22,840559160
2023-06-GSAFAC-0000030415,V4FMY71FYXZ6,2023,2024-03-22,840600334
2023-06-GSAFAC-0000030415,V4FMY71FYXZ6,2023,2024-03-22,846000542
2023-06-GSAFAC-0000030415,V4FMY71FYXZ6,2023,2024-03-22,846000545
2023-06-GSAFAC-0000030415,V4FMY71FYXZ6,2023,2024-03-22,846000546
2023-06-GSAFAC-0000030415,V4FMY71FYXZ6,2023,2024-03-22,846000551
2023-06-GSAFAC-0000030415,V4FMY71FYXZ6,2023,2024-03-22,846000555
2023-06-GSAFAC-0000030415,V4FMY71FYXZ6,2023,2024-03-22,846000556
2023-06-GSAFAC-0000030415,V4FMY71FYXZ6,2023,2024-03-22,846000558
2023-06-GSAFAC-0000030415,V4FMY71FYXZ6,2023,2024-03-22,846000574
2023-06-GSAFAC-0000030415,V4FMY71FYXZ6,2023,2024-03-22,846001656
2023-06-GSAFAC-0000008204,CJJKBJKFAHM9,2023,2024-03-22,521232569
2023-06-GSAFAC-0000008204,CJJKBJKFAHM9,2023,2024-03-22,521467441
2023-06-GSAFAC-0000008204,CJJKBJKFAHM9,2023,2024-03-22,522093120
2023-06-GSAFAC-0000008204,CJJKBJKFAHM9,2023,2024-03-22,590683252
2023-06-GSAFAC-0000008204,CJJKBJKFAHM9,2023,2024-03-22,521341890
2023-06-GSAFAC-0000008204,CJJKBJKFAHM9,2023,2024-03-22,530196602
2023-06-GSAFAC-0000008204,CJJKBJKFAHM9,2023,2024-03-22,520610545
2023-06-GSAFAC-0000008204,CJJKBJKFAHM9,2023,2024-03-22,520591656
2023-06-GSAFAC-0000018171,CLTTLADDBD53,2023,2024-03-22,730700090
2023-06-GSAFAC-0000018171,CLTTLADDBD53,2023,2024-03-22,141841340
2023-06-GSAFAC-0000018171,CLTTLADDBD53,2023,2024-03-22,010603214
2023-06-GSAFAC-0000018171,CLTTLADDBD53,2023,2024-03-22,731308273
2023-06-GSAFAC-0000018171,CLTTLADDBD53,2023,2024-03-22,731310891
2023-06-GSAFAC-0000018171,CLTTLADDBD53,2023,2024-03-22,813127970
2023-06-GSAFAC-0000018171,CLTTLADDBD53,2023,2024-03-22,813747248
2023-06-GSAFAC-0000018171,CLTTLADDBD53,2023,2024-03-22,814322087
2023-06-GSAFAC-0000014490,EVWND46XB2X4,2023,2024-03-22,233009874
2023-06-GSAFAC-0000014490,EVWND46XB2X4,2023,2024-03-22,231371947
2023-06-GSAFAC-0000014490,EVWND46XB2X4,2023,2024-03-22,371875087
2023-06-GSAFAC-0000014490,EVWND46XB2X4,2023,2024-03-22,232215800
2023-06-GSAFAC-0000025118,G61XDDVNMS74,2023,2024-03-22,626000797
2023-06-GSAFAC-0000025118,G61XDDVNMS74,2023,2024-03-22,626000799
2023-09-GSAFAC-0000030340,NKLUNN95FE16,2023,2024-03-22,752600873
2023-06-GSAFAC-0000029084,LFK8DDLYRHL6,2023,2024-03-22,460360899
2022-09-GSAFAC-0000030481,C1CPANL3EWK4,2022,2024-03-24,222667354
2022-09-GSAFAC-0000030481,C1CPANL3EWK4,2022,2024-03-24,042704686
2022-09-GSAFAC-0000030481,C1CPANL3EWK4,2022,2024-03-24,042103606
2022-09-GSAFAC-0000030481,C1CPANL3EWK4,2022,2024-03-24,042203836
2022-09-GSAFAC-0000030481,C1CPANL3EWK4,2022,2024-03-24,042777145
2023-12-GSAFAC-0000032293,CGG3KCGVQD45,2023,2024-03-25,721037125
2023-06-GSAFAC-0000030494,T1GKVXH7Y5K9,2023,2024-03-25,550143590
2023-06-GSAFAC-0000030494,T1GKVXH7Y5K9,2023,2024-03-25,556006811
2023-06-GSAFAC-0000025921,FRU3A97J1NX5,2023,2024-03-25,616000636
2023-09-GSAFAC-0000029944,E83JMY8WTUJ8,2023,2024-03-25,850952796
2023-06-GSAFAC-0000017657,YWQ7CJRKQNX6,2023,2024-03-25,311758251
2023-06-GSAFAC-0000017657,YWQ7CJRKQNX6,2023,2024-03-25,300233972
2023-06-GSAFAC-0000017657,YWQ7CJRKQNX6,2023,2024-03-25,311695981
2023-06-GSAFAC-0000017657,YWQ7CJRKQNX6,2023,2024-03-25,300100167
2023-06-GSAFAC-0000017657,YWQ7CJRKQNX6,2023,2024-03-25,300142664
2023-06-GSAFAC-0000017657,YWQ7CJRKQNX6,2023,2024-03-25,043373843
2023-06-GSAFAC-0000017657,YWQ7CJRKQNX6,2023,2024-03-25,311695823
2023-06-GSAFAC-0000010456,N8MRCN5Y7HK4,2023,2024-03-25,560611546
2023-06-GSAFAC-0000010456,N8MRCN5Y7HK4,2023,2024-03-25,811651110
2023-06-GSAFAC-0000010456,N8MRCN5Y7HK4,2023,2024-03-25,352142005
2023-09-GSAFAC-0000028251,SK4NKLFU5C69,2023,2024-03-25,640871970
2023-09-GSAFAC-0000028251,SK4NKLFU5C69,2023,2024-03-25,841676027
2023-09-GSAFAC-0000028251,SK4NKLFU5C69,2023,2024-03-25,320222103
2023-09-GSAFAC-0000028251,SK4NKLFU5C69,2023,2024-03-25,800290005
2023-09-GSAFAC-0000028251,SK4NKLFU5C69,2023,2024-03-25,640834917
2023-09-GSAFAC-0000028251,SK4NKLFU5C69,2023,2024-03-25,943443963
2023-09-GSAFAC-0000028251,SK4NKLFU5C69,2023,2024-03-25,474187935
2023-09-GSAFAC-0000028251,SK4NKLFU5C69,2023,2024-03-25,275038127
2023-09-GSAFAC-0000028251,SK4NKLFU5C69,2023,2024-03-25,331190699
2023-09-GSAFAC-0000028251,SK4NKLFU5C69,2023,2024-03-25,300285657
2023-09-GSAFAC-0000028251,SK4NKLFU5C69,2023,2024-03-25,463951705
2023-06-GSAFAC-0000029889,D3MUME8J5T25,2023,2024-03-25,730758089
2023-06-GSAFAC-0000029889,D3MUME8J5T25,2023,2024-03-25,736084241
2023-06-GSAFAC-0000029889,D3MUME8J5T25,2023,2024-03-25,730982355
2023-06-GSAFAC-0000029889,D3MUME8J5T25,2023,2024-03-25,736096261
2023-06-GSAFAC-0000010440,HMG8JNBWJK47,2023,2024-03-25,562136828
2023-06-GSAFAC-0000010440,HMG8JNBWJK47,2023,2024-03-25,562084959
2023-06-GSAFAC-0000010440,HMG8JNBWJK47,2023,2024-03-25,561930028
2023-06-GSAFAC-0000031773,NC7LTHSFU6N7,2023,2024-03-25,461206730
2023-06-GSAFAC-0000031773,NC7LTHSFU6N7,2023,2024-03-25,462797950
2023-06-GSAFAC-0000031773,NC7LTHSFU6N7,2023,2024-03-25,463932110
2023-06-GSAFAC-0000031773,NC7LTHSFU6N7,2023,2024-03-25,480806277
2023-06-GSAFAC-0000031655,DHQGZEPWF3G3,2023,2024-03-26,550597364
2023-06-GSAFAC-0000032790,HYS6RGJFNKA6,2023,2024-03-26,133622106
2023-06-GSAFAC-0000032790,HYS6RGJFNKA6,2023,2024-03-26,208017249
2023-06-GSAFAC-0000020679,NH9HEJVBNMB1,2023,2024-03-26,233085638
2023-06-GSAFAC-0000020679,NH9HEJVBNMB1,2023,2024-03-26,161640627
2023-06-GSAFAC-0000000376,Q22FAK2F3YM6,2023,2024-03-26,626000078
2023-06-GSAFAC-0000016433,KBJAXWVMDZQ6,2023,2024-03-26,270615592
2023-06-GSAFAC-0000016433,KBJAXWVMDZQ6,2023,2024-03-26,520800930
2023-06-GSAFAC-0000016433,KBJAXWVMDZQ6,2023,2024-03-26,562654369
2023-06-GSAFAC-0000016433,KBJAXWVMDZQ6,2023,2024-03-26,620646576
2023-06-GSAFAC-0000016433,KBJAXWVMDZQ6,2023,2024-03-26,620646806
2023-06-GSAFAC-0000016433,KBJAXWVMDZQ6,2023,2024-03-26,620648618
2023-06-GSAFAC-0000016433,KBJAXWVMDZQ6,2023,2024-03-26,620725362
2023-06-GSAFAC-0000016433,KBJAXWVMDZQ6,2023,2024-03-26,620753450
2023-06-GSAFAC-0000016433,KBJAXWVMDZQ6,2023,2024-03-26,620762815
2023-06-GSAFAC-0000016433,KBJAXWVMDZQ6,2023,2024-03-26,620762876
2023-06-GSAFAC-0000016433,KBJAXWVMDZQ6,2023,2024-03-26,620786119
2023-06-GSAFAC-0000016433,KBJAXWVMDZQ6,2023,2024-03-26,620800916
2023-06-GSAFAC-0000016433,KBJAXWVMDZQ6,2023,2024-03-26,620807429
2023-06-GSAFAC-0000016433,KBJAXWVMDZQ6,2023,2024-03-26,620808901
2023-06-GSAFAC-0000016433,KBJAXWVMDZQ6,2023,2024-03-26,620818836
2023-06-GSAFAC-0000016433,KBJAXWVMDZQ6,2023,2024-03-26,620819102
2023-06-GSAFAC-0000016433,KBJAXWVMDZQ6,2023,2024-03-26,620877872
2023-06-GSAFAC-0000016433,KBJAXWVMDZQ6,2023,2024-03-26,620938734
2023-06-GSAFAC-0000016433,KBJAXWVMDZQ6,2023,2024-03-26,621033870
2023-06-GSAFAC-0000016433,KBJAXWVMDZQ6,2023,2024-03-26,621172289
2023-06-GSAFAC-0000016433,KBJAXWVMDZQ6,2023,2024-03-26,621173859
2023-06-GSAFAC-0000016433,KBJAXWVMDZQ6,2023,2024-03-26,621175264
2023-06-GSAFAC-0000016433,KBJAXWVMDZQ6,2023,2024-03-26,621175265
2023-06-GSAFAC-0000016433,KBJAXWVMDZQ6,2023,2024-03-26,621179444
2023-06-GSAFAC-0000016433,KBJAXWVMDZQ6,2023,2024-03-26,621183243
2023-06-GSAFAC-0000016433,KBJAXWVMDZQ6,2023,2024-03-26,621187305
2023-06-GSAFAC-0000016433,KBJAXWVMDZQ6,2023,2024-03-26,621188195
2023-06-GSAFAC-0000016433,KBJAXWVMDZQ6,2023,2024-03-26,621199309
2023-06-GSAFAC-0000016433,KBJAXWVMDZQ6,2023,2024-03-26,621203232
2023-06-GSAFAC-0000016433,KBJAXWVMDZQ6,2023,2024-03-26,621237951
2023-06-GSAFAC-0000016433,KBJAXWVMDZQ6,2023,2024-03-26,621834818
2023-06-GSAFAC-0000016433,KBJAXWVMDZQ6,2023,2024-03-26,626001445
2023-06-GSAFAC-0000016433,KBJAXWVMDZQ6,2023,2024-03-26,626001636
2023-06-GSAFAC-0000016433,KBJAXWVMDZQ6,2023,2024-03-26,626005794
2023-06-GSAFAC-0000016433,KBJAXWVMDZQ6,2023,2024-03-26,626021046
2023-06-GSAFAC-0000026203,GEYBRPBMD5H7,2023,2024-03-26,626000593
2023-06-GSAFAC-0000026203,GEYBRPBMD5H7,2023,2024-03-26,626000598
2023-06-GSAFAC-0000027589,SJQQPFZKKCV1,2023,2024-03-26,582307243
2023-06-GSAFAC-0000027589,SJQQPFZKKCV1,2023,2024-03-26,010936007
2023-06-GSAFAC-0000027589,SJQQPFZKKCV1,2023,2024-03-26,570906962
2023-06-GSAFAC-0000027589,SJQQPFZKKCV1,2023,2024-03-26,831614425
2023-06-GSAFAC-0000027589,SJQQPFZKKCV1,2023,2024-03-26,472655107
2023-06-GSAFAC-0000027589,SJQQPFZKKCV1,2023,2024-03-26,257864818
2023-06-GSAFAC-0000027589,SJQQPFZKKCV1,2023,2024-03-26,571126149
2023-06-GSAFAC-0000027589,SJQQPFZKKCV1,2023,2024-03-26,576000919
2023-06-GSAFAC-0000027589,SJQQPFZKKCV1,2023,2024-03-26,570859576
2023-06-GSAFAC-0000027589,SJQQPFZKKCV1,2023,2024-03-26,576000922
2023-06-GSAFAC-0000027589,SJQQPFZKKCV1,2023,2024-03-26,571040290
2023-06-GSAFAC-0000027589,SJQQPFZKKCV1,2023,2024-03-26,576007591
2023-06-GSAFAC-0000027589,SJQQPFZKKCV1,2023,2024-03-26,570882454
2023-06-GSAFAC-0000027589,SJQQPFZKKCV1,2023,2024-03-26,800484953
2023-06-GSAFAC-0000027589,SJQQPFZKKCV1,2023,2024-03-26,770697491
2023-06-GSAFAC-0000027589,SJQQPFZKKCV1,2023,2024-03-26,300757407
2023-06-GSAFAC-0000027589,SJQQPFZKKCV1,2023,2024-03-26,453695561
2023-06-GSAFAC-0000033036,H37JLGN7JSK9,2023,2024-03-26,640474692
2023-06-GSAFAC-0000033036,H37JLGN7JSK9,2023,2024-03-26,640736379
2023-06-GSAFAC-0000024563,NWTHFLM7KJ17,2023,2024-03-26,310677520
2023-06-GSAFAC-0000024563,NWTHFLM7KJ17,2023,2024-03-26,311374523
2023-06-GSAFAC-0000024563,NWTHFLM7KJ17,2023,2024-03-26,311417566
2023-06-GSAFAC-0000028102,DAWZVD5DY466,2023,2024-03-26,486029925
2023-06-GSAFAC-0000030809,HKFNF96ZVWK8,2023,2024-03-26,454342144
2023-06-GSAFAC-0000026379,CDL6HGNN8X17,2023,2024-03-26,952321786
2023-09-GSAFAC-0000025039,NLCVQKDNJAS3,2023,2024-03-26,592447562
2023-09-GSAFAC-0000025039,NLCVQKDNJAS3,2023,2024-03-26,596000894
2023-09-GSAFAC-0000025039,NLCVQKDNJAS3,2023,2024-03-26,596000897
2023-06-GSAFAC-0000025212,LF77GRM3FWG5,2023,2024-03-26,251903092
2023-06-GSAFAC-0000025212,LF77GRM3FWG5,2023,2024-03-26,455426026
2023-09-GSAFAC-0000032683,PSM9KZ1BQB51,2023,2024-03-26,611629460
2023-06-GSAFAC-0000033459,DZKCDKHPEKQ6,2023,2024-03-26,362167847
2023-06-GSAFAC-0000033459,DZKCDKHPEKQ6,2023,2024-03-26,390816848
2023-06-GSAFAC-0000033459,DZKCDKHPEKQ6,2023,2024-03-26,311551871
2023-06-GSAFAC-0000033459,DZKCDKHPEKQ6,2023,2024-03-26,472158680
2023-06-GSAFAC-0000033459,DZKCDKHPEKQ6,2023,2024-03-26,363907436
2023-06-GSAFAC-0000033459,DZKCDKHPEKQ6,2023,2024-03-26,362167945
2023-06-GSAFAC-0000032853,H4HTRFZTL683,2023,2024-03-26,860227210
2023-06-GSAFAC-0000032853,H4HTRFZTL683,2023,2024-03-26,260020430
2023-06-GSAFAC-0000032853,H4HTRFZTL683,2023,2024-03-26,831562101
2023-06-GSAFAC-0000032853,H4HTRFZTL683,2023,2024-03-26,472621854
2023-06-GSAFAC-0000032853,H4HTRFZTL683,2023,2024-03-26,850227776
2023-06-GSAFAC-0000032853,H4HTRFZTL683,2023,2024-03-26,844125422
2023-06-GSAFAC-0000032853,H4HTRFZTL683,2023,2024-03-26,883598841
2023-06-GSAFAC-0000032853,H4HTRFZTL683,2023,2024-03-26,850194018
2023-06-GSAFAC-0000032853,H4HTRFZTL683,2023,2024-03-26,860103282
2023-06-GSAFAC-0000032853,H4HTRFZTL683,2023,2024-03-26,822418690
2023-06-GSAFAC-0000032853,H4HTRFZTL683,2023,2024-03-26,820842209
2023-06-GSAFAC-0000024734,LJACYN6HKY48,2023,2024-03-26,236296135
2023-06-GSAFAC-0000024734,LJACYN6HKY48,2023,2024-03-26,232826045
2023-06-GSAFAC-0000024734,LJACYN6HKY48,2023,2024-03-26,232825878
2023-06-GSAFAC-0000024734,LJACYN6HKY48,2023,2024-03-26,753084023
2023-06-GSAFAC-0000024734,LJACYN6HKY48,2023,2024-03-26,831002191
2023-06-GSAFAC-0000024734,LJACYN6HKY48,2023,2024-03-26,232790607
2023-06-GSAFAC-0000024734,LJACYN6HKY48,2023,2024-03-26,231352156
2023-06-GSAFAC-0000024734,LJACYN6HKY48,2023,2024-03-26,454540585
2023-06-GSAFAC-0000032052,SAFBJDMBB9A6,2023,2024-03-27,710694931
2023-06-GSAFAC-0000010568,R96RFDTXEFG9,2023,2024-03-27,582144788
2023-06-GSAFAC-0000010568,R96RFDTXEFG9,2023,2024-03-27,586002070
2023-06-GSAFAC-0000010568,R96RFDTXEFG9,2023,2024-03-27,581125844
2023-06-GSAFAC-0000010568,R96RFDTXEFG9,2023,2024-03-27,586002004
2023-06-GSAFAC-0000010568,R96RFDTXEFG9,2023,2024-03-27,586001996
2023-06-GSAFAC-0000010568,R96RFDTXEFG9,2023,2024-03-27,581788487
2023-06-GSAFAC-0000010568,R96RFDTXEFG9,2023,2024-03-27,581722080
2023-06-GSAFAC-0000010568,R96RFDTXEFG9,2023,2024-03-27,581190222
2023-06-GSAFAC-0000010568,R96RFDTXEFG9,2023,2024-03-27,582304872
2023-06-GSAFAC-0000010568,R96RFDTXEFG9,2023,2024-03-27,510539518
2023-06-GSAFAC-0000010568,R96RFDTXEFG9,2023,2024-03-27,581723458
2023-06-GSAFAC-0000010568,R96RFDTXEFG9,2023,2024-03-27,586002053
2023-06-GSAFAC-0000010568,R96RFDTXEFG9,2023,2024-03-27,581418202
2023-06-GSAFAC-0000010568,R96RFDTXEFG9,2023,2024-03-27,943473160
2023-06-GSAFAC-0000010568,R96RFDTXEFG9,2023,2024-03-27,581839434
2023-06-GSAFAC-0000010568,R96RFDTXEFG9,2023,2024-03-27,581138620
2023-06-GSAFAC-0000010568,R96RFDTXEFG9,2023,2024-03-27,581168986
2023-06-GSAFAC-0000010568,R96RFDTXEFG9,2023,2024-03-27,581788754
2023-06-GSAFAC-0000010568,R96RFDTXEFG9,2023,2024-03-27,581048855
2023-06-GSAFAC-0000010568,R96RFDTXEFG9,2023,2024-03-27,580974519
2023-06-GSAFAC-0000010568,R96RFDTXEFG9,2023,2024-03-27,581171281
2023-06-GSAFAC-0000010568,R96RFDTXEFG9,2023,2024-03-27,580939565
2023-06-GSAFAC-0000010568,R96RFDTXEFG9,2023,2024-03-27,586011208
2023-06-GSAFAC-0000010568,R96RFDTXEFG9,2023,2024-03-27,581739966
2023-06-GSAFAC-0000010568,R96RFDTXEFG9,2023,2024-03-27,581259426
2023-06-GSAFAC-0000010568,R96RFDTXEFG9,2023,2024-03-27,581282972
2023-06-GSAFAC-0000010568,R96RFDTXEFG9,2023,2024-03-27,364806657
2023-06-GSAFAC-0000010568,R96RFDTXEFG9,2023,2024-03-27,581306704
2023-06-GSAFAC-0000010568,R96RFDTXEFG9,2023,2024-03-27,580975068
2023-06-GSAFAC-0000010568,R96RFDTXEFG9,2023,2024-03-27,586002025
2023-06-GSAFAC-0000010568,R96RFDTXEFG9,2023,2024-03-27,582627237
2023-06-GSAFAC-0000010568,R96RFDTXEFG9,2023,2024-03-27,582238669
2023-06-GSAFAC-0000010568,R96RFDTXEFG9,2023,2024-03-27,581138587
2023-06-GSAFAC-0000010568,R96RFDTXEFG9,2023,2024-03-27,586002007
2023-06-GSAFAC-0000010568,R96RFDTXEFG9,2023,2024-03-27,586002042
2023-06-GSAFAC-0000010568,R96RFDTXEFG9,2023,2024-03-27,581667498
2023-06-GSAFAC-0000010568,R96RFDTXEFG9,2023,2024-03-27,581081553
2023-06-GSAFAC-0000010568,R96RFDTXEFG9,2023,2024-03-27,586002019
2023-06-GSAFAC-0000010568,R96RFDTXEFG9,2023,2024-03-27,586002062
2023-06-GSAFAC-0000010568,R96RFDTXEFG9,2023,2024-03-27,586002064
2023-06-GSAFAC-0000010568,R96RFDTXEFG9,2023,2024-03-27,270124698
2023-06-GSAFAC-0000010568,R96RFDTXEFG9,2023,2024-03-27,581086067
2023-06-GSAFAC-0000010568,R96RFDTXEFG9,2023,2024-03-27,586002023
2023-06-GSAFAC-0000010568,R96RFDTXEFG9,2023,2024-03-27,580603146
2023-06-GSAFAC-0000010568,R96RFDTXEFG9,2023,2024-03-27,580616992
2023-06-GSAFAC-0000010568,R96RFDTXEFG9,2023,2024-03-27,581026995
2023-06-GSAFAC-0000010568,R96RFDTXEFG9,2023,2024-03-27,582223600
2023-06-GSAFAC-0000010568,R96RFDTXEFG9,2023,2024-03-27,586002059
2023-06-GSAFAC-0000010568,R96RFDTXEFG9,2023,2024-03-27,586001997
2023-06-GSAFAC-0000010568,R96RFDTXEFG9,2023,2024-03-27,586002050
2023-06-GSAFAC-0000010568,R96RFDTXEFG9,2023,2024-03-27,581845423
2023-06-GSAFAC-0000010568,R96RFDTXEFG9,2023,2024-03-27,854094505
2023-06-GSAFAC-0000010568,R96RFDTXEFG9,2023,2024-03-27,581132449
2023-06-GSAFAC-0000010568,R96RFDTXEFG9,2023,2024-03-27,580973190
2023-06-GSAFAC-0000010568,R96RFDTXEFG9,2023,2024-03-27,581132977
2023-06-GSAFAC-0000010568,R96RFDTXEFG9,2023,2024-03-27,223894837
2023-06-GSAFAC-0000010568,R96RFDTXEFG9,2023,2024-03-27,581692583
2023-06-GSAFAC-0000010568,R96RFDTXEFG9,2023,2024-03-27,581222605
2023-06-GSAFAC-0000010568,R96RFDTXEFG9,2023,2024-03-27,581130678
2023-06-GSAFAC-0000010568,R96RFDTXEFG9,2023,2024-03-27,586002001
2023-06-GSAFAC-0000010568,R96RFDTXEFG9,2023,2024-03-27,581195856
2023-06-GSAFAC-0000010568,R96RFDTXEFG9,2023,2024-03-27,586003349
2023-06-GSAFAC-0000010568,R96RFDTXEFG9,2023,2024-03-27,581165633
2023-06-GSAFAC-0000010568,R96RFDTXEFG9,2023,2024-03-27,570957571
2023-06-GSAFAC-0000010568,R96RFDTXEFG9,2023,2024-03-27,580965786
2023-06-GSAFAC-0000010568,R96RFDTXEFG9,2023,2024-03-27,586002009
2023-06-GSAFAC-0000010568,R96RFDTXEFG9,2023,2024-03-27,580964324
2023-06-GSAFAC-0000010568,R96RFDTXEFG9,2023,2024-03-27,586002010
2023-06-GSAFAC-0000010568,R96RFDTXEFG9,2023,2024-03-27,581139622
2023-06-GSAFAC-0000010568,R96RFDTXEFG9,2023,2024-03-27,581164098
2023-06-GSAFAC-0000010568,R96RFDTXEFG9,2023,2024-03-27,586002057
2023-06-GSAFAC-0000010568,R96RFDTXEFG9,2023,2024-03-27,581130945
2023-06-GSAFAC-0000010568,R96RFDTXEFG9,2023,2024-03-27,581700363
2023-06-GSAFAC-0000010568,R96RFDTXEFG9,2023,2024-03-27,581733358
2023-06-GSAFAC-0000010568,R96RFDTXEFG9,2023,2024-03-27,581168944
2023-06-GSAFAC-0000010568,R96RFDTXEFG9,2023,2024-03-27,581695274
2023-06-GSAFAC-0000010568,R96RFDTXEFG9,2023,2024-03-27,582182006
2023-06-GSAFAC-0000010568,R96RFDTXEFG9,2023,2024-03-27,581134825
2023-06-GSAFAC-0000010568,R96RFDTXEFG9,2023,2024-03-27,581859938
2023-06-GSAFAC-0000010568,R96RFDTXEFG9,2023,2024-03-27,581698468
2023-06-GSAFAC-0000010568,R96RFDTXEFG9,2023,2024-03-27,586002029
2023-06-GSAFAC-0000010568,R96RFDTXEFG9,2023,2024-03-27,581131825
2023-06-GSAFAC-0000010568,R96RFDTXEFG9,2023,2024-03-27,586015211
2023-06-GSAFAC-0000010568,R96RFDTXEFG9,2023,2024-03-27,581233353
2023-06-GSAFAC-0000010568,R96RFDTXEFG9,2023,2024-03-27,200908699
2023-06-GSAFAC-0000010568,R96RFDTXEFG9,2023,2024-03-27,900676388
2023-06-GSAFAC-0000010568,R96RFDTXEFG9,2023,2024-03-27,586002013
2023-06-GSAFAC-0000010568,R96RFDTXEFG9,2023,2024-03-27,586002022
2023-06-GSAFAC-0000010568,R96RFDTXEFG9,2023,2024-03-27,581496258
2023-06-GSAFAC-0000010568,R96RFDTXEFG9,2023,2024-03-27,586002348
2023-06-GSAFAC-0000010568,R96RFDTXEFG9,2023,2024-03-27,582472626
2023-06-GSAFAC-0000010568,R96RFDTXEFG9,2023,2024-03-27,586002015
2023-06-GSAFAC-0000010568,R96RFDTXEFG9,2023,2024-03-27,586002069
2023-06-GSAFAC-0000010568,R96RFDTXEFG9,2023,2024-03-27,582292713
2023-06-GSAFAC-0000010568,R96RFDTXEFG9,2023,2024-03-27,586002028
2023-06-GSAFAC-0000010568,R96RFDTXEFG9,2023,2024-03-27,586002058
2023-06-GSAFAC-0000010568,R96RFDTXEFG9,2023,2024-03-27,581728667
2023-06-GSAFAC-0000010568,R96RFDTXEFG9,2023,2024-03-27,581865531
2023-06-GSAFAC-0000010568,R96RFDTXEFG9,2023,2024-03-27,580907873
2023-06-GSAFAC-0000010568,R96RFDTXEFG9,2023,2024-03-27,581790567
2023-06-GSAFAC-0000010568,R96RFDTXEFG9,2023,2024-03-27,581138279
2023-06-GSAFAC-0000010568,R96RFDTXEFG9,2023,2024-03-27,475001648
2023-06-GSAFAC-0000010568,R96RFDTXEFG9,2023,2024-03-27,580951322
2023-06-GSAFAC-0000010568,R96RFDTXEFG9,2023,2024-03-27,586002043
2023-06-GSAFAC-0000010568,R96RFDTXEFG9,2023,2024-03-27,581680217
2023-06-GSAFAC-0000010568,R96RFDTXEFG9,2023,2024-03-27,582569476
2023-06-GSAFAC-0000010568,R96RFDTXEFG9,2023,2024-03-27,586002039
2023-06-GSAFAC-0000010568,R96RFDTXEFG9,2023,2024-03-27,586333106
2023-06-GSAFAC-0000010568,R96RFDTXEFG9,2023,2024-03-27,586001998
2023-06-GSAFAC-0000010568,R96RFDTXEFG9,2023,2024-03-27,581353149
2023-06-GSAFAC-0000010568,R96RFDTXEFG9,2023,2024-03-27,586002060
2023-06-GSAFAC-0000010568,R96RFDTXEFG9,2023,2024-03-27,586002055
2023-06-GSAFAC-0000010568,R96RFDTXEFG9,2023,2024-03-27,586002072
2023-06-GSAFAC-0000010568,R96RFDTXEFG9,2023,2024-03-27,586002051
2023-06-GSAFAC-0000010568,R96RFDTXEFG9,2023,2024-03-27,581169012
2023-06-GSAFAC-0000010568,R96RFDTXEFG9,2023,2024-03-27,581656795
2023-06-GSAFAC-0000010568,R96RFDTXEFG9,2023,2024-03-27,581774017
2023-06-GSAFAC-0000010568,R96RFDTXEFG9,2023,2024-03-27,581265631
2023-06-GSAFAC-0000031093,RQ8YACUFPJJ3,2023,2024-03-27,452918774
2023-06-GSAFAC-0000031243,LLABHNB9ABM4,2023,2024-03-27,660400325
2023-06-GSAFAC-0000031243,LLABHNB9ABM4,2023,2024-03-27,660433763
2023-06-GSAFAC-0000031243,LLABHNB9ABM4,2023,2024-03-27,660433760
2023-06-GSAFAC-0000031243,LLABHNB9ABM4,2023,2024-03-27,660560807
2023-06-GSAFAC-0000031243,LLABHNB9ABM4,2023,2024-03-27,660560806
2023-06-GSAFAC-0000031243,LLABHNB9ABM4,2023,2024-03-27,660560805
2023-06-GSAFAC-0000031243,LLABHNB9ABM4,2023,2024-03-27,660560809
2023-06-GSAFAC-0000031243,LLABHNB9ABM4,2023,2024-03-27,660433766
2023-06-GSAFAC-0000031243,LLABHNB9ABM4,2023,2024-03-27,660433765
2023-06-GSAFAC-0000031243,LLABHNB9ABM4,2023,2024-03-27,660560804
2023-06-GSAFAC-0000031243,LLABHNB9ABM4,2023,2024-03-27,660560808
2023-06-GSAFAC-0000031243,LLABHNB9ABM4,2023,2024-03-27,660433762
2023-06-GSAFAC-0000031243,LLABHNB9ABM4,2023,2024-03-27,660433761
2023-06-GSAFAC-0000032568,CE5HYGJABEE9,2023,2024-03-27,453995270
2023-06-GSAFAC-0000018875,JC38AQV317K8,2023,2024-03-27,834355895
2023-06-GSAFAC-0000018875,JC38AQV317K8,2023,2024-03-27,834346889
2023-06-GSAFAC-0000018875,JC38AQV317K8,2023,2024-03-27,810733405
2023-06-GSAFAC-0000018875,JC38AQV317K8,2023,2024-03-27,810724664
2023-06-GSAFAC-0000018875,JC38AQV317K8,2023,2024-03-27,810744057
2023-06-GSAFAC-0000018875,JC38AQV317K8,2023,2024-03-27,810758965
2023-05-GSAFAC-0000027091,KL5LDXCJDNZ6,2023,2024-03-27,592120896
2023-05-GSAFAC-0000027091,KL5LDXCJDNZ6,2023,2024-03-27,592753822
2023-06-GSAFAC-0000002469,MBUNDYF3KXL3,2023,2024-03-27,471324600
2023-06-GSAFAC-0000002469,MBUNDYF3KXL3,2023,2024-03-27,592994648
2023-06-GSAFAC-0000002469,MBUNDYF3KXL3,2023,2024-03-27,593551267
2023-06-GSAFAC-0000002469,MBUNDYF3KXL3,2023,2024-03-27,592357609
2023-06-GSAFAC-0000002469,MBUNDYF3KXL3,2023,2024-03-27,593051104
2023-06-GSAFAC-0000033837,HVD2ST69XRW4,2023,2024-03-27,521851251
2023-06-GSAFAC-0000029521,EC2TJX3Y72B8,2023,2024-03-27,270809125
2023-06-GSAFAC-0000024870,DMTKJE1U4MD7,2023,2024-03-27,626000524
2023-06-GSAFAC-0000024870,DMTKJE1U4MD7,2023,2024-03-27,620927548
2023-06-GSAFAC-0000024870,DMTKJE1U4MD7,2023,2024-03-27,621642109
2023-06-GSAFAC-0000024870,DMTKJE1U4MD7,2023,2024-03-27,626000525
2023-06-GSAFAC-0000022430,STZ5D1M9DW73,2023,2024-03-27,620630275
2023-06-GSAFAC-0000022430,STZ5D1M9DW73,2023,2024-03-27,626008903
2023-06-GSAFAC-0000028679,W3ARDFLUVZR3,2023,2024-03-27,560847358
2023-06-GSAFAC-0000028679,W3ARDFLUVZR3,2023,2024-03-27,561288079
2023-06-GSAFAC-0000028679,W3ARDFLUVZR3,2023,2024-03-27,561130957
2023-06-GSAFAC-0000028679,W3ARDFLUVZR3,2023,2024-03-27,874658409
2023-06-GSAFAC-0000028679,W3ARDFLUVZR3,2023,2024-03-27,566000732
2023-06-GSAFAC-0000028679,W3ARDFLUVZR3,2023,2024-03-27,561611847
2023-06-GSAFAC-0000028679,W3ARDFLUVZR3,2023,2024-03-27,566000372
2023-06-GSAFAC-0000028679,W3ARDFLUVZR3,2023,2024-03-27,561636462
2023-06-GSAFAC-0000028679,W3ARDFLUVZR3,2023,2024-03-27,562032825
2023-06-GSAFAC-0000028679,W3ARDFLUVZR3,2023,2024-03-27,561401519
2023-06-GSAFAC-0000028679,W3ARDFLUVZR3,2023,2024-03-27,561161525
2023-06-GSAFAC-0000028679,W3ARDFLUVZR3,2023,2024-03-27,561611252
2023-06-GSAFAC-0000028679,W3ARDFLUVZR3,2023,2024-03-27,383984995
2023-06-GSAFAC-0000028679,W3ARDFLUVZR3,2023,2024-03-27,566062189
2023-06-GSAFAC-0000028679,W3ARDFLUVZR3,2023,2024-03-27,561492826
2023-06-GSAFAC-0000028679,W3ARDFLUVZR3,2023,2024-03-27,300712287
2023-06-GSAFAC-0000028679,W3ARDFLUVZR3,2023,2024-03-27,561611847
2023-06-GSAFAC-0000028679,W3ARDFLUVZR3,2023,2024-03-27,566000967
2023-06-GSAFAC-0000028679,W3ARDFLUVZR3,2023,2024-03-27,561527030
2023-06-GSAFAC-0000028679,W3ARDFLUVZR3,2023,2024-03-27,561310675
2023-06-GSAFAC-0000028679,W3ARDFLUVZR3,2023,2024-03-27,561611340
2023-06-GSAFAC-0000028679,W3ARDFLUVZR3,2023,2024-03-27,561935214
2023-06-GSAFAC-0000028679,W3ARDFLUVZR3,2023,2024-03-27,736502734
2023-06-GSAFAC-0000028679,W3ARDFLUVZR3,2023,2024-03-27,566052379
2023-06-GSAFAC-0000028679,W3ARDFLUVZR3,2023,2024-03-27,560792170
2023-06-GSAFAC-0000028679,W3ARDFLUVZR3,2023,2024-03-27,560894923
2023-06-GSAFAC-0000028679,W3ARDFLUVZR3,2023,2024-03-27,560894927
2023-06-GSAFAC-0000028679,W3ARDFLUVZR3,2023,2024-03-27,560941830
2023-06-GSAFAC-0000028679,W3ARDFLUVZR3,2023,2024-03-27,561255943
2023-06-GSAFAC-0000028679,W3ARDFLUVZR3,2023,2024-03-27,560817481
2023-06-GSAFAC-0000028679,W3ARDFLUVZR3,2023,2024-03-27,560792881
2023-06-GSAFAC-0000028679,W3ARDFLUVZR3,2023,2024-03-27,560894932
2023-06-GSAFAC-0000028679,W3ARDFLUVZR3,2023,2024-03-27,560792028
2023-06-GSAFAC-0000028679,W3ARDFLUVZR3,2023,2024-03-27,560794261
2023-06-GSAFAC-0000028679,W3ARDFLUVZR3,2023,2024-03-27,560797174
2023-06-GSAFAC-0000028679,W3ARDFLUVZR3,2023,2024-03-27,560848556
2023-06-GSAFAC-0000028679,W3ARDFLUVZR3,2023,2024-03-27,560851326
2023-06-GSAFAC-0000028679,W3ARDFLUVZR3,2023,2024-03-27,566024012
2023-06-GSAFAC-0000028679,W3ARDFLUVZR3,2023,2024-03-27,560893718
2023-06-GSAFAC-0000028679,W3ARDFLUVZR3,2023,2024-03-27,560792247
2023-06-GSAFAC-0000028679,W3ARDFLUVZR3,2023,2024-03-27,560792513
2023-06-GSAFAC-0000028679,W3ARDFLUVZR3,2023,2024-03-27,560897301
2023-06-GSAFAC-0000028679,W3ARDFLUVZR3,2023,2024-03-27,560791849
2023-06-GSAFAC-0000028679,W3ARDFLUVZR3,2023,2024-03-27,560792614
2023-06-GSAFAC-0000028679,W3ARDFLUVZR3,2023,2024-03-27,560792292
2023-06-GSAFAC-0000028679,W3ARDFLUVZR3,2023,2024-03-27,560792519
2023-06-GSAFAC-0000028679,W3ARDFLUVZR3,2023,2024-03-27,560896018
2023-06-GSAFAC-0000028679,W3ARDFLUVZR3,2023,2024-03-27,560894341
2023-06-GSAFAC-0000028679,W3ARDFLUVZR3,2023,2024-03-27,560841505
2023-06-GSAFAC-0000028679,W3ARDFLUVZR3,2023,2024-03-27,560892755
2023-06-GSAFAC-0000028679,W3ARDFLUVZR3,2023,2024-03-27,560937578
2023-06-GSAFAC-0000028679,W3ARDFLUVZR3,2023,2024-03-27,560753025
2023-06-GSAFAC-0000028679,W3ARDFLUVZR3,2023,2024-03-27,560895914
2023-06-GSAFAC-0000028679,W3ARDFLUVZR3,2023,2024-03-27,560990134
2023-06-GSAFAC-0000028679,W3ARDFLUVZR3,2023,2024-03-27,560991668
2023-06-GSAFAC-0000028679,W3ARDFLUVZR3,2023,2024-03-27,561048429
2023-06-GSAFAC-0000028679,W3ARDFLUVZR3,2023,2024-03-27,560895349
2023-06-GSAFAC-0000028679,W3ARDFLUVZR3,2023,2024-03-27,560895794
2023-06-GSAFAC-0000028679,W3ARDFLUVZR3,2023,2024-03-27,560894229
2023-06-GSAFAC-0000028679,W3ARDFLUVZR3,2023,2024-03-27,560990351
2023-06-GSAFAC-0000028679,W3ARDFLUVZR3,2023,2024-03-27,560793335
2023-06-GSAFAC-0000028679,W3ARDFLUVZR3,2023,2024-03-27,560793680
2023-06-GSAFAC-0000028679,W3ARDFLUVZR3,2023,2024-03-27,560818376
2023-06-GSAFAC-0000028679,W3ARDFLUVZR3,2023,2024-03-27,560891591
2023-06-GSAFAC-0000028679,W3ARDFLUVZR3,2023,2024-03-27,560894344
2023-06-GSAFAC-0000028679,W3ARDFLUVZR3,2023,2024-03-27,560812577
2023-06-GSAFAC-0000028679,W3ARDFLUVZR3,2023,2024-03-27,560792333
2023-06-GSAFAC-0000028679,W3ARDFLUVZR3,2023,2024-03-27,560898811
2023-06-GSAFAC-0000028679,W3ARDFLUVZR3,2023,2024-03-27,560797051
2023-06-GSAFAC-0000028679,W3ARDFLUVZR3,2023,2024-03-27,560893801
2023-06-GSAFAC-0000028679,W3ARDFLUVZR3,2023,2024-03-27,560815200
2023-06-GSAFAC-0000028679,W3ARDFLUVZR3,2023,2024-03-27,560894556
2023-06-GSAFAC-0000028679,W3ARDFLUVZR3,2023,2024-03-27,560994111
2023-06-GSAFAC-0000028679,W3ARDFLUVZR3,2023,2024-03-27,560841532
2023-06-GSAFAC-0000028679,W3ARDFLUVZR3,2023,2024-03-27,560896010
2023-06-GSAFAC-0000028679,W3ARDFLUVZR3,2023,2024-03-27,560937968
2023-06-GSAFAC-0000028679,W3ARDFLUVZR3,2023,2024-03-27,560792775
2023-06-GSAFAC-0000028679,W3ARDFLUVZR3,2023,2024-03-27,560792849
2023-06-GSAFAC-0000028679,W3ARDFLUVZR3,2023,2024-03-27,560816544
2023-06-GSAFAC-0000028679,W3ARDFLUVZR3,2023,2024-03-27,560846669
2023-06-GSAFAC-0000028679,W3ARDFLUVZR3,2023,2024-03-27,566052568
2023-06-GSAFAC-0000028679,W3ARDFLUVZR3,2023,2024-03-27,561176030
2023-06-GSAFAC-0000028679,W3ARDFLUVZR3,2023,2024-03-27,566000403
2023-06-GSAFAC-0000028679,W3ARDFLUVZR3,2023,2024-03-27,561047680
2023-06-GSAFAC-0000028679,W3ARDFLUVZR3,2023,2024-03-27,561238736
2023-06-GSAFAC-0000028679,W3ARDFLUVZR3,2023,2024-03-27,566000007
2023-06-GSAFAC-0000028679,W3ARDFLUVZR3,2023,2024-03-27,566000730
2023-06-GSAFAC-0000028679,W3ARDFLUVZR3,2023,2024-03-27,561425643
2023-06-GSAFAC-0000028679,W3ARDFLUVZR3,2023,2024-03-27,566000756
2023-06-GSAFAC-0000028679,W3ARDFLUVZR3,2023,2024-03-27,566002370
2023-06-GSAFAC-0000028679,W3ARDFLUVZR3,2023,2024-03-27,566001393
2023-06-GSAFAC-0000028679,W3ARDFLUVZR3,2023,2024-03-27,560791228
2023-06-GSAFAC-0000028679,W3ARDFLUVZR3,2023,2024-03-27,566001468
2023-06-GSAFAC-0000028679,W3ARDFLUVZR3,2023,2024-03-27,566000805
2023-06-GSAFAC-0000028679,W3ARDFLUVZR3,2023,2024-03-27,561258660
2023-06-GSAFAC-0000028679,W3ARDFLUVZR3,2023,2024-03-27,561118388
2023-06-GSAFAC-0000028679,W3ARDFLUVZR3,2023,2024-03-27,566065273
2023-06-GSAFAC-0000028679,W3ARDFLUVZR3,2023,2024-03-27,566172047
2023-06-GSAFAC-0000028679,W3ARDFLUVZR3,2023,2024-03-27,566001440
2023-06-GSAFAC-0000028679,W3ARDFLUVZR3,2023,2024-03-27,566001466
2023-06-GSAFAC-0000028679,W3ARDFLUVZR3,2023,2024-03-27,561767291
2023-06-GSAFAC-0000028679,W3ARDFLUVZR3,2023,2024-03-27,566002606
2023-08-GSAFAC-0000028434,JRR8X7LKAYK3,2023,2024-03-27,873957086
2023-08-GSAFAC-0000028434,JRR8X7LKAYK3,2023,2024-03-27,873929833
2023-08-GSAFAC-0000028434,JRR8X7LKAYK3,2023,2024-03-27,873913297
2023-06-GSAFAC-0000032859,KN3XE3TDLMV5,2023,2024-03-27,621661792
2023-06-GSAFAC-0000032859,KN3XE3TDLMV5,2023,2024-03-27,471430263
2023-06-GSAFAC-0000032859,KN3XE3TDLMV5,2023,2024-03-27,813711034
2023-06-GSAFAC-0000032859,KN3XE3TDLMV5,2023,2024-03-27,621661720
2023-09-GSAFAC-0000031923,H2TGV5FM16F8,2023,2024-03-27,596000550
2023-09-GSAFAC-0000031923,H2TGV5FM16F8,2023,2024-03-27,596000547
2023-06-GSAFAC-0000009618,EJ46PTDLMAA5,2023,2024-03-27,251480565
2023-06-GSAFAC-0000009618,EJ46PTDLMAA5,2023,2024-03-27,251217034
2023-06-GSAFAC-0000009618,EJ46PTDLMAA5,2023,2024-03-27,251602133
2023-06-GSAFAC-0000009618,EJ46PTDLMAA5,2023,2024-03-27,250965579
2023-06-GSAFAC-0000009618,EJ46PTDLMAA5,2023,2024-03-27,471870077
2023-06-GSAFAC-0000009618,EJ46PTDLMAA5,2023,2024-03-27,251490886
2023-06-GSAFAC-0000017658,VTMSRV63Q2L7,2023,2024-03-27,546001150
2023-06-GSAFAC-0000017658,VTMSRV63Q2L7,2023,2024-03-27,546001148
2023-06-GSAFAC-0000017658,VTMSRV63Q2L7,2023,2024-03-27,541366625
2023-06-GSAFAC-0000034106,L7AGJWBEGRA3,2023,2024-03-27,541117918
2023-06-GSAFAC-0000034106,L7AGJWBEGRA3,2023,2024-03-27,541745540
2023-06-GSAFAC-0000034106,L7AGJWBEGRA3,2023,2024-03-27,546001238
2023-06-GSAFAC-0000021602,KL3LKWK45VK5,2023,2024-03-27,311770517
2024-06-GSAFAC-0000023234,DXEZB37UP7Q9,2023,2024-03-27,611605584
2024-06-GSAFAC-0000023234,DXEZB37UP7Q9,2023,2024-03-27,060772160
2024-06-GSAFAC-0000023234,DXEZB37UP7Q9,2023,2024-03-27,060775515
2024-06-GSAFAC-0000023234,DXEZB37UP7Q9,2023,2024-03-27,061267035
2024-06-GSAFAC-0000023234,DXEZB37UP7Q9,2023,2024-03-27,061268137
2024-06-GSAFAC-0000023234,DXEZB37UP7Q9,2023,2024-03-27,061269050
2024-06-GSAFAC-0000023234,DXEZB37UP7Q9,2023,2024-03-27,061274678
2024-06-GSAFAC-0000023234,DXEZB37UP7Q9,2023,2024-03-27,061277236
2024-06-GSAFAC-0000023234,DXEZB37UP7Q9,2023,2024-03-27,061277820
2024-06-GSAFAC-0000023234,DXEZB37UP7Q9,2023,2024-03-27,061303381
2024-06-GSAFAC-0000023234,DXEZB37UP7Q9,2023,2024-03-27,061304421
2024-06-GSAFAC-0000023234,DXEZB37UP7Q9,2023,2024-03-27,061307006
2024-06-GSAFAC-0000023234,DXEZB37UP7Q9,2023,2024-03-27,061311451
2024-06-GSAFAC-0000023234,DXEZB37UP7Q9,2023,2024-03-27,061322094
2024-06-GSAFAC-0000023234,DXEZB37UP7Q9,2023,2024-03-27,061355055
2024-06-GSAFAC-0000023234,DXEZB37UP7Q9,2023,2024-03-27,061359687
2024-06-GSAFAC-0000023234,DXEZB37UP7Q9,2023,2024-03-27,061360755
2024-06-GSAFAC-0000023234,DXEZB37UP7Q9,2023,2024-03-27,061363115
2024-06-GSAFAC-0000023234,DXEZB37UP7Q9,2023,2024-03-27,061367424
2024-06-GSAFAC-0000023234,DXEZB37UP7Q9,2023,2024-03-27,061380598
2024-06-GSAFAC-0000023234,DXEZB37UP7Q9,2023,2024-03-27,061398052
2024-06-GSAFAC-0000023234,DXEZB37UP7Q9,2023,2024-03-27,061422762
2024-06-GSAFAC-0000023234,DXEZB37UP7Q9,2023,2024-03-27,061423798
2024-06-GSAFAC-0000023234,DXEZB37UP7Q9,2023,2024-03-27,061424839
2024-06-GSAFAC-0000023234,DXEZB37UP7Q9,2023,2024-03-27,061425662
2024-06-GSAFAC-0000023234,DXEZB37UP7Q9,2023,2024-03-27,061425725
2024-06-GSAFAC-0000023234,DXEZB37UP7Q9,2023,2024-03-27,061438676
2024-06-GSAFAC-0000023234,DXEZB37UP7Q9,2023,2024-03-27,066268897
2024-06-GSAFAC-0000023234,DXEZB37UP7Q9,2023,2024-03-27,134310869
2024-06-GSAFAC-0000023234,DXEZB37UP7Q9,2023,2024-03-27,272143014
2024-06-GSAFAC-0000023234,DXEZB37UP7Q9,2023,2024-03-27,300566789
2024-06-GSAFAC-0000023234,DXEZB37UP7Q9,2023,2024-03-27,320159889
2024-06-GSAFAC-0000023234,DXEZB37UP7Q9,2023,2024-03-27,320410548
2024-06-GSAFAC-0000023234,DXEZB37UP7Q9,2023,2024-03-27,352343776
2024-06-GSAFAC-0000023234,DXEZB37UP7Q9,2023,2024-03-27,371602528
2024-06-GSAFAC-0000023234,DXEZB37UP7Q9,2023,2024-03-27,371602533
2024-06-GSAFAC-0000023234,DXEZB37UP7Q9,2023,2024-03-27,421678331
2024-06-GSAFAC-0000023234,DXEZB37UP7Q9,2023,2024-03-27,452593877
2024-06-GSAFAC-0000023234,DXEZB37UP7Q9,2023,2024-03-27,452746525
2024-06-GSAFAC-0000023234,DXEZB37UP7Q9,2023,2024-03-27,454078714
2024-06-GSAFAC-0000023234,DXEZB37UP7Q9,2023,2024-03-27,462796782
2024-06-GSAFAC-0000023234,DXEZB37UP7Q9,2023,2024-03-27,463092102
2024-06-GSAFAC-0000023234,DXEZB37UP7Q9,2023,2024-03-27,521725543
2024-06-GSAFAC-0000023234,DXEZB37UP7Q9,2023,2024-03-27,593787310
2024-06-GSAFAC-0000023234,DXEZB37UP7Q9,2023,2024-03-27,611615965
2024-06-GSAFAC-0000023234,DXEZB37UP7Q9,2023,2024-03-27,611615971
2024-06-GSAFAC-0000023234,DXEZB37UP7Q9,2023,2024-03-27,611615972
2024-06-GSAFAC-0000023234,DXEZB37UP7Q9,2023,2024-03-27,760729241
2024-06-GSAFAC-0000023234,DXEZB37UP7Q9,2023,2024-03-27,861154163
2024-06-GSAFAC-0000023234,DXEZB37UP7Q9,2023,2024-03-27,066000798
2023-12-GSAFAC-0000033958,ME2MYQYWH8P7,2023,2024-03-27,472578950
2023-12-GSAFAC-0000033958,ME2MYQYWH8P7,2023,2024-03-27,922107936
2023-06-GSAFAC-0000033154,LMJYLXLE87M6,2023,2024-03-27,134092709
2023-06-GSAFAC-0000033154,LMJYLXLE87M6,2023,2024-03-27,271388160
2023-06-GSAFAC-0000033154,LMJYLXLE87M6,2023,2024-03-27,112430783
2023-06-GSAFAC-0000033154,LMJYLXLE87M6,2023,2024-03-27,271546992
2023-06-GSAFAC-0000033154,LMJYLXLE87M6,2023,2024-03-27,113598430
2023-06-GSAFAC-0000018750,HZRXG8BGUNW1,2023,2024-03-27,300673850
2023-06-GSAFAC-0000025199,RN8MBJNZBTM4,2023,2024-03-27,626000791
2023-10-GSAFAC-0000026011,ET6PFZ2GC1M7,2023,2024-03-27,530208364
2023-10-GSAFAC-0000026011,ET6PFZ2GC1M7,2023,2024-03-27,530237707
2023-06-GSAFAC-0000027702,KV6CGYPGAQN8,2023,2024-03-27,710445211
2023-06-GSAFAC-0000027702,KV6CGYPGAQN8,2023,2024-03-27,710445264
2023-06-GSAFAC-0000027702,KV6CGYPGAQN8,2023,2024-03-27,710445507
2023-06-GSAFAC-0000027702,KV6CGYPGAQN8,2023,2024-03-27,710450242
2023-06-GSAFAC-0000027702,KV6CGYPGAQN8,2023,2024-03-27,710451862
2023-06-GSAFAC-0000027702,KV6CGYPGAQN8,2023,2024-03-27,710460696
2023-06-GSAFAC-0000027702,KV6CGYPGAQN8,2023,2024-03-27,710463305
2023-06-GSAFAC-0000027702,KV6CGYPGAQN8,2023,2024-03-27,710497135
2023-06-GSAFAC-0000027702,KV6CGYPGAQN8,2023,2024-03-27,710503641
2023-06-GSAFAC-0000027702,KV6CGYPGAQN8,2023,2024-03-27,710533838
2023-06-GSAFAC-0000027702,KV6CGYPGAQN8,2023,2024-03-27,710546049
2023-06-GSAFAC-0000027702,KV6CGYPGAQN8,2023,2024-03-27,710546952
2023-06-GSAFAC-0000027702,KV6CGYPGAQN8,2023,2024-03-27,710582119
2023-06-GSAFAC-0000027702,KV6CGYPGAQN8,2023,2024-03-27,710666765
2023-06-GSAFAC-0000027702,KV6CGYPGAQN8,2023,2024-03-27,710685540
2023-06-GSAFAC-0000027702,KV6CGYPGAQN8,2023,2024-03-27,710718948
2023-06-GSAFAC-0000027702,KV6CGYPGAQN8,2023,2024-03-27,710742655
2023-06-GSAFAC-0000027702,KV6CGYPGAQN8,2023,2024-03-27,710847443
2023-06-GSAFAC-0000027702,KV6CGYPGAQN8,2023,2024-03-27,710847446
2023-06-GSAFAC-0000027702,KV6CGYPGAQN8,2023,2024-03-27,710847743
2023-06-GSAFAC-0000027702,KV6CGYPGAQN8,2023,2024-03-27,710855933
2023-06-GSAFAC-0000027702,KV6CGYPGAQN8,2023,2024-03-27,716000286
2023-06-GSAFAC-0000027702,KV6CGYPGAQN8,2023,2024-03-27,716000556
2023-06-GSAFAC-0000027702,KV6CGYPGAQN8,2023,2024-03-27,716001828
2023-06-GSAFAC-0000027702,KV6CGYPGAQN8,2023,2024-03-27,716003252
2023-06-GSAFAC-0000027702,KV6CGYPGAQN8,2023,2024-03-27,716006062
2023-06-GSAFAC-0000027702,KV6CGYPGAQN8,2023,2024-03-27,716006164
2023-06-GSAFAC-0000027702,KV6CGYPGAQN8,2023,2024-03-27,716006449
2023-06-GSAFAC-0000027702,KV6CGYPGAQN8,2023,2024-03-27,716006567
2023-06-GSAFAC-0000027702,KV6CGYPGAQN8,2023,2024-03-27,716006690
2023-06-GSAFAC-0000027702,KV6CGYPGAQN8,2023,2024-03-27,716006766
2023-06-GSAFAC-0000027702,KV6CGYPGAQN8,2023,2024-03-27,716006844
2023-06-GSAFAC-0000027702,KV6CGYPGAQN8,2023,2024-03-27,716007041
2023-06-GSAFAC-0000027702,KV6CGYPGAQN8,2023,2024-03-27,716007197
2023-06-GSAFAC-0000027702,KV6CGYPGAQN8,2023,2024-03-27,716007356
2023-06-GSAFAC-0000027702,KV6CGYPGAQN8,2023,2024-03-27,716007358
2023-06-GSAFAC-0000027702,KV6CGYPGAQN8,2023,2024-03-27,716007389
2023-06-GSAFAC-0000027702,KV6CGYPGAQN8,2023,2024-03-27,716007391
2023-06-GSAFAC-0000027702,KV6CGYPGAQN8,2023,2024-03-27,716007749
2023-06-GSAFAC-0000027702,KV6CGYPGAQN8,2023,2024-03-27,716008509
2023-06-GSAFAC-0000027702,KV6CGYPGAQN8,2023,2024-03-27,716010030
2023-06-GSAFAC-0000027702,KV6CGYPGAQN8,2023,2024-03-27,716014466
2023-06-GSAFAC-0000027702,KV6CGYPGAQN8,2023,2024-03-27,716014834
2023-06-GSAFAC-0000027702,KV6CGYPGAQN8,2023,2024-03-27,716018771
2023-06-GSAFAC-0000027702,KV6CGYPGAQN8,2023,2024-03-27,716020143
2023-06-GSAFAC-0000027702,KV6CGYPGAQN8,2023,2024-03-27,716043654
2023-06-GSAFAC-0000027702,KV6CGYPGAQN8,2023,2024-03-27,716043948
2023-06-GSAFAC-0000027702,KV6CGYPGAQN8,2023,2024-03-27,716046242
2023-06-GSAFAC-0000027702,KV6CGYPGAQN8,2023,2024-03-27,716047504
2023-06-GSAFAC-0000027702,KV6CGYPGAQN8,2023,2024-03-27,743106656
2023-06-GSAFAC-0000027702,KV6CGYPGAQN8,2023,2024-03-27,824868699
2023-06-GSAFAC-0000027702,KV6CGYPGAQN8,2023,2024-03-27,872164679
2023-06-GSAFAC-0000030571,V7K5YZWD2F49,2023,2024-03-27,710547043
2023-06-GSAFAC-0000030571,V7K5YZWD2F49,2023,2024-03-27,454616350
2023-06-GSAFAC-0000030571,V7K5YZWD2F49,2023,2024-03-27,320188570
2023-06-GSAFAC-0000030571,V7K5YZWD2F49,2023,2024-03-27,930354527
2023-06-GSAFAC-0000030571,V7K5YZWD2F49,2023,2024-03-27,710840860
2023-06-GSAFAC-0000025800,HPNEV8BEPX91,2023,2024-03-27,911858433
2023-06-GSAFAC-0000025800,HPNEV8BEPX91,2023,2024-03-27,470785575
2023-06-GSAFAC-0000032301,VL5KD4VHH898,2023,2024-03-27,131977140
2023-06-GSAFAC-0000026609,K2GKE2AHEKU3,2023,2024-03-27,646000013
2023-06-GSAFAC-0000026609,K2GKE2AHEKU3,2023,2024-03-27,646000507
2023-06-GSAFAC-0000026609,K2GKE2AHEKU3,2023,2024-03-27,646000818
2023-06-GSAFAC-0000026609,K2GKE2AHEKU3,2023,2024-03-27,646000819
2023-06-GSAFAC-0000026609,K2GKE2AHEKU3,2023,2024-03-27,646000826
2023-06-GSAFAC-0000026609,K2GKE2AHEKU3,2023,2024-03-27,646001159
2023-06-GSAFAC-0000026609,K2GKE2AHEKU3,2023,2024-03-27,646001395
2023-06-GSAFAC-0000026609,K2GKE2AHEKU3,2023,2024-03-27,646008520
2023-06-GSAFAC-0000026609,K2GKE2AHEKU3,2023,2024-03-27,646026565
2023-06-GSAFAC-0000030673,Q4RMJ9UULGH7,2023,2024-03-27,711050982
2023-06-GSAFAC-0000030673,Q4RMJ9UULGH7,2023,2024-03-27,521393624
2023-06-GSAFAC-0000030673,Q4RMJ9UULGH7,2023,2024-03-27,800728035
2023-06-GSAFAC-0000030673,Q4RMJ9UULGH7,2023,2024-03-27,522315129
2023-06-GSAFAC-0000029716,KDX5Y29YQUL1,2023,2024-03-27,204923281
2023-06-GSAFAC-0000029716,KDX5Y29YQUL1,2023,2024-03-27,263896170
2023-06-GSAFAC-0000029716,KDX5Y29YQUL1,2023,2024-03-27,741152597
2023-06-GSAFAC-0000029716,KDX5Y29YQUL1,2023,2024-03-27,760385980
2023-06-GSAFAC-0000030301,ZNTFAN44QJB6,2023,2024-03-27,470799108
2023-06-GSAFAC-0000030301,ZNTFAN44QJB6,2023,2024-03-27,462582783
2023-06-GSAFAC-0000030301,ZNTFAN44QJB6,2023,2024-03-27,812697102
2023-06-GSAFAC-0000033065,JRKBL412DFM5,2023,2024-03-27,264750523
2023-06-GSAFAC-0000033065,JRKBL412DFM5,2023,2024-03-27,205597436
2023-06-GSAFAC-0000030107,HLNTP7H1UCM7,2023,2024-03-28,621514781
2023-06-GSAFAC-0000030409,XABRRJRZUXN4,2023,2024-03-28,043185166
2023-06-GSAFAC-0000030409,XABRRJRZUXN4,2023,2024-03-28,043232477
2023-06-GSAFAC-0000030409,XABRRJRZUXN4,2023,2024-03-28,222473987
2023-06-GSAFAC-0000030409,XABRRJRZUXN4,2023,2024-03-28,043541791
2023-06-GSAFAC-0000030409,XABRRJRZUXN4,2023,2024-03-28,331132409
2023-06-GSAFAC-0000030409,XABRRJRZUXN4,2023,2024-03-28,042572143
2023-06-GSAFAC-0000030409,XABRRJRZUXN4,2023,2024-03-28,043418316
2023-06-GSAFAC-0000030409,XABRRJRZUXN4,2023,2024-03-28,043269615
2023-06-GSAFAC-0000030409,XABRRJRZUXN4,2023,2024-03-28,042867023
2023-06-GSAFAC-0000030409,XABRRJRZUXN4,2023,2024-03-28,042300014
2023-06-GSAFAC-0000030283,CSDDTKGGLL29,2023,2024-03-28,820622822
2023-06-GSAFAC-0000030283,CSDDTKGGLL29,2023,2024-03-28,820630850
2023-06-GSAFAC-0000031426,T6BKTJUZVV29,2023,2024-03-28,546001395
2023-06-GSAFAC-0000029355,Y28BEBJ4MNU7,2023,2024-03-28,370986220
2023-06-GSAFAC-0000034278,RX3NX95TRBA5,2023,2024-03-28,020630643
2023-06-GSAFAC-0000034278,RX3NX95TRBA5,2023,2024-03-28,201050517
2023-06-GSAFAC-0000034278,RX3NX95TRBA5,2023,2024-03-28,222698009
2023-06-GSAFAC-0000034278,RX3NX95TRBA5,2023,2024-03-28,260744323
2023-06-GSAFAC-0000034278,RX3NX95TRBA5,2023,2024-03-28,261226084
2023-06-GSAFAC-0000034278,RX3NX95TRBA5,2023,2024-03-28,270321439
2023-06-GSAFAC-0000034278,RX3NX95TRBA5,2023,2024-03-28,270467500
2023-06-GSAFAC-0000034278,RX3NX95TRBA5,2023,2024-03-28,364649645
2023-06-GSAFAC-0000034278,RX3NX95TRBA5,2023,2024-03-28,450963380
2023-06-GSAFAC-0000026902,NHV3GTWSALA7,2023,2024-03-28,570935917
2023-06-GSAFAC-0000026902,NHV3GTWSALA7,2023,2024-03-28,571021048
2023-06-GSAFAC-0000027087,PHM7QMAK51R4,2023,2024-03-28,316402047
2023-06-GSAFAC-0000027087,PHM7QMAK51R4,2023,2024-03-28,311337478
2023-06-GSAFAC-0000027087,PHM7QMAK51R4,2023,2024-03-28,311334820
2023-06-GSAFAC-0000027087,PHM7QMAK51R4,2023,2024-03-28,311334821
2023-06-GSAFAC-0000027087,PHM7QMAK51R4,2023,2024-03-28,311334187
2023-06-GSAFAC-0000027087,PHM7QMAK51R4,2023,2024-03-28,316402147
2023-06-GSAFAC-0000027087,PHM7QMAK51R4,2023,2024-03-28,800390759
2023-06-GSAFAC-0000027087,PHM7QMAK51R4,2023,2024-03-28,383988595
2023-06-GSAFAC-0000027087,PHM7QMAK51R4,2023,2024-03-28,316081599
2023-06-GSAFAC-0000027087,PHM7QMAK51R4,2023,2024-03-28,311457550
2023-06-GSAFAC-0000027087,PHM7QMAK51R4,2023,2024-03-28,311334825
2023-06-GSAFAC-0000027087,PHM7QMAK51R4,2023,2024-03-28,384048030
2023-06-GSAFAC-0000032873,PQAYM8LMRRE5,2023,2024-03-28,231923427
2023-06-GSAFAC-0000029415,DK5MMAQ7DMM6,2023,2024-03-28,232141307
2023-06-GSAFAC-0000029415,DK5MMAQ7DMM6,2023,2024-03-28,861062260
2023-06-GSAFAC-0000034322,XMLGCQSBAH13,2023,2024-03-28,250965341
2023-06-GSAFAC-0000034322,XMLGCQSBAH13,2023,2024-03-28,510432078
2023-06-GSAFAC-0000034322,XMLGCQSBAH13,2023,2024-03-28,251180602
2023-06-GSAFAC-0000034322,XMLGCQSBAH13,2023,2024-03-28,274350123
2023-06-GSAFAC-0000034322,XMLGCQSBAH13,2023,2024-03-28,510432076
2023-06-GSAFAC-0000034322,XMLGCQSBAH13,2023,2024-03-28,510432081
2023-06-GSAFAC-0000032558,DJDZX3CKHM19,2023,2024-03-28,510602496
2023-09-GSAFAC-0000028828,FB3SLJJZ38K9,2023,2024-03-28,650134749
2023-09-GSAFAC-0000028828,FB3SLJJZ38K9,2023,2024-03-28,596000679
2023-09-GSAFAC-0000028828,FB3SLJJZ38K9,2023,2024-03-28,596000678
2023-09-GSAFAC-0000028828,FB3SLJJZ38K9,2023,2024-03-28,596000677
2023-09-GSAFAC-0000028828,FB3SLJJZ38K9,2023,2024-03-28,591798093
2023-06-GSAFAC-0000034434,SQVJZJ6GMFF8,2023,2024-03-28,546001408
2023-06-GSAFAC-0000034434,SQVJZJ6GMFF8,2023,2024-03-28,546001410
2023-06-GSAFAC-0000032990,KNR5K9QF8SY6,2023,2024-03-28,210634500
2023-06-GSAFAC-0000032990,KNR5K9QF8SY6,2023,2024-03-28,210634582
2023-06-GSAFAC-0000032990,KNR5K9QF8SY6,2023,2024-03-28,221501364
2023-06-GSAFAC-0000032990,KNR5K9QF8SY6,2023,2024-03-28,222424253
2023-06-GSAFAC-0000032990,KNR5K9QF8SY6,2023,2024-03-28,223166974
2023-06-GSAFAC-0000032990,KNR5K9QF8SY6,2023,2024-03-28,232696460
2023-06-GSAFAC-0000016814,G56PUALJ3KT5,2023,2024-03-28,131623978
2023-06-GSAFAC-0000016814,G56PUALJ3KT5,2023,2024-03-28,464395157
2023-06-GSAFAC-0000005328,XF3XM9642N96,2023,2024-03-28,231352000
2023-06-GSAFAC-0000031255,Z38ABRDEN515,2023,2024-03-28,237089380
2023-06-GSAFAC-0000034386,C8FCU18FBNH3,2023,2024-03-28,901010528
2023-06-GSAFAC-0000034386,C8FCU18FBNH3,2023,2024-03-28,463082856
2023-06-GSAFAC-0000027317,NFJGFKGKMYB3,2023,2024-03-28,430652680
2023-06-GSAFAC-0000027317,NFJGFKGKMYB3,2023,2024-03-28,431349332
2023-06-GSAFAC-0000027317,NFJGFKGKMYB3,2023,2024-03-28,824314522
2023-06-GSAFAC-0000032481,NC1LHL5MWMP3,2023,2024-03-28,250537168
2023-06-GSAFAC-0000024834,C2DLB45CN5D3,2023,2024-03-28,260107247
2023-06-GSAFAC-0000024834,C2DLB45CN5D3,2023,2024-03-28,261378175
2023-06-GSAFAC-0000024834,C2DLB45CN5D3,2023,2024-03-28,271956453
2023-06-GSAFAC-0000024834,C2DLB45CN5D3,2023,2024-03-28,383897702
2023-06-GSAFAC-0000024834,C2DLB45CN5D3,2023,2024-03-28,450719598
2023-06-GSAFAC-0000024834,C2DLB45CN5D3,2023,2024-03-28,452463175
2023-06-GSAFAC-0000024834,C2DLB45CN5D3,2023,2024-03-28,461401312
2023-06-GSAFAC-0000024834,C2DLB45CN5D3,2023,2024-03-28,462842468
2023-06-GSAFAC-0000024834,C2DLB45CN5D3,2023,2024-03-28,462863298
2023-06-GSAFAC-0000024834,C2DLB45CN5D3,2023,2024-03-28,462935110
2023-06-GSAFAC-0000024834,C2DLB45CN5D3,2023,2024-03-28,462941505
2023-06-GSAFAC-0000024834,C2DLB45CN5D3,2023,2024-03-28,462949092
2023-06-GSAFAC-0000024834,C2DLB45CN5D3,2023,2024-03-28,463742313
2023-06-GSAFAC-0000024834,C2DLB45CN5D3,2023,2024-03-28,463753120
2023-06-GSAFAC-0000024834,C2DLB45CN5D3,2023,2024-03-28,520486540
2023-06-GSAFAC-0000024834,C2DLB45CN5D3,2023,2024-03-28,520591555
2023-06-GSAFAC-0000024834,C2DLB45CN5D3,2023,2024-03-28,520607913
2023-06-GSAFAC-0000024834,C2DLB45CN5D3,2023,2024-03-28,521110645
2023-06-GSAFAC-0000024834,C2DLB45CN5D3,2023,2024-03-28,521372665
2023-06-GSAFAC-0000024834,C2DLB45CN5D3,2023,2024-03-28,521452024
2023-06-GSAFAC-0000024834,C2DLB45CN5D3,2023,2024-03-28,521565870
2023-06-GSAFAC-0000024834,C2DLB45CN5D3,2023,2024-03-28,521658841
2023-06-GSAFAC-0000024834,C2DLB45CN5D3,2023,2024-03-28,521681279
2023-06-GSAFAC-0000024834,C2DLB45CN5D3,2023,2024-03-28,800719005
2023-06-GSAFAC-0000024834,C2DLB45CN5D3,2023,2024-03-28,800883321
2023-06-GSAFAC-0000024834,C2DLB45CN5D3,2023,2024-03-28,811504380
2023-06-GSAFAC-0000024834,C2DLB45CN5D3,2023,2024-03-28,814209029
2023-06-GSAFAC-0000024834,C2DLB45CN5D3,2023,2024-03-28,814223537
2023-06-GSAFAC-0000034364,EH2DYRM7YEG9,2023,2024-03-28,020777195
2023-06-GSAFAC-0000033482,KBEJL5YSFUU4,2023,2024-03-28,651170616
2023-06-GSAFAC-0000024952,MBU6HCLNZ431,2023,2024-03-28,223849199
2023-06-GSAFAC-0000002334,KCBGNFJGK478,2023,2024-03-28,453570715
2023-06-GSAFAC-0000002334,KCBGNFJGK478,2023,2024-03-28,141348692
2023-06-GSAFAC-0000002334,KCBGNFJGK478,2023,2024-03-28,222262982
2023-06-GSAFAC-0000002334,KCBGNFJGK478,2023,2024-03-28,222743478
2023-06-GSAFAC-0000002334,KCBGNFJGK478,2023,2024-03-28,222345416
2023-06-GSAFAC-0000002334,KCBGNFJGK478,2023,2024-03-28,141776186
2023-06-GSAFAC-0000002334,KCBGNFJGK478,2023,2024-03-28,141338457
2023-06-GSAFAC-0000002334,KCBGNFJGK478,2023,2024-03-28,141338544
2023-06-GSAFAC-0000002334,KCBGNFJGK478,2023,2024-03-28,141338386
2023-06-GSAFAC-0000002334,KCBGNFJGK478,2023,2024-03-28,141710225
2023-06-GSAFAC-0000002334,KCBGNFJGK478,2023,2024-03-28,141701597
2023-06-GSAFAC-0000002334,KCBGNFJGK478,2023,2024-03-28,141717028
2023-06-GSAFAC-0000002334,KCBGNFJGK478,2023,2024-03-28,141756230
2023-06-GSAFAC-0000002334,KCBGNFJGK478,2023,2024-03-28,141438749
2023-06-GSAFAC-0000002334,KCBGNFJGK478,2023,2024-03-28,141743506
2023-06-GSAFAC-0000002334,KCBGNFJGK478,2023,2024-03-28,141514867
2023-06-GSAFAC-0000002334,KCBGNFJGK478,2023,2024-03-28,141608921
2023-06-GSAFAC-0000002334,KCBGNFJGK478,2023,2024-03-28,272153849
2023-06-GSAFAC-0000002334,KCBGNFJGK478,2023,2024-03-28,141725101
2023-06-GSAFAC-0000002334,KCBGNFJGK478,2023,2024-03-28,222570478
2023-06-GSAFAC-0000002334,KCBGNFJGK478,2023,2024-03-28,461177336
2023-06-GSAFAC-0000002334,KCBGNFJGK478,2023,2024-03-28,141795732
2023-06-GSAFAC-0000002334,KCBGNFJGK478,2023,2024-03-28,473752176
2023-06-GSAFAC-0000002334,KCBGNFJGK478,2023,2024-03-28,261720984
2023-06-GSAFAC-0000002334,KCBGNFJGK478,2023,2024-03-28,580566223
2023-06-GSAFAC-0000002334,KCBGNFJGK478,2023,2024-03-28,261858563
2023-06-GSAFAC-0000002334,KCBGNFJGK478,2023,2024-03-28,941437713
2023-06-GSAFAC-0000002334,KCBGNFJGK478,2023,2024-03-28,382113393
2023-06-GSAFAC-0000002334,KCBGNFJGK478,2023,2024-03-28,272491974
2023-06-GSAFAC-0000002334,KCBGNFJGK478,2023,2024-03-28,351142669
2023-06-GSAFAC-0000002334,KCBGNFJGK478,2023,2024-03-28,350868157
2023-06-GSAFAC-0000002334,KCBGNFJGK478,2023,2024-03-28,351568821
2023-06-GSAFAC-0000002334,KCBGNFJGK478,2023,2024-03-28,421336618
2023-06-GSAFAC-0000002334,KCBGNFJGK478,2023,2024-03-28,421323808
2023-06-GSAFAC-0000002334,KCBGNFJGK478,2023,2024-03-28,421193699
2023-06-GSAFAC-0000002334,KCBGNFJGK478,2023,2024-03-28,421193699
2023-06-GSAFAC-0000002334,KCBGNFJGK478,2023,2024-03-28,311373080
2023-06-GSAFAC-0000002334,KCBGNFJGK478,2023,2024-03-28,420818642
2023-06-GSAFAC-0000002334,KCBGNFJGK478,2023,2024-03-28,363616314
2023-06-GSAFAC-0000002334,KCBGNFJGK478,2023,2024-03-28,201960348
2023-06-GSAFAC-0000002334,KCBGNFJGK478,2023,2024-03-28,421173708
2023-06-GSAFAC-0000002334,KCBGNFJGK478,2023,2024-03-28,134365966
2023-06-GSAFAC-0000002334,KCBGNFJGK478,2023,2024-03-28,134237594
2023-06-GSAFAC-0000002334,KCBGNFJGK478,2023,2024-03-28,311568151
2023-06-GSAFAC-0000002334,KCBGNFJGK478,2023,2024-03-28,311407377
2023-06-GSAFAC-0000002334,KCBGNFJGK478,2023,2024-03-28,421500277
2023-06-GSAFAC-0000002334,KCBGNFJGK478,2023,2024-03-28,208072234
2023-06-GSAFAC-0000002334,KCBGNFJGK478,2023,2024-03-28,421283849
2023-06-GSAFAC-0000002334,KCBGNFJGK478,2023,2024-03-28,421264647
2023-06-GSAFAC-0000002334,KCBGNFJGK478,2023,2024-03-28,421177001
2023-06-GSAFAC-0000002334,KCBGNFJGK478,2023,2024-03-28,421178403
2023-06-GSAFAC-0000002334,KCBGNFJGK478,2023,2024-03-28,420785890
2023-06-GSAFAC-0000002334,KCBGNFJGK478,2023,2024-03-28,364015560
2023-06-GSAFAC-0000002334,KCBGNFJGK478,2023,2024-03-28,363332852
2023-06-GSAFAC-0000002334,KCBGNFJGK478,2023,2024-03-28,362379649
2023-06-GSAFAC-0000002334,KCBGNFJGK478,2023,2024-03-28,520738041
2023-06-GSAFAC-0000002334,KCBGNFJGK478,2023,2024-03-28,853904921
2023-06-GSAFAC-0000002334,KCBGNFJGK478,2023,2024-03-28,231352191
2023-06-GSAFAC-0000002334,KCBGNFJGK478,2023,2024-03-28,232794121
2023-06-GSAFAC-0000002334,KCBGNFJGK478,2023,2024-03-28,232627944
2023-06-GSAFAC-0000002334,KCBGNFJGK478,2023,2024-03-28,203261266
2023-06-GSAFAC-0000002334,KCBGNFJGK478,2023,2024-03-28,231913910
2023-06-GSAFAC-0000002334,KCBGNFJGK478,2023,2024-03-28,232871206
2023-06-GSAFAC-0000002334,KCBGNFJGK478,2023,2024-03-28,273938747
2023-06-GSAFAC-0000002334,KCBGNFJGK478,2023,2024-03-28,465354512
2023-06-GSAFAC-0000002334,KCBGNFJGK478,2023,2024-03-28,232571699
2023-06-GSAFAC-0000002334,KCBGNFJGK478,2023,2024-03-28,510064326
2023-06-GSAFAC-0000002334,KCBGNFJGK478,2023,2024-03-28,382589966
2023-06-GSAFAC-0000002334,KCBGNFJGK478,2023,2024-03-28,911932918
2023-06-GSAFAC-0000002334,KCBGNFJGK478,2023,2024-03-28,383330803
2023-06-GSAFAC-0000002334,KCBGNFJGK478,2023,2024-03-28,311113966
2023-06-GSAFAC-0000002334,KCBGNFJGK478,2023,2024-03-28,311308555
2023-06-GSAFAC-0000002334,KCBGNFJGK478,2023,2024-03-28,311439334
2023-06-GSAFAC-0000002334,KCBGNFJGK478,2023,2024-03-28,342032340
2023-06-GSAFAC-0000002334,KCBGNFJGK478,2023,2024-03-28,820200895
2023-06-GSAFAC-0000002334,KCBGNFJGK478,2023,2024-03-28,271790052
2023-06-GSAFAC-0000002334,KCBGNFJGK478,2023,2024-03-28,820200896
2023-06-GSAFAC-0000002334,KCBGNFJGK478,2023,2024-03-28,820526861
2023-06-GSAFAC-0000002334,KCBGNFJGK478,2023,2024-03-28,271789847
2023-06-GSAFAC-0000002334,KCBGNFJGK478,2023,2024-03-28,473073124
2023-06-GSAFAC-0000002334,KCBGNFJGK478,2023,2024-03-28,453086711
2023-06-GSAFAC-0000002334,KCBGNFJGK478,2023,2024-03-28,251604115
2023-06-GSAFAC-0000002334,KCBGNFJGK478,2023,2024-03-28,251436685
2023-06-GSAFAC-0000002334,KCBGNFJGK478,2023,2024-03-28,202020239
2023-06-GSAFAC-0000002334,KCBGNFJGK478,2023,2024-03-28,382507173
2023-06-GSAFAC-0000002334,KCBGNFJGK478,2023,2024-03-28,383316559
2023-06-GSAFAC-0000002334,KCBGNFJGK478,2023,2024-03-28,824757260
2023-06-GSAFAC-0000002334,KCBGNFJGK478,2023,2024-03-28,150532254
2023-06-GSAFAC-0000002334,KCBGNFJGK478,2023,2024-03-28,161516863
2023-06-GSAFAC-0000002334,KCBGNFJGK478,2023,2024-03-28,201796650
2023-06-GSAFAC-0000002334,KCBGNFJGK478,2023,2024-03-28,351443425
2023-06-GSAFAC-0000002334,KCBGNFJGK478,2023,2024-03-28,223431049
2023-06-GSAFAC-0000031365,CQ56B5U6MK31,2023,2024-03-28,113661101
2023-06-GSAFAC-0000032876,PLFBKZXQYDR8,2023,2024-03-28,222566612
2023-06-GSAFAC-0000028054,HLLDLCSRZKN5,2023,2024-03-28,020734615
2023-06-GSAFAC-0000028054,HLLDLCSRZKN5,2023,2024-03-28,201547399
2023-06-GSAFAC-0000028054,HLLDLCSRZKN5,2023,2024-03-28,208074623
2023-06-GSAFAC-0000028054,HLLDLCSRZKN5,2023,2024-03-28,260765786
2023-06-GSAFAC-0000028054,HLLDLCSRZKN5,2023,2024-03-28,273371022
2023-06-GSAFAC-0000028054,HLLDLCSRZKN5,2023,2024-03-28,310714456
2023-06-GSAFAC-0000028054,HLLDLCSRZKN5,2023,2024-03-28,311070877
2023-06-GSAFAC-0000028054,HLLDLCSRZKN5,2023,2024-03-28,311351965
2023-06-GSAFAC-0000028054,HLLDLCSRZKN5,2023,2024-03-28,311372702
2023-06-GSAFAC-0000028054,HLLDLCSRZKN5,2023,2024-03-28,311414276
2023-06-GSAFAC-0000028054,HLLDLCSRZKN5,2023,2024-03-28,311438107
2023-06-GSAFAC-0000028054,HLLDLCSRZKN5,2023,2024-03-28,314379436
2023-06-GSAFAC-0000028054,HLLDLCSRZKN5,2023,2024-03-28,314394942
2023-06-GSAFAC-0000028054,HLLDLCSRZKN5,2023,2024-03-28,314440479
2023-06-GSAFAC-0000028054,HLLDLCSRZKN5,2023,2024-03-28,314446959
2023-06-GSAFAC-0000028054,HLLDLCSRZKN5,2023,2024-03-28,320007056
2023-06-GSAFAC-0000028054,HLLDLCSRZKN5,2023,2024-03-28,384105653
2023-06-GSAFAC-0000028054,HLLDLCSRZKN5,2023,2024-03-28,462458436
2023-06-GSAFAC-0000028054,HLLDLCSRZKN5,2023,2024-03-28,462755661
2023-06-GSAFAC-0000028054,HLLDLCSRZKN5,2023,2024-03-28,472512005
2023-06-GSAFAC-0000028054,HLLDLCSRZKN5,2023,2024-03-28,800835324
2023-06-GSAFAC-0000028090,LR3CBBHMAXM5,2023,2024-03-28,020556268
2023-06-GSAFAC-0000028090,LR3CBBHMAXM5,2023,2024-03-28,020556502
2023-06-GSAFAC-0000028090,LR3CBBHMAXM5,2023,2024-03-28,020757340
2023-06-GSAFAC-0000028090,LR3CBBHMAXM5,2023,2024-03-28,043613342
2023-06-GSAFAC-0000028090,LR3CBBHMAXM5,2023,2024-03-28,200619770
2023-06-GSAFAC-0000028090,LR3CBBHMAXM5,2023,2024-03-28,272818119
2023-06-GSAFAC-0000028090,LR3CBBHMAXM5,2023,2024-03-28,331112045
2023-06-GSAFAC-0000028090,LR3CBBHMAXM5,2023,2024-03-28,352519664
2023-06-GSAFAC-0000028090,LR3CBBHMAXM5,2023,2024-03-28,364706134
2023-06-GSAFAC-0000028090,LR3CBBHMAXM5,2023,2024-03-28,460764837
2023-06-GSAFAC-0000028090,LR3CBBHMAXM5,2023,2024-03-28,510645404
2023-06-GSAFAC-0000028090,LR3CBBHMAXM5,2023,2024-03-28,510645406
2023-06-GSAFAC-0000028090,LR3CBBHMAXM5,2023,2024-03-28,510645408
2023-06-GSAFAC-0000028090,LR3CBBHMAXM5,2023,2024-03-28,510645411
2023-06-GSAFAC-0000028090,LR3CBBHMAXM5,2023,2024-03-28,510645413
2023-06-GSAFAC-0000028090,LR3CBBHMAXM5,2023,2024-03-28,521619721
2023-06-GSAFAC-0000028090,LR3CBBHMAXM5,2023,2024-03-28,590920675
2023-06-GSAFAC-0000028090,LR3CBBHMAXM5,2023,2024-03-28,590971286
2023-06-GSAFAC-0000028090,LR3CBBHMAXM5,2023,2024-03-28,590977035
2023-06-GSAFAC-0000028090,LR3CBBHMAXM5,2023,2024-03-28,591003668
2023-06-GSAFAC-0000028090,LR3CBBHMAXM5,2023,2024-03-28,591033399
2023-06-GSAFAC-0000028090,LR3CBBHMAXM5,2023,2024-03-28,591141270
2023-06-GSAFAC-0000028090,LR3CBBHMAXM5,2023,2024-03-28,591149317
2023-06-GSAFAC-0000028090,LR3CBBHMAXM5,2023,2024-03-28,591206516
2023-06-GSAFAC-0000028090,LR3CBBHMAXM5,2023,2024-03-28,591207555
2023-06-GSAFAC-0000028090,LR3CBBHMAXM5,2023,2024-03-28,591207627
2023-06-GSAFAC-0000028090,LR3CBBHMAXM5,2023,2024-03-28,591208155
2023-06-GSAFAC-0000028090,LR3CBBHMAXM5,2023,2024-03-28,591209033
2023-06-GSAFAC-0000028090,LR3CBBHMAXM5,2023,2024-03-28,591209205
2023-06-GSAFAC-0000028090,LR3CBBHMAXM5,2023,2024-03-28,591210132
2023-06-GSAFAC-0000028090,LR3CBBHMAXM5,2023,2024-03-28,591210158
2023-06-GSAFAC-0000028090,LR3CBBHMAXM5,2023,2024-03-28,591210485
2023-06-GSAFAC-0000028090,LR3CBBHMAXM5,2023,2024-03-28,591211051
2023-06-GSAFAC-0000028090,LR3CBBHMAXM5,2023,2024-03-28,591211226
2023-06-GSAFAC-0000028090,LR3CBBHMAXM5,2023,2024-03-28,591211489
2023-06-GSAFAC-0000028090,LR3CBBHMAXM5,2023,2024-03-28,591213999
2023-06-GSAFAC-0000028090,LR3CBBHMAXM5,2023,2024-03-28,591214054
2023-06-GSAFAC-0000028090,LR3CBBHMAXM5,2023,2024-03-28,591214592
2023-06-GSAFAC-0000028090,LR3CBBHMAXM5,2023,2024-03-28,591216000
2023-06-GSAFAC-0000028090,LR3CBBHMAXM5,2023,2024-03-28,591216107
2023-06-GSAFAC-0000028090,LR3CBBHMAXM5,2023,2024-03-28,591216316
2023-06-GSAFAC-0000028090,LR3CBBHMAXM5,2023,2024-03-28,591218159
2023-06-GSAFAC-0000028090,LR3CBBHMAXM5,2023,2024-03-28,591219841
2023-06-GSAFAC-0000028090,LR3CBBHMAXM5,2023,2024-03-28,591264198
2023-06-GSAFAC-0000028090,LR3CBBHMAXM5,2023,2024-03-28,591385831
2023-06-GSAFAC-0000028090,LR3CBBHMAXM5,2023,2024-03-28,591961248
2023-06-GSAFAC-0000028090,LR3CBBHMAXM5,2023,2024-03-28,592748506
2023-06-GSAFAC-0000028090,LR3CBBHMAXM5,2023,2024-03-28,592869774
2023-06-GSAFAC-0000028090,LR3CBBHMAXM5,2023,2024-03-28,592870670
2023-06-GSAFAC-0000028090,LR3CBBHMAXM5,2023,2024-03-28,592883965
2023-06-GSAFAC-0000028090,LR3CBBHMAXM5,2023,2024-03-28,592924021
2023-06-GSAFAC-0000028090,LR3CBBHMAXM5,2023,2024-03-28,592976169
2023-06-GSAFAC-0000028090,LR3CBBHMAXM5,2023,2024-03-28,592976783
2023-06-GSAFAC-0000028090,LR3CBBHMAXM5,2023,2024-03-28,593024028
2023-06-GSAFAC-0000028090,LR3CBBHMAXM5,2023,2024-03-28,593102112
2023-06-GSAFAC-0000028090,LR3CBBHMAXM5,2023,2024-03-28,593105845
2023-06-GSAFAC-0000028090,LR3CBBHMAXM5,2023,2024-03-28,593452939
2023-06-GSAFAC-0000028090,LR3CBBHMAXM5,2023,2024-03-28,593458463
2023-06-GSAFAC-0000028090,LR3CBBHMAXM5,2023,2024-03-28,593458757
2023-06-GSAFAC-0000028090,LR3CBBHMAXM5,2023,2024-03-28,593458983
2023-06-GSAFAC-0000028090,LR3CBBHMAXM5,2023,2024-03-28,593462720
2023-06-GSAFAC-0000028090,LR3CBBHMAXM5,2023,2024-03-28,593462886
2023-06-GSAFAC-0000028090,LR3CBBHMAXM5,2023,2024-03-28,593466865
2023-06-GSAFAC-0000028090,LR3CBBHMAXM5,2023,2024-03-28,593467201
2023-06-GSAFAC-0000028090,LR3CBBHMAXM5,2023,2024-03-28,593474751
2023-06-GSAFAC-0000028090,LR3CBBHMAXM5,2023,2024-03-28,593475860
2023-06-GSAFAC-0000028090,LR3CBBHMAXM5,2023,2024-03-28,593476898
2023-06-GSAFAC-0000028090,LR3CBBHMAXM5,2023,2024-03-28,593502843
2023-06-GSAFAC-0000028090,LR3CBBHMAXM5,2023,2024-03-28,593751857
2023-06-GSAFAC-0000028090,LR3CBBHMAXM5,2023,2024-03-28,593753078
2023-06-GSAFAC-0000028090,LR3CBBHMAXM5,2023,2024-03-28,593753171
2023-06-GSAFAC-0000028090,LR3CBBHMAXM5,2023,2024-03-28,593754016
2023-06-GSAFAC-0000028090,LR3CBBHMAXM5,2023,2024-03-28,593754662
2023-06-GSAFAC-0000028090,LR3CBBHMAXM5,2023,2024-03-28,593754663
2023-06-GSAFAC-0000028090,LR3CBBHMAXM5,2023,2024-03-28,593757751
2023-06-GSAFAC-0000028090,LR3CBBHMAXM5,2023,2024-03-28,593757965
2023-06-GSAFAC-0000028090,LR3CBBHMAXM5,2023,2024-03-28,593758249
2023-06-GSAFAC-0000028090,LR3CBBHMAXM5,2023,2024-03-28,593759152
2023-06-GSAFAC-0000028090,LR3CBBHMAXM5,2023,2024-03-28,596001975
2023-06-GSAFAC-0000028090,LR3CBBHMAXM5,2023,2024-03-28,596002052
2023-06-GSAFAC-0000028090,LR3CBBHMAXM5,2023,2024-03-28,596004084
2023-06-GSAFAC-0000028090,LR3CBBHMAXM5,2023,2024-03-28,596004804
2023-06-GSAFAC-0000028090,LR3CBBHMAXM5,2023,2024-03-28,596007353
2023-06-GSAFAC-0000028090,LR3CBBHMAXM5,2023,2024-03-28,596007874
2023-06-GSAFAC-0000028090,LR3CBBHMAXM5,2023,2024-03-28,596031182
2023-06-GSAFAC-0000028090,LR3CBBHMAXM5,2023,2024-03-28,650177616
2023-06-GSAFAC-0000028090,LR3CBBHMAXM5,2023,2024-03-28,650385507
2023-06-GSAFAC-0000028090,LR3CBBHMAXM5,2023,2024-03-28,650753801
2023-06-GSAFAC-0000028090,LR3CBBHMAXM5,2023,2024-03-28,650812614
2023-06-GSAFAC-0000028090,LR3CBBHMAXM5,2023,2024-03-28,651148284
2023-06-GSAFAC-0000028090,LR3CBBHMAXM5,2023,2024-03-28,651150231
2023-06-GSAFAC-0000028090,LR3CBBHMAXM5,2023,2024-03-28,651150480
2023-06-GSAFAC-0000028090,LR3CBBHMAXM5,2023,2024-03-28,651151099
2023-06-GSAFAC-0000028090,LR3CBBHMAXM5,2023,2024-03-28,800749868
2023-06-GSAFAC-0000028090,LR3CBBHMAXM5,2023,2024-03-28,900057281
2023-06-GSAFAC-0000028090,LR3CBBHMAXM5,2023,2024-03-28,911961382
2023-06-GSAFAC-0000032973,WC1HPCYZ89P3,2023,2024-03-28,251780139
2023-06-GSAFAC-0000032973,WC1HPCYZ89P3,2023,2024-03-28,473884840
2023-06-GSAFAC-0000031380,F9T2BMEUV3H5,2023,2024-03-28,133203211
2023-06-GSAFAC-0000030823,CCPRLHRL2AV3,2023,2024-03-28,042103609
2023-06-GSAFAC-0000030823,CCPRLHRL2AV3,2023,2024-03-28,043487833
2023-06-GSAFAC-0000030823,CCPRLHRL2AV3,2023,2024-03-28,043487835
2023-06-GSAFAC-0000028546,X4ADJRZ3Q1H4,2023,2024-03-28,510295186
2023-06-GSAFAC-0000028546,X4ADJRZ3Q1H4,2023,2024-03-28,520607945
2023-06-GSAFAC-0000028546,X4ADJRZ3Q1H4,2023,2024-03-28,202119977
2023-06-GSAFAC-0000028546,X4ADJRZ3Q1H4,2023,2024-03-28,812662359
2023-06-GSAFAC-0000028546,X4ADJRZ3Q1H4,2023,2024-03-28,521794553
2023-06-GSAFAC-0000028546,X4ADJRZ3Q1H4,2023,2024-03-28,510064334
2023-06-GSAFAC-0000028546,X4ADJRZ3Q1H4,2023,2024-03-28,521479538
2023-06-GSAFAC-0000029743,F4MJCNN693F3,2023,2024-03-28,363266748
2023-06-GSAFAC-0000029633,E2NYLCDML6V1,2023,2024-03-28,046156432
2023-06-GSAFAC-0000026876,HK2QL6YXLEK4,2023,2024-03-28,133802084
2023-06-GSAFAC-0000026876,HK2QL6YXLEK4,2023,2024-03-28,133599121
2023-06-GSAFAC-0000026876,HK2QL6YXLEK4,2023,2024-03-28,112297842
2023-06-GSAFAC-0000021291,Y8CWNJRCNN91,2023,2024-03-28,362371220
2023-06-GSAFAC-0000034115,D6W1TU86W1H7,2023,2024-03-28,237040715
2023-06-GSAFAC-0000034115,D6W1TU86W1H7,2023,2024-03-28,251738347
2023-06-GSAFAC-0000034115,D6W1TU86W1H7,2023,2024-03-28,251883384
2023-06-GSAFAC-0000034115,D6W1TU86W1H7,2023,2024-03-28,202932676
2023-06-GSAFAC-0000034115,D6W1TU86W1H7,2023,2024-03-28,250969478
2023-06-GSAFAC-0000034115,D6W1TU86W1H7,2023,2024-03-28,250965419
2023-06-GSAFAC-0000034115,D6W1TU86W1H7,2023,2024-03-28,250986051
2023-06-GSAFAC-0000034115,D6W1TU86W1H7,2023,2024-03-28,251349943
2023-06-GSAFAC-0000029914,SQ3KG6X2J5H5,2023,2024-03-28,222606545
2023-06-GSAFAC-0000029914,SQ3KG6X2J5H5,2023,2024-03-28,231352160
2023-06-GSAFAC-0000029914,SQ3KG6X2J5H5,2023,2024-03-28,231529076
2023-06-GSAFAC-0000029914,SQ3KG6X2J5H5,2023,2024-03-28,232175659
2023-06-GSAFAC-0000034062,FKS2EKKVVL53,2023,2024-03-28,250965612
2023-06-GSAFAC-0000034062,FKS2EKKVVL53,2023,2024-03-28,250965414
2023-06-GSAFAC-0000034062,FKS2EKKVVL53,2023,2024-03-28,250965375
2023-06-GSAFAC-0000034062,FKS2EKKVVL53,2023,2024-03-28,251744392
2023-06-GSAFAC-0000034062,FKS2EKKVVL53,2023,2024-03-28,203474707
2023-06-GSAFAC-0000030189,D1JMAQKMD9Q7,2023,2024-03-28,010130427
2023-06-GSAFAC-0000030189,D1JMAQKMD9Q7,2023,2024-03-28,010215227
2023-06-GSAFAC-0000030189,D1JMAQKMD9Q7,2023,2024-03-28,010315963
2023-06-GSAFAC-0000030189,D1JMAQKMD9Q7,2023,2024-03-28,010356077
2023-06-GSAFAC-0000030189,D1JMAQKMD9Q7,2023,2024-03-28,010386912
2023-06-GSAFAC-0000030189,D1JMAQKMD9Q7,2023,2024-03-28,010386913
2023-06-GSAFAC-0000030189,D1JMAQKMD9Q7,2023,2024-03-28,010387674
2023-06-GSAFAC-0000030189,D1JMAQKMD9Q7,2023,2024-03-28,010430016
2023-06-GSAFAC-0000030189,D1JMAQKMD9Q7,2023,2024-03-28,010457199
2023-06-GSAFAC-0000030189,D1JMAQKMD9Q7,2023,2024-03-28,010481000
2023-06-GSAFAC-0000030189,D1JMAQKMD9Q7,2023,2024-03-28,222473667
2023-06-GSAFAC-0000030189,D1JMAQKMD9Q7,2023,2024-03-28,222844951
2023-06-GSAFAC-0000030189,D1JMAQKMD9Q7,2023,2024-03-28,274604314
2023-06-GSAFAC-0000033464,E4AKPSKQR455,2023,2024-03-28,592527684
2023-06-GSAFAC-0000033464,E4AKPSKQR455,2023,2024-03-28,929196749
2022-06-GSAFAC-0000033152,C4A1GH8YACH4,2022,2024-03-28,720408982
2022-06-GSAFAC-0000033152,C4A1GH8YACH4,2022,2024-03-28,720408984
2022-06-GSAFAC-0000033152,C4A1GH8YACH4,2022,2024-03-28,720411322
2022-06-GSAFAC-0000033152,C4A1GH8YACH4,2022,2024-03-28,465720165
2022-06-GSAFAC-0000033152,C4A1GH8YACH4,2022,2024-03-28,472897722
2022-06-GSAFAC-0000033152,C4A1GH8YACH4,2022,2024-03-28,383981731
2022-06-GSAFAC-0000033152,C4A1GH8YACH4,2022,2024-03-28,760422435
2022-06-GSAFAC-0000033152,C4A1GH8YACH4,2022,2024-03-28,811708177
2022-06-GSAFAC-0000033152,C4A1GH8YACH4,2022,2024-03-28,741109836
2022-06-GSAFAC-0000033152,C4A1GH8YACH4,2022,2024-03-28,742806531
2022-06-GSAFAC-0000033152,C4A1GH8YACH4,2022,2024-03-28,465203505
2022-06-GSAFAC-0000033152,C4A1GH8YACH4,2022,2024-03-28,750974351
2022-06-GSAFAC-0000033152,C4A1GH8YACH4,2022,2024-03-28,750818167
2022-06-GSAFAC-0000033152,C4A1GH8YACH4,2022,2024-03-28,751976930
2022-06-GSAFAC-0000033152,C4A1GH8YACH4,2022,2024-03-28,752771569
2022-06-GSAFAC-0000033152,C4A1GH8YACH4,2022,2024-03-28,752796815
2022-06-GSAFAC-0000033152,C4A1GH8YACH4,2022,2024-03-28,850106941
2022-06-GSAFAC-0000033152,C4A1GH8YACH4,2022,2024-03-28,752027157
2022-06-GSAFAC-0000033152,C4A1GH8YACH4,2022,2024-03-28,741109665
2022-06-GSAFAC-0000033152,C4A1GH8YACH4,2022,2024-03-28,741906005
2022-06-GSAFAC-0000033152,C4A1GH8YACH4,2022,2024-03-28,752616975
2022-06-GSAFAC-0000033152,C4A1GH8YACH4,2022,2024-03-28,760591590
2022-06-GSAFAC-0000033152,C4A1GH8YACH4,2022,2024-03-28,752616977
2022-06-GSAFAC-0000033152,C4A1GH8YACH4,2022,2024-03-28,752747708
2022-06-GSAFAC-0000033152,C4A1GH8YACH4,2022,2024-03-28,810571409
2022-06-GSAFAC-0000033152,C4A1GH8YACH4,2022,2024-03-28,412092141
2022-06-GSAFAC-0000033152,C4A1GH8YACH4,2022,2024-03-28,205109610
2022-06-GSAFAC-0000033152,C4A1GH8YACH4,2022,2024-03-28,384092858
2022-06-GSAFAC-0000033152,C4A1GH8YACH4,2022,2024-03-28,752161369
2022-06-GSAFAC-0000033152,C4A1GH8YACH4,2022,2024-03-28,208814408
2023-06-GSAFAC-0000032898,C4A1GH8YACH4,2023,2024-03-28,720408982
2023-06-GSAFAC-0000032898,C4A1GH8YACH4,2023,2024-03-28,720408984
2023-06-GSAFAC-0000032898,C4A1GH8YACH4,2023,2024-03-28,720411322
2023-06-GSAFAC-0000032898,C4A1GH8YACH4,2023,2024-03-28,465720165
2023-06-GSAFAC-0000032898,C4A1GH8YACH4,2023,2024-03-28,472897722
2023-06-GSAFAC-0000032898,C4A1GH8YACH4,2023,2024-03-28,383981731
2023-06-GSAFAC-0000032898,C4A1GH8YACH4,2023,2024-03-28,760422435
2023-06-GSAFAC-0000032898,C4A1GH8YACH4,2023,2024-03-28,811708177
2023-06-GSAFAC-0000032898,C4A1GH8YACH4,2023,2024-03-28,741109836
2023-06-GSAFAC-0000032898,C4A1GH8YACH4,2023,2024-03-28,742806531
2023-06-GSAFAC-0000032898,C4A1GH8YACH4,2023,2024-03-28,465203505
2023-06-GSAFAC-0000032898,C4A1GH8YACH4,2023,2024-03-28,750974351
2023-06-GSAFAC-0000032898,C4A1GH8YACH4,2023,2024-03-28,750818167
2023-06-GSAFAC-0000032898,C4A1GH8YACH4,2023,2024-03-28,751976930
2023-06-GSAFAC-0000032898,C4A1GH8YACH4,2023,2024-03-28,752771569
2023-06-GSAFAC-0000032898,C4A1GH8YACH4,2023,2024-03-28,752796815
2023-06-GSAFAC-0000032898,C4A1GH8YACH4,2023,2024-03-28,850106941
2023-06-GSAFAC-0000032898,C4A1GH8YACH4,2023,2024-03-28,752027157
2023-06-GSAFAC-0000032898,C4A1GH8YACH4,2023,2024-03-28,741109665
2023-06-GSAFAC-0000032898,C4A1GH8YACH4,2023,2024-03-28,741906005
2023-06-GSAFAC-0000032898,C4A1GH8YACH4,2023,2024-03-28,752616975
2023-06-GSAFAC-0000032898,C4A1GH8YACH4,2023,2024-03-28,760591590
2023-06-GSAFAC-0000032898,C4A1GH8YACH4,2023,2024-03-28,752616977
2023-06-GSAFAC-0000032898,C4A1GH8YACH4,2023,2024-03-28,752747708
2023-06-GSAFAC-0000032898,C4A1GH8YACH4,2023,2024-03-28,810571409
2023-06-GSAFAC-0000032898,C4A1GH8YACH4,2023,2024-03-28,412092141
2023-06-GSAFAC-0000032898,C4A1GH8YACH4,2023,2024-03-28,205109610
2023-06-GSAFAC-0000032898,C4A1GH8YACH4,2023,2024-03-28,384092858
2023-06-GSAFAC-0000032898,C4A1GH8YACH4,2023,2024-03-28,752161369
2023-06-GSAFAC-0000032898,C4A1GH8YACH4,2023,2024-03-28,208814408
2023-06-GSAFAC-0000028996,HKK5YY1DWYM3,2023,2024-03-28,990266119
2023-06-GSAFAC-0000028996,HKK5YY1DWYM3,2023,2024-03-28,990266120
2023-06-GSAFAC-0000028996,HKK5YY1DWYM3,2023,2024-03-28,996000896
2023-06-GSAFAC-0000028996,HKK5YY1DWYM3,2023,2024-03-28,990259420
2023-06-GSAFAC-0000028996,HKK5YY1DWYM3,2023,2024-03-28,990274814
2023-06-GSAFAC-0000028996,HKK5YY1DWYM3,2023,2024-03-28,990266942
2023-06-GSAFAC-0000028996,HKK5YY1DWYM3,2023,2024-03-28,990275730
2023-06-GSAFAC-0000028996,HKK5YY1DWYM3,2023,2024-03-28,990280628
2023-06-GSAFAC-0000034239,YL4FGLJYEG11,2023,2024-03-28,942905995
2023-06-GSAFAC-0000034239,YL4FGLJYEG11,2023,2024-03-28,943236429
2023-06-GSAFAC-0000034161,DDLMGBJNLS71,2023,2024-03-29,420698295
2023-06-GSAFAC-0000034161,DDLMGBJNLS71,2023,2024-03-29,421442443
2023-06-GSAFAC-0000034161,DDLMGBJNLS71,2023,2024-03-29,421198970
2023-06-GSAFAC-0000029894,KMAHLN9YLNW9,2023,2024-03-29,133826364
2023-06-GSAFAC-0000029894,KMAHLN9YLNW9,2023,2024-03-29,133165181
2023-06-GSAFAC-0000029894,KMAHLN9YLNW9,2023,2024-03-29,133730564
2023-06-GSAFAC-0000034538,CAAVAKX9MXD5,2023,2024-03-29,592911669
2023-06-GSAFAC-0000034538,CAAVAKX9MXD5,2023,2024-03-29,832344836
2023-06-GSAFAC-0000034538,CAAVAKX9MXD5,2023,2024-03-29,263284880
2023-09-GSAFAC-0000035042,X9J5CZKHKP81,2023,2024-03-29,043306782
2023-09-GSAFAC-0000035042,X9J5CZKHKP81,2023,2024-03-29,222472997
2023-09-GSAFAC-0000030158,RU6AKBVU76J4,2023,2024-03-29,020383487
2023-09-GSAFAC-0000030158,RU6AKBVU76J4,2023,2024-03-29,020232673
2023-09-GSAFAC-0000030158,RU6AKBVU76J4,2023,2024-03-29,020509589
2023-09-GSAFAC-0000030158,RU6AKBVU76J4,2023,2024-03-29,331003630
2023-09-GSAFAC-0000030158,RU6AKBVU76J4,2023,2024-03-29,020483054
2023-09-GSAFAC-0000030158,RU6AKBVU76J4,2023,2024-03-29,020456218
2023-09-GSAFAC-0000030158,RU6AKBVU76J4,2023,2024-03-29,237331452
2023-09-GSAFAC-0000030158,RU6AKBVU76J4,2023,2024-03-29,020222241
2023-06-GSAFAC-0000033374,LETPXPH57U83,2023,2024-03-29,264331175
2023-06-GSAFAC-0000033374,LETPXPH57U83,2023,2024-03-29,272259278
2023-06-GSAFAC-0000033374,LETPXPH57U83,2023,2024-03-29,271090805
2023-06-GSAFAC-0000031572,E3MRTEM17PM8,2023,2024-03-29,310537122
2023-06-GSAFAC-0000031572,E3MRTEM17PM8,2023,2024-03-29,310537486
2023-06-GSAFAC-0000031572,E3MRTEM17PM8,2023,2024-03-29,311074519
2023-06-GSAFAC-0000031572,E3MRTEM17PM8,2023,2024-03-29,272413974
2023-06-GSAFAC-0000031572,E3MRTEM17PM8,2023,2024-03-29,273473834
2023-06-GSAFAC-0000031572,E3MRTEM17PM8,2023,2024-03-29,461393755
2023-06-GSAFAC-0000031572,E3MRTEM17PM8,2023,2024-03-29,455135559
2023-06-GSAFAC-0000031572,E3MRTEM17PM8,2023,2024-03-29,461125130
2023-06-GSAFAC-0000031572,E3MRTEM17PM8,2023,2024-03-29,310650283
2023-06-GSAFAC-0000031572,E3MRTEM17PM8,2023,2024-03-29,311383365
2023-06-GSAFAC-0000031572,E3MRTEM17PM8,2023,2024-03-29,202305158
2023-06-GSAFAC-0000029169,NHHABLM2SCC8,2023,2024-03-29,371021751
2023-06-GSAFAC-0000029169,NHHABLM2SCC8,2023,2024-03-29,900040382
2023-06-GSAFAC-0000029169,NHHABLM2SCC8,2023,2024-03-29,872443563
2023-06-GSAFAC-0000029169,NHHABLM2SCC8,2023,2024-03-29,872416554
2023-06-GSAFAC-0000033435,XXM3UKW7EYU3,2023,2024-03-29,431897269
2023-06-GSAFAC-0000032382,TNMXGCQBFAX1,2023,2024-03-29,043500409
2023-06-GSAFAC-0000032382,TNMXGCQBFAX1,2023,2024-03-29,043172372
2024-06-GSAFAC-0000032057,ME2HST3L4AY9,2023,2024-03-29,883214167
2024-06-GSAFAC-0000032057,ME2HST3L4AY9,2023,2024-03-29,883206424
2024-06-GSAFAC-0000032057,ME2HST3L4AY9,2023,2024-03-29,871802630
2023-06-GSAFAC-0000029107,CYEZUTQ6GME3,2023,2024-03-29,716520348
2023-06-GSAFAC-0000029107,CYEZUTQ6GME3,2023,2024-03-29,205006195
2023-06-GSAFAC-0000029107,CYEZUTQ6GME3,2023,2024-03-29,710883168
2023-06-GSAFAC-0000029107,CYEZUTQ6GME3,2023,2024-03-29,311571018
2023-06-GSAFAC-0000029107,CYEZUTQ6GME3,2023,2024-03-29,710682034
2023-06-GSAFAC-0000029107,CYEZUTQ6GME3,2023,2024-03-29,710545489
2023-06-GSAFAC-0000029107,CYEZUTQ6GME3,2023,2024-03-29,710576888
2023-06-GSAFAC-0000029107,CYEZUTQ6GME3,2023,2024-03-29,205006141
2023-06-GSAFAC-0000029107,CYEZUTQ6GME3,2023,2024-03-29,710648594
2023-06-GSAFAC-0000029107,CYEZUTQ6GME3,2023,2024-03-29,710823653
2023-06-GSAFAC-0000029107,CYEZUTQ6GME3,2023,2024-03-29,311535691
2023-06-GSAFAC-0000029107,CYEZUTQ6GME3,2023,2024-03-29,710852843
2022-06-GSAFAC-0000013140,SHMTBW88LZB5,2022,2024-03-29,521654453
2022-06-GSAFAC-0000013140,SHMTBW88LZB5,2022,2024-03-29,814291601
2022-06-GSAFAC-0000013140,SHMTBW88LZB5,2022,2024-03-29,521627574
2023-06-GSAFAC-0000010432,SHMTBW88LZB5,2023,2024-03-29,521654453
2023-06-GSAFAC-0000010432,SHMTBW88LZB5,2023,2024-03-29,814291601
2023-06-GSAFAC-0000010432,SHMTBW88LZB5,2023,2024-03-29,521627574
2023-06-GSAFAC-0000031860,WEMJMZMV1AK5,2023,2024-03-29,050518796
2023-06-GSAFAC-0000031860,WEMJMZMV1AK5,2023,2024-03-29,204650367
2023-06-GSAFAC-0000015261,EQL7FFLJRC99,2023,2024-03-29,396006422
2023-06-GSAFAC-0000015261,EQL7FFLJRC99,2023,2024-03-29,396006451
2023-06-GSAFAC-0000015261,EQL7FFLJRC99,2023,2024-03-29,396006468
2023-06-GSAFAC-0000015261,EQL7FFLJRC99,2023,2024-03-29,391089259
2023-06-GSAFAC-0000015261,EQL7FFLJRC99,2023,2024-03-29,391051231
2023-06-GSAFAC-0000015261,EQL7FFLJRC99,2023,2024-03-29,396006447
2023-06-GSAFAC-0000015261,EQL7FFLJRC99,2023,2024-03-29,396006487
2023-06-GSAFAC-0000015261,EQL7FFLJRC99,2023,2024-03-29,391805963
2023-06-GSAFAC-0000015261,EQL7FFLJRC99,2023,2024-03-29,396006492
2023-06-GSAFAC-0000015261,EQL7FFLJRC99,2023,2024-03-29,396006494
2023-06-GSAFAC-0000015261,EQL7FFLJRC99,2023,2024-03-29,396006436
2023-06-GSAFAC-0000015261,EQL7FFLJRC99,2023,2024-03-29,391834745
2023-06-GSAFAC-0000015261,EQL7FFLJRC99,2023,2024-03-29,475341401
2023-06-GSAFAC-0000015261,EQL7FFLJRC99,2023,2024-03-29,396006446
2023-06-GSAFAC-0000015261,EQL7FFLJRC99,2023,2024-03-29,391652221
2023-06-GSAFAC-0000015261,EQL7FFLJRC99,2023,2024-03-29,264260611
2023-06-GSAFAC-0000015261,EQL7FFLJRC99,2023,2024-03-29,396006469
2023-06-GSAFAC-0000015261,EQL7FFLJRC99,2023,2024-03-29,262265832
2023-06-GSAFAC-0000015261,EQL7FFLJRC99,2023,2024-03-29,412261892
2023-06-GSAFAC-0000015261,EQL7FFLJRC99,2023,2024-03-29,396006449
2023-06-GSAFAC-0000015261,EQL7FFLJRC99,2023,2024-03-29,396006427
2023-06-GSAFAC-0000015261,EQL7FFLJRC99,2023,2024-03-29,396006460
2023-06-GSAFAC-0000015261,EQL7FFLJRC99,2023,2024-03-29,391657652
2023-06-GSAFAC-0000015261,EQL7FFLJRC99,2023,2024-03-29,396006493
2023-06-GSAFAC-0000015261,EQL7FFLJRC99,2023,2024-03-29,391206337
2023-06-GSAFAC-0000015261,EQL7FFLJRC99,2023,2024-03-29,391271286
2023-06-GSAFAC-0000015261,EQL7FFLJRC99,2023,2024-03-29,396006491
2023-06-GSAFAC-0000015261,EQL7FFLJRC99,2023,2024-03-29,396006489
2023-06-GSAFAC-0000028607,QYLXERHDAQL4,2023,2024-03-29,020222171
2023-06-GSAFAC-0000028607,QYLXERHDAQL4,2023,2024-03-29,020354549
2023-06-GSAFAC-0000028607,QYLXERHDAQL4,2023,2024-03-29,030183721
2023-06-GSAFAC-0000028607,QYLXERHDAQL4,2023,2024-03-29,036006494
2023-06-GSAFAC-0000028607,QYLXERHDAQL4,2023,2024-03-29,222519596
2023-06-GSAFAC-0000028607,QYLXERHDAQL4,2023,2024-03-29,020222791
2023-06-GSAFAC-0000035445,K63GSZHMURP4,2023,2024-03-29,852763339
2023-06-GSAFAC-0000033014,WV9GN21T4C53,2023,2024-03-29,830205729
2023-06-GSAFAC-0000033014,WV9GN21T4C53,2023,2024-03-29,272595767
2023-06-GSAFAC-0000033014,WV9GN21T4C53,2023,2024-03-29,830207113
2023-06-GSAFAC-0000033004,EMLETY7LUT35,2023,2024-03-29,232604575
2023-06-GSAFAC-0000031199,GYK3FL7MNRA8,2023,2024-03-29,101506079
2023-06-GSAFAC-0000030953,MBNDY6QC79W5,2023,2024-03-29,580593388
2023-06-GSAFAC-0000030953,MBNDY6QC79W5,2023,2024-03-29,580568702
2023-06-GSAFAC-0000030953,MBNDY6QC79W5,2023,2024-03-29,824301751
2023-06-GSAFAC-0000030953,MBNDY6QC79W5,2023,2024-03-29,581329042
2023-06-GSAFAC-0000030953,MBNDY6QC79W5,2023,2024-03-29,582011805
2023-06-GSAFAC-0000035007,CCQAK9U4NFH5,2023,2024-03-29,823211410
2023-06-GSAFAC-0000033777,HH84A4YLR1Y9,2023,2024-03-29,520730225
2023-06-GSAFAC-0000033777,HH84A4YLR1Y9,2023,2024-03-29,521338141
2023-06-GSAFAC-0000033777,HH84A4YLR1Y9,2023,2024-03-29,521162749
2023-06-GSAFAC-0000033777,HH84A4YLR1Y9,2023,2024-03-29,520591684
2023-06-GSAFAC-0000033680,GAP6BJ4PKGZ2,2023,2024-03-29,133059155
2023-06-GSAFAC-0000033680,GAP6BJ4PKGZ2,2023,2024-03-29,545082237
2023-06-GSAFAC-0000031395,XKK1KGY2GD54,2023,2024-03-29,770424419
2023-06-GSAFAC-0000035171,NBFNAEXRHD76,2023,2024-03-29,641163605
2023-06-GSAFAC-0000034392,S1RKMQEPJWA8,2023,2024-03-29,204968228
2023-06-GSAFAC-0000034392,S1RKMQEPJWA8,2023,2024-03-29,872399186
2023-06-GSAFAC-0000034392,S1RKMQEPJWA8,2023,2024-03-29,881516696
2023-06-GSAFAC-0000035392,CXANMMKWPE85,2023,2024-03-29,390806250
2023-06-GSAFAC-0000035392,CXANMMKWPE85,2023,2024-03-29,391670223
2023-06-GSAFAC-0000035392,CXANMMKWPE85,2023,2024-03-29,260806477
2023-06-GSAFAC-0000035392,CXANMMKWPE85,2023,2024-03-29,391138241
2023-06-GSAFAC-0000035392,CXANMMKWPE85,2023,2024-03-29,390985690
2023-06-GSAFAC-0000035392,CXANMMKWPE85,2023,2024-03-29,383236977
2023-06-GSAFAC-0000035392,CXANMMKWPE85,2023,2024-03-29,382908586
2023-06-GSAFAC-0000035392,CXANMMKWPE85,2023,2024-03-29,381443361
2023-06-GSAFAC-0000035392,CXANMMKWPE85,2023,2024-03-29,390873606
2023-06-GSAFAC-0000035392,CXANMMKWPE85,2023,2024-03-29,391965593
2023-06-GSAFAC-0000035392,CXANMMKWPE85,2023,2024-03-29,390964813
2023-06-GSAFAC-0000035392,CXANMMKWPE85,2023,2024-03-29,390808503
2023-06-GSAFAC-0000035392,CXANMMKWPE85,2023,2024-03-29,390868982
2023-06-GSAFAC-0000035392,CXANMMKWPE85,2023,2024-03-29,391390638
2023-06-GSAFAC-0000035392,CXANMMKWPE85,2023,2024-03-29,390807065
2023-06-GSAFAC-0000035392,CXANMMKWPE85,2023,2024-03-29,390808443
2023-06-GSAFAC-0000035392,CXANMMKWPE85,2023,2024-03-29,390808511
2023-06-GSAFAC-0000031883,WHFRQVBXKB26,2023,2024-03-29,133751223
2023-06-GSAFAC-0000031883,WHFRQVBXKB26,2023,2024-03-29,133857947
2023-06-GSAFAC-0000031883,WHFRQVBXKB26,2023,2024-03-29,133741272
2023-06-GSAFAC-0000031883,WHFRQVBXKB26,2023,2024-03-29,133986958
2023-06-GSAFAC-0000031883,WHFRQVBXKB26,2023,2024-03-29,205686282
2023-06-GSAFAC-0000030463,XJQAMRNAMM35,2023,2024-03-29,133517886
2023-06-GSAFAC-0000026070,GHUMTNSYMNH3,2023,2024-03-29,231370484
2023-06-GSAFAC-0000026070,GHUMTNSYMNH3,2023,2024-03-29,230465970
2023-06-GSAFAC-0000026070,GHUMTNSYMNH3,2023,2024-03-29,232899911
2023-06-GSAFAC-0000026070,GHUMTNSYMNH3,2023,2024-03-29,232730785
2023-06-GSAFAC-0000026070,GHUMTNSYMNH3,2023,2024-03-29,230794160
2023-06-GSAFAC-0000026070,GHUMTNSYMNH3,2023,2024-03-29,231548822
2023-06-GSAFAC-0000026070,GHUMTNSYMNH3,2023,2024-03-29,231360854
2023-06-GSAFAC-0000026070,GHUMTNSYMNH3,2023,2024-03-29,231352222
2023-06-GSAFAC-0000026070,GHUMTNSYMNH3,2023,2024-03-29,231352220
2023-06-GSAFAC-0000026070,GHUMTNSYMNH3,2023,2024-03-29,232489452
2023-06-GSAFAC-0000026070,GHUMTNSYMNH3,2023,2024-03-29,251515376
2023-06-GSAFAC-0000026070,GHUMTNSYMNH3,2023,2024-03-29,251716306
2023-06-GSAFAC-0000026070,GHUMTNSYMNH3,2023,2024-03-29,251845303
2023-06-GSAFAC-0000026070,GHUMTNSYMNH3,2023,2024-03-29,231352573
2023-06-GSAFAC-0000026070,GHUMTNSYMNH3,2023,2024-03-29,232400237
2023-06-GSAFAC-0000026070,GHUMTNSYMNH3,2023,2024-03-29,232374072
2023-06-GSAFAC-0000032137,P5BHFRA5ZXA9,2023,2024-03-29,341439122
2023-06-GSAFAC-0000032637,NWR8MD4CNYC7,2023,2024-03-29,421239742
2023-06-GSAFAC-0000032835,PX4PFMU2F3X6,2023,2024-03-29,261972987
2023-06-GSAFAC-0000032835,PX4PFMU2F3X6,2023,2024-03-29,440580870
2023-06-GSAFAC-0000032835,PX4PFMU2F3X6,2023,2024-03-29,832249459
2023-06-GSAFAC-0000032835,PX4PFMU2F3X6,2023,2024-03-29,440545289
2023-06-GSAFAC-0000027729,KSNPHJ1LMNJ7,2023,2024-03-29,810846789
2023-06-GSAFAC-0000027729,KSNPHJ1LMNJ7,2023,2024-03-29,270277843
2023-06-GSAFAC-0000027729,KSNPHJ1LMNJ7,2023,2024-03-29,580968382
2023-06-GSAFAC-0000027729,KSNPHJ1LMNJ7,2023,2024-03-29,582095884
2023-06-GSAFAC-0000027729,KSNPHJ1LMNJ7,2023,2024-03-29,273818647
2023-06-GSAFAC-0000027729,KSNPHJ1LMNJ7,2023,2024-03-29,810875069
2023-06-GSAFAC-0000027729,KSNPHJ1LMNJ7,2023,2024-03-29,134350580
2023-06-GSAFAC-0000027729,KSNPHJ1LMNJ7,2023,2024-03-29,582026750
2023-06-GSAFAC-0000027729,KSNPHJ1LMNJ7,2023,2024-03-29,810837031
2023-06-GSAFAC-0000027729,KSNPHJ1LMNJ7,2023,2024-03-29,810864789
2023-06-GSAFAC-0000027729,KSNPHJ1LMNJ7,2023,2024-03-29,205497506
2023-06-GSAFAC-0000027729,KSNPHJ1LMNJ7,2023,2024-03-29,582032904
2023-06-GSAFAC-0000027729,KSNPHJ1LMNJ7,2023,2024-03-29,810851756
2023-09-GSAFAC-0000033300,JVKEAGGDVT95,2023,2024-03-29,942465081
2023-06-GSAFAC-0000032698,PDNNR2MS6AX3,2023,2024-03-29,362883552
2023-06-GSAFAC-0000032698,PDNNR2MS6AX3,2023,2024-03-29,363008606
2023-06-GSAFAC-0000024990,VK69DCKVVH74,2023,2024-03-29,800249549
2023-06-GSAFAC-0000028279,QPCQDKA2MMJ7,2023,2024-03-29,370661238
2023-06-GSAFAC-0000028279,QPCQDKA2MMJ7,2023,2024-03-29,370663567
2023-06-GSAFAC-0000028279,QPCQDKA2MMJ7,2023,2024-03-29,370661244
2023-06-GSAFAC-0000028279,QPCQDKA2MMJ7,2023,2024-03-29,370661233
2023-06-GSAFAC-0000028279,QPCQDKA2MMJ7,2023,2024-03-29,371208459
2023-06-GSAFAC-0000028279,QPCQDKA2MMJ7,2023,2024-03-29,370661236
2023-06-GSAFAC-0000028279,QPCQDKA2MMJ7,2023,2024-03-29,370663568
2023-06-GSAFAC-0000028279,QPCQDKA2MMJ7,2023,2024-03-29,370792770
2023-06-GSAFAC-0000028279,QPCQDKA2MMJ7,2023,2024-03-29,370512290
2023-06-GSAFAC-0000028279,QPCQDKA2MMJ7,2023,2024-03-29,390817529
2023-06-GSAFAC-0000028279,QPCQDKA2MMJ7,2023,2024-03-29,390807060
2023-06-GSAFAC-0000028279,QPCQDKA2MMJ7,2023,2024-03-29,390818682
2023-06-GSAFAC-0000028279,QPCQDKA2MMJ7,2023,2024-03-29,390808480
2023-06-GSAFAC-0000028279,QPCQDKA2MMJ7,2023,2024-03-29,390810545
2023-06-GSAFAC-0000028279,QPCQDKA2MMJ7,2023,2024-03-29,390848401
2023-06-GSAFAC-0000028279,QPCQDKA2MMJ7,2023,2024-03-29,263956318
2023-06-GSAFAC-0000028279,QPCQDKA2MMJ7,2023,2024-03-29,371071858
2023-06-GSAFAC-0000028279,QPCQDKA2MMJ7,2023,2024-03-29,371157915
2023-06-GSAFAC-0000035532,GPZTD5J5HM15,2023,2024-03-29,550561496
2023-06-GSAFAC-0000034226,GVKNCPJ2LJU7,2023,2024-03-29,541744494
2023-06-GSAFAC-0000034226,GVKNCPJ2LJU7,2023,2024-03-29,546025086
2023-06-GSAFAC-0000033133,WXEYFV1JLPS5,2023,2024-03-29,271209674
2023-06-GSAFAC-0000035187,HFQGQ4MNA2L4,2023,2024-03-29,831438855
2023-06-GSAFAC-0000031651,LNKDANG6ERK8,2023,2024-03-29,392034477
2023-06-GSAFAC-0000030947,C8EKKJK67XB1,2023,2024-03-29,860262489
2023-06-GSAFAC-0000030947,C8EKKJK67XB1,2023,2024-03-29,203403700
2023-06-GSAFAC-0000031014,E47WF2JP5GW1,2023,2024-03-29,020441983
2023-06-GSAFAC-0000031014,E47WF2JP5GW1,2023,2024-03-29,020258994
2023-06-GSAFAC-0000034628,DXE5DDQ2LE17,2023,2024-03-29,205966956
2023-06-GSAFAC-0000033753,YC11KWJKWM97,2023,2024-03-29,866000281
2023-06-GSAFAC-0000034151,FD6JYG9QQRG9,2023,2024-03-29,742377026
2023-06-GSAFAC-0000034151,FD6JYG9QQRG9,2023,2024-03-29,840830318
2023-06-GSAFAC-0000034151,FD6JYG9QQRG9,2023,2024-03-29,840848655
2023-06-GSAFAC-0000034151,FD6JYG9QQRG9,2023,2024-03-29,840853629
2023-06-GSAFAC-0000034151,FD6JYG9QQRG9,2023,2024-03-29,841059678
2022-06-GSAFAC-0000024081,LYJUMDN69FN1,2022,2024-03-29,461699021
2023-06-GSAFAC-0000027323,LYJUMDN69FN1,2023,2024-03-29,461699021
2023-06-GSAFAC-0000005153,F27KDXZMF9Y8,2023,2024-03-29,160743037
2023-06-GSAFAC-0000005153,F27KDXZMF9Y8,2023,2024-03-29,160743979
2023-06-GSAFAC-0000005153,F27KDXZMF9Y8,2023,2024-03-29,222807681
2023-06-GSAFAC-0000005153,F27KDXZMF9Y8,2023,2024-03-29,160743024
2023-06-GSAFAC-0000005153,F27KDXZMF9Y8,2023,2024-03-29,160743215
2023-06-GSAFAC-0000005153,F27KDXZMF9Y8,2023,2024-03-29,160743310
2023-06-GSAFAC-0000005153,F27KDXZMF9Y8,2023,2024-03-29,825091873
2023-06-GSAFAC-0000030305,RFKAVNHKKVB3,2023,2024-03-29,251550350
2023-06-GSAFAC-0000030305,RFKAVNHKKVB3,2023,2024-03-29,232179542
2023-06-GSAFAC-0000030305,RFKAVNHKKVB3,2023,2024-03-29,232384282
2023-06-GSAFAC-0000030305,RFKAVNHKKVB3,2023,2024-03-29,454394739
2023-06-GSAFAC-0000030305,RFKAVNHKKVB3,2023,2024-03-29,861248931
2023-06-GSAFAC-0000030305,RFKAVNHKKVB3,2023,2024-03-29,844475996
2023-06-GSAFAC-0000030305,RFKAVNHKKVB3,2023,2024-03-29,465143606
2023-06-GSAFAC-0000030305,RFKAVNHKKVB3,2023,2024-03-29,232380812
2023-06-GSAFAC-0000030305,RFKAVNHKKVB3,2023,2024-03-29,231352203
2023-06-GSAFAC-0000030305,RFKAVNHKKVB3,2023,2024-03-29,221494454
2023-06-GSAFAC-0000030305,RFKAVNHKKVB3,2023,2024-03-29,240795497
2023-06-GSAFAC-0000034431,JW7YN4NDAHC1,2023,2024-03-29,680282413
2023-06-GSAFAC-0000034431,JW7YN4NDAHC1,2023,2024-03-29,680338225
2023-06-GSAFAC-0000034431,JW7YN4NDAHC1,2023,2024-03-29,330373293
2023-06-GSAFAC-0000034431,JW7YN4NDAHC1,2023,2024-03-29,770207337
2023-06-GSAFAC-0000034431,JW7YN4NDAHC1,2023,2024-03-29,770314545
2023-06-GSAFAC-0000034431,JW7YN4NDAHC1,2023,2024-03-29,931150363
2023-06-GSAFAC-0000034431,JW7YN4NDAHC1,2023,2024-03-29,912153805
2023-06-GSAFAC-0000034431,JW7YN4NDAHC1,2023,2024-03-29,931137247
2023-06-GSAFAC-0000034431,JW7YN4NDAHC1,2023,2024-03-29,911785970
2023-06-GSAFAC-0000034431,JW7YN4NDAHC1,2023,2024-03-29,330644150
2023-06-GSAFAC-0000034431,JW7YN4NDAHC1,2023,2024-03-29,680316355
2023-06-GSAFAC-0000034431,JW7YN4NDAHC1,2023,2024-03-29,954255659
2023-06-GSAFAC-0000034431,JW7YN4NDAHC1,2023,2024-03-29,770414438
2023-06-GSAFAC-0000034431,JW7YN4NDAHC1,2023,2024-03-29,680219874
2023-06-GSAFAC-0000034431,JW7YN4NDAHC1,2023,2024-03-29,931043787
2023-06-GSAFAC-0000034431,JW7YN4NDAHC1,2023,2024-03-29,330632102
2023-06-GSAFAC-0000034431,JW7YN4NDAHC1,2023,2024-03-29,680365325
2023-06-GSAFAC-0000034431,JW7YN4NDAHC1,2023,2024-03-29,954386558
2023-06-GSAFAC-0000034431,JW7YN4NDAHC1,2023,2024-03-29,954358677
2023-06-GSAFAC-0000034431,JW7YN4NDAHC1,2023,2024-03-29,946390556
2023-06-GSAFAC-0000034431,JW7YN4NDAHC1,2023,2024-03-29,770217681
2023-06-GSAFAC-0000034431,JW7YN4NDAHC1,2023,2024-03-29,330535371
2023-06-GSAFAC-0000034431,JW7YN4NDAHC1,2023,2024-03-29,770209717
2023-06-GSAFAC-0000031376,EESVC3LGRXB6,2023,2024-03-29,942930643
2023-06-GSAFAC-0000031376,EESVC3LGRXB6,2023,2024-03-29,943167466
2023-06-GSAFAC-0000031376,EESVC3LGRXB6,2023,2024-03-29,930919267
2023-06-GSAFAC-0000031376,EESVC3LGRXB6,2023,2024-03-29,842769083
2023-06-GSAFAC-0000031376,EESVC3LGRXB6,2023,2024-03-29,300564526
2023-06-GSAFAC-0000035164,JB33PN9JXNX8,2023,2024-03-29,270408957
2023-06-GSAFAC-0000035164,JB33PN9JXNX8,2023,2024-03-29,270795565
2023-06-GSAFAC-0000035164,JB33PN9JXNX8,2023,2024-03-29,480770308
2023-06-GSAFAC-0000035164,JB33PN9JXNX8,2023,2024-03-29,311770280
2023-06-GSAFAC-0000035164,JB33PN9JXNX8,2023,2024-03-29,430681471
2023-06-GSAFAC-0000029000,DPVENJ1U3T56,2023,2024-03-29,237115371
2023-06-GSAFAC-0000029000,DPVENJ1U3T56,2023,2024-03-29,237444901
2023-06-GSAFAC-0000029000,DPVENJ1U3T56,2023,2024-03-29,260152877
2023-06-GSAFAC-0000029000,DPVENJ1U3T56,2023,2024-03-29,260438748
2023-06-GSAFAC-0000029000,DPVENJ1U3T56,2023,2024-03-29,263330545
2023-06-GSAFAC-0000029000,DPVENJ1U3T56,2023,2024-03-29,271050565
2023-06-GSAFAC-0000029000,DPVENJ1U3T56,2023,2024-03-29,272884584
2023-06-GSAFAC-0000029000,DPVENJ1U3T56,2023,2024-03-29,275401105
2023-06-GSAFAC-0000029000,DPVENJ1U3T56,2023,2024-03-29,311778403
2023-06-GSAFAC-0000029000,DPVENJ1U3T56,2023,2024-03-29,340714474
2023-06-GSAFAC-0000029000,DPVENJ1U3T56,2023,2024-03-29,341522484
2023-06-GSAFAC-0000029000,DPVENJ1U3T56,2023,2024-03-29,410695598
2023-06-GSAFAC-0000029000,DPVENJ1U3T56,2023,2024-03-29,410695603
2023-06-GSAFAC-0000029000,DPVENJ1U3T56,2023,2024-03-29,410721642
2023-06-GSAFAC-0000029000,DPVENJ1U3T56,2023,2024-03-29,410754834
2023-06-GSAFAC-0000029000,DPVENJ1U3T56,2023,2024-03-29,410758434
2023-06-GSAFAC-0000029000,DPVENJ1U3T56,2023,2024-03-29,420680308
2023-06-GSAFAC-0000029000,DPVENJ1U3T56,2023,2024-03-29,420695603
2023-06-GSAFAC-0000029000,DPVENJ1U3T56,2023,2024-03-29,420782518
2023-06-GSAFAC-0000029000,DPVENJ1U3T56,2023,2024-03-29,421323808
2023-06-GSAFAC-0000029000,DPVENJ1U3T56,2023,2024-03-29,421470935
2023-06-GSAFAC-0000029000,DPVENJ1U3T56,2023,2024-03-29,421511682
2023-06-GSAFAC-0000029000,DPVENJ1U3T56,2023,2024-03-29,450226429
2023-06-GSAFAC-0000029000,DPVENJ1U3T56,2023,2024-03-29,450226553
2023-06-GSAFAC-0000029000,DPVENJ1U3T56,2023,2024-03-29,450226711
2023-06-GSAFAC-0000029000,DPVENJ1U3T56,2023,2024-03-29,450227012
2023-06-GSAFAC-0000029000,DPVENJ1U3T56,2023,2024-03-29,450227311
2023-06-GSAFAC-0000029000,DPVENJ1U3T56,2023,2024-03-29,450227752
2023-06-GSAFAC-0000029000,DPVENJ1U3T56,2023,2024-03-29,450231183
2023-06-GSAFAC-0000029000,DPVENJ1U3T56,2023,2024-03-29,450231675
2023-06-GSAFAC-0000029000,DPVENJ1U3T56,2023,2024-03-29,453811485
2023-06-GSAFAC-0000029000,DPVENJ1U3T56,2023,2024-03-29,462037641
2023-06-GSAFAC-0000029000,DPVENJ1U3T56,2023,2024-03-29,470379755
2023-06-GSAFAC-0000029000,DPVENJ1U3T56,2023,2024-03-29,470379836
2023-06-GSAFAC-0000029000,DPVENJ1U3T56,2023,2024-03-29,470399853
2023-06-GSAFAC-0000029000,DPVENJ1U3T56,2023,2024-03-29,470443636
2023-06-GSAFAC-0000029000,DPVENJ1U3T56,2023,2024-03-29,470617373
2023-06-GSAFAC-0000029000,DPVENJ1U3T56,2023,2024-03-29,470757164
2023-06-GSAFAC-0000029000,DPVENJ1U3T56,2023,2024-03-29,480543721
2023-06-GSAFAC-0000029000,DPVENJ1U3T56,2023,2024-03-29,562351341
2023-06-GSAFAC-0000029000,DPVENJ1U3T56,2023,2024-03-29,611159649
2023-06-GSAFAC-0000029000,DPVENJ1U3T56,2023,2024-03-29,620532345
2023-06-GSAFAC-0000029000,DPVENJ1U3T56,2023,2024-03-29,680127677
2023-06-GSAFAC-0000029000,DPVENJ1U3T56,2023,2024-03-29,680220314
2023-06-GSAFAC-0000029000,DPVENJ1U3T56,2023,2024-03-29,710236913
2023-06-GSAFAC-0000029000,DPVENJ1U3T56,2023,2024-03-29,760536232
2023-06-GSAFAC-0000029000,DPVENJ1U3T56,2023,2024-03-29,770201321
2023-06-GSAFAC-0000029000,DPVENJ1U3T56,2023,2024-03-29,815009488
2023-06-GSAFAC-0000029000,DPVENJ1U3T56,2023,2024-03-29,820558836
2023-06-GSAFAC-0000029000,DPVENJ1U3T56,2023,2024-03-29,824674115
2023-06-GSAFAC-0000029000,DPVENJ1U3T56,2023,2024-03-29,840405257
2023-06-GSAFAC-0000029000,DPVENJ1U3T56,2023,2024-03-29,840460697
2023-06-GSAFAC-0000029000,DPVENJ1U3T56,2023,2024-03-29,840902211
2023-06-GSAFAC-0000029000,DPVENJ1U3T56,2023,2024-03-29,910565539
2023-06-GSAFAC-0000029000,DPVENJ1U3T56,2023,2024-03-29,910653422
2023-06-GSAFAC-0000029000,DPVENJ1U3T56,2023,2024-03-29,911939739
2023-06-GSAFAC-0000029000,DPVENJ1U3T56,2023,2024-03-29,936088946
2023-06-GSAFAC-0000029000,DPVENJ1U3T56,2023,2024-03-29,941196203
2023-06-GSAFAC-0000029000,DPVENJ1U3T56,2023,2024-03-29,941439787
2023-06-GSAFAC-0000029000,DPVENJ1U3T56,2023,2024-03-29,951802779
2023-06-GSAFAC-0000029000,DPVENJ1U3T56,2023,2024-03-29,954000909
2023-06-GSAFAC-0000029000,DPVENJ1U3T56,2023,2024-03-29,270163752
2023-06-GSAFAC-0000029000,DPVENJ1U3T56,2023,2024-03-29,341826097
2023-06-GSAFAC-0000029000,DPVENJ1U3T56,2023,2024-03-29,341931806
2023-06-GSAFAC-0000029000,DPVENJ1U3T56,2023,2024-03-29,341940863
2023-06-GSAFAC-0000029000,DPVENJ1U3T56,2023,2024-03-29,264440545
2023-06-GSAFAC-0000029000,DPVENJ1U3T56,2023,2024-03-29,341658625
2023-06-GSAFAC-0000029000,DPVENJ1U3T56,2023,2024-03-29,341892096
2023-06-GSAFAC-0000029000,DPVENJ1U3T56,2023,2024-03-29,610654635
2023-06-GSAFAC-0000029000,DPVENJ1U3T56,2023,2024-03-29,203256066
2023-06-GSAFAC-0000029000,DPVENJ1U3T56,2023,2024-03-29,853374038
2023-06-GSAFAC-0000029000,DPVENJ1U3T56,2023,2024-03-29,951643373
2023-06-GSAFAC-0000029000,DPVENJ1U3T56,2023,2024-03-29,742418514
2023-06-GSAFAC-0000029000,DPVENJ1U3T56,2023,2024-03-29,237440086
2023-06-GSAFAC-0000029000,DPVENJ1U3T56,2023,2024-03-29,770056778
2023-06-GSAFAC-0000029000,DPVENJ1U3T56,2023,2024-03-29,942450442
2023-06-GSAFAC-0000029000,DPVENJ1U3T56,2023,2024-03-29,770127719
2023-06-GSAFAC-0000029000,DPVENJ1U3T56,2023,2024-03-29,203256125
2023-06-GSAFAC-0000029000,DPVENJ1U3T56,2023,2024-03-29,953625651
2023-06-GSAFAC-0000029000,DPVENJ1U3T56,2023,2024-03-29,770074057
2023-06-GSAFAC-0000029000,DPVENJ1U3T56,2023,2024-03-29,953818027
2023-06-GSAFAC-0000029000,DPVENJ1U3T56,2023,2024-03-29,770035928
2023-06-GSAFAC-0000029000,DPVENJ1U3T56,2023,2024-03-29,680117340
2023-06-GSAFAC-0000029000,DPVENJ1U3T56,2023,2024-03-29,770447575
2023-06-GSAFAC-0000029000,DPVENJ1U3T56,2023,2024-03-29,465322209
2023-06-GSAFAC-0000029000,DPVENJ1U3T56,2023,2024-03-29,941156295
2023-06-GSAFAC-0000029000,DPVENJ1U3T56,2023,2024-03-29,880349432
2023-06-GSAFAC-0000029000,DPVENJ1U3T56,2023,2024-03-29,237137119
2023-06-GSAFAC-0000029000,DPVENJ1U3T56,2023,2024-03-29,202865781
2023-06-GSAFAC-0000029000,DPVENJ1U3T56,2023,2024-03-29,942941245
2023-06-GSAFAC-0000029000,DPVENJ1U3T56,2023,2024-03-29,510432777
2023-06-GSAFAC-0000029000,DPVENJ1U3T56,2023,2024-03-29,237153876
2023-06-GSAFAC-0000029000,DPVENJ1U3T56,2023,2024-03-29,943336143
2023-06-GSAFAC-0000029000,DPVENJ1U3T56,2023,2024-03-29,860098923
2023-06-GSAFAC-0000029000,DPVENJ1U3T56,2023,2024-03-29,861038463
2023-06-GSAFAC-0000029000,DPVENJ1U3T56,2023,2024-03-29,263257358
2023-06-GSAFAC-0000032838,Y9L8P4EMGW51,2023,2024-03-29,730730162
2023-06-GSAFAC-0000035640,LSCFECCMGWH6,2023,2024-03-29,200448185
2023-06-GSAFAC-0000035640,LSCFECCMGWH6,2023,2024-03-29,200448213
2023-06-GSAFAC-0000035640,LSCFECCMGWH6,2023,2024-03-29,371549202
2023-06-GSAFAC-0000035640,LSCFECCMGWH6,2023,2024-03-29,990259573
2023-06-GSAFAC-0000035640,LSCFECCMGWH6,2023,2024-03-29,990267464
2023-06-GSAFAC-0000035640,LSCFECCMGWH6,2023,2024-03-29,990271385
2023-06-GSAFAC-0000035640,LSCFECCMGWH6,2023,2024-03-29,990317953
2023-06-GSAFAC-0000030743,P51TEEFDJ3E8,2023,2024-03-30,931315010
2023-06-GSAFAC-0000021439,HVXDWDYJT696,2023,2024-03-30,480576044
2023-06-GSAFAC-0000021439,HVXDWDYJT696,2023,2024-03-30,263389292
2023-06-GSAFAC-0000021439,HVXDWDYJT696,2023,2024-03-30,271701100
2023-06-GSAFAC-0000021439,HVXDWDYJT696,2023,2024-03-30,364777539
2023-06-GSAFAC-0000035225,MWGYD5Y2BX59,2023,2024-03-30,813293048
2023-06-GSAFAC-0000035225,MWGYD5Y2BX59,2023,2024-03-30,850521893
2023-06-GSAFAC-0000034439,N3SZLNZSJZH3,2023,2024-03-30,461477471
2023-06-GSAFAC-0000034439,N3SZLNZSJZH3,2023,2024-03-30,726000640
2023-06-GSAFAC-0000035717,D4TVB6V5GYK8,2023,2024-03-30,593249335
2023-06-GSAFAC-0000035717,D4TVB6V5GYK8,2023,2024-03-30,593119439
2023-06-GSAFAC-0000035717,D4TVB6V5GYK8,2023,2024-03-30,593118984
2023-06-GSAFAC-0000030334,DMDYDBFW9HK8,2023,2024-03-30,871098803
2023-06-GSAFAC-0000030334,DMDYDBFW9HK8,2023,2024-03-30,831036020
2023-06-GSAFAC-0000032962,GND2A7FK4X21,2023,2024-03-31,454940731
2023-06-GSAFAC-0000028296,GM7WK5Z7A5M1,2023,2024-03-31,546001624
2023-06-GSAFAC-0000033552,F6D8JMXK5ME4,2023,2024-04-01,311534051
2023-06-GSAFAC-0000033552,F6D8JMXK5ME4,2023,2024-04-01,310917085
2023-06-GSAFAC-0000033552,F6D8JMXK5ME4,2023,2024-04-01,311724085
2023-06-GSAFAC-0000033552,F6D8JMXK5ME4,2023,2024-04-01,314379491
2023-12-GSAFAC-0000035346,NYM9K9SPAJD6,2023,2024-04-01,200749885
2023-06-GSAFAC-0000034350,VRF4GXZ4GTH1,2023,2024-04-01,546001292
2023-06-GSAFAC-0000033810,PJNBQCF7J2N7,2023,2024-04-01,953527031
2023-06-GSAFAC-0000033810,PJNBQCF7J2N7,2023,2024-04-01,330687414
2023-06-GSAFAC-0000033810,PJNBQCF7J2N7,2023,2024-04-01,271504911
2023-06-GSAFAC-0000033810,PJNBQCF7J2N7,2023,2024-04-01,952585792
2024-06-GSAFAC-0000035427,CB6DDUDXUCZ8,2023,2024-04-01,201135962
2024-06-GSAFAC-0000035427,CB6DDUDXUCZ8,2023,2024-04-01,202148696
2024-06-GSAFAC-0000035427,CB6DDUDXUCZ8,2023,2024-04-01,204582052
2024-06-GSAFAC-0000035427,CB6DDUDXUCZ8,2023,2024-04-01,320081573
2024-06-GSAFAC-0000035427,CB6DDUDXUCZ8,2023,2024-04-01,461616372
2024-06-GSAFAC-0000035427,CB6DDUDXUCZ8,2023,2024-04-01,463356780
2024-06-GSAFAC-0000035427,CB6DDUDXUCZ8,2023,2024-04-01,630714407
2024-06-GSAFAC-0000035427,CB6DDUDXUCZ8,2023,2024-04-01,630955885
2024-06-GSAFAC-0000035427,CB6DDUDXUCZ8,2023,2024-04-01,631188388
2024-06-GSAFAC-0000035427,CB6DDUDXUCZ8,2023,2024-04-01,631197315
2024-06-GSAFAC-0000035427,CB6DDUDXUCZ8,2023,2024-04-01,931273339
2023-06-GSAFAC-0000028582,D3LYFCJXMRS5,2023,2024-04-01,113676409
2023-06-GSAFAC-0000028582,D3LYFCJXMRS5,2023,2024-04-01,204275997
2023-06-GSAFAC-0000028582,D3LYFCJXMRS5,2023,2024-04-01,204276153
2023-06-GSAFAC-0000028582,D3LYFCJXMRS5,2023,2024-04-01,208104376
2023-06-GSAFAC-0000028582,D3LYFCJXMRS5,2023,2024-04-01,272822982
2023-06-GSAFAC-0000028582,D3LYFCJXMRS5,2023,2024-04-01,272961167
2023-06-GSAFAC-0000028582,D3LYFCJXMRS5,2023,2024-04-01,272991664
2023-06-GSAFAC-0000028582,D3LYFCJXMRS5,2023,2024-04-01,300636591
2023-06-GSAFAC-0000028582,D3LYFCJXMRS5,2023,2024-04-01,364841195
2023-06-GSAFAC-0000028582,D3LYFCJXMRS5,2023,2024-04-01,720650883
2023-06-GSAFAC-0000028582,D3LYFCJXMRS5,2023,2024-04-01,720702000
2023-06-GSAFAC-0000028582,D3LYFCJXMRS5,2023,2024-04-01,720702001
2023-06-GSAFAC-0000028582,D3LYFCJXMRS5,2023,2024-04-01,720702002
2023-06-GSAFAC-0000028582,D3LYFCJXMRS5,2023,2024-04-01,720724657
2023-06-GSAFAC-0000028582,D3LYFCJXMRS5,2023,2024-04-01,720772772
2023-06-GSAFAC-0000028582,D3LYFCJXMRS5,2023,2024-04-01,720805459
2023-06-GSAFAC-0000028582,D3LYFCJXMRS5,2023,2024-04-01,720807104
2023-06-GSAFAC-0000028582,D3LYFCJXMRS5,2023,2024-04-01,720817127
2023-06-GSAFAC-0000028582,D3LYFCJXMRS5,2023,2024-04-01,720827361
2023-06-GSAFAC-0000028582,D3LYFCJXMRS5,2023,2024-04-01,720830237
2023-06-GSAFAC-0000028582,D3LYFCJXMRS5,2023,2024-04-01,720866125
2023-06-GSAFAC-0000028582,D3LYFCJXMRS5,2023,2024-04-01,720866236
2023-06-GSAFAC-0000028582,D3LYFCJXMRS5,2023,2024-04-01,720999270
2023-06-GSAFAC-0000028582,D3LYFCJXMRS5,2023,2024-04-01,721215360
2023-06-GSAFAC-0000028582,D3LYFCJXMRS5,2023,2024-04-01,721217833
2023-06-GSAFAC-0000028582,D3LYFCJXMRS5,2023,2024-04-01,721333380
2023-06-GSAFAC-0000028582,D3LYFCJXMRS5,2023,2024-04-01,721334786
2023-06-GSAFAC-0000028582,D3LYFCJXMRS5,2023,2024-04-01,721380259
2023-06-GSAFAC-0000028582,D3LYFCJXMRS5,2023,2024-04-01,721424618
2023-06-GSAFAC-0000028582,D3LYFCJXMRS5,2023,2024-04-01,721425264
2023-06-GSAFAC-0000028582,D3LYFCJXMRS5,2023,2024-04-01,721441777
2023-06-GSAFAC-0000028582,D3LYFCJXMRS5,2023,2024-04-01,721506851
2023-06-GSAFAC-0000028582,D3LYFCJXMRS5,2023,2024-04-01,726000722
2023-06-GSAFAC-0000028582,D3LYFCJXMRS5,2023,2024-04-01,726000736
2023-06-GSAFAC-0000028582,D3LYFCJXMRS5,2023,2024-04-01,726000745
2023-06-GSAFAC-0000028582,D3LYFCJXMRS5,2023,2024-04-01,726000747
2023-06-GSAFAC-0000028582,D3LYFCJXMRS5,2023,2024-04-01,726000748
2023-06-GSAFAC-0000028582,D3LYFCJXMRS5,2023,2024-04-01,726000751
2023-06-GSAFAC-0000028582,D3LYFCJXMRS5,2023,2024-04-01,726000755
2023-06-GSAFAC-0000028582,D3LYFCJXMRS5,2023,2024-04-01,726000774
2023-06-GSAFAC-0000028582,D3LYFCJXMRS5,2023,2024-04-01,726000783
2023-06-GSAFAC-0000028582,D3LYFCJXMRS5,2023,2024-04-01,726000792
2023-06-GSAFAC-0000028582,D3LYFCJXMRS5,2023,2024-04-01,726000800
2023-06-GSAFAC-0000028582,D3LYFCJXMRS5,2023,2024-04-01,726000816
2023-06-GSAFAC-0000028582,D3LYFCJXMRS5,2023,2024-04-01,726000817
2023-06-GSAFAC-0000028582,D3LYFCJXMRS5,2023,2024-04-01,726000820
2023-06-GSAFAC-0000028582,D3LYFCJXMRS5,2023,2024-04-01,726000821
2023-06-GSAFAC-0000028582,D3LYFCJXMRS5,2023,2024-04-01,726000838
2023-06-GSAFAC-0000028582,D3LYFCJXMRS5,2023,2024-04-01,726000840
2023-06-GSAFAC-0000028582,D3LYFCJXMRS5,2023,2024-04-01,726000846
2023-06-GSAFAC-0000028582,D3LYFCJXMRS5,2023,2024-04-01,726000848
2023-06-GSAFAC-0000028582,D3LYFCJXMRS5,2023,2024-04-01,726001688
2023-06-GSAFAC-0000028582,D3LYFCJXMRS5,2023,2024-04-01,726001695
2023-06-GSAFAC-0000028582,D3LYFCJXMRS5,2023,2024-04-01,726002013
2023-06-GSAFAC-0000028582,D3LYFCJXMRS5,2023,2024-04-01,726011595
2023-06-GSAFAC-0000028582,D3LYFCJXMRS5,2023,2024-04-01,726011665
2023-06-GSAFAC-0000028582,D3LYFCJXMRS5,2023,2024-04-01,726011797
2023-06-GSAFAC-0000028582,D3LYFCJXMRS5,2023,2024-04-01,726012995
2023-06-GSAFAC-0000028582,D3LYFCJXMRS5,2023,2024-04-01,726087770
2023-06-GSAFAC-0000028582,D3LYFCJXMRS5,2023,2024-04-01,841671064
2023-06-GSAFAC-0000028582,D3LYFCJXMRS5,2023,2024-04-01,841702974
2023-06-GSAFAC-0000031928,EJRKDPC1R9P8,2023,2024-04-01,113666054
2023-06-GSAFAC-0000031928,EJRKDPC1R9P8,2023,2024-04-01,232362611
2023-06-GSAFAC-0000031928,EJRKDPC1R9P8,2023,2024-04-01,251662862
2023-09-GSAFAC-0000034049,FDU6Y7GFNJZ5,2023,2024-04-01,461591320
2023-09-GSAFAC-0000034049,FDU6Y7GFNJZ5,2023,2024-04-01,261174920
2023-09-GSAFAC-0000034049,FDU6Y7GFNJZ5,2023,2024-04-01,844652235
2023-09-GSAFAC-0000034049,FDU6Y7GFNJZ5,2023,2024-04-01,371739428
2023-09-GSAFAC-0000034049,FDU6Y7GFNJZ5,2023,2024-04-01,412021671
2023-09-GSAFAC-0000034049,FDU6Y7GFNJZ5,2023,2024-04-01,844668574
2023-09-GSAFAC-0000034049,FDU6Y7GFNJZ5,2023,2024-04-01,320441777
2023-09-GSAFAC-0000034049,FDU6Y7GFNJZ5,2023,2024-04-01,364822625
2023-09-GSAFAC-0000034049,FDU6Y7GFNJZ5,2023,2024-04-01,300986156
2023-09-GSAFAC-0000028736,GEXFCTK57ZK6,2023,2024-04-01,352226306
2023-09-GSAFAC-0000028736,GEXFCTK57ZK6,2023,2024-04-01,445591655
2023-06-GSAFAC-0000034485,N3MLDJDPQAA3,2023,2024-04-01,470463911
2023-06-GSAFAC-0000034485,N3MLDJDPQAA3,2023,2024-04-01,460225483
2023-06-GSAFAC-0000034485,N3MLDJDPQAA3,2023,2024-04-01,460224598
2023-06-GSAFAC-0000034485,N3MLDJDPQAA3,2023,2024-04-01,460224743
2023-06-GSAFAC-0000034485,N3MLDJDPQAA3,2023,2024-04-01,460230199
2023-06-GSAFAC-0000034485,N3MLDJDPQAA3,2023,2024-04-01,410853163
2023-06-GSAFAC-0000034485,N3MLDJDPQAA3,2023,2024-04-01,460226738
2023-06-GSAFAC-0000034485,N3MLDJDPQAA3,2023,2024-04-01,410919153
2023-06-GSAFAC-0000034485,N3MLDJDPQAA3,2023,2024-04-01,460224604
2023-06-GSAFAC-0000034485,N3MLDJDPQAA3,2023,2024-04-01,562143771
2023-06-GSAFAC-0000034485,N3MLDJDPQAA3,2023,2024-04-01,460234354
2023-06-GSAFAC-0000034485,N3MLDJDPQAA3,2023,2024-04-01,843156881
2023-06-GSAFAC-0000034485,N3MLDJDPQAA3,2023,2024-04-01,420680370
2023-06-GSAFAC-0000034485,N3MLDJDPQAA3,2023,2024-04-01,460399291
2023-06-GSAFAC-0000009837,SMHWA39LDFV9,2023,2024-04-01,521839817
2023-06-GSAFAC-0000026559,RYDDMCDJBYM8,2023,2024-04-01,426004522
2023-06-GSAFAC-0000026559,RYDDMCDJBYM8,2023,2024-04-01,800871095
2023-06-GSAFAC-0000026559,RYDDMCDJBYM8,2023,2024-04-01,426004517
2023-06-GSAFAC-0000026559,RYDDMCDJBYM8,2023,2024-04-01,420897561
2023-06-GSAFAC-0000026559,RYDDMCDJBYM8,2023,2024-04-01,426004539
2023-06-GSAFAC-0000026559,RYDDMCDJBYM8,2023,2024-04-01,364770472
2023-06-GSAFAC-0000026559,RYDDMCDJBYM8,2023,2024-04-01,421071835
2023-06-GSAFAC-0000026559,RYDDMCDJBYM8,2023,2024-04-01,421186506
2023-06-GSAFAC-0000026559,RYDDMCDJBYM8,2023,2024-04-01,421027037
2023-06-GSAFAC-0000026559,RYDDMCDJBYM8,2023,2024-04-01,800519178
2023-06-GSAFAC-0000026559,RYDDMCDJBYM8,2023,2024-04-01,421518854
2023-06-GSAFAC-0000026559,RYDDMCDJBYM8,2023,2024-04-01,426004812
2023-06-GSAFAC-0000026559,RYDDMCDJBYM8,2023,2024-04-01,100606429
2023-06-GSAFAC-0000026559,RYDDMCDJBYM8,2023,2024-04-01,426004525
2023-06-GSAFAC-0000026559,RYDDMCDJBYM8,2023,2024-04-01,900743434
2023-06-GSAFAC-0000026559,RYDDMCDJBYM8,2023,2024-04-01,426004582
2023-06-GSAFAC-0000026559,RYDDMCDJBYM8,2023,2024-04-01,900491825
2023-06-GSAFAC-0000026559,RYDDMCDJBYM8,2023,2024-04-01,421008566
2023-06-GSAFAC-0000026559,RYDDMCDJBYM8,2023,2024-04-01,420922943
2023-06-GSAFAC-0000026559,RYDDMCDJBYM8,2023,2024-04-01,426004546
2023-06-GSAFAC-0000026559,RYDDMCDJBYM8,2023,2024-04-01,420919127
2023-06-GSAFAC-0000026559,RYDDMCDJBYM8,2023,2024-04-01,426004568
2023-06-GSAFAC-0000026559,RYDDMCDJBYM8,2023,2024-04-01,426004710
2023-06-GSAFAC-0000026559,RYDDMCDJBYM8,2023,2024-04-01,426004555
2023-06-GSAFAC-0000026559,RYDDMCDJBYM8,2023,2024-04-01,426004575
2023-06-GSAFAC-0000026559,RYDDMCDJBYM8,2023,2024-04-01,426004572
2023-06-GSAFAC-0000026559,RYDDMCDJBYM8,2023,2024-04-01,426004501
2023-06-GSAFAC-0000026559,RYDDMCDJBYM8,2023,2024-04-01,426038004
2023-06-GSAFAC-0000026559,RYDDMCDJBYM8,2023,2024-04-01,426004523
2023-06-GSAFAC-0000026559,RYDDMCDJBYM8,2023,2024-04-01,426004563
2023-06-GSAFAC-0000026559,RYDDMCDJBYM8,2023,2024-04-01,426005306
2023-06-GSAFAC-0000026559,RYDDMCDJBYM8,2023,2024-04-01,424004567
2023-06-GSAFAC-0000026559,RYDDMCDJBYM8,2023,2024-04-01,426004471
2023-06-GSAFAC-0000026559,RYDDMCDJBYM8,2023,2024-04-01,426004226
2023-06-GSAFAC-0000026559,RYDDMCDJBYM8,2023,2024-04-01,426004579
2023-06-GSAFAC-0000026559,RYDDMCDJBYM8,2023,2024-04-01,113808504
2023-06-GSAFAC-0000033008,GB9NVW4QNBA6,2023,2024-04-01,431936696
2023-06-GSAFAC-0000033008,GB9NVW4QNBA6,2023,2024-04-01,710759299
2023-06-GSAFAC-0000033008,GB9NVW4QNBA6,2023,2024-04-01,463851119
2023-06-GSAFAC-0000033008,GB9NVW4QNBA6,2023,2024-04-01,453808607
2023-06-GSAFAC-0000033008,GB9NVW4QNBA6,2023,2024-04-01,742912461
2023-06-GSAFAC-0000033008,GB9NVW4QNBA6,2023,2024-04-01,431936699
2023-06-GSAFAC-0000033008,GB9NVW4QNBA6,2023,2024-04-01,134239691
2023-06-GSAFAC-0000033008,GB9NVW4QNBA6,2023,2024-04-01,263173902
2023-06-GSAFAC-0000033008,GB9NVW4QNBA6,2023,2024-04-01,463433074
2023-06-GSAFAC-0000033008,GB9NVW4QNBA6,2023,2024-04-01,431767432
2023-06-GSAFAC-0000033008,GB9NVW4QNBA6,2023,2024-04-01,472219204
2023-06-GSAFAC-0000033008,GB9NVW4QNBA6,2023,2024-04-01,452998842
2023-06-GSAFAC-0000033008,GB9NVW4QNBA6,2023,2024-04-01,464504901
2023-06-GSAFAC-0000033008,GB9NVW4QNBA6,2023,2024-04-01,431771217
2023-06-GSAFAC-0000033008,GB9NVW4QNBA6,2023,2024-04-01,261318597
2023-06-GSAFAC-0000033008,GB9NVW4QNBA6,2023,2024-04-01,270473057
2023-06-GSAFAC-0000033008,GB9NVW4QNBA6,2023,2024-04-01,431560263
2023-06-GSAFAC-0000033008,GB9NVW4QNBA6,2023,2024-04-01,721069468
2023-06-GSAFAC-0000033008,GB9NVW4QNBA6,2023,2024-04-01,431718408
2023-06-GSAFAC-0000033008,GB9NVW4QNBA6,2023,2024-04-01,261318515
2023-06-GSAFAC-0000033008,GB9NVW4QNBA6,2023,2024-04-01,621684203
2023-06-GSAFAC-0000033008,GB9NVW4QNBA6,2023,2024-04-01,731453048
2023-06-GSAFAC-0000033008,GB9NVW4QNBA6,2023,2024-04-01,350584463
2023-06-GSAFAC-0000033008,GB9NVW4QNBA6,2023,2024-04-01,431856028
2023-06-GSAFAC-0000033008,GB9NVW4QNBA6,2023,2024-04-01,710240352
2023-06-GSAFAC-0000033008,GB9NVW4QNBA6,2023,2024-04-01,430687077
2023-06-GSAFAC-0000033008,GB9NVW4QNBA6,2023,2024-04-01,270814858
2023-06-GSAFAC-0000033008,GB9NVW4QNBA6,2023,2024-04-01,730579285
2023-06-GSAFAC-0000033008,GB9NVW4QNBA6,2023,2024-04-01,430980256
2023-06-GSAFAC-0000033008,GB9NVW4QNBA6,2023,2024-04-01,440552485
2023-06-GSAFAC-0000033008,GB9NVW4QNBA6,2023,2024-04-01,430653493
2023-06-GSAFAC-0000033008,GB9NVW4QNBA6,2023,2024-04-01,430620279
2023-06-GSAFAC-0000033008,GB9NVW4QNBA6,2023,2024-04-01,200198462
2023-06-GSAFAC-0000033008,GB9NVW4QNBA6,2023,2024-04-01,870796305
2023-06-GSAFAC-0000033008,GB9NVW4QNBA6,2023,2024-04-01,710689680
2023-06-GSAFAC-0000033008,GB9NVW4QNBA6,2023,2024-04-01,710655753
2023-06-GSAFAC-0000033008,GB9NVW4QNBA6,2023,2024-04-01,710294390
2023-06-GSAFAC-0000033008,GB9NVW4QNBA6,2023,2024-04-01,440607149
2023-06-GSAFAC-0000033008,GB9NVW4QNBA6,2023,2024-04-01,274433830
2023-06-GSAFAC-0000033008,GB9NVW4QNBA6,2023,2024-04-01,710557895
2023-06-GSAFAC-0000033008,GB9NVW4QNBA6,2023,2024-04-01,455199762
2023-06-GSAFAC-0000033008,GB9NVW4QNBA6,2023,2024-04-01,821802538
2023-06-GSAFAC-0000033008,GB9NVW4QNBA6,2023,2024-04-01,431066883
2023-06-GSAFAC-0000033008,GB9NVW4QNBA6,2023,2024-04-01,270842031
2023-06-GSAFAC-0000033008,GB9NVW4QNBA6,2023,2024-04-01,731500629
2023-06-GSAFAC-0000033008,GB9NVW4QNBA6,2023,2024-04-01,611604897
2023-06-GSAFAC-0000033008,GB9NVW4QNBA6,2023,2024-04-01,462288155
2023-06-GSAFAC-0000033008,GB9NVW4QNBA6,2023,2024-04-01,843730625
2023-06-GSAFAC-0000033008,GB9NVW4QNBA6,2023,2024-04-01,202553101
2023-06-GSAFAC-0000032618,ML4APHRG3K85,2023,2024-04-01,020261657
2023-06-GSAFAC-0000036034,JH7PUPFUEBB2,2023,2024-04-01,473866758
2023-06-GSAFAC-0000036034,JH7PUPFUEBB2,2023,2024-04-01,822311053
2023-06-GSAFAC-0000023117,RS6DCM873FA3,2023,2024-04-01,546001460
2023-06-GSAFAC-0000035520,NNELQTGKLBK5,2023,2024-04-01,843727938
2023-06-GSAFAC-0000032810,PA87VV1TS9Q6,2023,2024-04-01,626000426
2023-06-GSAFAC-0000032810,PA87VV1TS9Q6,2023,2024-04-01,621799150
2023-06-GSAFAC-0000032875,HCKZW5VKNU93,2023,2024-04-01,751837454
2023-06-GSAFAC-0000032875,HCKZW5VKNU93,2023,2024-04-01,752834135
2023-06-GSAFAC-0000032875,HCKZW5VKNU93,2023,2024-04-01,260194016
2023-06-GSAFAC-0000032875,HCKZW5VKNU93,2023,2024-04-01,824052186
2023-06-GSAFAC-0000032875,HCKZW5VKNU93,2023,2024-04-01,751844139
2023-06-GSAFAC-0000032875,HCKZW5VKNU93,2023,2024-04-01,751777119
2023-06-GSAFAC-0000032875,HCKZW5VKNU93,2023,2024-04-01,820551704
2023-06-GSAFAC-0000032875,HCKZW5VKNU93,2023,2024-04-01,412101361
2023-06-GSAFAC-0000032875,HCKZW5VKNU93,2023,2024-04-01,263603862
2023-06-GSAFAC-0000032875,HCKZW5VKNU93,2023,2024-04-01,751037591
2023-06-GSAFAC-0000032875,HCKZW5VKNU93,2023,2024-04-01,752586857
2023-06-GSAFAC-0000032875,HCKZW5VKNU93,2023,2024-04-01,751008430
2023-06-GSAFAC-0000032875,HCKZW5VKNU93,2023,2024-04-01,751921898
2023-06-GSAFAC-0000032875,HCKZW5VKNU93,2023,2024-04-01,752536818
2023-06-GSAFAC-0000032875,HCKZW5VKNU93,2023,2024-04-01,203749695
2023-06-GSAFAC-0000032875,HCKZW5VKNU93,2023,2024-04-01,741161944
2023-06-GSAFAC-0000032875,HCKZW5VKNU93,2023,2024-04-01,742730350
2023-06-GSAFAC-0000032875,HCKZW5VKNU93,2023,2024-04-01,742967081
2023-06-GSAFAC-0000032875,HCKZW5VKNU93,2023,2024-04-01,274434451
2023-06-GSAFAC-0000032875,HCKZW5VKNU93,2023,2024-04-01,464007700
2023-06-GSAFAC-0000032875,HCKZW5VKNU93,2023,2024-04-01,741166904
2023-06-GSAFAC-0000032875,HCKZW5VKNU93,2023,2024-04-01,742519752
2023-06-GSAFAC-0000032875,HCKZW5VKNU93,2023,2024-04-01,741595711
2023-06-GSAFAC-0000032875,HCKZW5VKNU93,2023,2024-04-01,813040663
2023-06-GSAFAC-0000032875,HCKZW5VKNU93,2023,2024-04-01,742958277
2023-06-GSAFAC-0000032875,HCKZW5VKNU93,2023,2024-04-01,810872075
2023-06-GSAFAC-0000030621,KKLCUUCJ6US6,2023,2024-04-01,132655001
2023-06-GSAFAC-0000030621,KKLCUUCJ6US6,2023,2024-04-01,133315273
2023-06-GSAFAC-0000030621,KKLCUUCJ6US6,2023,2024-04-01,455311842
2023-06-GSAFAC-0000035451,N1S7T5AALF45,2023,2024-04-01,561484844
2023-06-GSAFAC-0000027852,CZP9PLRM21M9,2023,2024-04-01,474039553
2023-06-GSAFAC-0000036036,R8JEVL4ULGB7,2023,2024-04-01,232829095
2023-06-GSAFAC-0000036036,R8JEVL4ULGB7,2023,2024-04-01,231352152
2023-06-GSAFAC-0000036036,R8JEVL4ULGB7,2023,2024-04-01,230596940
2023-06-GSAFAC-0000036036,R8JEVL4ULGB7,2023,2024-04-01,221773439
2023-06-GSAFAC-0000036036,R8JEVL4ULGB7,2023,2024-04-01,231936794
2023-06-GSAFAC-0000036036,R8JEVL4ULGB7,2023,2024-04-01,263359979
2023-06-GSAFAC-0000036036,R8JEVL4ULGB7,2023,2024-04-01,231476328
2023-06-GSAFAC-0000036036,R8JEVL4ULGB7,2023,2024-04-01,232691968
2023-06-GSAFAC-0000036036,R8JEVL4ULGB7,2023,2024-04-01,460779942
2023-06-GSAFAC-0000036036,R8JEVL4ULGB7,2023,2024-04-01,472639286
2023-06-GSAFAC-0000036036,R8JEVL4ULGB7,2023,2024-04-01,232809585
2023-06-GSAFAC-0000036036,R8JEVL4ULGB7,2023,2024-04-01,232678055
2023-06-GSAFAC-0000036036,R8JEVL4ULGB7,2023,2024-04-01,461420853
2023-06-GSAFAC-0000036036,R8JEVL4ULGB7,2023,2024-04-01,464855345
2023-06-GSAFAC-0000036036,R8JEVL4ULGB7,2023,2024-04-01,232858320
2023-06-GSAFAC-0000036036,R8JEVL4ULGB7,2023,2024-04-01,222442035
2023-06-GSAFAC-0000036036,R8JEVL4ULGB7,2023,2024-04-01,232622006
2023-06-GSAFAC-0000036036,R8JEVL4ULGB7,2023,2024-04-01,204193243
2023-06-GSAFAC-0000036036,R8JEVL4ULGB7,2023,2024-04-01,232275991
2023-06-GSAFAC-0000036036,R8JEVL4ULGB7,2023,2024-04-01,232664784
2023-06-GSAFAC-0000036036,R8JEVL4ULGB7,2023,2024-04-01,232760086
2023-06-GSAFAC-0000036036,R8JEVL4ULGB7,2023,2024-04-01,232379751
2023-06-GSAFAC-0000028841,G88KLJR3KYT5,2023,2024-04-01,850666499
2021-12-GSAFAC-0000014423,CN93KMP28469,2021,2024-04-02,262101949
2021-12-GSAFAC-0000014423,CN93KMP28469,2021,2024-04-02,352320909
2021-12-GSAFAC-0000014423,CN93KMP28469,2021,2024-04-02,262702842
2023-06-GSAFAC-0000032449,GS9UV1B8GAJ3,2023,2024-04-02,270209886
2023-06-GSAFAC-0000032449,GS9UV1B8GAJ3,2023,2024-04-02,251818793
2023-06-GSAFAC-0000032449,GS9UV1B8GAJ3,2023,2024-04-02,371869372
2023-06-GSAFAC-0000032449,GS9UV1B8GAJ3,2023,2024-04-02,421704067
2023-06-GSAFAC-0000032449,GS9UV1B8GAJ3,2023,2024-04-02,250974311
2023-06-GSAFAC-0000032449,GS9UV1B8GAJ3,2023,2024-04-02,611682165
2023-06-GSAFAC-0000032449,GS9UV1B8GAJ3,2023,2024-04-02,812448411
2023-06-GSAFAC-0000032449,GS9UV1B8GAJ3,2023,2024-04-02,237042932
2023-06-GSAFAC-0000032449,GS9UV1B8GAJ3,2023,2024-04-02,204386767
2023-06-GSAFAC-0000036225,NPEGUK6SGP48,2023,2024-04-02,431618384
2021-06-GSAFAC-0000031802,M2Q4MZVZ8HY9,2021,2024-04-02,344451872
2021-06-GSAFAC-0000031802,M2Q4MZVZ8HY9,2021,2024-04-02,341784017
2021-06-GSAFAC-0000031802,M2Q4MZVZ8HY9,2021,2024-04-02,341807906
2021-06-GSAFAC-0000031802,M2Q4MZVZ8HY9,2021,2024-04-02,200934451
2021-06-GSAFAC-0000031802,M2Q4MZVZ8HY9,2021,2024-04-02,352668053
2021-06-GSAFAC-0000031802,M2Q4MZVZ8HY9,2021,2024-04-02,341484014
2021-06-GSAFAC-0000031802,M2Q4MZVZ8HY9,2021,2024-04-02,274283931
2021-06-GSAFAC-0000031802,M2Q4MZVZ8HY9,2021,2024-04-02,474992388
2021-06-GSAFAC-0000031802,M2Q4MZVZ8HY9,2021,2024-04-02,300602607
2021-06-GSAFAC-0000031802,M2Q4MZVZ8HY9,2021,2024-04-02,371786727
2021-06-GSAFAC-0000031802,M2Q4MZVZ8HY9,2021,2024-04-02,611613817
2023-09-GSAFAC-0000035467,HNEZN8HPK785,2023,2024-04-02,161592994
2023-09-GSAFAC-0000035467,HNEZN8HPK785,2023,2024-04-02,223144721
2023-09-GSAFAC-0000035467,HNEZN8HPK785,2023,2024-04-02,161419634
2023-09-GSAFAC-0000035467,HNEZN8HPK785,2023,2024-04-02,161388682
2023-09-GSAFAC-0000035467,HNEZN8HPK785,2023,2024-04-02,161442543
2023-09-GSAFAC-0000035467,HNEZN8HPK785,2023,2024-04-02,251653975
2023-09-GSAFAC-0000035467,HNEZN8HPK785,2023,2024-04-02,161501984
2023-09-GSAFAC-0000035467,HNEZN8HPK785,2023,2024-04-02,161534956
2023-09-GSAFAC-0000035467,HNEZN8HPK785,2023,2024-04-02,161598837
2023-09-GSAFAC-0000035467,HNEZN8HPK785,2023,2024-04-02,270039310
2023-09-GSAFAC-0000035467,HNEZN8HPK785,2023,2024-04-02,161183242
2023-09-GSAFAC-0000035467,HNEZN8HPK785,2023,2024-04-02,223144622
2023-09-GSAFAC-0000035467,HNEZN8HPK785,2023,2024-04-02,203946971
2023-09-GSAFAC-0000035467,HNEZN8HPK785,2023,2024-04-02,251695904
2023-09-GSAFAC-0000035467,HNEZN8HPK785,2023,2024-04-02,020533102
2023-09-GSAFAC-0000035467,HNEZN8HPK785,2023,2024-04-02,134215024
2023-09-GSAFAC-0000035467,HNEZN8HPK785,2023,2024-04-02,205566908
2023-09-GSAFAC-0000035467,HNEZN8HPK785,2023,2024-04-02,161592991
2023-09-GSAFAC-0000035467,HNEZN8HPK785,2023,2024-04-02,273685642
2023-09-GSAFAC-0000035467,HNEZN8HPK785,2023,2024-04-02,030485949
2023-09-GSAFAC-0000035467,HNEZN8HPK785,2023,2024-04-02,262373989
2023-09-GSAFAC-0000035467,HNEZN8HPK785,2023,2024-04-02,134220309
2023-09-GSAFAC-0000035467,HNEZN8HPK785,2023,2024-04-02,660788645
2023-09-GSAFAC-0000035467,HNEZN8HPK785,2023,2024-04-02,300743446
2023-09-GSAFAC-0000035467,HNEZN8HPK785,2023,2024-04-02,464105929
2023-09-GSAFAC-0000035467,HNEZN8HPK785,2023,2024-04-02,232754537
2023-09-GSAFAC-0000035467,HNEZN8HPK785,2023,2024-04-02,160991179
2023-09-GSAFAC-0000035467,HNEZN8HPK785,2023,2024-04-02,161265765
2023-09-GSAFAC-0000035467,HNEZN8HPK785,2023,2024-04-02,161386456
2023-09-GSAFAC-0000035467,HNEZN8HPK785,2023,2024-04-02,161520376
2023-09-GSAFAC-0000035467,HNEZN8HPK785,2023,2024-04-02,752975886
2023-09-GSAFAC-0000035467,HNEZN8HPK785,2023,2024-04-02,752975899
2023-09-GSAFAC-0000035467,HNEZN8HPK785,2023,2024-04-02,061716252
2023-09-GSAFAC-0000035467,HNEZN8HPK785,2023,2024-04-02,043812069
2023-09-GSAFAC-0000035467,HNEZN8HPK785,2023,2024-04-02,412124095
2023-09-GSAFAC-0000035467,HNEZN8HPK785,2023,2024-04-02,203574586
2023-09-GSAFAC-0000035467,HNEZN8HPK785,2023,2024-04-02,204754791
2023-09-GSAFAC-0000035467,HNEZN8HPK785,2023,2024-04-02,900347268
2023-09-GSAFAC-0000035467,HNEZN8HPK785,2023,2024-04-02,611592249
2023-09-GSAFAC-0000035467,HNEZN8HPK785,2023,2024-04-02,271006415
2023-09-GSAFAC-0000035467,HNEZN8HPK785,2023,2024-04-02,472752876
2023-09-GSAFAC-0000035467,HNEZN8HPK785,2023,2024-04-02,455425869
2023-09-GSAFAC-0000035467,HNEZN8HPK785,2023,2024-04-02,844394993
2023-09-GSAFAC-0000035467,HNEZN8HPK785,2023,2024-04-02,823579645
2023-09-GSAFAC-0000035467,HNEZN8HPK785,2023,2024-04-02,863274133
2023-09-GSAFAC-0000035467,HNEZN8HPK785,2023,2024-04-02,562623875
2023-09-GSAFAC-0000035467,HNEZN8HPK785,2023,2024-04-02,222667299
2021-06-GSAFAC-0000034036,J6JTLQLKVSV9,2021,2024-04-02,250965404
2021-06-GSAFAC-0000034036,J6JTLQLKVSV9,2021,2024-04-02,251842046
2021-06-GSAFAC-0000034036,J6JTLQLKVSV9,2021,2024-04-02,232923182
2021-06-GSAFAC-0000034036,J6JTLQLKVSV9,2021,2024-04-02,263843582
2021-06-GSAFAC-0000034036,J6JTLQLKVSV9,2021,2024-04-02,250965210
2021-06-GSAFAC-0000034036,J6JTLQLKVSV9,2021,2024-04-02,251773035
2023-06-GSAFAC-0000027724,TQTGW9DTTLN6,2023,2024-04-02,264206936
2023-06-GSAFAC-0000027724,TQTGW9DTTLN6,2023,2024-04-02,455106240
2023-06-GSAFAC-0000027724,TQTGW9DTTLN6,2023,2024-04-02,223432885
2023-06-GSAFAC-0000027724,TQTGW9DTTLN6,2023,2024-04-02,222541281
2023-06-GSAFAC-0000027724,TQTGW9DTTLN6,2023,2024-04-02,223538012
2023-09-GSAFAC-0000013211,LVXRQ6SLFM33,2023,2024-04-03,223183888
2023-09-GSAFAC-0000013211,LVXRQ6SLFM33,2023,2024-04-03,010459837
2023-09-GSAFAC-0000013211,LVXRQ6SLFM33,2023,2024-04-03,010372148
2023-09-GSAFAC-0000013211,LVXRQ6SLFM33,2023,2024-04-03,010227195
2023-09-GSAFAC-0000013211,LVXRQ6SLFM33,2023,2024-04-03,043341666
2023-09-GSAFAC-0000013211,LVXRQ6SLFM33,2023,2024-04-03,010421234
2023-09-GSAFAC-0000013211,LVXRQ6SLFM33,2023,2024-04-03,010211501
2023-09-GSAFAC-0000013211,LVXRQ6SLFM33,2023,2024-04-03,010217211
2023-09-GSAFAC-0000013211,LVXRQ6SLFM33,2023,2024-04-03,010381283
2023-09-GSAFAC-0000013211,LVXRQ6SLFM33,2023,2024-04-03,010198331
2023-09-GSAFAC-0000013211,LVXRQ6SLFM33,2023,2024-04-03,843689003
2023-09-GSAFAC-0000013211,LVXRQ6SLFM33,2023,2024-04-03,830911574
2023-09-GSAFAC-0000013211,LVXRQ6SLFM33,2023,2024-04-03,010211534
2023-09-GSAFAC-0000013211,LVXRQ6SLFM33,2023,2024-04-03,272175482
2023-09-GSAFAC-0000013211,LVXRQ6SLFM33,2023,2024-04-03,010263628
2023-06-GSAFAC-0000031724,QEM1R2KD9CN5,2023,2024-04-03,205755130
2023-06-GSAFAC-0000031724,QEM1R2KD9CN5,2023,2024-04-03,560529974
2023-06-GSAFAC-0000031724,QEM1R2KD9CN5,2023,2024-04-03,560510824
2023-12-GSAFAC-0000036101,EE1WAJLXRVQ7,2023,2024-04-03,223169112
2023-06-GSAFAC-0000035931,RTSBSRZCEKL1,2023,2024-04-03,546001533
2023-09-GSAFAC-0000031882,RHAHZ8RWTKJ4,2023,2024-04-04,480545183
2023-09-GSAFAC-0000031882,RHAHZ8RWTKJ4,2023,2024-04-04,481131570
2021-12-GSAFAC-0000036315,DNVPX3HTM3N4,2021,2024-04-04,592208300
2022-12-GSAFAC-0000036820,STSJGGN1A187,2022,2024-04-05,202014073
2022-12-GSAFAC-0000036820,STSJGGN1A187,2022,2024-04-05,271442271
2022-12-GSAFAC-0000036820,STSJGGN1A187,2022,2024-04-05,454846425
2023-06-GSAFAC-0000036742,SN7NCJED1CJ7,2023,2024-04-05,202370710
2023-06-GSAFAC-0000036742,SN7NCJED1CJ7,2023,2024-04-05,710576700
2023-06-GSAFAC-0000036742,SN7NCJED1CJ7,2023,2024-04-05,311748709
2022-04-GSAFAC-0000032483,C6NVF7JACEB4,2022,2024-04-05,261365915
2023-06-GSAFAC-0000036877,HYS6RGJFNKA6,2023,2024-04-05,133622106
2023-06-GSAFAC-0000036877,HYS6RGJFNKA6,2023,2024-04-05,208017249
2023-09-GSAFAC-0000010212,CCY7VRY62ET1,2023,2024-04-05,364094409
2023-09-GSAFAC-0000036044,GC27EN7RG7K1,2023,2024-04-05,232998893
2023-09-GSAFAC-0000028919,R37RMC63XKG1,2023,2024-04-08,596001804
2023-09-GSAFAC-0000028919,R37RMC63XKG1,2023,2024-04-08,592895789
2023-09-GSAFAC-0000028919,R37RMC63XKG1,2023,2024-04-08,596000804
2023-09-GSAFAC-0000028919,R37RMC63XKG1,2023,2024-04-08,592224299
2022-12-GSAFAC-0000032099,N1W8YN4MSHY6,2022,2024-04-08,810303443
2022-12-GSAFAC-0000032099,N1W8YN4MSHY6,2022,2024-04-08,522403507
2022-12-GSAFAC-0000032099,N1W8YN4MSHY6,2022,2024-04-08,231671903
2021-09-GSAFAC-0000036062,UFJRDZQQXTX4,2021,2024-04-08,571087792
2021-09-GSAFAC-0000036062,UFJRDZQQXTX4,2021,2024-04-08,270623555
2021-09-GSAFAC-0000036062,UFJRDZQQXTX4,2021,2024-04-08,830893719
2020-06-GSAFAC-0000037149,DTVJCACD7DE1,2020,2024-04-09,471236257
2023-12-GSAFAC-0000035082,K7BKFTFFFBB8,2023,2024-04-10,853922957
2021-06-GSAFAC-0000037285,DTVJCACD7DE1,2021,2024-04-10,471236257
2023-06-GSAFAC-0000037390,M7TYP799J4U6,2023,2024-04-10,721570362
2023-09-GSAFAC-0000025014,NDJLD243TL94,2023,2024-04-11,596000672
2023-09-GSAFAC-0000025014,NDJLD243TL94,2023,2024-04-11,596000670
2023-09-GSAFAC-0000013840,SKSBGBWWEJ95,2023,2024-04-11,042790311
2022-09-GSAFAC-0000036456,F3JLCPV8XGX9,2022,2024-04-12,873556128
2022-09-GSAFAC-0000036456,F3JLCPV8XGX9,2022,2024-04-12,882767302
2022-09-GSAFAC-0000036456,F3JLCPV8XGX9,2022,2024-04-12,871334124
2022-09-GSAFAC-0000036456,F3JLCPV8XGX9,2022,2024-04-12,882711732
2022-09-GSAFAC-0000036456,F3JLCPV8XGX9,2022,2024-04-12,352441382
2023-09-GSAFAC-0000037676,CRU3C79W9N35,2023,2024-04-15,721564499
2023-09-GSAFAC-0000033937,T4WWPHALVUH9,2023,2024-04-15,060646844
2023-09-GSAFAC-0000033937,T4WWPHALVUH9,2023,2024-04-15,060646813
2023-09-GSAFAC-0000033937,T4WWPHALVUH9,2023,2024-04-15,043398280
2023-09-GSAFAC-0000033937,T4WWPHALVUH9,2023,2024-04-15,475676956
2023-10-GSAFAC-0000037485,DKV4LEL6SDZ3,2023,2024-04-15,320404142
2023-10-GSAFAC-0000037485,DKV4LEL6SDZ3,2023,2024-04-15,383901134
2023-10-GSAFAC-0000037485,DKV4LEL6SDZ3,2023,2024-04-15,411707215
2023-10-GSAFAC-0000037485,DKV4LEL6SDZ3,2023,2024-04-15,455021272
2023-10-GSAFAC-0000037485,DKV4LEL6SDZ3,2023,2024-04-15,521419251
2023-10-GSAFAC-0000037485,DKV4LEL6SDZ3,2023,2024-04-15,680112019
2023-10-GSAFAC-0000037485,DKV4LEL6SDZ3,2023,2024-04-15,680130988
2023-10-GSAFAC-0000037485,DKV4LEL6SDZ3,2023,2024-04-15,680157498
2023-10-GSAFAC-0000037485,DKV4LEL6SDZ3,2023,2024-04-15,680380418
2023-10-GSAFAC-0000037485,DKV4LEL6SDZ3,2023,2024-04-15,800905173
2023-10-GSAFAC-0000037485,DKV4LEL6SDZ3,2023,2024-04-15,942916437
2023-10-GSAFAC-0000037485,DKV4LEL6SDZ3,2023,2024-04-15,943287536
2023-10-GSAFAC-0000037485,DKV4LEL6SDZ3,2023,2024-04-15,943325614
2023-10-GSAFAC-0000037485,DKV4LEL6SDZ3,2023,2024-04-15,943325617
2023-10-GSAFAC-0000037485,DKV4LEL6SDZ3,2023,2024-04-15,943325619
2023-10-GSAFAC-0000037485,DKV4LEL6SDZ3,2023,2024-04-15,943365590
2023-09-GSAFAC-0000037710,E7KRGSXNHJ57,2023,2024-04-16,561880357
2023-09-GSAFAC-0000037710,E7KRGSXNHJ57,2023,2024-04-16,581943240
2023-09-GSAFAC-0000037710,E7KRGSXNHJ57,2023,2024-04-16,261694368
2023-12-GSAFAC-0000036955,CNNTEZCJKPV5,2023,2024-04-17,042650115
2023-12-GSAFAC-0000036955,CNNTEZCJKPV5,2023,2024-04-17,042668678
2023-12-GSAFAC-0000036955,CNNTEZCJKPV5,2023,2024-04-17,042650113
2023-09-GSAFAC-0000034638,ZAMZMX9ZHCM9,2023,2024-04-17,596000772
2023-09-GSAFAC-0000034638,ZAMZMX9ZHCM9,2023,2024-04-17,596000776
2023-11-GSAFAC-0000033207,QLRCUJ8JTN53,2023,2024-04-18,203340886
2023-12-GSAFAC-0000036985,L9TJD7JJ4JH9,2023,2024-04-18,821972456
2023-12-GSAFAC-0000036985,L9TJD7JJ4JH9,2023,2024-04-18,454845897
2023-12-GSAFAC-0000036985,L9TJD7JJ4JH9,2023,2024-04-18,161551942
2023-12-GSAFAC-0000036985,L9TJD7JJ4JH9,2023,2024-04-18,203888962
2023-12-GSAFAC-0000036985,L9TJD7JJ4JH9,2023,2024-04-18,264727560
2023-12-GSAFAC-0000036985,L9TJD7JJ4JH9,2023,2024-04-18,822100361
2023-12-GSAFAC-0000036985,L9TJD7JJ4JH9,2023,2024-04-18,161633628
2023-12-GSAFAC-0000036985,L9TJD7JJ4JH9,2023,2024-04-18,550854904
2023-12-GSAFAC-0000036985,L9TJD7JJ4JH9,2023,2024-04-18,010607626
2023-12-GSAFAC-0000036985,L9TJD7JJ4JH9,2023,2024-04-18,202585518
2023-12-GSAFAC-0000036985,L9TJD7JJ4JH9,2023,2024-04-18,201453574
2023-12-GSAFAC-0000036985,L9TJD7JJ4JH9,2023,2024-04-18,454460312
2023-12-GSAFAC-0000036985,L9TJD7JJ4JH9,2023,2024-04-18,651320518
2023-12-GSAFAC-0000036985,L9TJD7JJ4JH9,2023,2024-04-18,743054963
2023-12-GSAFAC-0000036985,L9TJD7JJ4JH9,2023,2024-04-18,261767093
2023-12-GSAFAC-0000036985,L9TJD7JJ4JH9,2023,2024-04-18,161232968
2023-12-GSAFAC-0000036985,L9TJD7JJ4JH9,2023,2024-04-18,161575986
2023-12-GSAFAC-0000036985,L9TJD7JJ4JH9,2023,2024-04-18,161538108
2023-12-GSAFAC-0000036985,L9TJD7JJ4JH9,2023,2024-04-18,571196062
2023-12-GSAFAC-0000036985,L9TJD7JJ4JH9,2023,2024-04-18,204409794
2023-12-GSAFAC-0000036985,L9TJD7JJ4JH9,2023,2024-04-18,161526968
2023-12-GSAFAC-0000029053,CVHFYSRJ6EQ6,2023,2024-04-18,230215059
2023-09-GSAFAC-0000038024,GD6LEKY1M2F4,2023,2024-04-22,592154528
2023-06-GSAFAC-0000034293,JLCNV7VKBVL4,2023,2024-04-22,592944839
2023-06-GSAFAC-0000034293,JLCNV7VKBVL4,2023,2024-04-22,592411947
2023-06-GSAFAC-0000034293,JLCNV7VKBVL4,2023,2024-04-22,592976392
2023-10-GSAFAC-0000027719,LNLGMU5UEAA5,2023,2024-04-22,842173788
2023-12-GSAFAC-0000036495,WKG7SNMSKKA6,2023,2024-04-22,453481327
2023-12-GSAFAC-0000036495,WKG7SNMSKKA6,2023,2024-04-22,463756071
2023-12-GSAFAC-0000036495,WKG7SNMSKKA6,2023,2024-04-22,463406805
2023-09-GSAFAC-0000038545,ZKLMQUMXPHA3,2023,2024-04-22,871387139
2023-09-GSAFAC-0000038545,ZKLMQUMXPHA3,2023,2024-04-22,871354847
2023-09-GSAFAC-0000038545,ZKLMQUMXPHA3,2023,2024-04-22,263919242
2023-12-GSAFAC-0000036704,SXKGCMQJS7K6,2023,2024-04-23,340714755
2023-12-GSAFAC-0000036704,SXKGCMQJS7K6,2023,2024-04-23,341790929
2022-06-GSAFAC-0000038212,JELCDUJ37PS9,2022,2024-04-23,232461494
2022-06-GSAFAC-0000038212,JELCDUJ37PS9,2022,2024-04-23,232735252
2022-06-GSAFAC-0000038212,JELCDUJ37PS9,2022,2024-04-23,232934547
2022-06-GSAFAC-0000038212,JELCDUJ37PS9,2022,2024-04-23,233079170
2022-06-GSAFAC-0000038212,JELCDUJ37PS9,2022,2024-04-23,264840272
2023-12-GSAFAC-0000035960,LTNCJ3JD2CV5,2023,2024-04-23,043249517
2023-12-GSAFAC-0000036393,YJP6SBZ2L9J8,2023,2024-04-23,941458282
2023-12-GSAFAC-0000036393,YJP6SBZ2L9J8,2023,2024-04-23,203502901
2023-12-GSAFAC-0000038468,DCU7Y1K5NHU8,2023,2024-04-24,352065457
2023-09-GSAFAC-0000027116,GNQMK6L2F695,2023,2024-04-24,043159969
2023-06-GSAFAC-0000038175,ZPENYD4K8T47,2023,2024-04-24,850578446
2023-09-GSAFAC-0000031630,CNPAZU1NXQ76,2023,2024-04-24,464150987
2023-09-GSAFAC-0000031630,CNPAZU1NXQ76,2023,2024-04-24,941294954
2023-09-GSAFAC-0000031630,CNPAZU1NXQ76,2023,2024-04-24,471408754
2023-09-GSAFAC-0000037163,JWKJKYRPLLU6,2023,2024-04-24,592562792
2023-09-GSAFAC-0000037163,JWKJKYRPLLU6,2023,2024-04-24,596000559
2023-09-GSAFAC-0000037163,JWKJKYRPLLU6,2023,2024-04-24,596000561
2023-12-GSAFAC-0000038719,HFL3BDKSVRT3,2023,2024-04-25,344430716
2023-12-GSAFAC-0000038719,HFL3BDKSVRT3,2023,2024-04-25,161768258
2023-12-GSAFAC-0000038719,HFL3BDKSVRT3,2023,2024-04-25,814799855
2023-12-GSAFAC-0000038719,HFL3BDKSVRT3,2023,2024-04-25,341476934
2023-12-GSAFAC-0000038719,HFL3BDKSVRT3,2023,2024-04-25,812899103
2023-12-GSAFAC-0000038719,HFL3BDKSVRT3,2023,2024-04-25,474681100
2023-12-GSAFAC-0000038719,HFL3BDKSVRT3,2023,2024-04-25,812114911
2023-08-GSAFAC-0000038137,KJFABN74KUE6,2023,2024-04-25,205497203
2023-08-GSAFAC-0000038137,KJFABN74KUE6,2023,2024-04-25,473033550
2023-08-GSAFAC-0000038137,KJFABN74KUE6,2023,2024-04-25,611480774
2023-08-GSAFAC-0000038137,KJFABN74KUE6,2023,2024-04-25,311506378
2023-08-GSAFAC-0000038137,KJFABN74KUE6,2023,2024-04-25,843280181
2023-08-GSAFAC-0000038137,KJFABN74KUE6,2023,2024-04-25,043665929
2023-08-GSAFAC-0000038137,KJFABN74KUE6,2023,2024-04-25,611348280
2022-12-GSAFAC-0000038437,WT9MJ8VP92H7,2022,2024-04-25,111986351
2022-12-GSAFAC-0000038437,WT9MJ8VP92H7,2022,2024-04-25,463556230
2023-12-GSAFAC-0000037540,WFXHL3CBMDY7,2023,2024-04-26,272098978
2023-12-GSAFAC-0000037540,WFXHL3CBMDY7,2023,2024-04-26,841484609
2023-12-GSAFAC-0000037540,WFXHL3CBMDY7,2023,2024-04-26,272098675
2023-08-GSAFAC-0000028952,NX9PXMKW5KW8,2023,2024-04-26,111704595
2023-08-GSAFAC-0000028952,NX9PXMKW5KW8,2023,2024-04-26,135562309
2023-09-GSAFAC-0000030798,V82BD6AMJKY8,2023,2024-04-26,382042021
2023-09-GSAFAC-0000030798,V82BD6AMJKY8,2023,2024-04-26,382881807
2023-09-GSAFAC-0000030798,V82BD6AMJKY8,2023,2024-04-26,382324335
2023-09-GSAFAC-0000030798,V82BD6AMJKY8,2023,2024-04-26,462252476
2023-08-GSAFAC-0000038370,XVK8SAMNFGJ6,2023,2024-04-26,475678970
2023-08-GSAFAC-0000038370,XVK8SAMNFGJ6,2023,2024-04-26,464047597
2023-08-GSAFAC-0000038370,XVK8SAMNFGJ6,2023,2024-04-26,472480928
2023-08-GSAFAC-0000038370,XVK8SAMNFGJ6,2023,2024-04-26,472413792
2023-12-GSAFAC-0000039127,C4PCPEMHEUR6,2023,2024-04-26,020655254
2023-12-GSAFAC-0000039127,C4PCPEMHEUR6,2023,2024-04-26,043624359
2023-12-GSAFAC-0000039127,C4PCPEMHEUR6,2023,2024-04-26,141866405
2023-12-GSAFAC-0000039127,C4PCPEMHEUR6,2023,2024-04-26,201583332
2023-12-GSAFAC-0000039127,C4PCPEMHEUR6,2023,2024-04-26,201910771
2023-12-GSAFAC-0000039127,C4PCPEMHEUR6,2023,2024-04-26,204295472
2023-12-GSAFAC-0000039127,C4PCPEMHEUR6,2023,2024-04-26,264723017
2023-12-GSAFAC-0000039127,C4PCPEMHEUR6,2023,2024-04-26,273400284
2023-12-GSAFAC-0000039127,C4PCPEMHEUR6,2023,2024-04-26,300410639
2023-12-GSAFAC-0000039127,C4PCPEMHEUR6,2023,2024-04-26,311052772
2023-12-GSAFAC-0000039127,C4PCPEMHEUR6,2023,2024-04-26,311411529
2023-12-GSAFAC-0000039127,C4PCPEMHEUR6,2023,2024-04-26,311411531
2023-12-GSAFAC-0000039127,C4PCPEMHEUR6,2023,2024-04-26,311548500
2023-12-GSAFAC-0000039127,C4PCPEMHEUR6,2023,2024-04-26,311548512
2023-12-GSAFAC-0000039127,C4PCPEMHEUR6,2023,2024-04-26,311591780
2023-12-GSAFAC-0000039127,C4PCPEMHEUR6,2023,2024-04-26,311723287
2023-12-GSAFAC-0000039127,C4PCPEMHEUR6,2023,2024-04-26,320084370
2023-12-GSAFAC-0000039127,C4PCPEMHEUR6,2023,2024-04-26,330809069
2023-12-GSAFAC-0000039127,C4PCPEMHEUR6,2023,2024-04-26,330998451
2023-12-GSAFAC-0000039127,C4PCPEMHEUR6,2023,2024-04-26,341399869
2023-12-GSAFAC-0000039127,C4PCPEMHEUR6,2023,2024-04-26,341552671
2023-12-GSAFAC-0000039127,C4PCPEMHEUR6,2023,2024-04-26,362750105
2023-12-GSAFAC-0000039127,C4PCPEMHEUR6,2023,2024-04-26,363453183
2023-12-GSAFAC-0000039127,C4PCPEMHEUR6,2023,2024-04-26,363767250
2023-12-GSAFAC-0000039127,C4PCPEMHEUR6,2023,2024-04-26,363914084
2023-12-GSAFAC-0000039127,C4PCPEMHEUR6,2023,2024-04-26,363942336
2023-12-GSAFAC-0000039127,C4PCPEMHEUR6,2023,2024-04-26,363957850
2023-12-GSAFAC-0000039127,C4PCPEMHEUR6,2023,2024-04-26,364039278
2023-12-GSAFAC-0000039127,C4PCPEMHEUR6,2023,2024-04-26,364049150
2023-12-GSAFAC-0000039127,C4PCPEMHEUR6,2023,2024-04-26,364535351
2023-12-GSAFAC-0000039127,C4PCPEMHEUR6,2023,2024-04-26,371068780
2023-12-GSAFAC-0000039127,C4PCPEMHEUR6,2023,2024-04-26,371459692
2023-12-GSAFAC-0000039127,C4PCPEMHEUR6,2023,2024-04-26,391515867
2023-12-GSAFAC-0000039127,C4PCPEMHEUR6,2023,2024-04-26,391771526
2023-12-GSAFAC-0000039127,C4PCPEMHEUR6,2023,2024-04-26,391814815
2023-12-GSAFAC-0000039127,C4PCPEMHEUR6,2023,2024-04-26,470924267
2023-12-GSAFAC-0000039127,C4PCPEMHEUR6,2023,2024-04-26,475177987
2023-12-GSAFAC-0000039127,C4PCPEMHEUR6,2023,2024-04-26,475178092
2023-12-GSAFAC-0000039127,C4PCPEMHEUR6,2023,2024-04-26,475178185
2023-12-GSAFAC-0000039127,C4PCPEMHEUR6,2023,2024-04-26,475189624
2023-12-GSAFAC-0000039127,C4PCPEMHEUR6,2023,2024-04-26,475202983
2023-12-GSAFAC-0000039127,C4PCPEMHEUR6,2023,2024-04-26,475203278
2023-12-GSAFAC-0000039127,C4PCPEMHEUR6,2023,2024-04-26,475217326
2023-12-GSAFAC-0000039127,C4PCPEMHEUR6,2023,2024-04-26,475239406
2023-12-GSAFAC-0000039127,C4PCPEMHEUR6,2023,2024-04-26,561993872
2023-12-GSAFAC-0000039127,C4PCPEMHEUR6,2023,2024-04-26,611339396
2023-12-GSAFAC-0000039127,C4PCPEMHEUR6,2023,2024-04-26,611344092
2023-12-GSAFAC-0000039127,C4PCPEMHEUR6,2023,2024-04-26,611367719
2023-12-GSAFAC-0000039127,C4PCPEMHEUR6,2023,2024-04-26,621782683
2023-12-GSAFAC-0000039127,C4PCPEMHEUR6,2023,2024-04-26,680233835
2023-12-GSAFAC-0000039127,C4PCPEMHEUR6,2023,2024-04-26,680254564
2023-12-GSAFAC-0000039127,C4PCPEMHEUR6,2023,2024-04-26,680279818
2023-12-GSAFAC-0000039127,C4PCPEMHEUR6,2023,2024-04-26,680340842
2023-12-GSAFAC-0000039127,C4PCPEMHEUR6,2023,2024-04-26,680340843
2023-12-GSAFAC-0000039127,C4PCPEMHEUR6,2023,2024-04-26,680378673
2023-12-GSAFAC-0000039127,C4PCPEMHEUR6,2023,2024-04-26,680378675
2023-12-GSAFAC-0000039127,C4PCPEMHEUR6,2023,2024-04-26,680451465
2023-12-GSAFAC-0000039127,C4PCPEMHEUR6,2023,2024-04-26,680484147
2023-12-GSAFAC-0000039127,C4PCPEMHEUR6,2023,2024-04-26,721545927
2023-12-GSAFAC-0000039127,C4PCPEMHEUR6,2023,2024-04-26,742740978
2023-12-GSAFAC-0000039127,C4PCPEMHEUR6,2023,2024-04-26,752983979
2023-12-GSAFAC-0000039127,C4PCPEMHEUR6,2023,2024-04-26,753004763
2023-12-GSAFAC-0000039127,C4PCPEMHEUR6,2023,2024-04-26,753134134
2023-12-GSAFAC-0000039127,C4PCPEMHEUR6,2023,2024-04-26,770030850
2023-12-GSAFAC-0000039127,C4PCPEMHEUR6,2023,2024-04-26,800008567
2023-12-GSAFAC-0000039127,C4PCPEMHEUR6,2023,2024-04-26,800034784
2023-12-GSAFAC-0000039127,C4PCPEMHEUR6,2023,2024-04-26,800623447
2023-12-GSAFAC-0000039127,C4PCPEMHEUR6,2023,2024-04-26,820485862
2023-12-GSAFAC-0000039127,C4PCPEMHEUR6,2023,2024-04-26,840626174
2023-12-GSAFAC-0000039127,C4PCPEMHEUR6,2023,2024-04-26,841234167
2023-12-GSAFAC-0000039127,C4PCPEMHEUR6,2023,2024-04-26,841262403
2023-12-GSAFAC-0000039127,C4PCPEMHEUR6,2023,2024-04-26,841347868
2023-12-GSAFAC-0000039127,C4PCPEMHEUR6,2023,2024-04-26,841602190
2023-12-GSAFAC-0000039127,C4PCPEMHEUR6,2023,2024-04-26,860728526
2023-12-GSAFAC-0000039127,C4PCPEMHEUR6,2023,2024-04-26,860758961
2023-12-GSAFAC-0000039127,C4PCPEMHEUR6,2023,2024-04-26,860808941
2023-12-GSAFAC-0000039127,C4PCPEMHEUR6,2023,2024-04-26,860847975
2023-12-GSAFAC-0000039127,C4PCPEMHEUR6,2023,2024-04-26,860897708
2023-12-GSAFAC-0000039127,C4PCPEMHEUR6,2023,2024-04-26,860897709
2023-12-GSAFAC-0000039127,C4PCPEMHEUR6,2023,2024-04-26,860947230
2023-12-GSAFAC-0000039127,C4PCPEMHEUR6,2023,2024-04-26,860980809
2023-12-GSAFAC-0000039127,C4PCPEMHEUR6,2023,2024-04-26,860980810
2023-12-GSAFAC-0000039127,C4PCPEMHEUR6,2023,2024-04-26,860980811
2023-12-GSAFAC-0000039127,C4PCPEMHEUR6,2023,2024-04-26,911546525
2023-12-GSAFAC-0000039127,C4PCPEMHEUR6,2023,2024-04-26,911667138
2023-12-GSAFAC-0000039127,C4PCPEMHEUR6,2023,2024-04-26,931189914
2023-12-GSAFAC-0000039127,C4PCPEMHEUR6,2023,2024-04-26,942722870
2023-12-GSAFAC-0000039127,C4PCPEMHEUR6,2023,2024-04-26,942787430
2023-12-GSAFAC-0000039127,C4PCPEMHEUR6,2023,2024-04-26,943081666
2023-12-GSAFAC-0000039127,C4PCPEMHEUR6,2023,2024-04-26,943088260
2023-12-GSAFAC-0000039127,C4PCPEMHEUR6,2023,2024-04-26,943167825
2023-12-GSAFAC-0000039127,C4PCPEMHEUR6,2023,2024-04-26,943190261
2023-12-GSAFAC-0000039127,C4PCPEMHEUR6,2023,2024-04-26,943209503
2023-12-GSAFAC-0000039127,C4PCPEMHEUR6,2023,2024-04-26,943224446
2023-12-GSAFAC-0000039127,C4PCPEMHEUR6,2023,2024-04-26,943264209
2023-12-GSAFAC-0000039127,C4PCPEMHEUR6,2023,2024-04-26,943282891
2023-12-GSAFAC-0000039127,C4PCPEMHEUR6,2023,2024-04-26,943361794
2023-06-GSAFAC-0000039112,GXL2R9ANB8T3,2023,2024-04-26,371583271
2023-06-GSAFAC-0000039112,GXL2R9ANB8T3,2023,2024-04-26,540720080
2023-06-GSAFAC-0000039112,GXL2R9ANB8T3,2023,2024-04-26,541745386
2023-06-GSAFAC-0000039112,GXL2R9ANB8T3,2023,2024-04-26,546001239
2023-06-GSAFAC-0000039112,GXL2R9ANB8T3,2023,2024-04-26,546001241
2023-12-GSAFAC-0000029349,WJZXPKMBL785,2023,2024-04-29,862728785
2023-06-GSAFAC-0000037337,FF83WRGB7UB4,2023,2024-04-29,043410322
2023-08-GSAFAC-0000027065,RE86JBBNDVV5,2023,2024-04-29,223121976
2023-08-GSAFAC-0000027065,RE86JBBNDVV5,2023,2024-04-29,221500557
2023-10-GSAFAC-0000039227,TTZJRLYDZLK5,2023,2024-04-29,720795568
2023-09-GSAFAC-0000038152,NNPSKT8GRCU1,2023,2024-04-30,596000696
2023-09-GSAFAC-0000038152,NNPSKT8GRCU1,2023,2024-04-30,596000698
2023-07-GSAFAC-0000039391,M5VZCAK887X7,2023,2024-04-30,263792403
2023-07-GSAFAC-0000039391,M5VZCAK887X7,2023,2024-04-30,263975185
2023-07-GSAFAC-0000039391,M5VZCAK887X7,2023,2024-04-30,383647394
2023-07-GSAFAC-0000039391,M5VZCAK887X7,2023,2024-04-30,581928247
2023-06-GSAFAC-0000036058,NSA8T7PLC9K3,2023,2024-04-30,050353872
2023-06-GSAFAC-0000036058,NSA8T7PLC9K3,2023,2024-04-30,050459947
2023-06-GSAFAC-0000036058,NSA8T7PLC9K3,2023,2024-04-30,061492961
2023-06-GSAFAC-0000036058,NSA8T7PLC9K3,2023,2024-04-30,760772595
2023-06-GSAFAC-0000036058,NSA8T7PLC9K3,2023,2024-04-30,050471772
2023-06-GSAFAC-0000036058,NSA8T7PLC9K3,2023,2024-04-30,056016315
2023-06-GSAFAC-0000036058,NSA8T7PLC9K3,2023,2024-04-30,050356994
2023-06-GSAFAC-0000036058,NSA8T7PLC9K3,2023,2024-04-30,050354769
2023-06-GSAFAC-0000036058,NSA8T7PLC9K3,2023,2024-04-30,050455432
2023-06-GSAFAC-0000036058,NSA8T7PLC9K3,2023,2024-04-30,050311968
2023-06-GSAFAC-0000036058,NSA8T7PLC9K3,2023,2024-04-30,223011455
2023-12-GSAFAC-0000036028,Q3MLJZ6R3FB7,2023,2024-04-30,020566741
2023-12-GSAFAC-0000036028,Q3MLJZ6R3FB7,2023,2024-04-30,261635811
2023-06-GSAFAC-0000038896,X5QGNEC5ASH4,2023,2024-04-30,273327978
2023-06-GSAFAC-0000038896,X5QGNEC5ASH4,2023,2024-04-30,300355312
2023-06-GSAFAC-0000038896,X5QGNEC5ASH4,2023,2024-04-30,352735818
2023-06-GSAFAC-0000038896,X5QGNEC5ASH4,2023,2024-04-30,371737848
2023-06-GSAFAC-0000038896,X5QGNEC5ASH4,2023,2024-04-30,432012466
2023-06-GSAFAC-0000038896,X5QGNEC5ASH4,2023,2024-04-30,842589681
2023-06-GSAFAC-0000038896,X5QGNEC5ASH4,2023,2024-04-30,911295136
2023-06-GSAFAC-0000038896,X5QGNEC5ASH4,2023,2024-04-30,930297700
2023-06-GSAFAC-0000038896,X5QGNEC5ASH4,2023,2024-04-30,930505794
2023-06-GSAFAC-0000038896,X5QGNEC5ASH4,2023,2024-04-30,930523099
2023-06-GSAFAC-0000038896,X5QGNEC5ASH4,2023,2024-04-30,930560468
2023-06-GSAFAC-0000038896,X5QGNEC5ASH4,2023,2024-04-30,930576060
2023-06-GSAFAC-0000038896,X5QGNEC5ASH4,2023,2024-04-30,930576068
2023-06-GSAFAC-0000038896,X5QGNEC5ASH4,2023,2024-04-30,930584915
2023-06-GSAFAC-0000038896,X5QGNEC5ASH4,2023,2024-04-30,930592161
2023-06-GSAFAC-0000038896,X5QGNEC5ASH4,2023,2024-04-30,930592162
2023-06-GSAFAC-0000038896,X5QGNEC5ASH4,2023,2024-04-30,930592162
2023-06-GSAFAC-0000038896,X5QGNEC5ASH4,2023,2024-04-30,930600526
2023-06-GSAFAC-0000038896,X5QGNEC5ASH4,2023,2024-04-30,930613223
2023-06-GSAFAC-0000038896,X5QGNEC5ASH4,2023,2024-04-30,930621491
2023-06-GSAFAC-0000038896,X5QGNEC5ASH4,2023,2024-04-30,930624202
2023-06-GSAFAC-0000038896,X5QGNEC5ASH4,2023,2024-04-30,930643773
2023-06-GSAFAC-0000038896,X5QGNEC5ASH4,2023,2024-04-30,930655103
2023-06-GSAFAC-0000038896,X5QGNEC5ASH4,2023,2024-04-30,930789376
2023-06-GSAFAC-0000038896,X5QGNEC5ASH4,2023,2024-04-30,930794831
2023-06-GSAFAC-0000038896,X5QGNEC5ASH4,2023,2024-04-30,930795258
2023-06-GSAFAC-0000038896,X5QGNEC5ASH4,2023,2024-04-30,930902047
2023-06-GSAFAC-0000038896,X5QGNEC5ASH4,2023,2024-04-30,930952020
2023-06-GSAFAC-0000038896,X5QGNEC5ASH4,2023,2024-04-30,930952117
2023-06-GSAFAC-0000038896,X5QGNEC5ASH4,2023,2024-04-30,931018525
2023-06-GSAFAC-0000038896,X5QGNEC5ASH4,2023,2024-04-30,931070707
2023-06-GSAFAC-0000038896,X5QGNEC5ASH4,2023,2024-04-30,931111585
2023-06-GSAFAC-0000038896,X5QGNEC5ASH4,2023,2024-04-30,931182119
2023-06-GSAFAC-0000038896,X5QGNEC5ASH4,2023,2024-04-30,931275767
2023-06-GSAFAC-0000038896,X5QGNEC5ASH4,2023,2024-04-30,936001740
2023-06-GSAFAC-0000038896,X5QGNEC5ASH4,2023,2024-04-30,936001752
2023-06-GSAFAC-0000038896,X5QGNEC5ASH4,2023,2024-04-30,936001759
2023-06-GSAFAC-0000038896,X5QGNEC5ASH4,2023,2024-04-30,936001760
2023-06-GSAFAC-0000038896,X5QGNEC5ASH4,2023,2024-04-30,936001761
2023-06-GSAFAC-0000038896,X5QGNEC5ASH4,2023,2024-04-30,936001772
2023-06-GSAFAC-0000038896,X5QGNEC5ASH4,2023,2024-04-30,936001773
2023-06-GSAFAC-0000038896,X5QGNEC5ASH4,2023,2024-04-30,936001774
2023-06-GSAFAC-0000038896,X5QGNEC5ASH4,2023,2024-04-30,936001775
2023-06-GSAFAC-0000038896,X5QGNEC5ASH4,2023,2024-04-30,936001779
2023-06-GSAFAC-0000038896,X5QGNEC5ASH4,2023,2024-04-30,936001784
2023-06-GSAFAC-0000038896,X5QGNEC5ASH4,2023,2024-04-30,936001789
2023-06-GSAFAC-0000038896,X5QGNEC5ASH4,2023,2024-04-30,936001871
2023-06-GSAFAC-0000038896,X5QGNEC5ASH4,2023,2024-04-30,936001954
2023-06-GSAFAC-0000038896,X5QGNEC5ASH4,2023,2024-04-30,936001955
2023-06-GSAFAC-0000038896,X5QGNEC5ASH4,2023,2024-04-30,936001957
2023-06-GSAFAC-0000038896,X5QGNEC5ASH4,2023,2024-04-30,936001958
2023-06-GSAFAC-0000038896,X5QGNEC5ASH4,2023,2024-04-30,936001960
2023-06-GSAFAC-0000038896,X5QGNEC5ASH4,2023,2024-04-30,936002337
2023-06-GSAFAC-0000038896,X5QGNEC5ASH4,2023,2024-04-30,936002375
2023-06-GSAFAC-0000038896,X5QGNEC5ASH4,2023,2024-04-30,936002660
2023-06-GSAFAC-0000038896,X5QGNEC5ASH4,2023,2024-04-30,936014252
2023-12-GSAFAC-0000039418,UJJ6NNLQ9GD5,2023,2024-04-30,370902248
2023-06-GSAFAC-0000037362,JMEJT5FMGGX9,2023,2024-05-01,150532079
2023-06-GSAFAC-0000037362,JMEJT5FMGGX9,2023,2024-05-01,160393490
2023-06-GSAFAC-0000037362,JMEJT5FMGGX9,2023,2024-05-01,240795463
2023-06-GSAFAC-0000037362,JMEJT5FMGGX9,2023,2024-05-01,240800337
2023-06-GSAFAC-0000037362,JMEJT5FMGGX9,2023,2024-05-01,250815795
2023-12-GSAFAC-0000036364,M5HGUKR7N3T9,2023,2024-05-01,350868085
2023-12-GSAFAC-0000036364,M5HGUKR7N3T9,2023,2024-05-01,352087092
2023-12-GSAFAC-0000036364,M5HGUKR7N3T9,2023,2024-05-01,351967665
2023-12-GSAFAC-0000036364,M5HGUKR7N3T9,2023,2024-05-01,202401676
2023-12-GSAFAC-0000036364,M5HGUKR7N3T9,2023,2024-05-01,351135451
2023-12-GSAFAC-0000036364,M5HGUKR7N3T9,2023,2024-05-01,471753440
2023-12-GSAFAC-0000036364,M5HGUKR7N3T9,2023,2024-05-01,351970706
2023-12-GSAFAC-0000036364,M5HGUKR7N3T9,2023,2024-05-01,341048666
2023-09-GSAFAC-0000037856,D6NBCNB2YWW8,2023,2024-05-01,851443782
2023-09-GSAFAC-0000037856,D6NBCNB2YWW8,2023,2024-05-01,851433123
2023-12-GSAFAC-0000036641,MKNSE883RLU8,2023,2024-05-02,810231784
2023-12-GSAFAC-0000036641,MKNSE883RLU8,2023,2024-05-02,810286525
2023-09-GSAFAC-0000036657,U1L2PRKYF9T3,2023,2024-05-03,061446900
2023-09-GSAFAC-0000038352,E3JVPMTLADL6,2023,2024-05-06,742311967
2023-09-GSAFAC-0000038352,E3JVPMTLADL6,2023,2024-05-06,742320663
2023-09-GSAFAC-0000038352,E3JVPMTLADL6,2023,2024-05-06,742588798
2023-09-GSAFAC-0000038352,E3JVPMTLADL6,2023,2024-05-06,742702051
2023-09-GSAFAC-0000038352,E3JVPMTLADL6,2023,2024-05-06,742739262
2023-09-GSAFAC-0000038352,E3JVPMTLADL6,2023,2024-05-06,742489878
2023-09-GSAFAC-0000038352,E3JVPMTLADL6,2023,2024-05-06,273805764
2023-09-GSAFAC-0000038352,E3JVPMTLADL6,2023,2024-05-06,742521611
2023-09-GSAFAC-0000038352,E3JVPMTLADL6,2023,2024-05-06,742457795
2023-12-GSAFAC-0000039405,CQEKTNA3HGL7,2023,2024-05-07,314416407
2023-12-GSAFAC-0000039472,L6AENFMBT2Y9,2023,2024-05-07,471473842
2023-06-GSAFAC-0000039486,F7S9S5D2CSP3,2023,2024-05-07,996000725
2023-09-GSAFAC-0000039913,DPHBBJP7RHY3,2023,2024-05-08,067834200
2023-09-GSAFAC-0000039913,DPHBBJP7RHY3,2023,2024-05-08,098431203
2023-09-GSAFAC-0000039913,DPHBBJP7RHY3,2023,2024-05-08,102578056
2023-09-GSAFAC-0000039913,DPHBBJP7RHY3,2023,2024-05-08,139403724
2023-09-GSAFAC-0000039913,DPHBBJP7RHY3,2023,2024-05-08,790862353
2023-09-GSAFAC-0000039163,J4N8ASG7LCP4,2023,2024-05-08,522309007
2023-12-GSAFAC-0000039572,Z5U7N9JXCAB3,2023,2024-05-08,362167008
2023-12-GSAFAC-0000039882,N8CBQXPLGSV7,2023,2024-05-08,834378864
2023-12-GSAFAC-0000039882,N8CBQXPLGSV7,2023,2024-05-08,262546097
2023-12-GSAFAC-0000039882,N8CBQXPLGSV7,2023,2024-05-08,134316364
2023-12-GSAFAC-0000039882,N8CBQXPLGSV7,2023,2024-05-08,271248032
2023-12-GSAFAC-0000039882,N8CBQXPLGSV7,2023,2024-05-08,541364028
2023-12-GSAFAC-0000039882,N8CBQXPLGSV7,2023,2024-05-08,541552324
2023-12-GSAFAC-0000039882,N8CBQXPLGSV7,2023,2024-05-08,541990805
2023-12-GSAFAC-0000039882,N8CBQXPLGSV7,2023,2024-05-08,540519577
2023-12-GSAFAC-0000039882,N8CBQXPLGSV7,2023,2024-05-08,562322548
2023-12-GSAFAC-0000039882,N8CBQXPLGSV7,2023,2024-05-08,571172752
2023-11-GSAFAC-0000038736,RTMJBPNL5GM4,2023,2024-05-09,370914443
2023-11-GSAFAC-0000038736,RTMJBPNL5GM4,2023,2024-05-09,371251255
2023-09-GSAFAC-0000038192,RKGUZCGCCDW3,2023,2024-05-09,200067392
2023-09-GSAFAC-0000038192,RKGUZCGCCDW3,2023,2024-05-09,263324572
2023-09-GSAFAC-0000038192,RKGUZCGCCDW3,2023,2024-05-09,390794174
2023-09-GSAFAC-0000038192,RKGUZCGCCDW3,2023,2024-05-09,390910727
2023-09-GSAFAC-0000038192,RKGUZCGCCDW3,2023,2024-05-09,391083015
2023-09-GSAFAC-0000038192,RKGUZCGCCDW3,2023,2024-05-09,391314542
2023-09-GSAFAC-0000038192,RKGUZCGCCDW3,2023,2024-05-09,391507910
2023-06-GSAFAC-0000031763,V51BY26T73M5,2023,2024-05-09,920047291
2023-06-GSAFAC-0000031763,V51BY26T73M5,2023,2024-05-09,920047921
2023-06-GSAFAC-0000031763,V51BY26T73M5,2023,2024-05-09,926000147
2023-08-GSAFAC-0000019956,XJ7MMPHBMGM7,2023,2024-05-10,363822010
2023-08-GSAFAC-0000019956,XJ7MMPHBMGM7,2023,2024-05-10,831650513
2023-08-GSAFAC-0000019956,XJ7MMPHBMGM7,2023,2024-05-10,363357004
2023-08-GSAFAC-0000019956,XJ7MMPHBMGM7,2023,2024-05-10,363279680
2023-08-GSAFAC-0000019956,XJ7MMPHBMGM7,2023,2024-05-10,371838535
2022-06-GSAFAC-0000039714,FCDFH9FVGAV9,2022,2024-05-10,200830328
2022-06-GSAFAC-0000039714,FCDFH9FVGAV9,2022,2024-05-10,261774290
2023-06-GSAFAC-0000036978,LAYJLA77TK63,2023,2024-05-10,420680245
2023-06-GSAFAC-0000036978,LAYJLA77TK63,2023,2024-05-10,420680420
2023-06-GSAFAC-0000036978,LAYJLA77TK63,2023,2024-05-10,421157665
2023-06-GSAFAC-0000036978,LAYJLA77TK63,2023,2024-05-10,421264664
2023-06-GSAFAC-0000036978,LAYJLA77TK63,2023,2024-05-10,421264666
2023-06-GSAFAC-0000036978,LAYJLA77TK63,2023,2024-05-10,421390033
2023-06-GSAFAC-0000036978,LAYJLA77TK63,2023,2024-05-10,421478832
2023-06-GSAFAC-0000036978,LAYJLA77TK63,2023,2024-05-10,455327981
2023-08-GSAFAC-0000037746,TKJHUNGJK9H1,2023,2024-05-10,320359189
2023-06-GSAFAC-0000040372,GXNDVQG3GBN7,2023,2024-05-13,730665481
2023-06-GSAFAC-0000039317,CNUUB31H7KV5,2023,2024-05-13,874397535
2023-08-GSAFAC-0000040537,KD4KE8KLZFV8,2023,2024-05-14,463031476
2023-12-GSAFAC-0000040084,W9RSQ8J95BJ5,2023,2024-05-15,943446933
2023-12-GSAFAC-0000040769,V6F2JJXS4VS3,2023,2024-05-15,043584321
2023-12-GSAFAC-0000040706,XXF4A3MLM3C6,2023,2024-05-15,223301338
2023-12-GSAFAC-0000040706,XXF4A3MLM3C6,2023,2024-05-15,223218442
2023-12-GSAFAC-0000040706,XXF4A3MLM3C6,2023,2024-05-15,300144279
2023-12-GSAFAC-0000040706,XXF4A3MLM3C6,2023,2024-05-15,834267314
2023-12-GSAFAC-0000040706,XXF4A3MLM3C6,2023,2024-05-15,844879121
2023-06-GSAFAC-0000038363,QKG2D7CUGFR1,2023,2024-05-15,311327936
2023-06-GSAFAC-0000038363,QKG2D7CUGFR1,2023,2024-05-15,510138099
2023-06-GSAFAC-0000038363,QKG2D7CUGFR1,2023,2024-05-15,815464470
2023-06-GSAFAC-0000038363,QKG2D7CUGFR1,2023,2024-05-15,311327937
2023-06-GSAFAC-0000038363,QKG2D7CUGFR1,2023,2024-05-15,311554133
2023-06-GSAFAC-0000038363,QKG2D7CUGFR1,2023,2024-05-15,452485882
2022-09-GSAFAC-0000035624,KDYABRXCN245,2022,2024-05-15,731357965
2023-06-GSAFAC-0000039225,P834PS1N4MJ4,2023,2024-05-15,232991533
2023-06-GSAFAC-0000039225,P834PS1N4MJ4,2023,2024-05-15,762650651
2023-06-GSAFAC-0000039225,P834PS1N4MJ4,2023,2024-05-15,232818995
2023-06-GSAFAC-0000039225,P834PS1N4MJ4,2023,2024-05-15,824370040
2023-06-GSAFAC-0000039225,P834PS1N4MJ4,2023,2024-05-15,842418705
2023-06-GSAFAC-0000039225,P834PS1N4MJ4,2023,2024-05-15,221550592
2023-06-GSAFAC-0000039225,P834PS1N4MJ4,2023,2024-05-15,833128346
2023-06-GSAFAC-0000039225,P834PS1N4MJ4,2023,2024-05-15,760545741
2023-06-GSAFAC-0000039225,P834PS1N4MJ4,2023,2024-05-15,473280467
2023-06-GSAFAC-0000039225,P834PS1N4MJ4,2023,2024-05-15,942411045
2023-06-GSAFAC-0000039225,P834PS1N4MJ4,2023,2024-05-15,231352080
2023-06-GSAFAC-0000039225,P834PS1N4MJ4,2023,2024-05-15,232911839
2023-06-GSAFAC-0000039225,P834PS1N4MJ4,2023,2024-05-15,742918981
2023-06-GSAFAC-0000039225,P834PS1N4MJ4,2023,2024-05-15,873384529
2023-06-GSAFAC-0000039225,P834PS1N4MJ4,2023,2024-05-15,863414545
2023-06-GSAFAC-0000039225,P834PS1N4MJ4,2023,2024-05-15,870846562
2023-06-GSAFAC-0000039225,P834PS1N4MJ4,2023,2024-05-15,232735283
2023-06-GSAFAC-0000039225,P834PS1N4MJ4,2023,2024-05-15,222215356
2023-06-GSAFAC-0000039225,P834PS1N4MJ4,2023,2024-05-15,200441774
2023-06-GSAFAC-0000039225,P834PS1N4MJ4,2023,2024-05-15,473550736
2023-06-GSAFAC-0000039225,P834PS1N4MJ4,2023,2024-05-15,474187665
2023-06-GSAFAC-0000039225,P834PS1N4MJ4,2023,2024-05-15,222397467
2023-06-GSAFAC-0000039225,P834PS1N4MJ4,2023,2024-05-15,842330953
2023-06-GSAFAC-0000039225,P834PS1N4MJ4,2023,2024-05-15,474152756
2023-06-GSAFAC-0000039225,P834PS1N4MJ4,2023,2024-05-15,821809627
2023-06-GSAFAC-0000039225,P834PS1N4MJ4,2023,2024-05-15,822927898
2023-06-GSAFAC-0000039225,P834PS1N4MJ4,2023,2024-05-15,825432996
2023-06-GSAFAC-0000039225,P834PS1N4MJ4,2023,2024-05-15,821827744
2023-06-GSAFAC-0000039225,P834PS1N4MJ4,2023,2024-05-15,222511879
2023-06-GSAFAC-0000039225,P834PS1N4MJ4,2023,2024-05-15,843047396
2023-06-GSAFAC-0000039225,P834PS1N4MJ4,2023,2024-05-15,472886590
2023-06-GSAFAC-0000039225,P834PS1N4MJ4,2023,2024-05-15,450463456
2023-06-GSAFAC-0000039225,P834PS1N4MJ4,2023,2024-05-15,810884735
2023-06-GSAFAC-0000039225,P834PS1N4MJ4,2023,2024-05-15,232713290
2023-06-GSAFAC-0000039225,P834PS1N4MJ4,2023,2024-05-15,461205364
2023-06-GSAFAC-0000039225,P834PS1N4MJ4,2023,2024-05-15,472963518
2023-06-GSAFAC-0000039225,P834PS1N4MJ4,2023,2024-05-15,222560556
2023-06-GSAFAC-0000039225,P834PS1N4MJ4,2023,2024-05-15,620854890
2023-06-GSAFAC-0000039225,P834PS1N4MJ4,2023,2024-05-15,581901717
2023-06-GSAFAC-0000039225,P834PS1N4MJ4,2023,2024-05-15,581900973
2023-06-GSAFAC-0000039225,P834PS1N4MJ4,2023,2024-05-15,582022138
2023-06-GSAFAC-0000039225,P834PS1N4MJ4,2023,2024-05-15,620854890
2023-06-GSAFAC-0000039225,P834PS1N4MJ4,2023,2024-05-15,561248778
2023-06-GSAFAC-0000039225,P834PS1N4MJ4,2023,2024-05-15,231968547
2023-09-GSAFAC-0000040280,XSTGNLF9ZDJ5,2023,2024-05-16,596000524
2023-09-GSAFAC-0000040280,XSTGNLF9ZDJ5,2023,2024-05-16,596000528
2023-09-GSAFAC-0000040280,XSTGNLF9ZDJ5,2023,2024-05-16,822465109
2023-12-GSAFAC-0000038646,EKQTBXLLMHJ1,2023,2024-05-16,206123718
2023-09-GSAFAC-0000022333,CEX7F74WQ8B5,2023,2024-05-16,030219309
2023-09-GSAFAC-0000022333,CEX7F74WQ8B5,2023,2024-05-16,222547186
2023-09-GSAFAC-0000022333,CEX7F74WQ8B5,2023,2024-05-16,030181058
2023-09-GSAFAC-0000022333,CEX7F74WQ8B5,2023,2024-05-16,030179603
2023-09-GSAFAC-0000022333,CEX7F74WQ8B5,2023,2024-05-16,150346515
2023-09-GSAFAC-0000022333,CEX7F74WQ8B5,2023,2024-05-16,141364513
2023-09-GSAFAC-0000022333,CEX7F74WQ8B5,2023,2024-05-16,141338471
2023-09-GSAFAC-0000037879,N923A8PESJT4,2023,2024-05-16,452666295
2023-08-GSAFAC-0000037818,HBR5DGG97TJ4,2023,2024-05-17,881932536
2023-06-GSAFAC-0000028344,GCU8PW8ZDXN8,2023,2024-05-17,202868303
2023-06-GSAFAC-0000028344,GCU8PW8ZDXN8,2023,2024-05-17,352671308
2023-06-GSAFAC-0000028344,GCU8PW8ZDXN8,2023,2024-05-17,364824048
2023-06-GSAFAC-0000028344,GCU8PW8ZDXN8,2023,2024-05-17,452096870
2023-06-GSAFAC-0000028344,GCU8PW8ZDXN8,2023,2024-05-17,455122913
2023-06-GSAFAC-0000028344,GCU8PW8ZDXN8,2023,2024-05-17,611530469
2023-06-GSAFAC-0000028344,GCU8PW8ZDXN8,2023,2024-05-17,823847397
2023-06-GSAFAC-0000028344,GCU8PW8ZDXN8,2023,2024-05-17,910589346
2023-06-GSAFAC-0000028344,GCU8PW8ZDXN8,2023,2024-05-17,910671107
2023-06-GSAFAC-0000028344,GCU8PW8ZDXN8,2023,2024-05-17,910742228
2023-06-GSAFAC-0000028344,GCU8PW8ZDXN8,2023,2024-05-17,910752489
2023-06-GSAFAC-0000028344,GCU8PW8ZDXN8,2023,2024-05-17,910759103
2023-06-GSAFAC-0000028344,GCU8PW8ZDXN8,2023,2024-05-17,910814013
2023-06-GSAFAC-0000028344,GCU8PW8ZDXN8,2023,2024-05-17,910817705
2023-06-GSAFAC-0000028344,GCU8PW8ZDXN8,2023,2024-05-17,910819265
2023-06-GSAFAC-0000028344,GCU8PW8ZDXN8,2023,2024-05-17,910821742
2023-06-GSAFAC-0000028344,GCU8PW8ZDXN8,2023,2024-05-17,910821964
2023-06-GSAFAC-0000028344,GCU8PW8ZDXN8,2023,2024-05-17,910821972
2023-06-GSAFAC-0000028344,GCU8PW8ZDXN8,2023,2024-05-17,910822539
2023-06-GSAFAC-0000028344,GCU8PW8ZDXN8,2023,2024-05-17,910822848
2023-06-GSAFAC-0000028344,GCU8PW8ZDXN8,2023,2024-05-17,910823201
2023-06-GSAFAC-0000028344,GCU8PW8ZDXN8,2023,2024-05-17,910823636
2023-06-GSAFAC-0000028344,GCU8PW8ZDXN8,2023,2024-05-17,910823768
2023-06-GSAFAC-0000028344,GCU8PW8ZDXN8,2023,2024-05-17,910823820
2023-06-GSAFAC-0000028344,GCU8PW8ZDXN8,2023,2024-05-17,910824167
2023-06-GSAFAC-0000028344,GCU8PW8ZDXN8,2023,2024-05-17,910824213
2023-06-GSAFAC-0000028344,GCU8PW8ZDXN8,2023,2024-05-17,910824589
2023-06-GSAFAC-0000028344,GCU8PW8ZDXN8,2023,2024-05-17,910824677
2023-06-GSAFAC-0000028344,GCU8PW8ZDXN8,2023,2024-05-17,910824678
2023-06-GSAFAC-0000028344,GCU8PW8ZDXN8,2023,2024-05-17,910825212
2023-06-GSAFAC-0000028344,GCU8PW8ZDXN8,2023,2024-05-17,910826533
2023-06-GSAFAC-0000028344,GCU8PW8ZDXN8,2023,2024-05-17,910826741
2023-06-GSAFAC-0000028344,GCU8PW8ZDXN8,2023,2024-05-17,910826872
2023-06-GSAFAC-0000028344,GCU8PW8ZDXN8,2023,2024-05-17,910855768
2023-06-GSAFAC-0000028344,GCU8PW8ZDXN8,2023,2024-05-17,910969074
2023-06-GSAFAC-0000028344,GCU8PW8ZDXN8,2023,2024-05-17,911001714
2023-06-GSAFAC-0000028344,GCU8PW8ZDXN8,2023,2024-05-17,911004770
2023-06-GSAFAC-0000028344,GCU8PW8ZDXN8,2023,2024-05-17,911142111
2023-06-GSAFAC-0000028344,GCU8PW8ZDXN8,2023,2024-05-17,911214646
2023-06-GSAFAC-0000028344,GCU8PW8ZDXN8,2023,2024-05-17,911409321
2023-06-GSAFAC-0000028344,GCU8PW8ZDXN8,2023,2024-05-17,911412780
2023-06-GSAFAC-0000028344,GCU8PW8ZDXN8,2023,2024-05-17,911443137
2023-06-GSAFAC-0000028344,GCU8PW8ZDXN8,2023,2024-05-17,911444603
2023-06-GSAFAC-0000028344,GCU8PW8ZDXN8,2023,2024-05-17,911455000
2023-06-GSAFAC-0000028344,GCU8PW8ZDXN8,2023,2024-05-17,911522175
2023-06-GSAFAC-0000028344,GCU8PW8ZDXN8,2023,2024-05-17,911523302
2023-06-GSAFAC-0000028344,GCU8PW8ZDXN8,2023,2024-05-17,911523641
2023-06-GSAFAC-0000028344,GCU8PW8ZDXN8,2023,2024-05-17,911526457
2023-06-GSAFAC-0000028344,GCU8PW8ZDXN8,2023,2024-05-17,911526618
2023-06-GSAFAC-0000028344,GCU8PW8ZDXN8,2023,2024-05-17,911632572
2023-06-GSAFAC-0000028344,GCU8PW8ZDXN8,2023,2024-05-17,911727284
2023-06-GSAFAC-0000028344,GCU8PW8ZDXN8,2023,2024-05-17,911762161
2023-06-GSAFAC-0000028344,GCU8PW8ZDXN8,2023,2024-05-17,911874730
2023-06-GSAFAC-0000028344,GCU8PW8ZDXN8,2023,2024-05-17,912010540
2023-06-GSAFAC-0000028344,GCU8PW8ZDXN8,2023,2024-05-17,912152443
2023-06-GSAFAC-0000028344,GCU8PW8ZDXN8,2023,2024-05-17,916000186
2023-06-GSAFAC-0000028344,GCU8PW8ZDXN8,2023,2024-05-17,916000562
2023-06-GSAFAC-0000028344,GCU8PW8ZDXN8,2023,2024-05-17,916000618
2023-06-GSAFAC-0000028344,GCU8PW8ZDXN8,2023,2024-05-17,916000624
2023-06-GSAFAC-0000028344,GCU8PW8ZDXN8,2023,2024-05-17,916001060
2023-06-GSAFAC-0000028344,GCU8PW8ZDXN8,2023,2024-05-17,916001062
2023-06-GSAFAC-0000028344,GCU8PW8ZDXN8,2023,2024-05-17,916001063
2023-06-GSAFAC-0000028344,GCU8PW8ZDXN8,2023,2024-05-17,916001068
2023-06-GSAFAC-0000028344,GCU8PW8ZDXN8,2023,2024-05-17,916001069
2023-06-GSAFAC-0000028344,GCU8PW8ZDXN8,2023,2024-05-17,916001071
2023-06-GSAFAC-0000028344,GCU8PW8ZDXN8,2023,2024-05-17,916001078
2023-06-GSAFAC-0000028344,GCU8PW8ZDXN8,2023,2024-05-17,916001084
2023-06-GSAFAC-0000028344,GCU8PW8ZDXN8,2023,2024-05-17,916001088
2023-06-GSAFAC-0000028344,GCU8PW8ZDXN8,2023,2024-05-17,916001090
2023-06-GSAFAC-0000028344,GCU8PW8ZDXN8,2023,2024-05-17,916001093
2023-06-GSAFAC-0000028344,GCU8PW8ZDXN8,2023,2024-05-17,916001095
2023-06-GSAFAC-0000028344,GCU8PW8ZDXN8,2023,2024-05-17,916001106
2023-06-GSAFAC-0000028344,GCU8PW8ZDXN8,2023,2024-05-17,916001107
2023-06-GSAFAC-0000028344,GCU8PW8ZDXN8,2023,2024-05-17,916001108
2023-06-GSAFAC-0000028344,GCU8PW8ZDXN8,2023,2024-05-17,916001109
2023-06-GSAFAC-0000028344,GCU8PW8ZDXN8,2023,2024-05-17,916001112
2023-06-GSAFAC-0000028344,GCU8PW8ZDXN8,2023,2024-05-17,916001121
2023-06-GSAFAC-0000028344,GCU8PW8ZDXN8,2023,2024-05-17,916001127
2023-06-GSAFAC-0000028344,GCU8PW8ZDXN8,2023,2024-05-17,916001211
2023-06-GSAFAC-0000028344,GCU8PW8ZDXN8,2023,2024-05-17,916001537
2023-06-GSAFAC-0000028344,GCU8PW8ZDXN8,2023,2024-05-17,916001658
2023-06-GSAFAC-0000028344,GCU8PW8ZDXN8,2023,2024-05-17,916012771
2023-06-GSAFAC-0000028344,GCU8PW8ZDXN8,2023,2024-05-17,916013419
2023-06-GSAFAC-0000028344,GCU8PW8ZDXN8,2023,2024-05-17,916072664
2023-12-GSAFAC-0000040161,HZY4KC3XL6G4,2023,2024-05-17,271768528
2023-12-GSAFAC-0000040161,HZY4KC3XL6G4,2023,2024-05-17,271768405
2023-12-GSAFAC-0000040161,HZY4KC3XL6G4,2023,2024-05-17,610445828
2023-12-GSAFAC-0000041132,ZVQ8C1RAYGR2,2023,2024-05-20,411810289
2023-12-GSAFAC-0000041132,ZVQ8C1RAYGR2,2023,2024-05-20,411733879
2023-06-GSAFAC-0000028140,PA32TLEZLKH7,2023,2024-05-20,460318666
2023-06-GSAFAC-0000028140,PA32TLEZLKH7,2023,2024-05-20,460311611
2023-06-GSAFAC-0000028140,PA32TLEZLKH7,2023,2024-05-20,460397565
2023-06-GSAFAC-0000028140,PA32TLEZLKH7,2023,2024-05-20,466043582
2023-06-GSAFAC-0000028140,PA32TLEZLKH7,2023,2024-05-20,460315509
2023-08-GSAFAC-0000041259,HBR5DGG97TJ4,2023,2024-05-20,881932536
2023-08-GSAFAC-0000040444,HH1KJWE2J6F1,2023,2024-05-20,943192446
2023-08-GSAFAC-0000040444,HH1KJWE2J6F1,2023,2024-05-20,941429628
2023-09-GSAFAC-0000041232,KPSRMF3B1UP1,2023,2024-05-20,741464566
2023-12-GSAFAC-0000041353,YP5TG5ND9RQ7,2023,2024-05-21,030433655
2023-12-GSAFAC-0000040604,KEEKC4GLZWN5,2023,2024-05-21,226064970
2023-09-GSAFAC-0000006806,H86ZNGYKFVV4,2023,2024-05-22,431641927
2023-09-GSAFAC-0000006806,H86ZNGYKFVV4,2023,2024-05-22,431656689
2023-09-GSAFAC-0000006806,H86ZNGYKFVV4,2023,2024-05-22,436810485
2023-09-GSAFAC-0000006806,H86ZNGYKFVV4,2023,2024-05-22,440577118
2023-09-GSAFAC-0000006806,H86ZNGYKFVV4,2023,2024-05-22,440584290
2023-09-GSAFAC-0000006806,H86ZNGYKFVV4,2023,2024-05-22,475148345
2023-09-GSAFAC-0000006806,H86ZNGYKFVV4,2023,2024-05-22,823300758
2023-12-GSAFAC-0000038465,QE5BW6KQ7FR7,2023,2024-05-22,454420055
2023-12-GSAFAC-0000038465,QE5BW6KQ7FR7,2023,2024-05-22,364724156
2023-12-GSAFAC-0000038465,QE5BW6KQ7FR7,2023,2024-05-22,046168480
2023-12-GSAFAC-0000038465,QE5BW6KQ7FR7,2023,2024-05-22,001075957
2023-12-GSAFAC-0000038465,QE5BW6KQ7FR7,2023,2024-05-22,834381864
2023-12-GSAFAC-0000038465,QE5BW6KQ7FR7,2023,2024-05-22,853582993
2023-12-GSAFAC-0000038465,QE5BW6KQ7FR7,2023,2024-05-22,853715840
2023-12-GSAFAC-0000038465,QE5BW6KQ7FR7,2023,2024-05-22,872093148
2023-12-GSAFAC-0000038465,QE5BW6KQ7FR7,2023,2024-05-22,883607439
2023-12-GSAFAC-0000038465,QE5BW6KQ7FR7,2023,2024-05-22,934282751
2023-09-GSAFAC-0000040385,VY9UEK86CVW3,2023,2024-05-22,851212813
2023-09-GSAFAC-0000040385,VY9UEK86CVW3,2023,2024-05-22,850945774
2023-09-GSAFAC-0000040385,VY9UEK86CVW3,2023,2024-05-22,851205498
2023-09-GSAFAC-0000040385,VY9UEK86CVW3,2023,2024-05-22,850961478
2023-12-GSAFAC-0000040506,E7LLM6S2PC75,2023,2024-05-22,721524988
2023-06-GSAFAC-0000041205,NFLNBE19F2U5,2023,2024-05-23,473496019
2023-06-GSAFAC-0000041205,NFLNBE19F2U5,2023,2024-05-23,883351529
2023-12-GSAFAC-0000036912,QZP9FEB7U672,2023,2024-05-23,841322816
2023-06-GSAFAC-0000040599,FXK6U8JPNLJ8,2023,2024-05-24,860661853
2023-06-GSAFAC-0000038828,H8F3KZ3X4LC3,2023,2024-05-24,930600166
2023-12-GSAFAC-0000040817,PN5XZKRM6U43,2023,2024-05-25,261590901
2023-12-GSAFAC-0000039128,EMJRADN5CG59,2023,2024-05-28,640303085
2023-12-GSAFAC-0000039128,EMJRADN5CG59,2023,2024-05-28,640823550
2023-12-GSAFAC-0000040915,SSLELYELMSB8,2023,2024-05-28,272260603
2023-12-GSAFAC-0000040794,P49TYES2Z113,2023,2024-05-28,205460472
2023-09-GSAFAC-0000041251,MSF3B5SCH1G6,2023,2024-05-28,825132976
2023-12-GSAFAC-0000038649,C4HLLKEGRA98,2023,2024-05-29,471749435
2023-12-GSAFAC-0000038649,C4HLLKEGRA98,2023,2024-05-29,264430804
2023-12-GSAFAC-0000038649,C4HLLKEGRA98,2023,2024-05-29,341752943
2023-12-GSAFAC-0000038649,C4HLLKEGRA98,2023,2024-05-29,341951915
2023-12-GSAFAC-0000038649,C4HLLKEGRA98,2023,2024-05-29,262155447
2023-06-GSAFAC-0000037820,HA31WNNBSBU5,2023,2024-05-29,562476338
2023-06-GSAFAC-0000037820,HA31WNNBSBU5,2023,2024-05-29,742765568
2023-06-GSAFAC-0000037820,HA31WNNBSBU5,2023,2024-05-29,271168021
2023-06-GSAFAC-0000037820,HA31WNNBSBU5,2023,2024-05-29,471336787
2023-06-GSAFAC-0000037820,HA31WNNBSBU5,2023,2024-05-29,203928017
2023-06-GSAFAC-0000037820,HA31WNNBSBU5,2023,2024-05-29,742990196
2023-06-GSAFAC-0000037820,HA31WNNBSBU5,2023,2024-05-29,200335980
2023-06-GSAFAC-0000037820,HA31WNNBSBU5,2023,2024-05-29,651253386
2023-06-GSAFAC-0000037820,HA31WNNBSBU5,2023,2024-05-29,471328223
2023-06-GSAFAC-0000037820,HA31WNNBSBU5,2023,2024-05-29,743019365
2023-06-GSAFAC-0000037820,HA31WNNBSBU5,2023,2024-05-29,200478546
2023-06-GSAFAC-0000037820,HA31WNNBSBU5,2023,2024-05-29,821028043
2023-06-GSAFAC-0000037820,HA31WNNBSBU5,2023,2024-05-29,203907891
2023-06-GSAFAC-0000037820,HA31WNNBSBU5,2023,2024-05-29,874779823
2023-12-GSAFAC-0000041384,J7L9KMM97FE7,2023,2024-05-29,208861567
2023-12-GSAFAC-0000040970,XJUCJAYJWYV1,2023,2024-05-30,464402004
2023-12-GSAFAC-0000040970,XJUCJAYJWYV1,2023,2024-05-30,760545192
2023-12-GSAFAC-0000040970,XJUCJAYJWYV1,2023,2024-05-30,760556120
2023-12-GSAFAC-0000040970,XJUCJAYJWYV1,2023,2024-05-30,464389870
2023-12-GSAFAC-0000040970,XJUCJAYJWYV1,2023,2024-05-30,870721923
2023-12-GSAFAC-0000041557,VK3LHH3CPJD5,2023,2024-05-30,261269202
2023-12-GSAFAC-0000039421,ZX8EE8M3P3W5,2023,2024-05-30,261484259
2023-12-GSAFAC-0000039421,ZX8EE8M3P3W5,2023,2024-05-30,431862691
2023-12-GSAFAC-0000029664,CCJUZP1D8U44,2023,2024-05-30,880213754
2023-10-GSAFAC-0000042142,NN8CLFUP21H7,2023,2024-05-30,351973837
2023-10-GSAFAC-0000042142,NN8CLFUP21H7,2023,2024-05-30,453914271
2023-03-GSAFAC-0000040185,YKZ3ZJJQWK53,2023,2024-05-30,455071290
2023-03-GSAFAC-0000040185,YKZ3ZJJQWK53,2023,2024-05-30,946130471
2022-12-GSAFAC-0000041999,HVWJJCAW86H3,2022,2024-05-30,840735096
2022-12-GSAFAC-0000041999,HVWJJCAW86H3,2022,2024-05-30,742255936
2022-12-GSAFAC-0000041999,HVWJJCAW86H3,2022,2024-05-30,810231792
2022-12-GSAFAC-0000041999,HVWJJCAW86H3,2022,2024-05-30,202270238
2022-12-GSAFAC-0000041999,HVWJJCAW86H3,2022,2024-05-30,260286308
2022-12-GSAFAC-0000041999,HVWJJCAW86H3,2022,2024-05-30,810232124
2022-12-GSAFAC-0000041999,HVWJJCAW86H3,2022,2024-05-30,651202190
2022-12-GSAFAC-0000041999,HVWJJCAW86H3,2022,2024-05-30,841103606
2022-12-GSAFAC-0000041999,HVWJJCAW86H3,2022,2024-05-30,840405260
2022-12-GSAFAC-0000041999,HVWJJCAW86H3,2022,2024-05-30,840482695
2022-12-GSAFAC-0000041999,HVWJJCAW86H3,2022,2024-05-30,237379161
2022-12-GSAFAC-0000041999,HVWJJCAW86H3,2022,2024-05-30,942854057
2022-12-GSAFAC-0000041999,HVWJJCAW86H3,2022,2024-05-30,237001007
2022-12-GSAFAC-0000041999,HVWJJCAW86H3,2022,2024-05-30,822778995
2022-12-GSAFAC-0000041999,HVWJJCAW86H3,2022,2024-05-30,810468034
2022-12-GSAFAC-0000041999,HVWJJCAW86H3,2022,2024-05-30,840417134
2022-12-GSAFAC-0000041999,HVWJJCAW86H3,2022,2024-05-30,208846152
2022-12-GSAFAC-0000041999,HVWJJCAW86H3,2022,2024-05-30,840425720
2022-12-GSAFAC-0000041999,HVWJJCAW86H3,2022,2024-05-30,810231785
2022-06-GSAFAC-0000042416,DTVJCACD7DE1,2022,2024-05-30,471236257
2023-08-GSAFAC-0000040495,NJNUW2PLC876,2023,2024-05-31,586000778
2023-12-GSAFAC-0000041246,YNLRKUB992W7,2023,2024-05-31,416004951
2021-08-GSAFAC-0000042469,UH5QZ8P84MW7,2021,2024-05-31,873924543
2022-08-GSAFAC-0000042491,UH5QZ8P84MW7,2022,2024-05-31,873924543
2023-08-GSAFAC-0000042496,UH5QZ8P84MW7,2023,2024-05-31,873924543
2023-12-GSAFAC-0000041939,XVLSKWGRX9J6,2023,2024-06-01,251925187
2023-12-GSAFAC-0000041939,XVLSKWGRX9J6,2023,2024-06-01,720423659
2023-12-GSAFAC-0000041939,XVLSKWGRX9J6,2023,2024-06-01,720467503
2023-12-GSAFAC-0000034211,FENWF2HUMHE5,2023,2024-06-03,464378899
2023-12-GSAFAC-0000034211,FENWF2HUMHE5,2023,2024-06-03,270836646
2023-12-GSAFAC-0000042470,ZAVGFTD8EN37,2023,2024-06-03,710932560
2023-12-GSAFAC-0000042470,ZAVGFTD8EN37,2023,2024-06-03,834334037
2023-06-GSAFAC-0000031788,J4CMJGRP7A43,2023,2024-06-03,310538523
2023-06-GSAFAC-0000031788,J4CMJGRP7A43,2023,2024-06-03,311510768
2023-06-GSAFAC-0000031788,J4CMJGRP7A43,2023,2024-06-03,344429863
2023-12-GSAFAC-0000041716,SRG2J1WS9X63,2023,2024-06-03,472893226
2023-12-GSAFAC-0000041717,FZC1BKBDB4F5,2023,2024-06-03,043358724
2023-12-GSAFAC-0000040925,W4TXPPQNK4F5,2023,2024-06-03,237084455
2023-12-GSAFAC-0000040925,W4TXPPQNK4F5,2023,2024-06-03,340733131
2023-12-GSAFAC-0000040925,W4TXPPQNK4F5,2023,2024-06-03,200754018
2023-12-GSAFAC-0000042366,VGBNCF7ULV39,2023,2024-06-03,833026065
2023-12-GSAFAC-0000042366,VGBNCF7ULV39,2023,2024-06-03,832981629
2023-09-GSAFAC-0000039923,PCC4HYJQEZK3,2023,2024-06-03,640466231
2023-12-GSAFAC-0000042302,FYMXH7LRAX83,2023,2024-06-04,311425884
2023-09-GSAFAC-0000040186,LPF4ESK8FSN1,2023,2024-06-04,920192097
2023-09-GSAFAC-0000040186,LPF4ESK8FSN1,2023,2024-06-04,452654166
2023-09-GSAFAC-0000040112,HPCHBQVY5JB3,2022,2024-06-05,861963790
2023-12-GSAFAC-0000040853,K3MWP752NSM4,2023,2024-06-05,208316475
2023-09-GSAFAC-0000021026,DN2PQ51JLX25,2023,2024-06-05,640682111
2023-09-GSAFAC-0000021026,DN2PQ51JLX25,2023,2024-06-05,620123940
2023-09-GSAFAC-0000021026,DN2PQ51JLX25,2023,2024-06-05,621113167
2023-09-GSAFAC-0000021026,DN2PQ51JLX25,2023,2024-06-05,640881013
2023-09-GSAFAC-0000021026,DN2PQ51JLX25,2023,2024-06-05,753068151
2023-09-GSAFAC-0000021026,DN2PQ51JLX25,2023,2024-06-05,261214372
2023-09-GSAFAC-0000021026,DN2PQ51JLX25,2023,2024-06-05,274396698
2023-09-GSAFAC-0000021026,DN2PQ51JLX25,2023,2024-06-05,452832975
2023-09-GSAFAC-0000021026,DN2PQ51JLX25,2023,2024-06-05,640772726
2023-09-GSAFAC-0000021026,DN2PQ51JLX25,2023,2024-06-05,621519754
2023-09-GSAFAC-0000021026,DN2PQ51JLX25,2023,2024-06-05,710850123
2023-09-GSAFAC-0000021026,DN2PQ51JLX25,2023,2024-06-05,621545731
2023-09-GSAFAC-0000021026,DN2PQ51JLX25,2023,2024-06-05,630997281
2023-09-GSAFAC-0000021026,DN2PQ51JLX25,2023,2024-06-05,621138045
2023-09-GSAFAC-0000021026,DN2PQ51JLX25,2023,2024-06-05,352461541
2023-09-GSAFAC-0000021026,DN2PQ51JLX25,2023,2024-06-05,640925692
2023-09-GSAFAC-0000021026,DN2PQ51JLX25,2023,2024-06-05,621166050
2023-09-GSAFAC-0000021026,DN2PQ51JLX25,2023,2024-06-05,200804946
2023-09-GSAFAC-0000021026,DN2PQ51JLX25,2023,2024-06-05,621810940
2023-09-GSAFAC-0000021026,DN2PQ51JLX25,2023,2024-06-05,452896080
2023-09-GSAFAC-0000021026,DN2PQ51JLX25,2023,2024-06-05,640663760
2023-09-GSAFAC-0000021026,DN2PQ51JLX25,2023,2024-06-05,640844470
2023-09-GSAFAC-0000021026,DN2PQ51JLX25,2023,2024-06-05,823844150
2023-09-GSAFAC-0000021026,DN2PQ51JLX25,2023,2024-06-05,621538114
2023-09-GSAFAC-0000021026,DN2PQ51JLX25,2023,2024-06-05,262641267
2023-09-GSAFAC-0000021026,DN2PQ51JLX25,2023,2024-06-05,813257997
2023-09-GSAFAC-0000021026,DN2PQ51JLX25,2023,2024-06-05,621846584
2023-09-GSAFAC-0000021026,DN2PQ51JLX25,2023,2024-06-05,461953140
2023-09-GSAFAC-0000021026,DN2PQ51JLX25,2023,2024-06-05,621509127
2023-09-GSAFAC-0000021026,DN2PQ51JLX25,2023,2024-06-05,581645396
2023-09-GSAFAC-0000021026,DN2PQ51JLX25,2023,2024-06-05,813655778
2023-09-GSAFAC-0000021026,DN2PQ51JLX25,2023,2024-06-05,621488427
2023-09-GSAFAC-0000021026,DN2PQ51JLX25,2023,2024-06-05,621278576
2023-09-GSAFAC-0000021026,DN2PQ51JLX25,2023,2024-06-05,640306253
2023-09-GSAFAC-0000021026,DN2PQ51JLX25,2023,2024-06-05,473684354
2023-09-GSAFAC-0000021026,DN2PQ51JLX25,2023,2024-06-05,901022012
2023-09-GSAFAC-0000021026,DN2PQ51JLX25,2023,2024-06-05,461613457
2023-12-GSAFAC-0000040549,LV6WP4FF3VH5,2023,2024-06-05,463225995
2023-12-GSAFAC-0000039245,PBQRGJPJ7C95,2023,2024-06-06,271408630
2023-12-GSAFAC-0000039245,PBQRGJPJ7C95,2023,2024-06-06,310537085
2023-12-GSAFAC-0000039245,PBQRGJPJ7C95,2023,2024-06-06,310538532
2023-12-GSAFAC-0000039245,PBQRGJPJ7C95,2023,2024-06-06,310785684
2023-12-GSAFAC-0000039245,PBQRGJPJ7C95,2023,2024-06-06,310830955
2023-12-GSAFAC-0000039245,PBQRGJPJ7C95,2023,2024-06-06,311007881
2023-12-GSAFAC-0000039245,PBQRGJPJ7C95,2023,2024-06-06,311091597
2023-12-GSAFAC-0000039245,PBQRGJPJ7C95,2023,2024-06-06,311222942
2023-12-GSAFAC-0000039245,PBQRGJPJ7C95,2023,2024-06-06,311556401
2023-12-GSAFAC-0000039245,PBQRGJPJ7C95,2023,2024-06-06,311716973
2023-12-GSAFAC-0000039245,PBQRGJPJ7C95,2023,2024-06-06,340505560
2023-12-GSAFAC-0000039245,PBQRGJPJ7C95,2023,2024-06-06,340714704
2023-12-GSAFAC-0000039245,PBQRGJPJ7C95,2023,2024-06-06,340864230
2023-12-GSAFAC-0000039245,PBQRGJPJ7C95,2023,2024-06-06,341105619
2023-12-GSAFAC-0000039245,PBQRGJPJ7C95,2023,2024-06-06,341344482
2023-12-GSAFAC-0000039245,PBQRGJPJ7C95,2023,2024-06-06,341577110
2023-12-GSAFAC-0000039245,PBQRGJPJ7C95,2023,2024-06-06,341726619
2023-12-GSAFAC-0000039245,PBQRGJPJ7C95,2023,2024-06-06,344428250
2023-12-GSAFAC-0000039245,PBQRGJPJ7C95,2023,2024-06-06,344431174
2023-12-GSAFAC-0000039245,PBQRGJPJ7C95,2023,2024-06-06,344445373
2023-12-GSAFAC-0000039245,PBQRGJPJ7C95,2023,2024-06-06,521732800
2023-12-GSAFAC-0000039245,PBQRGJPJ7C95,2023,2024-06-06,521857768
2023-12-GSAFAC-0000039245,PBQRGJPJ7C95,2023,2024-06-06,540506463
2023-12-GSAFAC-0000039245,PBQRGJPJ7C95,2023,2024-06-06,540548200
2023-12-GSAFAC-0000039245,PBQRGJPJ7C95,2023,2024-06-06,540647482
2023-12-GSAFAC-0000039245,PBQRGJPJ7C95,2023,2024-06-06,540793767
2023-12-GSAFAC-0000039245,PBQRGJPJ7C95,2023,2024-06-06,541744931
2023-12-GSAFAC-0000039245,PBQRGJPJ7C95,2023,2024-06-06,610927491
2023-12-GSAFAC-0000039245,PBQRGJPJ7C95,2023,2024-06-06,020701635
2023-12-GSAFAC-0000039245,PBQRGJPJ7C95,2023,2024-06-06,843041473
2023-12-GSAFAC-0000039245,PBQRGJPJ7C95,2023,2024-06-06,610600313
2023-12-GSAFAC-0000039245,PBQRGJPJ7C95,2023,2024-06-06,237424835
2023-12-GSAFAC-0000039245,PBQRGJPJ7C95,2023,2024-06-06,843050337
2023-12-GSAFAC-0000039245,PBQRGJPJ7C95,2023,2024-06-06,843065045
2023-12-GSAFAC-0000039245,PBQRGJPJ7C95,2023,2024-06-06,582504530
2023-12-GSAFAC-0000039245,PBQRGJPJ7C95,2023,2024-06-06,832087782
2023-12-GSAFAC-0000039245,PBQRGJPJ7C95,2023,2024-06-06,134290167
2023-12-GSAFAC-0000039245,PBQRGJPJ7C95,2023,2024-06-06,134334363
2023-12-GSAFAC-0000039245,PBQRGJPJ7C95,2023,2024-06-06,205588350
2023-12-GSAFAC-0000039245,PBQRGJPJ7C95,2023,2024-06-06,205886018
2023-12-GSAFAC-0000039245,PBQRGJPJ7C95,2023,2024-06-06,262788491
2023-12-GSAFAC-0000039245,PBQRGJPJ7C95,2023,2024-06-06,263807038
2023-12-GSAFAC-0000039245,PBQRGJPJ7C95,2023,2024-06-06,264779623
2023-12-GSAFAC-0000039245,PBQRGJPJ7C95,2023,2024-06-06,270854930
2023-12-GSAFAC-0000039245,PBQRGJPJ7C95,2023,2024-06-06,270995585
2023-12-GSAFAC-0000039245,PBQRGJPJ7C95,2023,2024-06-06,271672951
2023-12-GSAFAC-0000039245,PBQRGJPJ7C95,2023,2024-06-06,311308729
2023-12-GSAFAC-0000039245,PBQRGJPJ7C95,2023,2024-06-06,320306944
2023-12-GSAFAC-0000039245,PBQRGJPJ7C95,2023,2024-06-06,320350047
2023-12-GSAFAC-0000039245,PBQRGJPJ7C95,2023,2024-06-06,341013695
2023-12-GSAFAC-0000039245,PBQRGJPJ7C95,2023,2024-06-06,341894783
2023-12-GSAFAC-0000039245,PBQRGJPJ7C95,2023,2024-06-06,341898285
2023-12-GSAFAC-0000039245,PBQRGJPJ7C95,2023,2024-06-06,341913433
2023-12-GSAFAC-0000039245,PBQRGJPJ7C95,2023,2024-06-06,521578169
2023-12-GSAFAC-0000039245,PBQRGJPJ7C95,2023,2024-06-06,562186977
2023-12-GSAFAC-0000039245,PBQRGJPJ7C95,2023,2024-06-06,541516476
2023-12-GSAFAC-0000039245,PBQRGJPJ7C95,2023,2024-06-06,650061820
2023-12-GSAFAC-0000039245,PBQRGJPJ7C95,2023,2024-06-06,800520229
2023-12-GSAFAC-0000039245,PBQRGJPJ7C95,2023,2024-06-06,541417686
2023-12-GSAFAC-0000039245,PBQRGJPJ7C95,2023,2024-06-06,570831165
2023-12-GSAFAC-0000039245,PBQRGJPJ7C95,2023,2024-06-06,570828733
2023-12-GSAFAC-0000039245,PBQRGJPJ7C95,2023,2024-06-06,571067254
2023-12-GSAFAC-0000039245,PBQRGJPJ7C95,2023,2024-06-06,570360499
2023-12-GSAFAC-0000039245,PBQRGJPJ7C95,2023,2024-06-06,263710229
2023-12-GSAFAC-0000039245,PBQRGJPJ7C95,2023,2024-06-06,571068509
2023-12-GSAFAC-0000039245,PBQRGJPJ7C95,2023,2024-06-06,475407453
2023-12-GSAFAC-0000039245,PBQRGJPJ7C95,2023,2024-06-06,262946628
2023-12-GSAFAC-0000039245,PBQRGJPJ7C95,2023,2024-06-06,581693021
2023-12-GSAFAC-0000039245,PBQRGJPJ7C95,2023,2024-06-06,311063783
2023-12-GSAFAC-0000039245,PBQRGJPJ7C95,2023,2024-06-06,271908136
2023-12-GSAFAC-0000039245,PBQRGJPJ7C95,2023,2024-06-06,320598154
2023-12-GSAFAC-0000039245,PBQRGJPJ7C95,2023,2024-06-06,352656251
2023-12-GSAFAC-0000039245,PBQRGJPJ7C95,2023,2024-06-06,371941117
2023-12-GSAFAC-0000039245,PBQRGJPJ7C95,2023,2024-06-06,384115512
2023-12-GSAFAC-0000039245,PBQRGJPJ7C95,2023,2024-06-06,850900392
2023-12-GSAFAC-0000039245,PBQRGJPJ7C95,2023,2024-06-06,850907823
2023-12-GSAFAC-0000039245,PBQRGJPJ7C95,2023,2024-06-06,850927018
2023-12-GSAFAC-0000039245,PBQRGJPJ7C95,2023,2024-06-06,850942760
2023-12-GSAFAC-0000039245,PBQRGJPJ7C95,2023,2024-06-06,850958357
2023-12-GSAFAC-0000039245,PBQRGJPJ7C95,2023,2024-06-06,850975137
2023-12-GSAFAC-0000039245,PBQRGJPJ7C95,2023,2024-06-06,850988160
2023-12-GSAFAC-0000039245,PBQRGJPJ7C95,2023,2024-06-06,851007420
2023-12-GSAFAC-0000039245,PBQRGJPJ7C95,2023,2024-06-06,851024360
2023-12-GSAFAC-0000039245,PBQRGJPJ7C95,2023,2024-06-06,851040784
2023-12-GSAFAC-0000039245,PBQRGJPJ7C95,2023,2024-06-06,851056783
2023-12-GSAFAC-0000039245,PBQRGJPJ7C95,2023,2024-06-06,882309850
2023-12-GSAFAC-0000039245,PBQRGJPJ7C95,2023,2024-06-06,521442707
2023-12-GSAFAC-0000039245,PBQRGJPJ7C95,2023,2024-06-06,521543174
2023-06-GSAFAC-0000042902,RYDDMCDJBYM8,2023,2024-06-06,426004522
2023-06-GSAFAC-0000042902,RYDDMCDJBYM8,2023,2024-06-06,800871095
2023-06-GSAFAC-0000042902,RYDDMCDJBYM8,2023,2024-06-06,426004517
2023-06-GSAFAC-0000042902,RYDDMCDJBYM8,2023,2024-06-06,420897561
2023-06-GSAFAC-0000042902,RYDDMCDJBYM8,2023,2024-06-06,426004539
2023-06-GSAFAC-0000042902,RYDDMCDJBYM8,2023,2024-06-06,364770472
2023-06-GSAFAC-0000042902,RYDDMCDJBYM8,2023,2024-06-06,421071835
2023-06-GSAFAC-0000042902,RYDDMCDJBYM8,2023,2024-06-06,421186506
2023-06-GSAFAC-0000042902,RYDDMCDJBYM8,2023,2024-06-06,421027037
2023-06-GSAFAC-0000042902,RYDDMCDJBYM8,2023,2024-06-06,800519178
2023-06-GSAFAC-0000042902,RYDDMCDJBYM8,2023,2024-06-06,421518854
2023-06-GSAFAC-0000042902,RYDDMCDJBYM8,2023,2024-06-06,426004812
2023-06-GSAFAC-0000042902,RYDDMCDJBYM8,2023,2024-06-06,100606429
2023-06-GSAFAC-0000042902,RYDDMCDJBYM8,2023,2024-06-06,426004525
2023-06-GSAFAC-0000042902,RYDDMCDJBYM8,2023,2024-06-06,900743434
2023-06-GSAFAC-0000042902,RYDDMCDJBYM8,2023,2024-06-06,426004582
2023-06-GSAFAC-0000042902,RYDDMCDJBYM8,2023,2024-06-06,900491825
2023-06-GSAFAC-0000042902,RYDDMCDJBYM8,2023,2024-06-06,421008566
2023-06-GSAFAC-0000042902,RYDDMCDJBYM8,2023,2024-06-06,420922943
2023-06-GSAFAC-0000042902,RYDDMCDJBYM8,2023,2024-06-06,426004546
2023-06-GSAFAC-0000042902,RYDDMCDJBYM8,2023,2024-06-06,420919127
2023-06-GSAFAC-0000042902,RYDDMCDJBYM8,2023,2024-06-06,426004568
2023-06-GSAFAC-0000042902,RYDDMCDJBYM8,2023,2024-06-06,426004710
2023-06-GSAFAC-0000042902,RYDDMCDJBYM8,2023,2024-06-06,426004555
2023-06-GSAFAC-0000042902,RYDDMCDJBYM8,2023,2024-06-06,426004575
2023-06-GSAFAC-0000042902,RYDDMCDJBYM8,2023,2024-06-06,426004572
2023-06-GSAFAC-0000042902,RYDDMCDJBYM8,2023,2024-06-06,426004501
2023-06-GSAFAC-0000042902,RYDDMCDJBYM8,2023,2024-06-06,426038004
2023-06-GSAFAC-0000042902,RYDDMCDJBYM8,2023,2024-06-06,426004523
2023-06-GSAFAC-0000042902,RYDDMCDJBYM8,2023,2024-06-06,426004563
2023-06-GSAFAC-0000042902,RYDDMCDJBYM8,2023,2024-06-06,426005306
2023-06-GSAFAC-0000042902,RYDDMCDJBYM8,2023,2024-06-06,424004567
2023-06-GSAFAC-0000042902,RYDDMCDJBYM8,2023,2024-06-06,426004471
2023-06-GSAFAC-0000042902,RYDDMCDJBYM8,2023,2024-06-06,426004226
2023-06-GSAFAC-0000042902,RYDDMCDJBYM8,2023,2024-06-06,426004579
2023-06-GSAFAC-0000042902,RYDDMCDJBYM8,2023,2024-06-06,113808504
2023-06-GSAFAC-0000042941,HVXDWDYJT696,2023,2024-06-06,480576044
2023-06-GSAFAC-0000042941,HVXDWDYJT696,2023,2024-06-06,263389292
2023-06-GSAFAC-0000042941,HVXDWDYJT696,2023,2024-06-06,271701100
2023-06-GSAFAC-0000042941,HVXDWDYJT696,2023,2024-06-06,364777539
2023-12-GSAFAC-0000019748,FV5LKBAZZ8K5,2022,2024-06-07,233400323
2023-12-GSAFAC-0000042662,HFJMPSKJJBK9,2023,2024-06-07,510202066
2023-12-GSAFAC-0000043183,JS7DK2APTFJ7,2023,2024-06-07,752562191
2023-12-GSAFAC-0000043183,JS7DK2APTFJ7,2023,2024-06-07,752770738
2023-12-GSAFAC-0000043183,JS7DK2APTFJ7,2023,2024-06-07,752890358
2023-12-GSAFAC-0000043183,JS7DK2APTFJ7,2023,2024-06-07,751748586
2023-12-GSAFAC-0000043183,JS7DK2APTFJ7,2023,2024-06-07,752678857
2023-12-GSAFAC-0000043183,JS7DK2APTFJ7,2023,2024-06-07,752771437
2023-12-GSAFAC-0000043183,JS7DK2APTFJ7,2023,2024-06-07,756001743
2023-12-GSAFAC-0000043183,JS7DK2APTFJ7,2023,2024-06-07,751752253
2023-12-GSAFAC-0000043183,JS7DK2APTFJ7,2023,2024-06-07,751648589
2023-12-GSAFAC-0000043183,JS7DK2APTFJ7,2023,2024-06-07,750972805
2023-12-GSAFAC-0000043183,JS7DK2APTFJ7,2023,2024-06-07,751438726
2023-12-GSAFAC-0000043183,JS7DK2APTFJ7,2023,2024-06-07,751977850
2023-12-GSAFAC-0000043183,JS7DK2APTFJ7,2023,2024-06-07,451502252
2023-12-GSAFAC-0000043183,JS7DK2APTFJ7,2023,2024-06-07,432008974
2023-12-GSAFAC-0000043183,JS7DK2APTFJ7,2023,2024-06-07,751047527
2023-08-GSAFAC-0000043220,HGS5A6FLPNL9,2023,2024-06-07,201466090
2023-08-GSAFAC-0000043220,HGS5A6FLPNL9,2023,2024-06-07,201470096
2023-08-GSAFAC-0000043220,HGS5A6FLPNL9,2023,2024-06-07,201466483
2023-08-GSAFAC-0000043220,HGS5A6FLPNL9,2023,2024-06-07,402704456
2023-12-GSAFAC-0000041024,PFXGB5BU5TV5,2023,2024-06-07,480978676
2023-12-GSAFAC-0000041024,PFXGB5BU5TV5,2023,2024-06-07,481125245
2023-12-GSAFAC-0000041024,PFXGB5BU5TV5,2023,2024-06-07,481125246
2023-06-GSAFAC-0000041400,N1TDGEMSHLU5,2023,2024-06-10,546001542
2023-06-GSAFAC-0000041400,N1TDGEMSHLU5,2023,2024-06-10,546001540
2023-12-GSAFAC-0000037984,JKL6PFR6MYK7,2023,2024-06-10,161406204
2023-09-GSAFAC-0000036645,HVGYXANHYJP4,2023,2024-06-10,020280367
2023-09-GSAFAC-0000036645,HVGYXANHYJP4,2023,2024-06-10,020300637
2023-09-GSAFAC-0000036645,HVGYXANHYJP4,2023,2024-06-10,020276210
2023-09-GSAFAC-0000036645,HVGYXANHYJP4,2023,2024-06-10,020222242
2023-06-GSAFAC-0000011652,Y2BSP82QPGB3,2023,2024-06-10,546001249
2023-06-GSAFAC-0000011652,Y2BSP82QPGB3,2023,2024-06-10,546001251
2023-08-GSAFAC-0000043374,R3WGJEA51D93,2023,2024-06-10,113578366
2023-08-GSAFAC-0000043374,R3WGJEA51D93,2023,2024-06-10,200763890
2023-08-GSAFAC-0000043374,R3WGJEA51D93,2023,2024-06-10,465297922
2023-08-GSAFAC-0000043374,R3WGJEA51D93,2023,2024-06-10,473018775
2023-08-GSAFAC-0000043374,R3WGJEA51D93,2023,2024-06-10,464719399
2023-08-GSAFAC-0000043374,R3WGJEA51D93,2023,2024-06-10,371873820
2023-08-GSAFAC-0000043374,R3WGJEA51D93,2023,2024-06-10,873379766
2023-08-GSAFAC-0000043374,R3WGJEA51D93,2023,2024-06-10,922481438
2023-08-GSAFAC-0000043374,R3WGJEA51D93,2023,2024-06-10,922523148
2023-09-GSAFAC-0000042750,MMVSQVGLSK98,2023,2024-06-11,596000712
2023-09-GSAFAC-0000042750,MMVSQVGLSK98,2023,2024-06-11,596000710
2023-08-GSAFAC-0000043390,K6N6K62DDG68,2023,2024-06-11,112547234
2023-08-GSAFAC-0000043390,K6N6K62DDG68,2023,2024-06-11,113057583
2023-12-GSAFAC-0000042712,UFB4GK6BW1X3,2023,2024-06-12,742471210
2023-09-GSAFAC-0000043393,ZPUHZJCNFKN9,2023,2024-06-12,521902649
2023-09-GSAFAC-0000043470,N2FCJJESFFF6,2023,2024-06-12,371906316
2023-09-GSAFAC-0000043470,N2FCJJESFFF6,2023,2024-06-12,853662447
2023-09-GSAFAC-0000043470,N2FCJJESFFF6,2023,2024-06-12,853688658
2023-09-GSAFAC-0000043470,N2FCJJESFFF6,2023,2024-06-12,232935865
2023-09-GSAFAC-0000042932,MRMJJ9JEK5D1,2023,2024-06-12,592650456
2023-12-GSAFAC-0000041552,N1W8YN4MSHY6,2023,2024-06-12,810303443
2023-12-GSAFAC-0000041552,N1W8YN4MSHY6,2023,2024-06-12,522403507
2023-12-GSAFAC-0000041552,N1W8YN4MSHY6,2023,2024-06-12,231671903
2023-12-GSAFAC-0000041552,N1W8YN4MSHY6,2023,2024-06-12,923340798
2023-12-GSAFAC-0000041552,N1W8YN4MSHY6,2023,2024-06-12,660471799
2023-09-GSAFAC-0000039284,FV5JX1HNMDH3,2023,2024-06-13,322526373
2023-06-GSAFAC-0000040039,MLGGMZEZFKQ2,2023,2024-06-13,202520469
2023-06-GSAFAC-0000040039,MLGGMZEZFKQ2,2023,2024-06-13,461409414
2023-06-GSAFAC-0000040039,MLGGMZEZFKQ2,2023,2024-06-13,462064169
2022-06-GSAFAC-0000043687,ZH25WMLM4RL3,2022,2024-06-13,237446786
2023-09-GSAFAC-0000043429,CQHAXN1ZMAE9,2023,2024-06-13,621795688
2023-09-GSAFAC-0000041883,EYJCLM9UCLX5,2023,2024-06-13,260834681
2023-09-GSAFAC-0000041883,EYJCLM9UCLX5,2023,2024-06-13,760460242
2023-09-GSAFAC-0000041883,EYJCLM9UCLX5,2023,2024-06-13,741100555
2023-09-GSAFAC-0000041883,EYJCLM9UCLX5,2023,2024-06-13,760486264
2023-09-GSAFAC-0000041883,EYJCLM9UCLX5,2023,2024-06-13,472029489
2023-12-GSAFAC-0000043052,Q35NCMKQ7AU5,2023,2024-06-13,592374556
2023-12-GSAFAC-0000043052,Q35NCMKQ7AU5,2023,2024-06-13,591371752
2023-12-GSAFAC-0000043052,Q35NCMKQ7AU5,2023,2024-06-13,590724462
2023-12-GSAFAC-0000043052,Q35NCMKQ7AU5,2023,2024-06-13,590774199
2023-12-GSAFAC-0000039314,WC6HND5TJPC4,2023,2024-06-14,800946023
2023-12-GSAFAC-0000039314,WC6HND5TJPC4,2023,2024-06-14,815371499
2023-12-GSAFAC-0000039314,WC6HND5TJPC4,2023,2024-06-14,463207999
2023-12-GSAFAC-0000039314,WC6HND5TJPC4,2023,2024-06-14,921851979
2023-12-GSAFAC-0000041316,UETJCKGEX8G9,2023,2024-06-14,223073668
2023-06-GSAFAC-0000044042,DTVJCACD7DE1,2023,2024-06-17,471236257
2023-12-GSAFAC-0000043823,FGMCJDJRLFB1,2023,2024-06-17,161640771
2023-12-GSAFAC-0000043823,FGMCJDJRLFB1,2023,2024-06-17,391932103
2023-12-GSAFAC-0000043823,FGMCJDJRLFB1,2023,2024-06-17,391991269
2023-09-GSAFAC-0000039286,XNSRLRNJE2L1,2023,2024-06-17,731401496
2023-09-GSAFAC-0000039286,XNSRLRNJE2L1,2023,2024-06-17,270030542
2023-12-GSAFAC-0000043878,N5JBFEUTAKS3,2023,2024-06-17,311033231
2023-12-GSAFAC-0000043878,N5JBFEUTAKS3,2023,2024-06-17,311011485
2023-12-GSAFAC-0000043045,KVLYDC1KL4W7,2023,2024-06-17,134306253
2023-12-GSAFAC-0000043045,KVLYDC1KL4W7,2023,2024-06-17,201302300
2023-12-GSAFAC-0000043045,KVLYDC1KL4W7,2023,2024-06-17,201302341
2023-12-GSAFAC-0000043045,KVLYDC1KL4W7,2023,2024-06-17,201775147
2023-12-GSAFAC-0000043045,KVLYDC1KL4W7,2023,2024-06-17,201799492
2023-12-GSAFAC-0000043045,KVLYDC1KL4W7,2023,2024-06-17,201799512
2023-12-GSAFAC-0000043045,KVLYDC1KL4W7,2023,2024-06-17,201824819
2023-12-GSAFAC-0000043045,KVLYDC1KL4W7,2023,2024-06-17,201824842
2023-12-GSAFAC-0000043045,KVLYDC1KL4W7,2023,2024-06-17,201961908
2023-12-GSAFAC-0000043045,KVLYDC1KL4W7,2023,2024-06-17,202626693
2023-12-GSAFAC-0000043045,KVLYDC1KL4W7,2023,2024-06-17,202626756
2023-12-GSAFAC-0000043045,KVLYDC1KL4W7,2023,2024-06-17,202675576
2023-12-GSAFAC-0000043045,KVLYDC1KL4W7,2023,2024-06-17,202807133
2023-12-GSAFAC-0000043045,KVLYDC1KL4W7,2023,2024-06-17,202809665
2023-12-GSAFAC-0000043045,KVLYDC1KL4W7,2023,2024-06-17,205725256
2023-12-GSAFAC-0000043045,KVLYDC1KL4W7,2023,2024-06-17,205834554
2023-12-GSAFAC-0000043045,KVLYDC1KL4W7,2023,2024-06-17,205834618
2023-12-GSAFAC-0000043045,KVLYDC1KL4W7,2023,2024-06-17,205834691
2023-12-GSAFAC-0000043045,KVLYDC1KL4W7,2023,2024-06-17,208544183
2023-12-GSAFAC-0000043045,KVLYDC1KL4W7,2023,2024-06-17,237302131
2023-12-GSAFAC-0000043045,KVLYDC1KL4W7,2023,2024-06-17,260211139
2023-12-GSAFAC-0000043045,KVLYDC1KL4W7,2023,2024-06-17,260725134
2023-12-GSAFAC-0000043045,KVLYDC1KL4W7,2023,2024-06-17,262731197
2023-12-GSAFAC-0000043045,KVLYDC1KL4W7,2023,2024-06-17,262755834
2023-12-GSAFAC-0000043045,KVLYDC1KL4W7,2023,2024-06-17,262755908
2023-12-GSAFAC-0000043045,KVLYDC1KL4W7,2023,2024-06-17,262755947
2023-12-GSAFAC-0000043045,KVLYDC1KL4W7,2023,2024-06-17,262896203
2023-12-GSAFAC-0000043045,KVLYDC1KL4W7,2023,2024-06-17,262896253
2023-12-GSAFAC-0000043045,KVLYDC1KL4W7,2023,2024-06-17,263692381
2023-12-GSAFAC-0000043045,KVLYDC1KL4W7,2023,2024-06-17,263928392
2023-12-GSAFAC-0000043045,KVLYDC1KL4W7,2023,2024-06-17,263928399
2023-12-GSAFAC-0000043045,KVLYDC1KL4W7,2023,2024-06-17,263928408
2023-12-GSAFAC-0000043045,KVLYDC1KL4W7,2023,2024-06-17,264233897
2023-12-GSAFAC-0000043045,KVLYDC1KL4W7,2023,2024-06-17,270650527
2023-12-GSAFAC-0000043045,KVLYDC1KL4W7,2023,2024-06-17,271338397
2023-12-GSAFAC-0000043045,KVLYDC1KL4W7,2023,2024-06-17,272026972
2023-12-GSAFAC-0000043045,KVLYDC1KL4W7,2023,2024-06-17,272377250
2023-12-GSAFAC-0000043045,KVLYDC1KL4W7,2023,2024-06-17,300144796
2023-12-GSAFAC-0000043045,KVLYDC1KL4W7,2023,2024-06-17,300144797
2023-12-GSAFAC-0000043045,KVLYDC1KL4W7,2023,2024-06-17,301090590
2023-12-GSAFAC-0000043045,KVLYDC1KL4W7,2023,2024-06-17,300144792
2023-12-GSAFAC-0000043045,KVLYDC1KL4W7,2023,2024-06-17,300144793
2023-12-GSAFAC-0000043045,KVLYDC1KL4W7,2023,2024-06-17,320465924
2023-12-GSAFAC-0000043045,KVLYDC1KL4W7,2023,2024-06-17,352484314
2023-12-GSAFAC-0000043045,KVLYDC1KL4W7,2023,2024-06-17,371859936
2023-12-GSAFAC-0000043045,KVLYDC1KL4W7,2023,2024-06-17,371902268
2023-12-GSAFAC-0000043045,KVLYDC1KL4W7,2023,2024-06-17,383970987
2023-12-GSAFAC-0000043045,KVLYDC1KL4W7,2023,2024-06-17,391877014
2023-12-GSAFAC-0000043045,KVLYDC1KL4W7,2023,2024-06-17,392011157
2023-12-GSAFAC-0000043045,KVLYDC1KL4W7,2023,2024-06-17,421664322
2023-12-GSAFAC-0000043045,KVLYDC1KL4W7,2023,2024-06-17,452492404
2023-12-GSAFAC-0000043045,KVLYDC1KL4W7,2023,2024-06-17,453244483
2023-12-GSAFAC-0000043045,KVLYDC1KL4W7,2023,2024-06-17,454680004
2023-12-GSAFAC-0000043045,KVLYDC1KL4W7,2023,2024-06-17,461246721
2023-12-GSAFAC-0000043045,KVLYDC1KL4W7,2023,2024-06-17,461454269
2023-12-GSAFAC-0000043045,KVLYDC1KL4W7,2023,2024-06-17,461457909
2023-12-GSAFAC-0000043045,KVLYDC1KL4W7,2023,2024-06-17,463570101
2023-12-GSAFAC-0000043045,KVLYDC1KL4W7,2023,2024-06-17,464246224
2023-12-GSAFAC-0000043045,KVLYDC1KL4W7,2023,2024-06-17,471035410
2023-12-GSAFAC-0000043045,KVLYDC1KL4W7,2023,2024-06-17,471096507
2023-12-GSAFAC-0000043045,KVLYDC1KL4W7,2023,2024-06-17,471103583
2023-12-GSAFAC-0000043045,KVLYDC1KL4W7,2023,2024-06-17,471115774
2023-12-GSAFAC-0000043045,KVLYDC1KL4W7,2023,2024-06-17,471128671
2023-12-GSAFAC-0000043045,KVLYDC1KL4W7,2023,2024-06-17,471139383
2023-12-GSAFAC-0000043045,KVLYDC1KL4W7,2023,2024-06-17,474570837
2023-12-GSAFAC-0000043045,KVLYDC1KL4W7,2023,2024-06-17,474651906
2023-12-GSAFAC-0000043045,KVLYDC1KL4W7,2023,2024-06-17,475544175
2023-12-GSAFAC-0000043045,KVLYDC1KL4W7,2023,2024-06-17,800331395
2023-12-GSAFAC-0000043045,KVLYDC1KL4W7,2023,2024-06-17,800821399
2023-12-GSAFAC-0000043045,KVLYDC1KL4W7,2023,2024-06-17,800954491
2023-12-GSAFAC-0000043045,KVLYDC1KL4W7,2023,2024-06-17,812847137
2023-12-GSAFAC-0000043045,KVLYDC1KL4W7,2023,2024-06-17,814628527
2023-12-GSAFAC-0000043045,KVLYDC1KL4W7,2023,2024-06-17,815016729
2023-12-GSAFAC-0000043045,KVLYDC1KL4W7,2023,2024-06-17,821062185
2023-12-GSAFAC-0000043045,KVLYDC1KL4W7,2023,2024-06-17,822505170
2023-12-GSAFAC-0000043045,KVLYDC1KL4W7,2023,2024-06-17,822511184
2023-12-GSAFAC-0000043045,KVLYDC1KL4W7,2023,2024-06-17,822811928
2023-12-GSAFAC-0000043045,KVLYDC1KL4W7,2023,2024-06-17,822874587
2023-12-GSAFAC-0000043045,KVLYDC1KL4W7,2023,2024-06-17,822881060
2023-12-GSAFAC-0000043045,KVLYDC1KL4W7,2023,2024-06-17,825021832
2023-12-GSAFAC-0000043045,KVLYDC1KL4W7,2023,2024-06-17,832336412
2023-12-GSAFAC-0000043045,KVLYDC1KL4W7,2023,2024-06-17,832345759
2023-12-GSAFAC-0000043045,KVLYDC1KL4W7,2023,2024-06-17,832445946
2023-12-GSAFAC-0000043045,KVLYDC1KL4W7,2023,2024-06-17,833163988
2023-12-GSAFAC-0000043045,KVLYDC1KL4W7,2023,2024-06-17,834294437
2023-12-GSAFAC-0000043045,KVLYDC1KL4W7,2023,2024-06-17,841923266
2023-12-GSAFAC-0000043045,KVLYDC1KL4W7,2023,2024-06-17,841943828
2023-12-GSAFAC-0000043045,KVLYDC1KL4W7,2023,2024-06-17,900852653
2023-12-GSAFAC-0000043045,KVLYDC1KL4W7,2023,2024-06-17,392038503
2023-12-GSAFAC-0000043045,KVLYDC1KL4W7,2023,2024-06-17,611906368
2023-12-GSAFAC-0000043045,KVLYDC1KL4W7,2023,2024-06-17,853670653
2023-12-GSAFAC-0000043045,KVLYDC1KL4W7,2023,2024-06-17,871687241
2023-12-GSAFAC-0000043045,KVLYDC1KL4W7,2023,2024-06-17,391674609
2023-12-GSAFAC-0000043045,KVLYDC1KL4W7,2023,2024-06-17,391653187
2023-12-GSAFAC-0000043045,KVLYDC1KL4W7,2023,2024-06-17,391701872
2023-12-GSAFAC-0000043045,KVLYDC1KL4W7,2023,2024-06-17,391638365
2023-12-GSAFAC-0000043045,KVLYDC1KL4W7,2023,2024-06-17,391700153
2023-12-GSAFAC-0000043045,KVLYDC1KL4W7,2023,2024-06-17,391674603
2023-12-GSAFAC-0000043045,KVLYDC1KL4W7,2023,2024-06-17,391712654
2023-12-GSAFAC-0000043045,KVLYDC1KL4W7,2023,2024-06-17,391674611
2023-12-GSAFAC-0000043045,KVLYDC1KL4W7,2023,2024-06-17,391704231
2023-12-GSAFAC-0000043045,KVLYDC1KL4W7,2023,2024-06-17,391638364
2023-12-GSAFAC-0000043045,KVLYDC1KL4W7,2023,2024-06-17,421363796
2023-12-GSAFAC-0000043045,KVLYDC1KL4W7,2023,2024-06-17,874189681
2023-12-GSAFAC-0000043045,KVLYDC1KL4W7,2023,2024-06-17,821037657
2023-12-GSAFAC-0000043045,KVLYDC1KL4W7,2023,2024-06-17,884309937
2023-12-GSAFAC-0000043045,KVLYDC1KL4W7,2023,2024-06-17,873759116
2023-12-GSAFAC-0000043045,KVLYDC1KL4W7,2023,2024-06-17,921076608
2023-12-GSAFAC-0000043045,KVLYDC1KL4W7,2023,2024-06-17,364293077
2023-12-GSAFAC-0000043045,KVLYDC1KL4W7,2023,2024-06-17,364416603
2023-12-GSAFAC-0000043045,KVLYDC1KL4W7,2023,2024-06-17,470955638
2023-12-GSAFAC-0000043045,KVLYDC1KL4W7,2023,2024-06-17,261729487
2023-12-GSAFAC-0000043045,KVLYDC1KL4W7,2023,2024-06-17,814109502
2023-12-GSAFAC-0000043045,KVLYDC1KL4W7,2023,2024-06-17,920607601
2023-12-GSAFAC-0000043824,HD2BSE2ZFCG6,2023,2024-06-18,202937952
2023-12-GSAFAC-0000043824,HD2BSE2ZFCG6,2023,2024-06-18,471958020
2023-12-GSAFAC-0000043824,HD2BSE2ZFCG6,2023,2024-06-18,471944928
2023-12-GSAFAC-0000043824,HD2BSE2ZFCG6,2023,2024-06-18,221589209
2023-12-GSAFAC-0000043824,HD2BSE2ZFCG6,2023,2024-06-18,261887505
2023-12-GSAFAC-0000043354,J4RWQ2B6QDD1,2023,2024-06-18,452753460
2023-12-GSAFAC-0000042114,KAAVJRR2JGW9,2023,2024-06-19,364455490
2023-09-GSAFAC-0000043522,RB45LAJS8GZ8,2023,2024-06-20,596002348
2023-06-GSAFAC-0000041764,JDF2HTMK5B35,2023,2024-06-20,361722800
2023-09-GSAFAC-0000041651,SK1EBC1ADQJ6,2023,2024-06-20,752809799
2023-09-GSAFAC-0000041651,SK1EBC1ADQJ6,2023,2024-06-20,752809795
2023-12-GSAFAC-0000044329,NR57P89CQLN7,2023,2024-06-20,416005413
2023-06-GSAFAC-0000044375,W3YDLBPBALF7,2023,2024-06-20,542073839
2023-06-GSAFAC-0000044375,W3YDLBPBALF7,2023,2024-06-20,541989160
2023-12-GSAFAC-0000038411,L5WDFWSBTZS3,2023,2024-06-20,200363774
2023-12-GSAFAC-0000038411,L5WDFWSBTZS3,2023,2024-06-20,382527481
2023-12-GSAFAC-0000038411,L5WDFWSBTZS3,2023,2024-06-20,382600226
2023-12-GSAFAC-0000038411,L5WDFWSBTZS3,2023,2024-06-20,473197663
2023-12-GSAFAC-0000038411,L5WDFWSBTZS3,2023,2024-06-20,820895465
2023-09-GSAFAC-0000043392,GYQKVKNNGLE4,2023,2024-06-20,825058321
2023-09-GSAFAC-0000043392,GYQKVKNNGLE4,2023,2024-06-20,824873560
2022-06-GSAFAC-0000043803,WR3MVN8VH6V7,2022,2024-06-20,873401969
2023-12-GSAFAC-0000043261,PS3GAD3KMP49,2023,2024-06-20,881210159
2023-12-GSAFAC-0000043261,PS3GAD3KMP49,2023,2024-06-20,462570877
2023-12-GSAFAC-0000044634,D7S9J5YQRB29,2023,2024-06-21,680558136
2023-12-GSAFAC-0000044634,D7S9J5YQRB29,2023,2024-06-21,473876021
2023-12-GSAFAC-0000044634,D7S9J5YQRB29,2023,2024-06-21,262886135
2023-12-GSAFAC-0000044634,D7S9J5YQRB29,2023,2024-06-21,833725302
2023-09-GSAFAC-0000041812,KS8HLVMJEMW9,2023,2024-06-21,731544374
2023-09-GSAFAC-0000041812,KS8HLVMJEMW9,2023,2024-06-21,731553050
2023-09-GSAFAC-0000043111,LPLJXMC3QTA3,2023,2024-06-21,132574963
2023-09-GSAFAC-0000043111,LPLJXMC3QTA3,2023,2024-06-21,522112460
2023-09-GSAFAC-0000043111,LPLJXMC3QTA3,2023,2024-06-21,824219629
2023-09-GSAFAC-0000042120,FXV2BM3PJBV3,2023,2024-06-21,273763430
2023-12-GSAFAC-0000042091,MVMQCVKWKVJ4,2023,2024-06-21,453770863
2023-12-GSAFAC-0000042158,GBPMHQM2SRL3,2023,2024-06-21,201729674
2023-12-GSAFAC-0000042158,GBPMHQM2SRL3,2023,2024-06-21,204670876
2023-12-GSAFAC-0000042158,GBPMHQM2SRL3,2023,2024-06-21,205432631
2023-12-GSAFAC-0000042158,GBPMHQM2SRL3,2023,2024-06-21,205432716
2023-12-GSAFAC-0000042158,GBPMHQM2SRL3,2023,2024-06-21,205432782
2023-12-GSAFAC-0000042158,GBPMHQM2SRL3,2023,2024-06-21,264626264
2023-12-GSAFAC-0000042158,GBPMHQM2SRL3,2023,2024-06-21,271770321
2023-12-GSAFAC-0000042158,GBPMHQM2SRL3,2023,2024-06-21,352548006
2023-12-GSAFAC-0000042158,GBPMHQM2SRL3,2023,2024-06-21,371766778
2023-12-GSAFAC-0000042158,GBPMHQM2SRL3,2023,2024-06-21,383646817
2023-12-GSAFAC-0000042158,GBPMHQM2SRL3,2023,2024-06-21,452211724
2023-12-GSAFAC-0000042158,GBPMHQM2SRL3,2023,2024-06-21,454962130
2023-12-GSAFAC-0000042158,GBPMHQM2SRL3,2023,2024-06-21,462605366
2023-12-GSAFAC-0000042158,GBPMHQM2SRL3,2023,2024-06-21,462840691
2023-12-GSAFAC-0000042158,GBPMHQM2SRL3,2023,2024-06-21,463469427
2023-12-GSAFAC-0000042158,GBPMHQM2SRL3,2023,2024-06-21,464147298
2023-12-GSAFAC-0000042158,GBPMHQM2SRL3,2023,2024-06-21,464381058
2023-12-GSAFAC-0000042158,GBPMHQM2SRL3,2023,2024-06-21,464958152
2023-12-GSAFAC-0000042158,GBPMHQM2SRL3,2023,2024-06-21,465235153
2023-12-GSAFAC-0000042158,GBPMHQM2SRL3,2023,2024-06-21,471267935
2023-12-GSAFAC-0000042158,GBPMHQM2SRL3,2023,2024-06-21,471714076
2023-12-GSAFAC-0000042158,GBPMHQM2SRL3,2023,2024-06-21,471743566
2023-12-GSAFAC-0000042158,GBPMHQM2SRL3,2023,2024-06-21,472540179
2023-12-GSAFAC-0000042158,GBPMHQM2SRL3,2023,2024-06-21,472540787
2023-12-GSAFAC-0000042158,GBPMHQM2SRL3,2023,2024-06-21,472552418
2023-12-GSAFAC-0000042158,GBPMHQM2SRL3,2023,2024-06-21,472642764
2023-12-GSAFAC-0000042158,GBPMHQM2SRL3,2023,2024-06-21,640664988
2023-12-GSAFAC-0000042158,GBPMHQM2SRL3,2023,2024-06-21,720276883
2023-12-GSAFAC-0000042158,GBPMHQM2SRL3,2023,2024-06-21,720502505
2023-12-GSAFAC-0000042158,GBPMHQM2SRL3,2023,2024-06-21,720535375
2023-12-GSAFAC-0000042158,GBPMHQM2SRL3,2023,2024-06-21,720799385
2023-12-GSAFAC-0000042158,GBPMHQM2SRL3,2023,2024-06-21,720872457
2023-12-GSAFAC-0000042158,GBPMHQM2SRL3,2023,2024-06-21,721006966
2023-12-GSAFAC-0000042158,GBPMHQM2SRL3,2023,2024-06-21,721079347
2023-12-GSAFAC-0000042158,GBPMHQM2SRL3,2023,2024-06-21,721473968
2023-12-GSAFAC-0000042158,GBPMHQM2SRL3,2023,2024-06-21,753009725
2023-12-GSAFAC-0000042158,GBPMHQM2SRL3,2023,2024-06-21,770589660
2023-12-GSAFAC-0000042158,GBPMHQM2SRL3,2023,2024-06-21,811116852
2023-12-GSAFAC-0000042158,GBPMHQM2SRL3,2023,2024-06-21,821064427
2023-12-GSAFAC-0000042158,GBPMHQM2SRL3,2023,2024-06-21,821448014
2023-12-GSAFAC-0000042158,GBPMHQM2SRL3,2023,2024-06-21,821664573
2023-12-GSAFAC-0000042158,GBPMHQM2SRL3,2023,2024-06-21,822785545
2023-12-GSAFAC-0000042158,GBPMHQM2SRL3,2023,2024-06-21,822869576
2023-12-GSAFAC-0000042158,GBPMHQM2SRL3,2023,2024-06-21,832034040
2023-12-GSAFAC-0000042158,GBPMHQM2SRL3,2023,2024-06-21,832040090
2023-12-GSAFAC-0000042158,GBPMHQM2SRL3,2023,2024-06-21,832662144
2023-12-GSAFAC-0000042158,GBPMHQM2SRL3,2023,2024-06-21,833670577
2023-12-GSAFAC-0000042158,GBPMHQM2SRL3,2023,2024-06-21,842237042
2023-12-GSAFAC-0000042158,GBPMHQM2SRL3,2023,2024-06-21,843925498
2023-12-GSAFAC-0000042158,GBPMHQM2SRL3,2023,2024-06-21,844230610
2023-12-GSAFAC-0000042158,GBPMHQM2SRL3,2023,2024-06-21,853422491
2023-12-GSAFAC-0000042158,GBPMHQM2SRL3,2023,2024-06-21,854327779
2023-12-GSAFAC-0000042158,GBPMHQM2SRL3,2023,2024-06-21,861310404
2023-12-GSAFAC-0000042158,GBPMHQM2SRL3,2023,2024-06-21,862964646
2023-12-GSAFAC-0000042158,GBPMHQM2SRL3,2023,2024-06-21,880907240
2023-12-GSAFAC-0000042158,GBPMHQM2SRL3,2023,2024-06-21,882600973
2023-12-GSAFAC-0000042158,GBPMHQM2SRL3,2023,2024-06-21,921190277
2023-12-GSAFAC-0000042158,GBPMHQM2SRL3,2023,2024-06-21,922819789
2023-12-GSAFAC-0000042158,GBPMHQM2SRL3,2023,2024-06-21,923656180
2023-12-GSAFAC-0000042158,GBPMHQM2SRL3,2023,2024-06-21,931755948
2023-12-GSAFAC-0000042158,GBPMHQM2SRL3,2023,2024-06-21,981481983
2023-12-GSAFAC-0000042158,GBPMHQM2SRL3,2023,2024-06-21,991868597
2023-12-GSAFAC-0000042158,GBPMHQM2SRL3,2023,2024-06-21,991885677
2023-12-GSAFAC-0000042158,GBPMHQM2SRL3,2023,2024-06-21,455446191
2023-09-GSAFAC-0000043013,Z6JSBD9CD339,2023,2024-06-21,590910342
2023-09-GSAFAC-0000043013,Z6JSBD9CD339,2023,2024-06-21,592447554
2023-09-GSAFAC-0000043013,Z6JSBD9CD339,2023,2024-06-21,591006663
2023-09-GSAFAC-0000043013,Z6JSBD9CD339,2023,2024-06-21,043775926
2023-09-GSAFAC-0000043013,Z6JSBD9CD339,2023,2024-06-21,821682066
2023-09-GSAFAC-0000043013,Z6JSBD9CD339,2023,2024-06-21,650232993
2023-09-GSAFAC-0000043013,Z6JSBD9CD339,2023,2024-06-21,591987355
2023-09-GSAFAC-0000043013,Z6JSBD9CD339,2023,2024-06-21,590872594
2023-09-GSAFAC-0000043013,Z6JSBD9CD339,2023,2024-06-21,522438452
2023-09-GSAFAC-0000043013,Z6JSBD9CD339,2023,2024-06-21,201796841
2023-09-GSAFAC-0000043013,Z6JSBD9CD339,2023,2024-06-21,205155995
2023-09-GSAFAC-0000043013,Z6JSBD9CD339,2023,2024-06-21,260307415
2023-09-GSAFAC-0000043013,Z6JSBD9CD339,2023,2024-06-21,260886056
2023-09-GSAFAC-0000043013,Z6JSBD9CD339,2023,2024-06-21,454302848
2023-09-GSAFAC-0000043013,Z6JSBD9CD339,2023,2024-06-21,471859521
2023-09-GSAFAC-0000043013,Z6JSBD9CD339,2023,2024-06-21,264190328
2023-09-GSAFAC-0000043013,Z6JSBD9CD339,2023,2024-06-21,273597226
2023-09-GSAFAC-0000043013,Z6JSBD9CD339,2023,2024-06-21,271591797
2023-09-GSAFAC-0000043013,Z6JSBD9CD339,2023,2024-06-21,562290370
2023-09-GSAFAC-0000043013,Z6JSBD9CD339,2023,2024-06-21,592771779
2023-09-GSAFAC-0000043013,Z6JSBD9CD339,2023,2024-06-21,650561263
2023-09-GSAFAC-0000043013,Z6JSBD9CD339,2023,2024-06-21,650561267
2023-09-GSAFAC-0000043013,Z6JSBD9CD339,2023,2024-06-21,650663357
2023-09-GSAFAC-0000043013,Z6JSBD9CD339,2023,2024-06-21,650785294
2023-09-GSAFAC-0000043013,Z6JSBD9CD339,2023,2024-06-21,462597739
2023-09-GSAFAC-0000043013,Z6JSBD9CD339,2023,2024-06-21,592663767
2023-09-GSAFAC-0000043013,Z6JSBD9CD339,2023,2024-06-21,590910342
2023-09-GSAFAC-0000043013,Z6JSBD9CD339,2023,2024-06-21,650267668
2023-09-GSAFAC-0000043013,Z6JSBD9CD339,2023,2024-06-21,473090066
2023-12-GSAFAC-0000025091,R7BNKMP32NN3,2023,2024-06-21,311527032
2023-12-GSAFAC-0000025091,R7BNKMP32NN3,2023,2024-06-21,411266009
2023-12-GSAFAC-0000025091,R7BNKMP32NN3,2023,2024-06-21,450226700
2023-12-GSAFAC-0000025091,R7BNKMP32NN3,2023,2024-06-21,450226909
2023-12-GSAFAC-0000025091,R7BNKMP32NN3,2023,2024-06-21,450228055
2023-12-GSAFAC-0000025091,R7BNKMP32NN3,2023,2024-06-21,450274828
2023-12-GSAFAC-0000025091,R7BNKMP32NN3,2023,2024-06-21,450344371
2023-12-GSAFAC-0000025091,R7BNKMP32NN3,2023,2024-06-21,450385890
2023-12-GSAFAC-0000025091,R7BNKMP32NN3,2023,2024-06-21,450409348
2023-12-GSAFAC-0000025091,R7BNKMP32NN3,2023,2024-06-21,460227855
2023-12-GSAFAC-0000025091,R7BNKMP32NN3,2023,2024-06-21,460388596
2023-12-GSAFAC-0000025091,R7BNKMP32NN3,2023,2024-06-21,460447693
2023-12-GSAFAC-0000025091,R7BNKMP32NN3,2023,2024-06-21,460450378
2023-12-GSAFAC-0000025091,R7BNKMP32NN3,2023,2024-06-21,911770748
2023-12-GSAFAC-0000037193,TDGUJ1WA4UJ9,2023,2024-06-21,341127047
2023-12-GSAFAC-0000037193,TDGUJ1WA4UJ9,2023,2024-06-21,341546466
2023-12-GSAFAC-0000037193,TDGUJ1WA4UJ9,2023,2024-06-21,340714478
2023-12-GSAFAC-0000037193,TDGUJ1WA4UJ9,2023,2024-06-21,842380272
2023-12-GSAFAC-0000037193,TDGUJ1WA4UJ9,2023,2024-06-21,201801493
2023-12-GSAFAC-0000037193,TDGUJ1WA4UJ9,2023,2024-06-21,010672877
2023-12-GSAFAC-0000037193,TDGUJ1WA4UJ9,2023,2024-06-21,263859233
2023-12-GSAFAC-0000037193,TDGUJ1WA4UJ9,2023,2024-06-21,845164677
2023-12-GSAFAC-0000037193,TDGUJ1WA4UJ9,2023,2024-06-21,843867549
2023-12-GSAFAC-0000037193,TDGUJ1WA4UJ9,2023,2024-06-21,341939710
2023-12-GSAFAC-0000037193,TDGUJ1WA4UJ9,2023,2024-06-21,340666034
2023-12-GSAFAC-0000037193,TDGUJ1WA4UJ9,2023,2024-06-21,300023640
2023-12-GSAFAC-0000037193,TDGUJ1WA4UJ9,2023,2024-06-21,200570360
2023-12-GSAFAC-0000037193,TDGUJ1WA4UJ9,2023,2024-06-21,200239257
2023-12-GSAFAC-0000037193,TDGUJ1WA4UJ9,2023,2024-06-21,271442158
2023-12-GSAFAC-0000037193,TDGUJ1WA4UJ9,2023,2024-06-21,341863789
2023-12-GSAFAC-0000037193,TDGUJ1WA4UJ9,2023,2024-06-21,980207086
2023-12-GSAFAC-0000037193,TDGUJ1WA4UJ9,2023,2024-06-21,872634602
2023-12-GSAFAC-0000037193,TDGUJ1WA4UJ9,2023,2024-06-21,474442902
2023-12-GSAFAC-0000037193,TDGUJ1WA4UJ9,2023,2024-06-21,455282492
2023-12-GSAFAC-0000037193,TDGUJ1WA4UJ9,2023,2024-06-21,340714570
2023-12-GSAFAC-0000037193,TDGUJ1WA4UJ9,2023,2024-06-21,340714553
2023-12-GSAFAC-0000037193,TDGUJ1WA4UJ9,2023,2024-06-21,204856025
2023-12-GSAFAC-0000037193,TDGUJ1WA4UJ9,2023,2024-06-21,650003177
2023-12-GSAFAC-0000037193,TDGUJ1WA4UJ9,2023,2024-06-21,823186835
2023-12-GSAFAC-0000037193,TDGUJ1WA4UJ9,2023,2024-06-21,651133985
2023-12-GSAFAC-0000037193,TDGUJ1WA4UJ9,2023,2024-06-21,832250064
2023-12-GSAFAC-0000037193,TDGUJ1WA4UJ9,2023,2024-06-21,311741150
2023-12-GSAFAC-0000037193,TDGUJ1WA4UJ9,2023,2024-06-21,462633774
2023-12-GSAFAC-0000037193,TDGUJ1WA4UJ9,2023,2024-06-21,832249666
2023-12-GSAFAC-0000037193,TDGUJ1WA4UJ9,2023,2024-06-21,821323588
2023-12-GSAFAC-0000037193,TDGUJ1WA4UJ9,2023,2024-06-21,821340191
2023-12-GSAFAC-0000037193,TDGUJ1WA4UJ9,2023,2024-06-21,871180623
2023-12-GSAFAC-0000037193,TDGUJ1WA4UJ9,2023,2024-06-21,263666730
2023-12-GSAFAC-0000037193,TDGUJ1WA4UJ9,2023,2024-06-21,821803735
2023-12-GSAFAC-0000037193,TDGUJ1WA4UJ9,2023,2024-06-21,341877409
2023-12-GSAFAC-0000037193,TDGUJ1WA4UJ9,2023,2024-06-21,340714593
2023-12-GSAFAC-0000037193,TDGUJ1WA4UJ9,2023,2024-06-21,341720934
2023-12-GSAFAC-0000037193,TDGUJ1WA4UJ9,2023,2024-06-21,341435257
2023-12-GSAFAC-0000037193,TDGUJ1WA4UJ9,2023,2024-06-21,311562102
2023-12-GSAFAC-0000037193,TDGUJ1WA4UJ9,2023,2024-06-21,471281189
2023-12-GSAFAC-0000037193,TDGUJ1WA4UJ9,2023,2024-06-21,341893439
2023-12-GSAFAC-0000037193,TDGUJ1WA4UJ9,2023,2024-06-21,264367036
2023-12-GSAFAC-0000037193,TDGUJ1WA4UJ9,2023,2024-06-21,921359067
2023-12-GSAFAC-0000037193,TDGUJ1WA4UJ9,2023,2024-06-21,981571304
2023-12-GSAFAC-0000037193,TDGUJ1WA4UJ9,2023,2024-06-21,912156376
2023-12-GSAFAC-0000037193,TDGUJ1WA4UJ9,2023,2024-06-21,872395525
2023-12-GSAFAC-0000037193,TDGUJ1WA4UJ9,2023,2024-06-21,455384998
2023-12-GSAFAC-0000037193,TDGUJ1WA4UJ9,2023,2024-06-21,934566292
2023-12-GSAFAC-0000037193,TDGUJ1WA4UJ9,2023,2024-06-21,833373979
2023-12-GSAFAC-0000037193,TDGUJ1WA4UJ9,2023,2024-06-21,650844880
2023-12-GSAFAC-0000037193,TDGUJ1WA4UJ9,2023,2024-06-21,340777619
2023-12-GSAFAC-0000037193,TDGUJ1WA4UJ9,2023,2024-06-21,341932969
2023-12-GSAFAC-0000037193,TDGUJ1WA4UJ9,2023,2024-06-21,341695388
2023-12-GSAFAC-0000037193,TDGUJ1WA4UJ9,2023,2024-06-21,592333374
2023-12-GSAFAC-0000037193,TDGUJ1WA4UJ9,2023,2024-06-21,320378947
2023-12-GSAFAC-0000037193,TDGUJ1WA4UJ9,2023,2024-06-21,300956317
2023-12-GSAFAC-0000037193,TDGUJ1WA4UJ9,2023,2024-06-21,592843163
2023-12-GSAFAC-0000037193,TDGUJ1WA4UJ9,2023,2024-06-21,270495743
2023-12-GSAFAC-0000037193,TDGUJ1WA4UJ9,2023,2024-06-21,270119182
2023-12-GSAFAC-0000037193,TDGUJ1WA4UJ9,2023,2024-06-21,461810992
2023-12-GSAFAC-0000037193,TDGUJ1WA4UJ9,2023,2024-06-21,340714618
2023-12-GSAFAC-0000037193,TDGUJ1WA4UJ9,2023,2024-06-21,650705680
2023-12-GSAFAC-0000037193,TDGUJ1WA4UJ9,2023,2024-06-21,650029298
2023-12-GSAFAC-0000037193,TDGUJ1WA4UJ9,2023,2024-06-21,590760215
2023-12-GSAFAC-0000037193,TDGUJ1WA4UJ9,2023,2024-06-21,592496294
2023-12-GSAFAC-0000037193,TDGUJ1WA4UJ9,2023,2024-06-21,270645368
2023-12-GSAFAC-0000037193,TDGUJ1WA4UJ9,2023,2024-06-21,461560044
2023-12-GSAFAC-0000037193,TDGUJ1WA4UJ9,2023,2024-06-21,454657632
2023-12-GSAFAC-0000037193,TDGUJ1WA4UJ9,2023,2024-06-21,880515534
2023-12-GSAFAC-0000037193,TDGUJ1WA4UJ9,2023,2024-06-21,341542312
2023-12-GSAFAC-0000037193,TDGUJ1WA4UJ9,2023,2024-06-21,340718390
2023-12-GSAFAC-0000037193,TDGUJ1WA4UJ9,2023,2024-06-21,341298884
2023-12-GSAFAC-0000037193,TDGUJ1WA4UJ9,2023,2024-06-21,208077691
2023-12-GSAFAC-0000037193,TDGUJ1WA4UJ9,2023,2024-06-21,340714684
2023-12-GSAFAC-0000037193,TDGUJ1WA4UJ9,2023,2024-06-21,592343938
2023-12-GSAFAC-0000037193,TDGUJ1WA4UJ9,2023,2024-06-21,592307522
2023-12-GSAFAC-0000037193,TDGUJ1WA4UJ9,2023,2024-06-21,237115443
2023-12-GSAFAC-0000037193,TDGUJ1WA4UJ9,2023,2024-06-21,590637874
2023-12-GSAFAC-0000037193,TDGUJ1WA4UJ9,2023,2024-06-21,650556041
2023-12-GSAFAC-0000037193,TDGUJ1WA4UJ9,2023,2024-06-21,320496475
2023-12-GSAFAC-0000037193,TDGUJ1WA4UJ9,2023,2024-06-21,263430377
2023-12-GSAFAC-0000037193,TDGUJ1WA4UJ9,2023,2024-06-21,340714458
2023-12-GSAFAC-0000037193,TDGUJ1WA4UJ9,2023,2024-06-21,592320501
2023-12-GSAFAC-0000037193,TDGUJ1WA4UJ9,2023,2024-06-21,650605328
2023-12-GSAFAC-0000037193,TDGUJ1WA4UJ9,2023,2024-06-21,650748232
2023-12-GSAFAC-0000037193,TDGUJ1WA4UJ9,2023,2024-06-21,650504863
2023-12-GSAFAC-0000037193,TDGUJ1WA4UJ9,2023,2024-06-21,341657989
2023-12-GSAFAC-0000037193,TDGUJ1WA4UJ9,2023,2024-06-21,340733166
2023-12-GSAFAC-0000037193,TDGUJ1WA4UJ9,2023,2024-06-21,203978297
2023-12-GSAFAC-0000037193,TDGUJ1WA4UJ9,2023,2024-06-21,352408321
2023-12-GSAFAC-0000037193,TDGUJ1WA4UJ9,2023,2024-06-21,810687167
2023-12-GSAFAC-0000037193,TDGUJ1WA4UJ9,2023,2024-06-21,341873008
2023-12-GSAFAC-0000037193,TDGUJ1WA4UJ9,2023,2024-06-21,341533871
2023-12-GSAFAC-0000037193,TDGUJ1WA4UJ9,2023,2024-06-21,200494491
2023-12-GSAFAC-0000037193,TDGUJ1WA4UJ9,2023,2024-06-21,200442351
2023-12-GSAFAC-0000037193,TDGUJ1WA4UJ9,2023,2024-06-21,263589643
2023-12-GSAFAC-0000037193,TDGUJ1WA4UJ9,2023,2024-06-21,341843403
2023-12-GSAFAC-0000037193,TDGUJ1WA4UJ9,2023,2024-06-21,341837018
2023-12-GSAFAC-0000037193,TDGUJ1WA4UJ9,2023,2024-06-21,261614376
2023-12-GSAFAC-0000037193,TDGUJ1WA4UJ9,2023,2024-06-21,273245990
2023-12-GSAFAC-0000037193,TDGUJ1WA4UJ9,2023,2024-06-21,822542219
2023-12-GSAFAC-0000037193,TDGUJ1WA4UJ9,2023,2024-06-21,201476092
2023-12-GSAFAC-0000037193,TDGUJ1WA4UJ9,2023,2024-06-21,340714585
2023-12-GSAFAC-0000037193,TDGUJ1WA4UJ9,2023,2024-06-21,340714771
2023-12-GSAFAC-0000037193,TDGUJ1WA4UJ9,2023,2024-06-21,364837780
2023-12-GSAFAC-0000037193,TDGUJ1WA4UJ9,2023,2024-06-21,820708813
2023-12-GSAFAC-0000037193,TDGUJ1WA4UJ9,2023,2024-06-21,311525875
2023-12-GSAFAC-0000037193,TDGUJ1WA4UJ9,2023,2024-06-21,340000100
2023-12-GSAFAC-0000037193,TDGUJ1WA4UJ9,2023,2024-06-21,341556177
2023-12-GSAFAC-0000037193,TDGUJ1WA4UJ9,2023,2024-06-21,825279835
2023-12-GSAFAC-0000037193,TDGUJ1WA4UJ9,2023,2024-06-21,824952635
2023-12-GSAFAC-0000037193,TDGUJ1WA4UJ9,2023,2024-06-21,043588229
2023-12-GSAFAC-0000037193,TDGUJ1WA4UJ9,2023,2024-06-21,264215547
2023-12-GSAFAC-0000037193,TDGUJ1WA4UJ9,2023,2024-06-21,592755370
2023-12-GSAFAC-0000037193,TDGUJ1WA4UJ9,2023,2024-06-21,340714779
2023-12-GSAFAC-0000037193,TDGUJ1WA4UJ9,2023,2024-06-21,341855775
2023-12-GSAFAC-0000026232,ZZWNRV2LKDN3,2023,2024-06-21,440545297
2023-12-GSAFAC-0000026232,ZZWNRV2LKDN3,2023,2024-06-21,742849611
2023-12-GSAFAC-0000026232,ZZWNRV2LKDN3,2023,2024-06-21,481203262
2023-12-GSAFAC-0000026232,ZZWNRV2LKDN3,2023,2024-06-21,562488077
2023-12-GSAFAC-0000026232,ZZWNRV2LKDN3,2023,2024-06-21,440565393
2023-12-GSAFAC-0000026232,ZZWNRV2LKDN3,2023,2024-06-21,431735565
2023-12-GSAFAC-0000026232,ZZWNRV2LKDN3,2023,2024-06-21,431707306
2023-12-GSAFAC-0000026232,ZZWNRV2LKDN3,2023,2024-06-21,843362602
2023-12-GSAFAC-0000026232,ZZWNRV2LKDN3,2023,2024-06-21,431598353
2023-12-GSAFAC-0000026232,ZZWNRV2LKDN3,2023,2024-06-21,454725529
2023-12-GSAFAC-0000026232,ZZWNRV2LKDN3,2023,2024-06-21,431127200
2023-12-GSAFAC-0000026232,ZZWNRV2LKDN3,2023,2024-06-21,453851008
2023-12-GSAFAC-0000026232,ZZWNRV2LKDN3,2023,2024-06-21,431139083
2023-12-GSAFAC-0000043379,E5ADVB2JDWD4,2023,2024-06-22,341841381
2023-09-GSAFAC-0000040456,YBXQCA6BFNW8,2023,2024-06-24,570341194
2023-09-GSAFAC-0000040456,YBXQCA6BFNW8,2023,2024-06-24,800869616
2023-09-GSAFAC-0000040456,YBXQCA6BFNW8,2023,2024-06-24,200131459
2023-09-GSAFAC-0000040456,YBXQCA6BFNW8,2023,2024-06-24,384112811
2023-09-GSAFAC-0000040456,YBXQCA6BFNW8,2023,2024-06-24,841945687
2023-09-GSAFAC-0000040456,YBXQCA6BFNW8,2023,2024-06-24,043633263
2023-09-GSAFAC-0000040456,YBXQCA6BFNW8,2023,2024-06-24,452910764
2023-12-GSAFAC-0000040445,GM3PJEN9NTK5,2023,2024-06-24,461481133
2023-12-GSAFAC-0000042845,YKM2RZ4MUJ46,2023,2024-06-24,341888311
2023-09-GSAFAC-0000043441,GR61V9ZWU251,2023,2024-06-24,370661230
2023-09-GSAFAC-0000043441,GR61V9ZWU251,2023,2024-06-24,370661199
2023-09-GSAFAC-0000043441,GR61V9ZWU251,2023,2024-06-24,370723793
2023-09-GSAFAC-0000043441,GR61V9ZWU251,2023,2024-06-24,370661220
2023-09-GSAFAC-0000043441,GR61V9ZWU251,2023,2024-06-24,370661250
2023-09-GSAFAC-0000043441,GR61V9ZWU251,2023,2024-06-24,371181194
2023-09-GSAFAC-0000043441,GR61V9ZWU251,2023,2024-06-24,370714225
2023-09-GSAFAC-0000043441,GR61V9ZWU251,2023,2024-06-24,273083265
2023-09-GSAFAC-0000027762,TGPAPG89LW44,2023,2024-06-24,640741047
2023-09-GSAFAC-0000027762,TGPAPG89LW44,2023,2024-06-24,811699516
2023-09-GSAFAC-0000027762,TGPAPG89LW44,2023,2024-06-24,113669034
2023-09-GSAFAC-0000027762,TGPAPG89LW44,2023,2024-06-24,320583236
2023-09-GSAFAC-0000027762,TGPAPG89LW44,2023,2024-06-24,364914599
2023-09-GSAFAC-0000027762,TGPAPG89LW44,2023,2024-06-24,811818334
2023-09-GSAFAC-0000027762,TGPAPG89LW44,2023,2024-06-24,455382862
2023-09-GSAFAC-0000027762,TGPAPG89LW44,2023,2024-06-24,640926753
2023-09-GSAFAC-0000027762,TGPAPG89LW44,2023,2024-06-24,640780130
2023-09-GSAFAC-0000027762,TGPAPG89LW44,2023,2024-06-24,640662976
2023-09-GSAFAC-0000027762,TGPAPG89LW44,2023,2024-06-24,640741410
2023-09-GSAFAC-0000027762,TGPAPG89LW44,2023,2024-06-24,640668465
2023-09-GSAFAC-0000027762,TGPAPG89LW44,2023,2024-06-24,770647210
2023-09-GSAFAC-0000027762,TGPAPG89LW44,2023,2024-06-24,640819193
2023-09-GSAFAC-0000027762,TGPAPG89LW44,2023,2024-06-24,450822865
2023-09-GSAFAC-0000027762,TGPAPG89LW44,2023,2024-06-24,640787918
2023-09-GSAFAC-0000027762,TGPAPG89LW44,2023,2024-06-24,680561912
2023-09-GSAFAC-0000027762,TGPAPG89LW44,2023,2024-06-24,721390014
2023-09-GSAFAC-0000027762,TGPAPG89LW44,2023,2024-06-24,273276087
2023-09-GSAFAC-0000027762,TGPAPG89LW44,2023,2024-06-24,640658059
2023-09-GSAFAC-0000027762,TGPAPG89LW44,2023,2024-06-24,640014704
2023-09-GSAFAC-0000027762,TGPAPG89LW44,2023,2024-06-24,384011228
2023-06-GSAFAC-0000043089,EKQPQU7JA5H5,2023,2024-06-24,043103893
2023-06-GSAFAC-0000043089,EKQPQU7JA5H5,2023,2024-06-24,223090216
2023-06-GSAFAC-0000043089,EKQPQU7JA5H5,2023,2024-06-24,223221294
2023-06-GSAFAC-0000043089,EKQPQU7JA5H5,2023,2024-06-24,261596148
2023-06-GSAFAC-0000043089,EKQPQU7JA5H5,2023,2024-06-24,043452410
2023-06-GSAFAC-0000043089,EKQPQU7JA5H5,2023,2024-06-24,043663990
2023-09-GSAFAC-0000041736,M9U8LMCZV3J3,2023,2024-06-24,742716654
2023-09-GSAFAC-0000041736,M9U8LMCZV3J3,2023,2024-06-24,742818289
2023-09-GSAFAC-0000041736,M9U8LMCZV3J3,2023,2024-06-24,742953653
2023-09-GSAFAC-0000041736,M9U8LMCZV3J3,2023,2024-06-24,300366359
2023-09-GSAFAC-0000044928,Z51QNRKAHPN4,2023,2024-06-25,596011137
2023-09-GSAFAC-0000044095,VJGLDRNZ5E53,2023,2024-06-25,131740015
2023-09-GSAFAC-0000044095,VJGLDRNZ5E53,2023,2024-06-25,320419173
2023-09-GSAFAC-0000044095,VJGLDRNZ5E53,2023,2024-06-25,363095932
2023-09-GSAFAC-0000044095,VJGLDRNZ5E53,2023,2024-06-25,363385581
2023-09-GSAFAC-0000044095,VJGLDRNZ5E53,2023,2024-06-25,383244636
2023-09-GSAFAC-0000044095,VJGLDRNZ5E53,2023,2024-06-25,410841150
2023-09-GSAFAC-0000044095,VJGLDRNZ5E53,2023,2024-06-25,521115870
2023-09-GSAFAC-0000044095,VJGLDRNZ5E53,2023,2024-06-25,521115873
2023-09-GSAFAC-0000044095,VJGLDRNZ5E53,2023,2024-06-25,841084331
2023-09-GSAFAC-0000044095,VJGLDRNZ5E53,2023,2024-06-25,842854729
2023-09-GSAFAC-0000044095,VJGLDRNZ5E53,2023,2024-06-25,953472345
2023-06-GSAFAC-0000043825,GRJEYNHGVCW5,2023,2024-06-25,592953807
2023-06-GSAFAC-0000043825,GRJEYNHGVCW5,2023,2024-06-25,593953527
2023-12-GSAFAC-0000039080,J1T9VTF9PK89,2023,2024-06-25,823645843
2023-12-GSAFAC-0000039080,J1T9VTF9PK89,2023,2024-06-25,942802034
2019-12-GSAFAC-0000043164,C6JMYM7VHAL7,2019,2024-06-25,112771438
2019-12-GSAFAC-0000043164,C6JMYM7VHAL7,2019,2024-06-25,811399451
2020-12-GSAFAC-0000043192,C6JMYM7VHAL7,2020,2024-06-25,112771438
2020-12-GSAFAC-0000043192,C6JMYM7VHAL7,2020,2024-06-25,811399451
2021-12-GSAFAC-0000043201,C6JMYM7VHAL7,2021,2024-06-25,112771438
2021-12-GSAFAC-0000043201,C6JMYM7VHAL7,2021,2024-06-25,811399451
2022-12-GSAFAC-0000043979,C6JMYM7VHAL7,2022,2024-06-25,112771438
2022-12-GSAFAC-0000043979,C6JMYM7VHAL7,2022,2024-06-25,811399451
2023-12-GSAFAC-0000045062,RZQ7ME5FXSJ4,2023,2024-06-25,874177218
2023-12-GSAFAC-0000045062,RZQ7ME5FXSJ4,2023,2024-06-25,474661821
2023-12-GSAFAC-0000045062,RZQ7ME5FXSJ4,2023,2024-06-25,823555707
2023-12-GSAFAC-0000045062,RZQ7ME5FXSJ4,2023,2024-06-25,874154830
2021-06-GSAFAC-0000044839,RN15SP9CPJE6,2021,2024-06-25,943105441
2021-06-GSAFAC-0000044839,RN15SP9CPJE6,2021,2024-06-25,352487925
2021-06-GSAFAC-0000044839,RN15SP9CPJE6,2021,2024-06-25,680281366
2021-06-GSAFAC-0000044839,RN15SP9CPJE6,2021,2024-06-25,680288068
2021-06-GSAFAC-0000044839,RN15SP9CPJE6,2021,2024-06-25,680281364
2021-06-GSAFAC-0000044839,RN15SP9CPJE6,2021,2024-06-25,680278801
2021-06-GSAFAC-0000044839,RN15SP9CPJE6,2021,2024-06-25,946003786
2021-06-GSAFAC-0000044839,RN15SP9CPJE6,2021,2024-06-25,680322992
2021-06-GSAFAC-0000044839,RN15SP9CPJE6,2021,2024-06-25,043667508
2021-06-GSAFAC-0000044839,RN15SP9CPJE6,2021,2024-06-25,900603904
2021-06-GSAFAC-0000044839,RN15SP9CPJE6,2021,2024-06-25,680282028
2021-06-GSAFAC-0000044839,RN15SP9CPJE6,2021,2024-06-25,680303547
2021-06-GSAFAC-0000044839,RN15SP9CPJE6,2021,2024-06-25,680274794
2021-06-GSAFAC-0000044839,RN15SP9CPJE6,2021,2024-06-25,911879327
2021-06-GSAFAC-0000044839,RN15SP9CPJE6,2021,2024-06-25,942257827
2021-06-GSAFAC-0000044839,RN15SP9CPJE6,2021,2024-06-25,680290132
2021-06-GSAFAC-0000044839,RN15SP9CPJE6,2021,2024-06-25,680364962
2021-06-GSAFAC-0000044839,RN15SP9CPJE6,2021,2024-06-25,954435918
2021-06-GSAFAC-0000044839,RN15SP9CPJE6,2021,2024-06-25,942270812
2021-06-GSAFAC-0000044839,RN15SP9CPJE6,2021,2024-06-25,680306069
2021-06-GSAFAC-0000044839,RN15SP9CPJE6,2021,2024-06-25,941697567
2021-06-GSAFAC-0000044839,RN15SP9CPJE6,2021,2024-06-25,352352447
2021-06-GSAFAC-0000044839,RN15SP9CPJE6,2021,2024-06-25,943164436
2021-06-GSAFAC-0000044839,RN15SP9CPJE6,2021,2024-06-25,943164968
2021-06-GSAFAC-0000044839,RN15SP9CPJE6,2021,2024-06-25,680303606
2021-06-GSAFAC-0000044839,RN15SP9CPJE6,2021,2024-06-25,680306064
2021-06-GSAFAC-0000044839,RN15SP9CPJE6,2021,2024-06-25,134314619
2021-06-GSAFAC-0000044839,RN15SP9CPJE6,2021,2024-06-25,521692634
2021-06-GSAFAC-0000044839,RN15SP9CPJE6,2021,2024-06-25,010967313
2021-06-GSAFAC-0000044839,RN15SP9CPJE6,2021,2024-06-25,800549057
2021-06-GSAFAC-0000044839,RN15SP9CPJE6,2021,2024-06-25,680288069
2021-06-GSAFAC-0000044839,RN15SP9CPJE6,2021,2024-06-25,680325102
2021-06-GSAFAC-0000044839,RN15SP9CPJE6,2021,2024-06-25,680281986
2021-06-GSAFAC-0000044839,RN15SP9CPJE6,2021,2024-06-25,680281381
2021-06-GSAFAC-0000044839,RN15SP9CPJE6,2021,2024-06-25,680287675
2021-06-GSAFAC-0000044839,RN15SP9CPJE6,2021,2024-06-25,946001347
2021-06-GSAFAC-0000044839,RN15SP9CPJE6,2021,2024-06-25,680281367
2021-06-GSAFAC-0000044839,RN15SP9CPJE6,2021,2024-06-25,680301973
2021-06-GSAFAC-0000044839,RN15SP9CPJE6,2021,2024-06-25,680284156
2021-06-GSAFAC-0000044839,RN15SP9CPJE6,2021,2024-06-25,680317191
2021-06-GSAFAC-0000044839,RN15SP9CPJE6,2021,2024-06-25,743204993
2021-06-GSAFAC-0000044839,RN15SP9CPJE6,2021,2024-06-25,680282313
2021-06-GSAFAC-0000044839,RN15SP9CPJE6,2021,2024-06-25,680309373
2021-06-GSAFAC-0000044839,RN15SP9CPJE6,2021,2024-06-25,680283471
2021-06-GSAFAC-0000044839,RN15SP9CPJE6,2021,2024-06-25,680279670
2021-06-GSAFAC-0000044839,RN15SP9CPJE6,2021,2024-06-25,680446735
2021-06-GSAFAC-0000044839,RN15SP9CPJE6,2021,2024-06-25,680287677
2021-06-GSAFAC-0000044839,RN15SP9CPJE6,2021,2024-06-25,870746811
2021-06-GSAFAC-0000044839,RN15SP9CPJE6,2021,2024-06-25,680282717
2021-06-GSAFAC-0000044839,RN15SP9CPJE6,2021,2024-06-25,680258051
2021-06-GSAFAC-0000044839,RN15SP9CPJE6,2021,2024-06-25,680264174
2021-06-GSAFAC-0000044839,RN15SP9CPJE6,2021,2024-06-25,680230373
2021-06-GSAFAC-0000044839,RN15SP9CPJE6,2021,2024-06-25,942650401
2021-06-GSAFAC-0000044839,RN15SP9CPJE6,2021,2024-06-25,680448172
2021-06-GSAFAC-0000044839,RN15SP9CPJE6,2021,2024-06-25,943160882
2021-06-GSAFAC-0000044839,RN15SP9CPJE6,2021,2024-06-25,680278724
2021-06-GSAFAC-0000044839,RN15SP9CPJE6,2021,2024-06-25,680204061
2021-06-GSAFAC-0000044839,RN15SP9CPJE6,2021,2024-06-25,680142725
2021-06-GSAFAC-0000044839,RN15SP9CPJE6,2021,2024-06-25,680284171
2021-06-GSAFAC-0000044839,RN15SP9CPJE6,2021,2024-06-25,680297701
2021-06-GSAFAC-0000044839,RN15SP9CPJE6,2021,2024-06-25,680325104
2021-06-GSAFAC-0000044839,RN15SP9CPJE6,2021,2024-06-25,943031353
2021-06-GSAFAC-0000044839,RN15SP9CPJE6,2021,2024-06-25,946001336
2021-06-GSAFAC-0000044839,RN15SP9CPJE6,2021,2024-06-25,680182830
2021-06-GSAFAC-0000044839,RN15SP9CPJE6,2021,2024-06-25,680284175
2021-06-GSAFAC-0000044839,RN15SP9CPJE6,2021,2024-06-25,680322992
2023-09-GSAFAC-0000043311,DLP5XLQ9LNT3,2023,2024-06-25,222674014
2023-09-GSAFAC-0000043311,DLP5XLQ9LNT3,2023,2024-06-25,870807914
2023-09-GSAFAC-0000043311,DLP5XLQ9LNT3,2023,2024-06-25,020274905
2023-09-GSAFAC-0000045141,GQ31L674JDD6,2023,2024-06-25,752950009
2023-12-GSAFAC-0000043098,WNK7FEN5X9E1,2023,2024-06-25,620712345
2023-12-GSAFAC-0000043098,WNK7FEN5X9E1,2023,2024-06-25,203037016
2023-09-GSAFAC-0000040303,LZ4AWL9J6LP4,2023,2024-06-26,383460723
2023-09-GSAFAC-0000043034,SE36S7J6DZL1,2023,2024-06-26,460543230
2023-09-GSAFAC-0000043034,SE36S7J6DZL1,2023,2024-06-26,060646554
2023-09-GSAFAC-0000043034,SE36S7J6DZL1,2023,2024-06-26,060646659
2023-09-GSAFAC-0000043034,SE36S7J6DZL1,2023,2024-06-26,061330992
2023-09-GSAFAC-0000043034,SE36S7J6DZL1,2023,2024-06-26,352380180
2023-09-GSAFAC-0000043034,SE36S7J6DZL1,2023,2024-06-26,060646652
2023-09-GSAFAC-0000043034,SE36S7J6DZL1,2023,2024-06-26,222908698
2023-09-GSAFAC-0000043034,SE36S7J6DZL1,2023,2024-06-26,222553028
2023-09-GSAFAC-0000043034,SE36S7J6DZL1,2023,2024-06-26,061044331
2023-09-GSAFAC-0000043034,SE36S7J6DZL1,2023,2024-06-26,060646704
2023-09-GSAFAC-0000043034,SE36S7J6DZL1,2023,2024-06-26,455235566
2023-09-GSAFAC-0000043034,SE36S7J6DZL1,2023,2024-06-26,060646616
2023-09-GSAFAC-0000043034,SE36S7J6DZL1,2023,2024-06-26,061207316
2023-09-GSAFAC-0000043885,HXUMWQ166VG5,2023,2024-06-26,453556063
2023-09-GSAFAC-0000043885,HXUMWQ166VG5,2023,2024-06-26,262385159
2023-09-GSAFAC-0000043885,HXUMWQ166VG5,2023,2024-06-26,264689213
2023-09-GSAFAC-0000043885,HXUMWQ166VG5,2023,2024-06-26,810927834
2023-09-GSAFAC-0000043885,HXUMWQ166VG5,2023,2024-06-26,464925233
2023-09-GSAFAC-0000043885,HXUMWQ166VG5,2023,2024-06-26,473362995
2023-09-GSAFAC-0000043885,HXUMWQ166VG5,2023,2024-06-26,473379373
2023-09-GSAFAC-0000043885,HXUMWQ166VG5,2023,2024-06-26,263644408
2023-09-GSAFAC-0000043885,HXUMWQ166VG5,2023,2024-06-26,263644553
2023-09-GSAFAC-0000043885,HXUMWQ166VG5,2023,2024-06-26,823213086
2023-09-GSAFAC-0000043885,HXUMWQ166VG5,2023,2024-06-26,453811109
2023-09-GSAFAC-0000043885,HXUMWQ166VG5,2023,2024-06-26,263644352
2023-09-GSAFAC-0000043885,HXUMWQ166VG5,2023,2024-06-26,263644474
2023-09-GSAFAC-0000043885,HXUMWQ166VG5,2023,2024-06-26,813583194
2023-09-GSAFAC-0000045460,KHD3TN15Y333,2023,2024-06-26,591941164
2023-09-GSAFAC-0000045460,KHD3TN15Y333,2023,2024-06-26,596000736
2023-09-GSAFAC-0000045460,KHD3TN15Y333,2023,2024-06-26,596000739
2023-09-GSAFAC-0000038984,Z1L9F1MM1RY3,2023,2024-06-26,041174680
2023-09-GSAFAC-0000041472,CKKGSHWWE1R6,2023,2024-06-26,381795659
2023-12-GSAFAC-0000045252,CMNPVSHU24F6,2023,2024-06-26,311509897
2023-12-GSAFAC-0000045252,CMNPVSHU24F6,2023,2024-06-26,340733138
2023-12-GSAFAC-0000045252,CMNPVSHU24F6,2023,2024-06-26,340714581
2023-12-GSAFAC-0000045252,CMNPVSHU24F6,2023,2024-06-26,341088530
2023-12-GSAFAC-0000045252,CMNPVSHU24F6,2023,2024-06-26,842848226
2023-12-GSAFAC-0000045252,CMNPVSHU24F6,2023,2024-06-26,311689698
2023-12-GSAFAC-0000045252,CMNPVSHU24F6,2023,2024-06-26,134246188
2023-12-GSAFAC-0000045252,CMNPVSHU24F6,2023,2024-06-26,201359433
2023-12-GSAFAC-0000045252,CMNPVSHU24F6,2023,2024-06-26,341610344
2023-12-GSAFAC-0000045252,CMNPVSHU24F6,2023,2024-06-26,263646817
2023-12-GSAFAC-0000045252,CMNPVSHU24F6,2023,2024-06-26,341871647
2023-12-GSAFAC-0000045252,CMNPVSHU24F6,2023,2024-06-26,341853300
2023-09-GSAFAC-0000043846,TBAHL1WANLF3,2023,2024-06-26,113784371
2023-09-GSAFAC-0000044460,KJ3FUJ4JD2K9,2023,2024-06-26,800164702
2023-09-GSAFAC-0000044460,KJ3FUJ4JD2K9,2023,2024-06-26,560603898
2023-09-GSAFAC-0000044460,KJ3FUJ4JD2K9,2023,2024-06-26,272763125
2023-12-GSAFAC-0000041946,UHKLCUMWNY51,2023,2024-06-26,822307858
2023-12-GSAFAC-0000041946,UHKLCUMWNY51,2023,2024-06-26,851187834
2023-12-GSAFAC-0000041946,UHKLCUMWNY51,2023,2024-06-26,873712460
2023-09-GSAFAC-0000043443,LE8GLKY26163,2023,2024-06-26,474357174
2023-12-GSAFAC-0000025159,Y2K4F9RPRRG7,2023,2024-06-26,390806374
2023-12-GSAFAC-0000025159,Y2K4F9RPRRG7,2023,2024-06-26,391411999
2023-12-GSAFAC-0000025159,Y2K4F9RPRRG7,2023,2024-06-26,411236756
2023-12-GSAFAC-0000025159,Y2K4F9RPRRG7,2023,2024-06-26,411404075
2023-12-GSAFAC-0000025159,Y2K4F9RPRRG7,2023,2024-06-26,390813418
2023-12-GSAFAC-0000025159,Y2K4F9RPRRG7,2023,2024-06-26,860800150
2023-12-GSAFAC-0000025159,Y2K4F9RPRRG7,2023,2024-06-26,391029430
2023-12-GSAFAC-0000025159,Y2K4F9RPRRG7,2023,2024-06-26,593337028
2023-12-GSAFAC-0000025159,Y2K4F9RPRRG7,2023,2024-06-26,590714831
2023-12-GSAFAC-0000025159,Y2K4F9RPRRG7,2023,2024-06-26,510190875
2023-12-GSAFAC-0000025159,Y2K4F9RPRRG7,2023,2024-06-26,411506440
2023-12-GSAFAC-0000025159,Y2K4F9RPRRG7,2023,2024-06-26,391409024
2023-12-GSAFAC-0000025159,Y2K4F9RPRRG7,2023,2024-06-26,391450617
2023-12-GSAFAC-0000025159,Y2K4F9RPRRG7,2023,2024-06-26,391735831
2023-09-GSAFAC-0000045222,TF4ADS8ULHZ1,2023,2024-06-26,813011126
2023-09-GSAFAC-0000038511,SSEEF5MGC9H9,2023,2024-06-26,060932875
2023-09-GSAFAC-0000038511,SSEEF5MGC9H9,2023,2024-06-26,222635676
2023-09-GSAFAC-0000038511,SSEEF5MGC9H9,2023,2024-06-26,060646715
2023-09-GSAFAC-0000038511,SSEEF5MGC9H9,2023,2024-06-26,060646668
2023-09-GSAFAC-0000038511,SSEEF5MGC9H9,2023,2024-06-26,060250773
2023-09-GSAFAC-0000038511,SSEEF5MGC9H9,2023,2024-06-26,060646768
2023-09-GSAFAC-0000038511,SSEEF5MGC9H9,2023,2024-06-26,060646966
2023-09-GSAFAC-0000038511,SSEEF5MGC9H9,2023,2024-06-26,832550272
2023-09-GSAFAC-0000038511,SSEEF5MGC9H9,2023,2024-06-26,060646678
2023-09-GSAFAC-0000038511,SSEEF5MGC9H9,2023,2024-06-26,060966963
2023-09-GSAFAC-0000038511,SSEEF5MGC9H9,2023,2024-06-26,454456939
2023-09-GSAFAC-0000038511,SSEEF5MGC9H9,2023,2024-06-26,371911194
2023-09-GSAFAC-0000038511,SSEEF5MGC9H9,2023,2024-06-26,060789464
2023-09-GSAFAC-0000038511,SSEEF5MGC9H9,2023,2024-06-26,060646938
2023-09-GSAFAC-0000038511,SSEEF5MGC9H9,2023,2024-06-26,061161422
2023-09-GSAFAC-0000038511,SSEEF5MGC9H9,2023,2024-06-26,820586577
2023-09-GSAFAC-0000038511,SSEEF5MGC9H9,2023,2024-06-26,061490803
2023-09-GSAFAC-0000038511,SSEEF5MGC9H9,2023,2024-06-26,371911194
2023-09-GSAFAC-0000044953,UHFMZYVXGFC1,2023,2024-06-26,540505955
2023-12-GSAFAC-0000045344,J5TRL7GBE353,2023,2024-06-26,200986222
2023-12-GSAFAC-0000045344,J5TRL7GBE353,2023,2024-06-26,411465688
2023-09-GSAFAC-0000028407,NNGKJJVPWM51,2023,2024-06-26,811723202
2023-09-GSAFAC-0000028407,NNGKJJVPWM51,2023,2024-06-26,571004971
2023-09-GSAFAC-0000028407,NNGKJJVPWM51,2023,2024-06-26,582296052
2023-09-GSAFAC-0000028407,NNGKJJVPWM51,2023,2024-06-26,471345819
2023-09-GSAFAC-0000028407,NNGKJJVPWM51,2023,2024-06-26,474914917
2023-09-GSAFAC-0000028407,NNGKJJVPWM51,2023,2024-06-26,570835816
2022-06-GSAFAC-0000044841,RN15SP9CPJE6,2022,2024-06-26,943105441
2022-06-GSAFAC-0000044841,RN15SP9CPJE6,2022,2024-06-26,352487925
2022-06-GSAFAC-0000044841,RN15SP9CPJE6,2022,2024-06-26,680281366
2022-06-GSAFAC-0000044841,RN15SP9CPJE6,2022,2024-06-26,680288068
2022-06-GSAFAC-0000044841,RN15SP9CPJE6,2022,2024-06-26,680281364
2022-06-GSAFAC-0000044841,RN15SP9CPJE6,2022,2024-06-26,680278801
2022-06-GSAFAC-0000044841,RN15SP9CPJE6,2022,2024-06-26,946003786
2022-06-GSAFAC-0000044841,RN15SP9CPJE6,2022,2024-06-26,680322992
2022-06-GSAFAC-0000044841,RN15SP9CPJE6,2022,2024-06-26,043667508
2022-06-GSAFAC-0000044841,RN15SP9CPJE6,2022,2024-06-26,900603904
2022-06-GSAFAC-0000044841,RN15SP9CPJE6,2022,2024-06-26,680282028
2022-06-GSAFAC-0000044841,RN15SP9CPJE6,2022,2024-06-26,680303547
2022-06-GSAFAC-0000044841,RN15SP9CPJE6,2022,2024-06-26,680274794
2022-06-GSAFAC-0000044841,RN15SP9CPJE6,2022,2024-06-26,911879327
2022-06-GSAFAC-0000044841,RN15SP9CPJE6,2022,2024-06-26,942257827
2022-06-GSAFAC-0000044841,RN15SP9CPJE6,2022,2024-06-26,680290132
2022-06-GSAFAC-0000044841,RN15SP9CPJE6,2022,2024-06-26,680364962
2022-06-GSAFAC-0000044841,RN15SP9CPJE6,2022,2024-06-26,942270812
2022-06-GSAFAC-0000044841,RN15SP9CPJE6,2022,2024-06-26,680306069
2022-06-GSAFAC-0000044841,RN15SP9CPJE6,2022,2024-06-26,941697567
2022-06-GSAFAC-0000044841,RN15SP9CPJE6,2022,2024-06-26,352352447
2022-06-GSAFAC-0000044841,RN15SP9CPJE6,2022,2024-06-26,943164436
2022-06-GSAFAC-0000044841,RN15SP9CPJE6,2022,2024-06-26,943164968
2022-06-GSAFAC-0000044841,RN15SP9CPJE6,2022,2024-06-26,680303606
2022-06-GSAFAC-0000044841,RN15SP9CPJE6,2022,2024-06-26,680306064
2022-06-GSAFAC-0000044841,RN15SP9CPJE6,2022,2024-06-26,134314619
2022-06-GSAFAC-0000044841,RN15SP9CPJE6,2022,2024-06-26,521692634
2022-06-GSAFAC-0000044841,RN15SP9CPJE6,2022,2024-06-26,010967313
2022-06-GSAFAC-0000044841,RN15SP9CPJE6,2022,2024-06-26,800549057
2022-06-GSAFAC-0000044841,RN15SP9CPJE6,2022,2024-06-26,680288069
2022-06-GSAFAC-0000044841,RN15SP9CPJE6,2022,2024-06-26,680325102
2022-06-GSAFAC-0000044841,RN15SP9CPJE6,2022,2024-06-26,680281986
2022-06-GSAFAC-0000044841,RN15SP9CPJE6,2022,2024-06-26,680281381
2022-06-GSAFAC-0000044841,RN15SP9CPJE6,2022,2024-06-26,680287675
2022-06-GSAFAC-0000044841,RN15SP9CPJE6,2022,2024-06-26,946001347
2022-06-GSAFAC-0000044841,RN15SP9CPJE6,2022,2024-06-26,680281367
2022-06-GSAFAC-0000044841,RN15SP9CPJE6,2022,2024-06-26,680301973
2022-06-GSAFAC-0000044841,RN15SP9CPJE6,2022,2024-06-26,680284156
2022-06-GSAFAC-0000044841,RN15SP9CPJE6,2022,2024-06-26,680317191
2022-06-GSAFAC-0000044841,RN15SP9CPJE6,2022,2024-06-26,743204993
2022-06-GSAFAC-0000044841,RN15SP9CPJE6,2022,2024-06-26,680282313
2022-06-GSAFAC-0000044841,RN15SP9CPJE6,2022,2024-06-26,680309373
2022-06-GSAFAC-0000044841,RN15SP9CPJE6,2022,2024-06-26,680283471
2022-06-GSAFAC-0000044841,RN15SP9CPJE6,2022,2024-06-26,680279670
2022-06-GSAFAC-0000044841,RN15SP9CPJE6,2022,2024-06-26,680446735
2022-06-GSAFAC-0000044841,RN15SP9CPJE6,2022,2024-06-26,680287677
2022-06-GSAFAC-0000044841,RN15SP9CPJE6,2022,2024-06-26,870746811
2022-06-GSAFAC-0000044841,RN15SP9CPJE6,2022,2024-06-26,680282717
2022-06-GSAFAC-0000044841,RN15SP9CPJE6,2022,2024-06-26,680258051
2022-06-GSAFAC-0000044841,RN15SP9CPJE6,2022,2024-06-26,680264174
2022-06-GSAFAC-0000044841,RN15SP9CPJE6,2022,2024-06-26,680230373
2022-06-GSAFAC-0000044841,RN15SP9CPJE6,2022,2024-06-26,942650401
2022-06-GSAFAC-0000044841,RN15SP9CPJE6,2022,2024-06-26,680448172
2022-06-GSAFAC-0000044841,RN15SP9CPJE6,2022,2024-06-26,943160882
2022-06-GSAFAC-0000044841,RN15SP9CPJE6,2022,2024-06-26,680278724
2022-06-GSAFAC-0000044841,RN15SP9CPJE6,2022,2024-06-26,822162215
2022-06-GSAFAC-0000044841,RN15SP9CPJE6,2022,2024-06-26,680204061
2022-06-GSAFAC-0000044841,RN15SP9CPJE6,2022,2024-06-26,680142725
2022-06-GSAFAC-0000044841,RN15SP9CPJE6,2022,2024-06-26,680284171
2022-06-GSAFAC-0000044841,RN15SP9CPJE6,2022,2024-06-26,680297701
2022-06-GSAFAC-0000044841,RN15SP9CPJE6,2022,2024-06-26,680325104
2022-06-GSAFAC-0000044841,RN15SP9CPJE6,2022,2024-06-26,943031353
2022-06-GSAFAC-0000044841,RN15SP9CPJE6,2022,2024-06-26,946001336
2022-06-GSAFAC-0000044841,RN15SP9CPJE6,2022,2024-06-26,680182830
2022-06-GSAFAC-0000044841,RN15SP9CPJE6,2022,2024-06-26,680322992
2023-12-GSAFAC-0000043097,FBDHNMLS19H2,2023,2024-06-26,043484336
2024-03-GSAFAC-0000044074,UJCJBNYNJMK6,2024,2024-06-27,611150328
2024-03-GSAFAC-0000044074,UJCJBNYNJMK6,2024,2024-06-27,611271505
2023-09-GSAFAC-0000044008,VKMFGLCR5E65,2023,2024-06-27,471322041
2023-09-GSAFAC-0000044008,VKMFGLCR5E65,2023,2024-06-27,593410739
2023-09-GSAFAC-0000044008,VKMFGLCR5E65,2023,2024-06-27,820790996
2023-09-GSAFAC-0000044008,VKMFGLCR5E65,2023,2024-06-27,592487133
2023-09-GSAFAC-0000044008,VKMFGLCR5E65,2023,2024-06-27,611734528
2023-09-GSAFAC-0000044008,VKMFGLCR5E65,2023,2024-06-27,821698374
2023-09-GSAFAC-0000044008,VKMFGLCR5E65,2023,2024-06-27,592487135
2023-09-GSAFAC-0000044008,VKMFGLCR5E65,2023,2024-06-27,592980620
2023-09-GSAFAC-0000044008,VKMFGLCR5E65,2023,2024-06-27,593234721
2023-09-GSAFAC-0000044008,VKMFGLCR5E65,2023,2024-06-27,590747311
2023-09-GSAFAC-0000044008,VKMFGLCR5E65,2023,2024-06-27,464629700
2023-09-GSAFAC-0000044008,VKMFGLCR5E65,2023,2024-06-27,811755188
2023-09-GSAFAC-0000044008,VKMFGLCR5E65,2023,2024-06-27,753198121
2023-09-GSAFAC-0000044008,VKMFGLCR5E65,2023,2024-06-27,592059710
2023-09-GSAFAC-0000044008,VKMFGLCR5E65,2023,2024-06-27,861126946
2023-09-GSAFAC-0000044008,VKMFGLCR5E65,2023,2024-06-27,383870378
2023-09-GSAFAC-0000044008,VKMFGLCR5E65,2023,2024-06-27,352429650
2023-09-GSAFAC-0000044008,VKMFGLCR5E65,2023,2024-06-27,800690174
2023-09-GSAFAC-0000044008,VKMFGLCR5E65,2023,2024-06-27,262665620
2023-09-GSAFAC-0000044008,VKMFGLCR5E65,2023,2024-06-27,593450324
2023-09-GSAFAC-0000044008,VKMFGLCR5E65,2023,2024-06-27,593214040
2023-09-GSAFAC-0000044008,VKMFGLCR5E65,2023,2024-06-27,271524995
2023-09-GSAFAC-0000044008,VKMFGLCR5E65,2023,2024-06-27,593647972
2023-09-GSAFAC-0000044008,VKMFGLCR5E65,2023,2024-06-27,800351279
2023-09-GSAFAC-0000044008,VKMFGLCR5E65,2023,2024-06-27,462632312
2023-09-GSAFAC-0000044008,VKMFGLCR5E65,2023,2024-06-27,462620381
2023-09-GSAFAC-0000044008,VKMFGLCR5E65,2023,2024-06-27,592968487
2023-09-GSAFAC-0000044008,VKMFGLCR5E65,2023,2024-06-27,593120987
2023-09-GSAFAC-0000044008,VKMFGLCR5E65,2023,2024-06-27,030571183
2023-09-GSAFAC-0000044008,VKMFGLCR5E65,2023,2024-06-27,593361021
2023-09-GSAFAC-0000044008,VKMFGLCR5E65,2023,2024-06-27,592059710
2023-09-GSAFAC-0000042908,DRXFNJ7NXBJ3,2023,2024-06-27,851538878
2023-09-GSAFAC-0000042455,MAYKB1LWD5U9,2023,2024-06-27,010382340
2023-09-GSAFAC-0000042455,MAYKB1LWD5U9,2023,2024-06-27,222571902
2023-09-GSAFAC-0000042455,MAYKB1LWD5U9,2023,2024-06-27,813653215
2023-09-GSAFAC-0000042455,MAYKB1LWD5U9,2023,2024-06-27,020222156
2023-09-GSAFAC-0000042455,MAYKB1LWD5U9,2023,2024-06-27,010511356
2023-09-GSAFAC-0000042455,MAYKB1LWD5U9,2023,2024-06-27,010213976
2023-09-GSAFAC-0000042455,MAYKB1LWD5U9,2023,2024-06-27,010339489
2023-09-GSAFAC-0000042455,MAYKB1LWD5U9,2023,2024-06-27,010442142
2023-09-GSAFAC-0000042455,MAYKB1LWD5U9,2023,2024-06-27,010215911
2023-09-GSAFAC-0000042455,MAYKB1LWD5U9,2023,2024-06-27,010211546
2023-09-GSAFAC-0000045621,D5NLRNSAQFX1,2023,2024-06-27,922037034
2023-09-GSAFAC-0000045621,D5NLRNSAQFX1,2023,2024-06-27,922002838
2023-09-GSAFAC-0000042264,SMXCUFWEZXS9,2023,2024-06-27,650512900
2023-06-GSAFAC-0000045508,HNZ1C4TRQN46,2023,2024-06-27,620798646
2023-06-GSAFAC-0000045508,HNZ1C4TRQN46,2023,2024-06-27,626000287
2023-06-GSAFAC-0000045508,HNZ1C4TRQN46,2023,2024-06-27,620698753
2023-09-GSAFAC-0000043880,VHBDJH88HSF4,2023,2024-06-27,222520073
2023-09-GSAFAC-0000043880,VHBDJH88HSF4,2023,2024-06-27,042174657
2023-06-GSAFAC-0000041691,VM3QMKZQ9JC4,2023,2024-06-27,237314995
2023-09-GSAFAC-0000044708,MWKBKNTZ9SW7,2023,2024-06-27,591155275
2023-09-GSAFAC-0000044708,MWKBKNTZ9SW7,2023,2024-06-27,596018704
2023-09-GSAFAC-0000044708,MWKBKNTZ9SW7,2023,2024-06-27,591155275
2023-09-GSAFAC-0000044708,MWKBKNTZ9SW7,2023,2024-06-27,591879880
2023-09-GSAFAC-0000044708,MWKBKNTZ9SW7,2023,2024-06-27,596019767
2023-09-GSAFAC-0000043363,RZX4DJ3LMCN5,2023,2024-06-27,262988454
2023-09-GSAFAC-0000043363,RZX4DJ3LMCN5,2023,2024-06-27,580566121
2023-09-GSAFAC-0000043363,RZX4DJ3LMCN5,2023,2024-06-27,586001307
2023-09-GSAFAC-0000043363,RZX4DJ3LMCN5,2023,2024-06-27,821188691
2023-09-GSAFAC-0000043363,RZX4DJ3LMCN5,2023,2024-06-27,473501366
2023-09-GSAFAC-0000043363,RZX4DJ3LMCN5,2023,2024-06-27,581376434
2023-09-GSAFAC-0000043369,M8LCL7GKMHV6,2023,2024-06-27,453072990
2023-09-GSAFAC-0000044840,KDU9TMGM2TH6,2023,2024-06-27,042794625
2023-09-GSAFAC-0000044840,KDU9TMGM2TH6,2023,2024-06-27,222592333
2023-09-GSAFAC-0000044840,KDU9TMGM2TH6,2023,2024-06-27,222703314
2023-09-GSAFAC-0000044840,KDU9TMGM2TH6,2023,2024-06-27,042105745
2023-12-GSAFAC-0000041253,LQKKJNMXRR95,2023,2024-06-27,981123795
2023-12-GSAFAC-0000044017,TJRBBLQNXFG8,2023,2024-06-27,562393715
2023-12-GSAFAC-0000040038,HQBEYXSJYAC8,2023,2024-06-27,251517533
2023-12-GSAFAC-0000040038,HQBEYXSJYAC8,2023,2024-06-27,251581304
2023-12-GSAFAC-0000040038,HQBEYXSJYAC8,2023,2024-06-27,250402510
2023-12-GSAFAC-0000040038,HQBEYXSJYAC8,2023,2024-06-27,251799823
2023-12-GSAFAC-0000040038,HQBEYXSJYAC8,2023,2024-06-27,251188570
2023-12-GSAFAC-0000040038,HQBEYXSJYAC8,2023,2024-06-27,251536037
2023-12-GSAFAC-0000040038,HQBEYXSJYAC8,2023,2024-06-27,251202461
2023-12-GSAFAC-0000040038,HQBEYXSJYAC8,2023,2024-06-27,320321362
2023-12-GSAFAC-0000040038,HQBEYXSJYAC8,2023,2024-06-27,251317492
2023-12-GSAFAC-0000040038,HQBEYXSJYAC8,2023,2024-06-27,232416166
2023-12-GSAFAC-0000040038,HQBEYXSJYAC8,2023,2024-06-27,250965570
2023-12-GSAFAC-0000040038,HQBEYXSJYAC8,2023,2024-06-27,251441920
2023-12-GSAFAC-0000040038,HQBEYXSJYAC8,2023,2024-06-27,232919472
2023-12-GSAFAC-0000040038,HQBEYXSJYAC8,2023,2024-06-27,231352155
2023-12-GSAFAC-0000040038,HQBEYXSJYAC8,2023,2024-06-27,231396795
2023-12-GSAFAC-0000040038,HQBEYXSJYAC8,2023,2024-06-27,160743226
2023-12-GSAFAC-0000040038,HQBEYXSJYAC8,2023,2024-06-27,452178782
2023-12-GSAFAC-0000040038,HQBEYXSJYAC8,2023,2024-06-27,240802108
2023-12-GSAFAC-0000040038,HQBEYXSJYAC8,2023,2024-06-27,251727721
2023-12-GSAFAC-0000040038,HQBEYXSJYAC8,2023,2024-06-27,250965387
2023-12-GSAFAC-0000040038,HQBEYXSJYAC8,2023,2024-06-27,250965406
2023-12-GSAFAC-0000040038,HQBEYXSJYAC8,2023,2024-06-27,250998168
2023-12-GSAFAC-0000040038,HQBEYXSJYAC8,2023,2024-06-27,821600494
2023-12-GSAFAC-0000040038,HQBEYXSJYAC8,2023,2024-06-27,250965420
2023-12-GSAFAC-0000040038,HQBEYXSJYAC8,2023,2024-06-27,250965423
2023-12-GSAFAC-0000040038,HQBEYXSJYAC8,2023,2024-06-27,250965429
2023-12-GSAFAC-0000040038,HQBEYXSJYAC8,2023,2024-06-27,240806023
2023-12-GSAFAC-0000040038,HQBEYXSJYAC8,2023,2024-06-27,250489010
2023-12-GSAFAC-0000040038,HQBEYXSJYAC8,2023,2024-06-27,251778658
2023-12-GSAFAC-0000040038,HQBEYXSJYAC8,2023,2024-06-27,861057582
2023-12-GSAFAC-0000040038,HQBEYXSJYAC8,2023,2024-06-27,222691718
2023-12-GSAFAC-0000040038,HQBEYXSJYAC8,2023,2024-06-27,251778644
2023-12-GSAFAC-0000040038,HQBEYXSJYAC8,2023,2024-06-27,250965480
2023-12-GSAFAC-0000040038,HQBEYXSJYAC8,2023,2024-06-27,232875070
2023-12-GSAFAC-0000040038,HQBEYXSJYAC8,2023,2024-06-27,232751183
2023-12-GSAFAC-0000040038,HQBEYXSJYAC8,2023,2024-06-27,232176963
2023-12-GSAFAC-0000040038,HQBEYXSJYAC8,2023,2024-06-27,520591531
2023-12-GSAFAC-0000040038,HQBEYXSJYAC8,2023,2024-06-27,240795508
2023-09-GSAFAC-0000044266,G2HWL4MXLG69,2023,2024-06-27,592018385
2023-09-GSAFAC-0000044266,G2HWL4MXLG69,2023,2024-06-27,596018992
2023-09-GSAFAC-0000044266,G2HWL4MXLG69,2023,2024-06-27,596000608
2023-09-GSAFAC-0000042842,SJ9QS4MQKJ17,2023,2024-06-27,461542132
2023-09-GSAFAC-0000042842,SJ9QS4MQKJ17,2023,2024-06-27,603899657
2023-09-GSAFAC-0000042842,SJ9QS4MQKJ17,2023,2024-06-27,521963890
2023-09-GSAFAC-0000042842,SJ9QS4MQKJ17,2023,2024-06-27,521181107
2023-09-GSAFAC-0000042842,SJ9QS4MQKJ17,2023,2024-06-27,273311883
2023-09-GSAFAC-0000045044,UZZRP6FHHJZ5,2023,2024-06-27,061745397
2023-09-GSAFAC-0000045044,UZZRP6FHHJZ5,2023,2024-06-27,390884478
2023-09-GSAFAC-0000045044,UZZRP6FHHJZ5,2023,2024-06-27,391657627
2023-06-GSAFAC-0000045456,KNEPG1AQ5KV3,2023,2024-06-27,223441769
2023-09-GSAFAC-0000042524,MREQZTLUYLY9,2023,2024-06-27,540553805
2023-09-GSAFAC-0000042524,MREQZTLUYLY9,2023,2024-06-27,540568001
2023-09-GSAFAC-0000042524,MREQZTLUYLY9,2023,2024-06-27,540480606
2023-09-GSAFAC-0000042524,MREQZTLUYLY9,2023,2024-06-27,540549603
2023-09-GSAFAC-0000042524,MREQZTLUYLY9,2023,2024-06-27,546074580
2023-09-GSAFAC-0000042524,MREQZTLUYLY9,2023,2024-06-27,540506332
2023-09-GSAFAC-0000042524,MREQZTLUYLY9,2023,2024-06-27,542030773
2023-09-GSAFAC-0000042524,MREQZTLUYLY9,2023,2024-06-27,541864693
2023-09-GSAFAC-0000042524,MREQZTLUYLY9,2023,2024-06-27,542033006
2023-09-GSAFAC-0000042524,MREQZTLUYLY9,2023,2024-06-27,541586601
2023-09-GSAFAC-0000045347,E523DCNC6CG4,2023,2024-06-27,596000682
2023-09-GSAFAC-0000045347,E523DCNC6CG4,2023,2024-06-27,596000683
2023-12-GSAFAC-0000045825,Z8EARLFDMTK6,2023,2024-06-27,640860939
2023-09-GSAFAC-0000042037,HGADQ8GL9PX1,2023,2024-06-27,752705881
2023-09-GSAFAC-0000042037,HGADQ8GL9PX1,2023,2024-06-27,752485366
2023-10-GSAFAC-0000034519,KM7XTKHC9D19,2023,2024-06-27,274803222
2023-10-GSAFAC-0000034519,KM7XTKHC9D19,2023,2024-06-27,753065445
2023-10-GSAFAC-0000034519,KM7XTKHC9D19,2023,2024-06-27,951683875
2023-10-GSAFAC-0000034519,KM7XTKHC9D19,2023,2024-06-27,953432210
2023-09-GSAFAC-0000044636,HXJYCFRNKRC6,2023,2024-06-27,202803956
2023-09-GSAFAC-0000044636,HXJYCFRNKRC6,2023,2024-06-27,472890521
2023-09-GSAFAC-0000044636,HXJYCFRNKRC6,2023,2024-06-27,272578115
2023-09-GSAFAC-0000044636,HXJYCFRNKRC6,2023,2024-06-27,030435268
2023-09-GSAFAC-0000044636,HXJYCFRNKRC6,2023,2024-06-27,752411609
2023-09-GSAFAC-0000043939,MFMHYXDP4244,2023,2024-06-27,453576100
2023-09-GSAFAC-0000043939,MFMHYXDP4244,2023,2024-06-27,473712858
2023-09-GSAFAC-0000043939,MFMHYXDP4244,2023,2024-06-27,510473471
2023-09-GSAFAC-0000043939,MFMHYXDP4244,2023,2024-06-27,570370242
2023-09-GSAFAC-0000043939,MFMHYXDP4244,2023,2024-06-27,812772554
2023-09-GSAFAC-0000045717,F5TRTTU8CA91,2023,2024-06-28,061463147
2023-09-GSAFAC-0000045717,F5TRTTU8CA91,2023,2024-06-28,060647014
2023-09-GSAFAC-0000029768,F125YU6SWK59,2023,2024-06-28,460585021
2023-12-GSAFAC-0000045786,PCV1WJVKG4L5,2023,2024-06-28,391866425
2023-12-GSAFAC-0000045786,PCV1WJVKG4L5,2023,2024-06-28,390813416
2023-12-GSAFAC-0000045786,PCV1WJVKG4L5,2023,2024-06-28,391028657
2023-12-GSAFAC-0000045786,PCV1WJVKG4L5,2023,2024-06-28,391249705
2023-12-GSAFAC-0000045786,PCV1WJVKG4L5,2023,2024-06-28,390704510
2023-12-GSAFAC-0000045786,PCV1WJVKG4L5,2023,2024-06-28,410711606
2023-12-GSAFAC-0000045786,PCV1WJVKG4L5,2023,2024-06-28,411565003
2023-12-GSAFAC-0000045786,PCV1WJVKG4L5,2023,2024-06-28,391965415
2023-12-GSAFAC-0000045786,PCV1WJVKG4L5,2023,2024-06-28,391962965
2023-12-GSAFAC-0000045786,PCV1WJVKG4L5,2023,2024-06-28,391751934
2023-12-GSAFAC-0000045786,PCV1WJVKG4L5,2023,2024-06-28,391586700
2023-12-GSAFAC-0000045786,PCV1WJVKG4L5,2023,2024-06-28,390929538
2023-12-GSAFAC-0000045786,PCV1WJVKG4L5,2023,2024-06-28,390845590
2023-12-GSAFAC-0000045786,PCV1WJVKG4L5,2023,2024-06-28,421320763
2023-12-GSAFAC-0000045786,PCV1WJVKG4L5,2023,2024-06-28,390944012
2023-12-GSAFAC-0000045786,PCV1WJVKG4L5,2023,2024-06-28,410693877
2023-09-GSAFAC-0000044397,GN6MTBGWM4E1,2023,2024-06-28,202443604
2023-09-GSAFAC-0000044397,GN6MTBGWM4E1,2023,2024-06-28,344428232
2023-09-GSAFAC-0000044397,GN6MTBGWM4E1,2023,2024-06-28,381218516
2023-09-GSAFAC-0000044397,GN6MTBGWM4E1,2023,2024-06-28,381369611
2023-09-GSAFAC-0000044397,GN6MTBGWM4E1,2023,2024-06-28,381420304
2023-09-GSAFAC-0000044397,GN6MTBGWM4E1,2023,2024-06-28,381428164
2023-09-GSAFAC-0000044397,GN6MTBGWM4E1,2023,2024-06-28,381434090
2023-09-GSAFAC-0000044397,GN6MTBGWM4E1,2023,2024-06-28,381474929
2023-09-GSAFAC-0000044397,GN6MTBGWM4E1,2023,2024-06-28,381613280
2023-09-GSAFAC-0000044397,GN6MTBGWM4E1,2023,2024-06-28,381976271
2023-09-GSAFAC-0000044397,GN6MTBGWM4E1,2023,2024-06-28,382146751
2023-09-GSAFAC-0000044397,GN6MTBGWM4E1,2023,2024-06-28,382383119
2023-09-GSAFAC-0000044397,GN6MTBGWM4E1,2023,2024-06-28,382683251
2023-09-GSAFAC-0000044397,GN6MTBGWM4E1,2023,2024-06-28,382689033
2023-09-GSAFAC-0000044397,GN6MTBGWM4E1,2023,2024-06-28,382895426
2023-09-GSAFAC-0000044397,GN6MTBGWM4E1,2023,2024-06-28,382988086
2023-09-GSAFAC-0000044397,GN6MTBGWM4E1,2023,2024-06-28,383038683
2023-09-GSAFAC-0000044397,GN6MTBGWM4E1,2023,2024-06-28,383426063
2023-09-GSAFAC-0000044397,GN6MTBGWM4E1,2023,2024-06-28,383491714
2022-09-GSAFAC-0000045590,NVCUHXV5C3S5,2022,2024-06-28,596718702
2023-09-GSAFAC-0000045847,Y5LHLB34NDD6,2023,2024-06-28,463011555
2023-09-GSAFAC-0000045847,Y5LHLB34NDD6,2023,2024-06-28,843045094
2023-09-GSAFAC-0000045847,Y5LHLB34NDD6,2023,2024-06-28,300313534
2023-09-GSAFAC-0000045847,Y5LHLB34NDD6,2023,2024-06-28,463774942
2023-09-GSAFAC-0000045847,Y5LHLB34NDD6,2023,2024-06-28,271094843
2023-09-GSAFAC-0000045847,Y5LHLB34NDD6,2023,2024-06-28,454088317
2023-09-GSAFAC-0000045847,Y5LHLB34NDD6,2023,2024-06-28,454356706
2023-09-GSAFAC-0000045847,Y5LHLB34NDD6,2023,2024-06-28,454599323
2023-09-GSAFAC-0000045847,Y5LHLB34NDD6,2023,2024-06-28,454907023
2023-09-GSAFAC-0000045847,Y5LHLB34NDD6,2023,2024-06-28,455568773
2023-09-GSAFAC-0000045847,Y5LHLB34NDD6,2023,2024-06-28,460893642
2023-09-GSAFAC-0000045847,Y5LHLB34NDD6,2023,2024-06-28,462726702
2023-09-GSAFAC-0000045847,Y5LHLB34NDD6,2023,2024-06-28,462796563
2023-09-GSAFAC-0000045847,Y5LHLB34NDD6,2023,2024-06-28,462997400
2023-09-GSAFAC-0000045847,Y5LHLB34NDD6,2023,2024-06-28,463101450
2023-09-GSAFAC-0000045847,Y5LHLB34NDD6,2023,2024-06-28,463277388
2023-09-GSAFAC-0000045847,Y5LHLB34NDD6,2023,2024-06-28,371793285
2023-09-GSAFAC-0000045847,Y5LHLB34NDD6,2023,2024-06-28,320504741
2023-09-GSAFAC-0000045847,Y5LHLB34NDD6,2023,2024-06-28,352597656
2023-12-GSAFAC-0000042926,ULK2ZB2TG6X7,2023,2024-06-28,455464310
2023-09-GSAFAC-0000043352,T48TJV9ZKV54,2023,2024-06-28,262523692
2023-09-GSAFAC-0000043352,T48TJV9ZKV54,2023,2024-06-28,271265030
2023-09-GSAFAC-0000043352,T48TJV9ZKV54,2023,2024-06-28,262315934
2023-09-GSAFAC-0000043352,T48TJV9ZKV54,2023,2024-06-28,473225200
2023-09-GSAFAC-0000044601,CQMFPQF41QW3,2023,2024-06-28,362604009
2023-09-GSAFAC-0000044601,CQMFPQF41QW3,2023,2024-06-28,362167864
2023-09-GSAFAC-0000044601,CQMFPQF41QW3,2023,2024-06-28,370662570
2023-09-GSAFAC-0000044601,CQMFPQF41QW3,2023,2024-06-28,370662576
2023-09-GSAFAC-0000044601,CQMFPQF41QW3,2023,2024-06-28,370662569
2023-09-GSAFAC-0000044601,CQMFPQF41QW3,2023,2024-06-28,370662581
2023-09-GSAFAC-0000044601,CQMFPQF41QW3,2023,2024-06-28,383852646
2023-09-GSAFAC-0000044601,CQMFPQF41QW3,2023,2024-06-28,363484677
2023-09-GSAFAC-0000044601,CQMFPQF41QW3,2023,2024-06-28,381359528
2023-12-GSAFAC-0000045914,JHKBV97FZUC5,2023,2024-06-28,396498144
2023-12-GSAFAC-0000045914,JHKBV97FZUC5,2023,2024-06-28,461495343
2023-12-GSAFAC-0000045914,JHKBV97FZUC5,2023,2024-06-28,391157876
2023-12-GSAFAC-0000045914,JHKBV97FZUC5,2023,2024-06-28,390806828
2023-12-GSAFAC-0000045914,JHKBV97FZUC5,2023,2024-06-28,390837206
2023-12-GSAFAC-0000045914,JHKBV97FZUC5,2023,2024-06-28,810977948
2023-12-GSAFAC-0000045914,JHKBV97FZUC5,2023,2024-06-28,382780429
2023-12-GSAFAC-0000045914,JHKBV97FZUC5,2023,2024-06-28,390973724
2023-12-GSAFAC-0000045914,JHKBV97FZUC5,2023,2024-06-28,390452970
2023-09-GSAFAC-0000043514,QPVTGH1TLF49,2023,2024-06-28,263075429
2023-09-GSAFAC-0000043011,JQ12K92EUWW3,2023,2024-06-28,596057209
2023-09-GSAFAC-0000043011,JQ12K92EUWW3,2023,2024-06-28,596000902
2023-09-GSAFAC-0000043011,JQ12K92EUWW3,2023,2024-06-28,596000900
2023-09-GSAFAC-0000043011,JQ12K92EUWW3,2023,2024-06-28,596000903
2023-09-GSAFAC-0000026084,VZJVB8RFBJR8,2023,2024-06-28,060646597
2023-09-GSAFAC-0000026084,VZJVB8RFBJR8,2023,2024-06-28,066068853
2023-09-GSAFAC-0000026084,VZJVB8RFBJR8,2023,2024-06-28,815056290
2023-09-GSAFAC-0000026084,VZJVB8RFBJR8,2023,2024-06-28,222594968
2023-09-GSAFAC-0000026084,VZJVB8RFBJR8,2023,2024-06-28,061137531
2023-09-GSAFAC-0000026084,VZJVB8RFBJR8,2023,2024-06-28,222594977
2023-09-GSAFAC-0000026084,VZJVB8RFBJR8,2023,2024-06-28,141338586
2023-09-GSAFAC-0000026084,VZJVB8RFBJR8,2023,2024-06-28,141338467
2023-09-GSAFAC-0000026084,VZJVB8RFBJR8,2023,2024-06-28,146019179
2023-09-GSAFAC-0000026084,VZJVB8RFBJR8,2023,2024-06-28,141678068
2023-09-GSAFAC-0000026084,VZJVB8RFBJR8,2023,2024-06-28,223129608
2023-09-GSAFAC-0000026084,VZJVB8RFBJR8,2023,2024-06-28,060655138
2023-09-GSAFAC-0000044718,PG1NM2W2BBG3,2023,2024-06-28,383849354
2023-09-GSAFAC-0000044718,PG1NM2W2BBG3,2023,2024-06-28,936087366
2023-09-GSAFAC-0000044932,MVLRFMHCELW4,2023,2024-06-28,592328806
2023-12-GSAFAC-0000044667,UHPQRM6D7GX4,2023,2024-06-28,222402959
2023-09-GSAFAC-0000045564,Z7Y8DLRFVYD9,2023,2024-06-28,870982464
2023-09-GSAFAC-0000045178,DVJ8URPHQ1K1,2023,2024-06-28,571119337
2023-09-GSAFAC-0000045178,DVJ8URPHQ1K1,2023,2024-06-28,208817905
2023-09-GSAFAC-0000046089,NNEGB6K2JAE5,2023,2024-06-28,204927945
2023-06-GSAFAC-0000043238,NACLGC31ZD83,2023,2024-06-28,204597888
2023-06-GSAFAC-0000043238,NACLGC31ZD83,2023,2024-06-28,133826209
2023-06-GSAFAC-0000043238,NACLGC31ZD83,2023,2024-06-28,133284257
2023-06-GSAFAC-0000043238,NACLGC31ZD83,2023,2024-06-28,132658458
2023-09-GSAFAC-0000045429,CHGEEXTCMRM9,2023,2024-06-28,752656723
2023-09-GSAFAC-0000038428,MY2ERHGDV956,2023,2024-06-28,043400617
2023-09-GSAFAC-0000038428,MY2ERHGDV956,2023,2024-06-28,042103590
2023-09-GSAFAC-0000038428,MY2ERHGDV956,2023,2024-06-28,042767880
2023-09-GSAFAC-0000045440,F9RLBNNY85N8,2023,2024-06-28,741888198
2023-12-GSAFAC-0000043371,P1RTMASB37B5,2023,2024-06-28,811559375
2023-12-GSAFAC-0000043371,P1RTMASB37B5,2023,2024-06-28,520954463
2023-12-GSAFAC-0000043371,P1RTMASB37B5,2023,2024-06-28,930798039
2023-12-GSAFAC-0000043371,P1RTMASB37B5,2023,2024-06-28,840591617
2023-12-GSAFAC-0000043371,P1RTMASB37B5,2023,2024-06-28,941340523
2023-12-GSAFAC-0000043371,P1RTMASB37B5,2023,2024-06-28,941105628
2023-12-GSAFAC-0000043371,P1RTMASB37B5,2023,2024-06-28,910511770
2023-12-GSAFAC-0000043371,P1RTMASB37B5,2023,2024-06-28,581592076
2023-09-GSAFAC-0000044902,HS9CP4BK8661,2023,2024-06-28,710290019
2023-09-GSAFAC-0000044902,HS9CP4BK8661,2023,2024-06-28,273970823
2023-09-GSAFAC-0000044902,HS9CP4BK8661,2023,2024-06-28,710805203
2023-09-GSAFAC-0000044902,HS9CP4BK8661,2023,2024-06-28,743052826
2023-09-GSAFAC-0000044902,HS9CP4BK8661,2023,2024-06-28,710835247
2023-09-GSAFAC-0000040508,EUJ4NSR26243,2023,2024-06-28,042103600
2023-09-GSAFAC-0000040508,EUJ4NSR26243,2023,2024-06-28,042104159
2023-09-GSAFAC-0000040508,EUJ4NSR26243,2023,2024-06-28,042220716
2023-09-GSAFAC-0000040508,EUJ4NSR26243,2023,2024-06-28,042995795
2023-09-GSAFAC-0000045837,UP1AB4CPRDJ3,2023,2024-06-28,208277205
2023-09-GSAFAC-0000045553,EEBBEKAVL7R3,2023,2024-06-28,953782169
2023-09-GSAFAC-0000045553,EEBBEKAVL7R3,2023,2024-06-28,952367304
2023-09-GSAFAC-0000045553,EEBBEKAVL7R3,2023,2024-06-28,330449527
2023-09-GSAFAC-0000045553,EEBBEKAVL7R3,2023,2024-06-28,950651579
2023-09-GSAFAC-0000045553,EEBBEKAVL7R3,2023,2024-06-28,953492461
2023-09-GSAFAC-0000045553,EEBBEKAVL7R3,2023,2024-06-28,330124488
2023-12-GSAFAC-0000040948,LCSFK2KRP5A4,2023,2024-06-28,561398929
2023-09-GSAFAC-0000045398,NNKNYTTPKQ44,2023,2024-06-28,050258914
2023-09-GSAFAC-0000045398,NNKNYTTPKQ44,2023,2024-06-28,050258954
2023-09-GSAFAC-0000045398,NNKNYTTPKQ44,2023,2024-06-28,050258905
2023-09-GSAFAC-0000045398,NNKNYTTPKQ44,2023,2024-06-28,050258806
2023-09-GSAFAC-0000045398,NNKNYTTPKQ44,2023,2024-06-28,050309043
2023-09-GSAFAC-0000045398,NNKNYTTPKQ44,2023,2024-06-28,050389801
2023-09-GSAFAC-0000045398,NNKNYTTPKQ44,2023,2024-06-28,844944884
2023-09-GSAFAC-0000045560,UWLMMPTKNZN1,2023,2024-06-28,562408506
2023-09-GSAFAC-0000044512,WZY4KC6UGUX7,2023,2024-06-28,592522488
2023-09-GSAFAC-0000044512,WZY4KC6UGUX7,2023,2024-06-28,591945163
2023-09-GSAFAC-0000044512,WZY4KC6UGUX7,2023,2024-06-28,591284678
2023-09-GSAFAC-0000044512,WZY4KC6UGUX7,2023,2024-06-28,650062205
2023-09-GSAFAC-0000044512,WZY4KC6UGUX7,2023,2024-06-28,592850676
2023-09-GSAFAC-0000044512,WZY4KC6UGUX7,2023,2024-06-28,650032474
2023-09-GSAFAC-0000040564,UKAHGBNQ1HC7,2023,2024-06-28,061136893
2023-09-GSAFAC-0000040564,UKAHGBNQ1HC7,2023,2024-06-28,262565797
2023-09-GSAFAC-0000040564,UKAHGBNQ1HC7,2023,2024-06-28,454077626
2023-09-GSAFAC-0000045402,S277U1C5C6N6,2023,2024-06-28,462773479
2023-09-GSAFAC-0000045402,S277U1C5C6N6,2023,2024-06-28,364860252
2023-09-GSAFAC-0000045402,S277U1C5C6N6,2023,2024-06-28,821562462
2023-09-GSAFAC-0000045402,S277U1C5C6N6,2023,2024-06-28,592440537
2023-09-GSAFAC-0000045402,S277U1C5C6N6,2023,2024-06-28,202047704
2023-09-GSAFAC-0000045402,S277U1C5C6N6,2023,2024-06-28,592484352
2023-09-GSAFAC-0000043384,JM3QWP4D6MY1,2023,2024-06-28,043358564
2023-09-GSAFAC-0000043384,JM3QWP4D6MY1,2023,2024-06-28,042626179
2023-09-GSAFAC-0000043384,JM3QWP4D6MY1,2023,2024-06-28,042104693
2023-09-GSAFAC-0000043384,JM3QWP4D6MY1,2023,2024-06-28,042103577
2023-09-GSAFAC-0000043384,JM3QWP4D6MY1,2023,2024-06-28,042103555
2023-09-GSAFAC-0000045622,FYV7SX8CN3E1,2023,2024-06-28,455363543
2023-09-GSAFAC-0000044573,HHUSSQSMYLJ5,2023,2024-06-30,951934652
2023-09-GSAFAC-0000044573,HHUSSQSMYLJ5,2023,2024-06-30,951903935
2023-09-GSAFAC-0000044573,HHUSSQSMYLJ5,2023,2024-06-30,953942828
2023-09-GSAFAC-0000044573,HHUSSQSMYLJ5,2023,2024-06-30,951656366
2023-12-GSAFAC-0000045778,PDEJECUEHHJ4,2023,2024-06-30,752443976
2023-12-GSAFAC-0000045778,PDEJECUEHHJ4,2023,2024-06-30,752426157
2023-12-GSAFAC-0000045778,PDEJECUEHHJ4,2023,2024-06-30,364726384
2023-12-GSAFAC-0000045778,PDEJECUEHHJ4,2023,2024-06-30,823130673
2023-12-GSAFAC-0000045778,PDEJECUEHHJ4,2023,2024-06-30,823224964
2023-09-GSAFAC-0000043538,PLKJMJKQVMM6,2023,2024-06-30,521993252
2023-12-GSAFAC-0000044628,ECMCUA2THSJ6,2023,2024-07-01,411534409
2023-12-GSAFAC-0000044628,ECMCUA2THSJ6,2023,2024-07-01,416004927
2023-12-GSAFAC-0000044628,ECMCUA2THSJ6,2023,2024-07-01,416004928
2023-12-GSAFAC-0000045136,CCW3XJKC2AM9,2023,2024-07-01,911336048
2023-12-GSAFAC-0000045136,CCW3XJKC2AM9,2023,2024-07-01,911251500
2023-12-GSAFAC-0000045136,CCW3XJKC2AM9,2023,2024-07-01,911128950
2023-12-GSAFAC-0000045136,CCW3XJKC2AM9,2023,2024-07-01,912122682
2023-12-GSAFAC-0000045136,CCW3XJKC2AM9,2023,2024-07-01,834538343
2023-12-GSAFAC-0000045136,CCW3XJKC2AM9,2023,2024-07-01,371502691
2023-12-GSAFAC-0000045136,CCW3XJKC2AM9,2023,2024-07-01,464287418
2023-12-GSAFAC-0000045136,CCW3XJKC2AM9,2023,2024-07-01,203701217
2023-12-GSAFAC-0000045136,CCW3XJKC2AM9,2023,2024-07-01,911174763
2023-12-GSAFAC-0000043714,JB5YFKD5CHF3,2023,2024-07-01,351804480
2023-09-GSAFAC-0000026218,L2YZPHLFAT15,2023,2024-07-01,431987409
2023-09-GSAFAC-0000026218,L2YZPHLFAT15,2023,2024-07-01,042702169
2023-09-GSAFAC-0000026218,L2YZPHLFAT15,2023,2024-07-01,042864081
2023-09-GSAFAC-0000026218,L2YZPHLFAT15,2023,2024-07-01,222678594
2023-09-GSAFAC-0000026218,L2YZPHLFAT15,2023,2024-07-01,042970129
2023-09-GSAFAC-0000026218,L2YZPHLFAT15,2023,2024-07-01,043259647
2023-09-GSAFAC-0000026218,L2YZPHLFAT15,2023,2024-07-01,042751258
2023-09-GSAFAC-0000049069,S6QJU8BVMCS8,2023,2024-07-01,832986574
2023-09-GSAFAC-0000044003,FEZNGAHUF382,2023,2024-07-01,650537662
2023-09-GSAFAC-0000044003,FEZNGAHUF382,2023,2024-07-01,596000838
2023-09-GSAFAC-0000044003,FEZNGAHUF382,2023,2024-07-01,596000834
2023-09-GSAFAC-0000049181,CZPGMA3EQ573,2023,2024-07-01,042791396
2023-09-GSAFAC-0000049181,CZPGMA3EQ573,2023,2024-07-01,042995053
2023-09-GSAFAC-0000049181,CZPGMA3EQ573,2023,2024-07-01,042133860
2023-09-GSAFAC-0000039278,JZ8RQC4EMDZ5,2023,2024-07-01,043289381
2023-09-GSAFAC-0000039278,JZ8RQC4EMDZ5,2023,2024-07-01,043286156
2023-09-GSAFAC-0000039278,JZ8RQC4EMDZ5,2023,2024-07-01,043286641
2023-09-GSAFAC-0000039278,JZ8RQC4EMDZ5,2023,2024-07-01,043452877
2023-09-GSAFAC-0000039278,JZ8RQC4EMDZ5,2023,2024-07-01,043452874
2023-09-GSAFAC-0000039278,JZ8RQC4EMDZ5,2023,2024-07-01,043335166
2023-09-GSAFAC-0000039278,JZ8RQC4EMDZ5,2023,2024-07-01,043137333
2023-09-GSAFAC-0000039278,JZ8RQC4EMDZ5,2023,2024-07-01,043354353
2023-09-GSAFAC-0000039278,JZ8RQC4EMDZ5,2023,2024-07-01,043265008
2023-09-GSAFAC-0000039278,JZ8RQC4EMDZ5,2023,2024-07-01,042794543
2023-09-GSAFAC-0000039278,JZ8RQC4EMDZ5,2023,2024-07-01,043283573
2023-09-GSAFAC-0000039278,JZ8RQC4EMDZ5,2023,2024-07-01,043286643
2023-09-GSAFAC-0000039278,JZ8RQC4EMDZ5,2023,2024-07-01,043428462
2023-09-GSAFAC-0000039278,JZ8RQC4EMDZ5,2023,2024-07-01,043296068
2023-09-GSAFAC-0000039278,JZ8RQC4EMDZ5,2023,2024-07-01,043067465
2023-09-GSAFAC-0000039278,JZ8RQC4EMDZ5,2023,2024-07-01,043354360
2023-09-GSAFAC-0000039278,JZ8RQC4EMDZ5,2023,2024-07-01,043555478
2023-09-GSAFAC-0000039278,JZ8RQC4EMDZ5,2023,2024-07-01,043355267
2023-09-GSAFAC-0000039278,JZ8RQC4EMDZ5,2023,2024-07-01,810716773
2023-09-GSAFAC-0000039278,JZ8RQC4EMDZ5,2023,2024-07-01,043291148
2023-09-GSAFAC-0000039278,JZ8RQC4EMDZ5,2023,2024-07-01,042966416
2023-09-GSAFAC-0000039278,JZ8RQC4EMDZ5,2023,2024-07-01,043276227
2023-09-GSAFAC-0000039278,JZ8RQC4EMDZ5,2023,2024-07-01,043156471
2023-09-GSAFAC-0000039278,JZ8RQC4EMDZ5,2023,2024-07-01,042472758
2023-09-GSAFAC-0000039278,JZ8RQC4EMDZ5,2023,2024-07-01,510172171
2023-09-GSAFAC-0000039278,JZ8RQC4EMDZ5,2023,2024-07-01,043218267
2023-09-GSAFAC-0000039278,JZ8RQC4EMDZ5,2023,2024-07-01,043373331
2023-09-GSAFAC-0000039278,JZ8RQC4EMDZ5,2023,2024-07-01,043414914
2023-09-GSAFAC-0000039278,JZ8RQC4EMDZ5,2023,2024-07-01,201810549
2023-09-GSAFAC-0000039278,JZ8RQC4EMDZ5,2023,2024-07-01,463556853
2023-09-GSAFAC-0000039278,JZ8RQC4EMDZ5,2023,2024-07-01,473468314
2023-09-GSAFAC-0000039278,JZ8RQC4EMDZ5,2023,2024-07-01,980375219
2023-09-GSAFAC-0000039278,JZ8RQC4EMDZ5,2023,2024-07-01,852764256
2023-09-GSAFAC-0000049196,DK3UC6KV99U6,2023,2024-07-01,411936538
2023-09-GSAFAC-0000049314,QCM6MK4JMTA5,2023,2024-07-01,832726764
2023-09-GSAFAC-0000049314,QCM6MK4JMTA5,2023,2024-07-01,592013869
2023-09-GSAFAC-0000049314,QCM6MK4JMTA5,2023,2024-07-01,591114009
2023-09-GSAFAC-0000049314,QCM6MK4JMTA5,2023,2024-07-01,205679783
2023-09-GSAFAC-0000049298,CDE6MJRCKQL7,2023,2024-07-01,510487275
2023-09-GSAFAC-0000049298,CDE6MJRCKQL7,2023,2024-07-01,463626109
2023-09-GSAFAC-0000049298,CDE6MJRCKQL7,2023,2024-07-01,411799368
2023-09-GSAFAC-0000049298,CDE6MJRCKQL7,2023,2024-07-01,205617275
2023-09-GSAFAC-0000049298,CDE6MJRCKQL7,2023,2024-07-01,411879639
2023-09-GSAFAC-0000049298,CDE6MJRCKQL7,2023,2024-07-01,411810369
2023-09-GSAFAC-0000049298,CDE6MJRCKQL7,2023,2024-07-01,810910949
2023-09-GSAFAC-0000049298,CDE6MJRCKQL7,2023,2024-07-01,200100365
2023-09-GSAFAC-0000049298,CDE6MJRCKQL7,2023,2024-07-01,411843283
2023-09-GSAFAC-0000049298,CDE6MJRCKQL7,2023,2024-07-01,237625632
2023-09-GSAFAC-0000049298,CDE6MJRCKQL7,2023,2024-07-01,203367397
2023-09-GSAFAC-0000049298,CDE6MJRCKQL7,2023,2024-07-01,411668347
2023-09-GSAFAC-0000049298,CDE6MJRCKQL7,2023,2024-07-01,202581924
2023-09-GSAFAC-0000037159,KHC4L23YBW63,2023,2024-07-01,352467915
2023-12-GSAFAC-0000045021,F94VMUFH95M3,2023,2024-07-02,420681048
2023-12-GSAFAC-0000045021,F94VMUFH95M3,2023,2024-07-02,470690207
2023-12-GSAFAC-0000045021,F94VMUFH95M3,2023,2024-07-02,470457872
2023-09-GSAFAC-0000023281,NYA9KT6XWEL7,2023,2024-07-05,741873453
2023-09-GSAFAC-0000023281,NYA9KT6XWEL7,2023,2024-07-05,742446071
2023-12-GSAFAC-0000049498,JH43EGXQ82A9,2023,2024-07-08,770671639
2023-12-GSAFAC-0000043854,PKS5Q5LA3HA4,2023,2024-07-08,872258273
2023-12-GSAFAC-0000043854,PKS5Q5LA3HA4,2023,2024-07-08,922971789
2023-06-GSAFAC-0000041648,LBVLEFPRG236,2023,2024-07-08,823375306
2023-06-GSAFAC-0000041648,LBVLEFPRG236,2023,2024-07-08,851313163
2023-12-GSAFAC-0000049747,T4BMJCC2MJU1,2023,2024-07-09,320463838
2024-03-GSAFAC-0000042385,RNJZNL8LZKD3,2024,2024-07-09,311242113
2023-12-GSAFAC-0000039649,GKK1H47RX341,2023,2024-07-10,222533280
2023-12-GSAFAC-0000045234,KA22TFJMRMB9,2023,2024-07-10,640679922
2023-12-GSAFAC-0000045234,KA22TFJMRMB9,2023,2024-07-10,640678962
2023-12-GSAFAC-0000045234,KA22TFJMRMB9,2023,2024-07-10,943426425
2023-12-GSAFAC-0000045234,KA22TFJMRMB9,2023,2024-07-10,640841734
2023-12-GSAFAC-0000045234,KA22TFJMRMB9,2023,2024-07-10,640429943
2023-12-GSAFAC-0000045234,KA22TFJMRMB9,2023,2024-07-10,640835284
2023-12-GSAFAC-0000049988,Z8RML1KGTYG4,2023,2024-07-10,842011667
2023-12-GSAFAC-0000040342,GZACXJ53CWR7,2023,2024-07-11,520192004
2023-12-GSAFAC-0000040342,GZACXJ53CWR7,2023,2024-07-11,521888775
2023-12-GSAFAC-0000045537,UMYKM272N6A9,2023,2024-07-11,264765403
2023-06-GSAFAC-0000046203,F8LNWE8JTWK5,2023,2024-07-11,520575305
2023-06-GSAFAC-0000046203,F8LNWE8JTWK5,2023,2024-07-11,541691952
2023-06-GSAFAC-0000046203,F8LNWE8JTWK5,2023,2024-07-11,541691953
2023-06-GSAFAC-0000046203,F8LNWE8JTWK5,2023,2024-07-11,521773885
2023-06-GSAFAC-0000046203,F8LNWE8JTWK5,2023,2024-07-11,232033566
2023-12-GSAFAC-0000042190,SEFNXEDS8SL7,2023,2024-07-11,852323304
2023-12-GSAFAC-0000042238,KDKKQZ3EHZB5,2023,2024-07-11,742699723
2023-12-GSAFAC-0000042238,KDKKQZ3EHZB5,2023,2024-07-11,742699490
2023-12-GSAFAC-0000042238,KDKKQZ3EHZB5,2023,2024-07-11,742789886
2023-12-GSAFAC-0000042238,KDKKQZ3EHZB5,2023,2024-07-11,742685268
2023-12-GSAFAC-0000042238,KDKKQZ3EHZB5,2023,2024-07-11,300614465
2023-12-GSAFAC-0000042238,KDKKQZ3EHZB5,2023,2024-07-11,271200807
2023-12-GSAFAC-0000042238,KDKKQZ3EHZB5,2023,2024-07-11,320609203
2023-12-GSAFAC-0000042238,KDKKQZ3EHZB5,2023,2024-07-11,611900775
2023-12-GSAFAC-0000042238,KDKKQZ3EHZB5,2023,2024-07-11,202350732
2023-12-GSAFAC-0000042238,KDKKQZ3EHZB5,2023,2024-07-11,331187137
2023-06-GSAFAC-0000019931,F56HLRACHSH3,2023,2024-07-11,911253391
2023-06-GSAFAC-0000019931,F56HLRACHSH3,2023,2024-07-11,911259337
2023-06-GSAFAC-0000019931,F56HLRACHSH3,2023,2024-07-11,203602705
2023-06-GSAFAC-0000019931,F56HLRACHSH3,2023,2024-07-11,203602821
2023-06-GSAFAC-0000019931,F56HLRACHSH3,2023,2024-07-11,943043495
2024-03-GSAFAC-0000050011,SG71HEA776D9,2024,2024-07-11,611253192
2023-12-GSAFAC-0000049347,MJYZAJNELFU1,2023,2024-07-11,396006301
2023-12-GSAFAC-0000045205,NP46BYXLY9M6,2023,2024-07-11,741204252
2022-12-GSAFAC-0000044487,K656PGNEBNQ8,2022,2024-07-12,200017440
2022-12-GSAFAC-0000044487,K656PGNEBNQ8,2022,2024-07-12,232654908
2022-12-GSAFAC-0000044487,K656PGNEBNQ8,2022,2024-07-12,232654910
2022-12-GSAFAC-0000044487,K656PGNEBNQ8,2022,2024-07-12,232744765
2022-12-GSAFAC-0000044487,K656PGNEBNQ8,2022,2024-07-12,342021326
2022-12-GSAFAC-0000044487,K656PGNEBNQ8,2022,2024-07-12,522360561
2023-09-GSAFAC-0000050127,LC2JE11KNPM7,2023,2024-07-12,743063915
2023-12-GSAFAC-0000049733,NNT1R72GRHD6,2023,2024-07-12,471752821
2021-09-GSAFAC-0000049516,EACYDAZE9PB6,2021,2024-07-12,550717488
2022-09-GSAFAC-0000049670,EACYDAZE9PB6,2022,2024-07-12,550717488
2023-06-GSAFAC-0000046043,LFHPKSMEECK8,2023,2024-07-14,133030627
2023-06-GSAFAC-0000046043,LFHPKSMEECK8,2023,2024-07-14,911922828
2023-06-GSAFAC-0000046043,LFHPKSMEECK8,2023,2024-07-14,133922973
2023-06-GSAFAC-0000046043,LFHPKSMEECK8,2023,2024-07-14,133446221
2023-06-GSAFAC-0000046043,LFHPKSMEECK8,2023,2024-07-14,133449783
2023-06-GSAFAC-0000046043,LFHPKSMEECK8,2023,2024-07-14,133449085
2023-06-GSAFAC-0000046043,LFHPKSMEECK8,2023,2024-07-14,133507989
2023-06-GSAFAC-0000046043,LFHPKSMEECK8,2023,2024-07-14,133654077
2023-06-GSAFAC-0000046043,LFHPKSMEECK8,2023,2024-07-14,133678724
2023-06-GSAFAC-0000046043,LFHPKSMEECK8,2023,2024-07-14,133691323
2023-06-GSAFAC-0000046043,LFHPKSMEECK8,2023,2024-07-14,133396619
2023-06-GSAFAC-0000046043,LFHPKSMEECK8,2023,2024-07-14,133654073
2023-06-GSAFAC-0000046043,LFHPKSMEECK8,2023,2024-07-14,133660919
2023-06-GSAFAC-0000046043,LFHPKSMEECK8,2023,2024-07-14,133674947
2023-06-GSAFAC-0000046043,LFHPKSMEECK8,2023,2024-07-14,133802807
2023-06-GSAFAC-0000046043,LFHPKSMEECK8,2023,2024-07-14,133811702
2023-06-GSAFAC-0000046043,LFHPKSMEECK8,2023,2024-07-14,133870986
2023-06-GSAFAC-0000046043,LFHPKSMEECK8,2023,2024-07-14,880425866
2023-06-GSAFAC-0000046043,LFHPKSMEECK8,2023,2024-07-14,232911989
2023-06-GSAFAC-0000046043,LFHPKSMEECK8,2023,2024-07-14,133900886
2023-06-GSAFAC-0000046043,LFHPKSMEECK8,2023,2024-07-14,133932198
2023-06-GSAFAC-0000046043,LFHPKSMEECK8,2023,2024-07-14,010803813
2023-06-GSAFAC-0000046043,LFHPKSMEECK8,2023,2024-07-14,271369287
2023-06-GSAFAC-0000046043,LFHPKSMEECK8,2023,2024-07-14,311725313
2023-06-GSAFAC-0000046043,LFHPKSMEECK8,2023,2024-07-14,133560484
2023-06-GSAFAC-0000046043,LFHPKSMEECK8,2023,2024-07-14,133808013
2023-06-GSAFAC-0000046043,LFHPKSMEECK8,2023,2024-07-14,133560486
2023-06-GSAFAC-0000046043,LFHPKSMEECK8,2023,2024-07-14,133770118
2023-06-GSAFAC-0000046043,LFHPKSMEECK8,2023,2024-07-14,133939630
2023-06-GSAFAC-0000046043,LFHPKSMEECK8,2023,2024-07-14,133892553
2023-06-GSAFAC-0000046043,LFHPKSMEECK8,2023,2024-07-14,264694946
2023-06-GSAFAC-0000046043,LFHPKSMEECK8,2023,2024-07-14,133778193
2023-06-GSAFAC-0000046043,LFHPKSMEECK8,2023,2024-07-14,461579193
2023-06-GSAFAC-0000046043,LFHPKSMEECK8,2023,2024-07-14,133778192
2023-06-GSAFAC-0000046043,LFHPKSMEECK8,2023,2024-07-14,133623831
2023-06-GSAFAC-0000046043,LFHPKSMEECK8,2023,2024-07-14,461555758
2023-06-GSAFAC-0000046043,LFHPKSMEECK8,2023,2024-07-14,133605839
2023-06-GSAFAC-0000046043,LFHPKSMEECK8,2023,2024-07-14,133802808
2023-06-GSAFAC-0000046043,LFHPKSMEECK8,2023,2024-07-14,461571271
2023-06-GSAFAC-0000046043,LFHPKSMEECK8,2023,2024-07-14,133723808
2023-06-GSAFAC-0000046043,LFHPKSMEECK8,2023,2024-07-14,133605843
2023-06-GSAFAC-0000046043,LFHPKSMEECK8,2023,2024-07-14,133916269
2023-06-GSAFAC-0000046043,LFHPKSMEECK8,2023,2024-07-14,133915717
2023-06-GSAFAC-0000046043,LFHPKSMEECK8,2023,2024-07-14,133955233
2023-06-GSAFAC-0000046043,LFHPKSMEECK8,2023,2024-07-14,134000683
2023-06-GSAFAC-0000046043,LFHPKSMEECK8,2023,2024-07-14,134142163
2023-06-GSAFAC-0000046043,LFHPKSMEECK8,2023,2024-07-14,134142162
2023-06-GSAFAC-0000046043,LFHPKSMEECK8,2023,2024-07-14,134100461
2023-06-GSAFAC-0000046043,LFHPKSMEECK8,2023,2024-07-14,261364395
2023-06-GSAFAC-0000046043,LFHPKSMEECK8,2023,2024-07-14,272397869
2023-06-GSAFAC-0000046043,LFHPKSMEECK8,2023,2024-07-14,272347007
2023-06-GSAFAC-0000046043,LFHPKSMEECK8,2023,2024-07-14,264059695
2023-06-GSAFAC-0000046043,LFHPKSMEECK8,2023,2024-07-14,262414205
2023-06-GSAFAC-0000046043,LFHPKSMEECK8,2023,2024-07-14,462468166
2023-06-GSAFAC-0000046043,LFHPKSMEECK8,2023,2024-07-14,262414247
2023-06-GSAFAC-0000046043,LFHPKSMEECK8,2023,2024-07-14,460739063
2023-06-GSAFAC-0000046043,LFHPKSMEECK8,2023,2024-07-14,202650011
2023-06-GSAFAC-0000046043,LFHPKSMEECK8,2023,2024-07-14,201667295
2023-06-GSAFAC-0000046043,LFHPKSMEECK8,2023,2024-07-14,261171675
2023-06-GSAFAC-0000046043,LFHPKSMEECK8,2023,2024-07-14,261170977
2023-06-GSAFAC-0000046043,LFHPKSMEECK8,2023,2024-07-14,270331078
2023-06-GSAFAC-0000046043,LFHPKSMEECK8,2023,2024-07-14,270331253
2023-06-GSAFAC-0000046043,LFHPKSMEECK8,2023,2024-07-14,134075747
2023-06-GSAFAC-0000046043,LFHPKSMEECK8,2023,2024-07-14,134075025
2023-06-GSAFAC-0000046043,LFHPKSMEECK8,2023,2024-07-14,270631740
2023-06-GSAFAC-0000046043,LFHPKSMEECK8,2023,2024-07-14,134075028
2023-06-GSAFAC-0000046043,LFHPKSMEECK8,2023,2024-07-14,270636378
2023-06-GSAFAC-0000046043,LFHPKSMEECK8,2023,2024-07-14,264154714
2023-06-GSAFAC-0000046043,LFHPKSMEECK8,2023,2024-07-14,264196724
2023-06-GSAFAC-0000046043,LFHPKSMEECK8,2023,2024-07-14,463819473
2023-06-GSAFAC-0000046043,LFHPKSMEECK8,2023,2024-07-14,463844195
2023-06-GSAFAC-0000046043,LFHPKSMEECK8,2023,2024-07-14,133962352
2023-06-GSAFAC-0000046043,LFHPKSMEECK8,2023,2024-07-14,134075465
2023-06-GSAFAC-0000046043,LFHPKSMEECK8,2023,2024-07-14,134100463
2023-06-GSAFAC-0000046043,LFHPKSMEECK8,2023,2024-07-14,273218461
2023-06-GSAFAC-0000046043,LFHPKSMEECK8,2023,2024-07-14,273218360
2023-06-GSAFAC-0000046043,LFHPKSMEECK8,2023,2024-07-14,262383933
2023-06-GSAFAC-0000046043,LFHPKSMEECK8,2023,2024-07-14,272388078
2023-06-GSAFAC-0000046043,LFHPKSMEECK8,2023,2024-07-14,460718980
2023-06-GSAFAC-0000046043,LFHPKSMEECK8,2023,2024-07-14,471267719
2023-06-GSAFAC-0000046043,LFHPKSMEECK8,2023,2024-07-14,471783381
2023-06-GSAFAC-0000046043,LFHPKSMEECK8,2023,2024-07-14,371834913
2023-06-GSAFAC-0000046043,LFHPKSMEECK8,2023,2024-07-14,475068309
2023-06-GSAFAC-0000046043,LFHPKSMEECK8,2023,2024-07-14,475049318
2023-06-GSAFAC-0000046043,LFHPKSMEECK8,2023,2024-07-14,811700388
2023-06-GSAFAC-0000046043,LFHPKSMEECK8,2023,2024-07-14,812263466
2023-06-GSAFAC-0000046043,LFHPKSMEECK8,2023,2024-07-14,813606146
2023-11-GSAFAC-0000045235,F826K1ERFBG6,2023,2024-07-15,366006593
2023-11-GSAFAC-0000045235,F826K1ERFBG6,2023,2024-07-15,366006595
2023-12-GSAFAC-0000049467,YKY7ADUWLLJ1,2023,2024-07-15,871464572
2023-12-GSAFAC-0000042518,JC92LNDR5RJ4,2023,2024-07-15,410904802
2023-06-GSAFAC-0000050244,PMJBE9BKRBJ5,2023,2024-07-15,202631359
2023-06-GSAFAC-0000050244,PMJBE9BKRBJ5,2023,2024-07-15,475018408
2023-06-GSAFAC-0000050244,PMJBE9BKRBJ5,2023,2024-07-15,462875905
2023-06-GSAFAC-0000050244,PMJBE9BKRBJ5,2023,2024-07-15,203815754
2023-06-GSAFAC-0000050244,PMJBE9BKRBJ5,2023,2024-07-15,833648790
2023-06-GSAFAC-0000050244,PMJBE9BKRBJ5,2023,2024-07-15,474030641
2023-06-GSAFAC-0000050244,PMJBE9BKRBJ5,2023,2024-07-15,810937749
2023-08-GSAFAC-0000050407,R3WGJEA51D93,2023,2024-07-15,113578366
2023-08-GSAFAC-0000050407,R3WGJEA51D93,2023,2024-07-15,200763890
2023-08-GSAFAC-0000050407,R3WGJEA51D93,2023,2024-07-15,465297922
2023-08-GSAFAC-0000050407,R3WGJEA51D93,2023,2024-07-15,473018775
2023-08-GSAFAC-0000050407,R3WGJEA51D93,2023,2024-07-15,464719399
2023-08-GSAFAC-0000050407,R3WGJEA51D93,2023,2024-07-15,371873820
2023-08-GSAFAC-0000050407,R3WGJEA51D93,2023,2024-07-15,873379766
2023-08-GSAFAC-0000050407,R3WGJEA51D93,2023,2024-07-15,922481438
2023-08-GSAFAC-0000050407,R3WGJEA51D93,2023,2024-07-15,922523148
2023-12-GSAFAC-0000045363,DH92M43VTTB8,2023,2024-07-15,593803314
2023-12-GSAFAC-0000045363,DH92M43VTTB8,2023,2024-07-15,942995223
2023-12-GSAFAC-0000045363,DH92M43VTTB8,2023,2024-07-15,943144296
2023-12-GSAFAC-0000045363,DH92M43VTTB8,2023,2024-07-15,943148163
2023-12-GSAFAC-0000045363,DH92M43VTTB8,2023,2024-07-15,943166350
2023-09-GSAFAC-0000049126,W9MPE47KRNH3,2023,2024-07-15,412113839
2023-06-GSAFAC-0000041938,VWS3QKWLY377,2023,2024-07-16,371437555
2023-12-GSAFAC-0000046035,ZP41TLCAD373,2023,2024-07-16,582479523
2023-12-GSAFAC-0000045332,YJGXXGE6PJF9,2023,2024-07-16,411419062
2023-12-GSAFAC-0000045332,YJGXXGE6PJF9,2023,2024-07-16,411928860
2023-12-GSAFAC-0000045332,YJGXXGE6PJF9,2023,2024-07-16,364494707
2023-12-GSAFAC-0000045332,YJGXXGE6PJF9,2023,2024-07-16,411992937
2023-12-GSAFAC-0000050457,MKXRA6EQTK17,2023,2024-07-16,050458759
2023-12-GSAFAC-0000050457,MKXRA6EQTK17,2023,2024-07-16,050514476
2023-12-GSAFAC-0000050457,MKXRA6EQTK17,2023,2024-07-16,046074284
2023-12-GSAFAC-0000050457,MKXRA6EQTK17,2023,2024-07-16,050259003
2023-12-GSAFAC-0000050457,MKXRA6EQTK17,2023,2024-07-16,056012787
2023-12-GSAFAC-0000044793,J9ZEN9NP5MY9,2023,2024-07-16,463893976
2023-12-GSAFAC-0000044793,J9ZEN9NP5MY9,2023,2024-07-16,390806257
2023-12-GSAFAC-0000042850,HU6MGXNU96B4,2023,2024-07-17,204215691
2023-09-GSAFAC-0000042756,PQF1ZGJBFFQ5,2023,2024-07-17,450635592
2023-06-GSAFAC-0000050436,QW6GL39HSAS8,2023,2024-07-17,731539667
2023-06-GSAFAC-0000050436,QW6GL39HSAS8,2023,2024-07-17,260618405
2023-12-GSAFAC-0000045613,EPY5E5JR55N6,2023,2024-07-18,204974859
2023-12-GSAFAC-0000045613,EPY5E5JR55N6,2023,2024-07-18,465304234
2023-12-GSAFAC-0000045669,F7VXMMT5AE84,2023,2024-07-18,113312539
2023-12-GSAFAC-0000045669,F7VXMMT5AE84,2023,2024-07-18,113418906
2023-09-GSAFAC-0000042737,L7TPM7N15F67,2023,2024-07-18,311244736
2023-09-GSAFAC-0000042737,L7TPM7N15F67,2023,2024-07-18,364500925
2023-12-GSAFAC-0000050422,GXQ3HX2VLLP3,2023,2024-07-18,831439572
2023-12-GSAFAC-0000050422,GXQ3HX2VLLP3,2023,2024-07-18,461815422
2023-12-GSAFAC-0000050422,GXQ3HX2VLLP3,2023,2024-07-18,320488262
2023-12-GSAFAC-0000050422,GXQ3HX2VLLP3,2023,2024-07-18,831454791
2023-12-GSAFAC-0000050422,GXQ3HX2VLLP3,2023,2024-07-18,472717517
2023-12-GSAFAC-0000050422,GXQ3HX2VLLP3,2023,2024-07-18,472700073
2023-12-GSAFAC-0000050422,GXQ3HX2VLLP3,2023,2024-07-18,472682164
2023-12-GSAFAC-0000050422,GXQ3HX2VLLP3,2023,2024-07-18,461652604
2023-12-GSAFAC-0000050422,GXQ3HX2VLLP3,2023,2024-07-18,920313189
2023-12-GSAFAC-0000050631,T1YMHHM36J47,2023,2024-07-22,262203931
2023-12-GSAFAC-0000050631,T1YMHHM36J47,2023,2024-07-22,616013702
2023-12-GSAFAC-0000050631,T1YMHHM36J47,2023,2024-07-22,922394373
2023-12-GSAFAC-0000038976,KVZATDBDECG8,2023,2024-07-22,846000565
2023-12-GSAFAC-0000050385,RFS9HMPNJMS3,2023,2024-07-22,721177207
2023-12-GSAFAC-0000045384,T9HYKBEW4B57,2023,2024-07-22,840822851
2023-12-GSAFAC-0000050836,GXSMGL5FVWM8,2023,2024-07-22,472859667
2023-12-GSAFAC-0000050836,GXSMGL5FVWM8,2023,2024-07-22,464234761
2023-12-GSAFAC-0000046148,NWKWS8K56MQ9,2023,2024-07-22,824218470
2023-12-GSAFAC-0000027151,CBEMLJBKLZB4,2023,2024-07-23,202088165
2023-12-GSAFAC-0000049184,ZK7SHNPA2LQ3,2023,2024-07-23,383865758
2023-12-GSAFAC-0000051022,LGAQXBPNC5D9,2023,2024-07-23,742348147
2023-10-GSAFAC-0000050651,MZ9DFVC2J1B7,2023,2024-07-23,043443294
2023-09-GSAFAC-0000051061,XHZZTYNBBLA3,2023,2024-07-24,730758657
2023-06-GSAFAC-0000050606,WNDRNNAL2ER1,2023,2024-07-24,232965144
2023-12-GSAFAC-0000050424,P95LBG9M87C5,2023,2024-07-25,132976987
2023-12-GSAFAC-0000050424,P95LBG9M87C5,2023,2024-07-25,352122011
2023-12-GSAFAC-0000050424,P95LBG9M87C5,2023,2024-07-25,222279167
2023-12-GSAFAC-0000050424,P95LBG9M87C5,2023,2024-07-25,161167946
2023-12-GSAFAC-0000050424,P95LBG9M87C5,2023,2024-07-25,161163460
2023-06-GSAFAC-0000051110,WJH3JNMLJCV1,2023,2024-07-25,421307141
2023-06-GSAFAC-0000051110,WJH3JNMLJCV1,2023,2024-07-25,421081055
2023-12-GSAFAC-0000051056,YN55XPTER7Q4,2023,2024-07-25,843344516
2023-12-GSAFAC-0000051056,YN55XPTER7Q4,2023,2024-07-25,871088927
2023-12-GSAFAC-0000049669,S33YPA7BN9L3,2023,2024-07-25,390908320
2023-12-GSAFAC-0000049669,S33YPA7BN9L3,2023,2024-07-25,412011453
2023-12-GSAFAC-0000049669,S33YPA7BN9L3,2023,2024-07-25,411670163
2023-12-GSAFAC-0000049669,S33YPA7BN9L3,2023,2024-07-25,844261122
2023-12-GSAFAC-0000049669,S33YPA7BN9L3,2023,2024-07-25,416005880
2023-12-GSAFAC-0000049669,S33YPA7BN9L3,2023,2024-07-25,390804125
2023-12-GSAFAC-0000049669,S33YPA7BN9L3,2023,2024-07-25,841715908
2023-12-GSAFAC-0000049669,S33YPA7BN9L3,2023,2024-07-25,410811697
2023-12-GSAFAC-0000049669,S33YPA7BN9L3,2023,2024-07-25,410834920
2023-12-GSAFAC-0000049669,S33YPA7BN9L3,2023,2024-07-25,010638901
2023-12-GSAFAC-0000049669,S33YPA7BN9L3,2023,2024-07-25,410132080
2023-12-GSAFAC-0000049669,S33YPA7BN9L3,2023,2024-07-25,410956618
2023-12-GSAFAC-0000049669,S33YPA7BN9L3,2023,2024-07-25,830379473
2023-12-GSAFAC-0000049669,S33YPA7BN9L3,2023,2024-07-25,200034003
2023-12-GSAFAC-0000049669,S33YPA7BN9L3,2023,2024-07-25,390808442
2023-12-GSAFAC-0000049669,S33YPA7BN9L3,2023,2024-07-25,410797853
2023-12-GSAFAC-0000049193,EF6EEG7GXGT8,2023,2024-07-25,823341695
2023-12-GSAFAC-0000049193,EF6EEG7GXGT8,2023,2024-07-25,823366114
2023-12-GSAFAC-0000049193,EF6EEG7GXGT8,2023,2024-07-25,823370012
2023-12-GSAFAC-0000049193,EF6EEG7GXGT8,2023,2024-07-25,823405961
2021-12-GSAFAC-0000044498,Q314ULAC8WN9,2021,2024-07-25,460485169
2023-06-GSAFAC-0000050501,XGK5DBZVNMR3,2023,2024-07-25,465507093
2023-06-GSAFAC-0000050501,XGK5DBZVNMR3,2023,2024-07-25,473467060
2023-12-GSAFAC-0000038298,LS8ME4G5SYP3,2023,2024-07-25,222832638
2023-12-GSAFAC-0000051127,K2NBW5B43X68,2023,2024-07-26,264713575
2023-12-GSAFAC-0000049197,UN26ZDYJF7K3,2023,2024-07-30,010944515
2023-12-GSAFAC-0000049197,UN26ZDYJF7K3,2023,2024-07-30,208440045
2023-12-GSAFAC-0000049197,UN26ZDYJF7K3,2023,2024-07-30,260131823
2023-12-GSAFAC-0000049197,UN26ZDYJF7K3,2023,2024-07-30,300599773
2023-12-GSAFAC-0000049197,UN26ZDYJF7K3,2023,2024-07-30,320320286
2023-12-GSAFAC-0000049197,UN26ZDYJF7K3,2023,2024-07-30,320355080
2023-12-GSAFAC-0000049197,UN26ZDYJF7K3,2023,2024-07-30,320408466
2023-12-GSAFAC-0000049197,UN26ZDYJF7K3,2023,2024-07-30,352390348
2023-12-GSAFAC-0000049197,UN26ZDYJF7K3,2023,2024-07-30,364711008
2023-12-GSAFAC-0000049197,UN26ZDYJF7K3,2023,2024-07-30,371646950
2023-12-GSAFAC-0000049197,UN26ZDYJF7K3,2023,2024-07-30,371732218
2023-12-GSAFAC-0000049197,UN26ZDYJF7K3,2023,2024-07-30,383854992
2023-12-GSAFAC-0000049197,UN26ZDYJF7K3,2023,2024-07-30,421657885
2023-12-GSAFAC-0000049197,UN26ZDYJF7K3,2023,2024-07-30,452367519
2023-12-GSAFAC-0000049197,UN26ZDYJF7K3,2023,2024-07-30,611699333
2023-12-GSAFAC-0000049197,UN26ZDYJF7K3,2023,2024-07-30,680557697
2023-12-GSAFAC-0000049197,UN26ZDYJF7K3,2023,2024-07-30,680672560
2023-12-GSAFAC-0000049197,UN26ZDYJF7K3,2023,2024-07-30,720695766
2023-12-GSAFAC-0000049197,UN26ZDYJF7K3,2023,2024-07-30,720712829
2023-12-GSAFAC-0000049197,UN26ZDYJF7K3,2023,2024-07-30,720894447
2023-12-GSAFAC-0000049197,UN26ZDYJF7K3,2023,2024-07-30,721484572
2023-12-GSAFAC-0000049197,UN26ZDYJF7K3,2023,2024-07-30,721500975
2023-12-GSAFAC-0000049197,UN26ZDYJF7K3,2023,2024-07-30,726011003
2023-12-GSAFAC-0000049197,UN26ZDYJF7K3,2023,2024-07-30,726013366
2023-12-GSAFAC-0000049197,UN26ZDYJF7K3,2023,2024-07-30,726013758
2023-12-GSAFAC-0000049197,UN26ZDYJF7K3,2023,2024-07-30,800550993
2023-12-GSAFAC-0000049197,UN26ZDYJF7K3,2023,2024-07-30,800936345
2023-12-GSAFAC-0000049197,UN26ZDYJF7K3,2023,2024-07-30,842778466
2023-12-GSAFAC-0000049197,UN26ZDYJF7K3,2023,2024-07-30,842778567
2023-12-GSAFAC-0000049197,UN26ZDYJF7K3,2023,2024-07-30,853151722
2023-12-GSAFAC-0000049197,UN26ZDYJF7K3,2023,2024-07-30,853152873
2023-12-GSAFAC-0000049197,UN26ZDYJF7K3,2023,2024-07-30,853462726
2023-12-GSAFAC-0000049197,UN26ZDYJF7K3,2023,2024-07-30,853469242
2023-12-GSAFAC-0000049197,UN26ZDYJF7K3,2023,2024-07-30,853806911
2023-12-GSAFAC-0000049197,UN26ZDYJF7K3,2023,2024-07-30,900789172
2023-12-GSAFAC-0000051217,E7JLQLJMV4X9,2023,2024-07-30,861704362
2024-03-GSAFAC-0000050756,WZUEPDZ71KH1,2024,2024-07-30,853051458
2023-12-GSAFAC-0000044723,KD4NWRYQYU68,2023,2024-07-31,680673354
2023-12-GSAFAC-0000044723,KD4NWRYQYU68,2023,2024-07-31,464420358
2023-12-GSAFAC-0000044723,KD4NWRYQYU68,2023,2024-07-31,620790132
2023-12-GSAFAC-0000044723,KD4NWRYQYU68,2023,2024-07-31,581897274
2023-12-GSAFAC-0000044723,KD4NWRYQYU68,2023,2024-07-31,621373691
2023-12-GSAFAC-0000044723,KD4NWRYQYU68,2023,2024-07-31,271528941
2023-12-GSAFAC-0000044723,KD4NWRYQYU68,2023,2024-07-31,621623114
2023-12-GSAFAC-0000044723,KD4NWRYQYU68,2023,2024-07-31,621114867
2023-12-GSAFAC-0000044723,KD4NWRYQYU68,2023,2024-07-31,620636239
2023-12-GSAFAC-0000044723,KD4NWRYQYU68,2023,2024-07-31,043760551
2023-12-GSAFAC-0000044723,KD4NWRYQYU68,2023,2024-07-31,621619239
2023-12-GSAFAC-0000044723,KD4NWRYQYU68,2023,2024-07-31,620528340
2023-12-GSAFAC-0000044723,KD4NWRYQYU68,2023,2024-07-31,620545814
2023-12-GSAFAC-0000044723,KD4NWRYQYU68,2023,2024-07-31,621282917
2023-12-GSAFAC-0000044723,KD4NWRYQYU68,2023,2024-07-31,621018541
2023-12-GSAFAC-0000051457,CAC6BWWLBJN4,2023,2024-07-31,726002164
2023-12-GSAFAC-0000051457,CAC6BWWLBJN4,2023,2024-07-31,720634394
2023-12-GSAFAC-0000051457,CAC6BWWLBJN4,2023,2024-07-31,721077320
2023-12-GSAFAC-0000051457,CAC6BWWLBJN4,2023,2024-07-31,726009780
2023-12-GSAFAC-0000051457,CAC6BWWLBJN4,2023,2024-07-31,720985631
2023-12-GSAFAC-0000051457,CAC6BWWLBJN4,2023,2024-07-31,726015208
2023-12-GSAFAC-0000045186,SGT3JWQAYN48,2023,2024-07-31,133556132
2023-06-GSAFAC-0000050122,HZDEJ668RLK4,2023,2024-07-31,541714395
2022-06-GSAFAC-0000050165,HZDEJ668RLK4,2022,2024-07-31,541714395
2021-06-GSAFAC-0000050189,HZDEJ668RLK4,2021,2024-07-31,541714395
2023-12-GSAFAC-0000050636,KR5RLMJTYK96,2023,2024-07-31,161475486
2023-12-GSAFAC-0000050636,KR5RLMJTYK96,2023,2024-07-31,921895666
2023-12-GSAFAC-0000051778,S4GCJWMGNLK5,2023,2024-08-02,411801967
2023-12-GSAFAC-0000051778,S4GCJWMGNLK5,2023,2024-08-02,410837659
2023-12-GSAFAC-0000050355,LDABZVFUKNS3,2023,2024-08-02,381459362
2023-12-GSAFAC-0000050355,LDABZVFUKNS3,2023,2024-08-02,381405141
2023-12-GSAFAC-0000050355,LDABZVFUKNS3,2023,2024-08-02,381426919
2023-12-GSAFAC-0000050355,LDABZVFUKNS3,2023,2024-08-02,364852171
2023-12-GSAFAC-0000050355,LDABZVFUKNS3,2023,2024-08-02,382156872
2023-12-GSAFAC-0000050355,LDABZVFUKNS3,2023,2024-08-02,381368745
2023-12-GSAFAC-0000050355,LDABZVFUKNS3,2023,2024-08-02,382770076
2023-12-GSAFAC-0000050355,LDABZVFUKNS3,2023,2024-08-02,382715520
2023-12-GSAFAC-0000050355,LDABZVFUKNS3,2023,2024-08-02,381360529
2023-12-GSAFAC-0000050355,LDABZVFUKNS3,2023,2024-08-02,380381199
2023-12-GSAFAC-0000050355,LDABZVFUKNS3,2023,2024-08-02,381358164
2023-12-GSAFAC-0000050355,LDABZVFUKNS3,2023,2024-08-02,383067954
2023-12-GSAFAC-0000050355,LDABZVFUKNS3,2023,2024-08-02,381359517
2023-12-GSAFAC-0000050355,LDABZVFUKNS3,2023,2024-08-02,381368744
2023-12-GSAFAC-0000050355,LDABZVFUKNS3,2023,2024-08-02,270381199
2023-12-GSAFAC-0000050355,LDABZVFUKNS3,2023,2024-08-02,391297435
2023-12-GSAFAC-0000050355,LDABZVFUKNS3,2023,2024-08-02,381358412
2023-12-GSAFAC-0000050355,LDABZVFUKNS3,2023,2024-08-02,381297435
2023-12-GSAFAC-0000050355,LDABZVFUKNS3,2023,2024-08-02,383242232
2023-12-GSAFAC-0000050355,LDABZVFUKNS3,2023,2024-08-02,382415333
2023-12-GSAFAC-0000050355,LDABZVFUKNS3,2023,2024-08-02,382416086
2023-12-GSAFAC-0000050355,LDABZVFUKNS3,2023,2024-08-02,381359266
2023-12-GSAFAC-0000050355,LDABZVFUKNS3,2023,2024-08-02,382609624
2023-12-GSAFAC-0000050355,LDABZVFUKNS3,2023,2024-08-02,382748035
2023-12-GSAFAC-0000050355,LDABZVFUKNS3,2023,2024-08-02,474398187
2023-12-GSAFAC-0000050355,LDABZVFUKNS3,2023,2024-08-02,381360562
2023-12-GSAFAC-0000050355,LDABZVFUKNS3,2023,2024-08-02,381411184
2023-12-GSAFAC-0000050355,LDABZVFUKNS3,2023,2024-08-02,382752328
2023-12-GSAFAC-0000050355,LDABZVFUKNS3,2023,2024-08-02,381359195
2023-12-GSAFAC-0000050355,LDABZVFUKNS3,2023,2024-08-02,475508608
2023-12-GSAFAC-0000050355,LDABZVFUKNS3,2023,2024-08-02,382549505
2023-12-GSAFAC-0000050355,LDABZVFUKNS3,2023,2024-08-02,382601965
2023-12-GSAFAC-0000051627,D6GHSDNG8F75,2023,2024-08-02,811856881
2023-12-GSAFAC-0000051627,D6GHSDNG8F75,2023,2024-08-02,396707107
2023-12-GSAFAC-0000051627,D6GHSDNG8F75,2023,2024-08-02,421164744
2023-11-GSAFAC-0000051900,MDMUG6SVQHQ8,2023,2024-08-05,371102843
2022-06-GSAFAC-0000041160,EXF8T7C77MB3,2022,2024-08-06,541581185
2022-06-GSAFAC-0000041160,EXF8T7C77MB3,2022,2024-08-06,540506309
2022-06-GSAFAC-0000041160,EXF8T7C77MB3,2022,2024-08-06,540551711
2022-06-GSAFAC-0000041160,EXF8T7C77MB3,2022,2024-08-06,200999466
2021-06-GSAFAC-0000040420,EXF8T7C77MB3,2021,2024-08-06,541581185
2021-06-GSAFAC-0000040420,EXF8T7C77MB3,2021,2024-08-06,540506309
2021-06-GSAFAC-0000040420,EXF8T7C77MB3,2021,2024-08-06,540551711
2021-06-GSAFAC-0000040420,EXF8T7C77MB3,2021,2024-08-06,200999466
2024-03-GSAFAC-0000050970,Y6PCD11XRNZ5,2024,2024-08-06,370618939
2024-03-GSAFAC-0000050970,Y6PCD11XRNZ5,2024,2024-08-06,205221741
2024-03-GSAFAC-0000050970,Y6PCD11XRNZ5,2024,2024-08-06,371115061
2023-12-GSAFAC-0000052032,ZFW4BVMMEQ87,2023,2024-08-06,932308253
2024-03-GSAFAC-0000051403,TLBQYD52Z9S3,2024,2024-08-07,660452520
2024-03-GSAFAC-0000051403,TLBQYD52Z9S3,2024,2024-08-07,660776102
2024-03-GSAFAC-0000051403,TLBQYD52Z9S3,2024,2024-08-07,660876852
2024-03-GSAFAC-0000051403,TLBQYD52Z9S3,2024,2024-08-07,660938155
2023-12-GSAFAC-0000052107,J5HQHVFCPY77,2023,2024-08-07,391850370
2023-12-GSAFAC-0000052107,J5HQHVFCPY77,2023,2024-08-07,391848899
2023-12-GSAFAC-0000042822,SMG4GWKEHCL6,2023,2024-08-07,611597774
2023-12-GSAFAC-0000042362,HRW3LUDLLCH5,2023,2024-08-07,680273974
2023-12-GSAFAC-0000042362,HRW3LUDLLCH5,2023,2024-08-07,941156581
2023-12-GSAFAC-0000042362,HRW3LUDLLCH5,2023,2024-08-07,941156621
2023-12-GSAFAC-0000042362,HRW3LUDLLCH5,2023,2024-08-07,942988520
2023-12-GSAFAC-0000042362,HRW3LUDLLCH5,2023,2024-08-07,940562680
2023-12-GSAFAC-0000042362,HRW3LUDLLCH5,2023,2024-08-07,942992642
2023-12-GSAFAC-0000042362,HRW3LUDLLCH5,2023,2024-08-07,990298651
2023-12-GSAFAC-0000042362,HRW3LUDLLCH5,2023,2024-08-07,383897570
2023-12-GSAFAC-0000042362,HRW3LUDLLCH5,2023,2024-08-07,473696091
2023-12-GSAFAC-0000042362,HRW3LUDLLCH5,2023,2024-08-07,470946086
2023-09-GSAFAC-0000052079,J4SPZX4G4AM9,2023,2024-08-07,646393825
2023-06-GSAFAC-0000045698,QD1QQDN4G7R7,2023,2024-08-08,351317338
2023-06-GSAFAC-0000045698,QD1QQDN4G7R7,2023,2024-08-08,823596152
2023-06-GSAFAC-0000045698,QD1QQDN4G7R7,2023,2024-08-08,351270709
2023-06-GSAFAC-0000051494,FSDHXLM4DAC1,2023,2024-08-08,300963042
2023-06-GSAFAC-0000051494,FSDHXLM4DAC1,2023,2024-08-08,364855688
2023-06-GSAFAC-0000051494,FSDHXLM4DAC1,2023,2024-08-08,300964463
2023-06-GSAFAC-0000051494,FSDHXLM4DAC1,2023,2024-08-08,611811905
2023-06-GSAFAC-0000051494,FSDHXLM4DAC1,2023,2024-08-08,352581723
2023-06-GSAFAC-0000051494,FSDHXLM4DAC1,2023,2024-08-08,611812157
2023-06-GSAFAC-0000051494,FSDHXLM4DAC1,2023,2024-08-08,611812442
2023-06-GSAFAC-0000051494,FSDHXLM4DAC1,2023,2024-08-08,384023801
2023-06-GSAFAC-0000051494,FSDHXLM4DAC1,2023,2024-08-08,611812645
2023-06-GSAFAC-0000051494,FSDHXLM4DAC1,2023,2024-08-08,611817126
2023-06-GSAFAC-0000051494,FSDHXLM4DAC1,2023,2024-08-08,320515898
2023-06-GSAFAC-0000051494,FSDHXLM4DAC1,2023,2024-08-08,384024243
2023-06-GSAFAC-0000051494,FSDHXLM4DAC1,2023,2024-08-08,300965237
2023-06-GSAFAC-0000051494,FSDHXLM4DAC1,2023,2024-08-08,371849431
2023-06-GSAFAC-0000051494,FSDHXLM4DAC1,2023,2024-08-08,384024654
2023-06-GSAFAC-0000051494,FSDHXLM4DAC1,2023,2024-08-08,352583045
2023-06-GSAFAC-0000051494,FSDHXLM4DAC1,2023,2024-08-08,300964875
2023-06-GSAFAC-0000051494,FSDHXLM4DAC1,2023,2024-08-08,352583738
2023-06-GSAFAC-0000051494,FSDHXLM4DAC1,2023,2024-08-08,300965494
2023-06-GSAFAC-0000051494,FSDHXLM4DAC1,2023,2024-08-08,352583599
2023-06-GSAFAC-0000051494,FSDHXLM4DAC1,2023,2024-08-08,371848338
2023-06-GSAFAC-0000051494,FSDHXLM4DAC1,2023,2024-08-08,364858444
2023-06-GSAFAC-0000051494,FSDHXLM4DAC1,2023,2024-08-08,611815663
2023-06-GSAFAC-0000051494,FSDHXLM4DAC1,2023,2024-08-08,320518584
2023-06-GSAFAC-0000051494,FSDHXLM4DAC1,2023,2024-08-08,611815992
2023-06-GSAFAC-0000051494,FSDHXLM4DAC1,2023,2024-08-08,364859287
2023-06-GSAFAC-0000051494,FSDHXLM4DAC1,2023,2024-08-08,611815917
2023-06-GSAFAC-0000051494,FSDHXLM4DAC1,2023,2024-08-08,371849602
2023-12-GSAFAC-0000051660,GS65SJJEUG63,2023,2024-08-08,043473587
2023-12-GSAFAC-0000051660,GS65SJJEUG63,2023,2024-08-08,223042334
2023-12-GSAFAC-0000051660,GS65SJJEUG63,2023,2024-08-08,237420526
2023-09-GSAFAC-0000049996,RFNKFJ8E2ME8,2023,2024-08-09,596000568
2023-09-GSAFAC-0000049996,RFNKFJ8E2ME8,2023,2024-08-09,591766767
2023-12-GSAFAC-0000050805,XQ7MCNJ4DKZ9,2023,2024-08-09,880723725
2023-12-GSAFAC-0000050867,DTY8MMBJNP51,2023,2024-08-09,770621881
2023-12-GSAFAC-0000050283,HM6YGEFXCGW7,2023,2024-08-09,611741273
2023-12-GSAFAC-0000050283,HM6YGEFXCGW7,2023,2024-08-09,770601167
2023-12-GSAFAC-0000050283,HM6YGEFXCGW7,2023,2024-08-09,364791132
2023-12-GSAFAC-0000050283,HM6YGEFXCGW7,2023,2024-08-09,371783610
2023-12-GSAFAC-0000050283,HM6YGEFXCGW7,2023,2024-08-09,471591548
2023-12-GSAFAC-0000050283,HM6YGEFXCGW7,2023,2024-08-09,320447420
2023-12-GSAFAC-0000050283,HM6YGEFXCGW7,2023,2024-08-09,463751945
2023-12-GSAFAC-0000050283,HM6YGEFXCGW7,2023,2024-08-09,471362131
2023-12-GSAFAC-0000050283,HM6YGEFXCGW7,2023,2024-08-09,471362215
2023-12-GSAFAC-0000050283,HM6YGEFXCGW7,2023,2024-08-09,813740743
2023-12-GSAFAC-0000050283,HM6YGEFXCGW7,2023,2024-08-09,352513230
2023-12-GSAFAC-0000050283,HM6YGEFXCGW7,2023,2024-08-09,320444405
2023-12-GSAFAC-0000050283,HM6YGEFXCGW7,2023,2024-08-09,300835383
2023-12-GSAFAC-0000050283,HM6YGEFXCGW7,2023,2024-08-09,300950620
2022-12-GSAFAC-0000052256,LXDGLUD1MEQ7,2022,2024-08-12,141338470
2022-12-GSAFAC-0000052256,LXDGLUD1MEQ7,2022,2024-08-12,141349558
2022-12-GSAFAC-0000052256,LXDGLUD1MEQ7,2022,2024-08-12,150552726
2022-06-GSAFAC-0000050119,G5LGJ72BLFN3,2022,2024-08-12,351904256
2023-06-GSAFAC-0000051573,YVTKZ4QSG174,2023,2024-08-12,300739799
2023-06-GSAFAC-0000051573,YVTKZ4QSG174,2023,2024-08-12,363642952
2023-06-GSAFAC-0000051573,YVTKZ4QSG174,2023,2024-08-12,363775696
2023-06-GSAFAC-0000051573,YVTKZ4QSG174,2023,2024-08-12,364053244
2023-12-GSAFAC-0000050074,SN26MRT2DNJ5,2023,2024-08-13,351747218
2023-12-GSAFAC-0000050074,SN26MRT2DNJ5,2023,2024-08-13,351720796
2023-12-GSAFAC-0000050074,SN26MRT2DNJ5,2023,2024-08-13,350867958
2023-12-GSAFAC-0000050074,SN26MRT2DNJ5,2023,2024-08-13,010646166
2023-12-GSAFAC-0000050074,SN26MRT2DNJ5,2023,2024-08-13,815174295
2023-12-GSAFAC-0000050074,SN26MRT2DNJ5,2023,2024-08-13,351932442
2023-12-GSAFAC-0000050074,SN26MRT2DNJ5,2023,2024-08-13,352090919
2023-12-GSAFAC-0000050074,SN26MRT2DNJ5,2023,2024-08-13,237042323
2023-12-GSAFAC-0000050074,SN26MRT2DNJ5,2023,2024-08-13,273532963
2023-12-GSAFAC-0000050074,SN26MRT2DNJ5,2023,2024-08-13,262772226
2023-12-GSAFAC-0000050074,SN26MRT2DNJ5,2023,2024-08-13,822736786
2023-12-GSAFAC-0000050074,SN26MRT2DNJ5,2023,2024-08-13,351814660
2023-12-GSAFAC-0000050074,SN26MRT2DNJ5,2023,2024-08-13,263162145
2023-12-GSAFAC-0000050074,SN26MRT2DNJ5,2023,2024-08-13,473832952
2023-12-GSAFAC-0000050074,SN26MRT2DNJ5,2023,2024-08-13,351925641
2023-03-GSAFAC-0000044122,G9N6WBBG52J8,2023,2024-08-13,010632253
2022-03-GSAFAC-0000052401,G9N6WBBG52J8,2022,2024-08-13,010632253
2023-12-GSAFAC-0000049905,UNQVSQFDM891,2023,2024-08-13,825218298
2023-12-GSAFAC-0000049905,UNQVSQFDM891,2023,2024-08-13,843438962
2023-12-GSAFAC-0000049905,UNQVSQFDM891,2023,2024-08-13,832182581
2023-12-GSAFAC-0000049905,UNQVSQFDM891,2023,2024-08-13,923670604
2023-12-GSAFAC-0000051835,HXLWMH3H2HK5,2023,2024-08-13,390812532
2023-12-GSAFAC-0000051835,HXLWMH3H2HK5,2023,2024-08-13,390806380
2023-12-GSAFAC-0000051835,HXLWMH3H2HK5,2023,2024-08-13,391789197
2023-12-GSAFAC-0000044758,U77JPFJ2MSD3,2023,2024-08-14,203499523
2023-12-GSAFAC-0000044758,U77JPFJ2MSD3,2023,2024-08-14,205368522
2023-12-GSAFAC-0000044758,U77JPFJ2MSD3,2023,2024-08-14,208832910
2023-12-GSAFAC-0000044758,U77JPFJ2MSD3,2023,2024-08-14,208832986
2023-12-GSAFAC-0000044758,U77JPFJ2MSD3,2023,2024-08-14,264307826
2023-12-GSAFAC-0000044758,U77JPFJ2MSD3,2023,2024-08-14,271658922
2023-12-GSAFAC-0000044758,U77JPFJ2MSD3,2023,2024-08-14,300782026
2023-12-GSAFAC-0000044758,U77JPFJ2MSD3,2023,2024-08-14,383905974
2023-12-GSAFAC-0000044758,U77JPFJ2MSD3,2023,2024-08-14,452536080
2023-12-GSAFAC-0000044758,U77JPFJ2MSD3,2023,2024-08-14,452536121
2023-12-GSAFAC-0000044758,U77JPFJ2MSD3,2023,2024-08-14,455426309
2023-12-GSAFAC-0000044758,U77JPFJ2MSD3,2023,2024-08-14,463515548
2023-12-GSAFAC-0000044758,U77JPFJ2MSD3,2023,2024-08-14,471524782
2023-12-GSAFAC-0000044758,U77JPFJ2MSD3,2023,2024-08-14,471527249
2023-12-GSAFAC-0000044758,U77JPFJ2MSD3,2023,2024-08-14,471541322
2023-12-GSAFAC-0000044758,U77JPFJ2MSD3,2023,2024-08-14,474709273
2023-12-GSAFAC-0000044758,U77JPFJ2MSD3,2023,2024-08-14,611711649
2023-12-GSAFAC-0000044758,U77JPFJ2MSD3,2023,2024-08-14,611711763
2023-12-GSAFAC-0000044758,U77JPFJ2MSD3,2023,2024-08-14,742539401
2023-12-GSAFAC-0000044758,U77JPFJ2MSD3,2023,2024-08-14,742564401
2023-12-GSAFAC-0000044758,U77JPFJ2MSD3,2023,2024-08-14,742592916
2023-12-GSAFAC-0000044758,U77JPFJ2MSD3,2023,2024-08-14,742602616
2023-12-GSAFAC-0000044758,U77JPFJ2MSD3,2023,2024-08-14,742678601
2023-12-GSAFAC-0000044758,U77JPFJ2MSD3,2023,2024-08-14,742748151
2023-12-GSAFAC-0000044758,U77JPFJ2MSD3,2023,2024-08-14,742748153
2023-12-GSAFAC-0000044758,U77JPFJ2MSD3,2023,2024-08-14,742748154
2023-12-GSAFAC-0000044758,U77JPFJ2MSD3,2023,2024-08-14,742763624
2023-12-GSAFAC-0000044758,U77JPFJ2MSD3,2023,2024-08-14,742877220
2023-12-GSAFAC-0000044758,U77JPFJ2MSD3,2023,2024-08-14,742914069
2023-12-GSAFAC-0000044758,U77JPFJ2MSD3,2023,2024-08-14,742941951
2023-12-GSAFAC-0000044758,U77JPFJ2MSD3,2023,2024-08-14,742951149
2023-12-GSAFAC-0000044758,U77JPFJ2MSD3,2023,2024-08-14,743018421
2023-12-GSAFAC-0000044758,U77JPFJ2MSD3,2023,2024-08-14,743018422
2023-12-GSAFAC-0000044758,U77JPFJ2MSD3,2023,2024-08-14,743018423
2023-12-GSAFAC-0000044758,U77JPFJ2MSD3,2023,2024-08-14,743019950
2023-12-GSAFAC-0000044758,U77JPFJ2MSD3,2023,2024-08-14,822471788
2023-12-GSAFAC-0000044758,U77JPFJ2MSD3,2023,2024-08-14,830881482
2023-12-GSAFAC-0000044758,U77JPFJ2MSD3,2023,2024-08-14,831562744
2023-12-GSAFAC-0000044758,U77JPFJ2MSD3,2023,2024-08-14,831580963
2023-12-GSAFAC-0000044758,U77JPFJ2MSD3,2023,2024-08-14,831594966
2023-12-GSAFAC-0000044758,U77JPFJ2MSD3,2023,2024-08-14,831606631
2023-12-GSAFAC-0000044758,U77JPFJ2MSD3,2023,2024-08-14,831622869
2023-12-GSAFAC-0000044758,U77JPFJ2MSD3,2023,2024-08-14,831647935
2023-12-GSAFAC-0000044758,U77JPFJ2MSD3,2023,2024-08-14,831657116
2023-12-GSAFAC-0000044758,U77JPFJ2MSD3,2023,2024-08-14,834321982
2023-12-GSAFAC-0000044758,U77JPFJ2MSD3,2023,2024-08-14,842697044
2023-12-GSAFAC-0000044758,U77JPFJ2MSD3,2023,2024-08-14,843652178
2023-12-GSAFAC-0000044758,U77JPFJ2MSD3,2023,2024-08-14,852312000
2023-12-GSAFAC-0000044758,U77JPFJ2MSD3,2023,2024-08-14,871732514
2023-12-GSAFAC-0000044758,U77JPFJ2MSD3,2023,2024-08-14,872181372
2023-12-GSAFAC-0000044758,U77JPFJ2MSD3,2023,2024-08-14,920347356
2023-12-GSAFAC-0000044758,U77JPFJ2MSD3,2023,2024-08-14,920349749
2023-12-GSAFAC-0000044758,U77JPFJ2MSD3,2023,2024-08-14,920374597
2023-12-GSAFAC-0000044758,U77JPFJ2MSD3,2023,2024-08-14,920376245
2023-12-GSAFAC-0000044758,U77JPFJ2MSD3,2023,2024-08-14,920396622
2023-12-GSAFAC-0000044758,U77JPFJ2MSD3,2023,2024-08-14,920397062
2023-12-GSAFAC-0000044758,U77JPFJ2MSD3,2023,2024-08-14,920417457
2023-12-GSAFAC-0000044758,U77JPFJ2MSD3,2023,2024-08-14,920487646
2023-12-GSAFAC-0000044758,U77JPFJ2MSD3,2023,2024-08-14,920487646
2023-12-GSAFAC-0000044758,U77JPFJ2MSD3,2023,2024-08-14,993529514
2023-12-GSAFAC-0000049704,J7VBJ7NEJ5R7,2023,2024-08-15,621251288
2023-12-GSAFAC-0000051787,J4JZWDMQP351,2023,2024-08-16,849344098
2023-02-GSAFAC-0000050962,K7QZQFKWD987,2023,2024-08-16,455578044
2022-06-GSAFAC-0000052641,VWTSZPKAUDK1,2022,2024-08-19,311520863
2022-06-GSAFAC-0000052641,VWTSZPKAUDK1,2022,2024-08-19,237441353
2022-06-GSAFAC-0000052641,VWTSZPKAUDK1,2022,2024-08-19,550422958
2023-12-GSAFAC-0000051105,DLTKXAEVJS21,2023,2024-08-19,311598800
2023-10-GSAFAC-0000051072,KYETWC1L3AP3,2023,2024-08-19,840563230
2023-10-GSAFAC-0000051072,KYETWC1L3AP3,2023,2024-08-19,841887834
2023-10-GSAFAC-0000051072,KYETWC1L3AP3,2023,2024-08-19,261167922
2023-10-GSAFAC-0000051072,KYETWC1L3AP3,2023,2024-08-19,834327406
2023-06-GSAFAC-0000040987,KW2LA3N6EY79,2023,2024-08-19,810302402
2023-06-GSAFAC-0000040987,KW2LA3N6EY79,2023,2024-08-19,816010045
2023-06-GSAFAC-0000040987,KW2LA3N6EY79,2023,2024-08-19,816001642
2023-06-GSAFAC-0000040987,KW2LA3N6EY79,2023,2024-08-19,816001663
2023-06-GSAFAC-0000040987,KW2LA3N6EY79,2023,2024-08-19,810522790
2023-06-GSAFAC-0000040987,KW2LA3N6EY79,2023,2024-08-19,816001713
2023-06-GSAFAC-0000040987,KW2LA3N6EY79,2023,2024-08-19,816001654
2023-06-GSAFAC-0000040987,KW2LA3N6EY79,2023,2024-08-19,816001660
2023-12-GSAFAC-0000052686,LA6VARLM6LV3,2023,2024-08-20,510357599
2023-12-GSAFAC-0000052686,LA6VARLM6LV3,2023,2024-08-20,510373607
2023-12-GSAFAC-0000052686,LA6VARLM6LV3,2023,2024-08-20,522041223
2023-12-GSAFAC-0000052686,LA6VARLM6LV3,2023,2024-08-20,510389518
2023-12-GSAFAC-0000052686,LA6VARLM6LV3,2023,2024-08-20,510398773
2023-12-GSAFAC-0000052686,LA6VARLM6LV3,2023,2024-08-20,510408034
2023-12-GSAFAC-0000052686,LA6VARLM6LV3,2023,2024-08-20,431992291
2023-12-GSAFAC-0000052686,LA6VARLM6LV3,2023,2024-08-20,331081490
2023-12-GSAFAC-0000052686,LA6VARLM6LV3,2023,2024-08-20,510448268
2023-08-GSAFAC-0000036720,C2YPB5R4G376,2023,2024-08-20,742550278
2022-06-GSAFAC-0000050961,UJ7VNNPEKLJ6,2022,2024-08-20,203426482
2024-04-GSAFAC-0000052403,LBW2DRXQXCA7,2024,2024-08-20,611254830
2022-12-GSAFAC-0000051650,V2BDJK5JZU56,2022,2024-08-20,453672468
2022-12-GSAFAC-0000051650,V2BDJK5JZU56,2022,2024-08-20,465465189
2023-12-GSAFAC-0000051502,GN6WBRFDWL36,2023,2024-08-20,820497771
2023-12-GSAFAC-0000051502,GN6WBRFDWL36,2023,2024-08-20,820226453
2023-12-GSAFAC-0000050143,JYFBW9MH1RA5,2023,2024-08-21,473872421
2023-12-GSAFAC-0000051648,EZQKCXNPTVH3,2023,2024-08-21,830918594
2023-12-GSAFAC-0000052658,V2BDJK5JZU56,2023,2024-08-21,453672468
2023-12-GSAFAC-0000052658,V2BDJK5JZU56,2023,2024-08-21,465465189
2022-12-GSAFAC-0000053301,KP4PBJB1KBL3,2022,2024-08-22,454102458
2022-12-GSAFAC-0000053301,KP4PBJB1KBL3,2022,2024-08-22,161467023
2022-12-GSAFAC-0000053301,KP4PBJB1KBL3,2022,2024-08-22,562394825
2022-12-GSAFAC-0000053301,KP4PBJB1KBL3,2022,2024-08-22,160982095
2022-12-GSAFAC-0000053301,KP4PBJB1KBL3,2022,2024-08-22,161593029
2023-12-GSAFAC-0000043079,ZMHCF7FCQFY8,2023,2024-08-22,465297054
2023-12-GSAFAC-0000043079,ZMHCF7FCQFY8,2023,2024-08-22,453125678
2023-12-GSAFAC-0000043079,ZMHCF7FCQFY8,2023,2024-08-22,320041186
2023-12-GSAFAC-0000050190,LMXDMJHVY3K1,2023,2024-08-22,860445372
2023-12-GSAFAC-0000051106,LUJ1ML35NQ68,2023,2024-08-23,350868132
2023-12-GSAFAC-0000051106,LUJ1ML35NQ68,2023,2024-08-23,351536132
2023-12-GSAFAC-0000051106,LUJ1ML35NQ68,2023,2024-08-23,350877574
2023-12-GSAFAC-0000051106,LUJ1ML35NQ68,2023,2024-08-23,451257972
2023-12-GSAFAC-0000051106,LUJ1ML35NQ68,2023,2024-08-23,350835006
2023-12-GSAFAC-0000052373,RJ26PYR8H374,2023,2024-08-23,341916518
2023-12-GSAFAC-0000053015,LHACK1UL6NR3,2023,2024-08-24,742234352
2023-12-GSAFAC-0000053015,LHACK1UL6NR3,2023,2024-08-24,742241951
2023-12-GSAFAC-0000053238,SX3NTU5NQ6K9,2023,2024-08-26,383009238
2023-12-GSAFAC-0000053238,SX3NTU5NQ6K9,2023,2024-08-26,382893870
2023-12-GSAFAC-0000053238,SX3NTU5NQ6K9,2023,2024-08-26,382078808
2023-12-GSAFAC-0000052140,SKMZAYX3HAN1,2023,2024-08-26,352538469
2024-03-GSAFAC-0000053203,MF8WGQML9XG5,2024,2024-08-27,562280613
2022-06-GSAFAC-0000001176,WMRHA68SMK19,2022,2024-08-28,546001591
2022-06-GSAFAC-0000001176,WMRHA68SMK19,2022,2024-08-28,546001588
2023-06-GSAFAC-0000053563,WMRHA68SMK19,2023,2024-08-28,546001591
2023-06-GSAFAC-0000053563,WMRHA68SMK19,2023,2024-08-28,546001588
2023-12-GSAFAC-0000052758,C3JUHMKQMQJ9,2023,2024-08-28,421363531
2023-07-GSAFAC-0000013158,TFLCJMNCH2E7,2023,2024-08-28,851836163
2023-07-GSAFAC-0000013158,TFLCJMNCH2E7,2023,2024-08-28,262346277
2023-12-GSAFAC-0000052336,VA6BN9SANQJ4,2023,2024-08-28,311552940
2023-12-GSAFAC-0000052336,VA6BN9SANQJ4,2023,2024-08-28,331049115
2023-12-GSAFAC-0000052336,VA6BN9SANQJ4,2023,2024-08-28,311552944
2023-12-GSAFAC-0000052336,VA6BN9SANQJ4,2023,2024-08-28,931086939
2023-12-GSAFAC-0000052336,VA6BN9SANQJ4,2023,2024-08-28,593831693
2023-12-GSAFAC-0000052336,VA6BN9SANQJ4,2023,2024-08-28,043820503
2023-12-GSAFAC-0000052336,VA6BN9SANQJ4,2023,2024-08-28,262018181
2023-12-GSAFAC-0000052336,VA6BN9SANQJ4,2023,2024-08-28,261908068
2023-12-GSAFAC-0000053621,TMSVCY2G2ND6,2023,2024-08-28,751634806
2023-12-GSAFAC-0000051821,TD92Q57QB4L8,2023,2024-08-28,541889077
2023-12-GSAFAC-0000051821,TD92Q57QB4L8,2023,2024-08-28,810881760
2023-12-GSAFAC-0000051821,TD92Q57QB4L8,2023,2024-08-28,810903010
2023-12-GSAFAC-0000051821,TD92Q57QB4L8,2023,2024-08-28,810925158
2023-12-GSAFAC-0000053638,CAC6BWWLBJN4,2023,2024-08-29,726002164
2023-12-GSAFAC-0000053638,CAC6BWWLBJN4,2023,2024-08-29,720634394
2023-12-GSAFAC-0000053638,CAC6BWWLBJN4,2023,2024-08-29,721077320
2023-12-GSAFAC-0000053638,CAC6BWWLBJN4,2023,2024-08-29,726009780
2023-12-GSAFAC-0000053638,CAC6BWWLBJN4,2023,2024-08-29,720985631
2023-12-GSAFAC-0000053638,CAC6BWWLBJN4,2023,2024-08-29,726015208
2023-12-GSAFAC-0000053867,M2Z2N43THJA5,2023,2024-08-29,311438763
2023-12-GSAFAC-0000053867,M2Z2N43THJA5,2023,2024-08-29,311178476
2023-06-GSAFAC-0000051083,DVJ5XQ7BMQ88,2023,2024-08-29,204122028
2023-12-GSAFAC-0000052195,NJXUJHMGALY3,2023,2024-08-30,871820951
2023-12-GSAFAC-0000052083,MV23GETUKEY5,2023,2024-08-30,203781186
2023-12-GSAFAC-0000052083,MV23GETUKEY5,2023,2024-08-30,453991190
2024-03-GSAFAC-0000054182,MCD5SMMWNBE5,2024,2024-09-03,830318902
2023-09-GSAFAC-0000054332,JYDHTSHBFKS8,2023,2024-09-03,630909477
2023-09-GSAFAC-0000054332,JYDHTSHBFKS8,2023,2024-09-03,631130295
2023-09-GSAFAC-0000054332,JYDHTSHBFKS8,2023,2024-09-03,631130299
2023-09-GSAFAC-0000054332,JYDHTSHBFKS8,2023,2024-09-03,581893454
2023-09-GSAFAC-0000054332,JYDHTSHBFKS8,2023,2024-09-03,631130297
2023-09-GSAFAC-0000054332,JYDHTSHBFKS8,2023,2024-09-03,631130298
2023-09-GSAFAC-0000054332,JYDHTSHBFKS8,2023,2024-09-03,630955728
2023-12-GSAFAC-0000054033,MDAAX4LQCYE8,2023,2024-09-03,410786046
2023-12-GSAFAC-0000054033,MDAAX4LQCYE8,2023,2024-09-03,411979428
2022-06-GSAFAC-0000054181,D529MMWMNHW3,2022,2024-09-04,990073524
2022-06-GSAFAC-0000054181,D529MMWMNHW3,2022,2024-09-04,990251372
2022-06-GSAFAC-0000054181,D529MMWMNHW3,2022,2024-09-04,990240109
2022-06-GSAFAC-0000054181,D529MMWMNHW3,2022,2024-09-04,990240499
2022-06-GSAFAC-0000054181,D529MMWMNHW3,2022,2024-09-04,990260423
2022-06-GSAFAC-0000054181,D529MMWMNHW3,2022,2024-09-04,990183769
2023-06-GSAFAC-0000054187,D529MMWMNHW3,2023,2024-09-04,990073524
2023-06-GSAFAC-0000054187,D529MMWMNHW3,2023,2024-09-04,990251372
2023-06-GSAFAC-0000054187,D529MMWMNHW3,2023,2024-09-04,990240109
2023-06-GSAFAC-0000054187,D529MMWMNHW3,2023,2024-09-04,990240499
2023-06-GSAFAC-0000054187,D529MMWMNHW3,2023,2024-09-04,990260423
2023-06-GSAFAC-0000054187,D529MMWMNHW3,2023,2024-09-04,990183769
2023-12-GSAFAC-0000053305,HVWJJCAW86H3,2023,2024-09-04,840735096
2023-12-GSAFAC-0000053305,HVWJJCAW86H3,2023,2024-09-04,742255936
2023-12-GSAFAC-0000053305,HVWJJCAW86H3,2023,2024-09-04,810231792
2023-12-GSAFAC-0000053305,HVWJJCAW86H3,2023,2024-09-04,202270238
2023-12-GSAFAC-0000053305,HVWJJCAW86H3,2023,2024-09-04,260286308
2023-12-GSAFAC-0000053305,HVWJJCAW86H3,2023,2024-09-04,810232124
2023-12-GSAFAC-0000053305,HVWJJCAW86H3,2023,2024-09-04,651202190
2023-12-GSAFAC-0000053305,HVWJJCAW86H3,2023,2024-09-04,841103606
2023-12-GSAFAC-0000053305,HVWJJCAW86H3,2023,2024-09-04,840405260
2023-12-GSAFAC-0000053305,HVWJJCAW86H3,2023,2024-09-04,840482695
2023-12-GSAFAC-0000053305,HVWJJCAW86H3,2023,2024-09-04,237379161
2023-12-GSAFAC-0000053305,HVWJJCAW86H3,2023,2024-09-04,942854057
2023-12-GSAFAC-0000053305,HVWJJCAW86H3,2023,2024-09-04,237001007
2023-12-GSAFAC-0000053305,HVWJJCAW86H3,2023,2024-09-04,822778995
2023-12-GSAFAC-0000053305,HVWJJCAW86H3,2023,2024-09-04,810468034
2023-12-GSAFAC-0000053305,HVWJJCAW86H3,2023,2024-09-04,840417134
2023-12-GSAFAC-0000053305,HVWJJCAW86H3,2023,2024-09-04,208846152
2023-12-GSAFAC-0000053305,HVWJJCAW86H3,2023,2024-09-04,840425720
2023-12-GSAFAC-0000053305,HVWJJCAW86H3,2023,2024-09-04,810231785
2024-03-GSAFAC-0000053761,QAWDKAJYFXJ8,2024,2024-09-05,020276834
2024-03-GSAFAC-0000053761,QAWDKAJYFXJ8,2024,2024-09-05,020244589
2024-03-GSAFAC-0000053761,QAWDKAJYFXJ8,2024,2024-09-05,020222187
2024-03-GSAFAC-0000053761,QAWDKAJYFXJ8,2024,2024-09-05,020222158
2024-03-GSAFAC-0000053761,QAWDKAJYFXJ8,2024,2024-09-05,026006981
2022-12-GSAFAC-0000054478,KH9FELLNT5G3,2022,2024-09-05,454997977
2022-12-GSAFAC-0000054478,KH9FELLNT5G3,2022,2024-09-05,832594303
2022-12-GSAFAC-0000054478,KH9FELLNT5G3,2022,2024-09-05,832422604
2022-12-GSAFAC-0000054478,KH9FELLNT5G3,2022,2024-09-05,371779824
2023-12-GSAFAC-0000050540,C1CUQNZL31G8,2023,2024-09-05,371623033
2023-12-GSAFAC-0000050540,C1CUQNZL31G8,2023,2024-09-05,391759242
2023-12-GSAFAC-0000050540,C1CUQNZL31G8,2023,2024-09-05,475162437
2023-12-GSAFAC-0000040678,N1LBQ9ABLZ18,2023,2024-09-05,363846104
2023-12-GSAFAC-0000051025,SNLVZU2Y4GE4,2023,2024-09-06,356001347
2023-12-GSAFAC-0000051025,SNLVZU2Y4GE4,2023,2024-09-06,351159574
2023-12-GSAFAC-0000054544,TRQ3NHJJCT97,2023,2024-09-06,271835547
2023-12-GSAFAC-0000054544,TRQ3NHJJCT97,2023,2024-09-06,270834118
2023-12-GSAFAC-0000054544,TRQ3NHJJCT97,2023,2024-09-06,460638330
2023-12-GSAFAC-0000054544,TRQ3NHJJCT97,2023,2024-09-06,462535295
2023-12-GSAFAC-0000054544,TRQ3NHJJCT97,2023,2024-09-06,852046053
2023-12-GSAFAC-0000054544,TRQ3NHJJCT97,2023,2024-09-06,270168491
2023-12-GSAFAC-0000054544,TRQ3NHJJCT97,2023,2024-09-06,822487188
2023-12-GSAFAC-0000054544,TRQ3NHJJCT97,2023,2024-09-06,852063444
2023-12-GSAFAC-0000054544,TRQ3NHJJCT97,2023,2024-09-06,271517745
2023-12-GSAFAC-0000054411,XHM9KKLP1T83,2023,2024-09-06,853126990
2023-12-GSAFAC-0000053221,JMLLLC81NSJ7,2023,2024-09-06,464723432
2023-12-GSAFAC-0000053725,D6P8H8489788,2023,2024-09-06,262128507
2023-12-GSAFAC-0000053725,D6P8H8489788,2023,2024-09-06,205253134
2023-12-GSAFAC-0000053725,D6P8H8489788,2023,2024-09-06,202898771
2023-12-GSAFAC-0000053725,D6P8H8489788,2023,2024-09-06,202546649
2023-12-GSAFAC-0000053725,D6P8H8489788,2023,2024-09-06,205252882
2023-12-GSAFAC-0000053725,D6P8H8489788,2023,2024-09-06,340714583
2023-12-GSAFAC-0000053725,D6P8H8489788,2023,2024-09-06,320506896
2023-12-GSAFAC-0000053725,D6P8H8489788,2023,2024-09-06,472819044
2023-12-GSAFAC-0000053725,D6P8H8489788,2023,2024-09-06,741393060
2023-12-GSAFAC-0000053725,D6P8H8489788,2023,2024-09-06,742206635
2023-12-GSAFAC-0000053725,D6P8H8489788,2023,2024-09-06,455125687
2023-12-GSAFAC-0000053725,D6P8H8489788,2023,2024-09-06,300885567
2023-12-GSAFAC-0000053725,D6P8H8489788,2023,2024-09-06,461175423
2023-12-GSAFAC-0000053725,D6P8H8489788,2023,2024-09-06,954862310
2023-12-GSAFAC-0000053725,D6P8H8489788,2023,2024-09-06,271619835
2023-12-GSAFAC-0000053725,D6P8H8489788,2023,2024-09-06,742798500
2023-12-GSAFAC-0000053838,JW7SF5J2GC36,2023,2024-09-06,742754016
2023-12-GSAFAC-0000053838,JW7SF5J2GC36,2023,2024-09-06,208911377
2024-03-GSAFAC-0000053757,ZY63XPTXNZC3,2024,2024-09-09,237017276
2024-03-GSAFAC-0000053757,ZY63XPTXNZC3,2024,2024-09-09,331065485
2024-03-GSAFAC-0000053757,ZY63XPTXNZC3,2024,2024-09-09,465562403
2024-03-GSAFAC-0000053757,ZY63XPTXNZC3,2024,2024-09-09,830433165
2024-03-GSAFAC-0000053757,ZY63XPTXNZC3,2024,2024-09-09,930281321
2024-03-GSAFAC-0000053757,ZY63XPTXNZC3,2024,2024-09-09,930386793
2024-03-GSAFAC-0000053757,ZY63XPTXNZC3,2024,2024-09-09,930386823
2024-03-GSAFAC-0000053757,ZY63XPTXNZC3,2024,2024-09-09,930591528
2024-03-GSAFAC-0000053757,ZY63XPTXNZC3,2024,2024-09-09,930618975
2024-03-GSAFAC-0000053757,ZY63XPTXNZC3,2024,2024-09-09,930773410
2024-03-GSAFAC-0000053757,ZY63XPTXNZC3,2024,2024-09-09,930794951
2024-03-GSAFAC-0000053757,ZY63XPTXNZC3,2024,2024-09-09,930848530
2024-03-GSAFAC-0000053757,ZY63XPTXNZC3,2024,2024-09-09,930913392
2024-03-GSAFAC-0000053757,ZY63XPTXNZC3,2024,2024-09-09,931272735
2024-03-GSAFAC-0000053757,ZY63XPTXNZC3,2024,2024-09-09,931314469
2023-12-GSAFAC-0000052717,NDHUBKJDEKZ9,2023,2024-09-09,800089233
2023-12-GSAFAC-0000052717,NDHUBKJDEKZ9,2023,2024-09-09,462437874
2023-12-GSAFAC-0000052717,NDHUBKJDEKZ9,2023,2024-09-09,825061743
2023-12-GSAFAC-0000052717,NDHUBKJDEKZ9,2023,2024-09-09,831029636
2023-12-GSAFAC-0000052717,NDHUBKJDEKZ9,2023,2024-09-09,844495222
2023-12-GSAFAC-0000052717,NDHUBKJDEKZ9,2023,2024-09-09,861090526
2023-12-GSAFAC-0000052717,NDHUBKJDEKZ9,2023,2024-09-09,462131376
2023-12-GSAFAC-0000052717,NDHUBKJDEKZ9,2023,2024-09-09,475004813
2023-12-GSAFAC-0000052717,NDHUBKJDEKZ9,2023,2024-09-09,800089232
2023-12-GSAFAC-0000052717,NDHUBKJDEKZ9,2023,2024-09-09,510517882
2023-12-GSAFAC-0000052717,NDHUBKJDEKZ9,2023,2024-09-09,522407171
2023-12-GSAFAC-0000052717,NDHUBKJDEKZ9,2023,2024-09-09,825202825
2023-12-GSAFAC-0000052717,NDHUBKJDEKZ9,2023,2024-09-09,830411648
2023-12-GSAFAC-0000052717,NDHUBKJDEKZ9,2023,2024-09-09,861090533
2023-12-GSAFAC-0000052717,NDHUBKJDEKZ9,2023,2024-09-09,460605991
2023-12-GSAFAC-0000052717,NDHUBKJDEKZ9,2023,2024-09-09,812765701
2023-12-GSAFAC-0000052717,NDHUBKJDEKZ9,2023,2024-09-09,474546749
2023-12-GSAFAC-0000052717,NDHUBKJDEKZ9,2023,2024-09-09,742923927
2023-12-GSAFAC-0000052717,NDHUBKJDEKZ9,2023,2024-09-09,510517886
2023-12-GSAFAC-0000052717,NDHUBKJDEKZ9,2023,2024-09-09,825167064
2023-12-GSAFAC-0000052717,NDHUBKJDEKZ9,2023,2024-09-09,301123744
2023-12-GSAFAC-0000052717,NDHUBKJDEKZ9,2023,2024-09-09,510517897
2023-12-GSAFAC-0000052717,NDHUBKJDEKZ9,2023,2024-09-09,510517884
2023-12-GSAFAC-0000052717,NDHUBKJDEKZ9,2023,2024-09-09,522458651
2023-12-GSAFAC-0000052717,NDHUBKJDEKZ9,2023,2024-09-09,272452190
2023-12-GSAFAC-0000052717,NDHUBKJDEKZ9,2023,2024-09-09,465544042
2023-12-GSAFAC-0000052717,NDHUBKJDEKZ9,2023,2024-09-09,800089228
2023-12-GSAFAC-0000052717,NDHUBKJDEKZ9,2023,2024-09-09,812406385
2023-12-GSAFAC-0000052717,NDHUBKJDEKZ9,2023,2024-09-09,870755141
2023-12-GSAFAC-0000052717,NDHUBKJDEKZ9,2023,2024-09-09,813537998
2023-12-GSAFAC-0000052717,NDHUBKJDEKZ9,2023,2024-09-09,593778285
2023-12-GSAFAC-0000052717,NDHUBKJDEKZ9,2023,2024-09-09,825027278
2023-12-GSAFAC-0000052717,NDHUBKJDEKZ9,2023,2024-09-09,463415213
2023-12-GSAFAC-0000052717,NDHUBKJDEKZ9,2023,2024-09-09,464354228
2023-12-GSAFAC-0000052717,NDHUBKJDEKZ9,2023,2024-09-09,811624974
2023-12-GSAFAC-0000052717,NDHUBKJDEKZ9,2023,2024-09-09,843056937
2023-12-GSAFAC-0000052717,NDHUBKJDEKZ9,2023,2024-09-09,823216169
2023-12-GSAFAC-0000052717,NDHUBKJDEKZ9,2023,2024-09-09,010801025
2023-12-GSAFAC-0000052717,NDHUBKJDEKZ9,2023,2024-09-09,301067157
2023-12-GSAFAC-0000052717,NDHUBKJDEKZ9,2023,2024-09-09,825173292
2023-12-GSAFAC-0000052717,NDHUBKJDEKZ9,2023,2024-09-09,823254090
2023-12-GSAFAC-0000052717,NDHUBKJDEKZ9,2023,2024-09-09,460781287
2023-12-GSAFAC-0000052717,NDHUBKJDEKZ9,2023,2024-09-09,752966503
2023-12-GSAFAC-0000052717,NDHUBKJDEKZ9,2023,2024-09-09,811637728
2023-12-GSAFAC-0000052717,NDHUBKJDEKZ9,2023,2024-09-09,861090531
2023-12-GSAFAC-0000052717,NDHUBKJDEKZ9,2023,2024-09-09,510517895
2023-12-GSAFAC-0000052717,NDHUBKJDEKZ9,2023,2024-09-09,751566426
2023-12-GSAFAC-0000052717,NDHUBKJDEKZ9,2023,2024-09-09,474568036
2023-12-GSAFAC-0000052717,NDHUBKJDEKZ9,2023,2024-09-09,831072617
2023-12-GSAFAC-0000052717,NDHUBKJDEKZ9,2023,2024-09-09,861090535
2023-12-GSAFAC-0000052717,NDHUBKJDEKZ9,2023,2024-09-09,510517896
2023-12-GSAFAC-0000052717,NDHUBKJDEKZ9,2023,2024-09-09,752966502
2023-12-GSAFAC-0000052717,NDHUBKJDEKZ9,2023,2024-09-09,522337036
2023-12-GSAFAC-0000052717,NDHUBKJDEKZ9,2023,2024-09-09,472777991
2023-12-GSAFAC-0000052717,NDHUBKJDEKZ9,2023,2024-09-09,900178143
2023-12-GSAFAC-0000052717,NDHUBKJDEKZ9,2023,2024-09-09,742968176
2023-12-GSAFAC-0000052717,NDHUBKJDEKZ9,2023,2024-09-09,824981363
2023-12-GSAFAC-0000052717,NDHUBKJDEKZ9,2023,2024-09-09,825073845
2023-12-GSAFAC-0000052717,NDHUBKJDEKZ9,2023,2024-09-09,825209275
2023-12-GSAFAC-0000052717,NDHUBKJDEKZ9,2023,2024-09-09,900129534
2023-12-GSAFAC-0000052717,NDHUBKJDEKZ9,2023,2024-09-09,472271160
2023-12-GSAFAC-0000052717,NDHUBKJDEKZ9,2023,2024-09-09,825102627
2023-12-GSAFAC-0000052717,NDHUBKJDEKZ9,2023,2024-09-09,825221441
2023-12-GSAFAC-0000054629,CCQEMFNQ9JM5,2023,2024-09-10,832069350
2023-12-GSAFAC-0000054629,CCQEMFNQ9JM5,2023,2024-09-10,142012874
2023-12-GSAFAC-0000054629,CCQEMFNQ9JM5,2023,2024-09-10,133862850
2023-12-GSAFAC-0000054629,CCQEMFNQ9JM5,2023,2024-09-10,133867519
2023-12-GSAFAC-0000054629,CCQEMFNQ9JM5,2023,2024-09-10,133685749
2023-12-GSAFAC-0000054344,LFMDS7XKXX15,2023,2024-09-10,200166368
2024-06-GSAFAC-0000054911,PKHUTQ6QJNS7,2024,2024-09-10,454889754
2023-12-GSAFAC-0000051268,QDPBAPG7Z7G1,2023,2024-09-10,216000510
2023-12-GSAFAC-0000053866,SB35ENJFKK14,2023,2024-09-10,270036484
2023-12-GSAFAC-0000053866,SB35ENJFKK14,2023,2024-09-10,270036499
2023-12-GSAFAC-0000053866,SB35ENJFKK14,2023,2024-09-10,363386394
2023-12-GSAFAC-0000053866,SB35ENJFKK14,2023,2024-09-10,470395795
2023-12-GSAFAC-0000053866,SB35ENJFKK14,2023,2024-09-10,510147309
2023-12-GSAFAC-0000053866,SB35ENJFKK14,2023,2024-09-10,680422620
2023-12-GSAFAC-0000053866,SB35ENJFKK14,2023,2024-09-10,830249708
2023-12-GSAFAC-0000053866,SB35ENJFKK14,2023,2024-09-10,830249710
2023-12-GSAFAC-0000053866,SB35ENJFKK14,2023,2024-09-10,840826331
2023-12-GSAFAC-0000053866,SB35ENJFKK14,2023,2024-09-10,840826336
2023-12-GSAFAC-0000053866,SB35ENJFKK14,2023,2024-09-10,841287638
2023-12-GSAFAC-0000053866,SB35ENJFKK14,2023,2024-09-10,860394148
2023-12-GSAFAC-0000053866,SB35ENJFKK14,2023,2024-09-10,860872873
2023-12-GSAFAC-0000053866,SB35ENJFKK14,2023,2024-09-10,880321712
2023-12-GSAFAC-0000053866,SB35ENJFKK14,2023,2024-09-10,900054201
2023-12-GSAFAC-0000053866,SB35ENJFKK14,2023,2024-09-10,900065118
2023-12-GSAFAC-0000053866,SB35ENJFKK14,2023,2024-09-10,900389314
2023-12-GSAFAC-0000053866,SB35ENJFKK14,2023,2024-09-10,900412842
2023-12-GSAFAC-0000053866,SB35ENJFKK14,2023,2024-09-10,900532830
2023-12-GSAFAC-0000053866,SB35ENJFKK14,2023,2024-09-10,900532831
2023-12-GSAFAC-0000053866,SB35ENJFKK14,2023,2024-09-10,901074557
2023-12-GSAFAC-0000053866,SB35ENJFKK14,2023,2024-09-10,901074558
2023-12-GSAFAC-0000053866,SB35ENJFKK14,2023,2024-09-10,942958258
2023-12-GSAFAC-0000053866,SB35ENJFKK14,2023,2024-09-10,900220728
2023-12-GSAFAC-0000053866,SB35ENJFKK14,2023,2024-09-10,840826332
2023-12-GSAFAC-0000053866,SB35ENJFKK14,2023,2024-09-10,270036480
2023-12-GSAFAC-0000053866,SB35ENJFKK14,2023,2024-09-10,900981239
2023-12-GSAFAC-0000053866,SB35ENJFKK14,2023,2024-09-10,900389312
2023-12-GSAFAC-0000053866,SB35ENJFKK14,2023,2024-09-10,861035549
2023-12-GSAFAC-0000053866,SB35ENJFKK14,2023,2024-09-10,901133689
2023-12-GSAFAC-0000053866,SB35ENJFKK14,2023,2024-09-10,204449603
2023-12-GSAFAC-0000053866,SB35ENJFKK14,2023,2024-09-10,900733287
2023-12-GSAFAC-0000053866,SB35ENJFKK14,2023,2024-09-10,841591715
2023-12-GSAFAC-0000053866,SB35ENJFKK14,2023,2024-09-10,900389311
2023-12-GSAFAC-0000053866,SB35ENJFKK14,2023,2024-09-10,860657319
2023-12-GSAFAC-0000053866,SB35ENJFKK14,2023,2024-09-10,900337681
2023-12-GSAFAC-0000053866,SB35ENJFKK14,2023,2024-09-10,900471017
2023-12-GSAFAC-0000053866,SB35ENJFKK14,2023,2024-09-10,841324428
2023-12-GSAFAC-0000053866,SB35ENJFKK14,2023,2024-09-10,901025110
2023-12-GSAFAC-0000053866,SB35ENJFKK14,2023,2024-09-10,841483458
2023-12-GSAFAC-0000053866,SB35ENJFKK14,2023,2024-09-10,901182682
2023-12-GSAFAC-0000053866,SB35ENJFKK14,2023,2024-09-10,901182683
2023-12-GSAFAC-0000053866,SB35ENJFKK14,2023,2024-09-10,901182685
2023-12-GSAFAC-0000053866,SB35ENJFKK14,2023,2024-09-10,901182684
2023-12-GSAFAC-0000053866,SB35ENJFKK14,2023,2024-09-10,901183954
2023-12-GSAFAC-0000053866,SB35ENJFKK14,2023,2024-09-10,141885420
2023-12-GSAFAC-0000053866,SB35ENJFKK14,2023,2024-09-10,710936920
2023-12-GSAFAC-0000053866,SB35ENJFKK14,2023,2024-09-10,832482390
2023-12-GSAFAC-0000053866,SB35ENJFKK14,2023,2024-09-10,831984436
2023-12-GSAFAC-0000053866,SB35ENJFKK14,2023,2024-09-10,901182070
2023-12-GSAFAC-0000053866,SB35ENJFKK14,2023,2024-09-10,901116751
2023-12-GSAFAC-0000053866,SB35ENJFKK14,2023,2024-09-10,901116753
2023-12-GSAFAC-0000053866,SB35ENJFKK14,2023,2024-09-10,901116752
2023-12-GSAFAC-0000053866,SB35ENJFKK14,2023,2024-09-10,901116750
2023-12-GSAFAC-0000053866,SB35ENJFKK14,2023,2024-09-10,901140260
2023-12-GSAFAC-0000053866,SB35ENJFKK14,2023,2024-09-10,900733283
2023-12-GSAFAC-0000053866,SB35ENJFKK14,2023,2024-09-10,841440050
2023-12-GSAFAC-0000053866,SB35ENJFKK14,2023,2024-09-10,900733285
2023-12-GSAFAC-0000053866,SB35ENJFKK14,2023,2024-09-10,841233454
2023-12-GSAFAC-0000053866,SB35ENJFKK14,2023,2024-09-10,900735044
2023-12-GSAFAC-0000053866,SB35ENJFKK14,2023,2024-09-10,900730400
2023-12-GSAFAC-0000053866,SB35ENJFKK14,2023,2024-09-10,900730387
2023-12-GSAFAC-0000053866,SB35ENJFKK14,2023,2024-09-10,900730402
2023-12-GSAFAC-0000053866,SB35ENJFKK14,2023,2024-09-10,900735046
2023-12-GSAFAC-0000053866,SB35ENJFKK14,2023,2024-09-10,900730397
2023-12-GSAFAC-0000053866,SB35ENJFKK14,2023,2024-09-10,900730395
2023-12-GSAFAC-0000053866,SB35ENJFKK14,2023,2024-09-10,860934279
2023-12-GSAFAC-0000053866,SB35ENJFKK14,2023,2024-09-10,900733282
2023-12-GSAFAC-0000053866,SB35ENJFKK14,2023,2024-09-10,901164193
2023-12-GSAFAC-0000053866,SB35ENJFKK14,2023,2024-09-10,823481322
2023-12-GSAFAC-0000053866,SB35ENJFKK14,2023,2024-09-10,860087236
2023-12-GSAFAC-0000053866,SB35ENJFKK14,2023,2024-09-10,800307419
2023-12-GSAFAC-0000053866,SB35ENJFKK14,2023,2024-09-10,830279242
2023-12-GSAFAC-0000053866,SB35ENJFKK14,2023,2024-09-10,208391890
2023-12-GSAFAC-0000053866,SB35ENJFKK14,2023,2024-09-10,942545356
2023-06-GSAFAC-0000051388,L9HLNE16ZQW5,2023,2024-09-10,030463073
2023-06-GSAFAC-0000051388,L9HLNE16ZQW5,2023,2024-09-10,201044089
2024-03-GSAFAC-0000053409,NU2BSY7YSFS9,2024,2024-09-10,610920842
2022-08-GSAFAC-0000043973,JHUFUADKC389,2022,2024-09-11,132889361
2022-08-GSAFAC-0000043973,JHUFUADKC389,2022,2024-09-11,133573054
2023-08-GSAFAC-0000055216,JHUFUADKC389,2023,2024-09-11,132889361
2023-08-GSAFAC-0000055216,JHUFUADKC389,2023,2024-09-11,133573054
2023-12-GSAFAC-0000051285,KCSJVSNHZZL5,2023,2024-09-11,460345922
2023-12-GSAFAC-0000051285,KCSJVSNHZZL5,2023,2024-09-11,834530419
2023-12-GSAFAC-0000052266,CTKLWXNABFS5,2023,2024-09-11,112924518
2023-12-GSAFAC-0000052266,CTKLWXNABFS5,2023,2024-09-11,111888924
2023-12-GSAFAC-0000052266,CTKLWXNABFS5,2023,2024-09-11,112050523
2023-12-GSAFAC-0000052266,CTKLWXNABFS5,2023,2024-09-11,113090867
2023-12-GSAFAC-0000052266,CTKLWXNABFS5,2023,2024-09-11,111635088
2023-12-GSAFAC-0000052266,CTKLWXNABFS5,2023,2024-09-11,113284066
2023-12-GSAFAC-0000052266,CTKLWXNABFS5,2023,2024-09-11,111871039
2023-12-GSAFAC-0000052266,CTKLWXNABFS5,2023,2024-09-11,113438973
2023-12-GSAFAC-0000052266,CTKLWXNABFS5,2023,2024-09-11,208088453
2023-12-GSAFAC-0000051187,EA4PYMYAGJU3,2023,2024-09-13,202265971
2023-12-GSAFAC-0000051187,EA4PYMYAGJU3,2023,2024-09-13,203349887
2023-12-GSAFAC-0000051187,EA4PYMYAGJU3,2023,2024-09-13,203350024
2023-12-GSAFAC-0000051187,EA4PYMYAGJU3,2023,2024-09-13,205996177
2023-12-GSAFAC-0000051187,EA4PYMYAGJU3,2023,2024-09-13,208335586
2023-12-GSAFAC-0000051187,EA4PYMYAGJU3,2023,2024-09-13,363517697
2023-12-GSAFAC-0000051187,EA4PYMYAGJU3,2023,2024-09-13,410706141
2023-12-GSAFAC-0000051187,EA4PYMYAGJU3,2023,2024-09-13,410991680
2023-12-GSAFAC-0000051187,EA4PYMYAGJU3,2023,2024-09-13,411287792
2023-12-GSAFAC-0000051187,EA4PYMYAGJU3,2023,2024-09-13,411293970
2023-12-GSAFAC-0000051187,EA4PYMYAGJU3,2023,2024-09-13,411456897
2023-12-GSAFAC-0000051187,EA4PYMYAGJU3,2023,2024-09-13,411592761
2023-12-GSAFAC-0000051187,EA4PYMYAGJU3,2023,2024-09-13,411761760
2023-12-GSAFAC-0000051187,EA4PYMYAGJU3,2023,2024-09-13,411765832
2023-12-GSAFAC-0000051187,EA4PYMYAGJU3,2023,2024-09-13,411865874
2023-12-GSAFAC-0000051187,EA4PYMYAGJU3,2023,2024-09-13,412012560
2023-12-GSAFAC-0000051187,EA4PYMYAGJU3,2023,2024-09-13,461336243
2023-12-GSAFAC-0000051187,EA4PYMYAGJU3,2023,2024-09-13,462441825
2023-12-GSAFAC-0000051187,EA4PYMYAGJU3,2023,2024-09-13,472449637
2023-12-GSAFAC-0000051187,EA4PYMYAGJU3,2023,2024-09-13,822364607
2023-12-GSAFAC-0000051548,CE1SFAN131F6,2023,2024-09-13,208558857
2022-12-GSAFAC-0000041787,L4A8D3Q5UBY5,2022,2024-09-13,311086097
2022-12-GSAFAC-0000041787,L4A8D3Q5UBY5,2022,2024-09-13,311311881
2023-12-GSAFAC-0000053303,M4MUEXMHP2U4,2023,2024-09-16,381816569
2022-11-GSAFAC-0000051747,FB4MLM61VS27,2022,2024-09-16,586025016
2023-11-GSAFAC-0000051750,FB4MLM61VS27,2023,2024-09-16,586025016
2023-12-GSAFAC-0000055718,QBNXK4A795N7,2023,2024-09-16,476105603
2023-12-GSAFAC-0000055718,QBNXK4A795N7,2023,2024-09-16,470689372
2023-12-GSAFAC-0000052535,R4VKTKNYMSN9,2023,2024-09-16,351102400
2023-12-GSAFAC-0000052535,R4VKTKNYMSN9,2023,2024-09-16,356001344
2023-12-GSAFAC-0000055765,GXA2NLJZKKC9,2023,2024-09-16,263381883
2023-12-GSAFAC-0000052004,V37FF7QGCV99,2023,2024-09-17,860096941
2023-12-GSAFAC-0000052004,V37FF7QGCV99,2023,2024-09-17,742355411
2022-08-GSAFAC-0000054856,GLGQLH6NUZF1,2022,2024-09-17,113153831
2023-08-GSAFAC-0000054992,GLGQLH6NUZF1,2023,2024-09-17,113153831
2023-06-GSAFAC-0000024302,GCR8CGCA7L15,2023,2024-09-18,541215131
2023-06-GSAFAC-0000024302,GCR8CGCA7L15,2023,2024-09-18,541222073
2023-06-GSAFAC-0000024302,GCR8CGCA7L15,2023,2024-09-18,541573882
2023-06-GSAFAC-0000024302,GCR8CGCA7L15,2023,2024-09-18,543001596
2023-06-GSAFAC-0000024302,GCR8CGCA7L15,2023,2024-09-18,546001599
2023-12-GSAFAC-0000053327,QL54NZRZNLT3,2023,2024-09-18,570811053
2023-12-GSAFAC-0000053327,QL54NZRZNLT3,2023,2024-09-18,611796834
2023-12-GSAFAC-0000053327,QL54NZRZNLT3,2023,2024-09-18,570741536
2023-12-GSAFAC-0000053327,QL54NZRZNLT3,2023,2024-09-18,383886017
2023-12-GSAFAC-0000053327,QL54NZRZNLT3,2023,2024-09-18,570359174
2023-12-GSAFAC-0000053327,QL54NZRZNLT3,2023,2024-09-18,570943822
2023-12-GSAFAC-0000053327,QL54NZRZNLT3,2023,2024-09-18,570342027
2023-12-GSAFAC-0000053327,QL54NZRZNLT3,2023,2024-09-18,570815011
2023-12-GSAFAC-0000054355,N5FHC3ENDEZ8,2023,2024-09-19,061235155
2023-12-GSAFAC-0000053375,XYN9J2NMQUL5,2023,2024-09-19,834630132
2023-12-GSAFAC-0000053903,LNHJMU2BVEM1,2023,2024-09-19,824967849
2023-12-GSAFAC-0000053903,LNHJMU2BVEM1,2023,2024-09-19,853240367
2023-12-GSAFAC-0000053569,GZ8HQK4CTZC4,2023,2024-09-19,237329437
2023-12-GSAFAC-0000053569,GZ8HQK4CTZC4,2023,2024-09-19,856016041
2023-12-GSAFAC-0000045706,NMSNGNQPRRA7,2023,2024-09-20,311079309
2023-12-GSAFAC-0000045706,NMSNGNQPRRA7,2023,2024-09-20,203687536
2023-12-GSAFAC-0000045706,NMSNGNQPRRA7,2023,2024-09-20,311400963
2023-12-GSAFAC-0000045706,NMSNGNQPRRA7,2023,2024-09-20,310537095
2023-12-GSAFAC-0000045706,NMSNGNQPRRA7,2023,2024-09-20,020633634
2023-12-GSAFAC-0000045706,NMSNGNQPRRA7,2023,2024-09-20,310537504
2023-12-GSAFAC-0000045706,NMSNGNQPRRA7,2023,2024-09-20,812419110
2023-12-GSAFAC-0000045706,NMSNGNQPRRA7,2023,2024-09-20,311224064
2023-12-GSAFAC-0000045706,NMSNGNQPRRA7,2023,2024-09-20,311258010
2023-12-GSAFAC-0000045706,NMSNGNQPRRA7,2023,2024-09-20,311040231
2023-12-GSAFAC-0000045706,NMSNGNQPRRA7,2023,2024-09-20,237296923
2023-12-GSAFAC-0000056615,GUVRJFMGNF88,2023,2024-09-20,205356988
2023-12-GSAFAC-0000052013,CKL3SAHPEE73,2023,2024-09-20,611300608
2023-12-GSAFAC-0000049446,QLN8MNT12F84,2023,2024-09-20,161075281
2023-12-GSAFAC-0000049446,QLN8MNT12F84,2023,2024-09-20,160991717
2023-12-GSAFAC-0000049446,QLN8MNT12F84,2023,2024-09-20,160986741
2023-12-GSAFAC-0000049446,QLN8MNT12F84,2023,2024-09-20,161170407
2023-12-GSAFAC-0000049446,QLN8MNT12F84,2023,2024-09-20,161307983
2023-12-GSAFAC-0000049446,QLN8MNT12F84,2023,2024-09-20,237013819
2023-12-GSAFAC-0000055677,HSJXBUEG4JF5,2023,2024-09-20,161421888
2023-12-GSAFAC-0000055677,HSJXBUEG4JF5,2023,2024-09-20,161421889
2023-12-GSAFAC-0000055677,HSJXBUEG4JF5,2023,2024-09-20,223266577
2023-12-GSAFAC-0000043396,F57WRZU12PY3,2023,2024-09-20,020785952
2023-12-GSAFAC-0000043396,F57WRZU12PY3,2023,2024-09-20,274439224
2023-12-GSAFAC-0000043396,F57WRZU12PY3,2023,2024-09-20,760651571
2023-12-GSAFAC-0000043396,F57WRZU12PY3,2023,2024-09-20,510557192
2023-12-GSAFAC-0000043396,F57WRZU12PY3,2023,2024-09-20,474100922
2023-12-GSAFAC-0000055096,CVNSMM23WXD6,2023,2024-09-20,940535360
2023-12-GSAFAC-0000055096,CVNSMM23WXD6,2023,2024-09-20,453220509
2023-12-GSAFAC-0000055096,CVNSMM23WXD6,2023,2024-09-20,941279779
2023-12-GSAFAC-0000055096,CVNSMM23WXD6,2023,2024-09-20,953899682
2023-12-GSAFAC-0000055096,CVNSMM23WXD6,2023,2024-09-20,680108919
2023-12-GSAFAC-0000055096,CVNSMM23WXD6,2023,2024-09-20,941639901
2023-12-GSAFAC-0000055096,CVNSMM23WXD6,2023,2024-09-20,941387866
2023-12-GSAFAC-0000055096,CVNSMM23WXD6,2023,2024-09-20,680395149
2023-12-GSAFAC-0000055096,CVNSMM23WXD6,2023,2024-09-20,952282647
2023-12-GSAFAC-0000055096,CVNSMM23WXD6,2023,2024-09-20,990107330
2023-12-GSAFAC-0000055096,CVNSMM23WXD6,2023,2024-09-20,845174585
2023-12-GSAFAC-0000055096,CVNSMM23WXD6,2023,2024-09-20,770258013
2023-12-GSAFAC-0000055096,CVNSMM23WXD6,2023,2024-09-20,941044474
2023-12-GSAFAC-0000055096,CVNSMM23WXD6,2023,2024-09-20,832351753
2023-12-GSAFAC-0000055096,CVNSMM23WXD6,2023,2024-09-20,956064971
2023-12-GSAFAC-0000055096,CVNSMM23WXD6,2023,2024-09-20,951816017
2023-12-GSAFAC-0000055096,CVNSMM23WXD6,2023,2024-09-20,941415069
2023-12-GSAFAC-0000055096,CVNSMM23WXD6,2023,2024-09-20,952294234
2023-12-GSAFAC-0000055096,CVNSMM23WXD6,2023,2024-09-20,812240617
2023-12-GSAFAC-0000055096,CVNSMM23WXD6,2023,2024-09-20,680357690
2023-12-GSAFAC-0000055096,CVNSMM23WXD6,2023,2024-09-20,930622075
2023-12-GSAFAC-0000055096,CVNSMM23WXD6,2023,2024-09-20,930429015
2023-12-GSAFAC-0000055096,CVNSMM23WXD6,2023,2024-09-20,201384250
2023-12-GSAFAC-0000055096,CVNSMM23WXD6,2023,2024-09-20,770578450
2023-12-GSAFAC-0000055096,CVNSMM23WXD6,2023,2024-09-20,680002188
2023-12-GSAFAC-0000055096,CVNSMM23WXD6,2023,2024-09-20,912135595
2023-12-GSAFAC-0000055096,CVNSMM23WXD6,2023,2024-09-20,953760201
2023-12-GSAFAC-0000055096,CVNSMM23WXD6,2023,2024-09-20,930386936
2023-12-GSAFAC-0000054652,LDZ1WVHC8BM5,2023,2024-09-20,300155873
2023-12-GSAFAC-0000054835,WDKYD6LJ9P59,2023,2024-09-21,237061724
2023-12-GSAFAC-0000054835,WDKYD6LJ9P59,2023,2024-09-21,851495841
2023-12-GSAFAC-0000054835,WDKYD6LJ9P59,2023,2024-09-21,346579390
2023-12-GSAFAC-0000054835,WDKYD6LJ9P59,2023,2024-09-21,341140997
2023-12-GSAFAC-0000054835,WDKYD6LJ9P59,2023,2024-09-21,932322799
2023-12-GSAFAC-0000056649,LNWKSCJ24N25,2023,2024-09-22,161472048
2023-12-GSAFAC-0000056649,LNWKSCJ24N25,2023,2024-09-22,161594590
2023-12-GSAFAC-0000056649,LNWKSCJ24N25,2023,2024-09-22,450479215
2022-12-GSAFAC-0000028790,M9RLQ84NNG17,2022,2024-09-23,852637539
2023-12-GSAFAC-0000053411,RA56ND4Y2RU5,2023,2024-09-23,273049982
2023-12-GSAFAC-0000055555,UL2NCDN4YCZ3,2023,2024-09-23,453121176
2023-12-GSAFAC-0000055555,UL2NCDN4YCZ3,2023,2024-09-23,833988719
2023-12-GSAFAC-0000055555,UL2NCDN4YCZ3,2023,2024-09-23,463797389
2023-12-GSAFAC-0000055555,UL2NCDN4YCZ3,2023,2024-09-23,823584856
2023-12-GSAFAC-0000055555,UL2NCDN4YCZ3,2023,2024-09-23,453734329
2023-12-GSAFAC-0000055555,UL2NCDN4YCZ3,2023,2024-09-23,833960130
2023-12-GSAFAC-0000054112,UF52F3QMZL33,2023,2024-09-23,381359087
2023-12-GSAFAC-0000054112,UF52F3QMZL33,2023,2024-09-23,381359218
2023-12-GSAFAC-0000054112,UF52F3QMZL33,2023,2024-09-23,381676780
2023-12-GSAFAC-0000054112,UF52F3QMZL33,2023,2024-09-23,382415081
2023-12-GSAFAC-0000054112,UF52F3QMZL33,2023,2024-09-23,382776791
2023-12-GSAFAC-0000054112,UF52F3QMZL33,2023,2024-09-23,382842451
2023-12-GSAFAC-0000054834,JLXVEKZ8V3X3,2023,2024-09-23,251253895
2023-12-GSAFAC-0000054834,JLXVEKZ8V3X3,2023,2024-09-23,251239825
2023-12-GSAFAC-0000054834,JLXVEKZ8V3X3,2023,2024-09-23,251199866
2023-12-GSAFAC-0000054834,JLXVEKZ8V3X3,2023,2024-09-23,251352983
2023-12-GSAFAC-0000055968,DMPAMCJ67633,2023,2024-09-23,310860366
2022-12-GSAFAC-0000056686,HZBARCLCA6R6,2022,2024-09-24,475652668
2023-12-GSAFAC-0000041346,HC33WK5N73M3,2023,2024-09-24,200580790
2023-12-GSAFAC-0000041346,HC33WK5N73M3,2023,2024-09-24,262525968
2023-12-GSAFAC-0000041346,HC33WK5N73M3,2023,2024-09-24,363196629
2023-12-GSAFAC-0000041346,HC33WK5N73M3,2023,2024-09-24,362167779
2023-12-GSAFAC-0000041346,HC33WK5N73M3,2023,2024-09-24,362167920
2023-12-GSAFAC-0000041346,HC33WK5N73M3,2023,2024-09-24,362169147
2023-12-GSAFAC-0000041346,HC33WK5N73M3,2023,2024-09-24,391442285
2023-12-GSAFAC-0000041346,HC33WK5N73M3,2023,2024-09-24,390806174
2023-12-GSAFAC-0000041346,HC33WK5N73M3,2023,2024-09-24,390806181
2023-12-GSAFAC-0000041346,HC33WK5N73M3,2023,2024-09-24,390872192
2023-12-GSAFAC-0000041346,HC33WK5N73M3,2023,2024-09-24,390930748
2023-12-GSAFAC-0000041346,HC33WK5N73M3,2023,2024-09-24,391136738
2023-12-GSAFAC-0000041346,HC33WK5N73M3,2023,2024-09-24,391678306
2023-12-GSAFAC-0000041346,HC33WK5N73M3,2023,2024-09-24,460923400
2023-12-GSAFAC-0000041346,HC33WK5N73M3,2023,2024-09-24,464361213
2023-12-GSAFAC-0000041346,HC33WK5N73M3,2023,2024-09-24,811401714
2023-12-GSAFAC-0000057311,HLGVE17CHZJ1,2023,2024-09-24,202069870
2023-12-GSAFAC-0000057311,HLGVE17CHZJ1,2023,2024-09-24,010754068
2023-12-GSAFAC-0000053601,HH5TXUAJJAE1,2023,2024-09-24,270590395
2023-12-GSAFAC-0000053265,JJRFKBGLKMA7,2023,2024-09-24,223265214
2023-12-GSAFAC-0000053265,JJRFKBGLKMA7,2023,2024-09-24,210634549
2023-12-GSAFAC-0000053265,JJRFKBGLKMA7,2023,2024-09-24,222148992
2023-12-GSAFAC-0000053265,JJRFKBGLKMA7,2023,2024-09-24,210721208
2023-12-GSAFAC-0000054625,G5EUPLDP55Y8,2023,2024-09-24,952413054
2023-12-GSAFAC-0000054625,G5EUPLDP55Y8,2023,2024-09-24,956006469
2023-12-GSAFAC-0000054184,ZNJUDES1WDM2,2023,2024-09-24,043608530
2023-12-GSAFAC-0000054184,ZNJUDES1WDM2,2023,2024-09-24,200122365
2023-12-GSAFAC-0000054184,ZNJUDES1WDM2,2023,2024-09-24,201382620
2023-12-GSAFAC-0000054184,ZNJUDES1WDM2,2023,2024-09-24,201382727
2023-12-GSAFAC-0000054184,ZNJUDES1WDM2,2023,2024-09-24,205769038
2023-12-GSAFAC-0000054184,ZNJUDES1WDM2,2023,2024-09-24,208468195
2023-12-GSAFAC-0000054184,ZNJUDES1WDM2,2023,2024-09-24,237408025
2023-12-GSAFAC-0000054184,ZNJUDES1WDM2,2023,2024-09-24,261439695
2023-12-GSAFAC-0000054184,ZNJUDES1WDM2,2023,2024-09-24,261594709
2023-12-GSAFAC-0000054184,ZNJUDES1WDM2,2023,2024-09-24,262884795
2023-12-GSAFAC-0000054184,ZNJUDES1WDM2,2023,2024-09-24,264031708
2023-12-GSAFAC-0000054184,ZNJUDES1WDM2,2023,2024-09-24,270046559
2023-12-GSAFAC-0000054184,ZNJUDES1WDM2,2023,2024-09-24,273439133
2023-12-GSAFAC-0000054184,ZNJUDES1WDM2,2023,2024-09-24,300012246
2023-12-GSAFAC-0000054184,ZNJUDES1WDM2,2023,2024-09-24,364161526
2023-12-GSAFAC-0000054184,ZNJUDES1WDM2,2023,2024-09-24,364636691
2023-12-GSAFAC-0000054184,ZNJUDES1WDM2,2023,2024-09-24,370662580
2023-12-GSAFAC-0000054184,ZNJUDES1WDM2,2023,2024-09-24,371383861
2023-12-GSAFAC-0000054184,ZNJUDES1WDM2,2023,2024-09-24,390237060
2023-12-GSAFAC-0000054184,ZNJUDES1WDM2,2023,2024-09-24,390806265
2023-12-GSAFAC-0000054184,ZNJUDES1WDM2,2023,2024-09-24,390807236
2023-12-GSAFAC-0000054184,ZNJUDES1WDM2,2023,2024-09-24,390808509
2023-12-GSAFAC-0000054184,ZNJUDES1WDM2,2023,2024-09-24,390884514
2023-12-GSAFAC-0000054184,ZNJUDES1WDM2,2023,2024-09-24,391022770
2023-12-GSAFAC-0000054184,ZNJUDES1WDM2,2023,2024-09-24,391029998
2023-12-GSAFAC-0000054184,ZNJUDES1WDM2,2023,2024-09-24,391101287
2023-12-GSAFAC-0000054184,ZNJUDES1WDM2,2023,2024-09-24,391128616
2023-12-GSAFAC-0000054184,ZNJUDES1WDM2,2023,2024-09-24,391534744
2023-12-GSAFAC-0000054184,ZNJUDES1WDM2,2023,2024-09-24,391535024
2023-12-GSAFAC-0000054184,ZNJUDES1WDM2,2023,2024-09-24,391539827
2023-12-GSAFAC-0000054184,ZNJUDES1WDM2,2023,2024-09-24,391613292
2023-12-GSAFAC-0000054184,ZNJUDES1WDM2,2023,2024-09-24,391684956
2023-12-GSAFAC-0000054184,ZNJUDES1WDM2,2023,2024-09-24,391705111
2023-12-GSAFAC-0000054184,ZNJUDES1WDM2,2023,2024-09-24,391717636
2023-12-GSAFAC-0000054184,ZNJUDES1WDM2,2023,2024-09-24,391776340
2023-12-GSAFAC-0000054184,ZNJUDES1WDM2,2023,2024-09-24,391830837
2023-12-GSAFAC-0000054184,ZNJUDES1WDM2,2023,2024-09-24,391839309
2023-12-GSAFAC-0000054184,ZNJUDES1WDM2,2023,2024-09-24,392016715
2023-12-GSAFAC-0000054184,ZNJUDES1WDM2,2023,2024-09-24,396220698
2023-12-GSAFAC-0000054184,ZNJUDES1WDM2,2023,2024-09-24,421670962
2023-12-GSAFAC-0000054184,ZNJUDES1WDM2,2023,2024-09-24,430653587
2023-12-GSAFAC-0000054184,ZNJUDES1WDM2,2023,2024-09-24,430688874
2023-12-GSAFAC-0000054184,ZNJUDES1WDM2,2023,2024-09-24,430738490
2023-12-GSAFAC-0000054184,ZNJUDES1WDM2,2023,2024-09-24,431099253
2023-12-GSAFAC-0000054184,ZNJUDES1WDM2,2023,2024-09-24,431265060
2023-12-GSAFAC-0000054184,ZNJUDES1WDM2,2023,2024-09-24,431333488
2023-12-GSAFAC-0000054184,ZNJUDES1WDM2,2023,2024-09-24,431343281
2023-12-GSAFAC-0000054184,ZNJUDES1WDM2,2023,2024-09-24,431462486
2023-12-GSAFAC-0000054184,ZNJUDES1WDM2,2023,2024-09-24,431465174
2023-12-GSAFAC-0000054184,ZNJUDES1WDM2,2023,2024-09-24,431550298
2023-12-GSAFAC-0000054184,ZNJUDES1WDM2,2023,2024-09-24,431552945
2023-12-GSAFAC-0000054184,ZNJUDES1WDM2,2023,2024-09-24,431575307
2023-12-GSAFAC-0000054184,ZNJUDES1WDM2,2023,2024-09-24,431664107
2023-12-GSAFAC-0000054184,ZNJUDES1WDM2,2023,2024-09-24,431708511
2023-12-GSAFAC-0000054184,ZNJUDES1WDM2,2023,2024-09-24,431754347
2023-12-GSAFAC-0000054184,ZNJUDES1WDM2,2023,2024-09-24,431788151
2023-12-GSAFAC-0000054184,ZNJUDES1WDM2,2023,2024-09-24,431825256
2023-12-GSAFAC-0000054184,ZNJUDES1WDM2,2023,2024-09-24,431940683
2023-12-GSAFAC-0000054184,ZNJUDES1WDM2,2023,2024-09-24,431940686
2023-12-GSAFAC-0000054184,ZNJUDES1WDM2,2023,2024-09-24,436331003
2023-12-GSAFAC-0000054184,ZNJUDES1WDM2,2023,2024-09-24,440579850
2023-12-GSAFAC-0000054184,ZNJUDES1WDM2,2023,2024-09-24,452995500
2023-12-GSAFAC-0000054184,ZNJUDES1WDM2,2023,2024-09-24,455055149
2023-12-GSAFAC-0000054184,ZNJUDES1WDM2,2023,2024-09-24,455458304
2023-12-GSAFAC-0000054184,ZNJUDES1WDM2,2023,2024-09-24,463456658
2023-12-GSAFAC-0000054184,ZNJUDES1WDM2,2023,2024-09-24,474196634
2023-12-GSAFAC-0000054184,ZNJUDES1WDM2,2023,2024-09-24,475663323
2023-12-GSAFAC-0000054184,ZNJUDES1WDM2,2023,2024-09-24,730657693
2023-12-GSAFAC-0000054184,ZNJUDES1WDM2,2023,2024-09-24,731279603
2023-12-GSAFAC-0000054184,ZNJUDES1WDM2,2023,2024-09-24,731534336
2023-12-GSAFAC-0000054184,ZNJUDES1WDM2,2023,2024-09-24,736104300
2023-12-GSAFAC-0000054184,ZNJUDES1WDM2,2023,2024-09-24,800968174
2023-12-GSAFAC-0000054184,ZNJUDES1WDM2,2023,2024-09-24,816128118
2023-12-GSAFAC-0000054184,ZNJUDES1WDM2,2023,2024-09-24,831979548
2023-12-GSAFAC-0000054184,ZNJUDES1WDM2,2023,2024-09-24,834718249
2023-12-GSAFAC-0000054184,ZNJUDES1WDM2,2023,2024-09-24,863519607
2023-12-GSAFAC-0000054184,ZNJUDES1WDM2,2023,2024-09-24,874109859
2023-12-GSAFAC-0000054184,ZNJUDES1WDM2,2023,2024-09-24,880988603
2023-12-GSAFAC-0000056774,PDDQM8BJM5U7,2023,2024-09-24,825033883
2023-12-GSAFAC-0000057415,DLCRM317UKG3,2023,2024-09-25,843623559
2023-12-GSAFAC-0000057415,DLCRM317UKG3,2023,2024-09-25,833475321
2023-12-GSAFAC-0000054684,L677JK2M1WX3,2023,2024-09-25,450310462
2023-12-GSAFAC-0000054684,L677JK2M1WX3,2023,2024-09-25,450368330
2023-12-GSAFAC-0000054684,L677JK2M1WX3,2023,2024-09-25,450395652
2023-12-GSAFAC-0000055419,DJ8NLAWM7NH1,2023,2024-09-25,222810004
2023-12-GSAFAC-0000055419,DJ8NLAWM7NH1,2023,2024-09-25,270806549
2023-12-GSAFAC-0000055419,DJ8NLAWM7NH1,2023,2024-09-25,270806980
2023-12-GSAFAC-0000044293,GYHUDJKAXAM9,2023,2024-09-25,161416158
2023-12-GSAFAC-0000044293,GYHUDJKAXAM9,2023,2024-09-25,161450067
2023-12-GSAFAC-0000044293,GYHUDJKAXAM9,2023,2024-09-25,920540766
2023-12-GSAFAC-0000056908,C11MCDK9SBX9,2023,2024-09-25,383982841
2023-12-GSAFAC-0000057722,PKFBD7MR9Q41,2023,2024-09-25,201824454
2023-12-GSAFAC-0000053249,HJ9MJE14RS98,2023,2024-09-25,221487330
2023-12-GSAFAC-0000053249,HJ9MJE14RS98,2023,2024-09-25,274645523
2023-12-GSAFAC-0000057349,J5ZXT2W8K7S7,2023,2024-09-25,201768398
2023-12-GSAFAC-0000057349,J5ZXT2W8K7S7,2023,2024-09-25,202584736
2023-12-GSAFAC-0000057349,J5ZXT2W8K7S7,2023,2024-09-25,363296450
2023-12-GSAFAC-0000057349,J5ZXT2W8K7S7,2023,2024-09-25,204635666
2023-12-GSAFAC-0000057349,J5ZXT2W8K7S7,2023,2024-09-25,474443135
2023-12-GSAFAC-0000057349,J5ZXT2W8K7S7,2023,2024-09-25,822633828
2023-12-GSAFAC-0000052276,YACNK6XX6XV1,2023,2024-09-25,161105741
2023-12-GSAFAC-0000052276,YACNK6XX6XV1,2023,2024-09-25,231294723
2023-12-GSAFAC-0000052276,YACNK6XX6XV1,2023,2024-09-25,250965547
2023-12-GSAFAC-0000052276,YACNK6XX6XV1,2023,2024-09-25,250969492
2023-12-GSAFAC-0000052276,YACNK6XX6XV1,2023,2024-09-25,251320493
2023-12-GSAFAC-0000052276,YACNK6XX6XV1,2023,2024-09-25,251470766
2023-12-GSAFAC-0000052276,YACNK6XX6XV1,2023,2024-09-25,251737079
2023-12-GSAFAC-0000052276,YACNK6XX6XV1,2023,2024-09-25,251848306
2023-12-GSAFAC-0000052276,YACNK6XX6XV1,2023,2024-09-25,251875178
2023-12-GSAFAC-0000052276,YACNK6XX6XV1,2023,2024-09-25,453674924
2023-12-GSAFAC-0000052276,YACNK6XX6XV1,2023,2024-09-25,251679140
2023-12-GSAFAC-0000052276,YACNK6XX6XV1,2023,2024-09-25,271939478
2023-12-GSAFAC-0000052276,YACNK6XX6XV1,2023,2024-09-25,464682160
2023-12-GSAFAC-0000052276,YACNK6XX6XV1,2023,2024-09-25,251742869
2023-12-GSAFAC-0000052276,YACNK6XX6XV1,2023,2024-09-25,251340370
2023-12-GSAFAC-0000052276,YACNK6XX6XV1,2023,2024-09-25,721529332
2023-12-GSAFAC-0000052276,YACNK6XX6XV1,2023,2024-09-25,251684735
2023-12-GSAFAC-0000052276,YACNK6XX6XV1,2023,2024-09-25,900996509
2023-12-GSAFAC-0000057851,J3CFUVN9HSE8,2023,2024-09-25,620630670
2023-12-GSAFAC-0000057851,J3CFUVN9HSE8,2023,2024-09-25,520607956
2023-12-GSAFAC-0000057851,J3CFUVN9HSE8,2023,2024-09-25,231887138
2023-12-GSAFAC-0000057851,J3CFUVN9HSE8,2023,2024-09-25,232137458
2023-12-GSAFAC-0000057851,J3CFUVN9HSE8,2023,2024-09-25,201885811
2023-12-GSAFAC-0000057851,J3CFUVN9HSE8,2023,2024-09-25,232078064
2023-12-GSAFAC-0000052376,D4CLNGUXJ9G3,2023,2024-09-25,461577511
2023-12-GSAFAC-0000052376,D4CLNGUXJ9G3,2023,2024-09-25,520986808
2023-12-GSAFAC-0000052376,D4CLNGUXJ9G3,2023,2024-09-25,204600646
2023-12-GSAFAC-0000052376,D4CLNGUXJ9G3,2023,2024-09-25,201486678
2023-12-GSAFAC-0000052376,D4CLNGUXJ9G3,2023,2024-09-25,521255870
2023-12-GSAFAC-0000052376,D4CLNGUXJ9G3,2023,2024-09-25,300780513
2023-12-GSAFAC-0000052376,D4CLNGUXJ9G3,2023,2024-09-25,521884153
2023-12-GSAFAC-0000052376,D4CLNGUXJ9G3,2023,2024-09-25,521216429
2023-12-GSAFAC-0000052376,D4CLNGUXJ9G3,2023,2024-09-25,521692158
2023-12-GSAFAC-0000052376,D4CLNGUXJ9G3,2023,2024-09-25,842670875
2023-12-GSAFAC-0000053897,S4EQHU6ACNK3,2023,2024-09-25,952413596
2023-12-GSAFAC-0000053897,S4EQHU6ACNK3,2023,2024-09-25,205038438
2023-12-GSAFAC-0000053897,S4EQHU6ACNK3,2023,2024-09-25,951644629
2023-12-GSAFAC-0000053897,S4EQHU6ACNK3,2023,2024-09-25,952224265
2023-12-GSAFAC-0000057773,T4LMSHHUDH66,2023,2024-09-26,521710891
2023-12-GSAFAC-0000054240,J3QACS9PPD99,2023,2024-09-26,260625141
2023-12-GSAFAC-0000054240,J3QACS9PPD99,2023,2024-09-26,260625222
2023-12-GSAFAC-0000054240,J3QACS9PPD99,2023,2024-09-26,260625266
2023-12-GSAFAC-0000054240,J3QACS9PPD99,2023,2024-09-26,260625279
2023-12-GSAFAC-0000054240,J3QACS9PPD99,2023,2024-09-26,341883132
2023-12-GSAFAC-0000054240,J3QACS9PPD99,2023,2024-09-26,386108110
2023-12-GSAFAC-0000054240,J3QACS9PPD99,2023,2024-09-26,344446484
2023-12-GSAFAC-0000054240,J3QACS9PPD99,2023,2024-09-26,260623108
2023-12-GSAFAC-0000054240,J3QACS9PPD99,2023,2024-09-26,382796005
2023-12-GSAFAC-0000054240,J3QACS9PPD99,2023,2024-09-26,205752995
2023-12-GSAFAC-0000054240,J3QACS9PPD99,2023,2024-09-26,340898745
2023-12-GSAFAC-0000054240,J3QACS9PPD99,2023,2024-09-26,260610244
2023-12-GSAFAC-0000054240,J3QACS9PPD99,2023,2024-09-26,260624435
2023-12-GSAFAC-0000054240,J3QACS9PPD99,2023,2024-09-26,260624411
2023-12-GSAFAC-0000054240,J3QACS9PPD99,2023,2024-09-26,261283803
2023-12-GSAFAC-0000054240,J3QACS9PPD99,2023,2024-09-26,452507279
2023-12-GSAFAC-0000054240,J3QACS9PPD99,2023,2024-09-26,743193136
2023-12-GSAFAC-0000054240,J3QACS9PPD99,2023,2024-09-26,650666550
2023-12-GSAFAC-0000054240,J3QACS9PPD99,2023,2024-09-26,825373223
2023-12-GSAFAC-0000054240,J3QACS9PPD99,2023,2024-09-26,261305723
2023-12-GSAFAC-0000054240,J3QACS9PPD99,2023,2024-09-26,461343453
2023-12-GSAFAC-0000054240,J3QACS9PPD99,2023,2024-09-26,260623167
2023-12-GSAFAC-0000054240,J3QACS9PPD99,2023,2024-09-26,260623968
2023-12-GSAFAC-0000054240,J3QACS9PPD99,2023,2024-09-26,260623949
2023-12-GSAFAC-0000054240,J3QACS9PPD99,2023,2024-09-26,260623316
2023-12-GSAFAC-0000054240,J3QACS9PPD99,2023,2024-09-26,260623335
2023-12-GSAFAC-0000054240,J3QACS9PPD99,2023,2024-09-26,260624567
2023-12-GSAFAC-0000054240,J3QACS9PPD99,2023,2024-09-26,260623208
2023-12-GSAFAC-0000054240,J3QACS9PPD99,2023,2024-09-26,260623559
2023-12-GSAFAC-0000054240,J3QACS9PPD99,2023,2024-09-26,260611286
2023-12-GSAFAC-0000054240,J3QACS9PPD99,2023,2024-09-26,260612384
2023-12-GSAFAC-0000054240,J3QACS9PPD99,2023,2024-09-26,260612206
2023-12-GSAFAC-0000054240,J3QACS9PPD99,2023,2024-09-26,260623523
2023-12-GSAFAC-0000054240,J3QACS9PPD99,2023,2024-09-26,260611711
2023-12-GSAFAC-0000054240,J3QACS9PPD99,2023,2024-09-26,260620527
2023-12-GSAFAC-0000054240,J3QACS9PPD99,2023,2024-09-26,260611231
2023-12-GSAFAC-0000054240,J3QACS9PPD99,2023,2024-09-26,260611818
2023-12-GSAFAC-0000054240,J3QACS9PPD99,2023,2024-09-26,260623726
2023-12-GSAFAC-0000054240,J3QACS9PPD99,2023,2024-09-26,260624455
2023-12-GSAFAC-0000054240,J3QACS9PPD99,2023,2024-09-26,260611334
2023-12-GSAFAC-0000054240,J3QACS9PPD99,2023,2024-09-26,260611865
2023-12-GSAFAC-0000054240,J3QACS9PPD99,2023,2024-09-26,260614845
2023-12-GSAFAC-0000054240,J3QACS9PPD99,2023,2024-09-26,260623590
2023-12-GSAFAC-0000054240,J3QACS9PPD99,2023,2024-09-26,260611184
2023-12-GSAFAC-0000054240,J3QACS9PPD99,2023,2024-09-26,260624476
2023-12-GSAFAC-0000054240,J3QACS9PPD99,2023,2024-09-26,260624491
2023-12-GSAFAC-0000054240,J3QACS9PPD99,2023,2024-09-26,260623931
2023-12-GSAFAC-0000054240,J3QACS9PPD99,2023,2024-09-26,260620480
2023-12-GSAFAC-0000054240,J3QACS9PPD99,2023,2024-09-26,260623613
2023-12-GSAFAC-0000054240,J3QACS9PPD99,2023,2024-09-26,260623909
2023-12-GSAFAC-0000054240,J3QACS9PPD99,2023,2024-09-26,260612325
2023-12-GSAFAC-0000054240,J3QACS9PPD99,2023,2024-09-26,341787895
2023-12-GSAFAC-0000054240,J3QACS9PPD99,2023,2024-09-26,341788398
2023-12-GSAFAC-0000054240,J3QACS9PPD99,2023,2024-09-26,260614610
2023-12-GSAFAC-0000054240,J3QACS9PPD99,2023,2024-09-26,260609683
2023-12-GSAFAC-0000054240,J3QACS9PPD99,2023,2024-09-26,260609311
2023-12-GSAFAC-0000054240,J3QACS9PPD99,2023,2024-09-26,260623408
2023-12-GSAFAC-0000054240,J3QACS9PPD99,2023,2024-09-26,260609351
2023-12-GSAFAC-0000054240,J3QACS9PPD99,2023,2024-09-26,260609231
2023-12-GSAFAC-0000054240,J3QACS9PPD99,2023,2024-09-26,260609259
2023-12-GSAFAC-0000054240,J3QACS9PPD99,2023,2024-09-26,260613105
2023-12-GSAFAC-0000054240,J3QACS9PPD99,2023,2024-09-26,260610122
2023-12-GSAFAC-0000054240,J3QACS9PPD99,2023,2024-09-26,260794075
2023-12-GSAFAC-0000054240,J3QACS9PPD99,2023,2024-09-26,260609189
2023-12-GSAFAC-0000054240,J3QACS9PPD99,2023,2024-09-26,260609484
2023-12-GSAFAC-0000054240,J3QACS9PPD99,2023,2024-09-26,260623364
2023-12-GSAFAC-0000054240,J3QACS9PPD99,2023,2024-09-26,260609323
2023-12-GSAFAC-0000054240,J3QACS9PPD99,2023,2024-09-26,260610097
2023-12-GSAFAC-0000054240,J3QACS9PPD99,2023,2024-09-26,260623476
2023-12-GSAFAC-0000054240,J3QACS9PPD99,2023,2024-09-26,260609445
2023-12-GSAFAC-0000054240,J3QACS9PPD99,2023,2024-09-26,260611334
2023-12-GSAFAC-0000054240,J3QACS9PPD99,2023,2024-09-26,411458213
2023-12-GSAFAC-0000054240,J3QACS9PPD99,2023,2024-09-26,382879330
2023-12-GSAFAC-0000054240,J3QACS9PPD99,2023,2024-09-26,260624159
2023-12-GSAFAC-0000054240,J3QACS9PPD99,2023,2024-09-26,260611592
2023-12-GSAFAC-0000054240,J3QACS9PPD99,2023,2024-09-26,260610347
2023-12-GSAFAC-0000054240,J3QACS9PPD99,2023,2024-09-26,260610542
2023-12-GSAFAC-0000054240,J3QACS9PPD99,2023,2024-09-26,260624217
2023-12-GSAFAC-0000054240,J3QACS9PPD99,2023,2024-09-26,260624378
2023-12-GSAFAC-0000054240,J3QACS9PPD99,2023,2024-09-26,260622564
2023-12-GSAFAC-0000054240,J3QACS9PPD99,2023,2024-09-26,260624394
2023-12-GSAFAC-0000054240,J3QACS9PPD99,2023,2024-09-26,260624068
2023-12-GSAFAC-0000054240,J3QACS9PPD99,2023,2024-09-26,260624416
2023-12-GSAFAC-0000054240,J3QACS9PPD99,2023,2024-09-26,260622988
2023-12-GSAFAC-0000054240,J3QACS9PPD99,2023,2024-09-26,260624272
2023-12-GSAFAC-0000054240,J3QACS9PPD99,2023,2024-09-26,260624719
2023-12-GSAFAC-0000054240,J3QACS9PPD99,2023,2024-09-26,260623107
2023-12-GSAFAC-0000054240,J3QACS9PPD99,2023,2024-09-26,260624675
2023-12-GSAFAC-0000054240,J3QACS9PPD99,2023,2024-09-26,260623221
2023-12-GSAFAC-0000054240,J3QACS9PPD99,2023,2024-09-26,260624687
2023-12-GSAFAC-0000054240,J3QACS9PPD99,2023,2024-09-26,260623034
2023-12-GSAFAC-0000054240,J3QACS9PPD99,2023,2024-09-26,260624696
2023-12-GSAFAC-0000054240,J3QACS9PPD99,2023,2024-09-26,260624092
2023-12-GSAFAC-0000054240,J3QACS9PPD99,2023,2024-09-26,260623196
2023-12-GSAFAC-0000054240,J3QACS9PPD99,2023,2024-09-26,260624363
2023-12-GSAFAC-0000054240,J3QACS9PPD99,2023,2024-09-26,260612993
2023-12-GSAFAC-0000054240,J3QACS9PPD99,2023,2024-09-26,261305666
2023-12-GSAFAC-0000054240,J3QACS9PPD99,2023,2024-09-26,260624590
2023-12-GSAFAC-0000054240,J3QACS9PPD99,2023,2024-09-26,260610673
2023-12-GSAFAC-0000054240,J3QACS9PPD99,2023,2024-09-26,260624619
2023-12-GSAFAC-0000054240,J3QACS9PPD99,2023,2024-09-26,260609528
2023-12-GSAFAC-0000054240,J3QACS9PPD99,2023,2024-09-26,260622002
2023-12-GSAFAC-0000054240,J3QACS9PPD99,2023,2024-09-26,260620122
2023-12-GSAFAC-0000054240,J3QACS9PPD99,2023,2024-09-26,260614878
2023-12-GSAFAC-0000054240,J3QACS9PPD99,2023,2024-09-26,260621845
2023-12-GSAFAC-0000054240,J3QACS9PPD99,2023,2024-09-26,260623287
2023-12-GSAFAC-0000054240,J3QACS9PPD99,2023,2024-09-26,260624241
2023-12-GSAFAC-0000054240,J3QACS9PPD99,2023,2024-09-26,260623070
2023-12-GSAFAC-0000054240,J3QACS9PPD99,2023,2024-09-26,260610623
2023-12-GSAFAC-0000054240,J3QACS9PPD99,2023,2024-09-26,260614915
2023-12-GSAFAC-0000054240,J3QACS9PPD99,2023,2024-09-26,260620158
2023-12-GSAFAC-0000054240,J3QACS9PPD99,2023,2024-09-26,260614534
2023-12-GSAFAC-0000054240,J3QACS9PPD99,2023,2024-09-26,260623262
2023-12-GSAFAC-0000054240,J3QACS9PPD99,2023,2024-09-26,260624190
2023-12-GSAFAC-0000054240,J3QACS9PPD99,2023,2024-09-26,260621877
2023-12-GSAFAC-0000054240,J3QACS9PPD99,2023,2024-09-26,260618782
2023-12-GSAFAC-0000054240,J3QACS9PPD99,2023,2024-09-26,260624605
2023-12-GSAFAC-0000054240,J3QACS9PPD99,2023,2024-09-26,260622713
2023-12-GSAFAC-0000054240,J3QACS9PPD99,2023,2024-09-26,260615984
2023-12-GSAFAC-0000054240,J3QACS9PPD99,2023,2024-09-26,260614920
2023-12-GSAFAC-0000054240,J3QACS9PPD99,2023,2024-09-26,260610582
2023-12-GSAFAC-0000054240,J3QACS9PPD99,2023,2024-09-26,260624643
2023-12-GSAFAC-0000054240,J3QACS9PPD99,2023,2024-09-26,260614957
2023-12-GSAFAC-0000054240,J3QACS9PPD99,2023,2024-09-26,260610645
2023-12-GSAFAC-0000054240,J3QACS9PPD99,2023,2024-09-26,260615323
2023-12-GSAFAC-0000054240,J3QACS9PPD99,2023,2024-09-26,260610561
2023-12-GSAFAC-0000054240,J3QACS9PPD99,2023,2024-09-26,260624391
2023-12-GSAFAC-0000054240,J3QACS9PPD99,2023,2024-09-26,260621637
2023-12-GSAFAC-0000054240,J3QACS9PPD99,2023,2024-09-26,260615380
2023-12-GSAFAC-0000054240,J3QACS9PPD99,2023,2024-09-26,260615358
2023-12-GSAFAC-0000054240,J3QACS9PPD99,2023,2024-09-26,260615859
2023-12-GSAFAC-0000054240,J3QACS9PPD99,2023,2024-09-26,260614497
2023-12-GSAFAC-0000054240,J3QACS9PPD99,2023,2024-09-26,260614451
2023-12-GSAFAC-0000054240,J3QACS9PPD99,2023,2024-09-26,260612791
2023-12-GSAFAC-0000054240,J3QACS9PPD99,2023,2024-09-26,260610604
2023-12-GSAFAC-0000054240,J3QACS9PPD99,2023,2024-09-26,260615929
2023-12-GSAFAC-0000054240,J3QACS9PPD99,2023,2024-09-26,260616038
2023-12-GSAFAC-0000054240,J3QACS9PPD99,2023,2024-09-26,260614171
2023-12-GSAFAC-0000054240,J3QACS9PPD99,2023,2024-09-26,260624018
2023-12-GSAFAC-0000054240,J3QACS9PPD99,2023,2024-09-26,260615889
2023-12-GSAFAC-0000054240,J3QACS9PPD99,2023,2024-09-26,260618879
2023-12-GSAFAC-0000054240,J3QACS9PPD99,2023,2024-09-26,260609661
2023-12-GSAFAC-0000054240,J3QACS9PPD99,2023,2024-09-26,260614341
2023-12-GSAFAC-0000054240,J3QACS9PPD99,2023,2024-09-26,260623346
2023-12-GSAFAC-0000054240,J3QACS9PPD99,2023,2024-09-26,260610260
2023-12-GSAFAC-0000054240,J3QACS9PPD99,2023,2024-09-26,260620187
2023-12-GSAFAC-0000054240,J3QACS9PPD99,2023,2024-09-26,260615421
2023-12-GSAFAC-0000054240,J3QACS9PPD99,2023,2024-09-26,260615453
2023-12-GSAFAC-0000054240,J3QACS9PPD99,2023,2024-09-26,260624664
2023-12-GSAFAC-0000054240,J3QACS9PPD99,2023,2024-09-26,260620341
2023-12-GSAFAC-0000054240,J3QACS9PPD99,2023,2024-09-26,260620310
2023-12-GSAFAC-0000054240,J3QACS9PPD99,2023,2024-09-26,260620431
2023-12-GSAFAC-0000054240,J3QACS9PPD99,2023,2024-09-26,260624375
2023-12-GSAFAC-0000054240,J3QACS9PPD99,2023,2024-09-26,260624159
2023-12-GSAFAC-0000054240,J3QACS9PPD99,2023,2024-09-26,260610325
2023-12-GSAFAC-0000054240,J3QACS9PPD99,2023,2024-09-26,260620058
2023-12-GSAFAC-0000054240,J3QACS9PPD99,2023,2024-09-26,260621908
2023-12-GSAFAC-0000054240,J3QACS9PPD99,2023,2024-09-26,260615499
2023-12-GSAFAC-0000054240,J3QACS9PPD99,2023,2024-09-26,260622591
2023-12-GSAFAC-0000054240,J3QACS9PPD99,2023,2024-09-26,260620456
2023-12-GSAFAC-0000054240,J3QACS9PPD99,2023,2024-09-26,260612955
2023-12-GSAFAC-0000054240,J3QACS9PPD99,2023,2024-09-26,221604502
2023-12-GSAFAC-0000054240,J3QACS9PPD99,2023,2024-09-26,260624438
2023-12-GSAFAC-0000054240,J3QACS9PPD99,2023,2024-09-26,260624142
2023-12-GSAFAC-0000054240,J3QACS9PPD99,2023,2024-09-26,260615529
2023-12-GSAFAC-0000054240,J3QACS9PPD99,2023,2024-09-26,260620376
2023-12-GSAFAC-0000054240,J3QACS9PPD99,2023,2024-09-26,260622805
2023-12-GSAFAC-0000054240,J3QACS9PPD99,2023,2024-09-26,260621747
2023-12-GSAFAC-0000054240,J3QACS9PPD99,2023,2024-09-26,260621778
2023-12-GSAFAC-0000054240,J3QACS9PPD99,2023,2024-09-26,260623367
2023-12-GSAFAC-0000054240,J3QACS9PPD99,2023,2024-09-26,260621815
2023-12-GSAFAC-0000054240,J3QACS9PPD99,2023,2024-09-26,260622887
2023-12-GSAFAC-0000054240,J3QACS9PPD99,2023,2024-09-26,260622947
2023-12-GSAFAC-0000054240,J3QACS9PPD99,2023,2024-09-26,260611592
2023-12-GSAFAC-0000054240,J3QACS9PPD99,2023,2024-09-26,260624049
2023-12-GSAFAC-0000054240,J3QACS9PPD99,2023,2024-09-26,260624293
2023-12-GSAFAC-0000054240,J3QACS9PPD99,2023,2024-09-26,260624336
2023-12-GSAFAC-0000054240,J3QACS9PPD99,2023,2024-09-26,261305723
2023-12-GSAFAC-0000054240,J3QACS9PPD99,2023,2024-09-26,344430849
2023-12-GSAFAC-0000054240,J3QACS9PPD99,2023,2024-09-26,381984289
2023-12-GSAFAC-0000054240,J3QACS9PPD99,2023,2024-09-26,382934134
2023-12-GSAFAC-0000054240,J3QACS9PPD99,2023,2024-09-26,260623007
2023-12-GSAFAC-0000054240,J3QACS9PPD99,2023,2024-09-26,344492440
2023-12-GSAFAC-0000054240,J3QACS9PPD99,2023,2024-09-26,611771805
2023-12-GSAFAC-0000054240,J3QACS9PPD99,2023,2024-09-26,382934134
2023-12-GSAFAC-0000054240,J3QACS9PPD99,2023,2024-09-26,341880767
2023-12-GSAFAC-0000054240,J3QACS9PPD99,2023,2024-09-26,341899439
2023-12-GSAFAC-0000054240,J3QACS9PPD99,2023,2024-09-26,382879330
2023-12-GSAFAC-0000054240,J3QACS9PPD99,2023,2024-09-26,861310885
2023-12-GSAFAC-0000054240,J3QACS9PPD99,2023,2024-09-26,344428256
2023-12-GSAFAC-0000054240,J3QACS9PPD99,2023,2024-09-26,871277852
2023-12-GSAFAC-0000054240,J3QACS9PPD99,2023,2024-09-26,341831624
2023-12-GSAFAC-0000054240,J3QACS9PPD99,2023,2024-09-26,861179270
2023-12-GSAFAC-0000054770,L45NJWM3ZDS1,2023,2024-09-26,204604140
2023-12-GSAFAC-0000052043,X6NEZKLCEZP3,2023,2024-09-26,131839684
2023-06-GSAFAC-0000039874,K3LWE6J8CUE6,2023,2024-09-26,300249822
2023-06-GSAFAC-0000039874,K3LWE6J8CUE6,2023,2024-09-26,431158662
2023-06-GSAFAC-0000039874,K3LWE6J8CUE6,2023,2024-09-26,431486035
2023-06-GSAFAC-0000039874,K3LWE6J8CUE6,2023,2024-09-26,431582231
2023-06-GSAFAC-0000039874,K3LWE6J8CUE6,2023,2024-09-26,431629794
2023-06-GSAFAC-0000039874,K3LWE6J8CUE6,2023,2024-09-26,431736878
2023-06-GSAFAC-0000039874,K3LWE6J8CUE6,2023,2024-09-26,431942509
2023-06-GSAFAC-0000039874,K3LWE6J8CUE6,2023,2024-09-26,446000986
2023-06-GSAFAC-0000039874,K3LWE6J8CUE6,2023,2024-09-26,446000988
2023-06-GSAFAC-0000039874,K3LWE6J8CUE6,2023,2024-09-26,446000989
2023-06-GSAFAC-0000039874,K3LWE6J8CUE6,2023,2024-09-26,879002251
2023-12-GSAFAC-0000056502,WJH7NXNA22S9,2023,2024-09-26,814946960
2023-12-GSAFAC-0000056502,WJH7NXNA22S9,2023,2024-09-26,824614317
2023-12-GSAFAC-0000057499,CBCMRLXMUWC1,2023,2024-09-26,731221559
2023-12-GSAFAC-0000056237,FE8MTX5REGB6,2023,2024-09-26,210635001
2023-12-GSAFAC-0000056237,FE8MTX5REGB6,2023,2024-09-26,222351960
2023-12-GSAFAC-0000056237,FE8MTX5REGB6,2023,2024-09-26,223612265
2023-12-GSAFAC-0000056237,FE8MTX5REGB6,2023,2024-09-26,271348772
2023-12-GSAFAC-0000056237,FE8MTX5REGB6,2023,2024-09-26,223361862
2023-12-GSAFAC-0000056237,FE8MTX5REGB6,2023,2024-09-26,210634562
2023-12-GSAFAC-0000056237,FE8MTX5REGB6,2023,2024-09-26,210634532
2023-12-GSAFAC-0000056237,FE8MTX5REGB6,2023,2024-09-26,274357794
2023-12-GSAFAC-0000056237,FE8MTX5REGB6,2023,2024-09-26,043722352
2023-12-GSAFAC-0000056237,FE8MTX5REGB6,2023,2024-09-26,222568528
2023-12-GSAFAC-0000050076,LF71FLU9C5P7,2023,2024-09-26,351955283
2023-12-GSAFAC-0000057062,WWABH3V1SLY6,2023,2024-09-26,300127622
2023-12-GSAFAC-0000057062,WWABH3V1SLY6,2023,2024-09-26,822369868
2023-12-GSAFAC-0000057062,WWABH3V1SLY6,2023,2024-09-26,010752319
2024-06-GSAFAC-0000052378,YFVVJ5MCQ4U3,2024,2024-09-26,556020064
2023-12-GSAFAC-0000057367,MWYYKBPDE9C8,2023,2024-09-26,300650211
2023-12-GSAFAC-0000057367,MWYYKBPDE9C8,2023,2024-09-26,710521323
2023-12-GSAFAC-0000056886,W8HKMHJKCLN6,2023,2024-09-27,964733989
2023-12-GSAFAC-0000056886,W8HKMHJKCLN6,2023,2024-09-27,143872880
2023-12-GSAFAC-0000056886,W8HKMHJKCLN6,2023,2024-09-27,073962995
2023-12-GSAFAC-0000056886,W8HKMHJKCLN6,2023,2024-09-27,071735286
2023-12-GSAFAC-0000056886,W8HKMHJKCLN6,2023,2024-09-27,071743694
2023-12-GSAFAC-0000057635,CZGFMH22TDM3,2023,2024-09-27,310983874
2023-12-GSAFAC-0000057575,LR6AB92EJWE5,2023,2024-09-27,420760833
2023-12-GSAFAC-0000057575,LR6AB92EJWE5,2023,2024-09-27,912134683
2023-12-GSAFAC-0000057575,LR6AB92EJWE5,2023,2024-09-27,112167809
2023-12-GSAFAC-0000057575,LR6AB92EJWE5,2023,2024-09-27,131740033
2023-12-GSAFAC-0000056542,LXDGLUD1MEQ7,2023,2024-09-27,141338470
2023-12-GSAFAC-0000056542,LXDGLUD1MEQ7,2023,2024-09-27,141349558
2023-12-GSAFAC-0000056542,LXDGLUD1MEQ7,2023,2024-09-27,150552726
2023-12-GSAFAC-0000057793,RBLCLKH1RDD8,2023,2024-09-27,271705781
2023-12-GSAFAC-0000057793,RBLCLKH1RDD8,2023,2024-09-27,271705610
2023-12-GSAFAC-0000057748,WB7KKAF3XZP1,2023,2024-09-27,731528646
2023-12-GSAFAC-0000053840,TAXKGGTKAAU7,2023,2024-09-27,370661172
2023-12-GSAFAC-0000053840,TAXKGGTKAAU7,2023,2024-09-27,237309937
2023-12-GSAFAC-0000053840,TAXKGGTKAAU7,2023,2024-09-27,431452426
2023-12-GSAFAC-0000053840,TAXKGGTKAAU7,2023,2024-09-27,431527130
2023-12-GSAFAC-0000053840,TAXKGGTKAAU7,2023,2024-09-27,431610561
2023-12-GSAFAC-0000053840,TAXKGGTKAAU7,2023,2024-09-27,436057893
2023-12-GSAFAC-0000053840,TAXKGGTKAAU7,2023,2024-09-27,370635502
2023-12-GSAFAC-0000053840,TAXKGGTKAAU7,2023,2024-09-27,431459495
2023-12-GSAFAC-0000053840,TAXKGGTKAAU7,2023,2024-09-27,430652656
2023-12-GSAFAC-0000053840,TAXKGGTKAAU7,2023,2024-09-27,431332368
2023-12-GSAFAC-0000053840,TAXKGGTKAAU7,2023,2024-09-27,412140764
2023-12-GSAFAC-0000053840,TAXKGGTKAAU7,2023,2024-09-27,430654870
2023-12-GSAFAC-0000056383,WJ76MJKE8K93,2023,2024-09-27,311710115
2023-12-GSAFAC-0000057014,KBS4UMN5B2G6,2023,2024-09-27,160743187
2023-12-GSAFAC-0000057014,KBS4UMN5B2G6,2023,2024-09-27,160756336
2023-12-GSAFAC-0000057014,KBS4UMN5B2G6,2023,2024-09-27,161434368
2023-12-GSAFAC-0000057014,KBS4UMN5B2G6,2023,2024-09-27,161523352
2023-12-GSAFAC-0000057014,KBS4UMN5B2G6,2023,2024-09-27,161523353
2023-12-GSAFAC-0000057014,KBS4UMN5B2G6,2023,2024-09-27,160762843
2023-12-GSAFAC-0000057523,YK9VMJ9D6YU8,2023,2024-09-27,460365317
2023-12-GSAFAC-0000057387,XU8AVY38MCN6,2023,2024-09-27,223452306
2023-12-GSAFAC-0000057387,XU8AVY38MCN6,2023,2024-09-27,221487243
2023-12-GSAFAC-0000057387,XU8AVY38MCN6,2023,2024-09-27,223343959
2023-12-GSAFAC-0000057387,XU8AVY38MCN6,2023,2024-09-27,223452311
2023-12-GSAFAC-0000057387,XU8AVY38MCN6,2023,2024-09-27,222783298
2023-12-GSAFAC-0000057387,XU8AVY38MCN6,2023,2024-09-27,223452412
2023-12-GSAFAC-0000057387,XU8AVY38MCN6,2023,2024-09-27,221487305
2023-12-GSAFAC-0000057387,XU8AVY38MCN6,2023,2024-09-27,210634572
2023-12-GSAFAC-0000057387,XU8AVY38MCN6,2023,2024-09-27,221494440
2023-12-GSAFAC-0000057387,XU8AVY38MCN6,2023,2024-09-27,221487148
2023-12-GSAFAC-0000057387,XU8AVY38MCN6,2023,2024-09-27,221500556
2023-12-GSAFAC-0000057387,XU8AVY38MCN6,2023,2024-09-27,223601678
2023-12-GSAFAC-0000057387,XU8AVY38MCN6,2023,2024-09-27,810682747
2023-12-GSAFAC-0000055589,R9NXPE2GTCN9,2023,2024-09-27,383322462
2023-12-GSAFAC-0000055589,R9NXPE2GTCN9,2023,2024-09-27,382947657
2023-12-GSAFAC-0000055589,R9NXPE2GTCN9,2023,2024-09-27,382027689
2023-12-GSAFAC-0000055589,R9NXPE2GTCN9,2023,2024-09-27,382336367
2023-12-GSAFAC-0000055589,R9NXPE2GTCN9,2023,2024-09-27,382791823
2023-12-GSAFAC-0000057877,FAC6KS3N2S14,2023,2024-09-27,161564672
2023-12-GSAFAC-0000053719,DTM1UGMXJYP3,2023,2024-09-27,264827222
2023-12-GSAFAC-0000053719,DTM1UGMXJYP3,2023,2024-09-27,340827442
2023-12-GSAFAC-0000053719,DTM1UGMXJYP3,2023,2024-09-27,340714535
2023-12-GSAFAC-0000053719,DTM1UGMXJYP3,2023,2024-09-27,341260978
2023-12-GSAFAC-0000053719,DTM1UGMXJYP3,2023,2024-09-27,341768928
2023-12-GSAFAC-0000053719,DTM1UGMXJYP3,2023,2024-09-27,461382538
2023-12-GSAFAC-0000053719,DTM1UGMXJYP3,2023,2024-09-27,340714612
2023-12-GSAFAC-0000053719,DTM1UGMXJYP3,2023,2024-09-27,340714550
2023-12-GSAFAC-0000053719,DTM1UGMXJYP3,2023,2024-09-27,341924226
2023-12-GSAFAC-0000053719,DTM1UGMXJYP3,2023,2024-09-27,341425870
2023-12-GSAFAC-0000053719,DTM1UGMXJYP3,2023,2024-09-27,341567805
2023-12-GSAFAC-0000053719,DTM1UGMXJYP3,2023,2024-09-27,202873927
2023-12-GSAFAC-0000053719,DTM1UGMXJYP3,2023,2024-09-27,340816492
2023-12-GSAFAC-0000053719,DTM1UGMXJYP3,2023,2024-09-27,341720429
2023-12-GSAFAC-0000053719,DTM1UGMXJYP3,2023,2024-09-27,341527536
2023-12-GSAFAC-0000053719,DTM1UGMXJYP3,2023,2024-09-27,272574020
2023-12-GSAFAC-0000053719,DTM1UGMXJYP3,2023,2024-09-27,340714461
2023-12-GSAFAC-0000053719,DTM1UGMXJYP3,2023,2024-09-27,204881619
2023-12-GSAFAC-0000057281,EZLLF7VYLLH5,2023,2024-09-27,850438703
2023-12-GSAFAC-0000057281,EZLLF7VYLLH5,2023,2024-09-27,472064379
2023-12-GSAFAC-0000045916,DASAFLTJUTD6,2023,2024-09-27,271858033
2023-12-GSAFAC-0000045916,DASAFLTJUTD6,2023,2024-09-27,480868859
2023-12-GSAFAC-0000045916,DASAFLTJUTD6,2023,2024-09-27,833768458
2023-12-GSAFAC-0000045916,DASAFLTJUTD6,2023,2024-09-27,833748461
2023-12-GSAFAC-0000045916,DASAFLTJUTD6,2023,2024-09-27,593231322
2023-12-GSAFAC-0000045916,DASAFLTJUTD6,2023,2024-09-27,862639185
2023-12-GSAFAC-0000045916,DASAFLTJUTD6,2023,2024-09-27,841793121
2023-12-GSAFAC-0000045916,DASAFLTJUTD6,2023,2024-09-27,834672945
2023-12-GSAFAC-0000045916,DASAFLTJUTD6,2023,2024-09-27,830976641
2023-12-GSAFAC-0000045916,DASAFLTJUTD6,2023,2024-09-27,870901094
2023-12-GSAFAC-0000045916,DASAFLTJUTD6,2023,2024-09-27,841817046
2023-12-GSAFAC-0000045916,DASAFLTJUTD6,2023,2024-09-27,364595806
2023-12-GSAFAC-0000045916,DASAFLTJUTD6,2023,2024-09-27,862666178
2023-12-GSAFAC-0000045916,DASAFLTJUTD6,2023,2024-09-27,471881744
2023-12-GSAFAC-0000045916,DASAFLTJUTD6,2023,2024-09-27,843225135
2023-12-GSAFAC-0000045916,DASAFLTJUTD6,2023,2024-09-27,651219504
2023-12-GSAFAC-0000045916,DASAFLTJUTD6,2023,2024-09-27,205774723
2023-12-GSAFAC-0000045916,DASAFLTJUTD6,2023,2024-09-27,363208390
2023-12-GSAFAC-0000045916,DASAFLTJUTD6,2023,2024-09-27,521347407
2023-12-GSAFAC-0000045916,DASAFLTJUTD6,2023,2024-09-27,352243397
2023-12-GSAFAC-0000045916,DASAFLTJUTD6,2023,2024-09-27,364138353
2023-12-GSAFAC-0000045916,DASAFLTJUTD6,2023,2024-09-27,273566344
2023-12-GSAFAC-0000045916,DASAFLTJUTD6,2023,2024-09-27,581425000
2023-12-GSAFAC-0000045916,DASAFLTJUTD6,2023,2024-09-27,591479658
2023-12-GSAFAC-0000045916,DASAFLTJUTD6,2023,2024-09-27,362276984
2023-12-GSAFAC-0000045916,DASAFLTJUTD6,2023,2024-09-27,203256430
2023-12-GSAFAC-0000045916,DASAFLTJUTD6,2023,2024-09-27,811105774
2023-12-GSAFAC-0000045916,DASAFLTJUTD6,2023,2024-09-27,821652787
2023-12-GSAFAC-0000045916,DASAFLTJUTD6,2023,2024-09-27,363354567
2023-12-GSAFAC-0000045916,DASAFLTJUTD6,2023,2024-09-27,472360513
2023-12-GSAFAC-0000045916,DASAFLTJUTD6,2023,2024-09-27,592855792
2023-12-GSAFAC-0000045916,DASAFLTJUTD6,2023,2024-09-27,510605694
2023-12-GSAFAC-0000045916,DASAFLTJUTD6,2023,2024-09-27,593000857
2023-12-GSAFAC-0000045916,DASAFLTJUTD6,2023,2024-09-27,822713727
2023-12-GSAFAC-0000045916,DASAFLTJUTD6,2023,2024-09-27,381359189
2023-12-GSAFAC-0000045916,DASAFLTJUTD6,2023,2024-09-27,205782342
2023-12-GSAFAC-0000045916,DASAFLTJUTD6,2023,2024-09-27,205782243
2023-12-GSAFAC-0000045916,DASAFLTJUTD6,2023,2024-09-27,820811227
2023-12-GSAFAC-0000045916,DASAFLTJUTD6,2023,2024-09-27,510605681
2023-12-GSAFAC-0000045916,DASAFLTJUTD6,2023,2024-09-27,391365168
2023-12-GSAFAC-0000045916,DASAFLTJUTD6,2023,2024-09-27,463477012
2023-12-GSAFAC-0000045916,DASAFLTJUTD6,2023,2024-09-27,510605682
2023-12-GSAFAC-0000045916,DASAFLTJUTD6,2023,2024-09-27,205782260
2023-12-GSAFAC-0000045916,DASAFLTJUTD6,2023,2024-09-27,510605684
2023-12-GSAFAC-0000045916,DASAFLTJUTD6,2023,2024-09-27,205774748
2023-12-GSAFAC-0000045916,DASAFLTJUTD6,2023,2024-09-27,364516183
2023-12-GSAFAC-0000045916,DASAFLTJUTD6,2023,2024-09-27,582171011
2023-12-GSAFAC-0000045916,DASAFLTJUTD6,2023,2024-09-27,811877464
2023-12-GSAFAC-0000045916,DASAFLTJUTD6,2023,2024-09-27,560543246
2023-12-GSAFAC-0000045916,DASAFLTJUTD6,2023,2024-09-27,205774761
2023-12-GSAFAC-0000045916,DASAFLTJUTD6,2023,2024-09-27,821748255
2023-12-GSAFAC-0000045916,DASAFLTJUTD6,2023,2024-09-27,593235305
2023-12-GSAFAC-0000045916,DASAFLTJUTD6,2023,2024-09-27,822567308
2023-12-GSAFAC-0000045916,DASAFLTJUTD6,2023,2024-09-27,202392253
2023-12-GSAFAC-0000045916,DASAFLTJUTD6,2023,2024-09-27,262158309
2023-12-GSAFAC-0000045916,DASAFLTJUTD6,2023,2024-09-27,462354804
2023-12-GSAFAC-0000045916,DASAFLTJUTD6,2023,2024-09-27,593215680
2023-12-GSAFAC-0000045916,DASAFLTJUTD6,2023,2024-09-27,593214635
2023-12-GSAFAC-0000045916,DASAFLTJUTD6,2023,2024-09-27,824372339
2023-12-GSAFAC-0000045916,DASAFLTJUTD6,2023,2024-09-27,462021581
2023-12-GSAFAC-0000045916,DASAFLTJUTD6,2023,2024-09-27,474411505
2023-12-GSAFAC-0000045916,DASAFLTJUTD6,2023,2024-09-27,593140669
2023-12-GSAFAC-0000045916,DASAFLTJUTD6,2023,2024-09-27,592108057
2023-12-GSAFAC-0000045916,DASAFLTJUTD6,2023,2024-09-27,592855791
2023-12-GSAFAC-0000045916,DASAFLTJUTD6,2023,2024-09-27,550789387
2023-12-GSAFAC-0000045916,DASAFLTJUTD6,2023,2024-09-27,831990114
2023-12-GSAFAC-0000045916,DASAFLTJUTD6,2023,2024-09-27,472180518
2023-12-GSAFAC-0000045916,DASAFLTJUTD6,2023,2024-09-27,464426708
2023-12-GSAFAC-0000045916,DASAFLTJUTD6,2023,2024-09-27,582233172
2023-12-GSAFAC-0000045916,DASAFLTJUTD6,2023,2024-09-27,815310593
2023-12-GSAFAC-0000045916,DASAFLTJUTD6,2023,2024-09-27,473561708
2023-12-GSAFAC-0000045916,DASAFLTJUTD6,2023,2024-09-27,815325418
2023-12-GSAFAC-0000045916,DASAFLTJUTD6,2023,2024-09-27,812235296
2023-12-GSAFAC-0000045916,DASAFLTJUTD6,2023,2024-09-27,364264488
2023-12-GSAFAC-0000045916,DASAFLTJUTD6,2023,2024-09-27,592935928
2023-12-GSAFAC-0000045916,DASAFLTJUTD6,2023,2024-09-27,208023411
2023-12-GSAFAC-0000045916,DASAFLTJUTD6,2023,2024-09-27,471121247
2023-12-GSAFAC-0000045916,DASAFLTJUTD6,2023,2024-09-27,742491473
2023-12-GSAFAC-0000045916,DASAFLTJUTD6,2023,2024-09-27,593539564
2023-12-GSAFAC-0000045916,DASAFLTJUTD6,2023,2024-09-27,813923985
2023-12-GSAFAC-0000045916,DASAFLTJUTD6,2023,2024-09-27,590973502
2023-12-GSAFAC-0000045916,DASAFLTJUTD6,2023,2024-09-27,593256803
2023-12-GSAFAC-0000045916,DASAFLTJUTD6,2023,2024-09-27,592951990
2023-12-GSAFAC-0000045916,DASAFLTJUTD6,2023,2024-09-27,610594620
2023-12-GSAFAC-0000045916,DASAFLTJUTD6,2023,2024-09-27,742225672
2023-12-GSAFAC-0000045916,DASAFLTJUTD6,2023,2024-09-27,742894874
2023-12-GSAFAC-0000045916,DASAFLTJUTD6,2023,2024-09-27,113762050
2023-12-GSAFAC-0000045916,DASAFLTJUTD6,2023,2024-09-27,480901551
2023-12-GSAFAC-0000045916,DASAFLTJUTD6,2023,2024-09-27,205782320
2023-12-GSAFAC-0000045916,DASAFLTJUTD6,2023,2024-09-27,900866024
2023-12-GSAFAC-0000045916,DASAFLTJUTD6,2023,2024-09-27,770670885
2023-12-GSAFAC-0000045916,DASAFLTJUTD6,2023,2024-09-27,743071549
2023-12-GSAFAC-0000045916,DASAFLTJUTD6,2023,2024-09-27,621041820
2023-12-GSAFAC-0000045916,DASAFLTJUTD6,2023,2024-09-27,020657616
2023-12-GSAFAC-0000045916,DASAFLTJUTD6,2023,2024-09-27,208105013
2023-12-GSAFAC-0000045916,DASAFLTJUTD6,2023,2024-09-27,593385716
2023-12-GSAFAC-0000045916,DASAFLTJUTD6,2023,2024-09-27,592694434
2023-12-GSAFAC-0000045916,DASAFLTJUTD6,2023,2024-09-27,813165729
2023-12-GSAFAC-0000045916,DASAFLTJUTD6,2023,2024-09-27,205774821
2023-12-GSAFAC-0000045916,DASAFLTJUTD6,2023,2024-09-27,832465331
2023-12-GSAFAC-0000045916,DASAFLTJUTD6,2023,2024-09-27,010584623
2023-12-GSAFAC-0000045916,DASAFLTJUTD6,2023,2024-09-27,030380531
2023-12-GSAFAC-0000045916,DASAFLTJUTD6,2023,2024-09-27,208488713
2023-12-GSAFAC-0000045916,DASAFLTJUTD6,2023,2024-09-27,840956175
2023-12-GSAFAC-0000045916,DASAFLTJUTD6,2023,2024-09-27,840438224
2023-12-GSAFAC-0000045916,DASAFLTJUTD6,2023,2024-09-27,205782272
2023-12-GSAFAC-0000045916,DASAFLTJUTD6,2023,2024-09-27,814196648
2023-12-GSAFAC-0000045916,DASAFLTJUTD6,2023,2024-09-27,591191045
2023-12-GSAFAC-0000045916,DASAFLTJUTD6,2023,2024-09-27,263789368
2023-12-GSAFAC-0000045916,DASAFLTJUTD6,2023,2024-09-27,208040875
2023-12-GSAFAC-0000045916,DASAFLTJUTD6,2023,2024-09-27,461656773
2023-12-GSAFAC-0000045916,DASAFLTJUTD6,2023,2024-09-27,510605693
2023-12-GSAFAC-0000045916,DASAFLTJUTD6,2023,2024-09-27,205782224
2023-12-GSAFAC-0000045916,DASAFLTJUTD6,2023,2024-09-27,813914908
2023-12-GSAFAC-0000045916,DASAFLTJUTD6,2023,2024-09-27,480952508
2023-12-GSAFAC-0000045916,DASAFLTJUTD6,2023,2024-09-27,480637331
2023-12-GSAFAC-0000045916,DASAFLTJUTD6,2023,2024-09-27,431864343
2023-12-GSAFAC-0000045916,DASAFLTJUTD6,2023,2024-09-27,431864341
2023-12-GSAFAC-0000045916,DASAFLTJUTD6,2023,2024-09-27,510605679
2023-12-GSAFAC-0000045916,DASAFLTJUTD6,2023,2024-09-27,473793197
2023-12-GSAFAC-0000045916,DASAFLTJUTD6,2023,2024-09-27,593281591
2023-12-GSAFAC-0000045916,DASAFLTJUTD6,2023,2024-09-27,593149293
2023-12-GSAFAC-0000045916,DASAFLTJUTD6,2023,2024-09-27,205782288
2023-12-GSAFAC-0000045916,DASAFLTJUTD6,2023,2024-09-27,481219284
2023-12-GSAFAC-0000045916,DASAFLTJUTD6,2023,2024-09-27,812722973
2023-12-GSAFAC-0000045916,DASAFLTJUTD6,2023,2024-09-27,205774856
2023-12-GSAFAC-0000045916,DASAFLTJUTD6,2023,2024-09-27,581473135
2023-12-GSAFAC-0000045916,DASAFLTJUTD6,2023,2024-09-27,592219301
2023-12-GSAFAC-0000045916,DASAFLTJUTD6,2023,2024-09-27,611692291
2023-12-GSAFAC-0000045916,DASAFLTJUTD6,2023,2024-09-27,590898901
2023-12-GSAFAC-0000045916,DASAFLTJUTD6,2023,2024-09-27,510605677
2023-12-GSAFAC-0000045916,DASAFLTJUTD6,2023,2024-09-27,823025378
2023-12-GSAFAC-0000045916,DASAFLTJUTD6,2023,2024-09-27,271857940
2023-12-GSAFAC-0000045916,DASAFLTJUTD6,2023,2024-09-27,593414055
2023-12-GSAFAC-0000045916,DASAFLTJUTD6,2023,2024-09-27,472219363
2023-12-GSAFAC-0000045916,DASAFLTJUTD6,2023,2024-09-27,591113901
2023-12-GSAFAC-0000045916,DASAFLTJUTD6,2023,2024-09-27,844261523
2023-12-GSAFAC-0000045916,DASAFLTJUTD6,2023,2024-09-27,593686109
2023-12-GSAFAC-0000045916,DASAFLTJUTD6,2023,2024-09-27,472752220
2023-12-GSAFAC-0000045916,DASAFLTJUTD6,2023,2024-09-27,812513648
2023-12-GSAFAC-0000045916,DASAFLTJUTD6,2023,2024-09-27,452228478
2023-12-GSAFAC-0000045916,DASAFLTJUTD6,2023,2024-09-27,621587564
2023-12-GSAFAC-0000045916,DASAFLTJUTD6,2023,2024-09-27,205774930
2023-12-GSAFAC-0000045916,DASAFLTJUTD6,2023,2024-09-27,205774967
2023-12-GSAFAC-0000045916,DASAFLTJUTD6,2023,2024-09-27,330387407
2023-12-GSAFAC-0000045916,DASAFLTJUTD6,2023,2024-09-27,581123037
2023-12-GSAFAC-0000057875,MSUXHHHM8LT4,2023,2024-09-27,742578952
2023-12-GSAFAC-0000057875,MSUXHHHM8LT4,2023,2024-09-27,752653292
2023-12-GSAFAC-0000057875,MSUXHHHM8LT4,2023,2024-09-27,752547668
2023-12-GSAFAC-0000057875,MSUXHHHM8LT4,2023,2024-09-27,752792875
2023-12-GSAFAC-0000057875,MSUXHHHM8LT4,2023,2024-09-27,831869297
2023-12-GSAFAC-0000057875,MSUXHHHM8LT4,2023,2024-09-27,821289045
2023-12-GSAFAC-0000057271,HUJDAHX73T43,2023,2024-09-27,850951319
2023-12-GSAFAC-0000054559,TCJNFRS9J765,2023,2024-09-27,421045257
2023-12-GSAFAC-0000054559,TCJNFRS9J765,2023,2024-09-27,421373123
2023-12-GSAFAC-0000054559,TCJNFRS9J765,2023,2024-09-27,237085316
2023-12-GSAFAC-0000054559,TCJNFRS9J765,2023,2024-09-27,421351526
2023-12-GSAFAC-0000054559,TCJNFRS9J765,2023,2024-09-27,421201924
2023-12-GSAFAC-0000054559,TCJNFRS9J765,2023,2024-09-27,420698265
2023-12-GSAFAC-0000054559,TCJNFRS9J765,2023,2024-09-27,421466284
2023-12-GSAFAC-0000054559,TCJNFRS9J765,2023,2024-09-27,420733463
2023-12-GSAFAC-0000054559,TCJNFRS9J765,2023,2024-09-27,421134273
2023-12-GSAFAC-0000054559,TCJNFRS9J765,2023,2024-09-27,421233759
2023-12-GSAFAC-0000054559,TCJNFRS9J765,2023,2024-09-27,421189791
2023-12-GSAFAC-0000054559,TCJNFRS9J765,2023,2024-09-27,420680452
2023-12-GSAFAC-0000054559,TCJNFRS9J765,2023,2024-09-27,421412497
2023-12-GSAFAC-0000054559,TCJNFRS9J765,2023,2024-09-27,420942273
2023-12-GSAFAC-0000054559,TCJNFRS9J765,2023,2024-09-27,421307495
2023-12-GSAFAC-0000054559,TCJNFRS9J765,2023,2024-09-27,420933383
2023-12-GSAFAC-0000054559,TCJNFRS9J765,2023,2024-09-27,421454737
2023-12-GSAFAC-0000054559,TCJNFRS9J765,2023,2024-09-27,421467682
2023-12-GSAFAC-0000054559,TCJNFRS9J765,2023,2024-09-27,421411630
2023-12-GSAFAC-0000054559,TCJNFRS9J765,2023,2024-09-27,421201138
2023-12-GSAFAC-0000054559,TCJNFRS9J765,2023,2024-09-27,237098688
2023-12-GSAFAC-0000054559,TCJNFRS9J765,2023,2024-09-27,391412318
2023-12-GSAFAC-0000054559,TCJNFRS9J765,2023,2024-09-27,390806367
2023-12-GSAFAC-0000054559,TCJNFRS9J765,2023,2024-09-27,420937390
2023-12-GSAFAC-0000054559,TCJNFRS9J765,2023,2024-09-27,421019872
2023-12-GSAFAC-0000054559,TCJNFRS9J765,2023,2024-09-27,421059182
2023-12-GSAFAC-0000054559,TCJNFRS9J765,2023,2024-09-27,421294091
2023-12-GSAFAC-0000054559,TCJNFRS9J765,2023,2024-09-27,421487968
2023-12-GSAFAC-0000054559,TCJNFRS9J765,2023,2024-09-27,420504780
2023-12-GSAFAC-0000054559,TCJNFRS9J765,2023,2024-09-27,421487967
2023-12-GSAFAC-0000054559,TCJNFRS9J765,2023,2024-09-27,421276632
2023-12-GSAFAC-0000054559,TCJNFRS9J765,2023,2024-09-27,420680410
2023-12-GSAFAC-0000054559,TCJNFRS9J765,2023,2024-09-27,420680354
2023-12-GSAFAC-0000054559,TCJNFRS9J765,2023,2024-09-27,363678909
2023-12-GSAFAC-0000054559,TCJNFRS9J765,2023,2024-09-27,810994377
2023-12-GSAFAC-0000054559,TCJNFRS9J765,2023,2024-09-27,421222381
2023-12-GSAFAC-0000054559,TCJNFRS9J765,2023,2024-09-27,363321751
2023-12-GSAFAC-0000054559,TCJNFRS9J765,2023,2024-09-27,421222877
2023-12-GSAFAC-0000054559,TCJNFRS9J765,2023,2024-09-27,362739299
2023-12-GSAFAC-0000054559,TCJNFRS9J765,2023,2024-09-27,363351952
2023-12-GSAFAC-0000054559,TCJNFRS9J765,2023,2024-09-27,421009175
2023-12-GSAFAC-0000054559,TCJNFRS9J765,2023,2024-09-27,420680337
2023-12-GSAFAC-0000054559,TCJNFRS9J765,2023,2024-09-27,421525031
2023-12-GSAFAC-0000054559,TCJNFRS9J765,2023,2024-09-27,421477471
2023-12-GSAFAC-0000054559,TCJNFRS9J765,2023,2024-09-27,815034179
2023-12-GSAFAC-0000054559,TCJNFRS9J765,2023,2024-09-27,421388518
2023-12-GSAFAC-0000057733,LMP9EWHKMTS3,2023,2024-09-27,873999581
2023-12-GSAFAC-0000058494,N7C2AQS7XS81,2023,2024-09-27,275496855
2023-12-GSAFAC-0000054548,SJRHLPN3L9T8,2023,2024-09-27,113565450
2023-12-GSAFAC-0000055248,F8WWSS8ECES3,2023,2024-09-27,237114013
2023-12-GSAFAC-0000056176,KSDFFG66ZVM9,2023,2024-09-27,160743192
2023-12-GSAFAC-0000056176,KSDFFG66ZVM9,2023,2024-09-27,161449543
2023-12-GSAFAC-0000056176,KSDFFG66ZVM9,2023,2024-09-27,263765332
2023-12-GSAFAC-0000056176,KSDFFG66ZVM9,2023,2024-09-27,160957268
2023-12-GSAFAC-0000056176,KSDFFG66ZVM9,2023,2024-09-27,510169552
2023-12-GSAFAC-0000057146,XQ13M2XEKT46,2023,2024-09-27,150533564
2023-12-GSAFAC-0000052002,SVT8JXSLA7J7,2023,2024-09-27,770490711
2023-12-GSAFAC-0000052002,SVT8JXSLA7J7,2023,2024-09-27,770166413
2023-12-GSAFAC-0000052002,SVT8JXSLA7J7,2023,2024-09-27,941720838
2023-12-GSAFAC-0000052002,SVT8JXSLA7J7,2023,2024-09-27,770531523
2023-12-GSAFAC-0000052002,SVT8JXSLA7J7,2023,2024-09-27,770166414
2023-12-GSAFAC-0000052002,SVT8JXSLA7J7,2023,2024-09-27,711004905
2023-12-GSAFAC-0000054406,E35GYKN3S8R9,2023,2024-09-27,131725076
2023-12-GSAFAC-0000054406,E35GYKN3S8R9,2023,2024-09-27,111667761
2023-12-GSAFAC-0000054406,E35GYKN3S8R9,2023,2024-09-27,112868878
2023-12-GSAFAC-0000054406,E35GYKN3S8R9,2023,2024-09-27,131740118
2023-12-GSAFAC-0000054406,E35GYKN3S8R9,2023,2024-09-27,464469806
2023-12-GSAFAC-0000054406,E35GYKN3S8R9,2023,2024-09-27,113241243
2023-12-GSAFAC-0000054406,E35GYKN3S8R9,2023,2024-09-27,472544659
2023-12-GSAFAC-0000054406,E35GYKN3S8R9,2023,2024-09-27,111633487
2023-12-GSAFAC-0000054406,E35GYKN3S8R9,2023,2024-09-27,111562701
2023-12-GSAFAC-0000054406,E35GYKN3S8R9,2023,2024-09-27,112673595
2023-12-GSAFAC-0000054406,E35GYKN3S8R9,2023,2024-09-27,112241326
2023-12-GSAFAC-0000054406,E35GYKN3S8R9,2023,2024-09-27,112837244
2023-12-GSAFAC-0000054406,E35GYKN3S8R9,2023,2024-09-27,111661359
2023-12-GSAFAC-0000054406,E35GYKN3S8R9,2023,2024-09-27,111639818
2023-12-GSAFAC-0000054406,E35GYKN3S8R9,2023,2024-09-27,131624070
2023-12-GSAFAC-0000054406,E35GYKN3S8R9,2023,2024-09-27,111630914
2023-12-GSAFAC-0000054406,E35GYKN3S8R9,2023,2024-09-27,200080609
2023-12-GSAFAC-0000054406,E35GYKN3S8R9,2023,2024-09-27,474377679
2023-12-GSAFAC-0000054406,E35GYKN3S8R9,2023,2024-09-27,810861452
2023-12-GSAFAC-0000054406,E35GYKN3S8R9,2023,2024-09-27,461617561
2023-12-GSAFAC-0000054406,E35GYKN3S8R9,2023,2024-09-27,113265111
2024-03-GSAFAC-0000052434,C7K6WD3GFUP6,2024,2024-09-27,630288856
2024-03-GSAFAC-0000052434,C7K6WD3GFUP6,2024,2024-09-27,630891904
2023-12-GSAFAC-0000058372,HAY6EZ5NNV41,2023,2024-09-27,061613212
2023-12-GSAFAC-0000058372,HAY6EZ5NNV41,2023,2024-09-27,822154953
2023-12-GSAFAC-0000058372,HAY6EZ5NNV41,2023,2024-09-27,472570391
2023-12-GSAFAC-0000055623,UEHJK3XLHM58,2023,2024-09-27,080248489
2023-12-GSAFAC-0000055623,UEHJK3XLHM58,2023,2024-09-27,080248486
2022-12-GSAFAC-0000057425,PQLDK3TL8FN7,2022,2024-09-27,916018764
2023-09-GSAFAC-0000057967,VD5NKA95LP99,2023,2024-09-27,860667653
2023-09-GSAFAC-0000057967,VD5NKA95LP99,2023,2024-09-27,742420528
2023-09-GSAFAC-0000057967,VD5NKA95LP99,2023,2024-09-27,860897449
2023-09-GSAFAC-0000057967,VD5NKA95LP99,2023,2024-09-27,742537585
2023-09-GSAFAC-0000057967,VD5NKA95LP99,2023,2024-09-27,942902649
2023-12-GSAFAC-0000051594,M5KMR3DZJQR6,2023,2024-09-27,260115489
2023-12-GSAFAC-0000051594,M5KMR3DZJQR6,2023,2024-09-27,264021016
2023-12-GSAFAC-0000051594,M5KMR3DZJQR6,2023,2024-09-27,320260353
2023-12-GSAFAC-0000051594,M5KMR3DZJQR6,2023,2024-09-27,320261234
2023-12-GSAFAC-0000051594,M5KMR3DZJQR6,2023,2024-09-27,322347032
2023-12-GSAFAC-0000051594,M5KMR3DZJQR6,2023,2024-09-27,330185031
2023-12-GSAFAC-0000051594,M5KMR3DZJQR6,2023,2024-09-27,352346161
2023-12-GSAFAC-0000051594,M5KMR3DZJQR6,2023,2024-09-27,364640211
2023-12-GSAFAC-0000051594,M5KMR3DZJQR6,2023,2024-09-27,411672806
2023-12-GSAFAC-0000051594,M5KMR3DZJQR6,2023,2024-09-27,510216587
2023-12-GSAFAC-0000051594,M5KMR3DZJQR6,2023,2024-09-27,510224944
2023-12-GSAFAC-0000051594,M5KMR3DZJQR6,2023,2024-09-27,611570502
2023-12-GSAFAC-0000051594,M5KMR3DZJQR6,2023,2024-09-27,752246348
2023-12-GSAFAC-0000051594,M5KMR3DZJQR6,2023,2024-09-27,752426010
2023-12-GSAFAC-0000051594,M5KMR3DZJQR6,2023,2024-09-27,752428911
2023-12-GSAFAC-0000051594,M5KMR3DZJQR6,2023,2024-09-27,810231793
2023-12-GSAFAC-0000051594,M5KMR3DZJQR6,2023,2024-09-27,810463482
2023-12-GSAFAC-0000051594,M5KMR3DZJQR6,2023,2024-09-27,814791043
2023-12-GSAFAC-0000051594,M5KMR3DZJQR6,2023,2024-09-27,832802775
2023-12-GSAFAC-0000051594,M5KMR3DZJQR6,2023,2024-09-27,852390012
2023-12-GSAFAC-0000051594,M5KMR3DZJQR6,2023,2024-09-27,910433740
2023-12-GSAFAC-0000051594,M5KMR3DZJQR6,2023,2024-09-27,910567732
2023-12-GSAFAC-0000051594,M5KMR3DZJQR6,2023,2024-09-27,910655392
2023-12-GSAFAC-0000051594,M5KMR3DZJQR6,2023,2024-09-27,911784793
2023-12-GSAFAC-0000051594,M5KMR3DZJQR6,2023,2024-09-27,920016429
2023-12-GSAFAC-0000051594,M5KMR3DZJQR6,2023,2024-09-27,920093565
2023-12-GSAFAC-0000051594,M5KMR3DZJQR6,2023,2024-09-27,920094231
2023-12-GSAFAC-0000051594,M5KMR3DZJQR6,2023,2024-09-27,930386906
2023-12-GSAFAC-0000051594,M5KMR3DZJQR6,2023,2024-09-27,930386912
2023-12-GSAFAC-0000051594,M5KMR3DZJQR6,2023,2024-09-27,930386929
2023-12-GSAFAC-0000051594,M5KMR3DZJQR6,2023,2024-09-27,930796090
2023-12-GSAFAC-0000051594,M5KMR3DZJQR6,2023,2024-09-27,931265038
2023-12-GSAFAC-0000051594,M5KMR3DZJQR6,2023,2024-09-27,951643325
2023-12-GSAFAC-0000051594,M5KMR3DZJQR6,2023,2024-09-27,951643359
2023-12-GSAFAC-0000051594,M5KMR3DZJQR6,2023,2024-09-27,951643360
2023-12-GSAFAC-0000051594,M5KMR3DZJQR6,2023,2024-09-27,951675600
2023-12-GSAFAC-0000051594,M5KMR3DZJQR6,2023,2024-09-27,951914489
2023-12-GSAFAC-0000051594,M5KMR3DZJQR6,2023,2024-09-27,954291515
2023-12-GSAFAC-0000051594,M5KMR3DZJQR6,2023,2024-09-27,954322584
2023-12-GSAFAC-0000051594,M5KMR3DZJQR6,2023,2024-09-27,954582647
2023-12-GSAFAC-0000052003,DMPEBEP7Z1J4,2023,2024-09-27,770166413
2023-12-GSAFAC-0000052003,DMPEBEP7Z1J4,2023,2024-09-27,770166414
2023-12-GSAFAC-0000052003,DMPEBEP7Z1J4,2023,2024-09-27,800427598
2023-12-GSAFAC-0000055407,MH2QYU4RJZD5,2023,2024-09-27,990893455
2023-12-GSAFAC-0000058097,JG4AJE9T72R3,2023,2024-09-28,923621629
2023-12-GSAFAC-0000054762,JQLMFNLA4BP4,2023,2024-09-28,264076297
2023-12-GSAFAC-0000054762,JQLMFNLA4BP4,2023,2024-09-28,274719998
2023-12-GSAFAC-0000054762,JQLMFNLA4BP4,2023,2024-09-28,562662502
2023-12-GSAFAC-0000054762,JQLMFNLA4BP4,2023,2024-09-28,462333282
2023-12-GSAFAC-0000054762,JQLMFNLA4BP4,2023,2024-09-28,111839362
2023-12-GSAFAC-0000054762,JQLMFNLA4BP4,2023,2024-09-28,131740120
2023-12-GSAFAC-0000058358,GB3ED32HKJ57,2023,2024-09-28,463735690
2023-12-GSAFAC-0000054267,JKBLMCE82GV4,2023,2024-09-28,812554036
2023-12-GSAFAC-0000058567,EW28U2XCQ9Q5,2023,2024-09-28,261193842
2023-12-GSAFAC-0000058567,EW28U2XCQ9Q5,2023,2024-09-28,205111805
2023-12-GSAFAC-0000057536,SNRQVDQNHWK7,2023,2024-09-28,710678160
2023-12-GSAFAC-0000057536,SNRQVDQNHWK7,2023,2024-09-28,710781138
2023-12-GSAFAC-0000057625,T11AXMZ2WAL3,2023,2024-09-29,262630569
2023-12-GSAFAC-0000058945,NM8DC7NAFE83,2023,2024-09-29,371656669
2023-12-GSAFAC-0000056487,H58CPAYE6UE5,2023,2024-09-29,131624211
2023-12-GSAFAC-0000056487,H58CPAYE6UE5,2023,2024-09-29,133885148
2023-12-GSAFAC-0000056487,H58CPAYE6UE5,2023,2024-09-29,133951057
2023-12-GSAFAC-0000056487,H58CPAYE6UE5,2023,2024-09-29,300006817
2023-12-GSAFAC-0000056487,H58CPAYE6UE5,2023,2024-09-29,932112307
2023-12-GSAFAC-0000056820,NKMWNANBC2J9,2023,2024-09-30,042863717
2023-12-GSAFAC-0000056820,NKMWNANBC2J9,2023,2024-09-30,201204075
2023-12-GSAFAC-0000056820,NKMWNANBC2J9,2023,2024-09-30,203246991
2023-12-GSAFAC-0000056820,NKMWNANBC2J9,2023,2024-09-30,205485352
2023-12-GSAFAC-0000056820,NKMWNANBC2J9,2023,2024-09-30,222767728
2023-12-GSAFAC-0000056820,NKMWNANBC2J9,2023,2024-09-30,264460767
2023-12-GSAFAC-0000056820,NKMWNANBC2J9,2023,2024-09-30,311196720
2023-12-GSAFAC-0000056820,NKMWNANBC2J9,2023,2024-09-30,311196722
2023-12-GSAFAC-0000056820,NKMWNANBC2J9,2023,2024-09-30,311196724
2023-12-GSAFAC-0000056820,NKMWNANBC2J9,2023,2024-09-30,311196726
2023-12-GSAFAC-0000056820,NKMWNANBC2J9,2023,2024-09-30,311196727
2023-12-GSAFAC-0000056820,NKMWNANBC2J9,2023,2024-09-30,311244836
2023-12-GSAFAC-0000056820,NKMWNANBC2J9,2023,2024-09-30,311282578
2023-12-GSAFAC-0000056820,NKMWNANBC2J9,2023,2024-09-30,311282580
2023-12-GSAFAC-0000056820,NKMWNANBC2J9,2023,2024-09-30,311282585
2023-12-GSAFAC-0000056820,NKMWNANBC2J9,2023,2024-09-30,311282586
2023-12-GSAFAC-0000056820,NKMWNANBC2J9,2023,2024-09-30,311282590
2023-12-GSAFAC-0000056820,NKMWNANBC2J9,2023,2024-09-30,311284895
2023-12-GSAFAC-0000056820,NKMWNANBC2J9,2023,2024-09-30,311308382
2023-12-GSAFAC-0000056820,NKMWNANBC2J9,2023,2024-09-30,382899285
2023-12-GSAFAC-0000056820,NKMWNANBC2J9,2023,2024-09-30,383012039
2023-12-GSAFAC-0000056820,NKMWNANBC2J9,2023,2024-09-30,383352094
2023-12-GSAFAC-0000056820,NKMWNANBC2J9,2023,2024-09-30,383372866
2023-12-GSAFAC-0000056820,NKMWNANBC2J9,2023,2024-09-30,383388276
2023-12-GSAFAC-0000056820,NKMWNANBC2J9,2023,2024-09-30,383393984
2023-12-GSAFAC-0000056820,NKMWNANBC2J9,2023,2024-09-30,383541224
2023-12-GSAFAC-0000056820,NKMWNANBC2J9,2023,2024-09-30,383542119
2023-12-GSAFAC-0000056820,NKMWNANBC2J9,2023,2024-09-30,452513707
2023-12-GSAFAC-0000056820,NKMWNANBC2J9,2023,2024-09-30,814707946
2023-12-GSAFAC-0000056820,NKMWNANBC2J9,2023,2024-09-30,452513785
2023-12-GSAFAC-0000058032,DR8QNDMDL5J3,2023,2024-09-30,474319886
2023-12-GSAFAC-0000058032,DR8QNDMDL5J3,2023,2024-09-30,160743102
2023-12-GSAFAC-0000058032,DR8QNDMDL5J3,2023,2024-09-30,232875157
2023-12-GSAFAC-0000058032,DR8QNDMDL5J3,2023,2024-09-30,160743214
2023-12-GSAFAC-0000058032,DR8QNDMDL5J3,2023,2024-09-30,161474578
2023-12-GSAFAC-0000058032,DR8QNDMDL5J3,2023,2024-09-30,161491203
2023-12-GSAFAC-0000058032,DR8QNDMDL5J3,2023,2024-09-30,161460136
2023-12-GSAFAC-0000058032,DR8QNDMDL5J3,2023,2024-09-30,261582864
2023-12-GSAFAC-0000058032,DR8QNDMDL5J3,2023,2024-09-30,814086046
2023-12-GSAFAC-0000058032,DR8QNDMDL5J3,2023,2024-09-30,464742028
2023-12-GSAFAC-0000058032,DR8QNDMDL5J3,2023,2024-09-30,464304317
2022-05-GSAFAC-0000052125,PLDNSSN8AMT5,2022,2024-09-30,731165420
2023-12-GSAFAC-0000054298,RLEAK81FEJB7,2023,2024-09-30,841976918
2023-12-GSAFAC-0000051537,GFB7MQFAU6F2,2023,2024-09-30,136608356
2023-12-GSAFAC-0000055415,W7LCHK9CRQ77,2023,2024-09-30,341571750
2023-12-GSAFAC-0000050423,E88ARR6RKGR8,2023,2024-09-30,310914914
2023-12-GSAFAC-0000050423,E88ARR6RKGR8,2023,2024-09-30,610703799
2023-12-GSAFAC-0000050423,E88ARR6RKGR8,2023,2024-09-30,610981097
2023-12-GSAFAC-0000050423,E88ARR6RKGR8,2023,2024-09-30,611028724
2023-12-GSAFAC-0000050423,E88ARR6RKGR8,2023,2024-09-30,611276316
2023-12-GSAFAC-0000050423,E88ARR6RKGR8,2023,2024-09-30,616027530
2023-12-GSAFAC-0000040406,C25CHZVA8PJ3,2023,2024-09-30,833430601
2023-12-GSAFAC-0000040406,C25CHZVA8PJ3,2023,2024-09-30,593572590
2023-12-GSAFAC-0000041258,QS7KRGY1LDF6,2023,2024-09-30,410845773
2023-12-GSAFAC-0000041258,QS7KRGY1LDF6,2023,2024-09-30,421707837
2023-12-GSAFAC-0000051667,LCGWVL8LHRC9,2023,2024-09-30,874373142
2023-12-GSAFAC-0000055287,XNV6X5K8UB63,2023,2024-09-30,560554230
2023-12-GSAFAC-0000055287,XNV6X5K8UB63,2023,2024-09-30,560928089
2023-12-GSAFAC-0000055287,XNV6X5K8UB63,2023,2024-09-30,561376368
2023-12-GSAFAC-0000055287,XNV6X5K8UB63,2023,2024-09-30,561340424
2023-12-GSAFAC-0000055287,XNV6X5K8UB63,2023,2024-09-30,560636250
2023-12-GSAFAC-0000055287,XNV6X5K8UB63,2023,2024-09-30,581466368
2023-12-GSAFAC-0000055287,XNV6X5K8UB63,2023,2024-09-30,311725913
2023-12-GSAFAC-0000055287,XNV6X5K8UB63,2023,2024-09-30,581728803
2023-12-GSAFAC-0000055287,XNV6X5K8UB63,2023,2024-09-30,561373175
2023-12-GSAFAC-0000055287,XNV6X5K8UB63,2023,2024-09-30,721568954
2023-12-GSAFAC-0000055287,XNV6X5K8UB63,2023,2024-09-30,260069792
2023-12-GSAFAC-0000055287,XNV6X5K8UB63,2023,2024-09-30,204278130
2023-12-GSAFAC-0000055287,XNV6X5K8UB63,2023,2024-09-30,260599536
2023-12-GSAFAC-0000055287,XNV6X5K8UB63,2023,2024-09-30,870714098
2023-12-GSAFAC-0000055287,XNV6X5K8UB63,2023,2024-09-30,560547479
2023-12-GSAFAC-0000055287,XNV6X5K8UB63,2023,2024-09-30,273634811
2023-12-GSAFAC-0000055287,XNV6X5K8UB63,2023,2024-09-30,843930503
2023-12-GSAFAC-0000055287,XNV6X5K8UB63,2023,2024-09-30,562120959
2023-12-GSAFAC-0000055287,XNV6X5K8UB63,2023,2024-09-30,581413074
2023-12-GSAFAC-0000055287,XNV6X5K8UB63,2023,2024-09-30,561876341
2023-12-GSAFAC-0000055287,XNV6X5K8UB63,2023,2024-09-30,562001223
2023-12-GSAFAC-0000055287,XNV6X5K8UB63,2023,2024-09-30,562016235
2023-12-GSAFAC-0000055287,XNV6X5K8UB63,2023,2024-09-30,853777599
2023-12-GSAFAC-0000055287,XNV6X5K8UB63,2023,2024-09-30,560653348
2023-12-GSAFAC-0000054936,LV8GL8MLU9A3,2023,2024-09-30,813872529
2023-12-GSAFAC-0000057894,R3MJNQN3L123,2023,2024-09-30,465390969
2023-12-GSAFAC-0000057894,R3MJNQN3L123,2023,2024-09-30,231857015
2023-12-GSAFAC-0000037432,XTR3TL3BC9D3,2023,2024-09-30,141338310
2023-12-GSAFAC-0000037432,XTR3TL3BC9D3,2023,2024-09-30,141338547
2023-12-GSAFAC-0000037432,XTR3TL3BC9D3,2023,2024-09-30,141338373
2023-12-GSAFAC-0000037432,XTR3TL3BC9D3,2023,2024-09-30,141338307
2023-12-GSAFAC-0000052165,MX1KC1BKDQR3,2023,2024-09-30,010634942
2023-12-GSAFAC-0000057548,QM2CNZMJM7D3,2023,2024-09-30,330821753
2023-12-GSAFAC-0000051882,H1TYS4PK8EC5,2023,2024-09-30,412220807
2023-12-GSAFAC-0000051882,H1TYS4PK8EC5,2023,2024-09-30,263965524
2023-12-GSAFAC-0000051882,H1TYS4PK8EC5,2023,2024-09-30,200654235
2023-12-GSAFAC-0000051882,H1TYS4PK8EC5,2023,2024-09-30,200654472
2023-12-GSAFAC-0000051882,H1TYS4PK8EC5,2023,2024-09-30,200655240
2023-12-GSAFAC-0000051882,H1TYS4PK8EC5,2023,2024-09-30,200655144
2023-12-GSAFAC-0000051882,H1TYS4PK8EC5,2023,2024-09-30,412220810
2023-12-GSAFAC-0000057815,VHAKRT1GGSV4,2023,2024-09-30,611588294
2023-12-GSAFAC-0000057815,VHAKRT1GGSV4,2023,2024-09-30,330676831
2023-12-GSAFAC-0000057826,KXBNDLU96L61,2023,2024-09-30,930968688
2023-12-GSAFAC-0000057759,EU7HYNNFBMA5,2023,2024-09-30,453800308
2023-12-GSAFAC-0000057759,EU7HYNNFBMA5,2023,2024-09-30,160835446
2023-12-GSAFAC-0000056085,E55DVC4GWBD7,2023,2024-09-30,133620568
2023-12-GSAFAC-0000056085,E55DVC4GWBD7,2023,2024-09-30,273960910
2023-12-GSAFAC-0000054397,CS1EU27WKUD5,2023,2024-09-30,310564121
2023-12-GSAFAC-0000054397,CS1EU27WKUD5,2023,2024-09-30,310886949
2023-12-GSAFAC-0000054397,CS1EU27WKUD5,2023,2024-09-30,270712680
2023-12-GSAFAC-0000054397,CS1EU27WKUD5,2023,2024-09-30,311175717
2023-12-GSAFAC-0000054397,CS1EU27WKUD5,2023,2024-09-30,311078381
2023-12-GSAFAC-0000054397,CS1EU27WKUD5,2023,2024-09-30,310536662
2023-12-GSAFAC-0000054397,CS1EU27WKUD5,2023,2024-09-30,310809436
2023-12-GSAFAC-0000056146,FLL6M6KYSPH6,2023,2024-09-30,042104230
2023-12-GSAFAC-0000056146,FLL6M6KYSPH6,2023,2024-09-30,043443294
2023-12-GSAFAC-0000056146,FLL6M6KYSPH6,2023,2024-09-30,844338889
2024-06-GSAFAC-0000053574,SAXABC5EQ2G6,2024,2024-09-30,853292566
2023-12-GSAFAC-0000058157,M4P4JHF7HHN7,2023,2024-09-30,470376604
2023-12-GSAFAC-0000058157,M4P4JHF7HHN7,2023,2024-09-30,470687317
2023-12-GSAFAC-0000058157,M4P4JHF7HHN7,2023,2024-09-30,420680355
2023-12-GSAFAC-0000058157,M4P4JHF7HHN7,2023,2024-09-30,470724387
2023-12-GSAFAC-0000058157,M4P4JHF7HHN7,2023,2024-09-30,831362276
2023-12-GSAFAC-0000056721,NVH9JJ7EFLE5,2023,2024-09-30,341369963
2023-12-GSAFAC-0000056721,NVH9JJ7EFLE5,2023,2024-09-30,346006904
2023-12-GSAFAC-0000059225,ZCM5DRKE94L2,2023,2024-09-30,271487259
2023-12-GSAFAC-0000059331,DM4MU8LJX5G5,2023,2024-09-30,631205100
2023-12-GSAFAC-0000058835,HNR1MNZJGYJ1,2023,2024-09-30,203639329
2023-12-GSAFAC-0000058835,HNR1MNZJGYJ1,2023,2024-09-30,204712023
2023-12-GSAFAC-0000058835,HNR1MNZJGYJ1,2023,2024-09-30,471052716
2023-12-GSAFAC-0000058835,HNR1MNZJGYJ1,2023,2024-09-30,540555201
2023-12-GSAFAC-0000058835,HNR1MNZJGYJ1,2023,2024-09-30,540566100
2023-12-GSAFAC-0000045030,C139EKQ2NCJ5,2023,2024-09-30,812565745
2023-12-GSAFAC-0000058318,E4G3T3SM5786,2023,2024-09-30,520812002
2023-12-GSAFAC-0000058318,E4G3T3SM5786,2023,2024-09-30,464881735
2023-12-GSAFAC-0000058318,E4G3T3SM5786,2023,2024-09-30,911912227
2023-12-GSAFAC-0000058318,E4G3T3SM5786,2023,2024-09-30,522170291
2023-12-GSAFAC-0000058318,E4G3T3SM5786,2023,2024-09-30,710906529
2023-12-GSAFAC-0000058318,E4G3T3SM5786,2023,2024-09-30,522112953
2023-12-GSAFAC-0000058318,E4G3T3SM5786,2023,2024-09-30,522112952
2023-12-GSAFAC-0000058318,E4G3T3SM5786,2023,2024-09-30,522112955
2023-12-GSAFAC-0000058318,E4G3T3SM5786,2023,2024-09-30,522029519
2023-12-GSAFAC-0000058318,E4G3T3SM5786,2023,2024-09-30,522112958
2023-12-GSAFAC-0000058318,E4G3T3SM5786,2023,2024-09-30,522060624
2023-12-GSAFAC-0000058318,E4G3T3SM5786,2023,2024-09-30,900518838
2023-12-GSAFAC-0000052652,SF1SQWQ8L9M4,2023,2024-09-30,133278550
2023-12-GSAFAC-0000052652,SF1SQWQ8L9M4,2023,2024-09-30,202212588
2023-12-GSAFAC-0000052652,SF1SQWQ8L9M4,2023,2024-09-30,131624082
2023-12-GSAFAC-0000052652,SF1SQWQ8L9M4,2023,2024-09-30,131624182
2023-12-GSAFAC-0000056596,G285DLYGNLP3,2023,2024-09-30,112925535
2021-12-GSAFAC-0000052543,TXE2RGFQWSB4,2021,2024-09-30,141347717
2021-12-GSAFAC-0000052543,TXE2RGFQWSB4,2021,2024-09-30,131740104
2021-12-GSAFAC-0000052543,TXE2RGFQWSB4,2021,2024-09-30,141340100
2021-12-GSAFAC-0000052543,TXE2RGFQWSB4,2021,2024-09-30,061381994
2023-12-GSAFAC-0000056926,HB23N95N7MZ2,2023,2024-09-30,800548096
2023-12-GSAFAC-0000059415,C164L5A8BA53,2023,2024-09-30,410706110
2023-12-GSAFAC-0000059415,C164L5A8BA53,2023,2024-09-30,800910793
2023-12-GSAFAC-0000059415,C164L5A8BA53,2023,2024-09-30,270907277
2023-12-GSAFAC-0000057357,S39WRD889FF3,2023,2024-09-30,150584188
2023-12-GSAFAC-0000057357,S39WRD889FF3,2023,2024-09-30,160743029
2023-12-GSAFAC-0000057357,S39WRD889FF3,2023,2024-09-30,160743134
2023-12-GSAFAC-0000057357,S39WRD889FF3,2023,2024-09-30,160743966
2023-12-GSAFAC-0000057357,S39WRD889FF3,2023,2024-09-30,160978184
2023-12-GSAFAC-0000057357,S39WRD889FF3,2023,2024-09-30,161012691
2023-12-GSAFAC-0000057357,S39WRD889FF3,2023,2024-09-30,222918126
2023-12-GSAFAC-0000057357,S39WRD889FF3,2023,2024-09-30,223159644
2023-12-GSAFAC-0000057357,S39WRD889FF3,2023,2024-09-30,237221763
2023-12-GSAFAC-0000057357,S39WRD889FF3,2023,2024-09-30,464249555
2023-12-GSAFAC-0000057357,S39WRD889FF3,2023,2024-09-30,843134268
2023-12-GSAFAC-0000057357,S39WRD889FF3,2023,2024-09-30,464259168
2023-12-GSAFAC-0000058978,DJNTE364LJJ7,2023,2024-09-30,823871397
2023-12-GSAFAC-0000058978,DJNTE364LJJ7,2023,2024-09-30,823889980
2023-12-GSAFAC-0000058978,DJNTE364LJJ7,2023,2024-09-30,823907507
2023-12-GSAFAC-0000058002,WAMPBFHE2994,2023,2024-09-30,260558544
2023-12-GSAFAC-0000058002,WAMPBFHE2994,2023,2024-09-30,200914522
2023-12-GSAFAC-0000058002,WAMPBFHE2994,2023,2024-09-30,823088737
2023-12-GSAFAC-0000056272,MBKKNQM9QME3,2023,2024-09-30,874520691
2023-12-GSAFAC-0000056272,MBKKNQM9QME3,2023,2024-09-30,363738206
2023-12-GSAFAC-0000056272,MBKKNQM9QME3,2023,2024-09-30,362179813
2023-12-GSAFAC-0000056272,MBKKNQM9QME3,2023,2024-09-30,364073303
2023-12-GSAFAC-0000056272,MBKKNQM9QME3,2023,2024-09-30,362340313
2023-12-GSAFAC-0000056272,MBKKNQM9QME3,2023,2024-09-30,363312906
2023-12-GSAFAC-0000056272,MBKKNQM9QME3,2023,2024-09-30,363297173
2023-12-GSAFAC-0000056272,MBKKNQM9QME3,2023,2024-09-30,362167784
2023-12-GSAFAC-0000056272,MBKKNQM9QME3,2023,2024-09-30,581672987
2023-12-GSAFAC-0000056272,MBKKNQM9QME3,2023,2024-09-30,364037473
2023-12-GSAFAC-0000058277,WGF6Y6S9AF49,2023,2024-09-30,311608691
2023-12-GSAFAC-0000058277,WGF6Y6S9AF49,2023,2024-09-30,311608701
2023-12-GSAFAC-0000058277,WGF6Y6S9AF49,2023,2024-09-30,411728753
2023-12-GSAFAC-0000058277,WGF6Y6S9AF49,2023,2024-09-30,311608696
2023-12-GSAFAC-0000058277,WGF6Y6S9AF49,2023,2024-09-30,311572624
2023-12-GSAFAC-0000058277,WGF6Y6S9AF49,2023,2024-09-30,472292912
2023-12-GSAFAC-0000058277,WGF6Y6S9AF49,2023,2024-09-30,450232943
2023-12-GSAFAC-0000058277,WGF6Y6S9AF49,2023,2024-09-30,410871848
2023-12-GSAFAC-0000058277,WGF6Y6S9AF49,2023,2024-09-30,460904337
2023-12-GSAFAC-0000058277,WGF6Y6S9AF49,2023,2024-09-30,410693953
2023-12-GSAFAC-0000058277,WGF6Y6S9AF49,2023,2024-09-30,411783680
2023-12-GSAFAC-0000058277,WGF6Y6S9AF49,2023,2024-09-30,412013927
2023-12-GSAFAC-0000058277,WGF6Y6S9AF49,2023,2024-09-30,201723948
2023-12-GSAFAC-0000058277,WGF6Y6S9AF49,2023,2024-09-30,208916091
2023-12-GSAFAC-0000058277,WGF6Y6S9AF49,2023,2024-09-30,411539761
2023-12-GSAFAC-0000058277,WGF6Y6S9AF49,2023,2024-09-30,411694818
2023-12-GSAFAC-0000058277,WGF6Y6S9AF49,2023,2024-09-30,810754064
2023-12-GSAFAC-0000058277,WGF6Y6S9AF49,2023,2024-09-30,411625095
2023-12-GSAFAC-0000058277,WGF6Y6S9AF49,2023,2024-09-30,273219747
2023-12-GSAFAC-0000058277,WGF6Y6S9AF49,2023,2024-09-30,271279704
2023-12-GSAFAC-0000058277,WGF6Y6S9AF49,2023,2024-09-30,416045816
2023-12-GSAFAC-0000058277,WGF6Y6S9AF49,2023,2024-09-30,200507069
2023-12-GSAFAC-0000058277,WGF6Y6S9AF49,2023,2024-09-30,271466676
2023-12-GSAFAC-0000058277,WGF6Y6S9AF49,2023,2024-09-30,411821882
2023-12-GSAFAC-0000058277,WGF6Y6S9AF49,2023,2024-09-30,200044030
2023-12-GSAFAC-0000058277,WGF6Y6S9AF49,2023,2024-09-30,411424801
2023-12-GSAFAC-0000058277,WGF6Y6S9AF49,2023,2024-09-30,204063752
2023-12-GSAFAC-0000058277,WGF6Y6S9AF49,2023,2024-09-30,410855707
2023-12-GSAFAC-0000058277,WGF6Y6S9AF49,2023,2024-09-30,411927112
2023-12-GSAFAC-0000058277,WGF6Y6S9AF49,2023,2024-09-30,410711597
2023-12-GSAFAC-0000058277,WGF6Y6S9AF49,2023,2024-09-30,752990222
2023-12-GSAFAC-0000058277,WGF6Y6S9AF49,2023,2024-09-30,450359794
2023-12-GSAFAC-0000058277,WGF6Y6S9AF49,2023,2024-09-30,420868449
2023-12-GSAFAC-0000058277,WGF6Y6S9AF49,2023,2024-09-30,262086933
2023-12-GSAFAC-0000055403,E24CVHXZQEW8,2023,2024-09-30,223431049
2023-12-GSAFAC-0000059440,NULEJCQZZJY4,2023,2024-09-30,800757957
2023-12-GSAFAC-0000059369,NPN2LU6NLPF8,2023,2024-09-30,460613568
2023-12-GSAFAC-0000059320,P3D5QELU3P17,2023,2024-09-30,161576637
2023-12-GSAFAC-0000059320,P3D5QELU3P17,2023,2024-09-30,150532245
2023-12-GSAFAC-0000056238,MKUJBCZRGUM8,2023,2024-09-30,824502169
2023-12-GSAFAC-0000059121,YUW7K6XF4JV3,2023,2024-09-30,161518379
2023-12-GSAFAC-0000040533,EYMJXLN2MFB4,2023,2024-09-30,311024403
2023-12-GSAFAC-0000040533,EYMJXLN2MFB4,2023,2024-09-30,311595013
2023-12-GSAFAC-0000040533,EYMJXLN2MFB4,2023,2024-09-30,311036370
2023-12-GSAFAC-0000040533,EYMJXLN2MFB4,2023,2024-09-30,311296332
2023-12-GSAFAC-0000040533,EYMJXLN2MFB4,2023,2024-09-30,311609283
2023-12-GSAFAC-0000040533,EYMJXLN2MFB4,2023,2024-09-30,010782751
2023-12-GSAFAC-0000040533,EYMJXLN2MFB4,2023,2024-09-30,311654000
2023-12-GSAFAC-0000040533,EYMJXLN2MFB4,2023,2024-09-30,314379441
2023-12-GSAFAC-0000040533,EYMJXLN2MFB4,2023,2024-09-30,311439570
2023-12-GSAFAC-0000040533,EYMJXLN2MFB4,2023,2024-09-30,020627166
2023-12-GSAFAC-0000040533,EYMJXLN2MFB4,2023,2024-09-30,311665952
2023-12-GSAFAC-0000058854,PQLDK3TL8FN7,2023,2024-09-30,916018764
2023-12-GSAFAC-0000057946,PJGLNFM7ABN7,2023,2024-09-30,942860387
2023-12-GSAFAC-0000058033,MBNLSWYMX798,2023,2024-09-30,132605604
2023-12-GSAFAC-0000058033,MBNLSWYMX798,2023,2024-09-30,132605605
2023-12-GSAFAC-0000058033,MBNLSWYMX798,2023,2024-09-30,132613958
2023-12-GSAFAC-0000058033,MBNLSWYMX798,2023,2024-09-30,161759590
2023-12-GSAFAC-0000055661,G75TKKHR9KE1,2023,2024-09-30,923531326
2023-12-GSAFAC-0000058962,F7P7YN1KERT4,2023,2024-09-30,863160394
2023-12-GSAFAC-0000058962,F7P7YN1KERT4,2023,2024-09-30,851324210
2023-12-GSAFAC-0000058962,F7P7YN1KERT4,2023,2024-09-30,883021438
2023-12-GSAFAC-0000058962,F7P7YN1KERT4,2023,2024-09-30,834295300
2023-12-GSAFAC-0000057495,MVD2FYL8RZU4,2023,2024-09-30,930391573
2023-12-GSAFAC-0000057495,MVD2FYL8RZU4,2023,2024-09-30,930110095
2023-12-GSAFAC-0000057495,MVD2FYL8RZU4,2023,2024-09-30,930396847
2023-12-GSAFAC-0000057495,MVD2FYL8RZU4,2023,2024-09-30,931305493
2023-12-GSAFAC-0000057495,MVD2FYL8RZU4,2023,2024-09-30,931329784
2023-12-GSAFAC-0000057495,MVD2FYL8RZU4,2023,2024-09-30,465619962
2023-12-GSAFAC-0000057495,MVD2FYL8RZU4,2023,2024-09-30,930949704
2023-12-GSAFAC-0000057495,MVD2FYL8RZU4,2023,2024-09-30,320229399
2023-12-GSAFAC-0000057495,MVD2FYL8RZU4,2023,2024-09-30,202860067
2023-12-GSAFAC-0000058575,UXTWG5AF9945,2023,2024-09-30,710693739
2023-12-GSAFAC-0000049857,MJK8RQ95PB44,2023,2024-09-30,470376552
2023-12-GSAFAC-0000049857,MJK8RQ95PB44,2023,2024-09-30,470841285
2023-12-GSAFAC-0000049857,MJK8RQ95PB44,2023,2024-09-30,820906268
2023-12-GSAFAC-0000058369,DQ8MDZ5TPBZ1,2023,2024-09-30,550611919
2023-12-GSAFAC-0000058369,DQ8MDZ5TPBZ1,2023,2024-09-30,311524546
2023-12-GSAFAC-0000058369,DQ8MDZ5TPBZ1,2023,2024-09-30,264058719
2023-12-GSAFAC-0000058369,DQ8MDZ5TPBZ1,2023,2024-09-30,550383321
2023-12-GSAFAC-0000058369,DQ8MDZ5TPBZ1,2023,2024-09-30,550462730
2023-12-GSAFAC-0000058369,DQ8MDZ5TPBZ1,2023,2024-09-30,550359755
2023-12-GSAFAC-0000058369,DQ8MDZ5TPBZ1,2023,2024-09-30,550420956
2023-12-GSAFAC-0000058369,DQ8MDZ5TPBZ1,2023,2024-09-30,550357045
2023-12-GSAFAC-0000058369,DQ8MDZ5TPBZ1,2023,2024-09-30,550356996
2023-12-GSAFAC-0000058369,DQ8MDZ5TPBZ1,2023,2024-09-30,550650441
2023-12-GSAFAC-0000058369,DQ8MDZ5TPBZ1,2023,2024-09-30,550525724
2023-12-GSAFAC-0000058369,DQ8MDZ5TPBZ1,2023,2024-09-30,550638563
2023-12-GSAFAC-0000058369,DQ8MDZ5TPBZ1,2023,2024-09-30,550752788
2023-12-GSAFAC-0000058369,DQ8MDZ5TPBZ1,2023,2024-09-30,550643304
2023-12-GSAFAC-0000058369,DQ8MDZ5TPBZ1,2023,2024-09-30,250965588
2023-12-GSAFAC-0000058369,DQ8MDZ5TPBZ1,2023,2024-09-30,340719172
2023-12-GSAFAC-0000058369,DQ8MDZ5TPBZ1,2023,2024-09-30,843480493
2023-12-GSAFAC-0000058369,DQ8MDZ5TPBZ1,2023,2024-09-30,871846814
2023-12-GSAFAC-0000058369,DQ8MDZ5TPBZ1,2023,2024-09-30,550483245
2023-12-GSAFAC-0000058369,DQ8MDZ5TPBZ1,2023,2024-09-30,550404900
2023-12-GSAFAC-0000058369,DQ8MDZ5TPBZ1,2023,2024-09-30,881740605
2023-12-GSAFAC-0000058369,DQ8MDZ5TPBZ1,2023,2024-09-30,455440305
2023-12-GSAFAC-0000058369,DQ8MDZ5TPBZ1,2023,2024-09-30,852915642
2023-12-GSAFAC-0000058531,RJNPPGFZ8BL3,2023,2024-09-30,311802348
2023-12-GSAFAC-0000057214,HB7NVH9YCEH1,2023,2024-09-30,320060209
2023-12-GSAFAC-0000059448,DHMAVG2SEJN7,2023,2024-09-30,341617183
2023-12-GSAFAC-0000051765,FP1VD1HU5HV7,2023,2024-09-30,131740114
2023-12-GSAFAC-0000051765,FP1VD1HU5HV7,2023,2024-09-30,131739937
2023-12-GSAFAC-0000051765,FP1VD1HU5HV7,2023,2024-09-30,462916938
2023-12-GSAFAC-0000051765,FP1VD1HU5HV7,2023,2024-09-30,462931956
2023-12-GSAFAC-0000051765,FP1VD1HU5HV7,2023,2024-09-30,131740119
2023-12-GSAFAC-0000051765,FP1VD1HU5HV7,2023,2024-09-30,462929888
2023-12-GSAFAC-0000051765,FP1VD1HU5HV7,2023,2024-09-30,141340054
2023-12-GSAFAC-0000051765,FP1VD1HU5HV7,2023,2024-09-30,131740130
2023-12-GSAFAC-0000051765,FP1VD1HU5HV7,2023,2024-09-30,201615393
2023-12-GSAFAC-0000051765,FP1VD1HU5HV7,2023,2024-09-30,462931956
2023-12-GSAFAC-0000051765,FP1VD1HU5HV7,2023,2024-09-30,133877781
2023-12-GSAFAC-0000057919,NCFDWW6VMXK4,2023,2024-09-30,954384333
2023-12-GSAFAC-0000057922,WT9MJ8VP92H7,2023,2024-09-30,111986351
2023-12-GSAFAC-0000057922,WT9MJ8VP92H7,2023,2024-09-30,463556230
2023-12-GSAFAC-0000043862,JQJRMN12HKB6,2023,2024-09-30,861324700
2023-12-GSAFAC-0000057186,DCBCUBQLAEN1,2023,2024-09-30,850688306
2023-12-GSAFAC-0000057186,DCBCUBQLAEN1,2023,2024-09-30,371119538
2023-12-GSAFAC-0000057186,DCBCUBQLAEN1,2023,2024-09-30,370948852
2023-12-GSAFAC-0000057186,DCBCUBQLAEN1,2023,2024-09-30,363637465
2023-12-GSAFAC-0000057186,DCBCUBQLAEN1,2023,2024-09-30,363510390
2023-12-GSAFAC-0000057186,DCBCUBQLAEN1,2023,2024-09-30,371004882
2023-12-GSAFAC-0000057186,DCBCUBQLAEN1,2023,2024-09-30,370661223
2023-12-GSAFAC-0000057186,DCBCUBQLAEN1,2023,2024-09-30,370661223
2023-12-GSAFAC-0000057186,DCBCUBQLAEN1,2023,2024-09-30,370692351
2023-12-GSAFAC-0000057186,DCBCUBQLAEN1,2023,2024-09-30,370681540
2023-12-GSAFAC-0000057186,DCBCUBQLAEN1,2023,2024-09-30,371363001
2023-12-GSAFAC-0000057186,DCBCUBQLAEN1,2023,2024-09-30,371278969
2023-12-GSAFAC-0000056735,RJ6GNPEW1J75,2023,2024-10-01,813045020
2023-12-GSAFAC-0000055486,LA9ZGCSVLHY5,2023,2024-10-01,331084573
2023-12-GSAFAC-0000055486,LA9ZGCSVLHY5,2023,2024-10-01,455039871
2023-12-GSAFAC-0000055486,LA9ZGCSVLHY5,2023,2024-10-01,161750985
2023-12-GSAFAC-0000055486,LA9ZGCSVLHY5,2023,2024-10-01,824248123
2023-12-GSAFAC-0000055486,LA9ZGCSVLHY5,2023,2024-10-01,223494087
2023-12-GSAFAC-0000055486,LA9ZGCSVLHY5,2023,2024-10-01,264020782
2023-12-GSAFAC-0000058622,EBQ5M7RU4RJ7,2023,2024-10-01,237293874
2023-12-GSAFAC-0000058622,EBQ5M7RU4RJ7,2023,2024-10-01,810540517
2023-12-GSAFAC-0000058622,EBQ5M7RU4RJ7,2023,2024-10-01,371518772
2023-12-GSAFAC-0000058622,EBQ5M7RU4RJ7,2023,2024-10-01,810413632
2023-12-GSAFAC-0000058622,EBQ5M7RU4RJ7,2023,2024-10-01,810420653
2023-12-GSAFAC-0000058622,EBQ5M7RU4RJ7,2023,2024-10-01,810530457
2023-12-GSAFAC-0000058622,EBQ5M7RU4RJ7,2023,2024-10-01,810232406
2023-12-GSAFAC-0000058622,EBQ5M7RU4RJ7,2023,2024-10-01,810515463
2023-06-GSAFAC-0000057497,HPRAB7SLXK44,2023,2024-10-01,223887517
2023-12-GSAFAC-0000059472,SVB3D5HM43R4,2023,2024-10-01,921268518
2023-12-GSAFAC-0000053074,QQ3MM48K4863,2023,2024-10-01,731646729
2023-12-GSAFAC-0000053074,QQ3MM48K4863,2023,2024-10-01,743019428
2023-12-GSAFAC-0000053074,QQ3MM48K4863,2023,2024-10-01,831886464
2023-12-GSAFAC-0000053074,QQ3MM48K4863,2023,2024-10-01,814773905
2023-12-GSAFAC-0000053074,QQ3MM48K4863,2023,2024-10-01,822762890
2023-12-GSAFAC-0000053074,QQ3MM48K4863,2023,2024-10-01,814758762
2023-12-GSAFAC-0000053074,QQ3MM48K4863,2023,2024-10-01,753023466
2023-12-GSAFAC-0000053074,QQ3MM48K4863,2023,2024-10-01,823329127
2023-12-GSAFAC-0000053074,QQ3MM48K4863,2023,2024-10-01,743017024
2023-12-GSAFAC-0000053074,QQ3MM48K4863,2023,2024-10-01,743012695
2023-12-GSAFAC-0000053074,QQ3MM48K4863,2023,2024-10-01,743017054
2023-12-GSAFAC-0000053074,QQ3MM48K4863,2023,2024-10-01,412112541
2023-12-GSAFAC-0000053074,QQ3MM48K4863,2023,2024-10-01,842725486
2023-12-GSAFAC-0000053074,QQ3MM48K4863,2023,2024-10-01,743002791
2023-12-GSAFAC-0000053074,QQ3MM48K4863,2023,2024-10-01,743973139
2024-03-GSAFAC-0000056724,P9ULUQX3P8M4,2024,2024-10-01,633345480
2023-12-GSAFAC-0000059546,FGMFFNHLTTU3,2023,2024-10-01,274743848
2024-06-GSAFAC-0000057883,HYMYPY96JAE8,2024,2024-10-01,205236520
2024-06-GSAFAC-0000057883,HYMYPY96JAE8,2024,2024-10-01,421592989
2024-06-GSAFAC-0000057883,HYMYPY96JAE8,2024,2024-10-01,205236196
2024-06-GSAFAC-0000057883,HYMYPY96JAE8,2024,2024-10-01,611233196
2024-06-GSAFAC-0000057883,HYMYPY96JAE8,2024,2024-10-01,263184480
2024-06-GSAFAC-0000057883,HYMYPY96JAE8,2024,2024-10-01,611315536
2024-06-GSAFAC-0000057883,HYMYPY96JAE8,2024,2024-10-01,311498544
2024-06-GSAFAC-0000057883,HYMYPY96JAE8,2024,2024-10-01,300342187
2024-06-GSAFAC-0000057883,HYMYPY96JAE8,2024,2024-10-01,300342189
2024-06-GSAFAC-0000057883,HYMYPY96JAE8,2024,2024-10-01,300342188
2024-06-GSAFAC-0000057883,HYMYPY96JAE8,2024,2024-10-01,300342190
2024-06-GSAFAC-0000057883,HYMYPY96JAE8,2024,2024-10-01,611233199
2024-06-GSAFAC-0000057883,HYMYPY96JAE8,2024,2024-10-01,611233197
2024-06-GSAFAC-0000057883,HYMYPY96JAE8,2024,2024-10-01,611384219
2024-06-GSAFAC-0000057883,HYMYPY96JAE8,2024,2024-10-01,311498541
2024-06-GSAFAC-0000057883,HYMYPY96JAE8,2024,2024-10-01,611233198
2023-06-GSAFAC-0000057842,N6Z1Z39NMFF5,2023,2024-10-02,362936229
2023-12-GSAFAC-0000060064,J9M9ZJWB88M5,2023,2024-10-03,541569525
2023-12-GSAFAC-0000060064,J9M9ZJWB88M5,2023,2024-10-03,264440093
2023-12-GSAFAC-0000060064,J9M9ZJWB88M5,2023,2024-10-03,462201723
2023-12-GSAFAC-0000060064,J9M9ZJWB88M5,2023,2024-10-03,451607524
2023-12-GSAFAC-0000060064,J9M9ZJWB88M5,2023,2024-10-03,541893901
2023-12-GSAFAC-0000060064,J9M9ZJWB88M5,2023,2024-10-03,541954476
2023-12-GSAFAC-0000060064,J9M9ZJWB88M5,2023,2024-10-03,542090908
2023-12-GSAFAC-0000060064,J9M9ZJWB88M5,2023,2024-10-03,753163877
2023-12-GSAFAC-0000060064,J9M9ZJWB88M5,2023,2024-10-03,753163879
2023-12-GSAFAC-0000060064,J9M9ZJWB88M5,2023,2024-10-03,141905406
2023-12-GSAFAC-0000060064,J9M9ZJWB88M5,2023,2024-10-03,202413149
2023-12-GSAFAC-0000060064,J9M9ZJWB88M5,2023,2024-10-03,208771044
2023-12-GSAFAC-0000060064,J9M9ZJWB88M5,2023,2024-10-03,264440162
2023-12-GSAFAC-0000060064,J9M9ZJWB88M5,2023,2024-10-03,270392391
2023-12-GSAFAC-0000060064,J9M9ZJWB88M5,2023,2024-10-03,270393024
2023-12-GSAFAC-0000060064,J9M9ZJWB88M5,2023,2024-10-03,271949623
2023-12-GSAFAC-0000060064,J9M9ZJWB88M5,2023,2024-10-03,451607621
2023-12-GSAFAC-0000060064,J9M9ZJWB88M5,2023,2024-10-03,460613816
2023-12-GSAFAC-0000060064,J9M9ZJWB88M5,2023,2024-10-03,462189789
2023-12-GSAFAC-0000060064,J9M9ZJWB88M5,2023,2024-10-03,471987125
2023-12-GSAFAC-0000060064,J9M9ZJWB88M5,2023,2024-10-03,472478210
2023-12-GSAFAC-0000060064,J9M9ZJWB88M5,2023,2024-10-03,541600987
2023-12-GSAFAC-0000060064,J9M9ZJWB88M5,2023,2024-10-03,541713494
2023-12-GSAFAC-0000060064,J9M9ZJWB88M5,2023,2024-10-03,541893899
2023-12-GSAFAC-0000060064,J9M9ZJWB88M5,2023,2024-10-03,815107799
2024-06-GSAFAC-0000057925,LAYJLA77TK63,2024,2024-10-03,420680245
2024-06-GSAFAC-0000057925,LAYJLA77TK63,2024,2024-10-03,420680420
2024-06-GSAFAC-0000057925,LAYJLA77TK63,2024,2024-10-03,421157665
2024-06-GSAFAC-0000057925,LAYJLA77TK63,2024,2024-10-03,421264664
2024-06-GSAFAC-0000057925,LAYJLA77TK63,2024,2024-10-03,421264666
2024-06-GSAFAC-0000057925,LAYJLA77TK63,2024,2024-10-03,421390033
2024-06-GSAFAC-0000057925,LAYJLA77TK63,2024,2024-10-03,421478832
2024-06-GSAFAC-0000057925,LAYJLA77TK63,2024,2024-10-03,455327981
2022-12-GSAFAC-0000036864,N61KJ5JNCEX7,2022,2024-10-04,042743396
2024-06-GSAFAC-0000058516,Z34VEL44EWC6,2024,2024-10-04,561587480
2024-06-GSAFAC-0000058516,Z34VEL44EWC6,2024,2024-10-04,561998095
2024-06-GSAFAC-0000055232,PJNBQCF7J2N7,2024,2024-10-09,953527031
2024-06-GSAFAC-0000055232,PJNBQCF7J2N7,2024,2024-10-09,330687414
2024-06-GSAFAC-0000055232,PJNBQCF7J2N7,2024,2024-10-09,271504911
2024-06-GSAFAC-0000055232,PJNBQCF7J2N7,2024,2024-10-09,952585792
2023-03-GSAFAC-0000002448,VAGWUFXXQ2F6,2023,2024-10-11,260580544
2023-03-GSAFAC-0000002448,VAGWUFXXQ2F6,2023,2024-10-11,411999938
2023-03-GSAFAC-0000002448,VAGWUFXXQ2F6,2023,2024-10-11,203803271
2023-03-GSAFAC-0000002448,VAGWUFXXQ2F6,2023,2024-10-11,464146773
2023-12-GSAFAC-0000061043,WGTKALFZF3Y5,2023,2024-10-11,810876519
2024-06-GSAFAC-0000060681,HU5ML62NVDK5,2024,2024-10-14,363447067
2024-05-GSAFAC-0000061272,V1N7GWDN9DJ8,2024,2024-10-14,841316133
2024-05-GSAFAC-0000061272,V1N7GWDN9DJ8,2024,2024-10-14,841442909
2024-05-GSAFAC-0000054359,NM2HE9C8A6W7,2024,2024-10-15,452283548
2024-05-GSAFAC-0000054359,NM2HE9C8A6W7,2024,2024-10-15,464828720
2024-06-GSAFAC-0000060833,EMLPFKMHRPA5,2024,2024-10-15,066001618
2023-06-GSAFAC-0000060930,M7AFLCZLZNE5,2023,2024-10-15,546001386
2023-06-GSAFAC-0000060930,M7AFLCZLZNE5,2023,2024-10-15,546001389
2023-09-GSAFAC-0000060433,P6YMXM98FB31,2023,2024-10-16,320363999
2023-09-GSAFAC-0000060433,P6YMXM98FB31,2023,2024-10-16,751609992
2023-06-GSAFAC-0000058780,W8QKYMHVL4Z3,2023,2024-10-16,830254480
2023-06-GSAFAC-0000058780,W8QKYMHVL4Z3,2023,2024-10-16,830260485
2023-06-GSAFAC-0000058780,W8QKYMHVL4Z3,2023,2024-10-16,830217952
2023-06-GSAFAC-0000058780,W8QKYMHVL4Z3,2023,2024-10-16,830256167
2023-06-GSAFAC-0000058780,W8QKYMHVL4Z3,2023,2024-10-16,830234279
2023-06-GSAFAC-0000058780,W8QKYMHVL4Z3,2023,2024-10-16,830299407
2023-12-GSAFAC-0000061360,ZE1UHHRUVD97,2023,2024-10-16,390806359
2023-12-GSAFAC-0000061360,ZE1UHHRUVD97,2023,2024-10-16,390869788
2023-12-GSAFAC-0000061360,ZE1UHHRUVD97,2023,2024-10-16,396089134
2023-12-GSAFAC-0000061360,ZE1UHHRUVD97,2023,2024-10-16,390807068
2023-12-GSAFAC-0000061360,ZE1UHHRUVD97,2023,2024-10-16,390830664
2023-12-GSAFAC-0000061360,ZE1UHHRUVD97,2023,2024-10-16,390871113
2023-12-GSAFAC-0000061360,ZE1UHHRUVD97,2023,2024-10-16,390824015
2024-06-GSAFAC-0000061327,S6U1E5D4J7D8,2024,2024-10-17,363241458
2024-06-GSAFAC-0000061327,S6U1E5D4J7D8,2024,2024-10-17,362222696
2023-09-GSAFAC-0000061832,HPCHBQVY5JB3,2023,2024-10-17,861963790
2024-05-GSAFAC-0000061619,GDR4WSLPSMG5,2024,2024-10-17,510175364
2024-05-GSAFAC-0000061619,GDR4WSLPSMG5,2024,2024-10-17,510156065
2024-05-GSAFAC-0000061619,GDR4WSLPSMG5,2024,2024-10-17,510146615
2024-05-GSAFAC-0000061619,GDR4WSLPSMG5,2024,2024-10-17,310961926
2024-05-GSAFAC-0000061619,GDR4WSLPSMG5,2024,2024-10-17,310962004
2024-05-GSAFAC-0000061619,GDR4WSLPSMG5,2024,2024-10-17,571142879
2024-06-GSAFAC-0000060650,NMFEJ7X3UTV1,2024,2024-10-17,412093509
2024-06-GSAFAC-0000060650,NMFEJ7X3UTV1,2024,2024-10-17,421589809
2023-12-GSAFAC-0000060868,GL5BXTMXX2C8,2023,2024-10-18,851299836
2023-12-GSAFAC-0000060868,GL5BXTMXX2C8,2023,2024-10-18,933498347
2024-06-GSAFAC-0000052334,J1YJH39F9KT8,2024,2024-10-21,626000851
2024-06-GSAFAC-0000052334,J1YJH39F9KT8,2024,2024-10-21,626000853
2024-06-GSAFAC-0000052967,G98CZYL2YR93,2024,2024-10-22,626601706
2024-06-GSAFAC-0000052967,G98CZYL2YR93,2024,2024-10-22,626000823
2024-06-GSAFAC-0000060388,ELU8XNFHD2F5,2024,2024-10-22,880923495
2024-06-GSAFAC-0000039934,DLADQ6661E16,2024,2024-10-23,626000676
2024-06-GSAFAC-0000039934,DLADQ6661E16,2024,2024-10-23,626000678
2024-06-GSAFAC-0000055365,L9SANTM4N7J5,2024,2024-10-23,273600575
2024-06-GSAFAC-0000055365,L9SANTM4N7J5,2024,2024-10-23,380350304
2024-06-GSAFAC-0000055365,L9SANTM4N7J5,2024,2024-10-23,381303843
2024-06-GSAFAC-0000055365,L9SANTM4N7J5,2024,2024-10-23,381362830
2024-06-GSAFAC-0000055365,L9SANTM4N7J5,2024,2024-10-23,381415623
2024-06-GSAFAC-0000055365,L9SANTM4N7J5,2024,2024-10-23,381459366
2024-06-GSAFAC-0000055365,L9SANTM4N7J5,2024,2024-10-23,382191390
2024-06-GSAFAC-0000055365,L9SANTM4N7J5,2024,2024-10-23,382543463
2024-06-GSAFAC-0000055365,L9SANTM4N7J5,2024,2024-10-23,382657917
2024-06-GSAFAC-0000055365,L9SANTM4N7J5,2024,2024-10-23,383097861
2024-06-GSAFAC-0000055365,L9SANTM4N7J5,2024,2024-10-23,383144382
2024-06-GSAFAC-0000055365,L9SANTM4N7J5,2024,2024-10-23,471156297
2024-06-GSAFAC-0000055365,L9SANTM4N7J5,2024,2024-10-23,471161992
2024-06-GSAFAC-0000055365,L9SANTM4N7J5,2024,2024-10-23,383453378
2024-06-GSAFAC-0000061105,Z898SBUA47L7,2024,2024-10-23,833240241
2024-06-GSAFAC-0000054099,XTLMEJCV83U1,2024,2024-10-24,844429002
2024-06-GSAFAC-0000054734,EG7NSRM471A5,2024,2024-10-24,626000808
2024-06-GSAFAC-0000054284,U3NKNFLNQ613,2024,2024-10-24,812812384
2023-12-GSAFAC-0000062178,KD4ZCERKGTR6,2023,2024-10-24,300394476
2024-06-GSAFAC-0000062922,XH33HYLB7PL5,2024,2024-10-25,571016399
2024-06-GSAFAC-0000062922,XH33HYLB7PL5,2024,2024-10-25,570774509
2024-06-GSAFAC-0000062922,XH33HYLB7PL5,2024,2024-10-25,570969158
2024-06-GSAFAC-0000062922,XH33HYLB7PL5,2024,2024-10-25,570956931
2024-06-GSAFAC-0000062922,XH33HYLB7PL5,2024,2024-10-25,311504031
2024-06-GSAFAC-0000062922,XH33HYLB7PL5,2024,2024-10-25,571016402
2024-06-GSAFAC-0000062922,XH33HYLB7PL5,2024,2024-10-25,570990560
2024-06-GSAFAC-0000062922,XH33HYLB7PL5,2024,2024-10-25,582365149
2024-06-GSAFAC-0000058355,X7EGHGS3XKM1,2024,2024-10-25,854122458
2024-06-GSAFAC-0000062631,QLCEPNGARYH3,2024,2024-10-25,231689692
2024-06-GSAFAC-0000062631,QLCEPNGARYH3,2024,2024-10-25,231352202
2024-06-GSAFAC-0000062631,QLCEPNGARYH3,2024,2024-10-25,240795623
2024-06-GSAFAC-0000062631,QLCEPNGARYH3,2024,2024-10-25,232349341
2023-06-GSAFAC-0000062606,HZT4CNTZFJK9,2023,2024-10-25,546001175
2023-06-GSAFAC-0000062606,HZT4CNTZFJK9,2023,2024-10-25,546001178
2024-06-GSAFAC-0000054495,HH76FR98KWB8,2024,2024-10-25,620726044
2024-06-GSAFAC-0000054495,HH76FR98KWB8,2024,2024-10-25,626000885
2024-03-GSAFAC-0000062959,LJGXZD8JD818,2024,2024-10-25,222464198
2024-03-GSAFAC-0000062959,LJGXZD8JD818,2024,2024-10-25,651169183
2024-03-GSAFAC-0000062959,LJGXZD8JD818,2024,2024-10-25,141911330
2024-03-GSAFAC-0000062959,LJGXZD8JD818,2024,2024-10-25,202742194
2024-03-GSAFAC-0000062959,LJGXZD8JD818,2024,2024-10-25,261698575
2024-03-GSAFAC-0000062959,LJGXZD8JD818,2024,2024-10-25,261698675
2024-03-GSAFAC-0000062959,LJGXZD8JD818,2024,2024-10-25,270183023
2024-03-GSAFAC-0000062959,LJGXZD8JD818,2024,2024-10-25,454056126
2024-03-GSAFAC-0000062959,LJGXZD8JD818,2024,2024-10-25,223707174
2024-03-GSAFAC-0000062959,LJGXZD8JD818,2024,2024-10-25,010680960
2024-03-GSAFAC-0000062959,LJGXZD8JD818,2024,2024-10-25,863237623
2024-06-GSAFAC-0000053892,JUPTW7BE56G6,2024,2024-10-25,626000661
2024-06-GSAFAC-0000053892,JUPTW7BE56G6,2024,2024-10-25,626000664
2024-06-GSAFAC-0000061825,E4H8PUBKRR94,2024,2024-10-25,311610834
2024-06-GSAFAC-0000061825,E4H8PUBKRR94,2024,2024-10-25,540506321
2024-06-GSAFAC-0000061825,E4H8PUBKRR94,2024,2024-10-25,541778786
2024-06-GSAFAC-0000061825,E4H8PUBKRR94,2024,2024-10-25,541278865
2024-06-GSAFAC-0000061825,E4H8PUBKRR94,2024,2024-10-25,561960102
2023-06-GSAFAC-0000056996,JNWST397GXV1,2023,2024-10-25,943129466
2023-06-GSAFAC-0000056996,JNWST397GXV1,2023,2024-10-25,943129467
2023-06-GSAFAC-0000056996,JNWST397GXV1,2023,2024-10-25,943129468
2023-06-GSAFAC-0000056996,JNWST397GXV1,2023,2024-10-25,943129469
2023-06-GSAFAC-0000056996,JNWST397GXV1,2023,2024-10-25,943207490
2023-06-GSAFAC-0000056996,JNWST397GXV1,2023,2024-10-25,943390240
2023-09-GSAFAC-0000059812,KQGJMSKBCJK5,2023,2024-10-28,591109823
2023-09-GSAFAC-0000059812,KQGJMSKBCJK5,2023,2024-10-28,591112376
2023-09-GSAFAC-0000059812,KQGJMSKBCJK5,2023,2024-10-28,591665093
2023-09-GSAFAC-0000059812,KQGJMSKBCJK5,2023,2024-10-28,593417742
2023-09-GSAFAC-0000059812,KQGJMSKBCJK5,2023,2024-10-28,596020341
2024-06-GSAFAC-0000063205,QC36DTN39BH7,2024,2024-10-28,311712796
2023-06-GSAFAC-0000059855,PHM7QMAK51R4,2023,2024-10-28,316402047
2023-06-GSAFAC-0000059855,PHM7QMAK51R4,2023,2024-10-28,311337478
2023-06-GSAFAC-0000059855,PHM7QMAK51R4,2023,2024-10-28,311334820
2023-06-GSAFAC-0000059855,PHM7QMAK51R4,2023,2024-10-28,311334821
2023-06-GSAFAC-0000059855,PHM7QMAK51R4,2023,2024-10-28,311334187
2023-06-GSAFAC-0000059855,PHM7QMAK51R4,2023,2024-10-28,316402147
2023-06-GSAFAC-0000059855,PHM7QMAK51R4,2023,2024-10-28,800390759
2023-06-GSAFAC-0000059855,PHM7QMAK51R4,2023,2024-10-28,383988595
2023-06-GSAFAC-0000059855,PHM7QMAK51R4,2023,2024-10-28,316081599
2023-06-GSAFAC-0000059855,PHM7QMAK51R4,2023,2024-10-28,311457550
2023-06-GSAFAC-0000059855,PHM7QMAK51R4,2023,2024-10-28,311334825
2023-06-GSAFAC-0000059855,PHM7QMAK51R4,2023,2024-10-28,384048030
2024-06-GSAFAC-0000062718,FXY2NXVKFBL1,2024,2024-10-29,742187538
2024-06-GSAFAC-0000062718,FXY2NXVKFBL1,2024,2024-10-29,840449936
2024-06-GSAFAC-0000063324,N3SZLNZSJZH3,2024,2024-10-29,461477471
2024-06-GSAFAC-0000063324,N3SZLNZSJZH3,2024,2024-10-29,726000640
2024-03-GSAFAC-0000063317,YJPCJTLR17L5,2024,2024-10-29,840894901
2024-06-GSAFAC-0000063371,PDK2F8P8DK15,2024,2024-10-29,010560598
2024-06-GSAFAC-0000063371,PDK2F8P8DK15,2024,2024-10-29,610444716
2024-06-GSAFAC-0000053986,KJ5QVM5VATN5,2024,2024-10-30,626000758
2024-06-GSAFAC-0000053986,KJ5QVM5VATN5,2024,2024-10-30,621255554
2024-06-GSAFAC-0000062564,LN53C9E23GH6,2024,2024-10-30,201787893
2024-06-GSAFAC-0000062438,K5TMAM98KHD3,2024,2024-10-30,371705906
2024-06-GSAFAC-0000062438,K5TMAM98KHD3,2024,2024-10-30,463214504
2024-06-GSAFAC-0000062438,K5TMAM98KHD3,2024,2024-10-30,330245579
2023-12-GSAFAC-0000063716,EGANZJ6VE623,2023,2024-10-31,223532371
2024-06-GSAFAC-0000054741,EZBNAKLDJ8A6,2024,2024-11-01,626000910
2024-06-GSAFAC-0000054741,EZBNAKLDJ8A6,2024,2024-11-01,626000911
2024-06-GSAFAC-0000063580,MFHDCPJM8394,2024,2024-11-04,710613881
2024-06-GSAFAC-0000063580,MFHDCPJM8394,2024,2024-11-04,208017459
2024-06-GSAFAC-0000060708,PJMWVZFPFMY4,2024,2024-11-04,050465628
2023-09-GSAFAC-0000063078,U3QMHUBDLK79,2023,2024-11-05,382345220
2023-12-GSAFAC-0000051606,WQCEDBM284L6,2023,2024-11-05,203502477
2023-12-GSAFAC-0000051606,WQCEDBM284L6,2023,2024-11-05,203523190
2023-12-GSAFAC-0000051606,WQCEDBM284L6,2023,2024-11-05,264587374
2023-12-GSAFAC-0000051606,WQCEDBM284L6,2023,2024-11-05,271219302
2023-12-GSAFAC-0000051606,WQCEDBM284L6,2023,2024-11-05,272845548
2023-12-GSAFAC-0000051606,WQCEDBM284L6,2023,2024-11-05,461955980
2023-12-GSAFAC-0000051606,WQCEDBM284L6,2023,2024-11-05,474966649
2023-12-GSAFAC-0000051606,WQCEDBM284L6,2023,2024-11-05,540525802
2023-12-GSAFAC-0000051606,WQCEDBM284L6,2023,2024-11-05,541299931
2023-12-GSAFAC-0000051606,WQCEDBM284L6,2023,2024-11-05,352672848
2023-12-GSAFAC-0000051606,WQCEDBM284L6,2023,2024-11-05,541361310
2023-12-GSAFAC-0000051606,WQCEDBM284L6,2023,2024-11-05,541802733
2023-12-GSAFAC-0000051606,WQCEDBM284L6,2023,2024-11-05,542018390
2023-12-GSAFAC-0000051606,WQCEDBM284L6,2023,2024-11-05,542022822
2023-12-GSAFAC-0000051606,WQCEDBM284L6,2023,2024-11-05,830620626
2023-12-GSAFAC-0000051606,WQCEDBM284L6,2023,2024-11-05,833314437
2022-12-GSAFAC-0000057262,WQCEDBM284L6,2022,2024-11-05,203502477
2022-12-GSAFAC-0000057262,WQCEDBM284L6,2022,2024-11-05,203523190
2022-12-GSAFAC-0000057262,WQCEDBM284L6,2022,2024-11-05,264587374
2022-12-GSAFAC-0000057262,WQCEDBM284L6,2022,2024-11-05,271219302
2022-12-GSAFAC-0000057262,WQCEDBM284L6,2022,2024-11-05,272845548
2022-12-GSAFAC-0000057262,WQCEDBM284L6,2022,2024-11-05,461955980
2022-12-GSAFAC-0000057262,WQCEDBM284L6,2022,2024-11-05,474966649
2022-12-GSAFAC-0000057262,WQCEDBM284L6,2022,2024-11-05,540525802
2022-12-GSAFAC-0000057262,WQCEDBM284L6,2022,2024-11-05,541299931
2022-12-GSAFAC-0000057262,WQCEDBM284L6,2022,2024-11-05,352672848
2022-12-GSAFAC-0000057262,WQCEDBM284L6,2022,2024-11-05,541361310
2022-12-GSAFAC-0000057262,WQCEDBM284L6,2022,2024-11-05,541802733
2022-12-GSAFAC-0000057262,WQCEDBM284L6,2022,2024-11-05,542018390
2022-12-GSAFAC-0000057262,WQCEDBM284L6,2022,2024-11-05,542022822
2022-12-GSAFAC-0000057262,WQCEDBM284L6,2022,2024-11-05,830620626
2022-12-GSAFAC-0000057262,WQCEDBM284L6,2022,2024-11-05,833314437
2024-06-GSAFAC-0000060825,YWYEJEYHCA31,2024,2024-11-05,043575676
2024-06-GSAFAC-0000064582,LSPHN5PGDJG3,2024,2024-11-05,470838794
2024-06-GSAFAC-0000060225,KMBMU31B2H17,2024,2024-11-06,203868073
2024-06-GSAFAC-0000064603,N425KANCMQ84,2024,2024-11-06,364429327
2024-06-GSAFAC-0000063243,XJY5QCK8A9V7,2024,2024-11-06,812885619
2024-06-GSAFAC-0000063243,XJY5QCK8A9V7,2024,2024-11-06,232368197
2023-12-GSAFAC-0000064345,C6JMYM7VHAL7,2023,2024-11-06,112771438
2023-12-GSAFAC-0000064345,C6JMYM7VHAL7,2023,2024-11-06,811399451
2024-06-GSAFAC-0000063613,E7KRGSXNHJ57,2024,2024-11-07,561880357
2024-06-GSAFAC-0000063613,E7KRGSXNHJ57,2024,2024-11-07,581943240
2024-06-GSAFAC-0000063613,E7KRGSXNHJ57,2024,2024-11-07,261694368
2024-06-GSAFAC-0000064546,DMNWJ9J4HHB7,2024,2024-11-07,204914943
2024-06-GSAFAC-0000064546,DMNWJ9J4HHB7,2024,2024-11-07,383859756
2024-06-GSAFAC-0000064245,S4M9D4ENNVP6,2024,2024-11-07,521224508
2023-06-GSAFAC-0000057392,GM7WK5Z7A5M1,2023,2024-11-07,546001624
2022-06-GSAFAC-0000065105,J6JTLQLKVSV9,2022,2024-11-08,250965404
2022-06-GSAFAC-0000065105,J6JTLQLKVSV9,2022,2024-11-08,251842046
2022-06-GSAFAC-0000065105,J6JTLQLKVSV9,2022,2024-11-08,232923182
2022-06-GSAFAC-0000065105,J6JTLQLKVSV9,2022,2024-11-08,263843582
2022-06-GSAFAC-0000065105,J6JTLQLKVSV9,2022,2024-11-08,250965210
2022-06-GSAFAC-0000065105,J6JTLQLKVSV9,2022,2024-11-08,251773035
2021-06-GSAFAC-0000041080,HEJDFU1K4E22,2021,2024-11-08,660735092
2023-12-GSAFAC-0000056613,X3J4ZFLNKKM9,2023,2024-11-09,320500680
2023-12-GSAFAC-0000056613,X3J4ZFLNKKM9,2023,2024-11-09,472244954
2023-12-GSAFAC-0000056613,X3J4ZFLNKKM9,2023,2024-11-09,844428544
2023-12-GSAFAC-0000056613,X3J4ZFLNKKM9,2023,2024-11-09,133641265
2023-12-GSAFAC-0000056613,X3J4ZFLNKKM9,2023,2024-11-09,863393224
2024-06-GSAFAC-0000061981,L6AXPAJZ3HR4,2024,2024-11-11,351341204
2024-06-GSAFAC-0000063626,KA96DU7YHWA7,2024,2024-11-11,824447018
2024-06-GSAFAC-0000062455,KNF1M5GF5BM7,2024,2024-11-12,204215109
2024-06-GSAFAC-0000060944,NESLC4E9AGU5,2024,2024-11-12,300255522
2024-06-GSAFAC-0000060944,NESLC4E9AGU5,2024,2024-11-12,431008405
2024-06-GSAFAC-0000060944,NESLC4E9AGU5,2024,2024-11-12,204942869
2024-06-GSAFAC-0000060944,NESLC4E9AGU5,2024,2024-11-12,300255520
2024-06-GSAFAC-0000060944,NESLC4E9AGU5,2024,2024-11-12,431254025
2024-06-GSAFAC-0000064937,P27BJKX9A7N3,2024,2024-11-13,205004218
2024-06-GSAFAC-0000063382,CDRTQKF542N5,2024,2024-11-13,200479568
2024-06-GSAFAC-0000063382,CDRTQKF542N5,2024,2024-11-13,261175213
2024-06-GSAFAC-0000063382,CDRTQKF542N5,2024,2024-11-13,271291124
2024-06-GSAFAC-0000063382,CDRTQKF542N5,2024,2024-11-13,410695602
2024-06-GSAFAC-0000063382,CDRTQKF542N5,2024,2024-11-13,410695604
2024-06-GSAFAC-0000063382,CDRTQKF542N5,2024,2024-11-13,410706143
2024-06-GSAFAC-0000063382,CDRTQKF542N5,2024,2024-11-13,410726173
2024-06-GSAFAC-0000063382,CDRTQKF542N5,2024,2024-11-13,410841441
2024-06-GSAFAC-0000063382,CDRTQKF542N5,2024,2024-11-13,410844574
2024-06-GSAFAC-0000063382,CDRTQKF542N5,2024,2024-11-13,410883623
2024-06-GSAFAC-0000063382,CDRTQKF542N5,2024,2024-11-13,411620386
2024-06-GSAFAC-0000063382,CDRTQKF542N5,2024,2024-11-13,411811073
2024-06-GSAFAC-0000063382,CDRTQKF542N5,2024,2024-11-13,460909870
2024-06-GSAFAC-0000063382,CDRTQKF542N5,2024,2024-11-13,845099016
2023-06-GSAFAC-0000055570,DN3MR2UV3DM7,2023,2024-11-13,880140951
2023-06-GSAFAC-0000055570,DN3MR2UV3DM7,2023,2024-11-13,205665796
2024-06-GSAFAC-0000065694,VCL4WSWE8ZY5,2024,2024-11-14,510642496
2024-06-GSAFAC-0000065778,KLJFAMHHLMM7,2024,2024-11-14,010598494
2024-06-GSAFAC-0000065778,KLJFAMHHLMM7,2024,2024-11-14,043323715
2024-06-GSAFAC-0000065778,KLJFAMHHLMM7,2024,2024-11-14,043323718
2024-06-GSAFAC-0000065778,KLJFAMHHLMM7,2024,2024-11-14,043344288
2024-06-GSAFAC-0000063954,PWD6BQ368DU9,2024,2024-11-14,320152376
2024-06-GSAFAC-0000061336,JSXDVXD6XQ11,2024,2024-11-15,273255982
2024-06-GSAFAC-0000065678,Q68WYJ7DJC77,2024,2024-11-15,043131333
2024-06-GSAFAC-0000065678,Q68WYJ7DJC77,2024,2024-11-15,271924018
2024-06-GSAFAC-0000062103,MGJHC3TKVPM5,2024,2024-11-15,043330930
2024-06-GSAFAC-0000062103,MGJHC3TKVPM5,2024,2024-11-15,562529097
2024-06-GSAFAC-0000062103,MGJHC3TKVPM5,2024,2024-11-15,043331170
2024-06-GSAFAC-0000062103,MGJHC3TKVPM5,2024,2024-11-15,943313535
2024-06-GSAFAC-0000065891,RX3NX95TRBA5,2024,2024-11-15,020630643
2024-06-GSAFAC-0000065891,RX3NX95TRBA5,2024,2024-11-15,201050517
2024-06-GSAFAC-0000065891,RX3NX95TRBA5,2024,2024-11-15,222698009
2024-06-GSAFAC-0000065891,RX3NX95TRBA5,2024,2024-11-15,260744323
2024-06-GSAFAC-0000065891,RX3NX95TRBA5,2024,2024-11-15,261226084
2024-06-GSAFAC-0000065891,RX3NX95TRBA5,2024,2024-11-15,270321439
2024-06-GSAFAC-0000065891,RX3NX95TRBA5,2024,2024-11-15,270467500
2024-06-GSAFAC-0000065891,RX3NX95TRBA5,2024,2024-11-15,364649645
2024-06-GSAFAC-0000065891,RX3NX95TRBA5,2024,2024-11-15,450963380
2023-09-GSAFAC-0000054937,KDYABRXCN245,2023,2024-11-15,731357965
2024-06-GSAFAC-0000061133,TNQMP46NDSL1,2024,2024-11-15,364682140
2024-06-GSAFAC-0000054241,NJMBT82MLMJ6,2024,2024-11-18,626000485
2024-06-GSAFAC-0000054241,NJMBT82MLMJ6,2024,2024-11-18,621078944
2024-06-GSAFAC-0000054241,NJMBT82MLMJ6,2024,2024-11-18,621213023
2024-06-GSAFAC-0000054241,NJMBT82MLMJ6,2024,2024-11-18,620877108
2024-06-GSAFAC-0000054241,NJMBT82MLMJ6,2024,2024-11-18,621333150
2024-06-GSAFAC-0000054241,NJMBT82MLMJ6,2024,2024-11-18,626000481
2024-06-GSAFAC-0000054241,NJMBT82MLMJ6,2024,2024-11-18,620797979
2024-06-GSAFAC-0000054241,NJMBT82MLMJ6,2024,2024-11-18,621798779
2024-06-GSAFAC-0000054241,NJMBT82MLMJ6,2024,2024-11-18,626000482
2024-06-GSAFAC-0000063427,TQTGW9DTTLN6,2024,2024-11-18,264206936
2024-06-GSAFAC-0000063427,TQTGW9DTTLN6,2024,2024-11-18,455106240
2024-06-GSAFAC-0000063427,TQTGW9DTTLN6,2024,2024-11-18,223432885
2024-06-GSAFAC-0000063427,TQTGW9DTTLN6,2024,2024-11-18,222541281
2024-06-GSAFAC-0000063427,TQTGW9DTTLN6,2024,2024-11-18,223538012
2024-06-GSAFAC-0000053088,UKP2L3T9UJZ3,2024,2024-11-18,825141398
2024-06-GSAFAC-0000053088,UKP2L3T9UJZ3,2024,2024-11-18,043247739
2024-06-GSAFAC-0000054933,P82WDAFUK6B4,2024,2024-11-18,626000547
2024-06-GSAFAC-0000054933,P82WDAFUK6B4,2024,2024-11-18,626000546
2023-12-GSAFAC-0000053930,NEF3AJT289M1,2023,2024-11-18,216000663
2024-06-GSAFAC-0000066243,ZYBAZZ3ZEN44,2024,2024-11-19,317170004
2024-06-GSAFAC-0000066243,ZYBAZZ3ZEN44,2024,2024-11-19,550733799
2024-06-GSAFAC-0000066243,ZYBAZZ3ZEN44,2024,2024-11-19,550718164
2022-12-GSAFAC-0000066158,KZMRJB63XQ56,2022,2024-11-19,911559906
2022-12-GSAFAC-0000066158,KZMRJB63XQ56,2022,2024-11-19,463525704
2024-06-GSAFAC-0000063466,NRBPLV2RY7X6,2024,2024-11-19,222545613
2024-06-GSAFAC-0000063466,NRBPLV2RY7X6,2024,2024-11-19,222545563
2024-06-GSAFAC-0000063466,NRBPLV2RY7X6,2024,2024-11-19,223271049
2024-06-GSAFAC-0000063466,NRBPLV2RY7X6,2024,2024-11-19,223572359
2024-06-GSAFAC-0000055218,UFMUEU6JDQK8,2024,2024-11-19,626000603
2023-09-GSAFAC-0000062989,KEBVZNK93W87,2023,2024-11-19,860204662
2023-09-GSAFAC-0000062989,KEBVZNK93W87,2023,2024-11-19,860215931
2024-06-GSAFAC-0000063001,ZZ5WSC7D56X1,2024,2024-11-20,464918535
2024-06-GSAFAC-0000063001,ZZ5WSC7D56X1,2024,2024-11-20,824674349
2023-09-GSAFAC-0000066791,HGNRACXTFNH9,2023,2024-11-20,113433879
2023-09-GSAFAC-0000066791,HGNRACXTFNH9,2023,2024-11-20,510189821
2023-06-GSAFAC-0000058326,MMUTNJ4D7WW6,2023,2024-11-20,061527685
2022-06-GSAFAC-0000002674,MMUTNJ4D7WW6,2022,2024-11-20,061527685
2023-12-GSAFAC-0000064250,KRRNZJFMQV14,2023,2024-11-21,470788396
2023-12-GSAFAC-0000064250,KRRNZJFMQV14,2023,2024-11-21,841141786
2024-06-GSAFAC-0000063033,C1MZSNM5PNJ6,2024,2024-11-21,010688838
2024-06-GSAFAC-0000063033,C1MZSNM5PNJ6,2024,2024-11-21,205661521
2024-06-GSAFAC-0000067102,WCBEFBMFPL86,2024,2024-11-21,540976559
2024-06-GSAFAC-0000063267,NVE2PYMHBNL6,2024,2024-11-21,261379712
2024-06-GSAFAC-0000063267,NVE2PYMHBNL6,2024,2024-11-21,001069463
2024-06-GSAFAC-0000063267,NVE2PYMHBNL6,2024,2024-11-21,237431255
2024-06-GSAFAC-0000063267,NVE2PYMHBNL6,2024,2024-11-21,001619008
2024-06-GSAFAC-0000057229,LZ7JSLK4WYQ1,2024,2024-11-21,620809035
2024-06-GSAFAC-0000057229,LZ7JSLK4WYQ1,2024,2024-11-21,626000536
2024-06-GSAFAC-0000061484,ZTYYL9NL5QX9,2024,2024-11-21,473062508
2024-06-GSAFAC-0000061484,ZTYYL9NL5QX9,2024,2024-11-21,351577679
2024-06-GSAFAC-0000061484,ZTYYL9NL5QX9,2024,2024-11-21,451475026
2024-06-GSAFAC-0000061484,ZTYYL9NL5QX9,2024,2024-11-21,351827682
2024-06-GSAFAC-0000061484,ZTYYL9NL5QX9,2024,2024-11-21,350867980
2024-06-GSAFAC-0000061484,ZTYYL9NL5QX9,2024,2024-11-21,311074018
2024-06-GSAFAC-0000061484,ZTYYL9NL5QX9,2024,2024-11-21,351141484
2024-06-GSAFAC-0000061484,ZTYYL9NL5QX9,2024,2024-11-21,271010344
2024-06-GSAFAC-0000058221,STZ5D1M9DW73,2024,2024-11-21,620630275
2024-06-GSAFAC-0000058221,STZ5D1M9DW73,2024,2024-11-21,626008903
2024-06-GSAFAC-0000066455,HQ3EN27J3K21,2024,2024-11-21,300142607
2024-06-GSAFAC-0000066455,HQ3EN27J3K21,2024,2024-11-21,300235086
2023-06-GSAFAC-0000009999,ZW74JL369923,2023,2024-11-22,061728190
2023-06-GSAFAC-0000009999,ZW74JL369923,2023,2024-11-22,250965274
2023-06-GSAFAC-0000009999,ZW74JL369923,2023,2024-11-22,251010039
2023-06-GSAFAC-0000009999,ZW74JL369923,2023,2024-11-22,251351445
2023-06-GSAFAC-0000009999,ZW74JL369923,2023,2024-11-22,251441961
2023-06-GSAFAC-0000009999,ZW74JL369923,2023,2024-11-22,264263364
2023-06-GSAFAC-0000009999,ZW74JL369923,2023,2024-11-22,264746949
2023-06-GSAFAC-0000009999,ZW74JL369923,2023,2024-11-22,271961562
2023-06-GSAFAC-0000009999,ZW74JL369923,2023,2024-11-22,753126134
2023-06-GSAFAC-0000009999,ZW74JL369923,2023,2024-11-22,813115773
2024-06-GSAFAC-0000066204,QPHQFNHC4U16,2024,2024-11-22,460598447
2024-06-GSAFAC-0000055356,YF9AG9XCMMX4,2024,2024-11-22,626000671
2024-06-GSAFAC-0000055356,YF9AG9XCMMX4,2024,2024-11-22,626000672
2024-06-GSAFAC-0000055356,YF9AG9XCMMX4,2024,2024-11-22,626000673
2023-06-GSAFAC-0000058685,ZUE9HKT2CLC9,2023,2024-11-22,042104690
2023-06-GSAFAC-0000058685,ZUE9HKT2CLC9,2023,2024-11-22,363488183
2023-06-GSAFAC-0000058685,ZUE9HKT2CLC9,2023,2024-11-22,362170866
2024-06-GSAFAC-0000067240,V94MVF2WR7Z9,2024,2024-11-23,412275864
2024-06-GSAFAC-0000067240,V94MVF2WR7Z9,2024,2024-11-23,383902564
2024-06-GSAFAC-0000067240,V94MVF2WR7Z9,2024,2024-11-23,134234624
2024-06-GSAFAC-0000067240,V94MVF2WR7Z9,2024,2024-11-23,043403292
2024-06-GSAFAC-0000067240,V94MVF2WR7Z9,2024,2024-11-23,043270644
2024-06-GSAFAC-0000066954,U4KHJKG5FB18,2024,2024-11-25,273645560
2024-06-GSAFAC-0000066954,U4KHJKG5FB18,2024,2024-11-25,843196350
2024-06-GSAFAC-0000066954,U4KHJKG5FB18,2024,2024-11-25,611293786
2024-06-GSAFAC-0000059981,H14YPSTJEF76,2024,2024-11-25,626000888
2024-06-GSAFAC-0000059981,H14YPSTJEF76,2024,2024-11-25,626000889
2024-06-GSAFAC-0000065634,N7D8BEBH2FD5,2024,2024-11-25,522011066
2024-06-GSAFAC-0000063485,NSLJNH8ZE7Y8,2024,2024-11-25,364881805
2023-06-GSAFAC-0000064629,G7K7HMWE8E78,2023,2024-11-25,311532716
2024-06-GSAFAC-0000065358,UK4MUBFQPDK1,2024,2024-11-25,363944647
2024-06-GSAFAC-0000065358,UK4MUBFQPDK1,2024,2024-11-25,364236976
2024-06-GSAFAC-0000061462,HJXCTMXF7MP3,2024,2024-11-25,208906852
2024-06-GSAFAC-0000061462,HJXCTMXF7MP3,2024,2024-11-25,351049596
2024-06-GSAFAC-0000065033,HZRXG8BGUNW1,2024,2024-11-25,300673850
2024-06-GSAFAC-0000066478,FTVGL2C3DKM6,2024,2024-11-25,233054174
2024-06-GSAFAC-0000067232,QYLNGJV249J8,2024,2024-11-26,223302772
2024-06-GSAFAC-0000067232,QYLNGJV249J8,2024,2024-11-26,311580334
2024-06-GSAFAC-0000055521,EDNLESER7JJ7,2024,2024-11-26,626000875
2024-06-GSAFAC-0000067287,LJT7M7C5D8K6,2024,2024-11-26,042665107
2024-06-GSAFAC-0000067287,LJT7M7C5D8K6,2024,2024-11-26,205177577
2024-06-GSAFAC-0000067287,LJT7M7C5D8K6,2024,2024-11-26,454806309
2024-06-GSAFAC-0000067287,LJT7M7C5D8K6,2024,2024-11-26,911937965
2024-06-GSAFAC-0000066266,T2RUKCBNB4M3,2024,2024-11-26,873602177
2024-06-GSAFAC-0000066266,T2RUKCBNB4M3,2024,2024-11-26,465315289
2024-06-GSAFAC-0000065954,JYARDEBDTK26,2024,2024-11-26,251876056
2024-06-GSAFAC-0000065954,JYARDEBDTK26,2024,2024-11-26,251691194
2024-06-GSAFAC-0000065954,JYARDEBDTK26,2024,2024-11-26,710875076
2024-06-GSAFAC-0000065954,JYARDEBDTK26,2024,2024-11-26,251522445
2024-06-GSAFAC-0000064638,FQ1GU6LYGDT3,2024,2024-11-26,422404287
2024-06-GSAFAC-0000064704,X6JLFEKZY1P7,2024,2024-11-26,134054564
2024-06-GSAFAC-0000064704,X6JLFEKZY1P7,2024,2024-11-26,208873951
2024-06-GSAFAC-0000064704,X6JLFEKZY1P7,2024,2024-11-26,261438196
2024-06-GSAFAC-0000064704,X6JLFEKZY1P7,2024,2024-11-26,261438757
2024-06-GSAFAC-0000064704,X6JLFEKZY1P7,2024,2024-11-26,274062272
2024-06-GSAFAC-0000064704,X6JLFEKZY1P7,2024,2024-11-26,274062370
2024-06-GSAFAC-0000064704,X6JLFEKZY1P7,2024,2024-11-26,320356964
2024-06-GSAFAC-0000064704,X6JLFEKZY1P7,2024,2024-11-26,352425255
2024-06-GSAFAC-0000064704,X6JLFEKZY1P7,2024,2024-11-26,371651790
2024-06-GSAFAC-0000064704,X6JLFEKZY1P7,2024,2024-11-26,611663479
2024-06-GSAFAC-0000064704,X6JLFEKZY1P7,2024,2024-11-26,813640078
2024-06-GSAFAC-0000064704,X6JLFEKZY1P7,2024,2024-11-26,832256563
2024-06-GSAFAC-0000064704,X6JLFEKZY1P7,2024,2024-11-26,882249703
2024-06-GSAFAC-0000053805,SEJSLWUCL1E6,2024,2024-11-26,626000882
2024-06-GSAFAC-0000053805,SEJSLWUCL1E6,2024,2024-11-26,626000881
2024-06-GSAFAC-0000065485,DUPLNNK6N5P1,2024,2024-11-26,743248920
2024-06-GSAFAC-0000065485,DUPLNNK6N5P1,2024,2024-11-26,800649502
2024-06-GSAFAC-0000065485,DUPLNNK6N5P1,2024,2024-11-26,223128809
2024-06-GSAFAC-0000065485,DUPLNNK6N5P1,2024,2024-11-26,943469228
2024-03-GSAFAC-0000067969,NMLBXHFJJG69,2024,2024-11-26,810980965
2024-03-GSAFAC-0000067969,NMLBXHFJJG69,2024,2024-11-26,473876106
2024-03-GSAFAC-0000067969,NMLBXHFJJG69,2024,2024-11-26,461742341
2024-06-GSAFAC-0000064646,HKFNF96ZVWK8,2024,2024-11-27,454342144
2023-12-GSAFAC-0000068031,MKRCG9CMNN75,2023,2024-11-27,831485581
2024-06-GSAFAC-0000065684,NJNWXLXWYMF8,2024,2024-11-27,261150169
2024-06-GSAFAC-0000065684,NJNWXLXWYMF8,2024,2024-11-27,261473978
2024-06-GSAFAC-0000065684,NJNWXLXWYMF8,2024,2024-11-27,272230034
2024-06-GSAFAC-0000065684,NJNWXLXWYMF8,2024,2024-11-27,270455705
2024-06-GSAFAC-0000065684,NJNWXLXWYMF8,2024,2024-11-27,201505451
2024-06-GSAFAC-0000065684,NJNWXLXWYMF8,2024,2024-11-27,270147039
2024-06-GSAFAC-0000065684,NJNWXLXWYMF8,2024,2024-11-27,474794048
2024-06-GSAFAC-0000065684,NJNWXLXWYMF8,2024,2024-11-27,880557773
2024-06-GSAFAC-0000065684,NJNWXLXWYMF8,2024,2024-11-27,921914061
2024-06-GSAFAC-0000065684,NJNWXLXWYMF8,2024,2024-11-27,813606443
2024-06-GSAFAC-0000065684,NJNWXLXWYMF8,2024,2024-11-27,880536886
2024-06-GSAFAC-0000064264,Q1D5YADSDLW3,2024,2024-11-27,431235755
2024-06-GSAFAC-0000064264,Q1D5YADSDLW3,2024,2024-11-27,431528548
2024-06-GSAFAC-0000064264,Q1D5YADSDLW3,2024,2024-11-27,431926087
2024-06-GSAFAC-0000064264,Q1D5YADSDLW3,2024,2024-11-27,431338511
2024-06-GSAFAC-0000064264,Q1D5YADSDLW3,2024,2024-11-27,430653242
2024-06-GSAFAC-0000064264,Q1D5YADSDLW3,2024,2024-11-27,430653519
2024-06-GSAFAC-0000064264,Q1D5YADSDLW3,2024,2024-11-27,430782209
2024-06-GSAFAC-0000064264,Q1D5YADSDLW3,2024,2024-11-27,743169773
2024-06-GSAFAC-0000064264,Q1D5YADSDLW3,2024,2024-11-27,455598827
2024-06-GSAFAC-0000064264,Q1D5YADSDLW3,2024,2024-11-27,431246269
2024-06-GSAFAC-0000064264,Q1D5YADSDLW3,2024,2024-11-27,431263499
2024-06-GSAFAC-0000064264,Q1D5YADSDLW3,2024,2024-11-27,431297933
2024-06-GSAFAC-0000064264,Q1D5YADSDLW3,2024,2024-11-27,431350160
2024-06-GSAFAC-0000064264,Q1D5YADSDLW3,2024,2024-11-27,431024440
2024-06-GSAFAC-0000064264,Q1D5YADSDLW3,2024,2024-11-27,430811604
2023-12-GSAFAC-0000067829,F6XTDWEDFKY5,2023,2024-11-29,953677444
2024-06-GSAFAC-0000056211,LGCMDD6KKBT8,2024,2024-12-02,606000610
2024-06-GSAFAC-0000056211,LGCMDD6KKBT8,2024,2024-12-02,606000609
2024-06-GSAFAC-0000060058,K8CTCDACL9F8,2024,2024-12-02,626000582
2024-06-GSAFAC-0000060058,K8CTCDACL9F8,2024,2024-12-02,626000583
2024-06-GSAFAC-0000054538,K775WGAPHBM1,2024,2024-12-02,626016875
2024-06-GSAFAC-0000054538,K775WGAPHBM1,2024,2024-12-02,626000644
2024-06-GSAFAC-0000066250,DFX5MN4GKVL5,2024,2024-12-02,273251347
2024-06-GSAFAC-0000064451,EMYVJCLLJCD5,2024,2024-12-02,481087627
2024-06-GSAFAC-0000064451,EMYVJCLLJCD5,2024,2024-12-02,481087628
2024-06-GSAFAC-0000067594,EFZMPZAJTZS9,2024,2024-12-02,546001316
2024-06-GSAFAC-0000068335,HW9LU4LT5673,2024,2024-12-02,812787403
2023-09-GSAFAC-0000044271,JUZBTEWW8EZ5,2023,2024-12-02,262835929
2023-09-GSAFAC-0000044271,JUZBTEWW8EZ5,2023,2024-12-02,636004942
2024-06-GSAFAC-0000056427,K2KBW9YM3AY1,2024,2024-12-03,421427313
2024-06-GSAFAC-0000061626,KB8GZLYS8M76,2024,2024-12-03,636000510
2024-06-GSAFAC-0000060333,HJ5DV1WG8GZ6,2024,2024-12-03,626000573
2024-06-GSAFAC-0000060333,HJ5DV1WG8GZ6,2024,2024-12-03,626000571
2024-06-GSAFAC-0000059610,ZAFGS74383N9,2024,2024-12-03,621433408
2024-06-GSAFAC-0000059610,ZAFGS74383N9,2024,2024-12-03,626000688
2024-06-GSAFAC-0000059610,ZAFGS74383N9,2024,2024-12-03,626000687
2024-06-GSAFAC-0000063296,CNUUB31H7KV5,2024,2024-12-03,874397535
2024-06-GSAFAC-0000062219,NJ24BM8CYWZ3,2024,2024-12-03,942515428
2023-06-GSAFAC-0000068524,E63ZPD21L9G3,2024,2024-12-03,264492497
2023-06-GSAFAC-0000068524,E63ZPD21L9G3,2024,2024-12-03,273746927
2024-06-GSAFAC-0000065904,ZNTTNLCC5NL1,2024,2024-12-03,546001210
2024-06-GSAFAC-0000066945,MMVSXTC37FZ8,2024,2024-12-03,800093474
2024-06-GSAFAC-0000066945,MMVSXTC37FZ8,2024,2024-12-03,201209604
2024-06-GSAFAC-0000066945,MMVSXTC37FZ8,2024,2024-12-03,223732618
2024-06-GSAFAC-0000066945,MMVSXTC37FZ8,2024,2024-12-03,223732619
2024-06-GSAFAC-0000066945,MMVSXTC37FZ8,2024,2024-12-03,200537063
2024-06-GSAFAC-0000066945,MMVSXTC37FZ8,2024,2024-12-03,020537061
2024-06-GSAFAC-0000066945,MMVSXTC37FZ8,2024,2024-12-03,161698367
2024-06-GSAFAC-0000061950,GEDAKXD3RH21,2024,2024-12-03,626000507
2024-06-GSAFAC-0000061950,GEDAKXD3RH21,2024,2024-12-03,626000505
2024-06-GSAFAC-0000060842,J5JETRML8615,2024,2024-12-03,626000570
2024-06-GSAFAC-0000068025,YDMVPF8DTLG9,2024,2024-12-04,203212866
2024-06-GSAFAC-0000066735,ES1MHJ815XS1,2024,2024-12-04,546001342
2024-06-GSAFAC-0000065463,RULMEM51MWJ3,2024,2024-12-05,300139018
2024-06-GSAFAC-0000065463,RULMEM51MWJ3,2024,2024-12-05,412201540
2024-06-GSAFAC-0000065463,RULMEM51MWJ3,2024,2024-12-05,300472109
2024-06-GSAFAC-0000065463,RULMEM51MWJ3,2024,2024-12-05,020593101
2024-06-GSAFAC-0000065463,RULMEM51MWJ3,2024,2024-12-05,202176751
2024-06-GSAFAC-0000066909,U5T3SBMSBDF4,2024,2024-12-05,042103596
2024-06-GSAFAC-0000068309,XGYBT861BM76,2024,2024-12-05,061333509
2024-06-GSAFAC-0000068309,XGYBT861BM76,2024,2024-12-05,611716173
2024-06-GSAFAC-0000068739,E9MJSAXECR91,2024,2024-12-05,931595634
2024-06-GSAFAC-0000061428,L2FLX1LG2J83,2024,2024-12-05,626000551
2024-06-GSAFAC-0000061428,L2FLX1LG2J83,2024,2024-12-05,626000550
2024-06-GSAFAC-0000065317,L2MKKXJMJRH8,2024,2024-12-05,830211366
2024-06-GSAFAC-0000068873,JRSQR8PAE1L3,2024,2024-12-05,626000790
2024-06-GSAFAC-0000067030,F9W8NJJ41QX5,2024,2024-12-06,237161463
2024-06-GSAFAC-0000067030,F9W8NJJ41QX5,2024,2024-12-06,043718347
2024-06-GSAFAC-0000063276,FYPENE4ABBG6,2024,2024-12-06,626000479
2024-06-GSAFAC-0000063276,FYPENE4ABBG6,2024,2024-12-06,626000474
2024-06-GSAFAC-0000063276,FYPENE4ABBG6,2024,2024-12-06,626000475
2024-06-GSAFAC-0000063276,FYPENE4ABBG6,2024,2024-12-06,626000473
2024-03-GSAFAC-0000069421,N7XLYHWA1V79,2024,2024-12-06,364186519
2024-06-GSAFAC-0000069069,N11BXVEHE144,2024,2024-12-06,311071152
2024-06-GSAFAC-0000069069,N11BXVEHE144,2024,2024-12-06,208284525
2024-06-GSAFAC-0000069069,N11BXVEHE144,2024,2024-12-06,452943885
2024-06-GSAFAC-0000069069,N11BXVEHE144,2024,2024-12-06,611121090
2024-06-GSAFAC-0000069069,N11BXVEHE144,2024,2024-12-06,611197663
2024-06-GSAFAC-0000069069,N11BXVEHE144,2024,2024-12-06,611175674
2024-06-GSAFAC-0000069106,Q65XV36C4VR5,2024,2024-12-06,546000957
2024-06-GSAFAC-0000069015,J3VJP6KKXA49,2024,2024-12-06,954253163
2024-06-GSAFAC-0000069015,J3VJP6KKXA49,2024,2024-12-06,954253162
2024-06-GSAFAC-0000066189,TE7NY33LUGJ7,2024,2024-12-06,042711936
2024-06-GSAFAC-0000066189,TE7NY33LUGJ7,2024,2024-12-06,237203001
2024-06-GSAFAC-0000066189,TE7NY33LUGJ7,2024,2024-12-06,042630078
2024-06-GSAFAC-0000066189,TE7NY33LUGJ7,2024,2024-12-06,042587863
2024-06-GSAFAC-0000066189,TE7NY33LUGJ7,2024,2024-12-06,260492878
2024-06-GSAFAC-0000066189,TE7NY33LUGJ7,2024,2024-12-06,562305098
2024-06-GSAFAC-0000068293,M9MYFN337FB9,2024,2024-12-08,201476451
2024-06-GSAFAC-0000069120,K63GSZHMURP4,2024,2024-12-09,852763339
2024-06-GSAFAC-0000069167,GHMUR8F8ER13,2024,2024-12-10,546001231
2024-06-GSAFAC-0000069167,GHMUR8F8ER13,2024,2024-12-10,546001232
2024-06-GSAFAC-0000065970,YWQ7CJRKQNX6,2024,2024-12-10,311758251
2024-06-GSAFAC-0000065970,YWQ7CJRKQNX6,2024,2024-12-10,300233972
2024-06-GSAFAC-0000065970,YWQ7CJRKQNX6,2024,2024-12-10,311695981
2024-06-GSAFAC-0000065970,YWQ7CJRKQNX6,2024,2024-12-10,300100167
2024-06-GSAFAC-0000065970,YWQ7CJRKQNX6,2024,2024-12-10,300142664
2024-06-GSAFAC-0000065970,YWQ7CJRKQNX6,2024,2024-12-10,043373843
2024-06-GSAFAC-0000065970,YWQ7CJRKQNX6,2024,2024-12-10,311695823
2024-06-GSAFAC-0000067211,EH8XLZA2ACN6,2024,2024-12-10,264412391
2024-06-GSAFAC-0000067211,EH8XLZA2ACN6,2024,2024-12-10,800790996
2024-06-GSAFAC-0000068559,HUKFSDXN5BY6,2024,2024-12-10,462270808
2024-06-GSAFAC-0000065975,L5DXZD52WLL5,2024,2024-12-10,275173077
2024-06-GSAFAC-0000066406,XZ9ZFLCMJAM1,2024,2024-12-11,900609374
2024-06-GSAFAC-0000066406,XZ9ZFLCMJAM1,2024,2024-12-11,903272589
2024-06-GSAFAC-0000066406,XZ9ZFLCMJAM1,2024,2024-12-11,043272590
2024-06-GSAFAC-0000067746,D9H9WUJTUQ26,2024,2024-12-11,371838408
2024-06-GSAFAC-0000065302,F8WGYAGJY4J4,2024,2024-12-11,546001584
2024-06-GSAFAC-0000069706,HH9EAJVWDLU7,2024,2024-12-11,133663944
2024-06-GSAFAC-0000069706,HH9EAJVWDLU7,2024,2024-12-11,223878152
2024-06-GSAFAC-0000069706,HH9EAJVWDLU7,2024,2024-12-11,263582124
2024-06-GSAFAC-0000069706,HH9EAJVWDLU7,2024,2024-12-11,270694371
2024-06-GSAFAC-0000069706,HH9EAJVWDLU7,2024,2024-12-11,814587242
2024-06-GSAFAC-0000069706,HH9EAJVWDLU7,2024,2024-12-11,134015729
2024-06-GSAFAC-0000069706,HH9EAJVWDLU7,2024,2024-12-11,471111105
2024-06-GSAFAC-0000069279,KN3XE3TDLMV5,2024,2024-12-11,621661792
2024-06-GSAFAC-0000069279,KN3XE3TDLMV5,2024,2024-12-11,471430263
2024-06-GSAFAC-0000069279,KN3XE3TDLMV5,2024,2024-12-11,813711034
2024-06-GSAFAC-0000069279,KN3XE3TDLMV5,2024,2024-12-11,621661720
2024-06-GSAFAC-0000069279,KN3XE3TDLMV5,2024,2024-12-11,993019225
2024-06-GSAFAC-0000069312,GHVFCH5A76F4,2024,2024-12-11,454549405
2022-06-GSAFAC-0000344200,J6JTLQLKVSV9,2022,2024-12-11,251842046
2022-06-GSAFAC-0000344200,J6JTLQLKVSV9,2022,2024-12-11,232923182
2022-06-GSAFAC-0000344200,J6JTLQLKVSV9,2022,2024-12-11,263843582
2024-08-GSAFAC-0000067587,KJFABN74KUE6,2024,2024-12-11,205497203
2024-08-GSAFAC-0000067587,KJFABN74KUE6,2024,2024-12-11,473033550
2024-08-GSAFAC-0000067587,KJFABN74KUE6,2024,2024-12-11,611480774
2024-08-GSAFAC-0000067587,KJFABN74KUE6,2024,2024-12-11,311506378
2024-06-GSAFAC-0000344375,EVC3LH3NM843,2024,2024-12-11,850824719
2024-06-GSAFAC-0000065659,PC6GM9GNWJB7,2024,2024-12-12,061569439
2024-06-GSAFAC-0000065659,PC6GM9GNWJB7,2024,2024-12-12,300162655
2024-06-GSAFAC-0000065659,PC6GM9GNWJB7,2024,2024-12-12,043233283
2024-06-GSAFAC-0000065659,PC6GM9GNWJB7,2024,2024-12-12,043546321
2024-06-GSAFAC-0000065659,PC6GM9GNWJB7,2024,2024-12-12,311758843
2024-06-GSAFAC-0000065659,PC6GM9GNWJB7,2024,2024-12-12,223215740
2024-06-GSAFAC-0000065659,PC6GM9GNWJB7,2024,2024-12-12,043259610
2024-06-GSAFAC-0000065659,PC6GM9GNWJB7,2024,2024-12-12,300162656
2024-06-GSAFAC-0000065659,PC6GM9GNWJB7,2024,2024-12-12,311740060
2024-06-GSAFAC-0000069900,NJ2LM9KK2316,2024,2024-12-12,546001133
2024-06-GSAFAC-0000069900,NJ2LM9KK2316,2024,2024-12-12,541585719
2024-06-GSAFAC-0000066297,F5XNKJYXFVM3,2024,2024-12-12,510172774
2024-06-GSAFAC-0000065546,NPBTVHZQ2P65,2024,2024-12-12,461549267
2024-06-GSAFAC-0000065546,NPBTVHZQ2P65,2024,2024-12-12,320048804
2024-06-GSAFAC-0000065546,NPBTVHZQ2P65,2024,2024-12-12,451619072
2024-03-GSAFAC-0000065514,JCM1MC1G49J4,2024,2024-12-12,650713573
2024-06-GSAFAC-0000344491,GMZ5BMCLTY65,2024,2024-12-12,626012694
2024-06-GSAFAC-0000066805,V7K5YZWD2F49,2024,2024-12-12,710547043
2024-06-GSAFAC-0000066805,V7K5YZWD2F49,2024,2024-12-12,454616350
2024-06-GSAFAC-0000066805,V7K5YZWD2F49,2024,2024-12-12,320188570
2024-06-GSAFAC-0000066805,V7K5YZWD2F49,2024,2024-12-12,930354527
2024-06-GSAFAC-0000066805,V7K5YZWD2F49,2024,2024-12-12,710840860
2024-03-GSAFAC-0000344125,Q9TDZMN6V428,2024,2024-12-13,160743906
2024-06-GSAFAC-0000344855,QQCNFCJDL732,2024,2024-12-13,546001255
2024-06-GSAFAC-0000068248,PXL4H76V4M41,2024,2024-12-13,320337272
2024-06-GSAFAC-0000068248,PXL4H76V4M41,2024,2024-12-13,384050513
2019-09-GSAFAC-0000344985,RRLLHARKEFZ8,2019,2024-12-13,371857364
2024-06-GSAFAC-0000344769,L9HLNE16ZQW5,2024,2024-12-16,030463073
2024-06-GSAFAC-0000344769,L9HLNE16ZQW5,2024,2024-12-16,201044089
2024-06-GSAFAC-0000065887,W4HJEY37JEJ5,2024,2024-12-16,161285546
2024-06-GSAFAC-0000060205,KNZJMQLX3F19,2024,2024-12-16,626000724
2024-06-GSAFAC-0000060205,KNZJMQLX3F19,2024,2024-12-16,620672547
2024-06-GSAFAC-0000344883,WQ9RYBVLJ7R8,2024,2024-12-16,546001313
2024-06-GSAFAC-0000069203,Z2RUETN8LLM4,2024,2024-12-16,850162247
2021-12-GSAFAC-0000055183,TNVWL3E1XHF3,2021,2024-12-16,351330130
2023-06-GSAFAC-0000034941,VNYJDN3UGLQ5,2023,2024-12-16,455027788
2024-06-GSAFAC-0000060429,NEYTKEM6HN99,2024,2024-12-16,237454575
2024-06-GSAFAC-0000063681,L2J2BHW7LAE7,2024,2024-12-16,626000893
2024-06-GSAFAC-0000063681,L2J2BHW7LAE7,2024,2024-12-16,626000897
2024-06-GSAFAC-0000063681,L2J2BHW7LAE7,2024,2024-12-16,626000899
2024-06-GSAFAC-0000063681,L2J2BHW7LAE7,2024,2024-12-16,620874127
2024-06-GSAFAC-0000062109,TCWWZ6RW7NL8,2024,2024-12-16,626000736
2024-06-GSAFAC-0000345380,JPP5WK1AP1H3,2024,2024-12-16,546001521
2024-06-GSAFAC-0000344752,ZKU8R668GNR4,2024,2024-12-16,541642458
2024-06-GSAFAC-0000344752,ZKU8R668GNR4,2024,2024-12-16,546001510
2024-06-GSAFAC-0000345350,XRUYEHF9FBV8,2024,2024-12-17,546001399
2024-06-GSAFAC-0000345473,TUM2AUHHALP2,2024,2024-12-17,541942228
2024-06-GSAFAC-0000069364,XHJJSUAL4H89,2024,2024-12-17,463705759
2024-06-GSAFAC-0000069364,XHJJSUAL4H89,2024,2024-12-17,522325727
2024-06-GSAFAC-0000069364,XHJJSUAL4H89,2024,2024-12-17,742622426
2024-06-GSAFAC-0000069364,XHJJSUAL4H89,2024,2024-12-17,901078761
2024-06-GSAFAC-0000069364,XHJJSUAL4H89,2024,2024-12-17,882325729
2024-06-GSAFAC-0000068316,HPMPHYRFX5T5,2024,2024-12-17,461268147
2024-06-GSAFAC-0000069754,VLP6L7L9HEJ3,2024,2024-12-17,464542064
2024-06-GSAFAC-0000056205,DPCXM6A1QBQ7,2024,2024-12-17,626000915
2023-12-GSAFAC-0000069689,K656PGNEBNQ8,2023,2024-12-17,200017440
2023-12-GSAFAC-0000069689,K656PGNEBNQ8,2023,2024-12-17,232654908
2023-12-GSAFAC-0000069689,K656PGNEBNQ8,2023,2024-12-17,232654910
2023-12-GSAFAC-0000069689,K656PGNEBNQ8,2023,2024-12-17,232744765
2023-12-GSAFAC-0000069689,K656PGNEBNQ8,2023,2024-12-17,342021326
2023-12-GSAFAC-0000069689,K656PGNEBNQ8,2023,2024-12-17,522360561
2024-06-GSAFAC-0000344975,W7DSJ4G7YLN5,2024,2024-12-17,546001227
2024-06-GSAFAC-0000344357,XF3XM9642N96,2024,2024-12-17,231352000
2024-06-GSAFAC-0000069332,W2ZUFMBDM378,2024,2024-12-17,521464034
2024-06-GSAFAC-0000069332,W2ZUFMBDM378,2024,2024-12-17,540805373
2024-06-GSAFAC-0000345052,GLBPCNCAQ4S4,2024,2024-12-17,540972327
2023-06-GSAFAC-0000063713,E5ARSPNBRNT7,2023,2024-12-17,860196696
2023-06-GSAFAC-0000063713,E5ARSPNBRNT7,2023,2024-12-17,742579628
2023-06-GSAFAC-0000063713,E5ARSPNBRNT7,2023,2024-12-17,742652689
2023-06-GSAFAC-0000063713,E5ARSPNBRNT7,2023,2024-12-17,452356396
2023-06-GSAFAC-0000063713,E5ARSPNBRNT7,2023,2024-12-17,866074618
2024-06-GSAFAC-0000064290,KPYJWKDJM569,2024,2024-12-18,042968080
2024-06-GSAFAC-0000064290,KPYJWKDJM569,2024,2024-12-18,043088163
2024-06-GSAFAC-0000064290,KPYJWKDJM569,2024,2024-12-18,043112143
2024-06-GSAFAC-0000064290,KPYJWKDJM569,2024,2024-12-18,043154255
2024-06-GSAFAC-0000064290,KPYJWKDJM569,2024,2024-12-18,043174043
2024-06-GSAFAC-0000064290,KPYJWKDJM569,2024,2024-12-18,043174475
2024-06-GSAFAC-0000064290,KPYJWKDJM569,2024,2024-12-18,043223566
2024-06-GSAFAC-0000064290,KPYJWKDJM569,2024,2024-12-18,043224452
2024-06-GSAFAC-0000064290,KPYJWKDJM569,2024,2024-12-18,043232049
2024-06-GSAFAC-0000064290,KPYJWKDJM569,2024,2024-12-18,043232887
2024-06-GSAFAC-0000064290,KPYJWKDJM569,2024,2024-12-18,043284871
2024-06-GSAFAC-0000064290,KPYJWKDJM569,2024,2024-12-18,043284877
2024-06-GSAFAC-0000064290,KPYJWKDJM569,2024,2024-12-18,043292010
2024-06-GSAFAC-0000064290,KPYJWKDJM569,2024,2024-12-18,043295314
2024-06-GSAFAC-0000064290,KPYJWKDJM569,2024,2024-12-18,043340010
2024-06-GSAFAC-0000064290,KPYJWKDJM569,2024,2024-12-18,043392438
2024-06-GSAFAC-0000064290,KPYJWKDJM569,2024,2024-12-18,043401624
2024-06-GSAFAC-0000064290,KPYJWKDJM569,2024,2024-12-18,043517856
2024-06-GSAFAC-0000064290,KPYJWKDJM569,2024,2024-12-18,043517858
2024-06-GSAFAC-0000064290,KPYJWKDJM569,2024,2024-12-18,043566433
2024-06-GSAFAC-0000064290,KPYJWKDJM569,2024,2024-12-18,583681830
2024-06-GSAFAC-0000064290,KPYJWKDJM569,2024,2024-12-18,463629621
2024-06-GSAFAC-0000069927,ZFCQEBMYAKY6,2024,2024-12-18,546001692
2024-06-GSAFAC-0000069927,ZFCQEBMYAKY6,2024,2024-12-18,546001693
2024-06-GSAFAC-0000061758,CHQUHD9UFA37,2024,2024-12-18,462248018
2023-06-GSAFAC-0000034608,CHQUHD9UFA37,2023,2024-12-18,462248018
2024-06-GSAFAC-0000345141,KL1NCJ98GKX7,2024,2024-12-18,223051402
2024-06-GSAFAC-0000069337,GCA9M7J981X5,2024,2024-12-18,042491704
2024-06-GSAFAC-0000066234,QVW5Q6PLSRM7,2024,2024-12-18,560999619
2024-06-GSAFAC-0000066234,QVW5Q6PLSRM7,2024,2024-12-18,561949971
2024-03-GSAFAC-0000065382,MER9REDX1D75,2024,2024-12-18,844784719
2024-06-GSAFAC-0000068988,F9TQXNJ2FTB7,2024,2024-12-18,580566193
2024-06-GSAFAC-0000345093,MQDJZY52APN7,2024,2024-12-18,813939074
2024-06-GSAFAC-0000345093,MQDJZY52APN7,2024,2024-12-18,931592472
2024-06-GSAFAC-0000068801,H43KALPESBP1,2024,2024-12-18,546001338
2024-06-GSAFAC-0000069977,EYYMXLCPA955,2024,2024-12-18,490491233
2024-06-GSAFAC-0000069610,C96DL9152583,2024,2024-12-18,546001301
2024-06-GSAFAC-0000060920,M1XFUH56YMT3,2024,2024-12-19,813730871
2024-05-GSAFAC-0000346173,DK9MKVC96A47,2024,2024-12-19,680620773
2024-06-GSAFAC-0000055341,MVFXAC6DUXG5,2024,2024-12-19,462976029
2024-06-GSAFAC-0000068786,D22VFH3G7JM6,2024,2024-12-19,952786163
2024-06-GSAFAC-0000068786,D22VFH3G7JM6,2024,2024-12-19,943185612
2024-06-GSAFAC-0000068786,D22VFH3G7JM6,2024,2024-12-19,951643389
2024-06-GSAFAC-0000068786,D22VFH3G7JM6,2024,2024-12-19,330423448
2024-06-GSAFAC-0000346479,KMZ8VDN8NGZ7,2024,2024-12-19,201890414
2024-06-GSAFAC-0000346355,C5ERCU2EWKJ8,2024,2024-12-19,546001630
2024-06-GSAFAC-0000345491,YTR7XM538AY8,2024,2024-12-19,260653514
2024-06-GSAFAC-0000345491,YTR7XM538AY8,2024,2024-12-19,310536660
2024-06-GSAFAC-0000345491,YTR7XM538AY8,2024,2024-12-19,310569735
2024-06-GSAFAC-0000345491,YTR7XM538AY8,2024,2024-12-19,311596262
2024-06-GSAFAC-0000345491,YTR7XM538AY8,2024,2024-12-19,311806189
2024-06-GSAFAC-0000345491,YTR7XM538AY8,2024,2024-12-19,874391538
2024-06-GSAFAC-0000345847,D529MMWMNHW3,2024,2024-12-19,990073524
2024-06-GSAFAC-0000345847,D529MMWMNHW3,2024,2024-12-19,990251372
2024-06-GSAFAC-0000345847,D529MMWMNHW3,2024,2024-12-19,990240109
2024-06-GSAFAC-0000345847,D529MMWMNHW3,2024,2024-12-19,990240499
2024-06-GSAFAC-0000345847,D529MMWMNHW3,2024,2024-12-19,990260423
2024-06-GSAFAC-0000345847,D529MMWMNHW3,2024,2024-12-19,990183769
2024-06-GSAFAC-0000069738,LNTJM8W2H3E9,2024,2024-12-19,844633153
2024-06-GSAFAC-0000067918,EHEEAGYKUB87,2024,2024-12-20,341621676
2024-06-GSAFAC-0000069038,FMT5L6V2NMN1,2024,2024-12-20,232715238
2024-06-GSAFAC-0000069038,FMT5L6V2NMN1,2024,2024-12-20,222454140
2024-06-GSAFAC-0000069038,FMT5L6V2NMN1,2024,2024-12-20,232589841
2024-06-GSAFAC-0000069038,FMT5L6V2NMN1,2024,2024-12-20,232258743
2024-06-GSAFAC-0000069038,FMT5L6V2NMN1,2024,2024-12-20,232784811
2024-06-GSAFAC-0000069038,FMT5L6V2NMN1,2024,2024-12-20,236296524
2024-06-GSAFAC-0000068859,DWLZBXDH3JB5,2024,2024-12-20,823726673
2024-06-GSAFAC-0000069540,DJDZX3CKHM19,2024,2024-12-20,510602496
2024-06-GSAFAC-0000069181,GB9NVW4QNBA6,2024,2024-12-20,440552485
2024-06-GSAFAC-0000069181,GB9NVW4QNBA6,2024,2024-12-20,274433830
2024-06-GSAFAC-0000069181,GB9NVW4QNBA6,2024,2024-12-20,462288155
2024-06-GSAFAC-0000069181,GB9NVW4QNBA6,2024,2024-12-20,742912461
2024-06-GSAFAC-0000069181,GB9NVW4QNBA6,2024,2024-12-20,134239691
2024-06-GSAFAC-0000069181,GB9NVW4QNBA6,2024,2024-12-20,721069468
2024-06-GSAFAC-0000069181,GB9NVW4QNBA6,2024,2024-12-20,200198462
2024-06-GSAFAC-0000069181,GB9NVW4QNBA6,2024,2024-12-20,452998842
2024-06-GSAFAC-0000069181,GB9NVW4QNBA6,2024,2024-12-20,455199762
2024-06-GSAFAC-0000069181,GB9NVW4QNBA6,2024,2024-12-20,463433074
2024-06-GSAFAC-0000069181,GB9NVW4QNBA6,2024,2024-12-20,263173902
2024-06-GSAFAC-0000069181,GB9NVW4QNBA6,2024,2024-12-20,464504901
2024-06-GSAFAC-0000069181,GB9NVW4QNBA6,2024,2024-12-20,472219204
2024-06-GSAFAC-0000069181,GB9NVW4QNBA6,2024,2024-12-20,431767432
2024-06-GSAFAC-0000069181,GB9NVW4QNBA6,2024,2024-12-20,431936699
2024-06-GSAFAC-0000069181,GB9NVW4QNBA6,2024,2024-12-20,431936696
2024-06-GSAFAC-0000069181,GB9NVW4QNBA6,2024,2024-12-20,440607149
2024-06-GSAFAC-0000069181,GB9NVW4QNBA6,2024,2024-12-20,923065473
2024-06-GSAFAC-0000069181,GB9NVW4QNBA6,2024,2024-12-20,710759299
2024-06-GSAFAC-0000069181,GB9NVW4QNBA6,2024,2024-12-20,710557895
2024-06-GSAFAC-0000069181,GB9NVW4QNBA6,2024,2024-12-20,710655753
2024-06-GSAFAC-0000069181,GB9NVW4QNBA6,2024,2024-12-20,710689680
2024-06-GSAFAC-0000069181,GB9NVW4QNBA6,2024,2024-12-20,463851119
2024-06-GSAFAC-0000069181,GB9NVW4QNBA6,2024,2024-12-20,453808607
2024-06-GSAFAC-0000069181,GB9NVW4QNBA6,2024,2024-12-20,430653493
2024-06-GSAFAC-0000069181,GB9NVW4QNBA6,2024,2024-12-20,430980256
2024-06-GSAFAC-0000069181,GB9NVW4QNBA6,2024,2024-12-20,710240352
2024-06-GSAFAC-0000069181,GB9NVW4QNBA6,2024,2024-12-20,870796305
2024-06-GSAFAC-0000069181,GB9NVW4QNBA6,2024,2024-12-20,350584463
2024-06-GSAFAC-0000069181,GB9NVW4QNBA6,2024,2024-12-20,621684203
2024-06-GSAFAC-0000069181,GB9NVW4QNBA6,2024,2024-12-20,261318597
2024-06-GSAFAC-0000069181,GB9NVW4QNBA6,2024,2024-12-20,430654874
2024-06-GSAFAC-0000069181,GB9NVW4QNBA6,2024,2024-12-20,461481133
2024-06-GSAFAC-0000060091,V913TCT2SFZ9,2024,2024-12-20,770691998
2024-09-GSAFAC-0000069734,JDE5TNBH5R31,2024,2024-12-20,820161600
2024-09-GSAFAC-0000069734,JDE5TNBH5R31,2024,2024-12-20,562570686
2024-09-GSAFAC-0000069734,JDE5TNBH5R31,2024,2024-12-20,820295026
2024-09-GSAFAC-0000069734,JDE5TNBH5R31,2024,2024-12-20,841421665
2024-09-GSAFAC-0000069734,JDE5TNBH5R31,2024,2024-12-20,273311774
2024-09-GSAFAC-0000069734,JDE5TNBH5R31,2024,2024-12-20,452716222
2024-06-GSAFAC-0000345527,J1RCZHDJKBN5,2024,2024-12-20,521753040
2024-06-GSAFAC-0000345527,J1RCZHDJKBN5,2024,2024-12-20,521524967
2024-06-GSAFAC-0000345527,J1RCZHDJKBN5,2024,2024-12-20,521230183
2024-06-GSAFAC-0000345527,J1RCZHDJKBN5,2024,2024-12-20,520607971
2024-09-GSAFAC-0000346498,PEB6D46Y6ZP4,2024,2024-12-20,450275011
2024-09-GSAFAC-0000346498,PEB6D46Y6ZP4,2024,2024-12-20,411486796
2024-06-GSAFAC-0000346845,C8FCU18FBNH3,2024,2024-12-20,463082856
2024-06-GSAFAC-0000346845,C8FCU18FBNH3,2024,2024-12-20,901010528
2024-06-GSAFAC-0000344335,D8XXKDNVK9Q5,2024,2024-12-20,461405965
2024-06-GSAFAC-0000066053,ZUTNTMQW2FK1,2024,2024-12-20,042921318
2024-06-GSAFAC-0000066053,ZUTNTMQW2FK1,2024,2024-12-20,521084599
2024-06-GSAFAC-0000066053,ZUTNTMQW2FK1,2024,2024-12-20,043093032
2024-06-GSAFAC-0000066053,ZUTNTMQW2FK1,2024,2024-12-20,000936949
2024-06-GSAFAC-0000066053,ZUTNTMQW2FK1,2024,2024-12-20,042933012
2024-06-GSAFAC-0000345680,HLTMVS2JZBS6,2024,2024-12-20,465228806
2024-06-GSAFAC-0000067832,XZ9KP9XDNCS4,2024,2024-12-20,351107009
2024-06-GSAFAC-0000067832,XZ9KP9XDNCS4,2024,2024-12-20,351738708
2024-06-GSAFAC-0000067832,XZ9KP9XDNCS4,2024,2024-12-20,352007327
2023-12-GSAFAC-0000345624,SRS5A64BPVG4,2023,2024-12-23,486061048
2024-06-GSAFAC-0000062056,L51BRGER9AC1,2024,2024-12-23,431081715
2024-06-GSAFAC-0000062056,L51BRGER9AC1,2024,2024-12-23,431236557
2024-06-GSAFAC-0000062056,L51BRGER9AC1,2024,2024-12-23,430956146
2024-06-GSAFAC-0000062056,L51BRGER9AC1,2024,2024-12-23,351534713
2024-06-GSAFAC-0000347089,PQ7XUMZ97JK7,2024,2024-12-23,621674308
2024-06-GSAFAC-0000347089,PQ7XUMZ97JK7,2024,2024-12-23,351147323
2024-06-GSAFAC-0000347089,PQ7XUMZ97JK7,2024,2024-12-23,370916475
2024-06-GSAFAC-0000347089,PQ7XUMZ97JK7,2024,2024-12-23,591009537
2024-06-GSAFAC-0000347089,PQ7XUMZ97JK7,2024,2024-12-23,262505456
2024-06-GSAFAC-0000065664,M288TN5Z8LR3,2024,2024-12-23,626000528
2024-06-GSAFAC-0000065664,M288TN5Z8LR3,2024,2024-12-23,621014604
2024-06-GSAFAC-0000065664,M288TN5Z8LR3,2024,2024-12-23,626000527
2024-06-GSAFAC-0000065664,M288TN5Z8LR3,2024,2024-12-23,621489794
2024-06-GSAFAC-0000345969,FJN1KQNN38M5,2024,2024-12-23,541208368
2024-06-GSAFAC-0000345969,FJN1KQNN38M5,2024,2024-12-23,546001348
2024-06-GSAFAC-0000066115,RHSDXKBBF393,2024,2024-12-23,590774202
2024-06-GSAFAC-0000066184,MNRCSTKJS1E7,2024,2024-12-23,813053323
2024-06-GSAFAC-0000066835,NG8FKKNYSEV5,2024,2024-12-23,462275140
2024-06-GSAFAC-0000066835,NG8FKKNYSEV5,2024,2024-12-23,730774255
2024-09-GSAFAC-0000346883,GAPPWM4B92A8,2024,2024-12-23,050427007
2024-09-GSAFAC-0000346883,GAPPWM4B92A8,2024,2024-12-23,050242659
2024-09-GSAFAC-0000346883,GAPPWM4B92A8,2024,2024-12-23,050258812
2024-09-GSAFAC-0000346883,GAPPWM4B92A8,2024,2024-12-23,050490997
2024-09-GSAFAC-0000346883,GAPPWM4B92A8,2024,2024-12-23,050384362
2024-09-GSAFAC-0000346883,GAPPWM4B92A8,2024,2024-12-23,222812929
2024-09-GSAFAC-0000346883,GAPPWM4B92A8,2024,2024-12-23,050258896
2024-09-GSAFAC-0000346883,GAPPWM4B92A8,2024,2024-12-23,050509674
2024-09-GSAFAC-0000346883,GAPPWM4B92A8,2024,2024-12-23,050258937
2024-09-GSAFAC-0000346883,GAPPWM4B92A8,2024,2024-12-23,050316969
2024-09-GSAFAC-0000346883,GAPPWM4B92A8,2024,2024-12-23,050520857
2024-09-GSAFAC-0000346883,GAPPWM4B92A8,2024,2024-12-23,470967971
2024-09-GSAFAC-0000346883,GAPPWM4B92A8,2024,2024-12-23,050259004
2024-06-GSAFAC-0000346296,UUDLHAACMHR1,2024,2024-12-23,364223536
2024-06-GSAFAC-0000346296,UUDLHAACMHR1,2024,2024-12-23,363985169
2024-06-GSAFAC-0000346296,UUDLHAACMHR1,2024,2024-12-23,273362317
2024-06-GSAFAC-0000346296,UUDLHAACMHR1,2024,2024-12-23,364188920
2024-06-GSAFAC-0000346296,UUDLHAACMHR1,2024,2024-12-23,364435695
2024-06-GSAFAC-0000346296,UUDLHAACMHR1,2024,2024-12-23,363867489
2024-06-GSAFAC-0000346296,UUDLHAACMHR1,2024,2024-12-23,362701312
2024-06-GSAFAC-0000346296,UUDLHAACMHR1,2024,2024-12-23,364526043
2024-06-GSAFAC-0000346296,UUDLHAACMHR1,2024,2024-12-23,363686967
2024-06-GSAFAC-0000346296,UUDLHAACMHR1,2024,2024-12-23,362167738
2024-06-GSAFAC-0000346296,UUDLHAACMHR1,2024,2024-12-23,363932662
2024-06-GSAFAC-0000346296,UUDLHAACMHR1,2024,2024-12-23,362170873
2024-06-GSAFAC-0000346296,UUDLHAACMHR1,2024,2024-12-23,363867486
2024-06-GSAFAC-0000346296,UUDLHAACMHR1,2024,2024-12-23,800097745
2024-06-GSAFAC-0000346296,UUDLHAACMHR1,2024,2024-12-23,900213451
2024-06-GSAFAC-0000346296,UUDLHAACMHR1,2024,2024-12-23,208032139
2024-06-GSAFAC-0000346296,UUDLHAACMHR1,2024,2024-12-23,455299589
2024-06-GSAFAC-0000346296,UUDLHAACMHR1,2024,2024-12-23,363519061
2024-06-GSAFAC-0000346296,UUDLHAACMHR1,2024,2024-12-23,364223533
2024-06-GSAFAC-0000346296,UUDLHAACMHR1,2024,2024-12-23,470950766
2024-06-GSAFAC-0000346296,UUDLHAACMHR1,2024,2024-12-23,830378871
2024-06-GSAFAC-0000346296,UUDLHAACMHR1,2024,2024-12-23,364188922
2024-06-GSAFAC-0000346296,UUDLHAACMHR1,2024,2024-12-23,363932659
2024-06-GSAFAC-0000346296,UUDLHAACMHR1,2024,2024-12-23,362170821
2024-06-GSAFAC-0000346296,UUDLHAACMHR1,2024,2024-12-23,363425314
2024-06-GSAFAC-0000346296,UUDLHAACMHR1,2024,2024-12-23,362170153
2024-06-GSAFAC-0000346296,UUDLHAACMHR1,2024,2024-12-23,362171726
2024-06-GSAFAC-0000346296,UUDLHAACMHR1,2024,2024-12-23,202940156
2024-06-GSAFAC-0000065526,QUKNKLZ4N889,2024,2024-12-23,616033693
2024-06-GSAFAC-0000346111,ESKZMHHYCCR9,2024,2024-12-23,273792158
2024-03-GSAFAC-0000345437,HDKAKDQ1KLQ6,2024,2024-12-24,460494906
2024-03-GSAFAC-0000345437,HDKAKDQ1KLQ6,2024,2024-12-24,910969818
2024-03-GSAFAC-0000345437,HDKAKDQ1KLQ6,2024,2024-12-24,943126743
2024-06-GSAFAC-0000347224,V9A7CFA6Q6F5,2024,2024-12-24,317148624
2024-06-GSAFAC-0000347224,V9A7CFA6Q6F5,2024,2024-12-24,311706977
2024-06-GSAFAC-0000347224,V9A7CFA6Q6F5,2024,2024-12-24,204236443
2023-12-GSAFAC-0000347343,RJTHXNL6JZ44,2023,2024-12-24,205340909
2023-12-GSAFAC-0000347343,RJTHXNL6JZ44,2023,2024-12-24,943169163
2023-12-GSAFAC-0000347343,RJTHXNL6JZ44,2023,2024-12-24,943242929
2023-12-GSAFAC-0000347343,RJTHXNL6JZ44,2023,2024-12-24,943225758
2024-06-GSAFAC-0000066454,HZGMWNL2F2B3,2024,2024-12-26,626000754
2024-06-GSAFAC-0000066454,HZGMWNL2F2B3,2024,2024-12-26,626000753
2024-03-GSAFAC-0000054980,C5LAXH11CRQ7,2024,2024-12-30,430821959
2024-03-GSAFAC-0000054980,C5LAXH11CRQ7,2024,2024-12-30,431240629
2024-06-GSAFAC-0000347723,MM31QEZB7HA8,2024,2024-12-30,736245755
2024-03-GSAFAC-0000345122,Y42TA8X65QT5,2024,2024-12-30,880294837
2024-06-GSAFAC-0000344864,HCKZW5VKNU93,2024,2024-12-30,751921898
2024-06-GSAFAC-0000344864,HCKZW5VKNU93,2024,2024-12-30,741166904
2024-06-GSAFAC-0000344864,HCKZW5VKNU93,2024,2024-12-30,751008430
2024-06-GSAFAC-0000344864,HCKZW5VKNU93,2024,2024-12-30,752536818
2024-06-GSAFAC-0000344864,HCKZW5VKNU93,2024,2024-12-30,810872075
2024-06-GSAFAC-0000344864,HCKZW5VKNU93,2024,2024-12-30,742730350
2024-06-GSAFAC-0000344864,HCKZW5VKNU93,2024,2024-12-30,742967081
2024-06-GSAFAC-0000344864,HCKZW5VKNU93,2024,2024-12-30,464007700
2024-06-GSAFAC-0000344864,HCKZW5VKNU93,2024,2024-12-30,741595711
2024-06-GSAFAC-0000344864,HCKZW5VKNU93,2024,2024-12-30,742958277
2024-06-GSAFAC-0000344864,HCKZW5VKNU93,2024,2024-12-30,751837454
2024-06-GSAFAC-0000344864,HCKZW5VKNU93,2024,2024-12-30,752834135
2024-06-GSAFAC-0000344864,HCKZW5VKNU93,2024,2024-12-30,260194016
2024-06-GSAFAC-0000344864,HCKZW5VKNU93,2024,2024-12-30,824052186
2024-06-GSAFAC-0000344864,HCKZW5VKNU93,2024,2024-12-30,751844139
2024-06-GSAFAC-0000344864,HCKZW5VKNU93,2024,2024-12-30,751777119
2024-06-GSAFAC-0000344864,HCKZW5VKNU93,2024,2024-12-30,820551704
2024-06-GSAFAC-0000344864,HCKZW5VKNU93,2024,2024-12-30,412101361
2024-06-GSAFAC-0000344864,HCKZW5VKNU93,2024,2024-12-30,752586857
2024-06-GSAFAC-0000344864,HCKZW5VKNU93,2024,2024-12-30,203749695
2024-06-GSAFAC-0000344864,HCKZW5VKNU93,2024,2024-12-30,741161944
2024-06-GSAFAC-0000344864,HCKZW5VKNU93,2024,2024-12-30,274434451
2024-06-GSAFAC-0000344864,HCKZW5VKNU93,2024,2024-12-30,742519752
2024-06-GSAFAC-0000344864,HCKZW5VKNU93,2024,2024-12-30,813040663
2024-03-GSAFAC-0000347055,JLPNDP22H6K4,2024,2024-12-30,010283465
2024-03-GSAFAC-0000347055,JLPNDP22H6K4,2024,2024-12-30,010344605
2024-06-GSAFAC-0000346697,UWCKMWXC3K56,2024,2024-12-31,540885804
2024-06-GSAFAC-0000068008,NR7SMYSKWKM3,2024,2024-12-13,566000517
2023-06-GSAFAC-0000019406,NR7SMYSKWKM3,2023,2024-01-22,566000517
