report_id,auditee_uei,audit_year,fac_accepted_date,additional_uei
2024-06-GSAFAC-0000345920,DT4SUBQNQ725,2024,2025-01-02,RA6NNATNASR2
2024-06-GSAFAC-0000345920,DT4SUBQNQ725,2024,2025-01-02,K5KLH15Y4VF3
2024-06-GSAFAC-0000345920,DT4SUBQNQ725,2024,2025-01-02,YLAJU6F2GSA4
2024-06-GSAFAC-0000345920,DT4SUBQNQ725,2024,2025-01-02,VDY9FPGKUMG4
2024-06-GSAFAC-0000345920,DT4SUBQNQ725,2024,2025-01-02,EQMAMREXKP63
2024-06-GSAFAC-0000345920,DT4SUBQNQ725,2024,2025-01-02,L9Y3X3E9NLP9
2024-06-GSAFAC-0000345920,DT4SUBQNQ725,2024,2025-01-02,MWE4Y31AG7N9
2024-06-GSAFAC-0000345920,DT4SUBQNQ725,2024,2025-01-02,N4XZLZRTUL41
2024-06-GSAFAC-0000345920,DT4SUBQNQ725,2024,2025-01-02,PGSLEWDNFK53
2024-06-GSAFAC-0000345920,DT4SUBQNQ725,2024,2025-01-02,XFR3A4N3ANG4
2024-06-GSAFAC-0000345920,DT4SUBQNQ725,2024,2025-01-02,F6VZC1ZDNWH9
2024-06-GSAFAC-0000345920,DT4SUBQNQ725,2024,2025-01-02,DAA5K6UCWRS6
2024-06-GSAFAC-0000345920,DT4SUBQNQ725,2024,2025-01-02,HWJDW7QMMKN3
2024-06-GSAFAC-0000345920,DT4SUBQNQ725,2024,2025-01-02,N8NAD71N58K3
2024-06-GSAFAC-0000345920,DT4SUBQNQ725,2024,2025-01-02,Q8JSMH5NZBJ8
2024-06-GSAFAC-0000345920,DT4SUBQNQ725,2024,2025-01-02,N4DCFTJHKLM7
2024-06-GSAFAC-0000345920,DT4SUBQNQ725,2024,2025-01-02,MYDNY8X4W3S5
2024-06-GSAFAC-0000345512,GSLCXGAELG86,2024,2025-01-02,LSLUNQN5FH64
2024-06-GSAFAC-0000345512,GSLCXGAELG86,2024,2025-01-02,FBQ2GRWY2693
2024-06-GSAFAC-0000347363,HBCRNZCTSLF5,2024,2025-01-02,X5X1B3BHPB18
2024-06-GSAFAC-0000068875,KBQWP4JGA355,2024,2025-01-02,DGP6MLKMMHF6
2024-06-GSAFAC-0000068875,KBQWP4JGA355,2024,2025-01-02,NTHNZJDZ9E16
2024-06-GSAFAC-0000068875,KBQWP4JGA355,2024,2025-01-02,JRSNN2RBANE4
2024-06-GSAFAC-0000068875,KBQWP4JGA355,2024,2025-01-02,EXADD8M6FHH6
2024-06-GSAFAC-0000344611,GB6GPVGNMN21,2024,2025-01-02,W9VBP5XD8MY7
2024-06-GSAFAC-0000346079,TH74SE96JVC7,2024,2025-01-02,UYC2NHKR8814
2024-06-GSAFAC-0000346079,TH74SE96JVC7,2024,2025-01-02,UC1UVAQCGFB5
2024-06-GSAFAC-0000346079,TH74SE96JVC7,2024,2025-01-02,JTMEHXNMJ5J5
2024-06-GSAFAC-0000347658,JX5NC6HJQGL7,2024,2025-01-03,DJHLP5FQKAK9
2024-05-GSAFAC-0000346902,TMR8GAV35HH8,2024,2025-01-03,YXSYJKMDS453
2024-06-GSAFAC-0000063272,XNJKGU3LGQZ4,2024,2025-01-03,GMLQZPNJPHK3
2024-06-GSAFAC-0000348562,VFNCUFKSS811,2024,2025-01-03,LN5BP2AWNE18
2024-06-GSAFAC-0000345277,W7RMMLLAQ1K1,2024,2025-01-03,JEMZDE5BVYW7
2024-06-GSAFAC-0000345277,W7RMMLLAQ1K1,2024,2025-01-03,D71BWGHJ5ME9
2024-06-GSAFAC-0000345277,W7RMMLLAQ1K1,2024,2025-01-03,DAHVAHURPCW1
2024-06-GSAFAC-0000069386,HMKUTACDKMX7,2024,2025-01-03,U67JCJPLVR51
2024-06-GSAFAC-0000069386,HMKUTACDKMX7,2024,2025-01-03,SUCEKER8VP74
2024-06-GSAFAC-0000344585,QJDMMLGBG6K8,2024,2025-01-05,L7TWM54VTKL3
2024-06-GSAFAC-0000346926,TXKHAN6KC279,2024,2025-01-06,G7K2DGL6J6N3
2024-06-GSAFAC-0000346926,TXKHAN6KC279,2024,2025-01-06,M15JGFKJEAW5
2024-06-GSAFAC-0000346926,TXKHAN6KC279,2024,2025-01-06,UHX3N32QRKV4
2024-06-GSAFAC-0000346926,TXKHAN6KC279,2024,2025-01-06,N5J6NGE88E85
2024-06-GSAFAC-0000346926,TXKHAN6KC279,2024,2025-01-06,DAAHXJ4LJNH4
2024-06-GSAFAC-0000346926,TXKHAN6KC279,2024,2025-01-06,H2VEJ45L6L79
2024-06-GSAFAC-0000346926,TXKHAN6KC279,2024,2025-01-06,CDMLJYKLJEH1
2024-06-GSAFAC-0000068983,KL3LKWK45VK5,2024,2025-01-06,TGLMK32JH1N7
2024-06-GSAFAC-0000345318,TZA5RVC31GX1,2024,2025-01-06,XDMCRE53ZCB8
2024-06-GSAFAC-0000345330,NL3YAWLVSGK1,2024,2025-01-06,N98ML1HTXVN1
2024-06-GSAFAC-0000346497,JKS8PEKYNVL5,2024,2025-01-07,FQLUQGKPX593
2024-06-GSAFAC-0000348612,JPP6D7LVEBH8,2024,2025-01-07,Z3JDK39LLYZ9
2024-06-GSAFAC-0000348612,JPP6D7LVEBH8,2024,2025-01-07,PZJMZGRUY324
2024-06-GSAFAC-0000348612,JPP6D7LVEBH8,2024,2025-01-07,G21QUJT53MF8
2024-06-GSAFAC-0000348612,JPP6D7LVEBH8,2024,2025-01-07,D4Z5F5NVQJL7
2024-06-GSAFAC-0000345670,U4KJGNJNKLR9,2024,2025-01-07,KQLPDK7J9C34
2024-06-GSAFAC-0000345670,U4KJGNJNKLR9,2024,2025-01-07,PA1WAW3MTG41
2024-09-GSAFAC-0000344796,DN2PQ51JLX25,2024,2025-01-07,CSNGKZCZADZ4
2024-09-GSAFAC-0000344796,DN2PQ51JLX25,2024,2025-01-07,ML6CFVX7UK37
2024-09-GSAFAC-0000344796,DN2PQ51JLX25,2024,2025-01-07,W6EAM6EFLUS6
2024-09-GSAFAC-0000344796,DN2PQ51JLX25,2024,2025-01-07,JU4NTRL9NZQ2
2024-09-GSAFAC-0000344796,DN2PQ51JLX25,2024,2025-01-07,ZVK1JHUZGVX7
2024-09-GSAFAC-0000344796,DN2PQ51JLX25,2024,2025-01-07,NHEMA3U8KMA8
2024-09-GSAFAC-0000344796,DN2PQ51JLX25,2024,2025-01-07,ZBWMY9AKAJB3
2024-09-GSAFAC-0000344796,DN2PQ51JLX25,2024,2025-01-07,L2URWKH3HLX9
2024-09-GSAFAC-0000344796,DN2PQ51JLX25,2024,2025-01-07,KUS8N2NNET69
2024-09-GSAFAC-0000344796,DN2PQ51JLX25,2024,2025-01-07,YMKANG3JULW4
2024-09-GSAFAC-0000344796,DN2PQ51JLX25,2024,2025-01-07,ZLU6LSLAJJ83
2024-09-GSAFAC-0000344796,DN2PQ51JLX25,2024,2025-01-07,U4VXYP6798K4
2024-09-GSAFAC-0000344796,DN2PQ51JLX25,2024,2025-01-07,MKBUAHMSJ3R1
2024-09-GSAFAC-0000344796,DN2PQ51JLX25,2024,2025-01-07,S5EFFNJV3PN9
2024-09-GSAFAC-0000344796,DN2PQ51JLX25,2024,2025-01-07,YL1XTFEKLU15
2024-09-GSAFAC-0000344796,DN2PQ51JLX25,2024,2025-01-07,K5TDMCET5945
2024-09-GSAFAC-0000344796,DN2PQ51JLX25,2024,2025-01-07,TQJNQZ4ESBW3
2024-09-GSAFAC-0000344796,DN2PQ51JLX25,2024,2025-01-07,UXMSKANG5XM8
2024-09-GSAFAC-0000344494,YS8MKJGJN857,2024,2025-01-07,NNJKUNJBLHA7
2024-09-GSAFAC-0000344494,YS8MKJGJN857,2024,2025-01-07,FLJ7DQKLL226
2024-09-GSAFAC-0000344494,YS8MKJGJN857,2024,2025-01-07,NA7AKMLK2BM1
2024-09-GSAFAC-0000344494,YS8MKJGJN857,2024,2025-01-07,MEHJALA6GFP7
2024-09-GSAFAC-0000344494,YS8MKJGJN857,2024,2025-01-07,LMNDK7QX64H4
2024-09-GSAFAC-0000344494,YS8MKJGJN857,2024,2025-01-07,XQQJEDK7JC21
2024-09-GSAFAC-0000344494,YS8MKJGJN857,2024,2025-01-07,QN6MS4VN7BD1
2024-09-GSAFAC-0000344494,YS8MKJGJN857,2024,2025-01-07,JZWJLWEF1KR9
2024-09-GSAFAC-0000344494,YS8MKJGJN857,2024,2025-01-07,MCKWJYCWNVN3
2024-09-GSAFAC-0000344494,YS8MKJGJN857,2024,2025-01-07,FLJ7DQKLL226
2024-09-GSAFAC-0000344494,YS8MKJGJN857,2024,2025-01-07,UE5KCLMVSHU1
2024-09-GSAFAC-0000344494,YS8MKJGJN857,2024,2025-01-07,HZTSVFF4NSX6
2021-12-GSAFAC-0000054586,ML88S3LCLFE3,2021,2025-01-07,PMLRWD6RUMY8
2024-06-GSAFAC-0000348731,LGM7UQ9L7KR5,2024,2025-01-07,MX9LSEGS8ML1
2024-06-GSAFAC-0000348731,LGM7UQ9L7KR5,2024,2025-01-07,G9HJYF44KS16
2024-06-GSAFAC-0000348731,LGM7UQ9L7KR5,2024,2025-01-07,JET6VHXBW6H6
2024-06-GSAFAC-0000344584,J5KHS42SH3A8,2024,2025-01-08,GFJKAS24CKG7
2024-06-GSAFAC-0000346056,ENYHTWYNPMJ1,2024,2025-01-08,W2MTN4RLCT25
2024-06-GSAFAC-0000344613,NC1LHL5MWMP3,2024,2025-01-08,DQ48KTY7NW57
2024-06-GSAFAC-0000349026,WWFKQULH79W5,2024,2025-01-08,HYHNSTG7GMR4
2024-06-GSAFAC-0000348937,UHALTER6FZM3,2024,2025-01-08,RVRTUR1WLYL8
2024-06-GSAFAC-0000347248,GQBHJC2N2WX9,2024,2025-01-08,WLPHXMUW9GK9
2024-06-GSAFAC-0000346767,NVL5DL96LCH1,2024,2025-01-08,NZ4ZFFJNCB83
2024-06-GSAFAC-0000346767,NVL5DL96LCH1,2024,2025-01-08,NE4JELLPCC97
2024-06-GSAFAC-0000346767,NVL5DL96LCH1,2024,2025-01-08,H251LNPSTB15
2024-06-GSAFAC-0000346767,NVL5DL96LCH1,2024,2025-01-08,HADXX5W38854
2024-06-GSAFAC-0000345191,RTG8AJE6G824,2024,2025-01-08,PAC9AGK63MT4
2024-06-GSAFAC-0000345191,RTG8AJE6G824,2024,2025-01-08,VAEDSK5L9KS3
2023-12-GSAFAC-0000067698,E3A8JQA9U4L1,2023,2025-01-08,GA98K1Q12QB3
2024-06-GSAFAC-0000347035,C6P8SN1RJMX5,2024,2025-01-08,F9RNKR5FE174
2024-06-GSAFAC-0000347035,C6P8SN1RJMX5,2024,2025-01-08,JUFWH1NM6FM6
2024-06-GSAFAC-0000347035,C6P8SN1RJMX5,2024,2025-01-08,SFDBFWLT6V42
2023-12-GSAFAC-0000059458,TW7TS5HCGJ57,2023,2025-01-08,EPTZFKLRCAL8
2023-12-GSAFAC-0000059458,TW7TS5HCGJ57,2023,2025-01-08,QZLTJJ4F9D51
2024-06-GSAFAC-0000348598,QWURCQQ7GHR8,2024,2025-01-08,THJMR6LGBDZ5
2024-06-GSAFAC-0000348598,QWURCQQ7GHR8,2024,2025-01-08,J7ATRLLJ27K3
2024-06-GSAFAC-0000348598,QWURCQQ7GHR8,2024,2025-01-08,J2BETKUNA453
2024-06-GSAFAC-0000348728,TM48KRZEK1K7,2024,2025-01-08,DHBJMXJJJBW1
2023-06-GSAFAC-0000041559,JZUWCFMCP5C5,2023,2025-01-08,Z88LLAQAPKX1
2024-08-GSAFAC-0000348878,NLNGMNE21598,2024,2025-01-08,NLFUMGHSCLH3
2024-06-GSAFAC-0000348867,JZUWCFMCP5C5,2024,2025-01-08,Z88LLAQAPKX1
2024-06-GSAFAC-0000069583,FFEEFY1RB5B5,2024,2025-01-09,W3A1KZDHNW61
2024-06-GSAFAC-0000069583,FFEEFY1RB5B5,2024,2025-01-09,EHP5HV4AFBB5
2024-06-GSAFAC-0000069583,FFEEFY1RB5B5,2024,2025-01-09,HTNEEX28L1B7
2024-06-GSAFAC-0000069583,FFEEFY1RB5B5,2024,2025-01-09,EE82FFWABN85
2024-06-GSAFAC-0000069583,FFEEFY1RB5B5,2024,2025-01-09,LYT6VVKB1LU8
2024-06-GSAFAC-0000069583,FFEEFY1RB5B5,2024,2025-01-09,CR89MLM3P119
2024-06-GSAFAC-0000348457,M9K7NSGQXGB8,2024,2025-01-09,KSPJBCH68M95
2024-06-GSAFAC-0000348457,M9K7NSGQXGB8,2024,2025-01-09,FLRKXDGP8MW3
2024-06-GSAFAC-0000348457,M9K7NSGQXGB8,2024,2025-01-09,FPCWXRTPWCB8
2024-06-GSAFAC-0000347841,XME7FSDMJHN3,2024,2025-01-09,PF3ZS47357P3
2024-06-GSAFAC-0000348698,EZL5WZMKU9M4,2024,2025-01-09,LER9LGBJQNM7
2024-06-GSAFAC-0000349447,T1GKVXH7Y5K9,2024,2025-01-09,HJMDNAPL6T41
2024-06-GSAFAC-0000344134,NMGFMCSNA7N4,2024,2025-01-09,FKFRT5ZH4D97
2024-06-GSAFAC-0000344134,NMGFMCSNA7N4,2024,2025-01-09,LD3JKNCDT9L7
2024-06-GSAFAC-0000344134,NMGFMCSNA7N4,2024,2025-01-09,MMCZD2LPEY72
2024-06-GSAFAC-0000344134,NMGFMCSNA7N4,2024,2025-01-09,LZM8ZUQF2ED4
2024-06-GSAFAC-0000059674,QGWZT63766L6,2024,2025-01-09,U4AEA1VYB7M5
2024-06-GSAFAC-0000347675,PXJ8BNARFLR9,2024,2025-01-09,Y2PNHH8GH5H9
2024-06-GSAFAC-0000347675,PXJ8BNARFLR9,2024,2025-01-09,FRL2RNHRAEB6
2024-06-GSAFAC-0000347675,PXJ8BNARFLR9,2024,2025-01-09,FCJGVJET5G48
2024-06-GSAFAC-0000349042,FUT2E1NXJ2F6,2024,2025-01-09,T43NJNBGE4V9
2024-06-GSAFAC-0000349042,FUT2E1NXJ2F6,2024,2025-01-09,KFJBQ86PDE16
2024-06-GSAFAC-0000349042,FUT2E1NXJ2F6,2024,2025-01-09,XN9QHM1JN5M3
2024-06-GSAFAC-0000349042,FUT2E1NXJ2F6,2024,2025-01-09,M7JDR1NU9PD7
2024-06-GSAFAC-0000345686,FVSQANNLYGK1,2024,2025-01-09,JKY1FCYJL679
2023-12-GSAFAC-0000062366,N61KJ5JNCEX7,2023,2025-01-10,E7RRCL3K7N93
2023-12-GSAFAC-0000062366,N61KJ5JNCEX7,2023,2025-01-10,WKJ8M52KPL87
2023-12-GSAFAC-0000062366,N61KJ5JNCEX7,2023,2025-01-10,Q8M9DAU116V4
2024-06-GSAFAC-0000348940,TPZ1LFKHD466,2024,2025-01-10,L7XPLUZKDH99
2024-06-GSAFAC-0000344751,SMJ9XFKZ4J85,2024,2025-01-10,YRJ6M1J5WBT5
2024-06-GSAFAC-0000344751,SMJ9XFKZ4J85,2024,2025-01-10,SMSCQ1UUMRK6
2024-06-GSAFAC-0000344751,SMJ9XFKZ4J85,2024,2025-01-10,MK8JSWHDDCJ8
2024-06-GSAFAC-0000344751,SMJ9XFKZ4J85,2024,2025-01-10,LSM4S7LXMTN1
2024-06-GSAFAC-0000346460,ZA69ZNUKJ645,2024,2025-01-10,R4PMHDNXRL15
2024-06-GSAFAC-0000346460,ZA69ZNUKJ645,2024,2025-01-10,N23WSKJLS4X5
2024-06-GSAFAC-0000068137,Q8H7JB2QLJN3,2024,2025-01-10,DCNSKCUHSDN7
2024-06-GSAFAC-0000068137,Q8H7JB2QLJN3,2024,2025-01-10,GS4NCBNY7DJ1
2023-06-GSAFAC-0000349722,KNDBTMFBXDV7,2023,2025-01-10,KMWGGJN3EKF9
2023-06-GSAFAC-0000349722,KNDBTMFBXDV7,2023,2025-01-10,NWR6QBAMNF45
2023-06-GSAFAC-0000349722,KNDBTMFBXDV7,2023,2025-01-10,XXNBK97CYNA6
2023-06-GSAFAC-0000349722,KNDBTMFBXDV7,2023,2025-01-10,CXLXKS93WF16
2023-06-GSAFAC-0000349722,KNDBTMFBXDV7,2023,2025-01-10,HY1JBXED4HY5
2023-06-GSAFAC-0000349722,KNDBTMFBXDV7,2023,2025-01-10,GKEXPMT6YNN5
2023-06-GSAFAC-0000349722,KNDBTMFBXDV7,2023,2025-01-10,HLL3AH22JT33
2023-06-GSAFAC-0000349722,KNDBTMFBXDV7,2023,2025-01-10,PNK8MJQQ8KE9
2023-06-GSAFAC-0000349722,KNDBTMFBXDV7,2023,2025-01-10,RFVNACCE7DL6
2023-06-GSAFAC-0000349722,KNDBTMFBXDV7,2023,2025-01-10,LPLVDHX9D2E1
2023-06-GSAFAC-0000349722,KNDBTMFBXDV7,2023,2025-01-10,W5BGFCYALNM6
2023-06-GSAFAC-0000349722,KNDBTMFBXDV7,2023,2025-01-10,GHELM9ULN8A1
2023-06-GSAFAC-0000349722,KNDBTMFBXDV7,2023,2025-01-10,EFKWJHW1FK23
2023-06-GSAFAC-0000349722,KNDBTMFBXDV7,2023,2025-01-10,CLNGKNMDA6J9
2023-06-GSAFAC-0000349722,KNDBTMFBXDV7,2023,2025-01-10,PFHJKDKUFBM7
2023-06-GSAFAC-0000349722,KNDBTMFBXDV7,2023,2025-01-10,KVCJLMKPWLH4
2023-06-GSAFAC-0000349722,KNDBTMFBXDV7,2023,2025-01-10,CKEUAJR5TLR3
2023-06-GSAFAC-0000349722,KNDBTMFBXDV7,2023,2025-01-10,CKEWKR8JEEG3
2023-06-GSAFAC-0000349722,KNDBTMFBXDV7,2023,2025-01-10,CMKLXEA2MND4
2023-06-GSAFAC-0000349722,KNDBTMFBXDV7,2023,2025-01-10,CSZ6DQUC7M38
2023-06-GSAFAC-0000349722,KNDBTMFBXDV7,2023,2025-01-10,CX9MDKHP34R7
2023-06-GSAFAC-0000349722,KNDBTMFBXDV7,2023,2025-01-10,HSESCKDEABC8
2023-06-GSAFAC-0000349722,KNDBTMFBXDV7,2023,2025-01-10,JKZ7JZLGEMS7
2023-06-GSAFAC-0000349722,KNDBTMFBXDV7,2023,2025-01-10,JQMQFXAJDTX5
2023-06-GSAFAC-0000349722,KNDBTMFBXDV7,2023,2025-01-10,K2K8TQ2DYYB5
2023-06-GSAFAC-0000349722,KNDBTMFBXDV7,2023,2025-01-10,L4XLH86GBLL5
2023-06-GSAFAC-0000349722,KNDBTMFBXDV7,2023,2025-01-10,L7NCF7KM7S11
2023-06-GSAFAC-0000349722,KNDBTMFBXDV7,2023,2025-01-10,NAX2PE6CGY23
2023-06-GSAFAC-0000349722,KNDBTMFBXDV7,2023,2025-01-10,NAX2PE6CGYZ3
2023-06-GSAFAC-0000349722,KNDBTMFBXDV7,2023,2025-01-10,NNX9MXKHDYQ3
2023-06-GSAFAC-0000349722,KNDBTMFBXDV7,2023,2025-01-10,PTWGRGZ9BXK3
2023-06-GSAFAC-0000349722,KNDBTMFBXDV7,2023,2025-01-10,R1N7LNCBNC91
2023-06-GSAFAC-0000349722,KNDBTMFBXDV7,2023,2025-01-10,RJ16Z1R7LSF3
2023-06-GSAFAC-0000349722,KNDBTMFBXDV7,2023,2025-01-10,RXKSGRHQZY11
2023-06-GSAFAC-0000349722,KNDBTMFBXDV7,2023,2025-01-10,XCUCKHAZRJ99
2023-06-GSAFAC-0000349722,KNDBTMFBXDV7,2023,2025-01-10,XKV9RGRM7LU5
2023-06-GSAFAC-0000349722,KNDBTMFBXDV7,2023,2025-01-10,Z1ZCM965CQY8
2023-06-GSAFAC-0000349722,KNDBTMFBXDV7,2023,2025-01-10,ZPS4ZUNLNK29
2023-06-GSAFAC-0000349722,KNDBTMFBXDV7,2023,2025-01-10,JVC5XXRLL9K9
2023-06-GSAFAC-0000349722,KNDBTMFBXDV7,2023,2025-01-10,W59NVUGDKQR3
2024-06-GSAFAC-0000345601,NLJNUNKXJNV1,2024,2025-01-10,R9A2UFVCJB47
2024-06-GSAFAC-0000345601,NLJNUNKXJNV1,2024,2025-01-10,HTKQCJLCW7T1
2024-06-GSAFAC-0000345601,NLJNUNKXJNV1,2024,2025-01-10,XDEWKED7TVV7
2024-06-GSAFAC-0000345601,NLJNUNKXJNV1,2024,2025-01-10,KMVPKHWG71R1
2024-06-GSAFAC-0000345750,GJ6NACP4QQ63,2024,2025-01-12,PBX1Z48YBQH1
2024-06-GSAFAC-0000345750,GJ6NACP4QQ63,2024,2025-01-12,KDZFP1YNQ3J3
2024-06-GSAFAC-0000345750,GJ6NACP4QQ63,2024,2025-01-12,MBWBYFNLFGS5
2024-06-GSAFAC-0000345750,GJ6NACP4QQ63,2024,2025-01-12,T6NUHM9D1P39
2024-06-GSAFAC-0000346219,KBRMA6TAJL58,2024,2025-01-12,GK9WVLJHK8H7
2024-06-GSAFAC-0000346219,KBRMA6TAJL58,2024,2025-01-12,TQAVCLGQNE56
2024-06-GSAFAC-0000346219,KBRMA6TAJL58,2024,2025-01-12,LS7DDFXXXWB7
2024-06-GSAFAC-0000346219,KBRMA6TAJL58,2024,2025-01-12,T9WEG8DNMCM6
2024-06-GSAFAC-0000346219,KBRMA6TAJL58,2024,2025-01-12,XHQSGA9325B4
2024-06-GSAFAC-0000346219,KBRMA6TAJL58,2024,2025-01-12,TDJHQKVSXMG3
2024-06-GSAFAC-0000346219,KBRMA6TAJL58,2024,2025-01-12,XG5SGJ1Y9318
2024-06-GSAFAC-0000346219,KBRMA6TAJL58,2024,2025-01-12,TCQSQE82AND7
2024-06-GSAFAC-0000346219,KBRMA6TAJL58,2024,2025-01-12,TS34JB8H3JJ1
2024-06-GSAFAC-0000346219,KBRMA6TAJL58,2024,2025-01-12,LEH4SMQNELP8
2024-06-GSAFAC-0000346219,KBRMA6TAJL58,2024,2025-01-12,EGU6F9JM3FC7
2024-06-GSAFAC-0000346219,KBRMA6TAJL58,2024,2025-01-12,JFC4N85G3916
2024-06-GSAFAC-0000070013,GMZUKXFDJMA9,2024,2025-01-13,NHH3T1Z96H29
2024-06-GSAFAC-0000070013,GMZUKXFDJMA9,2024,2025-01-13,CDAQNZCL6287
2024-06-GSAFAC-0000070013,GMZUKXFDJMA9,2024,2025-01-13,NQMVAAQUFU53
2024-06-GSAFAC-0000070013,GMZUKXFDJMA9,2024,2025-01-13,LMCJKRFW5R81
2024-06-GSAFAC-0000070013,GMZUKXFDJMA9,2024,2025-01-13,NJ14V2NZYM68
2024-06-GSAFAC-0000070013,GMZUKXFDJMA9,2024,2025-01-13,LVVEB3CF8MB8
2024-06-GSAFAC-0000070013,GMZUKXFDJMA9,2024,2025-01-13,Z8BHM18YGG86
2024-06-GSAFAC-0000070013,GMZUKXFDJMA9,2024,2025-01-13,M746VC6XMNH9
2024-06-GSAFAC-0000070013,GMZUKXFDJMA9,2024,2025-01-13,HYN3WD58HNN7
2024-06-GSAFAC-0000070013,GMZUKXFDJMA9,2024,2025-01-13,TCMMHB95V224
2024-06-GSAFAC-0000070013,GMZUKXFDJMA9,2024,2025-01-13,VKAPREANC226
2024-06-GSAFAC-0000070013,GMZUKXFDJMA9,2024,2025-01-13,KCX1UVS7TDN4
2024-06-GSAFAC-0000070013,GMZUKXFDJMA9,2024,2025-01-13,HRDLJHEN7A31
2024-06-GSAFAC-0000070013,GMZUKXFDJMA9,2024,2025-01-13,JFN1KKMNPL53
2024-06-GSAFAC-0000070013,GMZUKXFDJMA9,2024,2025-01-13,RCHLJW4S5BC4
2024-06-GSAFAC-0000070013,GMZUKXFDJMA9,2024,2025-01-13,SSLNDEA6SHT6
2024-06-GSAFAC-0000070013,GMZUKXFDJMA9,2024,2025-01-13,JJ2FXBDGWMG5
2024-06-GSAFAC-0000070013,GMZUKXFDJMA9,2024,2025-01-13,KBTNGWV8WML7
2024-06-GSAFAC-0000070013,GMZUKXFDJMA9,2024,2025-01-13,DLV5DEVHGF38
2024-06-GSAFAC-0000070013,GMZUKXFDJMA9,2024,2025-01-13,M3SSQY9ACBN5
2024-06-GSAFAC-0000070013,GMZUKXFDJMA9,2024,2025-01-13,VF3YXVWLNK74
2024-06-GSAFAC-0000070013,GMZUKXFDJMA9,2024,2025-01-13,ZFVQJHB3V3P8
2024-06-GSAFAC-0000070013,GMZUKXFDJMA9,2024,2025-01-13,HC89YCZSKKF9
2024-06-GSAFAC-0000070013,GMZUKXFDJMA9,2024,2025-01-13,TL95NFF5X9Z1
2024-06-GSAFAC-0000070013,GMZUKXFDJMA9,2024,2025-01-13,DLFSG7C4VFN5
2024-06-GSAFAC-0000070013,GMZUKXFDJMA9,2024,2025-01-13,P9EKXUKS9T93
2024-06-GSAFAC-0000070013,GMZUKXFDJMA9,2024,2025-01-13,JA8GV1L9NDL5
2024-06-GSAFAC-0000070013,GMZUKXFDJMA9,2024,2025-01-13,NK5CPKU3K7T8
2024-06-GSAFAC-0000070013,GMZUKXFDJMA9,2024,2025-01-13,XM6CBJX6SBH1
2024-06-GSAFAC-0000070013,GMZUKXFDJMA9,2024,2025-01-13,ENHFETGG2L51
2024-06-GSAFAC-0000348954,D1WCP85RJ9K5,2024,2025-01-13,M4WEMZR6APZ3
2023-12-GSAFAC-0000065999,M75FND7PLHN6,2023,2025-01-13,DX1DYCU6LFG8
2024-06-GSAFAC-0000347698,QE68HMBJ3LS9,2024,2025-01-13,M2J4DA24YMK1
2024-06-GSAFAC-0000346160,LH6FPNVWYHF1,2024,2025-01-13,FQ8GMMEEM5B3
2024-06-GSAFAC-0000346160,LH6FPNVWYHF1,2024,2025-01-13,QP75AJQ753H9
2024-06-GSAFAC-0000346160,LH6FPNVWYHF1,2024,2025-01-13,FL3BFSHDC4T7
2024-06-GSAFAC-0000346160,LH6FPNVWYHF1,2024,2025-01-13,K9HJXLNWF1Z3
2024-06-GSAFAC-0000346160,LH6FPNVWYHF1,2024,2025-01-13,K2SLSBSS34R4
2024-06-GSAFAC-0000346160,LH6FPNVWYHF1,2024,2025-01-13,QN3DXBXJETJ5
2024-06-GSAFAC-0000349052,M4DJFLKNT4C5,2024,2025-01-13,LXH3H8DYLNN1
2024-06-GSAFAC-0000349052,M4DJFLKNT4C5,2024,2025-01-13,WSXTBNSGD528
2024-06-GSAFAC-0000349052,M4DJFLKNT4C5,2024,2025-01-13,K4BPJP364FT9
2024-06-GSAFAC-0000349052,M4DJFLKNT4C5,2024,2025-01-13,L5JUKY2RE7W7
2024-06-GSAFAC-0000349052,M4DJFLKNT4C5,2024,2025-01-13,LFQ5KCNPN8M9
2024-06-GSAFAC-0000349052,M4DJFLKNT4C5,2024,2025-01-13,GDKJW2C2WFK4
2024-06-GSAFAC-0000349052,M4DJFLKNT4C5,2024,2025-01-13,GAMXWLX27M75
2024-06-GSAFAC-0000349052,M4DJFLKNT4C5,2024,2025-01-13,LN4GLNYUE6U3
2024-06-GSAFAC-0000056226,T3LGVRCFU3D8,2024,2025-01-13,K3YATGFHK6Q7
2024-06-GSAFAC-0000063166,X1PHNPJ79AA4,2024,2025-01-13,HLQMD1V63EL9
2024-06-GSAFAC-0000068286,Y2BSP82QPGB3,2024,2025-01-13,YXALJKD8KRN7
2024-06-GSAFAC-0000068286,Y2BSP82QPGB3,2024,2025-01-13,MCVLJARN5Y56
2024-06-GSAFAC-0000346746,V61APGFABP49,2024,2025-01-13,M9KAALAZYWB3
2024-06-GSAFAC-0000347954,YAMSHFM3JKG5,2024,2025-01-14,LGE9YEKYE5K4
2024-06-GSAFAC-0000348831,D1A5BKL7HTA9,2024,2025-01-14,Q2AXMLWRUM75
2022-09-GSAFAC-0000055554,T36XEEDA7QZ3,2022,2025-01-14,J1HAN6V7GQT7
2022-09-GSAFAC-0000055554,T36XEEDA7QZ3,2022,2025-01-14,C7BGR2BYJAJ9
2023-09-GSAFAC-0000344300,T36XEEDA7QZ3,2023,2025-01-14,J1HAN6V7GQT7
2023-09-GSAFAC-0000344300,T36XEEDA7QZ3,2023,2025-01-14,C7BGR2BYJAJ9
2024-06-GSAFAC-0000067860,PMVLKBX5KCA8,2024,2025-01-14,F87MBG9M1KL1
2024-06-GSAFAC-0000067860,PMVLKBX5KCA8,2024,2025-01-14,E41PH2FF1LM8
2024-06-GSAFAC-0000067860,PMVLKBX5KCA8,2024,2025-01-14,URJVMKBJKM21
2024-06-GSAFAC-0000067860,PMVLKBX5KCA8,2024,2025-01-14,HAMKDP7NM8C6
2024-06-GSAFAC-0000067860,PMVLKBX5KCA8,2024,2025-01-14,N2D5AFD9HGE1
2024-06-GSAFAC-0000348533,SNLZHEANAJ47,2024,2025-01-14,DLEHKT6UCG75
2024-06-GSAFAC-0000348533,SNLZHEANAJ47,2024,2025-01-14,FEYLZGL4EB27
2024-06-GSAFAC-0000348533,SNLZHEANAJ47,2024,2025-01-14,ZPYAC7W9WKT3
2024-06-GSAFAC-0000348533,SNLZHEANAJ47,2024,2025-01-14,XB8EDP4NMR86
2024-06-GSAFAC-0000346076,JEH9LUTAHPQ1,2024,2025-01-14,JMBWKU9KJXH6
2024-06-GSAFAC-0000346076,JEH9LUTAHPQ1,2024,2025-01-14,LDGQZS26EHH7
2024-06-GSAFAC-0000346076,JEH9LUTAHPQ1,2024,2025-01-14,J9PHFL7B9G85
2024-06-GSAFAC-0000346076,JEH9LUTAHPQ1,2024,2025-01-14,GA13SREFL875
2024-06-GSAFAC-0000344816,G6GVZ2CU9ZR3,2024,2025-01-15,WBKKQXHB6GJ5
2024-06-GSAFAC-0000345216,K7EPDEL2B141,2024,2025-01-15,CAEEBKDVNEK6
2024-06-GSAFAC-0000345216,K7EPDEL2B141,2024,2025-01-15,MLJGZSMNCJC6
2024-06-GSAFAC-0000350121,VDJES6LKCB84,2024,2025-01-15,N1Q6TTLM9Q98
2024-06-GSAFAC-0000069607,VMKPNYHAL941,2024,2025-01-15,DMFJL5LWA8L4
2024-06-GSAFAC-0000069607,VMKPNYHAL941,2024,2025-01-15,EJ3WQHLQBMG5
2024-06-GSAFAC-0000350480,LAPRCB3THXR5,2024,2025-01-15,ME5GNKHA9R86
2024-06-GSAFAC-0000350480,LAPRCB3THXR5,2024,2025-01-15,XC2MNT5TV9A5
2024-06-GSAFAC-0000350480,LAPRCB3THXR5,2024,2025-01-15,PFLSLJ6GK5K4
2024-06-GSAFAC-0000350053,Q5HGXH2KPZP9,2024,2025-01-15,N4M7QAW26BW4
2024-06-GSAFAC-0000346683,GX7UG6VHDHC9,2024,2025-01-15,VET6MQCFKL83
2024-06-GSAFAC-0000347489,J7C8WLVK66Q1,2024,2025-01-15,ZFXXLB26H538
2024-08-GSAFAC-0000346202,CZABTMGHLJC8,2024,2025-01-15,DPYVW2FX8ZA7
2024-06-GSAFAC-0000069471,XSNJVVC4K8J7,2024,2025-01-15,FLMXV712PEB9
2024-06-GSAFAC-0000069471,XSNJVVC4K8J7,2024,2025-01-15,ZUTPL1WY26A6
2024-06-GSAFAC-0000069471,XSNJVVC4K8J7,2024,2025-01-15,S3T6TPLZVC44
2024-06-GSAFAC-0000069471,XSNJVVC4K8J7,2024,2025-01-15,NPSCMGB8TMH7
2024-06-GSAFAC-0000069471,XSNJVVC4K8J7,2024,2025-01-15,DPLNPYEELJN3
2024-06-GSAFAC-0000069471,XSNJVVC4K8J7,2024,2025-01-15,LMNMSNDKMKK5
2024-06-GSAFAC-0000069471,XSNJVVC4K8J7,2024,2025-01-15,KSM4UUTZ6Z75
2024-06-GSAFAC-0000069471,XSNJVVC4K8J7,2024,2025-01-15,Z3H2LB1VMZ28
2024-06-GSAFAC-0000069471,XSNJVVC4K8J7,2024,2025-01-15,T5R3PMKJY6K3
2024-06-GSAFAC-0000069471,XSNJVVC4K8J7,2024,2025-01-15,RNLMCT6WCF99
2024-06-GSAFAC-0000069471,XSNJVVC4K8J7,2024,2025-01-15,VCKMLCEAYFY9
2024-06-GSAFAC-0000069471,XSNJVVC4K8J7,2024,2025-01-15,Y7YKSREYBEN4
2024-06-GSAFAC-0000069471,XSNJVVC4K8J7,2024,2025-01-15,PNM6CA7UHN37
2024-06-GSAFAC-0000069471,XSNJVVC4K8J7,2024,2025-01-15,NW96LNHKX3G3
2024-06-GSAFAC-0000069471,XSNJVVC4K8J7,2024,2025-01-15,KURDJBTLM1A1
2024-06-GSAFAC-0000069471,XSNJVVC4K8J7,2024,2025-01-15,UNVFXAX82A29
2024-06-GSAFAC-0000346534,ZU2WKAAP6R21,2024,2025-01-15,GZX7GGHD7CA3
2024-06-GSAFAC-0000344642,NNCAHMFHXQ13,2024,2025-01-15,SL4SEKUJMSP8
2022-12-GSAFAC-0000349669,ML88S3LCLFE3,2022,2025-01-15,PMLRWD6RUMY8
2022-12-GSAFAC-0000349669,ML88S3LCLFE3,2022,2025-01-15,WCD6TKNNKXV8
2024-06-GSAFAC-0000347021,H2JQJKZU65E8,2024,2025-01-15,E3JHJYNXWN18
2024-06-GSAFAC-0000347021,H2JQJKZU65E8,2024,2025-01-15,YQJ6EYU5WM51
2024-09-GSAFAC-0000348711,F3LNHFKF5UP1,2024,2025-01-15,GKNUPMGGW9X9
2024-06-GSAFAC-0000346331,N7KQG19GR3C3,2024,2025-01-15,MCFUJ37L7NL6
2024-06-GSAFAC-0000346331,N7KQG19GR3C3,2024,2025-01-15,CWC6DHLZA5Z6
2024-06-GSAFAC-0000346331,N7KQG19GR3C3,2024,2025-01-15,JYNPM7NBLC46
2024-06-GSAFAC-0000346331,N7KQG19GR3C3,2024,2025-01-15,GT2YKMUYJRB6
2024-06-GSAFAC-0000346331,N7KQG19GR3C3,2024,2025-01-15,ZC46AALYN1P6
2024-06-GSAFAC-0000346331,N7KQG19GR3C3,2024,2025-01-15,DV9EBNJ44YJ7
2024-06-GSAFAC-0000346331,N7KQG19GR3C3,2024,2025-01-15,PMMPNTQ1UCC3
2024-06-GSAFAC-0000346331,N7KQG19GR3C3,2024,2025-01-15,NN4WZH6JTGK7
2024-06-GSAFAC-0000346331,N7KQG19GR3C3,2024,2025-01-15,HZ54T55ZMP87
2024-06-GSAFAC-0000346331,N7KQG19GR3C3,2024,2025-01-15,G521MN2KH1B4
2024-06-GSAFAC-0000346331,N7KQG19GR3C3,2024,2025-01-15,F6H6QFT18B11
2024-06-GSAFAC-0000346331,N7KQG19GR3C3,2024,2025-01-15,KQ3KMNRSPJ49
2024-06-GSAFAC-0000346331,N7KQG19GR3C3,2024,2025-01-15,JNHSYAFK6E19
2024-06-GSAFAC-0000346331,N7KQG19GR3C3,2024,2025-01-15,U9LGGAXXTFB1
2024-06-GSAFAC-0000346331,N7KQG19GR3C3,2024,2025-01-15,EP3RXPZR2RE3
2024-06-GSAFAC-0000346331,N7KQG19GR3C3,2024,2025-01-15,Q7GYAJPXALM3
2024-06-GSAFAC-0000346331,N7KQG19GR3C3,2024,2025-01-15,EA5UBFJEL4H3
2024-06-GSAFAC-0000346331,N7KQG19GR3C3,2024,2025-01-15,D944A28YKLK4
2024-06-GSAFAC-0000067718,GPW4UYVHH8M8,2024,2025-01-15,KJGLBEN9DKP9
2024-06-GSAFAC-0000067718,GPW4UYVHH8M8,2024,2025-01-15,YXNNRRL7H3K9
2024-06-GSAFAC-0000344062,J2LAM4VALLG4,2024,2025-01-15,G778PXNSQXS4
2024-06-GSAFAC-0000344062,J2LAM4VALLG4,2024,2025-01-15,VNJLF5M8XMD3
2024-06-GSAFAC-0000344062,J2LAM4VALLG4,2024,2025-01-15,VV2DY375QKL4
2024-06-GSAFAC-0000350688,GXL2R9ANB8T3,2024,2025-01-16,SJ33A9EBB7P4
2022-12-GSAFAC-0000053978,PVF6JK7WSM24,2022,2025-01-16,T69GU8U4MF28
2024-06-GSAFAC-0000349471,M2ENSJTABU43,2024,2025-01-16,UD7RJ7SJL7V7
2024-06-GSAFAC-0000344465,LG9HG3GMBAB7,2024,2025-01-16,R1NGWSM8VM33
2024-06-GSAFAC-0000347691,R2R7D71478N3,2024,2025-01-16,LKKEPLA5ZH16
2024-06-GSAFAC-0000347691,R2R7D71478N3,2024,2025-01-16,MN8CGN9RMJJ9
2024-06-GSAFAC-0000347691,R2R7D71478N3,2024,2025-01-16,DN64J94KT5S3
2024-06-GSAFAC-0000347691,R2R7D71478N3,2024,2025-01-16,LMSZVNJKA1H8
2024-08-GSAFAC-0000348067,XMDHUN8FUPN9,2024,2025-01-16,E4SNX6XX5RV7
2024-08-GSAFAC-0000348067,XMDHUN8FUPN9,2024,2025-01-16,KPY2TTAB3371
2024-08-GSAFAC-0000348067,XMDHUN8FUPN9,2024,2025-01-16,NRHNYSCEQ2A3
2024-08-GSAFAC-0000348067,XMDHUN8FUPN9,2024,2025-01-16,PWEGMRNYWMD6
2024-08-GSAFAC-0000348067,XMDHUN8FUPN9,2024,2025-01-16,GSA7NUR2L8X8
2024-08-GSAFAC-0000348067,XMDHUN8FUPN9,2024,2025-01-16,NJ3XQMMZFLP7
2024-06-GSAFAC-0000348388,CM7JLP8P4BV9,2024,2025-01-16,K32RJKL4QNP7
2024-06-GSAFAC-0000348388,CM7JLP8P4BV9,2024,2025-01-16,NS47AZ9CUUL7
2024-06-GSAFAC-0000348388,CM7JLP8P4BV9,2024,2025-01-16,MF6KULB9YDM5
2024-06-GSAFAC-0000348388,CM7JLP8P4BV9,2024,2025-01-16,HBX6V2R1YZZ4
2024-06-GSAFAC-0000348388,CM7JLP8P4BV9,2024,2025-01-16,NS1ECJSZ5HX9
2024-06-GSAFAC-0000348388,CM7JLP8P4BV9,2024,2025-01-16,KLF4XYUZEGL5
2024-06-GSAFAC-0000348388,CM7JLP8P4BV9,2024,2025-01-16,XECYNK9ELJC4
2024-06-GSAFAC-0000348388,CM7JLP8P4BV9,2024,2025-01-16,KHXETZ9ULNU7
2024-06-GSAFAC-0000069735,HBK8SBCQJ8X5,2024,2025-01-16,LKL9DPTCFMQ7
2024-06-GSAFAC-0000069735,HBK8SBCQJ8X5,2024,2025-01-16,CTN6WTL53KL5
2024-06-GSAFAC-0000069735,HBK8SBCQJ8X5,2024,2025-01-16,X7MEDXL78N57
2024-06-GSAFAC-0000069735,HBK8SBCQJ8X5,2024,2025-01-16,C1H2S6ENSW58
2024-06-GSAFAC-0000069735,HBK8SBCQJ8X5,2024,2025-01-16,TKV8PAW2FA97
2024-09-GSAFAC-0000348788,XJH6EP7LNYR5,2024,2025-01-16,EMANUYD6U9J6
2024-09-GSAFAC-0000344781,M6GHWEGZRFH9,2024,2025-01-16,WJHHVNDH7RL6
2024-06-GSAFAC-0000349102,JC38AQV317K8,2024,2025-01-16,ENZ6AV2FDAL4
2024-06-GSAFAC-0000349102,JC38AQV317K8,2024,2025-01-16,YJK5HJQ1F327
2024-06-GSAFAC-0000349102,JC38AQV317K8,2024,2025-01-16,EHFZNKJN7JQ5
2024-06-GSAFAC-0000349102,JC38AQV317K8,2024,2025-01-16,W7Y1MBMF8EZ5
2024-06-GSAFAC-0000349102,JC38AQV317K8,2024,2025-01-16,ZUM3HFCQLL63
2024-06-GSAFAC-0000349102,JC38AQV317K8,2024,2025-01-16,LBLZKVQUZYE1
2024-06-GSAFAC-0000349102,JC38AQV317K8,2024,2025-01-16,WWHML8DDAKJ5
2024-06-GSAFAC-0000349102,JC38AQV317K8,2024,2025-01-16,XC1SK7J4ML85
2024-06-GSAFAC-0000347779,DMNAHQAW9XC1,2024,2025-01-17,DS7WSWLPMEJ1
2024-06-GSAFAC-0000064645,SZBAFPNY51L7,2024,2025-01-17,M4DLSXJKR3E9
2024-06-GSAFAC-0000064645,SZBAFPNY51L7,2024,2025-01-17,NVZFX73HDDR6
2024-06-GSAFAC-0000350443,RAS9AS44BBQ8,2024,2025-01-17,H7N2W7LLUMV7
2024-06-GSAFAC-0000349100,LLTSN4MRLTN6,2024,2025-01-17,C12SFNEBVJR8
2024-06-GSAFAC-0000349095,D2WQK2SC34K3,2024,2025-01-17,ZXN8L7NKKZB5
2024-06-GSAFAC-0000349095,D2WQK2SC34K3,2024,2025-01-17,YA4RG35SBQP1
2024-06-GSAFAC-0000349095,D2WQK2SC34K3,2024,2025-01-17,CY15EZSM78M1
2024-06-GSAFAC-0000349095,D2WQK2SC34K3,2024,2025-01-17,F26PJ3MDDWZ8
2024-06-GSAFAC-0000349095,D2WQK2SC34K3,2024,2025-01-17,HHLJS8J75YJ5
2024-06-GSAFAC-0000349095,D2WQK2SC34K3,2024,2025-01-17,JMN9FP4BJLG3
2024-06-GSAFAC-0000349095,D2WQK2SC34K3,2024,2025-01-17,E7KHQNF3GBQ3
2024-06-GSAFAC-0000069536,CE5HYGJABEE9,2024,2025-01-17,EJ7SENYL6MD1
2024-06-GSAFAC-0000348488,QHPHMY9XRY68,2024,2025-01-17,PV99FG92UJ25
2024-04-GSAFAC-0000347684,TMNMB8RAWXP9,2024,2025-01-17,LSKQP64Y9TE1
2024-06-GSAFAC-0000347821,FWU8SBRH58K6,2024,2025-01-17,KGD3NHGE5RM4
2024-06-GSAFAC-0000347821,FWU8SBRH58K6,2024,2025-01-17,MSMPXRS6M138
2024-06-GSAFAC-0000347821,FWU8SBRH58K6,2024,2025-01-17,S8E4H9AYQT18
2024-06-GSAFAC-0000347821,FWU8SBRH58K6,2024,2025-01-17,VQPHK2P9EG67
2024-06-GSAFAC-0000347821,FWU8SBRH58K6,2024,2025-01-17,NW65A2F664M5
2024-06-GSAFAC-0000347821,FWU8SBRH58K6,2024,2025-01-17,HETNEH3VWDD8
2024-06-GSAFAC-0000349369,F8LNWE8JTWK5,2024,2025-01-17,H1D5TXDJ7T39
2024-06-GSAFAC-0000349369,F8LNWE8JTWK5,2024,2025-01-17,FJJLSUNJTCR3
2024-06-GSAFAC-0000349369,F8LNWE8JTWK5,2024,2025-01-17,CW6LY9KYNYZ9
2024-06-GSAFAC-0000068886,V8BLYJDMJHU9,2024,2025-01-21,UV61N48YZBZ4
2024-06-GSAFAC-0000347121,WT9LA1BLEL65,2024,2025-01-21,KF6FNAZRLMJ4
2024-06-GSAFAC-0000347121,WT9LA1BLEL65,2024,2025-01-21,DE1YS3AYV965
2024-06-GSAFAC-0000347121,WT9LA1BLEL65,2024,2025-01-21,QMN9RDT4LPB5
2024-06-GSAFAC-0000347121,WT9LA1BLEL65,2024,2025-01-21,JAK8AA5DTH57
2024-06-GSAFAC-0000347121,WT9LA1BLEL65,2024,2025-01-21,VE91M71M9329
2024-06-GSAFAC-0000350716,V7MAKBE1MCL7,2024,2025-01-21,KM86MSTMQ7Q6
2024-06-GSAFAC-0000350716,V7MAKBE1MCL7,2024,2025-01-21,JWA2YKXCWKQ3
2024-06-GSAFAC-0000067497,N5D6ZPK28B18,2024,2025-01-21,QJJHCEAG1YV1
2024-06-GSAFAC-0000350441,EJXNLWZDDMD3,2024,2025-01-21,H8FGHBNQLBP7
2024-06-GSAFAC-0000350441,EJXNLWZDDMD3,2024,2025-01-21,CCZSQRSVUUA3
2024-06-GSAFAC-0000350518,KURKMKZUFMY2,2024,2025-01-22,PVGSA4PW32K3
2024-06-GSAFAC-0000351388,YE45C4JZC5U1,2024,2025-01-22,CLN1DX3SCV88
2024-06-GSAFAC-0000351652,FK8TL5KKDMS7,2024,2025-01-22,QLKJMN1AA235
2024-06-GSAFAC-0000351185,Y8C9LCXDLNJ4,2024,2025-01-22,R37ZPGLSWAN7
2024-06-GSAFAC-0000351540,ELPFR9KUQP89,2024,2025-01-22,HREMF7NNVEN1
2024-06-GSAFAC-0000351540,ELPFR9KUQP89,2024,2025-01-22,MLEMWJ6ALPJ5
2024-06-GSAFAC-0000349367,PGV6VDDB8PF8,2024,2025-01-22,X7MAE19N5RH4
2024-06-GSAFAC-0000065425,GEYBRPBMD5H7,2024,2025-01-22,C843NJ6FYF27
2024-06-GSAFAC-0000350714,E8ESR3ZKWP19,2024,2025-01-22,LH14QDCTTNX5
2023-06-GSAFAC-0000351591,LW1XX7KRQ911,2023,2025-01-22,MLX6WJND8VB1
2024-06-GSAFAC-0000350148,EK4SMPJKY5E4,2024,2025-01-23,MPUTNJKT9MZ7
2024-06-GSAFAC-0000067825,HW57FCX3KKB8,2024,2025-01-23,TN65MMLGL4C8
2024-09-GSAFAC-0000349942,GNV3KLK4Q349,2024,2025-01-23,E5A5DYZTFSP8
2024-09-GSAFAC-0000349942,GNV3KLK4Q349,2024,2025-01-23,F6ZXBJWA6121
2024-09-GSAFAC-0000349942,GNV3KLK4Q349,2024,2025-01-23,H1UMTFJY8SH3
2024-06-GSAFAC-0000351605,HBXYAQPP42Z9,2024,2025-01-23,NUSSCW4K7QA4
2024-06-GSAFAC-0000351605,HBXYAQPP42Z9,2024,2025-01-23,UZAQN39KZVL3
2024-06-GSAFAC-0000347027,EUMZJK3F5CL3,2024,2025-01-23,JGF7DC4FDJX6
2024-06-GSAFAC-0000347027,EUMZJK3F5CL3,2024,2025-01-23,C9Q1QB9BJYP7
2024-06-GSAFAC-0000347027,EUMZJK3F5CL3,2024,2025-01-23,ZS57SC2TNLR8
2024-06-GSAFAC-0000347027,EUMZJK3F5CL3,2024,2025-01-23,ZSE5T8EMFAM7
2024-06-GSAFAC-0000347027,EUMZJK3F5CL3,2024,2025-01-23,JUXWLX4MN664
2024-06-GSAFAC-0000347027,EUMZJK3F5CL3,2024,2025-01-23,ZCS1XLMH5KB3
2024-06-GSAFAC-0000347027,EUMZJK3F5CL3,2024,2025-01-23,LJGATL2BK7D5
2024-06-GSAFAC-0000347027,EUMZJK3F5CL3,2024,2025-01-23,L9VDWJQEAMJ8
2024-06-GSAFAC-0000347027,EUMZJK3F5CL3,2024,2025-01-23,CUNJAK5WCJ53
2024-06-GSAFAC-0000347027,EUMZJK3F5CL3,2024,2025-01-23,VAE9X5UF1Q63
2024-06-GSAFAC-0000347027,EUMZJK3F5CL3,2024,2025-01-23,ZTDJR2TEP5J7
2024-06-GSAFAC-0000351331,N3YZPNF4DLT7,2024,2025-01-24,NK33B1U4P5M7
2024-06-GSAFAC-0000067205,MYX9B6NDMS25,2024,2025-01-24,QAVEZ4YMGKR7
2024-06-GSAFAC-0000067205,MYX9B6NDMS25,2024,2025-01-24,MKJJK6WB82N3
2024-06-GSAFAC-0000067205,MYX9B6NDMS25,2024,2025-01-24,JXBRJUNMMT64
2024-06-GSAFAC-0000068365,PC5NYNW2UQ54,2024,2025-01-24,EHJND1Z2E888
2024-09-GSAFAC-0000350868,CEX7F74WQ8B5,2024,2025-01-24,LQL2YULDMWR7
2024-09-GSAFAC-0000350868,CEX7F74WQ8B5,2024,2025-01-24,N4TDMQV8LKB8
2024-09-GSAFAC-0000350868,CEX7F74WQ8B5,2024,2025-01-24,G1VSSGLQMTY9
2024-09-GSAFAC-0000350868,CEX7F74WQ8B5,2024,2025-01-24,NAXMBLMHCLR6
2024-09-GSAFAC-0000350868,CEX7F74WQ8B5,2024,2025-01-24,LNNWBJDL4AX3
2024-09-GSAFAC-0000350868,CEX7F74WQ8B5,2024,2025-01-24,HJNUASYCKTZ6
2024-09-GSAFAC-0000350868,CEX7F74WQ8B5,2024,2025-01-24,NXP1LBRLYN11
2024-06-GSAFAC-0000351810,XJHFNSZ9PGK6,2024,2025-01-24,J9AUEWEGF9L7
2024-06-GSAFAC-0000068382,RW6ER4JBBD76,2024,2025-01-24,RW73KH7UQAW1
2024-06-GSAFAC-0000351374,JK7MLP2U7L88,2024,2025-01-27,KFU6BGBNWXD3
2024-06-GSAFAC-0000350054,FXHXYLX5LWD8,2024,2025-01-27,FW5NSYKMFEK4
2024-06-GSAFAC-0000350054,FXHXYLX5LWD8,2024,2025-01-27,SBLVK6Y7H2B1
2024-06-GSAFAC-0000350054,FXHXYLX5LWD8,2024,2025-01-27,JSBTMC1D82X5
2024-06-GSAFAC-0000350054,FXHXYLX5LWD8,2024,2025-01-27,U6K5F9DSKC95
2024-06-GSAFAC-0000350054,FXHXYLX5LWD8,2024,2025-01-27,L26ADC8DFL62
2024-06-GSAFAC-0000350054,FXHXYLX5LWD8,2024,2025-01-27,WGKPVB23ABE8
2024-06-GSAFAC-0000350054,FXHXYLX5LWD8,2024,2025-01-27,U1HZLTJ5V9Z3
2024-06-GSAFAC-0000350054,FXHXYLX5LWD8,2024,2025-01-27,JLFLKVGLBV74
2024-06-GSAFAC-0000350054,FXHXYLX5LWD8,2024,2025-01-27,CP1ULNRS2HK3
2024-06-GSAFAC-0000350054,FXHXYLX5LWD8,2024,2025-01-27,LPMBLHYVB9J7
2024-06-GSAFAC-0000350054,FXHXYLX5LWD8,2024,2025-01-27,RPELURBNTHG9
2024-06-GSAFAC-0000350054,FXHXYLX5LWD8,2024,2025-01-27,HUJ1SKKR5C18
2024-06-GSAFAC-0000350054,FXHXYLX5LWD8,2024,2025-01-27,KTJWF7YH5LD8
2024-06-GSAFAC-0000350054,FXHXYLX5LWD8,2024,2025-01-27,JQ47VRTJL228
2024-06-GSAFAC-0000350054,FXHXYLX5LWD8,2024,2025-01-27,ECZZT5JNCNE4
2024-08-GSAFAC-0000067917,HWMKHGQ42Q13,2024,2025-01-27,UK6JFN3BPAZ5
2024-08-GSAFAC-0000067917,HWMKHGQ42Q13,2024,2025-01-27,U3MLZH9Z4MK5
2024-06-GSAFAC-0000351389,FNDXPVCLQ8N9,2024,2025-01-27,FL76NHLDQ3J3
2024-06-GSAFAC-0000346262,FGK1F8ELG3J1,2024,2025-01-27,L2HQTQKX9KB4
2024-06-GSAFAC-0000346262,FGK1F8ELG3J1,2024,2025-01-27,X776RFH7UBL3
2024-06-GSAFAC-0000346262,FGK1F8ELG3J1,2024,2025-01-27,PYFKRTE3SJR7
2024-04-GSAFAC-0000352032,E9FVKEDEBQD6,2024,2025-01-27,C3BBK2Y78WK9
2024-04-GSAFAC-0000352032,E9FVKEDEBQD6,2024,2025-01-27,FHV7LDJBD329
2024-06-GSAFAC-0000351465,KK9BEJM1L311,2024,2025-01-28,PU7GESNYJN88
2024-06-GSAFAC-0000351583,LNL8MJJNFQB7,2024,2025-01-28,SHECW6LG2FD5
2024-06-GSAFAC-0000351583,LNL8MJJNFQB7,2024,2025-01-28,XH4CAPC9KRF7
2024-06-GSAFAC-0000351583,LNL8MJJNFQB7,2024,2025-01-28,G5CTZWTRSHM5
2023-12-GSAFAC-0000037802,W13DBKLHL4G9,2023,2025-01-28,MXBWB6RE4DG1
2024-06-GSAFAC-0000069567,DDCMMXZ95TQ5,2024,2025-01-28,FLX1BGM2V3V7
2024-06-GSAFAC-0000069567,DDCMMXZ95TQ5,2024,2025-01-28,PFJPWQMCLSC3
2024-06-GSAFAC-0000069567,DDCMMXZ95TQ5,2024,2025-01-28,RZBMKCDW36Q8
2024-06-GSAFAC-0000069567,DDCMMXZ95TQ5,2024,2025-01-28,GKJURMN3S3W9
2024-06-GSAFAC-0000069567,DDCMMXZ95TQ5,2024,2025-01-28,YK7RAYRE29T6
2024-06-GSAFAC-0000348632,XXVLZEYU3MN5,2024,2025-01-28,G4HMR518PKL5
2024-09-GSAFAC-0000069732,ULK7DXFED621,2024,2025-01-28,PWYHNSJYEWN6
2024-09-GSAFAC-0000069732,ULK7DXFED621,2024,2025-01-28,LJX7UBEYA9B4
2024-09-GSAFAC-0000069732,ULK7DXFED621,2024,2025-01-28,NK6FNVSJPXM4
2024-09-GSAFAC-0000069732,ULK7DXFED621,2024,2025-01-28,C3YEFLZBT717
2024-09-GSAFAC-0000069732,ULK7DXFED621,2024,2025-01-28,G1X4DAFYQ743
2024-09-GSAFAC-0000069732,ULK7DXFED621,2024,2025-01-28,JAJMVVHYWYL3
2024-09-GSAFAC-0000069732,ULK7DXFED621,2024,2025-01-28,CJ16KBSKK9W9
2024-09-GSAFAC-0000069732,ULK7DXFED621,2024,2025-01-28,J1KLJ99465J1
2024-09-GSAFAC-0000069732,ULK7DXFED621,2024,2025-01-28,V75GVNQQ1LP1
2024-09-GSAFAC-0000069732,ULK7DXFED621,2024,2025-01-28,DRNQD8EA3V94
2024-09-GSAFAC-0000069732,ULK7DXFED621,2024,2025-01-28,GZBCYLC9A869
2024-09-GSAFAC-0000069732,ULK7DXFED621,2024,2025-01-28,WEKAGB97MZL5
2024-09-GSAFAC-0000069732,ULK7DXFED621,2024,2025-01-28,XZB2ZCE237H7
2024-09-GSAFAC-0000069732,ULK7DXFED621,2024,2025-01-28,LVJNF5G64JK8
2024-09-GSAFAC-0000069732,ULK7DXFED621,2024,2025-01-28,CMQXW3NGJ683
2024-09-GSAFAC-0000069732,ULK7DXFED621,2024,2025-01-28,M1BMEJ8K9NK5
2024-09-GSAFAC-0000069732,ULK7DXFED621,2024,2025-01-28,FXDATSTX1C75
2024-09-GSAFAC-0000069732,ULK7DXFED621,2024,2025-01-28,LC37KA27LKJ4
2022-12-GSAFAC-0000350481,Q314ULAC8WN9,2022,2025-01-28,LMTPPW2GM573
2024-06-GSAFAC-0000351870,DUVKX6F5TAG5,2024,2025-01-29,LREWVENQ6TC7
2024-06-GSAFAC-0000351870,DUVKX6F5TAG5,2024,2025-01-29,MLSJB4T69HL4
2024-06-GSAFAC-0000067110,XFK2DVVG6L59,2024,2025-01-29,RYBNG9NUV6J6
2024-06-GSAFAC-0000350430,S1RKMQEPJWA8,2024,2025-01-30,Y9VHWJBL5HT7
2024-09-GSAFAC-0000345079,EUJ4NSR26243,2024,2025-01-30,MMS6VFPKJCE6
2024-09-GSAFAC-0000349443,D4UNFMQY18B7,2024,2025-01-30,CUH9NM31DJE1
2024-06-GSAFAC-0000352602,XAV3EHS6JKJ4,2024,2025-01-30,DWNRWDZYHRV3
2024-06-GSAFAC-0000065608,FJ3SBWYWSAR9,2024,2025-01-31,GUZLY5FN1L31
2024-06-GSAFAC-0000352394,DALGH7JMNN76,2024,2025-01-31,TKJGGU7ZHZ17
2024-06-GSAFAC-0000344322,MWLLXKHNBGB6,2024,2025-01-31,XJJGG29HMXZ4
2024-06-GSAFAC-0000353185,R27BFZLMN4R8,2024,2025-02-03,SV9FM2MNNU48
2024-08-GSAFAC-0000352368,RE86JBBNDVV5,2024,2025-02-03,JHBEK25CNS14
2024-08-GSAFAC-0000352368,RE86JBBNDVV5,2024,2025-02-03,JZNADSSHNPG4
2024-06-GSAFAC-0000352363,F1Q5JJXS2FA7,2024,2025-02-03,EJVELQN9EW37
2022-06-GSAFAC-0000039778,M2Q4MZVZ8HY9,2022,2025-02-03,LMRJDP2J3ZK9
2022-06-GSAFAC-0000039778,M2Q4MZVZ8HY9,2022,2025-02-03,HMSCSVVDLAF5
2022-06-GSAFAC-0000039778,M2Q4MZVZ8HY9,2022,2025-02-03,PP8JQCNK3LK6
2022-06-GSAFAC-0000039778,M2Q4MZVZ8HY9,2022,2025-02-03,Q4B6QWXR8B31
2024-09-GSAFAC-0000353010,WU28Y86KCKT7,2024,2025-02-03,GSHTTVZUH4B3
2024-09-GSAFAC-0000353010,WU28Y86KCKT7,2024,2025-02-03,QFB4MMCULT16
2024-09-GSAFAC-0000353010,WU28Y86KCKT7,2024,2025-02-03,F1DJPTUNYCR3
2024-09-GSAFAC-0000353010,WU28Y86KCKT7,2024,2025-02-03,YWKZMKLL8P78
2024-09-GSAFAC-0000352274,H9ZFMV7TMYX3,2024,2025-02-04,QGKHVM76GWZ3
2024-09-GSAFAC-0000352274,H9ZFMV7TMYX3,2024,2025-02-04,WQLLA9AXN7L4
2024-09-GSAFAC-0000352274,H9ZFMV7TMYX3,2024,2025-02-04,SBVJFLCN8J17
2024-09-GSAFAC-0000352274,H9ZFMV7TMYX3,2024,2025-02-04,TY2MCTJ8A367
2024-09-GSAFAC-0000352274,H9ZFMV7TMYX3,2024,2025-02-04,LX3WL24L2886
2024-09-GSAFAC-0000352274,H9ZFMV7TMYX3,2024,2025-02-04,CHNUCGJAQRK1
2024-09-GSAFAC-0000352274,H9ZFMV7TMYX3,2024,2025-02-04,CNMSK42MMF16
2024-09-GSAFAC-0000352274,H9ZFMV7TMYX3,2024,2025-02-04,Y4M7KHNJPMS7
2024-09-GSAFAC-0000352274,H9ZFMV7TMYX3,2024,2025-02-04,KDNDFNKLJJY3
2024-09-GSAFAC-0000352274,H9ZFMV7TMYX3,2024,2025-02-04,QF5GHU9NCV97
2024-09-GSAFAC-0000352274,H9ZFMV7TMYX3,2024,2025-02-04,ZDELNTMK54R3
2024-09-GSAFAC-0000352274,H9ZFMV7TMYX3,2024,2025-02-04,HKZRPCNBYZC3
2024-06-GSAFAC-0000065113,F6XLTRUQJEN4,2024,2025-02-04,G389MFAYJNG9
2024-06-GSAFAC-0000065113,F6XLTRUQJEN4,2024,2025-02-04,VN8SRV5Q9JT5
2023-09-GSAFAC-0000344506,H3RHSDQY87W7,2023,2025-02-04,C1CPANL3EWK4
2023-09-GSAFAC-0000344506,H3RHSDQY87W7,2023,2025-02-04,MWCKAJN2TQJ7
2023-09-GSAFAC-0000344506,H3RHSDQY87W7,2023,2025-02-04,UUUMQVGJNNX1
2023-09-GSAFAC-0000344506,H3RHSDQY87W7,2023,2025-02-04,DT3ZLPFL6Y55
2023-09-GSAFAC-0000344506,H3RHSDQY87W7,2023,2025-02-04,CGGMWT3L5FH3
2023-09-GSAFAC-0000344506,H3RHSDQY87W7,2023,2025-02-04,RUDGUTP43ZF3
2024-06-GSAFAC-0000344386,REGTREN9KDV6,2024,2025-02-04,GCXAJ8Z16GA8
2024-06-GSAFAC-0000351884,F6XMPMVYG8J3,2024,2025-02-05,GMBJSA1FBWS3
2024-06-GSAFAC-0000351884,F6XMPMVYG8J3,2024,2025-02-05,NBCZN3ZMNC34
2024-06-GSAFAC-0000351884,F6XMPMVYG8J3,2024,2025-02-05,LFEAJ9P535F8
2024-06-GSAFAC-0000351884,F6XMPMVYG8J3,2024,2025-02-05,QGK6NDM2H596
2024-06-GSAFAC-0000351884,F6XMPMVYG8J3,2024,2025-02-05,NN6HFKQY4355
2024-06-GSAFAC-0000351884,F6XMPMVYG8J3,2024,2025-02-05,CJMLME2LNS96
2024-06-GSAFAC-0000351884,F6XMPMVYG8J3,2024,2025-02-05,DCG1PE3FFHC3
2024-06-GSAFAC-0000349953,GUY7LFQK7984,2024,2025-02-05,T89AADPFR3R3
2024-06-GSAFAC-0000349953,GUY7LFQK7984,2024,2025-02-05,C1J1U459TLV5
2024-06-GSAFAC-0000352707,LWL3DBJRFX66,2024,2025-02-05,NKCPEMMAMBQ1
2024-06-GSAFAC-0000069991,MUNUKPPCPLJ4,2024,2025-02-06,XCU5UVGHS2V7
2024-06-GSAFAC-0000068857,DK5SDEYN9C43,2024,2025-02-06,NVBKMXTQ1P35
2024-06-GSAFAC-0000069577,SHMTBW88LZB5,2024,2025-02-06,M3KHEEYRM1S6
2024-06-GSAFAC-0000069577,SHMTBW88LZB5,2024,2025-02-06,ZA7MWKL4UQC9
2024-06-GSAFAC-0000069577,SHMTBW88LZB5,2024,2025-02-06,GCXVRTR45RE1
2024-06-GSAFAC-0000069577,SHMTBW88LZB5,2024,2025-02-06,F9SRJWNH4PL5
2024-06-GSAFAC-0000069373,DPVENJ1U3T56,2024,2025-02-06,X9WLKDY9JBKS
2024-06-GSAFAC-0000069373,DPVENJ1U3T56,2024,2025-02-06,VYM9KLU2HN31
2024-06-GSAFAC-0000069373,DPVENJ1U3T56,2024,2025-02-06,E36UL3LYMKL7
2024-06-GSAFAC-0000069373,DPVENJ1U3T56,2024,2025-02-06,C9TPZB3VD4G7
2024-06-GSAFAC-0000069373,DPVENJ1U3T56,2024,2025-02-06,CD1HG7CPNR25
2024-06-GSAFAC-0000069373,DPVENJ1U3T56,2024,2025-02-06,LPC4MAB7XXY9
2024-06-GSAFAC-0000069373,DPVENJ1U3T56,2024,2025-02-06,J8Q6LCLSRMJ3
2024-06-GSAFAC-0000069373,DPVENJ1U3T56,2024,2025-02-06,PK9FMGRDRVD5
2024-06-GSAFAC-0000069373,DPVENJ1U3T56,2024,2025-02-06,HMX8LZHALWH1
2024-06-GSAFAC-0000069373,DPVENJ1U3T56,2024,2025-02-06,J2GWT6BJ4K75
2024-06-GSAFAC-0000069373,DPVENJ1U3T56,2024,2025-02-06,QC4HW1RNSBK1
2024-06-GSAFAC-0000069373,DPVENJ1U3T56,2024,2025-02-06,V1LHZ2EAKJN6
2024-06-GSAFAC-0000069373,DPVENJ1U3T56,2024,2025-02-06,N3NBEYF826S9
2024-06-GSAFAC-0000069373,DPVENJ1U3T56,2024,2025-02-06,N9NVFQJMP1M8
2024-06-GSAFAC-0000069373,DPVENJ1U3T56,2024,2025-02-06,DMEDFKE3MFQ5
2024-06-GSAFAC-0000069373,DPVENJ1U3T56,2024,2025-02-06,FNEKTWKKB368
2024-06-GSAFAC-0000069373,DPVENJ1U3T56,2024,2025-02-06,MXGJLLZL6J66
2024-06-GSAFAC-0000069373,DPVENJ1U3T56,2024,2025-02-06,CJKUKANGYDE5
2024-06-GSAFAC-0000069373,DPVENJ1U3T56,2024,2025-02-06,X6DNXZ3MJQT4
2024-06-GSAFAC-0000069373,DPVENJ1U3T56,2024,2025-02-06,J3RCK6KG4H99
2024-06-GSAFAC-0000069373,DPVENJ1U3T56,2024,2025-02-06,XCTVRC4XFZQ1
2024-06-GSAFAC-0000069373,DPVENJ1U3T56,2024,2025-02-06,Y9RPB2M98133
2024-06-GSAFAC-0000069373,DPVENJ1U3T56,2024,2025-02-06,TQJMVAW5N7Y4
2024-06-GSAFAC-0000069373,DPVENJ1U3T56,2024,2025-02-06,QGZKLSFJ28L9
2024-06-GSAFAC-0000069373,DPVENJ1U3T56,2024,2025-02-06,EA4ZA6BM9H74
2024-06-GSAFAC-0000069373,DPVENJ1U3T56,2024,2025-02-06,G5KLL9PD2BF6
2024-06-GSAFAC-0000069373,DPVENJ1U3T56,2024,2025-02-06,QX7EZDVAUQ43
2024-06-GSAFAC-0000069373,DPVENJ1U3T56,2024,2025-02-06,RZAMTTB11ZV3
2024-06-GSAFAC-0000069373,DPVENJ1U3T56,2024,2025-02-06,JBNCCD6KQBM5
2024-06-GSAFAC-0000069373,DPVENJ1U3T56,2024,2025-02-06,HKF3K2NK6Q54
2024-06-GSAFAC-0000069373,DPVENJ1U3T56,2024,2025-02-06,EJUWVLB3PCH1
2024-06-GSAFAC-0000069373,DPVENJ1U3T56,2024,2025-02-06,XE9LX1W76748
2024-06-GSAFAC-0000069373,DPVENJ1U3T56,2024,2025-02-06,JR3JGR4LYNL1
2024-06-GSAFAC-0000069373,DPVENJ1U3T56,2024,2025-02-06,YRQAN7HXCTA7
2024-06-GSAFAC-0000069373,DPVENJ1U3T56,2024,2025-02-06,W2HEW5E71K64
2024-06-GSAFAC-0000069373,DPVENJ1U3T56,2024,2025-02-06,MWQZNZX74CG1
2024-06-GSAFAC-0000069373,DPVENJ1U3T56,2024,2025-02-06,WUKZUK6D4YN4
2024-06-GSAFAC-0000069373,DPVENJ1U3T56,2024,2025-02-06,SKX6AXF9ZTM3
2024-06-GSAFAC-0000069373,DPVENJ1U3T56,2024,2025-02-06,E7JRN97NPGP3
2024-06-GSAFAC-0000069373,DPVENJ1U3T56,2024,2025-02-06,HJ2JJAMN2JK3
2024-06-GSAFAC-0000069373,DPVENJ1U3T56,2024,2025-02-06,YTL5SB2JCNE9
2024-06-GSAFAC-0000069373,DPVENJ1U3T56,2024,2025-02-06,DVL5QD5J7MM1
2024-06-GSAFAC-0000069373,DPVENJ1U3T56,2024,2025-02-06,ZRCSLK9NLA83
2024-06-GSAFAC-0000069373,DPVENJ1U3T56,2024,2025-02-06,XNRYSDPUFVV4
2024-06-GSAFAC-0000069373,DPVENJ1U3T56,2024,2025-02-06,DWAJHHUXKCP3
2024-06-GSAFAC-0000069373,DPVENJ1U3T56,2024,2025-02-06,ZAE7ZMBCTGJ6
2024-06-GSAFAC-0000069373,DPVENJ1U3T56,2024,2025-02-06,NJ8MYFN9RAV5
2024-06-GSAFAC-0000069373,DPVENJ1U3T56,2024,2025-02-06,E1F1CB4G85F5
2024-06-GSAFAC-0000069373,DPVENJ1U3T56,2024,2025-02-06,R3ZRCKK6MQW3
2024-06-GSAFAC-0000069373,DPVENJ1U3T56,2024,2025-02-06,TE3NSNGAPHA8
2024-06-GSAFAC-0000069373,DPVENJ1U3T56,2024,2025-02-06,YZS9P8CH94T7
2024-06-GSAFAC-0000069373,DPVENJ1U3T56,2024,2025-02-06,QKHDU21NGYK3
2024-06-GSAFAC-0000069373,DPVENJ1U3T56,2024,2025-02-06,L5U1EMD5F6P4
2024-06-GSAFAC-0000069373,DPVENJ1U3T56,2024,2025-02-06,FK3JXKP47RV4
2024-06-GSAFAC-0000069373,DPVENJ1U3T56,2024,2025-02-06,M5FKL3R2NNK3
2024-06-GSAFAC-0000069373,DPVENJ1U3T56,2024,2025-02-06,W6W8QYMCH418
2024-06-GSAFAC-0000069373,DPVENJ1U3T56,2024,2025-02-06,EK6UYNCLCF58
2024-06-GSAFAC-0000069373,DPVENJ1U3T56,2024,2025-02-06,EU8GR3RPMEV4
2024-06-GSAFAC-0000069373,DPVENJ1U3T56,2024,2025-02-06,MGQSFNR5SMT6
2024-06-GSAFAC-0000069373,DPVENJ1U3T56,2024,2025-02-06,DAL9T8HEWZY1
2024-06-GSAFAC-0000069373,DPVENJ1U3T56,2024,2025-02-06,SMVMLASHG7E1
2024-06-GSAFAC-0000069373,DPVENJ1U3T56,2024,2025-02-06,SC6KV2LEC5J2
2024-06-GSAFAC-0000069373,DPVENJ1U3T56,2024,2025-02-06,ZWZAH2YYJA45
2024-06-GSAFAC-0000352108,MD9GKE5818S4,2024,2025-02-07,JJ1JYDCT2F25
2024-06-GSAFAC-0000352108,MD9GKE5818S4,2024,2025-02-07,PD18A8XKE7B6
2024-06-GSAFAC-0000352108,MD9GKE5818S4,2024,2025-02-07,QQZWBL2LPC85
2024-06-GSAFAC-0000352108,MD9GKE5818S4,2024,2025-02-07,CFXEZ75TPJ84
2024-06-GSAFAC-0000352108,MD9GKE5818S4,2024,2025-02-07,PNJMSCHTMVF7
2024-06-GSAFAC-0000352108,MD9GKE5818S4,2024,2025-02-07,NN3JV1EM6HM5
2024-06-GSAFAC-0000352108,MD9GKE5818S4,2024,2025-02-07,MLBXC2C6AEX1
2024-06-GSAFAC-0000352108,MD9GKE5818S4,2024,2025-02-07,E81BMEGBU6R3
2024-06-GSAFAC-0000352108,MD9GKE5818S4,2024,2025-02-07,JG172DTWMNQ3
2024-06-GSAFAC-0000352108,MD9GKE5818S4,2024,2025-02-07,FNZ1FRKKDWW8
2024-06-GSAFAC-0000352108,MD9GKE5818S4,2024,2025-02-07,LMMJPJ5LEB75
2024-06-GSAFAC-0000352108,MD9GKE5818S4,2024,2025-02-07,ZRNJW9N45ML6
2024-06-GSAFAC-0000352108,MD9GKE5818S4,2024,2025-02-07,HNGGKJU8LKZ6
2024-06-GSAFAC-0000352108,MD9GKE5818S4,2024,2025-02-07,HA6FUTRKKFK6
2024-06-GSAFAC-0000352108,MD9GKE5818S4,2024,2025-02-07,JG172DTQMNQ3
2024-06-GSAFAC-0000352108,MD9GKE5818S4,2024,2025-02-07,PLENBXV9W556
2024-06-GSAFAC-0000352108,MD9GKE5818S4,2024,2025-02-07,J7VMQF4FQ3X6
2024-06-GSAFAC-0000352108,MD9GKE5818S4,2024,2025-02-07,GLBCYEAQ11S4
2024-08-GSAFAC-0000351090,CM9FEBUAV3P7,2024,2025-02-07,EGX1XKSKHJ59
2023-06-GSAFAC-0000037865,PNG4LUYEKK53,2022,2025-02-07,R9NFLWT6NG44
2024-06-GSAFAC-0000352041,YH6TNLFHCGW1,2024,2025-02-07,P6SHJMNRWKV1
2024-06-GSAFAC-0000352041,YH6TNLFHCGW1,2024,2025-02-07,GV8XDVU8WUH7
2024-06-GSAFAC-0000352041,YH6TNLFHCGW1,2024,2025-02-07,JQNUFES7D6A6
2024-06-GSAFAC-0000352041,YH6TNLFHCGW1,2024,2025-02-07,CYU5FCF3FWH3
2024-06-GSAFAC-0000352041,YH6TNLFHCGW1,2024,2025-02-07,LX17JLDA2XM9
2024-06-GSAFAC-0000345671,CL1DBBTJGJJ8,2024,2025-02-07,FL91GJN75FU5
2024-06-GSAFAC-0000345671,CL1DBBTJGJJ8,2024,2025-02-07,N8E2S9SJV487
2024-06-GSAFAC-0000350825,M1XBHNXHBHC7,2024,2025-02-07,HPSTBBY2N3K9
2024-09-GSAFAC-0000352636,L7KQE4GQ1Q71,2024,2025-02-10,ZLGPZ8T5MBW9
2024-09-GSAFAC-0000352636,L7KQE4GQ1Q71,2024,2025-02-10,UV7CLLP8VS68
2024-06-GSAFAC-0000351598,FQCMCB39LZM6,2024,2025-02-10,J7PXJ4UQJGM3
2024-06-GSAFAC-0000351598,FQCMCB39LZM6,2024,2025-02-10,QE5LWA139X41
2024-12-GSAFAC-0000353687,TZ93JF3VB483,2024,2025-02-10,VLQ5PMTYW2G1
2024-12-GSAFAC-0000353687,TZ93JF3VB483,2024,2025-02-10,HFXVTHCTLWX3
2024-12-GSAFAC-0000353687,TZ93JF3VB483,2024,2025-02-10,PW5HK89WBD57
2024-12-GSAFAC-0000353687,TZ93JF3VB483,2024,2025-02-10,H76MEFCAT7J5
2024-12-GSAFAC-0000353687,TZ93JF3VB483,2024,2025-02-10,YJAHL2YJ7WS1
2024-12-GSAFAC-0000353687,TZ93JF3VB483,2024,2025-02-10,EN4CBLEN4H75
2024-12-GSAFAC-0000353687,TZ93JF3VB483,2024,2025-02-10,PWMBSNGT8RQ5
2024-12-GSAFAC-0000353687,TZ93JF3VB483,2024,2025-02-10,Q5LMFFDF8ZA9
2024-12-GSAFAC-0000353687,TZ93JF3VB483,2024,2025-02-10,JRHKLTDJXRM3
2024-12-GSAFAC-0000353687,TZ93JF3VB483,2024,2025-02-10,JP7KBVC2C9R1
2024-06-GSAFAC-0000352956,NNYDFK5FTSX9,2024,2025-02-10,VMMJBLMMWSJ4
2024-06-GSAFAC-0000352956,NNYDFK5FTSX9,2024,2025-02-10,M5W7KZTMJLK5
2024-06-GSAFAC-0000352956,NNYDFK5FTSX9,2024,2025-02-10,T3B4DWYVH7L5
2024-06-GSAFAC-0000352956,NNYDFK5FTSX9,2024,2025-02-10,F5N2ANL5U6F3
2024-06-GSAFAC-0000352956,NNYDFK5FTSX9,2024,2025-02-10,GGRJCV1T94C6
2024-06-GSAFAC-0000345791,NYQ5ENN6GLQ9,2024,2025-02-11,J6A3E3XKWEX5
2024-06-GSAFAC-0000345791,NYQ5ENN6GLQ9,2024,2025-02-11,VJVCK5YYVWX6
2023-12-GSAFAC-0000352578,Q314ULAC8WN9,2023,2025-02-11,LMTPPW2GM573
2024-06-GSAFAC-0000351467,KABJZBBJ4B54,2024,2025-02-11,LPCTM8BS8NF3
2024-06-GSAFAC-0000351467,KABJZBBJ4B54,2024,2025-02-11,L3CLVHZ62EE4
2024-06-GSAFAC-0000351467,KABJZBBJ4B54,2024,2025-02-11,UKT7ZAYMKX86
2024-06-GSAFAC-0000351467,KABJZBBJ4B54,2024,2025-02-11,MDH9JYXPEAK1
2024-06-GSAFAC-0000351467,KABJZBBJ4B54,2024,2025-02-11,KZELK32E7C33
2024-09-GSAFAC-0000352805,UYLKBRENAPG5,2024,2025-02-11,PGCGHA61LYK4
2024-09-GSAFAC-0000352805,UYLKBRENAPG5,2024,2025-02-11,G7LUE7FB3GG7
2024-06-GSAFAC-0000351971,PTH7AUKTU2B7,2024,2025-02-11,ENMTYKALJLE5
2024-06-GSAFAC-0000351971,PTH7AUKTU2B7,2024,2025-02-11,G1JGHJLNFT13
2024-06-GSAFAC-0000351971,PTH7AUKTU2B7,2024,2025-02-11,X6GDMKN1LWM4
2024-06-GSAFAC-0000351971,PTH7AUKTU2B7,2024,2025-02-11,JML4YL76LML9
2024-06-GSAFAC-0000351971,PTH7AUKTU2B7,2024,2025-02-11,NCB8KWEXKS71
2024-06-GSAFAC-0000351971,PTH7AUKTU2B7,2024,2025-02-11,J4VGLZ1UK6J7
2024-06-GSAFAC-0000351971,PTH7AUKTU2B7,2024,2025-02-11,PQZMKBR1C2K3
2024-06-GSAFAC-0000351971,PTH7AUKTU2B7,2024,2025-02-11,FJKLN6AQKUZ3
2024-06-GSAFAC-0000351971,PTH7AUKTU2B7,2024,2025-02-11,CZTJN4JGH5M1
2024-06-GSAFAC-0000056228,FGM9UQDVJNP8,2024,2025-02-12,Q7N4KDC39CF6
2024-06-GSAFAC-0000349735,NXM1VK9NQ4C5,2024,2025-02-12,Q2YYZXF6CQ53
2024-06-GSAFAC-0000353265,DUM9ECBKWHY9,2024,2025-02-12,XAAWR2MMEJ81
2024-06-GSAFAC-0000353265,DUM9ECBKWHY9,2024,2025-02-12,M57HWNFYKVA7
2024-06-GSAFAC-0000353265,DUM9ECBKWHY9,2024,2025-02-12,KM5EEKFJ7JQ7
2024-06-GSAFAC-0000353265,DUM9ECBKWHY9,2024,2025-02-12,RD34PM1SCMY4
2024-06-GSAFAC-0000353265,DUM9ECBKWHY9,2024,2025-02-12,UT9MTR1SAAY4
2024-06-GSAFAC-0000354180,XHU5K5UYRXB3,2024,2025-02-12,MHQ1RLBRMJW5
2024-06-GSAFAC-0000348525,G75LLL3XCKV4,2024,2025-02-13,Q8APBK5V2QA6
2024-06-GSAFAC-0000354610,JLCCLDD3KAV1,2024,2025-02-13,THMDG3MN8PC6
2024-06-GSAFAC-0000354610,JLCCLDD3KAV1,2024,2025-02-13,DPLETTQ3R9J3
2024-06-GSAFAC-0000354610,JLCCLDD3KAV1,2024,2025-02-13,PVKZC6MY6KQ3
2024-06-GSAFAC-0000354610,JLCCLDD3KAV1,2024,2025-02-13,C143ABBJAKK5
2024-06-GSAFAC-0000353684,C4A1GH8YACH4,2024,2025-02-13,MA5RR9NSXK44
2024-06-GSAFAC-0000353684,C4A1GH8YACH4,2024,2025-02-13,QQFBCWAJKJ63
2024-06-GSAFAC-0000353684,C4A1GH8YACH4,2024,2025-02-13,SK2KABBT6DM5
2024-06-GSAFAC-0000353684,C4A1GH8YACH4,2024,2025-02-13,C135FAS7RSH5
2024-06-GSAFAC-0000353684,C4A1GH8YACH4,2024,2025-02-13,DFZYVNECTBJ6
2024-06-GSAFAC-0000353684,C4A1GH8YACH4,2024,2025-02-13,Y6JMZY53CGN7
2024-06-GSAFAC-0000353684,C4A1GH8YACH4,2024,2025-02-13,CJKQWS7N8TL7
2024-06-GSAFAC-0000353684,C4A1GH8YACH4,2024,2025-02-13,ZG55KNXL82H6
2024-06-GSAFAC-0000353684,C4A1GH8YACH4,2024,2025-02-13,CRUKJNZKM1M3
2024-06-GSAFAC-0000353684,C4A1GH8YACH4,2024,2025-02-13,LQ79EKLW1BH7
2024-06-GSAFAC-0000353684,C4A1GH8YACH4,2024,2025-02-13,JAXUCZ1LRGG9
2024-06-GSAFAC-0000353684,C4A1GH8YACH4,2024,2025-02-13,KKSHLB74AZ58
2024-06-GSAFAC-0000353684,C4A1GH8YACH4,2024,2025-02-13,F4BQJEDD2L73
2024-06-GSAFAC-0000353684,C4A1GH8YACH4,2024,2025-02-13,D88KR8434TS8
2024-06-GSAFAC-0000353684,C4A1GH8YACH4,2024,2025-02-13,G93JAXP15GQ7
2024-06-GSAFAC-0000353684,C4A1GH8YACH4,2024,2025-02-13,J9GYSPUAQJR9
2024-09-GSAFAC-0000354562,VHBDJH88HSF4,2024,2025-02-13,H2DMXXP1DDC9
2024-09-GSAFAC-0000354562,VHBDJH88HSF4,2024,2025-02-13,S2KMGNF74NM5
2024-06-GSAFAC-0000350722,QFCVB9X7NN47,2024,2025-02-13,WEFXRPH5HLN6
2024-06-GSAFAC-0000350722,QFCVB9X7NN47,2024,2025-02-13,WEDNDEKS6AJB
2024-09-GSAFAC-0000354955,M6GHWEGZRFH9,2024,2025-02-14,WJHHVNDH7RL6
2023-12-GSAFAC-0000352162,VBSSGS6XLKK3,2023,2025-02-14,TLYAW6LMCQF9
2024-06-GSAFAC-0000069777,EZXFBFTW8U87,2024,2025-02-17,SR79XCJKHFP9
2024-06-GSAFAC-0000350890,G9UZX5M53LV6,2024,2025-02-17,ZAHGVAW4K5B5
2024-06-GSAFAC-0000350890,G9UZX5M53LV6,2024,2025-02-17,GMBWUEHUGFQ5
2024-06-GSAFAC-0000355138,JQ5CBNJP8FU1,2024,2025-02-18,YQSBWNPH3EU9
2024-06-GSAFAC-0000352455,GLD1KRCPLYN6,2024,2025-02-18,GCG6CCD3NCF9
2023-12-GSAFAC-0000354861,VJAGG6MB7HJ3,2023,2025-02-18,NKQEXYH3CN88
2024-06-GSAFAC-0000355580,KPE4E3JLLWZ7,2024,2025-02-19,MA93QHLNLJG3
2024-06-GSAFAC-0000353741,KU9YGWKHXR27,2024,2025-02-19,EANXEE8WT5J8
2024-06-GSAFAC-0000353741,KU9YGWKHXR27,2024,2025-02-19,NH2NDAQ8CMB9
2024-06-GSAFAC-0000350113,QBKFBGUBW4G5,2024,2025-02-19,DCAQD6LFTC29
2024-06-GSAFAC-0000352782,NN1LQ82LCPD5,2024,2025-02-19,LZ7ABQKCMVM9
2024-06-GSAFAC-0000056918,NA7LYJSG63L8,2024,2025-02-19,DLBWHL9B2WN9
2024-09-GSAFAC-0000354682,LLHWX867E5J6,2024,2025-02-20,PVVMH1GQ9848
2024-09-GSAFAC-0000354682,LLHWX867E5J6,2024,2025-02-20,N661S7WCDYM3
2024-06-GSAFAC-0000355778,C84LTJNKZF45,2024,2025-02-20,RQDYNRU27NS1
2024-06-GSAFAC-0000355778,C84LTJNKZF45,2024,2025-02-20,ULBBGJ8MKFF6
2024-06-GSAFAC-0000355257,K49KP3ZCGW63,2024,2025-02-20,EY4DZFWP77C6
2024-08-GSAFAC-0000352421,Y74YRY5M9G86,2024,2025-02-20,P3PNHYVXASJ8
2024-09-GSAFAC-0000344549,KCM2SXSNUS33,2024,2025-02-20,NGL4QX7E96K7
2024-09-GSAFAC-0000347023,TN9PA4MKNG95,2024,2025-02-20,M6A2UFAF5HL1
2024-09-GSAFAC-0000347023,TN9PA4MKNG95,2024,2025-02-20,XBYQWM7L8RL7
2024-09-GSAFAC-0000347023,TN9PA4MKNG95,2024,2025-02-20,DEJ3UFFX6LD4
2024-09-GSAFAC-0000347023,TN9PA4MKNG95,2024,2025-02-20,DGLBDWSMC7E1
2024-09-GSAFAC-0000347023,TN9PA4MKNG95,2024,2025-02-20,JG1RWHY6PX43
2024-09-GSAFAC-0000347023,TN9PA4MKNG95,2024,2025-02-20,J9Y2GBKAT7L1
2024-09-GSAFAC-0000347023,TN9PA4MKNG95,2024,2025-02-20,YF29UZPKL3E3
2024-09-GSAFAC-0000347023,TN9PA4MKNG95,2024,2025-02-20,NF88DPQBLHF3
2024-09-GSAFAC-0000347023,TN9PA4MKNG95,2024,2025-02-20,DB4HUMVRE1L6
2024-09-GSAFAC-0000347023,TN9PA4MKNG95,2024,2025-02-20,DD9QSFD58444
2024-09-GSAFAC-0000347023,TN9PA4MKNG95,2024,2025-02-20,PJYKL1YMXF85
2024-09-GSAFAC-0000347023,TN9PA4MKNG95,2024,2025-02-20,PBGJR7LX3G36
2024-09-GSAFAC-0000347023,TN9PA4MKNG95,2024,2025-02-20,YUXXMN61W4L8
2024-09-GSAFAC-0000347023,TN9PA4MKNG95,2024,2025-02-20,K53KY1DDH4D5
2024-09-GSAFAC-0000347023,TN9PA4MKNG95,2024,2025-02-20,GVSMBY2QGFA6
2024-09-GSAFAC-0000347023,TN9PA4MKNG95,2024,2025-02-20,ELMRMNE29LS8
2024-09-GSAFAC-0000347023,TN9PA4MKNG95,2024,2025-02-20,MQABSHNBJJ99
2024-06-GSAFAC-0000351445,Y8ABCWTEM4Y5,2024,2025-02-20,JSE3RL3635J5
2024-06-GSAFAC-0000352466,C6A8LHPE9YA5,2024,2025-02-20,JK6BTE64HNJ4
2024-06-GSAFAC-0000352466,C6A8LHPE9YA5,2024,2025-02-20,GD3JNBW24HV4
2024-06-GSAFAC-0000355056,M4Z4T7HQLKP3,2024,2025-02-20,C2DXZKH584F2
2024-06-GSAFAC-0000355056,M4Z4T7HQLKP3,2024,2025-02-20,GHJAM237QA28
2024-06-GSAFAC-0000355056,M4Z4T7HQLKP3,2024,2025-02-20,GRABYCFNCEJ7
2024-06-GSAFAC-0000355056,M4Z4T7HQLKP3,2024,2025-02-20,YL1VUK5JDJF7
2024-06-GSAFAC-0000355056,M4Z4T7HQLKP3,2024,2025-02-20,YD29MV8HJ1B7
2024-06-GSAFAC-0000351853,NMPHKYJADG58,2024,2025-02-21,E9UKPK2MMAM3
2023-12-GSAFAC-0000064875,YXHTCDW3NVV6,2023,2025-02-24,RL1JV1V9VCP9
2024-06-GSAFAC-0000349749,UNUKGB242KY8,2024,2025-02-24,X7MAE19N5RH4
2024-09-GSAFAC-0000355577,GJB7ZWSK9U81,2024,2025-02-24,D9RFHVG11B73
2024-06-GSAFAC-0000349285,G4QYG2AFEML5,2024,2025-02-24,DJANMH9X9NA7
2024-06-GSAFAC-0000349285,G4QYG2AFEML5,2024,2025-02-24,QC69MTE3BBM6
2024-06-GSAFAC-0000349285,G4QYG2AFEML5,2024,2025-02-24,R2JBLXWX2GY9
2024-06-GSAFAC-0000349285,G4QYG2AFEML5,2024,2025-02-24,W39GBMH7KLT1
2024-06-GSAFAC-0000349285,G4QYG2AFEML5,2024,2025-02-24,UA9BHBRT3P99
2024-06-GSAFAC-0000349285,G4QYG2AFEML5,2024,2025-02-24,FX1HV8S6BJX8
2024-06-GSAFAC-0000349285,G4QYG2AFEML5,2024,2025-02-24,JUBCEQW3NG75
2023-12-GSAFAC-0000354989,S7RYJE936XJ6,2023,2025-02-24,LH9WN4G6QA96
2023-12-GSAFAC-0000354989,S7RYJE936XJ6,2023,2025-02-24,LRY8RL917CZ1
2024-06-GSAFAC-0000356448,HMSPXCT2GMG3,2024,2025-02-24,U47QKL76V3H8
2023-06-GSAFAC-0000354935,C3BGD6YGGUH8,2023,2025-02-24,FMZ4TWESBKM7
2023-06-GSAFAC-0000354935,C3BGD6YGGUH8,2023,2025-02-24,HEJEUUWNFB53
2023-06-GSAFAC-0000354935,C3BGD6YGGUH8,2023,2025-02-24,VKJLBANNWXG4
2023-06-GSAFAC-0000354935,C3BGD6YGGUH8,2023,2025-02-24,QUBAT15VG5P5
2023-06-GSAFAC-0000354935,C3BGD6YGGUH8,2023,2025-02-24,H6TNLLSSYNA5
2024-06-GSAFAC-0000352717,G46QB15NR3H3,2024,2025-02-25,D2ZKD7HN9P68
2024-06-GSAFAC-0000352717,G46QB15NR3H3,2024,2025-02-25,WCJNCZKMTSD4
2024-06-GSAFAC-0000352717,G46QB15NR3H3,2024,2025-02-25,CZL6JK2XG7U3
2024-06-GSAFAC-0000352717,G46QB15NR3H3,2024,2025-02-25,SN3QEXM3UMB9
2024-06-GSAFAC-0000352717,G46QB15NR3H3,2024,2025-02-25,D1XUFD3BDNH8
2024-06-GSAFAC-0000352717,G46QB15NR3H3,2024,2025-02-25,D35LYMSMWG86
2024-06-GSAFAC-0000352717,G46QB15NR3H3,2024,2025-02-25,D3ZFZ5CEKCU3
2024-06-GSAFAC-0000352717,G46QB15NR3H3,2024,2025-02-25,SQYXUH7CLTD5
2024-06-GSAFAC-0000352717,G46QB15NR3H3,2024,2025-02-25,D4JHC29GB4Y9
2024-06-GSAFAC-0000352717,G46QB15NR3H3,2024,2025-02-25,D53QRMYM3N88
2024-06-GSAFAC-0000352717,G46QB15NR3H3,2024,2025-02-25,D5C6N3WQ16R8
2024-06-GSAFAC-0000352717,G46QB15NR3H3,2024,2025-02-25,CZYXMM8GKRG3
2024-06-GSAFAC-0000352717,G46QB15NR3H3,2024,2025-02-25,D5N1CLL854G3
2024-06-GSAFAC-0000355485,ZK89TPMVPWL3,2024,2025-02-25,GLKNB9LL8UA5
2024-06-GSAFAC-0000352936,EL5KEUKQ2E85,2024,2025-02-25,Y5J1KNCKKL53
2024-06-GSAFAC-0000352936,EL5KEUKQ2E85,2024,2025-02-25,DTCFKJMAEYR9
2024-06-GSAFAC-0000352936,EL5KEUKQ2E85,2024,2025-02-25,JA88KSVXXL39
2024-06-GSAFAC-0000352936,EL5KEUKQ2E85,2024,2025-02-25,E65FMR2AUM29
2024-06-GSAFAC-0000351440,GYWALVLRL7U9,2024,2025-02-25,PX54Q74ZAFR3
2024-06-GSAFAC-0000351440,GYWALVLRL7U9,2024,2025-02-25,NK6DKZFYUF32
2024-06-GSAFAC-0000352755,EKBPFWMJ11Z5,2024,2025-02-26,GZHXKJDTNV17
2024-06-GSAFAC-0000351782,YKRMUHAUZP35,2024,2025-02-26,EFL5MJVXWN43
2024-06-GSAFAC-0000351782,YKRMUHAUZP35,2024,2025-02-26,KZZ4TLL277F4
2024-06-GSAFAC-0000351463,NH9HEJVBNMB1,2024,2025-02-26,KNDVA8UAL1S8
2024-06-GSAFAC-0000351463,NH9HEJVBNMB1,2024,2025-02-26,NVUBJEPS5WM6
2024-05-GSAFAC-0000061718,RQMFJGDTQ5V3,2024,2025-02-26,F8THLJQSAF93
2024-05-GSAFAC-0000061718,RQMFJGDTQ5V3,2024,2025-02-26,KXN7HGCF6K91
2024-05-GSAFAC-0000061718,RQMFJGDTQ5V3,2024,2025-02-26,JPU4TCW6QYF3
2024-06-GSAFAC-0000356535,C31NV5QGYJ54,2024,2025-02-26,R9TLKJVZ66D7
2024-05-GSAFAC-0000068864,N5E7UNMDT711,2024,2025-02-26,LRWWXLVE9W65
2024-05-GSAFAC-0000068864,N5E7UNMDT711,2024,2025-02-26,EMTGV78SSL27
2024-05-GSAFAC-0000068864,N5E7UNMDT711,2024,2025-02-26,E3EQMGHLEFD7
2024-06-GSAFAC-0000356553,NAKCKKGNT485,2024,2025-02-26,GB87K49S8JR7
2024-06-GSAFAC-0000354992,DCJGSC4LY1W4,2024,2025-02-27,Q3NZMR63YQ99
2023-06-GSAFAC-0000352244,KTN3SD3DMXR5,2023,2025-02-27,Q8H1FN7FE733
2023-06-GSAFAC-0000352244,KTN3SD3DMXR5,2023,2025-02-27,EGT7FJZ6CAH1
2024-06-GSAFAC-0000352819,KTN3SD3DMXR5,2024,2025-02-27,Q8H1FN7FE733
2024-06-GSAFAC-0000352819,KTN3SD3DMXR5,2024,2025-02-27,EGT7FJZ6CAH1
2024-06-GSAFAC-0000351159,LN53LCFJFL45,2024,2025-02-27,UNVDZNFA8R29
2024-06-GSAFAC-0000351159,LN53LCFJFL45,2024,2025-02-27,JDLVAVGYJQ21
2024-09-GSAFAC-0000344232,WDBRTW7XMME9,2024,2025-02-27,TEX3C9JM6667
2024-06-GSAFAC-0000351702,G61XDDVNMS74,2024,2025-02-28,TM3QBTHTTB49
2023-12-GSAFAC-0000356962,ML88S3LCLFE3,2023,2025-02-28,PMLRWD6RUMY8
2023-12-GSAFAC-0000356962,ML88S3LCLFE3,2023,2025-02-28,WCD6TKNNKXV8
2024-05-GSAFAC-0000357082,YGSGAA2XKP71,2024,2025-02-28,KMK4AM2JGU36
2024-06-GSAFAC-0000357226,X4JSFPXW4K14,2024,2025-03-02,S64RZN6ZNC19
2024-06-GSAFAC-0000357226,X4JSFPXW4K14,2024,2025-03-02,U9CNYXLH3LF8
2024-06-GSAFAC-0000357226,X4JSFPXW4K14,2024,2025-03-02,WYXQYCFCQDL7
2024-06-GSAFAC-0000355161,HTTKAGA149N6,2024,2025-03-03,DV95HXBR2X73
2024-06-GSAFAC-0000356119,JNZ3AKDC5Y94,2024,2025-03-03,JM38HGE3MTS9
2024-06-GSAFAC-0000356119,JNZ3AKDC5Y94,2024,2025-03-03,CJPMGYMS6AN7
2024-06-GSAFAC-0000356119,JNZ3AKDC5Y94,2024,2025-03-03,D9QGNCAPHK57
2024-06-GSAFAC-0000356119,JNZ3AKDC5Y94,2024,2025-03-03,DNFLJHEBU9N5
2024-06-GSAFAC-0000356119,JNZ3AKDC5Y94,2024,2025-03-03,E3BRZEPGNVL8
2024-06-GSAFAC-0000356119,JNZ3AKDC5Y94,2024,2025-03-03,E3CJBWC4KGX1
2024-06-GSAFAC-0000356119,JNZ3AKDC5Y94,2024,2025-03-03,EME7JP4J8M13
2024-06-GSAFAC-0000356119,JNZ3AKDC5Y94,2024,2025-03-03,FELXNALJUEL9
2024-06-GSAFAC-0000356119,JNZ3AKDC5Y94,2024,2025-03-03,FR6NQJ9ZBJ47
2024-06-GSAFAC-0000356119,JNZ3AKDC5Y94,2024,2025-03-03,RU5EEETGKV28
2024-06-GSAFAC-0000356119,JNZ3AKDC5Y94,2024,2025-03-03,GQCPEH86FCV4
2024-06-GSAFAC-0000356119,JNZ3AKDC5Y94,2024,2025-03-03,GWBSD1ZN3HT5
2024-06-GSAFAC-0000356119,JNZ3AKDC5Y94,2024,2025-03-03,H61MMPFVEP23
2024-06-GSAFAC-0000356119,JNZ3AKDC5Y94,2024,2025-03-03,HW27BCYK5BK8
2024-06-GSAFAC-0000356119,JNZ3AKDC5Y94,2024,2025-03-03,JBMUKQPM2956
2024-06-GSAFAC-0000356119,JNZ3AKDC5Y94,2024,2025-03-03,JN2AZKNT44A5
2024-06-GSAFAC-0000356119,JNZ3AKDC5Y94,2024,2025-03-03,JVHQWVE2SZE6
2024-06-GSAFAC-0000356119,JNZ3AKDC5Y94,2024,2025-03-03,K9WGXCYCL619
2024-06-GSAFAC-0000356119,JNZ3AKDC5Y94,2024,2025-03-03,KMR6NPWWM1G4
2024-06-GSAFAC-0000356119,JNZ3AKDC5Y94,2024,2025-03-03,KRU6Z2JHFTL4
2024-06-GSAFAC-0000356119,JNZ3AKDC5Y94,2024,2025-03-03,LB2VNWUB7A89
2024-06-GSAFAC-0000356119,JNZ3AKDC5Y94,2024,2025-03-03,LPJTDS1K9SV3
2024-06-GSAFAC-0000356119,JNZ3AKDC5Y94,2024,2025-03-03,LQNJJLNNG3R4
2024-06-GSAFAC-0000356119,JNZ3AKDC5Y94,2024,2025-03-03,LT6GBAABUG33
2024-06-GSAFAC-0000356119,JNZ3AKDC5Y94,2024,2025-03-03,LTE8MG4PPJ15
2024-06-GSAFAC-0000356119,JNZ3AKDC5Y94,2024,2025-03-03,M5LEUCNRQHR9
2024-06-GSAFAC-0000356119,JNZ3AKDC5Y94,2024,2025-03-03,M89CSG1MC155
2024-06-GSAFAC-0000356119,JNZ3AKDC5Y94,2024,2025-03-03,M8TWKMBJLM45
2024-06-GSAFAC-0000356119,JNZ3AKDC5Y94,2024,2025-03-03,MNL4D3VQUWA5
2024-06-GSAFAC-0000356119,JNZ3AKDC5Y94,2024,2025-03-03,N5MWHJMNSNU9
2024-06-GSAFAC-0000356119,JNZ3AKDC5Y94,2024,2025-03-03,PMYJGQJ33KQ7
2024-06-GSAFAC-0000356119,JNZ3AKDC5Y94,2024,2025-03-03,QVJ1D41Y3X77
2024-06-GSAFAC-0000356119,JNZ3AKDC5Y94,2024,2025-03-03,R8SKRPMGSQ16
2024-06-GSAFAC-0000356119,JNZ3AKDC5Y94,2024,2025-03-03,R9BKAALC8MQ7
2024-06-GSAFAC-0000356119,JNZ3AKDC5Y94,2024,2025-03-03,RJB5GKJBUY15
2024-06-GSAFAC-0000356119,JNZ3AKDC5Y94,2024,2025-03-03,RMF9JGWMKVB6
2024-06-GSAFAC-0000356119,JNZ3AKDC5Y94,2024,2025-03-03,SEAGDY4WNGR9
2024-06-GSAFAC-0000356119,JNZ3AKDC5Y94,2024,2025-03-03,SH2ZG4JDQER7
2024-06-GSAFAC-0000356119,JNZ3AKDC5Y94,2024,2025-03-03,SMZLQ48FEJF4
2024-06-GSAFAC-0000356119,JNZ3AKDC5Y94,2024,2025-03-03,T12JF6NUMLL7
2024-06-GSAFAC-0000356119,JNZ3AKDC5Y94,2024,2025-03-03,T6YUD8W7T5N1
2024-06-GSAFAC-0000356119,JNZ3AKDC5Y94,2024,2025-03-03,W7XSVMLURRT1
2024-06-GSAFAC-0000356119,JNZ3AKDC5Y94,2024,2025-03-03,W8BACHNAKH59
2024-06-GSAFAC-0000356119,JNZ3AKDC5Y94,2024,2025-03-03,WFHFU5L1QFW6
2024-06-GSAFAC-0000356119,JNZ3AKDC5Y94,2024,2025-03-03,WSY2MA98PN81
2024-06-GSAFAC-0000356119,JNZ3AKDC5Y94,2024,2025-03-03,YGHBQKE3Z939
2024-06-GSAFAC-0000356119,JNZ3AKDC5Y94,2024,2025-03-03,YGKML3DH5AB5
2024-06-GSAFAC-0000356119,JNZ3AKDC5Y94,2024,2025-03-03,ZTCPELFB6M84
2024-06-GSAFAC-0000353501,MJ9TZJLS4EL6,2024,2025-03-03,SVARZU1WLG53
2024-06-GSAFAC-0000355731,WQNJAJ56PBL7,2024,2025-03-03,JNM2WLTA99H3
2024-06-GSAFAC-0000357477,MGMHK45GGQ85,2024,2025-03-03,X7ZLRYTW4WT8
2024-06-GSAFAC-0000357460,Q8FQNFNMQP93,2024,2025-03-04,UX2CS9B6HKG3
2024-06-GSAFAC-0000356941,UEYKTPWSV9Q9,2024,2025-03-04,ZDU8KCUE4DK8
2023-12-GSAFAC-0000353314,EVF5JVNFJYN3,2023,2025-03-04,N9JJD1B1P1Z8
2024-06-GSAFAC-0000356164,HS3RNH86H5W4,2024,2025-03-04,P7V8KE5J24T8
2024-06-GSAFAC-0000356164,HS3RNH86H5W4,2024,2025-03-04,RK4XPB8PN3L4
2024-06-GSAFAC-0000356164,HS3RNH86H5W4,2024,2025-03-04,MT4DJXZEY4L4
2024-06-GSAFAC-0000357667,WLG7WD5FYA89,2024,2025-03-04,DMETEJAWKEK5
2024-09-GSAFAC-0000354054,ENS6MKS1ZL18,2024,2025-03-05,U79EKD6DXHC6
2024-06-GSAFAC-0000357619,PVUJUTLZKEP1,2024,2025-03-05,JWDUHWSD5Z24
2024-09-GSAFAC-0000357038,LPDXZFL6D8K8,2024,2025-03-05,VJBXLBQ4NDA5
2024-06-GSAFAC-0000068795,YMDTWM21RUB6,2024,2025-03-05,QMELCHDN4XC1
2024-06-GSAFAC-0000352694,LAANF98HV2L9,2024,2025-03-05,PJX1N2TE3ME6
2024-06-GSAFAC-0000352694,LAANF98HV2L9,2024,2025-03-05,LLD9VK2CPLJ3
2024-06-GSAFAC-0000352694,LAANF98HV2L9,2024,2025-03-05,NMAYDVATNC18
2024-06-GSAFAC-0000351991,NFJGFKGKMYB3,2024,2025-03-05,MNE3T1AEZFH7
2024-06-GSAFAC-0000351991,NFJGFKGKMYB3,2024,2025-03-05,JX38N97M68K6
2024-06-GSAFAC-0000353912,PLFBKZXQYDR8,2024,2025-03-05,LS3BKMJUSJV8
2024-08-GSAFAC-0000349611,LNG6FLWJNJ86,2024,2025-03-05,CDQWA85D2NX1
2024-08-GSAFAC-0000349611,LNG6FLWJNJ86,2024,2025-03-05,CFBQWB3DTKB3
2024-08-GSAFAC-0000349611,LNG6FLWJNJ86,2024,2025-03-05,CHNZQ2ULL9U8
2024-08-GSAFAC-0000349611,LNG6FLWJNJ86,2024,2025-03-05,DKMJGND5C9T4
2024-08-GSAFAC-0000349611,LNG6FLWJNJ86,2024,2025-03-05,FJ8TC29C3MX7
2024-08-GSAFAC-0000349611,LNG6FLWJNJ86,2024,2025-03-05,H56AV2S71FL7
2024-08-GSAFAC-0000349611,LNG6FLWJNJ86,2024,2025-03-05,J7TVJSL3X2A3
2024-08-GSAFAC-0000349611,LNG6FLWJNJ86,2024,2025-03-05,JCCVN69FXEC3
2024-08-GSAFAC-0000349611,LNG6FLWJNJ86,2024,2025-03-05,KG7GYRE41LM4
2024-08-GSAFAC-0000349611,LNG6FLWJNJ86,2024,2025-03-05,LAP6KNF2K2J3
2024-08-GSAFAC-0000349611,LNG6FLWJNJ86,2024,2025-03-05,N5HZJ6LHYV29
2024-08-GSAFAC-0000349611,LNG6FLWJNJ86,2024,2025-03-05,NLVFF9DMNJ33
2024-08-GSAFAC-0000349611,LNG6FLWJNJ86,2024,2025-03-05,NNJAGEQV1VK6
2024-08-GSAFAC-0000349611,LNG6FLWJNJ86,2024,2025-03-05,PJDDWDCX9468
2024-08-GSAFAC-0000349611,LNG6FLWJNJ86,2024,2025-03-05,Q7BRKK4KSMK9
2024-08-GSAFAC-0000349611,LNG6FLWJNJ86,2024,2025-03-05,XSG2KVJF9S23
2024-08-GSAFAC-0000349611,LNG6FLWJNJ86,2024,2025-03-05,YS79NNHKCMV5
2024-08-GSAFAC-0000349611,LNG6FLWJNJ86,2024,2025-03-05,Z2XVZXBBLMW7
2024-08-GSAFAC-0000349611,LNG6FLWJNJ86,2024,2025-03-05,S32WH9UR9NZ1
2024-06-GSAFAC-0000355175,WV9GN21T4C53,2024,2025-03-05,XVMQMBWMKSQ8
2024-06-GSAFAC-0000355714,MYM4VNNBN6T9,2024,2025-03-05,ETKMKZJ6RGB7
2024-06-GSAFAC-0000355714,MYM4VNNBN6T9,2024,2025-03-05,CK7BAVKBDW28
2024-06-GSAFAC-0000355714,MYM4VNNBN6T9,2024,2025-03-05,JZ9BSV3GSJ54
2024-06-GSAFAC-0000355714,MYM4VNNBN6T9,2024,2025-03-05,WCUERJAE8CM5
2024-06-GSAFAC-0000355714,MYM4VNNBN6T9,2024,2025-03-05,DCTNHRGU1K75
2024-06-GSAFAC-0000355714,MYM4VNNBN6T9,2024,2025-03-05,LTDTMU3KHMH6
2024-06-GSAFAC-0000355714,MYM4VNNBN6T9,2024,2025-03-05,JJCMD7L3NGP9
2024-06-GSAFAC-0000355714,MYM4VNNBN6T9,2024,2025-03-05,SLJ1LL3ZPKJ3
2024-06-GSAFAC-0000355714,MYM4VNNBN6T9,2024,2025-03-05,E42PRK5JAJ13
2024-06-GSAFAC-0000355714,MYM4VNNBN6T9,2024,2025-03-05,K2Z4R5AKMT95
2024-06-GSAFAC-0000355714,MYM4VNNBN6T9,2024,2025-03-05,GHXUS2VEXHY1
2024-06-GSAFAC-0000355714,MYM4VNNBN6T9,2024,2025-03-05,SRZKDWN293M2
2024-06-GSAFAC-0000355714,MYM4VNNBN6T9,2024,2025-03-05,G2ACFK8T2MJ6
2024-06-GSAFAC-0000355714,MYM4VNNBN6T9,2024,2025-03-05,EL3RB31KENH3
2024-06-GSAFAC-0000355714,MYM4VNNBN6T9,2024,2025-03-05,LFNSYLNF7C84
2024-06-GSAFAC-0000355714,MYM4VNNBN6T9,2024,2025-03-05,LNADLQGAWKL6
2024-06-GSAFAC-0000355714,MYM4VNNBN6T9,2024,2025-03-05,N9JTR4AN3ZD1
2024-06-GSAFAC-0000349086,DNE4CNM5GK36,2024,2025-03-06,DK3JTD6TN454
2024-06-GSAFAC-0000349086,DNE4CNM5GK36,2024,2025-03-06,DH4ANH2725M6
2024-06-GSAFAC-0000349086,DNE4CNM5GK36,2024,2025-03-06,JSZQB1GYGRK6
2024-06-GSAFAC-0000349086,DNE4CNM5GK36,2024,2025-03-06,RYEYV6XML3M5
2024-06-GSAFAC-0000349086,DNE4CNM5GK36,2024,2025-03-06,EHHHK7XJD7H5
2024-06-GSAFAC-0000351456,ZQ5JYL7HQFS7,2024,2025-03-06,HMFKCEEQCBN7
2024-06-GSAFAC-0000351456,ZQ5JYL7HQFS7,2024,2025-03-06,ULPKD2SGQHH6
2024-06-GSAFAC-0000351456,ZQ5JYL7HQFS7,2024,2025-03-06,RKMZVYMB6B73
2024-06-GSAFAC-0000351456,ZQ5JYL7HQFS7,2024,2025-03-06,VQ8LJGBAN1N9
2024-06-GSAFAC-0000351456,ZQ5JYL7HQFS7,2024,2025-03-06,JQS5ER9KL3U8
2024-06-GSAFAC-0000351456,ZQ5JYL7HQFS7,2024,2025-03-06,WRAQP5LXZQD8
2024-06-GSAFAC-0000351456,ZQ5JYL7HQFS7,2024,2025-03-06,T5MVJDNHR9C5
2024-06-GSAFAC-0000351456,ZQ5JYL7HQFS7,2024,2025-03-06,D4R5LJKWSHM5
2024-06-GSAFAC-0000351456,ZQ5JYL7HQFS7,2024,2025-03-06,XZGDKHYXHTS9
2024-06-GSAFAC-0000351456,ZQ5JYL7HQFS7,2024,2025-03-06,LDVWM3ZWZJ36
2024-06-GSAFAC-0000351456,ZQ5JYL7HQFS7,2024,2025-03-06,ZKQSANE1FB93
2024-06-GSAFAC-0000351456,ZQ5JYL7HQFS7,2024,2025-03-06,UTMEAN5DM626
2024-06-GSAFAC-0000351456,ZQ5JYL7HQFS7,2024,2025-03-06,EEMBXBF1K5M8
2024-06-GSAFAC-0000351456,ZQ5JYL7HQFS7,2024,2025-03-06,JHLKV9NGEW18
2024-06-GSAFAC-0000351456,ZQ5JYL7HQFS7,2024,2025-03-06,C1N8LEC9FJ45
2024-06-GSAFAC-0000351456,ZQ5JYL7HQFS7,2024,2025-03-06,CM25H8WN5K11
2024-06-GSAFAC-0000351456,ZQ5JYL7HQFS7,2024,2025-03-06,CH4CFPVRL4D4
2024-06-GSAFAC-0000351456,ZQ5JYL7HQFS7,2024,2025-03-06,VSKREVLR6UU5
2024-06-GSAFAC-0000351456,ZQ5JYL7HQFS7,2024,2025-03-06,SMF5HB8HC1R8
2024-06-GSAFAC-0000351456,ZQ5JYL7HQFS7,2024,2025-03-06,GTJHJZDG5324
2024-06-GSAFAC-0000351456,ZQ5JYL7HQFS7,2024,2025-03-06,CMECGA8GLJ75
2024-06-GSAFAC-0000351456,ZQ5JYL7HQFS7,2024,2025-03-06,K2JASZMQDLX3
2024-06-GSAFAC-0000351456,ZQ5JYL7HQFS7,2024,2025-03-06,WRTNJACDF9C3
2024-06-GSAFAC-0000351456,ZQ5JYL7HQFS7,2024,2025-03-06,JNQFZNMEYGB3
2024-06-GSAFAC-0000351456,ZQ5JYL7HQFS7,2024,2025-03-06,WRAQP5LXZQD8
2024-06-GSAFAC-0000351456,ZQ5JYL7HQFS7,2024,2025-03-06,EEMBXBF1K5M8
2023-06-GSAFAC-0000358025,E5ZLX32DU9D8,2023,2025-03-06,SE62XNUAKSL7
2023-06-GSAFAC-0000358025,E5ZLX32DU9D8,2023,2025-03-06,KNFLCV2L8NU1
2023-06-GSAFAC-0000358025,E5ZLX32DU9D8,2023,2025-03-06,GBZLGDQGTLX5
2023-06-GSAFAC-0000358025,E5ZLX32DU9D8,2023,2025-03-06,R1GZABLXM1U9
2024-09-GSAFAC-0000357703,LARHMJNJAKS4,2024,2025-03-07,H31ARFSG7658
2024-09-GSAFAC-0000357703,LARHMJNJAKS4,2024,2025-03-07,LAX8CUV176X5
2024-09-GSAFAC-0000357703,LARHMJNJAKS4,2024,2025-03-07,LW2HTUMF76L9
2024-09-GSAFAC-0000357703,LARHMJNJAKS4,2024,2025-03-07,N9B90GZD7YQ5
2024-06-GSAFAC-0000357679,U527P3R44GF3,2024,2025-03-07,FYANMS41DRJ4
2024-06-GSAFAC-0000357692,GLVTLKKJDNK5,2024,2025-03-07,QJUTD3J1G1D3
2024-06-GSAFAC-0000345049,QPCQDKA2MMJ7,2024,2025-03-07,K3VRQMN5MH85
2024-06-GSAFAC-0000345049,QPCQDKA2MMJ7,2024,2025-03-07,FHEGY1AKQHT8
2024-06-GSAFAC-0000345049,QPCQDKA2MMJ7,2024,2025-03-07,SUF7M12KVEZ3
2024-06-GSAFAC-0000345049,QPCQDKA2MMJ7,2024,2025-03-07,DN6KEKHM62D4
2024-06-GSAFAC-0000345049,QPCQDKA2MMJ7,2024,2025-03-07,QT6HEUSP79A3
2024-06-GSAFAC-0000345049,QPCQDKA2MMJ7,2024,2025-03-07,NX4BZP4JS4W5
2024-06-GSAFAC-0000345049,QPCQDKA2MMJ7,2024,2025-03-07,XMH8Q7HNB375
2024-06-GSAFAC-0000345049,QPCQDKA2MMJ7,2024,2025-03-07,RWCHBD9SK2K6
2024-06-GSAFAC-0000345049,QPCQDKA2MMJ7,2024,2025-03-07,HFVALAJLM8A3
2024-06-GSAFAC-0000345049,QPCQDKA2MMJ7,2024,2025-03-07,SSMYSXM9Z9T1
2024-06-GSAFAC-0000345049,QPCQDKA2MMJ7,2024,2025-03-07,L57JK4SRQ1G8
2024-06-GSAFAC-0000345049,QPCQDKA2MMJ7,2024,2025-03-07,FDMPRGFLKBC9
2024-06-GSAFAC-0000345049,QPCQDKA2MMJ7,2024,2025-03-07,TZ6CDVJC23J9
2024-06-GSAFAC-0000345049,QPCQDKA2MMJ7,2024,2025-03-07,KEU4FJBL3XA7
2024-06-GSAFAC-0000345049,QPCQDKA2MMJ7,2024,2025-03-07,JR4DTGD44W17
2024-06-GSAFAC-0000345049,QPCQDKA2MMJ7,2024,2025-03-07,KR79TVEHESC4
2024-06-GSAFAC-0000345049,QPCQDKA2MMJ7,2024,2025-03-07,LU2ET7JT81S1
2024-06-GSAFAC-0000345049,QPCQDKA2MMJ7,2024,2025-03-07,ZEV3S8J56863
2024-06-GSAFAC-0000066245,SN41W3MGWGV3,2024,2025-03-07,PUXBHDJA4DA7
2024-06-GSAFAC-0000066245,SN41W3MGWGV3,2024,2025-03-07,L2VXF9YA8JK3
2024-06-GSAFAC-0000066245,SN41W3MGWGV3,2024,2025-03-07,F2G3FMDN23M4
2024-06-GSAFAC-0000066245,SN41W3MGWGV3,2024,2025-03-07,LLMNUFNCX7U3
2024-06-GSAFAC-0000066245,SN41W3MGWGV3,2024,2025-03-07,NX22TBAUMU67
2024-06-GSAFAC-0000066245,SN41W3MGWGV3,2024,2025-03-07,KWMJMT12LDX4
2024-06-GSAFAC-0000066245,SN41W3MGWGV3,2024,2025-03-07,HHS5BAAJK9E9
2024-06-GSAFAC-0000066245,SN41W3MGWGV3,2024,2025-03-07,HMUABNRMMYC3
2024-06-GSAFAC-0000066245,SN41W3MGWGV3,2024,2025-03-07,MU5SGKY8XYX5
2024-06-GSAFAC-0000066245,SN41W3MGWGV3,2024,2025-03-07,NVTPDH64VKN4
2024-06-GSAFAC-0000066245,SN41W3MGWGV3,2024,2025-03-07,KPCKZCMEARN7
2024-06-GSAFAC-0000066245,SN41W3MGWGV3,2024,2025-03-07,LHXKX5K8DBK8
2024-06-GSAFAC-0000066245,SN41W3MGWGV3,2024,2025-03-07,H71AQ8QKT7L3
2024-06-GSAFAC-0000066245,SN41W3MGWGV3,2024,2025-03-07,KR61E324LD29
2024-06-GSAFAC-0000066245,SN41W3MGWGV3,2024,2025-03-07,Q85SYD73U1A5
2024-06-GSAFAC-0000066245,SN41W3MGWGV3,2024,2025-03-07,PNHQDATLNF33
2024-06-GSAFAC-0000066245,SN41W3MGWGV3,2024,2025-03-07,UD24UQNKBCG6
2024-06-GSAFAC-0000066245,SN41W3MGWGV3,2024,2025-03-07,CTRNP6KH7FN7
2024-06-GSAFAC-0000066245,SN41W3MGWGV3,2024,2025-03-07,CMBSGK6P7BE1
2024-06-GSAFAC-0000066245,SN41W3MGWGV3,2024,2025-03-07,K86HKL9Q3FV6
2024-06-GSAFAC-0000066245,SN41W3MGWGV3,2024,2025-03-07,DWRPKNKBRW55
2024-06-GSAFAC-0000066245,SN41W3MGWGV3,2024,2025-03-07,H6JXDMGC32F9
2024-06-GSAFAC-0000066245,SN41W3MGWGV3,2024,2025-03-07,LUSZJPNN6XV7
2024-06-GSAFAC-0000066245,SN41W3MGWGV3,2024,2025-03-07,MHBCGZZDDBJ8
2024-06-GSAFAC-0000066245,SN41W3MGWGV3,2024,2025-03-07,NXTEW5EFNNZ4
2024-06-GSAFAC-0000066245,SN41W3MGWGV3,2024,2025-03-07,EVWJPCY6AD97
2024-06-GSAFAC-0000066245,SN41W3MGWGV3,2024,2025-03-07,JJG6HU8PA4S5
2024-06-GSAFAC-0000066245,SN41W3MGWGV3,2024,2025-03-07,QDE5UHE5XD16
2024-06-GSAFAC-0000066245,SN41W3MGWGV3,2024,2025-03-07,GRLAJDNYPWF1
2024-06-GSAFAC-0000066245,SN41W3MGWGV3,2024,2025-03-07,VKZLFK6M5DD3
2024-06-GSAFAC-0000066245,SN41W3MGWGV3,2024,2025-03-07,XAHKEJAWL1N6
2024-06-GSAFAC-0000066245,SN41W3MGWGV3,2024,2025-03-07,D2VQKGEAKLB4
2024-06-GSAFAC-0000066245,SN41W3MGWGV3,2024,2025-03-07,LJ3JQCZAM1H3
2024-06-GSAFAC-0000066245,SN41W3MGWGV3,2024,2025-03-07,MVTKSCN6NMH3
2024-06-GSAFAC-0000066245,SN41W3MGWGV3,2024,2025-03-07,K9S5WN17JFD5
2024-06-GSAFAC-0000066245,SN41W3MGWGV3,2024,2025-03-07,CAANRR7SCCK9
2024-06-GSAFAC-0000066245,SN41W3MGWGV3,2024,2025-03-07,ELA9KB9GJCN8
2024-06-GSAFAC-0000066245,SN41W3MGWGV3,2024,2025-03-07,KXJULRDJQK93
2024-06-GSAFAC-0000066245,SN41W3MGWGV3,2024,2025-03-07,GH9UYV71GME8
2024-06-GSAFAC-0000066245,SN41W3MGWGV3,2024,2025-03-07,MLQFL4JSSAA9
2024-06-GSAFAC-0000066245,SN41W3MGWGV3,2024,2025-03-07,RN66KDXN4JM7
2024-06-GSAFAC-0000066245,SN41W3MGWGV3,2024,2025-03-07,UKVZYB2NBJE6
2024-06-GSAFAC-0000066245,SN41W3MGWGV3,2024,2025-03-07,VMYDF2TZHHB6
2024-06-GSAFAC-0000066245,SN41W3MGWGV3,2024,2025-03-07,T3NNX4DJLQ13
2024-06-GSAFAC-0000066245,SN41W3MGWGV3,2024,2025-03-07,EADLFP7Z72E5
2024-06-GSAFAC-0000066245,SN41W3MGWGV3,2024,2025-03-07,KK6WBRW6EYG3
2024-06-GSAFAC-0000066245,SN41W3MGWGV3,2024,2025-03-07,LSP1DUENV695
2024-06-GSAFAC-0000066245,SN41W3MGWGV3,2024,2025-03-07,EVGUCTEADA28
2024-06-GSAFAC-0000066245,SN41W3MGWGV3,2024,2025-03-07,XGE9T6KCMSR4
2024-06-GSAFAC-0000066245,SN41W3MGWGV3,2024,2025-03-07,Y7D7Q6WKXB83
2024-06-GSAFAC-0000066245,SN41W3MGWGV3,2024,2025-03-07,KR1MNR2VXMD5
2024-06-GSAFAC-0000066245,SN41W3MGWGV3,2024,2025-03-07,MC31X5KXRFT5
2024-06-GSAFAC-0000066245,SN41W3MGWGV3,2024,2025-03-07,KRADJMQDENM7
2024-06-GSAFAC-0000066245,SN41W3MGWGV3,2024,2025-03-07,WN2DSJWMJ2R8
2024-06-GSAFAC-0000066245,SN41W3MGWGV3,2024,2025-03-07,E5QRM5Y85LT8
2024-06-GSAFAC-0000066245,SN41W3MGWGV3,2024,2025-03-07,CSLPDV279GJ3
2024-06-GSAFAC-0000066245,SN41W3MGWGV3,2024,2025-03-07,UU5HL7VGXQD8
2024-06-GSAFAC-0000066245,SN41W3MGWGV3,2024,2025-03-07,L2BJKYTVKJU5
2024-06-GSAFAC-0000066245,SN41W3MGWGV3,2024,2025-03-07,RWAXLM2UFQ21
2024-06-GSAFAC-0000066245,SN41W3MGWGV3,2024,2025-03-07,ESSRCHJ1KQ27
2024-06-GSAFAC-0000066245,SN41W3MGWGV3,2024,2025-03-07,C2Q4AWJ8N985
2024-06-GSAFAC-0000066245,SN41W3MGWGV3,2024,2025-03-07,N3MCAUV3GJG5
2024-06-GSAFAC-0000066245,SN41W3MGWGV3,2024,2025-03-07,DGZJDGJ43KE7
2024-06-GSAFAC-0000066245,SN41W3MGWGV3,2024,2025-03-07,ENL9DDP7EDX1
2024-06-GSAFAC-0000066245,SN41W3MGWGV3,2024,2025-03-07,X4J7XMJVDLE1
2024-06-GSAFAC-0000066245,SN41W3MGWGV3,2024,2025-03-07,XM4FRKJLA323
2024-06-GSAFAC-0000066245,SN41W3MGWGV3,2024,2025-03-07,KZXXJTUDEUT1
2024-06-GSAFAC-0000066245,SN41W3MGWGV3,2024,2025-03-07,GX1LMNCH1K79
2024-06-GSAFAC-0000066245,SN41W3MGWGV3,2024,2025-03-07,SEFXKL24JXZ5
2024-06-GSAFAC-0000066245,SN41W3MGWGV3,2024,2025-03-07,GFTMMU7W7J89
2024-06-GSAFAC-0000066245,SN41W3MGWGV3,2024,2025-03-07,EK1RNFKF75G3
2024-06-GSAFAC-0000066245,SN41W3MGWGV3,2024,2025-03-07,LNEPDRKRLMS3
2024-06-GSAFAC-0000066245,SN41W3MGWGV3,2024,2025-03-07,Y8BKMH1EEBG9
2024-06-GSAFAC-0000066245,SN41W3MGWGV3,2024,2025-03-07,FHHNU5XGMCT6
2024-06-GSAFAC-0000066245,SN41W3MGWGV3,2024,2025-03-07,G5EBME9JCW15
2024-06-GSAFAC-0000066245,SN41W3MGWGV3,2024,2025-03-07,ZRHSF28X3HY5
2024-06-GSAFAC-0000066245,SN41W3MGWGV3,2024,2025-03-07,RA1EAJ722RM5
2024-06-GSAFAC-0000066245,SN41W3MGWGV3,2024,2025-03-07,VQLKFKKVDWL7
2024-06-GSAFAC-0000066245,SN41W3MGWGV3,2024,2025-03-07,CSWDK6PAJS49
2024-06-GSAFAC-0000066245,SN41W3MGWGV3,2024,2025-03-07,JG6TMJXU4EM5
2024-06-GSAFAC-0000066245,SN41W3MGWGV3,2024,2025-03-07,D6BJGB47V9B5
2024-06-GSAFAC-0000066245,SN41W3MGWGV3,2024,2025-03-07,DZMYT7D3UYR5
2024-06-GSAFAC-0000066245,SN41W3MGWGV3,2024,2025-03-07,C8AGKZMW72K1
2024-06-GSAFAC-0000066245,SN41W3MGWGV3,2024,2025-03-07,LWLXBA1A6NJ9
2024-06-GSAFAC-0000066245,SN41W3MGWGV3,2024,2025-03-07,RGMBQ8L1BDK9
2024-06-GSAFAC-0000066245,SN41W3MGWGV3,2024,2025-03-07,EMU7L25FKNE9
2024-06-GSAFAC-0000066245,SN41W3MGWGV3,2024,2025-03-07,WD63KVNZEFK8
2024-06-GSAFAC-0000066245,SN41W3MGWGV3,2024,2025-03-07,V3KPBX5HSYG5
2024-06-GSAFAC-0000066245,SN41W3MGWGV3,2024,2025-03-07,FKYKRFEEAGS2
2024-06-GSAFAC-0000066245,SN41W3MGWGV3,2024,2025-03-07,DZANUC4GRMG1
2024-06-GSAFAC-0000066245,SN41W3MGWGV3,2024,2025-03-07,KBKZM4SJ7D65
2024-06-GSAFAC-0000066245,SN41W3MGWGV3,2024,2025-03-07,M4MYAWQ9RX89
2024-06-GSAFAC-0000066245,SN41W3MGWGV3,2024,2025-03-07,HCJYJJKUX9N9
2024-06-GSAFAC-0000066245,SN41W3MGWGV3,2024,2025-03-07,EEANYQ57DBZ9
2024-06-GSAFAC-0000066245,SN41W3MGWGV3,2024,2025-03-07,QNNDFMV8DJU7
2024-06-GSAFAC-0000066245,SN41W3MGWGV3,2024,2025-03-07,CGJLLLCCKUM1
2024-06-GSAFAC-0000066245,SN41W3MGWGV3,2024,2025-03-07,DLMBTKLX32U2
2024-06-GSAFAC-0000066245,SN41W3MGWGV3,2024,2025-03-07,JG8JF65925T3
2024-06-GSAFAC-0000066245,SN41W3MGWGV3,2024,2025-03-07,JDDHJZYKJ525
2024-06-GSAFAC-0000066245,SN41W3MGWGV3,2024,2025-03-07,RYYSSMY41153
2024-06-GSAFAC-0000066245,SN41W3MGWGV3,2024,2025-03-07,DP58H2DK1867
2024-06-GSAFAC-0000066245,SN41W3MGWGV3,2024,2025-03-07,LKMNEANW2ZQ6
2024-06-GSAFAC-0000066245,SN41W3MGWGV3,2024,2025-03-07,ELXLUPKSNBY5
2024-06-GSAFAC-0000066245,SN41W3MGWGV3,2024,2025-03-07,Z2FVD3AL5JG5
2024-06-GSAFAC-0000066245,SN41W3MGWGV3,2024,2025-03-07,NVENKJ4EXMH9
2024-06-GSAFAC-0000066245,SN41W3MGWGV3,2024,2025-03-07,PHZ4KTBKD7F2
2024-06-GSAFAC-0000066245,SN41W3MGWGV3,2024,2025-03-07,WYCYPNXS1BK6
2024-06-GSAFAC-0000066245,SN41W3MGWGV3,2024,2025-03-07,JZEPUTP6L351
2024-06-GSAFAC-0000358158,QGD3P56AKQK7,2024,2025-03-10,M568PDBX1GL4
2024-06-GSAFAC-0000358158,QGD3P56AKQK7,2024,2025-03-10,U2HJZLKC12H7
2024-08-GSAFAC-0000067853,EM7PFJBH81E1,2024,2025-03-10,J4CNNNLK86J1
2024-08-GSAFAC-0000067853,EM7PFJBH81E1,2024,2025-03-10,QZ5WNEUCCCD5
2024-06-GSAFAC-0000355784,YT6XTK6YAMC1,2024,2025-03-10,GLDFSXQ1GN33
2024-06-GSAFAC-0000355784,YT6XTK6YAMC1,2024,2025-03-10,VYWFJQME15X6
2024-09-GSAFAC-0000356287,L7TPM7N15F67,2024,2025-03-10,FLAPDKMNKFT1
2024-09-GSAFAC-0000356287,L7TPM7N15F67,2024,2025-03-10,R8LAR4ETCJB8
2024-06-GSAFAC-0000353732,TDLMRMBKN2K7,2024,2025-03-10,GK9ZY5BWWDJ3
2024-06-GSAFAC-0000353732,TDLMRMBKN2K7,2024,2025-03-10,YRZ5CGMLG1B3
2024-06-GSAFAC-0000353732,TDLMRMBKN2K7,2024,2025-03-10,MYCFWELUGFA6
2024-06-GSAFAC-0000357693,JQLBFLDKLJF3,2024,2025-03-10,DSMFH86KCC53
2024-06-GSAFAC-0000354956,U97HZUQD45E5,2024,2025-03-10,S82DTK2GYNW8
2024-06-GSAFAC-0000354119,QPYDRFVHLLT4,2024,2025-03-11,LB3DLKQRKPF5
2024-06-GSAFAC-0000358507,N7LVKKH4FTK4,2024,2025-03-11,XR59Z8ZS7MA5
2024-06-GSAFAC-0000358465,QRNREETCNPE7,2024,2025-03-11,NE42EPBVCD86
2023-12-GSAFAC-0000356798,M63BVJDRPLL5,2023,2025-03-11,FJJZTJ2HR6R3
2024-06-GSAFAC-0000350895,TP7EK8DZV6N5,2024,2025-03-11,XUT5KPD4W8J5
2024-06-GSAFAC-0000056234,NFNQYUNV3LX9,2024,2025-03-13,WHMRFMKPCJK3
2024-06-GSAFAC-0000348779,XN5MF9LT3LG8,2024,2025-03-13,U7Z6NCA8RKW5
2024-06-GSAFAC-0000359203,NAKCKKGNT485,2024,2025-03-13,GB87K49S8JR7
2024-06-GSAFAC-0000352738,VTMSRV63Q2L7,2024,2025-03-13,FDALYDNU8C18
2024-06-GSAFAC-0000355595,YRXVL4JYCEF5,2024,2025-03-14,F355JJSN6EM3
2024-06-GSAFAC-0000355595,YRXVL4JYCEF5,2024,2025-03-14,DCSKLASJRLT5
2024-06-GSAFAC-0000359368,E4QAJHW61213,2024,2025-03-17,HERDH1MKJH39
2024-06-GSAFAC-0000358234,ENDHD9NSLJN7,2024,2025-03-17,KANGARK8QQL1
2024-06-GSAFAC-0000358234,ENDHD9NSLJN7,2024,2025-03-17,DMZ7RNGGC644
2024-06-GSAFAC-0000358234,ENDHD9NSLJN7,2024,2025-03-17,D7E7CAKJ5ZE1
2024-06-GSAFAC-0000358234,ENDHD9NSLJN7,2024,2025-03-17,VQKEF5D2ZZF9
2024-06-GSAFAC-0000358234,ENDHD9NSLJN7,2024,2025-03-17,RT7SH2U5TJ53
2024-06-GSAFAC-0000358234,ENDHD9NSLJN7,2024,2025-03-17,HCA2WYYLLGB6
2024-06-GSAFAC-0000356025,ESDFCNAM7PV7,2024,2025-03-17,C9NQUK79CSK1
2024-06-GSAFAC-0000356025,ESDFCNAM7PV7,2024,2025-03-17,CHGGG1W97J67
2024-06-GSAFAC-0000356025,ESDFCNAM7PV7,2024,2025-03-17,CK3WQSZTD3K4
2024-06-GSAFAC-0000356025,ESDFCNAM7PV7,2024,2025-03-17,CLE3XWRKPBU5
2024-06-GSAFAC-0000356025,ESDFCNAM7PV7,2024,2025-03-17,CWVTNTSMNQJ8
2024-06-GSAFAC-0000356025,ESDFCNAM7PV7,2024,2025-03-17,D6M7NNLLRKT8
2024-06-GSAFAC-0000356025,ESDFCNAM7PV7,2024,2025-03-17,DBV2B35YRHM8
2024-06-GSAFAC-0000356025,ESDFCNAM7PV7,2024,2025-03-17,DLQ4KQFT5MA6
2024-06-GSAFAC-0000356025,ESDFCNAM7PV7,2024,2025-03-17,DMGJKNJFR8D3
2024-06-GSAFAC-0000356025,ESDFCNAM7PV7,2024,2025-03-17,DMGQEBPQD6R8
2024-06-GSAFAC-0000356025,ESDFCNAM7PV7,2024,2025-03-17,DPAUMAKNDWE9
2024-06-GSAFAC-0000356025,ESDFCNAM7PV7,2024,2025-03-17,DZKQTMZDQBM3
2024-06-GSAFAC-0000356025,ESDFCNAM7PV7,2024,2025-03-17,E6VYCNAGHK55
2024-06-GSAFAC-0000356025,ESDFCNAM7PV7,2024,2025-03-17,E7TWPEK6PGS9
2024-06-GSAFAC-0000356025,ESDFCNAM7PV7,2024,2025-03-17,ECNUVBPAVTX3
2024-06-GSAFAC-0000356025,ESDFCNAM7PV7,2024,2025-03-17,EMMHHSJCQAX8
2024-06-GSAFAC-0000356025,ESDFCNAM7PV7,2024,2025-03-17,ESDJRNUJSL55
2024-06-GSAFAC-0000356025,ESDFCNAM7PV7,2024,2025-03-17,FNBVPUFFNKB4
2024-06-GSAFAC-0000356025,ESDFCNAM7PV7,2024,2025-03-17,G94JD1TUL367
2024-06-GSAFAC-0000356025,ESDFCNAM7PV7,2024,2025-03-17,GNEQHNQJR3M5
2024-06-GSAFAC-0000356025,ESDFCNAM7PV7,2024,2025-03-17,HDELLNPJ1AB5
2024-06-GSAFAC-0000356025,ESDFCNAM7PV7,2024,2025-03-17,HF16DKLN59M3
2024-06-GSAFAC-0000356025,ESDFCNAM7PV7,2024,2025-03-17,HFAWBZMFJ3D9
2024-06-GSAFAC-0000356025,ESDFCNAM7PV7,2024,2025-03-17,HWADT84E1NE3
2024-06-GSAFAC-0000356025,ESDFCNAM7PV7,2024,2025-03-17,J1J4HWP7KVE9
2024-06-GSAFAC-0000356025,ESDFCNAM7PV7,2024,2025-03-17,J6XSLLAAPHF1
2024-06-GSAFAC-0000356025,ESDFCNAM7PV7,2024,2025-03-17,JCBZK54BS6X7
2024-06-GSAFAC-0000356025,ESDFCNAM7PV7,2024,2025-03-17,JKM5HK49P814
2024-06-GSAFAC-0000356025,ESDFCNAM7PV7,2024,2025-03-17,JMH5ATKC44F5
2024-06-GSAFAC-0000356025,ESDFCNAM7PV7,2024,2025-03-17,JNGKSME8SL33
2024-06-GSAFAC-0000356025,ESDFCNAM7PV7,2024,2025-03-17,JXAAYELG5F26
2024-06-GSAFAC-0000356025,ESDFCNAM7PV7,2024,2025-03-17,JXGRX78KTUJ9
2024-06-GSAFAC-0000356025,ESDFCNAM7PV7,2024,2025-03-17,K1XHFGTG2BA9
2024-06-GSAFAC-0000356025,ESDFCNAM7PV7,2024,2025-03-17,KCABLNSEVEH3
2024-06-GSAFAC-0000356025,ESDFCNAM7PV7,2024,2025-03-17,KM4JXMLVCVD5
2024-06-GSAFAC-0000356025,ESDFCNAM7PV7,2024,2025-03-17,LCPBAA9NDSJ9
2024-06-GSAFAC-0000356025,ESDFCNAM7PV7,2024,2025-03-17,LMK9H3RRETL6
2024-06-GSAFAC-0000356025,ESDFCNAM7PV7,2024,2025-03-17,LY1BA7BFTGA1
2024-06-GSAFAC-0000356025,ESDFCNAM7PV7,2024,2025-03-17,MR9LDZZZBZW6
2024-06-GSAFAC-0000356025,ESDFCNAM7PV7,2024,2025-03-17,NA73LZ67FCK3
2024-06-GSAFAC-0000356025,ESDFCNAM7PV7,2024,2025-03-17,NNPNFS3MHLM9
2024-06-GSAFAC-0000356025,ESDFCNAM7PV7,2024,2025-03-17,NQ55NJFLBGQ9
2024-06-GSAFAC-0000356025,ESDFCNAM7PV7,2024,2025-03-17,NZLNAHJCH231
2024-06-GSAFAC-0000356025,ESDFCNAM7PV7,2024,2025-03-17,P4L6LY3UVFK9
2024-06-GSAFAC-0000356025,ESDFCNAM7PV7,2024,2025-03-17,P727JLNA1H65
2024-06-GSAFAC-0000356025,ESDFCNAM7PV7,2024,2025-03-17,P727JLNA1H66
2024-06-GSAFAC-0000356025,ESDFCNAM7PV7,2024,2025-03-17,P727JLNA1H67
2024-06-GSAFAC-0000356025,ESDFCNAM7PV7,2024,2025-03-17,P727JLNA1H68
2024-06-GSAFAC-0000356025,ESDFCNAM7PV7,2024,2025-03-17,PU1BQH284C69
2024-06-GSAFAC-0000356025,ESDFCNAM7PV7,2024,2025-03-17,QH3AE2RLGQR5
2024-06-GSAFAC-0000356025,ESDFCNAM7PV7,2024,2025-03-17,QH63H7AWBT63
2024-06-GSAFAC-0000356025,ESDFCNAM7PV7,2024,2025-03-17,SRY6JJL6G9L1
2024-06-GSAFAC-0000356025,ESDFCNAM7PV7,2024,2025-03-17,TC1FL92ZEM16
2024-06-GSAFAC-0000356025,ESDFCNAM7PV7,2024,2025-03-17,TKDSCBAE88P7
2024-06-GSAFAC-0000356025,ESDFCNAM7PV7,2024,2025-03-17,UAT3F8ABYJD3
2024-06-GSAFAC-0000356025,ESDFCNAM7PV7,2024,2025-03-17,UN9ZE4LRPLM3
2024-06-GSAFAC-0000356025,ESDFCNAM7PV7,2024,2025-03-17,WWKAGKTGC7Z4
2024-06-GSAFAC-0000356025,ESDFCNAM7PV7,2024,2025-03-17,XMSQYUFSW6N4
2024-06-GSAFAC-0000356025,ESDFCNAM7PV7,2024,2025-03-17,YD52PH59F4G3
2024-06-GSAFAC-0000356025,ESDFCNAM7PV7,2024,2025-03-17,YNX4NNY64ER5
2024-06-GSAFAC-0000356025,ESDFCNAM7PV7,2024,2025-03-17,ZNABXGD9F7F9
2024-06-GSAFAC-0000358489,EXC1QZFCU3M4,2024,2025-03-17,TH23SR2BG8M1
2024-06-GSAFAC-0000358489,EXC1QZFCU3M4,2024,2025-03-17,KJ2NMJKAJNH7
2024-06-GSAFAC-0000358489,EXC1QZFCU3M4,2024,2025-03-17,SJYSJ4K4H2J4
2024-06-GSAFAC-0000353724,D1JMAQKMD9Q7,2024,2025-03-17,NWLYD5FGX885
2024-06-GSAFAC-0000353724,D1JMAQKMD9Q7,2024,2025-03-17,KUFDCRYELNF8
2024-06-GSAFAC-0000353724,D1JMAQKMD9Q7,2024,2025-03-17,WS6FN9FB7BC7
2024-06-GSAFAC-0000353724,D1JMAQKMD9Q7,2024,2025-03-17,XQYMVQCEJV21
2024-06-GSAFAC-0000353724,D1JMAQKMD9Q7,2024,2025-03-17,ZDCAQZPBMHY7
2024-09-GSAFAC-0000358161,LAL4N8GP6GA6,2024,2025-03-17,M6E6L1YQ8A45
2024-09-GSAFAC-0000358161,LAL4N8GP6GA6,2024,2025-03-17,PV4ZNW174CZ4
2024-09-GSAFAC-0000358161,LAL4N8GP6GA6,2024,2025-03-17,ZGF1ENSBKAS9
2024-09-GSAFAC-0000358161,LAL4N8GP6GA6,2024,2025-03-17,T61ZNLWSL7W5
2024-09-GSAFAC-0000358161,LAL4N8GP6GA6,2024,2025-03-17,FPAJF7368CS6
2024-09-GSAFAC-0000358161,LAL4N8GP6GA6,2024,2025-03-17,DS7PM369CTW7
2024-09-GSAFAC-0000358161,LAL4N8GP6GA6,2024,2025-03-17,QNUNV3JGR6F5
2024-06-GSAFAC-0000355732,VXS8VFJNNSL4,2024,2025-03-17,VBRHTM9TFT63
2024-06-GSAFAC-0000355732,VXS8VFJNNSL4,2024,2025-03-17,XADDKB5T2383
2024-06-GSAFAC-0000355732,VXS8VFJNNSL4,2024,2025-03-17,QCUGCS83U2G1
2024-06-GSAFAC-0000355732,VXS8VFJNNSL4,2024,2025-03-17,UF86J2L7SEU9
2024-06-GSAFAC-0000359781,Q59JLY2G2KT3,2024,2025-03-17,GKJNBE9EADP2
2024-06-GSAFAC-0000344242,GNJ7BBP73WE9,2024,2025-03-17,RY78VSF6P4G3
2024-06-GSAFAC-0000344242,GNJ7BBP73WE9,2024,2025-03-17,L8QSLB2KCRE5
2024-06-GSAFAC-0000344242,GNJ7BBP73WE9,2024,2025-03-17,DSKWG14X2ZR6
2024-06-GSAFAC-0000344242,GNJ7BBP73WE9,2024,2025-03-17,CYX4K562KSK3
2024-06-GSAFAC-0000344242,GNJ7BBP73WE9,2024,2025-03-17,CYN5V2X8EHJ4
2024-06-GSAFAC-0000344242,GNJ7BBP73WE9,2024,2025-03-17,JXELGHCKEZ44
2024-06-GSAFAC-0000344242,GNJ7BBP73WE9,2024,2025-03-17,HFWBZ73LBMQ6
2024-06-GSAFAC-0000344242,GNJ7BBP73WE9,2024,2025-03-17,VBN6BYMLXVE5
2024-06-GSAFAC-0000344242,GNJ7BBP73WE9,2024,2025-03-17,CJH3WNZUY361
2024-06-GSAFAC-0000344242,GNJ7BBP73WE9,2024,2025-03-17,SNE2N22UBBL4
2024-06-GSAFAC-0000344242,GNJ7BBP73WE9,2024,2025-03-17,TDGYSUNMJX66
2024-06-GSAFAC-0000354320,RKM5JHXGZNK4,2024,2025-03-18,XCQXYD74MQN9
2024-06-GSAFAC-0000357779,TX3CQZ8578J6,2024,2025-03-18,HBFJKWKQ4MJ8
2024-06-GSAFAC-0000359851,FV7BJT8NP6S1,2024,2025-03-18,S62DCE7VGAM7
2024-06-GSAFAC-0000359851,FV7BJT8NP6S1,2024,2025-03-18,DHCCNKUKCB95
2024-06-GSAFAC-0000359851,FV7BJT8NP6S1,2024,2025-03-18,N9PBKBALTTJ5
2024-06-GSAFAC-0000359851,FV7BJT8NP6S1,2024,2025-03-18,RMKLKQB71KY9
2024-06-GSAFAC-0000359851,FV7BJT8NP6S1,2024,2025-03-18,SKAAKQGR7NT6
2024-06-GSAFAC-0000359851,FV7BJT8NP6S1,2024,2025-03-18,NKL2VGGVYMF9
2024-06-GSAFAC-0000359851,FV7BJT8NP6S1,2024,2025-03-18,LRQ1KJ6G6UK5
2024-06-GSAFAC-0000359851,FV7BJT8NP6S1,2024,2025-03-18,J641V3CH6J43
2024-06-GSAFAC-0000359851,FV7BJT8NP6S1,2024,2025-03-18,MMQ8TWEF1M19
2024-06-GSAFAC-0000359851,FV7BJT8NP6S1,2024,2025-03-18,VAGLRPJ3QTY8
2024-06-GSAFAC-0000359851,FV7BJT8NP6S1,2024,2025-03-18,JKYMCPLCGKW1
2024-06-GSAFAC-0000359851,FV7BJT8NP6S1,2024,2025-03-18,KC27QLMHV2L4
2024-06-GSAFAC-0000359851,FV7BJT8NP6S1,2024,2025-03-18,DK79RKH725K3
2024-06-GSAFAC-0000359851,FV7BJT8NP6S1,2024,2025-03-18,R867RAKPGFJ1
2024-06-GSAFAC-0000359851,FV7BJT8NP6S1,2024,2025-03-18,D4XCG6YPMT75
2024-06-GSAFAC-0000060336,JZD1HLM2ZU83,2024,2025-03-18,QTHCJEJKH8Q5
2024-06-GSAFAC-0000359068,KYSEBY3LV4G9,2024,2025-03-18,EUCHKJUMM6J4
2024-06-GSAFAC-0000359068,KYSEBY3LV4G9,2024,2025-03-18,Q5JDAZ72NPZ8
2024-06-GSAFAC-0000359068,KYSEBY3LV4G9,2024,2025-03-18,ZE1UHHRUVD97
2024-06-GSAFAC-0000359068,KYSEBY3LV4G9,2024,2025-03-18,YJDMMARLWLC7
2024-06-GSAFAC-0000359068,KYSEBY3LV4G9,2024,2025-03-18,WEBECJ7NAJJ7
2024-06-GSAFAC-0000359068,KYSEBY3LV4G9,2024,2025-03-18,DMNFP3PFRKY3
2024-06-GSAFAC-0000353539,RCVMQW96BYS8,2024,2025-03-19,RMMAC21CM8S6
2024-06-GSAFAC-0000358408,J7EFDKQD4D97,2024,2025-03-19,W632DCKCQDJ5
2024-06-GSAFAC-0000347112,TN75GJE1S7G3,2024,2025-03-19,FRBWK1133NG5
2024-06-GSAFAC-0000347112,TN75GJE1S7G3,2024,2025-03-19,JPQLE2X381X8
2024-06-GSAFAC-0000347112,TN75GJE1S7G3,2024,2025-03-19,QG69QQ8J1KT9
2024-06-GSAFAC-0000347112,TN75GJE1S7G3,2024,2025-03-19,NAWLVXNAEPB3
2024-06-GSAFAC-0000347112,TN75GJE1S7G3,2024,2025-03-19,XK8YNRZTDA79
2024-06-GSAFAC-0000347112,TN75GJE1S7G3,2024,2025-03-19,RZDGMG4BW1L8
2024-06-GSAFAC-0000347112,TN75GJE1S7G3,2024,2025-03-19,CDXNYGYZMC88
2024-06-GSAFAC-0000347112,TN75GJE1S7G3,2024,2025-03-19,DWXXLGJBUPL7
2024-06-GSAFAC-0000347112,TN75GJE1S7G3,2024,2025-03-19,HE76VG4CJJ56
2024-06-GSAFAC-0000347112,TN75GJE1S7G3,2024,2025-03-19,MXNVH4VK87B3
2024-06-GSAFAC-0000347112,TN75GJE1S7G3,2024,2025-03-19,KF8YVJPX1HF8
2024-06-GSAFAC-0000347112,TN75GJE1S7G3,2024,2025-03-19,CMCCKNPLJAS5
2024-06-GSAFAC-0000347112,TN75GJE1S7G3,2024,2025-03-19,GKPPDND7VBW4
2024-06-GSAFAC-0000347112,TN75GJE1S7G3,2024,2025-03-19,UD7YBMAB7T81
2024-06-GSAFAC-0000347112,TN75GJE1S7G3,2024,2025-03-19,GW7LKLXVDCU6
2024-06-GSAFAC-0000347112,TN75GJE1S7G3,2024,2025-03-19,LU6JSFK6JWP7
2024-06-GSAFAC-0000347112,TN75GJE1S7G3,2024,2025-03-19,MEH4GM71CS65
2024-06-GSAFAC-0000347112,TN75GJE1S7G3,2024,2025-03-19,C1PHGA7M6ME7
2024-06-GSAFAC-0000347112,TN75GJE1S7G3,2024,2025-03-19,D8LNFVK82JC6
2024-06-GSAFAC-0000347112,TN75GJE1S7G3,2024,2025-03-19,LRD5YGN94QS5
2024-06-GSAFAC-0000347112,TN75GJE1S7G3,2024,2025-03-19,SJWJDLT9K556
2024-06-GSAFAC-0000347112,TN75GJE1S7G3,2024,2025-03-19,VBKTB6FQE1N4
2024-06-GSAFAC-0000347112,TN75GJE1S7G3,2024,2025-03-19,HBNJBZWWLE29
2024-06-GSAFAC-0000347112,TN75GJE1S7G3,2024,2025-03-19,J1FJMS4W6455
2024-06-GSAFAC-0000347112,TN75GJE1S7G3,2024,2025-03-19,JE56ALMJNNU7
2024-06-GSAFAC-0000347112,TN75GJE1S7G3,2024,2025-03-19,NCLCGQ5YRBL7
2024-06-GSAFAC-0000347112,TN75GJE1S7G3,2024,2025-03-19,EKG3AF5KYJM3
2024-06-GSAFAC-0000347112,TN75GJE1S7G3,2024,2025-03-19,NL8TMJ4VU4L7
2024-06-GSAFAC-0000347112,TN75GJE1S7G3,2024,2025-03-19,M2U9BNW2R5G6
2024-06-GSAFAC-0000347112,TN75GJE1S7G3,2024,2025-03-19,U6JAK3M6XJT1
2024-06-GSAFAC-0000347112,TN75GJE1S7G3,2024,2025-03-19,JYYWJ2QYHQP5
2024-06-GSAFAC-0000347112,TN75GJE1S7G3,2024,2025-03-19,V9L2G8429A64
2024-06-GSAFAC-0000347112,TN75GJE1S7G3,2024,2025-03-19,M1NHHXDXF999
2024-06-GSAFAC-0000347112,TN75GJE1S7G3,2024,2025-03-19,FYVAZVJGDFA4
2024-06-GSAFAC-0000347112,TN75GJE1S7G3,2024,2025-03-19,HV4ALC2GMSY7
2024-06-GSAFAC-0000347112,TN75GJE1S7G3,2024,2025-03-19,P7XXRN1453P3
2024-06-GSAFAC-0000347112,TN75GJE1S7G3,2024,2025-03-19,PSRVKANK7593
2024-06-GSAFAC-0000347112,TN75GJE1S7G3,2024,2025-03-19,XLPKMA6S9G97
2024-06-GSAFAC-0000347112,TN75GJE1S7G3,2024,2025-03-19,JHKNMVBA3S78
2024-06-GSAFAC-0000347112,TN75GJE1S7G3,2024,2025-03-19,W76MH7DMRA16
2024-06-GSAFAC-0000356701,D59EE9V8HHD7,2024,2025-03-19,L5Z4F1VY5EE5
2024-06-GSAFAC-0000356701,D59EE9V8HHD7,2024,2025-03-19,WA6ALB81VHF8
2024-06-GSAFAC-0000062368,KBJAXWVMDZQ6,2024,2025-03-20,URXGHD8BNKE6
2024-06-GSAFAC-0000062368,KBJAXWVMDZQ6,2024,2025-03-20,TNGVHK5AHM51
2024-06-GSAFAC-0000062368,KBJAXWVMDZQ6,2024,2025-03-20,EUMBAJXCY2M1
2024-06-GSAFAC-0000062368,KBJAXWVMDZQ6,2024,2025-03-20,F8JKDGGKL1L6
2024-06-GSAFAC-0000062368,KBJAXWVMDZQ6,2024,2025-03-20,SPY2MC6GCUR9
2024-06-GSAFAC-0000062368,KBJAXWVMDZQ6,2024,2025-03-20,M4U9RN2CZGG3
2024-06-GSAFAC-0000062368,KBJAXWVMDZQ6,2024,2025-03-20,X8BZD8DQ3TK9
2024-06-GSAFAC-0000062368,KBJAXWVMDZQ6,2024,2025-03-20,UM65ZNH4CXH5
2024-06-GSAFAC-0000062368,KBJAXWVMDZQ6,2024,2025-03-20,DXX7DLADAGH4
2024-06-GSAFAC-0000062368,KBJAXWVMDZQ6,2024,2025-03-20,MSLCZRKAALH1
2024-06-GSAFAC-0000062368,KBJAXWVMDZQ6,2024,2025-03-20,PE5YAVXSBZL7
2024-06-GSAFAC-0000062368,KBJAXWVMDZQ6,2024,2025-03-20,M9N7P1MTKD23
2024-06-GSAFAC-0000062368,KBJAXWVMDZQ6,2024,2025-03-20,TYNGLMVMDVM3
2024-06-GSAFAC-0000062368,KBJAXWVMDZQ6,2024,2025-03-20,MLYKVSPJP5J3
2024-06-GSAFAC-0000062368,KBJAXWVMDZQ6,2024,2025-03-20,KNNTXJPJA239
2024-06-GSAFAC-0000062368,KBJAXWVMDZQ6,2024,2025-03-20,KJB9PZ3Y1NV4
2024-06-GSAFAC-0000062368,KBJAXWVMDZQ6,2024,2025-03-20,MAZENG7NSX98
2024-06-GSAFAC-0000062368,KBJAXWVMDZQ6,2024,2025-03-20,QM3VYAB1MES6
2024-06-GSAFAC-0000062368,KBJAXWVMDZQ6,2024,2025-03-20,JC92Y4FYH524
2024-06-GSAFAC-0000062368,KBJAXWVMDZQ6,2024,2025-03-20,S5CLRK6NJDF7
2024-06-GSAFAC-0000062368,KBJAXWVMDZQ6,2024,2025-03-20,EHMPD1RBBJJ9
2024-06-GSAFAC-0000062368,KBJAXWVMDZQ6,2024,2025-03-20,K2BJX632FDN9
2024-06-GSAFAC-0000062368,KBJAXWVMDZQ6,2024,2025-03-20,KSHBUKTGFMD5
2024-06-GSAFAC-0000062368,KBJAXWVMDZQ6,2024,2025-03-20,H7A1EHHKNPL7
2024-06-GSAFAC-0000062368,KBJAXWVMDZQ6,2024,2025-03-20,E6XCAJEZYL54
2024-06-GSAFAC-0000062368,KBJAXWVMDZQ6,2024,2025-03-20,JGY7K8MBSNM5
2024-06-GSAFAC-0000062368,KBJAXWVMDZQ6,2024,2025-03-20,KNUHYRCNLJC5
2024-06-GSAFAC-0000062368,KBJAXWVMDZQ6,2024,2025-03-20,GB14ELPA4N95
2024-06-GSAFAC-0000062368,KBJAXWVMDZQ6,2024,2025-03-20,H5ZUNDJT62V9
2024-06-GSAFAC-0000062368,KBJAXWVMDZQ6,2024,2025-03-20,EA5JN3P55GR1
2024-06-GSAFAC-0000062368,KBJAXWVMDZQ6,2024,2025-03-20,EA1BF9216DP3
2024-06-GSAFAC-0000062368,KBJAXWVMDZQ6,2024,2025-03-20,EPXKD97QJF45
2024-06-GSAFAC-0000062368,KBJAXWVMDZQ6,2024,2025-03-20,VL9URJZRD2W8
2024-06-GSAFAC-0000062368,KBJAXWVMDZQ6,2024,2025-03-20,VF4FF7MH7D53
2024-06-GSAFAC-0000062368,KBJAXWVMDZQ6,2024,2025-03-20,EXNDHLFLU986
2024-06-GSAFAC-0000062368,KBJAXWVMDZQ6,2024,2025-03-20,JFQWM3SGXYK8
2024-06-GSAFAC-0000062368,KBJAXWVMDZQ6,2024,2025-03-20,ML56NPH3NFF9
2024-06-GSAFAC-0000062368,KBJAXWVMDZQ6,2024,2025-03-20,RWKCVTBEDCX7
2024-06-GSAFAC-0000062368,KBJAXWVMDZQ6,2024,2025-03-20,QSL8Y5V7VMP9
2024-06-GSAFAC-0000062368,KBJAXWVMDZQ6,2024,2025-03-20,WMRHNQD93F33
2024-06-GSAFAC-0000062368,KBJAXWVMDZQ6,2024,2025-03-20,G7EFEVA4NL93
2024-06-GSAFAC-0000062368,KBJAXWVMDZQ6,2024,2025-03-20,ECGWABM44A46
2024-06-GSAFAC-0000062368,KBJAXWVMDZQ6,2024,2025-03-20,HGZNTZ97DA14
2024-06-GSAFAC-0000062368,KBJAXWVMDZQ6,2024,2025-03-20,V5LLVC627U34
2024-06-GSAFAC-0000062368,KBJAXWVMDZQ6,2024,2025-03-20,F7WBVJ8QLHV1
2024-06-GSAFAC-0000062368,KBJAXWVMDZQ6,2024,2025-03-20,NSP3K2HD2YL7
2024-06-GSAFAC-0000062368,KBJAXWVMDZQ6,2024,2025-03-20,VMWUDBTMF4C9
2024-06-GSAFAC-0000062368,KBJAXWVMDZQ6,2024,2025-03-20,EBTQKWWD8HJ4
2024-06-GSAFAC-0000062368,KBJAXWVMDZQ6,2024,2025-03-20,CEHKMDKZS293
2024-06-GSAFAC-0000062368,KBJAXWVMDZQ6,2024,2025-03-20,JL9YTWNLDM14
2024-06-GSAFAC-0000062368,KBJAXWVMDZQ6,2024,2025-03-20,VXJNHNRL99F3
2024-06-GSAFAC-0000062368,KBJAXWVMDZQ6,2024,2025-03-20,EHVRJ6G8DAF5
2024-06-GSAFAC-0000062368,KBJAXWVMDZQ6,2024,2025-03-20,KF3UUJ1M69B9
2024-06-GSAFAC-0000062368,KBJAXWVMDZQ6,2024,2025-03-20,JBG7T7RXQ2B7
2024-06-GSAFAC-0000062368,KBJAXWVMDZQ6,2024,2025-03-20,G8M3K7JDLFZ1
2024-06-GSAFAC-0000062368,KBJAXWVMDZQ6,2024,2025-03-20,JK1HC6L71BR9
2024-06-GSAFAC-0000062368,KBJAXWVMDZQ6,2024,2025-03-20,CT83WLDP3AG7
2024-06-GSAFAC-0000062368,KBJAXWVMDZQ6,2024,2025-03-20,FMAAKH5KGJS1
2024-06-GSAFAC-0000062368,KBJAXWVMDZQ6,2024,2025-03-20,R25BK2UQ8NJ6
2024-06-GSAFAC-0000062368,KBJAXWVMDZQ6,2024,2025-03-20,KY1ENDC2ZTU1
2024-06-GSAFAC-0000062368,KBJAXWVMDZQ6,2024,2025-03-20,EG9EL1B3ZDB9
2024-06-GSAFAC-0000062368,KBJAXWVMDZQ6,2024,2025-03-20,GXKMLVDE9EK8
2024-06-GSAFAC-0000062368,KBJAXWVMDZQ6,2024,2025-03-20,D43MB7JNLBJ1
2024-06-GSAFAC-0000062368,KBJAXWVMDZQ6,2024,2025-03-20,MTQLUQ46YF15
2024-06-GSAFAC-0000062368,KBJAXWVMDZQ6,2024,2025-03-20,GFHJCWDJDK47
2024-06-GSAFAC-0000062368,KBJAXWVMDZQ6,2024,2025-03-20,LA49GZM3BVP6
2024-06-GSAFAC-0000062368,KBJAXWVMDZQ6,2024,2025-03-20,SCLKP868KJA8
2024-06-GSAFAC-0000062368,KBJAXWVMDZQ6,2024,2025-03-20,C7DKEX2T54H3
2024-06-GSAFAC-0000062368,KBJAXWVMDZQ6,2024,2025-03-20,MJYEGHJDKA79
2024-06-GSAFAC-0000062368,KBJAXWVMDZQ6,2024,2025-03-20,WV1FVL7J2VM5
2024-06-GSAFAC-0000062368,KBJAXWVMDZQ6,2024,2025-03-20,HFN9FNZKKC65
2024-06-GSAFAC-0000062368,KBJAXWVMDZQ6,2024,2025-03-20,EMLME5AV4DD9
2024-06-GSAFAC-0000062368,KBJAXWVMDZQ6,2024,2025-03-20,WNALUSBA1AC4
2024-06-GSAFAC-0000062368,KBJAXWVMDZQ6,2024,2025-03-20,NLTERGT7X3T9
2024-06-GSAFAC-0000062368,KBJAXWVMDZQ6,2024,2025-03-20,RR7HWPN3HSM3
2024-06-GSAFAC-0000062368,KBJAXWVMDZQ6,2024,2025-03-20,LJ5MRMJC54D1
2024-06-GSAFAC-0000062368,KBJAXWVMDZQ6,2024,2025-03-20,WJU3BBBPH3W8
2024-06-GSAFAC-0000062368,KBJAXWVMDZQ6,2024,2025-03-20,WD9EYR54TWQ6
2024-06-GSAFAC-0000062368,KBJAXWVMDZQ6,2024,2025-03-20,FWM7GXD9B9K3
2024-06-GSAFAC-0000062368,KBJAXWVMDZQ6,2024,2025-03-20,N63ZMY7UETA3
2024-06-GSAFAC-0000062368,KBJAXWVMDZQ6,2024,2025-03-20,Y7YLDCUC2JM4
2024-06-GSAFAC-0000062368,KBJAXWVMDZQ6,2024,2025-03-20,KZNHNMDUTJA5
2024-06-GSAFAC-0000062368,KBJAXWVMDZQ6,2024,2025-03-20,F2VSMAKDH8Z7
2024-06-GSAFAC-0000062368,KBJAXWVMDZQ6,2024,2025-03-20,FN2YCS2YAUW3
2024-06-GSAFAC-0000062368,KBJAXWVMDZQ6,2024,2025-03-20,JNZFHMGJN7M3
2024-06-GSAFAC-0000062368,KBJAXWVMDZQ6,2024,2025-03-20,R7UDMNZJNFU5
2024-06-GSAFAC-0000062368,KBJAXWVMDZQ6,2024,2025-03-20,CCZSYM5RSG96
2024-06-GSAFAC-0000062368,KBJAXWVMDZQ6,2024,2025-03-20,D2G9A1EW16X6
2024-06-GSAFAC-0000062368,KBJAXWVMDZQ6,2024,2025-03-20,LXG4F9K8YZK5
2024-06-GSAFAC-0000062368,KBJAXWVMDZQ6,2024,2025-03-20,L54FLKJM2MN4
2024-06-GSAFAC-0000062368,KBJAXWVMDZQ6,2024,2025-03-20,VBVKFE7E5FJ9
2024-06-GSAFAC-0000062368,KBJAXWVMDZQ6,2024,2025-03-20,K9N2F8E39JH3
2024-06-GSAFAC-0000062368,KBJAXWVMDZQ6,2024,2025-03-20,NDZ1VCNNXMQ3
2024-06-GSAFAC-0000062368,KBJAXWVMDZQ6,2024,2025-03-20,YZSNRKS5G6X8
2024-06-GSAFAC-0000062368,KBJAXWVMDZQ6,2024,2025-03-20,U5XGJG7ZVLK3
2024-06-GSAFAC-0000062368,KBJAXWVMDZQ6,2024,2025-03-20,X1M1PN3KG3E7
2024-06-GSAFAC-0000062368,KBJAXWVMDZQ6,2024,2025-03-20,TVL9LAKNMKW6
2024-06-GSAFAC-0000062368,KBJAXWVMDZQ6,2024,2025-03-20,NBB1BJ7QCFG4
2024-06-GSAFAC-0000062368,KBJAXWVMDZQ6,2024,2025-03-20,KYKSZQ7DVK58
2024-06-GSAFAC-0000062368,KBJAXWVMDZQ6,2024,2025-03-20,RL6LK7BHYE21
2024-06-GSAFAC-0000062368,KBJAXWVMDZQ6,2024,2025-03-20,L1M1ASTAGJ93
2024-06-GSAFAC-0000355889,KADSKJ11BLH5,2024,2025-03-20,FPQQJ1B2T1K1
2024-06-GSAFAC-0000355889,KADSKJ11BLH5,2024,2025-03-20,LRJ3BGBA4ND4
2024-06-GSAFAC-0000355889,KADSKJ11BLH5,2024,2025-03-20,GFTEDZA796H9
2024-06-GSAFAC-0000355889,KADSKJ11BLH5,2024,2025-03-20,U1NMV9FWU494
2024-06-GSAFAC-0000355889,KADSKJ11BLH5,2024,2025-03-20,JCF9KJKREHW5
2024-06-GSAFAC-0000355889,KADSKJ11BLH5,2024,2025-03-20,FBCXQB7V7CQ3
2024-06-GSAFAC-0000355889,KADSKJ11BLH5,2024,2025-03-20,GFSVLLB2TN43
2024-06-GSAFAC-0000355889,KADSKJ11BLH5,2024,2025-03-20,NY1JUJX5KRV7
2024-06-GSAFAC-0000355889,KADSKJ11BLH5,2024,2025-03-20,KPCQM5JFZBJ3
2024-06-GSAFAC-0000355889,KADSKJ11BLH5,2024,2025-03-20,EBLAH5KKW763
2024-06-GSAFAC-0000355889,KADSKJ11BLH5,2024,2025-03-20,ZP9KYB67ZB46
2024-06-GSAFAC-0000355889,KADSKJ11BLH5,2024,2025-03-20,C975NCKFBCQ3
2024-06-GSAFAC-0000355889,KADSKJ11BLH5,2024,2025-03-20,JZSCXF8RPCMS
2024-06-GSAFAC-0000355889,KADSKJ11BLH5,2024,2025-03-20,USBQHHW5PL18
2024-06-GSAFAC-0000355889,KADSKJ11BLH5,2024,2025-03-20,LLT7CKN3VFA9
2024-06-GSAFAC-0000355889,KADSKJ11BLH5,2024,2025-03-20,U4BCQ8P144P6
2024-06-GSAFAC-0000355889,KADSKJ11BLH5,2024,2025-03-20,QAVPCS9X3QS8
2024-06-GSAFAC-0000355889,KADSKJ11BLH5,2024,2025-03-20,NV2SA73JJNR3
2024-06-GSAFAC-0000355889,KADSKJ11BLH5,2024,2025-03-20,VKLLAJZVS781
2024-06-GSAFAC-0000355889,KADSKJ11BLH5,2024,2025-03-20,KQHEX56LKWV7
2024-06-GSAFAC-0000355889,KADSKJ11BLH5,2024,2025-03-20,J4MAFJK2FL81
2024-06-GSAFAC-0000355889,KADSKJ11BLH5,2024,2025-03-20,QF7QLDFKMX48
2024-06-GSAFAC-0000355889,KADSKJ11BLH5,2024,2025-03-20,GXZLDM9N7J99
2024-06-GSAFAC-0000355889,KADSKJ11BLH5,2024,2025-03-20,GJREB7DYGMA1
2024-06-GSAFAC-0000355889,KADSKJ11BLH5,2024,2025-03-20,PK7NX62L2QL2
2024-06-GSAFAC-0000355889,KADSKJ11BLH5,2024,2025-03-20,YNSNV6MQURB3
2024-06-GSAFAC-0000355889,KADSKJ11BLH5,2024,2025-03-20,QK56HYPDA5R5
2024-06-GSAFAC-0000355889,KADSKJ11BLH5,2024,2025-03-20,MA23B51G2LM7
2024-06-GSAFAC-0000355889,KADSKJ11BLH5,2024,2025-03-20,KBD6WNGZKL17
2024-06-GSAFAC-0000355889,KADSKJ11BLH5,2024,2025-03-20,YR6SHDMEB274
2024-06-GSAFAC-0000355889,KADSKJ11BLH5,2024,2025-03-20,X53NZ7A3KMU8
2024-06-GSAFAC-0000355889,KADSKJ11BLH5,2024,2025-03-20,CSWUNDK55PU1
2024-06-GSAFAC-0000355889,KADSKJ11BLH5,2024,2025-03-20,D89VD2GNY2E5
2024-06-GSAFAC-0000355889,KADSKJ11BLH5,2024,2025-03-20,X7USJWX9MST5
2024-06-GSAFAC-0000355889,KADSKJ11BLH5,2024,2025-03-20,HHZLY1L5LZM5
2024-06-GSAFAC-0000355889,KADSKJ11BLH5,2024,2025-03-20,LEE4Z3CGQHU8
2024-06-GSAFAC-0000355889,KADSKJ11BLH5,2024,2025-03-20,NLP2CMF527C8
2024-06-GSAFAC-0000355889,KADSKJ11BLH5,2024,2025-03-20,XCM5YCXFU8N6
2024-06-GSAFAC-0000355889,KADSKJ11BLH5,2024,2025-03-20,YNBSQ9LG4D87
2024-06-GSAFAC-0000355889,KADSKJ11BLH5,2024,2025-03-20,LY55M6FGGLT5
2024-06-GSAFAC-0000355889,KADSKJ11BLH5,2024,2025-03-20,EZ4WPGRE1RD5
2024-06-GSAFAC-0000355889,KADSKJ11BLH5,2024,2025-03-20,L4NWBKHV1J23
2024-06-GSAFAC-0000355889,KADSKJ11BLH5,2024,2025-03-20,RSWNKK6J8CF3
2024-06-GSAFAC-0000355889,KADSKJ11BLH5,2024,2025-03-20,LL8U5PUJ7KU9
2024-06-GSAFAC-0000355889,KADSKJ11BLH5,2024,2025-03-20,NFDPCMBPLRA3
2024-06-GSAFAC-0000355154,D8EALVM55NQ5,2024,2025-03-20,NQCGHY7G8MR9
2024-06-GSAFAC-0000353021,XCKBADL4FXP8,2024,2025-03-20,LNEEDQ39NYM3
2023-12-GSAFAC-0000359599,HUJWEG37EDK5,2023,2025-03-20,G6HPP6PTJVY5
2023-12-GSAFAC-0000359599,HUJWEG37EDK5,2023,2025-03-20,LGL6Q11QLMM3
2023-12-GSAFAC-0000359599,HUJWEG37EDK5,2023,2025-03-20,FLG8U1GHE7E6
2024-06-GSAFAC-0000349768,NUKSGRX9L885,2024,2025-03-20,LWX8FD3F7JX6
2024-06-GSAFAC-0000349768,NUKSGRX9L885,2024,2025-03-20,X2NTZUA4H727
2024-06-GSAFAC-0000349768,NUKSGRX9L885,2024,2025-03-20,PMMKPCKNN9R2
2024-06-GSAFAC-0000349768,NUKSGRX9L885,2024,2025-03-20,FDJ8NZJ9JSW3
2024-06-GSAFAC-0000349768,NUKSGRX9L885,2024,2025-03-20,VGJHK59NMPK9
2024-06-GSAFAC-0000349768,NUKSGRX9L885,2024,2025-03-20,CGCDJ24JJLZ1
2024-06-GSAFAC-0000349768,NUKSGRX9L885,2024,2025-03-20,MQE2JHHJW9Q8
2024-06-GSAFAC-0000349768,NUKSGRX9L885,2024,2025-03-20,LTNVSTJ3R6D5
2024-06-GSAFAC-0000356850,S8C8D8JKLE55,2024,2025-03-20,CQA1K84J6J85
2024-06-GSAFAC-0000356850,S8C8D8JKLE55,2024,2025-03-20,N7AMNUE31RD6
2024-06-GSAFAC-0000356850,S8C8D8JKLE55,2024,2025-03-20,CAY4K2RTLBR3
2024-06-GSAFAC-0000356850,S8C8D8JKLE55,2024,2025-03-20,JF7HR9WJSFJ6
2024-06-GSAFAC-0000356850,S8C8D8JKLE55,2024,2025-03-20,HQC5DGB5Z7N6
2024-06-GSAFAC-0000356850,S8C8D8JKLE55,2024,2025-03-20,CNYDG3BLQNF9
2024-06-GSAFAC-0000355985,JHKKHVC7EPL3,2024,2025-03-20,DMLZJTD7WJ94
2024-06-GSAFAC-0000355985,JHKKHVC7EPL3,2024,2025-03-20,LNTCK2QJAA64
2024-06-GSAFAC-0000355985,JHKKHVC7EPL3,2024,2025-03-20,S4EHYKPUBYB7
2024-06-GSAFAC-0000355985,JHKKHVC7EPL3,2024,2025-03-20,E982FMR1NQL7
2024-06-GSAFAC-0000355985,JHKKHVC7EPL3,2024,2025-03-20,PB3AJE5ZEJ59
2024-06-GSAFAC-0000355985,JHKKHVC7EPL3,2024,2025-03-20,DUZ9GRLC5V18
2024-06-GSAFAC-0000355985,JHKKHVC7EPL3,2024,2025-03-20,DAJVFC925H16
2024-06-GSAFAC-0000355985,JHKKHVC7EPL3,2024,2025-03-20,CZLNU8FDYB55
2024-06-GSAFAC-0000357040,EB6LZJPCWEU3,2024,2025-03-20,FDTUVNGJSQJ5
2024-06-GSAFAC-0000357040,EB6LZJPCWEU3,2024,2025-03-20,XM1KKF9Z41Z6
2024-06-GSAFAC-0000357040,EB6LZJPCWEU3,2024,2025-03-20,XJLNH92C3219
2024-06-GSAFAC-0000357040,EB6LZJPCWEU3,2024,2025-03-20,WSF2CJ1GNEH7
2024-06-GSAFAC-0000357040,EB6LZJPCWEU3,2024,2025-03-20,MA5MFLZKNJR3
2024-06-GSAFAC-0000357040,EB6LZJPCWEU3,2024,2025-03-20,UVR7G1KAPHT5
2024-06-GSAFAC-0000357040,EB6LZJPCWEU3,2024,2025-03-20,DBMJHMXN6M15
2024-06-GSAFAC-0000357040,EB6LZJPCWEU3,2024,2025-03-20,WDMYN6Q96T71
2024-06-GSAFAC-0000357040,EB6LZJPCWEU3,2024,2025-03-20,NPTPYM3QJGA1
2024-06-GSAFAC-0000357040,EB6LZJPCWEU3,2024,2025-03-20,KSLXK867UZA5
2024-06-GSAFAC-0000357040,EB6LZJPCWEU3,2024,2025-03-20,WZB1XDDG5SS3
2024-06-GSAFAC-0000357040,EB6LZJPCWEU3,2024,2025-03-20,LXKMK5ZYAYY7
2024-06-GSAFAC-0000357040,EB6LZJPCWEU3,2024,2025-03-20,N11GQJJTNLF1
2024-06-GSAFAC-0000359659,VY9UEK86CVW3,2024,2025-03-20,GVXBBWH1S236
2024-06-GSAFAC-0000359659,VY9UEK86CVW3,2024,2025-03-20,E7FSAAQSVAL7
2024-06-GSAFAC-0000359659,VY9UEK86CVW3,2024,2025-03-20,D5ESWJ3VKA55
2024-06-GSAFAC-0000359659,VY9UEK86CVW3,2024,2025-03-20,D6S4CMBPMGH8
2024-06-GSAFAC-0000359659,VY9UEK86CVW3,2024,2025-03-20,EHECYQ5WLD17
2024-09-GSAFAC-0000359222,FB3SLJJZ38K9,2024,2025-03-21,DN7WFH7MTKM3
2024-09-GSAFAC-0000359222,FB3SLJJZ38K9,2024,2025-03-21,LRNBMRRWHA95
2024-06-GSAFAC-0000360376,WLG7WD5FYA89,2024,2025-03-21,DMETEJAWKEK5
2024-06-GSAFAC-0000056221,L6M1G1EY4L56,2024,2025-03-21,KEXMERLWEBJ4
2024-06-GSAFAC-0000056221,L6M1G1EY4L56,2024,2025-03-21,U3KDNMJFJYC7
2024-06-GSAFAC-0000360700,VJ8YGMQXL9F5,2024,2025-03-21,DLK2E9FG46F9
2024-06-GSAFAC-0000360700,VJ8YGMQXL9F5,2024,2025-03-21,C4LLXQJ3X779
2024-06-GSAFAC-0000360700,VJ8YGMQXL9F5,2024,2025-03-21,G4DSMMANKMB9
2024-06-GSAFAC-0000360884,NXJVB2PNACB3,2024,2025-03-21,T6EMMQJT6L63
2024-06-GSAFAC-0000360884,NXJVB2PNACB3,2024,2025-03-21,N6A4NJMKNK13
2024-06-GSAFAC-0000359013,NCSMA19DF7E6,2024,2025-03-21,NRVXZ2K3V8K5
2024-06-GSAFAC-0000359013,NCSMA19DF7E6,2024,2025-03-21,NQYUBAPJRE65
2024-06-GSAFAC-0000359013,NCSMA19DF7E6,2024,2025-03-21,NRM8YQ1KAF25
2024-06-GSAFAC-0000359013,NCSMA19DF7E6,2024,2025-03-21,HQRUVAML7S27
2024-06-GSAFAC-0000359013,NCSMA19DF7E6,2024,2025-03-21,M11WESEGQZ46
2024-06-GSAFAC-0000359013,NCSMA19DF7E6,2024,2025-03-21,FSCFY6K9BLC9
2024-06-GSAFAC-0000359013,NCSMA19DF7E6,2024,2025-03-21,FPWMWGTGEKQ9
2024-06-GSAFAC-0000359013,NCSMA19DF7E6,2024,2025-03-21,FQZKRRCL1PH1
2024-06-GSAFAC-0000359013,NCSMA19DF7E6,2024,2025-03-21,NSACUZQHK2H9
2024-06-GSAFAC-0000359013,NCSMA19DF7E6,2024,2025-03-21,GVYKJMVWJUX3
2024-06-GSAFAC-0000359013,NCSMA19DF7E6,2024,2025-03-21,JEKQCADLN6Z8
2024-06-GSAFAC-0000359013,NCSMA19DF7E6,2024,2025-03-21,FA4SHJSXP2D2
2024-06-GSAFAC-0000359013,NCSMA19DF7E6,2024,2025-03-21,X7FGTF7CT4W5
2024-06-GSAFAC-0000359013,NCSMA19DF7E6,2024,2025-03-21,F4QRAJFE5TG3
2024-06-GSAFAC-0000065604,F6D8JMXK5ME4,2024,2025-03-21,JDGFRB4C1XD9
2024-06-GSAFAC-0000065604,F6D8JMXK5ME4,2024,2025-03-21,QAEJZRL5G3W9
2024-06-GSAFAC-0000065604,F6D8JMXK5ME4,2024,2025-03-21,NRLSSYLD66Z1
2024-06-GSAFAC-0000065604,F6D8JMXK5ME4,2024,2025-03-21,QQ2CJZ7ER813
2024-12-GSAFAC-0000357815,NLABQJ8LCND5,2024,2025-03-21,E9M7EUVMFFJ5
2024-06-GSAFAC-0000356436,PKK5TD16N4H1,2024,2025-03-21,RN64EPNH8JC6
2024-06-GSAFAC-0000356436,PKK5TD16N4H1,2024,2025-03-21,KMH5K9V7S518
2024-06-GSAFAC-0000356436,PKK5TD16N4H1,2024,2025-03-21,QJ8HMDK7MRM3
2024-06-GSAFAC-0000356436,PKK5TD16N4H1,2024,2025-03-21,UYTTZT6G9DT1
2024-06-GSAFAC-0000356436,PKK5TD16N4H1,2024,2025-03-21,G9QBQDH39DF4
2024-06-GSAFAC-0000356436,PKK5TD16N4H1,2024,2025-03-21,VXUFPE4MCZH5
2024-06-GSAFAC-0000356436,PKK5TD16N4H1,2024,2025-03-21,MJC5FCYQTPE6
2024-06-GSAFAC-0000356436,PKK5TD16N4H1,2024,2025-03-21,MR5QC5FCAVH5
2024-06-GSAFAC-0000356436,PKK5TD16N4H1,2024,2025-03-21,FFM7VPAG8P92
2024-06-GSAFAC-0000356436,PKK5TD16N4H1,2024,2025-03-21,GS3YEVSS12N6
2024-06-GSAFAC-0000356436,PKK5TD16N4H1,2024,2025-03-21,TX2DAGQPENZ5
2023-12-GSAFAC-0000356988,L2RTVEQU52B8,2023,2025-03-24,GPWGSBPJFXM4
2023-12-GSAFAC-0000356988,L2RTVEQU52B8,2023,2025-03-24,E61AWKTHKMH5
2023-12-GSAFAC-0000356988,L2RTVEQU52B8,2023,2025-03-24,FNYVMKNSB2K6
2023-12-GSAFAC-0000356988,L2RTVEQU52B8,2023,2025-03-24,M9LEXLBD1AR4
2024-06-GSAFAC-0000361148,Y8ABCWTEM4Y5,2024,2025-03-24,JSE3RL3635J5
2024-06-GSAFAC-0000361389,EHVBZ3J7CE95,2024,2025-03-24,D5WLWJ9G3UX1
2024-06-GSAFAC-0000361389,EHVBZ3J7CE95,2024,2025-03-24,HJMDNAPL6T41
2024-06-GSAFAC-0000361389,EHVBZ3J7CE95,2024,2025-03-24,T1GKVXH7Y5K9
2024-06-GSAFAC-0000357186,Y8CWNJRCNN91,2024,2025-03-24,W8XEAJDKMXH3
2024-06-GSAFAC-0000357186,Y8CWNJRCNN91,2024,2025-03-24,M6X1K9AU6HM5
2024-06-GSAFAC-0000359419,YZ17F869EDW5,2024,2025-03-24,GXNANJ9N7G18
2024-06-GSAFAC-0000359474,QLY5F67VD2Z5,2024,2025-03-24,G2G3DPCR7M93
2024-06-GSAFAC-0000360746,LFK8DDLYRHL6,2024,2025-03-24,M3G6D6EM4SK5
2024-06-GSAFAC-0000360508,M9GKSQB7UJ65,2024,2025-03-24,J9TCP376TC54
2024-06-GSAFAC-0000360508,M9GKSQB7UJ65,2024,2025-03-24,J6GZVJ8BCL77
2024-06-GSAFAC-0000360436,MNL2NJTQEL78,2024,2025-03-25,GWUJYSLB9581
2024-06-GSAFAC-0000360436,MNL2NJTQEL78,2024,2025-03-25,NKPRCTJVGK37
2024-06-GSAFAC-0000360436,MNL2NJTQEL78,2024,2025-03-25,KNSDXTMLGTJ7
2024-06-GSAFAC-0000360436,MNL2NJTQEL78,2024,2025-03-25,KGWTJRWV1MP3
2024-06-GSAFAC-0000360436,MNL2NJTQEL78,2024,2025-03-25,YMWSJZXL9E55
2024-06-GSAFAC-0000360436,MNL2NJTQEL78,2024,2025-03-25,JTJHMPMWMY65
2024-06-GSAFAC-0000360436,MNL2NJTQEL78,2024,2025-03-25,MHPNLHMT3WH7
2024-06-GSAFAC-0000360436,MNL2NJTQEL78,2024,2025-03-25,VGKLL6YFNAB7
2024-06-GSAFAC-0000360436,MNL2NJTQEL78,2024,2025-03-25,EBANJRTGFV64
2024-06-GSAFAC-0000360436,MNL2NJTQEL78,2024,2025-03-25,WE2NBL3S36G5
2024-06-GSAFAC-0000360436,MNL2NJTQEL78,2024,2025-03-25,ZLLES6PGLNX4
2024-06-GSAFAC-0000360436,MNL2NJTQEL78,2024,2025-03-25,CGCJP5S4NK55
2024-06-GSAFAC-0000360436,MNL2NJTQEL78,2024,2025-03-25,UUHJMCXALA23
2024-06-GSAFAC-0000360436,MNL2NJTQEL78,2024,2025-03-25,CL5QM8NJZXM1
2024-06-GSAFAC-0000360436,MNL2NJTQEL78,2024,2025-03-25,UNZ3ANUMNQ15
2024-06-GSAFAC-0000360436,MNL2NJTQEL78,2024,2025-03-25,PSXKTQ2WRVJ3
2024-06-GSAFAC-0000360436,MNL2NJTQEL78,2024,2025-03-25,YRBNQECGNKN7
2024-06-GSAFAC-0000360436,MNL2NJTQEL78,2024,2025-03-25,J1RWH9W77EP8
2024-06-GSAFAC-0000360436,MNL2NJTQEL78,2024,2025-03-25,J4T6MF1XPB17
2024-06-GSAFAC-0000360436,MNL2NJTQEL78,2024,2025-03-25,USC5NPWJBUM5
2024-06-GSAFAC-0000360436,MNL2NJTQEL78,2024,2025-03-25,T1GVLRB3AUM1
2024-06-GSAFAC-0000360436,MNL2NJTQEL78,2024,2025-03-25,JVEGVWGUZD24
2024-06-GSAFAC-0000361557,H8CSY2JDYMV5,2024,2025-03-25,HJRATX5PJ6N3
2024-06-GSAFAC-0000361584,DSEEZHPCVMC6,2024,2025-03-25,DM3DENJKP3F9
2024-06-GSAFAC-0000359465,YMR1PF5NANL6,2024,2025-03-25,HKFZH7FKKL75
2024-06-GSAFAC-0000353552,LMJAVFPBYQ74,2024,2025-03-25,Y4MEQDUAURQ5
2024-09-GSAFAC-0000357158,TM1APB6J5TD6,2024,2025-03-25,DBXFY1MJ47K8
2024-09-GSAFAC-0000357158,TM1APB6J5TD6,2024,2025-03-25,RU77EKL3LKW9
2024-09-GSAFAC-0000357158,TM1APB6J5TD6,2024,2025-03-25,WNLTSFDCMZ97
2024-06-GSAFAC-0000358981,FMXSY2JJ1H13,2024,2025-03-25,EHAXS315F3L5
2024-06-GSAFAC-0000358682,LF77GRM3FWG5,2024,2025-03-25,CZLHXAXKJYX1
2024-06-GSAFAC-0000358682,LF77GRM3FWG5,2024,2025-03-25,DSGHK7LAZM39
2024-06-GSAFAC-0000358682,LF77GRM3FWG5,2024,2025-03-25,HTQ6K6NJFHA6
2024-06-GSAFAC-0000358682,LF77GRM3FWG5,2024,2025-03-25,G15AG3BLLMH4
2024-06-GSAFAC-0000358682,LF77GRM3FWG5,2024,2025-03-25,FZRNGQTKADH1
2024-06-GSAFAC-0000358682,LF77GRM3FWG5,2024,2025-03-25,JD2AKUCDBVV9
2024-06-GSAFAC-0000358682,LF77GRM3FWG5,2024,2025-03-25,VWL8DPVCRRN6
2024-06-GSAFAC-0000358682,LF77GRM3FWG5,2024,2025-03-25,J7QKTF7FLD62
2024-06-GSAFAC-0000358682,LF77GRM3FWG5,2024,2025-03-25,EADDMC8ZNM99
2024-06-GSAFAC-0000358682,LF77GRM3FWG5,2024,2025-03-25,M1T9PNB1LMB8
2024-06-GSAFAC-0000358682,LF77GRM3FWG5,2024,2025-03-25,MKE6P5WUFCZ7
2024-06-GSAFAC-0000358682,LF77GRM3FWG5,2024,2025-03-25,TLPZM7FTKBC2
2024-06-GSAFAC-0000355523,Y28BEBJ4MNU7,2024,2025-03-25,HQ5NMP5HLL53
2024-06-GSAFAC-0000355523,Y28BEBJ4MNU7,2024,2025-03-25,NKVZTLYHXJJ7
2024-06-GSAFAC-0000360608,NBETHC52JNL9,2024,2025-03-25,JXWHGMJA5EU6
2024-06-GSAFAC-0000359059,GND2A7FK4X21,2024,2025-03-25,YDMHTK4HXNS3
2024-06-GSAFAC-0000358576,PDNNR2MS6AX3,2024,2025-03-25,D2LRTRND24F5
2024-06-GSAFAC-0000358576,PDNNR2MS6AX3,2024,2025-03-25,D466LBA66QM6
2024-06-GSAFAC-0000355961,ZNXUM59GJ8B9,2024,2025-03-25,XL8KZKF7LQ41
2024-06-GSAFAC-0000355961,ZNXUM59GJ8B9,2024,2025-03-25,EL1FNG3EUSF9
2024-06-GSAFAC-0000355961,ZNXUM59GJ8B9,2024,2025-03-25,ZZ8KS4HPSFN3
2024-06-GSAFAC-0000355961,ZNXUM59GJ8B9,2024,2025-03-25,HKQDEXRXGKL1
2024-06-GSAFAC-0000355961,ZNXUM59GJ8B9,2024,2025-03-25,FKTMJESNM3U6
2024-06-GSAFAC-0000355961,ZNXUM59GJ8B9,2024,2025-03-25,HPZJJJ7AMFL4
2024-06-GSAFAC-0000355961,ZNXUM59GJ8B9,2024,2025-03-25,CKLCS5CFKFP5
2024-06-GSAFAC-0000355961,ZNXUM59GJ8B9,2024,2025-03-25,XQKBAQJDNKU5
2024-06-GSAFAC-0000355961,ZNXUM59GJ8B9,2024,2025-03-25,Q1Y9NH3C7AH6
2024-06-GSAFAC-0000355961,ZNXUM59GJ8B9,2024,2025-03-25,NUSELTALU9E7
2024-06-GSAFAC-0000355961,ZNXUM59GJ8B9,2024,2025-03-25,C94EYKWFG3D7
2021-12-GSAFAC-0000344603,JN7RY7KLED66,2021,2025-03-25,WXGLBM9T18T9
2021-12-GSAFAC-0000344603,JN7RY7KLED66,2021,2025-03-25,QLR1Q9Y492N8
2021-12-GSAFAC-0000344603,JN7RY7KLED66,2021,2025-03-25,V57WH7D4AQF8
2021-12-GSAFAC-0000344603,JN7RY7KLED66,2021,2025-03-25,V76ADHF2KR11
2021-12-GSAFAC-0000344603,JN7RY7KLED66,2021,2025-03-25,P7JUFP61EC89
2024-06-GSAFAC-0000354785,KV6CGYPGAQN8,2024,2025-03-25,D5PHWFJBFM56
2024-06-GSAFAC-0000354785,KV6CGYPGAQN8,2024,2025-03-25,DA2MMMDM3CM7
2024-06-GSAFAC-0000354785,KV6CGYPGAQN8,2024,2025-03-25,DBP4N9GHCA14
2024-06-GSAFAC-0000354785,KV6CGYPGAQN8,2024,2025-03-25,DE15G2NNQKK7
2024-06-GSAFAC-0000354785,KV6CGYPGAQN8,2024,2025-03-25,DM7JV6MBJNJ7
2024-06-GSAFAC-0000354785,KV6CGYPGAQN8,2024,2025-03-25,DMYJV6MBJNJ7
2024-06-GSAFAC-0000354785,KV6CGYPGAQN8,2024,2025-03-25,DSLBUJCUJK53
2024-06-GSAFAC-0000354785,KV6CGYPGAQN8,2024,2025-03-25,DX4EMXG6KC11
2024-06-GSAFAC-0000354785,KV6CGYPGAQN8,2024,2025-03-25,DYWQWDJGUNS7
2024-06-GSAFAC-0000354785,KV6CGYPGAQN8,2024,2025-03-25,E26YS4VLAJG4
2024-06-GSAFAC-0000354785,KV6CGYPGAQN8,2024,2025-03-25,E557HM9TKJ17
2024-06-GSAFAC-0000354785,KV6CGYPGAQN8,2024,2025-03-25,EAJUAUXDNC83
2024-06-GSAFAC-0000354785,KV6CGYPGAQN8,2024,2025-03-25,EDCWFC9MXLC5
2024-06-GSAFAC-0000354785,KV6CGYPGAQN8,2024,2025-03-25,EGSHAMA91NV3
2024-06-GSAFAC-0000354785,KV6CGYPGAQN8,2024,2025-03-25,ELGJGDBHW1L5
2024-06-GSAFAC-0000354785,KV6CGYPGAQN8,2024,2025-03-25,EYLLYGXKRYC8
2024-06-GSAFAC-0000354785,KV6CGYPGAQN8,2024,2025-03-25,EZATJ6KJBHM8
2024-06-GSAFAC-0000354785,KV6CGYPGAQN8,2024,2025-03-25,EZDTAKAXMEM1
2024-06-GSAFAC-0000354785,KV6CGYPGAQN8,2024,2025-03-25,F3KLZWYMMYB5
2024-06-GSAFAC-0000354785,KV6CGYPGAQN8,2024,2025-03-25,F4NWN7TPEZ58
2024-06-GSAFAC-0000354785,KV6CGYPGAQN8,2024,2025-03-25,F8QQUZCG4YM6
2024-06-GSAFAC-0000354785,KV6CGYPGAQN8,2024,2025-03-25,FD1MYFNNHYC7
2024-06-GSAFAC-0000354785,KV6CGYPGAQN8,2024,2025-03-25,FHFERCHHD583
2024-06-GSAFAC-0000354785,KV6CGYPGAQN8,2024,2025-03-25,FSCUKYQMM916
2024-06-GSAFAC-0000354785,KV6CGYPGAQN8,2024,2025-03-25,FSZLLQM5JDD1
2024-06-GSAFAC-0000354785,KV6CGYPGAQN8,2024,2025-03-25,FYJALXB1EL42
2024-06-GSAFAC-0000354785,KV6CGYPGAQN8,2024,2025-03-25,G36NU7YJK4U6
2024-06-GSAFAC-0000354785,KV6CGYPGAQN8,2024,2025-03-25,GDBGVJMFHYP4
2024-06-GSAFAC-0000354785,KV6CGYPGAQN8,2024,2025-03-25,GHHNA7WTPKC5
2024-06-GSAFAC-0000354785,KV6CGYPGAQN8,2024,2025-03-25,GJKNWWCG6J26
2024-06-GSAFAC-0000354785,KV6CGYPGAQN8,2024,2025-03-25,GJNPQWGNJ8P7
2024-06-GSAFAC-0000354785,KV6CGYPGAQN8,2024,2025-03-25,GKEYJ8WYYFN4
2024-06-GSAFAC-0000354785,KV6CGYPGAQN8,2024,2025-03-25,GS4HPMAP57Q5
2024-06-GSAFAC-0000354785,KV6CGYPGAQN8,2024,2025-03-25,GVAGLUYUBLJ8
2024-06-GSAFAC-0000354785,KV6CGYPGAQN8,2024,2025-03-25,GZA4TRNLL8J9
2024-06-GSAFAC-0000354785,KV6CGYPGAQN8,2024,2025-03-25,H1G4XETFE6T9
2024-06-GSAFAC-0000354785,KV6CGYPGAQN8,2024,2025-03-25,H2Y4CLBB54T5
2024-06-GSAFAC-0000354785,KV6CGYPGAQN8,2024,2025-03-25,HQUJY91V8XK8
2024-06-GSAFAC-0000354785,KV6CGYPGAQN8,2024,2025-03-25,J93WN7LTZ1D5
2024-06-GSAFAC-0000354785,KV6CGYPGAQN8,2024,2025-03-25,K37MZYKNKL68
2024-06-GSAFAC-0000354785,KV6CGYPGAQN8,2024,2025-03-25,K5VFF7TELKL3
2024-06-GSAFAC-0000354785,KV6CGYPGAQN8,2024,2025-03-25,KJ9WW4J3JKN7
2024-06-GSAFAC-0000354785,KV6CGYPGAQN8,2024,2025-03-25,KPL7E2MG16E4
2024-06-GSAFAC-0000354785,KV6CGYPGAQN8,2024,2025-03-25,KWG5JV11RSH3
2024-06-GSAFAC-0000354785,KV6CGYPGAQN8,2024,2025-03-25,KZM6NYB9EZP2
2024-06-GSAFAC-0000354785,KV6CGYPGAQN8,2024,2025-03-25,LCKYDJ3SJZY7
2024-06-GSAFAC-0000354785,KV6CGYPGAQN8,2024,2025-03-25,LHMCTJMK1XG3
2024-06-GSAFAC-0000354785,KV6CGYPGAQN8,2024,2025-03-25,LHZLULA34A15
2024-06-GSAFAC-0000354785,KV6CGYPGAQN8,2024,2025-03-25,LK4YKNCKXG45
2024-06-GSAFAC-0000354785,KV6CGYPGAQN8,2024,2025-03-25,LSM7KYQQCVY5
2024-06-GSAFAC-0000354785,KV6CGYPGAQN8,2024,2025-03-25,LX4WUTA57963
2024-06-GSAFAC-0000354785,KV6CGYPGAQN8,2024,2025-03-25,LYZNJKGJRSZ9
2024-06-GSAFAC-0000354785,KV6CGYPGAQN8,2024,2025-03-25,MAAETULQ5LK4
2024-06-GSAFAC-0000354785,KV6CGYPGAQN8,2024,2025-03-25,ME1UM54138T7
2024-06-GSAFAC-0000354785,KV6CGYPGAQN8,2024,2025-03-25,MECEHTM8DB17
2024-06-GSAFAC-0000354785,KV6CGYPGAQN8,2024,2025-03-25,MGA6E9VELKK4
2024-06-GSAFAC-0000354785,KV6CGYPGAQN8,2024,2025-03-25,MGRMKUVLKGG5
2024-06-GSAFAC-0000354785,KV6CGYPGAQN8,2024,2025-03-25,MQY8KXT65JD3
2024-06-GSAFAC-0000354785,KV6CGYPGAQN8,2024,2025-03-25,MVS1R3U56M17
2024-06-GSAFAC-0000354785,KV6CGYPGAQN8,2024,2025-03-25,N4EYXLDJ5ZD7
2024-06-GSAFAC-0000354785,KV6CGYPGAQN8,2024,2025-03-25,N6MHGBFGKL13
2024-06-GSAFAC-0000354785,KV6CGYPGAQN8,2024,2025-03-25,N6N7V9M11757
2024-06-GSAFAC-0000354785,KV6CGYPGAQN8,2024,2025-03-25,NAGKMWE5PS34
2024-06-GSAFAC-0000354785,KV6CGYPGAQN8,2024,2025-03-25,NAQDVQJKL199
2024-06-GSAFAC-0000354785,KV6CGYPGAQN8,2024,2025-03-25,NPFLJZH5GAN7
2024-06-GSAFAC-0000354785,KV6CGYPGAQN8,2024,2025-03-25,NRP9LN4J8G56
2024-06-GSAFAC-0000354785,KV6CGYPGAQN8,2024,2025-03-25,P4MJBQ5J3EW5
2024-06-GSAFAC-0000354785,KV6CGYPGAQN8,2024,2025-03-25,PJAYR1JHSJT1
2024-06-GSAFAC-0000354785,KV6CGYPGAQN8,2024,2025-03-25,PMCEXB27BJW8
2024-06-GSAFAC-0000354785,KV6CGYPGAQN8,2024,2025-03-25,QMHWYGPV2FN6
2024-06-GSAFAC-0000354785,KV6CGYPGAQN8,2024,2025-03-25,QTYLNM2KRM13
2024-06-GSAFAC-0000354785,KV6CGYPGAQN8,2024,2025-03-25,QYNYRKBYCBM9
2024-06-GSAFAC-0000354785,KV6CGYPGAQN8,2024,2025-03-25,R31WJLKQ1J34
2024-06-GSAFAC-0000354785,KV6CGYPGAQN8,2024,2025-03-25,R5GDQAB5JNJ3
2024-06-GSAFAC-0000354785,KV6CGYPGAQN8,2024,2025-03-25,RG59B138GA85
2024-06-GSAFAC-0000354785,KV6CGYPGAQN8,2024,2025-03-25,RHWHQST96HC5
2024-06-GSAFAC-0000354785,KV6CGYPGAQN8,2024,2025-03-25,RQ7REY2NYZJ3
2024-06-GSAFAC-0000354785,KV6CGYPGAQN8,2024,2025-03-25,RY6FJCGMCTR7
2024-06-GSAFAC-0000354785,KV6CGYPGAQN8,2024,2025-03-25,S7D9A3W4TDT7
2024-06-GSAFAC-0000354785,KV6CGYPGAQN8,2024,2025-03-25,SMGNXAWNMER3
2024-06-GSAFAC-0000354785,KV6CGYPGAQN8,2024,2025-03-25,SYB9UJV328L9
2024-06-GSAFAC-0000354785,KV6CGYPGAQN8,2024,2025-03-25,TBHGGQ7E34E9
2024-06-GSAFAC-0000354785,KV6CGYPGAQN8,2024,2025-03-25,TMVUXN4QG7L7
2024-06-GSAFAC-0000354785,KV6CGYPGAQN8,2024,2025-03-25,TRMDNABWE872
2024-06-GSAFAC-0000354785,KV6CGYPGAQN8,2024,2025-03-25,U9GQWG2L9ZQ3
2024-06-GSAFAC-0000354785,KV6CGYPGAQN8,2024,2025-03-25,UJ4DL1HJNZ18
2024-06-GSAFAC-0000354785,KV6CGYPGAQN8,2024,2025-03-25,USE2GQLTXJT3
2024-06-GSAFAC-0000354785,KV6CGYPGAQN8,2024,2025-03-25,UZEEHVEH5LJ5
2024-06-GSAFAC-0000354785,KV6CGYPGAQN8,2024,2025-03-25,VDFYLZPJEAV6
2024-06-GSAFAC-0000354785,KV6CGYPGAQN8,2024,2025-03-25,VDLHHGQQM9D6
2024-06-GSAFAC-0000354785,KV6CGYPGAQN8,2024,2025-03-25,VDN3ZMWG7KT1
2024-06-GSAFAC-0000354785,KV6CGYPGAQN8,2024,2025-03-25,WJNTJ7LBL823
2024-06-GSAFAC-0000354785,KV6CGYPGAQN8,2024,2025-03-25,WKTWM5W9GS98
2024-06-GSAFAC-0000354785,KV6CGYPGAQN8,2024,2025-03-25,WNB3K76H5G93
2024-06-GSAFAC-0000354785,KV6CGYPGAQN8,2024,2025-03-25,X8NKEAEC8NR3
2024-06-GSAFAC-0000354785,KV6CGYPGAQN8,2024,2025-03-25,XQYZZHVHG6Y4
2024-06-GSAFAC-0000354785,KV6CGYPGAQN8,2024,2025-03-25,XU15JJ7JKMD6
2024-06-GSAFAC-0000354785,KV6CGYPGAQN8,2024,2025-03-25,Y5RXM5KU2ME5
2024-06-GSAFAC-0000354785,KV6CGYPGAQN8,2024,2025-03-25,YH49DNM6YDZ8
2024-06-GSAFAC-0000354785,KV6CGYPGAQN8,2024,2025-03-25,YUP8JFFJQVG2
2024-06-GSAFAC-0000354785,KV6CGYPGAQN8,2024,2025-03-25,YUSZKV4M44D5
2024-06-GSAFAC-0000354785,KV6CGYPGAQN8,2024,2025-03-25,YZDPQJVG96J3
2024-06-GSAFAC-0000354785,KV6CGYPGAQN8,2024,2025-03-25,ZG4YU6Q67JD4
2024-06-GSAFAC-0000354785,KV6CGYPGAQN8,2024,2025-03-25,ZMEWGRBNJR56
2024-06-GSAFAC-0000361790,QMADBDLNJGY6,2024,2025-03-25,SAJ1MKFQ7969
2024-06-GSAFAC-0000361410,CNKAAGJP7K95,2024,2025-03-26,DS9LLJEWMMC8
2024-06-GSAFAC-0000361869,NJ24BM8CYWZ3,2024,2025-03-26,PZMKHFJ854G2
2024-08-GSAFAC-0000356432,JCJBPTJXYXH9,2024,2025-03-26,C1DEGMMKC7W7
2024-08-GSAFAC-0000356432,JCJBPTJXYXH9,2024,2025-03-26,C1HKXLMX6M65
2024-08-GSAFAC-0000356432,JCJBPTJXYXH9,2024,2025-03-26,C3KXNLTAAY98
2024-08-GSAFAC-0000356432,JCJBPTJXYXH9,2024,2025-03-26,C7E3GM85JC66
2024-08-GSAFAC-0000356432,JCJBPTJXYXH9,2024,2025-03-26,CARNQUWDBRP7
2024-08-GSAFAC-0000356432,JCJBPTJXYXH9,2024,2025-03-26,D42VLJLWK855
2024-08-GSAFAC-0000356432,JCJBPTJXYXH9,2024,2025-03-26,D7Q8JLAJU3M4
2024-08-GSAFAC-0000356432,JCJBPTJXYXH9,2024,2025-03-26,DBEDWRMSZ5A5
2024-08-GSAFAC-0000356432,JCJBPTJXYXH9,2024,2025-03-26,DGE6L9T3CW25
2024-08-GSAFAC-0000356432,JCJBPTJXYXH9,2024,2025-03-26,DJPXLZAE9931
2024-08-GSAFAC-0000356432,JCJBPTJXYXH9,2024,2025-03-26,DLTMRQ54MZ25
2024-08-GSAFAC-0000356432,JCJBPTJXYXH9,2024,2025-03-26,DM2CDWR8LAG3
2024-08-GSAFAC-0000356432,JCJBPTJXYXH9,2024,2025-03-26,E3KAU5L3YTY5
2024-08-GSAFAC-0000356432,JCJBPTJXYXH9,2024,2025-03-26,E4Z2NUYUMHF9
2024-08-GSAFAC-0000356432,JCJBPTJXYXH9,2024,2025-03-26,EGLKRQ5JBCZ7
2024-08-GSAFAC-0000356432,JCJBPTJXYXH9,2024,2025-03-26,EJCVPNN1WFS5
2024-08-GSAFAC-0000356432,JCJBPTJXYXH9,2024,2025-03-26,EVA9NVGH2K85
2024-08-GSAFAC-0000356432,JCJBPTJXYXH9,2024,2025-03-26,FCK4Z3D3CH48
2024-08-GSAFAC-0000356432,JCJBPTJXYXH9,2024,2025-03-26,FCLVDQ128E69
2024-08-GSAFAC-0000356432,JCJBPTJXYXH9,2024,2025-03-26,FL2TDZMNL4T1
2024-08-GSAFAC-0000356432,JCJBPTJXYXH9,2024,2025-03-26,FMLYYM3GNG81
2024-08-GSAFAC-0000356432,JCJBPTJXYXH9,2024,2025-03-26,FPCUDWBE7DX2
2024-08-GSAFAC-0000356432,JCJBPTJXYXH9,2024,2025-03-26,FQM9FGN98L29
2024-08-GSAFAC-0000356432,JCJBPTJXYXH9,2024,2025-03-26,FRCKHD9EKUY9
2024-08-GSAFAC-0000356432,JCJBPTJXYXH9,2024,2025-03-26,FTAAW94S6LC6
2024-08-GSAFAC-0000356432,JCJBPTJXYXH9,2024,2025-03-26,FVQCEMUWLTJ3
2024-08-GSAFAC-0000356432,JCJBPTJXYXH9,2024,2025-03-26,G259P4JNCHG5
2024-08-GSAFAC-0000356432,JCJBPTJXYXH9,2024,2025-03-26,G47WN1XZNWX9
2024-08-GSAFAC-0000356432,JCJBPTJXYXH9,2024,2025-03-26,G5RCUVNLCLR7
2024-08-GSAFAC-0000356432,JCJBPTJXYXH9,2024,2025-03-26,G6JLG3FANUA9
2024-08-GSAFAC-0000356432,JCJBPTJXYXH9,2024,2025-03-26,G73MUVS5DL59
2024-08-GSAFAC-0000356432,JCJBPTJXYXH9,2024,2025-03-26,G8Y3L8JV2588
2024-08-GSAFAC-0000356432,JCJBPTJXYXH9,2024,2025-03-26,GGFBMCXBJLY1
2024-08-GSAFAC-0000356432,JCJBPTJXYXH9,2024,2025-03-26,GHNGAZ1C6LT7
2024-08-GSAFAC-0000356432,JCJBPTJXYXH9,2024,2025-03-26,GMKZCPHGJUX6
2024-08-GSAFAC-0000356432,JCJBPTJXYXH9,2024,2025-03-26,H28VJDA3H4C5
2024-08-GSAFAC-0000356432,JCJBPTJXYXH9,2024,2025-03-26,H2LGMCHVLSA8
2024-08-GSAFAC-0000356432,JCJBPTJXYXH9,2024,2025-03-26,H6CNYQBUK6N3
2024-08-GSAFAC-0000356432,JCJBPTJXYXH9,2024,2025-03-26,HFT7XTHB6563
2024-08-GSAFAC-0000356432,JCJBPTJXYXH9,2024,2025-03-26,HH6VX5XDL284
2024-08-GSAFAC-0000356432,JCJBPTJXYXH9,2024,2025-03-26,HS5HWWK1AAU5
2024-08-GSAFAC-0000356432,JCJBPTJXYXH9,2024,2025-03-26,HYYJJ5ZP7CR9
2024-08-GSAFAC-0000356432,JCJBPTJXYXH9,2024,2025-03-26,J6KWAEL5EHR1
2024-08-GSAFAC-0000356432,JCJBPTJXYXH9,2024,2025-03-26,JE8AKPCR2KA4
2024-08-GSAFAC-0000356432,JCJBPTJXYXH9,2024,2025-03-26,JF6XLNB4CDJ5
2024-08-GSAFAC-0000356432,JCJBPTJXYXH9,2024,2025-03-26,JKHNZG2U4F51
2024-08-GSAFAC-0000356432,JCJBPTJXYXH9,2024,2025-03-26,JS4YHZJ695Z3
2024-08-GSAFAC-0000356432,JCJBPTJXYXH9,2024,2025-03-26,JZFMT39LKH51
2024-08-GSAFAC-0000356432,JCJBPTJXYXH9,2024,2025-03-26,K8D3M5BXYL74
2024-08-GSAFAC-0000356432,JCJBPTJXYXH9,2024,2025-03-26,KB7KMZD3GF51
2024-08-GSAFAC-0000356432,JCJBPTJXYXH9,2024,2025-03-26,KGMNKRVCT8L7
2024-08-GSAFAC-0000356432,JCJBPTJXYXH9,2024,2025-03-26,KKDRB4TXHYH6
2024-08-GSAFAC-0000356432,JCJBPTJXYXH9,2024,2025-03-26,KNHTCUCMELZ5
2024-08-GSAFAC-0000356432,JCJBPTJXYXH9,2024,2025-03-26,KU3DCFJJTVN3
2024-08-GSAFAC-0000356432,JCJBPTJXYXH9,2024,2025-03-26,KXKDXF9XV5T3
2024-08-GSAFAC-0000356432,JCJBPTJXYXH9,2024,2025-03-26,KXNRBQRMKPZ5
2024-08-GSAFAC-0000356432,JCJBPTJXYXH9,2024,2025-03-26,L1KZHL6HXYS5
2024-08-GSAFAC-0000356432,JCJBPTJXYXH9,2024,2025-03-26,L3ATVUT2KNK7
2024-08-GSAFAC-0000356432,JCJBPTJXYXH9,2024,2025-03-26,L49BXYYWSL86
2024-08-GSAFAC-0000356432,JCJBPTJXYXH9,2024,2025-03-26,L4XJEPDB3QJ9
2024-08-GSAFAC-0000356432,JCJBPTJXYXH9,2024,2025-03-26,L667SNCL4135
2024-08-GSAFAC-0000356432,JCJBPTJXYXH9,2024,2025-03-26,L69PP6WFPH67
2024-08-GSAFAC-0000356432,JCJBPTJXYXH9,2024,2025-03-26,L7BDYMJW27P7
2024-08-GSAFAC-0000356432,JCJBPTJXYXH9,2024,2025-03-26,LK8JTEM6PRH7
2024-08-GSAFAC-0000356432,JCJBPTJXYXH9,2024,2025-03-26,LMLUKUPJJ9N3
2024-08-GSAFAC-0000356432,JCJBPTJXYXH9,2024,2025-03-26,LR4GD6ZGM5B6
2024-08-GSAFAC-0000356432,JCJBPTJXYXH9,2024,2025-03-26,LU9UFH3W1HB1
2024-08-GSAFAC-0000356432,JCJBPTJXYXH9,2024,2025-03-26,M3PKNWAELNL8
2024-08-GSAFAC-0000356432,JCJBPTJXYXH9,2024,2025-03-26,MDPTPNJ5MR81
2024-08-GSAFAC-0000356432,JCJBPTJXYXH9,2024,2025-03-26,MEYGUN6CCN16
2024-08-GSAFAC-0000356432,JCJBPTJXYXH9,2024,2025-03-26,MG1PPMPNS9G3
2024-08-GSAFAC-0000356432,JCJBPTJXYXH9,2024,2025-03-26,MGD8NFJM79W1
2024-08-GSAFAC-0000356432,JCJBPTJXYXH9,2024,2025-03-26,MGFWWN5YTHM6
2024-08-GSAFAC-0000356432,JCJBPTJXYXH9,2024,2025-03-26,MKHPDJFRHNJ3
2024-08-GSAFAC-0000356432,JCJBPTJXYXH9,2024,2025-03-26,MNGDPFC1X5E4
2024-08-GSAFAC-0000356432,JCJBPTJXYXH9,2024,2025-03-26,MSPWVMXXMN76
2024-08-GSAFAC-0000356432,JCJBPTJXYXH9,2024,2025-03-26,NFHJD7V9MGN3
2024-08-GSAFAC-0000356432,JCJBPTJXYXH9,2024,2025-03-26,NH8EQJ1TJ7B9
2024-08-GSAFAC-0000356432,JCJBPTJXYXH9,2024,2025-03-26,NHDYLF7NVWL6
2024-08-GSAFAC-0000356432,JCJBPTJXYXH9,2024,2025-03-26,NMJNVZ72JC15
2024-08-GSAFAC-0000356432,JCJBPTJXYXH9,2024,2025-03-26,NT4XL1YGLGC5
2024-08-GSAFAC-0000356432,JCJBPTJXYXH9,2024,2025-03-26,NU7MDG85KWE8
2024-08-GSAFAC-0000356432,JCJBPTJXYXH9,2024,2025-03-26,P1UAVVCB7Y41
2024-08-GSAFAC-0000356432,JCJBPTJXYXH9,2024,2025-03-26,P4NXMC1R9HL3
2024-08-GSAFAC-0000356432,JCJBPTJXYXH9,2024,2025-03-26,PH6HQZLPA687
2024-08-GSAFAC-0000356432,JCJBPTJXYXH9,2024,2025-03-26,PKCCS8K4UCT4
2024-08-GSAFAC-0000356432,JCJBPTJXYXH9,2024,2025-03-26,Q7APNYVYYN69
2024-08-GSAFAC-0000356432,JCJBPTJXYXH9,2024,2025-03-26,Q87NC768LJR7
2024-08-GSAFAC-0000356432,JCJBPTJXYXH9,2024,2025-03-26,QD1MX6N5YTN4
2024-08-GSAFAC-0000356432,JCJBPTJXYXH9,2024,2025-03-26,QGAGLVKBM6C6
2024-08-GSAFAC-0000356432,JCJBPTJXYXH9,2024,2025-03-26,QKWEF8XLMTT3
2024-08-GSAFAC-0000356432,JCJBPTJXYXH9,2024,2025-03-26,QL36W4FUYLZ2
2024-08-GSAFAC-0000356432,JCJBPTJXYXH9,2024,2025-03-26,R9KLKEKPSMJ4
2024-08-GSAFAC-0000356432,JCJBPTJXYXH9,2024,2025-03-26,RATCEAKNBRW7
2024-08-GSAFAC-0000356432,JCJBPTJXYXH9,2024,2025-03-26,RD74AUNCTZJ1
2024-08-GSAFAC-0000356432,JCJBPTJXYXH9,2024,2025-03-26,RSP3X3U4SGU6
2024-08-GSAFAC-0000356432,JCJBPTJXYXH9,2024,2025-03-26,RYLEHC85W7H7
2024-08-GSAFAC-0000356432,JCJBPTJXYXH9,2024,2025-03-26,S3GMKS8ELA16
2024-08-GSAFAC-0000356432,JCJBPTJXYXH9,2024,2025-03-26,SQ6VAWQ7YSZ4
2024-08-GSAFAC-0000356432,JCJBPTJXYXH9,2024,2025-03-26,SZEWBKUMKPL4
2024-08-GSAFAC-0000356432,JCJBPTJXYXH9,2024,2025-03-26,TM2NJF2AEEM7
2024-08-GSAFAC-0000356432,JCJBPTJXYXH9,2024,2025-03-26,TRMGFQWVM1N8
2024-08-GSAFAC-0000356432,JCJBPTJXYXH9,2024,2025-03-26,U1DFBSMWCV95
2024-08-GSAFAC-0000356432,JCJBPTJXYXH9,2024,2025-03-26,U44ZMVYU52U6
2024-08-GSAFAC-0000356432,JCJBPTJXYXH9,2024,2025-03-26,URXSAQ53EQG7
2024-08-GSAFAC-0000356432,JCJBPTJXYXH9,2024,2025-03-26,UV7LJX3S86E1
2024-08-GSAFAC-0000356432,JCJBPTJXYXH9,2024,2025-03-26,UXF9P9AMDBC6
2024-08-GSAFAC-0000356432,JCJBPTJXYXH9,2024,2025-03-26,V6AFQPN18437
2024-08-GSAFAC-0000356432,JCJBPTJXYXH9,2024,2025-03-26,VXJ5AMP428B3
2024-08-GSAFAC-0000356432,JCJBPTJXYXH9,2024,2025-03-26,X5NKD2NFF2V3
2024-08-GSAFAC-0000356432,JCJBPTJXYXH9,2024,2025-03-26,XFFTTV1CH6T6
2024-08-GSAFAC-0000356432,JCJBPTJXYXH9,2024,2025-03-26,XFJUBFS7G7L4
2024-08-GSAFAC-0000356432,JCJBPTJXYXH9,2024,2025-03-26,XHHLMNNVJ2H9
2024-08-GSAFAC-0000356432,JCJBPTJXYXH9,2024,2025-03-26,XKHTJ63YJFG4
2024-08-GSAFAC-0000356432,JCJBPTJXYXH9,2024,2025-03-26,XNQKY3828PL4
2024-08-GSAFAC-0000356432,JCJBPTJXYXH9,2024,2025-03-26,Y3RET2XN41S5
2024-08-GSAFAC-0000356432,JCJBPTJXYXH9,2024,2025-03-26,YR68LKG343L1
2024-08-GSAFAC-0000356432,JCJBPTJXYXH9,2024,2025-03-26,YZJ6DKPM4W63
2024-08-GSAFAC-0000356432,JCJBPTJXYXH9,2024,2025-03-26,Z5NFRAWZ77Z1
2024-08-GSAFAC-0000356432,JCJBPTJXYXH9,2024,2025-03-26,ZFW7KJ6NUML9
2024-08-GSAFAC-0000356432,JCJBPTJXYXH9,2024,2025-03-26,ZGV2NR2CRN87
2024-08-GSAFAC-0000356432,JCJBPTJXYXH9,2024,2025-03-26,ZM3QVJ8ACN11
2024-08-GSAFAC-0000356432,JCJBPTJXYXH9,2024,2025-03-26,ZUFBNVZ587D4
2024-06-GSAFAC-0000357014,J1ZJE28K82P1,2024,2025-03-26,CX25WJ63HVB7
2024-06-GSAFAC-0000357014,J1ZJE28K82P1,2024,2025-03-26,X7Y6RNVA4NR6
2024-06-GSAFAC-0000357014,J1ZJE28K82P1,2024,2025-03-26,SQ3KG6X2J5H5
2024-12-GSAFAC-0000361640,NL3TFGXR51G4,2024,2025-03-26,TBGGW58DKNH3
2024-06-GSAFAC-0000360892,ML4APHRG3K85,2024,2025-03-26,KM8XCMHLGNL3
2024-06-GSAFAC-0000359102,N6NLYNQ42J87,2024,2025-03-26,THL3SNMMT3S9
2024-06-GSAFAC-0000359102,N6NLYNQ42J87,2024,2025-03-26,ZKBEYKXVFHC4
2024-06-GSAFAC-0000359102,N6NLYNQ42J87,2024,2025-03-26,WNDAAUB5HAW1
2024-06-GSAFAC-0000359102,N6NLYNQ42J87,2024,2025-03-26,EL6KNH773XS7
2024-06-GSAFAC-0000359102,N6NLYNQ42J87,2024,2025-03-26,ZL9VH4Z7GAR2
2024-06-GSAFAC-0000359102,N6NLYNQ42J87,2024,2025-03-26,NA6ZTNZ4EYZ2
2024-06-GSAFAC-0000359102,N6NLYNQ42J87,2024,2025-03-26,E3V1PB4UVJK6
2024-06-GSAFAC-0000359102,N6NLYNQ42J87,2024,2025-03-26,JDYZDGQ7FKB5
2024-06-GSAFAC-0000359102,N6NLYNQ42J87,2024,2025-03-26,GLRKHDJA6WH9
2024-06-GSAFAC-0000359102,N6NLYNQ42J87,2024,2025-03-26,J43VD2RJMM21
2024-06-GSAFAC-0000359102,N6NLYNQ42J87,2024,2025-03-26,YLQARK22FMQ1
2024-06-GSAFAC-0000359102,N6NLYNQ42J87,2024,2025-03-26,KFAEUJZ33SU8
2024-06-GSAFAC-0000359102,N6NLYNQ42J87,2024,2025-03-26,X7ULY9PCPRC7
2024-06-GSAFAC-0000359102,N6NLYNQ42J87,2024,2025-03-26,RKX8X4LY3LP2
2024-06-GSAFAC-0000359102,N6NLYNQ42J87,2024,2025-03-26,YMMASZVHBJL7
2024-06-GSAFAC-0000359102,N6NLYNQ42J87,2024,2025-03-26,NYZQQ61KSAN8
2024-06-GSAFAC-0000359102,N6NLYNQ42J87,2024,2025-03-26,X351BGYX9CE5
2024-06-GSAFAC-0000359102,N6NLYNQ42J87,2024,2025-03-26,F1SBHQUZMKZ3
2024-06-GSAFAC-0000359102,N6NLYNQ42J87,2024,2025-03-26,LALMDNWSYKT1
2024-06-GSAFAC-0000359102,N6NLYNQ42J87,2024,2025-03-26,FXRGN76HPMF3
2024-06-GSAFAC-0000359102,N6NLYNQ42J87,2024,2025-03-26,NQQNXBR64DH7
2024-06-GSAFAC-0000359102,N6NLYNQ42J87,2024,2025-03-26,UMNMJGQJUGP6
2024-06-GSAFAC-0000359102,N6NLYNQ42J87,2024,2025-03-26,JBAKXKHHVPD9
2024-06-GSAFAC-0000359102,N6NLYNQ42J87,2024,2025-03-26,K5ZLF422BS36
2024-09-GSAFAC-0000358892,E83JMY8WTUJ8,2024,2025-03-26,EE3KXCM84431
2024-06-GSAFAC-0000360307,LBWAEWNDE438,2024,2025-03-26,KL1DMVY1MZM8
2024-06-GSAFAC-0000360307,LBWAEWNDE438,2024,2025-03-26,GSJBA1MG2PY1
2024-06-GSAFAC-0000360307,LBWAEWNDE438,2024,2025-03-26,E664NUCF7MK6
2024-06-GSAFAC-0000360307,LBWAEWNDE438,2024,2025-03-26,GGDZH7TKGLZ1
2024-06-GSAFAC-0000360307,LBWAEWNDE438,2024,2025-03-26,GC76K7WMZ1F5
2024-06-GSAFAC-0000360307,LBWAEWNDE438,2024,2025-03-26,XHNQYKXFQC98
2024-06-GSAFAC-0000360307,LBWAEWNDE438,2024,2025-03-26,NG95YG8HQS38
2024-06-GSAFAC-0000360307,LBWAEWNDE438,2024,2025-03-26,HVL8FGQMHQE9
2024-06-GSAFAC-0000360307,LBWAEWNDE438,2024,2025-03-26,YF3NSRG7C287
2024-06-GSAFAC-0000360307,LBWAEWNDE438,2024,2025-03-26,JWH7QCRUDK15
2024-06-GSAFAC-0000360307,LBWAEWNDE438,2024,2025-03-26,P2Q1MUKLJYY8
2024-06-GSAFAC-0000360307,LBWAEWNDE438,2024,2025-03-26,LW18NACV3HY7
2024-06-GSAFAC-0000357769,FTMTDMBR29C7,2024,2025-03-26,C1HBCJ9RMBV3
2024-06-GSAFAC-0000356330,LJACYN6HKY48,2024,2025-03-26,FF1XVJMDYVR1
2024-06-GSAFAC-0000356330,LJACYN6HKY48,2024,2025-03-26,K9C5SPEVU3R3
2024-06-GSAFAC-0000349305,THL6A6JLE1S7,2024,2025-03-26,FBYMGMHW4X95
2024-06-GSAFAC-0000362435,HLA9MHJ7A178,2024,2025-03-26,Z4PNKUG2EDJ8
2024-06-GSAFAC-0000362435,HLA9MHJ7A178,2024,2025-03-26,ZXW4K77B8216
2024-06-GSAFAC-0000360140,D3A1DKUM8X91,2024,2025-03-26,WEDBSKEPJJW5
2024-06-GSAFAC-0000360140,D3A1DKUM8X91,2024,2025-03-26,HGE1RMBX5ZB9
2024-06-GSAFAC-0000360140,D3A1DKUM8X91,2024,2025-03-26,TF5WZ837N7A6
2024-06-GSAFAC-0000362506,MN21X5JF9PK1,2024,2025-03-26,S7PTVM5875M7
2024-06-GSAFAC-0000361930,KJNSFMC9KVD5,2024,2025-03-26,EVTYGJL5BY44
2024-06-GSAFAC-0000361930,KJNSFMC9KVD5,2024,2025-03-26,UEBEEPV69B58
2024-06-GSAFAC-0000361930,KJNSFMC9KVD5,2024,2025-03-26,MVQHLLNSKAN5
2024-06-GSAFAC-0000361930,KJNSFMC9KVD5,2024,2025-03-26,JU14EZ5PK3E3
2024-09-GSAFAC-0000359638,ET6PFZ2GC1M7,2024,2025-03-26,CPP5NDE74UH3
2024-09-GSAFAC-0000359638,ET6PFZ2GC1M7,2024,2025-03-26,JT4YHFN67YL1
2024-06-GSAFAC-0000357213,LR3CBBHMAXM5,2024,2025-03-27,C1EEUPVD33S7
2024-06-GSAFAC-0000357213,LR3CBBHMAXM5,2024,2025-03-27,C1QJG7YJV7D6
2024-06-GSAFAC-0000357213,LR3CBBHMAXM5,2024,2025-03-27,CJWJY9SXJ7W8
2024-06-GSAFAC-0000357213,LR3CBBHMAXM5,2024,2025-03-27,D7QJX4DMZN53
2024-06-GSAFAC-0000357213,LR3CBBHMAXM5,2024,2025-03-27,DSALKBHYTEH1
2024-06-GSAFAC-0000357213,LR3CBBHMAXM5,2024,2025-03-27,E56TEAM7EST8
2024-06-GSAFAC-0000357213,LR3CBBHMAXM5,2024,2025-03-27,EASRVKT9NJ78
2024-06-GSAFAC-0000357213,LR3CBBHMAXM5,2024,2025-03-27,EJVGNTNS8JT7
2024-06-GSAFAC-0000357213,LR3CBBHMAXM5,2024,2025-03-27,ENCFSMNC3PT1
2024-06-GSAFAC-0000357213,LR3CBBHMAXM5,2024,2025-03-27,ENPGQPJ3LFF5
2024-06-GSAFAC-0000357213,LR3CBBHMAXM5,2024,2025-03-27,FPENFM7VKMV3
2024-06-GSAFAC-0000357213,LR3CBBHMAXM5,2024,2025-03-27,FSUPH3Z277W1
2024-06-GSAFAC-0000357213,LR3CBBHMAXM5,2024,2025-03-27,FTK3EAXJL1N8
2024-06-GSAFAC-0000357213,LR3CBBHMAXM5,2024,2025-03-27,G8Z4ZEL35NT5
2024-06-GSAFAC-0000357213,LR3CBBHMAXM5,2024,2025-03-27,G95LD67WQ8N5
2024-06-GSAFAC-0000357213,LR3CBBHMAXM5,2024,2025-03-27,GARAS8EJ6Q73
2024-06-GSAFAC-0000357213,LR3CBBHMAXM5,2024,2025-03-27,GGJZXNCMP1F8
2024-06-GSAFAC-0000357213,LR3CBBHMAXM5,2024,2025-03-27,GKB5R3B9JGE4
2024-06-GSAFAC-0000357213,LR3CBBHMAXM5,2024,2025-03-27,GXG3RBBQ1ZE4
2024-06-GSAFAC-0000357213,LR3CBBHMAXM5,2024,2025-03-27,H1TLKBP3R195
2024-06-GSAFAC-0000357213,LR3CBBHMAXM5,2024,2025-03-27,H4NJKAVXNED7
2024-06-GSAFAC-0000357213,LR3CBBHMAXM5,2024,2025-03-27,H9RCTSVWW211
2024-06-GSAFAC-0000357213,LR3CBBHMAXM5,2024,2025-03-27,HAMMJVYDY9D9
2024-06-GSAFAC-0000357213,LR3CBBHMAXM5,2024,2025-03-27,HCEQLJ1A5CN3
2024-06-GSAFAC-0000357213,LR3CBBHMAXM5,2024,2025-03-27,HEDNKSJ2HJ17
2024-06-GSAFAC-0000357213,LR3CBBHMAXM5,2024,2025-03-27,HJ3JDZ916NF5
2024-06-GSAFAC-0000357213,LR3CBBHMAXM5,2024,2025-03-27,J1QQFNP52814
2024-06-GSAFAC-0000357213,LR3CBBHMAXM5,2024,2025-03-27,J5LFGLZR6AJ4
2024-06-GSAFAC-0000357213,LR3CBBHMAXM5,2024,2025-03-27,J73TRBXFJKK5
2024-06-GSAFAC-0000357213,LR3CBBHMAXM5,2024,2025-03-27,JA7LKBABMNK4
2024-06-GSAFAC-0000357213,LR3CBBHMAXM5,2024,2025-03-27,JCSAB35B7GN4
2024-06-GSAFAC-0000357213,LR3CBBHMAXM5,2024,2025-03-27,JDGVTC7KJKX9
2024-06-GSAFAC-0000357213,LR3CBBHMAXM5,2024,2025-03-27,JF2BLNN4PJC3
2024-06-GSAFAC-0000357213,LR3CBBHMAXM5,2024,2025-03-27,JG6AZK88SHK3
2024-06-GSAFAC-0000357213,LR3CBBHMAXM5,2024,2025-03-27,JQ85JTZ3XBG5
2024-06-GSAFAC-0000357213,LR3CBBHMAXM5,2024,2025-03-27,JXYPMNKHCM58
2024-06-GSAFAC-0000357213,LR3CBBHMAXM5,2024,2025-03-27,K2JHXRNUEM44
2024-06-GSAFAC-0000357213,LR3CBBHMAXM5,2024,2025-03-27,K5D1NNQKJNX5
2024-06-GSAFAC-0000357213,LR3CBBHMAXM5,2024,2025-03-27,KK7NK7GN2GE7
2024-06-GSAFAC-0000357213,LR3CBBHMAXM5,2024,2025-03-27,KSYKJMNG9NE6
2024-06-GSAFAC-0000357213,LR3CBBHMAXM5,2024,2025-03-27,L1LEHK8RF8L8
2024-06-GSAFAC-0000357213,LR3CBBHMAXM5,2024,2025-03-27,L924BA1SEN75
2024-06-GSAFAC-0000357213,LR3CBBHMAXM5,2024,2025-03-27,LMLXQL8JSDJ6
2024-06-GSAFAC-0000357213,LR3CBBHMAXM5,2024,2025-03-27,LQ83DT8VUC23
2024-06-GSAFAC-0000357213,LR3CBBHMAXM5,2024,2025-03-27,LVVLGRGL97N3
2024-06-GSAFAC-0000357213,LR3CBBHMAXM5,2024,2025-03-27,M4ADM2P87AH9
2024-06-GSAFAC-0000357213,LR3CBBHMAXM5,2024,2025-03-27,MDCHHW2MSNN4
2024-06-GSAFAC-0000357213,LR3CBBHMAXM5,2024,2025-03-27,MHM6MGJFANE7
2024-06-GSAFAC-0000357213,LR3CBBHMAXM5,2024,2025-03-27,MKVTBLHMGLE5
2024-06-GSAFAC-0000357213,LR3CBBHMAXM5,2024,2025-03-27,MMNSTLD3HF48
2024-06-GSAFAC-0000357213,LR3CBBHMAXM5,2024,2025-03-27,MRGAXGQBJDG8
2024-06-GSAFAC-0000357213,LR3CBBHMAXM5,2024,2025-03-27,MWB3SUM8RM87
2024-06-GSAFAC-0000357213,LR3CBBHMAXM5,2024,2025-03-27,N6KVCUU7LC61
2024-06-GSAFAC-0000357213,LR3CBBHMAXM5,2024,2025-03-27,N744P9T9WDJ4
2024-06-GSAFAC-0000357213,LR3CBBHMAXM5,2024,2025-03-27,NCFANT5LML79
2024-06-GSAFAC-0000357213,LR3CBBHMAXM5,2024,2025-03-27,NCHWQFRJNHD8
2024-06-GSAFAC-0000357213,LR3CBBHMAXM5,2024,2025-03-27,NKAZLXLL7Z91
2024-06-GSAFAC-0000357213,LR3CBBHMAXM5,2024,2025-03-27,NNFQH1JAPEP3
2024-06-GSAFAC-0000357213,LR3CBBHMAXM5,2024,2025-03-27,NY6GJ9NYNPL4
2024-06-GSAFAC-0000357213,LR3CBBHMAXM5,2024,2025-03-27,P3XNEJGCBJL4
2024-06-GSAFAC-0000357213,LR3CBBHMAXM5,2024,2025-03-27,PC73MTNXUEQ9
2024-06-GSAFAC-0000357213,LR3CBBHMAXM5,2024,2025-03-27,PES5P928DUM9
2024-06-GSAFAC-0000357213,LR3CBBHMAXM5,2024,2025-03-27,PT1CHJRNTAE5
2024-06-GSAFAC-0000357213,LR3CBBHMAXM5,2024,2025-03-27,Q266L2NDAVP1
2024-06-GSAFAC-0000357213,LR3CBBHMAXM5,2024,2025-03-27,Q3KCVK5S9CP1
2024-06-GSAFAC-0000357213,LR3CBBHMAXM5,2024,2025-03-27,Q62ZHAWDM3B5
2024-06-GSAFAC-0000357213,LR3CBBHMAXM5,2024,2025-03-27,QCCVRZ337NR7
2024-06-GSAFAC-0000357213,LR3CBBHMAXM5,2024,2025-03-27,QL99NE17B7Y7
2024-06-GSAFAC-0000357213,LR3CBBHMAXM5,2024,2025-03-27,QWEVJJ54B4T3
2024-06-GSAFAC-0000357213,LR3CBBHMAXM5,2024,2025-03-27,R1V7NKH3SDU8
2024-06-GSAFAC-0000357213,LR3CBBHMAXM5,2024,2025-03-27,R9HCGYUHLZ25
2024-06-GSAFAC-0000357213,LR3CBBHMAXM5,2024,2025-03-27,RD7MXJV7DKT9
2024-06-GSAFAC-0000357213,LR3CBBHMAXM5,2024,2025-03-27,RFKGNHR7ZH37
2024-06-GSAFAC-0000357213,LR3CBBHMAXM5,2024,2025-03-27,RL3WM66VHRM5
2024-06-GSAFAC-0000357213,LR3CBBHMAXM5,2024,2025-03-27,SJ72FRUKYQH4
2024-06-GSAFAC-0000357213,LR3CBBHMAXM5,2024,2025-03-27,SLC8K4SACKJ2
2024-06-GSAFAC-0000357213,LR3CBBHMAXM5,2024,2025-03-27,SPFMKCH4YCE9
2024-06-GSAFAC-0000357213,LR3CBBHMAXM5,2024,2025-03-27,SWWXVRDPS761
2024-06-GSAFAC-0000357213,LR3CBBHMAXM5,2024,2025-03-27,SYHLCKP7K2J3
2024-06-GSAFAC-0000357213,LR3CBBHMAXM5,2024,2025-03-27,TDDLLDY6AWT4
2024-06-GSAFAC-0000357213,LR3CBBHMAXM5,2024,2025-03-27,UFDVF2EBCEK7
2024-06-GSAFAC-0000357213,LR3CBBHMAXM5,2024,2025-03-27,UFMRZARNHGF3
2024-06-GSAFAC-0000357213,LR3CBBHMAXM5,2024,2025-03-27,ULZMDBF4YKY7
2024-06-GSAFAC-0000357213,LR3CBBHMAXM5,2024,2025-03-27,V1TLN6WL4E97
2024-06-GSAFAC-0000357213,LR3CBBHMAXM5,2024,2025-03-27,V7PELH71XYR2
2024-06-GSAFAC-0000357213,LR3CBBHMAXM5,2024,2025-03-27,VA88TEBCB8N8
2024-06-GSAFAC-0000357213,LR3CBBHMAXM5,2024,2025-03-27,VGGMMZJKUXK8
2024-06-GSAFAC-0000357213,LR3CBBHMAXM5,2024,2025-03-27,VJELM1Z6V548
2024-06-GSAFAC-0000357213,LR3CBBHMAXM5,2024,2025-03-27,W632ED3NN185
2024-06-GSAFAC-0000357213,LR3CBBHMAXM5,2024,2025-03-27,W8LKB16HV1K5
2024-06-GSAFAC-0000357213,LR3CBBHMAXM5,2024,2025-03-27,WELMNMBMYYZ8
2024-06-GSAFAC-0000357213,LR3CBBHMAXM5,2024,2025-03-27,WHE6X1RKMFH7
2024-06-GSAFAC-0000357213,LR3CBBHMAXM5,2024,2025-03-27,WHXVFCB1F1E3
2024-06-GSAFAC-0000357213,LR3CBBHMAXM5,2024,2025-03-27,WVR6ECT1G9F8
2024-06-GSAFAC-0000357213,LR3CBBHMAXM5,2024,2025-03-27,X6S5CJCRNGL7
2024-06-GSAFAC-0000357213,LR3CBBHMAXM5,2024,2025-03-27,XMZDU71JMZ77
2024-06-GSAFAC-0000357213,LR3CBBHMAXM5,2024,2025-03-27,XSMHV7KJFXW7
2024-06-GSAFAC-0000357213,LR3CBBHMAXM5,2024,2025-03-27,XUYMD8YDE316
2024-06-GSAFAC-0000357213,LR3CBBHMAXM5,2024,2025-03-27,YD5BBG15KAJ5
2024-06-GSAFAC-0000357213,LR3CBBHMAXM5,2024,2025-03-27,YY12WQEHUAX9
2024-06-GSAFAC-0000357213,LR3CBBHMAXM5,2024,2025-03-27,Z98PWXSEXUS9
2024-06-GSAFAC-0000357213,LR3CBBHMAXM5,2024,2025-03-27,ZULMG6SKWC21
2024-06-GSAFAC-0000357213,LR3CBBHMAXM5,2024,2025-03-27,NNFQH1JAPEP3
2024-06-GSAFAC-0000357213,LR3CBBHMAXM5,2024,2025-03-27,YBH2U6432929
2024-06-GSAFAC-0000357213,LR3CBBHMAXM5,2024,2025-03-27,ME6HKXHMT3K7
2024-06-GSAFAC-0000357213,LR3CBBHMAXM5,2024,2025-03-27,L7LFTP29TTC9
2024-06-GSAFAC-0000357213,LR3CBBHMAXM5,2024,2025-03-27,CX4BZ4ZQA433
2024-06-GSAFAC-0000361274,Z2QKFRGLGNL3,2024,2025-03-27,UBMNENVNWJM3
2024-06-GSAFAC-0000361274,Z2QKFRGLGNL3,2024,2025-03-27,UDDNE26Q4JH1
2024-06-GSAFAC-0000361274,Z2QKFRGLGNL3,2024,2025-03-27,D4S2U6DDCVK1
2024-06-GSAFAC-0000361274,Z2QKFRGLGNL3,2024,2025-03-27,DV3PJ2NRLKC5
2024-06-GSAFAC-0000361274,Z2QKFRGLGNL3,2024,2025-03-27,GBNGC495XA67
2024-11-GSAFAC-0000362245,KPJ9JJGR3K26,2024,2025-03-27,LJS1SEULUXG9
2024-11-GSAFAC-0000362245,KPJ9JJGR3K26,2024,2025-03-27,F16YESNM3H25
2024-06-GSAFAC-0000360024,EPXGANRPMNX4,2024,2025-03-27,WCUGNQQ8DZU1
2020-12-GSAFAC-0000359210,ML88S3LCLFE3,2020,2025-03-27,PMLRWD6RUMY8
2024-06-GSAFAC-0000359848,YMKAFXV2ZQ31,2024,2025-03-27,M7XQQEG6JEF3
2024-06-GSAFAC-0000361286,LQP5GH5CQKJ7,2024,2025-03-27,GK7KWESA8AP2
2024-06-GSAFAC-0000362837,C4ZRCBCMK449,2024,2025-03-27,LFV1YY6NAJ55
2024-06-GSAFAC-0000359621,GTJHZE4M7YK1,2024,2025-03-27,S2FZYPC4M8Q6
2024-06-GSAFAC-0000359621,GTJHZE4M7YK1,2024,2025-03-27,EHJMHZJHDCY1
2024-06-GSAFAC-0000359621,GTJHZE4M7YK1,2024,2025-03-27,TEX6F9QGTD17
2024-06-GSAFAC-0000359621,GTJHZE4M7YK1,2024,2025-03-27,EU46TYWAYME5
2024-06-GSAFAC-0000359621,GTJHZE4M7YK1,2024,2025-03-27,KN6QVKDT9PK9
2024-06-GSAFAC-0000359621,GTJHZE4M7YK1,2024,2025-03-27,SFDFYNV3EFD3
2024-06-GSAFAC-0000362070,N3MLDJDPQAA3,2024,2025-03-27,GYGQQNNMW8N9
2024-06-GSAFAC-0000362070,N3MLDJDPQAA3,2024,2025-03-27,GCGYM9DSYHE6
2024-06-GSAFAC-0000362070,N3MLDJDPQAA3,2024,2025-03-27,QJFYL3HDDEG7
2024-06-GSAFAC-0000362070,N3MLDJDPQAA3,2024,2025-03-27,LNGXAKMH8J26
2024-06-GSAFAC-0000362070,N3MLDJDPQAA3,2024,2025-03-27,K8VMR2XLNGY1
2024-06-GSAFAC-0000362070,N3MLDJDPQAA3,2024,2025-03-27,Q3VKM3RPLJJ3
2024-06-GSAFAC-0000362070,N3MLDJDPQAA3,2024,2025-03-27,XMVWNDM58WG7
2024-06-GSAFAC-0000362070,N3MLDJDPQAA3,2024,2025-03-27,HEKKHJAQMM98
2024-06-GSAFAC-0000362070,N3MLDJDPQAA3,2024,2025-03-27,N9CAKFVHXKW3
2024-06-GSAFAC-0000362070,N3MLDJDPQAA3,2024,2025-03-27,D4EPATPMSHM1
2024-06-GSAFAC-0000362070,N3MLDJDPQAA3,2024,2025-03-27,NWWVYBDGW2Y7
2024-06-GSAFAC-0000362070,N3MLDJDPQAA3,2024,2025-03-27,DFBRR69HJVE3
2024-06-GSAFAC-0000362070,N3MLDJDPQAA3,2024,2025-03-27,FDL6G1DRUB38
2024-06-GSAFAC-0000362070,N3MLDJDPQAA3,2024,2025-03-27,WMGFT1NVC9J3
2024-06-GSAFAC-0000355693,DXEZB37UP7Q9,2024,2025-03-27,D9SNFDRCW3W7
2024-06-GSAFAC-0000355693,DXEZB37UP7Q9,2024,2025-03-27,EG83QVHWQYZ3
2024-06-GSAFAC-0000355693,DXEZB37UP7Q9,2024,2025-03-27,LJ87B25FZ1B1
2024-06-GSAFAC-0000355693,DXEZB37UP7Q9,2024,2025-03-27,C1UPD99BCWH5
2024-06-GSAFAC-0000355693,DXEZB37UP7Q9,2024,2025-03-27,C9WRPSE9E7Y8
2024-06-GSAFAC-0000355693,DXEZB37UP7Q9,2024,2025-03-27,DGVTSHEFCBM5
2024-06-GSAFAC-0000355693,DXEZB37UP7Q9,2024,2025-03-27,DJD3ZBJ1HNL7
2024-06-GSAFAC-0000355693,DXEZB37UP7Q9,2024,2025-03-27,DWN5MBGAT2F8
2024-06-GSAFAC-0000355693,DXEZB37UP7Q9,2024,2025-03-27,EED8DPB3U7M8
2024-06-GSAFAC-0000355693,DXEZB37UP7Q9,2024,2025-03-27,FPJLRDTN13X3
2024-06-GSAFAC-0000355693,DXEZB37UP7Q9,2024,2025-03-27,G9T1PJBELKT1
2024-06-GSAFAC-0000355693,DXEZB37UP7Q9,2024,2025-03-27,GLJFD1STNE67
2024-06-GSAFAC-0000355693,DXEZB37UP7Q9,2024,2025-03-27,GWMKT7JGFW91
2024-06-GSAFAC-0000355693,DXEZB37UP7Q9,2024,2025-03-27,H6D6JMXJXDE6
2024-06-GSAFAC-0000355693,DXEZB37UP7Q9,2024,2025-03-27,HEF4CH4YQ548
2024-06-GSAFAC-0000355693,DXEZB37UP7Q9,2024,2025-03-27,HHGMHDPKEY13
2024-06-GSAFAC-0000355693,DXEZB37UP7Q9,2024,2025-03-27,HJL7S6MUNL85
2024-06-GSAFAC-0000355693,DXEZB37UP7Q9,2024,2025-03-27,J9ZXN6UQ2K15
2024-06-GSAFAC-0000355693,DXEZB37UP7Q9,2024,2025-03-27,JGBJNDVGKK44
2024-06-GSAFAC-0000355693,DXEZB37UP7Q9,2024,2025-03-27,JNYQV17MGDW9
2024-06-GSAFAC-0000355693,DXEZB37UP7Q9,2024,2025-03-27,K7K4FGG8RF4S
2024-06-GSAFAC-0000355693,DXEZB37UP7Q9,2024,2025-03-27,KAFMH9XHH8P3
2024-06-GSAFAC-0000355693,DXEZB37UP7Q9,2024,2025-03-27,KEB2K7QLKAN7
2024-06-GSAFAC-0000355693,DXEZB37UP7Q9,2024,2025-03-27,KG2CH68F4NN7
2024-06-GSAFAC-0000355693,DXEZB37UP7Q9,2024,2025-03-27,KSM5N7FJ3QE3
2024-06-GSAFAC-0000355693,DXEZB37UP7Q9,2024,2025-03-27,L6D8BDC5AWY9
2024-06-GSAFAC-0000355693,DXEZB37UP7Q9,2024,2025-03-27,LN4KPLU7DRKS
2024-06-GSAFAC-0000355693,DXEZB37UP7Q9,2024,2025-03-27,M2M2M9FVADT5
2024-06-GSAFAC-0000355693,DXEZB37UP7Q9,2024,2025-03-27,N48NWM27W7R3
2024-06-GSAFAC-0000355693,DXEZB37UP7Q9,2024,2025-03-27,N88AJLHZ39R3
2024-06-GSAFAC-0000355693,DXEZB37UP7Q9,2024,2025-03-27,NT2EGNTCPLJ3
2024-06-GSAFAC-0000355693,DXEZB37UP7Q9,2024,2025-03-27,NZMLYKS24FW3
2024-06-GSAFAC-0000355693,DXEZB37UP7Q9,2024,2025-03-27,QHFBMDKNENK7
2024-06-GSAFAC-0000355693,DXEZB37UP7Q9,2024,2025-03-27,R2J2V5BZNGY2
2024-06-GSAFAC-0000355693,DXEZB37UP7Q9,2024,2025-03-27,RFZKKT5RU3F8
2024-06-GSAFAC-0000355693,DXEZB37UP7Q9,2024,2025-03-27,VGAKVJNLKDR9
2024-06-GSAFAC-0000355693,DXEZB37UP7Q9,2024,2025-03-27,VU2RJUB3MB65
2024-06-GSAFAC-0000355693,DXEZB37UP7Q9,2024,2025-03-27,VWQNND6KLQQ5
2024-06-GSAFAC-0000355693,DXEZB37UP7Q9,2024,2025-03-27,VZA5GCYZBJA7
2024-06-GSAFAC-0000355693,DXEZB37UP7Q9,2024,2025-03-27,WNTPS995QBM7
2024-06-GSAFAC-0000355693,DXEZB37UP7Q9,2024,2025-03-27,WWLVE4N1TN25
2024-06-GSAFAC-0000355693,DXEZB37UP7Q9,2024,2025-03-27,WYGTAL14GSS7
2024-06-GSAFAC-0000355693,DXEZB37UP7Q9,2024,2025-03-27,Y5EFJ1GGL548
2024-06-GSAFAC-0000355693,DXEZB37UP7Q9,2024,2025-03-27,YDBAZKLDWMN4
2024-06-GSAFAC-0000355693,DXEZB37UP7Q9,2024,2025-03-27,YMPLPE6VQH93
2024-06-GSAFAC-0000355693,DXEZB37UP7Q9,2024,2025-03-27,Z2F4R9ZJG2A4
2024-06-GSAFAC-0000355693,DXEZB37UP7Q9,2024,2025-03-27,Z1G3QYKTM1T9
2024-06-GSAFAC-0000355693,DXEZB37UP7Q9,2024,2025-03-27,ZJSAV61ENCF8
2024-06-GSAFAC-0000355693,DXEZB37UP7Q9,2024,2025-03-27,ZQ8MXL2GJ4C4
2024-06-GSAFAC-0000357112,CE6YV63935S9,2024,2025-03-27,QSZ8LGHT31L9
2024-06-GSAFAC-0000357112,CE6YV63935S9,2024,2025-03-27,LA7RCQ91FDB8
2024-06-GSAFAC-0000357112,CE6YV63935S9,2024,2025-03-27,ZCCNW9NP3RK3
2024-06-GSAFAC-0000357112,CE6YV63935S9,2024,2025-03-27,WTV5ZQ8F6YT1
2024-06-GSAFAC-0000357388,PHM7QMAK51R4,2024,2025-03-27,DMD1RKCJSKR8
2024-06-GSAFAC-0000357388,PHM7QMAK51R4,2024,2025-03-27,XP8RW1SAHMD5
2024-06-GSAFAC-0000357388,PHM7QMAK51R4,2024,2025-03-27,L3NCUA5H7WU8
2024-06-GSAFAC-0000357388,PHM7QMAK51R4,2024,2025-03-27,CF4SAA9P3368
2024-06-GSAFAC-0000357388,PHM7QMAK51R4,2024,2025-03-27,P7FNSKBT1599
2024-06-GSAFAC-0000357388,PHM7QMAK51R4,2024,2025-03-27,VDMKWZ9AAQR3
2024-06-GSAFAC-0000357388,PHM7QMAK51R4,2024,2025-03-27,CJ49BYLV99U7
2024-06-GSAFAC-0000357388,PHM7QMAK51R4,2024,2025-03-27,NQLFGJ8JG6N1
2024-06-GSAFAC-0000357388,PHM7QMAK51R4,2024,2025-03-27,K8MWUV7D8HZ4
2024-06-GSAFAC-0000357388,PHM7QMAK51R4,2024,2025-03-27,QRL2Y7D3H9Q6
2024-06-GSAFAC-0000357388,PHM7QMAK51R4,2024,2025-03-27,K1PKP3JWWQJ4
2024-06-GSAFAC-0000357388,PHM7QMAK51R4,2024,2025-03-27,HSJPJD8GUQM4
2024-06-GSAFAC-0000357388,PHM7QMAK51R4,2024,2025-03-27,CJMSFF6JS3N1
2024-06-GSAFAC-0000357388,PHM7QMAK51R4,2024,2025-03-27,GL11CMUK9937
2024-06-GSAFAC-0000357388,PHM7QMAK51R4,2024,2025-03-27,DZN3UNCQN5G5
2024-06-GSAFAC-0000357388,PHM7QMAK51R4,2024,2025-03-27,EDKMNJRQZAK5
2024-06-GSAFAC-0000357388,PHM7QMAK51R4,2024,2025-03-27,H1K9YBWEPE75
2024-06-GSAFAC-0000357388,PHM7QMAK51R4,2024,2025-03-27,CLN8VY9APLQ5
2024-06-GSAFAC-0000357388,PHM7QMAK51R4,2024,2025-03-27,ERAMRH53K2Y7
2024-06-GSAFAC-0000357388,PHM7QMAK51R4,2024,2025-03-27,GLPQDNFRKQ36
2024-06-GSAFAC-0000357388,PHM7QMAK51R4,2024,2025-03-27,NA6TRM6NVA11
2024-06-GSAFAC-0000357388,PHM7QMAK51R4,2024,2025-03-27,FTUMN5FWKMK4
2024-06-GSAFAC-0000357388,PHM7QMAK51R4,2024,2025-03-27,VH65Q2NSMHE6
2024-06-GSAFAC-0000357388,PHM7QMAK51R4,2024,2025-03-27,J31HQ7F4MBG5
2024-06-GSAFAC-0000357388,PHM7QMAK51R4,2024,2025-03-27,GKMBP4RMTNM5
2024-06-GSAFAC-0000357388,PHM7QMAK51R4,2024,2025-03-27,V366Q427MDQ6
2024-06-GSAFAC-0000357388,PHM7QMAK51R4,2024,2025-03-27,X13GNMU4JZC5
2024-06-GSAFAC-0000357388,PHM7QMAK51R4,2024,2025-03-27,HZJEJR2ENJK4
2024-06-GSAFAC-0000357388,PHM7QMAK51R4,2024,2025-03-27,FD1FKDY4GY25
2024-06-GSAFAC-0000357388,PHM7QMAK51R4,2024,2025-03-27,QS2BHSJ88G46
2024-06-GSAFAC-0000357388,PHM7QMAK51R4,2024,2025-03-27,KMU9DKLAKA33
2024-06-GSAFAC-0000357388,PHM7QMAK51R4,2024,2025-03-27,RB26D41EWY11
2024-06-GSAFAC-0000357388,PHM7QMAK51R4,2024,2025-03-27,RKBVM1DEMS69
2024-06-GSAFAC-0000357388,PHM7QMAK51R4,2024,2025-03-27,KUWTL6WJDNB3
2024-06-GSAFAC-0000357388,PHM7QMAK51R4,2024,2025-03-27,RYD4EJJGKCA9
2024-06-GSAFAC-0000357388,PHM7QMAK51R4,2024,2025-03-27,HFRCKLH34V17
2024-06-GSAFAC-0000357388,PHM7QMAK51R4,2024,2025-03-27,JYNBX28LBMJ9
2024-06-GSAFAC-0000357388,PHM7QMAK51R4,2024,2025-03-27,LDDJZ64XZEF3
2024-06-GSAFAC-0000357388,PHM7QMAK51R4,2024,2025-03-27,XBTERLJBEBL8
2024-06-GSAFAC-0000357388,PHM7QMAK51R4,2024,2025-03-27,RFJLRGVVWKE5
2024-06-GSAFAC-0000357388,PHM7QMAK51R4,2024,2025-03-27,WJ2HU7VYJ2P9
2024-06-GSAFAC-0000357388,PHM7QMAK51R4,2024,2025-03-27,KLLEAZFXVF11
2024-06-GSAFAC-0000357388,PHM7QMAK51R4,2024,2025-03-27,MB9NNTEEAES1
2024-06-GSAFAC-0000357388,PHM7QMAK51R4,2024,2025-03-27,EKMMXUZJAFU3
2024-06-GSAFAC-0000359947,KDRLUT71AFM5,2024,2025-03-27,JPFNHBN9P6F1
2024-06-GSAFAC-0000361794,Y9FJCNA4GPK9,2024,2025-03-27,HCP1YND4MXG6
2024-06-GSAFAC-0000362954,KBJAXWVMDZQ6,2024,2025-03-27,URXGHD8BNKE6
2024-06-GSAFAC-0000362954,KBJAXWVMDZQ6,2024,2025-03-27,TNGVHK5AHM51
2024-06-GSAFAC-0000362954,KBJAXWVMDZQ6,2024,2025-03-27,EUMBAJXCY2M1
2024-06-GSAFAC-0000362954,KBJAXWVMDZQ6,2024,2025-03-27,F8JKDGGKL1L6
2024-06-GSAFAC-0000362954,KBJAXWVMDZQ6,2024,2025-03-27,SPY2MC6GCUR9
2024-06-GSAFAC-0000362954,KBJAXWVMDZQ6,2024,2025-03-27,M4U9RN2CZGG3
2024-06-GSAFAC-0000362954,KBJAXWVMDZQ6,2024,2025-03-27,X8BZD8DQ3TK9
2024-06-GSAFAC-0000362954,KBJAXWVMDZQ6,2024,2025-03-27,UM65ZNH4CXH5
2024-06-GSAFAC-0000362954,KBJAXWVMDZQ6,2024,2025-03-27,DXX7DLADAGH4
2024-06-GSAFAC-0000362954,KBJAXWVMDZQ6,2024,2025-03-27,MSLCZRKAALH1
2024-06-GSAFAC-0000362954,KBJAXWVMDZQ6,2024,2025-03-27,PE5YAVXSBZL7
2024-06-GSAFAC-0000362954,KBJAXWVMDZQ6,2024,2025-03-27,M9N7P1MTKD23
2024-06-GSAFAC-0000362954,KBJAXWVMDZQ6,2024,2025-03-27,TYNGLMVMDVM3
2024-06-GSAFAC-0000362954,KBJAXWVMDZQ6,2024,2025-03-27,MLYKVSPJP5J3
2024-06-GSAFAC-0000362954,KBJAXWVMDZQ6,2024,2025-03-27,KNNTXJPJA239
2024-06-GSAFAC-0000362954,KBJAXWVMDZQ6,2024,2025-03-27,KJB9PZ3Y1NV4
2024-06-GSAFAC-0000362954,KBJAXWVMDZQ6,2024,2025-03-27,MAZENG7NSX98
2024-06-GSAFAC-0000362954,KBJAXWVMDZQ6,2024,2025-03-27,QM3VYAB1MES6
2024-06-GSAFAC-0000362954,KBJAXWVMDZQ6,2024,2025-03-27,JC92Y4FYH524
2024-06-GSAFAC-0000362954,KBJAXWVMDZQ6,2024,2025-03-27,S5CLRK6NJDF7
2024-06-GSAFAC-0000362954,KBJAXWVMDZQ6,2024,2025-03-27,EHMPD1RBBJJ9
2024-06-GSAFAC-0000362954,KBJAXWVMDZQ6,2024,2025-03-27,K2BJX632FDN9
2024-06-GSAFAC-0000362954,KBJAXWVMDZQ6,2024,2025-03-27,KSHBUKTGFMD5
2024-06-GSAFAC-0000362954,KBJAXWVMDZQ6,2024,2025-03-27,H7A1EHHKNPL7
2024-06-GSAFAC-0000362954,KBJAXWVMDZQ6,2024,2025-03-27,E6XCAJEZYL54
2024-06-GSAFAC-0000362954,KBJAXWVMDZQ6,2024,2025-03-27,JGY7K8MBSNM5
2024-06-GSAFAC-0000362954,KBJAXWVMDZQ6,2024,2025-03-27,KNUHYRCNLJC5
2024-06-GSAFAC-0000362954,KBJAXWVMDZQ6,2024,2025-03-27,GB14ELPA4N95
2024-06-GSAFAC-0000362954,KBJAXWVMDZQ6,2024,2025-03-27,H5ZUNDJT62V9
2024-06-GSAFAC-0000362954,KBJAXWVMDZQ6,2024,2025-03-27,EA5JN3P55GR1
2024-06-GSAFAC-0000362954,KBJAXWVMDZQ6,2024,2025-03-27,EA1BF9216DP3
2024-06-GSAFAC-0000362954,KBJAXWVMDZQ6,2024,2025-03-27,EPXKD97QJF45
2024-06-GSAFAC-0000362954,KBJAXWVMDZQ6,2024,2025-03-27,VL9URJZRD2W8
2024-06-GSAFAC-0000362954,KBJAXWVMDZQ6,2024,2025-03-27,VF4FF7MH7D53
2024-06-GSAFAC-0000362954,KBJAXWVMDZQ6,2024,2025-03-27,EXNDHLFLU986
2024-06-GSAFAC-0000362954,KBJAXWVMDZQ6,2024,2025-03-27,JFQWM3SGXYK8
2024-06-GSAFAC-0000362954,KBJAXWVMDZQ6,2024,2025-03-27,ML56NPH3NFF9
2024-06-GSAFAC-0000362954,KBJAXWVMDZQ6,2024,2025-03-27,RWKCVTBEDCX7
2024-06-GSAFAC-0000362954,KBJAXWVMDZQ6,2024,2025-03-27,QSL8Y5V7VMP9
2024-06-GSAFAC-0000362954,KBJAXWVMDZQ6,2024,2025-03-27,WMRHNQD93F33
2024-06-GSAFAC-0000362954,KBJAXWVMDZQ6,2024,2025-03-27,G7EFEVA4NL93
2024-06-GSAFAC-0000362954,KBJAXWVMDZQ6,2024,2025-03-27,ECGWABM44A46
2024-06-GSAFAC-0000362954,KBJAXWVMDZQ6,2024,2025-03-27,HGZNTZ97DA14
2024-06-GSAFAC-0000362954,KBJAXWVMDZQ6,2024,2025-03-27,V5LLVC627U34
2024-06-GSAFAC-0000362954,KBJAXWVMDZQ6,2024,2025-03-27,F7WBVJ8QLHV1
2024-06-GSAFAC-0000362954,KBJAXWVMDZQ6,2024,2025-03-27,NSP3K2HD2YL7
2024-06-GSAFAC-0000362954,KBJAXWVMDZQ6,2024,2025-03-27,VMWUDBTMF4C9
2024-06-GSAFAC-0000362954,KBJAXWVMDZQ6,2024,2025-03-27,EBTQKWWD8HJ4
2024-06-GSAFAC-0000362954,KBJAXWVMDZQ6,2024,2025-03-27,CEHKMDKZS293
2024-06-GSAFAC-0000362954,KBJAXWVMDZQ6,2024,2025-03-27,JL9YTWNLDM14
2024-06-GSAFAC-0000362954,KBJAXWVMDZQ6,2024,2025-03-27,VXJNHNRL99F3
2024-06-GSAFAC-0000362954,KBJAXWVMDZQ6,2024,2025-03-27,EHVRJ6G8DAF5
2024-06-GSAFAC-0000362954,KBJAXWVMDZQ6,2024,2025-03-27,KF3UUJ1M69B9
2024-06-GSAFAC-0000362954,KBJAXWVMDZQ6,2024,2025-03-27,JBG7T7RXQ2B7
2024-06-GSAFAC-0000362954,KBJAXWVMDZQ6,2024,2025-03-27,G8M3K7JDLFZ1
2024-06-GSAFAC-0000362954,KBJAXWVMDZQ6,2024,2025-03-27,JK1HC6L71BR9
2024-06-GSAFAC-0000362954,KBJAXWVMDZQ6,2024,2025-03-27,CT83WLDP3AG7
2024-06-GSAFAC-0000362954,KBJAXWVMDZQ6,2024,2025-03-27,FMAAKH5KGJS1
2024-06-GSAFAC-0000362954,KBJAXWVMDZQ6,2024,2025-03-27,R25BK2UQ8NJ6
2024-06-GSAFAC-0000362954,KBJAXWVMDZQ6,2024,2025-03-27,KY1ENDC2ZTU1
2024-06-GSAFAC-0000362954,KBJAXWVMDZQ6,2024,2025-03-27,EG9EL1B3ZDB9
2024-06-GSAFAC-0000362954,KBJAXWVMDZQ6,2024,2025-03-27,GXKMLVDE9EK8
2024-06-GSAFAC-0000362954,KBJAXWVMDZQ6,2024,2025-03-27,D43MB7JNLBJ1
2024-06-GSAFAC-0000362954,KBJAXWVMDZQ6,2024,2025-03-27,MTQLUQ46YF15
2024-06-GSAFAC-0000362954,KBJAXWVMDZQ6,2024,2025-03-27,GFHJCWDJDK47
2024-06-GSAFAC-0000362954,KBJAXWVMDZQ6,2024,2025-03-27,LA49GZM3BVP6
2024-06-GSAFAC-0000362954,KBJAXWVMDZQ6,2024,2025-03-27,SCLKP868KJA8
2024-06-GSAFAC-0000362954,KBJAXWVMDZQ6,2024,2025-03-27,C7DKEX2T54H3
2024-06-GSAFAC-0000362954,KBJAXWVMDZQ6,2024,2025-03-27,MJYEGHJDKA79
2024-06-GSAFAC-0000362954,KBJAXWVMDZQ6,2024,2025-03-27,WV1FVL7J2VM5
2024-06-GSAFAC-0000362954,KBJAXWVMDZQ6,2024,2025-03-27,HFN9FNZKKC65
2024-06-GSAFAC-0000362954,KBJAXWVMDZQ6,2024,2025-03-27,EMLME5AV4DD9
2024-06-GSAFAC-0000362954,KBJAXWVMDZQ6,2024,2025-03-27,WNALUSBA1AC4
2024-06-GSAFAC-0000362954,KBJAXWVMDZQ6,2024,2025-03-27,NLTERGT7X3T9
2024-06-GSAFAC-0000362954,KBJAXWVMDZQ6,2024,2025-03-27,RR7HWPN3HSM3
2024-06-GSAFAC-0000362954,KBJAXWVMDZQ6,2024,2025-03-27,LJ5MRMJC54D1
2024-06-GSAFAC-0000362954,KBJAXWVMDZQ6,2024,2025-03-27,WJU3BBBPH3W8
2024-06-GSAFAC-0000362954,KBJAXWVMDZQ6,2024,2025-03-27,WD9EYR54TWQ6
2024-06-GSAFAC-0000362954,KBJAXWVMDZQ6,2024,2025-03-27,FWM7GXD9B9K3
2024-06-GSAFAC-0000362954,KBJAXWVMDZQ6,2024,2025-03-27,N63ZMY7UETA3
2024-06-GSAFAC-0000362954,KBJAXWVMDZQ6,2024,2025-03-27,Y7YLDCUC2JM4
2024-06-GSAFAC-0000362954,KBJAXWVMDZQ6,2024,2025-03-27,KZNHNMDUTJA5
2024-06-GSAFAC-0000362954,KBJAXWVMDZQ6,2024,2025-03-27,F2VSMAKDH8Z7
2024-06-GSAFAC-0000362954,KBJAXWVMDZQ6,2024,2025-03-27,FN2YCS2YAUW3
2024-06-GSAFAC-0000362954,KBJAXWVMDZQ6,2024,2025-03-27,JNZFHMGJN7M3
2024-06-GSAFAC-0000362954,KBJAXWVMDZQ6,2024,2025-03-27,R7UDMNZJNFU5
2024-06-GSAFAC-0000362954,KBJAXWVMDZQ6,2024,2025-03-27,CCZSYM5RSG96
2024-06-GSAFAC-0000362954,KBJAXWVMDZQ6,2024,2025-03-27,D2G9A1EW16X6
2024-06-GSAFAC-0000362954,KBJAXWVMDZQ6,2024,2025-03-27,LXG4F9K8YZK5
2024-06-GSAFAC-0000362954,KBJAXWVMDZQ6,2024,2025-03-27,L54FLKJM2MN4
2024-06-GSAFAC-0000362954,KBJAXWVMDZQ6,2024,2025-03-27,VBVKFE7E5FJ9
2024-06-GSAFAC-0000362954,KBJAXWVMDZQ6,2024,2025-03-27,K9N2F8E39JH3
2024-06-GSAFAC-0000362954,KBJAXWVMDZQ6,2024,2025-03-27,NDZ1VCNNXMQ3
2024-06-GSAFAC-0000362954,KBJAXWVMDZQ6,2024,2025-03-27,YZSNRKS5G6X8
2024-06-GSAFAC-0000362954,KBJAXWVMDZQ6,2024,2025-03-27,U5XGJG7ZVLK3
2024-06-GSAFAC-0000362954,KBJAXWVMDZQ6,2024,2025-03-27,X1M1PN3KG3E7
2024-06-GSAFAC-0000362954,KBJAXWVMDZQ6,2024,2025-03-27,TVL9LAKNMKW6
2024-06-GSAFAC-0000362954,KBJAXWVMDZQ6,2024,2025-03-27,NBB1BJ7QCFG4
2024-06-GSAFAC-0000362954,KBJAXWVMDZQ6,2024,2025-03-27,KYKSZQ7DVK58
2024-06-GSAFAC-0000362954,KBJAXWVMDZQ6,2024,2025-03-27,RL6LK7BHYE21
2024-06-GSAFAC-0000362954,KBJAXWVMDZQ6,2024,2025-03-27,L1M1ASTAGJ93
2024-06-GSAFAC-0000352477,V4FMY71FYXZ6,2024,2025-03-27,SJY2L8VHUGS4
2024-06-GSAFAC-0000352477,V4FMY71FYXZ6,2024,2025-03-27,FD4KLMNPLGM5
2024-06-GSAFAC-0000352477,V4FMY71FYXZ6,2024,2025-03-27,D364K1RF8JL1
2024-06-GSAFAC-0000352477,V4FMY71FYXZ6,2024,2025-03-27,RFS5JLNH3MS1
2024-06-GSAFAC-0000352477,V4FMY71FYXZ6,2024,2025-03-27,VC3LRGB9LHR7
2024-06-GSAFAC-0000352477,V4FMY71FYXZ6,2024,2025-03-27,GLLSH67DE3T5
2024-06-GSAFAC-0000352477,V4FMY71FYXZ6,2024,2025-03-27,ULYPGRN73Z53
2024-06-GSAFAC-0000352477,V4FMY71FYXZ6,2024,2025-03-27,MAGVKKXP84M5
2024-06-GSAFAC-0000352477,V4FMY71FYXZ6,2024,2025-03-27,NR1BQMPL3M31
2024-06-GSAFAC-0000352477,V4FMY71FYXZ6,2024,2025-03-27,YCDSKVQNZ6C1
2024-06-GSAFAC-0000352477,V4FMY71FYXZ6,2024,2025-03-27,JLVGQ4E7RD53
2024-06-GSAFAC-0000352477,V4FMY71FYXZ6,2024,2025-03-27,YATPWC2BC8X7
2024-06-GSAFAC-0000352477,V4FMY71FYXZ6,2024,2025-03-27,Y3WEW9MQ6NH5
2024-06-GSAFAC-0000352477,V4FMY71FYXZ6,2024,2025-03-27,LNFTEG3NJPN7
2024-06-GSAFAC-0000352477,V4FMY71FYXZ6,2024,2025-03-27,N9H8SXBKETN6
2024-06-GSAFAC-0000352477,V4FMY71FYXZ6,2024,2025-03-27,SPVKK1RC2MZ3
2024-06-GSAFAC-0000352477,V4FMY71FYXZ6,2024,2025-03-27,RH87YDXC1AY5
2024-06-GSAFAC-0000352477,V4FMY71FYXZ6,2024,2025-03-27,M6CXZ6GSJW84
2024-06-GSAFAC-0000352477,V4FMY71FYXZ6,2024,2025-03-27,MW8JHK6ZYEX8
2024-06-GSAFAC-0000352477,V4FMY71FYXZ6,2024,2025-03-27,LT9CXX8L19G1
2024-06-GSAFAC-0000352477,V4FMY71FYXZ6,2024,2025-03-27,CF4JCNKUD3M6
2024-06-GSAFAC-0000352477,V4FMY71FYXZ6,2024,2025-03-27,TA9JJL4AN666
2024-06-GSAFAC-0000352477,V4FMY71FYXZ6,2024,2025-03-27,GFHUZQ7HRGZ7
2024-06-GSAFAC-0000352477,V4FMY71FYXZ6,2024,2025-03-27,JT72JJR5F5S7
2024-06-GSAFAC-0000352477,V4FMY71FYXZ6,2024,2025-03-27,CZ9GSGBGGNJ6
2024-06-GSAFAC-0000352477,V4FMY71FYXZ6,2024,2025-03-27,H2YCV9SSBXT7
2024-06-GSAFAC-0000352477,V4FMY71FYXZ6,2024,2025-03-27,W6KGB2MW5KL9
2024-06-GSAFAC-0000352477,V4FMY71FYXZ6,2024,2025-03-27,MLZBKBMQW8N9
2024-06-GSAFAC-0000352477,V4FMY71FYXZ6,2024,2025-03-27,LSJFYGPJN6H5
2024-06-GSAFAC-0000352477,V4FMY71FYXZ6,2024,2025-03-27,JXJJNNBNAJS4
2024-06-GSAFAC-0000352477,V4FMY71FYXZ6,2024,2025-03-27,GWBZN83NC7U9
2024-06-GSAFAC-0000352477,V4FMY71FYXZ6,2024,2025-03-27,NYHECMHUJJH8
2024-06-GSAFAC-0000352477,V4FMY71FYXZ6,2024,2025-03-27,L142L1KJWJ73
2024-06-GSAFAC-0000352477,V4FMY71FYXZ6,2024,2025-03-27,TVY7HCDQM3A7
2024-06-GSAFAC-0000352477,V4FMY71FYXZ6,2024,2025-03-27,DSAXBXN417R5
2024-06-GSAFAC-0000352477,V4FMY71FYXZ6,2024,2025-03-27,LGDEA7515H79
2024-06-GSAFAC-0000352477,V4FMY71FYXZ6,2024,2025-03-27,ZU9EGNZKADZ2
2024-06-GSAFAC-0000352477,V4FMY71FYXZ6,2024,2025-03-27,NJBCFCDT3J27
2024-06-GSAFAC-0000352477,V4FMY71FYXZ6,2024,2025-03-27,YKMNNJ7HT6Z9
2024-06-GSAFAC-0000352477,V4FMY71FYXZ6,2024,2025-03-27,F98HEMW57436
2024-06-GSAFAC-0000352477,V4FMY71FYXZ6,2024,2025-03-27,VLU6J9X6BWP9
2024-06-GSAFAC-0000352477,V4FMY71FYXZ6,2024,2025-03-27,TYJEPW6N1W98
2024-06-GSAFAC-0000352477,V4FMY71FYXZ6,2024,2025-03-27,JW2NGMP4NMA3
2024-06-GSAFAC-0000352477,V4FMY71FYXZ6,2024,2025-03-27,G595XDTMK443
2024-06-GSAFAC-0000352477,V4FMY71FYXZ6,2024,2025-03-27,UP9BGM1JEM81
2024-06-GSAFAC-0000352477,V4FMY71FYXZ6,2024,2025-03-27,LTAMNZ6MT5Z8
2024-06-GSAFAC-0000352477,V4FMY71FYXZ6,2024,2025-03-27,G48GS8DFMJA8
2024-06-GSAFAC-0000352477,V4FMY71FYXZ6,2024,2025-03-27,E5RRMPPLNMD9
2024-06-GSAFAC-0000352477,V4FMY71FYXZ6,2024,2025-03-27,M95NMB9MJKF7
2024-06-GSAFAC-0000352477,V4FMY71FYXZ6,2024,2025-03-27,WQ33FA1ZHJQ8
2024-06-GSAFAC-0000352477,V4FMY71FYXZ6,2024,2025-03-27,N6N5R8ZDANR3
2024-06-GSAFAC-0000352477,V4FMY71FYXZ6,2024,2025-03-27,QUQJTAYXYTA8
2024-06-GSAFAC-0000352477,V4FMY71FYXZ6,2024,2025-03-27,DCKBDT1EV4B4
2024-06-GSAFAC-0000352477,V4FMY71FYXZ6,2024,2025-03-27,NUJ5Q3DW7U98
2024-06-GSAFAC-0000352477,V4FMY71FYXZ6,2024,2025-03-27,HXLSWJCJZE71
2024-06-GSAFAC-0000352477,V4FMY71FYXZ6,2024,2025-03-27,SXLMSPNKDSJ8
2024-06-GSAFAC-0000352477,V4FMY71FYXZ6,2024,2025-03-27,ZFLZGXPPGAM7
2024-06-GSAFAC-0000352477,V4FMY71FYXZ6,2024,2025-03-27,SQV9JP8FFHU8
2024-06-GSAFAC-0000352477,V4FMY71FYXZ6,2024,2025-03-27,X2PBQC6MPTG3
2024-06-GSAFAC-0000352477,V4FMY71FYXZ6,2024,2025-03-27,N5B1E3N8RA95
2024-06-GSAFAC-0000352477,V4FMY71FYXZ6,2024,2025-03-27,LL8JGFHNJA76
2024-06-GSAFAC-0000352477,V4FMY71FYXZ6,2024,2025-03-27,VKLJJL78DED5
2024-06-GSAFAC-0000352477,V4FMY71FYXZ6,2024,2025-03-27,HHQFWEPJKE97
2024-06-GSAFAC-0000352477,V4FMY71FYXZ6,2024,2025-03-27,JHU3ZGFL6EJ6
2024-06-GSAFAC-0000352477,V4FMY71FYXZ6,2024,2025-03-27,MWDHM62S6KT6
2024-06-GSAFAC-0000352477,V4FMY71FYXZ6,2024,2025-03-27,LMUGEYKLMND9
2024-06-GSAFAC-0000352477,V4FMY71FYXZ6,2024,2025-03-27,R6YMKJN1MHA5
2024-06-GSAFAC-0000352477,V4FMY71FYXZ6,2024,2025-03-27,TMESM95QU3J8
2024-06-GSAFAC-0000352477,V4FMY71FYXZ6,2024,2025-03-27,KC9ECMRL8P58
2024-06-GSAFAC-0000352477,V4FMY71FYXZ6,2024,2025-03-27,TRKHBM4R1JC6
2024-06-GSAFAC-0000352477,V4FMY71FYXZ6,2024,2025-03-27,DBREQJEC2YN1
2024-06-GSAFAC-0000352477,V4FMY71FYXZ6,2024,2025-03-27,FS25K4NTAH17
2024-06-GSAFAC-0000352477,V4FMY71FYXZ6,2024,2025-03-27,NY7VB61GCKZ1
2024-06-GSAFAC-0000352477,V4FMY71FYXZ6,2024,2025-03-27,Q6HLZ59BFLU5
2024-06-GSAFAC-0000352477,V4FMY71FYXZ6,2024,2025-03-27,DS7LNWQUKFX4
2024-06-GSAFAC-0000360961,SJQQPFZKKCV1,2024,2025-03-27,MS21K8EZWRK6
2024-06-GSAFAC-0000360961,SJQQPFZKKCV1,2024,2025-03-27,JYLLL2YTFQ33
2024-06-GSAFAC-0000360961,SJQQPFZKKCV1,2024,2025-03-27,UL2HEZMR7HN1
2024-06-GSAFAC-0000360961,SJQQPFZKKCV1,2024,2025-03-27,VM7YK72M4N24
2024-06-GSAFAC-0000360961,SJQQPFZKKCV1,2024,2025-03-27,KX6SLMCEZL93
2024-06-GSAFAC-0000360961,SJQQPFZKKCV1,2024,2025-03-27,JBCGBLAUQN63
2024-06-GSAFAC-0000360961,SJQQPFZKKCV1,2024,2025-03-27,PDTZKNUD4M94
2024-06-GSAFAC-0000360961,SJQQPFZKKCV1,2024,2025-03-27,M1DGHSAKBLC8
2024-06-GSAFAC-0000360961,SJQQPFZKKCV1,2024,2025-03-27,KNBZAL4GJ6L7
2024-06-GSAFAC-0000360961,SJQQPFZKKCV1,2024,2025-03-27,QJJWFSKJ47B1
2024-06-GSAFAC-0000360961,SJQQPFZKKCV1,2024,2025-03-27,EKXKCDF3NYT4
2024-06-GSAFAC-0000360961,SJQQPFZKKCV1,2024,2025-03-27,JNZSNC4MUMS7
2024-06-GSAFAC-0000360961,SJQQPFZKKCV1,2024,2025-03-27,V1KXFRCQMGL5
2024-06-GSAFAC-0000360961,SJQQPFZKKCV1,2024,2025-03-27,JDKKR1L2FZ24
2024-06-GSAFAC-0000360961,SJQQPFZKKCV1,2024,2025-03-27,M179SB5HHFT3
2024-06-GSAFAC-0000360961,SJQQPFZKKCV1,2024,2025-03-27,NLHQM3V4S8F6
2024-06-GSAFAC-0000360961,SJQQPFZKKCV1,2024,2025-03-27,YW8PMRDDRUC3
2024-06-GSAFAC-0000360961,SJQQPFZKKCV1,2024,2025-03-27,D49LXB3BR677
2024-06-GSAFAC-0000360961,SJQQPFZKKCV1,2024,2025-03-27,ECB1M44BAMM3
2024-06-GSAFAC-0000360961,SJQQPFZKKCV1,2024,2025-03-27,SSG3L9Y6THN7
2024-06-GSAFAC-0000360961,SJQQPFZKKCV1,2024,2025-03-27,MK8MXJLMMHG3
2024-06-GSAFAC-0000360961,SJQQPFZKKCV1,2024,2025-03-27,C8Y9XDBLDGF5
2024-06-GSAFAC-0000360961,SJQQPFZKKCV1,2024,2025-03-27,D58PH6F3SM76
2024-06-GSAFAC-0000360961,SJQQPFZKKCV1,2024,2025-03-27,YPHCPMULMCD5
2024-06-GSAFAC-0000360961,SJQQPFZKKCV1,2024,2025-03-27,PX7YH4QM2NB9
2024-06-GSAFAC-0000360961,SJQQPFZKKCV1,2024,2025-03-27,Q4VKL91KQAK7
2024-06-GSAFAC-0000360961,SJQQPFZKKCV1,2024,2025-03-27,HPXQFN2WNRE3
2024-06-GSAFAC-0000360961,SJQQPFZKKCV1,2024,2025-03-27,STTMSWB3N124
2024-06-GSAFAC-0000360961,SJQQPFZKKCV1,2024,2025-03-27,QAJ2TCNXNLL8
2024-06-GSAFAC-0000360961,SJQQPFZKKCV1,2024,2025-03-27,UL92ZY2HMLG6
2024-06-GSAFAC-0000360961,SJQQPFZKKCV1,2024,2025-03-27,LK35CFEJY664
2024-06-GSAFAC-0000360961,SJQQPFZKKCV1,2024,2025-03-27,HHDJCDRH4CU9
2024-06-GSAFAC-0000360961,SJQQPFZKKCV1,2024,2025-03-27,R5GKYNA7W127
2024-06-GSAFAC-0000360961,SJQQPFZKKCV1,2024,2025-03-27,FSAPX1NFLAD9
2024-06-GSAFAC-0000360961,SJQQPFZKKCV1,2024,2025-03-27,NGKJRQ1VW9M1
2024-06-GSAFAC-0000360961,SJQQPFZKKCV1,2024,2025-03-27,VB2HXAT15433
2024-06-GSAFAC-0000360961,SJQQPFZKKCV1,2024,2025-03-27,CU23NCECZHK6
2024-06-GSAFAC-0000360961,SJQQPFZKKCV1,2024,2025-03-27,W5U5NF5T46G7
2024-06-GSAFAC-0000360961,SJQQPFZKKCV1,2024,2025-03-27,M9YBYG5NB7L1
2024-06-GSAFAC-0000360961,SJQQPFZKKCV1,2024,2025-03-27,VL29TNLRKLE6
2024-06-GSAFAC-0000360961,SJQQPFZKKCV1,2024,2025-03-27,ML4AZN5WEL99
2024-06-GSAFAC-0000360961,SJQQPFZKKCV1,2024,2025-03-27,M9S9NFUYN139
2024-06-GSAFAC-0000360961,SJQQPFZKKCV1,2024,2025-03-27,JKN3M34HFNN6
2024-06-GSAFAC-0000360961,SJQQPFZKKCV1,2024,2025-03-27,GEJPMUHVN1D9
2024-06-GSAFAC-0000360961,SJQQPFZKKCV1,2024,2025-03-27,MTC5XW9MLR58
2024-06-GSAFAC-0000360961,SJQQPFZKKCV1,2024,2025-03-27,MLH8URE9LZZ3
2024-06-GSAFAC-0000360961,SJQQPFZKKCV1,2024,2025-03-27,LQHVVYC37U25
2024-06-GSAFAC-0000360961,SJQQPFZKKCV1,2024,2025-03-27,K1ACZ5KB9B67
2024-06-GSAFAC-0000360961,SJQQPFZKKCV1,2024,2025-03-27,WMUHMBGANBL5
2024-06-GSAFAC-0000360961,SJQQPFZKKCV1,2024,2025-03-27,GNE1FHAH78R4
2024-06-GSAFAC-0000360961,SJQQPFZKKCV1,2024,2025-03-27,ZT2FAMA3LPK7
2024-06-GSAFAC-0000360961,SJQQPFZKKCV1,2024,2025-03-27,C997G8FB47R6
2024-06-GSAFAC-0000358917,LS3BG3HFWUW5,2024,2025-03-27,CQZSF57ZR6S3
2024-06-GSAFAC-0000360817,E47WF2JP5GW1,2024,2025-03-27,ZG9KPJB7HPX2
2024-06-GSAFAC-0000360817,E47WF2JP5GW1,2024,2025-03-27,UGX7KNMNHU24
2024-06-GSAFAC-0000356973,KS8RFKRF6ZE6,2024,2025-03-27,MKTSDFM6Y3P8
2024-06-GSAFAC-0000356973,KS8RFKRF6ZE6,2024,2025-03-27,ENTLWZJ8JPJ9
2024-06-GSAFAC-0000361813,CJC2AXMKDSB6,2024,2025-03-27,J8D7C2NNH7G3
2024-09-GSAFAC-0000359100,HHBYKBT1RJQ5,2024,2025-03-27,L6BQWHYNKF48
2024-06-GSAFAC-0000357937,ZUFJEU4NMK52,2024,2025-03-27,HWK9GECMCWE5
2024-06-GSAFAC-0000357937,ZUFJEU4NMK52,2024,2025-03-27,NQ1FPAA8XSQ9
2024-06-GSAFAC-0000357937,ZUFJEU4NMK52,2024,2025-03-27,YYZBXVF3JK55
2024-06-GSAFAC-0000357937,ZUFJEU4NMK52,2024,2025-03-27,NGMZTEWW6G49
2024-06-GSAFAC-0000357937,ZUFJEU4NMK52,2024,2025-03-27,FAABAXF9D9E3
2024-06-GSAFAC-0000357937,ZUFJEU4NMK52,2024,2025-03-27,SMUBL99CK218
2024-06-GSAFAC-0000357937,ZUFJEU4NMK52,2024,2025-03-27,VAKSGF6BA5J1
2024-06-GSAFAC-0000357937,ZUFJEU4NMK52,2024,2025-03-27,GJEPWTMKF5A3
2024-06-GSAFAC-0000357937,ZUFJEU4NMK52,2024,2025-03-27,KF1PLGNW85K3
2024-06-GSAFAC-0000357937,ZUFJEU4NMK52,2024,2025-03-27,ZK7LLWZTMPE2
2024-06-GSAFAC-0000357937,ZUFJEU4NMK52,2024,2025-03-27,TTNBFK7CDK83
2024-06-GSAFAC-0000357937,ZUFJEU4NMK52,2024,2025-03-27,KQWCK42PT545
2024-06-GSAFAC-0000357937,ZUFJEU4NMK52,2024,2025-03-27,V7QHVF712SB3
2024-06-GSAFAC-0000357937,ZUFJEU4NMK52,2024,2025-03-27,PUR4PCEFD9J2
2024-06-GSAFAC-0000357937,ZUFJEU4NMK52,2024,2025-03-27,N3QJEHVL7N91
2024-06-GSAFAC-0000357937,ZUFJEU4NMK52,2024,2025-03-27,XDJMJL19GHU3
2024-06-GSAFAC-0000357937,ZUFJEU4NMK52,2024,2025-03-27,XDJMJL19GHU4
2024-06-GSAFAC-0000357937,ZUFJEU4NMK52,2024,2025-03-27,MP59EXMVEMJ7
2024-06-GSAFAC-0000357937,ZUFJEU4NMK52,2024,2025-03-27,QWNRL7NH2LN7
2024-06-GSAFAC-0000357937,ZUFJEU4NMK52,2024,2025-03-27,H898UDKRG4N5
2024-06-GSAFAC-0000357937,ZUFJEU4NMK52,2024,2025-03-27,EUPZG1KE87J9
2024-06-GSAFAC-0000357937,ZUFJEU4NMK52,2024,2025-03-27,DF52UQWQLW85
2024-06-GSAFAC-0000357937,ZUFJEU4NMK52,2024,2025-03-27,X7BNZNBUF9N5
2024-06-GSAFAC-0000357937,ZUFJEU4NMK52,2024,2025-03-27,PGFCAH2STNE5
2024-06-GSAFAC-0000357937,ZUFJEU4NMK52,2024,2025-03-27,E2E7F7B2A3P8
2024-06-GSAFAC-0000357937,ZUFJEU4NMK52,2024,2025-03-27,UCSMYF2XN9F7
2024-06-GSAFAC-0000362593,MZALJJHTAB63,2024,2025-03-27,L63SMUMFK2J8
2024-06-GSAFAC-0000355128,C2DLB45CN5D3,2024,2025-03-27,NM2VRBZ8R3M4
2024-06-GSAFAC-0000355128,C2DLB45CN5D3,2024,2025-03-27,NAU4JKBJT9G7
2024-06-GSAFAC-0000355128,C2DLB45CN5D3,2024,2025-03-27,HQLNGSHZMMC6
2024-06-GSAFAC-0000355128,C2DLB45CN5D3,2024,2025-03-27,LXAUF84GZFA4
2024-06-GSAFAC-0000355128,C2DLB45CN5D3,2024,2025-03-27,NSX7WWA7CA79
2024-06-GSAFAC-0000355128,C2DLB45CN5D3,2024,2025-03-27,PJN6VQ3J6MS8
2024-06-GSAFAC-0000355128,C2DLB45CN5D3,2024,2025-03-27,GLPELEGJAKU7
2024-06-GSAFAC-0000360362,EW7CR9MZZ9M5,2024,2025-03-27,ZRXCMNNSUEJ1
2024-06-GSAFAC-0000360362,EW7CR9MZZ9M5,2024,2025-03-27,QQTGL8GLQKW6
2024-06-GSAFAC-0000360362,EW7CR9MZZ9M5,2024,2025-03-27,MYREWLVR75F7
2024-06-GSAFAC-0000360362,EW7CR9MZZ9M5,2024,2025-03-27,YN29ZPTJ3QK8
2024-06-GSAFAC-0000360362,EW7CR9MZZ9M5,2024,2025-03-27,YVCBUGKDEUF7
2024-06-GSAFAC-0000360362,EW7CR9MZZ9M5,2024,2025-03-27,FPKZJD17G9Y3
2024-06-GSAFAC-0000360362,EW7CR9MZZ9M5,2024,2025-03-27,PBLSTCFHNM76
2024-06-GSAFAC-0000360362,EW7CR9MZZ9M5,2024,2025-03-27,WT4DW46STJ35
2024-06-GSAFAC-0000360362,EW7CR9MZZ9M5,2024,2025-03-27,WCG9G7LWYLR9
2024-06-GSAFAC-0000360362,EW7CR9MZZ9M5,2024,2025-03-27,F4LGDJEVBFK4
2024-06-GSAFAC-0000360362,EW7CR9MZZ9M5,2024,2025-03-27,DEP8HN43J238
2024-06-GSAFAC-0000360362,EW7CR9MZZ9M5,2024,2025-03-27,NL4ZWF6VEJT8
2024-06-GSAFAC-0000360362,EW7CR9MZZ9M5,2024,2025-03-27,W495UF8CWPQ5
2024-06-GSAFAC-0000360362,EW7CR9MZZ9M5,2024,2025-03-27,JJ4DTG62BLD6
2024-06-GSAFAC-0000360362,EW7CR9MZZ9M5,2024,2025-03-27,MR71EAYU2XA3
2024-06-GSAFAC-0000360362,EW7CR9MZZ9M5,2024,2025-03-27,WBR5V7KX9SL3
2024-06-GSAFAC-0000360362,EW7CR9MZZ9M5,2024,2025-03-27,LV4QJ9N1F6U9
2024-06-GSAFAC-0000360362,EW7CR9MZZ9M5,2024,2025-03-27,LVC3JRTHLB83
2024-06-GSAFAC-0000360362,EW7CR9MZZ9M5,2024,2025-03-27,RNA2HUB4ZBK4
2024-06-GSAFAC-0000360362,EW7CR9MZZ9M5,2024,2025-03-27,TYUJZWJ8N568
2024-06-GSAFAC-0000360362,EW7CR9MZZ9M5,2024,2025-03-27,FBTMNKK3L545
2024-06-GSAFAC-0000360362,EW7CR9MZZ9M5,2024,2025-03-27,JALTQ7LUEHN3
2024-06-GSAFAC-0000360362,EW7CR9MZZ9M5,2024,2025-03-27,YSYKKWCZCCL8
2024-06-GSAFAC-0000360362,EW7CR9MZZ9M5,2024,2025-03-27,Z2CPQ953WYC6
2024-06-GSAFAC-0000360362,EW7CR9MZZ9M5,2024,2025-03-27,Y7FHHB9NPAB8
2024-06-GSAFAC-0000357631,MBYAYNVYNNW8,2024,2025-03-28,RJEFPSXC5BJ1
2024-06-GSAFAC-0000357631,MBYAYNVYNNW8,2024,2025-03-28,N16RBBMLFDC7
2024-06-GSAFAC-0000357631,MBYAYNVYNNW8,2024,2025-03-28,WXKECC919475
2024-06-GSAFAC-0000357631,MBYAYNVYNNW8,2024,2025-03-28,UH5JFVKCJM97
2024-06-GSAFAC-0000357631,MBYAYNVYNNW8,2024,2025-03-28,LNJNRWJCY8S5
2024-06-GSAFAC-0000357631,MBYAYNVYNNW8,2024,2025-03-28,XNUZK3KAJ9K6
2024-06-GSAFAC-0000358139,M9Q4UBJDP6Q6,2024,2025-03-28,L2UJLHCMHJZ8
2024-06-GSAFAC-0000358139,M9Q4UBJDP6Q6,2024,2025-03-28,EZLLC5J2N9N9
2024-06-GSAFAC-0000358139,M9Q4UBJDP6Q6,2024,2025-03-28,E66KY8JYEX15
2024-09-GSAFAC-0000360807,PSM9KZ1BQB51,2024,2025-03-28,UR3LLKJH55K8
2024-06-GSAFAC-0000361207,T6BKTJUZVV29,2024,2025-03-28,Y4JBA72LW8J3
2024-06-GSAFAC-0000361207,T6BKTJUZVV29,2024,2025-03-28,D1C7JAKEJNK3
2024-06-GSAFAC-0000361207,T6BKTJUZVV29,2024,2025-03-28,Q9ZYG5FHJ6A6
2024-06-GSAFAC-0000361207,T6BKTJUZVV29,2024,2025-03-28,R7KUQYELEC55
2024-06-GSAFAC-0000361207,T6BKTJUZVV29,2024,2025-03-28,PHBJL3JU5G61
2024-06-GSAFAC-0000361207,T6BKTJUZVV29,2024,2025-03-28,FN24GED188N1
2024-06-GSAFAC-0000355975,ZK45GWUKWMH2,2024,2025-03-28,RELYVC7ESC86
2024-06-GSAFAC-0000355975,ZK45GWUKWMH2,2024,2025-03-28,SMVXZK8ZKD68
2024-06-GSAFAC-0000355975,ZK45GWUKWMH2,2024,2025-03-28,KGC1XEDLEVH3
2024-06-GSAFAC-0000355975,ZK45GWUKWMH2,2024,2025-03-28,N6CAY8HL3NY3
2024-06-GSAFAC-0000355975,ZK45GWUKWMH2,2024,2025-03-28,M9BXHNBTH315
2024-06-GSAFAC-0000355975,ZK45GWUKWMH2,2024,2025-03-28,FXMSCMPZEPY4
2024-06-GSAFAC-0000355975,ZK45GWUKWMH2,2024,2025-03-28,UPVLXN4NFBE8
2024-06-GSAFAC-0000355975,ZK45GWUKWMH2,2024,2025-03-28,NMXXRRBJM7R1
2024-06-GSAFAC-0000355975,ZK45GWUKWMH2,2024,2025-03-28,FUZ9PX5SFRH8
2024-06-GSAFAC-0000355975,ZK45GWUKWMH2,2024,2025-03-28,TFLFDLQZRF94
2024-06-GSAFAC-0000355975,ZK45GWUKWMH2,2024,2025-03-28,G9YAAZ7TZS83
2024-06-GSAFAC-0000067703,TQPJL16WX253,2024,2025-03-28,CYV8HJNV3DU7
2024-06-GSAFAC-0000359366,W3ARDFLUVZR3,2024,2025-03-28,HL3RWR6CUR26
2024-06-GSAFAC-0000359366,W3ARDFLUVZR3,2024,2025-03-28,G1DDLK6DL1S3
2024-06-GSAFAC-0000359366,W3ARDFLUVZR3,2024,2025-03-28,NM1DCB8748M5
2024-06-GSAFAC-0000359366,W3ARDFLUVZR3,2024,2025-03-28,KCSJX7KP9CF7
2024-06-GSAFAC-0000359366,W3ARDFLUVZR3,2024,2025-03-28,YTL2KBNQ9JV7
2024-06-GSAFAC-0000359366,W3ARDFLUVZR3,2024,2025-03-28,KF32K54P7R73
2024-06-GSAFAC-0000359366,W3ARDFLUVZR3,2024,2025-03-28,TFQVKH1E8Y41
2024-06-GSAFAC-0000359366,W3ARDFLUVZR3,2024,2025-03-28,DKT3LLBWFVL3
2024-06-GSAFAC-0000359366,W3ARDFLUVZR3,2024,2025-03-28,JZW4PGB4KQ39
2024-06-GSAFAC-0000359366,W3ARDFLUVZR3,2024,2025-03-28,XYH3P4LQQLB3
2024-06-GSAFAC-0000359366,W3ARDFLUVZR3,2024,2025-03-28,ERAWL7MPEJJ4
2024-06-GSAFAC-0000359366,W3ARDFLUVZR3,2024,2025-03-28,JGKKE64MSMT6
2024-06-GSAFAC-0000359366,W3ARDFLUVZR3,2024,2025-03-28,QCPWG3LLPY96
2024-06-GSAFAC-0000359366,W3ARDFLUVZR3,2024,2025-03-28,MFEHMF7KVJF5
2024-06-GSAFAC-0000359366,W3ARDFLUVZR3,2024,2025-03-28,NJSEDA16EXR3
2024-06-GSAFAC-0000359366,W3ARDFLUVZR3,2024,2025-03-28,UDLHCUUWF3J8
2024-06-GSAFAC-0000359366,W3ARDFLUVZR3,2024,2025-03-28,RNXKA8576E47
2024-06-GSAFAC-0000359366,W3ARDFLUVZR3,2024,2025-03-28,XSN8A4TT1DY5
2024-06-GSAFAC-0000359366,W3ARDFLUVZR3,2024,2025-03-28,G1JMJFUN5HG5
2024-06-GSAFAC-0000359366,W3ARDFLUVZR3,2024,2025-03-28,QLXXU1SV4MM8
2024-06-GSAFAC-0000359366,W3ARDFLUVZR3,2024,2025-03-28,ZJMRHYXYLBT7
2024-06-GSAFAC-0000359366,W3ARDFLUVZR3,2024,2025-03-28,K7LTCE5NV539
2024-06-GSAFAC-0000359366,W3ARDFLUVZR3,2024,2025-03-28,EC17KLF5L6A5
2024-06-GSAFAC-0000359366,W3ARDFLUVZR3,2024,2025-03-28,N24UWJPXV9J3
2024-06-GSAFAC-0000359366,W3ARDFLUVZR3,2024,2025-03-28,PTURMSBBGZC6
2024-06-GSAFAC-0000359366,W3ARDFLUVZR3,2024,2025-03-28,LD6DF1BSZMG6
2024-06-GSAFAC-0000359366,W3ARDFLUVZR3,2024,2025-03-28,J68MDA8ZN3Q9
2024-06-GSAFAC-0000359366,W3ARDFLUVZR3,2024,2025-03-28,VBB1N9966XL8
2024-06-GSAFAC-0000359366,W3ARDFLUVZR3,2024,2025-03-28,RMZEJNV5WBA3
2024-06-GSAFAC-0000359366,W3ARDFLUVZR3,2024,2025-03-28,W4X1WNMXCFN3
2024-06-GSAFAC-0000359366,W3ARDFLUVZR3,2024,2025-03-28,LRULTR8KNH73
2024-06-GSAFAC-0000359366,W3ARDFLUVZR3,2024,2025-03-28,KJANAEVTZV83
2024-06-GSAFAC-0000359366,W3ARDFLUVZR3,2024,2025-03-28,KDKHPD1U6YG8
2024-06-GSAFAC-0000359366,W3ARDFLUVZR3,2024,2025-03-28,RK37SNQZWX31
2024-06-GSAFAC-0000359366,W3ARDFLUVZR3,2024,2025-03-28,U7S3BLF5AYH3
2024-06-GSAFAC-0000359366,W3ARDFLUVZR3,2024,2025-03-28,JG8JXHNVQD65
2024-06-GSAFAC-0000359366,W3ARDFLUVZR3,2024,2025-03-28,GEMGAFFGPTJ5
2024-06-GSAFAC-0000359366,W3ARDFLUVZR3,2024,2025-03-28,JAH4LBH521S3
2024-06-GSAFAC-0000359366,W3ARDFLUVZR3,2024,2025-03-28,ZZDKSFAMKFT1
2024-06-GSAFAC-0000359366,W3ARDFLUVZR3,2024,2025-03-28,YX51FKECK2A5
2024-06-GSAFAC-0000359366,W3ARDFLUVZR3,2024,2025-03-28,YU1MXXJJFH28
2024-06-GSAFAC-0000359366,W3ARDFLUVZR3,2024,2025-03-28,FTEDMFJVYVC6
2024-06-GSAFAC-0000359366,W3ARDFLUVZR3,2024,2025-03-28,JM77MBHM6LA4
2024-06-GSAFAC-0000359366,W3ARDFLUVZR3,2024,2025-03-28,HU25MUVYE8M4
2024-06-GSAFAC-0000359366,W3ARDFLUVZR3,2024,2025-03-28,TME1ADLUMMD8
2024-06-GSAFAC-0000359366,W3ARDFLUVZR3,2024,2025-03-28,GN64T4YKFNQ8
2024-06-GSAFAC-0000359366,W3ARDFLUVZR3,2024,2025-03-28,JFSWCMGNVWN7
2024-06-GSAFAC-0000359366,W3ARDFLUVZR3,2024,2025-03-28,MMF3TM7NUM53
2024-06-GSAFAC-0000359366,W3ARDFLUVZR3,2024,2025-03-28,YE9QQ3SC5HP8
2024-06-GSAFAC-0000359366,W3ARDFLUVZR3,2024,2025-03-28,MPMMXVWDMJJ8
2024-06-GSAFAC-0000359366,W3ARDFLUVZR3,2024,2025-03-28,W3V9HA6RBDK1
2024-06-GSAFAC-0000359366,W3ARDFLUVZR3,2024,2025-03-28,F6GULVFKKQA6
2024-06-GSAFAC-0000359366,W3ARDFLUVZR3,2024,2025-03-28,LU3XLNSL6G45
2024-06-GSAFAC-0000359366,W3ARDFLUVZR3,2024,2025-03-28,KA22ZJXAVX44
2024-06-GSAFAC-0000359366,W3ARDFLUVZR3,2024,2025-03-28,J4JMLWYZVYN3
2024-06-GSAFAC-0000359366,W3ARDFLUVZR3,2024,2025-03-28,F5AHM9CPPZA4
2024-06-GSAFAC-0000359366,W3ARDFLUVZR3,2024,2025-03-28,DBYPD9JMBNJ6
2024-06-GSAFAC-0000359366,W3ARDFLUVZR3,2024,2025-03-28,LW15SYK8G5J7
2024-06-GSAFAC-0000359366,W3ARDFLUVZR3,2024,2025-03-28,FAL8S6BX2ML9
2024-06-GSAFAC-0000359366,W3ARDFLUVZR3,2024,2025-03-28,T715LFLH2JX1
2024-06-GSAFAC-0000359366,W3ARDFLUVZR3,2024,2025-03-28,PYBMGT33H4X9
2024-06-GSAFAC-0000359366,W3ARDFLUVZR3,2024,2025-03-28,ZXKZB5M4WND4
2024-06-GSAFAC-0000359366,W3ARDFLUVZR3,2024,2025-03-28,CL49KKJ9EV71
2024-06-GSAFAC-0000359366,W3ARDFLUVZR3,2024,2025-03-28,KDBAPWVMKQ11
2024-06-GSAFAC-0000359366,W3ARDFLUVZR3,2024,2025-03-28,TJYRME9XBWB7
2024-06-GSAFAC-0000359366,W3ARDFLUVZR3,2024,2025-03-28,D4DRLQFD94N4
2024-06-GSAFAC-0000359366,W3ARDFLUVZR3,2024,2025-03-28,QZCPCUMNMBX5
2024-06-GSAFAC-0000359366,W3ARDFLUVZR3,2024,2025-03-28,GJNYK3L658Y5
2024-06-GSAFAC-0000359366,W3ARDFLUVZR3,2024,2025-03-28,K2NWTFLNTSN7
2024-06-GSAFAC-0000359366,W3ARDFLUVZR3,2024,2025-03-28,VJ1NR5RMB417
2024-06-GSAFAC-0000359366,W3ARDFLUVZR3,2024,2025-03-28,CVQQC2QSKGY6
2024-06-GSAFAC-0000359366,W3ARDFLUVZR3,2024,2025-03-28,F6KNL22BYBC5
2024-06-GSAFAC-0000359366,W3ARDFLUVZR3,2024,2025-03-28,Z82NVE49NDE1
2024-06-GSAFAC-0000359366,W3ARDFLUVZR3,2024,2025-03-28,LT8KUDN9JE37
2024-06-GSAFAC-0000359366,W3ARDFLUVZR3,2024,2025-03-28,NVH5F12WTMJ9
2024-06-GSAFAC-0000359366,W3ARDFLUVZR3,2024,2025-03-28,KKEQFZ6XL6L9
2024-06-GSAFAC-0000359366,W3ARDFLUVZR3,2024,2025-03-28,MFFLZY5TVJM1
2024-06-GSAFAC-0000359366,W3ARDFLUVZR3,2024,2025-03-28,HQFXKP7VKDL3
2024-06-GSAFAC-0000359366,W3ARDFLUVZR3,2024,2025-03-28,J5GHHBFJTAN1
2024-06-GSAFAC-0000359366,W3ARDFLUVZR3,2024,2025-03-28,KZCXMV2EZM62
2024-06-GSAFAC-0000359366,W3ARDFLUVZR3,2024,2025-03-28,UJ2UZBMM6815
2024-06-GSAFAC-0000359366,W3ARDFLUVZR3,2024,2025-03-28,DANXFKGKFD48
2024-06-GSAFAC-0000359366,W3ARDFLUVZR3,2024,2025-03-28,F1NAKY5L1425
2024-06-GSAFAC-0000359366,W3ARDFLUVZR3,2024,2025-03-28,HWPEKM8VFTJ9
2024-06-GSAFAC-0000359366,W3ARDFLUVZR3,2024,2025-03-28,K2QMZUVDPKW1
2024-06-GSAFAC-0000359366,W3ARDFLUVZR3,2024,2025-03-28,XTD7KKHEJFL1
2024-06-GSAFAC-0000359366,W3ARDFLUVZR3,2024,2025-03-28,SKH5GMBR9GL3
2024-06-GSAFAC-0000359366,W3ARDFLUVZR3,2024,2025-03-28,L1DXXP1KGP77
2024-06-GSAFAC-0000359366,W3ARDFLUVZR3,2024,2025-03-28,EBEQSBNRW457
2024-06-GSAFAC-0000359366,W3ARDFLUVZR3,2024,2025-03-28,U3NVH931QJJ3
2024-06-GSAFAC-0000359366,W3ARDFLUVZR3,2024,2025-03-28,LX38ZHATFGN5
2024-06-GSAFAC-0000359366,W3ARDFLUVZR3,2024,2025-03-28,D3LHU66KBLD5
2024-06-GSAFAC-0000359366,W3ARDFLUVZR3,2024,2025-03-28,JB33DT84JNA5
2024-06-GSAFAC-0000359366,W3ARDFLUVZR3,2024,2025-03-28,C13DF16LC3H4
2024-06-GSAFAC-0000359366,W3ARDFLUVZR3,2024,2025-03-28,KMDFQGPWPK85
2024-06-GSAFAC-0000359366,W3ARDFLUVZR3,2024,2025-03-28,L1GPHS96MUE1
2024-06-GSAFAC-0000359366,W3ARDFLUVZR3,2024,2025-03-28,VL5KBYKMP1G9
2024-06-GSAFAC-0000359366,W3ARDFLUVZR3,2024,2025-03-28,NEYCH3CVBTR6
2024-06-GSAFAC-0000359366,W3ARDFLUVZR3,2024,2025-03-28,LLFAXDBMYCB5
2024-06-GSAFAC-0000359366,W3ARDFLUVZR3,2024,2025-03-28,K54FKGWN2EN5
2024-06-GSAFAC-0000359366,W3ARDFLUVZR3,2024,2025-03-28,CMZBXP6SL7G7
2024-06-GSAFAC-0000359366,W3ARDFLUVZR3,2024,2025-03-28,F4PKZKYH3QS2
2024-06-GSAFAC-0000359366,W3ARDFLUVZR3,2024,2025-03-28,CWRFQH1KJCA9
2024-06-GSAFAC-0000358495,DSW2T99A3UC8,2024,2025-03-28,HN7CNKMMLPY5
2024-06-GSAFAC-0000358495,DSW2T99A3UC8,2024,2025-03-28,JYK5EFHJ33D8
2024-06-GSAFAC-0000358495,DSW2T99A3UC8,2024,2025-03-28,MBE6YXM4GYN1
2024-06-GSAFAC-0000360106,KYWWQMMM1PZ4,2024,2025-03-28,UANQK7MJM8J5
2024-06-GSAFAC-0000346912,EQL7FFLJRC99,2024,2025-03-28,Y296M746ENL3
2024-06-GSAFAC-0000346912,EQL7FFLJRC99,2024,2025-03-28,DN8UB6HHECG9
2024-06-GSAFAC-0000346912,EQL7FFLJRC99,2024,2025-03-28,LLEGEC1GMNM8
2024-06-GSAFAC-0000346912,EQL7FFLJRC99,2024,2025-03-28,QLS6M71WM623
2024-06-GSAFAC-0000346912,EQL7FFLJRC99,2024,2025-03-28,LXBLT3L8HZ73
2024-06-GSAFAC-0000346912,EQL7FFLJRC99,2024,2025-03-28,UAJNT147CKJ1
2024-06-GSAFAC-0000346912,EQL7FFLJRC99,2024,2025-03-28,Y55RMMCJ8HL6
2024-06-GSAFAC-0000346912,EQL7FFLJRC99,2024,2025-03-28,RYAQZNSJN9Q9
2024-06-GSAFAC-0000346912,EQL7FFLJRC99,2024,2025-03-28,GBJMUZDMLN84
2024-06-GSAFAC-0000346912,EQL7FFLJRC99,2024,2025-03-28,F31GEXBJVL57
2024-06-GSAFAC-0000346912,EQL7FFLJRC99,2024,2025-03-28,LZFYPNDKE3Y5
2024-06-GSAFAC-0000346912,EQL7FFLJRC99,2024,2025-03-28,FGDCTJL2GJF1
2024-06-GSAFAC-0000346912,EQL7FFLJRC99,2024,2025-03-28,CS5DGASZDJM3
2024-06-GSAFAC-0000346912,EQL7FFLJRC99,2024,2025-03-28,UBCGS2J98RK4
2024-06-GSAFAC-0000346912,EQL7FFLJRC99,2024,2025-03-28,GJ2TR96N7Y73
2024-06-GSAFAC-0000346912,EQL7FFLJRC99,2024,2025-03-28,DU31CJWGFKU1
2024-06-GSAFAC-0000346912,EQL7FFLJRC99,2024,2025-03-28,HVEKL7MENUK1
2024-06-GSAFAC-0000346912,EQL7FFLJRC99,2024,2025-03-28,VGMJYMAD7DG7
2024-06-GSAFAC-0000346912,EQL7FFLJRC99,2024,2025-03-28,LCLSJAGTNZQ7
2024-06-GSAFAC-0000346912,EQL7FFLJRC99,2024,2025-03-28,C6K4GK8PJYT4
2024-06-GSAFAC-0000346912,EQL7FFLJRC99,2024,2025-03-28,JBQ9M3PLFDP5
2024-06-GSAFAC-0000346912,EQL7FFLJRC99,2024,2025-03-28,DCYNUU4E7Q66
2024-06-GSAFAC-0000346912,EQL7FFLJRC99,2024,2025-03-28,EARPJJ6CMFG7
2024-06-GSAFAC-0000346912,EQL7FFLJRC99,2024,2025-03-28,DZNGAULLMMZ3
2024-06-GSAFAC-0000346912,EQL7FFLJRC99,2024,2025-03-28,DKSMGAFW4CS8
2024-06-GSAFAC-0000346912,EQL7FFLJRC99,2024,2025-03-28,S4E1WUMET5N5
2024-06-GSAFAC-0000346912,EQL7FFLJRC99,2024,2025-03-28,M73MZJWBNZN5
2024-06-GSAFAC-0000346912,EQL7FFLJRC99,2024,2025-03-28,H9W3B71EFTM8
2024-06-GSAFAC-0000346912,EQL7FFLJRC99,2024,2025-03-28,T8MYF3NHDDN6
2024-06-GSAFAC-0000346912,EQL7FFLJRC99,2024,2025-03-28,CBE4JHP1S8H7
2024-06-GSAFAC-0000346912,EQL7FFLJRC99,2024,2025-03-28,K5L9NM9C8HZ1
2024-06-GSAFAC-0000346912,EQL7FFLJRC99,2024,2025-03-28,LDC7MLC42LN8
2024-06-GSAFAC-0000346912,EQL7FFLJRC99,2024,2025-03-28,CG2SZ7HCNV54
2024-06-GSAFAC-0000346912,EQL7FFLJRC99,2024,2025-03-28,NSEYGAM7UZF6
2024-06-GSAFAC-0000346912,EQL7FFLJRC99,2024,2025-03-28,FX9MWGNFQ941
2024-06-GSAFAC-0000346912,EQL7FFLJRC99,2024,2025-03-28,DCPVMWRT3DR4
2024-06-GSAFAC-0000346912,EQL7FFLJRC99,2024,2025-03-28,LTAXJ3R2ESZ7
2024-06-GSAFAC-0000346912,EQL7FFLJRC99,2024,2025-03-28,N95NY1A1U3M7
2024-06-GSAFAC-0000346912,EQL7FFLJRC99,2024,2025-03-28,E26NPPCKM1Y3
2024-06-GSAFAC-0000346912,EQL7FFLJRC99,2024,2025-03-28,CWKEECAJP9H9
2024-06-GSAFAC-0000346912,EQL7FFLJRC99,2024,2025-03-28,F1JRNREURZA5
2024-06-GSAFAC-0000346912,EQL7FFLJRC99,2024,2025-03-28,UM5ZN5DK3N91
2024-06-GSAFAC-0000346912,EQL7FFLJRC99,2024,2025-03-28,RVU6UF18YL89
2024-06-GSAFAC-0000346912,EQL7FFLJRC99,2024,2025-03-28,U3VPM7DAHCJ9
2024-06-GSAFAC-0000362106,Q35KCJJNN3J3,2024,2025-03-28,DEDCLBH5GBC3
2024-06-GSAFAC-0000362106,Q35KCJJNN3J3,2024,2025-03-28,XD8EQMV7EUV5
2024-06-GSAFAC-0000358304,PYK7WKBV8DJ5,2024,2025-03-28,RM5YTPY4VK11
2024-06-GSAFAC-0000358304,PYK7WKBV8DJ5,2024,2025-03-28,W6J6NATNK6J5
2024-06-GSAFAC-0000358304,PYK7WKBV8DJ5,2024,2025-03-28,FMRMLANNMVRS
2024-06-GSAFAC-0000358304,PYK7WKBV8DJ5,2024,2025-03-28,GN7RSED19W48
2024-06-GSAFAC-0000358304,PYK7WKBV8DJ5,2024,2025-03-28,NZMMW61JQTC8
2024-06-GSAFAC-0000358304,PYK7WKBV8DJ5,2024,2025-03-28,FFKFBWSX12E6
2024-06-GSAFAC-0000358304,PYK7WKBV8DJ5,2024,2025-03-28,U12NSPK6E3J7
2024-06-GSAFAC-0000358304,PYK7WKBV8DJ5,2024,2025-03-28,NDGJNKX6HVV4
2024-06-GSAFAC-0000358304,PYK7WKBV8DJ5,2024,2025-03-28,JLMFSATW7L49
2024-06-GSAFAC-0000358304,PYK7WKBV8DJ5,2024,2025-03-28,K36XUW21GZG3
2024-06-GSAFAC-0000358304,PYK7WKBV8DJ5,2024,2025-03-28,EDLLT4JTNC64
2024-06-GSAFAC-0000358304,PYK7WKBV8DJ5,2024,2025-03-28,W642L6XKV4A4
2024-06-GSAFAC-0000358304,PYK7WKBV8DJ5,2024,2025-03-28,MY84UCCN9KU7
2024-06-GSAFAC-0000358304,PYK7WKBV8DJ5,2024,2025-03-28,HMPJT7G2YKJ1
2024-06-GSAFAC-0000358304,PYK7WKBV8DJ5,2024,2025-03-28,C24TZTEXR6Q3
2024-06-GSAFAC-0000358304,PYK7WKBV8DJ5,2024,2025-03-28,DHQVY2WCVHC5
2024-06-GSAFAC-0000358304,PYK7WKBV8DJ5,2024,2025-03-28,C9VSHGHNKGQ6
2024-06-GSAFAC-0000358304,PYK7WKBV8DJ5,2024,2025-03-28,QGDQJ5B8ZU95
2024-06-GSAFAC-0000358304,PYK7WKBV8DJ5,2024,2025-03-28,P73DKW4MF1E5
2024-06-GSAFAC-0000358304,PYK7WKBV8DJ5,2024,2025-03-28,J34ULGUQP9X3
2024-06-GSAFAC-0000358304,PYK7WKBV8DJ5,2024,2025-03-28,M5FUE2N6U6S3
2024-06-GSAFAC-0000358304,PYK7WKBV8DJ5,2024,2025-03-28,Z8F8LDJUJ2W3
2024-06-GSAFAC-0000358304,PYK7WKBV8DJ5,2024,2025-03-28,JZWMTW5E9R62
2024-06-GSAFAC-0000358304,PYK7WKBV8DJ5,2024,2025-03-28,DZ7JQJU4BTA1
2024-06-GSAFAC-0000358304,PYK7WKBV8DJ5,2024,2025-03-28,CNLPHNANKEN7
2024-06-GSAFAC-0000358304,PYK7WKBV8DJ5,2024,2025-03-28,VBRKNZ9E3Q11
2024-06-GSAFAC-0000358304,PYK7WKBV8DJ5,2024,2025-03-28,QVEBFMQS6CT7
2024-06-GSAFAC-0000358304,PYK7WKBV8DJ5,2024,2025-03-28,JL4EX4R4A647
2024-06-GSAFAC-0000353807,XS56CDL7KTC7,2024,2025-03-28,K3WKV4JJKTL5
2024-06-GSAFAC-0000361822,EC2TJX3Y72B8,2024,2025-03-28,CUH9TB9XFZK4
2024-06-GSAFAC-0000044302,RS6DCM873FA3,2024,2025-03-28,LP3KDQULGJD4
2024-06-GSAFAC-0000362683,RTSBSRZCEKL1,2024,2025-03-28,WA9XENKP5PG5
2024-06-GSAFAC-0000355422,RU6AKBVU76J4,2024,2025-03-28,SKC9G4DTRNH7
2024-06-GSAFAC-0000356483,KMAHLN9YLNW9,2024,2025-03-28,S1PTDG88PKL3
2024-06-GSAFAC-0000356483,KMAHLN9YLNW9,2024,2025-03-28,D2RNLDY6NKB7
2024-06-GSAFAC-0000356483,KMAHLN9YLNW9,2024,2025-03-28,X311QYUDZMR1
2024-06-GSAFAC-0000361833,C6Z7L4K6AG21,2024,2025-03-28,NB77V234V3N4
2024-06-GSAFAC-0000363612,NRHNCSKYGFA7,2024,2025-03-28,USYKTU7JFJC7
2024-06-GSAFAC-0000348050,WUS2DMCT5RG7,2024,2025-03-28,QHQSJ9VLDES6
2024-09-GSAFAC-0000360992,LF2UCH3R6SW3,2024,2025-03-28,KH74LDD1HJN7
2024-06-GSAFAC-0000359209,WEJHV7JZPML3,2024,2025-03-28,S79KPMPDZA69
2024-06-GSAFAC-0000354040,DAKHSD18MVG5,2024,2025-03-28,R7SKS7UK6277
2024-06-GSAFAC-0000362725,HYK1UKR538B5,2024,2025-03-28,GDH3QJYJ1BD4
2024-06-GSAFAC-0000360844,E2NYLCDML6V1,2024,2025-03-28,DZEVBBTALUN4
2024-06-GSAFAC-0000354190,K2GKE2AHEKU3,2024,2025-03-28,JBCNNCHJVYC8
2024-06-GSAFAC-0000354190,K2GKE2AHEKU3,2024,2025-03-28,K6K5WKBAYGQ1
2024-06-GSAFAC-0000354190,K2GKE2AHEKU3,2024,2025-03-28,WFVHMSF6BU45
2024-06-GSAFAC-0000354190,K2GKE2AHEKU3,2024,2025-03-28,NTXJM52SHKS7
2024-06-GSAFAC-0000354190,K2GKE2AHEKU3,2024,2025-03-28,ZLGAMJE8YBN3
2024-06-GSAFAC-0000354190,K2GKE2AHEKU3,2024,2025-03-28,R597J3LBFG58
2024-06-GSAFAC-0000354190,K2GKE2AHEKU3,2024,2025-03-28,G1THVER8BNL4
2024-06-GSAFAC-0000354190,K2GKE2AHEKU3,2024,2025-03-28,M1K8LJAET5R1
2024-06-GSAFAC-0000354190,K2GKE2AHEKU3,2024,2025-03-28,X59NJBFL8BJ3
2024-06-GSAFAC-0000354190,K2GKE2AHEKU3,2024,2025-03-28,N2PNJNLP8E95
2024-06-GSAFAC-0000354190,K2GKE2AHEKU3,2024,2025-03-28,URF8B9DHAFZ7
2024-06-GSAFAC-0000360227,G56PUALJ3KT5,2024,2025-03-28,YNT8TCJH8FQ8
2024-06-GSAFAC-0000360227,G56PUALJ3KT5,2024,2025-03-28,PJUVN8AT5416
2024-06-GSAFAC-0000360227,G56PUALJ3KT5,2024,2025-03-28,ELS2M3C6V2S5
2024-06-GSAFAC-0000363805,W3YDLBPBALF7,2024,2025-03-28,JWLJEDAKYGC1
2024-06-GSAFAC-0000360542,L4FACR9F6GK7,2024,2025-03-28,C4CJPXNY9F81
2024-06-GSAFAC-0000360542,L4FACR9F6GK7,2024,2025-03-28,DBBKDE58TFT6
2024-06-GSAFAC-0000360542,L4FACR9F6GK7,2024,2025-03-28,E7CWVQKE29B7
2024-06-GSAFAC-0000360542,L4FACR9F6GK7,2024,2025-03-28,EMAQAGESAA51
2024-06-GSAFAC-0000360542,L4FACR9F6GK7,2024,2025-03-28,HWPCZ1P4A2Y9
2024-06-GSAFAC-0000360542,L4FACR9F6GK7,2024,2025-03-28,KEHKL6K4QVS6
2024-06-GSAFAC-0000360542,L4FACR9F6GK7,2024,2025-03-28,NA1ZGSULWWE3
2024-06-GSAFAC-0000360542,L4FACR9F6GK7,2024,2025-03-28,R118KPMBKJD7
2024-06-GSAFAC-0000360542,L4FACR9F6GK7,2024,2025-03-28,TNXUKLAJHM24
2024-06-GSAFAC-0000360542,L4FACR9F6GK7,2024,2025-03-28,WKZGZF6SLZ93
2024-06-GSAFAC-0000360542,L4FACR9F6GK7,2024,2025-03-28,G6ZMNLKUQXB1
2024-06-GSAFAC-0000358283,QKESSLC5LFR4,2024,2025-03-28,C9ARJMPGBHK1
2024-06-GSAFAC-0000358283,QKESSLC5LFR4,2024,2025-03-28,UXNJXE1QEZD4
2024-06-GSAFAC-0000359093,WHFRQVBXKB26,2024,2025-03-29,J3NKVM89ZLG4
2024-06-GSAFAC-0000359093,WHFRQVBXKB26,2024,2025-03-29,HUL4SZT2MLD8
2024-06-GSAFAC-0000359093,WHFRQVBXKB26,2024,2025-03-29,FS13A8M8WQM5
2024-06-GSAFAC-0000359093,WHFRQVBXKB26,2024,2025-03-29,HKFECAULCKN7
2024-06-GSAFAC-0000359093,WHFRQVBXKB26,2024,2025-03-29,QPGJB7SPDWY6
2024-06-GSAFAC-0000363157,CCCLRL2EACB3,2024,2025-03-29,MUYQHGEDLCM8
2024-06-GSAFAC-0000363157,CCCLRL2EACB3,2024,2025-03-29,G86GV5XJ4JZ9
2024-06-GSAFAC-0000363157,CCCLRL2EACB3,2024,2025-03-29,NGK3LJRGNVY6
2024-06-GSAFAC-0000363157,CCCLRL2EACB3,2024,2025-03-29,NLW6MSRVFMU8
2024-06-GSAFAC-0000363157,CCCLRL2EACB3,2024,2025-03-29,V82LMZDHM9G9
2024-06-GSAFAC-0000363157,CCCLRL2EACB3,2024,2025-03-29,G9Y3EL7L1LZ6
2024-06-GSAFAC-0000363157,CCCLRL2EACB3,2024,2025-03-29,D46WV9QKZPL7
2024-06-GSAFAC-0000363157,CCCLRL2EACB3,2024,2025-03-29,CHG6BUJ7SXQ5
2024-06-GSAFAC-0000363157,CCCLRL2EACB3,2024,2025-03-29,DZ5UGMB79NV3
2024-06-GSAFAC-0000363157,CCCLRL2EACB3,2024,2025-03-29,VGJBAYG5VZM4
2024-06-GSAFAC-0000363157,CCCLRL2EACB3,2024,2025-03-29,VF5XKMAYNFN6
2024-06-GSAFAC-0000363157,CCCLRL2EACB3,2024,2025-03-29,XN8NSL7QRB27
2024-06-GSAFAC-0000363157,CCCLRL2EACB3,2024,2025-03-29,W43JJUDAKAD3
2024-06-GSAFAC-0000363157,CCCLRL2EACB3,2024,2025-03-29,JM1KE1N7HTV5
2024-06-GSAFAC-0000363157,CCCLRL2EACB3,2024,2025-03-29,ZMRMNMY9XZT3
2024-06-GSAFAC-0000363157,CCCLRL2EACB3,2024,2025-03-29,KVFCE4VJH7N8
2024-06-GSAFAC-0000363157,CCCLRL2EACB3,2024,2025-03-29,JP77KV2SFK95
2024-06-GSAFAC-0000363157,CCCLRL2EACB3,2024,2025-03-29,VE48F93DBTW1
2024-06-GSAFAC-0000363157,CCCLRL2EACB3,2024,2025-03-29,ZHWLDF5M4HB3
2024-06-GSAFAC-0000363157,CCCLRL2EACB3,2024,2025-03-29,Z8RQNJ6MWXK9
2024-06-GSAFAC-0000363157,CCCLRL2EACB3,2024,2025-03-29,U9J1B3EL3156
2024-06-GSAFAC-0000363157,CCCLRL2EACB3,2024,2025-03-29,X54VE7PKLL83
2024-06-GSAFAC-0000351020,VK2DNC86A4Q2,2024,2025-03-29,UHXUXGKGAUY6
2024-06-GSAFAC-0000351020,VK2DNC86A4Q2,2024,2025-03-29,EC66NKKCME74
2024-06-GSAFAC-0000351020,VK2DNC86A4Q2,2024,2025-03-29,ED23QCVBME75
2024-06-GSAFAC-0000351020,VK2DNC86A4Q2,2024,2025-03-29,G2J6EHYDKP79
2024-06-GSAFAC-0000351020,VK2DNC86A4Q2,2024,2025-03-29,GKZNLM667KT6
2024-06-GSAFAC-0000351020,VK2DNC86A4Q2,2024,2025-03-29,GQCJMJQPGVC6
2024-06-GSAFAC-0000351020,VK2DNC86A4Q2,2024,2025-03-29,H38QT5AFZGL3
2024-06-GSAFAC-0000351020,VK2DNC86A4Q2,2024,2025-03-29,HK7KYKUGQJJ9
2024-06-GSAFAC-0000351020,VK2DNC86A4Q2,2024,2025-03-29,HNJKNXYHMDE3
2024-06-GSAFAC-0000351020,VK2DNC86A4Q2,2024,2025-03-29,HQ7BV9RJ3YK3
2024-06-GSAFAC-0000351020,VK2DNC86A4Q2,2024,2025-03-29,HR5JZH39TD45
2024-06-GSAFAC-0000351020,VK2DNC86A4Q2,2024,2025-03-29,JKQUMLBW6JN4
2024-06-GSAFAC-0000351020,VK2DNC86A4Q2,2024,2025-03-29,JMLXNVEKB353
2024-06-GSAFAC-0000351020,VK2DNC86A4Q2,2024,2025-03-29,K5XMQ1DAJ375
2024-06-GSAFAC-0000351020,VK2DNC86A4Q2,2024,2025-03-29,KBB6EBJS8CF1
2024-06-GSAFAC-0000351020,VK2DNC86A4Q2,2024,2025-03-29,KEX1XAL23XE1
2024-06-GSAFAC-0000351020,VK2DNC86A4Q2,2024,2025-03-29,LECJQDCLHVE5
2024-06-GSAFAC-0000351020,VK2DNC86A4Q2,2024,2025-03-29,LECJQDCLHVE5
2024-06-GSAFAC-0000351020,VK2DNC86A4Q2,2024,2025-03-29,ND27SAY9UXB3
2024-06-GSAFAC-0000351020,VK2DNC86A4Q2,2024,2025-03-29,NDBUB724F1D5
2024-06-GSAFAC-0000351020,VK2DNC86A4Q2,2024,2025-03-29,PLG5KUL9D8Z6
2024-06-GSAFAC-0000351020,VK2DNC86A4Q2,2024,2025-03-29,PQ4JMJDP4MQ9
2024-06-GSAFAC-0000351020,VK2DNC86A4Q2,2024,2025-03-29,Q8K6DER1H1X4
2024-06-GSAFAC-0000351020,VK2DNC86A4Q2,2024,2025-03-29,QHTMLJTFWJ13
2024-06-GSAFAC-0000351020,VK2DNC86A4Q2,2024,2025-03-29,QUADSU9GD9L9
2024-06-GSAFAC-0000351020,VK2DNC86A4Q2,2024,2025-03-29,R7H9LGK2KX93
2024-06-GSAFAC-0000351020,VK2DNC86A4Q2,2024,2025-03-29,UHXUXGKGAUY6
2024-06-GSAFAC-0000351020,VK2DNC86A4Q2,2024,2025-03-29,VK2DNC86A5Q2
2024-06-GSAFAC-0000351020,VK2DNC86A4Q2,2024,2025-03-29,Y6PKBKPDCSL3
2024-06-GSAFAC-0000351020,VK2DNC86A4Q2,2024,2025-03-29,ZRQQMK9XKBC6
2024-06-GSAFAC-0000349003,SJGRH7XMSBK6,2024,2025-03-29,HWL3FAHX9NA3
2024-06-GSAFAC-0000349003,SJGRH7XMSBK6,2024,2025-03-29,W4Z5MEE2X3J5
2024-06-GSAFAC-0000349003,SJGRH7XMSBK6,2024,2025-03-29,MDELWJR64KG1
2024-06-GSAFAC-0000349003,SJGRH7XMSBK6,2024,2025-03-29,Z3MPV554MWM8
2024-06-GSAFAC-0000349003,SJGRH7XMSBK6,2024,2025-03-29,ML5KEKN6WXY1
2024-06-GSAFAC-0000359704,LBFJB8N7LME3,2024,2025-03-29,SZPJL5ZRCLF4
2024-06-GSAFAC-0000359704,LBFJB8N7LME3,2024,2025-03-29,J9CDGR596MN3
2024-06-GSAFAC-0000359704,LBFJB8N7LME3,2024,2025-03-29,Y6MGH342N169
2024-06-GSAFAC-0000359704,LBFJB8N7LME3,2024,2025-03-29,GWCTP4CQ1E65
2024-06-GSAFAC-0000358501,GHUMTNSYMNH3,2024,2025-03-29,C8CBZNJS8DV5
2024-06-GSAFAC-0000358501,GHUMTNSYMNH3,2024,2025-03-29,GQR3F64EKCR3
2024-06-GSAFAC-0000358501,GHUMTNSYMNH3,2024,2025-03-29,PDHFBNL6DCB7
2024-06-GSAFAC-0000358501,GHUMTNSYMNH3,2024,2025-03-29,C73BPB1A9FJ3
2024-06-GSAFAC-0000358501,GHUMTNSYMNH3,2024,2025-03-29,S6KMKDUNKWL9
2024-06-GSAFAC-0000358501,GHUMTNSYMNH3,2024,2025-03-29,L5CJZCSTRLJ5
2024-06-GSAFAC-0000358501,GHUMTNSYMNH3,2024,2025-03-29,EJ8ZAH8FHMN5
2024-06-GSAFAC-0000358501,GHUMTNSYMNH3,2024,2025-03-29,H7KSTG1AL288
2024-06-GSAFAC-0000358501,GHUMTNSYMNH3,2024,2025-03-29,R78HM4G8JSJ5
2024-06-GSAFAC-0000358501,GHUMTNSYMNH3,2024,2025-03-29,LMVTEEEAN9U1
2024-06-GSAFAC-0000358501,GHUMTNSYMNH3,2024,2025-03-29,ZJRBAC8QFK98
2024-06-GSAFAC-0000361420,PMELJCUDNL17,2024,2025-03-29,MYZ6FGLDX1K4
2024-06-GSAFAC-0000361420,PMELJCUDNL17,2024,2025-03-29,TNQQV2XTRUP9
2024-06-GSAFAC-0000361420,PMELJCUDNL17,2024,2025-03-29,LLLFAZARJZD6
2024-06-GSAFAC-0000361420,PMELJCUDNL17,2024,2025-03-29,KBLPFKKQMJ87
2024-06-GSAFAC-0000361420,PMELJCUDNL17,2024,2025-03-29,C35RVNCULJN5
2024-06-GSAFAC-0000361420,PMELJCUDNL17,2024,2025-03-29,V21SL292G8J7
2024-06-GSAFAC-0000361420,PMELJCUDNL17,2024,2025-03-29,TJURX4A9KDC5
2024-06-GSAFAC-0000361420,PMELJCUDNL17,2024,2025-03-29,JU7XZBC56KJ4
2024-06-GSAFAC-0000361420,PMELJCUDNL17,2024,2025-03-29,XYNVGA9MLGN7
2024-06-GSAFAC-0000361420,PMELJCUDNL17,2024,2025-03-29,JSFAKPEEWFC3
2024-06-GSAFAC-0000361420,PMELJCUDNL17,2024,2025-03-29,PLC6GU3KSL55
2024-06-GSAFAC-0000359473,NCRMJ9KJ3S58,2024,2025-03-30,V6GSKPJEDLC1
2024-06-GSAFAC-0000359473,NCRMJ9KJ3S58,2024,2025-03-30,MRKWDKYGAS98
2024-06-GSAFAC-0000359473,NCRMJ9KJ3S58,2024,2025-03-30,CM1DQGJ8K3K9
2024-06-GSAFAC-0000359473,NCRMJ9KJ3S58,2024,2025-03-30,YUC4D2DQS6E1
2024-06-GSAFAC-0000359473,NCRMJ9KJ3S58,2024,2025-03-30,DMA7LGZ3RMT1
2024-06-GSAFAC-0000359473,NCRMJ9KJ3S58,2024,2025-03-30,MNS3KK4Y4MD3
2024-06-GSAFAC-0000359473,NCRMJ9KJ3S58,2024,2025-03-30,NG6PGJFQBML3
2024-06-GSAFAC-0000359473,NCRMJ9KJ3S58,2024,2025-03-30,VZ8GBEALT588
2024-06-GSAFAC-0000359473,NCRMJ9KJ3S58,2024,2025-03-30,DJE5JF2D6P23
2024-06-GSAFAC-0000359473,NCRMJ9KJ3S58,2024,2025-03-30,RQ3MKLRJ4LV6
2024-06-GSAFAC-0000359473,NCRMJ9KJ3S58,2024,2025-03-30,V9GSW38ZEVC5
2024-06-GSAFAC-0000359473,NCRMJ9KJ3S58,2024,2025-03-30,LA2HR1U97VC6
2024-06-GSAFAC-0000359473,NCRMJ9KJ3S58,2024,2025-03-30,TNVEUXNKAF57
2024-06-GSAFAC-0000359473,NCRMJ9KJ3S58,2024,2025-03-30,XVNEMFW345H9
2024-06-GSAFAC-0000359473,NCRMJ9KJ3S58,2024,2025-03-30,MJD5TWMNZ6P5
2024-06-GSAFAC-0000359473,NCRMJ9KJ3S58,2024,2025-03-30,VMG6M87JF766
2024-09-GSAFAC-0000363002,QVNDEMJQ3GD5,2024,2025-03-30,S36QLE3ZXQM5
2024-06-GSAFAC-0000359888,KFPXZJKBK8T9,2024,2025-03-31,D3J6CCW2V7T8
2024-06-GSAFAC-0000360951,W6JHCFD6A321,2024,2025-03-31,MGJGGBEWMG29
2024-06-GSAFAC-0000360353,ZETJL6DKF963,2024,2025-03-31,MN8XRV23F6V1
2024-06-GSAFAC-0000349446,JG4LGB66LJ88,2024,2025-03-31,DMUAZBH9KAK1
2024-06-GSAFAC-0000349446,JG4LGB66LJ88,2024,2025-03-31,K3SGJLGNHEZ4
2024-06-GSAFAC-0000349446,JG4LGB66LJ88,2024,2025-03-31,N9CLJA14KR25
2024-06-GSAFAC-0000349446,JG4LGB66LJ88,2024,2025-03-31,ZLY8FAQGNCY3
2024-06-GSAFAC-0000349446,JG4LGB66LJ88,2024,2025-03-31,X9K2JHHGL5M8
2024-06-GSAFAC-0000349446,JG4LGB66LJ88,2024,2025-03-31,ZS5PBXBMUKW1
2024-06-GSAFAC-0000349446,JG4LGB66LJ88,2024,2025-03-31,S6ZRV3S11Q21
2024-06-GSAFAC-0000349446,JG4LGB66LJ88,2024,2025-03-31,W24JBYL47HP5
2024-06-GSAFAC-0000349446,JG4LGB66LJ88,2024,2025-03-31,UJB9LRHNFKW6
2024-06-GSAFAC-0000349446,JG4LGB66LJ88,2024,2025-03-31,NFGKVVF89Q55
2024-06-GSAFAC-0000349446,JG4LGB66LJ88,2024,2025-03-31,NWKGN5KZE7N1
2024-06-GSAFAC-0000349446,JG4LGB66LJ88,2024,2025-03-31,NWABTW71GK58
2024-06-GSAFAC-0000349446,JG4LGB66LJ88,2024,2025-03-31,MQKPEU6D1BT5
2024-06-GSAFAC-0000349446,JG4LGB66LJ88,2024,2025-03-31,MLGMLZ76EMC3
2024-06-GSAFAC-0000349446,JG4LGB66LJ88,2024,2025-03-31,GJQ6WTD321L8
2024-06-GSAFAC-0000349446,JG4LGB66LJ88,2024,2025-03-31,CTUELEFNMLH3
2024-06-GSAFAC-0000349446,JG4LGB66LJ88,2024,2025-03-31,FH4HGA3T4H65
2024-06-GSAFAC-0000349446,JG4LGB66LJ88,2024,2025-03-31,ML8GCTH8C975
2024-06-GSAFAC-0000349446,JG4LGB66LJ88,2024,2025-03-31,FK41NVNHJJX5
2024-06-GSAFAC-0000349446,JG4LGB66LJ88,2024,2025-03-31,LF6NMSGJJAA1
2024-06-GSAFAC-0000349446,JG4LGB66LJ88,2024,2025-03-31,CH4JEQC7RSJ5
2024-06-GSAFAC-0000349446,JG4LGB66LJ88,2024,2025-03-31,JNJDJ2KAZ1J8
2024-06-GSAFAC-0000349446,JG4LGB66LJ88,2024,2025-03-31,KNS6QG128GN9
2024-06-GSAFAC-0000359732,NC8UMSACCLN5,2024,2025-03-31,YGVLQQ23J2Z1
2024-06-GSAFAC-0000359732,NC8UMSACCLN5,2024,2025-03-31,DFRSGEGKD6M6
2024-06-GSAFAC-0000359732,NC8UMSACCLN5,2024,2025-03-31,HPUJNXL7FH81
2024-06-GSAFAC-0000359732,NC8UMSACCLN5,2024,2025-03-31,GKQPH6J32LN7
2024-06-GSAFAC-0000359732,NC8UMSACCLN5,2024,2025-03-31,XJBQBX4U62A7
2024-06-GSAFAC-0000359732,NC8UMSACCLN5,2024,2025-03-31,JTGHESYB8QF7
2024-06-GSAFAC-0000359732,NC8UMSACCLN5,2024,2025-03-31,DUX6LETM8MN1
2024-06-GSAFAC-0000359732,NC8UMSACCLN5,2024,2025-03-31,XKX7M2G43ZK5
2024-06-GSAFAC-0000359732,NC8UMSACCLN5,2024,2025-03-31,TL9NCVARNPP9
2024-06-GSAFAC-0000359732,NC8UMSACCLN5,2024,2025-03-31,H952BUAS7CU3
2024-06-GSAFAC-0000359732,NC8UMSACCLN5,2024,2025-03-31,PNANGNXC8LA8
2024-06-GSAFAC-0000359732,NC8UMSACCLN5,2024,2025-03-31,J1KWEKZKCBU9
2024-06-GSAFAC-0000359732,NC8UMSACCLN5,2024,2025-03-31,WQS3X27H9991
2024-06-GSAFAC-0000359732,NC8UMSACCLN5,2024,2025-03-31,PDLPZCLT3L83
2024-06-GSAFAC-0000359732,NC8UMSACCLN5,2024,2025-03-31,W8RQAEDNUMX7
2024-06-GSAFAC-0000359732,NC8UMSACCLN5,2024,2025-03-31,R65MGCUJD9Q5
2024-06-GSAFAC-0000359732,NC8UMSACCLN5,2024,2025-03-31,KYNPCAFAQLL7
2024-06-GSAFAC-0000359732,NC8UMSACCLN5,2024,2025-03-31,VBNTCUKT3YT1
2024-06-GSAFAC-0000359732,NC8UMSACCLN5,2024,2025-03-31,EJKUX9DWQK65
2024-06-GSAFAC-0000359732,NC8UMSACCLN5,2024,2025-03-31,SKKUMUB33DG9
2024-06-GSAFAC-0000359732,NC8UMSACCLN5,2024,2025-03-31,GALANN94TV68
2024-06-GSAFAC-0000359732,NC8UMSACCLN5,2024,2025-03-31,L922GZ3VLV69
2024-06-GSAFAC-0000359732,NC8UMSACCLN5,2024,2025-03-31,EGNALABKQUF4
2024-06-GSAFAC-0000359732,NC8UMSACCLN5,2024,2025-03-31,GDXAPKX4N922
2024-06-GSAFAC-0000359732,NC8UMSACCLN5,2024,2025-03-31,LBZVUEPMPCL9
2024-06-GSAFAC-0000359732,NC8UMSACCLN5,2024,2025-03-31,KTZHW2TU1N35
2024-06-GSAFAC-0000359732,NC8UMSACCLN5,2024,2025-03-31,HD2JM719PV43
2024-06-GSAFAC-0000359732,NC8UMSACCLN5,2024,2025-03-31,G8N7TMEP2HT3
2024-06-GSAFAC-0000359732,NC8UMSACCLN5,2024,2025-03-31,V53WDF42KHN4
2024-06-GSAFAC-0000359732,NC8UMSACCLN5,2024,2025-03-31,J6MKK4WPB5Y8
2024-06-GSAFAC-0000359732,NC8UMSACCLN5,2024,2025-03-31,F49HHNDR5LJ5
2024-06-GSAFAC-0000359732,NC8UMSACCLN5,2024,2025-03-31,PDMJH9KP2JK2
2024-06-GSAFAC-0000359732,NC8UMSACCLN5,2024,2025-03-31,EF6TCJGSRDF4
2024-06-GSAFAC-0000359732,NC8UMSACCLN5,2024,2025-03-31,FENYF8PUGPY8
2024-06-GSAFAC-0000359732,NC8UMSACCLN5,2024,2025-03-31,M2WMNC6CQGG8
2024-06-GSAFAC-0000359732,NC8UMSACCLN5,2024,2025-03-31,EVH2FVQNH8J6
2024-06-GSAFAC-0000359732,NC8UMSACCLN5,2024,2025-03-31,EKP2WKQRWJF3
2024-06-GSAFAC-0000359732,NC8UMSACCLN5,2024,2025-03-31,JZB4GJJJYWT5
2024-06-GSAFAC-0000359732,NC8UMSACCLN5,2024,2025-03-31,HBMGSC391G97
2024-06-GSAFAC-0000359732,NC8UMSACCLN5,2024,2025-03-31,CLKEKKGMGJP8
2024-06-GSAFAC-0000359732,NC8UMSACCLN5,2024,2025-03-31,N7HGRQMLKWC3
2024-06-GSAFAC-0000359732,NC8UMSACCLN5,2024,2025-03-31,CLKEKKGMGJP8
2024-06-GSAFAC-0000359732,NC8UMSACCLN5,2024,2025-03-31,E32JH7C6LW39
2024-06-GSAFAC-0000359732,NC8UMSACCLN5,2024,2025-03-31,RE5KRLKZ2LK3
2024-06-GSAFAC-0000359732,NC8UMSACCLN5,2024,2025-03-31,YN4MB2F33BD7
2024-06-GSAFAC-0000359732,NC8UMSACCLN5,2024,2025-03-31,QT8SSYALAFS5
2024-06-GSAFAC-0000359732,NC8UMSACCLN5,2024,2025-03-31,FHNCT52K3G18
2024-06-GSAFAC-0000359732,NC8UMSACCLN5,2024,2025-03-31,LRJBCW11YMS7
2024-06-GSAFAC-0000359732,NC8UMSACCLN5,2024,2025-03-31,D9ZXG7SNEBK3
2024-06-GSAFAC-0000359732,NC8UMSACCLN5,2024,2025-03-31,YZYRRKTY5A55
2024-06-GSAFAC-0000359732,NC8UMSACCLN5,2024,2025-03-31,HJYBSCHHQNM7
2024-06-GSAFAC-0000359387,R8JEVL4ULGB7,2024,2025-03-31,E5Y6DDDP2M54
2024-06-GSAFAC-0000359387,R8JEVL4ULGB7,2024,2025-03-31,EG5WUCPVAJT9
2024-06-GSAFAC-0000359387,R8JEVL4ULGB7,2024,2025-03-31,HNLGJQZLSWQ8
2024-06-GSAFAC-0000359387,R8JEVL4ULGB7,2024,2025-03-31,JBP5VWHKL2B1
2024-06-GSAFAC-0000359387,R8JEVL4ULGB7,2024,2025-03-31,L4FKCC85LH89
2024-06-GSAFAC-0000359387,R8JEVL4ULGB7,2024,2025-03-31,L6B2FRUVCNL6
2024-06-GSAFAC-0000359387,R8JEVL4ULGB7,2024,2025-03-31,PL1WMFLMNK39
2024-06-GSAFAC-0000359387,R8JEVL4ULGB7,2024,2025-03-31,QD3YQM99G1B3
2024-06-GSAFAC-0000359387,R8JEVL4ULGB7,2024,2025-03-31,QGNXHRHUJ6X1
2023-12-GSAFAC-0000361320,D65JCDLV2LE5,2023,2025-03-31,KCY7DMHAPE38
2023-12-GSAFAC-0000066529,EG6AYKJSFKL5,2023,2025-03-31,K7KDSFJ1YHZ8
2023-12-GSAFAC-0000066529,EG6AYKJSFKL5,2023,2025-03-31,TKN1WV3BMU44
2023-12-GSAFAC-0000066529,EG6AYKJSFKL5,2023,2025-03-31,J9RCNA5PAXG1
2024-09-GSAFAC-0000360089,JWKJKYRPLLU6,2024,2025-03-31,CNWJY78LD581
2024-09-GSAFAC-0000360089,JWKJKYRPLLU6,2024,2025-03-31,MGUSB2UPCAK1
2024-09-GSAFAC-0000360089,JWKJKYRPLLU6,2024,2025-03-31,JDQEQ2KWN966
2024-06-GSAFAC-0000360017,HN1YXDE1L556,2024,2025-03-31,J2KKAM7X8NE9
2024-06-GSAFAC-0000360017,HN1YXDE1L556,2024,2025-03-31,G391W6G9VKM1
2024-06-GSAFAC-0000360017,HN1YXDE1L556,2024,2025-03-31,TCA4GLLB4DF5
2024-06-GSAFAC-0000359730,CJJKBJKFAHM9,2024,2025-03-31,JC4KQ6JE1HY1
2024-06-GSAFAC-0000359730,CJJKBJKFAHM9,2024,2025-03-31,KPJ4R2MVLRA6
2024-06-GSAFAC-0000359730,CJJKBJKFAHM9,2024,2025-03-31,G6NJRTDKC6J5
2024-06-GSAFAC-0000359730,CJJKBJKFAHM9,2024,2025-03-31,VAHXFBLGVHE1
2024-06-GSAFAC-0000359730,CJJKBJKFAHM9,2024,2025-03-31,XLC1LZKTVK17
2024-06-GSAFAC-0000359730,CJJKBJKFAHM9,2024,2025-03-31,KGSAVNB1JEK3
2024-06-GSAFAC-0000359730,CJJKBJKFAHM9,2024,2025-03-31,RZLCPNEEJDC5
2024-06-GSAFAC-0000359730,CJJKBJKFAHM9,2024,2025-03-31,NYJHJ2PGKVJ1
2024-06-GSAFAC-0000357993,D3LYFCJXMRS5,2024,2025-03-31,C169K7T4QZ96
2024-06-GSAFAC-0000357993,D3LYFCJXMRS5,2024,2025-03-31,C85JZKKJBD35
2024-06-GSAFAC-0000357993,D3LYFCJXMRS5,2024,2025-03-31,CL8JHK1LN291
2024-06-GSAFAC-0000357993,D3LYFCJXMRS5,2024,2025-03-31,DJ87ZC59JDR6
2024-06-GSAFAC-0000357993,D3LYFCJXMRS5,2024,2025-03-31,DNVMJM76ZCF3
2024-06-GSAFAC-0000357993,D3LYFCJXMRS5,2024,2025-03-31,DTM2ZNEDHU24
2024-06-GSAFAC-0000357993,D3LYFCJXMRS5,2024,2025-03-31,ECQEYCHRNKJ4
2024-06-GSAFAC-0000357993,D3LYFCJXMRS5,2024,2025-03-31,EH9NSN8WTCM5
2024-06-GSAFAC-0000357993,D3LYFCJXMRS5,2024,2025-03-31,EJ7MNVJ4FDN3
2024-06-GSAFAC-0000357993,D3LYFCJXMRS5,2024,2025-03-31,EP32RWE3HDJ7
2024-06-GSAFAC-0000357993,D3LYFCJXMRS5,2024,2025-03-31,EVVNRGGPCJ54
2024-06-GSAFAC-0000357993,D3LYFCJXMRS5,2024,2025-03-31,EXKMBGYU7HH5
2024-06-GSAFAC-0000357993,D3LYFCJXMRS5,2024,2025-03-31,F34BUS8GBPM6
2024-06-GSAFAC-0000357993,D3LYFCJXMRS5,2024,2025-03-31,F3GJXVP1L166
2024-06-GSAFAC-0000357993,D3LYFCJXMRS5,2024,2025-03-31,FA4VKPTJRLY8
2024-06-GSAFAC-0000357993,D3LYFCJXMRS5,2024,2025-03-31,FEFMHBJM5LG5
2024-06-GSAFAC-0000357993,D3LYFCJXMRS5,2024,2025-03-31,FZ2RFMSHKKX3
2024-06-GSAFAC-0000357993,D3LYFCJXMRS5,2024,2025-03-31,GAWTFKJ8ZRC5
2024-06-GSAFAC-0000357993,D3LYFCJXMRS5,2024,2025-03-31,GETYNKENXB51
2024-06-GSAFAC-0000357993,D3LYFCJXMRS5,2024,2025-03-31,GPMMXSPLFAJ3
2024-06-GSAFAC-0000357993,D3LYFCJXMRS5,2024,2025-03-31,GR8HLNHB8XN3
2024-06-GSAFAC-0000357993,D3LYFCJXMRS5,2024,2025-03-31,H3JLXJEM2W66
2024-06-GSAFAC-0000357993,D3LYFCJXMRS5,2024,2025-03-31,H6B5NUD3R5E7
2024-06-GSAFAC-0000357993,D3LYFCJXMRS5,2024,2025-03-31,H7CJA7NX9WN3
2024-06-GSAFAC-0000357993,D3LYFCJXMRS5,2024,2025-03-31,H8WAK92N68D3
2024-06-GSAFAC-0000357993,D3LYFCJXMRS5,2024,2025-03-31,HJ4MHJBBLZ28
2024-06-GSAFAC-0000357993,D3LYFCJXMRS5,2024,2025-03-31,HLCPS564VN25
2024-06-GSAFAC-0000357993,D3LYFCJXMRS5,2024,2025-03-31,HLGHAKKQSWQ6
2024-06-GSAFAC-0000357993,D3LYFCJXMRS5,2024,2025-03-31,HSHYB6PSMNB7
2024-06-GSAFAC-0000357993,D3LYFCJXMRS5,2024,2025-03-31,HVS2GA4UJL28
2024-06-GSAFAC-0000357993,D3LYFCJXMRS5,2024,2025-03-31,HYNBDW8BGZ34
2024-06-GSAFAC-0000357993,D3LYFCJXMRS5,2024,2025-03-31,J45HYB9SPR25
2024-06-GSAFAC-0000357993,D3LYFCJXMRS5,2024,2025-03-31,JHL4WQBPT8N7
2024-06-GSAFAC-0000357993,D3LYFCJXMRS5,2024,2025-03-31,JJZPALVEJA43
2024-06-GSAFAC-0000357993,D3LYFCJXMRS5,2024,2025-03-31,JS89TNGT7WP1
2024-06-GSAFAC-0000357993,D3LYFCJXMRS5,2024,2025-03-31,KGN6REHA2H73
2024-06-GSAFAC-0000357993,D3LYFCJXMRS5,2024,2025-03-31,KK1FBDLJVWB3
2024-06-GSAFAC-0000357993,D3LYFCJXMRS5,2024,2025-03-31,KYCFV7KEVRK3
2024-06-GSAFAC-0000357993,D3LYFCJXMRS5,2024,2025-03-31,L24VTNX3ABU1
2024-06-GSAFAC-0000357993,D3LYFCJXMRS5,2024,2025-03-31,L2BEP1NGFN18
2024-06-GSAFAC-0000357993,D3LYFCJXMRS5,2024,2025-03-31,L2GPNJZBM283
2024-06-GSAFAC-0000357993,D3LYFCJXMRS5,2024,2025-03-31,L72NC2GD75H5
2024-06-GSAFAC-0000357993,D3LYFCJXMRS5,2024,2025-03-31,L8BLBPA7ULU3
2024-06-GSAFAC-0000357993,D3LYFCJXMRS5,2024,2025-03-31,LF19SJ2BNLD1
2024-06-GSAFAC-0000357993,D3LYFCJXMRS5,2024,2025-03-31,LFLBEETJJ568
2024-06-GSAFAC-0000357993,D3LYFCJXMRS5,2024,2025-03-31,LUPVA3MWCLB4
2024-06-GSAFAC-0000357993,D3LYFCJXMRS5,2024,2025-03-31,LW6BMM7LQCF4
2024-06-GSAFAC-0000357993,D3LYFCJXMRS5,2024,2025-03-31,LYFHMXA4K7K7
2024-06-GSAFAC-0000357993,D3LYFCJXMRS5,2024,2025-03-31,M22LMLG4VZ96
2024-06-GSAFAC-0000357993,D3LYFCJXMRS5,2024,2025-03-31,M3XBHNFAFYL5
2024-06-GSAFAC-0000357993,D3LYFCJXMRS5,2024,2025-03-31,M7KCJ79FAVH5
2024-06-GSAFAC-0000357993,D3LYFCJXMRS5,2024,2025-03-31,M9RNDNL51N45
2024-06-GSAFAC-0000357993,D3LYFCJXMRS5,2024,2025-03-31,MM1DHXTUKLG8
2024-06-GSAFAC-0000357993,D3LYFCJXMRS5,2024,2025-03-31,MMBBKPAG4XC7
2024-06-GSAFAC-0000357993,D3LYFCJXMRS5,2024,2025-03-31,MNDDC3HNZF71
2024-06-GSAFAC-0000357993,D3LYFCJXMRS5,2024,2025-03-31,MWYVQTQ32ME5
2024-06-GSAFAC-0000357993,D3LYFCJXMRS5,2024,2025-03-31,N3KZG2JX5LH6
2024-06-GSAFAC-0000357993,D3LYFCJXMRS5,2024,2025-03-31,NFDYXNG8MNT1
2024-06-GSAFAC-0000357993,D3LYFCJXMRS5,2024,2025-03-31,NN2FL2GKART3
2024-06-GSAFAC-0000357993,D3LYFCJXMRS5,2024,2025-03-31,NW9QDHBX7ZM7
2024-06-GSAFAC-0000357993,D3LYFCJXMRS5,2024,2025-03-31,PAMDY6DMVVE7
2024-06-GSAFAC-0000357993,D3LYFCJXMRS5,2024,2025-03-31,QRFEAPAUV346
2024-06-GSAFAC-0000357993,D3LYFCJXMRS5,2024,2025-03-31,R19BYMBDMG53
2024-06-GSAFAC-0000357993,D3LYFCJXMRS5,2024,2025-03-31,RKAUMC2YRTM5
2024-06-GSAFAC-0000357993,D3LYFCJXMRS5,2024,2025-03-31,RNJGSL6JRF56
2024-06-GSAFAC-0000357993,D3LYFCJXMRS5,2024,2025-03-31,RNLTFNJPV5K8
2024-06-GSAFAC-0000357993,D3LYFCJXMRS5,2024,2025-03-31,RNT3TFN18599
2024-06-GSAFAC-0000357993,D3LYFCJXMRS5,2024,2025-03-31,S1V9LLHFK754
2024-06-GSAFAC-0000357993,D3LYFCJXMRS5,2024,2025-03-31,SUMELGB1JAS1
2024-06-GSAFAC-0000357993,D3LYFCJXMRS5,2024,2025-03-31,T7CNFK9XSSX3
2024-06-GSAFAC-0000357993,D3LYFCJXMRS5,2024,2025-03-31,TMMEDSRFDGT9
2024-06-GSAFAC-0000357993,D3LYFCJXMRS5,2024,2025-03-31,TMNHCUCQVKW3
2024-06-GSAFAC-0000357993,D3LYFCJXMRS5,2024,2025-03-31,UF3LV6W2W6K9
2024-06-GSAFAC-0000357993,D3LYFCJXMRS5,2024,2025-03-31,UM19R9XPL1N5
2024-06-GSAFAC-0000357993,D3LYFCJXMRS5,2024,2025-03-31,VJ4EWLFCUFM5
2024-06-GSAFAC-0000357993,D3LYFCJXMRS5,2024,2025-03-31,VSFGUNJJTDX3
2024-06-GSAFAC-0000357993,D3LYFCJXMRS5,2024,2025-03-31,W2X5N6359N14
2024-06-GSAFAC-0000357993,D3LYFCJXMRS5,2024,2025-03-31,WBXSX1KJEYE5
2024-06-GSAFAC-0000357993,D3LYFCJXMRS5,2024,2025-03-31,WN65S2C48ZJ4
2024-06-GSAFAC-0000357993,D3LYFCJXMRS5,2024,2025-03-31,WPC1ZX42HL11
2024-06-GSAFAC-0000357993,D3LYFCJXMRS5,2024,2025-03-31,WYXKK9CR1LE7
2024-06-GSAFAC-0000357993,D3LYFCJXMRS5,2024,2025-03-31,X7BUUFKPDYV3
2024-06-GSAFAC-0000357993,D3LYFCJXMRS5,2024,2025-03-31,YL7CN1KNVXP6
2024-06-GSAFAC-0000357993,D3LYFCJXMRS5,2024,2025-03-31,YMMKMX1KMQC4
2024-06-GSAFAC-0000357993,D3LYFCJXMRS5,2024,2025-03-31,YT7QTJ8S9JR6
2024-06-GSAFAC-0000357993,D3LYFCJXMRS5,2024,2025-03-31,ZF6UV79JW912
2024-06-GSAFAC-0000357993,D3LYFCJXMRS5,2024,2025-03-31,ZHM7EYJJKKJ9
2024-06-GSAFAC-0000357993,D3LYFCJXMRS5,2024,2025-03-31,ZYP6TFKV5H45
2024-06-GSAFAC-0000357993,D3LYFCJXMRS5,2024,2025-03-31,ZZZQTSEXGAP8
2024-06-GSAFAC-0000363072,DXE5DDQ2LE17,2024,2025-03-31,V3E4SCJ2QQS5
2024-06-GSAFAC-0000357561,NPM2J7MSCF61,2024,2025-03-31,CX37AW178ER7
2024-06-GSAFAC-0000357561,NPM2J7MSCF61,2024,2025-03-31,LW4MXE7SKMV1
2024-06-GSAFAC-0000357561,NPM2J7MSCF61,2024,2025-03-31,WCKVTGN5QRW9
2024-06-GSAFAC-0000357561,NPM2J7MSCF61,2024,2025-03-31,C7H5P5GZNWM3
2024-06-GSAFAC-0000357561,NPM2J7MSCF61,2024,2025-03-31,SGENXPU73YM3
2024-06-GSAFAC-0000357561,NPM2J7MSCF61,2024,2025-03-31,DMFYFJYTGEC1
2024-06-GSAFAC-0000357561,NPM2J7MSCF61,2024,2025-03-31,FMRJAGEKALE5
2024-06-GSAFAC-0000357561,NPM2J7MSCF61,2024,2025-03-31,TNKGNDAWB445
2024-06-GSAFAC-0000357561,NPM2J7MSCF61,2024,2025-03-31,WECQKMUYA9Y1
2024-06-GSAFAC-0000357561,NPM2J7MSCF61,2024,2025-03-31,QJ6XRDCXNUW1
2024-06-GSAFAC-0000357648,EJRKDPC1R9P8,2024,2025-03-31,ENVMCMV7QVA7
2024-06-GSAFAC-0000361844,TNMXGCQBFAX1,2024,2025-03-31,JR1FE2M3CSF4
2024-06-GSAFAC-0000361844,TNMXGCQBFAX1,2024,2025-03-31,LAPGABWH77M1
2024-06-GSAFAC-0000363083,ULJUBAHJKTM6,2024,2025-03-31,NA9MNL8CB7F3
2024-06-GSAFAC-0000364039,KJ1HZF2TAFS9,2024,2025-03-31,DYFJKCT5WUD9
2024-06-GSAFAC-0000363634,GPZTD5J5HM15,2024,2025-03-31,JM9YNMGKWLR1
2024-06-GSAFAC-0000363290,NPEGUK6SGP48,2024,2025-03-31,LYT2RANLKGZ3
2024-06-GSAFAC-0000362618,V41YWDPFVWW8,2024,2025-03-31,FUAKHMJE2437
2024-06-GSAFAC-0000362618,V41YWDPFVWW8,2024,2025-03-31,J9U3RRVFMGB3
2024-06-GSAFAC-0000362618,V41YWDPFVWW8,2024,2025-03-31,U4L4WLM5L9C6
2024-06-GSAFAC-0000362618,V41YWDPFVWW8,2024,2025-03-31,DECEM6WK8J17
2024-06-GSAFAC-0000362618,V41YWDPFVWW8,2024,2025-03-31,XEMDAB3PPUR3
2024-06-GSAFAC-0000362618,V41YWDPFVWW8,2024,2025-03-31,FCG7FDMD87L9
2024-06-GSAFAC-0000355503,FD6JYG9QQRG9,2024,2025-03-31,EEHHXEV5HMK7
2024-06-GSAFAC-0000355503,FD6JYG9QQRG9,2024,2025-03-31,N2FKX1MTFAL1
2024-06-GSAFAC-0000358404,R1JZT4MTLLA3,2024,2025-03-31,PH5EWTRQTCZ6
2024-06-GSAFAC-0000358404,R1JZT4MTLLA3,2024,2025-03-31,WLKST1AYRQM8
2024-06-GSAFAC-0000358404,R1JZT4MTLLA3,2024,2025-03-31,J9UFCQX98CZ4
2024-09-GSAFAC-0000356923,J3H8J7BZLAK6,2024,2025-03-31,CDRKT5A8JRC3
2024-09-GSAFAC-0000356923,J3H8J7BZLAK6,2024,2025-03-31,EZGUW13GQFK5
2024-09-GSAFAC-0000356923,J3H8J7BZLAK6,2024,2025-03-31,STJHKA38NWJ8
2024-09-GSAFAC-0000356923,J3H8J7BZLAK6,2024,2025-03-31,C3H2YRRSJDQ7
2024-09-GSAFAC-0000356923,J3H8J7BZLAK6,2024,2025-03-31,ZXJKJPUUKN92
2024-09-GSAFAC-0000356923,J3H8J7BZLAK6,2024,2025-03-31,S953CU7Y37W1
2024-09-GSAFAC-0000356923,J3H8J7BZLAK6,2024,2025-03-31,W9CVLSDED2G3
2024-09-GSAFAC-0000356923,J3H8J7BZLAK6,2024,2025-03-31,RNK9MLE8GJC7
2024-09-GSAFAC-0000356923,J3H8J7BZLAK6,2024,2025-03-31,JLGWZKB16WM3
2024-09-GSAFAC-0000356923,J3H8J7BZLAK6,2024,2025-03-31,KDFCG1CKD734
2024-09-GSAFAC-0000356923,J3H8J7BZLAK6,2024,2025-03-31,X2TJLML2RLP8
2024-09-GSAFAC-0000356923,J3H8J7BZLAK6,2024,2025-03-31,JUN1B8URNBR3
2024-09-GSAFAC-0000356923,J3H8J7BZLAK6,2024,2025-03-31,QT9LJAPJWG29
2024-09-GSAFAC-0000356923,J3H8J7BZLAK6,2024,2025-03-31,JJYVMAKBTAA9
2024-09-GSAFAC-0000356923,J3H8J7BZLAK6,2024,2025-03-31,FKHVANDP87C4
2024-06-GSAFAC-0000360466,ZUE9HKT2CLC9,2024,2025-03-31,M2XKLRTA9G44
2024-06-GSAFAC-0000360466,ZUE9HKT2CLC9,2024,2025-03-31,GEJFEZNR9TQ7
2024-06-GSAFAC-0000360466,ZUE9HKT2CLC9,2024,2025-03-31,U4DZMW5AHNN7
2024-06-GSAFAC-0000363321,HH84A4YLR1Y9,2024,2025-03-31,KL71PMHQ43T5
2024-06-GSAFAC-0000363321,HH84A4YLR1Y9,2024,2025-03-31,HEMBCTLWDGR5
2024-06-GSAFAC-0000363321,HH84A4YLR1Y9,2024,2025-03-31,KGXMYPHN1943
2024-06-GSAFAC-0000363321,HH84A4YLR1Y9,2024,2025-03-31,KGKJXLTDKKZ6
2023-06-GSAFAC-0000363535,EFL6KZE4N9S8,2023,2025-03-31,N7PTEVH8S3X9
2023-06-GSAFAC-0000363535,EFL6KZE4N9S8,2023,2025-03-31,MKDNT7TCK8H3
2024-06-GSAFAC-0000363585,EFL6KZE4N9S8,2024,2025-03-31,N7PTEVH8S3X9
2024-06-GSAFAC-0000363585,EFL6KZE4N9S8,2024,2025-03-31,MKDNT7TCK8H3
2024-06-GSAFAC-0000363786,CCKDBN6KJN86,2024,2025-03-31,KMVNH6KECXF9
2024-06-GSAFAC-0000364012,GM7WK5Z7A5M1,2024,2025-03-31,GVEGRLWEJ754
2024-06-GSAFAC-0000363722,K22SVM414JE7,2024,2025-03-31,JB9YLJZMNP73
2024-06-GSAFAC-0000362741,P834PS1N4MJ4,2024,2025-03-31,JN95YNEKUZ33
2024-06-GSAFAC-0000362741,P834PS1N4MJ4,2024,2025-03-31,H43LD2KL2GP4
2024-06-GSAFAC-0000362741,P834PS1N4MJ4,2024,2025-03-31,HPF7F5V91F44
2024-06-GSAFAC-0000362741,P834PS1N4MJ4,2024,2025-03-31,CD1SQEWMNN45
2024-06-GSAFAC-0000362741,P834PS1N4MJ4,2024,2025-03-31,ENSSM28X5VZ5
2024-06-GSAFAC-0000362741,P834PS1N4MJ4,2024,2025-03-31,VTW3YQ1BMML5
2024-06-GSAFAC-0000362741,P834PS1N4MJ4,2024,2025-03-31,P8R5KT5PJHF4
2024-06-GSAFAC-0000362741,P834PS1N4MJ4,2024,2025-03-31,WFKFA9976HY1
2024-06-GSAFAC-0000362741,P834PS1N4MJ4,2024,2025-03-31,U3JUQEYXN641
2024-06-GSAFAC-0000362741,P834PS1N4MJ4,2024,2025-03-31,J947ETJSBV84
2024-06-GSAFAC-0000362741,P834PS1N4MJ4,2024,2025-03-31,XMKFQ1ZK4DD8
2024-06-GSAFAC-0000362741,P834PS1N4MJ4,2024,2025-03-31,S52PMDBXDLW7
2024-06-GSAFAC-0000362741,P834PS1N4MJ4,2024,2025-03-31,U2RGHGKM2Y65
2024-06-GSAFAC-0000362741,P834PS1N4MJ4,2024,2025-03-31,Z4HAWHBFLGZ8
2024-06-GSAFAC-0000362741,P834PS1N4MJ4,2024,2025-03-31,U2RGVT4A7J93
2024-06-GSAFAC-0000362741,P834PS1N4MJ4,2024,2025-03-31,U31NLZ5M9Z24
2024-06-GSAFAC-0000362741,P834PS1N4MJ4,2024,2025-03-31,JEAWB2VCVAL1
2024-06-GSAFAC-0000362741,P834PS1N4MJ4,2024,2025-03-31,ZL1RUTLY1FJ3
2024-06-GSAFAC-0000357564,DVVDWJ98XDV7,2024,2025-03-31,MNEER4H7L6H9
2024-06-GSAFAC-0000357564,DVVDWJ98XDV7,2024,2025-03-31,PB73X5TNEWM3
2024-06-GSAFAC-0000357564,DVVDWJ98XDV7,2024,2025-03-31,REG7DB4HD687
2024-06-GSAFAC-0000357564,DVVDWJ98XDV7,2024,2025-03-31,JB33PN9JXNX8
2024-06-GSAFAC-0000357564,DVVDWJ98XDV7,2024,2025-03-31,EA9DMKJWDWL3
2024-06-GSAFAC-0000357564,DVVDWJ98XDV7,2024,2025-03-31,FV82SAKDWFP6
2024-06-GSAFAC-0000357564,DVVDWJ98XDV7,2024,2025-03-31,KSUKK16HH7L3
2024-06-GSAFAC-0000361568,Y9L8P4EMGW51,2024,2025-03-31,Y2Z3TMWB73D4
2024-06-GSAFAC-0000361628,MMAZGB3ERDF5,2024,2025-03-31,C2KAL6NFU577
2024-06-GSAFAC-0000361628,MMAZGB3ERDF5,2024,2025-03-31,DJA1QJQ8NL37
2024-06-GSAFAC-0000361628,MMAZGB3ERDF5,2024,2025-03-31,EHF3D17DKT35
2024-06-GSAFAC-0000361628,MMAZGB3ERDF5,2024,2025-03-31,F4QXBFCNV9D3
2024-06-GSAFAC-0000361628,MMAZGB3ERDF5,2024,2025-03-31,HP15QE2BDJA3
2024-06-GSAFAC-0000361628,MMAZGB3ERDF5,2024,2025-03-31,J34XHFRLK3M9
2024-06-GSAFAC-0000361628,MMAZGB3ERDF5,2024,2025-03-31,J8W9Z4NR6KH7
2024-06-GSAFAC-0000361628,MMAZGB3ERDF5,2024,2025-03-31,J9ZKJL5B73E7
2024-06-GSAFAC-0000361628,MMAZGB3ERDF5,2024,2025-03-31,JE28FEB392K9
2024-06-GSAFAC-0000361628,MMAZGB3ERDF5,2024,2025-03-31,JK2SHLNHDBZ4
2024-06-GSAFAC-0000361628,MMAZGB3ERDF5,2024,2025-03-31,JP1QRJYYJG73
2024-06-GSAFAC-0000361628,MMAZGB3ERDF5,2024,2025-03-31,LFLQY36W2JG5
2024-06-GSAFAC-0000361628,MMAZGB3ERDF5,2024,2025-03-31,MK13A7PUS3P3
2024-06-GSAFAC-0000361628,MMAZGB3ERDF5,2024,2025-03-31,MZFRS5137FX9
2024-06-GSAFAC-0000361628,MMAZGB3ERDF5,2024,2025-03-31,N117NZ2HP5T9
2024-06-GSAFAC-0000361628,MMAZGB3ERDF5,2024,2025-03-31,N8LLK5XDFVD3
2024-06-GSAFAC-0000361628,MMAZGB3ERDF5,2024,2025-03-31,PCWJRENNUUL5
2024-06-GSAFAC-0000361628,MMAZGB3ERDF5,2024,2025-03-31,PJ2THZQ6DJF2
2024-06-GSAFAC-0000361628,MMAZGB3ERDF5,2024,2025-03-31,QJQ3NLMCHRD3
2024-06-GSAFAC-0000361628,MMAZGB3ERDF5,2024,2025-03-31,RREDN8CAZNL5
2024-06-GSAFAC-0000361628,MMAZGB3ERDF5,2024,2025-03-31,TKN5EKYN9273
2024-06-GSAFAC-0000361628,MMAZGB3ERDF5,2024,2025-03-31,U316HVJ3GDT5
2024-06-GSAFAC-0000361628,MMAZGB3ERDF5,2024,2025-03-31,VMCMP28HM223
2024-06-GSAFAC-0000361628,MMAZGB3ERDF5,2024,2025-03-31,VMLLVM5LAD44
2024-06-GSAFAC-0000361628,MMAZGB3ERDF5,2024,2025-03-31,VMLLVM5LAD44
2024-06-GSAFAC-0000361628,MMAZGB3ERDF5,2024,2025-03-31,VY7QRGNSYFJ5
2024-06-GSAFAC-0000361628,MMAZGB3ERDF5,2024,2025-03-31,WEPYGB64J6L3
2024-06-GSAFAC-0000361628,MMAZGB3ERDF5,2024,2025-03-31,X5FMJNJK6YB5
2024-06-GSAFAC-0000361628,MMAZGB3ERDF5,2024,2025-03-31,X7BTN16ZQSY9
2024-06-GSAFAC-0000361628,MMAZGB3ERDF5,2024,2025-03-31,XN2EHNRYJQK4
2024-06-GSAFAC-0000361628,MMAZGB3ERDF5,2024,2025-03-31,XXLCU9488LU3
2024-06-GSAFAC-0000361628,MMAZGB3ERDF5,2024,2025-03-31,ZJNMGAN9N2N8
2024-06-GSAFAC-0000362409,CLMEQTVK9HW7,2024,2025-03-31,EDN1VLCN6DL7
2024-06-GSAFAC-0000362409,CLMEQTVK9HW7,2024,2025-03-31,MCW8HASSXS66
2024-06-GSAFAC-0000362409,CLMEQTVK9HW7,2024,2025-03-31,H8UCBFBUC2G8
2024-06-GSAFAC-0000362409,CLMEQTVK9HW7,2024,2025-03-31,DMHDKZMB1NQ5
2024-06-GSAFAC-0000362409,CLMEQTVK9HW7,2024,2025-03-31,F7DEEN79WRT6
2024-06-GSAFAC-0000360471,HYS6RGJFNKA6,2024,2025-03-31,NEWKZMJ1U345
2024-06-GSAFAC-0000360471,HYS6RGJFNKA6,2024,2025-03-31,X7ETR9DVJMA1
2024-06-GSAFAC-0000361365,J4F5AYA5X8J3,2024,2025-03-31,MBNQAE7D1976
2024-06-GSAFAC-0000355425,NHV3GTWSALA7,2024,2025-03-31,UDFTY2P43K66
2024-06-GSAFAC-0000355425,NHV3GTWSALA7,2024,2025-03-31,SGD7RNNMP5B3
2024-09-GSAFAC-0000364199,D3PDCEBCMU65,2024,2025-03-31,FM5NJX77FDS5
2023-06-GSAFAC-0000364166,C6VFXLAFKEY1,2023,2025-03-31,N2T4CUNAF419
2024-06-GSAFAC-0000364200,C6VFXLAFKEY1,2024,2025-03-31,N2T4CUNAF419
2024-06-GSAFAC-0000362992,PA32TLEZLKH7,2024,2025-03-31,LCUDMY2K6GL9
2024-06-GSAFAC-0000362992,PA32TLEZLKH7,2024,2025-03-31,C7P9RRX9TPJ3
2024-06-GSAFAC-0000362992,PA32TLEZLKH7,2024,2025-03-31,CGJZHYG9Y7D7
2024-06-GSAFAC-0000362992,PA32TLEZLKH7,2024,2025-03-31,CJAJYT2KW771
2024-06-GSAFAC-0000362992,PA32TLEZLKH7,2024,2025-03-31,DNHKVEH2NDJ3
2024-06-GSAFAC-0000362992,PA32TLEZLKH7,2024,2025-03-31,DNZNC466DGR7
2024-06-GSAFAC-0000362992,PA32TLEZLKH7,2024,2025-03-31,EBZHKKCZKJM8
2024-06-GSAFAC-0000362992,PA32TLEZLKH7,2024,2025-03-31,FA2KFTZLDCV2
2024-06-GSAFAC-0000362992,PA32TLEZLKH7,2024,2025-03-31,FKA1U7B1DLS2
2024-06-GSAFAC-0000362992,PA32TLEZLKH7,2024,2025-03-31,GQD2G8FXQVJ3
2024-06-GSAFAC-0000362992,PA32TLEZLKH7,2024,2025-03-31,HEBYAQ8MUEU3
2024-06-GSAFAC-0000362992,PA32TLEZLKH7,2024,2025-03-31,J84PKUEWQ6Y5
2024-06-GSAFAC-0000362992,PA32TLEZLKH7,2024,2025-03-31,JBN7XJXM2YT3
2024-06-GSAFAC-0000362992,PA32TLEZLKH7,2024,2025-03-31,JHJQMMVML2K9
2024-06-GSAFAC-0000362992,PA32TLEZLKH7,2024,2025-03-31,LWAMCP81LP14
2024-06-GSAFAC-0000362992,PA32TLEZLKH7,2024,2025-03-31,NC43GSBJNN55
2024-06-GSAFAC-0000362992,PA32TLEZLKH7,2024,2025-03-31,NCSEPBW5ZDL9
2024-06-GSAFAC-0000362992,PA32TLEZLKH7,2024,2025-03-31,NF4JAHBE1PM3
2024-06-GSAFAC-0000362992,PA32TLEZLKH7,2024,2025-03-31,P48YKBCML619
2024-06-GSAFAC-0000362992,PA32TLEZLKH7,2024,2025-03-31,PANTBW7QPTM7
2024-06-GSAFAC-0000362992,PA32TLEZLKH7,2024,2025-03-31,PDWGFLFN6ML9
2024-06-GSAFAC-0000362992,PA32TLEZLKH7,2024,2025-03-31,QABJVFWTB4N9
2024-06-GSAFAC-0000362992,PA32TLEZLKH7,2024,2025-03-31,SHLLJPJTZE45
2024-06-GSAFAC-0000362992,PA32TLEZLKH7,2024,2025-03-31,TE7MVMGDJTN9
2024-06-GSAFAC-0000362992,PA32TLEZLKH7,2024,2025-03-31,TJFQQAMGNHC8
2024-06-GSAFAC-0000362992,PA32TLEZLKH7,2024,2025-03-31,U9EDNSCHTBE7
2024-06-GSAFAC-0000362992,PA32TLEZLKH7,2024,2025-03-31,URFPBWBM1C58
2024-06-GSAFAC-0000362992,PA32TLEZLKH7,2024,2025-03-31,WT1DVD6F8Z97
2024-06-GSAFAC-0000362992,PA32TLEZLKH7,2024,2025-03-31,X1RJM1N8TTD6
2024-06-GSAFAC-0000362992,PA32TLEZLKH7,2024,2025-03-31,XF29F5XCC9Y1
2024-06-GSAFAC-0000362992,PA32TLEZLKH7,2024,2025-03-31,ZJH6J31KU5C6
2024-06-GSAFAC-0000362992,PA32TLEZLKH7,2024,2025-03-31,ZJLQXBYX6C84
2024-06-GSAFAC-0000363256,PD97FDSY5TH6,2024,2025-03-31,KEAAR14Q8JE8
2024-06-GSAFAC-0000362436,F4N1QNPB95M4,2024,2025-03-31,QHF5ZZ114M72
2024-06-GSAFAC-0000363122,KCBGNFJGK478,2024,2025-03-31,CACCM8WN8L61
2024-06-GSAFAC-0000363122,KCBGNFJGK478,2024,2025-03-31,CDK1XM7BHMJ7
2024-06-GSAFAC-0000363122,KCBGNFJGK478,2024,2025-03-31,CJ9RKL5ZRSS8
2024-06-GSAFAC-0000363122,KCBGNFJGK478,2024,2025-03-31,CLGJQRVWVJV1
2024-06-GSAFAC-0000363122,KCBGNFJGK478,2024,2025-03-31,CN95R7EMKYK3
2024-06-GSAFAC-0000363122,KCBGNFJGK478,2024,2025-03-31,D6J4RPPPRLM6
2024-06-GSAFAC-0000363122,KCBGNFJGK478,2024,2025-03-31,E1H1QB7PGMG5
2024-06-GSAFAC-0000363122,KCBGNFJGK478,2024,2025-03-31,EK5EL9JFJR51
2024-06-GSAFAC-0000363122,KCBGNFJGK478,2024,2025-03-31,ELMPRPWQK5R5
2024-06-GSAFAC-0000363122,KCBGNFJGK478,2024,2025-03-31,ELR1XJE16BC4
2024-06-GSAFAC-0000363122,KCBGNFJGK478,2024,2025-03-31,F3ZCRY915TH3
2024-06-GSAFAC-0000363122,KCBGNFJGK478,2024,2025-03-31,FGVTZN4T2GV5
2024-06-GSAFAC-0000363122,KCBGNFJGK478,2024,2025-03-31,FN5RNN83B475
2024-06-GSAFAC-0000363122,KCBGNFJGK478,2024,2025-03-31,FW17NQXBS933
2024-06-GSAFAC-0000363122,KCBGNFJGK478,2024,2025-03-31,GBDSTLSGGL33
2024-06-GSAFAC-0000363122,KCBGNFJGK478,2024,2025-03-31,GNPNNLUR2SS1
2024-06-GSAFAC-0000363122,KCBGNFJGK478,2024,2025-03-31,HK56MC33ND38
2024-06-GSAFAC-0000363122,KCBGNFJGK478,2024,2025-03-31,HWMSQFLUYND2
2024-06-GSAFAC-0000363122,KCBGNFJGK478,2024,2025-03-31,JMLXDHHNNGK3
2024-06-GSAFAC-0000363122,KCBGNFJGK478,2024,2025-03-31,JZ3GJ29DJZE3
2024-06-GSAFAC-0000363122,KCBGNFJGK478,2024,2025-03-31,K922UCG99L93
2024-06-GSAFAC-0000363122,KCBGNFJGK478,2024,2025-03-31,KMKWMJQ1TNH1
2024-06-GSAFAC-0000363122,KCBGNFJGK478,2024,2025-03-31,KWCBJBVLLDG3
2024-06-GSAFAC-0000363122,KCBGNFJGK478,2024,2025-03-31,LCHNTNKADSF9
2024-06-GSAFAC-0000363122,KCBGNFJGK478,2024,2025-03-31,LCMMB7JMMK76
2024-06-GSAFAC-0000363122,KCBGNFJGK478,2024,2025-03-31,LNM7HFBDN6G6
2024-06-GSAFAC-0000363122,KCBGNFJGK478,2024,2025-03-31,LWEFYKG84375
2024-06-GSAFAC-0000363122,KCBGNFJGK478,2024,2025-03-31,MD8NN5EECRZ3
2024-06-GSAFAC-0000363122,KCBGNFJGK478,2024,2025-03-31,MLZSG6L37PW8
2024-06-GSAFAC-0000363122,KCBGNFJGK478,2024,2025-03-31,NLSFKVLM6N13
2024-06-GSAFAC-0000363122,KCBGNFJGK478,2024,2025-03-31,PE3XTZNJMED7
2024-06-GSAFAC-0000363122,KCBGNFJGK478,2024,2025-03-31,PPGAT18FQ3S4
2024-06-GSAFAC-0000363122,KCBGNFJGK478,2024,2025-03-31,QBA9CE3LE4J4
2024-06-GSAFAC-0000363122,KCBGNFJGK478,2024,2025-03-31,QF2NWNXCDS63
2024-06-GSAFAC-0000363122,KCBGNFJGK478,2024,2025-03-31,R76EMLKPEZ38
2024-06-GSAFAC-0000363122,KCBGNFJGK478,2024,2025-03-31,R9ZYEH7ZDBF4
2024-06-GSAFAC-0000363122,KCBGNFJGK478,2024,2025-03-31,SWNGWKWM2SD1
2024-06-GSAFAC-0000363122,KCBGNFJGK478,2024,2025-03-31,SZLAYG133SV1
2024-06-GSAFAC-0000363122,KCBGNFJGK478,2024,2025-03-31,TCHJE71VMT11
2024-06-GSAFAC-0000363122,KCBGNFJGK478,2024,2025-03-31,U2HGC3UJD9Z3
2024-06-GSAFAC-0000363122,KCBGNFJGK478,2024,2025-03-31,U7LTK2STCS59
2024-06-GSAFAC-0000363122,KCBGNFJGK478,2024,2025-03-31,VGTHQG94BE69
2024-06-GSAFAC-0000363122,KCBGNFJGK478,2024,2025-03-31,VLYGJ315YBH3
2024-06-GSAFAC-0000363122,KCBGNFJGK478,2024,2025-03-31,VXLSYM1GAE51
2024-06-GSAFAC-0000363122,KCBGNFJGK478,2024,2025-03-31,YAZMAKBF9NJ5
2024-06-GSAFAC-0000363122,KCBGNFJGK478,2024,2025-03-31,YLL1L7M9NNP8
2024-06-GSAFAC-0000363122,KCBGNFJGK478,2024,2025-03-31,YT71DZMRPJC5
2024-06-GSAFAC-0000363122,KCBGNFJGK478,2024,2025-03-31,ZD2QQVZ76JY5
2024-06-GSAFAC-0000358051,RYDDMCDJBYM8,2024,2025-03-31,CSPKTNFG6BL6
2024-06-GSAFAC-0000358051,RYDDMCDJBYM8,2024,2025-03-31,JDH5N2KGDLT7
2024-06-GSAFAC-0000358051,RYDDMCDJBYM8,2024,2025-03-31,JDEAQSCUA2U5
2024-06-GSAFAC-0000358051,RYDDMCDJBYM8,2024,2025-03-31,VD77K2PK29Y5
2024-06-GSAFAC-0000358051,RYDDMCDJBYM8,2024,2025-03-31,JAS2XVLR7LJ5
2024-06-GSAFAC-0000358051,RYDDMCDJBYM8,2024,2025-03-31,GHKZME83CGG9
2024-06-GSAFAC-0000358051,RYDDMCDJBYM8,2024,2025-03-31,RYE3EYNYG9U9
2024-06-GSAFAC-0000358051,RYDDMCDJBYM8,2024,2025-03-31,CMLVJMDNMLZ9
2024-06-GSAFAC-0000358051,RYDDMCDJBYM8,2024,2025-03-31,E7LDWBZ7MNE8
2024-06-GSAFAC-0000358051,RYDDMCDJBYM8,2024,2025-03-31,XFXRFN6K8648
2024-06-GSAFAC-0000358051,RYDDMCDJBYM8,2024,2025-03-31,F94VNM34TZC8
2024-06-GSAFAC-0000358051,RYDDMCDJBYM8,2024,2025-03-31,GLJLA2WMK5P3
2024-06-GSAFAC-0000358051,RYDDMCDJBYM8,2024,2025-03-31,H739QJN44BA8
2024-06-GSAFAC-0000358051,RYDDMCDJBYM8,2024,2025-03-31,MJCZMAJFKV84
2024-06-GSAFAC-0000358051,RYDDMCDJBYM8,2024,2025-03-31,YDATM3G5EZ59
2024-06-GSAFAC-0000358051,RYDDMCDJBYM8,2024,2025-03-31,PVYGD5Y8RN98
2024-06-GSAFAC-0000358051,RYDDMCDJBYM8,2024,2025-03-31,PR6NAZEDKHE8
2024-06-GSAFAC-0000358051,RYDDMCDJBYM8,2024,2025-03-31,D1KXPAX381H1
2024-06-GSAFAC-0000358051,RYDDMCDJBYM8,2024,2025-03-31,MTXKH9WP4JN6
2024-06-GSAFAC-0000358051,RYDDMCDJBYM8,2024,2025-03-31,K2V7WLAP3CY8
2024-06-GSAFAC-0000358051,RYDDMCDJBYM8,2024,2025-03-31,LRP1T24SH4N4
2024-06-GSAFAC-0000358051,RYDDMCDJBYM8,2024,2025-03-31,Q28CA1L2WPV7
2024-06-GSAFAC-0000358051,RYDDMCDJBYM8,2024,2025-03-31,NKFNNMDQVQD1
2024-06-GSAFAC-0000358051,RYDDMCDJBYM8,2024,2025-03-31,VAL7N8VS7L99
2024-06-GSAFAC-0000358051,RYDDMCDJBYM8,2024,2025-03-31,ZJNXUJJ24UH6
2024-06-GSAFAC-0000358051,RYDDMCDJBYM8,2024,2025-03-31,Q7SKPZ7H6G89
2024-06-GSAFAC-0000358051,RYDDMCDJBYM8,2024,2025-03-31,Y5CQUAATPLD4
2024-06-GSAFAC-0000362734,MBU6HCLNZ431,2024,2025-03-31,SN7KD2UK7GC5
2024-06-GSAFAC-0000364110,MDQNDFMD4L61,2024,2025-03-31,PK3BQ9D8JSF3
2024-06-GSAFAC-0000364110,MDQNDFMD4L61,2024,2025-03-31,L2PHNNMZZK37
2024-06-GSAFAC-0000364110,MDQNDFMD4L61,2024,2025-03-31,FKBHNGJ22EA3
2024-06-GSAFAC-0000364055,HPNEV8BEPX91,2024,2025-03-31,HJZYA2D8J191
2024-06-GSAFAC-0000361741,R2YMHKPZ5JN7,2024,2025-03-31,ZF82HEEP3QN7
2024-06-GSAFAC-0000355804,Z27AVTCCKHU3,2024,2025-03-31,CP7AEY8VWK45
2024-06-GSAFAC-0000355804,Z27AVTCCKHU3,2024,2025-03-31,HV5VFS5732E5
2024-06-GSAFAC-0000355804,Z27AVTCCKHU3,2024,2025-03-31,KHA1UFQHPM29
2024-06-GSAFAC-0000355804,Z27AVTCCKHU3,2024,2025-03-31,L3UNGNMK6BT8
2024-06-GSAFAC-0000355804,Z27AVTCCKHU3,2024,2025-03-31,LDJ1MM9L56K7
2024-06-GSAFAC-0000355804,Z27AVTCCKHU3,2024,2025-03-31,MCYNRV97PYA4
2024-06-GSAFAC-0000355804,Z27AVTCCKHU3,2024,2025-03-31,N9LEV9CL4BP3
2024-06-GSAFAC-0000355804,Z27AVTCCKHU3,2024,2025-03-31,NDNAN5DF2CZ7
2024-06-GSAFAC-0000355804,Z27AVTCCKHU3,2024,2025-03-31,NSL7YHK1TQP8
2024-06-GSAFAC-0000355804,Z27AVTCCKHU3,2024,2025-03-31,RFT6BJ98H2A5
2024-06-GSAFAC-0000355804,Z27AVTCCKHU3,2024,2025-03-31,TNYKC5J8PZK7
2024-06-GSAFAC-0000355804,Z27AVTCCKHU3,2024,2025-03-31,UTM3S7LKYQZ4
2024-06-GSAFAC-0000355804,Z27AVTCCKHU3,2024,2025-03-31,VE2ZZY1ZHN19
2024-06-GSAFAC-0000355804,Z27AVTCCKHU3,2024,2025-03-31,W2USAVVTMGW3
2024-06-GSAFAC-0000355804,Z27AVTCCKHU3,2024,2025-03-31,YUXKMHJRJQM8
2024-06-GSAFAC-0000355804,Z27AVTCCKHU3,2024,2025-03-31,JE73CDQUAPA7
2024-06-GSAFAC-0000355804,Z27AVTCCKHU3,2024,2025-03-31,XCA4E3XL2KY7
2024-06-GSAFAC-0000355804,Z27AVTCCKHU3,2024,2025-03-31,KD2JSY6LNMW7
2024-06-GSAFAC-0000363191,GZKLTJHJJYL7,2024,2025-03-31,NRGAHQD2MKX9
2024-06-GSAFAC-0000360477,R8JPSXALG464,2024,2025-03-31,D1JFHB5MKDF5
2024-06-GSAFAC-0000360477,R8JPSXALG464,2024,2025-03-31,D39GLX1L3UR4
2024-06-GSAFAC-0000360477,R8JPSXALG464,2024,2025-03-31,DW8SM9A6YWR3
2024-06-GSAFAC-0000360477,R8JPSXALG464,2024,2025-03-31,HNUYLFNMNJR3
2024-06-GSAFAC-0000360477,R8JPSXALG464,2024,2025-03-31,L65GJ7JYWNP4
2024-06-GSAFAC-0000360477,R8JPSXALG464,2024,2025-03-31,UJSDBFWMWTS4
2024-06-GSAFAC-0000355716,YC11KWJKWM97,2024,2025-03-31,CGLYNJCBGW73
2024-06-GSAFAC-0000355716,YC11KWJKWM97,2024,2025-03-31,JT4NTQHQLVB1
2024-06-GSAFAC-0000355716,YC11KWJKWM97,2024,2025-03-31,MHLNFHVYWDD9
2024-06-GSAFAC-0000355716,YC11KWJKWM97,2024,2025-03-31,K9MVGUJMTE61
2024-06-GSAFAC-0000355716,YC11KWJKWM97,2024,2025-03-31,ZLEBWLPTDDZ8
2024-06-GSAFAC-0000355716,YC11KWJKWM97,2024,2025-03-31,TJKQE1FEU127
2024-06-GSAFAC-0000355716,YC11KWJKWM97,2024,2025-03-31,JLJNMJ6C9R76
2024-06-GSAFAC-0000355716,YC11KWJKWM97,2024,2025-03-31,DP5UNAV7S2L7
2024-06-GSAFAC-0000355716,YC11KWJKWM97,2024,2025-03-31,JA9NB52U21E1
2024-06-GSAFAC-0000355716,YC11KWJKWM97,2024,2025-03-31,F72HENC9LC98
2024-06-GSAFAC-0000355716,YC11KWJKWM97,2024,2025-03-31,JW5VMAWMCQR6
2024-06-GSAFAC-0000355716,YC11KWJKWM97,2024,2025-03-31,WDTXQ672Y3J5
2024-06-GSAFAC-0000355716,YC11KWJKWM97,2024,2025-03-31,LM85MG1513K5
2024-06-GSAFAC-0000355716,YC11KWJKWM97,2024,2025-03-31,JP8NUHLCWLE6
2024-06-GSAFAC-0000355716,YC11KWJKWM97,2024,2025-03-31,GXZJMNW81UG4
2024-06-GSAFAC-0000364065,MWGYD5Y2BX59,2024,2025-03-31,UBAHC6YFMG63
2024-06-GSAFAC-0000364065,MWGYD5Y2BX59,2024,2025-03-31,JCTLTYRUTZK9
2024-06-GSAFAC-0000364664,JE7PB4BFL434,2024,2025-03-31,TNE2H3A19RM4
2024-06-GSAFAC-0000364664,JE7PB4BFL434,2024,2025-03-31,Z6G8SDXE63M5
2024-06-GSAFAC-0000355817,L2V3TUBLQR27,2024,2025-03-31,LM72QFMLZK81
2024-06-GSAFAC-0000355817,L2V3TUBLQR27,2024,2025-03-31,W54KJNGHJJU7
2024-06-GSAFAC-0000355817,L2V3TUBLQR27,2024,2025-03-31,SP3CV9MFLS69
2024-06-GSAFAC-0000355817,L2V3TUBLQR27,2024,2025-03-31,JQHENK1BFPJ9
2024-06-GSAFAC-0000355817,L2V3TUBLQR27,2024,2025-03-31,CCPKH7RLZ6D5
2024-06-GSAFAC-0000355817,L2V3TUBLQR27,2024,2025-03-31,DMRPCFQJLGN5
2024-06-GSAFAC-0000355817,L2V3TUBLQR27,2024,2025-03-31,C1ZBNEXGL9L8
2024-06-GSAFAC-0000355817,L2V3TUBLQR27,2024,2025-03-31,MCQLGMSL9YM5
2024-06-GSAFAC-0000355817,L2V3TUBLQR27,2024,2025-03-31,MBU5HNHPE7P1
2024-06-GSAFAC-0000355817,L2V3TUBLQR27,2024,2025-03-31,JHHFT9HJMCJ1
2024-06-GSAFAC-0000355817,L2V3TUBLQR27,2024,2025-03-31,C7C1LKYWKFH3
2024-06-GSAFAC-0000355817,L2V3TUBLQR27,2024,2025-03-31,NHVEXMUKADU1
2024-06-GSAFAC-0000361615,Z17TDWP12G31,2024,2025-03-31,C172TQML5G99
2024-06-GSAFAC-0000361615,Z17TDWP12G31,2024,2025-03-31,C26WPJRAHMV3
2024-06-GSAFAC-0000361615,Z17TDWP12G31,2024,2025-03-31,C8WLYVK4EYL1
2024-06-GSAFAC-0000361615,Z17TDWP12G31,2024,2025-03-31,CCFZXKJ64E69
2024-06-GSAFAC-0000361615,Z17TDWP12G31,2024,2025-03-31,CSNYSP5X3JA8
2024-06-GSAFAC-0000361615,Z17TDWP12G31,2024,2025-03-31,DZAPW6FHFTW3
2024-06-GSAFAC-0000361615,Z17TDWP12G31,2024,2025-03-31,ER8PBWXVXGL4
2024-06-GSAFAC-0000361615,Z17TDWP12G31,2024,2025-03-31,ER8VS3TR52T8
2024-06-GSAFAC-0000361615,Z17TDWP12G31,2024,2025-03-31,ETTJKDQJE9W5
2024-06-GSAFAC-0000361615,Z17TDWP12G31,2024,2025-03-31,FEYPTAJCLUT7
2024-06-GSAFAC-0000361615,Z17TDWP12G31,2024,2025-03-31,FJT4B7TY3N54
2024-06-GSAFAC-0000361615,Z17TDWP12G31,2024,2025-03-31,FQUGDUCPLA95
2024-06-GSAFAC-0000361615,Z17TDWP12G31,2024,2025-03-31,FTLGTGFJTUJ7
2024-06-GSAFAC-0000361615,Z17TDWP12G31,2024,2025-03-31,FXYNN69N5MJ1
2024-06-GSAFAC-0000361615,Z17TDWP12G31,2024,2025-03-31,FYLPN2HZ6DS1
2024-06-GSAFAC-0000361615,Z17TDWP12G31,2024,2025-03-31,GRW9DNERHJF3
2024-06-GSAFAC-0000361615,Z17TDWP12G31,2024,2025-03-31,HMEGGUS7E8E9
2024-06-GSAFAC-0000361615,Z17TDWP12G31,2024,2025-03-31,JAVSKLS5FQV5
2024-06-GSAFAC-0000361615,Z17TDWP12G31,2024,2025-03-31,JJKAPZHF5KB3
2024-06-GSAFAC-0000361615,Z17TDWP12G31,2024,2025-03-31,JMWKB3G2F7S2
2024-06-GSAFAC-0000361615,Z17TDWP12G31,2024,2025-03-31,JTU4EQKVKAN1
2024-06-GSAFAC-0000361615,Z17TDWP12G31,2024,2025-03-31,K1GCLRHJF4Q9
2024-06-GSAFAC-0000361615,Z17TDWP12G31,2024,2025-03-31,KDJVMNXWZGM5
2024-06-GSAFAC-0000361615,Z17TDWP12G31,2024,2025-03-31,KNKAVN81K1P9
2024-06-GSAFAC-0000361615,Z17TDWP12G31,2024,2025-03-31,KT8LRLMW6KA9
2024-06-GSAFAC-0000361615,Z17TDWP12G31,2024,2025-03-31,LFVKPGVDDWH3
2024-06-GSAFAC-0000361615,Z17TDWP12G31,2024,2025-03-31,LKK7NWT1UHM3
2024-06-GSAFAC-0000361615,Z17TDWP12G31,2024,2025-03-31,LL8GLEVH6MG3
2024-06-GSAFAC-0000361615,Z17TDWP12G31,2024,2025-03-31,LLLDJCCYZJQ7
2024-06-GSAFAC-0000361615,Z17TDWP12G31,2024,2025-03-31,LUQYVNV78RL3
2024-06-GSAFAC-0000361615,Z17TDWP12G31,2024,2025-03-31,M92KXXT92LL3
2024-06-GSAFAC-0000361615,Z17TDWP12G31,2024,2025-03-31,MFVCSK57KDC6
2024-06-GSAFAC-0000361615,Z17TDWP12G31,2024,2025-03-31,MNPBNJY7YJJ1
2024-06-GSAFAC-0000361615,Z17TDWP12G31,2024,2025-03-31,N4KVG4UWSTH1
2024-06-GSAFAC-0000361615,Z17TDWP12G31,2024,2025-03-31,NQKDZNBELY43
2024-06-GSAFAC-0000361615,Z17TDWP12G31,2024,2025-03-31,NUF4MQ43D715
2024-06-GSAFAC-0000361615,Z17TDWP12G31,2024,2025-03-31,NWM7Q5XYXVJ4
2024-06-GSAFAC-0000361615,Z17TDWP12G31,2024,2025-03-31,PDPWAG98MZF4
2024-06-GSAFAC-0000361615,Z17TDWP12G31,2024,2025-03-31,PGAST2SNV3B1
2024-06-GSAFAC-0000361615,Z17TDWP12G31,2024,2025-03-31,PHNPLNMV37K8
2024-06-GSAFAC-0000361615,Z17TDWP12G31,2024,2025-03-31,QWUDHDTJFBT3
2024-06-GSAFAC-0000361615,Z17TDWP12G31,2024,2025-03-31,RJY4ZAA131M1
2024-06-GSAFAC-0000361615,Z17TDWP12G31,2024,2025-03-31,SPE2YDWHDYU4
2024-06-GSAFAC-0000361615,Z17TDWP12G31,2024,2025-03-31,TKLKERXWHV96
2024-06-GSAFAC-0000361615,Z17TDWP12G31,2024,2025-03-31,VPNJJJDP9JF1
2024-06-GSAFAC-0000361615,Z17TDWP12G31,2024,2025-03-31,XD3NHQWK3DJ8
2024-06-GSAFAC-0000361615,Z17TDWP12G31,2024,2025-03-31,XW23NNCTGEE3
2024-06-GSAFAC-0000361615,Z17TDWP12G31,2024,2025-03-31,Y9EYFJSLWXU8
2024-06-GSAFAC-0000361615,Z17TDWP12G31,2024,2025-03-31,YCG9Y2F5RE76
2024-06-GSAFAC-0000361615,Z17TDWP12G31,2024,2025-03-31,YGGNEL2CNJP3
2024-06-GSAFAC-0000361615,Z17TDWP12G31,2024,2025-03-31,YK8WW54NUPN7
2024-06-GSAFAC-0000361615,Z17TDWP12G31,2024,2025-03-31,YU3WZDRD7C55
2024-06-GSAFAC-0000361615,Z17TDWP12G31,2024,2025-03-31,Z3KMZ212SL85
2024-06-GSAFAC-0000361615,Z17TDWP12G31,2024,2025-03-31,ZAVDUCLBZG77
2024-06-GSAFAC-0000361615,Z17TDWP12G31,2024,2025-03-31,ZJ52USMEDA21
2024-06-GSAFAC-0000362253,P5BHFRA5ZXA9,2024,2025-03-31,XMAWELSKLW91
2024-06-GSAFAC-0000364767,LW1XX7KRQ911,2024,2025-03-31,MLX6WJND8VB1
2024-06-GSAFAC-0000350705,H77GBPTJEPX3,2024,2025-03-31,MRK4DAH8ZF88
2024-06-GSAFAC-0000350705,H77GBPTJEPX3,2024,2025-03-31,P9FMAEML8AK8
2024-06-GSAFAC-0000350705,H77GBPTJEPX3,2024,2025-03-31,SGTWVJ3CTPM4
2024-06-GSAFAC-0000350705,H77GBPTJEPX3,2024,2025-03-31,VG8BQP9ALFF9
2024-06-GSAFAC-0000350705,H77GBPTJEPX3,2024,2025-03-31,RP51Z7GG2DJ5
2024-06-GSAFAC-0000363727,KKLCUUCJ6US6,2024,2025-03-31,MBB1DWDQP258
2024-06-GSAFAC-0000363727,KKLCUUCJ6US6,2024,2025-03-31,M3QSBBNAVY59
2024-06-GSAFAC-0000363727,KKLCUUCJ6US6,2024,2025-03-31,EHEYGX7RD4V3
2024-06-GSAFAC-0000359748,RFKAVNHKKVB3,2024,2025-03-31,KBJ9KVB79343
2024-06-GSAFAC-0000359748,RFKAVNHKKVB3,2024,2025-03-31,F2L2XYXJ6FU5
2024-06-GSAFAC-0000359748,RFKAVNHKKVB3,2024,2025-03-31,HACGVNBUUD88
2024-06-GSAFAC-0000359748,RFKAVNHKKVB3,2024,2025-03-31,LTB7PA1M5UK1
2024-06-GSAFAC-0000359748,RFKAVNHKKVB3,2024,2025-03-31,TPFWBBEV87B3
2024-06-GSAFAC-0000359748,RFKAVNHKKVB3,2024,2025-03-31,SM69X1VBWFJ9
2024-06-GSAFAC-0000359748,RFKAVNHKKVB3,2024,2025-03-31,UR1LGHLZWL39
2024-06-GSAFAC-0000359748,RFKAVNHKKVB3,2024,2025-03-31,YUXTKSD2ABS6
2024-06-GSAFAC-0000359748,RFKAVNHKKVB3,2024,2025-03-31,YQM2BVTVQLH4
2024-06-GSAFAC-0000364793,E9LKLNK2TP24,2024,2025-03-31,NRJ7KCTE29N3
2024-06-GSAFAC-0000363770,SDL8FQP11TD9,2024,2025-03-31,G1KRTZ2EYDN9
2024-06-GSAFAC-0000362949,EJEEH8S7HW17,2024,2025-03-31,LR7RKCKVNF65
2024-06-GSAFAC-0000362949,EJEEH8S7HW17,2024,2025-03-31,UU7MFZ2K3GN3
2024-06-GSAFAC-0000362949,EJEEH8S7HW17,2024,2025-03-31,QLTJBDL4CVW7
2024-06-GSAFAC-0000362949,EJEEH8S7HW17,2024,2025-03-31,E82HYHTF5TA6
2024-06-GSAFAC-0000362949,EJEEH8S7HW17,2024,2025-03-31,DGYQH8DRBZF1
2024-06-GSAFAC-0000362949,EJEEH8S7HW17,2024,2025-03-31,CLAKTLDLL968
2024-06-GSAFAC-0000362949,EJEEH8S7HW17,2024,2025-03-31,N1JFUDPCT656
2024-06-GSAFAC-0000362949,EJEEH8S7HW17,2024,2025-03-31,UQEBYLLVKUN9
2024-06-GSAFAC-0000362949,EJEEH8S7HW17,2024,2025-03-31,TMVFY7BELDH5
2024-06-GSAFAC-0000362949,EJEEH8S7HW17,2024,2025-03-31,QLD3B6R1X5A8
2024-06-GSAFAC-0000362949,EJEEH8S7HW17,2024,2025-03-31,QGDDCK9UXNE3
2024-06-GSAFAC-0000362949,EJEEH8S7HW17,2024,2025-03-31,XATXH1ELVHL7
2024-12-GSAFAC-0000364475,ME2MYQYWH8P7,2024,2025-04-01,ST66TADXWLE6
2024-06-GSAFAC-0000357893,YXFJZUYVSX23,2024,2025-04-01,NR1XHWR29QQ5
2024-06-GSAFAC-0000355435,TL1UNGGY39N4,2024,2025-04-01,LLABHNB9ABM4
2024-06-GSAFAC-0000355435,TL1UNGGY39N4,2024,2025-04-01,Q3LLLDFHPNL3
2024-06-GSAFAC-0000355435,TL1UNGGY39N4,2024,2025-04-01,GZRNJ1GZDBM1
2024-06-GSAFAC-0000355435,TL1UNGGY39N4,2024,2025-04-01,NNYSN83U4HH6
2024-06-GSAFAC-0000355435,TL1UNGGY39N4,2024,2025-04-01,DHVQFXGFBLE9
2024-06-GSAFAC-0000355435,TL1UNGGY39N4,2024,2025-04-01,KWTAB1GYM4L9
2024-06-GSAFAC-0000355435,TL1UNGGY39N4,2024,2025-04-01,KFJ7WLKY6987
2024-06-GSAFAC-0000355435,TL1UNGGY39N4,2024,2025-04-01,CMBEL6LZ4MA5
2024-06-GSAFAC-0000355435,TL1UNGGY39N4,2024,2025-04-01,LY7FAJLUV9T9
2024-06-GSAFAC-0000355435,TL1UNGGY39N4,2024,2025-04-01,XN2SFKDS94J9
2024-06-GSAFAC-0000355435,TL1UNGGY39N4,2024,2025-04-01,QW4PK72Y7PM3
2024-06-GSAFAC-0000355435,TL1UNGGY39N4,2024,2025-04-01,YM9JN9LJG2W8
2024-06-GSAFAC-0000355435,TL1UNGGY39N4,2024,2025-04-01,HY6HKMAUZ3S3
2024-06-GSAFAC-0000355435,TL1UNGGY39N4,2024,2025-04-01,KF4GJVXT3E18
2024-06-GSAFAC-0000364665,U4TDZNAM8PA6,2024,2025-04-02,KS8EJ6WMWR45
2024-06-GSAFAC-0000364665,U4TDZNAM8PA6,2024,2025-04-02,SNUHEBYQ5S89
2021-12-GSAFAC-0000364472,VJBRXARQ79N5,2021,2025-04-02,F5GJWLG15VZ8
2024-12-GSAFAC-0000364863,M1MWJKEK1MW3,2024,2025-04-02,CYEYP58K5324
2024-06-GSAFAC-0000355604,K5HRT12ZCCJ5,2024,2025-04-04,KTTJCNKUA7H6
2022-12-GSAFAC-0000360412,LLJTVLU7N6C5,2022,2025-04-04,YR4HFYMNREV3
2024-06-GSAFAC-0000365308,GXL2R9ANB8T3,2024,2025-04-04,SJ33A9EBB7P4
2024-06-GSAFAC-0000365373,UNUKGB242KY8,2024,2025-04-04,X7MAE19N5RH4
2023-06-GSAFAC-0000360631,RN15SP9CPJE6,2023,2025-04-04,GHBBP595HQA7
2023-06-GSAFAC-0000360631,RN15SP9CPJE6,2023,2025-04-04,LEKCJEPGPAE1
2023-06-GSAFAC-0000360631,RN15SP9CPJE6,2023,2025-04-04,XCA4E3XL2KY7
2023-06-GSAFAC-0000360631,RN15SP9CPJE6,2023,2025-04-04,JPRAV6KE9K21
2023-06-GSAFAC-0000360631,RN15SP9CPJE6,2023,2025-04-04,CLMENJW83H38
2023-06-GSAFAC-0000360631,RN15SP9CPJE6,2023,2025-04-04,G6Y2ZAMJJRA9
2023-06-GSAFAC-0000360631,RN15SP9CPJE6,2023,2025-04-04,UTM3S7LKYQZ4
2023-06-GSAFAC-0000360631,RN15SP9CPJE6,2023,2025-04-04,J9PFKF2X88D1
2023-06-GSAFAC-0000360631,RN15SP9CPJE6,2023,2025-04-04,NUDGYLBB4S99
2023-06-GSAFAC-0000360631,RN15SP9CPJE6,2023,2025-04-04,LN17BK9C96A8
2023-06-GSAFAC-0000360631,RN15SP9CPJE6,2023,2025-04-04,D9BXBJ9ZDNU8
2023-06-GSAFAC-0000360631,RN15SP9CPJE6,2023,2025-04-04,P6T8KMJM3ZZ5
2023-06-GSAFAC-0000360631,RN15SP9CPJE6,2023,2025-04-04,D1RMTDTMKLE8
2023-06-GSAFAC-0000360631,RN15SP9CPJE6,2023,2025-04-04,L4JQPJ7N5NT4
2023-06-GSAFAC-0000360631,RN15SP9CPJE6,2023,2025-04-04,UK66CLD4DX71
2023-06-GSAFAC-0000360631,RN15SP9CPJE6,2023,2025-04-04,FJW5LSYDQLF3
2023-06-GSAFAC-0000360631,RN15SP9CPJE6,2023,2025-04-04,J3HPGZWKVKZ3
2023-06-GSAFAC-0000360631,RN15SP9CPJE6,2023,2025-04-04,W1KET3VS7MM5
2023-06-GSAFAC-0000360631,RN15SP9CPJE6,2023,2025-04-04,MN6AUT1AX3L3
2023-06-GSAFAC-0000360631,RN15SP9CPJE6,2023,2025-04-04,VKM2SF7167N9
2023-06-GSAFAC-0000360631,RN15SP9CPJE6,2023,2025-04-04,H7FQL7TM5WD3
2023-06-GSAFAC-0000360631,RN15SP9CPJE6,2023,2025-04-04,CTLNYKLNLHJ5
2023-06-GSAFAC-0000360631,RN15SP9CPJE6,2023,2025-04-04,UVKGJ6U1SEG3
2023-06-GSAFAC-0000360631,RN15SP9CPJE6,2023,2025-04-04,J8ZSLFYG5EH8
2023-06-GSAFAC-0000360631,RN15SP9CPJE6,2023,2025-04-04,J839RLMBNFL1
2023-06-GSAFAC-0000360631,RN15SP9CPJE6,2023,2025-04-04,UA9DPLLJGHU7
2023-06-GSAFAC-0000360631,RN15SP9CPJE6,2023,2025-04-04,VY39GJE3DQG1
2023-06-GSAFAC-0000360631,RN15SP9CPJE6,2023,2025-04-04,RBCJM33PLEF9
2023-06-GSAFAC-0000360631,RN15SP9CPJE6,2023,2025-04-04,HQQMMCYAM1W3
2023-06-GSAFAC-0000360631,RN15SP9CPJE6,2023,2025-04-04,GHKYX4BLGRA8
2023-06-GSAFAC-0000360631,RN15SP9CPJE6,2023,2025-04-04,QLBWKD8HF1K4
2023-06-GSAFAC-0000360631,RN15SP9CPJE6,2023,2025-04-04,NZ56MDQ9J1W1
2023-06-GSAFAC-0000360631,RN15SP9CPJE6,2023,2025-04-04,D5HWBPKTP3Q5
2023-06-GSAFAC-0000360631,RN15SP9CPJE6,2023,2025-04-04,JLJHPM47L3G6
2023-06-GSAFAC-0000360631,RN15SP9CPJE6,2023,2025-04-04,TGFTZM2DN5Z2
2023-06-GSAFAC-0000360631,RN15SP9CPJE6,2023,2025-04-04,YMLGV1W9U859
2023-06-GSAFAC-0000360631,RN15SP9CPJE6,2023,2025-04-04,ZYTEU6H2CCB9
2023-06-GSAFAC-0000360631,RN15SP9CPJE6,2023,2025-04-04,JEKNCA1X5X18
2023-06-GSAFAC-0000360631,RN15SP9CPJE6,2023,2025-04-04,M87NLKNWNYR7
2023-06-GSAFAC-0000360631,RN15SP9CPJE6,2023,2025-04-04,RBAJKSXTPJN5
2023-06-GSAFAC-0000360631,RN15SP9CPJE6,2023,2025-04-04,ZN79Q82FK2F3
2023-06-GSAFAC-0000360631,RN15SP9CPJE6,2023,2025-04-04,JE73CDQUAPA7
2023-06-GSAFAC-0000360631,RN15SP9CPJE6,2023,2025-04-04,KD2JSY6LNMW7
2023-06-GSAFAC-0000360631,RN15SP9CPJE6,2023,2025-04-04,DL27NVKEZAP8
2023-06-GSAFAC-0000360631,RN15SP9CPJE6,2023,2025-04-04,JPDSCM3J2J36
2023-06-GSAFAC-0000360631,RN15SP9CPJE6,2023,2025-04-04,F4LGDJEVBFK4
2023-06-GSAFAC-0000360631,RN15SP9CPJE6,2023,2025-04-04,SZ9QWT7EMNN3
2023-06-GSAFAC-0000360631,RN15SP9CPJE6,2023,2025-04-04,FHJFZD1B8CB3
2023-06-GSAFAC-0000360631,RN15SP9CPJE6,2023,2025-04-04,LDJ1MM9L56K7
2023-06-GSAFAC-0000360631,RN15SP9CPJE6,2023,2025-04-04,D54BPKD693P3
2023-06-GSAFAC-0000360631,RN15SP9CPJE6,2023,2025-04-04,NKT1QTN2XJZ9
2023-06-GSAFAC-0000360631,RN15SP9CPJE6,2023,2025-04-04,MKJ2L769RCW9
2023-06-GSAFAC-0000360631,RN15SP9CPJE6,2023,2025-04-04,HWECY7CDW9Y7
2023-06-GSAFAC-0000360631,RN15SP9CPJE6,2023,2025-04-04,SEF8B2944EP9
2023-06-GSAFAC-0000360631,RN15SP9CPJE6,2023,2025-04-04,CR6NBGGLMMC6
2023-06-GSAFAC-0000360631,RN15SP9CPJE6,2023,2025-04-04,LNCZQ5EVCG36
2023-06-GSAFAC-0000360631,RN15SP9CPJE6,2023,2025-04-04,ZEKGSKGDDJ23
2023-06-GSAFAC-0000360631,RN15SP9CPJE6,2023,2025-04-04,LDF5M4WJ6V71
2023-06-GSAFAC-0000360631,RN15SP9CPJE6,2023,2025-04-04,VTMETSLNMSW4
2023-06-GSAFAC-0000360631,RN15SP9CPJE6,2023,2025-04-04,CCE6K59H9JF5
2023-06-GSAFAC-0000360631,RN15SP9CPJE6,2023,2025-04-04,JKQXT3HN32L9
2023-06-GSAFAC-0000360631,RN15SP9CPJE6,2023,2025-04-04,L6QZBF7LT6J4
2023-06-GSAFAC-0000360631,RN15SP9CPJE6,2023,2025-04-04,VC85LCP9AAJ7
2023-06-GSAFAC-0000360631,RN15SP9CPJE6,2023,2025-04-04,GLGJK16ZCQ65
2023-06-GSAFAC-0000360631,RN15SP9CPJE6,2023,2025-04-04,H8ANDD5WXME7
2023-06-GSAFAC-0000360631,RN15SP9CPJE6,2023,2025-04-04,NF9VTMRZF356
2023-06-GSAFAC-0000360631,RN15SP9CPJE6,2023,2025-04-04,PUCJUWHNS6R5
2023-06-GSAFAC-0000360631,RN15SP9CPJE6,2023,2025-04-04,LKD6WT217MP7
2023-06-GSAFAC-0000360631,RN15SP9CPJE6,2023,2025-04-04,RYFNJKQEF4E3
2024-12-GSAFAC-0000362827,XHM9KKLP1T83,2024,2025-04-07,GY6MSLZG4NL9
2024-09-GSAFAC-0000363563,U4TZHD1RNTC7,2024,2025-04-08,EUHQHSE5GCQ5
2024-09-GSAFAC-0000363563,U4TZHD1RNTC7,2024,2025-04-08,KKZ6CZML6VW6
2023-09-GSAFAC-0000362296,UC2CKV7GQXC9,2023,2025-04-08,SV7WWH2G5V98
2024-12-GSAFAC-0000354924,XAPNEE7MVUL4,2024,2025-04-08,D1B7SNPZYTX6
2024-12-GSAFAC-0000354924,XAPNEE7MVUL4,2024,2025-04-08,E4HULW9Z73D1
2024-12-GSAFAC-0000354924,XAPNEE7MVUL4,2024,2025-04-08,YXN2HCKCF839
2024-06-GSAFAC-0000365571,VEHRKVEMJK59,2024,2025-04-08,FNH9ERZFSJV4
2024-06-GSAFAC-0000365566,C4F5DJP969G3,2024,2025-04-08,VRZXB96RCJG7
2024-12-GSAFAC-0000364114,CNNTEZCJKPV5,2024,2025-04-09,S1BES5QDTFL8
2024-12-GSAFAC-0000364114,CNNTEZCJKPV5,2024,2025-04-09,G6WDFNG5MKJ9
2024-12-GSAFAC-0000364114,CNNTEZCJKPV5,2024,2025-04-09,K8CDP4J89Z23
2024-06-GSAFAC-0000363369,D4TVB6V5GYK8,2024,2025-04-10,M2MUG6SFSHT1
2024-06-GSAFAC-0000363369,D4TVB6V5GYK8,2024,2025-04-10,FJVKUZYKL4G1
2024-06-GSAFAC-0000363369,D4TVB6V5GYK8,2024,2025-04-10,FDU2KZ279Q71
2024-06-GSAFAC-0000365362,X5QGNEC5ASH4,2024,2025-04-10,C29DFM5KSQ22
2024-06-GSAFAC-0000365362,X5QGNEC5ASH4,2024,2025-04-10,CADMH78MH3U4
2024-06-GSAFAC-0000365362,X5QGNEC5ASH4,2024,2025-04-10,CENWLTPXH9A1
2024-06-GSAFAC-0000365362,X5QGNEC5ASH4,2024,2025-04-10,CJUQKQUXSCJ5
2024-06-GSAFAC-0000365362,X5QGNEC5ASH4,2024,2025-04-10,CJUQKQUXSCJ5
2024-06-GSAFAC-0000365362,X5QGNEC5ASH4,2024,2025-04-10,CZKGEZK8RDD5
2024-06-GSAFAC-0000365362,X5QGNEC5ASH4,2024,2025-04-10,DAUHCBE9Q8M9
2024-06-GSAFAC-0000365362,X5QGNEC5ASH4,2024,2025-04-10,E6AGL47S7YS4
2024-06-GSAFAC-0000365362,X5QGNEC5ASH4,2024,2025-04-10,EP99SZE353U6
2024-06-GSAFAC-0000365362,X5QGNEC5ASH4,2024,2025-04-10,EUKMQMDWEZP8
2024-06-GSAFAC-0000365362,X5QGNEC5ASH4,2024,2025-04-10,EXK5PREX1WK7
2024-06-GSAFAC-0000365362,X5QGNEC5ASH4,2024,2025-04-10,FMWSDP2UH257
2024-06-GSAFAC-0000365362,X5QGNEC5ASH4,2024,2025-04-10,G1N1VYLMVNX1
2024-06-GSAFAC-0000365362,X5QGNEC5ASH4,2024,2025-04-10,H4Q6KFBDGVE5
2024-06-GSAFAC-0000365362,X5QGNEC5ASH4,2024,2025-04-10,H4VMM5QKJNP1
2024-06-GSAFAC-0000365362,X5QGNEC5ASH4,2024,2025-04-10,H5NWNFJSJJ94
2024-06-GSAFAC-0000365362,X5QGNEC5ASH4,2024,2025-04-10,HFJRBHKCBPR5
2024-06-GSAFAC-0000365362,X5QGNEC5ASH4,2024,2025-04-10,HJEMFCN553L5
2024-06-GSAFAC-0000365362,X5QGNEC5ASH4,2024,2025-04-10,HME6DL5DWNL3
2024-06-GSAFAC-0000365362,X5QGNEC5ASH4,2024,2025-04-10,HU7KR66D8CJ5
2024-06-GSAFAC-0000365362,X5QGNEC5ASH4,2024,2025-04-10,J1N9HVTG3CJ7
2024-06-GSAFAC-0000365362,X5QGNEC5ASH4,2024,2025-04-10,J2ZGXPAYNCD2
2024-06-GSAFAC-0000365362,X5QGNEC5ASH4,2024,2025-04-10,J4FAYJSND721
2024-06-GSAFAC-0000365362,X5QGNEC5ASH4,2024,2025-04-10,JGQ6SKN38A68
2024-06-GSAFAC-0000365362,X5QGNEC5ASH4,2024,2025-04-10,JMTGJKNLETS7
2024-06-GSAFAC-0000365362,X5QGNEC5ASH4,2024,2025-04-10,K3K1AEQ9FNC8
2024-06-GSAFAC-0000365362,X5QGNEC5ASH4,2024,2025-04-10,KUUYSFU421E6
2024-06-GSAFAC-0000365362,X5QGNEC5ASH4,2024,2025-04-10,L41XQENTVWE5
2024-06-GSAFAC-0000365362,X5QGNEC5ASH4,2024,2025-04-10,L6P1KLDZJ6Y9
2024-06-GSAFAC-0000365362,X5QGNEC5ASH4,2024,2025-04-10,LAX3JM75BAH5
2024-06-GSAFAC-0000365362,X5QGNEC5ASH4,2024,2025-04-10,LAX3JM75BAH5
2024-06-GSAFAC-0000365362,X5QGNEC5ASH4,2024,2025-04-10,LD9KZ9RYCYS6
2024-06-GSAFAC-0000365362,X5QGNEC5ASH4,2024,2025-04-10,LHLGJTS4L8K8
2024-06-GSAFAC-0000365362,X5QGNEC5ASH4,2024,2025-04-10,LHXMJL8CTNW5
2024-06-GSAFAC-0000365362,X5QGNEC5ASH4,2024,2025-04-10,LN8JGXELC1S7
2024-06-GSAFAC-0000365362,X5QGNEC5ASH4,2024,2025-04-10,LTJ5KLWZ8454
2024-06-GSAFAC-0000365362,X5QGNEC5ASH4,2024,2025-04-10,MCB4BL7NBJ93
2024-06-GSAFAC-0000365362,X5QGNEC5ASH4,2024,2025-04-10,NGCSBG4EVXQ3
2024-06-GSAFAC-0000365362,X5QGNEC5ASH4,2024,2025-04-10,P9HEFDARXLL1
2024-06-GSAFAC-0000365362,X5QGNEC5ASH4,2024,2025-04-10,QDMYJMEY6LN3
2024-06-GSAFAC-0000365362,X5QGNEC5ASH4,2024,2025-04-10,QL58UJKQ8M78
2024-06-GSAFAC-0000365362,X5QGNEC5ASH4,2024,2025-04-10,QP3HFE479SR2
2024-06-GSAFAC-0000365362,X5QGNEC5ASH4,2024,2025-04-10,S8GLC83TXL96
2024-06-GSAFAC-0000365362,X5QGNEC5ASH4,2024,2025-04-10,W1HKFSFD5Z65
2024-06-GSAFAC-0000365362,X5QGNEC5ASH4,2024,2025-04-10,WCEBGL8BKHA3
2024-06-GSAFAC-0000365362,X5QGNEC5ASH4,2024,2025-04-10,WLY6KK98DC93
2024-06-GSAFAC-0000365362,X5QGNEC5ASH4,2024,2025-04-10,WT3KTTM9TU19
2024-06-GSAFAC-0000365362,X5QGNEC5ASH4,2024,2025-04-10,XFRXK4ANCAG5
2024-06-GSAFAC-0000365362,X5QGNEC5ASH4,2024,2025-04-10,XKMMGCKGMQC8
2024-06-GSAFAC-0000365362,X5QGNEC5ASH4,2024,2025-04-10,XXWDMK82FRX7
2024-06-GSAFAC-0000365362,X5QGNEC5ASH4,2024,2025-04-10,YJCPBQZ2UGF1
2024-06-GSAFAC-0000365362,X5QGNEC5ASH4,2024,2025-04-10,Z662E4VN4BK5
2024-06-GSAFAC-0000365362,X5QGNEC5ASH4,2024,2025-04-10,ZG7NXYWFT6N5
2024-06-GSAFAC-0000366163,X5QGNEC5ASH4,2024,2025-04-10,C29DFM5KSQ22
2024-06-GSAFAC-0000366163,X5QGNEC5ASH4,2024,2025-04-10,CADMH78MH3U4
2024-06-GSAFAC-0000366163,X5QGNEC5ASH4,2024,2025-04-10,CENWLTPXH9A1
2024-06-GSAFAC-0000366163,X5QGNEC5ASH4,2024,2025-04-10,CJUQKQUXSCJ5
2024-06-GSAFAC-0000366163,X5QGNEC5ASH4,2024,2025-04-10,CJUQKQUXSCJ5
2024-06-GSAFAC-0000366163,X5QGNEC5ASH4,2024,2025-04-10,CZKGEZK8RDD5
2024-06-GSAFAC-0000366163,X5QGNEC5ASH4,2024,2025-04-10,DAUHCBE9Q8M9
2024-06-GSAFAC-0000366163,X5QGNEC5ASH4,2024,2025-04-10,E6AGL47S7YS4
2024-06-GSAFAC-0000366163,X5QGNEC5ASH4,2024,2025-04-10,EP99SZE353U6
2024-06-GSAFAC-0000366163,X5QGNEC5ASH4,2024,2025-04-10,EUKMQMDWEZP8
2024-06-GSAFAC-0000366163,X5QGNEC5ASH4,2024,2025-04-10,EXK5PREX1WK7
2024-06-GSAFAC-0000366163,X5QGNEC5ASH4,2024,2025-04-10,FMWSDP2UH257
2024-06-GSAFAC-0000366163,X5QGNEC5ASH4,2024,2025-04-10,G1N1VYLMVNX1
2024-06-GSAFAC-0000366163,X5QGNEC5ASH4,2024,2025-04-10,H4Q6KFBDGVE5
2024-06-GSAFAC-0000366163,X5QGNEC5ASH4,2024,2025-04-10,H4VMM5QKJNP1
2024-06-GSAFAC-0000366163,X5QGNEC5ASH4,2024,2025-04-10,H5NWNFJSJJ94
2024-06-GSAFAC-0000366163,X5QGNEC5ASH4,2024,2025-04-10,HFJRBHKCBPR5
2024-06-GSAFAC-0000366163,X5QGNEC5ASH4,2024,2025-04-10,HJEMFCN553L5
2024-06-GSAFAC-0000366163,X5QGNEC5ASH4,2024,2025-04-10,HME6DL5DWNL3
2024-06-GSAFAC-0000366163,X5QGNEC5ASH4,2024,2025-04-10,HU7KR66D8CJ5
2024-06-GSAFAC-0000366163,X5QGNEC5ASH4,2024,2025-04-10,J1N9HVTG3CJ7
2024-06-GSAFAC-0000366163,X5QGNEC5ASH4,2024,2025-04-10,J2ZGXPAYNCD2
2024-06-GSAFAC-0000366163,X5QGNEC5ASH4,2024,2025-04-10,J4FAYJSND721
2024-06-GSAFAC-0000366163,X5QGNEC5ASH4,2024,2025-04-10,JGQ6SKN38A68
2024-06-GSAFAC-0000366163,X5QGNEC5ASH4,2024,2025-04-10,JMTGJKNLETS7
2024-06-GSAFAC-0000366163,X5QGNEC5ASH4,2024,2025-04-10,K3K1AEQ9FNC8
2024-06-GSAFAC-0000366163,X5QGNEC5ASH4,2024,2025-04-10,KUUYSFU421E6
2024-06-GSAFAC-0000366163,X5QGNEC5ASH4,2024,2025-04-10,L41XQENTVWE5
2024-06-GSAFAC-0000366163,X5QGNEC5ASH4,2024,2025-04-10,L6P1KLDZJ6Y9
2024-06-GSAFAC-0000366163,X5QGNEC5ASH4,2024,2025-04-10,LAX3JM75BAH5
2024-06-GSAFAC-0000366163,X5QGNEC5ASH4,2024,2025-04-10,LAX3JM75BAH5
2024-06-GSAFAC-0000366163,X5QGNEC5ASH4,2024,2025-04-10,LD9KZ9RYCYS6
2024-06-GSAFAC-0000366163,X5QGNEC5ASH4,2024,2025-04-10,LHLGJTS4L8K8
2024-06-GSAFAC-0000366163,X5QGNEC5ASH4,2024,2025-04-10,LHXMJL8CTNW5
2024-06-GSAFAC-0000366163,X5QGNEC5ASH4,2024,2025-04-10,LN8JGXELC1S7
2024-06-GSAFAC-0000366163,X5QGNEC5ASH4,2024,2025-04-10,LTJ5KLWZ8454
2024-06-GSAFAC-0000366163,X5QGNEC5ASH4,2024,2025-04-10,MCB4BL7NBJ93
2024-06-GSAFAC-0000366163,X5QGNEC5ASH4,2024,2025-04-10,NGCSBG4EVXQ3
2024-06-GSAFAC-0000366163,X5QGNEC5ASH4,2024,2025-04-10,P9HEFDARXLL1
2024-06-GSAFAC-0000366163,X5QGNEC5ASH4,2024,2025-04-10,QDMYJMEY6LN3
2024-06-GSAFAC-0000366163,X5QGNEC5ASH4,2024,2025-04-10,QL58UJKQ8M78
2024-06-GSAFAC-0000366163,X5QGNEC5ASH4,2024,2025-04-10,QP3HFE479SR2
2024-06-GSAFAC-0000366163,X5QGNEC5ASH4,2024,2025-04-10,S8GLC83TXL96
2024-06-GSAFAC-0000366163,X5QGNEC5ASH4,2024,2025-04-10,W1HKFSFD5Z65
2024-06-GSAFAC-0000366163,X5QGNEC5ASH4,2024,2025-04-10,WCEBGL8BKHA3
2024-06-GSAFAC-0000366163,X5QGNEC5ASH4,2024,2025-04-10,WLY6KK98DC93
2024-06-GSAFAC-0000366163,X5QGNEC5ASH4,2024,2025-04-10,WT3KTTM9TU19
2024-06-GSAFAC-0000366163,X5QGNEC5ASH4,2024,2025-04-10,XFRXK4ANCAG5
2024-06-GSAFAC-0000366163,X5QGNEC5ASH4,2024,2025-04-10,XKMMGCKGMQC8
2024-06-GSAFAC-0000366163,X5QGNEC5ASH4,2024,2025-04-10,XXWDMK82FRX7
2024-06-GSAFAC-0000366163,X5QGNEC5ASH4,2024,2025-04-10,YJCPBQZ2UGF1
2024-06-GSAFAC-0000366163,X5QGNEC5ASH4,2024,2025-04-10,Z662E4VN4BK5
2024-06-GSAFAC-0000366163,X5QGNEC5ASH4,2024,2025-04-10,ZG7NXYWFT6N5
2024-09-GSAFAC-0000365096,R37RMC63XKG1,2024,2025-04-11,RJ1VLC549VP9
2024-09-GSAFAC-0000365096,R37RMC63XKG1,2024,2025-04-11,F8HLH7H8FL19
2024-09-GSAFAC-0000365096,R37RMC63XKG1,2024,2025-04-11,RUVWESM2SAN5
2024-09-GSAFAC-0000365096,R37RMC63XKG1,2024,2025-04-11,WQA3LR2BMLY4
2024-09-GSAFAC-0000365096,R37RMC63XKG1,2024,2025-04-11,MKVTBLHMGLE5
2024-09-GSAFAC-0000365216,HNEZN8HPK785,2024,2025-04-14,HVM5A9LDXHC1
2024-09-GSAFAC-0000365216,HNEZN8HPK785,2024,2025-04-14,S4H5MNXTFG91
2024-09-GSAFAC-0000365216,HNEZN8HPK785,2024,2025-04-14,C7NSUQRF4DV8
2024-09-GSAFAC-0000365216,HNEZN8HPK785,2024,2025-04-14,XNHACEJNNL44
2024-09-GSAFAC-0000365216,HNEZN8HPK785,2024,2025-04-14,XBQKTEKPQZC9
2024-09-GSAFAC-0000365216,HNEZN8HPK785,2024,2025-04-14,NLANQP73DYH3
2024-09-GSAFAC-0000365216,HNEZN8HPK785,2024,2025-04-14,WWBGLPW5JFL1
2024-09-GSAFAC-0000365216,HNEZN8HPK785,2024,2025-04-14,X8GHLGAYPRH5
2024-09-GSAFAC-0000365216,HNEZN8HPK785,2024,2025-04-14,DL8BLP43KKD8
2024-09-GSAFAC-0000365216,HNEZN8HPK785,2024,2025-04-14,DA9BMNF7WGV3
2024-09-GSAFAC-0000365216,HNEZN8HPK785,2024,2025-04-14,K6X9UAKB9JZ6
2024-09-GSAFAC-0000365216,HNEZN8HPK785,2024,2025-04-14,KFQGVKHW32N3
2024-09-GSAFAC-0000365216,HNEZN8HPK785,2024,2025-04-14,CCJYR6QR6UB1
2024-09-GSAFAC-0000365216,HNEZN8HPK785,2024,2025-04-14,S5ANR5U9PG15
2024-09-GSAFAC-0000365216,HNEZN8HPK785,2024,2025-04-14,JY45LL2J84Z7
2024-09-GSAFAC-0000365216,HNEZN8HPK785,2024,2025-04-14,FMPFJSXNZ1L8
2024-09-GSAFAC-0000365216,HNEZN8HPK785,2024,2025-04-14,EJ8TZLY3NLD3
2024-09-GSAFAC-0000365216,HNEZN8HPK785,2024,2025-04-14,HA1ZTU8NLQW4
2024-09-GSAFAC-0000365216,HNEZN8HPK785,2024,2025-04-14,FX8AXY678285
2024-09-GSAFAC-0000365216,HNEZN8HPK785,2024,2025-04-14,KEFNZMZEP556
2024-06-GSAFAC-0000363885,ER64HRTRKFY3,2024,2025-04-14,GAK2WBS8TCN4
2024-09-GSAFAC-0000362158,MNEFBYCXRMR8,2024,2025-04-14,NN59FL5DF1J6
2024-09-GSAFAC-0000360955,VY9UEK86CVW3,2024,2025-04-14,GVXBBWH1S236
2024-09-GSAFAC-0000360955,VY9UEK86CVW3,2024,2025-04-14,E7FSAAQSVAL7
2024-09-GSAFAC-0000360955,VY9UEK86CVW3,2024,2025-04-14,D5ESWJ3VKA55
2024-09-GSAFAC-0000360955,VY9UEK86CVW3,2024,2025-04-14,D6S4CMBPMGH8
2024-09-GSAFAC-0000360955,VY9UEK86CVW3,2024,2025-04-14,EHECYQ5WLD17
2024-06-GSAFAC-0000362228,PX4PFMU2F3X6,2024,2025-04-15,Y86TFKDVR8A6
2024-06-GSAFAC-0000362228,PX4PFMU2F3X6,2024,2025-04-15,QM7RG27XX184
2024-06-GSAFAC-0000362228,PX4PFMU2F3X6,2024,2025-04-15,LKG7ULC8A466
2024-06-GSAFAC-0000362228,PX4PFMU2F3X6,2024,2025-04-15,LG73YWKLU2E7
2024-06-GSAFAC-0000362228,PX4PFMU2F3X6,2024,2025-04-15,L3E6H4YENH35
2024-09-GSAFAC-0000366290,T4WWPHALVUH9,2024,2025-04-15,KK9HYY1M58N8
2024-09-GSAFAC-0000366290,T4WWPHALVUH9,2024,2025-04-15,J313P4PKEEN8
2024-09-GSAFAC-0000366290,T4WWPHALVUH9,2024,2025-04-15,CDMKB34BWYK4
2024-12-GSAFAC-0000359078,DCU7Y1K5NHU8,2024,2025-04-15,FVCKV8SRELU6
2024-12-GSAFAC-0000362469,WKG7SNMSKKA6,2024,2025-04-16,F2BGGCRC25M5
2024-06-GSAFAC-0000366597,QZYMC6LHHMP6,2024,2025-04-16,HTABRWRKL269
2024-06-GSAFAC-0000366544,NFLNBE19F2U5,2024,2025-04-16,JJYPMAVNLL69
2023-06-GSAFAC-0000360488,JW7YN4NDAHC1,2023,2025-04-16,STC1LYLCWB18
2023-06-GSAFAC-0000360488,JW7YN4NDAHC1,2023,2025-04-16,GZ6NCMJFL6R4
2023-06-GSAFAC-0000360488,JW7YN4NDAHC1,2023,2025-04-16,RN4HGABGRWV7
2023-06-GSAFAC-0000360488,JW7YN4NDAHC1,2023,2025-04-16,SRT1YX7KJQL4
2023-06-GSAFAC-0000360488,JW7YN4NDAHC1,2023,2025-04-16,KJKYFMDKP1V9
2023-06-GSAFAC-0000360488,JW7YN4NDAHC1,2023,2025-04-16,Y8CRUE3Z5LD7
2023-06-GSAFAC-0000360488,JW7YN4NDAHC1,2023,2025-04-16,FGK7C4BSUVK3
2023-06-GSAFAC-0000360488,JW7YN4NDAHC1,2023,2025-04-16,F4SLJ5WF59F6
2023-06-GSAFAC-0000360488,JW7YN4NDAHC1,2023,2025-04-16,ZCS6S95MGH66
2023-06-GSAFAC-0000360488,JW7YN4NDAHC1,2023,2025-04-16,FUHGQMYGUBJ7
2023-06-GSAFAC-0000360488,JW7YN4NDAHC1,2023,2025-04-16,GS1KNYFEVKF1
2023-06-GSAFAC-0000360488,JW7YN4NDAHC1,2023,2025-04-16,WFY5U8JWNDK1
2023-06-GSAFAC-0000360488,JW7YN4NDAHC1,2023,2025-04-16,ZM6PVFEKEHK1
2023-06-GSAFAC-0000360488,JW7YN4NDAHC1,2023,2025-04-16,MXA6A75JEGY8
2023-06-GSAFAC-0000360488,JW7YN4NDAHC1,2023,2025-04-16,HMW5V5LQY617
2023-06-GSAFAC-0000360488,JW7YN4NDAHC1,2023,2025-04-16,H5D8ZCWMBRQ9
2023-06-GSAFAC-0000360488,JW7YN4NDAHC1,2023,2025-04-16,K8JLGZSDVS89
2023-06-GSAFAC-0000360488,JW7YN4NDAHC1,2023,2025-04-16,JWL6V4CWPQJ1
2023-06-GSAFAC-0000360488,JW7YN4NDAHC1,2023,2025-04-16,FNJZEE34W8V3
2023-06-GSAFAC-0000360488,JW7YN4NDAHC1,2023,2025-04-16,XB4KBLWF4LA5
2023-06-GSAFAC-0000360488,JW7YN4NDAHC1,2023,2025-04-16,JLQBUB5SG3L5
2023-06-GSAFAC-0000360488,JW7YN4NDAHC1,2023,2025-04-16,RASVZWGK4FW3
2023-06-GSAFAC-0000360488,JW7YN4NDAHC1,2023,2025-04-16,CPVFEDRAL3U6
2024-06-GSAFAC-0000366116,DXEZB37UP7Q9,2024,2025-04-16,D9SNFDRCW3W7
2024-06-GSAFAC-0000366116,DXEZB37UP7Q9,2024,2025-04-16,EG83QVHWQYZ3
2024-06-GSAFAC-0000366116,DXEZB37UP7Q9,2024,2025-04-16,LJ87B25FZ1B1
2024-06-GSAFAC-0000366116,DXEZB37UP7Q9,2024,2025-04-16,C1UPD99BCWH5
2024-06-GSAFAC-0000366116,DXEZB37UP7Q9,2024,2025-04-16,C9WRPSE9E7Y8
2024-06-GSAFAC-0000366116,DXEZB37UP7Q9,2024,2025-04-16,DGVTSHEFCBM5
2024-06-GSAFAC-0000366116,DXEZB37UP7Q9,2024,2025-04-16,DJD3ZBJ1HNL7
2024-06-GSAFAC-0000366116,DXEZB37UP7Q9,2024,2025-04-16,DWN5MBGAT2F8
2024-06-GSAFAC-0000366116,DXEZB37UP7Q9,2024,2025-04-16,EED8DPB3U7M8
2024-06-GSAFAC-0000366116,DXEZB37UP7Q9,2024,2025-04-16,FPJLRDTN13X3
2024-06-GSAFAC-0000366116,DXEZB37UP7Q9,2024,2025-04-16,G9T1PJBELKT1
2024-06-GSAFAC-0000366116,DXEZB37UP7Q9,2024,2025-04-16,GLJFD1STNE67
2024-06-GSAFAC-0000366116,DXEZB37UP7Q9,2024,2025-04-16,GWMKT7JGFW91
2024-06-GSAFAC-0000366116,DXEZB37UP7Q9,2024,2025-04-16,H6D6JMXJXDE6
2024-06-GSAFAC-0000366116,DXEZB37UP7Q9,2024,2025-04-16,HEF4CH4YQ548
2024-06-GSAFAC-0000366116,DXEZB37UP7Q9,2024,2025-04-16,HHGMHDPKEY13
2024-06-GSAFAC-0000366116,DXEZB37UP7Q9,2024,2025-04-16,HJL7S6MUNL85
2024-06-GSAFAC-0000366116,DXEZB37UP7Q9,2024,2025-04-16,J9ZXN6UQ2K15
2024-06-GSAFAC-0000366116,DXEZB37UP7Q9,2024,2025-04-16,JGBJNDVGKK44
2024-06-GSAFAC-0000366116,DXEZB37UP7Q9,2024,2025-04-16,JNYQV17MGDW9
2024-06-GSAFAC-0000366116,DXEZB37UP7Q9,2024,2025-04-16,K7K4FGG8RF4S
2024-06-GSAFAC-0000366116,DXEZB37UP7Q9,2024,2025-04-16,KAFMH9XHH8P3
2024-06-GSAFAC-0000366116,DXEZB37UP7Q9,2024,2025-04-16,KEB2K7QLKAN7
2024-06-GSAFAC-0000366116,DXEZB37UP7Q9,2024,2025-04-16,KG2CH68F4NN7
2024-06-GSAFAC-0000366116,DXEZB37UP7Q9,2024,2025-04-16,KSM5N7FJ3QE3
2024-06-GSAFAC-0000366116,DXEZB37UP7Q9,2024,2025-04-16,L6D8BDC5AWY9
2024-06-GSAFAC-0000366116,DXEZB37UP7Q9,2024,2025-04-16,LN4KPLU7DRKS
2024-06-GSAFAC-0000366116,DXEZB37UP7Q9,2024,2025-04-16,M2M2M9FVADT5
2024-06-GSAFAC-0000366116,DXEZB37UP7Q9,2024,2025-04-16,N48NWM27W7R3
2024-06-GSAFAC-0000366116,DXEZB37UP7Q9,2024,2025-04-16,N88AJLHZ39R3
2024-06-GSAFAC-0000366116,DXEZB37UP7Q9,2024,2025-04-16,NT2EGNTCPLJ3
2024-06-GSAFAC-0000366116,DXEZB37UP7Q9,2024,2025-04-16,NZMLYKS24FW3
2024-06-GSAFAC-0000366116,DXEZB37UP7Q9,2024,2025-04-16,QHFBMDKNENK7
2024-06-GSAFAC-0000366116,DXEZB37UP7Q9,2024,2025-04-16,R2J2V5BZNGY2
2024-06-GSAFAC-0000366116,DXEZB37UP7Q9,2024,2025-04-16,RFZKKT5RU3F8
2024-06-GSAFAC-0000366116,DXEZB37UP7Q9,2024,2025-04-16,VGAKVJNLKDR9
2024-06-GSAFAC-0000366116,DXEZB37UP7Q9,2024,2025-04-16,VU2RJUB3MB65
2024-06-GSAFAC-0000366116,DXEZB37UP7Q9,2024,2025-04-16,VWQNND6KLQQ5
2024-06-GSAFAC-0000366116,DXEZB37UP7Q9,2024,2025-04-16,VZA5GCYZBJA7
2024-06-GSAFAC-0000366116,DXEZB37UP7Q9,2024,2025-04-16,WNTPS995QBM7
2024-06-GSAFAC-0000366116,DXEZB37UP7Q9,2024,2025-04-16,WWLVE4N1TN25
2024-06-GSAFAC-0000366116,DXEZB37UP7Q9,2024,2025-04-16,WYGTAL14GSS7
2024-06-GSAFAC-0000366116,DXEZB37UP7Q9,2024,2025-04-16,Y5EFJ1GGL548
2024-06-GSAFAC-0000366116,DXEZB37UP7Q9,2024,2025-04-16,YDBAZKLDWMN4
2024-06-GSAFAC-0000366116,DXEZB37UP7Q9,2024,2025-04-16,YMPLPE6VQH93
2024-06-GSAFAC-0000366116,DXEZB37UP7Q9,2024,2025-04-16,Z2F4R9ZJG2A4
2024-06-GSAFAC-0000366116,DXEZB37UP7Q9,2024,2025-04-16,Z1G3QYKTM1T9
2024-06-GSAFAC-0000366116,DXEZB37UP7Q9,2024,2025-04-16,ZJSAV61ENCF8
2024-06-GSAFAC-0000366116,DXEZB37UP7Q9,2024,2025-04-16,ZQ8MXL2GJ4C4
2023-09-GSAFAC-0000366669,N9Y6ARKDJYN5,2023,2025-04-16,VAA8U7YFQKW3
2023-09-GSAFAC-0000366669,N9Y6ARKDJYN5,2023,2025-04-16,LDCXVKGCJRB4
2023-12-GSAFAC-0000363556,PWZDLJ8QVHE9,2023,2025-04-17,LYPWLEH8XKL9
2024-06-GSAFAC-0000365234,EKQPQU7JA5H5,2024,2025-04-17,N1WPNUC9H4W8
2024-06-GSAFAC-0000365234,EKQPQU7JA5H5,2024,2025-04-17,MA28BM281U76
2024-06-GSAFAC-0000365234,EKQPQU7JA5H5,2024,2025-04-17,TEUALKP9LUE5
2024-06-GSAFAC-0000365234,EKQPQU7JA5H5,2024,2025-04-17,UEHJB5X1F7C1
2024-06-GSAFAC-0000365234,EKQPQU7JA5H5,2024,2025-04-17,FTMXD28W1KJ1
2024-06-GSAFAC-0000365234,EKQPQU7JA5H5,2024,2025-04-17,TN5HHCN6NHE1
2024-08-GSAFAC-0000356796,NX9PXMKW5KW8,2024,2025-04-18,DCYUNYGFTZ49
2024-08-GSAFAC-0000356796,NX9PXMKW5KW8,2024,2025-04-18,M5SZJ6VHUHN8
2024-06-GSAFAC-0000360489,JW7YN4NDAHC1,2024,2025-04-18,STC1LYLCWB18
2024-06-GSAFAC-0000360489,JW7YN4NDAHC1,2024,2025-04-18,GZ6NCMJFL6R4
2024-06-GSAFAC-0000360489,JW7YN4NDAHC1,2024,2025-04-18,RN4HGABGRWV7
2024-06-GSAFAC-0000360489,JW7YN4NDAHC1,2024,2025-04-18,SRT1YX7KJQL4
2024-06-GSAFAC-0000360489,JW7YN4NDAHC1,2024,2025-04-18,KJKYFMDKP1V9
2024-06-GSAFAC-0000360489,JW7YN4NDAHC1,2024,2025-04-18,Y8CRUE3Z5LD7
2024-06-GSAFAC-0000360489,JW7YN4NDAHC1,2024,2025-04-18,FGK7C4BSUVK3
2024-06-GSAFAC-0000360489,JW7YN4NDAHC1,2024,2025-04-18,F4SLJ5WF59F6
2024-06-GSAFAC-0000360489,JW7YN4NDAHC1,2024,2025-04-18,ZCS6S95MGH66
2024-06-GSAFAC-0000360489,JW7YN4NDAHC1,2024,2025-04-18,FUHGQMYGUBJ7
2024-06-GSAFAC-0000360489,JW7YN4NDAHC1,2024,2025-04-18,GS1KNYFEVKF1
2024-06-GSAFAC-0000360489,JW7YN4NDAHC1,2024,2025-04-18,WFY5U8JWNDK1
2024-06-GSAFAC-0000360489,JW7YN4NDAHC1,2024,2025-04-18,ZM6PVFEKEHK1
2024-06-GSAFAC-0000360489,JW7YN4NDAHC1,2024,2025-04-18,MXA6A75JEGY8
2024-06-GSAFAC-0000360489,JW7YN4NDAHC1,2024,2025-04-18,HMW5V5LQY617
2024-06-GSAFAC-0000360489,JW7YN4NDAHC1,2024,2025-04-18,H5D8ZCWMBRQ9
2024-06-GSAFAC-0000360489,JW7YN4NDAHC1,2024,2025-04-18,K8JLGZSDVS89
2024-06-GSAFAC-0000360489,JW7YN4NDAHC1,2024,2025-04-18,JWL6V4CWPQJ1
2024-06-GSAFAC-0000360489,JW7YN4NDAHC1,2024,2025-04-18,FNJZEE34W8V3
2024-06-GSAFAC-0000360489,JW7YN4NDAHC1,2024,2025-04-18,XB4KBLWF4LA5
2024-06-GSAFAC-0000360489,JW7YN4NDAHC1,2024,2025-04-18,JLQBUB5SG3L5
2024-06-GSAFAC-0000360489,JW7YN4NDAHC1,2024,2025-04-18,RASVZWGK4FW3
2024-06-GSAFAC-0000360489,JW7YN4NDAHC1,2024,2025-04-18,CPVFEDRAL3U6
2024-09-GSAFAC-0000366551,HVGYXANHYJP4,2024,2025-04-21,N3MURDP3SFU3
2024-09-GSAFAC-0000366551,HVGYXANHYJP4,2024,2025-04-21,L1GVDFF66PL3
2024-09-GSAFAC-0000366551,HVGYXANHYJP4,2024,2025-04-21,LTEMJNBHYB41
2024-09-GSAFAC-0000366551,HVGYXANHYJP4,2024,2025-04-21,G3XVLCE3ETN9
2023-06-GSAFAC-0000366981,NWEHACCKMUS5,2023,2025-04-21,U2HLCNU1HCM5
2023-06-GSAFAC-0000366981,NWEHACCKMUS5,2023,2025-04-21,L1ZZXP7AG1C3
2023-06-GSAFAC-0000366981,NWEHACCKMUS5,2023,2025-04-21,FNTAQBBSBKC5
2024-09-GSAFAC-0000362111,N8VWF88N4AD7,2024,2025-04-22,WDKUYRAMUSK6
2024-06-GSAFAC-0000367093,JV71JLXXSTJ5,2024,2025-04-22,SVZ5LGXVTJ33
2024-09-GSAFAC-0000364352,PB11V1KH3KV4,2024,2025-04-23,NDAWXK4WG938
2024-09-GSAFAC-0000364352,PB11V1KH3KV4,2024,2025-04-23,D51DA42A4KT8
2024-09-GSAFAC-0000364352,PB11V1KH3KV4,2024,2025-04-23,RX7GZLLBTKR6
2024-09-GSAFAC-0000364352,PB11V1KH3KV4,2024,2025-04-23,F5DNCETLUBN5
2024-12-GSAFAC-0000366399,M5HGUKR7N3T9,2024,2025-04-23,QWKEVG3FNFL7
2024-12-GSAFAC-0000366399,M5HGUKR7N3T9,2024,2025-04-23,C7X3W69K5ES1
2024-12-GSAFAC-0000366399,M5HGUKR7N3T9,2024,2025-04-23,Q34PY2RY1ZA4
2024-12-GSAFAC-0000366399,M5HGUKR7N3T9,2024,2025-04-23,K128KBEGA3X9
2024-12-GSAFAC-0000366399,M5HGUKR7N3T9,2024,2025-04-23,JDVEQMNFJ2H4
2024-12-GSAFAC-0000366399,M5HGUKR7N3T9,2024,2025-04-23,NTPGBARKLJP8
2024-12-GSAFAC-0000366399,M5HGUKR7N3T9,2024,2025-04-23,GU96AJAC46W1
2024-09-GSAFAC-0000367032,GD6LEKY1M2F4,2024,2025-04-23,XMU2HYV3SZ85
2024-09-GSAFAC-0000364293,H2TGV5FM16F8,2024,2025-04-24,TVAKGV5KGJR3
2024-09-GSAFAC-0000364293,H2TGV5FM16F8,2024,2025-04-24,E24VUQN42WF8
2024-06-GSAFAC-0000365880,GCR8CGCA7L15,2024,2025-04-24,V6FPHNDP3CB1
2024-06-GSAFAC-0000365880,GCR8CGCA7L15,2024,2025-04-24,H1PAJJVNJ436
2024-06-GSAFAC-0000365880,GCR8CGCA7L15,2024,2025-04-24,MZGMQNWZZ736
2024-06-GSAFAC-0000365880,GCR8CGCA7L15,2024,2025-04-24,EEB1T5MM4DD7
2023-12-GSAFAC-0000366009,LLJTVLU7N6C5,2023,2025-04-25,YR4HFYMNREV3
2024-06-GSAFAC-0000361796,PA87VV1TS9Q6,2024,2025-04-25,XCLAGBNMHE43
2024-06-GSAFAC-0000361796,PA87VV1TS9Q6,2024,2025-04-25,CVXTMM13CNF4
2024-09-GSAFAC-0000365085,SBEVXUKXKGK3,2024,2025-04-28,EKGQF6H3LV53
2024-09-GSAFAC-0000365908,SKSBGBWWEJ95,2024,2025-04-28,X57LPZ4JJF35
2024-09-GSAFAC-0000366427,D6NBCNB2YWW8,2024,2025-04-29,XSYAFZ2U13F6
2024-09-GSAFAC-0000366427,D6NBCNB2YWW8,2024,2025-04-29,HEE3BW4VLGG4
2024-06-GSAFAC-0000367475,F58LFLHMKX96,2024,2025-04-29,NBWGTZ4VJ2W4
2024-06-GSAFAC-0000367475,F58LFLHMKX96,2024,2025-04-29,MY8YRALLBK21
2024-12-GSAFAC-0000357865,WJZXPKMBL785,2024,2025-04-29,ND4EFXLLXYH1
2024-06-GSAFAC-0000056422,R96RFDTXEFG9,2024,2025-04-29,JN22XQPWQRU5
2024-06-GSAFAC-0000056422,R96RFDTXEFG9,2024,2025-04-29,XD8CB5R8DVM7
2024-06-GSAFAC-0000056422,R96RFDTXEFG9,2024,2025-04-29,M72GGCJ56UV8
2024-06-GSAFAC-0000056422,R96RFDTXEFG9,2024,2025-04-29,JEJGGM9MT7V9
2024-06-GSAFAC-0000056422,R96RFDTXEFG9,2024,2025-04-29,F2Q4UX11U7K3
2024-06-GSAFAC-0000056422,R96RFDTXEFG9,2024,2025-04-29,CXHLF6D26ES8
2024-06-GSAFAC-0000056422,R96RFDTXEFG9,2024,2025-04-29,C2XKJWGLDSG5
2024-06-GSAFAC-0000056422,R96RFDTXEFG9,2024,2025-04-29,FC8SGR49JCE6
2024-06-GSAFAC-0000056422,R96RFDTXEFG9,2024,2025-04-29,D658MPRL3J91
2024-06-GSAFAC-0000056422,R96RFDTXEFG9,2024,2025-04-29,L1DBGYGQC3L5
2024-06-GSAFAC-0000056422,R96RFDTXEFG9,2024,2025-04-29,JJJNQAJY5RN6
2024-06-GSAFAC-0000056422,R96RFDTXEFG9,2024,2025-04-29,N4WWJC8T2593
2024-06-GSAFAC-0000056422,R96RFDTXEFG9,2024,2025-04-29,DP59PALDWKH5
2024-06-GSAFAC-0000056422,R96RFDTXEFG9,2024,2025-04-29,XBC7LL7CHFS3
2024-06-GSAFAC-0000056422,R96RFDTXEFG9,2024,2025-04-29,T9G1AJZRY8N6
2024-06-GSAFAC-0000056422,R96RFDTXEFG9,2024,2025-04-29,D86NPMMLHK41
2024-06-GSAFAC-0000056422,R96RFDTXEFG9,2024,2025-04-29,CH6GC58MEZX8
2024-06-GSAFAC-0000056422,R96RFDTXEFG9,2024,2025-04-29,JDPQA8949685
2024-06-GSAFAC-0000056422,R96RFDTXEFG9,2024,2025-04-29,CLE1AGJD5NN6
2024-06-GSAFAC-0000056422,R96RFDTXEFG9,2024,2025-04-29,WQUQXBZSDML5
2024-06-GSAFAC-0000056422,R96RFDTXEFG9,2024,2025-04-29,CS42PTLDJ1F3
2024-06-GSAFAC-0000056422,R96RFDTXEFG9,2024,2025-04-29,K2D8HHGH6F84
2024-06-GSAFAC-0000056422,R96RFDTXEFG9,2024,2025-04-29,JYGDB3FN1MA9
2024-06-GSAFAC-0000056422,R96RFDTXEFG9,2024,2025-04-29,ZEMLG3ULW2E5
2024-06-GSAFAC-0000056422,R96RFDTXEFG9,2024,2025-04-29,UKB5A1E2CLK3
2024-06-GSAFAC-0000056422,R96RFDTXEFG9,2024,2025-04-29,X8FHDGH9QYD7
2024-06-GSAFAC-0000056422,R96RFDTXEFG9,2024,2025-04-29,CMXFKE2KDMP4
2024-06-GSAFAC-0000056422,R96RFDTXEFG9,2024,2025-04-29,MLKKNHFV9RN3
2024-06-GSAFAC-0000056422,R96RFDTXEFG9,2024,2025-04-29,GNMKAYK59LF1
2024-06-GSAFAC-0000056422,R96RFDTXEFG9,2024,2025-04-29,M7N4HLLJAN45
2024-06-GSAFAC-0000056422,R96RFDTXEFG9,2024,2025-04-29,NUGFBJ8MJSY9
2024-06-GSAFAC-0000056422,R96RFDTXEFG9,2024,2025-04-29,Y64VJ1JL53K7
2024-06-GSAFAC-0000056422,R96RFDTXEFG9,2024,2025-04-29,HHUNGBTDXFE8
2024-06-GSAFAC-0000056422,R96RFDTXEFG9,2024,2025-04-29,C7LSTJPMJG43
2024-06-GSAFAC-0000056422,R96RFDTXEFG9,2024,2025-04-29,RWEWFEXCBZK6
2024-06-GSAFAC-0000056422,R96RFDTXEFG9,2024,2025-04-29,CTQ9Q2UW8LL9
2024-06-GSAFAC-0000056422,R96RFDTXEFG9,2024,2025-04-29,HJGLBLZN9EW7
2024-06-GSAFAC-0000056422,R96RFDTXEFG9,2024,2025-04-29,LVDJS9UYPLD4
2024-06-GSAFAC-0000056422,R96RFDTXEFG9,2024,2025-04-29,S3FFMKN95RF1
2024-06-GSAFAC-0000056422,R96RFDTXEFG9,2024,2025-04-29,JERJUDKCYLE3
2024-06-GSAFAC-0000056422,R96RFDTXEFG9,2024,2025-04-29,UW24SMC4DLM1
2024-06-GSAFAC-0000056422,R96RFDTXEFG9,2024,2025-04-29,NLYTWDL1RBS7
2024-06-GSAFAC-0000056422,R96RFDTXEFG9,2024,2025-04-29,EMW9FC8J3HN4
2024-06-GSAFAC-0000056422,R96RFDTXEFG9,2024,2025-04-29,LSJTMEUVUQ79
2024-06-GSAFAC-0000056422,R96RFDTXEFG9,2024,2025-04-29,VAHGRLBXD6G5
2024-06-GSAFAC-0000056422,R96RFDTXEFG9,2024,2025-04-29,FVCJFYYLJT13
2024-06-GSAFAC-0000056422,R96RFDTXEFG9,2024,2025-04-29,DMDVPTGMLTS5
2024-06-GSAFAC-0000056422,R96RFDTXEFG9,2024,2025-04-29,TSALKE2KG5B1
2024-06-GSAFAC-0000056422,R96RFDTXEFG9,2024,2025-04-29,SNQ6M7S6TK89
2024-06-GSAFAC-0000056422,R96RFDTXEFG9,2024,2025-04-29,MNS7B9CVKDN7
2024-06-GSAFAC-0000056422,R96RFDTXEFG9,2024,2025-04-29,VD5MQ1KJHTJ9
2024-06-GSAFAC-0000056422,R96RFDTXEFG9,2024,2025-04-29,PWGQK4FFJXL3
2024-06-GSAFAC-0000056422,R96RFDTXEFG9,2024,2025-04-29,CTCMTRLMYMS9
2024-06-GSAFAC-0000056422,R96RFDTXEFG9,2024,2025-04-29,Z88QFLH396C8
2024-06-GSAFAC-0000056422,R96RFDTXEFG9,2024,2025-04-29,GSDJJ12A2XU4
2024-06-GSAFAC-0000056422,R96RFDTXEFG9,2024,2025-04-29,LVQADHKEFUE1
2024-06-GSAFAC-0000056422,R96RFDTXEFG9,2024,2025-04-29,M8QMBTLRKDL1
2024-06-GSAFAC-0000056422,R96RFDTXEFG9,2024,2025-04-29,SVU8DHL27WG1
2024-06-GSAFAC-0000056422,R96RFDTXEFG9,2024,2025-04-29,LB7XJYLQ5K64
2024-06-GSAFAC-0000056422,R96RFDTXEFG9,2024,2025-04-29,GJN5WVFCC6K4
2024-06-GSAFAC-0000056422,R96RFDTXEFG9,2024,2025-04-29,VYF6CWCFG4G6
2024-06-GSAFAC-0000056422,R96RFDTXEFG9,2024,2025-04-29,R9NJBMJD9Y18
2024-06-GSAFAC-0000056422,R96RFDTXEFG9,2024,2025-04-29,V1WUYJCYJVJ4
2024-06-GSAFAC-0000056422,R96RFDTXEFG9,2024,2025-04-29,UPGQEASGW9N7
2024-06-GSAFAC-0000056422,R96RFDTXEFG9,2024,2025-04-29,V7MDL9CDSH25
2024-06-GSAFAC-0000056422,R96RFDTXEFG9,2024,2025-04-29,N7WSFBXBG2W8
2024-06-GSAFAC-0000056422,R96RFDTXEFG9,2024,2025-04-29,FJZUDUGA3X68
2024-06-GSAFAC-0000056422,R96RFDTXEFG9,2024,2025-04-29,F21LW9WKHJQ5
2024-06-GSAFAC-0000056422,R96RFDTXEFG9,2024,2025-04-29,PK4ALBMFSLQ1
2024-06-GSAFAC-0000056422,R96RFDTXEFG9,2024,2025-04-29,KJ97XE5AFJC4
2024-06-GSAFAC-0000056422,R96RFDTXEFG9,2024,2025-04-29,NB11TLE8TZU7
2024-06-GSAFAC-0000056422,R96RFDTXEFG9,2024,2025-04-29,SFBTPKM96L56
2024-06-GSAFAC-0000056422,R96RFDTXEFG9,2024,2025-04-29,Y3UNJSG9NCQ8
2024-06-GSAFAC-0000056422,R96RFDTXEFG9,2024,2025-04-29,KBKFVQTDNDD4
2024-06-GSAFAC-0000056422,R96RFDTXEFG9,2024,2025-04-29,VQ92VN5EJL63
2024-06-GSAFAC-0000056422,R96RFDTXEFG9,2024,2025-04-29,JE49CN5RH9R7
2024-06-GSAFAC-0000056422,R96RFDTXEFG9,2024,2025-04-29,K6AHKXUZ4GM7
2024-06-GSAFAC-0000056422,R96RFDTXEFG9,2024,2025-04-29,TJYKSE9XUNB9
2024-06-GSAFAC-0000056422,R96RFDTXEFG9,2024,2025-04-29,K6GMDNQDL467
2024-06-GSAFAC-0000056422,R96RFDTXEFG9,2024,2025-04-29,F7RVDNHK2PE5
2024-06-GSAFAC-0000056422,R96RFDTXEFG9,2024,2025-04-29,N265N2MR2915
2024-06-GSAFAC-0000056422,R96RFDTXEFG9,2024,2025-04-29,LGDTP2PRMDE5
2024-06-GSAFAC-0000056422,R96RFDTXEFG9,2024,2025-04-29,D2EPQLW2MM85
2024-06-GSAFAC-0000056422,R96RFDTXEFG9,2024,2025-04-29,GUT1BFELPFJ1
2024-06-GSAFAC-0000056422,R96RFDTXEFG9,2024,2025-04-29,N1NBYY8KR985
2024-06-GSAFAC-0000056422,R96RFDTXEFG9,2024,2025-04-29,G1NTLXE4VJG6
2024-06-GSAFAC-0000056422,R96RFDTXEFG9,2024,2025-04-29,JU2LNTBKDJZ3
2024-06-GSAFAC-0000056422,R96RFDTXEFG9,2024,2025-04-29,SMV4HJLNJLP3
2024-06-GSAFAC-0000056422,R96RFDTXEFG9,2024,2025-04-29,ZKBWJZNDDE67
2024-06-GSAFAC-0000056422,R96RFDTXEFG9,2024,2025-04-29,TPRNM3DMKE15
2024-06-GSAFAC-0000056422,R96RFDTXEFG9,2024,2025-04-29,WUHNDWEE8WB7
2024-06-GSAFAC-0000056422,R96RFDTXEFG9,2024,2025-04-29,GZKVE2KJVHM9
2024-06-GSAFAC-0000056422,R96RFDTXEFG9,2024,2025-04-29,HMKMP5W5K617
2024-06-GSAFAC-0000056422,R96RFDTXEFG9,2024,2025-04-29,NNE6EY7JXAJ5
2024-06-GSAFAC-0000056422,R96RFDTXEFG9,2024,2025-04-29,L3E4RDM7NG17
2024-06-GSAFAC-0000056422,R96RFDTXEFG9,2024,2025-04-29,VM1NC3JNJHU3
2024-06-GSAFAC-0000056422,R96RFDTXEFG9,2024,2025-04-29,FXYFEXKZM4K3
2024-06-GSAFAC-0000056422,R96RFDTXEFG9,2024,2025-04-29,R3LFM8XAQF29
2024-06-GSAFAC-0000056422,R96RFDTXEFG9,2024,2025-04-29,XATPUL6HJZP6
2024-06-GSAFAC-0000056422,R96RFDTXEFG9,2024,2025-04-29,GN3FEPSEQMC3
2024-06-GSAFAC-0000056422,R96RFDTXEFG9,2024,2025-04-29,VYF6CWCFG4G6
2024-06-GSAFAC-0000056422,R96RFDTXEFG9,2024,2025-04-29,GQ7GSNYPGZ27
2024-06-GSAFAC-0000056422,R96RFDTXEFG9,2024,2025-04-29,K37BS5HDD1R6
2024-06-GSAFAC-0000056422,R96RFDTXEFG9,2024,2025-04-29,DEKQU1ZMTF89
2024-06-GSAFAC-0000056422,R96RFDTXEFG9,2024,2025-04-29,CHLZUYASEL85
2024-06-GSAFAC-0000056422,R96RFDTXEFG9,2024,2025-04-29,Q2LKTLYJM4P8
2024-06-GSAFAC-0000056422,R96RFDTXEFG9,2024,2025-04-29,NMJHD63STRC5
2024-06-GSAFAC-0000056422,R96RFDTXEFG9,2024,2025-04-29,GZYPDGXHXDB3
2024-06-GSAFAC-0000056422,R96RFDTXEFG9,2024,2025-04-29,WU6LEXX7KD81
2024-06-GSAFAC-0000056422,R96RFDTXEFG9,2024,2025-04-29,UHCVCJL7RWV3
2024-06-GSAFAC-0000056422,R96RFDTXEFG9,2024,2025-04-29,N8NME8FJ3NB5
2024-06-GSAFAC-0000056422,R96RFDTXEFG9,2024,2025-04-29,MWZKK4YE25A8
2024-06-GSAFAC-0000056422,R96RFDTXEFG9,2024,2025-04-29,N4DUXKFK19A6
2024-06-GSAFAC-0000056422,R96RFDTXEFG9,2024,2025-04-29,JCQLJATLGMM8
2024-06-GSAFAC-0000056422,R96RFDTXEFG9,2024,2025-04-29,YXXRW8L7EYJ4
2024-06-GSAFAC-0000356042,PL28PKR53SM3,2024,2025-04-29,FMGZQ6JRJ8W1
2024-06-GSAFAC-0000364235,HTWJBK4KEJ38,2024,2025-04-29,C9NGMHFY2TG1
2024-09-GSAFAC-0000368040,JVKEAGGDVT95,2024,2025-04-30,N6EGEDUJZNY7
2024-07-GSAFAC-0000367864,M5VZCAK887X7,2024,2025-04-30,F55UQ3DCWDJ4
2024-07-GSAFAC-0000367864,M5VZCAK887X7,2024,2025-04-30,LP83BE7RXLJ3
2024-07-GSAFAC-0000367864,M5VZCAK887X7,2024,2025-04-30,NASADNL2GPN5
2024-06-GSAFAC-0000366433,NSA8T7PLC9K3,2024,2025-04-30,CJDNG9D14MW7
2024-06-GSAFAC-0000366433,NSA8T7PLC9K3,2024,2025-04-30,CMW2HKVBZMU6
2024-06-GSAFAC-0000366433,NSA8T7PLC9K3,2024,2025-04-30,CNUEKKM8J9N6
2024-06-GSAFAC-0000366433,NSA8T7PLC9K3,2024,2025-04-30,CRCEB6TH9JM6
2024-06-GSAFAC-0000366433,NSA8T7PLC9K3,2024,2025-04-30,CUNKJLWN1VM9
2024-06-GSAFAC-0000366433,NSA8T7PLC9K3,2024,2025-04-30,D1Y7MN2FMKD8
2024-06-GSAFAC-0000366433,NSA8T7PLC9K3,2024,2025-04-30,DGCZF2EKBSL1
2024-06-GSAFAC-0000366433,NSA8T7PLC9K3,2024,2025-04-30,DKH3EH7KNCM3
2024-06-GSAFAC-0000366433,NSA8T7PLC9K3,2024,2025-04-30,DMNCMMRZP5G5
2024-06-GSAFAC-0000366433,NSA8T7PLC9K3,2024,2025-04-30,DPQNHYSXJKA9
2024-06-GSAFAC-0000366433,NSA8T7PLC9K3,2024,2025-04-30,DRMUXYKHQNH3
2024-06-GSAFAC-0000366433,NSA8T7PLC9K3,2024,2025-04-30,EB27G6BK8813
2024-06-GSAFAC-0000366433,NSA8T7PLC9K3,2024,2025-04-30,EML2VKMV32S5
2024-06-GSAFAC-0000366433,NSA8T7PLC9K3,2024,2025-04-30,EQK9ZR8JY7W9
2024-06-GSAFAC-0000366433,NSA8T7PLC9K3,2024,2025-04-30,F4PKS67473B3
2024-06-GSAFAC-0000366433,NSA8T7PLC9K3,2024,2025-04-30,FHJVMLWKYAQ7
2024-06-GSAFAC-0000366433,NSA8T7PLC9K3,2024,2025-04-30,FNVNBKCJMS47
2024-06-GSAFAC-0000366433,NSA8T7PLC9K3,2024,2025-04-30,FQYFARF7KXY3
2024-06-GSAFAC-0000366433,NSA8T7PLC9K3,2024,2025-04-30,GCPFKAB1JCJ1
2024-06-GSAFAC-0000366433,NSA8T7PLC9K3,2024,2025-04-30,GGB5GKEM68B3
2024-06-GSAFAC-0000366433,NSA8T7PLC9K3,2024,2025-04-30,HABZKPGAPFG8
2024-06-GSAFAC-0000366433,NSA8T7PLC9K3,2024,2025-04-30,HCNJFC71CHQ1
2024-06-GSAFAC-0000366433,NSA8T7PLC9K3,2024,2025-04-30,HQSHHDDD7VC7
2024-06-GSAFAC-0000366433,NSA8T7PLC9K3,2024,2025-04-30,KCMATN3EUZ43
2024-06-GSAFAC-0000366433,NSA8T7PLC9K3,2024,2025-04-30,L7C8TDLNKZD9
2024-06-GSAFAC-0000366433,NSA8T7PLC9K3,2024,2025-04-30,LAYRU7FNZNJ3
2024-06-GSAFAC-0000366433,NSA8T7PLC9K3,2024,2025-04-30,LG8MGAVBMQH5
2024-06-GSAFAC-0000366433,NSA8T7PLC9K3,2024,2025-04-30,LWPVXFL8DS51
2024-06-GSAFAC-0000366433,NSA8T7PLC9K3,2024,2025-04-30,M4NLLL9XGD97
2024-06-GSAFAC-0000366433,NSA8T7PLC9K3,2024,2025-04-30,M59EJNP2N535
2024-06-GSAFAC-0000366433,NSA8T7PLC9K3,2024,2025-04-30,M5G1CUNH4NN5
2024-06-GSAFAC-0000366433,NSA8T7PLC9K3,2024,2025-04-30,MEUXLGK3JCN5
2024-06-GSAFAC-0000366433,NSA8T7PLC9K3,2024,2025-04-30,MS9QRD4KVEN8
2024-06-GSAFAC-0000366433,NSA8T7PLC9K3,2024,2025-04-30,NERYUGQ8XNB1
2024-06-GSAFAC-0000366433,NSA8T7PLC9K3,2024,2025-04-30,NFS9RNJVPMC7
2024-06-GSAFAC-0000366433,NSA8T7PLC9K3,2024,2025-04-30,NH58GU7STS24
2024-06-GSAFAC-0000366433,NSA8T7PLC9K3,2024,2025-04-30,NKZVZ2TH5G33
2024-06-GSAFAC-0000366433,NSA8T7PLC9K3,2024,2025-04-30,NLB6QPXM7RT5
2024-06-GSAFAC-0000366433,NSA8T7PLC9K3,2024,2025-04-30,NULNRL5SSB53
2024-06-GSAFAC-0000366433,NSA8T7PLC9K3,2024,2025-04-30,QS7LSW5M8Z73
2024-06-GSAFAC-0000366433,NSA8T7PLC9K3,2024,2025-04-30,QYMTJNETTSA4
2024-06-GSAFAC-0000366433,NSA8T7PLC9K3,2024,2025-04-30,R1WYMBFB3MW9
2024-06-GSAFAC-0000366433,NSA8T7PLC9K3,2024,2025-04-30,R2MVTJWMR833
2024-06-GSAFAC-0000366433,NSA8T7PLC9K3,2024,2025-04-30,RDENNKN1ZVY3
2024-06-GSAFAC-0000366433,NSA8T7PLC9K3,2024,2025-04-30,S1HLMVZCKLM5
2024-06-GSAFAC-0000366433,NSA8T7PLC9K3,2024,2025-04-30,S2W3ZTGGKH65
2024-06-GSAFAC-0000366433,NSA8T7PLC9K3,2024,2025-04-30,SG6DBEL65RJ8
2024-06-GSAFAC-0000366433,NSA8T7PLC9K3,2024,2025-04-30,SP86EJJV6SJ9
2024-06-GSAFAC-0000366433,NSA8T7PLC9K3,2024,2025-04-30,STLFUXD8RBR7
2024-06-GSAFAC-0000366433,NSA8T7PLC9K3,2024,2025-04-30,SY6AAWNZN3X5
2024-06-GSAFAC-0000366433,NSA8T7PLC9K3,2024,2025-04-30,TCKJA8Q8EZ65
2024-06-GSAFAC-0000366433,NSA8T7PLC9K3,2024,2025-04-30,U5S8NSDEBY75
2024-06-GSAFAC-0000366433,NSA8T7PLC9K3,2024,2025-04-30,UCYMDNJ8VHV3
2024-06-GSAFAC-0000366433,NSA8T7PLC9K3,2024,2025-04-30,V2HJEJ8AC7A7
2024-06-GSAFAC-0000366433,NSA8T7PLC9K3,2024,2025-04-30,VM5MA47AM9F8
2024-06-GSAFAC-0000366433,NSA8T7PLC9K3,2024,2025-04-30,VNVCB4CKGHJ9
2024-06-GSAFAC-0000366433,NSA8T7PLC9K3,2024,2025-04-30,VQKLMFCVZ6B4
2024-06-GSAFAC-0000366433,NSA8T7PLC9K3,2024,2025-04-30,W2D4C9MFRJJ8
2024-06-GSAFAC-0000366433,NSA8T7PLC9K3,2024,2025-04-30,WP5ENJ8E8K84
2024-06-GSAFAC-0000366433,NSA8T7PLC9K3,2024,2025-04-30,XGUYMXKWK2W9
2024-06-GSAFAC-0000366433,NSA8T7PLC9K3,2024,2025-04-30,XYKRYBVJ6ZZ5
2024-06-GSAFAC-0000366433,NSA8T7PLC9K3,2024,2025-04-30,YDJ1N7K9HYN5
2024-06-GSAFAC-0000366433,NSA8T7PLC9K3,2024,2025-04-30,YHJ7K5JEJJD9
2024-06-GSAFAC-0000366433,NSA8T7PLC9K3,2024,2025-04-30,YMBJZFLZD6Q7
2024-06-GSAFAC-0000366433,NSA8T7PLC9K3,2024,2025-04-30,YN2JWTVV9F85
2024-06-GSAFAC-0000366433,NSA8T7PLC9K3,2024,2025-04-30,ZC9DNR1NRG71
2024-06-GSAFAC-0000366433,NSA8T7PLC9K3,2024,2025-04-30,ZFFMZ27ULFB8
2024-06-GSAFAC-0000356845,GCU8PW8ZDXN8,2024,2025-04-30,C16SP2HBR123
2024-06-GSAFAC-0000356845,GCU8PW8ZDXN8,2024,2025-04-30,C3HFMLLA1NT9
2024-06-GSAFAC-0000356845,GCU8PW8ZDXN8,2024,2025-04-30,CHD5BMPZPEG2
2024-06-GSAFAC-0000356845,GCU8PW8ZDXN8,2024,2025-04-30,CME6JS32YK36
2024-06-GSAFAC-0000356845,GCU8PW8ZDXN8,2024,2025-04-30,CY9BGL4NJUP4
2024-06-GSAFAC-0000356845,GCU8PW8ZDXN8,2024,2025-04-30,D2EJRGZ2PLG8
2024-06-GSAFAC-0000356845,GCU8PW8ZDXN8,2024,2025-04-30,DH3JNS9NS5G5
2024-06-GSAFAC-0000356845,GCU8PW8ZDXN8,2024,2025-04-30,DZK5KDLUNMS3
2024-06-GSAFAC-0000356845,GCU8PW8ZDXN8,2024,2025-04-30,E128H7X5KWX5
2024-06-GSAFAC-0000356845,GCU8PW8ZDXN8,2024,2025-04-30,E3HDARV1KJP3
2024-06-GSAFAC-0000356845,GCU8PW8ZDXN8,2024,2025-04-30,ECVGNMBV16A1
2024-06-GSAFAC-0000356845,GCU8PW8ZDXN8,2024,2025-04-30,EEFHUG8DJFY9
2024-06-GSAFAC-0000356845,GCU8PW8ZDXN8,2024,2025-04-30,EEMKDCX89DP7
2024-06-GSAFAC-0000356845,GCU8PW8ZDXN8,2024,2025-04-30,F57SAC3UPAF6
2024-06-GSAFAC-0000356845,GCU8PW8ZDXN8,2024,2025-04-30,FCT9KQ8L2574
2024-06-GSAFAC-0000356845,GCU8PW8ZDXN8,2024,2025-04-30,FHSQBHMMKJL4
2024-06-GSAFAC-0000356845,GCU8PW8ZDXN8,2024,2025-04-30,FU2ES11D4DL5
2024-06-GSAFAC-0000356845,GCU8PW8ZDXN8,2024,2025-04-30,G39FCQ3PGMJ3
2024-06-GSAFAC-0000356845,GCU8PW8ZDXN8,2024,2025-04-30,GL3RMGMH7S51
2024-06-GSAFAC-0000356845,GCU8PW8ZDXN8,2024,2025-04-30,GMHSKCY8H3T1
2024-06-GSAFAC-0000356845,GCU8PW8ZDXN8,2024,2025-04-30,GMLVTEPLWH16
2024-06-GSAFAC-0000356845,GCU8PW8ZDXN8,2024,2025-04-30,GNTNKFECJ1G7
2024-06-GSAFAC-0000356845,GCU8PW8ZDXN8,2024,2025-04-30,HD1WMN6945W6
2024-06-GSAFAC-0000356845,GCU8PW8ZDXN8,2024,2025-04-30,HKJNV37AQ4X3
2024-06-GSAFAC-0000356845,GCU8PW8ZDXN8,2024,2025-04-30,HLUDFCJNUXV5
2024-06-GSAFAC-0000356845,GCU8PW8ZDXN8,2024,2025-04-30,HM6DXX33EEG3
2024-06-GSAFAC-0000356845,GCU8PW8ZDXN8,2024,2025-04-30,HMJNLJTGN1M3
2024-06-GSAFAC-0000356845,GCU8PW8ZDXN8,2024,2025-04-30,HNV7LH1GL2S5
2024-06-GSAFAC-0000356845,GCU8PW8ZDXN8,2024,2025-04-30,J81AJCKG5RES
2024-06-GSAFAC-0000356845,GCU8PW8ZDXN8,2024,2025-04-30,JAABF3J1DCE4
2024-06-GSAFAC-0000356845,GCU8PW8ZDXN8,2024,2025-04-30,JKHJCGBQF8X4
2024-06-GSAFAC-0000356845,GCU8PW8ZDXN8,2024,2025-04-30,JLTZPHF2HTL1
2024-06-GSAFAC-0000356845,GCU8PW8ZDXN8,2024,2025-04-30,K5CXYFV3DJA5
2024-06-GSAFAC-0000356845,GCU8PW8ZDXN8,2024,2025-04-30,K76FHPBCE3S9
2024-06-GSAFAC-0000356845,GCU8PW8ZDXN8,2024,2025-04-30,L4JKK4V3AV69
2024-06-GSAFAC-0000356845,GCU8PW8ZDXN8,2024,2025-04-30,LBLFMXVFLBF3
2024-06-GSAFAC-0000356845,GCU8PW8ZDXN8,2024,2025-04-30,LJT5RD3CYE86
2024-06-GSAFAC-0000356845,GCU8PW8ZDXN8,2024,2025-04-30,LJVKA6H1AFF8
2024-06-GSAFAC-0000356845,GCU8PW8ZDXN8,2024,2025-04-30,LKCNDF87C3X6
2024-06-GSAFAC-0000356845,GCU8PW8ZDXN8,2024,2025-04-30,LNJWYVRL99J9
2024-06-GSAFAC-0000356845,GCU8PW8ZDXN8,2024,2025-04-30,LP3VVEY5C3C3
2024-06-GSAFAC-0000356845,GCU8PW8ZDXN8,2024,2025-04-30,M1Q7LT8J4MS7
2024-06-GSAFAC-0000356845,GCU8PW8ZDXN8,2024,2025-04-30,M6TBHQMKJF28
2024-06-GSAFAC-0000356845,GCU8PW8ZDXN8,2024,2025-04-30,M71JALVJ95M4
2024-06-GSAFAC-0000356845,GCU8PW8ZDXN8,2024,2025-04-30,M8MPNYF7VLM2
2024-06-GSAFAC-0000356845,GCU8PW8ZDXN8,2024,2025-04-30,MC5AXJN9XTQ3
2024-06-GSAFAC-0000356845,GCU8PW8ZDXN8,2024,2025-04-30,ME55R4MLWVG5
2024-06-GSAFAC-0000356845,GCU8PW8ZDXN8,2024,2025-04-30,MK1HSWRD3MM5
2024-06-GSAFAC-0000356845,GCU8PW8ZDXN8,2024,2025-04-30,MLRYLUB4AJX8
2024-06-GSAFAC-0000356845,GCU8PW8ZDXN8,2024,2025-04-30,MPT5UB1CPLY4
2024-06-GSAFAC-0000356845,GCU8PW8ZDXN8,2024,2025-04-30,N48GCZ2FJA47
2024-06-GSAFAC-0000356845,GCU8PW8ZDXN8,2024,2025-04-30,NM7EFNJ4N179
2024-06-GSAFAC-0000356845,GCU8PW8ZDXN8,2024,2025-04-30,PVCKC736S5U1
2024-06-GSAFAC-0000356845,GCU8PW8ZDXN8,2024,2025-04-30,Q5U9B6P764M7
2024-06-GSAFAC-0000356845,GCU8PW8ZDXN8,2024,2025-04-30,QB9CNHGLSCQ7
2024-06-GSAFAC-0000356845,GCU8PW8ZDXN8,2024,2025-04-30,QL3XATN9H6L1
2024-06-GSAFAC-0000356845,GCU8PW8ZDXN8,2024,2025-04-30,QMYKF4YEEGX8
2024-06-GSAFAC-0000356845,GCU8PW8ZDXN8,2024,2025-04-30,R8L3SQTA4YR4
2024-06-GSAFAC-0000356845,GCU8PW8ZDXN8,2024,2025-04-30,RKLDNC6MJ9M6
2024-06-GSAFAC-0000356845,GCU8PW8ZDXN8,2024,2025-04-30,RSLALUDC1PY9
2024-06-GSAFAC-0000356845,GCU8PW8ZDXN8,2024,2025-04-30,SBMCNA8ESZ22
2024-06-GSAFAC-0000356845,GCU8PW8ZDXN8,2024,2025-04-30,SE54F8NNBH57
2024-06-GSAFAC-0000356845,GCU8PW8ZDXN8,2024,2025-04-30,SESUYWJGE3Y3
2024-06-GSAFAC-0000356845,GCU8PW8ZDXN8,2024,2025-04-30,SEYQXMXJLUP5
2024-06-GSAFAC-0000356845,GCU8PW8ZDXN8,2024,2025-04-30,SMLANLLWMM39
2024-06-GSAFAC-0000356845,GCU8PW8ZDXN8,2024,2025-04-30,SNENTKJ774A5
2024-06-GSAFAC-0000356845,GCU8PW8ZDXN8,2024,2025-04-30,SNKPAMZLBZM4
2024-06-GSAFAC-0000356845,GCU8PW8ZDXN8,2024,2025-04-30,SNKWVAM66K46
2024-06-GSAFAC-0000356845,GCU8PW8ZDXN8,2024,2025-04-30,TJM7DM1H6KQ5
2024-06-GSAFAC-0000356845,GCU8PW8ZDXN8,2024,2025-04-30,TJQLTMK596J7
2024-06-GSAFAC-0000356845,GCU8PW8ZDXN8,2024,2025-04-30,TLRWUDX43MB6
2024-06-GSAFAC-0000356845,GCU8PW8ZDXN8,2024,2025-04-30,U3ZFA57417D4
2024-06-GSAFAC-0000356845,GCU8PW8ZDXN8,2024,2025-04-30,UBAUDAEJ6EU8
2024-06-GSAFAC-0000356845,GCU8PW8ZDXN8,2024,2025-04-30,UM4EVHJNBXG4
2024-06-GSAFAC-0000356845,GCU8PW8ZDXN8,2024,2025-04-30,VNMHL2KXQK46
2024-06-GSAFAC-0000356845,GCU8PW8ZDXN8,2024,2025-04-30,VVPBXKGQPR38
2024-06-GSAFAC-0000356845,GCU8PW8ZDXN8,2024,2025-04-30,XNYTLTMLXUL7
2024-06-GSAFAC-0000356845,GCU8PW8ZDXN8,2024,2025-04-30,XRJSGX384TD6
2024-06-GSAFAC-0000356845,GCU8PW8ZDXN8,2024,2025-04-30,Y1M5QSJNZ6N3
2024-06-GSAFAC-0000356845,GCU8PW8ZDXN8,2024,2025-04-30,Y7FNVGHYDS97
2024-06-GSAFAC-0000356845,GCU8PW8ZDXN8,2024,2025-04-30,YLU9H94VKU19
2024-06-GSAFAC-0000356845,GCU8PW8ZDXN8,2024,2025-04-30,ZKJBFQ1YN2D6
2024-06-GSAFAC-0000356845,GCU8PW8ZDXN8,2024,2025-04-30,ZL8PTFCV9BC7
2024-12-GSAFAC-0000366953,F94VMUFH95M3,2024,2025-04-30,LDAJYDBB56N8
2024-12-GSAFAC-0000366953,F94VMUFH95M3,2024,2025-04-30,UCXMC346Q628
2024-06-GSAFAC-0000366584,N1TDGEMSHLU5,2024,2025-05-01,U484BNN6MJ25
2024-06-GSAFAC-0000366584,N1TDGEMSHLU5,2024,2025-05-01,SR1RG44AAG29
2024-12-GSAFAC-0000366915,ZX8EE8M3P3W5,2024,2025-05-01,G51JETGPQ2N3
2024-12-GSAFAC-0000366915,ZX8EE8M3P3W5,2024,2025-05-01,KQTZEXWLR7K9
2024-12-GSAFAC-0000366915,ZX8EE8M3P3W5,2024,2025-05-01,KQTZEXWLR7K9
2024-06-GSAFAC-0000367933,HG2JKZYYTUT3,2024,2025-05-02,LMKXF6XPKFC3
2024-06-GSAFAC-0000367933,HG2JKZYYTUT3,2024,2025-05-02,RBMJHJNKTE15
2024-06-GSAFAC-0000367933,HG2JKZYYTUT3,2024,2025-05-02,Z2LKEQMP7RY8
2024-12-GSAFAC-0000368260,L9TJD7JJ4JH9,2024,2025-05-02,KYA7AKDP2JS7
2024-12-GSAFAC-0000368260,L9TJD7JJ4JH9,2024,2025-05-02,KQ73PPACDFH5
2024-12-GSAFAC-0000368260,L9TJD7JJ4JH9,2024,2025-05-02,JQA4KKZSQLC5
2024-12-GSAFAC-0000368260,L9TJD7JJ4JH9,2024,2025-05-02,KXVNHHCTPXN8
2024-12-GSAFAC-0000368260,L9TJD7JJ4JH9,2024,2025-05-02,KY59JXRL55L5
2024-12-GSAFAC-0000368260,L9TJD7JJ4JH9,2024,2025-05-02,LK64GULZCJT3
2024-12-GSAFAC-0000368260,L9TJD7JJ4JH9,2024,2025-05-02,YAJ7HCZGUR48
2024-09-GSAFAC-0000367914,LJF2V6TAMEM5,2024,2025-05-05,X1GDSKLRJMQ5
2024-09-GSAFAC-0000367914,LJF2V6TAMEM5,2024,2025-05-05,ZJLKKAAANK43
2024-09-GSAFAC-0000361689,NNPSKT8GRCU1,2024,2025-05-05,M8ESQ7JM4VB7
2024-09-GSAFAC-0000361689,NNPSKT8GRCU1,2024,2025-05-05,RLLDLZ223LX5
2024-11-GSAFAC-0000368545,RTMJBPNL5GM4,2024,2025-05-06,YAJAGKJ1RKX8
2024-11-GSAFAC-0000368545,RTMJBPNL5GM4,2024,2025-05-06,JCT3LTS535C3
2024-11-GSAFAC-0000368545,RTMJBPNL5GM4,2024,2025-05-06,YU85H5KJFP69
2024-06-GSAFAC-0000367201,ZCTQHMRMB224,2024,2025-05-08,LEUZWKGSWN18
2022-12-GSAFAC-0000367406,TLTNTTJAA277,2022,2025-05-08,E6EMJQURF5U7
2024-06-GSAFAC-0000368825,RK83FEEMAKS3,2024,2025-05-09,MMJ4KURB61D9
2024-12-GSAFAC-0000365832,NVH9JJ7EFLE5,2024,2025-05-12,FKM3DFBDKKN1
2024-12-GSAFAC-0000365832,NVH9JJ7EFLE5,2024,2025-05-12,JNSYTE4AKAF9
2024-12-GSAFAC-0000369026,DXL9BDMFHGG7,2024,2025-05-12,KPPKR778LHX3
2024-12-GSAFAC-0000369031,KEEKC4GLZWN5,2024,2025-05-13,JKMFQANTKYF8
2024-12-GSAFAC-0000368567,FGMCJDJRLFB1,2024,2025-05-13,X49JDAE3PE73
2024-12-GSAFAC-0000368567,FGMCJDJRLFB1,2024,2025-05-13,KF33B4EZQ487
2024-06-GSAFAC-0000369057,M2VMWYN4YF17,2024,2025-05-13,JEB3NJ7TVNM6
2024-12-GSAFAC-0000369237,XXF4A3MLM3C6,2024,2025-05-14,T5XLRBXP93M4
2024-12-GSAFAC-0000369237,XXF4A3MLM3C6,2024,2025-05-14,MMLKQB62EJ46
2024-12-GSAFAC-0000369237,XXF4A3MLM3C6,2024,2025-05-14,LPEAU551ZK19
2024-12-GSAFAC-0000369237,XXF4A3MLM3C6,2024,2025-05-14,ZQYAZ5CBJ1U4
2024-12-GSAFAC-0000369237,XXF4A3MLM3C6,2024,2025-05-14,ZR2ZLVL6DG74
2024-12-GSAFAC-0000368549,E5ADVB2JDWD4,2024,2025-05-15,CJKSYPRL5C93
2024-06-GSAFAC-0000368808,EJEEH8S7HW17,2024,2025-05-15,LR7RKCKVNF65
2024-06-GSAFAC-0000368808,EJEEH8S7HW17,2024,2025-05-15,UU7MFZ2K3GN3
2024-06-GSAFAC-0000368808,EJEEH8S7HW17,2024,2025-05-15,QLTJBDL4CVW7
2024-06-GSAFAC-0000368808,EJEEH8S7HW17,2024,2025-05-15,E82HYHTF5TA6
2024-06-GSAFAC-0000368808,EJEEH8S7HW17,2024,2025-05-15,DGYQH8DRBZF1
2024-06-GSAFAC-0000368808,EJEEH8S7HW17,2024,2025-05-15,CLAKTLDLL968
2024-06-GSAFAC-0000368808,EJEEH8S7HW17,2024,2025-05-15,N1JFUDPCT656
2024-06-GSAFAC-0000368808,EJEEH8S7HW17,2024,2025-05-15,UQEBYLLVKUN9
2024-06-GSAFAC-0000368808,EJEEH8S7HW17,2024,2025-05-15,TMVFY7BELDH5
2024-06-GSAFAC-0000368808,EJEEH8S7HW17,2024,2025-05-15,QLD3B6R1X5A8
2024-06-GSAFAC-0000368808,EJEEH8S7HW17,2024,2025-05-15,QGDDCK9UXNE3
2024-06-GSAFAC-0000368808,EJEEH8S7HW17,2024,2025-05-15,XATXH1ELVHL7
2024-12-GSAFAC-0000369288,CMNPVSHU24F6,2024,2025-05-16,KQ92PHM1K9M9
2024-12-GSAFAC-0000369288,CMNPVSHU24F6,2024,2025-05-16,WXFMEJ9BENP1
2024-12-GSAFAC-0000369288,CMNPVSHU24F6,2024,2025-05-16,ULXPDFA6RKL7
2024-12-GSAFAC-0000369288,CMNPVSHU24F6,2024,2025-05-16,UPH6HK5GC5R5
2024-12-GSAFAC-0000369288,CMNPVSHU24F6,2024,2025-05-16,UPLCSETGTPC7
2024-12-GSAFAC-0000369288,CMNPVSHU24F6,2024,2025-05-16,UPKWLNG36BM7
2024-12-GSAFAC-0000369288,CMNPVSHU24F6,2024,2025-05-16,CJFHCDKB9YE8
2024-12-GSAFAC-0000369288,CMNPVSHU24F6,2024,2025-05-16,UPZ6AANZ1NQ1
2024-12-GSAFAC-0000369288,CMNPVSHU24F6,2024,2025-05-16,V3D6SJ93TYC9
2024-12-GSAFAC-0000369288,CMNPVSHU24F6,2024,2025-05-16,KPPYZKXUJXR2
2023-09-GSAFAC-0000369337,EACYDAZE9PB6,2023,2025-05-16,KDR9XA66RAF1
2024-12-GSAFAC-0000367305,EMJRADN5CG59,2024,2025-05-16,GKBLJ5MBV478
2024-09-GSAFAC-0000365852,KM7XTKHC9D19,2024,2025-05-16,GAB8GXFYE883
2024-09-GSAFAC-0000365852,KM7XTKHC9D19,2024,2025-05-16,J19ZXYATJLT3
2024-09-GSAFAC-0000365852,KM7XTKHC9D19,2024,2025-05-16,JNNXW5LKE253
2024-09-GSAFAC-0000365852,KM7XTKHC9D19,2024,2025-05-16,NPH1VN32EWN5
2024-09-GSAFAC-0000369552,CKKGSHWWE1R6,2024,2025-05-20,MELAWJKQV1E3
2024-06-GSAFAC-0000364995,Y9L8P4EMGW51,2024,2025-05-20,Y2Z3TMWB73D4
2024-12-GSAFAC-0000368051,P49TYES2Z113,2024,2025-05-21,HNGMEYMQRHW6
2024-12-GSAFAC-0000369150,SSLELYELMSB8,2024,2025-05-21,UTQ4FLLE1LM8
2024-06-GSAFAC-0000353274,MBUNDYF3KXL3,2024,2025-05-21,Q8FZPLN67P88
2024-12-GSAFAC-0000367692,FBDHNMLS19H2,2024,2025-05-22,NM5FJGKMHK93
2024-09-GSAFAC-0000366955,XNSRLRNJE2L1,2024,2025-05-22,EMTNA5QQJ4E6
2024-09-GSAFAC-0000366955,XNSRLRNJE2L1,2024,2025-05-22,ZMCESHK52JN3
2024-08-GSAFAC-0000354142,S352L5PJLMP8,2024,2025-05-22,Y635GAJLTAP5
2024-12-GSAFAC-0000366436,Z5U7N9JXCAB3,2024,2025-05-22,VQGWWHBXBJ14
2024-06-GSAFAC-0000369837,MF4TFCJPTLY5,2024,2025-05-23,NXQHKS8JGL89
2024-06-GSAFAC-0000369837,MF4TFCJPTLY5,2024,2025-05-23,GANDL5S73EK3
2024-06-GSAFAC-0000368993,Y8ZMZ5VTLJ47,2024,2025-05-23,DLKFLZN7HZD7
2024-06-GSAFAC-0000368993,Y8ZMZ5VTLJ47,2024,2025-05-23,TRRLPHKXQCD6
2024-12-GSAFAC-0000367307,R6WASEZCE941,2024,2025-05-23,CTLKBFJX6MP6
2024-08-GSAFAC-0000369436,N2KLZN3FNJ23,2024,2025-05-26,KEUYDLLJ84N6
2024-08-GSAFAC-0000369436,N2KLZN3FNJ23,2024,2025-05-26,U2EKVV2KMQH8
2024-12-GSAFAC-0000369756,FZC1BKBDB4F5,2024,2025-05-27,G8R2NNR2UJ99
2024-06-GSAFAC-0000370394,F1T7BBBSNEM5,2024,2025-05-28,L4MGK84WNCL1
2023-12-GSAFAC-0000366373,PVF6JK7WSM24,2023,2025-05-28,T69GU8U4MF28
2024-12-GSAFAC-0000368940,VK3LHH3CPJD5,2024,2025-05-28,YGC5EBCC7N99
2024-09-GSAFAC-0000351673,QPVTGH1TLF49,2024,2025-05-29,VKBMFB64QEK7
2024-09-GSAFAC-0000351673,QPVTGH1TLF49,2024,2025-05-29,TP4PYTDHJUC5
2024-12-GSAFAC-0000369091,N8CBQXPLGSV7,2024,2025-05-29,CGRNKKYG3WD5
2024-12-GSAFAC-0000369091,N8CBQXPLGSV7,2024,2025-05-29,DPPSYVDPNJC5
2024-12-GSAFAC-0000369091,N8CBQXPLGSV7,2024,2025-05-29,HZ1SN2SFAC14
2024-12-GSAFAC-0000369091,N8CBQXPLGSV7,2024,2025-05-29,DMXURHHKDF21
2024-08-GSAFAC-0000369581,HH1KJWE2J6F1,2024,2025-05-29,FVVYWJRL6K68
2024-08-GSAFAC-0000369581,HH1KJWE2J6F1,2024,2025-05-29,C8DYLG5FBET3
2024-09-GSAFAC-0000370004,PLKJMJKQVMM6,2024,2025-05-29,X6ZKDKCP5AR3
2024-12-GSAFAC-0000368443,PN5XZKRM6U43,2024,2025-05-30,VX23B43HMCR5
2024-09-GSAFAC-0000370692,KDU9TMGM2TH6,2024,2025-05-30,J4WVCTAS5HN6
2024-09-GSAFAC-0000370692,KDU9TMGM2TH6,2024,2025-05-30,VTY5KNNJH6M7
2024-06-GSAFAC-0000370715,HNZ1C4TRQN46,2024,2025-06-02,SCENSRFMZMF1
2024-06-GSAFAC-0000370769,CTFSVK5FBJ52,2024,2025-06-02,J957CTKNT9T4
2024-06-GSAFAC-0000370769,CTFSVK5FBJ52,2024,2025-06-02,N657LGPWEJ18
2024-06-GSAFAC-0000370769,CTFSVK5FBJ52,2024,2025-06-02,YM3XDFHHXGR7
2024-06-GSAFAC-0000370842,VKMPUM8MKDZ6,2024,2025-06-02,G7SNMWCW15N1
2024-09-GSAFAC-0000364954,QX91C7GZDJS5,2024,2025-06-02,HZ8CHGL3B3S6
2024-09-GSAFAC-0000364954,QX91C7GZDJS5,2024,2025-06-02,WNL9QUN3JAN1
2024-06-GSAFAC-0000369742,NC7LTHSFU6N7,2024,2025-06-03,DEH8PR3MHM85
2024-06-GSAFAC-0000369742,NC7LTHSFU6N7,2024,2025-06-03,DT5RTW4JL5J5
2024-06-GSAFAC-0000369742,NC7LTHSFU6N7,2024,2025-06-03,PCBQHTRXNMA3
2024-06-GSAFAC-0000369742,NC7LTHSFU6N7,2024,2025-06-03,RMBNZ3FV2QG5
2024-09-GSAFAC-0000368734,DMQNDJDHTDG4,2024,2025-06-03,S2Y7SMVZ1R96
2024-08-GSAFAC-0000369845,UH5QZ8P84MW7,2024,2025-06-04,TE3KWL2ABYN9
2024-08-GSAFAC-0000369845,UH5QZ8P84MW7,2024,2025-06-04,EE5LCANPCCK5
2024-08-GSAFAC-0000369845,UH5QZ8P84MW7,2024,2025-06-04,H9FVLMKTNM36
2024-08-GSAFAC-0000369845,UH5QZ8P84MW7,2024,2025-06-04,RP99LNXEXNR5
2024-12-GSAFAC-0000371255,CD68JWHGG4A8,2024,2025-06-04,G2K2JTY9H1M3
2024-12-GSAFAC-0000369640,NCA4KMHZHMX9,2024,2025-06-05,JZJWXG19QMU1
2024-12-GSAFAC-0000369640,NCA4KMHZHMX9,2024,2025-06-05,NWDHJ5KXFMF6
2024-12-GSAFAC-0000369640,NCA4KMHZHMX9,2024,2025-06-05,ET7JNCMKB5P1
2024-12-GSAFAC-0000369640,NCA4KMHZHMX9,2024,2025-06-05,RGD2KJZJ4AC3
2024-06-GSAFAC-0000370180,MTD4M7LKSKJ4,2024,2025-06-05,DHCGNQR5LNB6
2024-12-GSAFAC-0000370503,C4HLLKEGRA98,2024,2025-06-06,PK4ED74NKMM7
2024-12-GSAFAC-0000370503,C4HLLKEGRA98,2024,2025-06-06,LCHJMNGV34C8
2024-06-GSAFAC-0000371388,GXNDVQG3GBN7,2024,2025-06-06,JY2RTKMPAEL4
2024-12-GSAFAC-0000370518,JKBBMGS7D3A3,2024,2025-06-09,EVAKZA3EGDJ9
2024-12-GSAFAC-0000370518,JKBBMGS7D3A3,2024,2025-06-09,HEKWFZNEEL93
2024-12-GSAFAC-0000370518,JKBBMGS7D3A3,2024,2025-06-09,XL8XHMLV7TM5
2024-12-GSAFAC-0000370518,JKBBMGS7D3A3,2024,2025-06-09,Q65DTENHVN65
2024-06-GSAFAC-0000368154,V4EFMDJ1YNJ4,2024,2025-06-09,L1YUYMHMK9F1
2024-08-GSAFAC-0000371208,U8DNEL16T6J3,2024,2025-06-09,VBYVFNJCNCZ1
2024-08-GSAFAC-0000371208,U8DNEL16T6J3,2024,2025-06-09,JYHBWKE8JM13
2024-08-GSAFAC-0000371208,U8DNEL16T6J3,2024,2025-06-09,CFQFAC7MA9H3
2024-08-GSAFAC-0000371208,U8DNEL16T6J3,2024,2025-06-09,UNLLCLYJLXM5
2024-08-GSAFAC-0000371208,U8DNEL16T6J3,2024,2025-06-09,JWHQKD79KKH5
2024-08-GSAFAC-0000371208,U8DNEL16T6J3,2024,2025-06-09,CDLKJLAFCJ98
2024-06-GSAFAC-0000370730,L8PBZF8AJQG4,2024,2025-06-10,N6FPJLZW8DT5
2024-06-GSAFAC-0000370730,L8PBZF8AJQG4,2024,2025-06-10,JFMMFS3KFGX5
2024-06-GSAFAC-0000370730,L8PBZF8AJQG4,2024,2025-06-10,KK8VDHBZQ163
2024-06-GSAFAC-0000370730,L8PBZF8AJQG4,2024,2025-06-10,V6MMG7J51HR1
2024-06-GSAFAC-0000371323,CCPRLHRL2AV3,2024,2025-06-10,Q787KHKMUD39
2024-06-GSAFAC-0000371323,CCPRLHRL2AV3,2024,2025-06-10,N3E5FJ49F694
2024-06-GSAFAC-0000371323,CCPRLHRL2AV3,2024,2025-06-10,D3MCWFNQ2D29
2024-12-GSAFAC-0000370549,R7BNKMP32NN3,2024,2025-06-11,CEVEN8PYASU8
2024-12-GSAFAC-0000370549,R7BNKMP32NN3,2024,2025-06-11,DQJGWUN3UJY5
2024-12-GSAFAC-0000370549,R7BNKMP32NN3,2024,2025-06-11,E6KZG3MNE1D5
2024-12-GSAFAC-0000370549,R7BNKMP32NN3,2024,2025-06-11,FFUMC3JX5NZ1
2024-12-GSAFAC-0000370549,R7BNKMP32NN3,2024,2025-06-11,GYX2L5Q1M5U9
2024-12-GSAFAC-0000370549,R7BNKMP32NN3,2024,2025-06-11,HBKKD7JXUJJ3
2024-12-GSAFAC-0000370549,R7BNKMP32NN3,2024,2025-06-11,JALATJTTG4G5
2024-12-GSAFAC-0000370549,R7BNKMP32NN3,2024,2025-06-11,JLRSCNN9J9R8
2024-12-GSAFAC-0000370549,R7BNKMP32NN3,2024,2025-06-11,JREYSSEK3K89
2024-12-GSAFAC-0000370549,R7BNKMP32NN3,2024,2025-06-11,K8SZJ1V12AG2
2024-12-GSAFAC-0000370549,R7BNKMP32NN3,2024,2025-06-11,MRGBBZXL3826
2024-12-GSAFAC-0000370549,R7BNKMP32NN3,2024,2025-06-11,NDBHJ4AN9V61
2024-12-GSAFAC-0000370549,R7BNKMP32NN3,2024,2025-06-11,UH3JA8G9FQN5
2024-12-GSAFAC-0000370549,R7BNKMP32NN3,2024,2025-06-11,ZCLJHAMK58N8
2024-06-GSAFAC-0000370073,E8LMSJ41W817,2024,2025-06-11,GUMTASM49KL4
2024-06-GSAFAC-0000370073,E8LMSJ41W817,2024,2025-06-11,VNVJSE6LHKG6
2024-06-GSAFAC-0000370073,E8LMSJ41W817,2024,2025-06-11,EHJNTJENMVD3
2024-09-GSAFAC-0000370258,NJTGBUGAVBF9,2024,2025-06-11,YCC1MHVLGJ77
2024-09-GSAFAC-0000370258,NJTGBUGAVBF9,2024,2025-06-11,MSKFX9JG27Y4
2024-12-GSAFAC-0000369768,N1W8YN4MSHY6,2024,2025-06-11,LDYRK8HYM4A9
2024-12-GSAFAC-0000369768,N1W8YN4MSHY6,2024,2025-06-11,HQLVC57X96Z6
2024-12-GSAFAC-0000369768,N1W8YN4MSHY6,2024,2025-06-11,KPANKHNK4MA9
2024-12-GSAFAC-0000369768,N1W8YN4MSHY6,2024,2025-06-11,P6PDGX9SSDE9
2024-12-GSAFAC-0000368975,UETJCKGEX8G9,2024,2025-06-11,JX5PUJ7LHPC7
2024-09-GSAFAC-0000366471,PCC4HYJQEZK3,2024,2025-06-11,KQ5WUE9P6UK3
2024-12-GSAFAC-0000368335,GKK1H47RX341,2024,2025-06-11,JR55MV3SKS15
2024-09-GSAFAC-0000368634,VZJVB8RFBJR8,2024,2025-06-12,L94TMQJEE661
2024-09-GSAFAC-0000368634,VZJVB8RFBJR8,2024,2025-06-12,FU3LHPLAYXL3
2024-09-GSAFAC-0000368634,VZJVB8RFBJR8,2024,2025-06-12,REGXX24DF4L1
2024-09-GSAFAC-0000368634,VZJVB8RFBJR8,2024,2025-06-12,KGMNC3J8P3T6
2024-09-GSAFAC-0000368634,VZJVB8RFBJR8,2024,2025-06-12,FBHDKRVGRXC8
2024-09-GSAFAC-0000368634,VZJVB8RFBJR8,2024,2025-06-12,JHG8N9QCG1C6
2024-12-GSAFAC-0000370361,VKH7RC9VS8T8,2024,2025-06-12,KFP8L5CJ6DJ9
2024-06-GSAFAC-0000371920,F1RPNCZNBJ21,2024,2025-06-13,F6V4EBUNKZU7
2024-09-GSAFAC-0000369947,J4SPZX4G4AM9,2024,2025-06-13,N55ENGMV2VM7
2024-09-GSAFAC-0000369947,J4SPZX4G4AM9,2024,2025-06-13,C6FVY2CCKGH6
2024-09-GSAFAC-0000369947,J4SPZX4G4AM9,2024,2025-06-13,NMF1WZB7F322
2023-09-GSAFAC-0000372183,NUSSCW4K7QA4,2023,2025-06-13,T8DLULTASK65
2023-09-GSAFAC-0000372183,NUSSCW4K7QA4,2023,2025-06-13,UZAQN39KZVL3
2024-06-GSAFAC-0000349107,LFHPKSMEECK8,2024,2025-06-16,VFNGJDM5ARG6
2024-06-GSAFAC-0000349107,LFHPKSMEECK8,2024,2025-06-16,DHL9LJL56LA5
2024-06-GSAFAC-0000349107,LFHPKSMEECK8,2024,2025-06-16,VM7VUYF68SK3
2024-06-GSAFAC-0000349107,LFHPKSMEECK8,2024,2025-06-16,E6BAZ4XW2X58
2024-06-GSAFAC-0000349107,LFHPKSMEECK8,2024,2025-06-16,E8PMD1L9U753
2024-12-GSAFAC-0000371885,WNK7FEN5X9E1,2024,2025-06-16,HYTETG641B58
2024-12-GSAFAC-0000371885,WNK7FEN5X9E1,2024,2025-06-16,N1EXDDSNGRN5
2024-09-GSAFAC-0000371716,EYJCLM9UCLX5,2024,2025-06-16,HEUDNXZR8BM8
2024-09-GSAFAC-0000371716,EYJCLM9UCLX5,2024,2025-06-16,ZL7QAU48DHM7
2024-12-GSAFAC-0000371819,EZQKCXNPTVH3,2024,2025-06-16,LRLKKCKZDFA7
2024-09-GSAFAC-0000371409,CQHAXN1ZMAE9,2024,2025-06-16,G83KL392UPF4
2020-09-GSAFAC-0000372315,T4ZRFC3WZ5M9,2020,2025-06-17,D9DGBY9P8Y78
2024-09-GSAFAC-0000371851,NKMWNANBC2J9,2024,2025-06-17,LZLAR79QUKB8
2024-09-GSAFAC-0000371851,NKMWNANBC2J9,2024,2025-06-17,JH8UYEQ7NGL4
2024-09-GSAFAC-0000371851,NKMWNANBC2J9,2024,2025-06-17,R2KZKK7J5RL7
2024-09-GSAFAC-0000371851,NKMWNANBC2J9,2024,2025-06-17,G6Q8PD2NGDS4
2024-09-GSAFAC-0000371851,NKMWNANBC2J9,2024,2025-06-17,KNFDXNL735J5
2024-09-GSAFAC-0000371851,NKMWNANBC2J9,2024,2025-06-17,XKQMLVLG2ZK4
2024-09-GSAFAC-0000371851,NKMWNANBC2J9,2024,2025-06-17,MF4XN9LF1PT1
2024-09-GSAFAC-0000371851,NKMWNANBC2J9,2024,2025-06-17,JRQ5NMLDBKA3
2024-09-GSAFAC-0000371851,NKMWNANBC2J9,2024,2025-06-17,XBWEJTAJPAL3
2024-09-GSAFAC-0000371851,NKMWNANBC2J9,2024,2025-06-17,TJZMHUNKGB23
2024-09-GSAFAC-0000371851,NKMWNANBC2J9,2024,2025-06-17,TULQKTJKBJN4
2024-09-GSAFAC-0000371851,NKMWNANBC2J9,2024,2025-06-17,LS59N4AGT8D3
2024-09-GSAFAC-0000371851,NKMWNANBC2J9,2024,2025-06-17,VJH9NBK6Q2N3
2024-09-GSAFAC-0000371851,NKMWNANBC2J9,2024,2025-06-17,KJG5H9JV69P8
2024-09-GSAFAC-0000371851,NKMWNANBC2J9,2024,2025-06-17,YPZ9ED14KCK5
2024-09-GSAFAC-0000371851,NKMWNANBC2J9,2024,2025-06-17,C6JVTE997Y51
2024-09-GSAFAC-0000371851,NKMWNANBC2J9,2024,2025-06-17,JWBNHYDRGF35
2024-09-GSAFAC-0000371851,NKMWNANBC2J9,2024,2025-06-17,DVDCNSBKKT43
2024-09-GSAFAC-0000371851,NKMWNANBC2J9,2024,2025-06-17,H1J5LN1E9973
2024-09-GSAFAC-0000371851,NKMWNANBC2J9,2024,2025-06-17,JLZFW882TRM7
2024-09-GSAFAC-0000371851,NKMWNANBC2J9,2024,2025-06-17,UDPFL23Y9GQ1
2024-09-GSAFAC-0000371851,NKMWNANBC2J9,2024,2025-06-17,RL89A6MZMC15
2024-09-GSAFAC-0000371851,NKMWNANBC2J9,2024,2025-06-17,XL82DZNJ84V5
2024-09-GSAFAC-0000371851,NKMWNANBC2J9,2024,2025-06-17,ES4CPJJXBBA7
2024-09-GSAFAC-0000371851,NKMWNANBC2J9,2024,2025-06-17,EA5GGNHB1GS7
2024-09-GSAFAC-0000371851,NKMWNANBC2J9,2024,2025-06-17,NPAVYA2WRFR9
2024-09-GSAFAC-0000371851,NKMWNANBC2J9,2024,2025-06-17,HZH9CNT838R7
2024-09-GSAFAC-0000371851,NKMWNANBC2J9,2024,2025-06-17,E8GTY727NH41
2024-09-GSAFAC-0000371851,NKMWNANBC2J9,2024,2025-06-17,FJVDUJQAHDB1
2024-09-GSAFAC-0000371851,NKMWNANBC2J9,2024,2025-06-17,ZJKNH5EA49J9
2024-06-GSAFAC-0000371423,ENMTASEFELN8,2024,2025-06-17,GJUMZPTA7MB6
2024-12-GSAFAC-0000372192,MAKCTKTJ1KY4,2024,2025-06-17,EUXEG282LVH7
2024-12-GSAFAC-0000372192,MAKCTKTJ1KY4,2024,2025-06-17,GNF8LYKGLUF7
2024-12-GSAFAC-0000372192,MAKCTKTJ1KY4,2024,2025-06-17,KVH9F17EFRK7
2024-12-GSAFAC-0000370037,W4TXPPQNK4F5,2024,2025-06-17,FN91PBMHQQP1
2024-12-GSAFAC-0000370037,W4TXPPQNK4F5,2024,2025-06-17,NCQNUV3QRJT5
2024-12-GSAFAC-0000370037,W4TXPPQNK4F5,2024,2025-06-17,V94RN5N76XM7
2024-09-GSAFAC-0000370928,N2FCJJESFFF6,2024,2025-06-18,GPQXPME5MGU8
2024-09-GSAFAC-0000370928,N2FCJJESFFF6,2024,2025-06-18,NK8PDS7SUA94
2024-09-GSAFAC-0000370928,N2FCJJESFFF6,2024,2025-06-18,NHSAJF75RAE8
2024-09-GSAFAC-0000370928,N2FCJJESFFF6,2024,2025-06-18,NNHPP5PCJU15
2024-12-GSAFAC-0000370223,JF1SRJ2FECB1,2024,2025-06-18,M9MMKLB6PDJ3
2024-06-GSAFAC-0000372219,EE8MGM839873,2024,2025-06-18,FGG8MNDSEJJ7
2024-09-GSAFAC-0000365727,Z1L9F1MM1RY3,2024,2025-06-18,H8FMQK4NJAK5
2024-12-GSAFAC-0000371991,KVLYDC1KL4W7,2024,2025-06-18,JNV6EANHXKS6
2024-12-GSAFAC-0000371991,KVLYDC1KL4W7,2024,2025-06-18,L2WSAZYJWHL8
2024-12-GSAFAC-0000371991,KVLYDC1KL4W7,2024,2025-06-18,Y8V2Z7GMQNA6
2024-12-GSAFAC-0000371991,KVLYDC1KL4W7,2024,2025-06-18,GWZKVAJTLR32
2024-12-GSAFAC-0000371991,KVLYDC1KL4W7,2024,2025-06-18,EMZLK98FCKC5
2024-12-GSAFAC-0000371991,KVLYDC1KL4W7,2024,2025-06-18,MKMSFE3FTU15
2024-12-GSAFAC-0000371991,KVLYDC1KL4W7,2024,2025-06-18,CQAQB3BXT937
2024-12-GSAFAC-0000371991,KVLYDC1KL4W7,2024,2025-06-18,CJPVZPBT2P93
2024-12-GSAFAC-0000371991,KVLYDC1KL4W7,2024,2025-06-18,VGP7WT58HM73
2024-12-GSAFAC-0000371991,KVLYDC1KL4W7,2024,2025-06-18,F9EJW2M64PQ8
2024-12-GSAFAC-0000371991,KVLYDC1KL4W7,2024,2025-06-18,M3GMKMZ47AH4
2024-12-GSAFAC-0000371991,KVLYDC1KL4W7,2024,2025-06-18,N7CTWFSM8KM9
2024-12-GSAFAC-0000371991,KVLYDC1KL4W7,2024,2025-06-18,JZW3FXQRNNV9
2024-12-GSAFAC-0000371991,KVLYDC1KL4W7,2024,2025-06-18,M9E9SHYN6JA7
2024-12-GSAFAC-0000371991,KVLYDC1KL4W7,2024,2025-06-18,HWDDBYUF94H4
2024-12-GSAFAC-0000371991,KVLYDC1KL4W7,2024,2025-06-18,UPWNL2S7ZSW3
2024-12-GSAFAC-0000371991,KVLYDC1KL4W7,2024,2025-06-18,HJ7DHD51ZYS5
2024-12-GSAFAC-0000371991,KVLYDC1KL4W7,2024,2025-06-18,Q1LQMB9Y92J5
2024-12-GSAFAC-0000371991,KVLYDC1KL4W7,2024,2025-06-18,CNU3LQSG6JE9
2024-12-GSAFAC-0000371991,KVLYDC1KL4W7,2024,2025-06-18,LH8ZV8QY5JY5
2024-12-GSAFAC-0000371991,KVLYDC1KL4W7,2024,2025-06-18,Y8JYQ33G9LU3
2024-12-GSAFAC-0000371991,KVLYDC1KL4W7,2024,2025-06-18,MEUDB7ARJF23
2024-12-GSAFAC-0000371991,KVLYDC1KL4W7,2024,2025-06-18,KB6GAV7KBEA9
2024-12-GSAFAC-0000371991,KVLYDC1KL4W7,2024,2025-06-18,X94LLZMC8CK6
2024-12-GSAFAC-0000371991,KVLYDC1KL4W7,2024,2025-06-18,G1A1SEZ2NAJ3
2024-12-GSAFAC-0000371991,KVLYDC1KL4W7,2024,2025-06-18,LJ35MVVFNLQ3
2024-12-GSAFAC-0000371991,KVLYDC1KL4W7,2024,2025-06-18,ZYDSKLSEP8C3
2024-12-GSAFAC-0000371991,KVLYDC1KL4W7,2024,2025-06-18,MUUJKH6KKM29
2024-12-GSAFAC-0000371991,KVLYDC1KL4W7,2024,2025-06-18,EMWMCNT3HJA9
2024-12-GSAFAC-0000371991,KVLYDC1KL4W7,2024,2025-06-18,JDCPBD6K32X5
2024-12-GSAFAC-0000371991,KVLYDC1KL4W7,2024,2025-06-18,PAJNMHKPKML6
2024-12-GSAFAC-0000371991,KVLYDC1KL4W7,2024,2025-06-18,WMKBUWQQ3KH3
2024-12-GSAFAC-0000371991,KVLYDC1KL4W7,2024,2025-06-18,KM3LJMLEN9L3
2024-12-GSAFAC-0000371991,KVLYDC1KL4W7,2024,2025-06-18,WU58Q4C48265
2024-12-GSAFAC-0000371991,KVLYDC1KL4W7,2024,2025-06-18,WU58Q4C48265
2024-12-GSAFAC-0000371991,KVLYDC1KL4W7,2024,2025-06-18,WU58Q4C48265
2024-12-GSAFAC-0000371991,KVLYDC1KL4W7,2024,2025-06-18,NNQBJN6XFKM1
2024-12-GSAFAC-0000371991,KVLYDC1KL4W7,2024,2025-06-18,NRCEM34UBAY8
2024-12-GSAFAC-0000371991,KVLYDC1KL4W7,2024,2025-06-18,D5NNSVNJ2PA5
2024-12-GSAFAC-0000371991,KVLYDC1KL4W7,2024,2025-06-18,PZKXP3EK9YM4
2024-12-GSAFAC-0000371991,KVLYDC1KL4W7,2024,2025-06-18,ML2SCN16HKD4
2024-12-GSAFAC-0000371991,KVLYDC1KL4W7,2024,2025-06-18,ML2SCN16HKD4
2024-12-GSAFAC-0000371991,KVLYDC1KL4W7,2024,2025-06-18,S9BLJD1KG8X8
2024-12-GSAFAC-0000371991,KVLYDC1KL4W7,2024,2025-06-18,N5BEJ9PNHNQ1
2024-12-GSAFAC-0000371991,KVLYDC1KL4W7,2024,2025-06-18,MYJ3Q8B5WMM1
2024-12-GSAFAC-0000371991,KVLYDC1KL4W7,2024,2025-06-18,GXYULZ37DM93
2024-12-GSAFAC-0000371991,KVLYDC1KL4W7,2024,2025-06-18,EM9RF3G279T5
2024-12-GSAFAC-0000371991,KVLYDC1KL4W7,2024,2025-06-18,GEA7EJ3AQ1J1
2024-12-GSAFAC-0000371991,KVLYDC1KL4W7,2024,2025-06-18,V1F7LCWHLDJ3
2024-12-GSAFAC-0000371991,KVLYDC1KL4W7,2024,2025-06-18,ENWBKZ2BF3Y8
2024-12-GSAFAC-0000371991,KVLYDC1KL4W7,2024,2025-06-18,U7M9GP6LNWG9
2024-12-GSAFAC-0000371991,KVLYDC1KL4W7,2024,2025-06-18,KHS8TQPAAWJ7
2024-12-GSAFAC-0000371991,KVLYDC1KL4W7,2024,2025-06-18,DSWNR4LL3KB5
2024-12-GSAFAC-0000371991,KVLYDC1KL4W7,2024,2025-06-18,KJCVLR24HA84
2024-12-GSAFAC-0000371991,KVLYDC1KL4W7,2024,2025-06-18,TNLDYJXNAAD9
2024-12-GSAFAC-0000371991,KVLYDC1KL4W7,2024,2025-06-18,CFM3FKKTR8K7
2024-12-GSAFAC-0000371991,KVLYDC1KL4W7,2024,2025-06-18,MDQKPLF5E5K7
2024-12-GSAFAC-0000371991,KVLYDC1KL4W7,2024,2025-06-18,KBCVSR8VMWG9
2024-12-GSAFAC-0000371991,KVLYDC1KL4W7,2024,2025-06-18,KYJ6Q89L6E91
2024-12-GSAFAC-0000371991,KVLYDC1KL4W7,2024,2025-06-18,EC57MWGRR2J7
2024-12-GSAFAC-0000371991,KVLYDC1KL4W7,2024,2025-06-18,DA3LCSM8WYR5
2024-12-GSAFAC-0000371991,KVLYDC1KL4W7,2024,2025-06-18,XPKKLJJA6U63
2024-12-GSAFAC-0000371991,KVLYDC1KL4W7,2024,2025-06-18,J4BXMG1BAJR8
2024-12-GSAFAC-0000371991,KVLYDC1KL4W7,2024,2025-06-18,NBK5LCS5S9Z5
2024-12-GSAFAC-0000371991,KVLYDC1KL4W7,2024,2025-06-18,FD4HBC8KZSQ2
2024-12-GSAFAC-0000371991,KVLYDC1KL4W7,2024,2025-06-18,VPEFQHWCPLW8
2024-12-GSAFAC-0000371991,KVLYDC1KL4W7,2024,2025-06-18,SDL9MMF19U43
2024-12-GSAFAC-0000371991,KVLYDC1KL4W7,2024,2025-06-18,CMD9T4M5R755
2024-12-GSAFAC-0000371991,KVLYDC1KL4W7,2024,2025-06-18,GAHUL6VT1ZT2
2024-12-GSAFAC-0000371991,KVLYDC1KL4W7,2024,2025-06-18,QYCXPZSSB6C8
2024-12-GSAFAC-0000371991,KVLYDC1KL4W7,2024,2025-06-18,LLVSN3Y9VHZ7
2024-12-GSAFAC-0000371991,KVLYDC1KL4W7,2024,2025-06-18,K5AHVKG62N29
2024-12-GSAFAC-0000371991,KVLYDC1KL4W7,2024,2025-06-18,TQJSBLAWNMM5
2024-12-GSAFAC-0000371991,KVLYDC1KL4W7,2024,2025-06-18,N7A9C4V84NH1
2024-12-GSAFAC-0000371991,KVLYDC1KL4W7,2024,2025-06-18,M53MAXM4N4H7
2024-12-GSAFAC-0000371991,KVLYDC1KL4W7,2024,2025-06-18,JFMSHFXGAEW9
2024-12-GSAFAC-0000371991,KVLYDC1KL4W7,2024,2025-06-18,N5UKP9DN7PC1
2024-12-GSAFAC-0000371991,KVLYDC1KL4W7,2024,2025-06-18,H4FJK9QB6AF4
2024-12-GSAFAC-0000371991,KVLYDC1KL4W7,2024,2025-06-18,E4EPLCDBCEZ3
2024-12-GSAFAC-0000371991,KVLYDC1KL4W7,2024,2025-06-18,YF74XRMF6T11
2024-12-GSAFAC-0000371991,KVLYDC1KL4W7,2024,2025-06-18,V4HWA7TN9NM7
2024-12-GSAFAC-0000371991,KVLYDC1KL4W7,2024,2025-06-18,MBEMUHYFP2N8
2024-12-GSAFAC-0000371991,KVLYDC1KL4W7,2024,2025-06-18,DKVTWF4HD4Q4
2024-12-GSAFAC-0000371991,KVLYDC1KL4W7,2024,2025-06-18,C6J3MMW1DM64
2024-12-GSAFAC-0000371991,KVLYDC1KL4W7,2024,2025-06-18,NAVBJ6MLVGD3
2024-12-GSAFAC-0000371991,KVLYDC1KL4W7,2024,2025-06-18,H4LSFJH8JD71
2024-12-GSAFAC-0000371991,KVLYDC1KL4W7,2024,2025-06-18,HDMWF29Y8643
2024-12-GSAFAC-0000371991,KVLYDC1KL4W7,2024,2025-06-18,U2WJU6HFLUY9
2024-12-GSAFAC-0000371991,KVLYDC1KL4W7,2024,2025-06-18,ESCJLC9ARM91
2024-12-GSAFAC-0000371991,KVLYDC1KL4W7,2024,2025-06-18,ZLSKXWMVCW33
2024-12-GSAFAC-0000371991,KVLYDC1KL4W7,2024,2025-06-18,NLZWNZ5ZUML3
2024-12-GSAFAC-0000371991,KVLYDC1KL4W7,2024,2025-06-18,RB2AKLXUUFB7
2024-12-GSAFAC-0000371991,KVLYDC1KL4W7,2024,2025-06-18,NNU8WL1KA5Q1
2024-12-GSAFAC-0000371991,KVLYDC1KL4W7,2024,2025-06-18,D5MPZTPKJ134
2024-12-GSAFAC-0000371991,KVLYDC1KL4W7,2024,2025-06-18,S5LZV1QKX797
2024-12-GSAFAC-0000371991,KVLYDC1KL4W7,2024,2025-06-18,XDLFCG81Z3G9
2024-12-GSAFAC-0000371991,KVLYDC1KL4W7,2024,2025-06-18,P8CHDLUJCQD3
2024-12-GSAFAC-0000371991,KVLYDC1KL4W7,2024,2025-06-18,WF4KAPFPX1H6
2024-12-GSAFAC-0000371991,KVLYDC1KL4W7,2024,2025-06-18,CZBSJ28DBAK7
2024-12-GSAFAC-0000371991,KVLYDC1KL4W7,2024,2025-06-18,K96EPDBLJEH1
2024-12-GSAFAC-0000371991,KVLYDC1KL4W7,2024,2025-06-18,W69JQHAF6PN1
2024-12-GSAFAC-0000371991,KVLYDC1KL4W7,2024,2025-06-18,MAYGKM86LZQ3
2024-12-GSAFAC-0000371991,KVLYDC1KL4W7,2024,2025-06-18,S4HDZ34UMM79
2024-12-GSAFAC-0000371991,KVLYDC1KL4W7,2024,2025-06-18,UNLCRBWJ55C3
2024-12-GSAFAC-0000371991,KVLYDC1KL4W7,2024,2025-06-18,UNLCRBWJ55C3
2024-12-GSAFAC-0000371991,KVLYDC1KL4W7,2024,2025-06-18,DYM3ZYZHNH79
2024-12-GSAFAC-0000371991,KVLYDC1KL4W7,2024,2025-06-18,MSXPK6CDHZ28
2024-12-GSAFAC-0000371991,KVLYDC1KL4W7,2024,2025-06-18,XMPCBDG87RR5
2024-12-GSAFAC-0000371991,KVLYDC1KL4W7,2024,2025-06-18,XJYQLBDKPVT1
2024-12-GSAFAC-0000371991,KVLYDC1KL4W7,2024,2025-06-18,S9BLJD1KG8X8
2024-12-GSAFAC-0000371991,KVLYDC1KL4W7,2024,2025-06-18,LARFE3EHKVA8
2024-12-GSAFAC-0000371991,KVLYDC1KL4W7,2024,2025-06-18,L6WTLMK73N78
2024-11-GSAFAC-0000371370,HFEFPN1L2US5,2024,2025-06-18,C8NTUTN1FPJ4
2024-11-GSAFAC-0000371370,HFEFPN1L2US5,2024,2025-06-18,WNF3V7BLNXX7
2024-11-GSAFAC-0000371370,HFEFPN1L2US5,2024,2025-06-18,F6T8N7J3EQ14
2024-11-GSAFAC-0000371370,HFEFPN1L2US5,2024,2025-06-18,J3B6H4GXLKN4
2024-11-GSAFAC-0000371370,HFEFPN1L2US5,2024,2025-06-18,HBHKCNYDEV37
2024-11-GSAFAC-0000371370,HFEFPN1L2US5,2024,2025-06-18,JCELNK4L3PA4
2024-11-GSAFAC-0000371370,HFEFPN1L2US5,2024,2025-06-18,JHMSN8C8KJ58
2024-11-GSAFAC-0000371370,HFEFPN1L2US5,2024,2025-06-18,QBHPT6LKE8J2
2024-11-GSAFAC-0000371370,HFEFPN1L2US5,2024,2025-06-18,JRQ1D7QN1395
2024-11-GSAFAC-0000371370,HFEFPN1L2US5,2024,2025-06-18,MB1MP23XLXD8
2024-11-GSAFAC-0000371370,HFEFPN1L2US5,2024,2025-06-18,VZTEWZDGT875
2024-11-GSAFAC-0000371370,HFEFPN1L2US5,2024,2025-06-18,X21WGXWNFJZ5
2024-11-GSAFAC-0000371370,HFEFPN1L2US5,2024,2025-06-18,TAQGTNNU9YC3
2024-11-GSAFAC-0000371370,HFEFPN1L2US5,2024,2025-06-18,T95LE61PJEY1
2024-09-GSAFAC-0000370599,JM3QWP4D6MY1,2024,2025-06-19,YUVWDM5WD476
2024-09-GSAFAC-0000370599,JM3QWP4D6MY1,2024,2025-06-19,KKV7R5V97HN8
2024-09-GSAFAC-0000370599,JM3QWP4D6MY1,2024,2025-06-19,YVVNVEMZ5YS5
2024-09-GSAFAC-0000370599,JM3QWP4D6MY1,2024,2025-06-19,J318Z9YKG8J3
2024-09-GSAFAC-0000370599,JM3QWP4D6MY1,2024,2025-06-19,G4SXMDNNPLK5
2023-06-GSAFAC-0000020207,EY97RELNYMH5,2023,2025-06-19,E4RBY6LYBXJ5
2023-06-GSAFAC-0000020207,EY97RELNYMH5,2023,2025-06-19,NH8WDN52SQU5
2023-06-GSAFAC-0000020207,EY97RELNYMH5,2023,2025-06-19,KPGBAZREZCH2
2023-06-GSAFAC-0000020207,EY97RELNYMH5,2023,2025-06-19,XBFET18TN1X3
2024-06-GSAFAC-0000347348,E7U2NV7AKAH7,2024,2025-06-19,EG7DQFMJQ5S6
2024-06-GSAFAC-0000347348,E7U2NV7AKAH7,2024,2025-06-19,DXR9YBKHLWS9
2024-06-GSAFAC-0000347348,E7U2NV7AKAH7,2024,2025-06-19,N8QZLJTK1R13
2024-06-GSAFAC-0000347348,E7U2NV7AKAH7,2024,2025-06-19,MAMFUAZJB618
2024-06-GSAFAC-0000347348,E7U2NV7AKAH7,2024,2025-06-19,MSKWQBRE3647
2024-12-GSAFAC-0000371956,YJGXXGE6PJF9,2024,2025-06-19,NYCJZKMT7DT1
2024-12-GSAFAC-0000371956,YJGXXGE6PJF9,2024,2025-06-19,XNDAM4UFQEX8
2024-12-GSAFAC-0000371956,YJGXXGE6PJF9,2024,2025-06-19,NH1XCXJLLJF7
2024-06-GSAFAC-0000358187,FXV5JB3EPZ99,2024,2025-06-19,S3KFS7F17C38
2024-06-GSAFAC-0000358187,FXV5JB3EPZ99,2024,2025-06-19,DL96F3QDAK75
2024-06-GSAFAC-0000358187,FXV5JB3EPZ99,2024,2025-06-19,R1BXKXTTT113
2024-06-GSAFAC-0000358187,FXV5JB3EPZ99,2024,2025-06-19,M84HL6VULX43
2024-06-GSAFAC-0000358187,FXV5JB3EPZ99,2024,2025-06-19,HEUFZN4GKG24
2024-09-GSAFAC-0000369880,UWLMMPTKNZN1,2024,2025-06-20,NNN6CUJ4RL93
2024-09-GSAFAC-0000371886,GR61V9ZWU251,2024,2025-06-20,CFQGHMF6MGA1
2024-09-GSAFAC-0000371886,GR61V9ZWU251,2024,2025-06-20,XNLXJGLVACC9
2024-09-GSAFAC-0000371886,GR61V9ZWU251,2024,2025-06-20,JDJKGY66NYB3
2024-09-GSAFAC-0000371886,GR61V9ZWU251,2024,2025-06-20,N8YPCU7H1W11
2024-09-GSAFAC-0000371175,GN6MTBGWM4E1,2024,2025-06-20,NBLUA6LCETG7
2024-09-GSAFAC-0000371175,GN6MTBGWM4E1,2024,2025-06-20,K2VQTL81JA43
2024-09-GSAFAC-0000371175,GN6MTBGWM4E1,2024,2025-06-20,R9NWN21A22N1
2024-09-GSAFAC-0000371175,GN6MTBGWM4E1,2024,2025-06-20,SJC8JCTK31Y5
2024-09-GSAFAC-0000371175,GN6MTBGWM4E1,2024,2025-06-20,NAJZPZ4GN5B3
2024-09-GSAFAC-0000371175,GN6MTBGWM4E1,2024,2025-06-20,DCNBBARTU1G7
2024-09-GSAFAC-0000371175,GN6MTBGWM4E1,2024,2025-06-20,RRAYKLDKGNL5
2024-09-GSAFAC-0000371175,GN6MTBGWM4E1,2024,2025-06-20,UNDXLLAD6UG3
2024-09-GSAFAC-0000371175,GN6MTBGWM4E1,2024,2025-06-20,Q3P4GGFBMUD6
2024-09-GSAFAC-0000371175,GN6MTBGWM4E1,2024,2025-06-20,NQY9LK85FFF5
2024-09-GSAFAC-0000371175,GN6MTBGWM4E1,2024,2025-06-20,PH41NNEZVG49
2024-09-GSAFAC-0000371175,GN6MTBGWM4E1,2024,2025-06-20,HZDKLHLPZUL3
2024-09-GSAFAC-0000371175,GN6MTBGWM4E1,2024,2025-06-20,K7A8ELL5KTJ4
2024-09-GSAFAC-0000371175,GN6MTBGWM4E1,2024,2025-06-20,H5VLNLVEKMM8
2024-09-GSAFAC-0000371175,GN6MTBGWM4E1,2024,2025-06-20,HDKMH3FPJDH3
2024-06-GSAFAC-0000369797,H8F3KZ3X4LC3,2024,2025-06-20,P1JNP1MH5EX6
2024-09-GSAFAC-0000368113,NYA9KT6XWEL7,2024,2025-06-21,FVJZEW3YY9C8
2024-09-GSAFAC-0000368113,NYA9KT6XWEL7,2024,2025-06-21,KAZNFSP4CQM5
2024-06-GSAFAC-0000372493,FXK6U8JPNLJ8,2024,2025-06-21,J8JTDFYS1LR1
2024-09-GSAFAC-0000367522,DRXFNJ7NXBJ3,2024,2025-06-23,E4NKUWJTXB53
2024-12-GSAFAC-0000373081,LL45F4VHE6N3,2024,2025-06-23,EMUDE2HCJA64
2024-12-GSAFAC-0000373081,LL45F4VHE6N3,2024,2025-06-23,FYD8XGLZB667
2024-12-GSAFAC-0000373081,LL45F4VHE6N3,2024,2025-06-23,Z7UKLQ63AMNA
2024-12-GSAFAC-0000373081,LL45F4VHE6N3,2024,2025-06-23,KLM4VTGX6W66
2024-12-GSAFAC-0000373081,LL45F4VHE6N3,2024,2025-06-23,F55XQX5WRXF4
2024-09-GSAFAC-0000371100,YLHMQ9QQ1LT9,2024,2025-06-23,J5VUZL7DKAX6
2024-12-GSAFAC-0000371877,FGQYA2KMEK67,2024,2025-06-24,PMDGJJRLGSJ6
2024-12-GSAFAC-0000371877,FGQYA2KMEK67,2024,2025-06-24,NZWAZ3TXKEP7
2024-12-GSAFAC-0000371877,FGQYA2KMEK67,2024,2025-06-24,G3WYLHXCM8F6
2024-12-GSAFAC-0000357022,JQH2GEMCAVN5,2024,2025-06-24,QTV2C4RJGEF3
2024-12-GSAFAC-0000357022,JQH2GEMCAVN5,2024,2025-06-24,U169MWRL2JA8
2024-12-GSAFAC-0000357022,JQH2GEMCAVN5,2024,2025-06-24,GR5FBK5UX249
2024-12-GSAFAC-0000357022,JQH2GEMCAVN5,2024,2025-06-24,CLQHV1RL11S4
2024-12-GSAFAC-0000357022,JQH2GEMCAVN5,2024,2025-06-24,KG4KGCN36436
2024-12-GSAFAC-0000357022,JQH2GEMCAVN5,2024,2025-06-24,YYMFD6JWAKW1
2024-12-GSAFAC-0000357022,JQH2GEMCAVN5,2024,2025-06-24,TCMNFNNKGUN8
2024-12-GSAFAC-0000357022,JQH2GEMCAVN5,2024,2025-06-24,K21SNKDJGHA5
2024-09-GSAFAC-0000372957,W7H7TKTLNJD3,2024,2025-06-24,NXXMFCJHYUB5
2024-12-GSAFAC-0000372099,CVHFYSRJ6EQ6,2024,2025-06-24,FJDQYQMVNPB9
2024-09-GSAFAC-0000362924,GC27EN7RG7K1,2024,2025-06-24,VMLLGK696EW7
2024-09-GSAFAC-0000355238,L2YZPHLFAT15,2024,2025-06-24,RTGQVK5YX315
2024-12-GSAFAC-0000371204,T16NA5YA1WH3,2024,2025-06-24,X6CFK7JK1NT3
2024-12-GSAFAC-0000371204,T16NA5YA1WH3,2024,2025-06-24,WTBJJFPVF5K8
2024-12-GSAFAC-0000371204,T16NA5YA1WH3,2024,2025-06-24,K1NCWCRHELY9
2024-12-GSAFAC-0000371204,T16NA5YA1WH3,2024,2025-06-24,HX1DKEMNMFA8
2024-09-GSAFAC-0000372664,XSTGNLF9ZDJ5,2024,2025-06-24,HRDVGHE2TZM7
2024-09-GSAFAC-0000372664,XSTGNLF9ZDJ5,2024,2025-06-24,F15MNH4MDAG4
2024-09-GSAFAC-0000372664,XSTGNLF9ZDJ5,2024,2025-06-24,GUT1ADLJUNA5
2024-09-GSAFAC-0000372664,XSTGNLF9ZDJ5,2024,2025-06-24,U9WRHX25GD23
2024-09-GSAFAC-0000372664,XSTGNLF9ZDJ5,2024,2025-06-24,EXMJSALA2BA3
2024-09-GSAFAC-0000372664,XSTGNLF9ZDJ5,2024,2025-06-24,J4NXMVB9K568
2024-12-GSAFAC-0000372023,GBPMHQM2SRL3,2024,2025-06-24,VLAGQBN7HNG1
2024-12-GSAFAC-0000372023,GBPMHQM2SRL3,2024,2025-06-24,DB8TSFFBPFL1
2024-12-GSAFAC-0000372023,GBPMHQM2SRL3,2024,2025-06-24,DBNCEGGB1ER7
2024-12-GSAFAC-0000372023,GBPMHQM2SRL3,2024,2025-06-24,V8Q7BGR6CNV7
2024-12-GSAFAC-0000372023,GBPMHQM2SRL3,2024,2025-06-24,DK84WKVNAWE5
2024-12-GSAFAC-0000372023,GBPMHQM2SRL3,2024,2025-06-24,M934JYJAXWD5
2024-12-GSAFAC-0000372023,GBPMHQM2SRL3,2024,2025-06-24,TR68DX7FLPT3
2024-12-GSAFAC-0000372023,GBPMHQM2SRL3,2024,2025-06-24,N6PBMQTKMFR5
2024-12-GSAFAC-0000372023,GBPMHQM2SRL3,2024,2025-06-24,DK9HMCH8L3W8
2024-12-GSAFAC-0000372023,GBPMHQM2SRL3,2024,2025-06-24,C1NPWNR4RMP5
2024-12-GSAFAC-0000372023,GBPMHQM2SRL3,2024,2025-06-24,K3FSAXCACBJ9
2024-12-GSAFAC-0000372023,GBPMHQM2SRL3,2024,2025-06-24,MWPXPRWMF6Z3
2024-12-GSAFAC-0000372023,GBPMHQM2SRL3,2024,2025-06-24,X75NXMDJFW45
2024-09-GSAFAC-0000065908,F125YU6SWK59,2024,2025-06-24,MVHMBTMKBU51
2024-06-GSAFAC-0000368833,CX6QQHTWJCG8,2024,2025-06-24,P91ZR5LN7B73
2024-12-GSAFAC-0000371179,DUV8VM6Y9ZD1,2024,2025-06-25,M5KLCWX6KN28
2024-09-GSAFAC-0000371004,CNPAZU1NXQ76,2024,2025-06-25,HCKBVEN2LF83
2024-09-GSAFAC-0000371004,CNPAZU1NXQ76,2024,2025-06-25,KREFH3MM1PJ8
2024-09-GSAFAC-0000372106,J4QNU3HBE4B1,2024,2025-06-25,E2UVZ2MMEP57
2024-09-GSAFAC-0000372106,J4QNU3HBE4B1,2024,2025-06-25,P38FZT9KZAY7
2024-09-GSAFAC-0000372106,J4QNU3HBE4B1,2024,2025-06-25,H2HJD3MF2KV3
2024-09-GSAFAC-0000372106,J4QNU3HBE4B1,2024,2025-06-25,RQ4QKABEJUL3
2024-09-GSAFAC-0000372106,J4QNU3HBE4B1,2024,2025-06-25,DJB1LBBKG2B3
2024-06-GSAFAC-0000372837,XZ9KP9XDNCS4,2024,2025-06-25,N5JNFV8VXZJ4
2024-06-GSAFAC-0000372837,XZ9KP9XDNCS4,2024,2025-06-25,T11SQ3VAGHC5
2024-06-GSAFAC-0000372837,XZ9KP9XDNCS4,2024,2025-06-25,LYLEEKQ5N7S5
2025-03-GSAFAC-0000372550,UJCJBNYNJMK6,2025,2025-06-26,V77CALRY8E98
2025-03-GSAFAC-0000372550,UJCJBNYNJMK6,2025,2025-06-26,ET6FML2DCY43
2024-06-GSAFAC-0000373491,QFA6JCV8HXH3,2024,2025-06-26,EUZHCQFMBLX6
2024-09-GSAFAC-0000370890,P62KF2SJJ237,2024,2025-06-26,JYJ2Y9MKA4V6
2024-09-GSAFAC-0000351037,FYV7SX8CN3E1,2024,2025-06-26,MQ29JFMQ91C5
2024-12-GSAFAC-0000372531,RZQ7ME5FXSJ4,2024,2025-06-26,KUCHALRD83S4
2024-12-GSAFAC-0000372531,RZQ7ME5FXSJ4,2024,2025-06-26,LMRQZ21AXNX9
2024-12-GSAFAC-0000372531,RZQ7ME5FXSJ4,2024,2025-06-26,XHRFFKMSMTW6
2024-12-GSAFAC-0000372531,RZQ7ME5FXSJ4,2024,2025-06-26,GANSYW2MZTP2
2024-12-GSAFAC-0000372531,RZQ7ME5FXSJ4,2024,2025-06-26,MLV6PCSJT4Y1
2024-09-GSAFAC-0000372567,MAYKB1LWD5U9,2024,2025-06-26,L3MFY96A56A5
2024-09-GSAFAC-0000372567,MAYKB1LWD5U9,2024,2025-06-26,DEDKC6LHX4F3
2024-09-GSAFAC-0000372567,MAYKB1LWD5U9,2024,2025-06-26,DLY8NM7JY1G7
2024-09-GSAFAC-0000372567,MAYKB1LWD5U9,2024,2025-06-26,NUNSUG9KXNP5
2024-09-GSAFAC-0000372567,MAYKB1LWD5U9,2024,2025-06-26,XAQXDHLU75J4
2024-09-GSAFAC-0000372567,MAYKB1LWD5U9,2024,2025-06-26,ZQE2DQCU9AJ5
2024-09-GSAFAC-0000372567,MAYKB1LWD5U9,2024,2025-06-26,XRXGLGQRLSU1
2024-12-GSAFAC-0000372031,PBQRGJPJ7C95,2024,2025-06-26,E4MRFDELETH5
2024-12-GSAFAC-0000372031,PBQRGJPJ7C95,2024,2025-06-26,T46MN5JN74V5
2024-12-GSAFAC-0000372031,PBQRGJPJ7C95,2024,2025-06-26,MHEZAP8U1HK5
2024-12-GSAFAC-0000372031,PBQRGJPJ7C95,2024,2025-06-26,L5MKTB9JJB53
2024-12-GSAFAC-0000372031,PBQRGJPJ7C95,2024,2025-06-26,TVRLUM9FE4A9
2024-12-GSAFAC-0000372031,PBQRGJPJ7C95,2024,2025-06-26,FUJ7J895NWC3
2024-12-GSAFAC-0000372031,PBQRGJPJ7C95,2024,2025-06-26,P56MD7DJPZL3
2024-12-GSAFAC-0000372031,PBQRGJPJ7C95,2024,2025-06-26,QEE1L7LZXH51
2024-12-GSAFAC-0000372031,PBQRGJPJ7C95,2024,2025-06-26,RY3GPG6Z4EZ3
2024-12-GSAFAC-0000372031,PBQRGJPJ7C95,2024,2025-06-26,ZT84XM7FJCZ7
2024-12-GSAFAC-0000372031,PBQRGJPJ7C95,2024,2025-06-26,JRRBC1NLANZ6
2024-12-GSAFAC-0000372031,PBQRGJPJ7C95,2024,2025-06-26,LM3MBUL44AY6
2024-12-GSAFAC-0000372031,PBQRGJPJ7C95,2024,2025-06-26,MAGSXHK5KDK9
2024-12-GSAFAC-0000372031,PBQRGJPJ7C95,2024,2025-06-26,SFTRD8V31Q35
2024-12-GSAFAC-0000372031,PBQRGJPJ7C95,2024,2025-06-26,SL4ML174MLF7
2024-12-GSAFAC-0000372031,PBQRGJPJ7C95,2024,2025-06-26,E1CFJBKKV2M4
2024-12-GSAFAC-0000372031,PBQRGJPJ7C95,2024,2025-06-26,GWMBFTQHV9Y4
2024-12-GSAFAC-0000372031,PBQRGJPJ7C95,2024,2025-06-26,FDGNULSG1KL9
2024-12-GSAFAC-0000372031,PBQRGJPJ7C95,2024,2025-06-26,TJXSHLJNAMC1
2024-12-GSAFAC-0000372031,PBQRGJPJ7C95,2024,2025-06-26,ZXY5JHTD5GX5
2024-12-GSAFAC-0000372031,PBQRGJPJ7C95,2024,2025-06-26,NAHNR2C7AYU3
2024-12-GSAFAC-0000372031,PBQRGJPJ7C95,2024,2025-06-26,CNTQSKBQNMM1
2024-12-GSAFAC-0000372031,PBQRGJPJ7C95,2024,2025-06-26,XBRUM5D13L55
2024-12-GSAFAC-0000372031,PBQRGJPJ7C95,2024,2025-06-26,LKHDFQFWJFK7
2024-12-GSAFAC-0000372031,PBQRGJPJ7C95,2024,2025-06-26,SNYDN3KFW9D4
2024-12-GSAFAC-0000372031,PBQRGJPJ7C95,2024,2025-06-26,CJSSM8R68WH5
2024-12-GSAFAC-0000372031,PBQRGJPJ7C95,2024,2025-06-26,DZE4HCNB7DE3
2024-12-GSAFAC-0000372031,PBQRGJPJ7C95,2024,2025-06-26,KD5FFNLFCCA9
2024-12-GSAFAC-0000372031,PBQRGJPJ7C95,2024,2025-06-26,L7R4JZSRAHN4
2024-12-GSAFAC-0000372031,PBQRGJPJ7C95,2024,2025-06-26,KPRDS9XV23M6
2024-12-GSAFAC-0000372031,PBQRGJPJ7C95,2024,2025-06-26,KS32XCNHHX49
2024-12-GSAFAC-0000372031,PBQRGJPJ7C95,2024,2025-06-26,E2LMNWDHU561
2024-12-GSAFAC-0000372031,PBQRGJPJ7C95,2024,2025-06-26,JAV2FRXFG2Z1
2024-12-GSAFAC-0000372031,PBQRGJPJ7C95,2024,2025-06-26,RJ1QGNXG85Q3
2024-12-GSAFAC-0000372031,PBQRGJPJ7C95,2024,2025-06-26,RALWUJ8LRKF4
2024-12-GSAFAC-0000372031,PBQRGJPJ7C95,2024,2025-06-26,HR9AY6DMX635
2024-12-GSAFAC-0000372031,PBQRGJPJ7C95,2024,2025-06-26,H9JQWACCPT16
2024-12-GSAFAC-0000372031,PBQRGJPJ7C95,2024,2025-06-26,HZNSL9KJTUP8
2024-12-GSAFAC-0000372031,PBQRGJPJ7C95,2024,2025-06-26,NB6SRSKS3N36
2024-12-GSAFAC-0000372031,PBQRGJPJ7C95,2024,2025-06-26,CJ8ZN53NDZU5
2024-12-GSAFAC-0000372031,PBQRGJPJ7C95,2024,2025-06-26,QUXNQSEFGFH3
2024-12-GSAFAC-0000372031,PBQRGJPJ7C95,2024,2025-06-26,Q5L3UB91JK45
2024-09-GSAFAC-0000369711,VKMFGLCR5E65,2024,2025-06-26,Y4GAELREL9P7
2024-09-GSAFAC-0000369711,VKMFGLCR5E65,2024,2025-06-26,XNZWJFZ3TJM1
2024-09-GSAFAC-0000369711,VKMFGLCR5E65,2024,2025-06-26,S391BED16JC7
2024-09-GSAFAC-0000369711,VKMFGLCR5E65,2024,2025-06-26,V53VN464Z623
2024-09-GSAFAC-0000369711,VKMFGLCR5E65,2024,2025-06-26,J73PD3GL5QN1
2024-09-GSAFAC-0000369711,VKMFGLCR5E65,2024,2025-06-26,J8GHFVN4QVM7
2024-09-GSAFAC-0000369711,VKMFGLCR5E65,2024,2025-06-26,PFKWZLR3GPH8
2024-09-GSAFAC-0000369711,VKMFGLCR5E65,2024,2025-06-26,EEDPCL4YRMU7
2024-09-GSAFAC-0000369711,VKMFGLCR5E65,2024,2025-06-26,JFM9BKAV5VX6
2024-09-GSAFAC-0000369711,VKMFGLCR5E65,2024,2025-06-26,JFVSPWMY4HF3
2024-09-GSAFAC-0000369711,VKMFGLCR5E65,2024,2025-06-26,JXK3A1F45Y76
2024-09-GSAFAC-0000369711,VKMFGLCR5E65,2024,2025-06-26,JXQLJDBH3GM5
2024-09-GSAFAC-0000369711,VKMFGLCR5E65,2024,2025-06-26,JXVGKNWWKB67
2024-09-GSAFAC-0000369711,VKMFGLCR5E65,2024,2025-06-26,YBZ3JKVJTCC7
2024-09-GSAFAC-0000369711,VKMFGLCR5E65,2024,2025-06-26,JY8RYN6R6DG1
2024-09-GSAFAC-0000369711,VKMFGLCR5E65,2024,2025-06-26,JYJVSDDQBBN9
2024-12-GSAFAC-0000370713,KAAVJRR2JGW9,2024,2025-06-26,P7CUHQLJVPJ9
2024-09-GSAFAC-0000373634,KPSRMF3B1UP1,2024,2025-06-26,F21LKQHDDYN4
2024-09-GSAFAC-0000370451,LZ4AWL9J6LP4,2024,2025-06-27,W78AXRXKFLL1
2024-09-GSAFAC-0000370451,LZ4AWL9J6LP4,2024,2025-06-27,X8MNSEBNJMM6
2024-09-GSAFAC-0000370451,LZ4AWL9J6LP4,2024,2025-06-27,MA5ECB2K27M4
2024-09-GSAFAC-0000370451,LZ4AWL9J6LP4,2024,2025-06-27,C2AQVDYYUAS7
2024-09-GSAFAC-0000370451,LZ4AWL9J6LP4,2024,2025-06-27,GQJ1UC1MKAX4
2024-09-GSAFAC-0000370451,LZ4AWL9J6LP4,2024,2025-06-27,CJ9JXQL11MM4
2024-09-GSAFAC-0000370451,LZ4AWL9J6LP4,2024,2025-06-27,D1CZA6WQ2L85
2024-09-GSAFAC-0000370451,LZ4AWL9J6LP4,2024,2025-06-27,QC1GEUNCLUA8
2024-09-GSAFAC-0000370451,LZ4AWL9J6LP4,2024,2025-06-27,VDSYNPTW91M7
2024-09-GSAFAC-0000370451,LZ4AWL9J6LP4,2024,2025-06-27,MM99NK9LB9V8
2024-09-GSAFAC-0000370451,LZ4AWL9J6LP4,2024,2025-06-27,SQE9FKFP4CX5
2024-09-GSAFAC-0000370451,LZ4AWL9J6LP4,2024,2025-06-27,TNF7YJLAHGZ1
2024-09-GSAFAC-0000370451,LZ4AWL9J6LP4,2024,2025-06-27,K5XWULQC54M8
2024-09-GSAFAC-0000370451,LZ4AWL9J6LP4,2024,2025-06-27,D8F4HNR8XTG6
2024-09-GSAFAC-0000370451,LZ4AWL9J6LP4,2024,2025-06-27,NNNEHURMUV34
2024-09-GSAFAC-0000370451,LZ4AWL9J6LP4,2024,2025-06-27,KN5NMZUD61Y7
2024-09-GSAFAC-0000370451,LZ4AWL9J6LP4,2024,2025-06-27,NL3MB4AM3HV5
2024-09-GSAFAC-0000370451,LZ4AWL9J6LP4,2024,2025-06-27,N25BCKRKWMM4
2024-09-GSAFAC-0000370451,LZ4AWL9J6LP4,2024,2025-06-27,U6UWAJ1J6PW3
2024-09-GSAFAC-0000370451,LZ4AWL9J6LP4,2024,2025-06-27,RJPUBLWPB9E9
2024-09-GSAFAC-0000370451,LZ4AWL9J6LP4,2024,2025-06-27,HTRFQKMBWHJ4
2024-09-GSAFAC-0000370451,LZ4AWL9J6LP4,2024,2025-06-27,F772F3B8PGN1
2024-09-GSAFAC-0000370451,LZ4AWL9J6LP4,2024,2025-06-27,XS1YQHXPL9P5
2024-09-GSAFAC-0000370451,LZ4AWL9J6LP4,2024,2025-06-27,TF1BX14XKTY6
2024-09-GSAFAC-0000370451,LZ4AWL9J6LP4,2024,2025-06-27,FHN5LUMAKKA1
2024-09-GSAFAC-0000370451,LZ4AWL9J6LP4,2024,2025-06-27,CJKDRGJK36J5
2024-09-GSAFAC-0000370451,LZ4AWL9J6LP4,2024,2025-06-27,GF9YHX1LMR59
2024-09-GSAFAC-0000370451,LZ4AWL9J6LP4,2024,2025-06-27,JQX7W1QTQZY6
2024-09-GSAFAC-0000370451,LZ4AWL9J6LP4,2024,2025-06-27,TRR5GXJJ9254
2024-09-GSAFAC-0000370451,LZ4AWL9J6LP4,2024,2025-06-27,NVZJM5MJ2MB6
2024-09-GSAFAC-0000370451,LZ4AWL9J6LP4,2024,2025-06-27,L1RTNF7J74L5
2024-09-GSAFAC-0000370451,LZ4AWL9J6LP4,2024,2025-06-27,PWM1NHLBE2C5
2024-09-GSAFAC-0000370451,LZ4AWL9J6LP4,2024,2025-06-27,K9A2BB9QE1J8
2024-09-GSAFAC-0000370405,MWKBKNTZ9SW7,2024,2025-06-27,YRAUWPWTE463
2024-09-GSAFAC-0000370405,MWKBKNTZ9SW7,2024,2025-06-27,D7K5UNB7JKF5
2024-09-GSAFAC-0000370405,MWKBKNTZ9SW7,2024,2025-06-27,JT8TKBRZJT45
2024-09-GSAFAC-0000372359,SSEEF5MGC9H9,2024,2025-06-27,UJGNPDP2ETM3
2024-09-GSAFAC-0000372359,SSEEF5MGC9H9,2024,2025-06-27,G7USCB5TJKC3
2024-09-GSAFAC-0000372359,SSEEF5MGC9H9,2024,2025-06-27,ECAAFR9FER85
2024-09-GSAFAC-0000372359,SSEEF5MGC9H9,2024,2025-06-27,VCFYEQJXU2F5
2024-09-GSAFAC-0000372359,SSEEF5MGC9H9,2024,2025-06-27,JUAVMC1PGSF7
2024-09-GSAFAC-0000372359,SSEEF5MGC9H9,2024,2025-06-27,S8WUANFYDJB1
2024-09-GSAFAC-0000372359,SSEEF5MGC9H9,2024,2025-06-27,KALUC1YF6FN3
2024-09-GSAFAC-0000372359,SSEEF5MGC9H9,2024,2025-06-27,QRTYGQW58JB8
2024-09-GSAFAC-0000372359,SSEEF5MGC9H9,2024,2025-06-27,YPJYS6KF6T27
2024-09-GSAFAC-0000372359,SSEEF5MGC9H9,2024,2025-06-27,LN42SKKGP8C1
2024-09-GSAFAC-0000369316,UMZVGH9B5RM7,2024,2025-06-27,ER74JB3UL5E9
2024-09-GSAFAC-0000369316,UMZVGH9B5RM7,2024,2025-06-27,GNZBWJSEPC31
2024-09-GSAFAC-0000369316,UMZVGH9B5RM7,2024,2025-06-27,N1H2JERTVJ91
2024-09-GSAFAC-0000369316,UMZVGH9B5RM7,2024,2025-06-27,JDP7LU8NG4N9
2024-09-GSAFAC-0000369316,UMZVGH9B5RM7,2024,2025-06-27,DTTMHLKBKMK5
2024-09-GSAFAC-0000369316,UMZVGH9B5RM7,2024,2025-06-27,NZEYJJR9JQK6
2024-09-GSAFAC-0000369316,UMZVGH9B5RM7,2024,2025-06-27,CJQMLN6T7GG5
2024-09-GSAFAC-0000369316,UMZVGH9B5RM7,2024,2025-06-27,KUDDVKPC9K84
2024-09-GSAFAC-0000373836,V1XLK8M3YFQ9,2024,2025-06-27,FCSXGKYD5EM6
2024-12-GSAFAC-0000369501,GE7NW99Y9L66,2024,2025-06-27,YEKTH7PGB9L6
2024-12-GSAFAC-0000369501,GE7NW99Y9L66,2024,2025-06-27,VMECQP1R7FD9
2024-12-GSAFAC-0000369501,GE7NW99Y9L66,2024,2025-06-27,SE22S4GCCDG3
2024-12-GSAFAC-0000369501,GE7NW99Y9L66,2024,2025-06-27,FTDKFHKP6JK3
2024-12-GSAFAC-0000369501,GE7NW99Y9L66,2024,2025-06-27,EJRCK5NWYPW9
2024-09-GSAFAC-0000372855,SE36S7J6DZL1,2024,2025-06-27,T962KHJL8YT6
2024-09-GSAFAC-0000372855,SE36S7J6DZL1,2024,2025-06-27,V7NWMFZ7CRE3
2024-09-GSAFAC-0000372855,SE36S7J6DZL1,2024,2025-06-27,EFENGVLM8JD5
2024-09-GSAFAC-0000372855,SE36S7J6DZL1,2024,2025-06-27,UG8YG5JBC1D8
2024-09-GSAFAC-0000372855,SE36S7J6DZL1,2024,2025-06-27,JPMLBNK7THF8
2024-09-GSAFAC-0000372855,SE36S7J6DZL1,2024,2025-06-27,TQZAGLYMWFA3
2024-09-GSAFAC-0000372855,SE36S7J6DZL1,2024,2025-06-27,Y8TBBEF5JGJ3
2024-09-GSAFAC-0000372855,SE36S7J6DZL1,2024,2025-06-27,E46HWJ93R1V5
2024-09-GSAFAC-0000372167,LVXRQ6SLFM33,2024,2025-06-27,ETRZUWHMMXT8
2024-09-GSAFAC-0000372167,LVXRQ6SLFM33,2024,2025-06-27,L3G4FE5W3UD8
2024-09-GSAFAC-0000372167,LVXRQ6SLFM33,2024,2025-06-27,KWJHZA3CFB27
2024-09-GSAFAC-0000372167,LVXRQ6SLFM33,2024,2025-06-27,CAL7MMH45XJ1
2024-09-GSAFAC-0000372167,LVXRQ6SLFM33,2024,2025-06-27,KMJXS6TVJJA5
2024-09-GSAFAC-0000372167,LVXRQ6SLFM33,2024,2025-06-27,Z5E9FMSL2K53
2024-09-GSAFAC-0000372167,LVXRQ6SLFM33,2024,2025-06-27,E4RHQVCBZ237
2024-09-GSAFAC-0000372167,LVXRQ6SLFM33,2024,2025-06-27,RKZKW6C7KXM7
2024-09-GSAFAC-0000372167,LVXRQ6SLFM33,2024,2025-06-27,NZEYHRP68NS7
2024-09-GSAFAC-0000372167,LVXRQ6SLFM33,2024,2025-06-27,RT37CBAWNPE6
2024-09-GSAFAC-0000372167,LVXRQ6SLFM33,2024,2025-06-27,NQQNE92VVEK3
2024-09-GSAFAC-0000372167,LVXRQ6SLFM33,2024,2025-06-27,UU6ANNJPBFQ8
2024-09-GSAFAC-0000372167,LVXRQ6SLFM33,2024,2025-06-27,LB6ZLH6S7A21
2024-09-GSAFAC-0000372167,LVXRQ6SLFM33,2024,2025-06-27,LMKNLX23JH84
2024-09-GSAFAC-0000373338,K6S2GBM3L1V6,2024,2025-06-27,CCJMJ8JLER46
2024-09-GSAFAC-0000351373,HGADQ8GL9PX1,2024,2025-06-27,JQFLTLCCM784
2024-09-GSAFAC-0000351373,HGADQ8GL9PX1,2024,2025-06-27,C19NYJAM9F88
2024-09-GSAFAC-0000373700,RB45LAJS8GZ8,2024,2025-06-29,WHJRQ4BK1VM9
2024-09-GSAFAC-0000373529,H3RHSDQY87W7,2024,2025-06-30,C1CPANL3EWK4
2024-09-GSAFAC-0000373529,H3RHSDQY87W7,2024,2025-06-30,MWCKAJN2TQJ7
2024-09-GSAFAC-0000373529,H3RHSDQY87W7,2024,2025-06-30,UUUMQVGJNNX1
2024-09-GSAFAC-0000373529,H3RHSDQY87W7,2024,2025-06-30,DT3ZLPFL6Y55
2024-09-GSAFAC-0000373529,H3RHSDQY87W7,2024,2025-06-30,CGGMWT3L5FH3
2024-09-GSAFAC-0000373529,H3RHSDQY87W7,2024,2025-06-30,RUDGUTP43ZF3
2024-10-GSAFAC-0000373217,NN8CLFUP21H7,2024,2025-06-30,LBYCKSL87KY6
2024-10-GSAFAC-0000373217,NN8CLFUP21H7,2024,2025-06-30,K66HJGF6YCK7
2024-09-GSAFAC-0000373331,Z51QNRKAHPN4,2024,2025-06-30,L7CYSHAAG4E1
2024-12-GSAFAC-0000373816,K2QJQZVH5PM6,2024,2025-06-30,L2XTF33UJDQ5
2024-12-GSAFAC-0000373170,NCWGMC4VCGL4,2024,2025-06-30,W7JDBLA8HLB5
2024-12-GSAFAC-0000373170,NCWGMC4VCGL4,2024,2025-06-30,WBJ6SQSZCJ93
2024-12-GSAFAC-0000373170,NCWGMC4VCGL4,2024,2025-06-30,TEKCS3BHGMA3
2024-12-GSAFAC-0000373170,NCWGMC4VCGL4,2024,2025-06-30,MCNPMYU8ANX5
2024-09-GSAFAC-0000373178,PCV1WJVKG4L5,2024,2025-06-30,ZNMHBWTEAG77
2024-09-GSAFAC-0000373178,PCV1WJVKG4L5,2024,2025-06-30,UZN2FJTHJJZ9
2024-09-GSAFAC-0000373178,PCV1WJVKG4L5,2024,2025-06-30,HD7XDLKXU986
2024-09-GSAFAC-0000373178,PCV1WJVKG4L5,2024,2025-06-30,PKDNFJKDADK1
2024-09-GSAFAC-0000373178,PCV1WJVKG4L5,2024,2025-06-30,PFC7CLD5YKV1
2024-09-GSAFAC-0000373178,PCV1WJVKG4L5,2024,2025-06-30,WN1AGCW3LC35
2024-09-GSAFAC-0000373178,PCV1WJVKG4L5,2024,2025-06-30,KTPNCHKNT1L1
2024-09-GSAFAC-0000373178,PCV1WJVKG4L5,2024,2025-06-30,R1W3D5WJ6EM8
2024-09-GSAFAC-0000373178,PCV1WJVKG4L5,2024,2025-06-30,P39CNCVQ1BP1
2024-09-GSAFAC-0000373178,PCV1WJVKG4L5,2024,2025-06-30,QHPFXYADD4N8
2024-09-GSAFAC-0000373178,PCV1WJVKG4L5,2024,2025-06-30,C4PEJ6VRK7X8
2024-06-GSAFAC-0000368817,EY97RELNYMH5,2024,2025-06-30,E4RBY6LYBXJ5
2024-06-GSAFAC-0000368817,EY97RELNYMH5,2024,2025-06-30,NH8WDN52SQU5
2024-06-GSAFAC-0000368817,EY97RELNYMH5,2024,2025-06-30,KPGBAZREZCH2
2024-06-GSAFAC-0000368817,EY97RELNYMH5,2024,2025-06-30,XBFET18TN1X3
2024-09-GSAFAC-0000371845,SJ9QS4MQKJ17,2024,2025-06-30,HCZLFLC8DAJ3
2024-09-GSAFAC-0000371845,SJ9QS4MQKJ17,2024,2025-06-30,Y6MGLJDKCF98
2024-09-GSAFAC-0000371845,SJ9QS4MQKJ17,2024,2025-06-30,RE8RHUP7G1H7
2024-09-GSAFAC-0000371845,SJ9QS4MQKJ17,2024,2025-06-30,EDXWYUXL4QJ3
2024-09-GSAFAC-0000371845,SJ9QS4MQKJ17,2024,2025-06-30,E5KHW94KAHQ4
2024-09-GSAFAC-0000371845,SJ9QS4MQKJ17,2024,2025-06-30,DEFBK17A6FU4
2024-09-GSAFAC-0000371845,SJ9QS4MQKJ17,2024,2025-06-30,XUYTN6MMLKE3
2024-09-GSAFAC-0000371845,SJ9QS4MQKJ17,2024,2025-06-30,Z9MNER554MD3
2024-09-GSAFAC-0000371845,SJ9QS4MQKJ17,2024,2025-06-30,J49AYYC9HHJ4
2024-09-GSAFAC-0000371845,SJ9QS4MQKJ17,2024,2025-06-30,VG8UFZCKCH79
2024-09-GSAFAC-0000371845,SJ9QS4MQKJ17,2024,2025-06-30,RJQEV1Q7MJW4
2024-09-GSAFAC-0000371845,SJ9QS4MQKJ17,2024,2025-06-30,FE9RNTYNNKN9
2024-09-GSAFAC-0000371845,SJ9QS4MQKJ17,2024,2025-06-30,GK2ZSUK5SYW1
2024-09-GSAFAC-0000371845,SJ9QS4MQKJ17,2024,2025-06-30,WK2NZW3LS3L3
2024-09-GSAFAC-0000371845,SJ9QS4MQKJ17,2024,2025-06-30,F6HANQVGAW59
2024-09-GSAFAC-0000371845,SJ9QS4MQKJ17,2024,2025-06-30,F1R4GHMJTJ55
2024-09-GSAFAC-0000371845,SJ9QS4MQKJ17,2024,2025-06-30,KA8VDKJWLY47
2024-09-GSAFAC-0000371845,SJ9QS4MQKJ17,2024,2025-06-30,XMKCMDJLCH71
2024-09-GSAFAC-0000371845,SJ9QS4MQKJ17,2024,2025-06-30,TNGMKS5X5J38
2024-09-GSAFAC-0000371845,SJ9QS4MQKJ17,2024,2025-06-30,LD3CP7C1XMD5
2024-09-GSAFAC-0000371845,SJ9QS4MQKJ17,2024,2025-06-30,STSLEKQEMAF6
2024-09-GSAFAC-0000371845,SJ9QS4MQKJ17,2024,2025-06-30,KWVHEFJGTM67
2024-09-GSAFAC-0000371845,SJ9QS4MQKJ17,2024,2025-06-30,YL1NUG5VRT19
2024-09-GSAFAC-0000371845,SJ9QS4MQKJ17,2024,2025-06-30,MPBMXLCHYWY7
2024-09-GSAFAC-0000371845,SJ9QS4MQKJ17,2024,2025-06-30,EJJYNNNQMCY7
2024-09-GSAFAC-0000371845,SJ9QS4MQKJ17,2024,2025-06-30,JX5BBQLQ2GX8
2024-09-GSAFAC-0000371845,SJ9QS4MQKJ17,2024,2025-06-30,JBY3N5SQEQ47
2024-09-GSAFAC-0000371845,SJ9QS4MQKJ17,2024,2025-06-30,C3D7ELJMG531
2024-09-GSAFAC-0000371845,SJ9QS4MQKJ17,2024,2025-06-30,GAYDQHLH5NR3
2024-09-GSAFAC-0000371845,SJ9QS4MQKJ17,2024,2025-06-30,FTQ6AJN7SJW6
2024-09-GSAFAC-0000371845,SJ9QS4MQKJ17,2024,2025-06-30,CXHWJJJXL197
2024-09-GSAFAC-0000371845,SJ9QS4MQKJ17,2024,2025-06-30,GN9AFL18QZR5
2024-09-GSAFAC-0000371845,SJ9QS4MQKJ17,2024,2025-06-30,SU5GTW3J8YH9
2024-09-GSAFAC-0000371845,SJ9QS4MQKJ17,2024,2025-06-30,FWQVJ7ADSFU7
2024-09-GSAFAC-0000371845,SJ9QS4MQKJ17,2024,2025-06-30,X3KDLWZKR4Q8
2024-09-GSAFAC-0000371845,SJ9QS4MQKJ17,2024,2025-06-30,VK25NMMM6Q87
2024-09-GSAFAC-0000371845,SJ9QS4MQKJ17,2024,2025-06-30,KBCFZLA5ZYH2
2024-09-GSAFAC-0000371845,SJ9QS4MQKJ17,2024,2025-06-30,KUWSNZFMNBK4
2024-12-GSAFAC-0000372062,CCQEMFNQ9JM5,2024,2025-06-30,TEEYLPQALQK6
2024-12-GSAFAC-0000372062,CCQEMFNQ9JM5,2024,2025-06-30,P2G9PUW28V19
2024-12-GSAFAC-0000372062,CCQEMFNQ9JM5,2024,2025-06-30,GGRUAJCMBB95
2024-12-GSAFAC-0000372062,CCQEMFNQ9JM5,2024,2025-06-30,C5ZJFP7DA8R3
2024-12-GSAFAC-0000372062,CCQEMFNQ9JM5,2024,2025-06-30,ERMEM977KPS4
2024-09-GSAFAC-0000374235,ZP4NRU21LL94,2024,2025-06-30,SZNVNLNH3GN6
2024-09-GSAFAC-0000372907,ZPUHZJCNFKN9,2024,2025-06-30,WAHMCLFC56U5
2024-12-GSAFAC-0000373179,HXTWLBNKW5A9,2024,2025-06-30,FLHGGJBKNGX9
2024-09-GSAFAC-0000373169,NNGKJJVPWM51,2024,2025-06-30,DML4HJNAFE44
2024-09-GSAFAC-0000373169,NNGKJJVPWM51,2024,2025-06-30,KQ3QX9AHQY76
2024-09-GSAFAC-0000373169,NNGKJJVPWM51,2024,2025-06-30,XMTVMXFTQBJ6
2024-09-GSAFAC-0000373169,NNGKJJVPWM51,2024,2025-06-30,XXH3TJE49651
2024-09-GSAFAC-0000373169,NNGKJJVPWM51,2024,2025-06-30,K9L4CFNZ8XL6
2024-09-GSAFAC-0000373169,NNGKJJVPWM51,2024,2025-06-30,DV1WVS2B6BG1
2024-09-GSAFAC-0000373940,MREQZTLUYLY9,2024,2025-06-30,NVYYD5SXNL94
2024-09-GSAFAC-0000372833,E523DCNC6CG4,2024,2025-06-30,LCD4PKKT8FN6
2024-09-GSAFAC-0000372624,R1XKNVQNKAK6,2024,2025-06-30,S1WLBGL1YBA7
2024-09-GSAFAC-0000373823,GYQKVKNNGLE4,2024,2025-06-30,GLNGWN1B3397
2024-09-GSAFAC-0000373823,GYQKVKNNGLE4,2024,2025-06-30,LLAFDZXLJF83
2024-09-GSAFAC-0000372205,MY2ERHGDV956,2024,2025-06-30,KDCLAM4DJHH3
2024-09-GSAFAC-0000372205,MY2ERHGDV956,2024,2025-06-30,MHDJPJKBQEF8
2024-06-GSAFAC-0000374495,XEC7UKY93LA4,2024,2025-06-30,YFY8UH5HPSZ3
2024-06-GSAFAC-0000374495,XEC7UKY93LA4,2024,2025-06-30,C6RQEX468X21
2024-06-GSAFAC-0000374495,XEC7UKY93LA4,2024,2025-06-30,FXMBDMD7GCN5
2024-06-GSAFAC-0000362570,V51BY26T73M5,2024,2025-06-30,ZK94AJNLNR84
2024-06-GSAFAC-0000362570,V51BY26T73M5,2024,2025-06-30,ZD1BAZ1CUNM1
2024-06-GSAFAC-0000362570,V51BY26T73M5,2024,2025-06-30,LX5LT5P9KWD9
2024-06-GSAFAC-0000362570,V51BY26T73M5,2024,2025-06-30,L9N9SADMTRC9
2024-06-GSAFAC-0000362570,V51BY26T73M5,2024,2025-06-30,YTVXYE4ND3Q8
2024-06-GSAFAC-0000362570,V51BY26T73M5,2024,2025-06-30,KKWCCD7GQLV5
2024-06-GSAFAC-0000362570,V51BY26T73M5,2024,2025-06-30,CCMPSYZB4KK8
2024-06-GSAFAC-0000362570,V51BY26T73M5,2024,2025-06-30,GMKFTNSQ8KL7
2024-06-GSAFAC-0000362570,V51BY26T73M5,2024,2025-06-30,LM9NJMLBLA57
2024-06-GSAFAC-0000362570,V51BY26T73M5,2024,2025-06-30,F3N8ZSHJXUH8
2024-06-GSAFAC-0000362570,V51BY26T73M5,2024,2025-06-30,YWNTS9U5XTF6
2024-06-GSAFAC-0000362570,V51BY26T73M5,2024,2025-06-30,VMU1ERUNG9Q8
2024-06-GSAFAC-0000362570,V51BY26T73M5,2024,2025-06-30,JFD1XP6BUD86
2024-06-GSAFAC-0000362570,V51BY26T73M5,2024,2025-06-30,NQ6DMLY8J778
2024-06-GSAFAC-0000362570,V51BY26T73M5,2024,2025-06-30,DRQ2CHC5N9X4
2024-06-GSAFAC-0000362570,V51BY26T73M5,2024,2025-06-30,P2J1ALMVFB14
2024-06-GSAFAC-0000362570,V51BY26T73M5,2024,2025-06-30,FZC7BYKHWWC4
2024-06-GSAFAC-0000362570,V51BY26T73M5,2024,2025-06-30,XF7WJC2CJWZ3
2024-06-GSAFAC-0000362570,V51BY26T73M5,2024,2025-06-30,CZN6RH3MHQA4
2024-06-GSAFAC-0000362570,V51BY26T73M5,2024,2025-06-30,W66BWR13Q6U3
2024-06-GSAFAC-0000362570,V51BY26T73M5,2024,2025-06-30,DCR7HLD71CB7
2024-06-GSAFAC-0000362570,V51BY26T73M5,2024,2025-06-30,ZB5KQVHKCUM5
2024-06-GSAFAC-0000362570,V51BY26T73M5,2024,2025-06-30,MJAVNYV4C4T1
2024-06-GSAFAC-0000362570,V51BY26T73M5,2024,2025-06-30,U6NSFCN51777
2024-06-GSAFAC-0000362570,V51BY26T73M5,2024,2025-06-30,MH7AGN4NKNN5
2024-06-GSAFAC-0000362570,V51BY26T73M5,2024,2025-06-30,RXAYXJRFYVD5
2024-06-GSAFAC-0000362570,V51BY26T73M5,2024,2025-06-30,LNQNF7PKBV13
2024-06-GSAFAC-0000362570,V51BY26T73M5,2024,2025-06-30,MTBJSJRGJTA8
2024-06-GSAFAC-0000362570,V51BY26T73M5,2024,2025-06-30,LEJTFUALJ5M1
2024-06-GSAFAC-0000362570,V51BY26T73M5,2024,2025-06-30,SM7PXQM5CK69
2024-06-GSAFAC-0000362570,V51BY26T73M5,2024,2025-06-30,DCVTN6V182C4
2024-06-GSAFAC-0000362570,V51BY26T73M5,2024,2025-06-30,JV5YWMSU4TM5
2024-06-GSAFAC-0000362570,V51BY26T73M5,2024,2025-06-30,L2LETQ7LQ769
2024-06-GSAFAC-0000362570,V51BY26T73M5,2024,2025-06-30,DZFJT2KH9C43
2024-06-GSAFAC-0000362570,V51BY26T73M5,2024,2025-06-30,EDTFKU5EBBM5
2024-06-GSAFAC-0000362570,V51BY26T73M5,2024,2025-06-30,F6Y6VH2KWU13
2024-06-GSAFAC-0000362570,V51BY26T73M5,2024,2025-06-30,FDLEQSJ8FF63
2024-06-GSAFAC-0000362570,V51BY26T73M5,2024,2025-06-30,G2WCRLHJHD47
2024-06-GSAFAC-0000362570,V51BY26T73M5,2024,2025-06-30,YYFJATK1HMJ7
2024-06-GSAFAC-0000362570,V51BY26T73M5,2024,2025-06-30,KNP1HA2B9BF8
2024-06-GSAFAC-0000362570,V51BY26T73M5,2024,2025-06-30,YS6DVZQKAN49
2024-06-GSAFAC-0000362570,V51BY26T73M5,2024,2025-06-30,KTKNSE9DVQM3
2024-06-GSAFAC-0000362570,V51BY26T73M5,2024,2025-06-30,FCA1FRCWQFG8
2024-06-GSAFAC-0000362570,V51BY26T73M5,2024,2025-06-30,J3A3J6N22EF2
2024-06-GSAFAC-0000362570,V51BY26T73M5,2024,2025-06-30,LPGWCELUDQ63
2024-06-GSAFAC-0000362570,V51BY26T73M5,2024,2025-06-30,XJLCX3ABEPD6
2024-09-GSAFAC-0000374569,HB8HEMLHJUJ4,2024,2025-06-30,CYCFR25NDAB1
2024-12-GSAFAC-0000373410,J7VBJ7NEJ5R7,2024,2025-07-01,MWXTN3VXGGH5
2024-09-GSAFAC-0000066447,H86ZNGYKFVV4,2024,2025-07-01,FSMKANGZTAW4
2024-09-GSAFAC-0000066447,H86ZNGYKFVV4,2024,2025-07-01,UEMEN9LK6PP3
2024-09-GSAFAC-0000066447,H86ZNGYKFVV4,2024,2025-07-01,GWEGDNRLVMX1
2024-09-GSAFAC-0000066447,H86ZNGYKFVV4,2024,2025-07-01,K24HV7YPTET7
2024-12-GSAFAC-0000371706,PKS5Q5LA3HA4,2024,2025-07-01,TBA4JXAABDH9
2024-12-GSAFAC-0000371706,PKS5Q5LA3HA4,2024,2025-07-01,EKL4YJ7MSGJ7
2024-12-GSAFAC-0000374593,DWYGVXLUGJM5,2024,2025-07-02,RBJ3RKH6MH56
2024-12-GSAFAC-0000374593,DWYGVXLUGJM5,2024,2025-07-02,SSVKBQA4H2W5
2024-12-GSAFAC-0000374593,DWYGVXLUGJM5,2024,2025-07-02,TD9YB4JZ1279
2024-12-GSAFAC-0000374593,DWYGVXLUGJM5,2024,2025-07-02,NHEAZZ8RU7E6
2024-12-GSAFAC-0000374593,DWYGVXLUGJM5,2024,2025-07-02,RJCPEE9M8N34
2024-12-GSAFAC-0000374593,DWYGVXLUGJM5,2024,2025-07-02,S81KUBG2LE57
2024-12-GSAFAC-0000374593,DWYGVXLUGJM5,2024,2025-07-02,GL5ZBVRGDQT5
2025-03-GSAFAC-0000371337,SG71HEA776D9,2025,2025-07-02,GPQ2K36AJHG3
2024-12-GSAFAC-0000374460,YN55XPTER7Q4,2024,2025-07-03,GDCKCNEXCWH9
2024-12-GSAFAC-0000374460,YN55XPTER7Q4,2024,2025-07-03,Q97JUCH6L6H3
2024-12-GSAFAC-0000373036,JS7DK2APTFJ7,2024,2025-07-03,CBWYRN9WFZ96
2024-12-GSAFAC-0000373036,JS7DK2APTFJ7,2024,2025-07-03,D71BPLXYQMN5
2024-12-GSAFAC-0000373036,JS7DK2APTFJ7,2024,2025-07-03,YMFJXB4A3K94
2024-12-GSAFAC-0000373036,JS7DK2APTFJ7,2024,2025-07-03,VZPFXAFQBX27
2024-12-GSAFAC-0000373036,JS7DK2APTFJ7,2024,2025-07-03,P4PGY9N5KNR7
2024-12-GSAFAC-0000373036,JS7DK2APTFJ7,2024,2025-07-03,EFFDV3VD31K7
2024-12-GSAFAC-0000373036,JS7DK2APTFJ7,2024,2025-07-03,U941YS3EREL9
2024-12-GSAFAC-0000373036,JS7DK2APTFJ7,2024,2025-07-03,DNCJSL7CY7K5
2024-12-GSAFAC-0000373036,JS7DK2APTFJ7,2024,2025-07-03,NR27L6D3EJ75
2024-12-GSAFAC-0000373036,JS7DK2APTFJ7,2024,2025-07-03,VNBFL93JYPK7
2024-12-GSAFAC-0000373036,JS7DK2APTFJ7,2024,2025-07-03,FBWZAQ6Z11L1
2024-12-GSAFAC-0000373036,JS7DK2APTFJ7,2024,2025-07-03,YBM4V6U8YL68
2024-12-GSAFAC-0000373036,JS7DK2APTFJ7,2024,2025-07-03,FFMYWXZ62U88
2024-12-GSAFAC-0000373129,JYFBW9MH1RA5,2024,2025-07-07,JHS2CYHJRGY4
2024-12-GSAFAC-0000369732,DLTKXAEVJS21,2024,2025-07-08,PC77KNYJEB17
2024-12-GSAFAC-0000369732,DLTKXAEVJS21,2024,2025-07-08,V4MGQNLSWGS4
2023-03-GSAFAC-0000028529,LG42MA65EHL9,2023,2025-07-08,ZHM5B5GM7AK9
2023-03-GSAFAC-0000028529,LG42MA65EHL9,2023,2025-07-08,KNJHUL3WYU89
2023-03-GSAFAC-0000028529,LG42MA65EHL9,2023,2025-07-08,JNJZA5SRYLS5
2023-03-GSAFAC-0000028529,LG42MA65EHL9,2023,2025-07-08,RZVGS6LXB9K9
2023-03-GSAFAC-0000028529,LG42MA65EHL9,2023,2025-07-08,MC3UYMMKYE14
2023-03-GSAFAC-0000028529,LG42MA65EHL9,2023,2025-07-08,GBYXKNW33927
2025-03-GSAFAC-0000374970,G9H6SUM59YC4,2025,2025-07-09,GCKPMNH8D854
2025-03-GSAFAC-0000374970,G9H6SUM59YC4,2025,2025-07-09,JCK2VGG2PR51
2025-03-GSAFAC-0000374970,G9H6SUM59YC4,2025,2025-07-09,JH3AAWA12273
2025-03-GSAFAC-0000374970,G9H6SUM59YC4,2025,2025-07-09,LQK1DD1EYZK9
2025-03-GSAFAC-0000374970,G9H6SUM59YC4,2025,2025-07-09,WJ37AD42G8A5
2025-03-GSAFAC-0000374970,G9H6SUM59YC4,2025,2025-07-09,YDWAYVVQHNK5
2024-12-GSAFAC-0000372382,QLN8MNT12F84,2024,2025-07-09,XS6NLB3LBM44
2024-12-GSAFAC-0000372382,QLN8MNT12F84,2024,2025-07-09,LDYZHBK9QL99
2024-12-GSAFAC-0000372382,QLN8MNT12F84,2024,2025-07-09,MLFAX7BS98R2
2024-12-GSAFAC-0000372382,QLN8MNT12F84,2024,2025-07-09,HU7ES9RWQ1H6
2024-12-GSAFAC-0000372382,QLN8MNT12F84,2024,2025-07-09,PA4UF7K82DA1
2022-12-GSAFAC-0000373540,VJBRXARQ79N5,2022,2025-07-09,F5GJWLG15VZ8
2024-12-GSAFAC-0000374451,HXLWMH3H2HK5,2024,2025-07-09,MHJMNSV6A7E8
2024-12-GSAFAC-0000374451,HXLWMH3H2HK5,2024,2025-07-09,DSAZGSX8JA97
2024-12-GSAFAC-0000375236,RFS9HMPNJMS3,2024,2025-07-10,EEYDE2NXNBR4
2024-12-GSAFAC-0000374090,CCW3XJKC2AM9,2024,2025-07-10,CN2SV2P5ZL82
2024-12-GSAFAC-0000374090,CCW3XJKC2AM9,2024,2025-07-10,JP7BM2J3BKT8
2024-12-GSAFAC-0000374090,CCW3XJKC2AM9,2024,2025-07-10,LJL3QNRFCKA7
2024-12-GSAFAC-0000374090,CCW3XJKC2AM9,2024,2025-07-10,TCMPSMEX54P3
2024-12-GSAFAC-0000375341,MJEPP6CNR9G1,2024,2025-07-14,EC18TJEM47Z4
2023-06-GSAFAC-0000371925,J6JTLQLKVSV9,2023,2025-07-14,NT1QXP1NFCS7
2023-06-GSAFAC-0000371925,J6JTLQLKVSV9,2023,2025-07-14,S1NTB22UXTL1
2023-06-GSAFAC-0000371925,J6JTLQLKVSV9,2023,2025-07-14,DWTJW9SXJK71
2023-06-GSAFAC-0000371925,J6JTLQLKVSV9,2023,2025-07-14,GLTERFQK4PC9
2023-06-GSAFAC-0000371925,J6JTLQLKVSV9,2023,2025-07-14,J7K6ULGK6CD8
2023-06-GSAFAC-0000371925,J6JTLQLKVSV9,2023,2025-07-14,WL2AWERA1E42
2024-12-GSAFAC-0000375190,J5HQHVFCPY77,2024,2025-07-14,L651PBSBKLG5
2024-12-GSAFAC-0000375190,J5HQHVFCPY77,2024,2025-07-14,K1FHCLNTNAM5
2024-12-GSAFAC-0000375190,J5HQHVFCPY77,2024,2025-07-14,EYJ3BVZXJ975
2023-12-GSAFAC-0000375189,J5HQHVFCPY77,2023,2025-07-14,L651PBSBKLG5
2023-12-GSAFAC-0000375189,J5HQHVFCPY77,2023,2025-07-14,K1FHCLNTNAM5
2023-12-GSAFAC-0000375189,J5HQHVFCPY77,2023,2025-07-14,EYJ3BVZXJ975
2024-09-GSAFAC-0000375460,CQMFPQF41QW3,2024,2025-07-14,TDG9US9MM3L3
2024-09-GSAFAC-0000375460,CQMFPQF41QW3,2024,2025-07-14,G3MYGJEWX4L5
2024-09-GSAFAC-0000375460,CQMFPQF41QW3,2024,2025-07-14,KNGTJWTKD5M3
2024-09-GSAFAC-0000375460,CQMFPQF41QW3,2024,2025-07-14,G57JHUVJFWH1
2024-09-GSAFAC-0000375460,CQMFPQF41QW3,2024,2025-07-14,ECN1K7P736K8
2024-09-GSAFAC-0000375460,CQMFPQF41QW3,2024,2025-07-14,LG9MAJM5DNN5
2024-09-GSAFAC-0000375460,CQMFPQF41QW3,2024,2025-07-14,YXEMBUGMFP56
2024-09-GSAFAC-0000375460,CQMFPQF41QW3,2024,2025-07-14,LUM4GM4VMVJ6
2024-09-GSAFAC-0000375460,CQMFPQF41QW3,2024,2025-07-14,Y4F7RVG36J98
2024-09-GSAFAC-0000375460,CQMFPQF41QW3,2024,2025-07-14,PMBFFLJBKTG4
2024-09-GSAFAC-0000375460,CQMFPQF41QW3,2024,2025-07-14,YN7NFN7JLCS5
2024-09-GSAFAC-0000375460,CQMFPQF41QW3,2024,2025-07-14,GXKDHZ7ANHK4
2024-09-GSAFAC-0000375460,CQMFPQF41QW3,2024,2025-07-14,T3SFG76ESG54
2024-09-GSAFAC-0000375460,CQMFPQF41QW3,2024,2025-07-14,F4M9ZFRK2UT4
2024-09-GSAFAC-0000375460,CQMFPQF41QW3,2024,2025-07-14,ZKUQHZ9FDUM6
2024-09-GSAFAC-0000375460,CQMFPQF41QW3,2024,2025-07-14,VEXPDUMXK714
2024-09-GSAFAC-0000375460,CQMFPQF41QW3,2024,2025-07-14,YY9JD7UNY323
2024-09-GSAFAC-0000375460,CQMFPQF41QW3,2024,2025-07-14,TTBBAWZKYXR3
2024-12-GSAFAC-0000375520,E1DGHH9EKQE9,2024,2025-07-15,ZXN6F7WDWKD4
2024-12-GSAFAC-0000374370,ZK7SHNPA2LQ3,2024,2025-07-15,UBMMENJAF1Q9
2024-12-GSAFAC-0000373796,J4RWQ2B6QDD1,2024,2025-07-15,DSK4NKK5UBT4
2024-12-GSAFAC-0000373796,J4RWQ2B6QDD1,2024,2025-07-15,MKWPFEGMWEB3
2024-12-GSAFAC-0000373796,J4RWQ2B6QDD1,2024,2025-07-15,C6TRXSJTG9J7
2024-12-GSAFAC-0000373796,J4RWQ2B6QDD1,2024,2025-07-15,XWE5DR8QDM74
2024-12-GSAFAC-0000375446,FV56SRLGHGJ6,2024,2025-07-16,ZG3GRD183CY6
2024-12-GSAFAC-0000374681,JHZYLXQAKY33,2024,2025-07-16,LMCWLL53AMG4
2024-12-GSAFAC-0000374681,JHZYLXQAKY33,2024,2025-07-16,CQ4LTKAYF148
2024-12-GSAFAC-0000374681,JHZYLXQAKY33,2024,2025-07-16,ENHRN2JCL9V3
2024-12-GSAFAC-0000374681,JHZYLXQAKY33,2024,2025-07-16,E1AJRZ2DDXG3
2024-12-GSAFAC-0000374681,JHZYLXQAKY33,2024,2025-07-16,WP3QXJ87RYH3
2024-12-GSAFAC-0000374681,JHZYLXQAKY33,2024,2025-07-16,JXF7J4DK2MW2
2024-12-GSAFAC-0000374681,JHZYLXQAKY33,2024,2025-07-16,MB4BNPG24MF3
2024-12-GSAFAC-0000374681,JHZYLXQAKY33,2024,2025-07-16,PJNHEFNNDAJ6
2024-12-GSAFAC-0000374681,JHZYLXQAKY33,2024,2025-07-16,JTJDZCRDSZJ7
2024-12-GSAFAC-0000374681,JHZYLXQAKY33,2024,2025-07-16,JL75DFB1NLR4
2024-12-GSAFAC-0000374681,JHZYLXQAKY33,2024,2025-07-16,KFXCPNHKTXU4
2024-12-GSAFAC-0000374681,JHZYLXQAKY33,2024,2025-07-16,UL1UW5G53QL3
2024-12-GSAFAC-0000374681,JHZYLXQAKY33,2024,2025-07-16,NHCESD6KEFH1
2024-12-GSAFAC-0000374681,JHZYLXQAKY33,2024,2025-07-16,CNZNTK4F72M5
2024-12-GSAFAC-0000374681,JHZYLXQAKY33,2024,2025-07-16,V8DDUUGQQ5P1
2024-12-GSAFAC-0000374681,JHZYLXQAKY33,2024,2025-07-16,YKS6PHR4E3S4
2024-12-GSAFAC-0000374681,JHZYLXQAKY33,2024,2025-07-16,ELJXJKWTN8S5
2024-12-GSAFAC-0000374681,JHZYLXQAKY33,2024,2025-07-16,YEF4NQD3AWG7
2024-12-GSAFAC-0000374681,JHZYLXQAKY33,2024,2025-07-16,JPKVFSLKLVJ5
2024-12-GSAFAC-0000375621,ZP41TLCAD373,2024,2025-07-16,Q3Y4JLZMVT69
2024-12-GSAFAC-0000374619,SRG2J1WS9X63,2024,2025-07-17,N1E2NFVBMFR9
2024-12-GSAFAC-0000374619,SRG2J1WS9X63,2024,2025-07-17,LQLUUYAMTC28
2024-12-GSAFAC-0000374619,SRG2J1WS9X63,2024,2025-07-17,M28UHK4YUC87
2024-12-GSAFAC-0000374619,SRG2J1WS9X63,2024,2025-07-17,V6NDB8L1KML6
2024-12-GSAFAC-0000374619,SRG2J1WS9X63,2024,2025-07-17,Q52EUAFV99D7
2024-12-GSAFAC-0000374619,SRG2J1WS9X63,2024,2025-07-17,LX2FZEDNLKQ5
2024-12-GSAFAC-0000374619,SRG2J1WS9X63,2024,2025-07-17,L5VVZNLFENS9
2024-12-GSAFAC-0000374619,SRG2J1WS9X63,2024,2025-07-17,CRX2GGMYBJ64
2024-06-GSAFAC-0000375814,GBSNLM6LDBA3,2024,2025-07-17,L1X8AMCNFTB1
2024-06-GSAFAC-0000375814,GBSNLM6LDBA3,2024,2025-07-17,LUXNNM23N171
2024-12-GSAFAC-0000374342,UN26ZDYJF7K3,2024,2025-07-17,TY9TESTG34Y8
2024-12-GSAFAC-0000374342,UN26ZDYJF7K3,2024,2025-07-17,KCGKTE47JJ63
2024-12-GSAFAC-0000374342,UN26ZDYJF7K3,2024,2025-07-17,DLJCTNJ4LVM3
2024-12-GSAFAC-0000374342,UN26ZDYJF7K3,2024,2025-07-17,GFJGNNM54SL8
2024-12-GSAFAC-0000374342,UN26ZDYJF7K3,2024,2025-07-17,Z5ZUZRYKAU59
2024-12-GSAFAC-0000374342,UN26ZDYJF7K3,2024,2025-07-17,Y5JNN8AKH756
2024-12-GSAFAC-0000374342,UN26ZDYJF7K3,2024,2025-07-17,ZWJDVNPEGZ15
2024-12-GSAFAC-0000374342,UN26ZDYJF7K3,2024,2025-07-17,SU9DABG3BDC1
2024-12-GSAFAC-0000374342,UN26ZDYJF7K3,2024,2025-07-17,TQ6KWTRHUML9
2024-12-GSAFAC-0000374342,UN26ZDYJF7K3,2024,2025-07-17,UEH6KZMGEHM5
2024-12-GSAFAC-0000374342,UN26ZDYJF7K3,2024,2025-07-17,JCMQHLQ9CGN1
2024-12-GSAFAC-0000374342,UN26ZDYJF7K3,2024,2025-07-17,PHACB4PUJHJ1
2024-12-GSAFAC-0000374342,UN26ZDYJF7K3,2024,2025-07-17,JDKXQARK4YT9
2024-12-GSAFAC-0000374342,UN26ZDYJF7K3,2024,2025-07-17,STX5X4B75CB3
2024-12-GSAFAC-0000374342,UN26ZDYJF7K3,2024,2025-07-17,HD1ACUJFXBM7
2024-12-GSAFAC-0000374342,UN26ZDYJF7K3,2024,2025-07-17,LLSULPD71MR4
2024-12-GSAFAC-0000374342,UN26ZDYJF7K3,2024,2025-07-17,ZELSNC2M3L98
2024-12-GSAFAC-0000374342,UN26ZDYJF7K3,2024,2025-07-17,FNUFDDR86MC5
2024-12-GSAFAC-0000374342,UN26ZDYJF7K3,2024,2025-07-17,TK3KFM5LEWA1
2024-12-GSAFAC-0000374342,UN26ZDYJF7K3,2024,2025-07-17,JEJPXQQCRSP6
2024-12-GSAFAC-0000374342,UN26ZDYJF7K3,2024,2025-07-17,ZA1PU1K5HH94
2024-12-GSAFAC-0000374342,UN26ZDYJF7K3,2024,2025-07-17,W4LMVHDWQBA5
2024-12-GSAFAC-0000374342,UN26ZDYJF7K3,2024,2025-07-17,D5DNA7WPVHE8
2024-12-GSAFAC-0000374342,UN26ZDYJF7K3,2024,2025-07-17,JTJVRTD6X3X4
2024-12-GSAFAC-0000374342,UN26ZDYJF7K3,2024,2025-07-17,R2KGHLM7KKG7
2024-12-GSAFAC-0000374342,UN26ZDYJF7K3,2024,2025-07-17,M5BHB4YJG9Z4
2024-12-GSAFAC-0000374342,UN26ZDYJF7K3,2024,2025-07-17,NB73JKK9YYH9
2024-12-GSAFAC-0000374342,UN26ZDYJF7K3,2024,2025-07-17,MNDWL4KPN8V4
2024-12-GSAFAC-0000374342,UN26ZDYJF7K3,2024,2025-07-17,MZ46X5Q4AED3
2024-12-GSAFAC-0000374342,UN26ZDYJF7K3,2024,2025-07-17,L89NPLD9VHJ7
2024-12-GSAFAC-0000374342,UN26ZDYJF7K3,2024,2025-07-17,RL7AH3Z89MH8
2024-12-GSAFAC-0000374342,UN26ZDYJF7K3,2024,2025-07-17,KVHYSSAR9GQ8
2024-12-GSAFAC-0000374342,UN26ZDYJF7K3,2024,2025-07-17,QQ13BKWSCWB5
2023-06-GSAFAC-0000375948,VJSUSLYGNP97,2023,2025-07-18,NQBVNSJMCM67
2024-12-GSAFAC-0000375994,PFXGB5BU5TV5,2024,2025-07-18,WLC3W19JSEH1
2024-12-GSAFAC-0000373861,QS7KRGY1LDF6,2024,2025-07-21,VMJ3YLM2LQG6
2024-12-GSAFAC-0000373861,QS7KRGY1LDF6,2024,2025-07-21,GQ3KCAMNHJ65
2024-12-GSAFAC-0000373861,QS7KRGY1LDF6,2024,2025-07-21,HBQSGGJU1MG3
2024-12-GSAFAC-0000373861,QS7KRGY1LDF6,2024,2025-07-21,DTWSFG7TDXN8
2024-12-GSAFAC-0000373861,QS7KRGY1LDF6,2024,2025-07-21,HNKNH2W4RMQ3
2024-12-GSAFAC-0000373861,QS7KRGY1LDF6,2024,2025-07-21,L1HBMNU9PDX7
2024-12-GSAFAC-0000373861,QS7KRGY1LDF6,2024,2025-07-21,YDFAMB26WFT3
2024-12-GSAFAC-0000373861,QS7KRGY1LDF6,2024,2025-07-21,MJ3GRQ5623J3
2024-12-GSAFAC-0000373861,QS7KRGY1LDF6,2024,2025-07-21,EMM1QCKNK2B8
2024-06-GSAFAC-0000375061,F56HLRACHSH3,2024,2025-07-21,MWAZBEGYYJF3
2024-06-GSAFAC-0000375061,F56HLRACHSH3,2024,2025-07-21,HNVWNCUN8GM6
2024-06-GSAFAC-0000375061,F56HLRACHSH3,2024,2025-07-21,TDR4XXZKBE76
2024-06-GSAFAC-0000375061,F56HLRACHSH3,2024,2025-07-21,CA9BDK78W6M3
2024-06-GSAFAC-0000375061,F56HLRACHSH3,2024,2025-07-21,KFDFCYJ88MU1
2024-06-GSAFAC-0000375061,F56HLRACHSH3,2024,2025-07-21,V7SFK2KL6EQ4
2024-06-GSAFAC-0000375061,F56HLRACHSH3,2024,2025-07-21,LKB3FFEUGM23
2024-06-GSAFAC-0000375061,F56HLRACHSH3,2024,2025-07-21,F3Z1A8NQDND1
2024-12-GSAFAC-0000369449,S3MZFK8JXGJ3,2024,2025-07-21,V7Z8GEWMP5N8
2024-12-GSAFAC-0000374699,Y563N57ATAK4,2024,2025-07-22,NTSTM3BCZ3J7
2024-12-GSAFAC-0000368660,DK7ML9S6FJJ3,2024,2025-07-22,ZMHCF7FCQF78
2024-12-GSAFAC-0000370185,KVZATDBDECG8,2024,2025-07-22,RLG6JX7EGAG9
2024-12-GSAFAC-0000370185,KVZATDBDECG8,2024,2025-07-22,E545NS9NYAY7
2024-06-GSAFAC-0000375935,F7S9S5D2CSP3,2024,2025-07-22,EPPEQ6N7ZH13
2024-06-GSAFAC-0000375935,F7S9S5D2CSP3,2024,2025-07-22,W95MAED1YJY5
2024-12-GSAFAC-0000359953,GZACXJ53CWR7,2024,2025-07-23,EJ28KHK6U5N1
2024-12-GSAFAC-0000359953,GZACXJ53CWR7,2024,2025-07-23,GRNJHPTLBVJ3
2024-12-GSAFAC-0000359953,GZACXJ53CWR7,2024,2025-07-23,WXQEBMGBZG11
2024-12-GSAFAC-0000375376,F7VXMMT5AE84,2024,2025-07-23,Y6LMUKJYAAV7
2024-12-GSAFAC-0000375376,F7VXMMT5AE84,2024,2025-07-23,PWZVMJBDKR17
2024-12-GSAFAC-0000370454,WR9DKNPUJVY8,2024,2025-07-24,E3E1ETKXWGQ6
2024-12-GSAFAC-0000376247,W6JVFDU46Y26,2024,2025-07-24,KNGLQBXUCX68
2024-10-GSAFAC-0000367365,KYETWC1L3AP3,2024,2025-07-24,NK5TSGB2SPR4
2024-10-GSAFAC-0000367365,KYETWC1L3AP3,2024,2025-07-24,NK87VHSK95K6
2024-10-GSAFAC-0000367365,KYETWC1L3AP3,2024,2025-07-24,H3VYNKET7VW3
2024-10-GSAFAC-0000367365,KYETWC1L3AP3,2024,2025-07-24,RCXAL18L2V95
2024-12-GSAFAC-0000365748,GYLMN6H2LXS4,2024,2025-07-25,D44WMMYMNWN9
2024-12-GSAFAC-0000365748,GYLMN6H2LXS4,2024,2025-07-25,CN4AM8U79PD6
2024-12-GSAFAC-0000365748,GYLMN6H2LXS4,2024,2025-07-25,L8ZYYJENKA23
2024-12-GSAFAC-0000365748,GYLMN6H2LXS4,2024,2025-07-25,J8MFK1MU6PR9
2024-12-GSAFAC-0000365748,GYLMN6H2LXS4,2024,2025-07-25,DGW4LSELPEM4
2024-12-GSAFAC-0000365748,GYLMN6H2LXS4,2024,2025-07-25,C8GWA3KH1DE9
2024-12-GSAFAC-0000365748,GYLMN6H2LXS4,2024,2025-07-25,SAA9XFVG9JW5
2024-12-GSAFAC-0000365748,GYLMN6H2LXS4,2024,2025-07-25,VFEEA9EVXVK5
2024-12-GSAFAC-0000365748,GYLMN6H2LXS4,2024,2025-07-25,C5VBVSFGSGZ1
2024-12-GSAFAC-0000376364,SX3NTU5NQ6K9,2024,2025-07-25,FRUFVE5K9WW1
2024-12-GSAFAC-0000376364,SX3NTU5NQ6K9,2024,2025-07-25,EG63DTZHP5F6
2024-12-GSAFAC-0000376364,SX3NTU5NQ6K9,2024,2025-07-25,Z3A8D7NVLR33
2024-12-GSAFAC-0000376438,LGKCFFP8LMD6,2024,2025-07-25,J51CGK1D9P36
2024-12-GSAFAC-0000376438,LGKCFFP8LMD6,2024,2025-07-25,JYTUTDK2WS35
2024-12-GSAFAC-0000376288,GCJGHKSJYB45,2024,2025-07-25,J49LS99P7AX8
2025-03-GSAFAC-0000375739,ZY63XPTXNZC3,2025,2025-07-28,EMMVBR5FQ1A3
2025-03-GSAFAC-0000375739,ZY63XPTXNZC3,2025,2025-07-28,US1NHRAWLHG9
2025-03-GSAFAC-0000375739,ZY63XPTXNZC3,2025,2025-07-28,Q54HEGF8VMM7
2024-06-GSAFAC-0000376179,K49KP3ZCGW63,2024,2025-07-28,EY4DZFWP77C6
2024-11-GSAFAC-0000376074,F826K1ERFBG6,2024,2025-07-28,KWNLRNGUMVJ3
2024-12-GSAFAC-0000375522,RRMKQJ8BS7M4,2024,2025-07-28,HHDNHCMALXF6
2024-12-GSAFAC-0000374787,NDHBBJ4B1LN5,2024,2025-07-28,P5L3RMDLELN1
2024-12-GSAFAC-0000374787,NDHBBJ4B1LN5,2024,2025-07-28,XT2RYMAAZCY4
2024-12-GSAFAC-0000374787,NDHBBJ4B1LN5,2024,2025-07-28,FVGJNZXDWVV3
2024-12-GSAFAC-0000374787,NDHBBJ4B1LN5,2024,2025-07-28,K8F7VYLKGN64
2024-12-GSAFAC-0000374787,NDHBBJ4B1LN5,2024,2025-07-28,SF6NEGGTK8U7
2024-12-GSAFAC-0000374787,NDHBBJ4B1LN5,2024,2025-07-28,KQ1JP8NRPGD6
2024-12-GSAFAC-0000374787,NDHBBJ4B1LN5,2024,2025-07-28,LMPLBULLMS41
2024-12-GSAFAC-0000374787,NDHBBJ4B1LN5,2024,2025-07-28,FMFXFBMYHL37
2024-12-GSAFAC-0000374787,NDHBBJ4B1LN5,2024,2025-07-28,H51WMHGAE8E8
2024-12-GSAFAC-0000374787,NDHBBJ4B1LN5,2024,2025-07-28,H736N9RXTBC3
2024-12-GSAFAC-0000374787,NDHBBJ4B1LN5,2024,2025-07-28,P138LY34M6L6
2024-12-GSAFAC-0000374787,NDHBBJ4B1LN5,2024,2025-07-28,G1C1FJAM8CN1
2024-12-GSAFAC-0000374787,NDHBBJ4B1LN5,2024,2025-07-28,MGP9V14KFTR6
2024-12-GSAFAC-0000374787,NDHBBJ4B1LN5,2024,2025-07-28,V99FJ8MSDB43
2024-12-GSAFAC-0000374787,NDHBBJ4B1LN5,2024,2025-07-28,NFECXMGA3MJ4
2024-12-GSAFAC-0000374787,NDHBBJ4B1LN5,2024,2025-07-28,DZ6KY7B2CLG4
2025-03-GSAFAC-0000374313,E17KLBD9ZJ98,2025,2025-07-28,K676MA13RUE9
2025-03-GSAFAC-0000374313,E17KLBD9ZJ98,2025,2025-07-28,F5GAETBPDMJ4
2024-12-GSAFAC-0000368506,XMRGXFULAC86,2024,2025-07-28,C41QJMTUQ188
2024-12-GSAFAC-0000370964,SGT3JWQAYN48,2024,2025-07-30,H3VBLW7JN4R1
2023-09-GSAFAC-0000375133,SK8BQZM1Z5P5,2023,2025-07-30,W4AVVUT7MBW9
2023-09-GSAFAC-0000375133,SK8BQZM1Z5P5,2023,2025-07-30,M9V6CUFFNJ43
2023-06-GSAFAC-0000376786,Z4M6BCUFEHJ8,2023,2025-07-30,HEZVZXEM65K8
2024-11-GSAFAC-0000372797,XSTUB1M5SEA4,2024,2025-07-30,MLDHXBE1NGG3
2024-06-GSAFAC-0000372807,C3BGD6YGGUH8,2024,2025-07-30,FMZ4TWESBKM7
2024-06-GSAFAC-0000372807,C3BGD6YGGUH8,2024,2025-07-30,HEJEUUWNFB53
2024-06-GSAFAC-0000372807,C3BGD6YGGUH8,2024,2025-07-30,VKJLBANNWXG4
2024-06-GSAFAC-0000372807,C3BGD6YGGUH8,2024,2025-07-30,QUBAT15VG5P5
2024-06-GSAFAC-0000372807,C3BGD6YGGUH8,2024,2025-07-30,H6TNLLSSYNA5
2024-06-GSAFAC-0000375035,LDRWDCHH9N15,2024,2025-07-31,F2NZX8EXE539
2024-06-GSAFAC-0000375035,LDRWDCHH9N15,2024,2025-07-31,GCKQRE4D47Q3
2024-06-GSAFAC-0000375035,LDRWDCHH9N15,2024,2025-07-31,ZF2TMY5GNHF4
2024-12-GSAFAC-0000375230,H9K2TG3J5MK9,2024,2025-08-01,YHYDPADGFDT4
2024-09-GSAFAC-0000376533,XSTGNLF9ZDJ5,2024,2025-08-01,HRDVGHE2TZM7
2024-09-GSAFAC-0000376533,XSTGNLF9ZDJ5,2024,2025-08-01,F15MNH4MDAG4
2024-09-GSAFAC-0000376533,XSTGNLF9ZDJ5,2024,2025-08-01,GUT1ADLJUNA5
2024-09-GSAFAC-0000376533,XSTGNLF9ZDJ5,2024,2025-08-01,U9WRHX25GD23
2024-09-GSAFAC-0000376533,XSTGNLF9ZDJ5,2024,2025-08-01,EXMJSALA2BA3
2024-09-GSAFAC-0000376533,XSTGNLF9ZDJ5,2024,2025-08-01,J4NXMVB9K568
2024-09-GSAFAC-0000376740,VZJVB8RFBJR8,2024,2025-08-01,L94TMQJEE661
2024-09-GSAFAC-0000376740,VZJVB8RFBJR8,2024,2025-08-01,FU3LHPLAYXL3
2024-09-GSAFAC-0000376740,VZJVB8RFBJR8,2024,2025-08-01,REGXX24DF4L1
2024-09-GSAFAC-0000376740,VZJVB8RFBJR8,2024,2025-08-01,KGMNC3J8P3T6
2024-09-GSAFAC-0000376740,VZJVB8RFBJR8,2024,2025-08-01,FBHDKRVGRXC8
2024-09-GSAFAC-0000376740,VZJVB8RFBJR8,2024,2025-08-01,JHG8N9QCG1C6
2024-06-GSAFAC-0000033453,GM1XX56LEP58,2024,2025-03-25,H7LMD1ANJNN4
2024-06-GSAFAC-0000033453,GM1XX56LEP58,2024,2025-03-25,Z75RRBRSNRW4
2024-06-GSAFAC-0000033453,GM1XX56LEP58,2024,2025-03-25,N7U5NURNG4T5
2024-06-GSAFAC-0000033453,GM1XX56LEP58,2024,2025-03-25,R7V7Y6N543J6
2024-06-GSAFAC-0000033453,GM1XX56LEP58,2024,2025-03-25,DDRRTAMVJWF7
2024-12-GSAFAC-0000376651,HUJDAHX73T43,2024,2025-08-04,D8C1S5M7UKJ1
2024-12-GSAFAC-0000375136,U77JPFJ2MSD3,2024,2025-08-04,GM8DFHN3S885
2024-12-GSAFAC-0000375136,U77JPFJ2MSD3,2024,2025-08-04,NRDXGLV7SGY8
2024-12-GSAFAC-0000375136,U77JPFJ2MSD3,2024,2025-08-04,JEABYHBLNWV6
2024-12-GSAFAC-0000375136,U77JPFJ2MSD3,2024,2025-08-04,LXCLLN2J9DV5
2024-12-GSAFAC-0000375136,U77JPFJ2MSD3,2024,2025-08-04,SRQDFKS9Y3A2
2024-12-GSAFAC-0000375136,U77JPFJ2MSD3,2024,2025-08-04,VV8CYWCJ81E5
2024-12-GSAFAC-0000375136,U77JPFJ2MSD3,2024,2025-08-04,QZK8CF96JBC3
2024-12-GSAFAC-0000375136,U77JPFJ2MSD3,2024,2025-08-04,L2WAFS34B7N4
2024-12-GSAFAC-0000375136,U77JPFJ2MSD3,2024,2025-08-04,VBKGGLB7ZEN9
2024-12-GSAFAC-0000375136,U77JPFJ2MSD3,2024,2025-08-04,UE16BNBJVKK8
2024-12-GSAFAC-0000375136,U77JPFJ2MSD3,2024,2025-08-04,GRDLY2BE46P3
2024-12-GSAFAC-0000376717,N61KJ5JNCEX7,2024,2025-08-04,E7RRCL3K7N93
2024-12-GSAFAC-0000376717,N61KJ5JNCEX7,2024,2025-08-04,WKJ8M52KPL87
2024-12-GSAFAC-0000376717,N61KJ5JNCEX7,2024,2025-08-04,Q8M9DAU116V4
2025-03-GSAFAC-0000376368,TLBQYD52Z9S3,2025,2025-08-04,S9VVGTVATJR9
2025-03-GSAFAC-0000376368,TLBQYD52Z9S3,2025,2025-08-04,GSZKK4SFYAM8
2025-03-GSAFAC-0000376368,TLBQYD52Z9S3,2025,2025-08-04,RJQTVCMYRDK4
2025-03-GSAFAC-0000376368,TLBQYD52Z9S3,2025,2025-08-04,WGLUZMWPKT33
2025-03-GSAFAC-0000376368,TLBQYD52Z9S3,2025,2025-08-04,JLK5TLAT3DZ3
2024-12-GSAFAC-0000376331,M2Z2N43THJA5,2024,2025-08-05,TXDFL4V93BF9
2024-12-GSAFAC-0000377071,JW7SF5J2GC36,2024,2025-08-05,KUEMNZB1N3R8
2024-06-GSAFAC-0000377155,DALGH7JMNN76,2024,2025-08-05,TKJGGU7ZHZ17
2024-12-GSAFAC-0000372078,FM1HRXZU4986,2024,2025-08-05,WNJMF6MN8BV5
2024-12-GSAFAC-0000353891,Y2K4F9RPRRG7,2024,2025-08-06,ULMJJBL7ZXX3
2024-12-GSAFAC-0000353891,Y2K4F9RPRRG7,2024,2025-08-06,GKPBCFV1QMM3
2024-12-GSAFAC-0000353891,Y2K4F9RPRRG7,2024,2025-08-06,ZJMFQN8YGNX1
2024-12-GSAFAC-0000353891,Y2K4F9RPRRG7,2024,2025-08-06,E7KFMNCQXNR1
2024-12-GSAFAC-0000353891,Y2K4F9RPRRG7,2024,2025-08-06,K9MCNAJNLDA3
2024-12-GSAFAC-0000375541,T3NHKKJW27K8,2024,2025-08-06,GKUHNLX9MJJ3
2024-12-GSAFAC-0000376783,LUJ1ML35NQ68,2024,2025-08-06,CUC1BYDN3BJ6
2024-12-GSAFAC-0000376783,LUJ1ML35NQ68,2024,2025-08-06,MYKAK1LR2J81
2024-12-GSAFAC-0000376783,LUJ1ML35NQ68,2024,2025-08-06,SPNKL6Y4B3H4
2024-12-GSAFAC-0000376783,LUJ1ML35NQ68,2024,2025-08-06,Q75SAL2J9UN5
2024-12-GSAFAC-0000375671,GS65SJJEUG63,2024,2025-08-06,HRTJWEKN3WH1
2024-12-GSAFAC-0000375671,GS65SJJEUG63,2024,2025-08-06,JU1ZX2CEDJ21
2024-12-GSAFAC-0000375671,GS65SJJEUG63,2024,2025-08-06,Y2KVQEAVB2X9
2024-12-GSAFAC-0000376056,PQLDK3TL8FN7,2024,2025-08-06,SRMAK7A3CZE9
2024-12-GSAFAC-0000369208,HRW3LUDLLCH5,2024,2025-08-06,ELVQARY4EJZ4
2024-12-GSAFAC-0000369208,HRW3LUDLLCH5,2024,2025-08-06,HMDDJJUBKMJ9
2024-12-GSAFAC-0000369208,HRW3LUDLLCH5,2024,2025-08-06,NWV8N28MQND5
2024-06-GSAFAC-0000377141,Y9ZDH9L472P3,2024,2025-08-07,NFHCXENRUXP1
2025-03-GSAFAC-0000375547,WZUEPDZ71KH1,2025,2025-08-07,J2Z4L77MTJN7
2024-12-GSAFAC-0000376099,SB35ENJFKK14,2024,2025-08-07,CJ4AB5GUDBP9
2024-12-GSAFAC-0000376099,SB35ENJFKK14,2024,2025-08-07,FJDUCNJCLFA1
2024-12-GSAFAC-0000376099,SB35ENJFKK14,2024,2025-08-07,PERLV9U5TCE5
2024-12-GSAFAC-0000376099,SB35ENJFKK14,2024,2025-08-07,Y2BLGM6J74T8
2024-12-GSAFAC-0000376099,SB35ENJFKK14,2024,2025-08-07,QHRQYHBZ5KH9
2024-12-GSAFAC-0000376099,SB35ENJFKK14,2024,2025-08-07,UZWJFCTMNY13
2024-12-GSAFAC-0000376099,SB35ENJFKK14,2024,2025-08-07,K37SEKT2RCK4
2024-12-GSAFAC-0000376099,SB35ENJFKK14,2024,2025-08-07,R832EKWGA6G3
2024-12-GSAFAC-0000376099,SB35ENJFKK14,2024,2025-08-07,K33WA9FPBM73
2024-12-GSAFAC-0000376099,SB35ENJFKK14,2024,2025-08-07,CHV1FXNGF8S5
2024-12-GSAFAC-0000376099,SB35ENJFKK14,2024,2025-08-07,QPU3G2DYZ254
2024-12-GSAFAC-0000376099,SB35ENJFKK14,2024,2025-08-07,Q6R5BP4F3CM7
2024-12-GSAFAC-0000376099,SB35ENJFKK14,2024,2025-08-07,RDMVJLN4H3K5
2024-12-GSAFAC-0000376099,SB35ENJFKK14,2024,2025-08-07,XUW7ESJZNG65
2024-12-GSAFAC-0000376099,SB35ENJFKK14,2024,2025-08-07,K2NVG5K4MT15
2024-12-GSAFAC-0000376099,SB35ENJFKK14,2024,2025-08-07,CBRJLSTTV7M5
2024-12-GSAFAC-0000376099,SB35ENJFKK14,2024,2025-08-07,R7DNQ4MLYH29
2024-12-GSAFAC-0000376099,SB35ENJFKK14,2024,2025-08-07,CLGPUNFP5LB9
2024-12-GSAFAC-0000376099,SB35ENJFKK14,2024,2025-08-07,R72GRLTUHRV3
2024-12-GSAFAC-0000376099,SB35ENJFKK14,2024,2025-08-07,R6ZTJMW3E7F5
2024-12-GSAFAC-0000376099,SB35ENJFKK14,2024,2025-08-07,JL4TNYU64BT6
2024-12-GSAFAC-0000376099,SB35ENJFKK14,2024,2025-08-07,CJJYW6EUBJ23
2024-12-GSAFAC-0000376099,SB35ENJFKK14,2024,2025-08-07,CLUKMBQ2J668
2024-12-GSAFAC-0000376099,SB35ENJFKK14,2024,2025-08-07,Z2C1QR79K773
2024-12-GSAFAC-0000376099,SB35ENJFKK14,2024,2025-08-07,H6BMUBG96E78
2024-12-GSAFAC-0000369755,J1T9VTF9PK89,2024,2025-08-08,QZ53LKPWJMD3
2024-12-GSAFAC-0000369755,J1T9VTF9PK89,2024,2025-08-08,CU9SYYYRBPD4
2024-12-GSAFAC-0000369755,J1T9VTF9PK89,2024,2025-08-08,MFY5M65HQ2D5
2024-06-GSAFAC-0000377366,HZT4CNTZFJK9,2024,2025-08-11,RDTVBS7Q7T98
2024-06-GSAFAC-0000377366,HZT4CNTZFJK9,2024,2025-08-11,Z2FGWGHRXCY5
2024-06-GSAFAC-0000377366,HZT4CNTZFJK9,2024,2025-08-11,NDW8N6G6ZAF7
2024-12-GSAFAC-0000373482,P1RTMASB37B5,2024,2025-07-09,DHBGXFRHVRF9
2024-12-GSAFAC-0000373482,P1RTMASB37B5,2024,2025-07-09,FBPNWSGW38F3
2024-12-GSAFAC-0000373482,P1RTMASB37B5,2024,2025-07-09,D4BUQG7AL7M8
2024-12-GSAFAC-0000373482,P1RTMASB37B5,2024,2025-07-09,CFFMYPABYAG3
2024-12-GSAFAC-0000373482,P1RTMASB37B5,2024,2025-07-09,CXFPKGA7TQZ3
2024-12-GSAFAC-0000373482,P1RTMASB37B5,2024,2025-07-09,YS5JNEGB9ZY8
2024-12-GSAFAC-0000377893,LHACK1UL6NR3,2024,2025-08-14,YBB2YTQ266X5
2024-12-GSAFAC-0000377893,LHACK1UL6NR3,2024,2025-08-14,VJCDQFM7W7B4
2024-09-GSAFAC-0000374480,KDYABRXCN245,2024,2025-08-14,NKM9A9JEM8M5
2024-12-GSAFAC-0000377670,M81GUB3KLGY7,2024,2025-08-15,SP75NV4C65D4
2024-12-GSAFAC-0000376163,TCJNFRS9J765,2024,2025-08-15,HKP9QR1N9389
2024-12-GSAFAC-0000376163,TCJNFRS9J765,2024,2025-08-15,JAK1R46G4FP6
2024-12-GSAFAC-0000376163,TCJNFRS9J765,2024,2025-08-15,TUPRBN99P223
2024-12-GSAFAC-0000376163,TCJNFRS9J765,2024,2025-08-15,HNRZM149HFQ8
2024-12-GSAFAC-0000376163,TCJNFRS9J765,2024,2025-08-15,NR7VSQB3TGG5
2024-12-GSAFAC-0000376163,TCJNFRS9J765,2024,2025-08-15,YEBAR2WU67C8
2024-12-GSAFAC-0000376163,TCJNFRS9J765,2024,2025-08-15,K7J8BJRLF1C3
2024-12-GSAFAC-0000376163,TCJNFRS9J765,2024,2025-08-15,EKJRABNNKG24
2024-12-GSAFAC-0000376163,TCJNFRS9J765,2024,2025-08-15,L3H2D33WWEF5
2024-12-GSAFAC-0000376163,TCJNFRS9J765,2024,2025-08-15,Q7KGTU3DRE57
2024-12-GSAFAC-0000376163,TCJNFRS9J765,2024,2025-08-15,JT3TTKJ22BN7
2024-12-GSAFAC-0000376163,TCJNFRS9J765,2024,2025-08-15,KS39CESGNDG1
2024-12-GSAFAC-0000375546,H8Z9SLKY5NM5,2024,2025-08-15,NK7PZH2PK934
2024-12-GSAFAC-0000375517,RJ26PYR8H374,2024,2025-08-18,D2D5CJ4YQNB5
2024-06-GSAFAC-0000372778,DN3MR2UV3DM7,2024,2025-08-18,GL4NK47Q3MJ5
2024-06-GSAFAC-0000372778,DN3MR2UV3DM7,2024,2025-08-18,HG8YADUT6LG4
2024-12-GSAFAC-0000376133,LF71FLU9C5P7,2024,2025-08-19,UAWQVSN6FED3
2024-12-GSAFAC-0000376133,LF71FLU9C5P7,2024,2025-08-19,N1ZHH6Q7UTG6
2024-12-GSAFAC-0000369750,LV6WP4FF3VH5,2024,2025-08-19,G1WKQGG3HTK5
2024-12-GSAFAC-0000377710,WT9MJ8VP92H7,2024,2025-08-20,ES4UP1YBR4A5
2024-06-GSAFAC-0000377924,CJFYYJTK9TE5,2024,2025-08-20,CSM7GMCDM795
2024-12-GSAFAC-0000375459,GDB1EPFH8JR9,2024,2025-08-20,HWBNNGAR6QH6
2024-12-GSAFAC-0000377138,HB7NVH9YCEH1,2024,2025-08-21,LGNURGE9NKH5
2024-12-GSAFAC-0000368458,S33YPA7BN9L3,2024,2025-08-21,Q3GUHNJK24N3
2024-12-GSAFAC-0000368458,S33YPA7BN9L3,2024,2025-08-21,H65GNDPBTRY7
2024-12-GSAFAC-0000368458,S33YPA7BN9L3,2024,2025-08-21,SBW5GT8EW7J8
2024-12-GSAFAC-0000368458,S33YPA7BN9L3,2024,2025-08-21,NRUFDCYN8H97
2024-12-GSAFAC-0000368458,S33YPA7BN9L3,2024,2025-08-21,CUN9KTKEZVV6
2024-12-GSAFAC-0000368458,S33YPA7BN9L3,2024,2025-08-21,TDD9RB8FNG39
2024-12-GSAFAC-0000368458,S33YPA7BN9L3,2024,2025-08-21,SV4VDKN2V446
2024-12-GSAFAC-0000368458,S33YPA7BN9L3,2024,2025-08-21,H5A9HFMTLJM1
2024-12-GSAFAC-0000368458,S33YPA7BN9L3,2024,2025-08-21,KL53LN446L75
2024-12-GSAFAC-0000368458,S33YPA7BN9L3,2024,2025-08-21,KA2JB3YLTTB4
2024-12-GSAFAC-0000368458,S33YPA7BN9L3,2024,2025-08-21,KMXKRMVJYT22
2024-12-GSAFAC-0000368458,S33YPA7BN9L3,2024,2025-08-21,KBBKKRV6VPR7
2024-12-GSAFAC-0000378042,EAETF6JHF598,2024,2025-08-21,F4V2XK9HFNZ6
2024-11-GSAFAC-0000378483,Y8GKXML5GH63,2024,2025-08-22,M8BLSNM9CJS5
2024-12-GSAFAC-0000375759,KD4NWRYQYU68,2024,2025-08-22,VKBPMBJVVJK5
2024-12-GSAFAC-0000375759,KD4NWRYQYU68,2024,2025-08-22,EWYQE5KML9A9
2024-12-GSAFAC-0000375759,KD4NWRYQYU68,2024,2025-08-22,RP1GCN1N36WS
2024-12-GSAFAC-0000375759,KD4NWRYQYU68,2024,2025-08-22,EETJXFZA5KJ5
2024-12-GSAFAC-0000375759,KD4NWRYQYU68,2024,2025-08-22,K851W36PDT68
2024-12-GSAFAC-0000375759,KD4NWRYQYU68,2024,2025-08-22,SMTSF61545K3
2024-12-GSAFAC-0000375759,KD4NWRYQYU68,2024,2025-08-22,YPLWPGYPWY49
2024-12-GSAFAC-0000375759,KD4NWRYQYU68,2024,2025-08-22,K3CCVZCMKEN5
2024-12-GSAFAC-0000375759,KD4NWRYQYU68,2024,2025-08-22,VQCKLMTL57R5
2024-12-GSAFAC-0000375759,KD4NWRYQYU68,2024,2025-08-22,FWW5X6B7MET2
2024-12-GSAFAC-0000375769,SN26MRT2DNJ5,2024,2025-08-22,FMM6LFJGNED7
2024-12-GSAFAC-0000378332,DASAFLTJUTD6,2024,2025-08-26,K3YFW6S3YQ67
2024-12-GSAFAC-0000378332,DASAFLTJUTD6,2024,2025-08-26,F6W3NFL9JLW3
2024-12-GSAFAC-0000378332,DASAFLTJUTD6,2024,2025-08-26,N7AGRP32EUH6
2024-12-GSAFAC-0000378332,DASAFLTJUTD6,2024,2025-08-26,DMNGMA953M83
2024-12-GSAFAC-0000378332,DASAFLTJUTD6,2024,2025-08-26,C2A4CN6PJJL3
2024-12-GSAFAC-0000378332,DASAFLTJUTD6,2024,2025-08-26,KHADCLRNAGX1
2024-12-GSAFAC-0000378332,DASAFLTJUTD6,2024,2025-08-26,MUVZS6QEVJY6
2024-12-GSAFAC-0000378332,DASAFLTJUTD6,2024,2025-08-26,UW7DLMT31XT3
2024-12-GSAFAC-0000378332,DASAFLTJUTD6,2024,2025-08-26,UKYFV7JLSZG5
2024-12-GSAFAC-0000378332,DASAFLTJUTD6,2024,2025-08-26,UUFGLUC7GXT5
2024-12-GSAFAC-0000378332,DASAFLTJUTD6,2024,2025-08-26,CVAPEHYMEGT3
2024-12-GSAFAC-0000378332,DASAFLTJUTD6,2024,2025-08-26,UZJBE2DKBMQ6
2024-12-GSAFAC-0000378332,DASAFLTJUTD6,2024,2025-08-26,TZVTF731WLW7
2024-12-GSAFAC-0000378332,DASAFLTJUTD6,2024,2025-08-26,LSQYGNZJLHP4
2024-12-GSAFAC-0000378332,DASAFLTJUTD6,2024,2025-08-26,J37KDMT2AGL7
2024-12-GSAFAC-0000378332,DASAFLTJUTD6,2024,2025-08-26,SNW5RLVR6693
2021-09-GSAFAC-0000378851,T4ZRFC3WZ5M9,2021,2025-08-26,D9DGBY9P8Y78
2024-06-GSAFAC-0000348918,S9RMWPMZFKN1,2024,2025-08-26,MKFXZU27DCJ1
2024-06-GSAFAC-0000348918,S9RMWPMZFKN1,2024,2025-08-26,ZPM3DENELUU4
2024-06-GSAFAC-0000348918,S9RMWPMZFKN1,2024,2025-08-26,PNMNNELBJ4Z1
2024-06-GSAFAC-0000348918,S9RMWPMZFKN1,2024,2025-08-26,RWLLQM7CUK88
2024-06-GSAFAC-0000348918,S9RMWPMZFKN1,2024,2025-08-26,H77RTJP52MB1
2024-12-GSAFAC-0000373663,L5WDFWSBTZS3,2024,2025-08-26,R2JEJD8B8HC3
2024-12-GSAFAC-0000378772,R4VKTKNYMSN9,2024,2025-08-26,NDAWL3JMFAN5
2024-12-GSAFAC-0000378772,R4VKTKNYMSN9,2024,2025-08-26,CE9CGTX2BQK1
2024-12-GSAFAC-0000371566,D4CLNGUXJ9G3,2024,2025-08-27,FHN1HCJ7CQY5
2024-12-GSAFAC-0000371566,D4CLNGUXJ9G3,2024,2025-08-27,GZ6LSX2QKTN6
2023-12-GSAFAC-0000064536,U7YFG97KNMG6,2023,2025-08-27,WCXPKVKPF3G7
2024-12-GSAFAC-0000377621,N5FHC3ENDEZ8,2024,2025-08-27,NGAKQLNSHC85
2024-12-GSAFAC-0000377621,N5FHC3ENDEZ8,2024,2025-08-27,JVUPLMYXNXL8
2024-12-GSAFAC-0000377989,LDABZVFUKNS3,2024,2025-08-27,KJWYBQN9STL7
2024-12-GSAFAC-0000377989,LDABZVFUKNS3,2024,2025-08-27,REB7E2N83GE5
2024-12-GSAFAC-0000377989,LDABZVFUKNS3,2024,2025-08-27,DLQ6GZYSZLE4
2024-12-GSAFAC-0000377989,LDABZVFUKNS3,2024,2025-08-27,E2JAMNH2VBX4
2024-12-GSAFAC-0000377989,LDABZVFUKNS3,2024,2025-08-27,F7YLWK9FJ7T3
2024-06-GSAFAC-0000373139,FXXMR1N4G8Y9,2024,2025-08-27,F3YYN1AKDLY3
2024-12-GSAFAC-0000365498,N1LBQ9ABLZ18,2024,2025-08-27,R3DLR1DKKYD3
2024-12-GSAFAC-0000379226,LGAQXBPNC5D9,2024,2025-08-28,Z18RSDC2JHT7
2024-12-GSAFAC-0000378389,WJ76MJKE8K93,2024,2025-08-28,XL1KN51ESDM5
2024-12-GSAFAC-0000377325,XJUCJAYJWYV1,2024,2025-08-28,LNMBMFMATCL1
2024-12-GSAFAC-0000378360,N3D6CDJS13W3,2024,2025-08-28,X1ERAH2LD6Y9
2024-12-GSAFAC-0000377645,GZ8HQK4CTZC4,2024,2025-08-28,DYMLKU62PS96
2024-12-GSAFAC-0000375359,D6P8H8489788,2024,2025-08-28,RW7QFGG7JKR5
2024-12-GSAFAC-0000375359,D6P8H8489788,2024,2025-08-28,NZVCJBU17MD5
2024-12-GSAFAC-0000375359,D6P8H8489788,2024,2025-08-28,WA3AQR4TA4M3
2024-12-GSAFAC-0000375359,D6P8H8489788,2024,2025-08-28,V6JYDJZP3559
2024-12-GSAFAC-0000375359,D6P8H8489788,2024,2025-08-28,J1KNB4JB21W5
2024-12-GSAFAC-0000375359,D6P8H8489788,2024,2025-08-28,TJMFYTL5CXJ3
2024-12-GSAFAC-0000375359,D6P8H8489788,2024,2025-08-28,C4XHKU7C4D55
2024-12-GSAFAC-0000375359,D6P8H8489788,2024,2025-08-28,UAGTTDPC2QV3
2024-12-GSAFAC-0000375359,D6P8H8489788,2024,2025-08-28,NCNAMUG7MJ49
2022-06-GSAFAC-0000344738,VKLKHSYNDZ99,2022,2025-08-28,N3JZGH5X2RF1
2024-11-GSAFAC-0000378847,X8NUNEUB6RU8,2024,2025-08-29,HKUERMQTCFN3
2024-11-GSAFAC-0000378847,X8NUNEUB6RU8,2024,2025-08-29,HQ8GMJ49CLW4
2024-11-GSAFAC-0000378847,X8NUNEUB6RU8,2024,2025-08-29,X4MDCBEKL655
2024-11-GSAFAC-0000378847,X8NUNEUB6RU8,2024,2025-08-29,HBWYTH2KD1C6
2023-12-GSAFAC-0000379240,L2RTVEQU52B8,2023,2025-08-29,GPWGSBPJFXM4
2023-12-GSAFAC-0000379240,L2RTVEQU52B8,2023,2025-08-29,E61AWKTHKMH5
2023-12-GSAFAC-0000379240,L2RTVEQU52B8,2023,2025-08-29,FNYVMKNSB2K6
2023-12-GSAFAC-0000379240,L2RTVEQU52B8,2023,2025-08-29,M9LEXLBD1AR4
2024-06-GSAFAC-0000379157,LRH2M75MALH3,2024,2025-08-29,HVV9ZAQY9JE6
2024-06-GSAFAC-0000379157,LRH2M75MALH3,2024,2025-08-29,M9EQH6XL4YH5
2024-06-GSAFAC-0000379157,LRH2M75MALH3,2024,2025-08-29,MRWGQREZJG39
2024-12-GSAFAC-0000365936,EYMJXLN2MFB4,2024,2025-09-02,QTUDGGWCLN77
2023-06-GSAFAC-0000373752,PNG4LUYEKK53,2023,2025-09-02,R9NFLWT6NG44
2024-12-GSAFAC-0000379516,C7JCKW1H7D71,2024,2025-09-03,F9VKVZGHQEM6
2024-06-GSAFAC-0000376585,PZSPA8UJZS89,2024,2025-09-03,Q25CB4GVN4A8
2024-06-GSAFAC-0000376585,PZSPA8UJZS89,2024,2025-09-03,HY8SQV519EH3
2024-09-GSAFAC-0000367128,G3BHWLLFFLD4,2024,2025-09-03,PB1CBFSZCD48
2024-09-GSAFAC-0000367128,G3BHWLLFFLD4,2024,2025-09-03,WLNMNKHKF5T1
2024-09-GSAFAC-0000367128,G3BHWLLFFLD4,2024,2025-09-03,FJE9TGY1K1P3
2024-09-GSAFAC-0000367128,G3BHWLLFFLD4,2024,2025-09-03,LQAZGM3A6CE8
2024-09-GSAFAC-0000367128,G3BHWLLFFLD4,2024,2025-09-03,GHXCY8AL7CK7
2024-09-GSAFAC-0000367128,G3BHWLLFFLD4,2024,2025-09-03,H99KU9Y8XP41
2024-09-GSAFAC-0000367128,G3BHWLLFFLD4,2024,2025-09-03,UD6JAJFN9QP3
2024-09-GSAFAC-0000367128,G3BHWLLFFLD4,2024,2025-09-03,WDVJK7FUB8A6
2024-09-GSAFAC-0000367128,G3BHWLLFFLD4,2024,2025-09-03,VF4PU4LC85T3
2024-09-GSAFAC-0000367128,G3BHWLLFFLD4,2024,2025-09-03,X8N2VJAFLJF6
2024-09-GSAFAC-0000367128,G3BHWLLFFLD4,2024,2025-09-03,SKMDBRUVTDL9
2024-09-GSAFAC-0000367128,G3BHWLLFFLD4,2024,2025-09-03,MM6VETB8SHK1
2024-09-GSAFAC-0000367128,G3BHWLLFFLD4,2024,2025-09-03,HD1NKX68FWU7
2024-09-GSAFAC-0000367128,G3BHWLLFFLD4,2024,2025-09-03,L5NWJLXC4RC9
2024-09-GSAFAC-0000367128,G3BHWLLFFLD4,2024,2025-09-03,QKP7N4NDWG86
2024-09-GSAFAC-0000367128,G3BHWLLFFLD4,2024,2025-09-03,NHYNNNZ2VT33
2024-09-GSAFAC-0000367128,G3BHWLLFFLD4,2024,2025-09-03,S8W5XNJ86RM4
2024-09-GSAFAC-0000367128,G3BHWLLFFLD4,2024,2025-09-03,LN8LS25PQEX8
2024-09-GSAFAC-0000367128,G3BHWLLFFLD4,2024,2025-09-03,XMQ8WDA7U366
2024-09-GSAFAC-0000367128,G3BHWLLFFLD4,2024,2025-09-03,C1FECNCWVMJ9
2024-09-GSAFAC-0000367128,G3BHWLLFFLD4,2024,2025-09-03,VBP7EE6M4875
2024-09-GSAFAC-0000367128,G3BHWLLFFLD4,2024,2025-09-03,HPH9XK69ENE4
2024-09-GSAFAC-0000367128,G3BHWLLFFLD4,2024,2025-09-03,NDZLL2E8J1E5
2024-09-GSAFAC-0000367128,G3BHWLLFFLD4,2024,2025-09-03,KDD9A68YQWP4
2024-09-GSAFAC-0000367128,G3BHWLLFFLD4,2024,2025-09-03,GPX8PX3NMLN3
2024-09-GSAFAC-0000367128,G3BHWLLFFLD4,2024,2025-09-03,QEJLN2QTSEZ5
2024-09-GSAFAC-0000367128,G3BHWLLFFLD4,2024,2025-09-03,DMGZHMGKBZF8
2024-09-GSAFAC-0000367128,G3BHWLLFFLD4,2024,2025-09-03,FDHFBFRM5RQ3
2024-09-GSAFAC-0000367128,G3BHWLLFFLD4,2024,2025-09-03,YW1KQLMLHM16
2024-09-GSAFAC-0000367128,G3BHWLLFFLD4,2024,2025-09-03,G261B5U97TA9
2024-09-GSAFAC-0000367128,G3BHWLLFFLD4,2024,2025-09-03,PQ3LJB9LMX63
2024-09-GSAFAC-0000367128,G3BHWLLFFLD4,2024,2025-09-03,MHY7LHETN915
2024-09-GSAFAC-0000367128,G3BHWLLFFLD4,2024,2025-09-03,KP3MANMM5S65
2024-09-GSAFAC-0000367128,G3BHWLLFFLD4,2024,2025-09-03,QCZEAJ8B3NF3
2024-09-GSAFAC-0000367128,G3BHWLLFFLD4,2024,2025-09-03,HS97F2C9NME3
2024-09-GSAFAC-0000367128,G3BHWLLFFLD4,2024,2025-09-03,KZHMCTMHRA65
2024-09-GSAFAC-0000367128,G3BHWLLFFLD4,2024,2025-09-03,SAVJKGG792Z9
2024-09-GSAFAC-0000367128,G3BHWLLFFLD4,2024,2025-09-03,UA23UM8FE3D6
2024-09-GSAFAC-0000367128,G3BHWLLFFLD4,2024,2025-09-03,N5BKYZSF5TB6
2024-09-GSAFAC-0000367128,G3BHWLLFFLD4,2024,2025-09-03,FPNJN7MT9T83
2024-09-GSAFAC-0000367128,G3BHWLLFFLD4,2024,2025-09-03,MV7NBDMKEEA3
2024-09-GSAFAC-0000367128,G3BHWLLFFLD4,2024,2025-09-03,XYD9J5WTQZH3
2024-09-GSAFAC-0000367128,G3BHWLLFFLD4,2024,2025-09-03,TQ8MEK11XMK3
2024-09-GSAFAC-0000367128,G3BHWLLFFLD4,2024,2025-09-03,NJ49XNLZ2RY5
2024-09-GSAFAC-0000367128,G3BHWLLFFLD4,2024,2025-09-03,CMH5N7KEMDK3
2024-09-GSAFAC-0000367128,G3BHWLLFFLD4,2024,2025-09-03,DAVASADS56E8
2024-09-GSAFAC-0000367128,G3BHWLLFFLD4,2024,2025-09-03,DR32YT9NMWY5
2024-12-GSAFAC-0000379611,QBNXK4A795N7,2024,2025-09-04,GFASFDVYNGN3
2024-12-GSAFAC-0000379611,QBNXK4A795N7,2024,2025-09-04,G28PK23NB569
2024-12-GSAFAC-0000378112,TAXKGGTKAAU7,2024,2025-09-04,L7KDKJCE41S5
2024-12-GSAFAC-0000378112,TAXKGGTKAAU7,2024,2025-09-04,DFGLPK8JLL93
2024-12-GSAFAC-0000378112,TAXKGGTKAAU7,2024,2025-09-04,NPQ2BELGY8V7
2024-12-GSAFAC-0000378112,TAXKGGTKAAU7,2024,2025-09-04,UZZ4TTN9RU43
2024-12-GSAFAC-0000378112,TAXKGGTKAAU7,2024,2025-09-04,EV2QSMKZ1WZ8
2024-12-GSAFAC-0000378112,TAXKGGTKAAU7,2024,2025-09-04,ULMDMPH1LJS8
2024-12-GSAFAC-0000378112,TAXKGGTKAAU7,2024,2025-09-04,KWBMAEEMUK21
2024-12-GSAFAC-0000378112,TAXKGGTKAAU7,2024,2025-09-04,F4FVHKREM9Z5
2024-12-GSAFAC-0000378112,TAXKGGTKAAU7,2024,2025-09-04,FN17NM5K3M61
2024-12-GSAFAC-0000378112,TAXKGGTKAAU7,2024,2025-09-04,CHXBMGK8QNV3
2024-12-GSAFAC-0000378112,TAXKGGTKAAU7,2024,2025-09-04,EK6UMP31N777
2024-12-GSAFAC-0000378112,TAXKGGTKAAU7,2024,2025-09-04,CLH9S6GSKN87
2024-12-GSAFAC-0000378112,TAXKGGTKAAU7,2024,2025-09-04,ZZWNRV2LKDN3
2024-12-GSAFAC-0000378112,TAXKGGTKAAU7,2024,2025-09-04,YSYKB6GDW148
2024-12-GSAFAC-0000378112,TAXKGGTKAAU7,2024,2025-09-04,LZQ6QL89B7K1
2024-12-GSAFAC-0000378112,TAXKGGTKAAU7,2024,2025-09-04,SF4JMAJB6KK8
2024-12-GSAFAC-0000378112,TAXKGGTKAAU7,2024,2025-09-04,HTLXE51L5NG9
2024-12-GSAFAC-0000378112,TAXKGGTKAAU7,2024,2025-09-04,DXQUBHXYNH33
2024-12-GSAFAC-0000378112,TAXKGGTKAAU7,2024,2025-09-04,TNBYLCLMAZ61
2024-12-GSAFAC-0000378112,TAXKGGTKAAU7,2024,2025-09-04,NUFEW1BMMSV4
2024-12-GSAFAC-0000378112,TAXKGGTKAAU7,2024,2025-09-04,C3YXVRHR64N5
2024-12-GSAFAC-0000378112,TAXKGGTKAAU7,2024,2025-09-04,U83JQG7MMW15
2024-12-GSAFAC-0000378112,TAXKGGTKAAU7,2024,2025-09-04,XWHHTWELTJ99
2024-12-GSAFAC-0000379819,J3CFUVN9HSE8,2024,2025-09-04,K5XRMG96TR89
2024-12-GSAFAC-0000379819,J3CFUVN9HSE8,2024,2025-09-04,HGDNV3NWK7Y8
2024-12-GSAFAC-0000379819,J3CFUVN9HSE8,2024,2025-09-04,HVWFQZ9KXUM8
2024-12-GSAFAC-0000379819,J3CFUVN9HSE8,2024,2025-09-04,SCQFUDAHZCM6
2024-12-GSAFAC-0000379819,J3CFUVN9HSE8,2024,2025-09-04,J59QRNL6T779
2024-12-GSAFAC-0000379819,J3CFUVN9HSE8,2024,2025-09-04,HKMHFYZJNU18
2023-12-GSAFAC-0000377494,ZNJUDES1WDM2,2023,2025-09-04,C3UELNGTBQP6
2023-12-GSAFAC-0000377494,ZNJUDES1WDM2,2023,2025-09-04,C8X2TYZKE6J6
2023-12-GSAFAC-0000377494,ZNJUDES1WDM2,2023,2025-09-04,CCN6SWJTWMD5
2023-12-GSAFAC-0000377494,ZNJUDES1WDM2,2023,2025-09-04,DJ87X4NSATA6
2023-12-GSAFAC-0000377494,ZNJUDES1WDM2,2023,2025-09-04,DVLVWG6T31N6
2023-12-GSAFAC-0000377494,ZNJUDES1WDM2,2023,2025-09-04,E2NABN6J34F4
2023-12-GSAFAC-0000377494,ZNJUDES1WDM2,2023,2025-09-04,EUQNM73BF9K3
2023-12-GSAFAC-0000377494,ZNJUDES1WDM2,2023,2025-09-04,F89AZJBXL2D2
2023-12-GSAFAC-0000377494,ZNJUDES1WDM2,2023,2025-09-04,G4FXL9E374R6
2023-12-GSAFAC-0000377494,ZNJUDES1WDM2,2023,2025-09-04,GEFMGNN1J4C7
2023-12-GSAFAC-0000377494,ZNJUDES1WDM2,2023,2025-09-04,GM59LCKRVS34
2023-12-GSAFAC-0000377494,ZNJUDES1WDM2,2023,2025-09-04,HKL5DP2YNFG5
2023-12-GSAFAC-0000377494,ZNJUDES1WDM2,2023,2025-09-04,HZ5WYCBD1PZ9
2023-12-GSAFAC-0000377494,ZNJUDES1WDM2,2023,2025-09-04,J6MCL874XQ48
2023-12-GSAFAC-0000377494,ZNJUDES1WDM2,2023,2025-09-04,JFQ9LU5WVFE3
2023-12-GSAFAC-0000377494,ZNJUDES1WDM2,2023,2025-09-04,JYNZL1F52Y19
2023-12-GSAFAC-0000377494,ZNJUDES1WDM2,2023,2025-09-04,K8P2BHNUVDY8
2023-12-GSAFAC-0000377494,ZNJUDES1WDM2,2023,2025-09-04,KJGNAE2FNNH5
2023-12-GSAFAC-0000377494,ZNJUDES1WDM2,2023,2025-09-04,KV2RSG9LCM65
2023-12-GSAFAC-0000377494,ZNJUDES1WDM2,2023,2025-09-04,L8V4NPECZWN6
2023-12-GSAFAC-0000377494,ZNJUDES1WDM2,2023,2025-09-04,LTDVPRK73CK1
2023-12-GSAFAC-0000377494,ZNJUDES1WDM2,2023,2025-09-04,M59HN81QH7Q1
2023-12-GSAFAC-0000377494,ZNJUDES1WDM2,2023,2025-09-04,MDWKK9611NV9
2023-12-GSAFAC-0000377494,ZNJUDES1WDM2,2023,2025-09-04,MFMNK2MH7P35
2023-12-GSAFAC-0000377494,ZNJUDES1WDM2,2023,2025-09-04,NLFUGJ3XKNS9
2023-12-GSAFAC-0000377494,ZNJUDES1WDM2,2023,2025-09-04,T76EG6419UY3
2023-12-GSAFAC-0000377494,ZNJUDES1WDM2,2023,2025-09-04,TQ99BQE5VF53
2023-12-GSAFAC-0000377494,ZNJUDES1WDM2,2023,2025-09-04,UN5JG6NTLH97
2023-12-GSAFAC-0000377494,ZNJUDES1WDM2,2023,2025-09-04,WMCXQ5862LL7
2023-12-GSAFAC-0000377494,ZNJUDES1WDM2,2023,2025-09-04,XAY5DDNTXWN1
2023-12-GSAFAC-0000377494,ZNJUDES1WDM2,2023,2025-09-04,XBW6V38BFNU9
2023-12-GSAFAC-0000377494,ZNJUDES1WDM2,2023,2025-09-04,Y9PHSEFM9XW6
2024-12-GSAFAC-0000374316,PUX4LJEKPMM4,2024,2025-09-04,HJJQDKPJ1WQ2
2024-12-GSAFAC-0000378211,J5TRL7GBE353,2024,2025-09-04,J1KPH4Z9PUR6
2024-12-GSAFAC-0000378211,J5TRL7GBE353,2024,2025-09-04,LVWYD9SJWRC3
2024-12-GSAFAC-0000376511,ZNJUDES1WDM2,2024,2025-09-05,C3UELNGTBQP6
2024-12-GSAFAC-0000376511,ZNJUDES1WDM2,2024,2025-09-05,C8X2TYZKE6J6
2024-12-GSAFAC-0000376511,ZNJUDES1WDM2,2024,2025-09-05,CCN6SWJTWMD5
2024-12-GSAFAC-0000376511,ZNJUDES1WDM2,2024,2025-09-05,DJ87X4NSATA6
2024-12-GSAFAC-0000376511,ZNJUDES1WDM2,2024,2025-09-05,DVLVWG6T31N6
2024-12-GSAFAC-0000376511,ZNJUDES1WDM2,2024,2025-09-05,E2NABN6J34F4
2024-12-GSAFAC-0000376511,ZNJUDES1WDM2,2024,2025-09-05,EUQNM73BF9K3
2024-12-GSAFAC-0000376511,ZNJUDES1WDM2,2024,2025-09-05,F89AZJBXL2D2
2024-12-GSAFAC-0000376511,ZNJUDES1WDM2,2024,2025-09-05,G4FXL9E374R6
2024-12-GSAFAC-0000376511,ZNJUDES1WDM2,2024,2025-09-05,GEFMGNN1J4C7
2024-12-GSAFAC-0000376511,ZNJUDES1WDM2,2024,2025-09-05,GM59LCKRVS34
2024-12-GSAFAC-0000376511,ZNJUDES1WDM2,2024,2025-09-05,HKL5DP2YNFG5
2024-12-GSAFAC-0000376511,ZNJUDES1WDM2,2024,2025-09-05,HZ5WYCBD1PZ9
2024-12-GSAFAC-0000376511,ZNJUDES1WDM2,2024,2025-09-05,J6MCL874XQ48
2024-12-GSAFAC-0000376511,ZNJUDES1WDM2,2024,2025-09-05,JFQ9LU5WVFE3
2024-12-GSAFAC-0000376511,ZNJUDES1WDM2,2024,2025-09-05,JYNZL1F52Y19
2024-12-GSAFAC-0000376511,ZNJUDES1WDM2,2024,2025-09-05,K8P2BHNUVDY8
2024-12-GSAFAC-0000376511,ZNJUDES1WDM2,2024,2025-09-05,KAD7VCMEWNE3
2024-12-GSAFAC-0000376511,ZNJUDES1WDM2,2024,2025-09-05,KJGNAE2FNNH5
2024-12-GSAFAC-0000376511,ZNJUDES1WDM2,2024,2025-09-05,KV2RSG9LCM65
2024-12-GSAFAC-0000376511,ZNJUDES1WDM2,2024,2025-09-05,L8V4NPECZWN6
2024-12-GSAFAC-0000376511,ZNJUDES1WDM2,2024,2025-09-05,LTDVPRK73CK1
2024-12-GSAFAC-0000376511,ZNJUDES1WDM2,2024,2025-09-05,M59HN81QH7Q1
2024-12-GSAFAC-0000376511,ZNJUDES1WDM2,2024,2025-09-05,M7MJGLTE8WK5
2024-12-GSAFAC-0000376511,ZNJUDES1WDM2,2024,2025-09-05,MDWKK9611NV9
2024-12-GSAFAC-0000376511,ZNJUDES1WDM2,2024,2025-09-05,MFMNK2MH7P35
2024-12-GSAFAC-0000376511,ZNJUDES1WDM2,2024,2025-09-05,NLFUGJ3XKNS9
2024-12-GSAFAC-0000376511,ZNJUDES1WDM2,2024,2025-09-05,T76EG6419UY3
2024-12-GSAFAC-0000376511,ZNJUDES1WDM2,2024,2025-09-05,TQ99BQE5VF53
2024-12-GSAFAC-0000376511,ZNJUDES1WDM2,2024,2025-09-05,UN5JG6NTLH97
2024-12-GSAFAC-0000376511,ZNJUDES1WDM2,2024,2025-09-05,WMCXQ5862LL7
2024-12-GSAFAC-0000376511,ZNJUDES1WDM2,2024,2025-09-05,XAY5DDNTXWN1
2024-12-GSAFAC-0000376511,ZNJUDES1WDM2,2024,2025-09-05,XBW6V38BFNU9
2024-12-GSAFAC-0000376511,ZNJUDES1WDM2,2024,2025-09-05,Y9PHSEFM9XW6
2024-12-GSAFAC-0000376511,ZNJUDES1WDM2,2024,2025-09-05,ZJENDM4QNHJ7
2024-12-GSAFAC-0000371675,ERPUV8DVFDR3,2024,2025-09-05,QEYJE8ABPP38
2024-12-GSAFAC-0000379665,H774KH2MQZC5,2024,2025-09-05,CB2ENLB81HB9
2024-12-GSAFAC-0000379699,J4JZWDMQP351,2024,2025-09-05,GDNCKDNUXJR8
2023-12-GSAFAC-0000373413,MX9THXNRRCH5,2023,2025-09-05,MEENKNXWK6Y5
2023-12-GSAFAC-0000373413,MX9THXNRRCH5,2023,2025-09-05,XKK4SYM3TXK3
2023-12-GSAFAC-0000373413,MX9THXNRRCH5,2023,2025-09-05,E1JLD6UN7DN5
2023-12-GSAFAC-0000373413,MX9THXNRRCH5,2023,2025-09-05,KDWDDVHKN899
2023-12-GSAFAC-0000373413,MX9THXNRRCH5,2023,2025-09-05,PUV5XCCKZCX1
2024-06-GSAFAC-0000376318,LF1ZRDH9QNB6,2024,2025-09-06,MPQBQKUGDW33
2024-12-GSAFAC-0000379780,LMP9EWHKMTS3,2024,2025-09-08,SJEXRWRGHYM5
2022-12-GSAFAC-0000380160,P53TJA6FTJE9,2022,2025-09-09,Z9F5ASC2DJ85
2022-12-GSAFAC-0000380160,P53TJA6FTJE9,2022,2025-09-09,DT6DLLJ7DAV8
2024-12-GSAFAC-0000377837,MBNLSWYMX798,2024,2025-09-10,HWSRAF4A36L8
2024-12-GSAFAC-0000377837,MBNLSWYMX798,2024,2025-09-10,FNBLK29AE5X6
2024-12-GSAFAC-0000377837,MBNLSWYMX798,2024,2025-09-10,GKA6ZZBKNA86
2024-12-GSAFAC-0000377837,MBNLSWYMX798,2024,2025-09-10,JGJBJ2GGD1B3
2023-12-GSAFAC-0000377996,UF52F3QMZL33,2023,2025-09-10,ZTLUW8491TP9
2023-12-GSAFAC-0000377996,UF52F3QMZL33,2023,2025-09-10,KB8UF2TKCJK5
2023-12-GSAFAC-0000377996,UF52F3QMZL33,2023,2025-09-10,KPW1NRGBKEN8
2023-12-GSAFAC-0000377996,UF52F3QMZL33,2023,2025-09-10,EMLZKJ1B7KT5
2023-12-GSAFAC-0000377996,UF52F3QMZL33,2023,2025-09-10,TU4NVQ71BR45
2023-12-GSAFAC-0000377996,UF52F3QMZL33,2023,2025-09-10,USSLH1UF5PH8
2023-09-GSAFAC-0000380388,GC27EN7RG7K1,2023,2025-09-10,VMLLGK696EW7
2024-12-GSAFAC-0000375907,KBS4UMN5B2G6,2024,2025-09-10,LKBDEY9MTU65
2024-12-GSAFAC-0000375907,KBS4UMN5B2G6,2024,2025-09-10,EKYDSAXXMS53
2024-12-GSAFAC-0000375907,KBS4UMN5B2G6,2024,2025-09-10,MNCVNLEBHQY9
2024-12-GSAFAC-0000375907,KBS4UMN5B2G6,2024,2025-09-10,ETJZQLJKRSD7
2024-12-GSAFAC-0000375907,KBS4UMN5B2G6,2024,2025-09-10,L3WCNYMZHLQ3
2024-12-GSAFAC-0000375907,KBS4UMN5B2G6,2024,2025-09-10,UBDDB3NAFA13
2024-12-GSAFAC-0000379476,C4N1DL138V95,2024,2025-09-10,ETGMYV7CKAJ7
2024-12-GSAFAC-0000379476,C4N1DL138V95,2024,2025-09-10,JF7FD5E6TKS5
2024-12-GSAFAC-0000376845,V2BDJK5JZU56,2024,2025-09-11,N227B6L3QYW9
2024-12-GSAFAC-0000379178,VA6BN9SANQJ4,2024,2025-09-11,CKJ9SLKLHZP5
2024-12-GSAFAC-0000378173,CTKLWXNABFS5,2024,2025-09-11,ELT9VGM7Z9P5
2024-12-GSAFAC-0000378173,CTKLWXNABFS5,2024,2025-09-11,PA5KECPXDCP6
2024-12-GSAFAC-0000378173,CTKLWXNABFS5,2024,2025-09-11,N1TKPWA1VV53
2024-12-GSAFAC-0000378173,CTKLWXNABFS5,2024,2025-09-11,J6VWEBJ6NEJ5
2024-12-GSAFAC-0000378173,CTKLWXNABFS5,2024,2025-09-11,JQSHVNNS62X5
2024-12-GSAFAC-0000378173,CTKLWXNABFS5,2024,2025-09-11,P6NHNFZRC745
2024-12-GSAFAC-0000380461,QKNKE56GJTJ5,2024,2025-09-12,M3S6PN9N8CK7
2023-12-GSAFAC-0000380578,ZNJUDES1WDM2,2023,2025-09-12,C3UELNGTBQP6
2023-12-GSAFAC-0000380578,ZNJUDES1WDM2,2023,2025-09-12,C8X2TYZKE6J6
2023-12-GSAFAC-0000380578,ZNJUDES1WDM2,2023,2025-09-12,CCN6SWJTWMD5
2023-12-GSAFAC-0000380578,ZNJUDES1WDM2,2023,2025-09-12,DJ87X4NSATA6
2023-12-GSAFAC-0000380578,ZNJUDES1WDM2,2023,2025-09-12,DVLVWG6T31N6
2023-12-GSAFAC-0000380578,ZNJUDES1WDM2,2023,2025-09-12,E2NABN6J34F4
2023-12-GSAFAC-0000380578,ZNJUDES1WDM2,2023,2025-09-12,EUQNM73BF9K3
2023-12-GSAFAC-0000380578,ZNJUDES1WDM2,2023,2025-09-12,F89AZJBXL2D2
2023-12-GSAFAC-0000380578,ZNJUDES1WDM2,2023,2025-09-12,G4FXL9E374R6
2023-12-GSAFAC-0000380578,ZNJUDES1WDM2,2023,2025-09-12,GEFMGNN1J4C7
2023-12-GSAFAC-0000380578,ZNJUDES1WDM2,2023,2025-09-12,GM59LCKRVS34
2023-12-GSAFAC-0000380578,ZNJUDES1WDM2,2023,2025-09-12,HKL5DP2YNFG5
2023-12-GSAFAC-0000380578,ZNJUDES1WDM2,2023,2025-09-12,HZ5WYCBD1PZ9
2023-12-GSAFAC-0000380578,ZNJUDES1WDM2,2023,2025-09-12,J6MCL874XQ48
2023-12-GSAFAC-0000380578,ZNJUDES1WDM2,2023,2025-09-12,JFQ9LU5WVFE3
2023-12-GSAFAC-0000380578,ZNJUDES1WDM2,2023,2025-09-12,JYNZL1F52Y19
2023-12-GSAFAC-0000380578,ZNJUDES1WDM2,2023,2025-09-12,K8P2BHNUVDY8
2023-12-GSAFAC-0000380578,ZNJUDES1WDM2,2023,2025-09-12,KJGNAE2FNNH5
2023-12-GSAFAC-0000380578,ZNJUDES1WDM2,2023,2025-09-12,KV2RSG9LCM65
2023-12-GSAFAC-0000380578,ZNJUDES1WDM2,2023,2025-09-12,L8V4NPECZWN6
2023-12-GSAFAC-0000380578,ZNJUDES1WDM2,2023,2025-09-12,LTDVPRK73CK1
2023-12-GSAFAC-0000380578,ZNJUDES1WDM2,2023,2025-09-12,M59HN81QH7Q1
2023-12-GSAFAC-0000380578,ZNJUDES1WDM2,2023,2025-09-12,MDWKK9611NV9
2023-12-GSAFAC-0000380578,ZNJUDES1WDM2,2023,2025-09-12,MFMNK2MH7P35
2023-12-GSAFAC-0000380578,ZNJUDES1WDM2,2023,2025-09-12,NLFUGJ3XKNS9
2023-12-GSAFAC-0000380578,ZNJUDES1WDM2,2023,2025-09-12,T76EG6419UY3
2023-12-GSAFAC-0000380578,ZNJUDES1WDM2,2023,2025-09-12,TQ99BQE5VF53
2023-12-GSAFAC-0000380578,ZNJUDES1WDM2,2023,2025-09-12,UN5JG6NTLH97
2023-12-GSAFAC-0000380578,ZNJUDES1WDM2,2023,2025-09-12,WMCXQ5862LL7
2023-12-GSAFAC-0000380578,ZNJUDES1WDM2,2023,2025-09-12,XAY5DDNTXWN1
2023-12-GSAFAC-0000380578,ZNJUDES1WDM2,2023,2025-09-12,XBW6V38BFNU9
2023-12-GSAFAC-0000380578,ZNJUDES1WDM2,2023,2025-09-12,Y9PHSEFM9XW6
2024-12-GSAFAC-0000375217,RVYFYUC6TNK9,2024,2025-09-12,URUSCTWN12V4
2024-12-GSAFAC-0000380385,HVWJJCAW86H3,2024,2025-09-12,UN87FRY5ZD93
2024-12-GSAFAC-0000380385,HVWJJCAW86H3,2024,2025-09-12,P9FNPYSE1YW4
2024-12-GSAFAC-0000380385,HVWJJCAW86H3,2024,2025-09-12,WM1ZXY38GD65
2024-12-GSAFAC-0000380385,HVWJJCAW86H3,2024,2025-09-12,UF34NH7ER4E8
2024-12-GSAFAC-0000380385,HVWJJCAW86H3,2024,2025-09-12,V879KFV66LF5
2024-12-GSAFAC-0000380385,HVWJJCAW86H3,2024,2025-09-12,JW6PKAH9JVN3
2024-12-GSAFAC-0000380385,HVWJJCAW86H3,2024,2025-09-12,SGV8DNEL3575
2024-12-GSAFAC-0000380385,HVWJJCAW86H3,2024,2025-09-12,M68ER55EK7L7
2024-12-GSAFAC-0000380385,HVWJJCAW86H3,2024,2025-09-12,NRBLK89A54D7
2024-12-GSAFAC-0000380385,HVWJJCAW86H3,2024,2025-09-12,CWS5CLNQX359
2024-12-GSAFAC-0000380385,HVWJJCAW86H3,2024,2025-09-12,GPPLYWMFWJR4
2024-12-GSAFAC-0000380385,HVWJJCAW86H3,2024,2025-09-12,D67DUZAFYWQ3
2024-12-GSAFAC-0000380385,HVWJJCAW86H3,2024,2025-09-12,WLE8EAA6FL65
2023-06-GSAFAC-0000379613,YJ6NQLK19S78,2023,2025-09-12,E2N7LVJCNCW8
2023-06-GSAFAC-0000379613,YJ6NQLK19S78,2023,2025-09-12,GL3DP5JU6K63
2023-06-GSAFAC-0000379613,YJ6NQLK19S78,2023,2025-09-12,CS7KXL4DQMN5
2023-06-GSAFAC-0000379613,YJ6NQLK19S78,2023,2025-09-12,XWANJ9VUDRP2
2023-06-GSAFAC-0000379613,YJ6NQLK19S78,2023,2025-09-12,YJEDE68DU2B9
2023-06-GSAFAC-0000379613,YJ6NQLK19S78,2023,2025-09-12,RJT5R9FS71L5
2023-06-GSAFAC-0000379613,YJ6NQLK19S78,2023,2025-09-12,JLBCX7369H84
2023-06-GSAFAC-0000379613,YJ6NQLK19S78,2023,2025-09-12,HEMWMKKSUMD6
2023-06-GSAFAC-0000379613,YJ6NQLK19S78,2023,2025-09-12,N9NPBHRFAD15
2023-06-GSAFAC-0000379613,YJ6NQLK19S78,2023,2025-09-12,RMXENF1CN1J5
2023-06-GSAFAC-0000379613,YJ6NQLK19S78,2023,2025-09-12,YSMKCNYQ3BC7
2023-06-GSAFAC-0000379613,YJ6NQLK19S78,2023,2025-09-12,YS25ACDZ1YN3
2023-06-GSAFAC-0000379613,YJ6NQLK19S78,2023,2025-09-12,M569DP94F4B5
2023-06-GSAFAC-0000379613,YJ6NQLK19S78,2023,2025-09-12,DFRJVJNAP1B5
2023-06-GSAFAC-0000379613,YJ6NQLK19S78,2023,2025-09-12,V51BKWKYJAL5
2023-06-GSAFAC-0000379613,YJ6NQLK19S78,2023,2025-09-12,EN3NUE2UEUY3
2023-06-GSAFAC-0000379613,YJ6NQLK19S78,2023,2025-09-12,TNA9PC4BAN28
2023-06-GSAFAC-0000379613,YJ6NQLK19S78,2023,2025-09-12,F99FYNEGXSH9
2023-06-GSAFAC-0000379613,YJ6NQLK19S78,2023,2025-09-12,JEUGK3T7GDG5
2023-06-GSAFAC-0000379613,YJ6NQLK19S78,2023,2025-09-12,JG6ECKYE9FJ5
2023-06-GSAFAC-0000379613,YJ6NQLK19S78,2023,2025-09-12,C126SATLEZE9
2023-06-GSAFAC-0000379613,YJ6NQLK19S78,2023,2025-09-12,T9EHZAWDM8Y1
2023-06-GSAFAC-0000379613,YJ6NQLK19S78,2023,2025-09-12,QUHNXR3T6QJ3
2023-06-GSAFAC-0000379613,YJ6NQLK19S78,2023,2025-09-12,VHMAJPEDACJ6
2023-06-GSAFAC-0000379613,YJ6NQLK19S78,2023,2025-09-12,U1HGGN2V6HP5
2023-06-GSAFAC-0000379613,YJ6NQLK19S78,2023,2025-09-12,F66UTU4ATHJ1
2023-06-GSAFAC-0000379613,YJ6NQLK19S78,2023,2025-09-12,NNHBBZFNBJX4
2023-06-GSAFAC-0000379613,YJ6NQLK19S78,2023,2025-09-12,TUFEHHFJ2P79
2023-06-GSAFAC-0000379613,YJ6NQLK19S78,2023,2025-09-12,NNT5W7AF9BK5
2023-06-GSAFAC-0000379613,YJ6NQLK19S78,2023,2025-09-12,XFHRVZQPYFK3
2023-06-GSAFAC-0000379613,YJ6NQLK19S78,2023,2025-09-12,MAXGJADTHWV7
2023-06-GSAFAC-0000379613,YJ6NQLK19S78,2023,2025-09-12,CKM5XRLA5PF4
2023-06-GSAFAC-0000379613,YJ6NQLK19S78,2023,2025-09-12,JEYMKS58W667
2023-06-GSAFAC-0000379613,YJ6NQLK19S78,2023,2025-09-12,XVTREHCXGM77
2023-06-GSAFAC-0000379613,YJ6NQLK19S78,2023,2025-09-12,N57GNBHXC8J5
2023-06-GSAFAC-0000379613,YJ6NQLK19S78,2023,2025-09-12,WL32S1SVSWP7
2023-06-GSAFAC-0000379613,YJ6NQLK19S78,2023,2025-09-12,J2XGCY7MKSJ6
2023-06-GSAFAC-0000379613,YJ6NQLK19S78,2023,2025-09-12,MVW1JC2F65F1
2023-06-GSAFAC-0000379613,YJ6NQLK19S78,2023,2025-09-12,ML5LQ3SXK9A1
2023-06-GSAFAC-0000379613,YJ6NQLK19S78,2023,2025-09-12,EM7RW668JKY8
2023-06-GSAFAC-0000379613,YJ6NQLK19S78,2023,2025-09-12,QNDDS6KKELJ7
2023-06-GSAFAC-0000379613,YJ6NQLK19S78,2023,2025-09-12,UBTQW39MZRE1
2023-06-GSAFAC-0000379613,YJ6NQLK19S78,2023,2025-09-12,FMD8EAD8QVV6
2023-06-GSAFAC-0000379613,YJ6NQLK19S78,2023,2025-09-12,FFJADP9F4R56
2023-06-GSAFAC-0000379613,YJ6NQLK19S78,2023,2025-09-12,NJ2SS11BPM18
2023-06-GSAFAC-0000379613,YJ6NQLK19S78,2023,2025-09-12,SPMJG34BUN33
2023-06-GSAFAC-0000379613,YJ6NQLK19S78,2023,2025-09-12,WJB5QNHM6PD1
2023-06-GSAFAC-0000379613,YJ6NQLK19S78,2023,2025-09-12,ME46DN4EPT41
2023-06-GSAFAC-0000379613,YJ6NQLK19S78,2023,2025-09-12,WNL3WUE25L86
2023-06-GSAFAC-0000379613,YJ6NQLK19S78,2023,2025-09-12,JEMHZVYHB3N1
2023-06-GSAFAC-0000379613,YJ6NQLK19S78,2023,2025-09-12,WBVJEBV5KPF4
2023-06-GSAFAC-0000379613,YJ6NQLK19S78,2023,2025-09-12,XL2KJAUTFKZ5
2023-06-GSAFAC-0000379613,YJ6NQLK19S78,2023,2025-09-12,VDDKPKLNJUQ1
2023-06-GSAFAC-0000379613,YJ6NQLK19S78,2023,2025-09-12,MLRKJ51979A8
2024-12-GSAFAC-0000377719,GFB7MQFAU6F2,2024,2025-09-15,HUDPPX7KQZJ7
2024-12-GSAFAC-0000377719,GFB7MQFAU6F2,2024,2025-09-15,YTZZYM6KSKH6
2024-12-GSAFAC-0000377719,GFB7MQFAU6F2,2024,2025-09-15,KRDJBNC92945
2024-12-GSAFAC-0000380149,XNV6X5K8UB63,2024,2025-09-16,CNL5DYVJEMB9
2024-12-GSAFAC-0000380149,XNV6X5K8UB63,2024,2025-09-16,CP73NLN1TUT4
2024-12-GSAFAC-0000380149,XNV6X5K8UB63,2024,2025-09-16,CPY3DEYNSQW1
2024-12-GSAFAC-0000380149,XNV6X5K8UB63,2024,2025-09-16,CRNRT8M464J7
2024-12-GSAFAC-0000380149,XNV6X5K8UB63,2024,2025-09-16,DN9SUALCQVK5
2024-12-GSAFAC-0000380149,XNV6X5K8UB63,2024,2025-09-16,GVT7F2YJNVE4
2024-12-GSAFAC-0000380149,XNV6X5K8UB63,2024,2025-09-16,GW4BZNJWWJJ5
2024-12-GSAFAC-0000380149,XNV6X5K8UB63,2024,2025-09-16,HDTHY6WBM3F8
2024-12-GSAFAC-0000380149,XNV6X5K8UB63,2024,2025-09-16,HVTDNGP1GMF2
2024-12-GSAFAC-0000380149,XNV6X5K8UB63,2024,2025-09-16,J1HZRVKSHEW1
2024-12-GSAFAC-0000380149,XNV6X5K8UB63,2024,2025-09-16,KR97AMMEMNP5
2024-12-GSAFAC-0000380149,XNV6X5K8UB63,2024,2025-09-16,L1JXWFFBCBE1
2024-12-GSAFAC-0000380149,XNV6X5K8UB63,2024,2025-09-16,L4Q4L8P92H29
2024-12-GSAFAC-0000380149,XNV6X5K8UB63,2024,2025-09-16,N8ASXUFE68G4
2024-12-GSAFAC-0000380149,XNV6X5K8UB63,2024,2025-09-16,NJXJDKMW7VH1
2024-12-GSAFAC-0000380149,XNV6X5K8UB63,2024,2025-09-16,P3KPAKANNSP8
2024-12-GSAFAC-0000380149,XNV6X5K8UB63,2024,2025-09-16,QJN1XH1CMJ79
2024-12-GSAFAC-0000380149,XNV6X5K8UB63,2024,2025-09-16,SA6WM3KPKM96
2024-12-GSAFAC-0000380149,XNV6X5K8UB63,2024,2025-09-16,UAXFUMLB8JZ3
2024-12-GSAFAC-0000380149,XNV6X5K8UB63,2024,2025-09-16,V7YUSPGN4J95
2024-12-GSAFAC-0000380149,XNV6X5K8UB63,2024,2025-09-16,V96LZ5KLFDB1
2024-12-GSAFAC-0000380149,XNV6X5K8UB63,2024,2025-09-16,VA4LJZ92SPP7
2024-12-GSAFAC-0000380149,XNV6X5K8UB63,2024,2025-09-16,VB7SAAQKTKR3
2024-12-GSAFAC-0000380149,XNV6X5K8UB63,2024,2025-09-16,ZYMGRVGV69J5
2024-09-GSAFAC-0000063583,UKAHGBNQ1HC7,2024,2025-09-17,Y8USQR5RG8C1
2024-12-GSAFAC-0000380484,WWABH3V1SLY6,2024,2025-09-17,FT44QHEMFAJ8
2024-12-GSAFAC-0000380099,YK9VMJ9D6YU8,2024,2025-09-17,JBT7W8YL6Q53
2024-12-GSAFAC-0000379623,HLQQGW7ZJZR5,2024,2025-09-17,Y7KKYN9JFBK1
2024-12-GSAFAC-0000379623,HLQQGW7ZJZR5,2024,2025-09-17,X2M6NS6QR567
2024-12-GSAFAC-0000378557,K73MRFRE2TH1,2024,2025-09-17,KD65RDYGBXD6
2024-12-GSAFAC-0000379190,PVF6JK7WSM24,2024,2025-09-18,T69GU8U4MF28
2024-12-GSAFAC-0000372118,CKL3SAHPEE73,2024,2025-09-18,HYUCFHEUDLZ3
2024-12-GSAFAC-0000381166,E9JGWHKWLSE5,2024,2025-09-19,DGH8EFGPHJF4
2024-12-GSAFAC-0000381166,E9JGWHKWLSE5,2024,2025-09-19,RWNRFJAKH1E5
2024-12-GSAFAC-0000381166,E9JGWHKWLSE5,2024,2025-09-19,Z9F5ASC2DJ85
2024-12-GSAFAC-0000381166,E9JGWHKWLSE5,2024,2025-09-19,DT6DLLJ7DAV8
2024-12-GSAFAC-0000381166,E9JGWHKWLSE5,2024,2025-09-19,JK63FUNDTDJ3
2024-12-GSAFAC-0000381166,E9JGWHKWLSE5,2024,2025-09-19,NANPYVVX4BD4
2024-12-GSAFAC-0000381166,E9JGWHKWLSE5,2024,2025-09-19,F4FDNE5B7AP1
2024-12-GSAFAC-0000381166,E9JGWHKWLSE5,2024,2025-09-19,XGMUKEJN4G98
2024-12-GSAFAC-0000381166,E9JGWHKWLSE5,2024,2025-09-19,JN41LM5RZF37
2024-12-GSAFAC-0000381166,E9JGWHKWLSE5,2024,2025-09-19,FFFMGSM11HA9
2024-12-GSAFAC-0000381166,E9JGWHKWLSE5,2024,2025-09-19,HVDNVKMNDXJ1
2024-12-GSAFAC-0000381166,E9JGWHKWLSE5,2024,2025-09-19,JEZJJNQUMHK6
2024-12-GSAFAC-0000377814,MJCEQ5FT7954,2024,2025-09-19,GDXGWEYR8P66
2024-06-GSAFAC-0000378644,VUDLWV1HF1M6,2024,2025-09-19,WXMZXFFQG2C9
2024-06-GSAFAC-0000378644,VUDLWV1HF1M6,2024,2025-09-19,CNSJJ8B31T48
2024-12-GSAFAC-0000377745,MX1KC1BKDQR3,2024,2025-09-22,V8ZCWKVKLTA7
2023-06-GSAFAC-0000057333,GQ46SB5L2HK4,2023,2025-09-22,FB6JNN1DZUD9
2023-06-GSAFAC-0000057333,GQ46SB5L2HK4,2023,2025-09-22,EFERH1KQMG61
2023-06-GSAFAC-0000057333,GQ46SB5L2HK4,2023,2025-09-22,HFKMJ2LV4FH3
2023-06-GSAFAC-0000057333,GQ46SB5L2HK4,2023,2025-09-22,FX3AJ6341XT5
2023-06-GSAFAC-0000057333,GQ46SB5L2HK4,2023,2025-09-22,J2Y4Y28CKSU8
2023-06-GSAFAC-0000057333,GQ46SB5L2HK4,2023,2025-09-22,G9RHEW4UB5B4
2023-06-GSAFAC-0000057333,GQ46SB5L2HK4,2023,2025-09-22,K81MEVLSELK4
2023-06-GSAFAC-0000057333,GQ46SB5L2HK4,2023,2025-09-22,FNY3GN4SW9J4
2023-06-GSAFAC-0000057333,GQ46SB5L2HK4,2023,2025-09-22,NJVPDRZNKNA4
2023-06-GSAFAC-0000057333,GQ46SB5L2HK4,2023,2025-09-22,F9G8DGFRTZC5
2023-06-GSAFAC-0000057333,GQ46SB5L2HK4,2023,2025-09-22,S14GXUNZG814
2023-06-GSAFAC-0000057333,GQ46SB5L2HK4,2023,2025-09-22,NRQNHQY3X1U6
2023-06-GSAFAC-0000057333,GQ46SB5L2HK4,2023,2025-09-22,NSADNVWA9KL4
2023-06-GSAFAC-0000057333,GQ46SB5L2HK4,2023,2025-09-22,M7L6M863AKN8
2023-06-GSAFAC-0000057333,GQ46SB5L2HK4,2023,2025-09-22,NTJ1TB3CANX7
2023-06-GSAFAC-0000057333,GQ46SB5L2HK4,2023,2025-09-22,ND9STDVJND49
2023-06-GSAFAC-0000057333,GQ46SB5L2HK4,2023,2025-09-22,NMEUNJWQ6BD7
2023-06-GSAFAC-0000057333,GQ46SB5L2HK4,2023,2025-09-22,V7BHG1LDMEW8
2023-06-GSAFAC-0000057333,GQ46SB5L2HK4,2023,2025-09-22,EL62JMFJJP93
2023-06-GSAFAC-0000057333,GQ46SB5L2HK4,2023,2025-09-22,EK7ENJE97829
2023-06-GSAFAC-0000057333,GQ46SB5L2HK4,2023,2025-09-22,NS2PHY3GAWV5
2023-06-GSAFAC-0000057333,GQ46SB5L2HK4,2023,2025-09-22,KENEHCVQPTS9
2023-06-GSAFAC-0000057333,GQ46SB5L2HK4,2023,2025-09-22,GR5DCZEYK9K5
2023-06-GSAFAC-0000057333,GQ46SB5L2HK4,2023,2025-09-22,TS2CJKTFWBM5
2023-06-GSAFAC-0000057333,GQ46SB5L2HK4,2023,2025-09-22,NC5DAXJAJSP5
2023-06-GSAFAC-0000057333,GQ46SB5L2HK4,2023,2025-09-22,UF4TC1RLR6K7
2023-06-GSAFAC-0000057333,GQ46SB5L2HK4,2023,2025-09-22,NN66PR7QMLR8
2023-06-GSAFAC-0000057333,GQ46SB5L2HK4,2023,2025-09-22,WKLUX29HE3R9
2023-06-GSAFAC-0000057333,GQ46SB5L2HK4,2023,2025-09-22,JMGNE5Q3NWC5
2023-06-GSAFAC-0000057333,GQ46SB5L2HK4,2023,2025-09-22,CHQWQ676QGB3
2023-06-GSAFAC-0000057333,GQ46SB5L2HK4,2023,2025-09-22,FSWMLW525CX9
2023-06-GSAFAC-0000057333,GQ46SB5L2HK4,2023,2025-09-22,WLTTYLQ65XR6
2023-06-GSAFAC-0000057333,GQ46SB5L2HK4,2023,2025-09-22,F6UTHE2FC863
2023-06-GSAFAC-0000057333,GQ46SB5L2HK4,2023,2025-09-22,KLV1ESQBHZH7
2023-06-GSAFAC-0000057333,GQ46SB5L2HK4,2023,2025-09-22,JD4FM36YPSB1
2023-06-GSAFAC-0000057333,GQ46SB5L2HK4,2023,2025-09-22,S75BKA1WXLJ5
2023-06-GSAFAC-0000057333,GQ46SB5L2HK4,2023,2025-09-22,TNJ8Q71NLUH3
2023-06-GSAFAC-0000057333,GQ46SB5L2HK4,2023,2025-09-22,KTRWKRABSKV6
2023-06-GSAFAC-0000057333,GQ46SB5L2HK4,2023,2025-09-22,PWHMVAWA5SJ9
2023-06-GSAFAC-0000057333,GQ46SB5L2HK4,2023,2025-09-22,GA76VLS5D9R6
2023-06-GSAFAC-0000057333,GQ46SB5L2HK4,2023,2025-09-22,NUMHTJTHA536
2023-06-GSAFAC-0000057333,GQ46SB5L2HK4,2023,2025-09-22,NCA7EAUG2YK4
2023-06-GSAFAC-0000057333,GQ46SB5L2HK4,2023,2025-09-22,ULFQDS9JKNH7
2023-06-GSAFAC-0000057333,GQ46SB5L2HK4,2023,2025-09-22,JCLNDRM34JD5
2023-06-GSAFAC-0000057333,GQ46SB5L2HK4,2023,2025-09-22,T6G1R2VB86G5
2023-06-GSAFAC-0000057333,GQ46SB5L2HK4,2023,2025-09-22,UXDGX3EER7K1
2023-06-GSAFAC-0000057333,GQ46SB5L2HK4,2023,2025-09-22,T4D9QU2LW2N5
2023-06-GSAFAC-0000057333,GQ46SB5L2HK4,2023,2025-09-22,H13PE5TKNK53
2023-06-GSAFAC-0000057333,GQ46SB5L2HK4,2023,2025-09-22,ZTNGXJUJJVX6
2024-12-GSAFAC-0000374940,DCBCUBQLAEN1,2024,2025-09-22,K5Q2MWLNVG63
2024-12-GSAFAC-0000374940,DCBCUBQLAEN1,2024,2025-09-22,EGLTQQM4YA83
2024-12-GSAFAC-0000374940,DCBCUBQLAEN1,2024,2025-09-22,DRKLM7UJV9Y6
2024-12-GSAFAC-0000374940,DCBCUBQLAEN1,2024,2025-09-22,WHXCMDQACKP6
2024-12-GSAFAC-0000374940,DCBCUBQLAEN1,2024,2025-09-22,Z4NPPJNBDY28
2024-12-GSAFAC-0000374940,DCBCUBQLAEN1,2024,2025-09-22,JT3TTKJ22BN7
2024-12-GSAFAC-0000374940,DCBCUBQLAEN1,2024,2025-09-22,M6QYE9M6XJ13
2024-12-GSAFAC-0000374940,DCBCUBQLAEN1,2024,2025-09-22,DXM1BKCJAT66
2024-12-GSAFAC-0000374940,DCBCUBQLAEN1,2024,2025-09-22,VYRWMXBKBRG1
2024-12-GSAFAC-0000374940,DCBCUBQLAEN1,2024,2025-09-22,HZMLTLDERTA3
2024-12-GSAFAC-0000374940,DCBCUBQLAEN1,2024,2025-09-22,NJH1XTLBADP8
2024-12-GSAFAC-0000374940,DCBCUBQLAEN1,2024,2025-09-22,F5FNDK39LDY3
2024-12-GSAFAC-0000381588,X26SS2E1K693,2024,2025-09-23,KJK9NNDPKTM9
2024-06-GSAFAC-0000381230,K9JTEN15CYK4,2024,2025-09-23,GBTVB8JPNBL5
2024-12-GSAFAC-0000382268,C1ECKKJ5KUH7,2024,2025-09-23,FFT4LAJ2GA53
2024-12-GSAFAC-0000378817,XK2KTS9HDY79,2024,2025-09-23,TM19BXKUXAE8
2024-12-GSAFAC-0000378975,XTR3TL3BC9D3,2024,2025-09-23,L6HKEBMQDUJ7
2024-12-GSAFAC-0000378975,XTR3TL3BC9D3,2024,2025-09-23,RK7NR7CV9YB3
2024-12-GSAFAC-0000378975,XTR3TL3BC9D3,2024,2025-09-23,K4QJA96QJ8G1
2024-12-GSAFAC-0000380331,SN1FLHNTQJZ3,2024,2025-09-23,MNG6ZLPL6945
2024-12-GSAFAC-0000380331,SN1FLHNTQJZ3,2024,2025-09-23,E4PAV4Z3LTD3
2023-12-GSAFAC-0000379589,KHK2K1EJ3LJ6,2023,2025-09-24,E4L7EZZKJCL9
2023-12-GSAFAC-0000379589,KHK2K1EJ3LJ6,2023,2025-09-24,CXTVB51U1XY4
2023-12-GSAFAC-0000379589,KHK2K1EJ3LJ6,2023,2025-09-24,L7Q9EN4TLY74
2023-12-GSAFAC-0000379589,KHK2K1EJ3LJ6,2023,2025-09-24,GFSLL5XRZGH5
2023-12-GSAFAC-0000379589,KHK2K1EJ3LJ6,2023,2025-09-24,CC8WT91AR2F4
2024-12-GSAFAC-0000379211,UEA8C3DVGKT6,2024,2025-09-24,LL89LBKBVAB3
2024-06-GSAFAC-0000380294,H3HPMGFNP534,2024,2025-09-24,GPESKDH4KEM4
2024-12-GSAFAC-0000378879,JJRFKBGLKMA7,2024,2025-09-24,HMD1Q9KVJ7P8
2024-12-GSAFAC-0000378879,JJRFKBGLKMA7,2024,2025-09-24,E5FAQMEMWYA3
2024-12-GSAFAC-0000378879,JJRFKBGLKMA7,2024,2025-09-24,S664MPGTNC78
2024-12-GSAFAC-0000378879,JJRFKBGLKMA7,2024,2025-09-24,JKUZNAM3SKB3
2024-12-GSAFAC-0000378879,JJRFKBGLKMA7,2024,2025-09-24,MN2MCRLQB7W5
2024-12-GSAFAC-0000382109,K93VLMQBV781,2024,2025-09-24,LSACNJARFNJ5
2024-12-GSAFAC-0000382109,K93VLMQBV781,2024,2025-09-24,E4DSGGPHX9Y8
2024-12-GSAFAC-0000372149,ECGULUPKJCT4,2024,2025-09-24,FJ5ZNP7CKMK9
2024-12-GSAFAC-0000379129,TZT9RDQJEX65,2024,2025-09-24,RQZ6FSFZ48Z4
2024-12-GSAFAC-0000381143,G5EUPLDP55Y8,2024,2025-09-24,KJM6DL5UZZE5
2024-12-GSAFAC-0000381143,G5EUPLDP55Y8,2024,2025-09-24,FHZRS192KNM8
2024-12-GSAFAC-0000380196,N4VBK81F11U5,2024,2025-09-24,MSVMD1HJ8G68
2024-12-GSAFAC-0000380196,N4VBK81F11U5,2024,2025-09-24,J5KKB43QGDZ6
2024-12-GSAFAC-0000380196,N4VBK81F11U5,2024,2025-09-24,YAVRR4MMG3G9
2024-12-GSAFAC-0000380196,N4VBK81F11U5,2024,2025-09-24,CFKSMS619CV6
2024-12-GSAFAC-0000380196,N4VBK81F11U5,2024,2025-09-24,D1Z8JZNYAGZ9
2024-12-GSAFAC-0000380196,N4VBK81F11U5,2024,2025-09-24,XKA5VHNMY1G5
2024-12-GSAFAC-0000381882,HUJWEG37EDK5,2024,2025-09-24,G6HPP6PTJVY5
2024-12-GSAFAC-0000381882,HUJWEG37EDK5,2024,2025-09-24,LGL6Q11QLMM3
2024-12-GSAFAC-0000381882,HUJWEG37EDK5,2024,2025-09-24,FLG8U1GHE7E6
2024-12-GSAFAC-0000376653,E5HBGRRNGY97,2024,2025-09-25,UMHAVA9LJRG3
2024-12-GSAFAC-0000382648,M4MUEXMHP2U4,2024,2025-09-25,FNYLW8GHKNR1
2024-12-GSAFAC-0000382648,M4MUEXMHP2U4,2024,2025-09-25,U3NABSGGNLW1
2024-12-GSAFAC-0000382230,T2CQP3VS6QK7,2024,2025-09-25,NXLGFKJE8NV6
2024-12-GSAFAC-0000382230,T2CQP3VS6QK7,2024,2025-09-25,KLJMXPHANL78
2024-12-GSAFAC-0000382230,T2CQP3VS6QK7,2024,2025-09-25,YSDBJJM26678
2024-12-GSAFAC-0000382230,T2CQP3VS6QK7,2024,2025-09-25,MJ1ML4J6JND7
2024-12-GSAFAC-0000382230,T2CQP3VS6QK7,2024,2025-09-25,F3PLEVP7DDH4
2024-12-GSAFAC-0000382230,T2CQP3VS6QK7,2024,2025-09-25,PBJ3G8GX7GY7
2024-12-GSAFAC-0000380554,WJH7NXNA22S9,2024,2025-09-25,L8LJAQEY4MM3
2024-12-GSAFAC-0000380554,WJH7NXNA22S9,2024,2025-09-25,JJDPZ5MVPPM1
2024-12-GSAFAC-0000382450,PG5ZMT5QZ9K3,2024,2025-09-25,MFKQXG7K6455
2024-12-GSAFAC-0000379337,FF6YK2Z2HNG6,2024,2025-09-25,MNXZAXJQTMN6
2024-12-GSAFAC-0000382103,L6AENFMBT2Y9,2024,2025-09-25,PHBQJ7N7CPW7
2024-12-GSAFAC-0000382103,L6AENFMBT2Y9,2024,2025-09-25,PGAVF19VB5M1
2024-12-GSAFAC-0000382103,L6AENFMBT2Y9,2024,2025-09-25,PEZLCMS1D6S6
2024-12-GSAFAC-0000382103,L6AENFMBT2Y9,2024,2025-09-25,STEZPCBK8S48
2024-12-GSAFAC-0000381640,CAAAWFCH3T41,2024,2025-09-25,F8RGN67AKNQ6
2024-12-GSAFAC-0000381640,CAAAWFCH3T41,2024,2025-09-25,FKRERMC4HNE6
2024-12-GSAFAC-0000381640,CAAAWFCH3T41,2024,2025-09-25,JFLDPAJ2JGM3
2024-12-GSAFAC-0000381640,CAAAWFCH3T41,2024,2025-09-25,NJQ1XF7SUPX8
2024-12-GSAFAC-0000381640,CAAAWFCH3T41,2024,2025-09-25,PQN7BL3YS8L3
2024-12-GSAFAC-0000381640,CAAAWFCH3T41,2024,2025-09-25,R6JNDNUMJMN8
2024-12-GSAFAC-0000381640,CAAAWFCH3T41,2024,2025-09-25,E44TN4LW8MB4
2024-12-GSAFAC-0000381640,CAAAWFCH3T41,2024,2025-09-25,GLL1J6LGJ916
2024-12-GSAFAC-0000381640,CAAAWFCH3T41,2024,2025-09-25,YUD4C94BV458
2024-12-GSAFAC-0000381640,CAAAWFCH3T41,2024,2025-09-25,ZSY4FDKH9GJ8
2024-12-GSAFAC-0000381640,CAAAWFCH3T41,2024,2025-09-25,P5UYY12LN6S3
2024-12-GSAFAC-0000381640,CAAAWFCH3T41,2024,2025-09-25,WL2CELV5ZDD8
2024-12-GSAFAC-0000381640,CAAAWFCH3T41,2024,2025-09-25,F3BHXZ1DTZH9
2024-12-GSAFAC-0000381640,CAAAWFCH3T41,2024,2025-09-25,SSVXQY5D5VU4
2024-12-GSAFAC-0000381402,NJXUJHMGALY3,2024,2025-09-25,SETLC896FKF3
2024-12-GSAFAC-0000381167,PCYDFTXC37V5,2024,2025-09-25,QM48RNT85M15
2024-12-GSAFAC-0000381167,PCYDFTXC37V5,2024,2025-09-25,DFUPQMMV1GR4
2024-12-GSAFAC-0000379198,Z2SNWUXP1YB1,2024,2025-09-25,MKNSE883RLU8
2024-12-GSAFAC-0000379198,Z2SNWUXP1YB1,2024,2025-09-25,L69DLR2RANX9
2024-12-GSAFAC-0000379198,Z2SNWUXP1YB1,2024,2025-09-25,T6SMT32GEAB5
2024-12-GSAFAC-0000379198,Z2SNWUXP1YB1,2024,2025-09-25,JUHZCTFJ9FM5
2024-12-GSAFAC-0000379198,Z2SNWUXP1YB1,2024,2025-09-25,EBQ5M7RU4RJ7
2024-12-GSAFAC-0000379198,Z2SNWUXP1YB1,2024,2025-09-25,YJZYCNUFRKW7
2024-12-GSAFAC-0000379198,Z2SNWUXP1YB1,2024,2025-09-25,FDAZFRFHKBZ1
2024-12-GSAFAC-0000379198,Z2SNWUXP1YB1,2024,2025-09-25,JYMXJMYGHSK6
2024-12-GSAFAC-0000379198,Z2SNWUXP1YB1,2024,2025-09-25,DVGFECAP66S3
2024-12-GSAFAC-0000379198,Z2SNWUXP1YB1,2024,2025-09-25,L866HQ94ZCG9
2024-12-GSAFAC-0000379198,Z2SNWUXP1YB1,2024,2025-09-25,KTM4JPS1FD61
2024-12-GSAFAC-0000379198,Z2SNWUXP1YB1,2024,2025-09-25,HKQEMGLL8KJ4
2024-12-GSAFAC-0000379198,Z2SNWUXP1YB1,2024,2025-09-25,ZNK3U2JV1F16
2024-12-GSAFAC-0000382920,LCGWVL8LHRC9,2024,2025-09-25,YKAVREQM9DM4
2024-12-GSAFAC-0000380951,LDZ1WVHC8BM5,2024,2025-09-25,QGBML1B934K4
2023-12-GSAFAC-0000380999,J3QACS9PPD99,2023,2025-09-26,Z63DZC1M5GU5
2023-12-GSAFAC-0000380999,J3QACS9PPD99,2023,2025-09-26,GY85JKFJLGV5
2023-12-GSAFAC-0000380999,J3QACS9PPD99,2023,2025-09-26,GYVKBCHDKDL9
2023-12-GSAFAC-0000380999,J3QACS9PPD99,2023,2025-09-26,LCEJCAJUNP85
2023-12-GSAFAC-0000380999,J3QACS9PPD99,2023,2025-09-26,JF5HTK2G3JP9
2023-12-GSAFAC-0000380999,J3QACS9PPD99,2023,2025-09-26,ZNHEG4PH2BW9
2023-12-GSAFAC-0000380999,J3QACS9PPD99,2023,2025-09-26,SLX6NJUN9C75
2023-12-GSAFAC-0000380999,J3QACS9PPD99,2023,2025-09-26,G2FNAC1E5V64
2023-12-GSAFAC-0000380999,J3QACS9PPD99,2023,2025-09-26,LQXANYSE1RM6
2023-12-GSAFAC-0000380999,J3QACS9PPD99,2023,2025-09-26,PVDAACZCNLL6
2023-12-GSAFAC-0000380999,J3QACS9PPD99,2023,2025-09-26,DEQDANNWLRP5
2023-12-GSAFAC-0000380999,J3QACS9PPD99,2023,2025-09-26,FBUEC3MNUKK8
2023-12-GSAFAC-0000380999,J3QACS9PPD99,2023,2025-09-26,J132XXKVZ9L8
2023-12-GSAFAC-0000380999,J3QACS9PPD99,2023,2025-09-26,JL7JDSH8JBM5
2023-12-GSAFAC-0000380999,J3QACS9PPD99,2023,2025-09-26,W5J3J53QNRW7
2023-12-GSAFAC-0000380999,J3QACS9PPD99,2023,2025-09-26,SHS6GUU76QL5
2023-12-GSAFAC-0000380999,J3QACS9PPD99,2023,2025-09-26,FFU7MGR419H1
2023-12-GSAFAC-0000380999,J3QACS9PPD99,2023,2025-09-26,H2CPU3SETVF8
2023-12-GSAFAC-0000380999,J3QACS9PPD99,2023,2025-09-26,H988FCEVZMG7
2023-12-GSAFAC-0000380999,J3QACS9PPD99,2023,2025-09-26,C8KFLEDNXL35
2023-12-GSAFAC-0000380999,J3QACS9PPD99,2023,2025-09-26,J5JWTP7NJWD1
2023-12-GSAFAC-0000380999,J3QACS9PPD99,2023,2025-09-26,EE6US2GWGJE5
2023-12-GSAFAC-0000380999,J3QACS9PPD99,2023,2025-09-26,M6PLJ886HJ43
2023-12-GSAFAC-0000380999,J3QACS9PPD99,2023,2025-09-26,LKE3EZWUF6J3
2023-12-GSAFAC-0000380999,J3QACS9PPD99,2023,2025-09-26,REVLNHX66AB5
2023-12-GSAFAC-0000380999,J3QACS9PPD99,2023,2025-09-26,QJFVKVXAM6L3
2023-12-GSAFAC-0000380999,J3QACS9PPD99,2023,2025-09-26,MSJXQJK9H7L7
2023-12-GSAFAC-0000380999,J3QACS9PPD99,2023,2025-09-26,M1JTFNBGFAS5
2023-12-GSAFAC-0000380999,J3QACS9PPD99,2023,2025-09-26,MECUU9PPG5D4
2023-12-GSAFAC-0000380999,J3QACS9PPD99,2023,2025-09-26,DGKMSY36X7V5
2023-12-GSAFAC-0000380999,J3QACS9PPD99,2023,2025-09-26,LV79CDMPQK67
2023-12-GSAFAC-0000380999,J3QACS9PPD99,2023,2025-09-26,M3JUCGLM37B4
2023-12-GSAFAC-0000380999,J3QACS9PPD99,2023,2025-09-26,CDTEY4J7A888
2023-12-GSAFAC-0000380999,J3QACS9PPD99,2023,2025-09-26,MU93RC61JY13
2023-12-GSAFAC-0000380999,J3QACS9PPD99,2023,2025-09-26,U6BKDVQZNZM1
2023-12-GSAFAC-0000380999,J3QACS9PPD99,2023,2025-09-26,CDTEY4J7A888
2023-12-GSAFAC-0000380999,J3QACS9PPD99,2023,2025-09-26,MJJMUJA11MR5
2023-12-GSAFAC-0000380999,J3QACS9PPD99,2023,2025-09-26,XJNCDQERF9J8
2023-12-GSAFAC-0000380999,J3QACS9PPD99,2023,2025-09-26,VMKDJCCCNLE4
2023-12-GSAFAC-0000380999,J3QACS9PPD99,2023,2025-09-26,FFWLJD1JRYF4
2023-12-GSAFAC-0000380999,J3QACS9PPD99,2023,2025-09-26,UBUAKMD4VWD1
2023-12-GSAFAC-0000380999,J3QACS9PPD99,2023,2025-09-26,MHNJPRSAMA53
2023-12-GSAFAC-0000380999,J3QACS9PPD99,2023,2025-09-26,KGXGYLSNHGU5
2023-12-GSAFAC-0000380999,J3QACS9PPD99,2023,2025-09-26,TBPZLUJMSHJ5
2023-12-GSAFAC-0000380999,J3QACS9PPD99,2023,2025-09-26,XNL9LUL1YRM8
2023-12-GSAFAC-0000380999,J3QACS9PPD99,2023,2025-09-26,JTJFM5915BC9
2023-12-GSAFAC-0000380999,J3QACS9PPD99,2023,2025-09-26,CRQHZE8266M6
2023-12-GSAFAC-0000380999,J3QACS9PPD99,2023,2025-09-26,J5XFQCL1RGR3
2023-12-GSAFAC-0000380999,J3QACS9PPD99,2023,2025-09-26,JBE3SZT1M147
2023-12-GSAFAC-0000380999,J3QACS9PPD99,2023,2025-09-26,EV57K4LNZJ79
2023-12-GSAFAC-0000380999,J3QACS9PPD99,2023,2025-09-26,KNGDYWFTNK65
2023-12-GSAFAC-0000380999,J3QACS9PPD99,2023,2025-09-26,UXB4ECJKMUW9
2023-12-GSAFAC-0000380999,J3QACS9PPD99,2023,2025-09-26,ER7YB6NK13S9
2023-12-GSAFAC-0000380999,J3QACS9PPD99,2023,2025-09-26,DNMVQPV3ZKP3
2023-12-GSAFAC-0000380999,J3QACS9PPD99,2023,2025-09-26,ET9CAKVN98F4
2023-12-GSAFAC-0000380999,J3QACS9PPD99,2023,2025-09-26,CF77RVKWTJF3
2023-12-GSAFAC-0000380999,J3QACS9PPD99,2023,2025-09-26,TMLGTP3HRLB8
2023-12-GSAFAC-0000380999,J3QACS9PPD99,2023,2025-09-26,L237SX7U4EK4
2023-12-GSAFAC-0000380999,J3QACS9PPD99,2023,2025-09-26,EHYGA67HCPZ8
2023-12-GSAFAC-0000380999,J3QACS9PPD99,2023,2025-09-26,QS2BD3LPAQV3
2023-12-GSAFAC-0000380999,J3QACS9PPD99,2023,2025-09-26,LW3EPC3SSYP3
2023-12-GSAFAC-0000380999,J3QACS9PPD99,2023,2025-09-26,TK69VE1RGQ91
2023-12-GSAFAC-0000380999,J3QACS9PPD99,2023,2025-09-26,J36FE8KWTGG7
2023-12-GSAFAC-0000380999,J3QACS9PPD99,2023,2025-09-26,X5XGBCL1N785
2023-12-GSAFAC-0000380999,J3QACS9PPD99,2023,2025-09-26,CSGKTBM82R75
2023-12-GSAFAC-0000380999,J3QACS9PPD99,2023,2025-09-26,F3YJH3HTED93
2023-12-GSAFAC-0000380999,J3QACS9PPD99,2023,2025-09-26,PYQ9VAK2C9Y5
2023-12-GSAFAC-0000380999,J3QACS9PPD99,2023,2025-09-26,CTZ8A2F5EH19
2023-12-GSAFAC-0000380999,J3QACS9PPD99,2023,2025-09-26,CYAFUG1ZJLN1
2023-12-GSAFAC-0000380999,J3QACS9PPD99,2023,2025-09-26,DB1QCSK2J6D3
2023-12-GSAFAC-0000380999,J3QACS9PPD99,2023,2025-09-26,N5LWDWUCA2P1
2023-12-GSAFAC-0000380999,J3QACS9PPD99,2023,2025-09-26,U5JAR8AVL649
2023-12-GSAFAC-0000380999,J3QACS9PPD99,2023,2025-09-26,X17AZDZJFM75
2023-12-GSAFAC-0000380999,J3QACS9PPD99,2023,2025-09-26,SMDJQG62LLC8
2023-12-GSAFAC-0000380999,J3QACS9PPD99,2023,2025-09-26,JQNZUQRTR6C8
2023-12-GSAFAC-0000380999,J3QACS9PPD99,2023,2025-09-26,YVHLG47DJ5K1
2023-12-GSAFAC-0000380999,J3QACS9PPD99,2023,2025-09-26,Z111T543FBE5
2023-12-GSAFAC-0000380999,J3QACS9PPD99,2023,2025-09-26,MFLQDC3SE9H3
2023-12-GSAFAC-0000380999,J3QACS9PPD99,2023,2025-09-26,RCMQXKJWRCS5
2023-12-GSAFAC-0000380999,J3QACS9PPD99,2023,2025-09-26,RP55FBX6LQ14
2023-12-GSAFAC-0000380999,J3QACS9PPD99,2023,2025-09-26,FHMYDNZUMKY5
2024-12-GSAFAC-0000376614,JUE9CA8R5UE1,2024,2025-09-26,LG52EMZGV1H9
2024-12-GSAFAC-0000376614,JUE9CA8R5UE1,2024,2025-09-26,THM8NDMNLYQ3
2024-12-GSAFAC-0000381489,DQ8MDZ5TPBZ1,2024,2025-09-26,JMX6J55UFUD3
2024-12-GSAFAC-0000381489,DQ8MDZ5TPBZ1,2024,2025-09-26,NJE1NDPKVY38
2024-12-GSAFAC-0000381489,DQ8MDZ5TPBZ1,2024,2025-09-26,HZX9FXBKC6Z6
2024-12-GSAFAC-0000381489,DQ8MDZ5TPBZ1,2024,2025-09-26,HD5TPW2ZEHR8
2024-12-GSAFAC-0000381489,DQ8MDZ5TPBZ1,2024,2025-09-26,PCHQWHERXKC3
2024-12-GSAFAC-0000381489,DQ8MDZ5TPBZ1,2024,2025-09-26,RTNYPVUA6K54
2024-12-GSAFAC-0000381489,DQ8MDZ5TPBZ1,2024,2025-09-26,K4BFAJKHSLM7
2024-12-GSAFAC-0000381489,DQ8MDZ5TPBZ1,2024,2025-09-26,G45LMGK9U5K5
2024-12-GSAFAC-0000381489,DQ8MDZ5TPBZ1,2024,2025-09-26,S8VTVUVGA5K3
2024-12-GSAFAC-0000381489,DQ8MDZ5TPBZ1,2024,2025-09-26,Q9JEGJZDBN13
2024-12-GSAFAC-0000381489,DQ8MDZ5TPBZ1,2024,2025-09-26,LR1UJHW669C1
2024-12-GSAFAC-0000381489,DQ8MDZ5TPBZ1,2024,2025-09-26,H68WL9VLVVX5
2024-12-GSAFAC-0000381489,DQ8MDZ5TPBZ1,2024,2025-09-26,J5N1LH9Y2MW4
2024-12-GSAFAC-0000381489,DQ8MDZ5TPBZ1,2024,2025-09-26,G358DGNZGEY6
2024-12-GSAFAC-0000381489,DQ8MDZ5TPBZ1,2024,2025-09-26,Z6V6AAG4GLJ3
2024-12-GSAFAC-0000381489,DQ8MDZ5TPBZ1,2024,2025-09-26,EMFLSKNDJ894
2024-12-GSAFAC-0000381489,DQ8MDZ5TPBZ1,2024,2025-09-26,MK8GMZ5BK9H4
2024-12-GSAFAC-0000381489,DQ8MDZ5TPBZ1,2024,2025-09-26,HB6UMMMAXC95
2024-12-GSAFAC-0000381489,DQ8MDZ5TPBZ1,2024,2025-09-26,KAACDUWT3NU1
2024-12-GSAFAC-0000381489,DQ8MDZ5TPBZ1,2024,2025-09-26,RFSLJF4XJCC5
2024-12-GSAFAC-0000381489,DQ8MDZ5TPBZ1,2024,2025-09-26,QF5VJ71535K3
2024-12-GSAFAC-0000381489,DQ8MDZ5TPBZ1,2024,2025-09-26,CFBDHCAGSMQ4
2024-12-GSAFAC-0000381132,W8HKMHJKCLN6,2024,2025-09-26,W8PJLCL4GXC6
2024-12-GSAFAC-0000381132,W8HKMHJKCLN6,2024,2025-09-26,Q6TGH1XHA591
2024-12-GSAFAC-0000381132,W8HKMHJKCLN6,2024,2025-09-26,GZBMNPL4YJL7
2024-12-GSAFAC-0000383023,UUBHN7GGULG8,2024,2025-09-26,C4HUKEJK8PB5
2024-12-GSAFAC-0000381705,FE8MTX5REGB6,2024,2025-09-26,YGJBTXBPVGP5
2024-12-GSAFAC-0000381705,FE8MTX5REGB6,2024,2025-09-26,LUR7SVFS8FP5
2024-12-GSAFAC-0000381705,FE8MTX5REGB6,2024,2025-09-26,NLD3REHCMKY5
2024-12-GSAFAC-0000381705,FE8MTX5REGB6,2024,2025-09-26,PUTLKLHZAJ75
2024-12-GSAFAC-0000381705,FE8MTX5REGB6,2024,2025-09-26,XL98X1AR7Y74
2024-12-GSAFAC-0000382969,PJGLNFM7ABN7,2024,2025-09-26,R1FHLBMNGJ26
2024-12-GSAFAC-0000382617,HNR1MNZJGYJ1,2024,2025-09-26,SZ6HKGMCNXJ4
2024-12-GSAFAC-0000382464,NCFDWW6VMXK4,2024,2025-09-26,MWY9KZ2NFNL6
2024-06-GSAFAC-0000380625,J765M6WJN8Y3,2024,2025-09-27,S3Y2AY4ZATN9
2024-12-GSAFAC-0000381590,UF52F3QMZL33,2024,2025-09-28,ZTLUW8491TP9
2024-12-GSAFAC-0000381590,UF52F3QMZL33,2024,2025-09-28,KB8UF2TKCJK5
2024-12-GSAFAC-0000381590,UF52F3QMZL33,2024,2025-09-28,KPW1NRGBKEN8
2024-12-GSAFAC-0000381590,UF52F3QMZL33,2024,2025-09-28,EMLZKJ1B7KT5
2024-12-GSAFAC-0000381590,UF52F3QMZL33,2024,2025-09-28,TU4NVQ71BR45
2024-12-GSAFAC-0000381590,UF52F3QMZL33,2024,2025-09-28,USSLH1UF5PH8
2024-12-GSAFAC-0000382424,MX9THXNRRCH5,2024,2025-09-29,MEENKNXWK6Y5
2024-12-GSAFAC-0000382424,MX9THXNRRCH5,2024,2025-09-29,XKK4SYM3TXK3
2024-12-GSAFAC-0000382424,MX9THXNRRCH5,2024,2025-09-29,E1JLD6UN7DN5
2024-12-GSAFAC-0000382424,MX9THXNRRCH5,2024,2025-09-29,KDWDDVHKN899
2024-12-GSAFAC-0000382424,MX9THXNRRCH5,2024,2025-09-29,PUV5XCCKZCX1
2024-12-GSAFAC-0000378501,C3LJVANZNME4,2024,2025-09-29,X8PXXNDVYLM8
2024-12-GSAFAC-0000378501,C3LJVANZNME4,2024,2025-09-29,V7XYMJXKGAC8
2024-12-GSAFAC-0000378501,C3LJVANZNME4,2024,2025-09-29,F8YJNM52HKF4
2024-12-GSAFAC-0000378501,C3LJVANZNME4,2024,2025-09-29,HHNQUBEPJNS7
2024-12-GSAFAC-0000378076,LCCEABLRGGE7,2024,2025-09-29,EH7DJMVCHM33
2024-12-GSAFAC-0000378076,LCCEABLRGGE7,2024,2025-09-29,VJJMPJ2CW227
2024-12-GSAFAC-0000378076,LCCEABLRGGE7,2024,2025-09-29,GPY5H9KNNEW3
2024-12-GSAFAC-0000378076,LCCEABLRGGE7,2024,2025-09-29,QBL1QL3EK1T6
2024-06-GSAFAC-0000370327,G1MELRND5CJ3,2024,2025-09-29,EG7DK7EX1S99
2024-06-GSAFAC-0000370327,G1MELRND5CJ3,2024,2025-09-29,RRK1BCRG1865
2024-12-GSAFAC-0000374702,HQBEYXSJYAC8,2024,2025-09-29,FSD9KFCSN633
2024-12-GSAFAC-0000374702,HQBEYXSJYAC8,2024,2025-09-29,LH2LMEEJNCB5
2024-12-GSAFAC-0000374702,HQBEYXSJYAC8,2024,2025-09-29,K9M2PLP2T7H1
2024-12-GSAFAC-0000374702,HQBEYXSJYAC8,2024,2025-09-29,NGTCZBLMLEH4
2024-12-GSAFAC-0000374702,HQBEYXSJYAC8,2024,2025-09-29,YYFSTANW3LV6
2024-12-GSAFAC-0000374702,HQBEYXSJYAC8,2024,2025-09-29,KXPCLX6MJEM7
2024-12-GSAFAC-0000374702,HQBEYXSJYAC8,2024,2025-09-29,NHRBVJPEP979
2024-12-GSAFAC-0000374702,HQBEYXSJYAC8,2024,2025-09-29,ESWEJAVFY434
2024-12-GSAFAC-0000374702,HQBEYXSJYAC8,2024,2025-09-29,DWCUSSEDSHZ4
2024-12-GSAFAC-0000374702,HQBEYXSJYAC8,2024,2025-09-29,LE6LLKJEP973
2024-12-GSAFAC-0000374702,HQBEYXSJYAC8,2024,2025-09-29,NMTHCYSU3ZM1
2024-12-GSAFAC-0000374702,HQBEYXSJYAC8,2024,2025-09-29,XQA9Z8H3EB54
2024-12-GSAFAC-0000374702,HQBEYXSJYAC8,2024,2025-09-29,VH6YJBCUX8B6
2024-12-GSAFAC-0000374702,HQBEYXSJYAC8,2024,2025-09-29,HND9F9X117K5
2024-12-GSAFAC-0000374702,HQBEYXSJYAC8,2024,2025-09-29,H935HCB6U176
2024-12-GSAFAC-0000374702,HQBEYXSJYAC8,2024,2025-09-29,CJZWD9B766M4
2024-12-GSAFAC-0000374702,HQBEYXSJYAC8,2024,2025-09-29,K4R4JK3RURL8
2024-12-GSAFAC-0000374702,HQBEYXSJYAC8,2024,2025-09-29,VUJ4HXHENC43
2024-12-GSAFAC-0000374702,HQBEYXSJYAC8,2024,2025-09-29,L8KUFKFY6K74
2024-12-GSAFAC-0000374702,HQBEYXSJYAC8,2024,2025-09-29,T6JJC7E2EGM5
2024-12-GSAFAC-0000374702,HQBEYXSJYAC8,2024,2025-09-29,G8HMWBLU4MQ3
2024-12-GSAFAC-0000374702,HQBEYXSJYAC8,2024,2025-09-29,HKYZHQDKQ3P3
2024-12-GSAFAC-0000374702,HQBEYXSJYAC8,2024,2025-09-29,ENC3BJAMXLJ6
2024-12-GSAFAC-0000374702,HQBEYXSJYAC8,2024,2025-09-29,NE6NBM68AWM5
2024-12-GSAFAC-0000374702,HQBEYXSJYAC8,2024,2025-09-29,EX3SFRMLEUL6
2024-12-GSAFAC-0000374702,HQBEYXSJYAC8,2024,2025-09-29,CMDJDFR898N5
2024-12-GSAFAC-0000374702,HQBEYXSJYAC8,2024,2025-09-29,P8LPEPSBWQP6
2024-12-GSAFAC-0000379917,JQLMFNLA4BP4,2024,2025-09-29,EKJRMZFQ7NM5
2024-12-GSAFAC-0000379917,JQLMFNLA4BP4,2024,2025-09-29,K6JLKJYC7BJ6
2024-12-GSAFAC-0000382394,RJNPPGFZ8BL3,2024,2025-09-29,LGMDFBJRTJG9
2024-12-GSAFAC-0000382556,K2NBW5B43X68,2024,2025-09-29,V61EKVA7NQ36
2024-12-GSAFAC-0000379608,JTLFKZKLAL68,2024,2025-09-29,GJCTQNAVD2R6
2024-12-GSAFAC-0000380857,CVNSMM23WXD6,2024,2025-09-29,GLFJV8E1QCC5
2024-12-GSAFAC-0000380857,CVNSMM23WXD6,2024,2025-09-29,R1EUYK2R1QW5
2024-12-GSAFAC-0000380857,CVNSMM23WXD6,2024,2025-09-29,X3LKLNELVLS5
2024-12-GSAFAC-0000380857,CVNSMM23WXD6,2024,2025-09-29,FLAWCMHNPWH7
2024-12-GSAFAC-0000380857,CVNSMM23WXD6,2024,2025-09-29,GC84BDB74QD8
2024-12-GSAFAC-0000380857,CVNSMM23WXD6,2024,2025-09-29,SXU5MLNZK585
2024-12-GSAFAC-0000380857,CVNSMM23WXD6,2024,2025-09-29,DNMLKP14J658
2024-12-GSAFAC-0000380857,CVNSMM23WXD6,2024,2025-09-29,QELWY94UYFM5
2024-12-GSAFAC-0000380857,CVNSMM23WXD6,2024,2025-09-29,KQ4JJBW6EKC5
2024-12-GSAFAC-0000380857,CVNSMM23WXD6,2024,2025-09-29,R2M5UGZL8G28
2024-12-GSAFAC-0000380857,CVNSMM23WXD6,2024,2025-09-29,CRNAVJGBZNS7
2024-12-GSAFAC-0000380857,CVNSMM23WXD6,2024,2025-09-29,CK6LAK1RETT7
2024-12-GSAFAC-0000380857,CVNSMM23WXD6,2024,2025-09-29,UERKZZHGNC29
2024-12-GSAFAC-0000380857,CVNSMM23WXD6,2024,2025-09-29,RC5GW214NKH7
2024-12-GSAFAC-0000380857,CVNSMM23WXD6,2024,2025-09-29,NECNSQR6NAC4
2024-12-GSAFAC-0000380857,CVNSMM23WXD6,2024,2025-09-29,PGMBGHLDKJ61
2024-12-GSAFAC-0000380857,CVNSMM23WXD6,2024,2025-09-29,V7BZNZUM91F8
2024-12-GSAFAC-0000380857,CVNSMM23WXD6,2024,2025-09-29,HBRNMEKGUSN8
2024-12-GSAFAC-0000380857,CVNSMM23WXD6,2024,2025-09-29,GJEGY1JQEGT5
2024-12-GSAFAC-0000380857,CVNSMM23WXD6,2024,2025-09-29,HNW1N6J866L8
2024-12-GSAFAC-0000380857,CVNSMM23WXD6,2024,2025-09-29,G467UTEXUGC3
2024-12-GSAFAC-0000383490,TD92Q57QB4L8,2024,2025-09-29,FQJKZN46LGF6
2024-12-GSAFAC-0000383490,TD92Q57QB4L8,2024,2025-09-29,N19GCBW7P238
2024-12-GSAFAC-0000383490,TD92Q57QB4L8,2024,2025-09-29,EVTHK2CFJ1J4
2024-12-GSAFAC-0000383490,TD92Q57QB4L8,2024,2025-09-29,D7CUMTMKKR39
2024-12-GSAFAC-0000372577,Y1NCJPHD98A4,2024,2025-09-29,UKFNC7RS8S19
2024-12-GSAFAC-0000372577,Y1NCJPHD98A4,2024,2025-09-29,EGK1YK1JJEK1
2024-12-GSAFAC-0000372577,Y1NCJPHD98A4,2024,2025-09-29,K7RLNJN53JB5
2024-12-GSAFAC-0000382482,L3EMLJ4LBD95,2024,2025-09-29,GR6LF2MX74J9
2024-12-GSAFAC-0000380610,R9NXPE2GTCN9,2024,2025-09-29,XAJSD24AK7X1
2024-12-GSAFAC-0000380610,R9NXPE2GTCN9,2024,2025-09-29,WXC7UADFXWJ5
2024-12-GSAFAC-0000380610,R9NXPE2GTCN9,2024,2025-09-29,JCBZK54BS6X7
2024-12-GSAFAC-0000381618,H58CPAYE6UE5,2024,2025-09-29,LJ9GJQDWF8P7
2024-12-GSAFAC-0000381618,H58CPAYE6UE5,2024,2025-09-29,L2PJV7Z73R24
2024-12-GSAFAC-0000381618,H58CPAYE6UE5,2024,2025-09-29,JQ4FMWPBHJJ3
2024-12-GSAFAC-0000381618,H58CPAYE6UE5,2024,2025-09-29,HEB5QGGCF5E3
2024-12-GSAFAC-0000381372,KSDFFG66ZVM9,2024,2025-09-29,E135W93LXCK7
2024-12-GSAFAC-0000381372,KSDFFG66ZVM9,2024,2025-09-29,CGMNNLDTA4D3
2024-12-GSAFAC-0000381372,KSDFFG66ZVM9,2024,2025-09-29,UZRJUFLBHMM8
2024-12-GSAFAC-0000381372,KSDFFG66ZVM9,2024,2025-09-29,ZBKEF99EJCS3
2024-12-GSAFAC-0000381372,KSDFFG66ZVM9,2024,2025-09-29,XHURJAJ7FLH3
2024-12-GSAFAC-0000383328,WLRQXN3BT119,2024,2025-09-29,DKW1MZFJAB38
2024-12-GSAFAC-0000383328,WLRQXN3BT119,2024,2025-09-29,XP68BK7UC4B8
2024-12-GSAFAC-0000383328,WLRQXN3BT119,2024,2025-09-29,GN6WBRFDWL36
2024-12-GSAFAC-0000380281,QUQ9UCCMQ4A1,2024,2025-09-29,KNF2PRQFED48
2024-12-GSAFAC-0000380281,QUQ9UCCMQ4A1,2024,2025-09-29,KYB1PLVWPQH1
2024-12-GSAFAC-0000380281,QUQ9UCCMQ4A1,2024,2025-09-29,GDE4VAAXVBE5
2024-12-GSAFAC-0000380281,QUQ9UCCMQ4A1,2024,2025-09-29,YEX3XSS93PC7
2024-12-GSAFAC-0000380281,QUQ9UCCMQ4A1,2024,2025-09-29,VJR3QWHGA669
2024-12-GSAFAC-0000380281,QUQ9UCCMQ4A1,2024,2025-09-29,D3HNBA9G7BS1
2024-12-GSAFAC-0000380281,QUQ9UCCMQ4A1,2024,2025-09-29,LLJJAZCVR5Z6
2024-12-GSAFAC-0000380281,QUQ9UCCMQ4A1,2024,2025-09-29,HA2JRZRRWU51
2024-12-GSAFAC-0000380281,QUQ9UCCMQ4A1,2024,2025-09-29,E3PWJ5BGMXH8
2024-12-GSAFAC-0000380281,QUQ9UCCMQ4A1,2024,2025-09-29,LC5CQGMMN6T7
2024-12-GSAFAC-0000380281,QUQ9UCCMQ4A1,2024,2025-09-29,QFC6JJCHETJ7
2024-12-GSAFAC-0000380281,QUQ9UCCMQ4A1,2024,2025-09-29,Q4BGTJEDPMA9
2024-12-GSAFAC-0000380281,QUQ9UCCMQ4A1,2024,2025-09-29,D5NZC3ARWC35
2024-12-GSAFAC-0000380281,QUQ9UCCMQ4A1,2024,2025-09-29,S1LSVYNRL4S5
2024-12-GSAFAC-0000380281,QUQ9UCCMQ4A1,2024,2025-09-29,ZRSUA5VCJNG6
2024-12-GSAFAC-0000380281,QUQ9UCCMQ4A1,2024,2025-09-29,LZQMTMARC8Q3
2024-12-GSAFAC-0000380281,QUQ9UCCMQ4A1,2024,2025-09-29,C18EBBEWXEM3
2024-12-GSAFAC-0000380281,QUQ9UCCMQ4A1,2024,2025-09-29,TQLAP4HEDSL3
2024-12-GSAFAC-0000380281,QUQ9UCCMQ4A1,2024,2025-09-29,E1D1LQ5QENJ8
2024-12-GSAFAC-0000380281,QUQ9UCCMQ4A1,2024,2025-09-29,CF2SNDQJU7N3
2024-12-GSAFAC-0000380281,QUQ9UCCMQ4A1,2024,2025-09-29,DXGXDR7KJ565
2024-12-GSAFAC-0000380281,QUQ9UCCMQ4A1,2024,2025-09-29,EU1QJXNMWKE9
2024-12-GSAFAC-0000380281,QUQ9UCCMQ4A1,2024,2025-09-29,DQB6GALLSCE5
2024-12-GSAFAC-0000380281,QUQ9UCCMQ4A1,2024,2025-09-29,JB2KQG7MNQ59
2024-12-GSAFAC-0000380281,QUQ9UCCMQ4A1,2024,2025-09-29,XT2WV99LXHW9
2024-12-GSAFAC-0000380281,QUQ9UCCMQ4A1,2024,2025-09-29,HNMYT5H9VQH3
2024-12-GSAFAC-0000380281,QUQ9UCCMQ4A1,2024,2025-09-29,PVAPTETAC8Q8
2024-12-GSAFAC-0000380281,QUQ9UCCMQ4A1,2024,2025-09-29,QWUXQFBRC5R3
2024-12-GSAFAC-0000380281,QUQ9UCCMQ4A1,2024,2025-09-29,KRMNTKYRCJ83
2024-12-GSAFAC-0000380281,QUQ9UCCMQ4A1,2024,2025-09-29,RJG9MSZ4GBT3
2024-12-GSAFAC-0000380281,QUQ9UCCMQ4A1,2024,2025-09-29,TS2LXAN2W8A8
2024-12-GSAFAC-0000380281,QUQ9UCCMQ4A1,2024,2025-09-29,QCRLT5KG69N5
2024-12-GSAFAC-0000380281,QUQ9UCCMQ4A1,2024,2025-09-29,KTY3NEXN42K7
2024-12-GSAFAC-0000380281,QUQ9UCCMQ4A1,2024,2025-09-29,C18DN9HZPTS3
2024-12-GSAFAC-0000380281,QUQ9UCCMQ4A1,2024,2025-09-29,CK2NYA5KEVC8
2024-12-GSAFAC-0000382340,HJ9MJE14RS98,2024,2025-09-30,MJNNYU5EJSH7
2024-12-GSAFAC-0000380545,E55DVC4GWBD7,2024,2025-09-30,RNMFPH8RSV48
2024-12-GSAFAC-0000371889,YACNK6XX6XV1,2024,2025-09-30,TNS3JHEJ1N49
2024-12-GSAFAC-0000371889,YACNK6XX6XV1,2024,2025-09-30,M4T7JDCXMLK8
2024-12-GSAFAC-0000371889,YACNK6XX6XV1,2024,2025-09-30,YA3GFJBHKMH3
2024-12-GSAFAC-0000371889,YACNK6XX6XV1,2024,2025-09-30,K9HUJSEEV816
2024-12-GSAFAC-0000379049,H1TYS4PK8EC5,2024,2025-09-30,RKGPBMW6NKG4
2024-12-GSAFAC-0000379049,H1TYS4PK8EC5,2024,2025-09-30,XRE3NQAD1G46
2024-12-GSAFAC-0000379049,H1TYS4PK8EC5,2024,2025-09-30,UA7AX7FUZJQ3
2024-12-GSAFAC-0000379049,H1TYS4PK8EC5,2024,2025-09-30,LPMBKF56L628
2024-12-GSAFAC-0000379049,H1TYS4PK8EC5,2024,2025-09-30,J5GNRYNYJSK9
2024-12-GSAFAC-0000379049,H1TYS4PK8EC5,2024,2025-09-30,UP3MHMKRLZM4
2024-12-GSAFAC-0000379049,H1TYS4PK8EC5,2024,2025-09-30,QL6CL2BZJH36
2024-12-GSAFAC-0000381700,LCSFK2KRP5A4,2024,2025-09-30,EFH2QS4GMJ71
2024-12-GSAFAC-0000381700,LCSFK2KRP5A4,2024,2025-09-30,SN7KD2UK7GC5
2024-12-GSAFAC-0000377850,HC33WK5N73M3,2024,2025-09-30,MVJKPNJCT8D8
2024-12-GSAFAC-0000377850,HC33WK5N73M3,2024,2025-09-30,CKFGXP6W9B43
2024-12-GSAFAC-0000377850,HC33WK5N73M3,2024,2025-09-30,K9MJJ5BH8X91
2024-12-GSAFAC-0000377850,HC33WK5N73M3,2024,2025-09-30,XLZFXKNJ8MN3
2024-12-GSAFAC-0000377850,HC33WK5N73M3,2024,2025-09-30,YGQTL32X1ZZ5
2024-12-GSAFAC-0000377850,HC33WK5N73M3,2024,2025-09-30,MKJ9MNM9LEQ5
2024-12-GSAFAC-0000377850,HC33WK5N73M3,2024,2025-09-30,K5RMEMC57JF5
2024-12-GSAFAC-0000377850,HC33WK5N73M3,2024,2025-09-30,R5BFKKDB4FK1
2024-12-GSAFAC-0000377850,HC33WK5N73M3,2024,2025-09-30,CKFGXP6W9B43
2024-12-GSAFAC-0000377850,HC33WK5N73M3,2024,2025-09-30,YV3KYB3YPFC6
2024-12-GSAFAC-0000377850,HC33WK5N73M3,2024,2025-09-30,RNA1EBESJ1E9
2024-12-GSAFAC-0000378940,E88ARR6RKGR8,2024,2025-09-30,MKXFYVKTCLT5
2024-12-GSAFAC-0000378940,E88ARR6RKGR8,2024,2025-09-30,FJB5GDULJC53
2024-12-GSAFAC-0000378940,E88ARR6RKGR8,2024,2025-09-30,KWJDRMQZ5V45
2024-12-GSAFAC-0000383002,Q7LAGNDGVE15,2024,2025-09-30,NUZYRD6GAXP1
2024-12-GSAFAC-0000383629,P3D5QELU3P17,2024,2025-09-30,JMDQY6854FKS
2024-12-GSAFAC-0000381265,YJ1MX6KTQYN6,2024,2025-09-30,DZEXGRYMKM29
2024-12-GSAFAC-0000382770,FLL6M6KYSPH6,2024,2025-09-30,MZ9DFVC2J1B7
2024-12-GSAFAC-0000379901,FRUHKFJYXW23,2024,2025-09-30,Q4EUHV5M1C99
2024-12-GSAFAC-0000382563,LXDGLUD1MEQ7,2024,2025-09-30,Z23MCEN5YJJ3
2024-12-GSAFAC-0000382563,LXDGLUD1MEQ7,2024,2025-09-30,UVLDT1G6PJG5
2024-12-GSAFAC-0000382563,LXDGLUD1MEQ7,2024,2025-09-30,MN3UTRCYKH96
2024-12-GSAFAC-0000382563,LXDGLUD1MEQ7,2024,2025-09-30,SLQBKJGM72N8
2024-06-GSAFAC-0000376191,K3LWE6J8CUE6,2024,2025-09-30,CMFFEUG5AXE6
2024-06-GSAFAC-0000376191,K3LWE6J8CUE6,2024,2025-09-30,DS2TS6PZ46A8
2024-06-GSAFAC-0000376191,K3LWE6J8CUE6,2024,2025-09-30,EFSSZNGCUF26
2024-06-GSAFAC-0000376191,K3LWE6J8CUE6,2024,2025-09-30,EQ13XY5QXHL1
2024-06-GSAFAC-0000376191,K3LWE6J8CUE6,2024,2025-09-30,FDUVKCXGLK15
2024-06-GSAFAC-0000376191,K3LWE6J8CUE6,2024,2025-09-30,G7ZTDEJL47S9
2024-06-GSAFAC-0000376191,K3LWE6J8CUE6,2024,2025-09-30,GFGUWDYCHX23
2024-06-GSAFAC-0000376191,K3LWE6J8CUE6,2024,2025-09-30,GKTPEL8EXGP2
2024-06-GSAFAC-0000376191,K3LWE6J8CUE6,2024,2025-09-30,GKYLXFKKW522
2024-06-GSAFAC-0000376191,K3LWE6J8CUE6,2024,2025-09-30,HZLXEB71YNQ7
2024-06-GSAFAC-0000376191,K3LWE6J8CUE6,2024,2025-09-30,JA66JCMJS4F7
2024-06-GSAFAC-0000376191,K3LWE6J8CUE6,2024,2025-09-30,JRCJW7NL8FF9
2024-06-GSAFAC-0000376191,K3LWE6J8CUE6,2024,2025-09-30,K6RXPK4W58H4
2024-06-GSAFAC-0000376191,K3LWE6J8CUE6,2024,2025-09-30,KNZ6B1323J43
2024-06-GSAFAC-0000376191,K3LWE6J8CUE6,2024,2025-09-30,KRAJPRK1DX63
2024-06-GSAFAC-0000376191,K3LWE6J8CUE6,2024,2025-09-30,KRJVJQEBHC98
2024-06-GSAFAC-0000376191,K3LWE6J8CUE6,2024,2025-09-30,KRZBPVG7HJL4
2024-06-GSAFAC-0000376191,K3LWE6J8CUE6,2024,2025-09-30,LFNCGSDCDYN3
2024-06-GSAFAC-0000376191,K3LWE6J8CUE6,2024,2025-09-30,MFJ2GYLK1MN1
2024-06-GSAFAC-0000376191,K3LWE6J8CUE6,2024,2025-09-30,MUHSCJ5X9NN4
2024-06-GSAFAC-0000376191,K3LWE6J8CUE6,2024,2025-09-30,R69KPT2XCQ88
2024-06-GSAFAC-0000376191,K3LWE6J8CUE6,2024,2025-09-30,T8XNGD5MB9N5
2024-06-GSAFAC-0000376191,K3LWE6J8CUE6,2024,2025-09-30,UETLXV8NG8F4
2024-06-GSAFAC-0000376191,K3LWE6J8CUE6,2024,2025-09-30,UFBFLMJKU6Y7
2024-06-GSAFAC-0000376191,K3LWE6J8CUE6,2024,2025-09-30,V7LBR35JCUQ5
2024-06-GSAFAC-0000376191,K3LWE6J8CUE6,2024,2025-09-30,VN13YZQ3C8B9
2024-06-GSAFAC-0000376191,K3LWE6J8CUE6,2024,2025-09-30,W6SDC59J9437
2024-06-GSAFAC-0000376191,K3LWE6J8CUE6,2024,2025-09-30,YD4LJEBMQVP6
2024-06-GSAFAC-0000376191,K3LWE6J8CUE6,2024,2025-09-30,LFNCGSDCDYN4
2024-06-GSAFAC-0000376191,K3LWE6J8CUE6,2024,2025-09-30,V87MS7447Q26
2024-06-GSAFAC-0000376191,K3LWE6J8CUE6,2024,2025-09-30,KKJLGLSDXA69
2024-06-GSAFAC-0000376191,K3LWE6J8CUE6,2024,2025-09-30,QLUAWH28TG83
2024-12-GSAFAC-0000382418,J5ZXT2W8K7S7,2024,2025-09-30,V1ESA74FX8R5
2024-12-GSAFAC-0000382418,J5ZXT2W8K7S7,2024,2025-09-30,ZRM1YXF6JVR3
2024-12-GSAFAC-0000382418,J5ZXT2W8K7S7,2024,2025-09-30,S9TRRJT4BRQ4
2024-12-GSAFAC-0000382418,J5ZXT2W8K7S7,2024,2025-09-30,TCMKQXK87YC8
2024-12-GSAFAC-0000382418,J5ZXT2W8K7S7,2024,2025-09-30,E5LXGW33D6F5
2024-12-GSAFAC-0000383943,KMKBS5RJ3JE5,2024,2025-09-30,FZGBL3GFFWD8
2024-12-GSAFAC-0000382374,J3QACS9PPD99,2024,2025-09-30,Z63DZC1M5GU5
2024-12-GSAFAC-0000382374,J3QACS9PPD99,2024,2025-09-30,GY85JKFJLGV5
2024-12-GSAFAC-0000382374,J3QACS9PPD99,2024,2025-09-30,GYVKBCHDKDL9
2024-12-GSAFAC-0000382374,J3QACS9PPD99,2024,2025-09-30,LCEJCAJUNP85
2024-12-GSAFAC-0000382374,J3QACS9PPD99,2024,2025-09-30,JF5HTK2G3JP9
2024-12-GSAFAC-0000382374,J3QACS9PPD99,2024,2025-09-30,ZNHEG4PH2BW9
2024-12-GSAFAC-0000382374,J3QACS9PPD99,2024,2025-09-30,SLX6NJUN9C75
2024-12-GSAFAC-0000382374,J3QACS9PPD99,2024,2025-09-30,G2FNAC1E5V64
2024-12-GSAFAC-0000382374,J3QACS9PPD99,2024,2025-09-30,LQXANYSE1RM6
2024-12-GSAFAC-0000382374,J3QACS9PPD99,2024,2025-09-30,PVDAACZCNLL6
2024-12-GSAFAC-0000382374,J3QACS9PPD99,2024,2025-09-30,DEQDANNWLRP5
2024-12-GSAFAC-0000382374,J3QACS9PPD99,2024,2025-09-30,FBUEC3MNUKK8
2024-12-GSAFAC-0000382374,J3QACS9PPD99,2024,2025-09-30,J132XXKVZ9L8
2024-12-GSAFAC-0000382374,J3QACS9PPD99,2024,2025-09-30,JL7JDSH8JBM5
2024-12-GSAFAC-0000382374,J3QACS9PPD99,2024,2025-09-30,W5J3J53QNRW7
2024-12-GSAFAC-0000382374,J3QACS9PPD99,2024,2025-09-30,SHS6GUU76QL5
2024-12-GSAFAC-0000382374,J3QACS9PPD99,2024,2025-09-30,FFU7MGR419H1
2024-12-GSAFAC-0000382374,J3QACS9PPD99,2024,2025-09-30,H2CPU3SETVF8
2024-12-GSAFAC-0000382374,J3QACS9PPD99,2024,2025-09-30,H988FCEVZMG7
2024-12-GSAFAC-0000382374,J3QACS9PPD99,2024,2025-09-30,C8KFLEDNXL35
2024-12-GSAFAC-0000382374,J3QACS9PPD99,2024,2025-09-30,J5JWTP7NJWD1
2024-12-GSAFAC-0000382374,J3QACS9PPD99,2024,2025-09-30,EE6US2GWGJE5
2024-12-GSAFAC-0000382374,J3QACS9PPD99,2024,2025-09-30,M6PLJ886HJ43
2024-12-GSAFAC-0000382374,J3QACS9PPD99,2024,2025-09-30,LKE3EZWUF6J3
2024-12-GSAFAC-0000382374,J3QACS9PPD99,2024,2025-09-30,REVLNHX66AB5
2024-12-GSAFAC-0000382374,J3QACS9PPD99,2024,2025-09-30,QJFVKVXAM6L3
2024-12-GSAFAC-0000382374,J3QACS9PPD99,2024,2025-09-30,MSJXQJK9H7L7
2024-12-GSAFAC-0000382374,J3QACS9PPD99,2024,2025-09-30,M1JTFNBGFAS5
2024-12-GSAFAC-0000382374,J3QACS9PPD99,2024,2025-09-30,MECUU9PPG5D4
2024-12-GSAFAC-0000382374,J3QACS9PPD99,2024,2025-09-30,DGKMSY36X7V5
2024-12-GSAFAC-0000382374,J3QACS9PPD99,2024,2025-09-30,LV79CDMPQK67
2024-12-GSAFAC-0000382374,J3QACS9PPD99,2024,2025-09-30,M3JUCGLM37B4
2024-12-GSAFAC-0000382374,J3QACS9PPD99,2024,2025-09-30,CDTEY4J7A888
2024-12-GSAFAC-0000382374,J3QACS9PPD99,2024,2025-09-30,MU93RC61JY13
2024-12-GSAFAC-0000382374,J3QACS9PPD99,2024,2025-09-30,U6BKDVQZNZM1
2024-12-GSAFAC-0000382374,J3QACS9PPD99,2024,2025-09-30,CDTEY4J7A888
2024-12-GSAFAC-0000382374,J3QACS9PPD99,2024,2025-09-30,MJJMUJA11MR5
2024-12-GSAFAC-0000382374,J3QACS9PPD99,2024,2025-09-30,XJNCDQERF9J8
2024-12-GSAFAC-0000382374,J3QACS9PPD99,2024,2025-09-30,VMKDJCCCNLE4
2024-12-GSAFAC-0000382374,J3QACS9PPD99,2024,2025-09-30,FFWLJD1JRYF4
2024-12-GSAFAC-0000382374,J3QACS9PPD99,2024,2025-09-30,UBUAKMD4VWD1
2024-12-GSAFAC-0000382374,J3QACS9PPD99,2024,2025-09-30,MHNJPRSAMA53
2024-12-GSAFAC-0000382374,J3QACS9PPD99,2024,2025-09-30,KGXGYLSNHGU5
2024-12-GSAFAC-0000382374,J3QACS9PPD99,2024,2025-09-30,TBPZLUJMSHJ5
2024-12-GSAFAC-0000382374,J3QACS9PPD99,2024,2025-09-30,XNL9LUL1YRM8
2024-12-GSAFAC-0000382374,J3QACS9PPD99,2024,2025-09-30,JTJFM5915BC9
2024-12-GSAFAC-0000382374,J3QACS9PPD99,2024,2025-09-30,CRQHZE8266M6
2024-12-GSAFAC-0000382374,J3QACS9PPD99,2024,2025-09-30,J5XFQCL1RGR3
2024-12-GSAFAC-0000382374,J3QACS9PPD99,2024,2025-09-30,JBE3SZT1M147
2024-12-GSAFAC-0000382374,J3QACS9PPD99,2024,2025-09-30,EV57K4LNZJ79
2024-12-GSAFAC-0000382374,J3QACS9PPD99,2024,2025-09-30,KNGDYWFTNK65
2024-12-GSAFAC-0000382374,J3QACS9PPD99,2024,2025-09-30,UXB4ECJKMUW9
2024-12-GSAFAC-0000382374,J3QACS9PPD99,2024,2025-09-30,ER7YB6NK13S9
2024-12-GSAFAC-0000382374,J3QACS9PPD99,2024,2025-09-30,DNMVQPV3ZKP3
2024-12-GSAFAC-0000382374,J3QACS9PPD99,2024,2025-09-30,ET9CAKVN98F4
2024-12-GSAFAC-0000382374,J3QACS9PPD99,2024,2025-09-30,CF77RVKWTJF3
2024-12-GSAFAC-0000382374,J3QACS9PPD99,2024,2025-09-30,TMLGTP3HRLB8
2024-12-GSAFAC-0000382374,J3QACS9PPD99,2024,2025-09-30,L237SX7U4EK4
2024-12-GSAFAC-0000382374,J3QACS9PPD99,2024,2025-09-30,EHYGA67HCPZ8
2024-12-GSAFAC-0000382374,J3QACS9PPD99,2024,2025-09-30,QS2BD3LPAQV3
2024-12-GSAFAC-0000382374,J3QACS9PPD99,2024,2025-09-30,LW3EPC3SSYP3
2024-12-GSAFAC-0000382374,J3QACS9PPD99,2024,2025-09-30,TK69VE1RGQ91
2024-12-GSAFAC-0000382374,J3QACS9PPD99,2024,2025-09-30,J36FE8KWTGG7
2024-12-GSAFAC-0000382374,J3QACS9PPD99,2024,2025-09-30,X5XGBCL1N785
2024-12-GSAFAC-0000382374,J3QACS9PPD99,2024,2025-09-30,CSGKTBM82R75
2024-12-GSAFAC-0000382374,J3QACS9PPD99,2024,2025-09-30,F3YJH3HTED93
2024-12-GSAFAC-0000382374,J3QACS9PPD99,2024,2025-09-30,PYQ9VAK2C9Y5
2024-12-GSAFAC-0000382374,J3QACS9PPD99,2024,2025-09-30,CTZ8A2F5EH19
2024-12-GSAFAC-0000382374,J3QACS9PPD99,2024,2025-09-30,CYAFUG1ZJLN1
2024-12-GSAFAC-0000382374,J3QACS9PPD99,2024,2025-09-30,DB1QCSK2J6D3
2024-12-GSAFAC-0000382374,J3QACS9PPD99,2024,2025-09-30,N5LWDWUCA2P1
2024-12-GSAFAC-0000382374,J3QACS9PPD99,2024,2025-09-30,U5JAR8AVL649
2024-12-GSAFAC-0000382374,J3QACS9PPD99,2024,2025-09-30,X17AZDZJFM75
2024-12-GSAFAC-0000382374,J3QACS9PPD99,2024,2025-09-30,SMDJQG62LLC8
2024-12-GSAFAC-0000382374,J3QACS9PPD99,2024,2025-09-30,JQNZUQRTR6C8
2024-12-GSAFAC-0000382374,J3QACS9PPD99,2024,2025-09-30,YVHLG47DJ5K1
2024-12-GSAFAC-0000382374,J3QACS9PPD99,2024,2025-09-30,Z111T543FBE5
2024-12-GSAFAC-0000382374,J3QACS9PPD99,2024,2025-09-30,MFLQDC3SE9H3
2024-12-GSAFAC-0000382374,J3QACS9PPD99,2024,2025-09-30,RCMQXKJWRCS5
2024-12-GSAFAC-0000382374,J3QACS9PPD99,2024,2025-09-30,RP55FBX6LQ14
2024-12-GSAFAC-0000382374,J3QACS9PPD99,2024,2025-09-30,FHMYDNZUMKY5
2024-12-GSAFAC-0000383734,GSHBDBJBZYU5,2024,2025-09-30,TJXSZRTTRVP9
2024-12-GSAFAC-0000383734,GSHBDBJBZYU5,2024,2025-09-30,WNN6KTKB8G97
2024-12-GSAFAC-0000382327,SF1SQWQ8L9M4,2024,2025-09-30,QKGCV2U6YGL4
2024-12-GSAFAC-0000382327,SF1SQWQ8L9M4,2024,2025-09-30,GDTAL8EDAB65
2024-12-GSAFAC-0000382327,SF1SQWQ8L9M4,2024,2025-09-30,NF1PWDQLP968
2024-12-GSAFAC-0000382327,SF1SQWQ8L9M4,2024,2025-09-30,KUKXRCZ6NZC2
2024-12-GSAFAC-0000383931,LR6AB92EJWE5,2024,2025-09-30,J4S2HS91V9X1
2024-12-GSAFAC-0000383931,LR6AB92EJWE5,2024,2025-09-30,S52SHJZQ97G6
2024-12-GSAFAC-0000383931,LR6AB92EJWE5,2024,2025-09-30,CSB6QRSYE9L5
2024-12-GSAFAC-0000383931,LR6AB92EJWE5,2024,2025-09-30,C613UL53GND5
2024-12-GSAFAC-0000381227,E35GYKN3S8R9,2024,2025-09-30,FFS6G99RN6G4
2024-12-GSAFAC-0000381227,E35GYKN3S8R9,2024,2025-09-30,J17LDM8AUKL5
2024-12-GSAFAC-0000381227,E35GYKN3S8R9,2024,2025-09-30,DMMGGN9XJBN9
2024-12-GSAFAC-0000381227,E35GYKN3S8R9,2024,2025-09-30,UHVMZK1C4A31
2024-12-GSAFAC-0000381227,E35GYKN3S8R9,2024,2025-09-30,UMNYAFKF4239
2024-12-GSAFAC-0000381227,E35GYKN3S8R9,2024,2025-09-30,E21KNVM6RLH1
2024-12-GSAFAC-0000381227,E35GYKN3S8R9,2024,2025-09-30,ET9ALK36E6G1
2024-12-GSAFAC-0000381227,E35GYKN3S8R9,2024,2025-09-30,MYKJCKLAMNC1
2024-12-GSAFAC-0000381227,E35GYKN3S8R9,2024,2025-09-30,WVSNMUS866J5
2024-12-GSAFAC-0000381227,E35GYKN3S8R9,2024,2025-09-30,UZAMJ7J5APN1
2024-12-GSAFAC-0000381227,E35GYKN3S8R9,2024,2025-09-30,C5LHMPRJ9J19
2024-12-GSAFAC-0000381227,E35GYKN3S8R9,2024,2025-09-30,VT54XYF9QUV7
2024-12-GSAFAC-0000381227,E35GYKN3S8R9,2024,2025-09-30,MGGPG4XZLJK3
2024-12-GSAFAC-0000381227,E35GYKN3S8R9,2024,2025-09-30,F8SFKNMG5KF1
2024-12-GSAFAC-0000381227,E35GYKN3S8R9,2024,2025-09-30,NGTUWNG71LS5
2024-12-GSAFAC-0000381227,E35GYKN3S8R9,2024,2025-09-30,R3V6LK3WLBU4
2024-12-GSAFAC-0000381227,E35GYKN3S8R9,2024,2025-09-30,LP66CGDKAMX5
2024-12-GSAFAC-0000381227,E35GYKN3S8R9,2024,2025-09-30,Y8DNDM3516N3
2024-12-GSAFAC-0000381227,E35GYKN3S8R9,2024,2025-09-30,Y819DVKNXMV5
2024-12-GSAFAC-0000381227,E35GYKN3S8R9,2024,2025-09-30,W4ENXQA9AK66
2024-12-GSAFAC-0000381227,E35GYKN3S8R9,2024,2025-09-30,Y8AGR7S2SAZ8
2024-12-GSAFAC-0000381227,E35GYKN3S8R9,2024,2025-09-30,W5NJUU4N77A6
2024-12-GSAFAC-0000383690,LA6VARLM6LV3,2024,2025-09-30,EWL7FM62WCC6
2024-12-GSAFAC-0000383690,LA6VARLM6LV3,2024,2025-09-30,CBV4XY9GKFV9
2024-12-GSAFAC-0000383690,LA6VARLM6LV3,2024,2025-09-30,HKXZMW6N7LG5
2024-12-GSAFAC-0000383690,LA6VARLM6LV3,2024,2025-09-30,E7KMQMKY7991
2024-12-GSAFAC-0000383690,LA6VARLM6LV3,2024,2025-09-30,TLC5J2R23TD3
2024-12-GSAFAC-0000383690,LA6VARLM6LV3,2024,2025-09-30,ZNGNKRPFH3C9
2024-12-GSAFAC-0000383690,LA6VARLM6LV3,2024,2025-09-30,EA5SANRAJEX7
2024-12-GSAFAC-0000383690,LA6VARLM6LV3,2024,2025-09-30,PVYYA8EDY7R5
2024-12-GSAFAC-0000383690,LA6VARLM6LV3,2024,2025-09-30,Q1DMN5G884W5
2024-12-GSAFAC-0000384206,GULXA55K4YK9,2024,2025-09-30,FLXLR8H16F79
2024-12-GSAFAC-0000384206,GULXA55K4YK9,2024,2025-09-30,KPQDYZ6N2JK7
2024-12-GSAFAC-0000382167,XRUPX18KWLF4,2024,2025-09-30,NDBVYCNGFCK9
2024-12-GSAFAC-0000382167,XRUPX18KWLF4,2024,2025-09-30,LM67E6VNDC45
2024-12-GSAFAC-0000382167,XRUPX18KWLF4,2024,2025-09-30,PL4QNYKHV8Q7
2024-06-GSAFAC-0000372194,WMRHA68SMK19,2024,2025-09-30,FKKJJ9H5EAT4
2024-06-GSAFAC-0000372194,WMRHA68SMK19,2024,2025-09-30,PLJUSN67ELV7
2024-12-GSAFAC-0000379274,S39WRD889FF3,2024,2025-09-30,NQVSHKNEZ5C3
2024-12-GSAFAC-0000379274,S39WRD889FF3,2024,2025-09-30,JZ9NUUZU3UW8
2024-12-GSAFAC-0000379274,S39WRD889FF3,2024,2025-09-30,FJWLMDEML1Y1
2024-12-GSAFAC-0000379274,S39WRD889FF3,2024,2025-09-30,FJCHFWKRQ8X8
2024-12-GSAFAC-0000379274,S39WRD889FF3,2024,2025-09-30,WYMTA67R2F17
2024-12-GSAFAC-0000379274,S39WRD889FF3,2024,2025-09-30,H7CQZLBH36W7
2024-12-GSAFAC-0000379274,S39WRD889FF3,2024,2025-09-30,XBTJF6RC9C86
2024-12-GSAFAC-0000379274,S39WRD889FF3,2024,2025-09-30,WZZUX3DS8T38
2024-12-GSAFAC-0000379274,S39WRD889FF3,2024,2025-09-30,VHBTGCNZEE56
2024-12-GSAFAC-0000379274,S39WRD889FF3,2024,2025-09-30,KA3UNNL3MW33
2024-12-GSAFAC-0000379274,S39WRD889FF3,2024,2025-09-30,UCR8ZKDQQ7V1
2024-12-GSAFAC-0000379274,S39WRD889FF3,2024,2025-09-30,TCKMETL21HM4
2024-12-GSAFAC-0000384202,NN5FAKV47EK6,2024,2025-09-30,DCUKY4AK7SL4
2024-12-GSAFAC-0000384202,NN5FAKV47EK6,2024,2025-09-30,P5NRL19MJ1X7
2024-12-GSAFAC-0000380375,XQ13M2XEKT46,2024,2025-09-30,G5QGN8MQFSJ6
2024-12-GSAFAC-0000380375,XQ13M2XEKT46,2024,2025-09-30,MBBKLCRHFEG3
2024-12-GSAFAC-0000381228,KJSXV7BX15K5,2024,2025-09-30,FLBYP1YMGA68
2024-12-GSAFAC-0000381032,G75TKKHR9KE1,2024,2025-09-30,HRA2K196V4K4
2024-12-GSAFAC-0000384207,TL8GNEUJJ1K4,2024,2025-09-30,HBWCWN9U72H8
2022-09-GSAFAC-0000352624,LQHVPBLNMEB3,2022,2025-09-30,NKH4NTXNW8C6
2022-09-GSAFAC-0000352624,LQHVPBLNMEB3,2022,2025-09-30,K8R8XURGA1E1
2022-09-GSAFAC-0000352624,LQHVPBLNMEB3,2022,2025-09-30,F7BJJFNDLUM3
2022-09-GSAFAC-0000352624,LQHVPBLNMEB3,2022,2025-09-30,RQ5YRSAYE6E5
2022-09-GSAFAC-0000352624,LQHVPBLNMEB3,2022,2025-09-30,SGNYMN3YKS17
2022-09-GSAFAC-0000352624,LQHVPBLNMEB3,2022,2025-09-30,GYUGFLL3L2C4
2022-09-GSAFAC-0000352624,LQHVPBLNMEB3,2022,2025-09-30,CPBZB5PFK479
2022-09-GSAFAC-0000352624,LQHVPBLNMEB3,2022,2025-09-30,FRLYGBM41QA5
2022-09-GSAFAC-0000352624,LQHVPBLNMEB3,2022,2025-09-30,YFCYX9HW6B45
2022-09-GSAFAC-0000352624,LQHVPBLNMEB3,2022,2025-09-30,GZZCMHU5KJG5
2022-09-GSAFAC-0000352624,LQHVPBLNMEB3,2022,2025-09-30,YEYTW8NR6KG6
2022-09-GSAFAC-0000352624,LQHVPBLNMEB3,2022,2025-09-30,MF2QT24J7AP6
2022-09-GSAFAC-0000352624,LQHVPBLNMEB3,2022,2025-09-30,GYUGFLL3L2C4
2022-09-GSAFAC-0000352624,LQHVPBLNMEB3,2022,2025-09-30,GCULBBHVJ3D6
2022-09-GSAFAC-0000352624,LQHVPBLNMEB3,2022,2025-09-30,KUZBNSL8G891
2022-09-GSAFAC-0000352624,LQHVPBLNMEB3,2022,2025-09-30,NE9CJJMDMP65
2022-09-GSAFAC-0000352624,LQHVPBLNMEB3,2022,2025-09-30,NFXZQC368EM3
2022-09-GSAFAC-0000352624,LQHVPBLNMEB3,2022,2025-09-30,D5H2UMK7KNW5
2022-09-GSAFAC-0000352624,LQHVPBLNMEB3,2022,2025-09-30,XTK2U53XMDN7
2022-09-GSAFAC-0000352624,LQHVPBLNMEB3,2022,2025-09-30,D7NKM2BJ3Q13
2022-09-GSAFAC-0000352624,LQHVPBLNMEB3,2022,2025-09-30,X1CLDN4MKMU5
2022-09-GSAFAC-0000352624,LQHVPBLNMEB3,2022,2025-09-30,C618JL3U4YD5
2022-09-GSAFAC-0000352624,LQHVPBLNMEB3,2022,2025-09-30,DTR5HQNKF117
2022-09-GSAFAC-0000352624,LQHVPBLNMEB3,2022,2025-09-30,DJBBVD7ETN63
2022-09-GSAFAC-0000352624,LQHVPBLNMEB3,2022,2025-09-30,NN5MFYYQ3EH9
2022-09-GSAFAC-0000352624,LQHVPBLNMEB3,2022,2025-09-30,LZGKULQ38EF3
2022-09-GSAFAC-0000352624,LQHVPBLNMEB3,2022,2025-09-30,HFM5B66BFM97
2022-09-GSAFAC-0000352624,LQHVPBLNMEB3,2022,2025-09-30,PHT6Y4YAXAH4
2022-09-GSAFAC-0000352624,LQHVPBLNMEB3,2022,2025-09-30,RPSYLDPAE775
2022-09-GSAFAC-0000352624,LQHVPBLNMEB3,2022,2025-09-30,Q2KHYDLL2M54
2022-09-GSAFAC-0000352624,LQHVPBLNMEB3,2022,2025-09-30,LMC2X6SKGYJ1
2024-12-GSAFAC-0000382739,WAMPBFHE2994,2024,2025-09-30,FT78TCZZ8NQ1
2023-12-GSAFAC-0000059686,M6UMU9H92NJ5,2023,2025-09-30,KNTLG3WFPNQ9
2023-12-GSAFAC-0000059686,M6UMU9H92NJ5,2023,2025-09-30,F7TBRHC7C3M6
2024-12-GSAFAC-0000381005,M6UMU9H92NJ5,2024,2025-09-30,KNTLG3WFPNQ9
2024-12-GSAFAC-0000381005,M6UMU9H92NJ5,2024,2025-09-30,F7TBRHC7C3M6
2024-12-GSAFAC-0000383356,M1WWK228R8D3,2024,2025-09-30,NL91G23A4DF7
2024-12-GSAFAC-0000383356,M1WWK228R8D3,2024,2025-09-30,W7FEJGJBLZA5
2024-12-GSAFAC-0000382011,V37FF7QGCV99,2024,2025-09-30,NM4XG8MD7K25
2024-12-GSAFAC-0000382011,V37FF7QGCV99,2024,2025-09-30,D1LFR2TLJ9L9
2024-12-GSAFAC-0000382996,MVD2FYL8RZU4,2024,2025-09-30,E6V7KFTL6TD6
2024-12-GSAFAC-0000382996,MVD2FYL8RZU4,2024,2025-09-30,JH8QFEVK95K3
2024-12-GSAFAC-0000382996,MVD2FYL8RZU4,2024,2025-09-30,C14QUH2TSSN5
2024-12-GSAFAC-0000382996,MVD2FYL8RZU4,2024,2025-09-30,DKW9C4KCHMP1
2024-12-GSAFAC-0000382996,MVD2FYL8RZU4,2024,2025-09-30,RQH3UNSSC3L6
2024-12-GSAFAC-0000382996,MVD2FYL8RZU4,2024,2025-09-30,P5HSNXN9QHJ8
2024-12-GSAFAC-0000382105,JWD8RBBKLL83,2024,2025-09-30,UDNAWKUGTQL4
2024-12-GSAFAC-0000382105,JWD8RBBKLL83,2024,2025-09-30,HJSBSDHFJDN7
2024-12-GSAFAC-0000382105,JWD8RBBKLL83,2024,2025-09-30,FL75GQCGLXY5
2024-12-GSAFAC-0000382105,JWD8RBBKLL83,2024,2025-09-30,NGEBPJ92X7G7
2024-12-GSAFAC-0000382291,TW7TS5HCGJ57,2024,2025-09-30,EPTZFKLRCAL8
2024-12-GSAFAC-0000382291,TW7TS5HCGJ57,2024,2025-09-30,QZLTJJ4F9D51
2024-12-GSAFAC-0000383696,LCSFK2KRP5A4,2024,2025-09-30,EFH2QS4GMJ71
2024-12-GSAFAC-0000383696,LCSFK2KRP5A4,2024,2025-09-30,SN7KD2UK7GC5
2024-12-GSAFAC-0000382693,X3J4ZFLNKKM9,2024,2025-09-30,HBADHAWD93B9
2024-12-GSAFAC-0000382693,X3J4ZFLNKKM9,2024,2025-09-30,QMJKS8JDBSB4
2024-12-GSAFAC-0000382693,X3J4ZFLNKKM9,2024,2025-09-30,L4RFJA1TZAD1
2024-12-GSAFAC-0000382693,X3J4ZFLNKKM9,2024,2025-09-30,JB8DE3DN92S1
2024-12-GSAFAC-0000381082,M5KMR3DZJQR6,2024,2025-09-30,C11KXJTP6ED1
2024-12-GSAFAC-0000381082,M5KMR3DZJQR6,2024,2025-09-30,C6SFFSTJNT13
2024-12-GSAFAC-0000381082,M5KMR3DZJQR6,2024,2025-09-30,ECRDBXBBPMY1
2024-12-GSAFAC-0000381082,M5KMR3DZJQR6,2024,2025-09-30,EKB5BDL3S9E3
2024-12-GSAFAC-0000381082,M5KMR3DZJQR6,2024,2025-09-30,EKYMVZEBNU66
2024-12-GSAFAC-0000381082,M5KMR3DZJQR6,2024,2025-09-30,ET1JR286PNW6
2024-12-GSAFAC-0000381082,M5KMR3DZJQR6,2024,2025-09-30,FRLFZPD64VR3
2024-12-GSAFAC-0000381082,M5KMR3DZJQR6,2024,2025-09-30,GBA9DEBSUK63
2024-12-GSAFAC-0000381082,M5KMR3DZJQR6,2024,2025-09-30,GPFUNSUJZC74
2024-12-GSAFAC-0000381082,M5KMR3DZJQR6,2024,2025-09-30,GZ5WW5GZY2A5
2024-12-GSAFAC-0000381082,M5KMR3DZJQR6,2024,2025-09-30,H3R1MLL2VLT7
2024-12-GSAFAC-0000381082,M5KMR3DZJQR6,2024,2025-09-30,H71PDDJJM1Z3
2024-12-GSAFAC-0000381082,M5KMR3DZJQR6,2024,2025-09-30,HKK1Q5J5LVM5
2024-12-GSAFAC-0000381082,M5KMR3DZJQR6,2024,2025-09-30,HW72VKV5BKA4
2024-12-GSAFAC-0000381082,M5KMR3DZJQR6,2024,2025-09-30,JG5LWZC25FH8
2024-12-GSAFAC-0000381082,M5KMR3DZJQR6,2024,2025-09-30,K5KGQAFDKCA3
2024-12-GSAFAC-0000381082,M5KMR3DZJQR6,2024,2025-09-30,KUPWHQYG5RR3
2024-12-GSAFAC-0000381082,M5KMR3DZJQR6,2024,2025-09-30,MG5UCJ9KLRH8
2024-12-GSAFAC-0000381082,M5KMR3DZJQR6,2024,2025-09-30,MJG3EF753U24
2024-12-GSAFAC-0000381082,M5KMR3DZJQR6,2024,2025-09-30,MLLKCEPLLNB5
2024-12-GSAFAC-0000381082,M5KMR3DZJQR6,2024,2025-09-30,MPJMU3DHSVN5
2024-12-GSAFAC-0000381082,M5KMR3DZJQR6,2024,2025-09-30,MUS2WPD3HQJ8
2024-12-GSAFAC-0000381082,M5KMR3DZJQR6,2024,2025-09-30,MZNTEK94AEF8
2024-12-GSAFAC-0000381082,M5KMR3DZJQR6,2024,2025-09-30,N16JHYXBFCF8
2024-12-GSAFAC-0000381082,M5KMR3DZJQR6,2024,2025-09-30,E453B7SHHZ55
2024-12-GSAFAC-0000381082,M5KMR3DZJQR6,2024,2025-09-30,NAEPLHD26D19
2024-12-GSAFAC-0000381082,M5KMR3DZJQR6,2024,2025-09-30,NZ2RBLAWKDN6
2024-12-GSAFAC-0000381082,M5KMR3DZJQR6,2024,2025-09-30,PJL4NDZK55J1
2024-12-GSAFAC-0000381082,M5KMR3DZJQR6,2024,2025-09-30,PXMAJFN9KBY9
2024-12-GSAFAC-0000381082,M5KMR3DZJQR6,2024,2025-09-30,QE7NUNFCNUH3
2024-12-GSAFAC-0000381082,M5KMR3DZJQR6,2024,2025-09-30,QGH1PBR2R6G3
2024-12-GSAFAC-0000381082,M5KMR3DZJQR6,2024,2025-09-30,RG2GTSYTHE73
2024-12-GSAFAC-0000381082,M5KMR3DZJQR6,2024,2025-09-30,T94DFVJH63C5
2024-12-GSAFAC-0000381082,M5KMR3DZJQR6,2024,2025-09-30,TKXEQ6QFNN16
2024-12-GSAFAC-0000381082,M5KMR3DZJQR6,2024,2025-09-30,TWPNCSP4N699
2024-12-GSAFAC-0000381082,M5KMR3DZJQR6,2024,2025-09-30,WB37MHU2NZD3
2024-12-GSAFAC-0000381082,M5KMR3DZJQR6,2024,2025-09-30,WMU1SKKU8GY4
2024-12-GSAFAC-0000381082,M5KMR3DZJQR6,2024,2025-09-30,XYCMC7DJ8VN5
2024-12-GSAFAC-0000381082,M5KMR3DZJQR6,2024,2025-09-30,YHGJHGFXLP88
2024-12-GSAFAC-0000381082,M5KMR3DZJQR6,2024,2025-09-30,YLN5XLUBAW55
2024-12-GSAFAC-0000376987,FM35YJ3MRQD8,2024,2025-09-30,LK6JJKJ9RVS3
2024-12-GSAFAC-0000376987,FM35YJ3MRQD8,2024,2025-09-30,G4ALRBCZ52G7
2024-12-GSAFAC-0000376987,FM35YJ3MRQD8,2024,2025-09-30,GCQJY8LKDWM5
2024-12-GSAFAC-0000376987,FM35YJ3MRQD8,2024,2025-09-30,C8H9CNG1VBD9
2024-12-GSAFAC-0000376987,FM35YJ3MRQD8,2024,2025-09-30,HLMFKK5KNX39
2024-12-GSAFAC-0000376987,FM35YJ3MRQD8,2024,2025-09-30,SJRHLPN3L9T8
2024-12-GSAFAC-0000383274,G7L7BTRRNGL5,2024,2025-10-01,FP1VD1HU5HV7
2024-12-GSAFAC-0000383274,G7L7BTRRNGL5,2024,2025-10-01,LNHLMH7FBN85
2024-12-GSAFAC-0000383274,G7L7BTRRNGL5,2024,2025-10-01,F1GLMKFDVLA9
2024-12-GSAFAC-0000383274,G7L7BTRRNGL5,2024,2025-10-01,EN6ZGNN7MYP3
2024-12-GSAFAC-0000383274,G7L7BTRRNGL5,2024,2025-10-01,G8YCM43T2TA3
2024-12-GSAFAC-0000383274,G7L7BTRRNGL5,2024,2025-10-01,V1XFGKETLAL9
2024-12-GSAFAC-0000383274,G7L7BTRRNGL5,2024,2025-10-01,GZYYXW4MJ4A7
2024-12-GSAFAC-0000383274,G7L7BTRRNGL5,2024,2025-10-01,R11FE19PQAF5
2024-12-GSAFAC-0000383274,G7L7BTRRNGL5,2024,2025-10-01,NZR3FW4MHNJ8
2024-12-GSAFAC-0000383274,G7L7BTRRNGL5,2024,2025-10-01,U51KJYZM2DW3
2023-12-GSAFAC-0000384400,GEJWCQYMRN55,2023,2025-10-01,NM9EUXLRFND1
2024-12-GSAFAC-0000381291,JFV1DN5EUUC6,2024,2025-10-01,KEA1AAJPAEZ8
2024-12-GSAFAC-0000381291,JFV1DN5EUUC6,2024,2025-10-01,GWVJVTL6ESW3
2024-12-GSAFAC-0000381291,JFV1DN5EUUC6,2024,2025-10-01,NJJTJFLNHDU1
2024-12-GSAFAC-0000384571,HZBZRL853VK5,2024,2025-10-01,VNL8YGXFABJ5
2023-12-GSAFAC-0000060562,HZBZRL853VK5,2023,2025-10-01,VNL8YGXFABJ5
2023-12-GSAFAC-0000384549,VJBRXARQ79N5,2023,2025-10-02,F5GJWLG15VZ8
2024-06-GSAFAC-0000378256,USEVEB68LJQ7,2024,2025-10-02,NPBZU7JUCLH3
2024-06-GSAFAC-0000378256,USEVEB68LJQ7,2024,2025-10-02,LC43ZWR8ADW6
2024-06-GSAFAC-0000378256,USEVEB68LJQ7,2024,2025-10-02,D78LWGWT2WF8
2024-06-GSAFAC-0000378256,USEVEB68LJQ7,2024,2025-10-02,ZW74JL369923
2024-06-GSAFAC-0000378256,USEVEB68LJQ7,2024,2025-10-02,WSKJA4RCG2Y7
2024-12-GSAFAC-0000383762,DHMAVG2SEJN7,2024,2025-10-02,FWW8HMVGTV93
2025-03-GSAFAC-0000384498,Q9TDZMN6V428,2025,2025-10-07,YBVDQ1JZUNU1
2024-06-GSAFAC-0000385022,MKX7K2PKSAA8,2024,2025-10-09,PLK4JNT7F6N3
2024-12-GSAFAC-0000380264,MKUJBCZRGUM8,2024,2025-10-09,LGHBJMLVD8H3
2024-06-GSAFAC-0000385208,NKL8CX8CHTK7,2024,2025-10-11,RWYZNLPZKHN7
2024-12-GSAFAC-0000385005,NNJUR1Q5MXH5,2024,2025-10-14,QN64ZJ96APZ7
2024-09-GSAFAC-0000385658,FTNCVLFGM4G9,2024,2025-10-20,EPMRY2DNCXF5
2021-06-GSAFAC-0000384610,MQ3FWM6AMEK3,2021,2025-10-20,Q7PMG3ELJ881
2021-06-GSAFAC-0000384610,MQ3FWM6AMEK3,2021,2025-10-20,F9DYC4ZNYS24
2025-03-GSAFAC-0000368325,NSVFUEY25ML8,2025,2025-10-23,VLRTB12G6KR4
2025-03-GSAFAC-0000368325,NSVFUEY25ML8,2025,2025-10-23,SM48XARY78F8
2025-03-GSAFAC-0000368325,NSVFUEY25ML8,2025,2025-10-23,FJPHELBK1623
2024-08-GSAFAC-0000385957,UH5QZ8P84MW7,2024,2025-10-23,TE3KWL2ABYN9
2024-08-GSAFAC-0000385957,UH5QZ8P84MW7,2024,2025-10-23,EE5LCANPCCK5
2024-08-GSAFAC-0000385957,UH5QZ8P84MW7,2024,2025-10-23,H9FVLMKTNM36
2024-08-GSAFAC-0000385957,UH5QZ8P84MW7,2024,2025-10-23,RP99LNXEXNR5
2025-03-GSAFAC-0000386072,FVZJJD5B2346,2025,2025-10-23,L84LM5AXQUB5
2025-03-GSAFAC-0000386072,FVZJJD5B2346,2025,2025-10-23,PHWEBH5REK51
2024-12-GSAFAC-0000381938,ZLCHYJMAL855,2024,2025-10-27,JPVLCEBWG4J6
2024-12-GSAFAC-0000381938,ZLCHYJMAL855,2024,2025-10-27,J4JGEKQ1V6R3
2024-12-GSAFAC-0000386235,JDH8QZ8G4C85,2024,2025-10-27,SNG2K99VYK81
2024-12-GSAFAC-0000386235,JDH8QZ8G4C85,2024,2025-10-27,E7X6MVJ6CD68
2024-09-GSAFAC-0000386026,XHZZTYNBBLA3,2024,2025-10-28,GKJNYWWXQSJ9
2024-09-GSAFAC-0000386026,XHZZTYNBBLA3,2024,2025-10-28,R23HRU3LD623
2025-04-GSAFAC-0000385977,TBZGU3FJLHC3,2025,2025-11-03,C1FFRZV8BC21
2024-12-GSAFAC-0000385983,SRS5A64BPVG4,2024,2025-11-04,X1JBJMDRYNV1
2024-12-GSAFAC-0000385983,SRS5A64BPVG4,2024,2025-11-04,ZN1HK5W5AM83
2024-12-GSAFAC-0000385983,SRS5A64BPVG4,2024,2025-11-04,VSKZVVUN8MD5
2024-06-GSAFAC-0000386713,M7AFLCZLZNE5,2024,2025-11-05,FYGMKQM2HMY7
2024-06-GSAFAC-0000386713,M7AFLCZLZNE5,2024,2025-11-05,ML29NS565T23
2024-12-GSAFAC-0000387295,JG2GWM46KPB3,2024,2025-11-11,JSB3VB5J9YV4
2024-12-GSAFAC-0000387295,JG2GWM46KPB3,2024,2025-11-11,RGJNQZLH6QR1
2024-09-GSAFAC-0000357589,TGPAPG89LW44,2024,2025-11-12,J6XPE9J7NGS5
2024-09-GSAFAC-0000357589,TGPAPG89LW44,2024,2025-11-12,Z749CNGN8DB1
2024-09-GSAFAC-0000357589,TGPAPG89LW44,2024,2025-11-12,GNR5MWBCJN64
2024-09-GSAFAC-0000357589,TGPAPG89LW44,2024,2025-11-12,QD4UZ5K1AEB3
2024-09-GSAFAC-0000357589,TGPAPG89LW44,2024,2025-11-12,VKXKZJ58LKT5
2024-09-GSAFAC-0000357589,TGPAPG89LW44,2024,2025-11-12,DPZHMMML4K73
2024-09-GSAFAC-0000357589,TGPAPG89LW44,2024,2025-11-12,C15CT52MD4F1
2024-09-GSAFAC-0000357589,TGPAPG89LW44,2024,2025-11-12,FUXCNG2ACMZ4
2024-09-GSAFAC-0000357589,TGPAPG89LW44,2024,2025-11-12,LHLNERRPNUH3
2024-09-GSAFAC-0000357589,TGPAPG89LW44,2024,2025-11-12,U8HBR64AQTK3
2024-09-GSAFAC-0000355746,V82BD6AMJKY8,2024,2025-11-12,FBRMQ5EJHM81
2024-09-GSAFAC-0000355746,V82BD6AMJKY8,2024,2025-11-12,HPH3SDUHNLL5
2024-09-GSAFAC-0000355746,V82BD6AMJKY8,2024,2025-11-12,GWA1L59X66E9
2024-09-GSAFAC-0000355746,V82BD6AMJKY8,2024,2025-11-12,GBZUL9HJ7NG5
2024-09-GSAFAC-0000355746,V82BD6AMJKY8,2024,2025-11-12,EF8HLN3CCQQ5
2024-12-GSAFAC-0000386733,M63BVJDRPLL5,2024,2025-11-13,FJJZTJ2HR6R3
2023-06-GSAFAC-0000383399,M2Q4MZVZ8HY9,2023,2025-11-14,LMRJDP2J3ZK9
2023-06-GSAFAC-0000383399,M2Q4MZVZ8HY9,2023,2025-11-14,HMSCSVVDLAF5
2023-06-GSAFAC-0000383399,M2Q4MZVZ8HY9,2023,2025-11-14,PP8JQCNK3LK6
2023-06-GSAFAC-0000383399,M2Q4MZVZ8HY9,2023,2025-11-14,Q4B6QWXR8B31
2024-12-GSAFAC-0000383110,EMJRADN5CG59,2024,2025-11-18,GKBLJ5MBV478
2025-05-GSAFAC-0000386707,LD3WUVEUK2N5,2025,2025-11-19,ZH25BC2S2GM9
2025-05-GSAFAC-0000386707,LD3WUVEUK2N5,2025,2025-11-19,N69LLVNLD5F1
2023-06-GSAFAC-0000386794,MKX7K2PKSAA8,2023,2025-11-20,PLK4JNT7F6N3
2025-06-GSAFAC-0000388077,FJ3SBWYWSAR9,2025,2025-11-21,GUZLY5FN1L31
2024-12-GSAFAC-0000387090,P95LBG9M87C5,2024,2025-11-24,JBHSBJ2RJY59
2024-12-GSAFAC-0000387090,P95LBG9M87C5,2024,2025-11-24,DCYMEXMPJNL8
2024-12-GSAFAC-0000387090,P95LBG9M87C5,2024,2025-11-24,MNYTEA6E3RJ7
2025-03-GSAFAC-0000387402,JLPNDP22H6K4,2025,2025-11-24,W6JLN9ALWL34
2025-03-GSAFAC-0000387402,JLPNDP22H6K4,2025,2025-11-24,JBNFD4YKACZ2
2024-12-GSAFAC-0000387678,ELDLFBGFAK81,2024,2025-11-25,ESHMM3EG6PX6
2024-12-GSAFAC-0000387678,ELDLFBGFAK81,2024,2025-11-25,D4K3L3K465X9
2024-12-GSAFAC-0000387678,ELDLFBGFAK81,2024,2025-11-25,DS2ND13K3UL8
2025-06-GSAFAC-0000387743,CNUUB31H7KV5,2025,2025-11-25,VQ3QMJP671W9
2025-06-GSAFAC-0000388048,T2RUKCBNB4M3,2025,2025-11-25,EKENML4A9PZ5
2025-02-GSAFAC-0000388208,HC6KFMYKA3G9,2025,2025-11-25,K7S4YDPCK377
2025-02-GSAFAC-0000388208,HC6KFMYKA3G9,2025,2025-11-25,KZGLNK9P52N5
2025-02-GSAFAC-0000388208,HC6KFMYKA3G9,2025,2025-11-25,VBD7LLHA3MJ3
2025-02-GSAFAC-0000388208,HC6KFMYKA3G9,2025,2025-11-25,DUNPM99HLN85
2025-03-GSAFAC-0000387879,LJGXZD8JD818,2025,2025-11-26,L3UNXTRS7Y39
2025-03-GSAFAC-0000387879,LJGXZD8JD818,2025,2025-11-26,YLUJLFMJJ746
2025-03-GSAFAC-0000387879,LJGXZD8JD818,2025,2025-11-26,M3C4E614KEC1
2025-03-GSAFAC-0000387879,LJGXZD8JD818,2025,2025-11-26,WQ9ZUCBQCD59
2025-03-GSAFAC-0000387879,LJGXZD8JD818,2025,2025-11-26,JDRWP3LNNQW4
2025-03-GSAFAC-0000387879,LJGXZD8JD818,2025,2025-11-26,ZKESMWZTRKN3
2025-03-GSAFAC-0000387879,LJGXZD8JD818,2025,2025-11-26,FF8FNE2NH5N7
2025-03-GSAFAC-0000387879,LJGXZD8JD818,2025,2025-11-26,CU8BW3C5F771
2025-03-GSAFAC-0000387879,LJGXZD8JD818,2025,2025-11-26,FRJXGCCNEUY9
2025-03-GSAFAC-0000388292,Y42TA8X65QT5,2025,2025-12-02,EBGLCMBKNNB3
2025-06-GSAFAC-0000386631,HKFNF96ZVWK8,2025,2025-12-03,VH2RKKQXMD66
2024-12-GSAFAC-0000376208,P54SAXB46GW1,2024,2025-12-04,VPQKWA58TS83
2024-12-GSAFAC-0000376208,P54SAXB46GW1,2024,2025-12-04,D344MVJJPH36
2024-12-GSAFAC-0000376208,P54SAXB46GW1,2024,2025-12-04,N64HNBK1ZJ68
2025-06-GSAFAC-0000389142,NGUNMAMMG393,2025,2025-12-04,UFLWRDF8WQV6
2025-06-GSAFAC-0000389193,TE7NY33LUGJ7,2025,2025-12-04,EY8VE1ZWELD3
2025-06-GSAFAC-0000389193,TE7NY33LUGJ7,2025,2025-12-04,JCM9KNHM6FR1
2025-06-GSAFAC-0000389193,TE7NY33LUGJ7,2025,2025-12-04,JD13LHJR4EM9
2025-06-GSAFAC-0000389474,HPMPHYRFX5T5,2025,2025-12-05,H1TCZPAD25B3
2025-06-GSAFAC-0000389209,UHPTM7F9SXF9,2025,2025-12-05,GCX7KFGY78U9
2024-06-GSAFAC-0000376273,JJFDLM198F57,2024,2025-12-05,ZL9NCJ1T4FU7
2024-06-GSAFAC-0000376273,JJFDLM198F57,2024,2025-12-05,NTRGTMRWE575
2024-06-GSAFAC-0000376273,JJFDLM198F57,2024,2025-12-05,CXN2BDLTW565
2024-12-GSAFAC-0000389080,U7YFG97KNMG6,2024,2025-12-05,WCXPKVKPF3G7
2025-06-GSAFAC-0000389806,ZYBAZZ3ZEN44,2025,2025-12-08,G1MBC8ULC6K6
2025-06-GSAFAC-0000389806,ZYBAZZ3ZEN44,2025,2025-12-08,LMWMGK3JAYC4
2025-06-GSAFAC-0000389806,ZYBAZZ3ZEN44,2025,2025-12-08,Q1RLU5KEG2Y9
2025-06-GSAFAC-0000385810,ZTYYL9NL5QX9,2025,2025-12-08,P9CME28YMRJ1
2025-06-GSAFAC-0000385810,ZTYYL9NL5QX9,2025,2025-12-08,UW1FNLD5AM95
2025-06-GSAFAC-0000385810,ZTYYL9NL5QX9,2025,2025-12-08,F8N5YHE63HE9
2025-06-GSAFAC-0000385810,ZTYYL9NL5QX9,2025,2025-12-08,DQYXRVFM9LJ9
2025-06-GSAFAC-0000385810,ZTYYL9NL5QX9,2025,2025-12-08,QK1NNSMSEJG9
2025-03-GSAFAC-0000379748,C5LAXH11CRQ7,2025,2025-12-08,UABYFT4L35X9
2025-03-GSAFAC-0000379748,C5LAXH11CRQ7,2025,2025-12-08,HN8PJ6V1ETZ2
2025-06-GSAFAC-0000387780,F5XNKJYXFVM3,2025,2025-12-08,CKM7W88A7175
2024-09-GSAFAC-0000386712,KEBVZNK93W87,2024,2025-12-08,N545DUC9BCR1
2024-09-GSAFAC-0000386712,KEBVZNK93W87,2024,2025-12-08,KAAMMFK1JJL8
2025-06-GSAFAC-0000378827,KJ5QVM5VATN5,2025,2025-12-09,JR6XFBBD3J79
2025-06-GSAFAC-0000388703,MWLWJBTFZ5N5,2025,2025-12-09,KPLPNVH9ABJ9
2025-06-GSAFAC-0000388703,MWLWJBTFZ5N5,2025,2025-12-09,MRXPGMNHB7M4
2025-06-GSAFAC-0000384931,QGWZT63766L6,2025,2025-12-10,U4AEA1VYB7M5
2025-06-GSAFAC-0000384931,QGWZT63766L6,2025,2025-12-10,L36SP927DHK4
2025-06-GSAFAC-0000389815,YWQ7CJRKQNX6,2025,2025-12-10,MNRQNPDVFVJ6
2025-06-GSAFAC-0000389815,YWQ7CJRKQNX6,2025,2025-12-10,EX98LQ16KKH9
2025-06-GSAFAC-0000389815,YWQ7CJRKQNX6,2025,2025-12-10,KDMXAUY17FN7
2025-06-GSAFAC-0000389815,YWQ7CJRKQNX6,2025,2025-12-10,NVMBLB62ZNS7
2025-06-GSAFAC-0000389815,YWQ7CJRKQNX6,2025,2025-12-10,RPTAP66TXRZ2
2025-06-GSAFAC-0000389815,YWQ7CJRKQNX6,2025,2025-12-10,T19ALNWD9154
2025-06-GSAFAC-0000389815,YWQ7CJRKQNX6,2025,2025-12-10,YSEKV2QRKK36
2025-06-GSAFAC-0000390489,NNCAHMFHXQ13,2025,2025-12-10,SL4SEKUJMSP8
2025-05-GSAFAC-0000387615,N5E7UNMDT711,2025,2025-12-10,LRWWXLVE9W65
2025-05-GSAFAC-0000387615,N5E7UNMDT711,2025,2025-12-10,EMTGV78SSL27
2025-05-GSAFAC-0000387615,N5E7UNMDT711,2025,2025-12-10,E3EQMGHLEFD7
2025-06-GSAFAC-0000389985,Q333GZUS8Q67,2025,2025-12-10,H9MGBK72DKJ6
2025-06-GSAFAC-0000381457,YF9AG9XCMMX4,2025,2025-12-10,U6DSGBRPSWN5
2025-06-GSAFAC-0000379542,ELU8XNFHD2F5,2025,2025-12-10,KJALCUUFTB33
2025-06-GSAFAC-0000385955,FYPENE4ABBG6,2025,2025-12-12,EEBGL6LPGY97
2025-06-GSAFAC-0000390937,MWLLXKHNBGB6,2025,2025-12-12,XJJGG29HMXZ4
2025-06-GSAFAC-0000391336,G7EGD64KMYL1,2025,2025-12-12,FGMJG59V5N65
2025-06-GSAFAC-0000389847,M9MYFN337FB9,2025,2025-12-12,N6CCSJ75L2J7
2025-06-GSAFAC-0000379523,L51BRGER9AC1,2025,2025-12-12,KZLMGGLNLZ78
2025-06-GSAFAC-0000379523,L51BRGER9AC1,2025,2025-12-12,P4CKYLBKLB38
2025-06-GSAFAC-0000379523,L51BRGER9AC1,2025,2025-12-12,YUHPMMN3AAW1
2025-06-GSAFAC-0000379523,L51BRGER9AC1,2025,2025-12-12,G3ANMA9UF9M5
2025-06-GSAFAC-0000379523,L51BRGER9AC1,2025,2025-12-12,RK89T2JP1JB9
2025-06-GSAFAC-0000390733,D9H9WUJTUQ26,2025,2025-12-12,NA68YGMFPXS7
2025-06-GSAFAC-0000391743,C6P8SN1RJMX5,2025,2025-12-12,F9RNKR5FE174
2025-06-GSAFAC-0000391743,C6P8SN1RJMX5,2025,2025-12-12,JUFWH1NM6FM6
2025-06-GSAFAC-0000391743,C6P8SN1RJMX5,2025,2025-12-12,SFDBFWLT6V42
2025-06-GSAFAC-0000391806,GXL2R9ANB8T3,2025,2025-12-15,SJ33A9EBB7P4
2025-06-GSAFAC-0000390547,F8WGYAGJY4J4,2025,2025-12-15,GB7CEP411J67
2021-12-GSAFAC-0000387908,JG87LFAXJWF1,2021,2025-12-15,GRHWWKBJN4E3
2025-06-GSAFAC-0000391849,J765M6WJN8Y3,2025,2025-12-15,S3Y2AY4ZATN9
2025-06-GSAFAC-0000392052,RCVMQW96BYS8,2025,2025-12-15,RMMAC21CM8S6
2025-06-GSAFAC-0000391361,N3SZLNZSJZH3,2025,2025-12-15,ME4VZFCLAT67
2025-06-GSAFAC-0000391361,N3SZLNZSJZH3,2025,2025-12-15,PSNACTBUTRA7
2025-06-GSAFAC-0000391361,N3SZLNZSJZH3,2025,2025-12-15,NM7VCHWYQ187
2025-06-GSAFAC-0000391361,N3SZLNZSJZH3,2025,2025-12-15,LKJ3LNAS1Z13
2024-06-GSAFAC-0000388706,M2Q4MZVZ8HY9,2024,2025-12-15,LMRJDP2J3ZK9
2024-06-GSAFAC-0000388706,M2Q4MZVZ8HY9,2024,2025-12-15,HMSCSVVDLAF5
2024-06-GSAFAC-0000388706,M2Q4MZVZ8HY9,2024,2025-12-15,PP8JQCNK3LK6
2024-06-GSAFAC-0000388706,M2Q4MZVZ8HY9,2024,2025-12-15,Q4B6QWXR8B31
2023-06-GSAFAC-0000385087,LSU1QVJAD997,2023,2025-12-15,LDMHVCLJPSG8
2023-06-GSAFAC-0000385087,LSU1QVJAD997,2023,2025-12-15,DNPBE7JUEFU7
2023-06-GSAFAC-0000385087,LSU1QVJAD997,2023,2025-12-15,LGBZSJM3J2F1
2023-06-GSAFAC-0000385087,LSU1QVJAD997,2023,2025-12-15,NNP6FVTQU1J7
2025-06-GSAFAC-0000390252,HYMYPY96JAE8,2025,2025-12-16,DCEYSCULE7X7
2025-06-GSAFAC-0000390252,HYMYPY96JAE8,2025,2025-12-16,NU5AALWV11Z6
2025-06-GSAFAC-0000390252,HYMYPY96JAE8,2025,2025-12-16,L89FV7BRQJY3
2025-06-GSAFAC-0000390252,HYMYPY96JAE8,2025,2025-12-16,CT7CPQA7CJC5
2025-06-GSAFAC-0000390252,HYMYPY96JAE8,2025,2025-12-16,E6GWE2NG7CY8
2025-06-GSAFAC-0000390252,HYMYPY96JAE8,2025,2025-12-16,K6JJDKBAGT89
2025-06-GSAFAC-0000390252,HYMYPY96JAE8,2025,2025-12-16,TFE9BB9UAZ75
2025-06-GSAFAC-0000390252,HYMYPY96JAE8,2025,2025-12-16,PY5THQG76666
2025-06-GSAFAC-0000390252,HYMYPY96JAE8,2025,2025-12-16,RNYRNVXLDQ24
2025-06-GSAFAC-0000390252,HYMYPY96JAE8,2025,2025-12-16,NP1UZLG5JC68
2025-06-GSAFAC-0000390252,HYMYPY96JAE8,2025,2025-12-16,KECJL5AAZLM4
2025-06-GSAFAC-0000390252,HYMYPY96JAE8,2025,2025-12-16,V986NQU61JV5
2025-06-GSAFAC-0000390252,HYMYPY96JAE8,2025,2025-12-16,DMMRJ8HSGMY3
2025-06-GSAFAC-0000390252,HYMYPY96JAE8,2025,2025-12-16,UBFLKZ6TLGP3
2025-06-GSAFAC-0000390252,HYMYPY96JAE8,2025,2025-12-16,HYYAFRTVCNM4
2025-06-GSAFAC-0000390252,HYMYPY96JAE8,2025,2025-12-16,L87NVSGNFED8
2025-06-GSAFAC-0000390925,N1B8E37V5EW8,2025,2025-12-16,KTF6YBSY96J4
2025-06-GSAFAC-0000390925,N1B8E37V5EW8,2025,2025-12-16,MDG1LBD23D95
2025-06-GSAFAC-0000388591,HJXCTMXF7MP3,2025,2025-12-16,GY3MQV18WST5
2025-06-GSAFAC-0000388591,HJXCTMXF7MP3,2025,2025-12-16,Y1RLQCM5VXU7
2025-06-GSAFAC-0000392429,T6FUD1JTJN43,2025,2025-12-16,JTTQALGLSV39
2025-06-GSAFAC-0000392429,T6FUD1JTJN43,2025,2025-12-16,D1LGL3KKPLJ1
2025-06-GSAFAC-0000392429,T6FUD1JTJN43,2025,2025-12-16,P2PQG1GVNEX9
2025-06-GSAFAC-0000389679,C1MZSNM5PNJ6,2025,2025-12-17,CTB8N2UASUL4
2025-06-GSAFAC-0000389679,C1MZSNM5PNJ6,2025,2025-12-17,HVTJQX6JG8J1
2025-06-GSAFAC-0000391354,XNN9UWPHYJA4,2025,2025-12-17,DGRKF9JM8BZ5
2025-03-GSAFAC-0000389434,MER9REDX1D75,2025,2025-12-17,XSAHTX4J6B28
2025-06-GSAFAC-0000388788,SMCNXYE38AN7,2025,2025-12-17,WNKMPELMKCK1
2025-06-GSAFAC-0000386903,JK4TQLEH2PN5,2025,2025-12-17,VJ29NB8GUMS6
2025-06-GSAFAC-0000388323,FVSQANNLYGK1,2025,2025-12-17,JKY1FCYJL679
2025-06-GSAFAC-0000388323,FVSQANNLYGK1,2025,2025-12-17,QT42LWVZUWK1
2025-06-GSAFAC-0000388323,FVSQANNLYGK1,2025,2025-12-17,Z32EMCZV1TW5
2025-06-GSAFAC-0000393327,GTZDEDDQ6JQ4,2025,2025-12-17,GTZDEDDQ6JQ3
2025-06-GSAFAC-0000393060,XF9JQ8UJS7E5,2025,2025-12-17,Z87LN9N8A1W3
2025-06-GSAFAC-0000393060,XF9JQ8UJS7E5,2025,2025-12-17,ZGKWNNMM2K29
2025-06-GSAFAC-0000393060,XF9JQ8UJS7E5,2025,2025-12-17,ZGKWNNMM2K29
2025-06-GSAFAC-0000393060,XF9JQ8UJS7E5,2025,2025-12-17,SGALBWQBFYQ7
2024-06-GSAFAC-0000375745,HK2QL6YXLEK4,2024,2025-12-18,Q7FDNMR351A1
2024-06-GSAFAC-0000375745,HK2QL6YXLEK4,2024,2025-12-18,NSNHVVMXHFY1
2024-06-GSAFAC-0000375745,HK2QL6YXLEK4,2024,2025-12-18,KPKMKK3GR615
2023-06-GSAFAC-0000386459,HK2QL6YXLEK4,2023,2025-12-18,Q7FDNMR351A1
2023-06-GSAFAC-0000386459,HK2QL6YXLEK4,2023,2025-12-18,NSNHVVMXHFY1
2023-06-GSAFAC-0000386459,HK2QL6YXLEK4,2023,2025-12-18,KPKMKK3GR615
2025-06-GSAFAC-0000391604,VDJES6LKCB84,2025,2025-12-18,N1Q6TTLM9Q98
2025-06-GSAFAC-0000385652,YMDTWM21RUB6,2025,2025-12-18,QMELCHDN4XC1
2025-06-GSAFAC-0000393389,KP2JQZK5SRW3,2025,2025-12-18,DWQPEA76H8B6
2025-06-GSAFAC-0000392558,EJXNLWZDDMD3,2025,2025-12-18,H8FGHBNQLBP7
2025-06-GSAFAC-0000392558,EJXNLWZDDMD3,2025,2025-12-18,CCZSQRSVUUA3
2025-06-GSAFAC-0000391585,JPP6D7LVEBH8,2025,2025-12-18,Z3JDK39LLYZ9
2025-06-GSAFAC-0000391585,JPP6D7LVEBH8,2025,2025-12-18,PZJMZGRUY324
2025-06-GSAFAC-0000391585,JPP6D7LVEBH8,2025,2025-12-18,G21QUJT53MF8
2025-06-GSAFAC-0000391585,JPP6D7LVEBH8,2025,2025-12-18,D4Z5F5NVQJL7
2025-06-GSAFAC-0000388944,N5JNHNZM3WJ4,2025,2025-12-18,FK4YJ5DM9GG5
2025-06-GSAFAC-0000388944,N5JNHNZM3WJ4,2025,2025-12-18,GJ6PH13BLMW6
2025-06-GSAFAC-0000388944,N5JNHNZM3WJ4,2025,2025-12-18,S8WPHMS9NG76
2025-06-GSAFAC-0000388944,N5JNHNZM3WJ4,2025,2025-12-18,N13LCDPRMJ51
2025-06-GSAFAC-0000390633,G3LMNPHU7K79,2025,2025-12-18,P73LDUHFNSK7
2025-06-GSAFAC-0000390633,G3LMNPHU7K79,2025,2025-12-18,UPK4NR4DRL25
2025-06-GSAFAC-0000390633,G3LMNPHU7K79,2025,2025-12-18,UEUJH1VJAXQ9
2025-06-GSAFAC-0000390633,G3LMNPHU7K79,2025,2025-12-18,WWBVTCQTBZG3
2025-06-GSAFAC-0000392952,J2BETKUNA453,2025,2025-12-18,J7ATRLLJ27K3
2025-06-GSAFAC-0000392952,J2BETKUNA453,2025,2025-12-18,QWURCQQ7GHR8
2025-06-GSAFAC-0000392952,J2BETKUNA453,2025,2025-12-18,THJMR6LGBDZ5
2025-06-GSAFAC-0000392952,J2BETKUNA453,2025,2025-12-18,CRJNSWC1MJ64
2025-06-GSAFAC-0000392441,JET6VHXBW6H6,2025,2025-12-18,G9HJYF44KS16
2025-06-GSAFAC-0000392441,JET6VHXBW6H6,2025,2025-12-18,MX9LSEGS8ML1
2025-06-GSAFAC-0000392441,JET6VHXBW6H6,2025,2025-12-18,LGM7UQ9L7KR5
2025-06-GSAFAC-0000391779,D529MMWMNHW3,2025,2025-12-18,YLMUFAJEZPP6
2025-06-GSAFAC-0000391779,D529MMWMNHW3,2025,2025-12-18,SCSHJF2HHYL5
2025-06-GSAFAC-0000391779,D529MMWMNHW3,2025,2025-12-18,QCHAAFBGRN23
2025-06-GSAFAC-0000391779,D529MMWMNHW3,2025,2025-12-18,DN7RRGGMEMN5
2025-06-GSAFAC-0000391779,D529MMWMNHW3,2025,2025-12-18,M9TCHXR3F9M1
2025-06-GSAFAC-0000392032,UUSKVDUS1X77,2025,2025-12-18,G5NGZ1HXAX27
2025-06-GSAFAC-0000392032,UUSKVDUS1X77,2025,2025-12-18,G5FVVEYM4M53
2025-06-GSAFAC-0000392198,ZKU8R668GNR4,2025,2025-12-19,HVAYLQU925Q9
2025-06-GSAFAC-0000392198,ZKU8R668GNR4,2025,2025-12-19,L6M9G9NCQEB9
2025-06-GSAFAC-0000392198,ZKU8R668GNR4,2025,2025-12-19,L66GBBC9ERC5
2025-06-GSAFAC-0000388364,NY79MWUNAL37,2025,2025-12-19,NNK5VUUWCBG5
2025-06-GSAFAC-0000388364,NY79MWUNAL37,2025,2025-12-19,MS9FCMQQW9J1
2025-06-GSAFAC-0000388364,NY79MWUNAL37,2025,2025-12-19,Z4ASJUES8EZ6
2025-06-GSAFAC-0000388364,NY79MWUNAL37,2025,2025-12-19,LKWJZUJG5RX5
2025-06-GSAFAC-0000388364,NY79MWUNAL37,2025,2025-12-19,WXZ5W8YD44V8
2025-06-GSAFAC-0000388364,NY79MWUNAL37,2025,2025-12-19,LDLLRCFWD8Z3
2025-06-GSAFAC-0000390508,DMNAHQAW9XC1,2025,2025-12-19,DS7WSWLPMEJ1
2025-06-GSAFAC-0000386453,C4A1GH8YACH4,2025,2025-12-19,CRUKJNZKM1M3
2025-06-GSAFAC-0000386453,C4A1GH8YACH4,2025,2025-12-19,MA5RR9NSXK44
2025-06-GSAFAC-0000386453,C4A1GH8YACH4,2025,2025-12-19,ZG55KNXL82H6
2025-06-GSAFAC-0000386453,C4A1GH8YACH4,2025,2025-12-19,CJKQWS7N8TL7
2025-06-GSAFAC-0000386453,C4A1GH8YACH4,2025,2025-12-19,SK2KABBT6DM5
2025-06-GSAFAC-0000386453,C4A1GH8YACH4,2025,2025-12-19,C135FAS7RSH5
2025-06-GSAFAC-0000386453,C4A1GH8YACH4,2025,2025-12-19,MGENGLNQ5N53
2025-06-GSAFAC-0000386453,C4A1GH8YACH4,2025,2025-12-19,F4BQJEDD2L73
2025-06-GSAFAC-0000386453,C4A1GH8YACH4,2025,2025-12-19,D88KR8434TS8
2025-06-GSAFAC-0000386453,C4A1GH8YACH4,2025,2025-12-19,J9GYSPUAQJR9
2025-06-GSAFAC-0000388987,DT4SUBQNQ725,2025,2025-12-19,RA6NNATNASR2
2025-06-GSAFAC-0000388987,DT4SUBQNQ725,2025,2025-12-19,K5KLH15Y4VF3
2025-06-GSAFAC-0000388987,DT4SUBQNQ725,2025,2025-12-19,YLAJU6F2GSA4
2025-06-GSAFAC-0000388987,DT4SUBQNQ725,2025,2025-12-19,VDY9FPGKUMG4
2025-06-GSAFAC-0000388987,DT4SUBQNQ725,2025,2025-12-19,EQMAMREXKP63
2025-06-GSAFAC-0000388987,DT4SUBQNQ725,2025,2025-12-19,L9Y3X3E9NLP9
2025-06-GSAFAC-0000388987,DT4SUBQNQ725,2025,2025-12-19,MWE4Y31AG7N9
2025-06-GSAFAC-0000388987,DT4SUBQNQ725,2025,2025-12-19,N4XZLZRTUL41
2025-06-GSAFAC-0000388987,DT4SUBQNQ725,2025,2025-12-19,PGSLEWDNFK53
2025-06-GSAFAC-0000388987,DT4SUBQNQ725,2025,2025-12-19,XFR3A4N3ANG4
2025-06-GSAFAC-0000388987,DT4SUBQNQ725,2025,2025-12-19,F6VZC1ZDNWH9
2025-06-GSAFAC-0000388987,DT4SUBQNQ725,2025,2025-12-19,DAA5K6UCWRS6
2025-06-GSAFAC-0000388987,DT4SUBQNQ725,2025,2025-12-19,HWJDW7QMMKN3
2025-06-GSAFAC-0000388987,DT4SUBQNQ725,2025,2025-12-19,N8NAD71N58K3
2025-06-GSAFAC-0000388987,DT4SUBQNQ725,2025,2025-12-19,Q8JSMH5NZBJ8
2025-06-GSAFAC-0000388987,DT4SUBQNQ725,2025,2025-12-19,N4DCFTJHKLM7
2025-06-GSAFAC-0000388987,DT4SUBQNQ725,2025,2025-12-19,MYDNY8X4W3S5
2025-06-GSAFAC-0000388987,DT4SUBQNQ725,2025,2025-12-19,WJYRC7JD3UZ7
2025-06-GSAFAC-0000388987,DT4SUBQNQ725,2025,2025-12-19,X47JAG6LZUJ7
2025-06-GSAFAC-0000390802,DFX5MN4GKVL5,2025,2025-12-19,KGQVJ794GTK1
2025-03-GSAFAC-0000394050,N7XLYHWA1V79,2025,2025-12-19,QZHTUEMP5H29
2025-06-GSAFAC-0000383542,NJMBT82MLMJ6,2025,2025-12-19,L66WMLD9TKZ3
2025-06-GSAFAC-0000379860,SEJSLWUCL1E6,2025,2025-12-19,RWUKGG66VSY4
2025-06-GSAFAC-0000379860,SEJSLWUCL1E6,2025,2025-12-19,SE2EGFCDRGA1
2025-06-GSAFAC-0000386910,ZZ5WSC7D56X1,2025,2025-12-19,JK2LL598SCK4
2025-06-GSAFAC-0000386910,ZZ5WSC7D56X1,2025,2025-12-19,C2NKHCFJ6148
2025-09-GSAFAC-0000393150,GAPPWM4B92A8,2025,2025-12-19,H3SRT8JQML26
2025-09-GSAFAC-0000393150,GAPPWM4B92A8,2025,2025-12-19,MJJEFUPCHE54
2025-09-GSAFAC-0000393150,GAPPWM4B92A8,2025,2025-12-19,LXEJEU58YZG6
2025-09-GSAFAC-0000393150,GAPPWM4B92A8,2025,2025-12-19,FLLUUG9KN7B9
2025-09-GSAFAC-0000393150,GAPPWM4B92A8,2025,2025-12-19,XCSCUECBZ191
2025-09-GSAFAC-0000393150,GAPPWM4B92A8,2025,2025-12-19,H1MYY6JNZ6B5
2025-09-GSAFAC-0000393150,GAPPWM4B92A8,2025,2025-12-19,NPXGTX5G5C74
2025-09-GSAFAC-0000393150,GAPPWM4B92A8,2025,2025-12-19,LNHWAAHJMK51
2025-09-GSAFAC-0000393150,GAPPWM4B92A8,2025,2025-12-19,VUYJL5Q7YCZ3
2025-09-GSAFAC-0000393150,GAPPWM4B92A8,2025,2025-12-19,PAT8PGPNKMY3
2025-09-GSAFAC-0000393150,GAPPWM4B92A8,2025,2025-12-19,CF9KAZ9GXJU7
2025-06-GSAFAC-0000393897,HLTMVS2JZBS6,2025,2025-12-19,KK6NAHA8V1M4
2025-03-GSAFAC-0000389973,LBWAC6D182N9,2025,2025-12-20,KMYTNKF8MAF9
2025-03-GSAFAC-0000389973,LBWAC6D182N9,2025,2025-12-20,NC4DNBA2CMB4
2025-06-GSAFAC-0000391807,W7DSJ4G7YLN5,2025,2025-12-21,XZHMJY82E4D7
2025-06-GSAFAC-0000391320,GHMUR8F8ER13,2025,2025-12-22,X68KTCJSHH55
2025-06-GSAFAC-0000390476,D8XXKDNVK9Q5,2025,2025-12-22,KYA9WG7UE6W5
2025-06-GSAFAC-0000393394,U4KHJKG5FB18,2025,2025-12-22,X5A3XJ2EHQJ6
2025-06-GSAFAC-0000393394,U4KHJKG5FB18,2025,2025-12-22,DR69AN74WN35
2024-12-GSAFAC-0000388189,L2RTVEQU52B8,2024,2025-12-22,GPWGSBPJFXM4
2024-12-GSAFAC-0000388189,L2RTVEQU52B8,2024,2025-12-22,E61AWKTHKMH5
2024-12-GSAFAC-0000388189,L2RTVEQU52B8,2024,2025-12-22,FNYVMKNSB2K6
2024-12-GSAFAC-0000388189,L2RTVEQU52B8,2024,2025-12-22,M9LEXLBD1AR4
2025-06-GSAFAC-0000394450,JX5NC6HJQGL7,2025,2025-12-22,DJHLP5FQKAK9
2025-06-GSAFAC-0000394387,ECR5E2LU5BL6,2025,2025-12-22,WU7DM45TSM75
2024-12-GSAFAC-0000394313,G5S9DBM7WDN5,2024,2025-12-22,DZGLKK7H3LT5
2025-06-GSAFAC-0000392404,J55MNLBR3LV7,2025,2025-12-22,SDAZFD4NX177
2025-09-GSAFAC-0000393019,JDE5TNBH5R31,2025,2025-12-22,G4FGAMGNC1H7
2025-09-GSAFAC-0000393019,JDE5TNBH5R31,2025,2025-12-22,G3LQHNRUWCJ3
2025-09-GSAFAC-0000393019,JDE5TNBH5R31,2025,2025-12-22,Q5KWC1XN8NY9
2025-09-GSAFAC-0000393019,JDE5TNBH5R31,2025,2025-12-22,D8GZP9QMHF88
2025-08-GSAFAC-0000392805,RMY3LXEM29P3,2025,2025-12-22,K9F6JZ25GQ31
2025-06-GSAFAC-0000390006,GK9WVLJHK8H7,2025,2025-12-23,TQAVCLGQNE56
2025-06-GSAFAC-0000390006,GK9WVLJHK8H7,2025,2025-12-23,LS7DDFXXXWB7
2025-06-GSAFAC-0000390006,GK9WVLJHK8H7,2025,2025-12-23,T9WEG8DNMCM6
2025-06-GSAFAC-0000390006,GK9WVLJHK8H7,2025,2025-12-23,XHQSGA9325B4
2025-06-GSAFAC-0000390006,GK9WVLJHK8H7,2025,2025-12-23,TDJHQKVSXMG3
2025-06-GSAFAC-0000390006,GK9WVLJHK8H7,2025,2025-12-23,XG5SGJ1Y9318
2025-06-GSAFAC-0000390006,GK9WVLJHK8H7,2025,2025-12-23,TCQSQE82AND7
2025-06-GSAFAC-0000390006,GK9WVLJHK8H7,2025,2025-12-23,TS34JB8H3JJ1
2025-06-GSAFAC-0000390006,GK9WVLJHK8H7,2025,2025-12-23,LEH4SMQNELP8
2025-06-GSAFAC-0000390006,GK9WVLJHK8H7,2025,2025-12-23,EGU6F9JM3FC7
2025-06-GSAFAC-0000390006,GK9WVLJHK8H7,2025,2025-12-23,JFC4N85G3916
2025-06-GSAFAC-0000389130,YMNEVAXEKK37,2025,2025-12-23,GKV2XVHF4P77
2025-06-GSAFAC-0000389130,YMNEVAXEKK37,2025,2025-12-23,X7WCHRYHLSZ7
2025-06-GSAFAC-0000389130,YMNEVAXEKK37,2025,2025-12-23,F3ACTE3UL6N9
2025-06-GSAFAC-0000389130,YMNEVAXEKK37,2025,2025-12-23,CZADHND4M5B1
2025-06-GSAFAC-0000389130,YMNEVAXEKK37,2025,2025-12-23,D5J7RE1JDLX3
2025-06-GSAFAC-0000389130,YMNEVAXEKK37,2025,2025-12-23,HZQVGVJCXMQ7
2025-06-GSAFAC-0000390165,M1MDLJ9M5NG4,2025,2025-12-23,KEAMG55THMS3
2025-06-GSAFAC-0000390165,M1MDLJ9M5NG4,2025,2025-12-23,S7V3DM8EXNC3
2025-06-GSAFAC-0000390165,M1MDLJ9M5NG4,2025,2025-12-23,RPKG5KNASDZ7
2025-06-GSAFAC-0000394347,JKS8PEKYNVL5,2025,2025-12-23,FQLUQGKPX593
2024-09-GSAFAC-0000387145,HLS6LZL359C1,2024,2025-12-23,V7QDJ8ZRMNR8
2025-09-GSAFAC-0000391897,YS8MKJGJN857,2025,2025-12-23,NNJKUNJBLHA7
2025-09-GSAFAC-0000391897,YS8MKJGJN857,2025,2025-12-23,FLJ7DQKLL226
2025-09-GSAFAC-0000391897,YS8MKJGJN857,2025,2025-12-23,NA7AKMLK2BM1
2025-09-GSAFAC-0000391897,YS8MKJGJN857,2025,2025-12-23,MEHJALA6GFP7
2025-09-GSAFAC-0000391897,YS8MKJGJN857,2025,2025-12-23,LMNDK7QX64H4
2025-09-GSAFAC-0000391897,YS8MKJGJN857,2025,2025-12-23,XQQJEDK7JC21
2025-09-GSAFAC-0000391897,YS8MKJGJN857,2025,2025-12-23,QN6MS4VN7BD1
2025-09-GSAFAC-0000391897,YS8MKJGJN857,2025,2025-12-23,JZWJLWEF1KR9
2025-09-GSAFAC-0000391897,YS8MKJGJN857,2025,2025-12-23,MCKWJYCWNVN3
2025-09-GSAFAC-0000391897,YS8MKJGJN857,2025,2025-12-23,FLJ7DQKLL226
2025-09-GSAFAC-0000391897,YS8MKJGJN857,2025,2025-12-23,UE5KCLMVSHU1
2025-09-GSAFAC-0000391897,YS8MKJGJN857,2025,2025-12-23,HZTSVFF4NSX6
2025-06-GSAFAC-0000392286,U5T3SBMSBDF4,2025,2025-12-23,R6W9AMMLL8K9
2023-06-GSAFAC-0000381103,JHUFK6X48YB5,2023,2025-12-23,ZSEJMD5VLE87
2023-06-GSAFAC-0000381103,JHUFK6X48YB5,2023,2025-12-23,CD7MJNMA8Q67
2023-06-GSAFAC-0000381103,JHUFK6X48YB5,2023,2025-12-23,PK5THAHCPKW7
2023-06-GSAFAC-0000381103,JHUFK6X48YB5,2023,2025-12-23,VPVVTD8HCEM5
2023-06-GSAFAC-0000381103,JHUFK6X48YB5,2023,2025-12-23,CEPJJB7QG5W7
2023-06-GSAFAC-0000381103,JHUFK6X48YB5,2023,2025-12-23,PTNZPMMXC2Q5
2023-06-GSAFAC-0000381103,JHUFK6X48YB5,2023,2025-12-23,YXZZPBLCRFY6
2025-06-GSAFAC-0000394719,WE12M4WA9MC1,2025,2025-12-23,KHH2FT2JG323
2025-06-GSAFAC-0000394719,WE12M4WA9MC1,2025,2025-12-23,HZNCJHYN4MC9
2025-06-GSAFAC-0000394719,WE12M4WA9MC1,2025,2025-12-23,WRWLX6FV9EF5
2025-06-GSAFAC-0000394719,WE12M4WA9MC1,2025,2025-12-23,GULQZBMP2SR3
2025-06-GSAFAC-0000394719,WE12M4WA9MC1,2025,2025-12-23,H8Q4KLPE1WV3
2025-06-GSAFAC-0000394719,WE12M4WA9MC1,2025,2025-12-23,J4MAQ69KQKF5
2025-06-GSAFAC-0000394719,WE12M4WA9MC1,2025,2025-12-23,LZLQKKFNBLN3
2025-06-GSAFAC-0000394719,WE12M4WA9MC1,2025,2025-12-23,YAEESL5VL8V9
2025-06-GSAFAC-0000394719,WE12M4WA9MC1,2025,2025-12-23,TCK9JACGRSN7
2025-06-GSAFAC-0000394719,WE12M4WA9MC1,2025,2025-12-23,EF6LD35DT5Q9
2025-06-GSAFAC-0000394719,WE12M4WA9MC1,2025,2025-12-23,HH7BB2H1AK13
2025-06-GSAFAC-0000394719,WE12M4WA9MC1,2025,2025-12-23,XMB7JSU3F576
2025-06-GSAFAC-0000394719,WE12M4WA9MC1,2025,2025-12-23,EVQTXXMR4D39
2025-06-GSAFAC-0000394719,WE12M4WA9MC1,2025,2025-12-23,DDFHW6WJ74G1
2025-06-GSAFAC-0000394719,WE12M4WA9MC1,2025,2025-12-23,QTABT6EYMGT3
2024-06-GSAFAC-0000393300,RN15SP9CPJE6,2024,2025-12-23,GHBBP595HQA7
2024-06-GSAFAC-0000393300,RN15SP9CPJE6,2024,2025-12-23,LEKCJEPGPAE1
2024-06-GSAFAC-0000393300,RN15SP9CPJE6,2024,2025-12-23,XCA4E3XL2KY7
2024-06-GSAFAC-0000393300,RN15SP9CPJE6,2024,2025-12-23,JPRAV6KE9K21
2024-06-GSAFAC-0000393300,RN15SP9CPJE6,2024,2025-12-23,CLMENJW83H38
2024-06-GSAFAC-0000393300,RN15SP9CPJE6,2024,2025-12-23,G6Y2ZAMJJRA9
2024-06-GSAFAC-0000393300,RN15SP9CPJE6,2024,2025-12-23,UTM3S7LKYQZ4
2024-06-GSAFAC-0000393300,RN15SP9CPJE6,2024,2025-12-23,J9PFKF2X88D1
2024-06-GSAFAC-0000393300,RN15SP9CPJE6,2024,2025-12-23,NUDGYLBB4S99
2024-06-GSAFAC-0000393300,RN15SP9CPJE6,2024,2025-12-23,LN17BK9C96A8
2024-06-GSAFAC-0000393300,RN15SP9CPJE6,2024,2025-12-23,D9BXBJ9ZDNU8
2024-06-GSAFAC-0000393300,RN15SP9CPJE6,2024,2025-12-23,P6T8KMJM3ZZ5
2024-06-GSAFAC-0000393300,RN15SP9CPJE6,2024,2025-12-23,D1RMTDTMKLE8
2024-06-GSAFAC-0000393300,RN15SP9CPJE6,2024,2025-12-23,L4JQPJ7N5NT4
2024-06-GSAFAC-0000393300,RN15SP9CPJE6,2024,2025-12-23,UK66CLD4DX71
2024-06-GSAFAC-0000393300,RN15SP9CPJE6,2024,2025-12-23,FJW5LSYDQLF3
2024-06-GSAFAC-0000393300,RN15SP9CPJE6,2024,2025-12-23,J3HPGZWKVKZ3
2024-06-GSAFAC-0000393300,RN15SP9CPJE6,2024,2025-12-23,W1KET3VS7MM5
2024-06-GSAFAC-0000393300,RN15SP9CPJE6,2024,2025-12-23,MN6AUT1AX3L3
2024-06-GSAFAC-0000393300,RN15SP9CPJE6,2024,2025-12-23,VKM2SF7167N9
2024-06-GSAFAC-0000393300,RN15SP9CPJE6,2024,2025-12-23,H7FQL7TM5WD3
2024-06-GSAFAC-0000393300,RN15SP9CPJE6,2024,2025-12-23,CTLNYKLNLHJ5
2024-06-GSAFAC-0000393300,RN15SP9CPJE6,2024,2025-12-23,UVKGJ6U1SEG3
2024-06-GSAFAC-0000393300,RN15SP9CPJE6,2024,2025-12-23,J8ZSLFYG5EH8
2024-06-GSAFAC-0000393300,RN15SP9CPJE6,2024,2025-12-23,J839RLMBNFL1
2024-06-GSAFAC-0000393300,RN15SP9CPJE6,2024,2025-12-23,UA9DPLLJGHU7
2024-06-GSAFAC-0000393300,RN15SP9CPJE6,2024,2025-12-23,VY39GJE3DQG1
2024-06-GSAFAC-0000393300,RN15SP9CPJE6,2024,2025-12-23,RBCJM33PLEF9
2024-06-GSAFAC-0000393300,RN15SP9CPJE6,2024,2025-12-23,HQQMMCYAM1W3
2024-06-GSAFAC-0000393300,RN15SP9CPJE6,2024,2025-12-23,GHKYX4BLGRA8
2024-06-GSAFAC-0000393300,RN15SP9CPJE6,2024,2025-12-23,QLBWKD8HF1K4
2024-06-GSAFAC-0000393300,RN15SP9CPJE6,2024,2025-12-23,NZ56MDQ9J1W1
2024-06-GSAFAC-0000393300,RN15SP9CPJE6,2024,2025-12-23,D5HWBPKTP3Q5
2024-06-GSAFAC-0000393300,RN15SP9CPJE6,2024,2025-12-23,JLJHPM47L3G6
2024-06-GSAFAC-0000393300,RN15SP9CPJE6,2024,2025-12-23,TGFTZM2DN5Z2
2024-06-GSAFAC-0000393300,RN15SP9CPJE6,2024,2025-12-23,YMLGV1W9U859
2024-06-GSAFAC-0000393300,RN15SP9CPJE6,2024,2025-12-23,ZYTEU6H2CCB9
2024-06-GSAFAC-0000393300,RN15SP9CPJE6,2024,2025-12-23,JEKNCA1X5X18
2024-06-GSAFAC-0000393300,RN15SP9CPJE6,2024,2025-12-23,M87NLKNWNYR7
2024-06-GSAFAC-0000393300,RN15SP9CPJE6,2024,2025-12-23,RBAJKSXTPJN5
2024-06-GSAFAC-0000393300,RN15SP9CPJE6,2024,2025-12-23,ZN79Q82FK2F3
2024-06-GSAFAC-0000393300,RN15SP9CPJE6,2024,2025-12-23,JE73CDQUAPA7
2024-06-GSAFAC-0000393300,RN15SP9CPJE6,2024,2025-12-23,KD2JSY6LNMW7
2024-06-GSAFAC-0000393300,RN15SP9CPJE6,2024,2025-12-23,DL27NVKEZAP8
2024-06-GSAFAC-0000393300,RN15SP9CPJE6,2024,2025-12-23,JPDSCM3J2J36
2024-06-GSAFAC-0000393300,RN15SP9CPJE6,2024,2025-12-23,F4LGDJEVBFK4
2024-06-GSAFAC-0000393300,RN15SP9CPJE6,2024,2025-12-23,SZ9QWT7EMNN3
2024-06-GSAFAC-0000393300,RN15SP9CPJE6,2024,2025-12-23,FHJFZD1B8CB3
2024-06-GSAFAC-0000393300,RN15SP9CPJE6,2024,2025-12-23,LDJ1MM9L56K7
2024-06-GSAFAC-0000393300,RN15SP9CPJE6,2024,2025-12-23,D54BPKD693P3
2024-06-GSAFAC-0000393300,RN15SP9CPJE6,2024,2025-12-23,NKT1QTN2XJZ9
2024-06-GSAFAC-0000393300,RN15SP9CPJE6,2024,2025-12-23,MKJ2L769RCW9
2024-06-GSAFAC-0000393300,RN15SP9CPJE6,2024,2025-12-23,HWECY7CDW9Y7
2024-06-GSAFAC-0000393300,RN15SP9CPJE6,2024,2025-12-23,SEF8B2944EP9
2024-06-GSAFAC-0000393300,RN15SP9CPJE6,2024,2025-12-23,CR6NBGGLMMC6
2024-06-GSAFAC-0000393300,RN15SP9CPJE6,2024,2025-12-23,LNCZQ5EVCG36
2024-06-GSAFAC-0000393300,RN15SP9CPJE6,2024,2025-12-23,ZEKGSKGDDJ23
2024-06-GSAFAC-0000393300,RN15SP9CPJE6,2024,2025-12-23,LDF5M4WJ6V71
2024-06-GSAFAC-0000393300,RN15SP9CPJE6,2024,2025-12-23,VTMETSLNMSW4
2024-06-GSAFAC-0000393300,RN15SP9CPJE6,2024,2025-12-23,CCE6K59H9JF5
2024-06-GSAFAC-0000393300,RN15SP9CPJE6,2024,2025-12-23,JKQXT3HN32L9
2024-06-GSAFAC-0000393300,RN15SP9CPJE6,2024,2025-12-23,L6QZBF7LT6J4
2024-06-GSAFAC-0000393300,RN15SP9CPJE6,2024,2025-12-23,VC85LCP9AAJ7
2024-06-GSAFAC-0000393300,RN15SP9CPJE6,2024,2025-12-23,GLGJK16ZCQ65
2024-06-GSAFAC-0000393300,RN15SP9CPJE6,2024,2025-12-23,H8ANDD5WXME7
2024-06-GSAFAC-0000393300,RN15SP9CPJE6,2024,2025-12-23,NF9VTMRZF356
2024-06-GSAFAC-0000393300,RN15SP9CPJE6,2024,2025-12-23,PUCJUWHNS6R5
2024-06-GSAFAC-0000393300,RN15SP9CPJE6,2024,2025-12-23,LKD6WT217MP7
2024-06-GSAFAC-0000393300,RN15SP9CPJE6,2024,2025-12-23,RYFNJKQEF4E3
2025-06-GSAFAC-0000394881,ESKZMHHYCCR9,2025,2025-12-23,MSUAVF9L5P78
2025-06-GSAFAC-0000389748,U3NKNFLNQ613,2025,2025-12-23,L8FSVHABR8W4
2025-03-GSAFAC-0000392801,HDKAKDQ1KLQ6,2025,2025-12-26,NYE3BJTVAJQ3
2025-06-GSAFAC-0000392508,SQC2MGYT7F15,2025,2025-12-26,QXAHSRC7DUZ9
2025-06-GSAFAC-0000392508,SQC2MGYT7F15,2025,2025-12-26,H7W3KCQW9BN9
2025-06-GSAFAC-0000392508,SQC2MGYT7F15,2025,2025-12-26,JA67E4CWAS55
2025-06-GSAFAC-0000392508,SQC2MGYT7F15,2025,2025-12-26,UZZCFYT5NTN3
2025-06-GSAFAC-0000394159,JMBWKU9KJXH6,2025,2025-12-28,K11VQD89G3K7
2025-06-GSAFAC-0000394159,JMBWKU9KJXH6,2025,2025-12-28,J9PHFL7B9G85
2025-06-GSAFAC-0000394159,JMBWKU9KJXH6,2025,2025-12-28,LDGQZS26EHH7
2025-06-GSAFAC-0000394159,JMBWKU9KJXH6,2025,2025-12-28,JEH9LUTAHPQ1
2025-06-GSAFAC-0000394159,JMBWKU9KJXH6,2025,2025-12-28,DVD3C8EPM1S9
2025-03-GSAFAC-0000391135,HFLLN95HJT19,2025,2025-12-29,TYVNMW8FNQQ3
2025-03-GSAFAC-0000391135,HFLLN95HJT19,2025,2025-12-29,KZEDWKPHGLF3
2025-03-GSAFAC-0000391135,HFLLN95HJT19,2025,2025-12-29,KBLYSEQE56J5
2025-03-GSAFAC-0000391135,HFLLN95HJT19,2025,2025-12-29,LKEPMM3KKF27
2025-03-GSAFAC-0000391135,HFLLN95HJT19,2025,2025-12-29,EAL3QNJK3CB9
2025-03-GSAFAC-0000391135,HFLLN95HJT19,2025,2025-12-29,GM1LNDLMJ3N6
2025-06-GSAFAC-0000394107,FKB5NLF42L15,2025,2025-12-29,SP75SLE31YJ7
2025-06-GSAFAC-0000391364,CD47QHVCBT18,2025,2025-12-29,PHVSBZX541D4
2024-12-GSAFAC-0000394438,S7RYJE936XJ6,2024,2025-12-29,LH9WN4G6QA96
2022-04-GSAFAC-0000395178,SUVMS9A6HUH1,2022,2025-12-29,RNSFPSJ5YZK1
2025-06-GSAFAC-0000392210,QJDMMLGBG6K8,2025,2025-12-29,L7TWM54VTKL3
2025-06-GSAFAC-0000394897,W3YDLBPBALF7,2025,2025-12-29,JWLJEDAKYGC1
2025-06-GSAFAC-0000394897,W3YDLBPBALF7,2025,2025-12-29,GA9GKJL8XMY5
2025-06-GSAFAC-0000390900,HU5ML62NVDK5,2025,2025-12-29,EYWDHLJ5JKJ1
2025-06-GSAFAC-0000387276,L2J2BHW7LAE7,2025,2025-12-29,GNFTJL1SKWA5
2025-06-GSAFAC-0000394331,EMYVJCLLJCD5,2025,2025-12-29,D7FCB1VXHE73
2025-06-GSAFAC-0000394331,EMYVJCLLJCD5,2025,2025-12-29,CAHNPN3ZBXP3
2025-06-GSAFAC-0000394331,EMYVJCLLJCD5,2025,2025-12-29,PD5NU3HTM6F7
2025-06-GSAFAC-0000394331,EMYVJCLLJCD5,2025,2025-12-29,E5Y9VR5ZYAM6
2025-06-GSAFAC-0000393064,EFZMPZAJTZS9,2025,2025-12-30,J3QXNJF34D25
2025-06-GSAFAC-0000390513,GMZUKXFDJMA9,2025,2025-12-30,NHH3T1Z96H29
2025-06-GSAFAC-0000390513,GMZUKXFDJMA9,2025,2025-12-30,CDAQNZCL6287
2025-06-GSAFAC-0000390513,GMZUKXFDJMA9,2025,2025-12-30,NQMVAAQUFU53
2025-06-GSAFAC-0000390513,GMZUKXFDJMA9,2025,2025-12-30,LMCJKRFW5R81
2025-06-GSAFAC-0000390513,GMZUKXFDJMA9,2025,2025-12-30,NJ14V2NZYM68
2025-06-GSAFAC-0000390513,GMZUKXFDJMA9,2025,2025-12-30,LVVEB3CF8MB8
2025-06-GSAFAC-0000390513,GMZUKXFDJMA9,2025,2025-12-30,Z8BHM18YGG86
2025-06-GSAFAC-0000390513,GMZUKXFDJMA9,2025,2025-12-30,M746VC6XMNH9
2025-06-GSAFAC-0000390513,GMZUKXFDJMA9,2025,2025-12-30,HYN3WD58HNN7
2025-06-GSAFAC-0000390513,GMZUKXFDJMA9,2025,2025-12-30,TCMMHB95V224
2025-06-GSAFAC-0000390513,GMZUKXFDJMA9,2025,2025-12-30,VKAPREANC226
2025-06-GSAFAC-0000390513,GMZUKXFDJMA9,2025,2025-12-30,KCX1UVS7TDN4
2025-06-GSAFAC-0000390513,GMZUKXFDJMA9,2025,2025-12-30,HRDLJHEN7A31
2025-06-GSAFAC-0000390513,GMZUKXFDJMA9,2025,2025-12-30,JFN1KKMNPL53
2025-06-GSAFAC-0000390513,GMZUKXFDJMA9,2025,2025-12-30,RCHLJW4S5BC4
2025-06-GSAFAC-0000390513,GMZUKXFDJMA9,2025,2025-12-30,SSLNDEA6SHT6
2025-06-GSAFAC-0000390513,GMZUKXFDJMA9,2025,2025-12-30,JJ2FXBDGWMG5
2025-06-GSAFAC-0000390513,GMZUKXFDJMA9,2025,2025-12-30,KBTNGWV8WML7
2025-06-GSAFAC-0000390513,GMZUKXFDJMA9,2025,2025-12-30,DLV5DEVHGF38
2025-06-GSAFAC-0000390513,GMZUKXFDJMA9,2025,2025-12-30,M3SSQY9ACBN5
2025-06-GSAFAC-0000390513,GMZUKXFDJMA9,2025,2025-12-30,VF3YXVWLNK74
2025-06-GSAFAC-0000390513,GMZUKXFDJMA9,2025,2025-12-30,ZFVQJHB3V3P8
2025-06-GSAFAC-0000390513,GMZUKXFDJMA9,2025,2025-12-30,HC89YCZSKKF9
2025-06-GSAFAC-0000390513,GMZUKXFDJMA9,2025,2025-12-30,TL95NFF5X9Z1
2025-06-GSAFAC-0000390513,GMZUKXFDJMA9,2025,2025-12-30,DLFSG7C4VFN5
2025-06-GSAFAC-0000390513,GMZUKXFDJMA9,2025,2025-12-30,P9EKXUKS9T93
2025-06-GSAFAC-0000390513,GMZUKXFDJMA9,2025,2025-12-30,JA8GV1L9NDL5
2025-06-GSAFAC-0000390513,GMZUKXFDJMA9,2025,2025-12-30,NK5CPKU3K7T8
2025-06-GSAFAC-0000390513,GMZUKXFDJMA9,2025,2025-12-30,XM6CBJX6SBH1
2025-06-GSAFAC-0000390513,GMZUKXFDJMA9,2025,2025-12-30,ENHFETGG2L51
2025-06-GSAFAC-0000391870,YVB9FLXDCCD7,2025,2025-12-30,N7A6D9LBT778
2024-06-GSAFAC-0000350977,QKQ9KAMFDS31,2024,2025-12-30,FS4UMYR8QND5
2025-06-GSAFAC-0000394406,DALGH7JMNN76,2025,2025-12-30,TKJGGU7ZHZ17
2025-06-GSAFAC-0000386267,XNJKGU3LGQZ4,2025,2025-12-30,GMLQZPNJPHK3
2024-06-GSAFAC-0000394775,E5ZLX32DU9D8,2024,2025-12-31,SE62XNUAKSL7
2024-06-GSAFAC-0000394775,E5ZLX32DU9D8,2024,2025-12-31,KNFLCV2L8NU1
2024-06-GSAFAC-0000394775,E5ZLX32DU9D8,2024,2025-12-31,GBZLGDQGTLX5
2024-06-GSAFAC-0000394775,E5ZLX32DU9D8,2024,2025-12-31,R1GZABLXM1U9
2025-08-GSAFAC-0000390321,HWMKHGQ42Q13,2025,2025-12-31,UK6JFN3BPAZ5
2025-08-GSAFAC-0000390321,HWMKHGQ42Q13,2025,2025-12-31,U3MLZH9Z4MK5
2025-06-GSAFAC-0000394630,EZUQJ1H555N4,2025,2025-12-31,ZMWJLDSQMLM9
2025-06-GSAFAC-0000395668,FJN1KQNN38M5,2025,2025-12-31,D15KN2HQ53C7
2024-03-GSAFAC-0000373778,LG42MA65EHL9,2024,2025-12-31,ZHM5B5GM7AK9
2024-03-GSAFAC-0000373778,LG42MA65EHL9,2024,2025-12-31,KNJHUL3WYU89
2024-03-GSAFAC-0000373778,LG42MA65EHL9,2024,2025-12-31,JNJZA5SRYLS5
2024-03-GSAFAC-0000373778,LG42MA65EHL9,2024,2025-12-31,RZVGS6LXB9K9
2024-03-GSAFAC-0000373778,LG42MA65EHL9,2024,2025-12-31,GBYXKNW33927
2024-03-GSAFAC-0000373778,LG42MA65EHL9,2024,2025-12-31,S48QD77MU9L6
2024-03-GSAFAC-0000373778,LG42MA65EHL9,2024,2025-12-31,MCM5QBKUAXD1
2025-03-GSAFAC-0000395456,LG42MA65EHL9,2025,2025-12-31,ZHM5B5GM7AK9
2025-03-GSAFAC-0000395456,LG42MA65EHL9,2025,2025-12-31,KNJHUL3WYU89
2025-03-GSAFAC-0000395456,LG42MA65EHL9,2025,2025-12-31,JNJZA5SRYLS5
2025-03-GSAFAC-0000395456,LG42MA65EHL9,2025,2025-12-31,RZVGS6LXB9K9
2025-03-GSAFAC-0000395456,LG42MA65EHL9,2025,2025-12-31,GBYXKNW33927
2025-03-GSAFAC-0000395456,LG42MA65EHL9,2025,2025-12-31,S48QD77MU9L6
2025-03-GSAFAC-0000395456,LG42MA65EHL9,2025,2025-12-31,MCM5QBKUAXD1
2025-03-GSAFAC-0000395456,LG42MA65EHL9,2025,2025-12-31,S48QD77MU9L6
2024-09-GSAFAC-0000383052,YWJLCFZMLNM6,2024,2025-10-07,YZ7LLG9BGCN3
