report_id,auditee_uei,audit_year,fac_accepted_date,additional_uei
2025-06-GSAFAC-0000395086,C84LTJNKZF45,2025,2026-01-02,RQDYNRU27NS1
2025-06-GSAFAC-0000395086,C84LTJNKZF45,2025,2026-01-02,ULBBGJ8MKFF6
2025-06-GSAFAC-0000393554,L2MKKXJMJRH8,2025,2026-01-02,NK68JH2NXDJ4
2025-06-GSAFAC-0000395757,NL3YAWLVSGK1,2025,2026-01-02,N98ML1HTXVN1
2025-06-GSAFAC-0000395292,UKP2L3T9UJZ3,2025,2026-01-04,KXZSLM95H2M1
2025-06-GSAFAC-0000392394,Z2RUETN8LLM4,2025,2026-01-04,MDNXGC7FNMY8
2025-06-GSAFAC-0000394353,X6JLFEKZY1P7,2025,2026-01-05,M1KRFCZ9THM5
2025-06-GSAFAC-0000392075,NRBPLV2RY7X6,2025,2026-01-05,NMCMSYL3T9L9
2025-06-GSAFAC-0000392075,NRBPLV2RY7X6,2025,2026-01-05,KVJPPZJ31W24
2025-06-GSAFAC-0000392075,NRBPLV2RY7X6,2025,2026-01-05,J6N8TVLDC6R7
2025-06-GSAFAC-0000392075,NRBPLV2RY7X6,2025,2026-01-05,DUKXFPCHF4Z3
2025-06-GSAFAC-0000393426,EZL5WZMKU9M4,2025,2026-01-05,LER9LGBJQNM7
2025-06-GSAFAC-0000394557,QX77NG4KMBN9,2025,2026-01-05,C7J2QDZKR8J3
2025-06-GSAFAC-0000394082,D2WQK2SC34K3,2025,2026-01-05,ZXN8L7NKKZB5
2025-06-GSAFAC-0000394082,D2WQK2SC34K3,2025,2026-01-05,YA4RG35SBQP1
2025-06-GSAFAC-0000394082,D2WQK2SC34K3,2025,2026-01-05,CY15EZSM78M1
2025-06-GSAFAC-0000394082,D2WQK2SC34K3,2025,2026-01-05,F26PJ3MDDWZ8
2025-06-GSAFAC-0000394082,D2WQK2SC34K3,2025,2026-01-05,HHLJS8J75YJ5
2025-06-GSAFAC-0000394082,D2WQK2SC34K3,2025,2026-01-05,JMN9FP4BJLG3
2025-06-GSAFAC-0000394082,D2WQK2SC34K3,2025,2026-01-05,E7KHQNF3GBQ3
2024-06-GSAFAC-0000394401,PNG4LUYEKK53,2024,2026-01-05,R9NFLWT6NG44
2025-06-GSAFAC-0000392965,GJ6NACP4QQ63,2025,2026-01-05,PBX1Z48YBQH1
2025-06-GSAFAC-0000392965,GJ6NACP4QQ63,2025,2026-01-05,KDZFP1YNQ3J3
2025-06-GSAFAC-0000392965,GJ6NACP4QQ63,2025,2026-01-05,MBWBYFNLFGS5
2025-06-GSAFAC-0000392965,GJ6NACP4QQ63,2025,2026-01-05,T6NUHM9D1P39
2025-06-GSAFAC-0000394256,GSLCXGAELG86,2025,2026-01-06,LSLUNQN5FH64
2025-06-GSAFAC-0000394256,GSLCXGAELG86,2025,2026-01-06,FBQ2GRWY2693
2025-06-GSAFAC-0000394717,PXJ8BNARFLR9,2025,2026-01-06,Y2PNHH8GH5H9
2025-06-GSAFAC-0000394717,PXJ8BNARFLR9,2025,2026-01-06,FRL2RNHRAEB6
2025-06-GSAFAC-0000394717,PXJ8BNARFLR9,2025,2026-01-06,FCJGVJET5G48
2025-06-GSAFAC-0000392480,Q5HGXH2KPZP9,2025,2026-01-06,N4M7QAW26BW4
2025-06-GSAFAC-0000394877,R3T3SZHLYJY7,2025,2026-01-06,YJ5WMAMQS3U5
2025-06-GSAFAC-0000387400,DUPLNNK6N5P1,2025,2026-01-06,NXF7MQ74CJ96
2025-06-GSAFAC-0000387400,DUPLNNK6N5P1,2025,2026-01-06,WE3J9U1LTGV8
2025-06-GSAFAC-0000387400,DUPLNNK6N5P1,2025,2026-01-06,EVCCUCWBVNJ9
2025-06-GSAFAC-0000387400,DUPLNNK6N5P1,2025,2026-01-06,DFUMFWLVLBK8
2025-06-GSAFAC-0000392531,LH6FPNVWYHF1,2025,2026-01-06,QP75AJQ753H9
2025-06-GSAFAC-0000392531,LH6FPNVWYHF1,2025,2026-01-06,K9HJXLNWF1Z3
2025-06-GSAFAC-0000392531,LH6FPNVWYHF1,2025,2026-01-06,K2SLSBSS34R4
2025-06-GSAFAC-0000392531,LH6FPNVWYHF1,2025,2026-01-06,FQ8GMMEEM5B3
2025-06-GSAFAC-0000392531,LH6FPNVWYHF1,2025,2026-01-06,QN3DXBXJETJ5
2025-06-GSAFAC-0000392531,LH6FPNVWYHF1,2025,2026-01-06,FL3BFSHDC4T7
2025-06-GSAFAC-0000396147,M2ENSJTABU43,2025,2026-01-06,UD7RJ7SJL7V7
2025-06-GSAFAC-0000395968,HZ83J45QUJA3,2025,2026-01-06,H1F7BT2WHBL3
2025-06-GSAFAC-0000395968,HZ83J45QUJA3,2025,2026-01-06,RBNKLNEYFQW8
2025-09-GSAFAC-0000394415,K4WYN62N92R1,2025,2026-01-06,ZKJHFJYQXKZ6
2025-06-GSAFAC-0000391720,JK7MLP2U7L88,2025,2026-01-06,KFU6BGBNWXD3
2025-06-GSAFAC-0000385157,NSLJNH8ZE7Y8,2025,2026-01-06,NAUDB4MNN9E6
2025-06-GSAFAC-0000386148,CHQUHD9UFA37,2025,2026-01-07,S868KA1RN5B9
2025-06-GSAFAC-0000393103,SMJ9XFKZ4J85,2025,2026-01-07,YRJ6M1J5WBT5
2025-06-GSAFAC-0000393103,SMJ9XFKZ4J85,2025,2026-01-07,SMSCQ1UUMRK6
2025-06-GSAFAC-0000393103,SMJ9XFKZ4J85,2025,2026-01-07,MK8JSWHDDCJ8
2025-06-GSAFAC-0000393103,SMJ9XFKZ4J85,2025,2026-01-07,LSM4S7LXMTN1
2025-06-GSAFAC-0000394584,D1WCP85RJ9K5,2025,2026-01-07,M4WEMZR6APZ3
2025-06-GSAFAC-0000389828,DPVENJ1U3T56,2025,2026-01-07,G9CAZ19GY8G1
2025-06-GSAFAC-0000389828,DPVENJ1U3T56,2025,2026-01-07,TB8HE54AMWW5
2025-06-GSAFAC-0000389828,DPVENJ1U3T56,2025,2026-01-07,DEZXD48TL8M3
2025-06-GSAFAC-0000389828,DPVENJ1U3T56,2025,2026-01-07,DLUVDUN3CEC1
2025-06-GSAFAC-0000389828,DPVENJ1U3T56,2025,2026-01-07,TMF9JBQKKXJ9
2025-06-GSAFAC-0000389828,DPVENJ1U3T56,2025,2026-01-07,DQJEEJK4RE41
2025-06-GSAFAC-0000389828,DPVENJ1U3T56,2025,2026-01-07,VWX6XCFY9BJ5
2025-06-GSAFAC-0000389828,DPVENJ1U3T56,2025,2026-01-07,G7W3J9QKAM58
2025-06-GSAFAC-0000389828,DPVENJ1U3T56,2025,2026-01-07,C24SPTUQF8W3
2025-06-GSAFAC-0000389828,DPVENJ1U3T56,2025,2026-01-07,RPQSDFYH1S52
2025-06-GSAFAC-0000389828,DPVENJ1U3T56,2025,2026-01-07,FTUWYU6LU9L3
2025-06-GSAFAC-0000389828,DPVENJ1U3T56,2025,2026-01-07,X9WLKDY9JBKS
2025-06-GSAFAC-0000389828,DPVENJ1U3T56,2025,2026-01-07,VYM9KLU2HN31
2025-06-GSAFAC-0000389828,DPVENJ1U3T56,2025,2026-01-07,E36UL3LYMKL7
2025-06-GSAFAC-0000389828,DPVENJ1U3T56,2025,2026-01-07,C9TPZB3VD4G7
2025-06-GSAFAC-0000389828,DPVENJ1U3T56,2025,2026-01-07,CD1HG7CPNR25
2025-06-GSAFAC-0000389828,DPVENJ1U3T56,2025,2026-01-07,LPC4MAB7XXY9
2025-06-GSAFAC-0000389828,DPVENJ1U3T56,2025,2026-01-07,J8Q6LCLSRMJ3
2025-06-GSAFAC-0000389828,DPVENJ1U3T56,2025,2026-01-07,PK9FMGRDRVD5
2025-06-GSAFAC-0000389828,DPVENJ1U3T56,2025,2026-01-07,HMX8LZHALWH1
2025-06-GSAFAC-0000389828,DPVENJ1U3T56,2025,2026-01-07,J2GWT6BJ4K75
2025-06-GSAFAC-0000389828,DPVENJ1U3T56,2025,2026-01-07,QC4HW1RNSBK1
2025-06-GSAFAC-0000389828,DPVENJ1U3T56,2025,2026-01-07,V1LHZ2EAKJN6
2025-06-GSAFAC-0000389828,DPVENJ1U3T56,2025,2026-01-07,N3NBEYF826S9
2025-06-GSAFAC-0000389828,DPVENJ1U3T56,2025,2026-01-07,N9NVFQJMP1M8
2025-06-GSAFAC-0000389828,DPVENJ1U3T56,2025,2026-01-07,DMEDFKE3MFQ5
2025-06-GSAFAC-0000389828,DPVENJ1U3T56,2025,2026-01-07,FNEKTWKKB368
2025-06-GSAFAC-0000389828,DPVENJ1U3T56,2025,2026-01-07,MXGJLLZL6J66
2025-06-GSAFAC-0000389828,DPVENJ1U3T56,2025,2026-01-07,CJKUKANGYDE5
2025-06-GSAFAC-0000389828,DPVENJ1U3T56,2025,2026-01-07,X6DNXZ3MJQT4
2025-06-GSAFAC-0000389828,DPVENJ1U3T56,2025,2026-01-07,J3RCK6KG4H99
2025-06-GSAFAC-0000389828,DPVENJ1U3T56,2025,2026-01-07,XCTVRC4XFZQ1
2025-06-GSAFAC-0000389828,DPVENJ1U3T56,2025,2026-01-07,Y9RPB2M98133
2025-06-GSAFAC-0000389828,DPVENJ1U3T56,2025,2026-01-07,TQJMVAW5N7Y4
2025-06-GSAFAC-0000389828,DPVENJ1U3T56,2025,2026-01-07,QGZKLSFJ28L9
2025-06-GSAFAC-0000389828,DPVENJ1U3T56,2025,2026-01-07,EA4ZA6BM9H74
2025-06-GSAFAC-0000389828,DPVENJ1U3T56,2025,2026-01-07,G5KLL9PD2BF6
2025-06-GSAFAC-0000389828,DPVENJ1U3T56,2025,2026-01-07,QX7EZDVAUQ43
2025-06-GSAFAC-0000389828,DPVENJ1U3T56,2025,2026-01-07,RZAMTTB11ZV3
2025-06-GSAFAC-0000389828,DPVENJ1U3T56,2025,2026-01-07,JBNCCD6KQBM5
2025-06-GSAFAC-0000389828,DPVENJ1U3T56,2025,2026-01-07,HKF3K2NK6Q54
2025-06-GSAFAC-0000389828,DPVENJ1U3T56,2025,2026-01-07,EJUWVLB3PCH1
2025-06-GSAFAC-0000389828,DPVENJ1U3T56,2025,2026-01-07,XE9LX1W76748
2025-06-GSAFAC-0000389828,DPVENJ1U3T56,2025,2026-01-07,JR3JGR4LYNL1
2025-06-GSAFAC-0000389828,DPVENJ1U3T56,2025,2026-01-07,YRQAN7HXCTA7
2025-06-GSAFAC-0000389828,DPVENJ1U3T56,2025,2026-01-07,W2HEW5E71K64
2025-06-GSAFAC-0000389828,DPVENJ1U3T56,2025,2026-01-07,MWQZNZX74CG1
2025-06-GSAFAC-0000389828,DPVENJ1U3T56,2025,2026-01-07,WUKZUK6D4YN4
2025-06-GSAFAC-0000389828,DPVENJ1U3T56,2025,2026-01-07,SKX6AXF9ZTM3
2025-06-GSAFAC-0000389828,DPVENJ1U3T56,2025,2026-01-07,E7JRN97NPGP3
2025-06-GSAFAC-0000389828,DPVENJ1U3T56,2025,2026-01-07,HJ2JJAMN2JK3
2025-06-GSAFAC-0000389828,DPVENJ1U3T56,2025,2026-01-07,YTL5SB2JCNE9
2025-06-GSAFAC-0000389828,DPVENJ1U3T56,2025,2026-01-07,DVL5QD5J7MM1
2025-06-GSAFAC-0000389828,DPVENJ1U3T56,2025,2026-01-07,ZRCSLK9NLA83
2025-06-GSAFAC-0000389828,DPVENJ1U3T56,2025,2026-01-07,XNRYSDPUFVV4
2025-06-GSAFAC-0000389828,DPVENJ1U3T56,2025,2026-01-07,DWAJHHUXKCP3
2025-06-GSAFAC-0000389828,DPVENJ1U3T56,2025,2026-01-07,ZAE7ZMBCTGJ6
2025-06-GSAFAC-0000389828,DPVENJ1U3T56,2025,2026-01-07,NJ8MYFN9RAV5
2025-06-GSAFAC-0000389828,DPVENJ1U3T56,2025,2026-01-07,E1F1CB4G85F5
2025-06-GSAFAC-0000389828,DPVENJ1U3T56,2025,2026-01-07,R3ZRCKK6MQW3
2025-06-GSAFAC-0000389828,DPVENJ1U3T56,2025,2026-01-07,TE3NSNGAPHA8
2025-06-GSAFAC-0000389828,DPVENJ1U3T56,2025,2026-01-07,YZS9P8CH94T7
2025-06-GSAFAC-0000389828,DPVENJ1U3T56,2025,2026-01-07,QKHDU21NGYK3
2025-06-GSAFAC-0000389828,DPVENJ1U3T56,2025,2026-01-07,L5U1EMD5F6P4
2025-06-GSAFAC-0000389828,DPVENJ1U3T56,2025,2026-01-07,FK3JXKP47RV4
2025-06-GSAFAC-0000389828,DPVENJ1U3T56,2025,2026-01-07,M5FKL3R2NNK3
2025-06-GSAFAC-0000389828,DPVENJ1U3T56,2025,2026-01-07,W6W8QYMCH418
2025-06-GSAFAC-0000389828,DPVENJ1U3T56,2025,2026-01-07,EK6UYNCLCF58
2025-06-GSAFAC-0000389828,DPVENJ1U3T56,2025,2026-01-07,EU8GR3RPMEV4
2025-06-GSAFAC-0000389828,DPVENJ1U3T56,2025,2026-01-07,MGQSFNR5SMT6
2025-06-GSAFAC-0000389828,DPVENJ1U3T56,2025,2026-01-07,DAL9T8HEWZY1
2025-06-GSAFAC-0000389828,DPVENJ1U3T56,2025,2026-01-07,SMVMLASHG7E1
2025-06-GSAFAC-0000389828,DPVENJ1U3T56,2025,2026-01-07,SC6KV2LEC5J2
2025-06-GSAFAC-0000389828,DPVENJ1U3T56,2025,2026-01-07,ZWZAH2YYJA45
2025-06-GSAFAC-0000392918,GB6GPVGNMN21,2025,2026-01-07,W9VBP5XD8MY7
2025-06-GSAFAC-0000390163,J5KHS42SH3A8,2025,2026-01-07,GFJKAS24CKG7
2025-06-GSAFAC-0000396316,TPZ1LFKHD466,2025,2026-01-07,L7XPLUZKDH99
2025-06-GSAFAC-0000392461,LXQXKLEJFAR3,2025,2026-01-07,S7LWRKL8HNP7
2025-06-GSAFAC-0000388671,HZRXG8BGUNW1,2025,2026-01-08,C1LZWNUQDN43
2025-09-GSAFAC-0000388016,LVXRQ6SLFM33,2025,2026-01-08,ETRZUWHMMXT8
2025-09-GSAFAC-0000388016,LVXRQ6SLFM33,2025,2026-01-08,L3G4FE5W3UD8
2025-09-GSAFAC-0000388016,LVXRQ6SLFM33,2025,2026-01-08,KWJHZA3CFB27
2025-09-GSAFAC-0000388016,LVXRQ6SLFM33,2025,2026-01-08,KMJXS6TVJJA5
2025-09-GSAFAC-0000388016,LVXRQ6SLFM33,2025,2026-01-08,Z5E9FMSL2K53
2025-09-GSAFAC-0000388016,LVXRQ6SLFM33,2025,2026-01-08,E4RHQVCBZ237
2025-09-GSAFAC-0000388016,LVXRQ6SLFM33,2025,2026-01-08,RKZKW6C7KXM7
2025-09-GSAFAC-0000388016,LVXRQ6SLFM33,2025,2026-01-08,NQQNE92VVEK3
2025-09-GSAFAC-0000388016,LVXRQ6SLFM33,2025,2026-01-08,NZEYHRP68NS7
2025-09-GSAFAC-0000388016,LVXRQ6SLFM33,2025,2026-01-08,LB6ZLH6S7A21
2025-09-GSAFAC-0000388016,LVXRQ6SLFM33,2025,2026-01-08,LMKNLX23JH84
2025-09-GSAFAC-0000388016,LVXRQ6SLFM33,2025,2026-01-08,CAL7MMH45XJ1
2025-09-GSAFAC-0000388016,LVXRQ6SLFM33,2025,2026-01-08,UU6ANNJPBFQ8
2025-06-GSAFAC-0000393239,NMGFMCSNA7N4,2025,2026-01-08,MNFNT7LJ22A1
2025-06-GSAFAC-0000393239,NMGFMCSNA7N4,2025,2026-01-08,FKFRT5ZH4D97
2025-06-GSAFAC-0000393239,NMGFMCSNA7N4,2025,2026-01-08,LD3JKNCDT9L7
2025-06-GSAFAC-0000393239,NMGFMCSNA7N4,2025,2026-01-08,MMCZD2LPEY72
2025-06-GSAFAC-0000393239,NMGFMCSNA7N4,2025,2026-01-08,LZM8ZUQF2ED4
2025-06-GSAFAC-0000396901,QYLNGJV249J8,2025,2026-01-08,GJ7JRCSYDDK7
2025-06-GSAFAC-0000396901,QYLNGJV249J8,2025,2026-01-08,U6J1KPYN4P76
2025-06-GSAFAC-0000391215,REGTREN9KDV6,2025,2026-01-08,GCXAJ8Z16GA8
2025-06-GSAFAC-0000391318,EL4KYNKQ8UX5,2025,2026-01-08,S2EJGZBVF4D3
2025-06-GSAFAC-0000388305,K5HRT12ZCCJ5,2025,2026-01-08,KTTJCNKUA7H6
2025-06-GSAFAC-0000392145,EUMZJK3F5CL3,2025,2026-01-09,JGF7DC4FDJX6
2025-06-GSAFAC-0000392145,EUMZJK3F5CL3,2025,2026-01-09,C9Q1QB9BJYP7
2025-06-GSAFAC-0000392145,EUMZJK3F5CL3,2025,2026-01-09,ZS57SC2TNLR8
2025-06-GSAFAC-0000392145,EUMZJK3F5CL3,2025,2026-01-09,ZSE5T8EMFAM7
2025-06-GSAFAC-0000392145,EUMZJK3F5CL3,2025,2026-01-09,JUXWLX4MN664
2025-06-GSAFAC-0000392145,EUMZJK3F5CL3,2025,2026-01-09,ZCS1XLMH5KB3
2025-06-GSAFAC-0000392145,EUMZJK3F5CL3,2025,2026-01-09,LJGATL2BK7D5
2025-06-GSAFAC-0000392145,EUMZJK3F5CL3,2025,2026-01-09,L9VDWJQEAMJ8
2025-06-GSAFAC-0000392145,EUMZJK3F5CL3,2025,2026-01-09,CUNJAK5WCJ53
2025-06-GSAFAC-0000392145,EUMZJK3F5CL3,2025,2026-01-09,VAE9X5UF1Q63
2025-06-GSAFAC-0000392145,EUMZJK3F5CL3,2025,2026-01-09,ZTDJR2TEP5J7
2025-06-GSAFAC-0000397188,KL1NCJ98GKX7,2025,2026-01-09,NDSKH1JGTHV5
2024-06-GSAFAC-0000365210,W398K6PRCEU7,2024,2026-01-09,JY42Q14F28R9
2025-06-GSAFAC-0000385316,NNULQVJJCKY7,2025,2026-01-09,DQWQBXB5QYB5
2025-06-GSAFAC-0000397166,XME7FSDMJHN3,2025,2026-01-09,PF3ZS47357P3
2025-08-GSAFAC-0000396461,NLNGMNE21598,2025,2026-01-09,NLFUMGHSCLH3
2025-06-GSAFAC-0000386306,C3BGD6YGGUH8,2025,2026-01-09,FMZ4TWESBKM7
2025-06-GSAFAC-0000386306,C3BGD6YGGUH8,2025,2026-01-09,HEJEUUWNFB53
2025-06-GSAFAC-0000386306,C3BGD6YGGUH8,2025,2026-01-09,VKJLBANNWXG4
2025-06-GSAFAC-0000386306,C3BGD6YGGUH8,2025,2026-01-09,QUBAT15VG5P5
2025-06-GSAFAC-0000386306,C3BGD6YGGUH8,2025,2026-01-09,H6TNLLSSYNA5
2025-06-GSAFAC-0000388968,VMKPNYHAL941,2025,2026-01-09,DMFJL5LWA8L4
2025-06-GSAFAC-0000388968,VMKPNYHAL941,2025,2026-01-09,EJ3WQHLQBMG5
2025-06-GSAFAC-0000395410,W7RMMLLAQ1K1,2025,2026-01-09,JEMZDE5BVYW7
2025-06-GSAFAC-0000395410,W7RMMLLAQ1K1,2025,2026-01-09,D71BWGHJ5ME9
2025-06-GSAFAC-0000395410,W7RMMLLAQ1K1,2025,2026-01-09,DAHVAHURPCW1
2025-06-GSAFAC-0000386454,MNL2NJTQEL78,2025,2026-01-09,GWUJYSLB9581
2025-06-GSAFAC-0000386454,MNL2NJTQEL78,2025,2026-01-09,WE2NBL3S36G5
2025-06-GSAFAC-0000386454,MNL2NJTQEL78,2025,2026-01-09,NKPRCTJVGK37
2025-06-GSAFAC-0000386454,MNL2NJTQEL78,2025,2026-01-09,ZLLES6PGLNX4
2025-06-GSAFAC-0000386454,MNL2NJTQEL78,2025,2026-01-09,KNSDXTMLGTJ7
2025-06-GSAFAC-0000386454,MNL2NJTQEL78,2025,2026-01-09,QC8EM46FPE23
2025-06-GSAFAC-0000386454,MNL2NJTQEL78,2025,2026-01-09,KGWTJRWV1MP3
2025-06-GSAFAC-0000386454,MNL2NJTQEL78,2025,2026-01-09,UUHJMCXALA23
2025-06-GSAFAC-0000386454,MNL2NJTQEL78,2025,2026-01-09,CL5QM8NJZXM1
2025-06-GSAFAC-0000386454,MNL2NJTQEL78,2025,2026-01-09,UNZ3ANUMNQ15
2025-06-GSAFAC-0000386454,MNL2NJTQEL78,2025,2026-01-09,YRBNQECGNKN7
2025-06-GSAFAC-0000386454,MNL2NJTQEL78,2025,2026-01-09,J1RWH9W77EP8
2025-06-GSAFAC-0000386454,MNL2NJTQEL78,2025,2026-01-09,YMWSJZXL9E55
2025-06-GSAFAC-0000386454,MNL2NJTQEL78,2025,2026-01-09,MHPNLHMT3WH7
2025-06-GSAFAC-0000386454,MNL2NJTQEL78,2025,2026-01-09,CS4XSC7ECLN6
2025-06-GSAFAC-0000386454,MNL2NJTQEL78,2025,2026-01-09,WGR8KLUVC5N7
2025-06-GSAFAC-0000386454,MNL2NJTQEL78,2025,2026-01-09,J4T6MF1XPB17
2025-06-GSAFAC-0000386454,MNL2NJTQEL78,2025,2026-01-09,USC5NPWJBUM5
2025-06-GSAFAC-0000386454,MNL2NJTQEL78,2025,2026-01-09,T1GVLRB3AUM1
2025-06-GSAFAC-0000386454,MNL2NJTQEL78,2025,2026-01-09,EBANJRTGFV64
2025-06-GSAFAC-0000396512,C96DL9152583,2025,2026-01-09,HAXRWB1LCL61
2025-06-GSAFAC-0000392010,TQPJL16WX253,2025,2026-01-09,CYV8HJNV3DU7
2025-06-GSAFAC-0000393992,CNMWR9LFSLU9,2025,2026-01-11,HM5YFPNEHNQ9
2025-06-GSAFAC-0000396782,KA96DU7YHWA7,2025,2026-01-12,MS3GETY5RGC7
2025-06-GSAFAC-0000391462,SZBAFPNY51L7,2025,2026-01-12,M4DLSXJKR3E9
2025-06-GSAFAC-0000391462,SZBAFPNY51L7,2025,2026-01-12,NVZFX73HDDR6
2024-09-GSAFAC-0000391458,N2FCJJESFFF6,2024,2026-01-12,GPQXPME5MGU8
2024-09-GSAFAC-0000391458,N2FCJJESFFF6,2024,2026-01-12,NK8PDS7SUA94
2024-09-GSAFAC-0000391458,N2FCJJESFFF6,2024,2026-01-12,NHSAJF75RAE8
2024-09-GSAFAC-0000391458,N2FCJJESFFF6,2024,2026-01-12,NNHPP5PCJU15
2025-06-GSAFAC-0000397195,DJDZX3CKHM19,2025,2026-01-12,MDZMBH2FN1H6
2025-06-GSAFAC-0000396831,C31NV5QGYJ54,2025,2026-01-12,R9TLKJVZ66D7
2025-06-GSAFAC-0000396827,GLZRCYULDF59,2025,2026-01-12,T9J7FMJP8GA1
2025-06-GSAFAC-0000388569,KL3LKWK45VK5,2025,2026-01-13,TGLMK32JH1N7
2025-06-GSAFAC-0000379913,NJ24BM8CYWZ3,2025,2026-01-13,PZMKHFJ854G2
2025-06-GSAFAC-0000391393,R2R7D71478N3,2025,2026-01-13,LKKEPLA5ZH16
2025-06-GSAFAC-0000391393,R2R7D71478N3,2025,2026-01-13,MN8CGN9RMJJ9
2025-06-GSAFAC-0000391393,R2R7D71478N3,2025,2026-01-13,DN64J94KT5S3
2025-06-GSAFAC-0000391393,R2R7D71478N3,2025,2026-01-13,LMSZVNJKA1H8
2025-06-GSAFAC-0000396094,FFEEFY1RB5B5,2025,2026-01-13,W3A1KZDHNW61
2025-06-GSAFAC-0000396094,FFEEFY1RB5B5,2025,2026-01-13,EHP5HV4AFBB5
2025-06-GSAFAC-0000396094,FFEEFY1RB5B5,2025,2026-01-13,HTNEEX28L1B7
2025-06-GSAFAC-0000396094,FFEEFY1RB5B5,2025,2026-01-13,EE82FFWABN85
2025-06-GSAFAC-0000396094,FFEEFY1RB5B5,2025,2026-01-13,LYT6VVKB1LU8
2025-06-GSAFAC-0000396094,FFEEFY1RB5B5,2025,2026-01-13,CR89MLM3P119
2025-06-GSAFAC-0000397372,M9K7NSGQXGB8,2025,2026-01-13,KSPJBCH68M95
2025-06-GSAFAC-0000397372,M9K7NSGQXGB8,2025,2026-01-13,FLRKXDGP8MW3
2025-06-GSAFAC-0000397372,M9K7NSGQXGB8,2025,2026-01-13,FPCWXRTPWCB8
2025-06-GSAFAC-0000393067,JZUWCFMCP5C5,2025,2026-01-13,Z88LLAQAPKX1
2025-06-GSAFAC-0000397301,NC1LHL5MWMP3,2025,2026-01-14,DQ48KTY7NW57
2025-06-GSAFAC-0000396665,M1XBHNXHBHC7,2025,2026-01-14,HPSTBBY2N3K9
2025-06-GSAFAC-0000397154,PQ7XUMZ97JK7,2025,2026-01-14,P726GN5DWRK7
2025-06-GSAFAC-0000397154,PQ7XUMZ97JK7,2025,2026-01-14,U212NL517KE3
2025-06-GSAFAC-0000397154,PQ7XUMZ97JK7,2025,2026-01-14,WBVXM5YB77G5
2025-06-GSAFAC-0000397154,PQ7XUMZ97JK7,2025,2026-01-14,DFLJPTK4KXD5
2025-06-GSAFAC-0000397154,PQ7XUMZ97JK7,2025,2026-01-14,Y1QUGEZX13B4
2025-06-GSAFAC-0000397154,PQ7XUMZ97JK7,2025,2026-01-14,PXGCGTAFRGJ1
2025-06-GSAFAC-0000394455,DDCMMXZ95TQ5,2025,2026-01-14,FLX1BGM2V3V7
2025-06-GSAFAC-0000394455,DDCMMXZ95TQ5,2025,2026-01-14,PFJPWQMCLSC3
2025-06-GSAFAC-0000394455,DDCMMXZ95TQ5,2025,2026-01-14,RZBMKCDW36Q8
2025-06-GSAFAC-0000394455,DDCMMXZ95TQ5,2025,2026-01-14,GKJURMN3S3W9
2025-06-GSAFAC-0000394455,DDCMMXZ95TQ5,2025,2026-01-14,YK7RAYRE29T6
2025-06-GSAFAC-0000393354,NLJNUNKXJNV1,2025,2026-01-14,R9A2UFVCJB47
2025-06-GSAFAC-0000393354,NLJNUNKXJNV1,2025,2026-01-14,HTKQCJLCW7T1
2025-06-GSAFAC-0000393354,NLJNUNKXJNV1,2025,2026-01-14,XDEWKED7TVV7
2025-06-GSAFAC-0000393354,NLJNUNKXJNV1,2025,2026-01-14,KMVPKHWG71R1
2025-06-GSAFAC-0000398386,V94MVF2WR7Z9,2025,2026-01-15,Z638SSL78KJ9
2025-06-GSAFAC-0000398386,V94MVF2WR7Z9,2025,2026-01-15,KGZNJQNELV41
2025-06-GSAFAC-0000398386,V94MVF2WR7Z9,2025,2026-01-15,D4AAYZMK3ML6
2025-06-GSAFAC-0000398386,V94MVF2WR7Z9,2025,2026-01-15,ZY3SHXYFTBG5
2025-06-GSAFAC-0000398088,W2ZUFMBDM378,2025,2026-01-15,H667MKQCNG53
2025-06-GSAFAC-0000398088,W2ZUFMBDM378,2025,2026-01-15,P326BBJU66M3
2025-06-GSAFAC-0000398088,W2ZUFMBDM378,2025,2026-01-15,N92TLMNFZDQ6
2025-06-GSAFAC-0000389744,YRXVL4JYCEF5,2025,2026-01-15,F355JJSN6EM3
2025-06-GSAFAC-0000389744,YRXVL4JYCEF5,2025,2026-01-15,DCSKLASJRLT5
2025-06-GSAFAC-0000389744,YRXVL4JYCEF5,2025,2026-01-15,SGDKT3GJ9GC3
2023-06-GSAFAC-0000390367,EVGLGG61NJN5,2023,2026-01-15,ENSSC3ZD71A7
2025-06-GSAFAC-0000397619,QBP4HN698HQ9,2025,2026-01-15,QVKLWMYMLHM3
2025-06-GSAFAC-0000397619,QBP4HN698HQ9,2025,2026-01-15,UKXTZBBEJ8Y4
2025-06-GSAFAC-0000397619,QBP4HN698HQ9,2025,2026-01-15,K2SALF6LYN25
2025-06-GSAFAC-0000397111,CE5HYGJABEE9,2025,2026-01-15,EJ7SENYL6MD1
2025-06-GSAFAC-0000391692,Q8H7JB2QLJN3,2025,2026-01-15,DCNSKCUHSDN7
2025-06-GSAFAC-0000391692,Q8H7JB2QLJN3,2025,2026-01-15,GS4NCBNY7DJ1
2022-12-GSAFAC-0000387962,JG87LFAXJWF1,2022,2026-01-15,GRHWWKBJN4E3
2025-08-GSAFAC-0000396222,XMDHUN8FUPN9,2025,2026-01-15,E4SNX6XX5RV7
2025-08-GSAFAC-0000396222,XMDHUN8FUPN9,2025,2026-01-15,KPY2TTAB3371
2025-08-GSAFAC-0000396222,XMDHUN8FUPN9,2025,2026-01-15,NRHNYSCEQ2A3
2025-08-GSAFAC-0000396222,XMDHUN8FUPN9,2025,2026-01-15,PWEGMRNYWMD6
2025-08-GSAFAC-0000396222,XMDHUN8FUPN9,2025,2026-01-15,GSA7NUR2L8X8
2025-08-GSAFAC-0000396222,XMDHUN8FUPN9,2025,2026-01-15,NJ3XQMMZFLP7
2025-06-GSAFAC-0000390667,M2Q4MZVZ8HY9,2025,2026-01-15,LMRJDP2J3ZK9
2025-06-GSAFAC-0000390667,M2Q4MZVZ8HY9,2025,2026-01-15,HMSCSVVDLAF5
2025-06-GSAFAC-0000390667,M2Q4MZVZ8HY9,2025,2026-01-15,PP8JQCNK3LK6
2025-06-GSAFAC-0000390667,M2Q4MZVZ8HY9,2025,2026-01-15,Q4B6QWXR8B31
2025-06-GSAFAC-0000398689,HQ3EN27J3K21,2025,2026-01-15,XSJLFMHF74R9
2025-06-GSAFAC-0000398689,HQ3EN27J3K21,2025,2026-01-15,M2K2GJ97KZ74
2025-06-GSAFAC-0000395725,FMT5L6V2NMN1,2025,2026-01-15,S8Z4MJL96AM1
2025-06-GSAFAC-0000395725,FMT5L6V2NMN1,2025,2026-01-15,H4LHZN3LLQ35
2025-06-GSAFAC-0000395725,FMT5L6V2NMN1,2025,2026-01-15,NEBYCWMCZ7V3
2025-06-GSAFAC-0000395725,FMT5L6V2NMN1,2025,2026-01-15,QN96G6LJN9P1
2025-06-GSAFAC-0000395725,FMT5L6V2NMN1,2025,2026-01-15,X5DUMXMUY164
2025-06-GSAFAC-0000395725,FMT5L6V2NMN1,2025,2026-01-15,QCN2DRC1PTA6
2025-06-GSAFAC-0000382929,KNF1M5GF5BM7,2025,2026-01-16,FECXKUMXD5B7
2025-06-GSAFAC-0000392908,PC6GM9GNWJB7,2025,2026-01-16,XH35EVG9B736
2025-06-GSAFAC-0000392908,PC6GM9GNWJB7,2025,2026-01-16,RJN1NT6HRF15
2025-06-GSAFAC-0000392908,PC6GM9GNWJB7,2025,2026-01-16,NFKKC4XRLLZ5
2025-06-GSAFAC-0000392908,PC6GM9GNWJB7,2025,2026-01-16,EXMEXSNWJK21
2025-06-GSAFAC-0000392908,PC6GM9GNWJB7,2025,2026-01-16,QRF1G7ZK42Y9
2025-06-GSAFAC-0000392908,PC6GM9GNWJB7,2025,2026-01-16,MVXDPBEJBBY3
2025-06-GSAFAC-0000392908,PC6GM9GNWJB7,2025,2026-01-16,DLL4J1LT3Q35
2025-06-GSAFAC-0000392908,PC6GM9GNWJB7,2025,2026-01-16,LAXAZ9Q2G179
2025-06-GSAFAC-0000392908,PC6GM9GNWJB7,2025,2026-01-16,G9LMC5E7SP13
2025-06-GSAFAC-0000391044,TAN2HSAEMA51,2025,2026-01-16,V5HWVETNW648
2025-06-GSAFAC-0000391389,R28EKN92ZTZ9,2025,2026-01-16,NH77YPDEGG84
2025-06-GSAFAC-0000386112,GNJ7BBP73WE9,2025,2026-01-16,RY78VSF6P4G3
2025-06-GSAFAC-0000386112,GNJ7BBP73WE9,2025,2026-01-16,L8QSLB2KCRE5
2025-06-GSAFAC-0000386112,GNJ7BBP73WE9,2025,2026-01-16,DSKWG14X2ZR6
2025-06-GSAFAC-0000386112,GNJ7BBP73WE9,2025,2026-01-16,CYX4K562KSK3
2025-06-GSAFAC-0000386112,GNJ7BBP73WE9,2025,2026-01-16,CYN5V2X8EHJ4
2025-06-GSAFAC-0000386112,GNJ7BBP73WE9,2025,2026-01-16,JXELGHCKEZ44
2025-06-GSAFAC-0000386112,GNJ7BBP73WE9,2025,2026-01-16,HFWBZ73LBMQ6
2025-06-GSAFAC-0000386112,GNJ7BBP73WE9,2025,2026-01-16,VBN6BYMLXVE5
2025-06-GSAFAC-0000386112,GNJ7BBP73WE9,2025,2026-01-16,CJH3WNZUY361
2025-06-GSAFAC-0000386112,GNJ7BBP73WE9,2025,2026-01-16,SNE2N22UBBL4
2025-06-GSAFAC-0000396848,LNL8MJJNFQB7,2025,2026-01-19,SHECW6LG2FD5
2025-06-GSAFAC-0000396848,LNL8MJJNFQB7,2025,2026-01-19,XH4CAPC9KRF7
2025-06-GSAFAC-0000396848,LNL8MJJNFQB7,2025,2026-01-19,G5CTZWTRSHM5
2025-06-GSAFAC-0000398822,DSTUKSBKCD11,2025,2026-01-19,TAQBM52NC9E4
2025-06-GSAFAC-0000388566,PWAJWBNMQJ67,2025,2026-01-20,ZVX7ZJ5WZ576
2025-06-GSAFAC-0000388566,PWAJWBNMQJ67,2025,2026-01-20,HU5TDMS4Q6T3
2025-06-GSAFAC-0000382437,NMPHKYJADG58,2025,2026-01-20,E9UKPK2MMAM3
2025-06-GSAFAC-0000399204,C96DL9152583,2025,2026-01-20,HAXRWB1LCL61
2025-06-GSAFAC-0000396909,XGYBT861BM76,2025,2026-01-20,EFT2F6GX6465
2025-09-GSAFAC-0000398316,CEX7F74WQ8B5,2025,2026-01-21,LQL2YULDMWR7
2025-09-GSAFAC-0000398316,CEX7F74WQ8B5,2025,2026-01-21,N4TDMQV8LKB8
2025-09-GSAFAC-0000398316,CEX7F74WQ8B5,2025,2026-01-21,G1VSSGLQMTY9
2025-09-GSAFAC-0000398316,CEX7F74WQ8B5,2025,2026-01-21,NAXMBLMHCLR6
2025-09-GSAFAC-0000398316,CEX7F74WQ8B5,2025,2026-01-21,LNNWBJDL4AX3
2025-09-GSAFAC-0000398316,CEX7F74WQ8B5,2025,2026-01-21,HJNUASYCKTZ6
2025-09-GSAFAC-0000398316,CEX7F74WQ8B5,2025,2026-01-21,NXP1LBRLYN11
2024-06-GSAFAC-0000378955,PL28PKR53SM3,2024,2026-01-21,FMGZQ6JRJ8W1
2022-06-GSAFAC-0000397846,FYMLEGHX8YN5,2022,2026-01-21,TQR9GNTFDD21
2022-06-GSAFAC-0000397846,FYMLEGHX8YN5,2022,2026-01-21,Y3A1RW59DCH3
2025-06-GSAFAC-0000390170,PKAGEXPV4EE8,2025,2026-01-21,D15GKK2BHL99
2025-06-GSAFAC-0000386780,JC38AQV317K8,2025,2026-01-21,ENZ6AV2FDAL4
2025-06-GSAFAC-0000386780,JC38AQV317K8,2025,2026-01-21,YJK5HJQ1F327
2025-06-GSAFAC-0000386780,JC38AQV317K8,2025,2026-01-21,EHFZNKJN7JQ5
2025-06-GSAFAC-0000386780,JC38AQV317K8,2025,2026-01-21,W7Y1MBMF8EZ5
2025-06-GSAFAC-0000386780,JC38AQV317K8,2025,2026-01-21,ZUM3HFCQLL63
2025-06-GSAFAC-0000386780,JC38AQV317K8,2025,2026-01-21,LBLZKVQUZYE1
2025-06-GSAFAC-0000386780,JC38AQV317K8,2025,2026-01-21,WWHML8DDAKJ5
2025-06-GSAFAC-0000386780,JC38AQV317K8,2025,2026-01-21,XC1SK7J4ML85
2025-06-GSAFAC-0000384843,ZAFGS74383N9,2025,2026-01-21,YLTVJ54LTGK1
2025-06-GSAFAC-0000399349,V7MAKBE1MCL7,2025,2026-01-21,KM86MSTMQ7Q6
2025-06-GSAFAC-0000399349,V7MAKBE1MCL7,2025,2026-01-21,JWA2YKXCWKQ3
2025-06-GSAFAC-0000396740,S1RKMQEPJWA8,2025,2026-01-21,Y9VHWJBL5HT7
2025-06-GSAFAC-0000391370,CM7JLP8P4BV9,2025,2026-01-22,K32RJKL4QNP7
2025-06-GSAFAC-0000391370,CM7JLP8P4BV9,2025,2026-01-22,NS47AZ9CUUL7
2025-06-GSAFAC-0000391370,CM7JLP8P4BV9,2025,2026-01-22,MF6KULB9YDM5
2025-06-GSAFAC-0000391370,CM7JLP8P4BV9,2025,2026-01-22,HBX6V2R1YZZ4
2025-06-GSAFAC-0000391370,CM7JLP8P4BV9,2025,2026-01-22,NS1ECJSZ5HX9
2025-06-GSAFAC-0000391370,CM7JLP8P4BV9,2025,2026-01-22,KLF4XYUZEGL5
2025-06-GSAFAC-0000391370,CM7JLP8P4BV9,2025,2026-01-22,XECYNK9ELJC4
2025-06-GSAFAC-0000391370,CM7JLP8P4BV9,2025,2026-01-22,KHXETZ9ULNU7
2025-06-GSAFAC-0000399149,ZU2WKAAP6R21,2025,2026-01-22,GZX7GGHD7CA3
2025-06-GSAFAC-0000397591,QPHQFNHC4U16,2025,2026-01-22,S53JQKCDPJU6
2025-06-GSAFAC-0000385550,LZ7JSLK4WYQ1,2025,2026-01-22,V4ARMUS5EDZ3
2025-06-GSAFAC-0000399199,QP5SNACJJ3U3,2025,2026-01-22,RD6DGGJW2G95
2025-06-GSAFAC-0000396763,KK9BEJM1L311,2025,2026-01-22,PU7GESNYJN88
2025-09-GSAFAC-0000399249,NNY8KTQLXNA7,2025,2026-01-22,UC4ETW5MV8A3
2025-06-GSAFAC-0000399949,N7LVKKH4FTK4,2025,2026-01-23,XR59Z8ZS7MA5
2025-06-GSAFAC-0000382702,MYX9B6NDMS25,2025,2026-01-23,QAVEZ4YMGKR7
2025-06-GSAFAC-0000382702,MYX9B6NDMS25,2025,2026-01-23,MKJJK6WB82N3
2025-06-GSAFAC-0000382702,MYX9B6NDMS25,2025,2026-01-23,JXBRJUNMMT64
2025-08-GSAFAC-0000396110,CM9FEBUAV3P7,2025,2026-01-23,EGX1XKSKHJ59
2025-06-GSAFAC-0000398562,KURKMKZUFMY2,2025,2026-01-23,PVGSA4PW32K3
2025-09-GSAFAC-0000399886,QX91C7GZDJS5,2025,2026-01-23,WNL9QUN3JAN1
2025-09-GSAFAC-0000399886,QX91C7GZDJS5,2025,2026-01-23,HZ8CHGL3B3S6
2025-06-GSAFAC-0000396148,U4KJGNJNKLR9,2025,2026-01-23,KQLPDK7J9C34
2025-06-GSAFAC-0000396148,U4KJGNJNKLR9,2025,2026-01-23,PA1WAW3MTG41
2025-06-GSAFAC-0000398060,LBAJDXALYHT4,2025,2026-01-25,V9K2RSU4JFJ5
2025-06-GSAFAC-0000388582,E4H8PUBKRR94,2025,2026-01-26,PEDDQMSV74F3
2025-06-GSAFAC-0000398943,LN53C9E23GH6,2025,2026-01-26,CG2KX9QW56M9
2024-12-GSAFAC-0000398488,TL8GNEUJJ1K4,2024,2026-01-26,HBWCWN9U72H8
2025-06-GSAFAC-0000399167,DUVKX6F5TAG5,2025,2026-01-26,LREWVENQ6TC7
2025-06-GSAFAC-0000399167,DUVKX6F5TAG5,2025,2026-01-26,MLSJB4T69HL4
2025-06-GSAFAC-0000395497,HMKUTACDKMX7,2025,2026-01-26,U67JCJPLVR51
2025-06-GSAFAC-0000395497,HMKUTACDKMX7,2025,2026-01-26,YANLDHJH3X17
2025-06-GSAFAC-0000395497,HMKUTACDKMX7,2025,2026-01-26,SUCEKER8VP74
2025-06-GSAFAC-0000392458,XSNJVVC4K8J7,2025,2026-01-27,FLMXV712PEB9
2025-06-GSAFAC-0000392458,XSNJVVC4K8J7,2025,2026-01-27,ZUTPL1WY26A6
2025-06-GSAFAC-0000392458,XSNJVVC4K8J7,2025,2026-01-27,S3T6TPLZVC44
2025-06-GSAFAC-0000392458,XSNJVVC4K8J7,2025,2026-01-27,NPSCMGB8TMH7
2025-06-GSAFAC-0000392458,XSNJVVC4K8J7,2025,2026-01-27,DPLNPYEELJN3
2025-06-GSAFAC-0000392458,XSNJVVC4K8J7,2025,2026-01-27,LMNMSNDKMKK5
2025-06-GSAFAC-0000392458,XSNJVVC4K8J7,2025,2026-01-27,KSM4UUTZ6Z75
2025-06-GSAFAC-0000392458,XSNJVVC4K8J7,2025,2026-01-27,Z3H2LB1VMZ28
2025-06-GSAFAC-0000392458,XSNJVVC4K8J7,2025,2026-01-27,T5R3PMKJY6K3
2025-06-GSAFAC-0000392458,XSNJVVC4K8J7,2025,2026-01-27,RNLMCT6WCF99
2025-06-GSAFAC-0000392458,XSNJVVC4K8J7,2025,2026-01-27,VCKMLCEAYFY9
2025-06-GSAFAC-0000392458,XSNJVVC4K8J7,2025,2026-01-27,Y7YKSREYBEN4
2025-06-GSAFAC-0000392458,XSNJVVC4K8J7,2025,2026-01-27,PNM6CA7UHN37
2025-06-GSAFAC-0000392458,XSNJVVC4K8J7,2025,2026-01-27,NW96LNHKX3G3
2025-06-GSAFAC-0000392458,XSNJVVC4K8J7,2025,2026-01-27,KURDJBTLM1A1
2025-06-GSAFAC-0000392458,XSNJVVC4K8J7,2025,2026-01-27,UNVFXAX82A29
2024-12-GSAFAC-0000399072,M75FND7PLHN6,2024,2026-01-27,DX1DYCU6LFG8
2024-06-GSAFAC-0000387942,JMEJT5FMGGX9,2024,2026-01-28,VHD6A5ZULP43
2024-06-GSAFAC-0000387942,JMEJT5FMGGX9,2024,2026-01-28,MP3THTJ9WJM5
2024-06-GSAFAC-0000387942,JMEJT5FMGGX9,2024,2026-01-28,M4BLEJMT6SL5
2024-06-GSAFAC-0000387942,JMEJT5FMGGX9,2024,2026-01-28,NJJMFTJ5DN25
2024-06-GSAFAC-0000387942,JMEJT5FMGGX9,2024,2026-01-28,F5NMVX1R8996
2024-06-GSAFAC-0000387942,JMEJT5FMGGX9,2024,2026-01-28,MR9LDZZZBZW6
2024-06-GSAFAC-0000390192,D3MUME8J5T25,2024,2026-01-28,PNYGLKYK9M78
2024-06-GSAFAC-0000390192,D3MUME8J5T25,2024,2026-01-28,RC4UYN3Y3XP1
2024-06-GSAFAC-0000390192,D3MUME8J5T25,2024,2026-01-28,L8NDGFG9HNH8
2024-06-GSAFAC-0000390192,D3MUME8J5T25,2024,2026-01-28,E54MJLETMMU1
2025-06-GSAFAC-0000396870,N3YZPNF4DLT7,2025,2026-01-29,NK33B1U4P5M7
2025-06-GSAFAC-0000386230,THL6A6JLE1S7,2025,2026-01-29,FBYMGMHW4X95
2025-06-GSAFAC-0000399724,LG9HG3GMBAB7,2025,2026-01-29,R1NGWSM8VM33
2025-09-GSAFAC-0000399641,DR8QNDMDL5J3,2024,2026-01-29,S6EZDZ6E3QW5
2025-09-GSAFAC-0000399641,DR8QNDMDL5J3,2024,2026-01-29,K927QWAL7B45
2025-09-GSAFAC-0000399641,DR8QNDMDL5J3,2024,2026-01-29,L3C9EG33CFM3
2025-09-GSAFAC-0000399641,DR8QNDMDL5J3,2024,2026-01-29,NYJGUQSS7JS6
2025-09-GSAFAC-0000399641,DR8QNDMDL5J3,2024,2026-01-29,DEDTVCAU7H56
2025-09-GSAFAC-0000399641,DR8QNDMDL5J3,2024,2026-01-29,DEXDVZDQDK56
2025-09-GSAFAC-0000399641,DR8QNDMDL5J3,2024,2026-01-29,ZLHYXB1Z83G8
2025-09-GSAFAC-0000399641,DR8QNDMDL5J3,2024,2026-01-29,JBQJWWL28P43
2025-09-GSAFAC-0000399641,DR8QNDMDL5J3,2024,2026-01-29,TKATT3CCSM19
2025-09-GSAFAC-0000399641,DR8QNDMDL5J3,2024,2026-01-29,JCQAH9QANFD3
2025-09-GSAFAC-0000399641,DR8QNDMDL5J3,2024,2026-01-29,JCQAH9QANFD3
2025-06-GSAFAC-0000383225,QZ1UKGMBJH31,2025,2026-01-29,HEGLJYD58B35
2025-06-GSAFAC-0000383225,QZ1UKGMBJH31,2025,2026-01-29,T14QGEAWD3W7
2025-06-GSAFAC-0000399763,PGV6VDDB8PF8,2025,2026-01-29,X7MAE19N5RH4
2025-06-GSAFAC-0000386928,LBFJB8N7LME3,2025,2026-01-29,SZPJL5ZRCLF4
2025-06-GSAFAC-0000386928,LBFJB8N7LME3,2025,2026-01-29,J9CDGR596MN3
2025-06-GSAFAC-0000386928,LBFJB8N7LME3,2025,2026-01-29,Y6MGH342N169
2025-06-GSAFAC-0000386928,LBFJB8N7LME3,2025,2026-01-29,GWCTP4CQ1E65
2025-06-GSAFAC-0000400797,R1JZT4MTLLA3,2025,2026-01-30,PH5EWTRQTCZ6
2025-06-GSAFAC-0000400797,R1JZT4MTLLA3,2025,2026-01-30,WLKST1AYRQM8
2025-06-GSAFAC-0000400797,R1JZT4MTLLA3,2025,2026-01-30,J9UFCQX98CZ4
2024-06-GSAFAC-0000387499,NACLGC31ZD83,2024,2026-01-30,G3VTZMBHHFW8
2024-06-GSAFAC-0000387499,NACLGC31ZD83,2024,2026-01-30,GA4V58NYU8BJ
2024-06-GSAFAC-0000387499,NACLGC31ZD83,2024,2026-01-30,HBBRJLDJWZJ6
2024-06-GSAFAC-0000387499,NACLGC31ZD83,2024,2026-01-30,C18ZJMANFKM6
2025-06-GSAFAC-0000399242,KTN3SD3DMXR5,2025,2026-01-30,Q8H1FN7FE733
2025-06-GSAFAC-0000399242,KTN3SD3DMXR5,2025,2026-01-30,EGT7FJZ6CAH1
2023-09-GSAFAC-0000390347,T4B1AKN5H1G6,2023,2026-01-30,GYUGFLL3L2C4
2023-09-GSAFAC-0000390347,T4B1AKN5H1G6,2023,2026-01-30,RPSYLDPAE775
2023-09-GSAFAC-0000390347,T4B1AKN5H1G6,2023,2026-01-30,RQ5YRSAYE6E5
2023-09-GSAFAC-0000390347,T4B1AKN5H1G6,2023,2026-01-30,NE9CJJMDMP65
2023-09-GSAFAC-0000390347,T4B1AKN5H1G6,2023,2026-01-30,D5H2UMK7KNW5
2023-09-GSAFAC-0000390347,T4B1AKN5H1G6,2023,2026-01-30,C618JL3U4YD5
2023-09-GSAFAC-0000390347,T4B1AKN5H1G6,2023,2026-01-30,LZGKULQ38EF3
2023-09-GSAFAC-0000390347,T4B1AKN5H1G6,2023,2026-01-30,NKH4NTXNW8C6
2023-09-GSAFAC-0000390347,T4B1AKN5H1G6,2023,2026-01-30,YTMUC3D888L3
2023-09-GSAFAC-0000390347,T4B1AKN5H1G6,2023,2026-01-30,X1CLDN4MKMU5
2023-09-GSAFAC-0000390347,T4B1AKN5H1G6,2023,2026-01-30,T41LAQD7HG34
2023-09-GSAFAC-0000390347,T4B1AKN5H1G6,2023,2026-01-30,DJBBVD7ETN63
2023-09-GSAFAC-0000390347,T4B1AKN5H1G6,2023,2026-01-30,F7BJJFNDLUM3
2023-09-GSAFAC-0000390347,T4B1AKN5H1G6,2023,2026-01-30,Y5C1GLPNP5J6
2023-09-GSAFAC-0000390347,T4B1AKN5H1G6,2023,2026-01-30,DTNKM2BJ3Q13
2023-09-GSAFAC-0000390347,T4B1AKN5H1G6,2023,2026-01-30,XTK2U53XMDN7
2023-09-GSAFAC-0000390347,T4B1AKN5H1G6,2023,2026-01-30,QULCKDN57YN3
2023-09-GSAFAC-0000390347,T4B1AKN5H1G6,2023,2026-01-30,YEYTW8NR6KG6
2023-09-GSAFAC-0000390347,T4B1AKN5H1G6,2023,2026-01-30,SGNYMN3YKS17
2023-09-GSAFAC-0000390347,T4B1AKN5H1G6,2023,2026-01-30,CPBZB5PFK479
2023-09-GSAFAC-0000390347,T4B1AKN5H1G6,2023,2026-01-30,FRLYGBM41QA5
2023-09-GSAFAC-0000390347,T4B1AKN5H1G6,2023,2026-01-30,HL69VAU9CAV3
2023-09-GSAFAC-0000390347,T4B1AKN5H1G6,2023,2026-01-30,K8R8XURGA1E1
2023-09-GSAFAC-0000390347,T4B1AKN5H1G6,2023,2026-01-30,KUZBNSL8G891
2023-09-GSAFAC-0000390347,T4B1AKN5H1G6,2023,2026-01-30,PHT6Y4YAXAH4
2023-09-GSAFAC-0000390347,T4B1AKN5H1G6,2023,2026-01-30,GCULBBHVJ3D6
2023-09-GSAFAC-0000390347,T4B1AKN5H1G6,2023,2026-01-30,NFXZQC368EM3
2023-09-GSAFAC-0000390347,T4B1AKN5H1G6,2023,2026-01-30,NN5MFYYQ3EH9
2023-09-GSAFAC-0000390347,T4B1AKN5H1G6,2023,2026-01-30,Q2KHYDLL2M54
2023-09-GSAFAC-0000390347,T4B1AKN5H1G6,2023,2026-01-30,LMC2X6SKGYJ1
2023-09-GSAFAC-0000390347,T4B1AKN5H1G6,2023,2026-01-30,EX95MQC7W4F6
2023-09-GSAFAC-0000390347,T4B1AKN5H1G6,2023,2026-01-30,YFCYX9HW6B45
2023-09-GSAFAC-0000390347,T4B1AKN5H1G6,2023,2026-01-30,DPR5HQNKF117
2025-06-GSAFAC-0000401109,FK8TL5KKDMS7,2025,2026-01-30,QLKJMN1AA235
2025-09-GSAFAC-0000399731,WU28Y86KCKT7,2025,2026-01-30,GSHTTVZUH4B3
2025-09-GSAFAC-0000399731,WU28Y86KCKT7,2025,2026-01-30,QFB4MMCULT16
2025-09-GSAFAC-0000399731,WU28Y86KCKT7,2025,2026-01-30,F1DJPTUNYCR3
2025-09-GSAFAC-0000399731,WU28Y86KCKT7,2025,2026-01-30,YWKZMKLL8P78
2025-06-GSAFAC-0000396695,FUT2E1NXJ2F6,2025,2026-01-30,T43NJNBGE4V9
2025-06-GSAFAC-0000396695,FUT2E1NXJ2F6,2025,2026-01-30,KFJBQ86PDE16
2025-06-GSAFAC-0000396695,FUT2E1NXJ2F6,2025,2026-01-30,XN9QHM1JN5M3
2025-06-GSAFAC-0000396695,FUT2E1NXJ2F6,2025,2026-01-30,M7JDR1NU9PD7
2025-06-GSAFAC-0000397327,HBK8SBCQJ8X5,2025,2026-01-30,C1H2S6ENSW58
2025-06-GSAFAC-0000397327,HBK8SBCQJ8X5,2025,2026-01-30,TKV8PAW2FA97
2025-06-GSAFAC-0000397327,HBK8SBCQJ8X5,2025,2026-01-30,LKL9DPTCFMQ7
2025-06-GSAFAC-0000397327,HBK8SBCQJ8X5,2025,2026-01-30,CTN6WTL53KL5
2025-06-GSAFAC-0000397327,HBK8SBCQJ8X5,2025,2026-01-30,X7MEDXL78N57
2025-06-GSAFAC-0000398531,YDMVPF8DTLG9,2025,2026-01-30,ZLULKGA725J5
2025-06-GSAFAC-0000386608,JRSQR8PAE1L3,2025,2026-01-30,JH8WHHQDMJA4
2025-06-GSAFAC-0000400568,XHJJSUAL4H89,2025,2026-01-30,XKHDZHP1A4D9
2025-06-GSAFAC-0000400568,XHJJSUAL4H89,2025,2026-01-30,EXGAP96KY1M5
2025-06-GSAFAC-0000395112,CLMEQTVK9HW7,2025,2026-02-02,EDN1VLCN6DL7
2025-06-GSAFAC-0000395112,CLMEQTVK9HW7,2025,2026-02-02,MCW8HASSXS66
2025-06-GSAFAC-0000395112,CLMEQTVK9HW7,2025,2026-02-02,H8UCBFBUC2G8
2025-06-GSAFAC-0000395112,CLMEQTVK9HW7,2025,2026-02-02,DMHDKZMB1NQ5
2025-06-GSAFAC-0000395112,CLMEQTVK9HW7,2025,2026-02-02,F7DEEN79WRT6
2025-06-GSAFAC-0000398610,F9W8NJJ41QX5,2025,2026-02-02,WXJHJ88EJ3R6
2025-09-GSAFAC-0000399022,ULK7DXFED621,2025,2026-02-02,PWYHNSJYEWN6
2025-09-GSAFAC-0000399022,ULK7DXFED621,2025,2026-02-02,LJX7UBEYA9B4
2025-09-GSAFAC-0000399022,ULK7DXFED621,2025,2026-02-02,NK6FNVSJPXM4
2025-09-GSAFAC-0000399022,ULK7DXFED621,2025,2026-02-02,C3YEFLZBT717
2025-09-GSAFAC-0000399022,ULK7DXFED621,2025,2026-02-02,G1X4DAFYQ743
2025-09-GSAFAC-0000399022,ULK7DXFED621,2025,2026-02-02,JAJMVVHYWYL3
2025-09-GSAFAC-0000399022,ULK7DXFED621,2025,2026-02-02,CJ16KBSKK9W9
2025-09-GSAFAC-0000399022,ULK7DXFED621,2025,2026-02-02,J1KLJ99465J1
2025-09-GSAFAC-0000399022,ULK7DXFED621,2025,2026-02-02,V75GVNQQ1LP1
2025-09-GSAFAC-0000399022,ULK7DXFED621,2025,2026-02-02,DRNQD8EA3V94
2025-09-GSAFAC-0000399022,ULK7DXFED621,2025,2026-02-02,GZBCYLC9A869
2025-09-GSAFAC-0000399022,ULK7DXFED621,2025,2026-02-02,WEKAGB97MZL5
2025-09-GSAFAC-0000399022,ULK7DXFED621,2025,2026-02-02,XZB2ZCE237H7
2025-09-GSAFAC-0000399022,ULK7DXFED621,2025,2026-02-02,CTNZCLCC5CW7
2025-09-GSAFAC-0000399022,ULK7DXFED621,2025,2026-02-02,CTWDWGWUXN15
2025-09-GSAFAC-0000399022,ULK7DXFED621,2025,2026-02-02,LVJNF5G64JK8
2025-09-GSAFAC-0000399022,ULK7DXFED621,2025,2026-02-02,CMQXW3NGJ683
2025-09-GSAFAC-0000399022,ULK7DXFED621,2025,2026-02-02,M1BMEJ8K9NK5
2025-09-GSAFAC-0000399022,ULK7DXFED621,2025,2026-02-02,FXDATSTX1C75
2025-06-GSAFAC-0000386888,FGM9UQDVJNP8,2025,2026-02-02,Q7N4KDC39CF6
2024-12-GSAFAC-0000401470,F2XKNUMSB4S1,2024,2026-02-02,D8XXSCG7VVL4
2023-06-GSAFAC-0000400446,FYMLEGHX8YN5,2023,2026-02-02,TQR9GNTFDD21
2023-06-GSAFAC-0000400446,FYMLEGHX8YN5,2023,2026-02-02,Y3A1RW59DCH3
2025-06-GSAFAC-0000395877,YFVVJ5MCQ4U3,2025,2026-02-02,NJWKWGVY9898
2025-06-GSAFAC-0000387197,PC5NYNW2UQ54,2025,2026-02-02,EHJND1Z2E888
2025-06-GSAFAC-0000386981,ZQ5JYL7HQFS7,2025,2026-02-02,HMFKCEEQCBN7
2025-06-GSAFAC-0000386981,ZQ5JYL7HQFS7,2025,2026-02-02,ULPKD2SGQHH6
2025-06-GSAFAC-0000386981,ZQ5JYL7HQFS7,2025,2026-02-02,RKMZVYMB6B73
2025-06-GSAFAC-0000386981,ZQ5JYL7HQFS7,2025,2026-02-02,VQ8LJGBAN1N9
2025-06-GSAFAC-0000386981,ZQ5JYL7HQFS7,2025,2026-02-02,JQS5ER9KL3U8
2025-06-GSAFAC-0000386981,ZQ5JYL7HQFS7,2025,2026-02-02,WRAQP5LXZQD8
2025-06-GSAFAC-0000386981,ZQ5JYL7HQFS7,2025,2026-02-02,T5MVJDNHR9C5
2025-06-GSAFAC-0000386981,ZQ5JYL7HQFS7,2025,2026-02-02,D4R5LJKWSHM5
2025-06-GSAFAC-0000386981,ZQ5JYL7HQFS7,2025,2026-02-02,XZGDKHYXHTS9
2025-06-GSAFAC-0000386981,ZQ5JYL7HQFS7,2025,2026-02-02,LDVWM3ZWZJ36
2025-06-GSAFAC-0000386981,ZQ5JYL7HQFS7,2025,2026-02-02,ZKQSANE1FB93
2025-06-GSAFAC-0000386981,ZQ5JYL7HQFS7,2025,2026-02-02,UTMEAN5DM626
2025-06-GSAFAC-0000386981,ZQ5JYL7HQFS7,2025,2026-02-02,EEMBXBF1K5M8
2025-06-GSAFAC-0000386981,ZQ5JYL7HQFS7,2025,2026-02-02,JHLKV9NGEW18
2025-06-GSAFAC-0000386981,ZQ5JYL7HQFS7,2025,2026-02-02,C1N8LEC9FJ45
2025-06-GSAFAC-0000386981,ZQ5JYL7HQFS7,2025,2026-02-02,CM25H8WN5K11
2025-06-GSAFAC-0000386981,ZQ5JYL7HQFS7,2025,2026-02-02,CH4CFPVRL4D4
2025-06-GSAFAC-0000386981,ZQ5JYL7HQFS7,2025,2026-02-02,VSKREVLR6UU5
2025-06-GSAFAC-0000386981,ZQ5JYL7HQFS7,2025,2026-02-02,SMF5HB8HC1R8
2025-06-GSAFAC-0000386981,ZQ5JYL7HQFS7,2025,2026-02-02,GTJHJZDG5324
2025-06-GSAFAC-0000386981,ZQ5JYL7HQFS7,2025,2026-02-02,CMECGA8GLJ75
2025-06-GSAFAC-0000386981,ZQ5JYL7HQFS7,2025,2026-02-02,K2JASZMQDLX3
2025-06-GSAFAC-0000386981,ZQ5JYL7HQFS7,2025,2026-02-02,WRTNJACDF9C3
2025-06-GSAFAC-0000386981,ZQ5JYL7HQFS7,2025,2026-02-02,JNQFZNMEYGB3
2025-06-GSAFAC-0000386981,ZQ5JYL7HQFS7,2025,2026-02-02,WRAQP5LXZQD8
2025-06-GSAFAC-0000386981,ZQ5JYL7HQFS7,2025,2026-02-02,EEMBXBF1K5M8
2025-06-GSAFAC-0000386981,ZQ5JYL7HQFS7,2025,2026-02-02,EK93QZLLBSC4
2024-12-GSAFAC-0000400646,E3A8JQA9U4L1,2024,2026-02-02,GA98K1Q12QB3
2025-06-GSAFAC-0000401591,G46QB15NR3H3,2025,2026-02-03,D2ZKD7HN9P68
2025-06-GSAFAC-0000401591,G46QB15NR3H3,2025,2026-02-03,WCJNCZKMTSD4
2025-06-GSAFAC-0000401591,G46QB15NR3H3,2025,2026-02-03,CZL6JK2XG7U3
2025-06-GSAFAC-0000401591,G46QB15NR3H3,2025,2026-02-03,SN3QEXM3UMB9
2025-06-GSAFAC-0000401591,G46QB15NR3H3,2025,2026-02-03,D1XUFD3BDNH8
2025-06-GSAFAC-0000401591,G46QB15NR3H3,2025,2026-02-03,D35LYMSMWG86
2025-06-GSAFAC-0000401591,G46QB15NR3H3,2025,2026-02-03,D3ZFZ5CEKCU3
2025-06-GSAFAC-0000401591,G46QB15NR3H3,2025,2026-02-03,SQYXUH7CLTD5
2025-06-GSAFAC-0000401591,G46QB15NR3H3,2025,2026-02-03,D4JHC29GB4Y9
2025-06-GSAFAC-0000401591,G46QB15NR3H3,2025,2026-02-03,D53QRMYM3N88
2025-06-GSAFAC-0000401591,G46QB15NR3H3,2025,2026-02-03,D5C6N3WQ16R8
2025-06-GSAFAC-0000401591,G46QB15NR3H3,2025,2026-02-03,CZYXMM8GKRG3
2025-06-GSAFAC-0000401591,G46QB15NR3H3,2025,2026-02-03,D5N1CLL854G3
2025-06-GSAFAC-0000400263,JXTKQPTN2NJ9,2025,2026-02-03,HB1ZXGFGMPF8
2025-06-GSAFAC-0000400425,V45ADERKJAY8,2025,2026-02-03,C1UPD99BCWHS
2025-06-GSAFAC-0000400425,V45ADERKJAY8,2025,2026-02-03,MBF7VMNLNRT5
2025-09-GSAFAC-0000396299,D4UNFMQY18B7,2025,2026-02-03,CUH9NM31DJE1
2025-06-GSAFAC-0000387223,T3LGVRCFU3D8,2025,2026-02-03,K3YATGFHK6Q7
2025-06-GSAFAC-0000397665,SNLZHEANAJ47,2025,2026-02-03,DLEHKT6UCG75
2025-06-GSAFAC-0000397665,SNLZHEANAJ47,2025,2026-02-03,FEYLZGL4EB27
2025-06-GSAFAC-0000397665,SNLZHEANAJ47,2025,2026-02-03,ZPYAC7W9WKT3
2025-06-GSAFAC-0000397665,SNLZHEANAJ47,2025,2026-02-03,XB8EDP4NMR86
2025-06-GSAFAC-0000396653,DUM9ECBKWHY9,2025,2026-02-03,XAAWR2MMEJ81
2025-06-GSAFAC-0000396653,DUM9ECBKWHY9,2025,2026-02-03,M57HWNFYKVA7
2025-06-GSAFAC-0000396653,DUM9ECBKWHY9,2025,2026-02-03,KM5EEKFJ7JQ7
2025-06-GSAFAC-0000396653,DUM9ECBKWHY9,2025,2026-02-03,RD34PM1SCMY4
2025-06-GSAFAC-0000396653,DUM9ECBKWHY9,2025,2026-02-03,UT9MTR1SAAY4
2025-06-GSAFAC-0000392655,MKX7K2PKSAA8,2025,2026-02-04,PLK4JNT7F6N3
2025-06-GSAFAC-0000398932,L5DXZD52WLL5,2025,2026-02-04,T9MRHNQQXMH5
2025-06-GSAFAC-0000397226,EH8XLZA2ACN6,2025,2026-02-04,MJZWKHMW5DW7
2025-06-GSAFAC-0000397226,EH8XLZA2ACN6,2025,2026-02-04,TGSKSH1LCGA6
2025-06-GSAFAC-0000401834,JMEJT5FMGGX9,2025,2026-02-04,VHD6A5ZULP43
2025-06-GSAFAC-0000401834,JMEJT5FMGGX9,2025,2026-02-04,MP3THTJ9WJM5
2025-06-GSAFAC-0000401834,JMEJT5FMGGX9,2025,2026-02-04,M4BLEJMT6SL5
2025-06-GSAFAC-0000401834,JMEJT5FMGGX9,2025,2026-02-04,NJJMFTJ5DN25
2025-06-GSAFAC-0000401834,JMEJT5FMGGX9,2025,2026-02-04,F5NMVX1R8996
2025-06-GSAFAC-0000401834,JMEJT5FMGGX9,2025,2026-02-04,MR9LDZZZBZW6
2025-06-GSAFAC-0000389186,EHEEAGYKUB87,2025,2026-02-04,SZNRL7J8S5C4
2025-06-GSAFAC-0000400066,KMBMU31B2H17,2025,2026-02-04,T2NTAJ7EJE76
2025-06-GSAFAC-0000396281,K6UGAJGNZHA8,2025,2026-02-04,MJ49NWQEADS1
2025-06-GSAFAC-0000396281,K6UGAJGNZHA8,2025,2026-02-04,P2MESJCECM35
2025-06-GSAFAC-0000400764,C5NGWL34NMB3,2025,2026-02-04,QJJHV23FRAD8
2025-06-GSAFAC-0000400764,C5NGWL34NMB3,2025,2026-02-04,N1LHQ92KZ296
2025-06-GSAFAC-0000396785,PMVLKBX5KCA8,2025,2026-02-04,F87MBG9M1KL1
2025-06-GSAFAC-0000396785,PMVLKBX5KCA8,2025,2026-02-04,E41PH2FF1LM8
2025-06-GSAFAC-0000396785,PMVLKBX5KCA8,2025,2026-02-04,URJVMKBJKM21
2025-06-GSAFAC-0000396785,PMVLKBX5KCA8,2025,2026-02-04,HAMKDP7NM8C6
2025-06-GSAFAC-0000396785,PMVLKBX5KCA8,2025,2026-02-04,N2D5AFD9HGE1
2024-12-GSAFAC-0000400213,K656PGNEBNQ8,2024,2026-02-05,SFRLF2ZYH9H2
2024-12-GSAFAC-0000400213,K656PGNEBNQ8,2024,2026-02-05,TCKRGM7LZNQ8
2024-12-GSAFAC-0000400213,K656PGNEBNQ8,2024,2026-02-05,CFBWKUTR58P5
2024-12-GSAFAC-0000400213,K656PGNEBNQ8,2024,2026-02-05,LDXVUCHRL7W1
2024-12-GSAFAC-0000400213,K656PGNEBNQ8,2024,2026-02-05,M6K5QKMTN1M8
2024-12-GSAFAC-0000400213,K656PGNEBNQ8,2024,2026-02-05,WRNHCVKJWQJ1
2025-06-GSAFAC-0000398790,EXC1QZFCU3M4,2025,2026-02-05,TH23SR2BG8M1
2025-06-GSAFAC-0000398790,EXC1QZFCU3M4,2025,2026-02-05,KJ2NMJKAJNH7
2025-06-GSAFAC-0000398790,EXC1QZFCU3M4,2025,2026-02-05,SJYSJ4K4H2J4
2025-06-GSAFAC-0000388215,CL1DBBTJGJJ8,2025,2026-02-05,FL91GJN75FU5
2025-06-GSAFAC-0000388215,CL1DBBTJGJJ8,2025,2026-02-05,N8E2S9SJV487
2025-06-GSAFAC-0000397585,C6A8LHPE9YA5,2025,2026-02-05,JK6BTE64HNJ4
2025-06-GSAFAC-0000397585,C6A8LHPE9YA5,2025,2026-02-05,GD3JNBW24HV4
2025-06-GSAFAC-0000398050,KBQWP4JGA355,2025,2026-02-05,NTHNZJDZ9E16
2025-06-GSAFAC-0000398050,KBQWP4JGA355,2025,2026-02-05,EXADD8M6FHH6
2025-06-GSAFAC-0000398050,KBQWP4JGA355,2025,2026-02-05,JRSNN2RBANE4
2025-06-GSAFAC-0000398050,KBQWP4JGA355,2025,2026-02-05,DGP6MLKMMHF6
2025-06-GSAFAC-0000388682,QUKNKLZ4N889,2025,2026-02-05,H1HYA8Z1NTM5
2025-06-GSAFAC-0000400868,Y1RGAV5S2EN7,2025,2026-02-05,NG8CKAJ2BCY9
2025-06-GSAFAC-0000400422,E8LMSJ41W817,2025,2026-02-05,GUMTASM49KL4
2025-06-GSAFAC-0000400422,E8LMSJ41W817,2025,2026-02-05,VNVJSE6LHKG6
2025-06-GSAFAC-0000400422,E8LMSJ41W817,2025,2026-02-05,EHJNTJENMVD3
2025-06-GSAFAC-0000398373,H2JQJKZU65E8,2025,2026-02-05,E3JHJYNXWN18
2025-06-GSAFAC-0000398373,H2JQJKZU65E8,2025,2026-02-05,YQJ6EYU5WM51
2025-06-GSAFAC-0000398740,JLCCLDD3KAV1,2025,2026-02-05,THMDG3MN8PC6
2025-06-GSAFAC-0000398740,JLCCLDD3KAV1,2025,2026-02-05,DPLETTQ3R9J3
2025-06-GSAFAC-0000398740,JLCCLDD3KAV1,2025,2026-02-05,PVKZC6MY6KQ3
2025-06-GSAFAC-0000398740,JLCCLDD3KAV1,2025,2026-02-05,C143ABBJAKK5
2025-06-GSAFAC-0000398740,JLCCLDD3KAV1,2025,2026-02-05,JBCMFJVELAE5
2024-06-GSAFAC-0000402042,EJEEH8S7HW17,2024,2026-02-06,LR7RKCKVNF65
2024-06-GSAFAC-0000402042,EJEEH8S7HW17,2024,2026-02-06,UU7MFZ2K3GN3
2024-06-GSAFAC-0000402042,EJEEH8S7HW17,2024,2026-02-06,QLTJBDL4CVW7
2024-06-GSAFAC-0000402042,EJEEH8S7HW17,2024,2026-02-06,E82HYHTF5TA6
2024-06-GSAFAC-0000402042,EJEEH8S7HW17,2024,2026-02-06,DGYQH8DRBZF1
2024-06-GSAFAC-0000402042,EJEEH8S7HW17,2024,2026-02-06,CLAKTLDLL968
2024-06-GSAFAC-0000402042,EJEEH8S7HW17,2024,2026-02-06,N1JFUDPCT656
2024-06-GSAFAC-0000402042,EJEEH8S7HW17,2024,2026-02-06,UQEBYLLVKUN9
2024-06-GSAFAC-0000402042,EJEEH8S7HW17,2024,2026-02-06,TMVFY7BELDH5
2024-06-GSAFAC-0000402042,EJEEH8S7HW17,2024,2026-02-06,QLD3B6R1X5A8
2024-06-GSAFAC-0000402042,EJEEH8S7HW17,2024,2026-02-06,QGDDCK9UXNE3
2024-06-GSAFAC-0000402042,EJEEH8S7HW17,2024,2026-02-06,XATXH1ELVHL7
2024-06-GSAFAC-0000402042,EJEEH8S7HW17,2024,2026-02-06,GAR5KCXYNCL7
2024-06-GSAFAC-0000402042,EJEEH8S7HW17,2024,2026-02-06,V93SGUA5P9L3
2024-06-GSAFAC-0000402042,EJEEH8S7HW17,2024,2026-02-06,SVSGVSKNBN11
2024-06-GSAFAC-0000402042,EJEEH8S7HW17,2024,2026-02-06,TFZHD2BTDF42
2024-06-GSAFAC-0000402042,EJEEH8S7HW17,2024,2026-02-06,VJCDU6ME5WG4
2024-06-GSAFAC-0000402042,EJEEH8S7HW17,2024,2026-02-06,WMEEHCAPGR65
2024-06-GSAFAC-0000402042,EJEEH8S7HW17,2024,2026-02-06,JDWWMKG4DJ11
2024-06-GSAFAC-0000402042,EJEEH8S7HW17,2024,2026-02-06,K2F2JHFWMYL6
2024-06-GSAFAC-0000402042,EJEEH8S7HW17,2024,2026-02-06,THKNELBAWJG7
2024-06-GSAFAC-0000402042,EJEEH8S7HW17,2024,2026-02-06,LGZEWZY78NW9
2024-06-GSAFAC-0000402042,EJEEH8S7HW17,2024,2026-02-06,HBT7HNLMDAL3
2024-06-GSAFAC-0000402042,EJEEH8S7HW17,2024,2026-02-06,Z8YEMJZCYLH9
2024-06-GSAFAC-0000402042,EJEEH8S7HW17,2024,2026-02-06,EDVHAKD6AN35
2024-06-GSAFAC-0000402042,EJEEH8S7HW17,2024,2026-02-06,XAUWLNB1DEN1
2024-06-GSAFAC-0000402042,EJEEH8S7HW17,2024,2026-02-06,FM2YL5A98VH3
2024-06-GSAFAC-0000402042,EJEEH8S7HW17,2024,2026-02-06,KMH2AEAYEJU7
2024-06-GSAFAC-0000402042,EJEEH8S7HW17,2024,2026-02-06,D8WYYFFG9RL3
2024-06-GSAFAC-0000402042,EJEEH8S7HW17,2024,2026-02-06,U33MJRHNK5H3
2024-06-GSAFAC-0000402042,EJEEH8S7HW17,2024,2026-02-06,XN2FHLMCRFC5
2024-06-GSAFAC-0000402042,EJEEH8S7HW17,2024,2026-02-06,XN2FHLMCRFC5
2024-06-GSAFAC-0000402042,EJEEH8S7HW17,2024,2026-02-06,K34VVMXE8MK5
2024-06-GSAFAC-0000402042,EJEEH8S7HW17,2024,2026-02-06,K36GLNCJNJV4
2024-06-GSAFAC-0000402042,EJEEH8S7HW17,2024,2026-02-06,FHJ8GQGZ7NP9
2024-06-GSAFAC-0000402042,EJEEH8S7HW17,2024,2026-02-06,GZYEL3G9JYN8
2024-06-GSAFAC-0000402042,EJEEH8S7HW17,2024,2026-02-06,H8Q6LJED95K7
2024-06-GSAFAC-0000402042,EJEEH8S7HW17,2024,2026-02-06,Q4YJNDPS53E6
2024-06-GSAFAC-0000402042,EJEEH8S7HW17,2024,2026-02-06,KPXHTPF6Y2K2
2024-06-GSAFAC-0000402042,EJEEH8S7HW17,2024,2026-02-06,E9CNJL8HMVQ3
2024-06-GSAFAC-0000402042,EJEEH8S7HW17,2024,2026-02-06,PPA6BVE1CAV5
2024-06-GSAFAC-0000402042,EJEEH8S7HW17,2024,2026-02-06,Y6MMW9U1D966
2024-06-GSAFAC-0000402042,EJEEH8S7HW17,2024,2026-02-06,DW31LGJ3RLU7
2024-06-GSAFAC-0000402042,EJEEH8S7HW17,2024,2026-02-06,D4L7RFTZE357
2024-06-GSAFAC-0000402042,EJEEH8S7HW17,2024,2026-02-06,QKMHLBCALVZ1
2024-06-GSAFAC-0000402042,EJEEH8S7HW17,2024,2026-02-06,GVJBZNELFGL3
2024-06-GSAFAC-0000402042,EJEEH8S7HW17,2024,2026-02-06,Q3JLLBBNKJ24
2024-06-GSAFAC-0000402042,EJEEH8S7HW17,2024,2026-02-06,KKVQY3MM2KK1
2024-06-GSAFAC-0000402042,EJEEH8S7HW17,2024,2026-02-06,RYCEN8ALL5A4
2024-06-GSAFAC-0000402042,EJEEH8S7HW17,2024,2026-02-06,C1PSQ1K3MKX5
2024-06-GSAFAC-0000402042,EJEEH8S7HW17,2024,2026-02-06,CK72K82J13J3
2024-06-GSAFAC-0000402042,EJEEH8S7HW17,2024,2026-02-06,FZNNFD4RF5Y9
2024-06-GSAFAC-0000402042,EJEEH8S7HW17,2024,2026-02-06,GRVHMMJ93J39
2024-06-GSAFAC-0000402042,EJEEH8S7HW17,2024,2026-02-06,J5L2LBJK8RB8
2024-06-GSAFAC-0000402042,EJEEH8S7HW17,2024,2026-02-06,JE3YHTMMFSL6
2024-06-GSAFAC-0000402042,EJEEH8S7HW17,2024,2026-02-06,JYNMMD1811Y3
2024-06-GSAFAC-0000402042,EJEEH8S7HW17,2024,2026-02-06,LPMEAGRMSZB8
2024-06-GSAFAC-0000402042,EJEEH8S7HW17,2024,2026-02-06,LU3AAZWKKFA9
2024-06-GSAFAC-0000402042,EJEEH8S7HW17,2024,2026-02-06,MEBDG354JXT3
2024-06-GSAFAC-0000402042,EJEEH8S7HW17,2024,2026-02-06,TLPLWBGV4G58
2024-06-GSAFAC-0000402042,EJEEH8S7HW17,2024,2026-02-06,UU7MFZ2K3GN3
2024-06-GSAFAC-0000402042,EJEEH8S7HW17,2024,2026-02-06,WEKKFLPD6H91
2024-06-GSAFAC-0000402042,EJEEH8S7HW17,2024,2026-02-06,YMZWTJ3NMRT1
2024-06-GSAFAC-0000402042,EJEEH8S7HW17,2024,2026-02-06,PJDCD3UBRZZ8
2024-06-GSAFAC-0000402042,EJEEH8S7HW17,2024,2026-02-06,GM1WZ4NRTM51
2024-06-GSAFAC-0000402042,EJEEH8S7HW17,2024,2026-02-06,MMB5YBSNG5G8
2024-06-GSAFAC-0000402042,EJEEH8S7HW17,2024,2026-02-06,NC25LGMYPDM9
2024-06-GSAFAC-0000402042,EJEEH8S7HW17,2024,2026-02-06,EM44YKJ8L555
2024-06-GSAFAC-0000402042,EJEEH8S7HW17,2024,2026-02-06,GASRKUGPZCC7
2024-06-GSAFAC-0000402042,EJEEH8S7HW17,2024,2026-02-06,N8GTYCVKJKE1
2024-06-GSAFAC-0000402042,EJEEH8S7HW17,2024,2026-02-06,S7MKKB2XJWC7
2024-06-GSAFAC-0000402042,EJEEH8S7HW17,2024,2026-02-06,MSNDZAYLNZW3
2024-06-GSAFAC-0000402042,EJEEH8S7HW17,2024,2026-02-06,C9FMD2QMKM66
2024-06-GSAFAC-0000402042,EJEEH8S7HW17,2024,2026-02-06,XNKNG1AEYQB5
2024-06-GSAFAC-0000402042,EJEEH8S7HW17,2024,2026-02-06,QM3LK2ZNGKK3
2024-06-GSAFAC-0000402042,EJEEH8S7HW17,2024,2026-02-06,YNXNFP2UEJY5
2024-06-GSAFAC-0000402042,EJEEH8S7HW17,2024,2026-02-06,RE4ACNNHDAE9
2024-06-GSAFAC-0000402042,EJEEH8S7HW17,2024,2026-02-06,ZVCGDASRZV31
2024-06-GSAFAC-0000402042,EJEEH8S7HW17,2024,2026-02-06,RRCZGEVWMNF6
2024-06-GSAFAC-0000402042,EJEEH8S7HW17,2024,2026-02-06,ESBQBLJJ4TL9
2024-06-GSAFAC-0000402042,EJEEH8S7HW17,2024,2026-02-06,RLSTMX6G1KN9
2024-06-GSAFAC-0000402042,EJEEH8S7HW17,2024,2026-02-06,G9PJLYMA2LN7
2024-06-GSAFAC-0000402042,EJEEH8S7HW17,2024,2026-02-06,KULSKCCZJT27
2024-06-GSAFAC-0000402042,EJEEH8S7HW17,2024,2026-02-06,USMJTDLGM6X8
2024-06-GSAFAC-0000402042,EJEEH8S7HW17,2024,2026-02-06,EJZ6N8W2ZLX6
2024-06-GSAFAC-0000402042,EJEEH8S7HW17,2024,2026-02-06,WREJJYMRZ5U1
2024-06-GSAFAC-0000402042,EJEEH8S7HW17,2024,2026-02-06,DGJFHVRBPEF3
2024-06-GSAFAC-0000402042,EJEEH8S7HW17,2024,2026-02-06,G5CPENQNTPK1
2024-06-GSAFAC-0000402042,EJEEH8S7HW17,2024,2026-02-06,ZJRYSNK9K1F5
2024-06-GSAFAC-0000402042,EJEEH8S7HW17,2024,2026-02-06,D69GS8RKHG25
2024-06-GSAFAC-0000402042,EJEEH8S7HW17,2024,2026-02-06,NJXDJGKMW2N5
2024-06-GSAFAC-0000402042,EJEEH8S7HW17,2024,2026-02-06,UFQ5LT1SLK61
2024-06-GSAFAC-0000402042,EJEEH8S7HW17,2024,2026-02-06,X5CVNKCCMGK8
2024-06-GSAFAC-0000402042,EJEEH8S7HW17,2024,2026-02-06,DZBJNGRHQ2R5
2024-06-GSAFAC-0000402042,EJEEH8S7HW17,2024,2026-02-06,S734YDNLSHW5
2024-06-GSAFAC-0000402042,EJEEH8S7HW17,2024,2026-02-06,LC3SFMP2L798
2024-06-GSAFAC-0000402042,EJEEH8S7HW17,2024,2026-02-06,EV8PCMMLFK85
2024-06-GSAFAC-0000402042,EJEEH8S7HW17,2024,2026-02-06,YU6WVSPTHKQ9
2024-06-GSAFAC-0000402042,EJEEH8S7HW17,2024,2026-02-06,T768HKZ8PLC2
2024-06-GSAFAC-0000402042,EJEEH8S7HW17,2024,2026-02-06,DJDHUMTZJ9E3
2024-06-GSAFAC-0000402042,EJEEH8S7HW17,2024,2026-02-06,K8YZD49K8PK3
2024-06-GSAFAC-0000402042,EJEEH8S7HW17,2024,2026-02-06,EX6HSTUA2KN8
2024-06-GSAFAC-0000402042,EJEEH8S7HW17,2024,2026-02-06,G2XMPKNUYNG4
2024-06-GSAFAC-0000402042,EJEEH8S7HW17,2024,2026-02-06,EQV9FNJ35YY1
2024-06-GSAFAC-0000402042,EJEEH8S7HW17,2024,2026-02-06,RNKYWXURFRL5
2024-06-GSAFAC-0000402042,EJEEH8S7HW17,2024,2026-02-06,VY4KLEJ48RA8
2024-06-GSAFAC-0000402042,EJEEH8S7HW17,2024,2026-02-06,JHTYTGKYWLL9
2024-06-GSAFAC-0000402042,EJEEH8S7HW17,2024,2026-02-06,LNUBJQ26R2M5
2024-06-GSAFAC-0000402042,EJEEH8S7HW17,2024,2026-02-06,EUEBFNMMKNV7
2024-06-GSAFAC-0000402042,EJEEH8S7HW17,2024,2026-02-06,FSWXHDLLZBD3
2024-06-GSAFAC-0000402042,EJEEH8S7HW17,2024,2026-02-06,J2E6DAHNA147
2024-06-GSAFAC-0000402042,EJEEH8S7HW17,2024,2026-02-06,P33YD28DE3Y6
2024-06-GSAFAC-0000402042,EJEEH8S7HW17,2024,2026-02-06,NPU8ULVAAS23
2024-06-GSAFAC-0000402042,EJEEH8S7HW17,2024,2026-02-06,PNK2G91GKFW6
2024-06-GSAFAC-0000402042,EJEEH8S7HW17,2024,2026-02-06,PYCYY9JC3LC9
2024-06-GSAFAC-0000402042,EJEEH8S7HW17,2024,2026-02-06,Y59WBGX38NJ9
2024-06-GSAFAC-0000402042,EJEEH8S7HW17,2024,2026-02-06,YM6SXJNJZNL3
2024-06-GSAFAC-0000402042,EJEEH8S7HW17,2024,2026-02-06,KMGEN62NKEM9
2024-06-GSAFAC-0000402042,EJEEH8S7HW17,2024,2026-02-06,CYM7VGDW4NU8
2024-06-GSAFAC-0000402042,EJEEH8S7HW17,2024,2026-02-06,RQGSC7FAWFM1
2024-06-GSAFAC-0000402042,EJEEH8S7HW17,2024,2026-02-06,UXYKU2RHMBW1
2025-06-GSAFAC-0000402317,KPE4E3JLLWZ7,2025,2026-02-06,MA93QHLNLJG3
2025-06-GSAFAC-0000402317,KPE4E3JLLWZ7,2025,2026-02-06,YNNAMF3K7MC1
2025-06-GSAFAC-0000390027,TL1UNGGY39N4,2025,2026-02-06,LLABHNB9ABM4
2025-06-GSAFAC-0000390027,TL1UNGGY39N4,2025,2026-02-06,Q3LLLDFHPNL3
2025-06-GSAFAC-0000390027,TL1UNGGY39N4,2025,2026-02-06,GZRNJ1GZDBM1
2025-06-GSAFAC-0000390027,TL1UNGGY39N4,2025,2026-02-06,NNYSN83U4HH6
2025-06-GSAFAC-0000390027,TL1UNGGY39N4,2025,2026-02-06,DHVQFXGFBLE9
2025-06-GSAFAC-0000390027,TL1UNGGY39N4,2025,2026-02-06,KWTAB1GYM4L9
2025-06-GSAFAC-0000390027,TL1UNGGY39N4,2025,2026-02-06,KFJ7WLKY6987
2025-06-GSAFAC-0000390027,TL1UNGGY39N4,2025,2026-02-06,CMBEL6LZ4MA5
2025-06-GSAFAC-0000390027,TL1UNGGY39N4,2025,2026-02-06,LY7FAJLUV9T9
2025-06-GSAFAC-0000390027,TL1UNGGY39N4,2025,2026-02-06,XN2SFKDS94J9
2025-06-GSAFAC-0000390027,TL1UNGGY39N4,2025,2026-02-06,QW4PK72Y7PM3
2025-06-GSAFAC-0000390027,TL1UNGGY39N4,2025,2026-02-06,YM9JN9LJG2W8
2025-06-GSAFAC-0000390027,TL1UNGGY39N4,2025,2026-02-06,HY6HKMAUZ3S3
2025-06-GSAFAC-0000390027,TL1UNGGY39N4,2025,2026-02-06,KF4GJVXT3E18
2025-06-GSAFAC-0000386812,TCWWZ6RW7NL8,2025,2026-02-06,JW9DBDUBJ2G3
2025-06-GSAFAC-0000402448,LGAQXBPNC5D9,2025,2026-02-06,Z18RSDC2JHT7
2025-06-GSAFAC-0000402448,LGAQXBPNC5D9,2025,2026-02-06,RS1YTLEXFNL4
2025-09-GSAFAC-0000392408,KCM2SXSNUS33,2025,2026-02-09,NGL4QX7E96K7
2025-09-GSAFAC-0000397634,TN9PA4MKNG95,2025,2026-02-09,M6A2UFAF5HL1
2025-09-GSAFAC-0000397634,TN9PA4MKNG95,2025,2026-02-09,XBYQWM7L8RL7
2025-09-GSAFAC-0000397634,TN9PA4MKNG95,2025,2026-02-09,DEJ3UFFX6LD4
2025-09-GSAFAC-0000397634,TN9PA4MKNG95,2025,2026-02-09,DGLBDWSMC7E1
2025-09-GSAFAC-0000397634,TN9PA4MKNG95,2025,2026-02-09,JG1RWHY6PX43
2025-09-GSAFAC-0000397634,TN9PA4MKNG95,2025,2026-02-09,J9Y2GBKAT7L1
2025-09-GSAFAC-0000397634,TN9PA4MKNG95,2025,2026-02-09,YF29UZPKL3E3
2025-09-GSAFAC-0000397634,TN9PA4MKNG95,2025,2026-02-09,NF88DPQBLHF3
2025-09-GSAFAC-0000397634,TN9PA4MKNG95,2025,2026-02-09,DB4HUMVRE1L6
2025-09-GSAFAC-0000397634,TN9PA4MKNG95,2025,2026-02-09,DD9QSFD58444
2025-09-GSAFAC-0000397634,TN9PA4MKNG95,2025,2026-02-09,PJYKL1YMXF85
2025-09-GSAFAC-0000397634,TN9PA4MKNG95,2025,2026-02-09,PBGJR7LX3G36
2025-09-GSAFAC-0000397634,TN9PA4MKNG95,2025,2026-02-09,YUXXMN61W4L8
2025-09-GSAFAC-0000397634,TN9PA4MKNG95,2025,2026-02-09,K53KY1DDH4D5
2025-09-GSAFAC-0000397634,TN9PA4MKNG95,2025,2026-02-09,GVSMBY2QGFA6
2025-09-GSAFAC-0000397634,TN9PA4MKNG95,2025,2026-02-09,ELMRMNE29LS8
2025-09-GSAFAC-0000397634,TN9PA4MKNG95,2025,2026-02-09,MQABSHNBJJ99
2025-06-GSAFAC-0000398136,QKQ9KAMFDS31,2025,2026-02-09,FS4UMYR8QND5
2025-06-GSAFAC-0000401200,JW7YN4NDAHC1,2025,2026-02-09,STC1LYLCWB18
2025-06-GSAFAC-0000401200,JW7YN4NDAHC1,2025,2026-02-09,GZ6NCMJFL6R4
2025-06-GSAFAC-0000401200,JW7YN4NDAHC1,2025,2026-02-09,RN4HGABGRWV7
2025-06-GSAFAC-0000401200,JW7YN4NDAHC1,2025,2026-02-09,SRT1YX7KJQL4
2025-06-GSAFAC-0000401200,JW7YN4NDAHC1,2025,2026-02-09,KJKYFMDKP1V9
2025-06-GSAFAC-0000401200,JW7YN4NDAHC1,2025,2026-02-09,Y8CRUE3Z5LD7
2025-06-GSAFAC-0000401200,JW7YN4NDAHC1,2025,2026-02-09,FGK7C4BSUVK3
2025-06-GSAFAC-0000401200,JW7YN4NDAHC1,2025,2026-02-09,F4SLJ5WF59F6
2025-06-GSAFAC-0000401200,JW7YN4NDAHC1,2025,2026-02-09,ZCS6S95MGH66
2025-06-GSAFAC-0000401200,JW7YN4NDAHC1,2025,2026-02-09,FUHGQMYGUBJ7
2025-06-GSAFAC-0000401200,JW7YN4NDAHC1,2025,2026-02-09,GS1KNYFEVKF1
2025-06-GSAFAC-0000401200,JW7YN4NDAHC1,2025,2026-02-09,WFY5U8JWNDK1
2025-06-GSAFAC-0000401200,JW7YN4NDAHC1,2025,2026-02-09,ZM6PVFEKEHK1
2025-06-GSAFAC-0000401200,JW7YN4NDAHC1,2025,2026-02-09,MXA6A75JEGY8
2025-06-GSAFAC-0000401200,JW7YN4NDAHC1,2025,2026-02-09,HMW5V5LQY617
2025-06-GSAFAC-0000401200,JW7YN4NDAHC1,2025,2026-02-09,H5D8ZCWMBRQ9
2025-06-GSAFAC-0000401200,JW7YN4NDAHC1,2025,2026-02-09,K8JLGZSDVS89
2025-06-GSAFAC-0000401200,JW7YN4NDAHC1,2025,2026-02-09,JWL6V4CWPQJ1
2025-06-GSAFAC-0000401200,JW7YN4NDAHC1,2025,2026-02-09,FNJZEE34W8V3
2025-06-GSAFAC-0000401200,JW7YN4NDAHC1,2025,2026-02-09,XB4KBLWF4LA5
2025-06-GSAFAC-0000401200,JW7YN4NDAHC1,2025,2026-02-09,JLQBUB5SG3L5
2025-06-GSAFAC-0000401200,JW7YN4NDAHC1,2025,2026-02-09,RASVZWGK4FW3
2025-06-GSAFAC-0000401200,JW7YN4NDAHC1,2025,2026-02-09,CPVFEDRAL3U6
2025-06-GSAFAC-0000400237,KABJZBBJ4B54,2025,2026-02-09,LPCTM8BS8NF3
2025-06-GSAFAC-0000400237,KABJZBBJ4B54,2025,2026-02-09,L3CLVHZ62EE4
2025-06-GSAFAC-0000400237,KABJZBBJ4B54,2025,2026-02-09,UKT7ZAYMKX86
2025-06-GSAFAC-0000400237,KABJZBBJ4B54,2025,2026-02-09,MDH9JYXPEAK1
2025-06-GSAFAC-0000400237,KABJZBBJ4B54,2025,2026-02-09,KZELK32E7C33
2025-06-GSAFAC-0000389525,GWSXAJZALU69,2025,2026-02-09,FUL6WMG57B81
2025-06-GSAFAC-0000389525,GWSXAJZALU69,2025,2026-02-09,PZ3LQZB9NUJ4
2025-06-GSAFAC-0000389525,GWSXAJZALU69,2025,2026-02-09,ZKTGRL7XJNN3
2025-06-GSAFAC-0000389525,GWSXAJZALU69,2025,2026-02-09,RHJGDHN6HKH7
2025-06-GSAFAC-0000389525,GWSXAJZALU69,2025,2026-02-09,HHWKSVJP5983
2025-06-GSAFAC-0000389525,GWSXAJZALU69,2025,2026-02-09,HEHTK6PZJK27
2025-06-GSAFAC-0000389525,GWSXAJZALU69,2025,2026-02-09,KMKFX634FMA5
2025-06-GSAFAC-0000389525,GWSXAJZALU69,2025,2026-02-09,XXNRNNKADJK6
2025-06-GSAFAC-0000389525,GWSXAJZALU69,2025,2026-02-09,KKCWCE75EY67
2025-06-GSAFAC-0000389525,GWSXAJZALU69,2025,2026-02-09,EC93ZNLMVRP9
2025-06-GSAFAC-0000389525,GWSXAJZALU69,2025,2026-02-09,MCKUP4GWKCR9
2025-06-GSAFAC-0000389525,GWSXAJZALU69,2025,2026-02-09,FRRVWZA91J99
2025-06-GSAFAC-0000389525,GWSXAJZALU69,2025,2026-02-09,XKNCRNQE18G3
2025-06-GSAFAC-0000389525,GWSXAJZALU69,2025,2026-02-09,YG1JMECDM6Y3
2025-06-GSAFAC-0000389525,GWSXAJZALU69,2025,2026-02-09,LLV2L7VR3BH3
2025-06-GSAFAC-0000389525,GWSXAJZALU69,2025,2026-02-09,DYPLVSEBPZM6
2025-06-GSAFAC-0000382687,GM1XX56LEP58,2025,2026-02-10,H7LMD1ANJNN4
2025-06-GSAFAC-0000382687,GM1XX56LEP58,2025,2026-02-10,Z75RRBRSNRW4
2025-06-GSAFAC-0000382687,GM1XX56LEP58,2025,2026-02-10,R7V7Y6N543J6
2025-06-GSAFAC-0000382687,GM1XX56LEP58,2025,2026-02-10,DDRRTAMVJWF7
2025-06-GSAFAC-0000401084,MBYAYNVYNNW8,2025,2026-02-10,RJEFPSXC5BJ1
2025-06-GSAFAC-0000401084,MBYAYNVYNNW8,2025,2026-02-10,N16RBBMLFDC7
2025-06-GSAFAC-0000401084,MBYAYNVYNNW8,2025,2026-02-10,WXKECC919475
2025-06-GSAFAC-0000401084,MBYAYNVYNNW8,2025,2026-02-10,UH5JFVKCJM97
2025-06-GSAFAC-0000401084,MBYAYNVYNNW8,2025,2026-02-10,LNJNRWJCY8S5
2025-06-GSAFAC-0000401084,MBYAYNVYNNW8,2025,2026-02-10,XNUZK3KAJ9K6
2025-06-GSAFAC-0000399290,L9HLNE16ZQW5,2025,2026-02-10,XFKYFRU3M7L1
2025-06-GSAFAC-0000399290,L9HLNE16ZQW5,2025,2026-02-10,TB53TAKH9UR3
2025-06-GSAFAC-0000397220,KS8RFKRF6ZE6,2025,2026-02-10,MKTSDFM6Y3P8
2025-06-GSAFAC-0000397220,KS8RFKRF6ZE6,2025,2026-02-10,ENTLWZJ8JPJ9
2025-06-GSAFAC-0000401649,LS3BG3HFWUW5,2025,2026-02-10,CQZSF57ZR6S3
2025-06-GSAFAC-0000387708,V8BLYJDMJHU9,2025,2026-02-10,UV61N48YZBZ4
2025-06-GSAFAC-0000397493,DD2XCL6J19J8,2025,2026-02-10,LF8UDVK5E4Z3
2025-06-GSAFAC-0000397493,DD2XCL6J19J8,2025,2026-02-10,DKGCP8VEYVL5
2025-06-GSAFAC-0000387789,X25YXXV3PNA6,2025,2026-02-10,J5HWZ6H6UAK5
2024-12-GSAFAC-0000398620,GEJWCQYMRN55,2024,2026-02-11,NM9EUXLRFND1
2025-06-GSAFAC-0000385451,PJMWVZFPFMY4,2025,2026-02-11,FHMPFKBX8FL4
2023-12-GSAFAC-0000401849,LJGAYLBNL6M4,2023,2026-02-11,GVM3AE4MJD94
2023-12-GSAFAC-0000401849,LJGAYLBNL6M4,2023,2026-02-11,UCRCJHCML897
2025-06-GSAFAC-0000389574,GEYBRPBMD5H7,2025,2026-02-11,C843NJ6FYF27
2025-06-GSAFAC-0000403051,F1Q5JJXS2FA7,2025,2026-02-11,EJVELQN9EW37
2025-06-GSAFAC-0000400094,GBETTW79Q2S6,2025,2026-02-11,CQP8SDK3TLD3
2025-06-GSAFAC-0000389921,J3VJP6KKXA49,2025,2026-02-11,DTUWEVASCW67
2025-06-GSAFAC-0000389921,J3VJP6KKXA49,2025,2026-02-11,E5WFJBN4GNZ1
2025-06-GSAFAC-0000389921,J3VJP6KKXA49,2025,2026-02-11,NL78U8FCSL19
2025-06-GSAFAC-0000388710,SHMTBW88LZB5,2025,2026-02-12,M3KHEEYRM1S6
2025-06-GSAFAC-0000388710,SHMTBW88LZB5,2025,2026-02-12,ZA7MWKL4UQC9
2025-06-GSAFAC-0000388710,SHMTBW88LZB5,2025,2026-02-12,GCXVRTR45RE1
2025-06-GSAFAC-0000388710,SHMTBW88LZB5,2025,2026-02-12,F9SRJWNH4PL5
2025-06-GSAFAC-0000399422,KFPXZJKBK8T9,2025,2026-02-12,D3J6CCW2V7T8
2025-06-GSAFAC-0000402620,NB77V234V3N4,2025,2026-02-12,C6Z7L4K6AG21
2025-06-GSAFAC-0000403242,QRNREETCNPE7,2025,2026-02-12,NE42EPBVCD86
2025-06-GSAFAC-0000403442,VKMPUM8MKDZ6,2025,2026-02-12,G7SNMWCW15N1
2025-06-GSAFAC-0000392150,Y2BSP82QPGB3,2025,2026-02-12,YXALJKD8KRN7
2025-06-GSAFAC-0000392150,Y2BSP82QPGB3,2025,2026-02-12,MCVLJARN5Y56
2025-09-GSAFAC-0000395397,WDBRTW7XMME9,2025,2026-02-13,TEX3C9JM6667
2025-06-GSAFAC-0000391228,NSCKLFSSABF2,2025,2026-02-13,KEXVZ79F9UU9
2025-06-GSAFAC-0000391228,NSCKLFSSABF2,2025,2026-02-13,UALXDJ3K6393
2025-06-GSAFAC-0000391228,NSCKLFSSABF2,2025,2026-02-13,EPDWD1VHEBD8
2025-06-GSAFAC-0000391228,NSCKLFSSABF2,2025,2026-02-13,VL5FH97BNMH5
2025-06-GSAFAC-0000391228,NSCKLFSSABF2,2025,2026-02-13,CLS9KEX1ZET8
2025-06-GSAFAC-0000391228,NSCKLFSSABF2,2025,2026-02-13,LN5ED3QCV1F5
2025-06-GSAFAC-0000391228,NSCKLFSSABF2,2025,2026-02-13,DM38AFDLWMU6
2025-06-GSAFAC-0000391228,NSCKLFSSABF2,2025,2026-02-13,W9H3CLDVMLD9
2025-06-GSAFAC-0000391228,NSCKLFSSABF2,2025,2026-02-13,N1A9NHKWXT75
2025-06-GSAFAC-0000391228,NSCKLFSSABF2,2025,2026-02-13,SPAVLJ6CPBQ5
2025-06-GSAFAC-0000392024,M9Q4UBJDP6Q6,2025,2026-02-13,L2UJLHCMHJZ8
2025-06-GSAFAC-0000392024,M9Q4UBJDP6Q6,2025,2026-02-13,EZLLC5J2N9N9
2025-06-GSAFAC-0000392024,M9Q4UBJDP6Q6,2025,2026-02-13,E66KY8JYEX15
2025-06-GSAFAC-0000399460,LN53LCFJFL45,2025,2026-02-13,UNVDZNFA8R29
2025-06-GSAFAC-0000399460,LN53LCFJFL45,2025,2026-02-13,JDLVAVGYJQ21
2025-06-GSAFAC-0000397043,F6XMPMVYG8J3,2025,2026-02-16,GMBJSA1FBWS3
2025-06-GSAFAC-0000397043,F6XMPMVYG8J3,2025,2026-02-16,NBCZN3ZMNC34
2025-06-GSAFAC-0000397043,F6XMPMVYG8J3,2025,2026-02-16,LFEAJ9P535F8
2025-06-GSAFAC-0000397043,F6XMPMVYG8J3,2025,2026-02-16,QGK6NDM2H596
2025-06-GSAFAC-0000397043,F6XMPMVYG8J3,2025,2026-02-16,NN6HFKQY4355
2025-06-GSAFAC-0000397043,F6XMPMVYG8J3,2025,2026-02-16,CJMLME2LNS96
2025-06-GSAFAC-0000397043,F6XMPMVYG8J3,2025,2026-02-16,DCG1PE3FFHC3
2025-06-GSAFAC-0000403203,HH84A4YLR1Y9,2025,2026-02-16,KGXMYPHN1943
2025-06-GSAFAC-0000403203,HH84A4YLR1Y9,2025,2026-02-16,HEMBCTLWDGR5
2025-06-GSAFAC-0000403203,HH84A4YLR1Y9,2025,2026-02-16,KL71PMHQ43T5
2025-06-GSAFAC-0000390449,QFCVB9X7NN47,2025,2026-02-17,WEFXRPH5HLN6
2025-06-GSAFAC-0000390449,QFCVB9X7NN47,2025,2026-02-17,WEDNDEKS6AJB
2025-06-GSAFAC-0000401463,ENQDXF9M4RX7,2025,2026-02-17,ZHMKZ5RAKEV8
2025-06-GSAFAC-0000401463,ENQDXF9M4RX7,2025,2026-02-17,Y9PAN99T4E84
2025-06-GSAFAC-0000401463,ENQDXF9M4RX7,2025,2026-02-17,FMCPXSC1HT89
2025-06-GSAFAC-0000401463,ENQDXF9M4RX7,2025,2026-02-17,GEKGWB1UL9J4
2025-06-GSAFAC-0000392735,TNQMP46NDSL1,2025,2026-02-17,WGDMLCMUWAN1
2025-06-GSAFAC-0000403949,G5TZX4Y8E431,2025,2026-02-17,HH5SVAK984G9
2025-06-GSAFAC-0000403949,G5TZX4Y8E431,2025,2026-02-17,NJ62JZT3K4D8
2025-06-GSAFAC-0000403949,G5TZX4Y8E431,2025,2026-02-17,ELS5DCFKR7S3
2025-06-GSAFAC-0000403949,G5TZX4Y8E431,2025,2026-02-17,JJNJFLKTYCN5
2025-06-GSAFAC-0000403949,G5TZX4Y8E431,2025,2026-02-17,K8SZU619JA36
2025-06-GSAFAC-0000401610,X4JSFPXW4K14,2025,2026-02-18,S64RZN6ZNC19
2025-06-GSAFAC-0000401610,X4JSFPXW4K14,2025,2026-02-18,U9CNYXLH3LF8
2025-06-GSAFAC-0000401610,X4JSFPXW4K14,2025,2026-02-18,WYXQYCFCQDL7
2025-06-GSAFAC-0000403568,W5K8MYC8RJD9,2025,2026-02-18,ZT7YZQ2CNJZ9
2025-08-GSAFAC-0000393430,LNG6FLWJNJ86,2025,2026-02-18,CDQWA85D2NX1
2025-08-GSAFAC-0000393430,LNG6FLWJNJ86,2025,2026-02-18,CFBQWB3DTKB3
2025-08-GSAFAC-0000393430,LNG6FLWJNJ86,2025,2026-02-18,CHNZQ2ULL9U8
2025-08-GSAFAC-0000393430,LNG6FLWJNJ86,2025,2026-02-18,DKMJGND5C9T4
2025-08-GSAFAC-0000393430,LNG6FLWJNJ86,2025,2026-02-18,FJ8TC29C3MX7
2025-08-GSAFAC-0000393430,LNG6FLWJNJ86,2025,2026-02-18,H56AV2S71FL7
2025-08-GSAFAC-0000393430,LNG6FLWJNJ86,2025,2026-02-18,J7TVJSL3X2A3
2025-08-GSAFAC-0000393430,LNG6FLWJNJ86,2025,2026-02-18,JCCVN69FXEC3
2025-08-GSAFAC-0000393430,LNG6FLWJNJ86,2025,2026-02-18,KG7GYRE41LM4
2025-08-GSAFAC-0000393430,LNG6FLWJNJ86,2025,2026-02-18,LAP6KNF2K2J3
2025-08-GSAFAC-0000393430,LNG6FLWJNJ86,2025,2026-02-18,N5HZJ6LHYV29
2025-08-GSAFAC-0000393430,LNG6FLWJNJ86,2025,2026-02-18,NLVFF9DMNJ33
2025-08-GSAFAC-0000393430,LNG6FLWJNJ86,2025,2026-02-18,NNJAGEQV1VK6
2025-08-GSAFAC-0000393430,LNG6FLWJNJ86,2025,2026-02-18,PJDDWDCX9468
2025-08-GSAFAC-0000393430,LNG6FLWJNJ86,2025,2026-02-18,Q7BRKK4KSMK9
2025-08-GSAFAC-0000393430,LNG6FLWJNJ86,2025,2026-02-18,S32WH9UR9NZ1
2025-08-GSAFAC-0000393430,LNG6FLWJNJ86,2025,2026-02-18,XSG2KVJF9S23
2025-08-GSAFAC-0000393430,LNG6FLWJNJ86,2025,2026-02-18,YS79NNHKCMV5
2025-08-GSAFAC-0000393430,LNG6FLWJNJ86,2025,2026-02-18,Z2XVZXBBLMW7
2025-06-GSAFAC-0000401751,GYWALVLRL7U9,2025,2026-02-18,PX54Q74ZAFR3
2025-06-GSAFAC-0000401751,GYWALVLRL7U9,2025,2026-02-18,NK6DKZFYUF32
2025-06-GSAFAC-0000401812,N7KQG19GR3C3,2025,2026-02-18,MCFUJ37L7NL6
2025-06-GSAFAC-0000401812,N7KQG19GR3C3,2025,2026-02-18,CWC6DHLZA5Z6
2025-06-GSAFAC-0000401812,N7KQG19GR3C3,2025,2026-02-18,JYNPM7NBLC46
2025-06-GSAFAC-0000401812,N7KQG19GR3C3,2025,2026-02-18,GT2YKMUYJRB6
2025-06-GSAFAC-0000401812,N7KQG19GR3C3,2025,2026-02-18,ZC46AALYN1P6
2025-06-GSAFAC-0000401812,N7KQG19GR3C3,2025,2026-02-18,DV9EBNJ44YJ7
2025-06-GSAFAC-0000401812,N7KQG19GR3C3,2025,2026-02-18,PMMPNTQ1UCC3
2025-06-GSAFAC-0000401812,N7KQG19GR3C3,2025,2026-02-18,NN4WZH6JTGK7
2025-06-GSAFAC-0000401812,N7KQG19GR3C3,2025,2026-02-18,HZ54T55ZMP87
2025-06-GSAFAC-0000401812,N7KQG19GR3C3,2025,2026-02-18,G521MN2KH1B4
2025-06-GSAFAC-0000401812,N7KQG19GR3C3,2025,2026-02-18,F6H6QFT18B11
2025-06-GSAFAC-0000401812,N7KQG19GR3C3,2025,2026-02-18,KQ3KMNRSPJ49
2025-06-GSAFAC-0000401812,N7KQG19GR3C3,2025,2026-02-18,JNHSYAFK6E19
2025-06-GSAFAC-0000401812,N7KQG19GR3C3,2025,2026-02-18,U9LGGAXXTFB1
2025-06-GSAFAC-0000401812,N7KQG19GR3C3,2025,2026-02-18,EP3RXPZR2RE3
2025-06-GSAFAC-0000401812,N7KQG19GR3C3,2025,2026-02-18,Q7GYAJPXALM3
2025-06-GSAFAC-0000401812,N7KQG19GR3C3,2025,2026-02-18,EA5UBFJEL4H3
2025-06-GSAFAC-0000401812,N7KQG19GR3C3,2025,2026-02-18,D944A28YKLK4
2025-06-GSAFAC-0000404085,UEYKTPWSV9Q9,2025,2026-02-18,ZDU8KCUE4DK8
2025-06-GSAFAC-0000404559,XHU5K5UYRXB3,2025,2026-02-19,MHQ1RLBRMJW5
2025-06-GSAFAC-0000400131,GPW4UYVHH8M8,2025,2026-02-19,KJGLBEN9DKP9
2025-06-GSAFAC-0000400131,GPW4UYVHH8M8,2025,2026-02-19,YXNNRRL7H3K9
2025-09-GSAFAC-0000399983,L7KQE4GQ1Q71,2025,2026-02-19,ZLGPZ8T5MBW9
2025-09-GSAFAC-0000399983,L7KQE4GQ1Q71,2025,2026-02-19,UV7CLLP8VS68
2024-12-GSAFAC-0000403872,GLA7B4VBSMH1,2024,2026-02-19,CSN9JQRXSCK7
2025-06-GSAFAC-0000399508,LAANF98HV2L9,2025,2026-02-19,PJX1N2TE3ME6
2025-06-GSAFAC-0000399508,LAANF98HV2L9,2025,2026-02-19,LLD9VK2CPLJ3
2025-06-GSAFAC-0000399508,LAANF98HV2L9,2025,2026-02-19,NMAYDVATNC18
2025-06-GSAFAC-0000403509,FP1KSCKNE9E9,2025,2026-02-19,CNMEFL3FL8W5
2024-06-GSAFAC-0000371083,TA7BMMWL12C4,2024,2026-02-19,DTMWD71VNM33
2025-06-GSAFAC-0000389792,J4Q7L6R7KZ68,2025,2026-02-19,U1MAHUKMMCG1
2025-06-GSAFAC-0000389792,J4Q7L6R7KZ68,2025,2026-02-19,JZAJL8BYL7Z1
2025-06-GSAFAC-0000401748,M4DJFLKNT4C5,2025,2026-02-20,LXH3H8DYLNN1
2025-06-GSAFAC-0000401748,M4DJFLKNT4C5,2025,2026-02-20,WSXTBNSGD528
2025-06-GSAFAC-0000401748,M4DJFLKNT4C5,2025,2026-02-20,K4BPJP364FT9
2025-06-GSAFAC-0000401748,M4DJFLKNT4C5,2025,2026-02-20,L5JUKY2RE7W7
2025-06-GSAFAC-0000401748,M4DJFLKNT4C5,2025,2026-02-20,LFQ5KCNPN8M9
2025-06-GSAFAC-0000401748,M4DJFLKNT4C5,2025,2026-02-20,GDKJW2C2WFK4
2025-06-GSAFAC-0000401748,M4DJFLKNT4C5,2025,2026-02-20,GAMXWLX27M75
2025-06-GSAFAC-0000401748,M4DJFLKNT4C5,2025,2026-02-20,LN4GLNYUE6U3
2024-06-GSAFAC-0000403913,MSZCF54123M8,2024,2026-02-20,TT5NXLPW2Z74
2024-06-GSAFAC-0000403913,MSZCF54123M8,2024,2026-02-20,YBBEFCP9LY54
2024-06-GSAFAC-0000403913,MSZCF54123M8,2024,2026-02-20,J5HWZ6H6UAK5
2025-06-GSAFAC-0000403269,DSW2T99A3UC8,2025,2026-02-20,HN7CNKMMLPY5
2025-06-GSAFAC-0000403269,DSW2T99A3UC8,2025,2026-02-20,JYK5EFHJ33D8
2025-06-GSAFAC-0000403269,DSW2T99A3UC8,2025,2026-02-20,MBE6YXM4GYN1
2025-06-GSAFAC-0000402160,G4QYG2AFEML5,2025,2026-02-20,DJANMH9X9NA7
2025-06-GSAFAC-0000402160,G4QYG2AFEML5,2025,2026-02-20,QC69MTE3BBM6
2025-06-GSAFAC-0000402160,G4QYG2AFEML5,2025,2026-02-20,R2JBLXWX2GY9
2025-06-GSAFAC-0000402160,G4QYG2AFEML5,2025,2026-02-20,W39GBMH7KLT1
2025-06-GSAFAC-0000402160,G4QYG2AFEML5,2025,2026-02-20,UA9BHBRT3P99
2025-06-GSAFAC-0000402160,G4QYG2AFEML5,2025,2026-02-20,FX1HV8S6BJX8
2025-06-GSAFAC-0000402160,G4QYG2AFEML5,2025,2026-02-20,JUBCEQW3NG75
2025-06-GSAFAC-0000402160,G4QYG2AFEML5,2025,2026-02-20,JCKLZSKXGBK1
2025-06-GSAFAC-0000402332,YKRMUHAUZP35,2025,2026-02-20,EFL5MJVXWN43
2025-06-GSAFAC-0000402332,YKRMUHAUZP35,2025,2026-02-20,KZZ4TLL277F4
2025-06-GSAFAC-0000386575,DJXMVJM16KJ3,2025,2026-02-20,UQ7KMCZLKG53
2025-06-GSAFAC-0000386575,DJXMVJM16KJ3,2025,2026-02-20,PZLKZMCV5FK3
2025-06-GSAFAC-0000398865,CDRTQKF542N5,2025,2026-02-20,L1VDDH94FNL8
2025-06-GSAFAC-0000398865,CDRTQKF542N5,2025,2026-02-20,NJGDH9FJ8QJ9
2025-06-GSAFAC-0000398865,CDRTQKF542N5,2025,2026-02-20,C9ABMKQ87S75
2025-06-GSAFAC-0000398865,CDRTQKF542N5,2025,2026-02-20,JPFLGL86SLD9
2025-06-GSAFAC-0000398865,CDRTQKF542N5,2025,2026-02-20,YYZMPBZK9JQ3
2025-06-GSAFAC-0000398865,CDRTQKF542N5,2025,2026-02-20,MDNMB22WA3C1
2025-06-GSAFAC-0000398865,CDRTQKF542N5,2025,2026-02-20,L1FAMHJ4JHA6
2025-06-GSAFAC-0000398865,CDRTQKF542N5,2025,2026-02-20,U2MZVGZNF9C8
2025-06-GSAFAC-0000398865,CDRTQKF542N5,2025,2026-02-20,ZTAGD3WPN1Y1
2025-06-GSAFAC-0000398865,CDRTQKF542N5,2025,2026-02-20,LELPK6LD6XL5
2025-06-GSAFAC-0000398865,CDRTQKF542N5,2025,2026-02-20,EBMJU7N6D4C4
2025-06-GSAFAC-0000398865,CDRTQKF542N5,2025,2026-02-20,YQ4GLNZYNYF9
2025-06-GSAFAC-0000398865,CDRTQKF542N5,2025,2026-02-20,TFBMYNFUFP29
2025-06-GSAFAC-0000398865,CDRTQKF542N5,2025,2026-02-20,WWKXJM9LVH64
2025-06-GSAFAC-0000398865,CDRTQKF542N5,2025,2026-02-20,NKZQZ4LF8TL4
2025-09-GSAFAC-0000404207,ZDAZMGM3CFX5,2025,2026-02-20,J5U7ZXEDGE84
2025-09-GSAFAC-0000404207,ZDAZMGM3CFX5,2025,2026-02-20,XLJRQWWTDSK4
2025-09-GSAFAC-0000404207,ZDAZMGM3CFX5,2025,2026-02-20,GAKSR4XEJDN7
2025-09-GSAFAC-0000404207,ZDAZMGM3CFX5,2025,2026-02-20,Q166LN135TK1
2025-09-GSAFAC-0000404207,ZDAZMGM3CFX5,2025,2026-02-20,UCUWFJT3FTL1
2025-06-GSAFAC-0000401797,WV9GN21T4C53,2025,2026-02-20,XVMQMBWMKSQ8
2025-06-GSAFAC-0000398972,FWU8SBRH58K6,2025,2026-02-20,KGD3NHGE5RM4
2025-06-GSAFAC-0000398972,FWU8SBRH58K6,2025,2026-02-20,S8E4H9AYQT18
2025-06-GSAFAC-0000398972,FWU8SBRH58K6,2025,2026-02-20,MSMPXRS6M138
2025-06-GSAFAC-0000398972,FWU8SBRH58K6,2025,2026-02-20,VQPHK2P9EG67
2025-06-GSAFAC-0000401567,DCJGSC4LY1W4,2025,2026-02-23,Q3NZMR63YQ99
2025-06-GSAFAC-0000393514,JRVGUJWBKPG9,2025,2026-02-23,NZSNDNQHTNM3
2025-06-GSAFAC-0000393514,JRVGUJWBKPG9,2025,2026-02-23,UM5ZMQS5H2W5
2025-06-GSAFAC-0000393514,JRVGUJWBKPG9,2025,2026-02-23,E7FTK7YSNB57
2025-06-GSAFAC-0000393514,JRVGUJWBKPG9,2025,2026-02-23,NQEUWWLK6JL9
2025-06-GSAFAC-0000393514,JRVGUJWBKPG9,2025,2026-02-23,YL8QHJFYDZ37
2025-06-GSAFAC-0000393514,JRVGUJWBKPG9,2025,2026-02-23,JW8HN6B5T8V6
2025-06-GSAFAC-0000397604,QBKFBGUBW4G5,2025,2026-02-23,DCAQD6LFTC29
2025-06-GSAFAC-0000397762,MUNUKPPCPLJ4,2025,2026-02-23,XCU5UVGHS2V7
2025-06-GSAFAC-0000401884,JJDYK36PRTL5,2025,2026-02-23,QYNUMJ2T1E13
2025-06-GSAFAC-0000394068,QXHCJPASDAW3,2025,2026-02-23,S4WZB7E3F9T8
2025-06-GSAFAC-0000394068,QXHCJPASDAW3,2025,2026-02-23,HTJRCB1LNNG4
2025-06-GSAFAC-0000394068,QXHCJPASDAW3,2025,2026-02-23,KNQUWHANENL7
2025-06-GSAFAC-0000394068,QXHCJPASDAW3,2025,2026-02-23,G6BHSFR4EP76
2025-06-GSAFAC-0000394068,QXHCJPASDAW3,2025,2026-02-23,HTJCM3786G53
2025-06-GSAFAC-0000403045,LBDSJ1GSKJY1,2025,2026-02-23,KKPJZVJ5R1F7
2025-06-GSAFAC-0000404494,MUE7YSS144U1,2025,2026-02-23,N59PENYWXJN8
2025-06-GSAFAC-0000404494,MUE7YSS144U1,2025,2026-02-23,ENQKN3GDZAG5
2025-06-GSAFAC-0000399428,XCKBADL4FXP8,2025,2026-02-24,LNEEDQ39NYM3
2025-06-GSAFAC-0000400139,L26ADC8DFL62,2025,2026-02-24,FW5NSYKMFEK4
2025-06-GSAFAC-0000400139,L26ADC8DFL62,2025,2026-02-24,SBLVK6Y7H2B1
2025-06-GSAFAC-0000400139,L26ADC8DFL62,2025,2026-02-24,JSBTMC1D82X5
2025-06-GSAFAC-0000400139,L26ADC8DFL62,2025,2026-02-24,U6K5F9DSKC95
2025-06-GSAFAC-0000400139,L26ADC8DFL62,2025,2026-02-24,FXHXYLX5LWD8
2025-06-GSAFAC-0000400139,L26ADC8DFL62,2025,2026-02-24,WGKPVB23ABE8
2025-06-GSAFAC-0000400139,L26ADC8DFL62,2025,2026-02-24,U1HZLTJ5V9Z3
2025-06-GSAFAC-0000400139,L26ADC8DFL62,2025,2026-02-24,JLFLKVGLBV74
2025-06-GSAFAC-0000400139,L26ADC8DFL62,2025,2026-02-24,CP1ULNRS2HK3
2025-06-GSAFAC-0000400139,L26ADC8DFL62,2025,2026-02-24,LPMBLHYVB9J7
2025-06-GSAFAC-0000400139,L26ADC8DFL62,2025,2026-02-24,RPELURBNTHG9
2025-06-GSAFAC-0000400139,L26ADC8DFL62,2025,2026-02-24,HUJ1SKKR5C18
2025-06-GSAFAC-0000400139,L26ADC8DFL62,2025,2026-02-24,KTJWF7YH5LD8
2025-06-GSAFAC-0000400139,L26ADC8DFL62,2025,2026-02-24,JQ47VRTJL228
2025-06-GSAFAC-0000400139,L26ADC8DFL62,2025,2026-02-24,ECZZT5JNCNE4
2025-06-GSAFAC-0000400770,EK4SMPJKY5E4,2025,2026-02-24,MPUTNJKT9MZ7
2025-06-GSAFAC-0000403464,LQP5GH5CQKJ7,2025,2026-02-24,GK7KWESA8AP2
2025-06-GSAFAC-0000393417,XFK2DVVG6L59,2025,2026-02-24,RYBNG9NUV6J6
2025-06-GSAFAC-0000399639,FV7BJT8NP6S1,2025,2026-02-24,S62DCE7VGAM7
2025-06-GSAFAC-0000399639,FV7BJT8NP6S1,2025,2026-02-24,DHCCNKUKCB95
2025-06-GSAFAC-0000399639,FV7BJT8NP6S1,2025,2026-02-24,N9PBKBALTTJ5
2025-06-GSAFAC-0000399639,FV7BJT8NP6S1,2025,2026-02-24,RMKLKQB71KY9
2025-06-GSAFAC-0000399639,FV7BJT8NP6S1,2025,2026-02-24,SKAAKQGR7NT6
2025-06-GSAFAC-0000399639,FV7BJT8NP6S1,2025,2026-02-24,NKL2VGGVYMF9
2025-06-GSAFAC-0000399639,FV7BJT8NP6S1,2025,2026-02-24,LRQ1KJ6G6UK5
2025-06-GSAFAC-0000399639,FV7BJT8NP6S1,2025,2026-02-24,J641V3CH6J43
2025-06-GSAFAC-0000399639,FV7BJT8NP6S1,2025,2026-02-24,MMQ8TWEF1M19
2025-06-GSAFAC-0000399639,FV7BJT8NP6S1,2025,2026-02-24,VAGLRPJ3QTY8
2025-06-GSAFAC-0000399639,FV7BJT8NP6S1,2025,2026-02-24,JKYMCPLCGKW1
2025-06-GSAFAC-0000399639,FV7BJT8NP6S1,2025,2026-02-24,KC27QLMHV2L4
2025-06-GSAFAC-0000399639,FV7BJT8NP6S1,2025,2026-02-24,DK79RKH725K3
2025-06-GSAFAC-0000399639,FV7BJT8NP6S1,2025,2026-02-24,R867RAKPGFJ1
2025-06-GSAFAC-0000399639,FV7BJT8NP6S1,2025,2026-02-24,D4XCG6YPMT75
2025-06-GSAFAC-0000404242,ZA69ZNUKJ645,2025,2026-02-24,R4PMHDNXRL15
2025-06-GSAFAC-0000404242,ZA69ZNUKJ645,2025,2026-02-24,N23WSKJLS4X5
2025-06-GSAFAC-0000404242,ZA69ZNUKJ645,2025,2026-02-24,Y267BLMLUN46
2025-06-GSAFAC-0000404242,ZA69ZNUKJ645,2025,2026-02-24,PTDPDDNRV514
2025-06-GSAFAC-0000402632,PTH7AUKTU2B7,2025,2026-02-24,ENMTYKALJLE5
2025-06-GSAFAC-0000402632,PTH7AUKTU2B7,2025,2026-02-24,G1JGHJLNFT13
2025-06-GSAFAC-0000402632,PTH7AUKTU2B7,2025,2026-02-24,X6GDMKN1LWM4
2025-06-GSAFAC-0000402632,PTH7AUKTU2B7,2025,2026-02-24,JML4YL76LML9
2025-06-GSAFAC-0000402632,PTH7AUKTU2B7,2025,2026-02-24,NCB8KWEXKS71
2025-06-GSAFAC-0000402632,PTH7AUKTU2B7,2025,2026-02-24,J4VGLZ1UK6J7
2025-06-GSAFAC-0000402632,PTH7AUKTU2B7,2025,2026-02-24,PQZMKBR1C2K3
2025-06-GSAFAC-0000402632,PTH7AUKTU2B7,2025,2026-02-24,JBL8CMCKUZJ1
2025-06-GSAFAC-0000402632,PTH7AUKTU2B7,2025,2026-02-24,CZTJN4JGH5M1
2025-06-GSAFAC-0000402632,PTH7AUKTU2B7,2025,2026-02-24,J1J4HWP7KVE9
2025-06-GSAFAC-0000402632,PTH7AUKTU2B7,2025,2026-02-24,CWVTNTSMNQJ8
2025-06-GSAFAC-0000402632,PTH7AUKTU2B7,2025,2026-02-24,FNBVPUFFNKB4
2025-06-GSAFAC-0000403592,GCR8CGCA7L15,2025,2026-02-25,V6FPHNDP3CB1
2025-06-GSAFAC-0000403592,GCR8CGCA7L15,2025,2026-02-25,H1PAJJVNJ436
2025-06-GSAFAC-0000403592,GCR8CGCA7L15,2025,2026-02-25,MZGMQNWZZ736
2025-06-GSAFAC-0000403592,GCR8CGCA7L15,2025,2026-02-25,EEB1T5MM4DD7
2025-06-GSAFAC-0000397474,DNE4CNM5GK36,2025,2026-02-25,DK3JTD6TN454
2025-06-GSAFAC-0000397474,DNE4CNM5GK36,2025,2026-02-25,DH4ANH2725M6
2025-06-GSAFAC-0000397474,DNE4CNM5GK36,2025,2026-02-25,JSZQB1GYGRK6
2025-06-GSAFAC-0000397474,DNE4CNM5GK36,2025,2026-02-25,RYEYV6XML3M5
2025-06-GSAFAC-0000397474,DNE4CNM5GK36,2025,2026-02-25,EHHHK7XJD7H5
2025-06-GSAFAC-0000405465,HBCRNZCTSLF5,2025,2026-02-25,X5X1B3BHPB18
2025-06-GSAFAC-0000401957,F6XLTRUQJEN4,2025,2026-02-25,G389MFAYJNG9
2025-06-GSAFAC-0000401957,F6XLTRUQJEN4,2025,2026-02-25,VN8SRV5Q9JT5
2025-06-GSAFAC-0000404340,LLTSN4MRLTN6,2025,2026-02-25,C12SFNEBVJR8
2024-06-GSAFAC-0000364376,N6L9TTBAJKN9,2024,2026-02-25,HBX7MMD8BJH3
2025-06-GSAFAC-0000405473,MDEWFDB3QBN5,2025,2026-02-25,KYJNPP26VFE7
2025-06-GSAFAC-0000405124,TH74SE96JVC7,2025,2026-02-25,UYC2NHKR8814
2025-06-GSAFAC-0000405124,TH74SE96JVC7,2025,2026-02-25,UC1UVAQCGFB5
2025-06-GSAFAC-0000405124,TH74SE96JVC7,2025,2026-02-25,JTMEHXNMJ5J5
2025-06-GSAFAC-0000405426,UKC3GBAE2V79,2025,2026-02-25,V6LAYM51HMD1
2025-06-GSAFAC-0000405426,UKC3GBAE2V79,2025,2026-02-25,GN1SAPJWS3L1
2025-06-GSAFAC-0000404306,MJJ4P9G2NN76,2025,2026-02-25,SGHTS5TM6NR9
2025-06-GSAFAC-0000404306,MJJ4P9G2NN76,2025,2026-02-25,RV8GLV5CZ8H5
2025-06-GSAFAC-0000404306,MJJ4P9G2NN76,2025,2026-02-25,EAFGKMGGG8M7
2025-06-GSAFAC-0000401754,PLFBKZXQYDR8,2025,2026-02-26,LS3BKMJUSJV8
2025-06-GSAFAC-0000391447,N5D6ZPK28B18,2025,2026-02-26,QJJHCEAG1YV1
2025-09-GSAFAC-0000404328,F3LNHFKF5UP1,2025,2026-02-26,GKNUPMGGW9X9
2025-06-GSAFAC-0000405094,NAKCKKGNT485,2025,2026-02-26,GB87K49S8JR7
2025-06-GSAFAC-0000398752,G61XDDVNMS74,2025,2026-02-26,TM3QBTHTTB49
2025-06-GSAFAC-0000399233,NXM1VK9NQ4C5,2025,2026-02-26,Q2YYZXF6CQ53
2025-05-GSAFAC-0000404718,RQMFJGDTQ5V3,2025,2026-02-26,F8THLJQSAF93
2025-05-GSAFAC-0000404718,RQMFJGDTQ5V3,2025,2026-02-26,KXN7HGCF6K91
2025-05-GSAFAC-0000404718,RQMFJGDTQ5V3,2025,2026-02-26,JPU4TCW6QYF3
2025-06-GSAFAC-0000405902,HMSPXCT2GMG3,2025,2026-02-26,U47QKL76V3H8
2025-06-GSAFAC-0000405456,Y125J95VYKX3,2025,2026-02-27,D9KPSNLHD9J5
2025-06-GSAFAC-0000404131,XZ9ZFLCMJAM1,2025,2026-03-01,BGCSTPU3Y665
2025-06-GSAFAC-0000404131,XZ9ZFLCMJAM1,2025,2026-03-01,F9GPB4LLRS89
2025-06-GSAFAC-0000404131,XZ9ZFLCMJAM1,2025,2026-03-01,NL76ZBPDL7F3
2025-06-GSAFAC-0000400838,TDLMRMBKN2K7,2025,2026-03-02,GK9ZY5BWWDJ3
2025-06-GSAFAC-0000400838,TDLMRMBKN2K7,2025,2026-03-02,YRZ5CGMLG1B3
2025-06-GSAFAC-0000400838,TDLMRMBKN2K7,2025,2026-03-02,MYCFWELUGFA6
2025-06-GSAFAC-0000392857,RKM5JHXGZNK4,2025,2026-03-02,XCQXYD74MQN9
2025-06-GSAFAC-0000406154,WT9LA1BLEL65,2025,2026-03-02,KF6FNAZRLMJ4
2025-06-GSAFAC-0000406154,WT9LA1BLEL65,2025,2026-03-02,DE1YS3AYV965
2025-06-GSAFAC-0000406154,WT9LA1BLEL65,2025,2026-03-02,QMN9RDT4LPB5
2025-06-GSAFAC-0000406154,WT9LA1BLEL65,2025,2026-03-02,JAK8AA5DTH57
2025-06-GSAFAC-0000406154,WT9LA1BLEL65,2025,2026-03-02,VE91M71M9329
2025-06-GSAFAC-0000399373,EYYMXLCPA955,2025,2026-03-02,UXMZXKLPV9M2
2025-06-GSAFAC-0000399373,EYYMXLCPA955,2025,2026-03-02,NHF2BSXNCCK9
2025-06-GSAFAC-0000399373,EYYMXLCPA955,2025,2026-03-02,FXG7YJB55WB7
2025-06-GSAFAC-0000399373,EYYMXLCPA955,2025,2026-03-02,SLLASFNXUTG3
2025-06-GSAFAC-0000406235,K49KP3ZCGW63,2025,2026-03-02,EY4DZFWP77C6
2025-06-GSAFAC-0000400616,NVL5DL96LCH1,2025,2026-03-03,HADXX5W38854
2025-06-GSAFAC-0000400616,NVL5DL96LCH1,2025,2026-03-03,NZ4ZFFJNCB83
2025-06-GSAFAC-0000400616,NVL5DL96LCH1,2025,2026-03-03,NE4JELLPCC97
2025-06-GSAFAC-0000400616,NVL5DL96LCH1,2025,2026-03-03,H251LNPSTB15
2025-06-GSAFAC-0000405520,MBTAF3NWEMB5,2025,2026-03-03,CHS5RWTYAY84
2025-09-GSAFAC-0000404187,LLHWX867E5J6,2025,2026-03-04,PVVMH1GQ9848
2025-09-GSAFAC-0000404187,LLHWX867E5J6,2025,2026-03-04,N661S7WCDYM3
2025-06-GSAFAC-0000397677,HBXYAQPP42Z9,2025,2026-03-04,NUSSCW4K7QA4
2025-06-GSAFAC-0000397677,HBXYAQPP42Z9,2025,2026-03-04,T8DLULTASK65
2025-06-GSAFAC-0000397677,HBXYAQPP42Z9,2025,2026-03-04,UZAQN39KZVL3
2025-06-GSAFAC-0000406687,JNZ3AKDC5Y94,2025,2026-03-04,JM38HGE3MTS9
2025-06-GSAFAC-0000406687,JNZ3AKDC5Y94,2025,2026-03-04,CJPMGYMS6AN7
2025-06-GSAFAC-0000406687,JNZ3AKDC5Y94,2025,2026-03-04,D9QGNCAPHK57
2025-06-GSAFAC-0000406687,JNZ3AKDC5Y94,2025,2026-03-04,DNFLJHEBU9N5
2025-06-GSAFAC-0000406687,JNZ3AKDC5Y94,2025,2026-03-04,E3BRZEPGNVL8
2025-06-GSAFAC-0000406687,JNZ3AKDC5Y94,2025,2026-03-04,E3CJBWC4KGX1
2025-06-GSAFAC-0000406687,JNZ3AKDC5Y94,2025,2026-03-04,EME7JP4J8M13
2025-06-GSAFAC-0000406687,JNZ3AKDC5Y94,2025,2026-03-04,FELXNALJUEL9
2025-06-GSAFAC-0000406687,JNZ3AKDC5Y94,2025,2026-03-04,FR6NQJ9ZBJ47
2025-06-GSAFAC-0000406687,JNZ3AKDC5Y94,2025,2026-03-04,RU5EEETGKV28
2025-06-GSAFAC-0000406687,JNZ3AKDC5Y94,2025,2026-03-04,GQCPEH86FCV4
2025-06-GSAFAC-0000406687,JNZ3AKDC5Y94,2025,2026-03-04,GWBSD1ZN3HT5
2025-06-GSAFAC-0000406687,JNZ3AKDC5Y94,2025,2026-03-04,H61MMPFVEP23
2025-06-GSAFAC-0000406687,JNZ3AKDC5Y94,2025,2026-03-04,HW27BCYK5BK8
2025-06-GSAFAC-0000406687,JNZ3AKDC5Y94,2025,2026-03-04,JBMUKQPM2956
2025-06-GSAFAC-0000406687,JNZ3AKDC5Y94,2025,2026-03-04,JN2AZKNT44A5
2025-06-GSAFAC-0000406687,JNZ3AKDC5Y94,2025,2026-03-04,JVHQWVE2SZE6
2025-06-GSAFAC-0000406687,JNZ3AKDC5Y94,2025,2026-03-04,K9WGXCYCL619
2025-06-GSAFAC-0000406687,JNZ3AKDC5Y94,2025,2026-03-04,KMR6NPWWM1G4
2025-06-GSAFAC-0000406687,JNZ3AKDC5Y94,2025,2026-03-04,KRU6Z2JHFTL4
2025-06-GSAFAC-0000406687,JNZ3AKDC5Y94,2025,2026-03-04,LB2VNWUB7A89
2025-06-GSAFAC-0000406687,JNZ3AKDC5Y94,2025,2026-03-04,LPJTDS1K9SV3
2025-06-GSAFAC-0000406687,JNZ3AKDC5Y94,2025,2026-03-04,LQNJJLNNG3R4
2025-06-GSAFAC-0000406687,JNZ3AKDC5Y94,2025,2026-03-04,LT6GBAABUG33
2025-06-GSAFAC-0000406687,JNZ3AKDC5Y94,2025,2026-03-04,LTE8MG4PPJ15
2025-06-GSAFAC-0000406687,JNZ3AKDC5Y94,2025,2026-03-04,M5LEUCNRQHR9
2025-06-GSAFAC-0000406687,JNZ3AKDC5Y94,2025,2026-03-04,M89CSG1MC155
2025-06-GSAFAC-0000406687,JNZ3AKDC5Y94,2025,2026-03-04,M8TWKMBJLM45
2025-06-GSAFAC-0000406687,JNZ3AKDC5Y94,2025,2026-03-04,MNL4D3VQUWA5
2025-06-GSAFAC-0000406687,JNZ3AKDC5Y94,2025,2026-03-04,N5MWHJMNSNU9
2025-06-GSAFAC-0000406687,JNZ3AKDC5Y94,2025,2026-03-04,PMYJGQJ33KQ7
2025-06-GSAFAC-0000406687,JNZ3AKDC5Y94,2025,2026-03-04,QVJ1D41Y3X77
2025-06-GSAFAC-0000406687,JNZ3AKDC5Y94,2025,2026-03-04,R8SKRPMGSQ16
2025-06-GSAFAC-0000406687,JNZ3AKDC5Y94,2025,2026-03-04,R9BKAALC8MQ7
2025-06-GSAFAC-0000406687,JNZ3AKDC5Y94,2025,2026-03-04,RJB5GKJBUY15
2025-06-GSAFAC-0000406687,JNZ3AKDC5Y94,2025,2026-03-04,RMF9JGWMKVB6
2025-06-GSAFAC-0000406687,JNZ3AKDC5Y94,2025,2026-03-04,SEAGDY4WNGR9
2025-06-GSAFAC-0000406687,JNZ3AKDC5Y94,2025,2026-03-04,SH2ZG4JDQER7
2025-06-GSAFAC-0000406687,JNZ3AKDC5Y94,2025,2026-03-04,SMZLQ48FEJF4
2025-06-GSAFAC-0000406687,JNZ3AKDC5Y94,2025,2026-03-04,T12JF6NUMLL7
2025-06-GSAFAC-0000406687,JNZ3AKDC5Y94,2025,2026-03-04,T6YUD8W7T5N1
2025-06-GSAFAC-0000406687,JNZ3AKDC5Y94,2025,2026-03-04,W7XSVMLURRT1
2025-06-GSAFAC-0000406687,JNZ3AKDC5Y94,2025,2026-03-04,W8BACHNAKH59
2025-06-GSAFAC-0000406687,JNZ3AKDC5Y94,2025,2026-03-04,WFHFU5L1QFW6
2025-06-GSAFAC-0000406687,JNZ3AKDC5Y94,2025,2026-03-04,WSY2MA98PN81
2025-06-GSAFAC-0000406687,JNZ3AKDC5Y94,2025,2026-03-04,YGHBQKE3Z939
2025-06-GSAFAC-0000406687,JNZ3AKDC5Y94,2025,2026-03-04,YGKML3DH5AB5
2025-06-GSAFAC-0000406687,JNZ3AKDC5Y94,2025,2026-03-04,ZTCPELFB6M84
2025-06-GSAFAC-0000406687,JNZ3AKDC5Y94,2025,2026-03-04,GHTSQ6FHR3L9
2025-06-GSAFAC-0000401700,C2VYSF9L34L3,2025,2026-03-04,CCX1NVJPKY51
2024-12-GSAFAC-0000406531,D59EE9V8HHD7,2024,2026-03-04,L5Z4F1VY5EE5
2024-12-GSAFAC-0000406531,D59EE9V8HHD7,2024,2026-03-04,WA6ALB81VHF8
2025-06-GSAFAC-0000403243,CE6YV63935S9,2025,2026-03-05,QSZ8LGHT31L9
2025-06-GSAFAC-0000403243,CE6YV63935S9,2025,2026-03-05,YDCBQ38HBMS6
2025-06-GSAFAC-0000403243,CE6YV63935S9,2025,2026-03-05,ZCCNW9NP3RK3
2025-06-GSAFAC-0000403243,CE6YV63935S9,2025,2026-03-05,WTV5ZQ8F6YT1
2025-09-GSAFAC-0000406776,LPDXZFL6D8K8,2025,2026-03-05,VJBXLBQ4NDA5
2025-06-GSAFAC-0000403427,J2LAM4VALLG4,2025,2026-03-05,VV2DY375QKL4
2025-06-GSAFAC-0000403427,J2LAM4VALLG4,2025,2026-03-05,G778PXNSQXS4
2025-06-GSAFAC-0000403427,J2LAM4VALLG4,2025,2026-03-05,VNJLF5M8XMD3
2025-06-GSAFAC-0000401738,D1JMAQKMD9Q7,2025,2026-03-05,NWLYD5FGX885
2025-06-GSAFAC-0000401738,D1JMAQKMD9Q7,2025,2026-03-05,KUFDCRYELNF8
2025-06-GSAFAC-0000401738,D1JMAQKMD9Q7,2025,2026-03-05,WS6FN9FB7BC7
2025-06-GSAFAC-0000401738,D1JMAQKMD9Q7,2025,2026-03-05,XQYMVQCEJV21
2025-06-GSAFAC-0000401738,D1JMAQKMD9Q7,2025,2026-03-05,ZDCAQZPBMHY7
2025-06-GSAFAC-0000406861,UHALTER6FZM3,2025,2026-03-05,RVRTUR1WLYL8
2025-06-GSAFAC-0000398376,JJNCL1H3NJQ1,2025,2026-03-05,MJ9CKD1MK8P7
2025-06-GSAFAC-0000398376,JJNCL1H3NJQ1,2025,2026-03-05,MLMNJLE5JJH9
2025-06-GSAFAC-0000398376,JJNCL1H3NJQ1,2025,2026-03-05,K99SEG6M3MK7
2025-06-GSAFAC-0000398085,L6AXPAJZ3HR4,2025,2026-03-06,CDYFW4LQ9NJ5
2025-06-GSAFAC-0000400341,TP7EK8DZV6N5,2025,2026-03-06,XUT5KPD4W8J5
2025-09-GSAFAC-0000403551,ENS6MKS1ZL18,2025,2026-03-06,U79EKD6DXHC6
2025-06-GSAFAC-0000403852,ELPFR9KUQP89,2025,2026-03-06,HREMF7NNVEN1
2025-06-GSAFAC-0000403852,ELPFR9KUQP89,2025,2026-03-06,MLEMWJ6ALPJ5
2024-09-GSAFAC-0000403412,NNKNYTTPKQ44,2024,2026-03-06,N876TLXYGCG4
2024-09-GSAFAC-0000403412,NNKNYTTPKQ44,2024,2026-03-06,KD5TGBT7AKC9
2024-09-GSAFAC-0000403412,NNKNYTTPKQ44,2024,2026-03-06,C148TBZATPA8
2024-09-GSAFAC-0000403412,NNKNYTTPKQ44,2024,2026-03-06,J5JBPNLK3Q59
2024-09-GSAFAC-0000403412,NNKNYTTPKQ44,2024,2026-03-06,NGN7HDS6B9L3
2024-09-GSAFAC-0000403412,NNKNYTTPKQ44,2024,2026-03-06,KHHKFPGMP6C3
2024-09-GSAFAC-0000403412,NNKNYTTPKQ44,2024,2026-03-06,DBM2GK1UU8K1
2025-06-GSAFAC-0000405993,MMVSXTC37FZ8,2025,2026-03-09,ND3ZFL2F83W3
2025-06-GSAFAC-0000405993,MMVSXTC37FZ8,2025,2026-03-09,JTTJGDS3UF31
2025-06-GSAFAC-0000405993,MMVSXTC37FZ8,2025,2026-03-09,SFD6XKK1SLM3
2025-06-GSAFAC-0000405993,MMVSXTC37FZ8,2025,2026-03-09,LG2WEL86H4N8
2025-06-GSAFAC-0000405993,MMVSXTC37FZ8,2025,2026-03-09,FA9AZAEVDCL2
2025-06-GSAFAC-0000405993,MMVSXTC37FZ8,2025,2026-03-09,S5W6J6BCCB99
2025-06-GSAFAC-0000405993,MMVSXTC37FZ8,2025,2026-03-09,GA1MA3VBTDJ8
2024-12-GSAFAC-0000379492,EG6AYKJSFKL5,2024,2026-03-09,K7KDSFJ1YHZ8
2024-12-GSAFAC-0000379492,EG6AYKJSFKL5,2024,2026-03-09,TKN1WV3BMU44
2024-12-GSAFAC-0000379492,EG6AYKJSFKL5,2024,2026-03-09,J9RCNA5PAXG1
2025-06-GSAFAC-0000405750,TM48KRZEK1K7,2025,2026-03-09,DHBJMXJJJBW1
2025-06-GSAFAC-0000405132,UWCKMWXC3K56,2025,2026-03-09,CAFZNYXTR4P6
2025-06-GSAFAC-0000405288,TQTGW9DTTLN6,2025,2026-03-09,DVH2YD826TN4
2025-06-GSAFAC-0000405288,TQTGW9DTTLN6,2025,2026-03-09,K6QMXWL7WNP5
2025-06-GSAFAC-0000405288,TQTGW9DTTLN6,2025,2026-03-09,PF3MJKJUQG79
2025-06-GSAFAC-0000405288,TQTGW9DTTLN6,2025,2026-03-09,TXEYCJY4RTU7
2025-06-GSAFAC-0000405288,TQTGW9DTTLN6,2025,2026-03-09,YSXYGLM2XX28
2025-06-GSAFAC-0000406842,E8ESR3ZKWP19,2025,2026-03-09,LH14QDCTTNX5
2025-09-GSAFAC-0000395571,DN2PQ51JLX25,2025,2026-03-09,CSNGKZCZADZ4
2025-09-GSAFAC-0000395571,DN2PQ51JLX25,2025,2026-03-09,ML6CFVX7UK37
2025-09-GSAFAC-0000395571,DN2PQ51JLX25,2025,2026-03-09,W6EAM6EFLUS6
2025-09-GSAFAC-0000395571,DN2PQ51JLX25,2025,2026-03-09,JU4NTRL9NZQ2
2025-09-GSAFAC-0000395571,DN2PQ51JLX25,2025,2026-03-09,ZVK1JHUZGVX7
2025-09-GSAFAC-0000395571,DN2PQ51JLX25,2025,2026-03-09,NHEMA3U8KMA8
2025-09-GSAFAC-0000395571,DN2PQ51JLX25,2025,2026-03-09,ZBWMY9AKAJB3
2025-09-GSAFAC-0000395571,DN2PQ51JLX25,2025,2026-03-09,L2URWKH3HLX9
2025-09-GSAFAC-0000395571,DN2PQ51JLX25,2025,2026-03-09,KUS8N2NNET69
2025-09-GSAFAC-0000395571,DN2PQ51JLX25,2025,2026-03-09,YMKANG3JULW4
2025-09-GSAFAC-0000395571,DN2PQ51JLX25,2025,2026-03-09,ZLU6LSLAJJ83
2025-09-GSAFAC-0000395571,DN2PQ51JLX25,2025,2026-03-09,U4VXYP6798K4
2025-09-GSAFAC-0000395571,DN2PQ51JLX25,2025,2026-03-09,MKBUAHMSJ3R1
2025-09-GSAFAC-0000395571,DN2PQ51JLX25,2025,2026-03-09,S5EFFNJV3PN9
2025-09-GSAFAC-0000395571,DN2PQ51JLX25,2025,2026-03-09,YL1XTFEKLU15
2025-09-GSAFAC-0000395571,DN2PQ51JLX25,2025,2026-03-09,K5TDMCET5945
2025-09-GSAFAC-0000395571,DN2PQ51JLX25,2025,2026-03-09,TQJNQZ4ESBW3
2025-09-GSAFAC-0000395571,DN2PQ51JLX25,2025,2026-03-09,UXMSKANG5XM8
2025-06-GSAFAC-0000406892,X7E3SKGXNZM5,2025,2026-03-09,N22NA3NU6BN6
2025-06-GSAFAC-0000406196,YH6TNLFHCGW1,2025,2026-03-09,P6SHJMNRWKV1
2025-06-GSAFAC-0000406196,YH6TNLFHCGW1,2025,2026-03-09,GV8XDVU8WUH7
2025-06-GSAFAC-0000406196,YH6TNLFHCGW1,2025,2026-03-09,JQNUFES7D6A6
2025-06-GSAFAC-0000406196,YH6TNLFHCGW1,2025,2026-03-09,CYU5FCF3FWH3
2025-06-GSAFAC-0000406196,YH6TNLFHCGW1,2025,2026-03-09,LX17JLDA2XM9
2025-06-GSAFAC-0000406196,YH6TNLFHCGW1,2025,2026-03-09,M5SLS7VZV2H3
2025-06-GSAFAC-0000400118,V4FMY71FYXZ6,2025,2026-03-09,SJY2L8VHUGS4
2025-06-GSAFAC-0000400118,V4FMY71FYXZ6,2025,2026-03-09,FD4KLMNPLGM5
2025-06-GSAFAC-0000400118,V4FMY71FYXZ6,2025,2026-03-09,D364K1RF8JL1
2025-06-GSAFAC-0000400118,V4FMY71FYXZ6,2025,2026-03-09,RFS5JLNH3MS1
2025-06-GSAFAC-0000400118,V4FMY71FYXZ6,2025,2026-03-09,VC3LRGB9LHR7
2025-06-GSAFAC-0000400118,V4FMY71FYXZ6,2025,2026-03-09,GLLSH67DE3T5
2025-06-GSAFAC-0000400118,V4FMY71FYXZ6,2025,2026-03-09,ULYPGRN73Z53
2025-06-GSAFAC-0000400118,V4FMY71FYXZ6,2025,2026-03-09,MAGVKKXP84M5
2025-06-GSAFAC-0000400118,V4FMY71FYXZ6,2025,2026-03-09,NR1BQMPL3M31
2025-06-GSAFAC-0000400118,V4FMY71FYXZ6,2025,2026-03-09,YCDSKVQNZ6C1
2025-06-GSAFAC-0000400118,V4FMY71FYXZ6,2025,2026-03-09,JLVGQ4E7RD53
2025-06-GSAFAC-0000400118,V4FMY71FYXZ6,2025,2026-03-09,YATPWC2BC8X7
2025-06-GSAFAC-0000400118,V4FMY71FYXZ6,2025,2026-03-09,Y3WEW9MQ6NH5
2025-06-GSAFAC-0000400118,V4FMY71FYXZ6,2025,2026-03-09,LNFTEG3NJPN7
2025-06-GSAFAC-0000400118,V4FMY71FYXZ6,2025,2026-03-09,N9H8SXBKETN6
2025-06-GSAFAC-0000400118,V4FMY71FYXZ6,2025,2026-03-09,SPVKK1RC2MZ3
2025-06-GSAFAC-0000400118,V4FMY71FYXZ6,2025,2026-03-09,RH87YDXC1AY5
2025-06-GSAFAC-0000400118,V4FMY71FYXZ6,2025,2026-03-09,M6CXZ6GSJW84
2025-06-GSAFAC-0000400118,V4FMY71FYXZ6,2025,2026-03-09,MW8JHK6ZYEX8
2025-06-GSAFAC-0000400118,V4FMY71FYXZ6,2025,2026-03-09,LT9CXX8L19G1
2025-06-GSAFAC-0000400118,V4FMY71FYXZ6,2025,2026-03-09,CF4JCNKUD3M6
2025-06-GSAFAC-0000400118,V4FMY71FYXZ6,2025,2026-03-09,TA9JJL4AN666
2025-06-GSAFAC-0000400118,V4FMY71FYXZ6,2025,2026-03-09,GFHUZQ7HRGZ7
2025-06-GSAFAC-0000400118,V4FMY71FYXZ6,2025,2026-03-09,JT72JJR5F5S7
2025-06-GSAFAC-0000400118,V4FMY71FYXZ6,2025,2026-03-09,CZ9GSGBGGNJ6
2025-06-GSAFAC-0000400118,V4FMY71FYXZ6,2025,2026-03-09,H2YCV9SSBXT7
2025-06-GSAFAC-0000400118,V4FMY71FYXZ6,2025,2026-03-09,W6KGB2MW5KL9
2025-06-GSAFAC-0000400118,V4FMY71FYXZ6,2025,2026-03-09,MLZBKBMQW8N9
2025-06-GSAFAC-0000400118,V4FMY71FYXZ6,2025,2026-03-09,LSJFYGPJN6H5
2025-06-GSAFAC-0000400118,V4FMY71FYXZ6,2025,2026-03-09,JXJJNNBNAJS4
2025-06-GSAFAC-0000400118,V4FMY71FYXZ6,2025,2026-03-09,GWBZN83NC7U9
2025-06-GSAFAC-0000400118,V4FMY71FYXZ6,2025,2026-03-09,NYHECMHUJJH8
2025-06-GSAFAC-0000400118,V4FMY71FYXZ6,2025,2026-03-09,L142L1KJWJ73
2025-06-GSAFAC-0000400118,V4FMY71FYXZ6,2025,2026-03-09,TVY7HCDQM3A7
2025-06-GSAFAC-0000400118,V4FMY71FYXZ6,2025,2026-03-09,DSAXBXN417R5
2025-06-GSAFAC-0000400118,V4FMY71FYXZ6,2025,2026-03-09,LGDEA7515H79
2025-06-GSAFAC-0000400118,V4FMY71FYXZ6,2025,2026-03-09,ZU9EGNZKADZ2
2025-06-GSAFAC-0000400118,V4FMY71FYXZ6,2025,2026-03-09,NJBCFCDT3J27
2025-06-GSAFAC-0000400118,V4FMY71FYXZ6,2025,2026-03-09,YKMNNJ7HT6Z9
2025-06-GSAFAC-0000400118,V4FMY71FYXZ6,2025,2026-03-09,F98HEMW57436
2025-06-GSAFAC-0000400118,V4FMY71FYXZ6,2025,2026-03-09,VLU6J9X6BWP9
2025-06-GSAFAC-0000400118,V4FMY71FYXZ6,2025,2026-03-09,TYJEPW6N1W98
2025-06-GSAFAC-0000400118,V4FMY71FYXZ6,2025,2026-03-09,JW2NGMP4NMA3
2025-06-GSAFAC-0000400118,V4FMY71FYXZ6,2025,2026-03-09,G595XDTMK443
2025-06-GSAFAC-0000400118,V4FMY71FYXZ6,2025,2026-03-09,UP9BGM1JEM81
2025-06-GSAFAC-0000400118,V4FMY71FYXZ6,2025,2026-03-09,LTAMNZ6MT5Z8
2025-06-GSAFAC-0000400118,V4FMY71FYXZ6,2025,2026-03-09,G48GS8DFMJA8
2025-06-GSAFAC-0000400118,V4FMY71FYXZ6,2025,2026-03-09,E5RRMPPLNMD9
2025-06-GSAFAC-0000400118,V4FMY71FYXZ6,2025,2026-03-09,M95NMB9MJKF7
2025-06-GSAFAC-0000400118,V4FMY71FYXZ6,2025,2026-03-09,WQ33FA1ZHJQ8
2025-06-GSAFAC-0000400118,V4FMY71FYXZ6,2025,2026-03-09,N6N5R8ZDANR3
2025-06-GSAFAC-0000400118,V4FMY71FYXZ6,2025,2026-03-09,QUQJTAYXYTA8
2025-06-GSAFAC-0000400118,V4FMY71FYXZ6,2025,2026-03-09,DCKBDT1EV4B4
2025-06-GSAFAC-0000400118,V4FMY71FYXZ6,2025,2026-03-09,NUJ5Q3DW7U98
2025-06-GSAFAC-0000400118,V4FMY71FYXZ6,2025,2026-03-09,HXLSWJCJZE71
2025-06-GSAFAC-0000400118,V4FMY71FYXZ6,2025,2026-03-09,SXLMSPNKDSJ8
2025-06-GSAFAC-0000400118,V4FMY71FYXZ6,2025,2026-03-09,ZFLZGXPPGAM7
2025-06-GSAFAC-0000400118,V4FMY71FYXZ6,2025,2026-03-09,SQV9JP8FFHU8
2025-06-GSAFAC-0000400118,V4FMY71FYXZ6,2025,2026-03-09,X2PBQC6MPTG3
2025-06-GSAFAC-0000400118,V4FMY71FYXZ6,2025,2026-03-09,N5B1E3N8RA95
2025-06-GSAFAC-0000400118,V4FMY71FYXZ6,2025,2026-03-09,LL8JGFHNJA76
2025-06-GSAFAC-0000400118,V4FMY71FYXZ6,2025,2026-03-09,VKLJJL78DED5
2025-06-GSAFAC-0000400118,V4FMY71FYXZ6,2025,2026-03-09,HHQFWEPJKE97
2025-06-GSAFAC-0000400118,V4FMY71FYXZ6,2025,2026-03-09,JHU3ZGFL6EJ6
2025-06-GSAFAC-0000400118,V4FMY71FYXZ6,2025,2026-03-09,MWDHM62S6KT6
2025-06-GSAFAC-0000400118,V4FMY71FYXZ6,2025,2026-03-09,LMUGEYKLMND9
2025-06-GSAFAC-0000400118,V4FMY71FYXZ6,2025,2026-03-09,TMESM95QU3J8
2025-06-GSAFAC-0000400118,V4FMY71FYXZ6,2025,2026-03-09,KC9ECMRL8P58
2025-06-GSAFAC-0000400118,V4FMY71FYXZ6,2025,2026-03-09,TRKHBM4R1JC6
2025-06-GSAFAC-0000400118,V4FMY71FYXZ6,2025,2026-03-09,DBREQJEC2YN1
2025-06-GSAFAC-0000400118,V4FMY71FYXZ6,2025,2026-03-09,FS25K4NTAH17
2025-06-GSAFAC-0000400118,V4FMY71FYXZ6,2025,2026-03-09,NY7VB61GCKZ1
2025-06-GSAFAC-0000400118,V4FMY71FYXZ6,2025,2026-03-09,Q6HLZ59BFLU5
2025-06-GSAFAC-0000400118,V4FMY71FYXZ6,2025,2026-03-09,DS7LNWQUKFX4
2025-12-GSAFAC-0000407444,NL3TFGXR51G4,2025,2026-03-10,TBGGW58DKNH3
2025-06-GSAFAC-0000386649,X1PHNPJ79AA4,2025,2026-03-10,HLQMD1V63EL9
2025-06-GSAFAC-0000405901,MYM4VNNBN6T9,2025,2026-03-10,ETKMKZJ6RGB7
2025-06-GSAFAC-0000405901,MYM4VNNBN6T9,2025,2026-03-10,CK7BAVKBDW28
2025-06-GSAFAC-0000405901,MYM4VNNBN6T9,2025,2026-03-10,JZ9BSV3GSJ54
2025-06-GSAFAC-0000405901,MYM4VNNBN6T9,2025,2026-03-10,WCUERJAE8CM5
2025-06-GSAFAC-0000405901,MYM4VNNBN6T9,2025,2026-03-10,DCTNHRGU1K75
2025-06-GSAFAC-0000405901,MYM4VNNBN6T9,2025,2026-03-10,LTDTMU3KHMH6
2025-06-GSAFAC-0000405901,MYM4VNNBN6T9,2025,2026-03-10,JJCMD7L3NGP9
2025-06-GSAFAC-0000405901,MYM4VNNBN6T9,2025,2026-03-10,SLJ1LL3ZPKJ3
2025-06-GSAFAC-0000405901,MYM4VNNBN6T9,2025,2026-03-10,E42PRK5JAJ13
2025-06-GSAFAC-0000405901,MYM4VNNBN6T9,2025,2026-03-10,K2Z4R5AKMT95
2025-06-GSAFAC-0000405901,MYM4VNNBN6T9,2025,2026-03-10,GHXUS2VEXHY1
2025-06-GSAFAC-0000405901,MYM4VNNBN6T9,2025,2026-03-10,SRZKDWN293M2
2025-06-GSAFAC-0000405901,MYM4VNNBN6T9,2025,2026-03-10,G2ACFK8T2MJ6
2025-06-GSAFAC-0000405901,MYM4VNNBN6T9,2025,2026-03-10,EL3RB31KENH3
2025-06-GSAFAC-0000405901,MYM4VNNBN6T9,2025,2026-03-10,LFNSYLNF7C84
2025-06-GSAFAC-0000405901,MYM4VNNBN6T9,2025,2026-03-10,LNADLQGAWKL6
2025-06-GSAFAC-0000405901,MYM4VNNBN6T9,2025,2026-03-10,N9JTR4AN3ZD1
2025-06-GSAFAC-0000405901,MYM4VNNBN6T9,2025,2026-03-10,MN12Y8JWN5P8
2025-06-GSAFAC-0000405901,MYM4VNNBN6T9,2025,2026-03-10,VM1HFWS7PDN5
2025-06-GSAFAC-0000405901,MYM4VNNBN6T9,2025,2026-03-10,U4A1VS9NNGA1
2025-06-GSAFAC-0000405901,MYM4VNNBN6T9,2025,2026-03-10,FS7JQGBQNCS1
2025-09-GSAFAC-0000406383,NNB2QCJHY4Y3,2025,2026-03-10,K64XLTEMRPL1
2025-06-GSAFAC-0000404750,GLBPCNCAQ4S4,2025,2026-03-10,F33QYPLL65D9
2025-06-GSAFAC-0000404750,GLBPCNCAQ4S4,2025,2026-03-10,ML9LUZEVCT94
2025-06-GSAFAC-0000403546,SX8BXM262MK3,2025,2026-03-10,V9J4JV1TRDL4
2025-06-GSAFAC-0000388108,SN41W3MGWGV3,2025,2026-03-11,PUXBHDJA4DA7
2025-06-GSAFAC-0000388108,SN41W3MGWGV3,2025,2026-03-11,L2VXF9YA8JK3
2025-06-GSAFAC-0000388108,SN41W3MGWGV3,2025,2026-03-11,F2G3FMDN23M4
2025-06-GSAFAC-0000388108,SN41W3MGWGV3,2025,2026-03-11,LLMNUFNCX7U3
2025-06-GSAFAC-0000388108,SN41W3MGWGV3,2025,2026-03-11,NX22TBAUMU67
2025-06-GSAFAC-0000388108,SN41W3MGWGV3,2025,2026-03-11,V48YCFMSZDW5
2025-06-GSAFAC-0000388108,SN41W3MGWGV3,2025,2026-03-11,KWMJMT12LDX4
2025-06-GSAFAC-0000388108,SN41W3MGWGV3,2025,2026-03-11,HHS5BAAJK9E9
2025-06-GSAFAC-0000388108,SN41W3MGWGV3,2025,2026-03-11,MU5SGKY8XYX5
2025-06-GSAFAC-0000388108,SN41W3MGWGV3,2025,2026-03-11,NVTPDH64VKN4
2025-06-GSAFAC-0000388108,SN41W3MGWGV3,2025,2026-03-11,KPCKZCMEARN7
2025-06-GSAFAC-0000388108,SN41W3MGWGV3,2025,2026-03-11,LHXKX5K8DBK8
2025-06-GSAFAC-0000388108,SN41W3MGWGV3,2025,2026-03-11,H71AQ8QKT7L3
2025-06-GSAFAC-0000388108,SN41W3MGWGV3,2025,2026-03-11,Q85SYD73U1A5
2025-06-GSAFAC-0000388108,SN41W3MGWGV3,2025,2026-03-11,PNHQDATLNF33
2025-06-GSAFAC-0000388108,SN41W3MGWGV3,2025,2026-03-11,UD24UQNKBCG6
2025-06-GSAFAC-0000388108,SN41W3MGWGV3,2025,2026-03-11,CTRNP6KH7FN7
2025-06-GSAFAC-0000388108,SN41W3MGWGV3,2025,2026-03-11,CMBSGK6P7BE1
2025-06-GSAFAC-0000388108,SN41W3MGWGV3,2025,2026-03-11,K86HKL9Q3FV6
2025-06-GSAFAC-0000388108,SN41W3MGWGV3,2025,2026-03-11,DWRPKNKBRW55
2025-06-GSAFAC-0000388108,SN41W3MGWGV3,2025,2026-03-11,H6JXDMGC32F9
2025-06-GSAFAC-0000388108,SN41W3MGWGV3,2025,2026-03-11,LUSZJPNN6XV7
2025-06-GSAFAC-0000388108,SN41W3MGWGV3,2025,2026-03-11,H6JXDMGC32F9
2025-06-GSAFAC-0000388108,SN41W3MGWGV3,2025,2026-03-11,H6JXDMGC32F9
2025-06-GSAFAC-0000388108,SN41W3MGWGV3,2025,2026-03-11,MHBCGZZDDBJ8
2025-06-GSAFAC-0000388108,SN41W3MGWGV3,2025,2026-03-11,NXTEW5EFNNZ4
2025-06-GSAFAC-0000388108,SN41W3MGWGV3,2025,2026-03-11,EVWJPCY6AD97
2025-06-GSAFAC-0000388108,SN41W3MGWGV3,2025,2026-03-11,JJG6HU8PA4S5
2025-06-GSAFAC-0000388108,SN41W3MGWGV3,2025,2026-03-11,QDE5UHE5XD16
2025-06-GSAFAC-0000388108,SN41W3MGWGV3,2025,2026-03-11,GRLAJDNYPWF1
2025-06-GSAFAC-0000388108,SN41W3MGWGV3,2025,2026-03-11,VKZLFK6M5DD3
2025-06-GSAFAC-0000388108,SN41W3MGWGV3,2025,2026-03-11,XAHKEJAWL1N6
2025-06-GSAFAC-0000388108,SN41W3MGWGV3,2025,2026-03-11,D2VQKGEAKLB4
2025-06-GSAFAC-0000388108,SN41W3MGWGV3,2025,2026-03-11,LJ3JQCZAM1H3
2025-06-GSAFAC-0000388108,SN41W3MGWGV3,2025,2026-03-11,MVTKSCN6NMH3
2025-06-GSAFAC-0000388108,SN41W3MGWGV3,2025,2026-03-11,K9S5WN17JFD5
2025-06-GSAFAC-0000388108,SN41W3MGWGV3,2025,2026-03-11,CAANRR7SCCK9
2025-06-GSAFAC-0000388108,SN41W3MGWGV3,2025,2026-03-11,ELA9KB9GJCN8
2025-06-GSAFAC-0000388108,SN41W3MGWGV3,2025,2026-03-11,KXJULRDJQK93
2025-06-GSAFAC-0000388108,SN41W3MGWGV3,2025,2026-03-11,GH9UYV71GME8
2025-06-GSAFAC-0000388108,SN41W3MGWGV3,2025,2026-03-11,MLQFL4JSSAA9
2025-06-GSAFAC-0000388108,SN41W3MGWGV3,2025,2026-03-11,RN66KDXN4JM7
2025-06-GSAFAC-0000388108,SN41W3MGWGV3,2025,2026-03-11,UKVZYB2NBJE6
2025-06-GSAFAC-0000388108,SN41W3MGWGV3,2025,2026-03-11,VMYDF2TZHHB6
2025-06-GSAFAC-0000388108,SN41W3MGWGV3,2025,2026-03-11,T3NNX4DJLQ13
2025-06-GSAFAC-0000388108,SN41W3MGWGV3,2025,2026-03-11,EADLFP7Z72E5
2025-06-GSAFAC-0000388108,SN41W3MGWGV3,2025,2026-03-11,KK6WBRW6EYG3
2025-06-GSAFAC-0000388108,SN41W3MGWGV3,2025,2026-03-11,LSP1DUENV695
2025-06-GSAFAC-0000388108,SN41W3MGWGV3,2025,2026-03-11,EVGUCTEADA28
2025-06-GSAFAC-0000388108,SN41W3MGWGV3,2025,2026-03-11,XGE9T6KCMSR4
2025-06-GSAFAC-0000388108,SN41W3MGWGV3,2025,2026-03-11,Y7D7Q6WKXB83
2025-06-GSAFAC-0000388108,SN41W3MGWGV3,2025,2026-03-11,KR1MNR2VXMD5
2025-06-GSAFAC-0000388108,SN41W3MGWGV3,2025,2026-03-11,MC31X5KXRFT5
2025-06-GSAFAC-0000388108,SN41W3MGWGV3,2025,2026-03-11,KRADJMQDENM7
2025-06-GSAFAC-0000388108,SN41W3MGWGV3,2025,2026-03-11,WN2DSJWMJ2R8
2025-06-GSAFAC-0000388108,SN41W3MGWGV3,2025,2026-03-11,E5QRM5Y85LT8
2025-06-GSAFAC-0000388108,SN41W3MGWGV3,2025,2026-03-11,CSLPDV279GJ3
2025-06-GSAFAC-0000388108,SN41W3MGWGV3,2025,2026-03-11,UU5HL7VGXQD8
2025-06-GSAFAC-0000388108,SN41W3MGWGV3,2025,2026-03-11,L2BJKYTVKJU5
2025-06-GSAFAC-0000388108,SN41W3MGWGV3,2025,2026-03-11,RWAXLM2UFQ21
2025-06-GSAFAC-0000388108,SN41W3MGWGV3,2025,2026-03-11,ESSRCHJ1KQ27
2025-06-GSAFAC-0000388108,SN41W3MGWGV3,2025,2026-03-11,C2Q4AWJ8N985
2025-06-GSAFAC-0000388108,SN41W3MGWGV3,2025,2026-03-11,N3MCAUV3GJG5
2025-06-GSAFAC-0000388108,SN41W3MGWGV3,2025,2026-03-11,DGZJDGJ43KE7
2025-06-GSAFAC-0000388108,SN41W3MGWGV3,2025,2026-03-11,ENL9DDP7EDX1
2025-06-GSAFAC-0000388108,SN41W3MGWGV3,2025,2026-03-11,X4J7XMJVDLE1
2025-06-GSAFAC-0000388108,SN41W3MGWGV3,2025,2026-03-11,XM4FRKJLA323
2025-06-GSAFAC-0000388108,SN41W3MGWGV3,2025,2026-03-11,KZXXJTUDEUT1
2025-06-GSAFAC-0000388108,SN41W3MGWGV3,2025,2026-03-11,GX1LMNCH1K79
2025-06-GSAFAC-0000388108,SN41W3MGWGV3,2025,2026-03-11,SEFXKL24JXZ5
2025-06-GSAFAC-0000388108,SN41W3MGWGV3,2025,2026-03-11,GFTMMU7W7J89
2025-06-GSAFAC-0000388108,SN41W3MGWGV3,2025,2026-03-11,EK1RNFKF75G3
2025-06-GSAFAC-0000388108,SN41W3MGWGV3,2025,2026-03-11,LNEPDRKRLMS3
2025-06-GSAFAC-0000388108,SN41W3MGWGV3,2025,2026-03-11,Y8BKMH1EEBG9
2025-06-GSAFAC-0000388108,SN41W3MGWGV3,2025,2026-03-11,FHHNU5XGMCT6
2025-06-GSAFAC-0000388108,SN41W3MGWGV3,2025,2026-03-11,G5EBME9JCW15
2025-06-GSAFAC-0000388108,SN41W3MGWGV3,2025,2026-03-11,ZRHSF28X3HY5
2025-06-GSAFAC-0000388108,SN41W3MGWGV3,2025,2026-03-11,D326BABYRC55
2025-06-GSAFAC-0000388108,SN41W3MGWGV3,2025,2026-03-11,VQLKFKKVDWL7
2025-06-GSAFAC-0000388108,SN41W3MGWGV3,2025,2026-03-11,CSWDK6PAJS49
2025-06-GSAFAC-0000388108,SN41W3MGWGV3,2025,2026-03-11,JG6TMJXU4EM5
2025-06-GSAFAC-0000388108,SN41W3MGWGV3,2025,2026-03-11,D6BJGB47V9B5
2025-06-GSAFAC-0000388108,SN41W3MGWGV3,2025,2026-03-11,DZMYT7D3UYR5
2025-06-GSAFAC-0000388108,SN41W3MGWGV3,2025,2026-03-11,C8AGKZMW72K1
2025-06-GSAFAC-0000388108,SN41W3MGWGV3,2025,2026-03-11,LWLXBA1A6NJ9
2025-06-GSAFAC-0000388108,SN41W3MGWGV3,2025,2026-03-11,RGMBQ8L1BDK9
2025-06-GSAFAC-0000388108,SN41W3MGWGV3,2025,2026-03-11,EMU7L25FKNE9
2025-06-GSAFAC-0000388108,SN41W3MGWGV3,2025,2026-03-11,LHXKX5K8DBK8
2025-06-GSAFAC-0000388108,SN41W3MGWGV3,2025,2026-03-11,WD63KVNZEFK8
2025-06-GSAFAC-0000388108,SN41W3MGWGV3,2025,2026-03-11,V3KPBX5HSYG5
2025-06-GSAFAC-0000388108,SN41W3MGWGV3,2025,2026-03-11,FKYKRFEEAGS2
2025-06-GSAFAC-0000388108,SN41W3MGWGV3,2025,2026-03-11,DZANUC4GRMG1
2025-06-GSAFAC-0000388108,SN41W3MGWGV3,2025,2026-03-11,EVGUCTEADA28
2025-06-GSAFAC-0000388108,SN41W3MGWGV3,2025,2026-03-11,KBKZM4SJ7D65
2025-06-GSAFAC-0000388108,SN41W3MGWGV3,2025,2026-03-11,M4MYAWQ9RX89
2025-06-GSAFAC-0000388108,SN41W3MGWGV3,2025,2026-03-11,HCJYJJKUX9N9
2025-06-GSAFAC-0000388108,SN41W3MGWGV3,2025,2026-03-11,EEANYQ57DBZ9
2025-06-GSAFAC-0000388108,SN41W3MGWGV3,2025,2026-03-11,QNNDFMV8DJU7
2025-06-GSAFAC-0000388108,SN41W3MGWGV3,2025,2026-03-11,CGJLLLCCKUM1
2025-06-GSAFAC-0000388108,SN41W3MGWGV3,2025,2026-03-11,DLMBTKLX32U2
2025-06-GSAFAC-0000388108,SN41W3MGWGV3,2025,2026-03-11,D1ZYX97RB961
2025-06-GSAFAC-0000388108,SN41W3MGWGV3,2025,2026-03-11,JG8JF65925T3
2025-06-GSAFAC-0000388108,SN41W3MGWGV3,2025,2026-03-11,JDDHJZYKJ525
2025-06-GSAFAC-0000388108,SN41W3MGWGV3,2025,2026-03-11,RYYSSMY41153
2025-06-GSAFAC-0000388108,SN41W3MGWGV3,2025,2026-03-11,LKMNEANW2ZQ6
2025-06-GSAFAC-0000388108,SN41W3MGWGV3,2025,2026-03-11,ELXLUPKSNBY5
2025-06-GSAFAC-0000388108,SN41W3MGWGV3,2025,2026-03-11,Z2FVD3AL5JG5
2025-06-GSAFAC-0000388108,SN41W3MGWGV3,2025,2026-03-11,NVENKJ4EXMH9
2025-06-GSAFAC-0000388108,SN41W3MGWGV3,2025,2026-03-11,PHZ4KTBKD7F2
2025-06-GSAFAC-0000388108,SN41W3MGWGV3,2025,2026-03-11,WYCYPNXS1BK6
2025-06-GSAFAC-0000402636,V4EFMDJ1YNJ4,2025,2026-03-11,L1YUYMHMK9F1
2025-06-GSAFAC-0000407090,GQBHJC2N2WX9,2025,2026-03-11,WLPHXMUW9GK9
2025-06-GSAFAC-0000402873,QPYDRFVHLLT4,2025,2026-03-11,LB3DLKQRKPF5
2025-06-GSAFAC-0000407656,W4HJEY37JEJ5,2025,2026-03-11,DX9KDM5A4PV7
2025-06-GSAFAC-0000393924,L3ZRVNBEKDL3,2025,2026-03-11,NSSWS3Q5WAH3
2025-06-GSAFAC-0000387439,JZD1HLM2ZU83,2025,2026-03-11,QTHCJEJKH8Q5
2025-06-GSAFAC-0000406573,XAV3EHS6JKJ4,2025,2026-03-12,DWNRWDZYHRV3
2025-06-GSAFAC-0000403966,UTAUZKDBNXN8,2025,2026-03-12,S7AANAE9L274
2025-06-GSAFAC-0000406180,NYQ5ENN6GLQ9,2025,2026-03-12,J6A3E3XKWEX5
2025-06-GSAFAC-0000406180,NYQ5ENN6GLQ9,2025,2026-03-12,VJVCK5YYVWX6
2025-06-GSAFAC-0000407320,Y8C9LCXDLNJ4,2025,2026-03-12,R37ZPGLSWAN7
2025-06-GSAFAC-0000401681,NCSMA19DF7E6,2025,2026-03-12,NRVXZ2K3V8K5
2025-06-GSAFAC-0000401681,NCSMA19DF7E6,2025,2026-03-12,NQYUBAPJRE65
2025-06-GSAFAC-0000401681,NCSMA19DF7E6,2025,2026-03-12,NRM8YQ1KAF25
2025-06-GSAFAC-0000401681,NCSMA19DF7E6,2025,2026-03-12,HQRUVAML7S27
2025-06-GSAFAC-0000401681,NCSMA19DF7E6,2025,2026-03-12,M11WESEGQZ46
2025-06-GSAFAC-0000401681,NCSMA19DF7E6,2025,2026-03-12,FSCFY6K9BLC9
2025-06-GSAFAC-0000401681,NCSMA19DF7E6,2025,2026-03-12,FPWMWGTGEKQ9
2025-06-GSAFAC-0000401681,NCSMA19DF7E6,2025,2026-03-12,FQZKRRCL1PH1
2025-06-GSAFAC-0000401681,NCSMA19DF7E6,2025,2026-03-12,NSACUZQHK2H9
2025-06-GSAFAC-0000401681,NCSMA19DF7E6,2025,2026-03-12,GVYKJMVWJUX3
2025-06-GSAFAC-0000401681,NCSMA19DF7E6,2025,2026-03-12,JEKQCADLN6Z8
2025-06-GSAFAC-0000401681,NCSMA19DF7E6,2025,2026-03-12,FA4SHJSXP2D2
2025-06-GSAFAC-0000401681,NCSMA19DF7E6,2025,2026-03-12,X7FGTF7CT4W5
2025-06-GSAFAC-0000401681,NCSMA19DF7E6,2025,2026-03-12,F4QRAJFE5TG3
2025-11-GSAFAC-0000407593,KPJ9JJGR3K26,2025,2026-03-12,LJS1SEULUXG9
2025-11-GSAFAC-0000407593,KPJ9JJGR3K26,2025,2026-03-12,F16YESNM3H25
2025-06-GSAFAC-0000382990,XD93A5U66T24,2025,2026-03-12,LKMNHBWLC5C8
2025-06-GSAFAC-0000404798,NFNQYUNV3LX9,2025,2026-03-12,WHMRFMKPCJK3
2025-09-GSAFAC-0000407711,LARHMJNJAKS4,2025,2026-03-12,H31ARFSG7658
2025-09-GSAFAC-0000407711,LARHMJNJAKS4,2025,2026-03-12,LAX8CUV176X5
2025-09-GSAFAC-0000407711,LARHMJNJAKS4,2025,2026-03-12,LW2HTUMF76L9
2025-09-GSAFAC-0000407711,LARHMJNJAKS4,2025,2026-03-12,N9B90GZD7YQ5
2025-06-GSAFAC-0000403726,LAYJLA77TK63,2025,2026-03-13,QSMPFAHABG23
2025-06-GSAFAC-0000403726,LAYJLA77TK63,2025,2026-03-13,RKZ9Z4LBQAS3
2025-06-GSAFAC-0000403726,LAYJLA77TK63,2025,2026-03-13,HVZWNL3KY6H8
2025-06-GSAFAC-0000403726,LAYJLA77TK63,2025,2026-03-13,ZR7JJWR2H2U3
2025-06-GSAFAC-0000403726,LAYJLA77TK63,2025,2026-03-13,PYTLQ6WMHS89
2025-06-GSAFAC-0000403726,LAYJLA77TK63,2025,2026-03-13,TMF6KEWBNCK8
2025-06-GSAFAC-0000408231,SAFBJDMBB9A6,2025,2026-03-13,K4FYB2EJVL32
2025-06-GSAFAC-0000404287,MJ9TZJLS4EL6,2025,2026-03-13,SVARZU1WLG53
2025-06-GSAFAC-0000407368,HTTKAGA149N6,2025,2026-03-13,DV95HXBR2X73
2025-06-GSAFAC-0000407201,PUPGE7L97KD3,2025,2026-03-13,SJKDQUKS93G5
2025-08-GSAFAC-0000406013,Y74YRY5M9G86,2025,2026-03-13,P3PHNYVXASJ8
2025-06-GSAFAC-0000408592,HNZ1C4TRQN46,2025,2026-03-16,SCENSRFMZMF1
2025-06-GSAFAC-0000407617,W2MTN4RLCT25,2025,2026-03-16,ENYHTWYNPMJ1
2025-06-GSAFAC-0000404174,GLD1KRCPLYN6,2025,2026-03-16,GCG6CCD3NCF9
2025-06-GSAFAC-0000399488,ENDHD9NSLJN7,2025,2026-03-16,KANGARK8QQL1
2025-06-GSAFAC-0000399488,ENDHD9NSLJN7,2025,2026-03-16,DMZ7RNGGC644
2025-06-GSAFAC-0000399488,ENDHD9NSLJN7,2025,2026-03-16,D7E7CAKJ5ZE1
2025-06-GSAFAC-0000399488,ENDHD9NSLJN7,2025,2026-03-16,VQKEF5D2ZZF9
2025-06-GSAFAC-0000399488,ENDHD9NSLJN7,2025,2026-03-16,RT7SH2U5TJ53
2025-06-GSAFAC-0000399488,ENDHD9NSLJN7,2025,2026-03-16,HCA2WYYLLGB6
2025-06-GSAFAC-0000386921,WUS2DMCT5RG7,2025,2026-03-16,QHQSJ9VLDES6
2025-06-GSAFAC-0000386921,WUS2DMCT5RG7,2025,2026-03-16,DTHLE1N1D5M9
2025-12-GSAFAC-0000408578,TZ93JF3VB483,2025,2026-03-16,VLQ5PMTYW2G1
2025-12-GSAFAC-0000408578,TZ93JF3VB483,2025,2026-03-16,HFXVTHCTLWX3
2025-12-GSAFAC-0000408578,TZ93JF3VB483,2025,2026-03-16,PW5HK89WBD57
2025-12-GSAFAC-0000408578,TZ93JF3VB483,2025,2026-03-16,H76MEFCAT7J5
2025-12-GSAFAC-0000408578,TZ93JF3VB483,2025,2026-03-16,YJAHL2YJ7WS1
2025-12-GSAFAC-0000408578,TZ93JF3VB483,2025,2026-03-16,EN4CBLEN4H75
2025-12-GSAFAC-0000408578,TZ93JF3VB483,2025,2026-03-16,PWMBSNGT8RQ5
2025-12-GSAFAC-0000408578,TZ93JF3VB483,2025,2026-03-16,Q5LMFFDF8ZA9
2025-12-GSAFAC-0000408578,TZ93JF3VB483,2025,2026-03-16,JRHKLTDJXRM3
2025-12-GSAFAC-0000408578,TZ93JF3VB483,2025,2026-03-16,JP7KBVC2C9R1
2024-12-GSAFAC-0000407947,VJAGG6MB7HJ3,2024,2026-03-16,NKQEXYH3CN88
2025-06-GSAFAC-0000407548,M25NW9GKBCN5,2025,2026-03-16,CCXHKMGBXJR5
2025-06-GSAFAC-0000407932,S8C8D8JKLE55,2025,2026-03-16,CQA1K84J6J85
2025-06-GSAFAC-0000407932,S8C8D8JKLE55,2025,2026-03-16,N7AMNUE31RD6
2025-06-GSAFAC-0000407932,S8C8D8JKLE55,2025,2026-03-16,CAY4K2RTLBR3
2025-06-GSAFAC-0000407932,S8C8D8JKLE55,2025,2026-03-16,JF7HR9WJSFJ6
2025-06-GSAFAC-0000407932,S8C8D8JKLE55,2025,2026-03-16,HQC5DGB5Z7N6
2025-06-GSAFAC-0000407932,S8C8D8JKLE55,2025,2026-03-16,CNYDG3BLQNF9
2025-06-GSAFAC-0000407932,S8C8D8JKLE55,2025,2026-03-16,SLGZT1JXBFL3
2025-06-GSAFAC-0000405646,ZNXUM59GJ8B9,2025,2026-03-16,XL8KZKF7LQ41
2025-06-GSAFAC-0000405646,ZNXUM59GJ8B9,2025,2026-03-16,EL1FNG3EUSF9
2025-06-GSAFAC-0000405646,ZNXUM59GJ8B9,2025,2026-03-16,HKQDEXRXGKL1
2025-06-GSAFAC-0000405646,ZNXUM59GJ8B9,2025,2026-03-16,DV6QEM4TUHH5
2025-06-GSAFAC-0000405646,ZNXUM59GJ8B9,2025,2026-03-16,FKTMJESNM3U6
2025-06-GSAFAC-0000405646,ZNXUM59GJ8B9,2025,2026-03-16,HPZJJJ7AMFL4
2025-06-GSAFAC-0000405646,ZNXUM59GJ8B9,2025,2026-03-16,XQKBAQJDNKU5
2025-06-GSAFAC-0000405646,ZNXUM59GJ8B9,2025,2026-03-16,Q1Y9NH3C7AH6
2025-06-GSAFAC-0000405646,ZNXUM59GJ8B9,2025,2026-03-16,NUSELTALU9E7
2025-06-GSAFAC-0000405646,ZNXUM59GJ8B9,2025,2026-03-16,C94EYKWFG3D7
2025-06-GSAFAC-0000406555,EB6LZJPCWEU3,2025,2026-03-16,FDTUVNGJSQJ5
2025-06-GSAFAC-0000406555,EB6LZJPCWEU3,2025,2026-03-16,XM1KKF9Z41Z6
2025-06-GSAFAC-0000406555,EB6LZJPCWEU3,2025,2026-03-16,XJLNH92C3219
2025-06-GSAFAC-0000406555,EB6LZJPCWEU3,2025,2026-03-16,WSF2CJ1GNEH7
2025-06-GSAFAC-0000406555,EB6LZJPCWEU3,2025,2026-03-16,MA5MFLZKNJR3
2025-06-GSAFAC-0000406555,EB6LZJPCWEU3,2025,2026-03-16,UVR7G1KAPHT5
2025-06-GSAFAC-0000406555,EB6LZJPCWEU3,2025,2026-03-16,DBMJHMXN6M15
2025-06-GSAFAC-0000406555,EB6LZJPCWEU3,2025,2026-03-16,WDMYN6Q96T71
2025-06-GSAFAC-0000406555,EB6LZJPCWEU3,2025,2026-03-16,NPTPYM3QJGA1
2025-06-GSAFAC-0000406555,EB6LZJPCWEU3,2025,2026-03-16,KSLXK867UZA5
2025-06-GSAFAC-0000406555,EB6LZJPCWEU3,2025,2026-03-16,WZB1XDDG5SS3
2025-06-GSAFAC-0000406555,EB6LZJPCWEU3,2025,2026-03-16,LXKMK5ZYAYY7
2025-06-GSAFAC-0000406555,EB6LZJPCWEU3,2025,2026-03-16,N11GQJJTNLF1
2025-06-GSAFAC-0000408781,ZK89TPMVPWL3,2025,2026-03-17,GLKNB9LL8UA5
2025-06-GSAFAC-0000387208,LMJAVFPBYQ74,2025,2026-03-17,Y4MEQDUAURQ5
2025-06-GSAFAC-0000399748,XN5MF9LT3LG8,2025,2026-03-17,U7Z6NCA8RKW5
2025-06-GSAFAC-0000378515,F995DBS4SRN3,2025,2026-03-17,L27DBN6TA3D5
2025-06-GSAFAC-0000378515,F995DBS4SRN3,2025,2026-03-17,DLUTVJJ15U66
2025-06-GSAFAC-0000378515,F995DBS4SRN3,2025,2026-03-17,JH9AD7HWMYB8
2025-06-GSAFAC-0000378515,F995DBS4SRN3,2025,2026-03-17,JM4WLPL1W7T9
2025-06-GSAFAC-0000378515,F995DBS4SRN3,2025,2026-03-17,MV1JFXA4S621
2025-06-GSAFAC-0000378515,F995DBS4SRN3,2025,2026-03-17,RRW8DUGRER22
2025-06-GSAFAC-0000378515,F995DBS4SRN3,2025,2026-03-17,WLDGTNCFFJZ3
2025-06-GSAFAC-0000378515,F995DBS4SRN3,2025,2026-03-17,TJ3FN7YQV347
2025-06-GSAFAC-0000406913,ER64HRTRKFY3,2025,2026-03-17,GAK2WBS8TCN4
2025-06-GSAFAC-0000397898,NH9HEJVBNMB1,2025,2026-03-17,KNDVA8UAL1S8
2025-06-GSAFAC-0000397898,NH9HEJVBNMB1,2025,2026-03-17,NVUBJEPS5WM6
2025-06-GSAFAC-0000409193,CA2EZ6SJSN41,2025,2026-03-17,J9L3DL5N2EC9
2025-08-GSAFAC-0000404470,JCJBPTJXYXH9,2025,2026-03-18,C1DEGMMKC7W7
2025-08-GSAFAC-0000404470,JCJBPTJXYXH9,2025,2026-03-18,C1HKXLMX6M65
2025-08-GSAFAC-0000404470,JCJBPTJXYXH9,2025,2026-03-18,C3KXNLTAAY98
2025-08-GSAFAC-0000404470,JCJBPTJXYXH9,2025,2026-03-18,C7E3GM85JC66
2025-08-GSAFAC-0000404470,JCJBPTJXYXH9,2025,2026-03-18,CARNQUWDBRP7
2025-08-GSAFAC-0000404470,JCJBPTJXYXH9,2025,2026-03-18,D7Q8JLAJU3M4
2025-08-GSAFAC-0000404470,JCJBPTJXYXH9,2025,2026-03-18,DBEDWRMSZ5A5
2025-08-GSAFAC-0000404470,JCJBPTJXYXH9,2025,2026-03-18,DGE6L9T3CW25
2025-08-GSAFAC-0000404470,JCJBPTJXYXH9,2025,2026-03-18,DJPXLZAE9931
2025-08-GSAFAC-0000404470,JCJBPTJXYXH9,2025,2026-03-18,DLTMRQ54MZ25
2025-08-GSAFAC-0000404470,JCJBPTJXYXH9,2025,2026-03-18,DM2CDWR8LAG3
2025-08-GSAFAC-0000404470,JCJBPTJXYXH9,2025,2026-03-18,E3KAU5L3YTY5
2025-08-GSAFAC-0000404470,JCJBPTJXYXH9,2025,2026-03-18,E4Z2NUYUMHF9
2025-08-GSAFAC-0000404470,JCJBPTJXYXH9,2025,2026-03-18,EGLKRQ5JBCZ7
2025-08-GSAFAC-0000404470,JCJBPTJXYXH9,2025,2026-03-18,EJCVPNN1WFS5
2025-08-GSAFAC-0000404470,JCJBPTJXYXH9,2025,2026-03-18,EVA9NVGH2K85
2025-08-GSAFAC-0000404470,JCJBPTJXYXH9,2025,2026-03-18,FCK4Z3D3CH48
2025-08-GSAFAC-0000404470,JCJBPTJXYXH9,2025,2026-03-18,FCLVDQ128E69
2025-08-GSAFAC-0000404470,JCJBPTJXYXH9,2025,2026-03-18,FL2TDZMNL4T1
2025-08-GSAFAC-0000404470,JCJBPTJXYXH9,2025,2026-03-18,FMLYYM3GNG81
2025-08-GSAFAC-0000404470,JCJBPTJXYXH9,2025,2026-03-18,FPCUDWBE7DX2
2025-08-GSAFAC-0000404470,JCJBPTJXYXH9,2025,2026-03-18,FQM9FGN98L29
2025-08-GSAFAC-0000404470,JCJBPTJXYXH9,2025,2026-03-18,FRCKHD9EKUY9
2025-08-GSAFAC-0000404470,JCJBPTJXYXH9,2025,2026-03-18,FTAAW94S6LC6
2025-08-GSAFAC-0000404470,JCJBPTJXYXH9,2025,2026-03-18,G259P4JNCHG5
2025-08-GSAFAC-0000404470,JCJBPTJXYXH9,2025,2026-03-18,G47WN1XZNWX9
2025-08-GSAFAC-0000404470,JCJBPTJXYXH9,2025,2026-03-18,G5RCUVNLCLR7
2025-08-GSAFAC-0000404470,JCJBPTJXYXH9,2025,2026-03-18,G6JLG3FANUA9
2025-08-GSAFAC-0000404470,JCJBPTJXYXH9,2025,2026-03-18,G73MUVS5DL59
2025-08-GSAFAC-0000404470,JCJBPTJXYXH9,2025,2026-03-18,G8Y3L8JV2588
2025-08-GSAFAC-0000404470,JCJBPTJXYXH9,2025,2026-03-18,GGFBMCXBJLY1
2025-08-GSAFAC-0000404470,JCJBPTJXYXH9,2025,2026-03-18,GHNGAZ1C6LT7
2025-08-GSAFAC-0000404470,JCJBPTJXYXH9,2025,2026-03-18,GMKZCPHGJUX6
2025-08-GSAFAC-0000404470,JCJBPTJXYXH9,2025,2026-03-18,H28VJDA3H4C5
2025-08-GSAFAC-0000404470,JCJBPTJXYXH9,2025,2026-03-18,H2LGMCHVLSA8
2025-08-GSAFAC-0000404470,JCJBPTJXYXH9,2025,2026-03-18,H6CNYQBUK6N3
2025-08-GSAFAC-0000404470,JCJBPTJXYXH9,2025,2026-03-18,HFT7XTHB6563
2025-08-GSAFAC-0000404470,JCJBPTJXYXH9,2025,2026-03-18,HH6VX5XDL284
2025-08-GSAFAC-0000404470,JCJBPTJXYXH9,2025,2026-03-18,HS5HWWK1AAU5
2025-08-GSAFAC-0000404470,JCJBPTJXYXH9,2025,2026-03-18,HYYJJ5ZP7CR9
2025-08-GSAFAC-0000404470,JCJBPTJXYXH9,2025,2026-03-18,J6KWAEL5EHR1
2025-08-GSAFAC-0000404470,JCJBPTJXYXH9,2025,2026-03-18,JE8AKPCR2KA4
2025-08-GSAFAC-0000404470,JCJBPTJXYXH9,2025,2026-03-18,JF6XLNB4CDJ5
2025-08-GSAFAC-0000404470,JCJBPTJXYXH9,2025,2026-03-18,JKHNZG2U4F51
2025-08-GSAFAC-0000404470,JCJBPTJXYXH9,2025,2026-03-18,JS4YHZJ695Z3
2025-08-GSAFAC-0000404470,JCJBPTJXYXH9,2025,2026-03-18,JZFMT39LKH51
2025-08-GSAFAC-0000404470,JCJBPTJXYXH9,2025,2026-03-18,K8D3M5BXYL74
2025-08-GSAFAC-0000404470,JCJBPTJXYXH9,2025,2026-03-18,KB7KMZD3GF51
2025-08-GSAFAC-0000404470,JCJBPTJXYXH9,2025,2026-03-18,KGMNKRVCT8L7
2025-08-GSAFAC-0000404470,JCJBPTJXYXH9,2025,2026-03-18,KNHTCUCMELZ5
2025-08-GSAFAC-0000404470,JCJBPTJXYXH9,2025,2026-03-18,KU3DCFJJTVN3
2025-08-GSAFAC-0000404470,JCJBPTJXYXH9,2025,2026-03-18,KXKDXF9XV5T3
2025-08-GSAFAC-0000404470,JCJBPTJXYXH9,2025,2026-03-18,KXNRBQRMKPZ5
2025-08-GSAFAC-0000404470,JCJBPTJXYXH9,2025,2026-03-18,L1KZHL6HXYS5
2025-08-GSAFAC-0000404470,JCJBPTJXYXH9,2025,2026-03-18,L3ATVUT2KNK7
2025-08-GSAFAC-0000404470,JCJBPTJXYXH9,2025,2026-03-18,L49BXYYWSL86
2025-08-GSAFAC-0000404470,JCJBPTJXYXH9,2025,2026-03-18,L4XJEPDB3QJ9
2025-08-GSAFAC-0000404470,JCJBPTJXYXH9,2025,2026-03-18,L667SNCL4135
2025-08-GSAFAC-0000404470,JCJBPTJXYXH9,2025,2026-03-18,L7BDYMJW27P7
2025-08-GSAFAC-0000404470,JCJBPTJXYXH9,2025,2026-03-18,LK8JTEM6PRH7
2025-08-GSAFAC-0000404470,JCJBPTJXYXH9,2025,2026-03-18,LMLUKUPJJ9N3
2025-08-GSAFAC-0000404470,JCJBPTJXYXH9,2025,2026-03-18,LR4GD6ZGM5B6
2025-08-GSAFAC-0000404470,JCJBPTJXYXH9,2025,2026-03-18,LU9UFH3W1HB1
2025-08-GSAFAC-0000404470,JCJBPTJXYXH9,2025,2026-03-18,MDPTPNJ5MR81
2025-08-GSAFAC-0000404470,JCJBPTJXYXH9,2025,2026-03-18,MEYGUN6CCN16
2025-08-GSAFAC-0000404470,JCJBPTJXYXH9,2025,2026-03-18,MG1PPMPNS9G3
2025-08-GSAFAC-0000404470,JCJBPTJXYXH9,2025,2026-03-18,MGD8NFJM79W1
2025-08-GSAFAC-0000404470,JCJBPTJXYXH9,2025,2026-03-18,MGFWWN5YTHM6
2025-08-GSAFAC-0000404470,JCJBPTJXYXH9,2025,2026-03-18,MKHPDJFRHNJ3
2025-08-GSAFAC-0000404470,JCJBPTJXYXH9,2025,2026-03-18,MNGDPFC1X5E4
2025-08-GSAFAC-0000404470,JCJBPTJXYXH9,2025,2026-03-18,MSPWVMXXMN76
2025-08-GSAFAC-0000404470,JCJBPTJXYXH9,2025,2026-03-18,NFHJD7V9MGN3
2025-08-GSAFAC-0000404470,JCJBPTJXYXH9,2025,2026-03-18,NH8EQJ1TJ7B9
2025-08-GSAFAC-0000404470,JCJBPTJXYXH9,2025,2026-03-18,NHDYLF7NVWL6
2025-08-GSAFAC-0000404470,JCJBPTJXYXH9,2025,2026-03-18,NMJNVZ72JC15
2025-08-GSAFAC-0000404470,JCJBPTJXYXH9,2025,2026-03-18,NT4XL1YGLGC5
2025-08-GSAFAC-0000404470,JCJBPTJXYXH9,2025,2026-03-18,NU7MDG85KWE8
2025-08-GSAFAC-0000404470,JCJBPTJXYXH9,2025,2026-03-18,P1UAVVCB7Y41
2025-08-GSAFAC-0000404470,JCJBPTJXYXH9,2025,2026-03-18,P4NXMC1R9HL3
2025-08-GSAFAC-0000404470,JCJBPTJXYXH9,2025,2026-03-18,PH6HQZLPA687
2025-08-GSAFAC-0000404470,JCJBPTJXYXH9,2025,2026-03-18,PKCCS8K4UCT4
2025-08-GSAFAC-0000404470,JCJBPTJXYXH9,2025,2026-03-18,Q7APNYVYYN69
2025-08-GSAFAC-0000404470,JCJBPTJXYXH9,2025,2026-03-18,QD1MX6N5YTN4
2025-08-GSAFAC-0000404470,JCJBPTJXYXH9,2025,2026-03-18,QGAGLVKBM6C6
2025-08-GSAFAC-0000404470,JCJBPTJXYXH9,2025,2026-03-18,QKWEF8XLMTT3
2025-08-GSAFAC-0000404470,JCJBPTJXYXH9,2025,2026-03-18,R9KLKEKPSMJ4
2025-08-GSAFAC-0000404470,JCJBPTJXYXH9,2025,2026-03-18,RATCEAKNBRW7
2025-08-GSAFAC-0000404470,JCJBPTJXYXH9,2025,2026-03-18,RD74AUNCTZJ1
2025-08-GSAFAC-0000404470,JCJBPTJXYXH9,2025,2026-03-18,RSP3X3U4SGU6
2025-08-GSAFAC-0000404470,JCJBPTJXYXH9,2025,2026-03-18,RYLEHC85W7H7
2025-08-GSAFAC-0000404470,JCJBPTJXYXH9,2025,2026-03-18,S3GMKS8ELA16
2025-08-GSAFAC-0000404470,JCJBPTJXYXH9,2025,2026-03-18,SQ6VAWQ7YSZ4
2025-08-GSAFAC-0000404470,JCJBPTJXYXH9,2025,2026-03-18,SZEWBKUMKPL4
2025-08-GSAFAC-0000404470,JCJBPTJXYXH9,2025,2026-03-18,TM2NJF2AEEM7
2025-08-GSAFAC-0000404470,JCJBPTJXYXH9,2025,2026-03-18,TRMGFQWVM1N8
2025-08-GSAFAC-0000404470,JCJBPTJXYXH9,2025,2026-03-18,U1DFBSMWCV95
2025-08-GSAFAC-0000404470,JCJBPTJXYXH9,2025,2026-03-18,U2KYDH7HGDK1
2025-08-GSAFAC-0000404470,JCJBPTJXYXH9,2025,2026-03-18,U44ZMVYU52U6
2025-08-GSAFAC-0000404470,JCJBPTJXYXH9,2025,2026-03-18,URXSAQ53EQG7
2025-08-GSAFAC-0000404470,JCJBPTJXYXH9,2025,2026-03-18,UV7LJX3S86E1
2025-08-GSAFAC-0000404470,JCJBPTJXYXH9,2025,2026-03-18,UXF9P9AMDBC6
2025-08-GSAFAC-0000404470,JCJBPTJXYXH9,2025,2026-03-18,V6AFQPN18437
2025-08-GSAFAC-0000404470,JCJBPTJXYXH9,2025,2026-03-18,VXJ5AMP428B3
2025-08-GSAFAC-0000404470,JCJBPTJXYXH9,2025,2026-03-18,X5NKD2NFF2V3
2025-08-GSAFAC-0000404470,JCJBPTJXYXH9,2025,2026-03-18,XHHLMNNVJ2H9
2025-08-GSAFAC-0000404470,JCJBPTJXYXH9,2025,2026-03-18,XKHTJ63YJFG4
2025-08-GSAFAC-0000404470,JCJBPTJXYXH9,2025,2026-03-18,Y3RET2XN41S5
2025-08-GSAFAC-0000404470,JCJBPTJXYXH9,2025,2026-03-18,YR68LKG343L1
2025-08-GSAFAC-0000404470,JCJBPTJXYXH9,2025,2026-03-18,YZJ6DKPM4W63
2025-08-GSAFAC-0000404470,JCJBPTJXYXH9,2025,2026-03-18,ZFW7KJ6NUML9
2025-08-GSAFAC-0000404470,JCJBPTJXYXH9,2025,2026-03-18,ZGV2NR2CRN87
2025-08-GSAFAC-0000404470,JCJBPTJXYXH9,2025,2026-03-18,ZM3QVJ8ACN11
2025-08-GSAFAC-0000404470,JCJBPTJXYXH9,2025,2026-03-18,ZUFBNVZ587D4
2025-06-GSAFAC-0000405782,GB9NVW4QNBA6,2025,2026-03-18,FDMRVLMPAEN1
2025-06-GSAFAC-0000405782,GB9NVW4QNBA6,2025,2026-03-18,KHJKNZTNDLZ2
2025-06-GSAFAC-0000405782,GB9NVW4QNBA6,2025,2026-03-18,EMBTTWB4LLN5
2025-06-GSAFAC-0000405782,GB9NVW4QNBA6,2025,2026-03-18,GUXYVFMKEU48
2025-06-GSAFAC-0000405782,GB9NVW4QNBA6,2025,2026-03-18,J6ACWN6NNCZ9
2025-06-GSAFAC-0000405782,GB9NVW4QNBA6,2025,2026-03-18,GM3PJEN9NTK5
2025-06-GSAFAC-0000405782,GB9NVW4QNBA6,2025,2026-03-18,JZSKU4JJ1J49
2025-06-GSAFAC-0000405782,GB9NVW4QNBA6,2025,2026-03-18,TA4LX2HB2TQ6
2025-06-GSAFAC-0000405782,GB9NVW4QNBA6,2025,2026-03-18,JVGNVLHPN617
2025-06-GSAFAC-0000405782,GB9NVW4QNBA6,2025,2026-03-18,ENJ2RVSQ3E91
2025-06-GSAFAC-0000405782,GB9NVW4QNBA6,2025,2026-03-18,S15NNT9NAA58
2025-06-GSAFAC-0000405782,GB9NVW4QNBA6,2025,2026-03-18,QXE4V2RSGRN8
2025-06-GSAFAC-0000405782,GB9NVW4QNBA6,2025,2026-03-18,JDT2YC3SH556
2025-06-GSAFAC-0000405782,GB9NVW4QNBA6,2025,2026-03-18,FZ1FRR3KKX98
2025-06-GSAFAC-0000405782,GB9NVW4QNBA6,2025,2026-03-18,PNNDTSAKXZB9
2025-06-GSAFAC-0000405782,GB9NVW4QNBA6,2025,2026-03-18,VLDFRFEWS9W3
2025-06-GSAFAC-0000405782,GB9NVW4QNBA6,2025,2026-03-18,HS95EGD758N1
2025-06-GSAFAC-0000405782,GB9NVW4QNBA6,2025,2026-03-18,L27FLK9QNTL5
2025-06-GSAFAC-0000405782,GB9NVW4QNBA6,2025,2026-03-18,UNWKTBSEJSL9
2025-06-GSAFAC-0000405782,GB9NVW4QNBA6,2025,2026-03-18,T5RLA1EARY98
2025-06-GSAFAC-0000405782,GB9NVW4QNBA6,2025,2026-03-18,GXE6YY6MQ3F9
2025-06-GSAFAC-0000405782,GB9NVW4QNBA6,2025,2026-03-18,WMLSE11N8M64
2025-06-GSAFAC-0000405782,GB9NVW4QNBA6,2025,2026-03-18,NKKJJKBH5K57
2025-06-GSAFAC-0000405782,GB9NVW4QNBA6,2025,2026-03-18,J2ZNRJL54XF1
2025-06-GSAFAC-0000405782,GB9NVW4QNBA6,2025,2026-03-18,NYNVT9F5JQZ5
2025-06-GSAFAC-0000405782,GB9NVW4QNBA6,2025,2026-03-18,DGM7X9AZQ453
2025-06-GSAFAC-0000405782,GB9NVW4QNBA6,2025,2026-03-18,QNVULR7VX3G9
2025-06-GSAFAC-0000405782,GB9NVW4QNBA6,2025,2026-03-18,EJN2Z1HNNXE5
2025-06-GSAFAC-0000405782,GB9NVW4QNBA6,2025,2026-03-18,XNRWL49K8WK1
2025-06-GSAFAC-0000405782,GB9NVW4QNBA6,2025,2026-03-18,N49AQDC134U7
2025-06-GSAFAC-0000405782,GB9NVW4QNBA6,2025,2026-03-18,S8P2GMQTVHH6
2025-06-GSAFAC-0000405782,GB9NVW4QNBA6,2025,2026-03-18,ZDFWNGGH1KE1
2025-06-GSAFAC-0000405782,GB9NVW4QNBA6,2025,2026-03-18,RB15L63MFYL5
2025-06-GSAFAC-0000405782,GB9NVW4QNBA6,2025,2026-03-18,D2BHRKSY27Q8
2025-06-GSAFAC-0000405782,GB9NVW4QNBA6,2025,2026-03-18,YUFTA6P4M1W4
2025-06-GSAFAC-0000388507,TN75GJE1S7G3,2025,2026-03-18,FRBWK1133NG5
2025-06-GSAFAC-0000388507,TN75GJE1S7G3,2025,2026-03-18,JPQLE2X381X8
2025-06-GSAFAC-0000388507,TN75GJE1S7G3,2025,2026-03-18,QG69QQ8J1KT9
2025-06-GSAFAC-0000388507,TN75GJE1S7G3,2025,2026-03-18,NAWLVXNAEPB3
2025-06-GSAFAC-0000388507,TN75GJE1S7G3,2025,2026-03-18,XK8YNRZTDA79
2025-06-GSAFAC-0000388507,TN75GJE1S7G3,2025,2026-03-18,RZDGMG4BW1L8
2025-06-GSAFAC-0000388507,TN75GJE1S7G3,2025,2026-03-18,CDXNYGYZMC88
2025-06-GSAFAC-0000388507,TN75GJE1S7G3,2025,2026-03-18,DWXXLGJBUPL7
2025-06-GSAFAC-0000388507,TN75GJE1S7G3,2025,2026-03-18,HE76VG4CJJ56
2025-06-GSAFAC-0000388507,TN75GJE1S7G3,2025,2026-03-18,MXNVH4VK87B3
2025-06-GSAFAC-0000388507,TN75GJE1S7G3,2025,2026-03-18,KF8YVJPX1HF8
2025-06-GSAFAC-0000388507,TN75GJE1S7G3,2025,2026-03-18,CMCCKNPLJAS5
2025-06-GSAFAC-0000388507,TN75GJE1S7G3,2025,2026-03-18,GKPPDND7VBW4
2025-06-GSAFAC-0000388507,TN75GJE1S7G3,2025,2026-03-18,UD7YBMAB7T81
2025-06-GSAFAC-0000388507,TN75GJE1S7G3,2025,2026-03-18,GW7LKLXVDCU6
2025-06-GSAFAC-0000388507,TN75GJE1S7G3,2025,2026-03-18,LU6JSFK6JWP7
2025-06-GSAFAC-0000388507,TN75GJE1S7G3,2025,2026-03-18,MEH4GM71CS65
2025-06-GSAFAC-0000388507,TN75GJE1S7G3,2025,2026-03-18,C1PHGA7M6ME7
2025-06-GSAFAC-0000388507,TN75GJE1S7G3,2025,2026-03-18,D8LNFVK82JC6
2025-06-GSAFAC-0000388507,TN75GJE1S7G3,2025,2026-03-18,LRD5YGN94QS5
2025-06-GSAFAC-0000388507,TN75GJE1S7G3,2025,2026-03-18,SJWJDLT9K556
2025-06-GSAFAC-0000388507,TN75GJE1S7G3,2025,2026-03-18,VBKTB6FQE1N4
2025-06-GSAFAC-0000388507,TN75GJE1S7G3,2025,2026-03-18,HBNJBZWWLE29
2025-06-GSAFAC-0000388507,TN75GJE1S7G3,2025,2026-03-18,J1FJMS4W6455
2025-06-GSAFAC-0000388507,TN75GJE1S7G3,2025,2026-03-18,JE56ALMJNNU7
2025-06-GSAFAC-0000388507,TN75GJE1S7G3,2025,2026-03-18,NCLCGQ5YRBL7
2025-06-GSAFAC-0000388507,TN75GJE1S7G3,2025,2026-03-18,EKG3AF5KYJM3
2025-06-GSAFAC-0000388507,TN75GJE1S7G3,2025,2026-03-18,NL8TMJ4VU4L7
2025-06-GSAFAC-0000388507,TN75GJE1S7G3,2025,2026-03-18,M2U9BNW2R5G6
2025-06-GSAFAC-0000388507,TN75GJE1S7G3,2025,2026-03-18,U6JAK3M6XJT1
2025-06-GSAFAC-0000388507,TN75GJE1S7G3,2025,2026-03-18,JYYWJ2QYHQP5
2025-06-GSAFAC-0000388507,TN75GJE1S7G3,2025,2026-03-18,V9L2G8429A64
2025-06-GSAFAC-0000388507,TN75GJE1S7G3,2025,2026-03-18,M1NHHXDXF999
2025-06-GSAFAC-0000388507,TN75GJE1S7G3,2025,2026-03-18,FYVAZVJGDFA4
2025-06-GSAFAC-0000388507,TN75GJE1S7G3,2025,2026-03-18,HV4ALC2GMSY7
2025-06-GSAFAC-0000388507,TN75GJE1S7G3,2025,2026-03-18,P7XXRN1453P3
2025-06-GSAFAC-0000388507,TN75GJE1S7G3,2025,2026-03-18,PSRVKANK7593
2025-06-GSAFAC-0000388507,TN75GJE1S7G3,2025,2026-03-18,XLPKMA6S9G97
2025-06-GSAFAC-0000388507,TN75GJE1S7G3,2025,2026-03-18,JHKNMVBA3S78
2025-06-GSAFAC-0000388507,TN75GJE1S7G3,2025,2026-03-18,W76MH7DMRA16
2025-08-GSAFAC-0000404584,LF84JLADBTE5,2025,2026-03-18,GHVZVBHUBJS3
2025-06-GSAFAC-0000405570,XRJ2DMLNMM34,2025,2026-03-18,J1G9CV11VCN7
2025-06-GSAFAC-0000405570,XRJ2DMLNMM34,2025,2026-03-18,GUA3HKQNBBS8
2025-06-GSAFAC-0000405570,XRJ2DMLNMM34,2025,2026-03-18,WK8DDS1Y6KG7
2025-06-GSAFAC-0000404397,VXS8VFJNNSL4,2025,2026-03-19,VBRHTM9TFT63
2025-06-GSAFAC-0000404397,VXS8VFJNNSL4,2025,2026-03-19,XADDKB5T2383
2025-06-GSAFAC-0000404397,VXS8VFJNNSL4,2025,2026-03-19,QCUGCS83U2G1
2025-06-GSAFAC-0000404397,VXS8VFJNNSL4,2025,2026-03-19,UF86J2L7SEU9
2025-06-GSAFAC-0000404314,NPM2J7MSCF61,2025,2026-03-19,MHGTQDUQVK37
2025-06-GSAFAC-0000404314,NPM2J7MSCF61,2025,2026-03-19,MJVMDY85K9J5
2025-06-GSAFAC-0000404314,NPM2J7MSCF61,2025,2026-03-19,VL8LM4SKMNW9
2025-06-GSAFAC-0000404314,NPM2J7MSCF61,2025,2026-03-19,GLK7YEX4CN16
2025-06-GSAFAC-0000404314,NPM2J7MSCF61,2025,2026-03-19,SZXLPN6J9DL9
2025-06-GSAFAC-0000404314,NPM2J7MSCF61,2025,2026-03-19,JW1LJXWE7DT8
2025-06-GSAFAC-0000404314,NPM2J7MSCF61,2025,2026-03-19,CX37AW178ER7
2025-06-GSAFAC-0000404314,NPM2J7MSCF61,2025,2026-03-19,LW4MXE7SKMV1
2025-06-GSAFAC-0000404314,NPM2J7MSCF61,2025,2026-03-19,WCKVTGN5QRW9
2025-06-GSAFAC-0000404314,NPM2J7MSCF61,2025,2026-03-19,C7H5P5GZNWM3
2025-06-GSAFAC-0000404314,NPM2J7MSCF61,2025,2026-03-19,SGENXPU73YM3
2025-06-GSAFAC-0000404314,NPM2J7MSCF61,2025,2026-03-19,DMFYFJYTGEC1
2025-06-GSAFAC-0000404314,NPM2J7MSCF61,2025,2026-03-19,FMRJAGEKALE5
2025-06-GSAFAC-0000404314,NPM2J7MSCF61,2025,2026-03-19,TNKGNDAWB445
2025-06-GSAFAC-0000404314,NPM2J7MSCF61,2025,2026-03-19,WECQKMUYA9Y1
2025-06-GSAFAC-0000404314,NPM2J7MSCF61,2025,2026-03-19,QJ6XRDCXNUW1
2025-06-GSAFAC-0000404314,NPM2J7MSCF61,2025,2026-03-19,PVATLS2JL238
2025-06-GSAFAC-0000404314,NPM2J7MSCF61,2025,2026-03-19,YJ65JDMGMK59
2025-06-GSAFAC-0000404314,NPM2J7MSCF61,2025,2026-03-19,J8R6NCUU7MD9
2025-06-GSAFAC-0000406302,NN1LQ82LCPD5,2025,2026-03-19,LZ7ABQKCMVM9
2025-06-GSAFAC-0000408635,M9GKSQB7UJ65,2025,2026-03-19,J9TCP376TC54
2025-06-GSAFAC-0000408635,M9GKSQB7UJ65,2025,2026-03-19,J6GZVJ8BCL77
2025-09-GSAFAC-0000407345,L7TPM7N15F67,2025,2026-03-19,FLAPDKMNKFT1
2025-09-GSAFAC-0000407345,L7TPM7N15F67,2025,2026-03-19,R8LAR4ETCJB8
2025-06-GSAFAC-0000406760,J1RCZHDJKBN5,2025,2026-03-20,DKMDCB5HNBL7
2025-06-GSAFAC-0000406760,J1RCZHDJKBN5,2025,2026-03-20,Y7ZCB5ESFN27
2025-06-GSAFAC-0000406760,J1RCZHDJKBN5,2025,2026-03-20,UFL7CAT49KJ3
2025-06-GSAFAC-0000406760,J1RCZHDJKBN5,2025,2026-03-20,JTSAXC9FRZ24
2025-06-GSAFAC-0000388633,FTMTDMBR29C7,2025,2026-03-20,C1HBCJ9RMBV3
2025-06-GSAFAC-0000404930,RK62GLSXRUK9,2025,2026-03-20,HQN4YHMS5J44
2025-06-GSAFAC-0000404930,RK62GLSXRUK9,2025,2026-03-20,W8MXD36RRWU4
2025-06-GSAFAC-0000404930,RK62GLSXRUK9,2025,2026-03-20,MT26WDA96FR3
2025-06-GSAFAC-0000404930,RK62GLSXRUK9,2025,2026-03-20,YMUVCX3YMJN5
2025-06-GSAFAC-0000404930,RK62GLSXRUK9,2025,2026-03-20,QESTANWUNL73
2025-06-GSAFAC-0000404930,RK62GLSXRUK9,2025,2026-03-20,QGWCW844LJX4
2025-06-GSAFAC-0000406996,MD9GKE5818S4,2025,2026-03-20,JJ1JYDCT2F25
2025-06-GSAFAC-0000406996,MD9GKE5818S4,2025,2026-03-20,PD18A8XKE7B6
2025-06-GSAFAC-0000406996,MD9GKE5818S4,2025,2026-03-20,QQZWBL2LPC85
2025-06-GSAFAC-0000406996,MD9GKE5818S4,2025,2026-03-20,CFXEZ75TPJ84
2025-06-GSAFAC-0000406996,MD9GKE5818S4,2025,2026-03-20,PNJMSCHTMVF7
2025-06-GSAFAC-0000406996,MD9GKE5818S4,2025,2026-03-20,NN3JV1EM6HM5
2025-06-GSAFAC-0000406996,MD9GKE5818S4,2025,2026-03-20,MLBXC2C6AEX1
2025-06-GSAFAC-0000406996,MD9GKE5818S4,2025,2026-03-20,E81BMEGBU6R3
2025-06-GSAFAC-0000406996,MD9GKE5818S4,2025,2026-03-20,JG172DTWMNQ3
2025-06-GSAFAC-0000406996,MD9GKE5818S4,2025,2026-03-20,FNZ1FRKKDWW8
2025-06-GSAFAC-0000406996,MD9GKE5818S4,2025,2026-03-20,LMMJPJ5LEB75
2025-06-GSAFAC-0000406996,MD9GKE5818S4,2025,2026-03-20,HNGGKJU8LKZ6
2025-06-GSAFAC-0000406996,MD9GKE5818S4,2025,2026-03-20,HA6FUTRKKFK6
2025-06-GSAFAC-0000406996,MD9GKE5818S4,2025,2026-03-20,PLENBXV9W556
2025-06-GSAFAC-0000406996,MD9GKE5818S4,2025,2026-03-20,J7VMQF4FQ3X6
2025-06-GSAFAC-0000406996,MD9GKE5818S4,2025,2026-03-20,GLBCYEAQ11S4
2025-06-GSAFAC-0000410083,R27BFZLMN4R8,2025,2026-03-20,SV9FM2MNNU48
2025-06-GSAFAC-0000407458,E4QAJHW61213,2025,2026-03-20,HERDH1MKJH39
2025-06-GSAFAC-0000409218,L5AFAVVE55A5,2025,2026-03-20,NTKBZDVK3F25
2025-09-GSAFAC-0000407064,FB3SLJJZ38K9,2025,2026-03-20,DN7WFH7MTKM3
2025-09-GSAFAC-0000407064,FB3SLJJZ38K9,2025,2026-03-20,LRNBMRRWHA95
2025-06-GSAFAC-0000410282,CPNFLT3252F1,2025,2026-03-22,Y4G1JZGWDV95
2025-06-GSAFAC-0000404797,L6M1G1EY4L56,2025,2026-03-23,KEXMERLWEBJ4
2025-06-GSAFAC-0000404797,L6M1G1EY4L56,2025,2026-03-23,U3KDNMJFJYC7
2025-06-GSAFAC-0000401517,DVVDWJ98XDV7,2025,2026-03-23,MNEER4H7L6H9
2025-06-GSAFAC-0000401517,DVVDWJ98XDV7,2025,2026-03-23,PB73X5TNEWM3
2025-06-GSAFAC-0000401517,DVVDWJ98XDV7,2025,2026-03-23,REG7DB4HD687
2025-06-GSAFAC-0000401517,DVVDWJ98XDV7,2025,2026-03-23,JB33PN9JXNX8
2025-06-GSAFAC-0000401517,DVVDWJ98XDV7,2025,2026-03-23,EA9DMKJWDWL3
2025-06-GSAFAC-0000401517,DVVDWJ98XDV7,2025,2026-03-23,FV82SAKDWFP6
2025-06-GSAFAC-0000401517,DVVDWJ98XDV7,2025,2026-03-23,KSUKK16HH7L3
2025-06-GSAFAC-0000409947,MTD4M7LKSKJ4,2025,2026-03-23,DHCGNQR5LNB6
2025-06-GSAFAC-0000406192,XKK1KGY2GD54,2025,2026-03-23,UYMCUPFGTBF6
2025-06-GSAFAC-0000405626,Y8CWNJRCNN91,2025,2026-03-23,W8XEAJDKMXH3
2025-06-GSAFAC-0000405626,Y8CWNJRCNN91,2025,2026-03-23,M6X1K9AU6HM5
2025-06-GSAFAC-0000405626,Y8CWNJRCNN91,2025,2026-03-23,LMKAF2LNJGP6
2025-06-GSAFAC-0000410513,EHVBZ3J7CE95,2025,2026-03-24,D5WLWJ9G3UX1
2025-06-GSAFAC-0000410513,EHVBZ3J7CE95,2025,2026-03-24,HJMDNAPL6T41
2025-06-GSAFAC-0000410513,EHVBZ3J7CE95,2025,2026-03-24,T1GKVXH7Y5K9
2025-06-GSAFAC-0000410403,S6U1E5D4J7D8,2025,2026-03-24,XVEZJEGJBBZ3
2025-06-GSAFAC-0000410403,S6U1E5D4J7D8,2025,2026-03-24,KBM3ZKYAGXJ8
2025-06-GSAFAC-0000407844,ZETJL6DKF963,2025,2026-03-24,MN8XRV23F6V1
2025-06-GSAFAC-0000407638,H8F3KZ3X4LC3,2025,2026-03-24,P1JNP1MH5EX6
2025-06-GSAFAC-0000409411,T1GKVXH7Y5K9,2025,2026-03-24,HJMDNAPL6T41
2025-06-GSAFAC-0000407480,MBUNDYF3KXL3,2025,2026-03-24,Q8FZPLN67P88
2025-06-GSAFAC-0000408209,DAWZVD5DY466,2025,2026-03-24,HF2PMJQN1NJ6
2025-06-GSAFAC-0000408209,DAWZVD5DY466,2025,2026-03-24,RQ14QUSHAF49
2025-06-GSAFAC-0000408209,DAWZVD5DY466,2025,2026-03-24,LRVCRNFJA1U6
2025-06-GSAFAC-0000408209,DAWZVD5DY466,2025,2026-03-24,CGSTLVM57LM5
2025-06-GSAFAC-0000408209,DAWZVD5DY466,2025,2026-03-24,YM8GVJLK3BF4
2025-06-GSAFAC-0000408209,DAWZVD5DY466,2025,2026-03-24,WGK8J9FEKW65
2025-06-GSAFAC-0000408209,DAWZVD5DY466,2025,2026-03-24,S249YBY1KLE8
2025-06-GSAFAC-0000408209,DAWZVD5DY466,2025,2026-03-24,HVQFNT2H1BB1
2025-06-GSAFAC-0000403863,L9SANTM4N7J5,2025,2026-03-24,TFPHR6CBC9H9
2025-06-GSAFAC-0000403863,L9SANTM4N7J5,2025,2026-03-24,NE7DTYWS3KS9
2025-06-GSAFAC-0000403863,L9SANTM4N7J5,2025,2026-03-24,UPDUCVGF6E79
2025-06-GSAFAC-0000403863,L9SANTM4N7J5,2025,2026-03-24,HLTWUS8HWZJ8
2025-06-GSAFAC-0000403863,L9SANTM4N7J5,2025,2026-03-24,QWJTHJJCD2Q3
2025-06-GSAFAC-0000403863,L9SANTM4N7J5,2025,2026-03-24,CKXMPGZY9VN9
2025-06-GSAFAC-0000403863,L9SANTM4N7J5,2025,2026-03-24,MQ1JHWK8NZN8
2025-06-GSAFAC-0000403863,L9SANTM4N7J5,2025,2026-03-24,FQ6YJRATEXN8
2025-06-GSAFAC-0000403863,L9SANTM4N7J5,2025,2026-03-24,NKR1KHMDM4Y9
2025-06-GSAFAC-0000403863,L9SANTM4N7J5,2025,2026-03-24,L9MHHQCCY7A6
2025-06-GSAFAC-0000401418,G56PUALJ3KT5,2025,2026-03-25,YNT8TCJH8FQ8
2025-06-GSAFAC-0000401418,G56PUALJ3KT5,2025,2026-03-25,PJUVN8AT5416
2025-06-GSAFAC-0000401418,G56PUALJ3KT5,2025,2026-03-25,ELS2M3C6V2S5
2025-06-GSAFAC-0000408190,F6D8JMXK5ME4,2025,2026-03-25,JDGFRB4C1XD9
2025-06-GSAFAC-0000408190,F6D8JMXK5ME4,2025,2026-03-25,QAEJZRL5G3W9
2025-06-GSAFAC-0000408190,F6D8JMXK5ME4,2025,2026-03-25,NRLSSYLD66Z1
2025-06-GSAFAC-0000408190,F6D8JMXK5ME4,2025,2026-03-25,QQ2CJZ7ER813
2025-06-GSAFAC-0000393923,ESDFCNAM7PV7,2025,2026-03-25,YD52PH59F4G3
2025-06-GSAFAC-0000393923,ESDFCNAM7PV7,2025,2026-03-25,SRY6JJL6G9L1
2025-06-GSAFAC-0000393923,ESDFCNAM7PV7,2025,2026-03-25,HDELLNPJ1AB5
2025-06-GSAFAC-0000393923,ESDFCNAM7PV7,2025,2026-03-25,ECNUVBPAVTX3
2025-06-GSAFAC-0000393923,ESDFCNAM7PV7,2025,2026-03-25,QH3AE2RLGQR5
2025-06-GSAFAC-0000393923,ESDFCNAM7PV7,2025,2026-03-25,E7TWPEK6PGS9
2025-06-GSAFAC-0000393923,ESDFCNAM7PV7,2025,2026-03-25,JXGRX78KTUJ9
2025-06-GSAFAC-0000393923,ESDFCNAM7PV7,2025,2026-03-25,WWKAGKTGC7Z4
2025-06-GSAFAC-0000393923,ESDFCNAM7PV7,2025,2026-03-25,LMK9H3RRETL6
2025-06-GSAFAC-0000393923,ESDFCNAM7PV7,2025,2026-03-25,JNGKSME8SL33
2025-06-GSAFAC-0000393923,ESDFCNAM7PV7,2025,2026-03-25,UN9ZE4LRPLM3
2025-06-GSAFAC-0000393923,ESDFCNAM7PV7,2025,2026-03-25,JCBZK54BS6X7
2025-06-GSAFAC-0000393923,ESDFCNAM7PV7,2025,2026-03-25,JKM5HK49P814
2025-06-GSAFAC-0000393923,ESDFCNAM7PV7,2025,2026-03-25,PU1BQH284C69
2025-06-GSAFAC-0000393923,ESDFCNAM7PV7,2025,2026-03-25,EMMHHSJCQAX8
2025-06-GSAFAC-0000393923,ESDFCNAM7PV7,2025,2026-03-25,E6VYCNAGHK55
2025-06-GSAFAC-0000393923,ESDFCNAM7PV7,2025,2026-03-25,SB2KGYHQV4V5
2025-06-GSAFAC-0000393923,ESDFCNAM7PV7,2025,2026-03-25,TC1FL92ZEM16
2025-06-GSAFAC-0000393923,ESDFCNAM7PV7,2025,2026-03-25,CHGGG1W97J67
2025-06-GSAFAC-0000393923,ESDFCNAM7PV7,2025,2026-03-25,WV3LRKKSJKH9
2025-06-GSAFAC-0000393923,ESDFCNAM7PV7,2025,2026-03-25,DLQ4KQFT5MA6
2025-06-GSAFAC-0000393923,ESDFCNAM7PV7,2025,2026-03-25,CLE3XWRKPBU5
2025-06-GSAFAC-0000393923,ESDFCNAM7PV7,2025,2026-03-25,N715W9J2ZBQ9
2025-06-GSAFAC-0000393923,ESDFCNAM7PV7,2025,2026-03-25,VV8EZH787L81
2025-06-GSAFAC-0000393923,ESDFCNAM7PV7,2025,2026-03-25,K1XHFGTG2BA9
2025-06-GSAFAC-0000393923,ESDFCNAM7PV7,2025,2026-03-25,HF16DKLN59M3
2025-06-GSAFAC-0000393923,ESDFCNAM7PV7,2025,2026-03-25,DMGJKNJFR8D3
2025-06-GSAFAC-0000393923,ESDFCNAM7PV7,2025,2026-03-25,QNYRNJD3LLJ1
2025-06-GSAFAC-0000393923,ESDFCNAM7PV7,2025,2026-03-25,TKDSCBAE88P7
2025-06-GSAFAC-0000393923,ESDFCNAM7PV7,2025,2026-03-25,NZLNAHJCH231
2025-06-GSAFAC-0000393923,ESDFCNAM7PV7,2025,2026-03-25,KM4JXMLVCVD5
2025-06-GSAFAC-0000393923,ESDFCNAM7PV7,2025,2026-03-25,P4L6LY3UVFK9
2025-06-GSAFAC-0000393923,ESDFCNAM7PV7,2025,2026-03-25,NQ55NJFLBGQ9
2025-06-GSAFAC-0000393923,ESDFCNAM7PV7,2025,2026-03-25,LZSHK16VDV99
2025-06-GSAFAC-0000393923,ESDFCNAM7PV7,2025,2026-03-25,P727JLNA1H65
2025-06-GSAFAC-0000393923,ESDFCNAM7PV7,2025,2026-03-25,ESDJRNUJSL55
2025-06-GSAFAC-0000393923,ESDFCNAM7PV7,2025,2026-03-25,HWADT84E1NE3
2025-06-GSAFAC-0000393923,ESDFCNAM7PV7,2025,2026-03-25,J6XSLLAAPHF1
2025-06-GSAFAC-0000393923,ESDFCNAM7PV7,2025,2026-03-25,WAK5GL15M363
2025-06-GSAFAC-0000393923,ESDFCNAM7PV7,2025,2026-03-25,YZQNARFL8JU9
2025-06-GSAFAC-0000393923,ESDFCNAM7PV7,2025,2026-03-25,KCABLNSEVEH3
2025-06-GSAFAC-0000393923,ESDFCNAM7PV7,2025,2026-03-25,LPUDRM9XKMC4
2025-06-GSAFAC-0000393923,ESDFCNAM7PV7,2025,2026-03-25,MJZJV631Y974
2025-06-GSAFAC-0000393923,ESDFCNAM7PV7,2025,2026-03-25,G94JD1TUL367
2025-06-GSAFAC-0000393923,ESDFCNAM7PV7,2025,2026-03-25,LCPBAA9NDSJ9
2025-06-GSAFAC-0000393923,ESDFCNAM7PV7,2025,2026-03-25,CWVTNTSMNQJ8
2025-06-GSAFAC-0000393923,ESDFCNAM7PV7,2025,2026-03-25,XMSQYUFSW6N4
2025-06-GSAFAC-0000393923,ESDFCNAM7PV7,2025,2026-03-25,J1J4HWP7KVE9
2025-06-GSAFAC-0000393923,ESDFCNAM7PV7,2025,2026-03-25,FNBVPUFFNKB4
2025-06-GSAFAC-0000393923,ESDFCNAM7PV7,2025,2026-03-25,MR9LDZZZBZW6
2025-06-GSAFAC-0000393923,ESDFCNAM7PV7,2025,2026-03-25,LY1BA7BFTGA1
2025-06-GSAFAC-0000393923,ESDFCNAM7PV7,2025,2026-03-25,ZNABXGD9F7F9
2025-06-GSAFAC-0000393923,ESDFCNAM7PV7,2025,2026-03-25,P727JLNA1H66
2025-06-GSAFAC-0000393923,ESDFCNAM7PV7,2025,2026-03-25,P727JLNA1H68
2025-06-GSAFAC-0000393923,ESDFCNAM7PV7,2025,2026-03-25,TS4YUTENXA98
2025-06-GSAFAC-0000393923,ESDFCNAM7PV7,2025,2026-03-25,CK3WQSZTD3K4
2025-06-GSAFAC-0000393923,ESDFCNAM7PV7,2025,2026-03-25,NA73LZ67FCK3
2025-06-GSAFAC-0000393923,ESDFCNAM7PV7,2025,2026-03-25,WE5YQWBDH6Q9
2025-06-GSAFAC-0000393923,ESDFCNAM7PV7,2025,2026-03-25,CHBYY1GMMKZ5
2025-06-GSAFAC-0000411037,MN21X5JF9PK1,2025,2026-03-25,S7PTVM5875M7
2025-06-GSAFAC-0000407730,K2KBW9YM3AY1,2025,2026-03-25,L5N3NFSH1JB3
2025-06-GSAFAC-0000406061,K2GKE2AHEKU3,2025,2026-03-25,JBCNNCHJVYC8
2025-06-GSAFAC-0000406061,K2GKE2AHEKU3,2025,2026-03-25,K6K5WKBAYGQ1
2025-06-GSAFAC-0000406061,K2GKE2AHEKU3,2025,2026-03-25,WFVHMSF6BU45
2025-06-GSAFAC-0000406061,K2GKE2AHEKU3,2025,2026-03-25,NTXJM52SHKS7
2025-06-GSAFAC-0000406061,K2GKE2AHEKU3,2025,2026-03-25,ZLGAMJE8YBN3
2025-06-GSAFAC-0000406061,K2GKE2AHEKU3,2025,2026-03-25,R597J3LBFG58
2025-06-GSAFAC-0000406061,K2GKE2AHEKU3,2025,2026-03-25,G1THVER8BNL4
2025-06-GSAFAC-0000406061,K2GKE2AHEKU3,2025,2026-03-25,M1K8LJAET5R1
2025-06-GSAFAC-0000406061,K2GKE2AHEKU3,2025,2026-03-25,X59NJBFL8BJ3
2025-06-GSAFAC-0000406061,K2GKE2AHEKU3,2025,2026-03-25,N2PNJNLP8E95
2025-06-GSAFAC-0000406061,K2GKE2AHEKU3,2025,2026-03-25,URF8B9DHAFZ7
2025-09-GSAFAC-0000406409,PB11V1KH3KV4,2025,2026-03-25,NDAWXK4WG938
2025-09-GSAFAC-0000406409,PB11V1KH3KV4,2025,2026-03-25,D51DA42A4KT8
2025-09-GSAFAC-0000406409,PB11V1KH3KV4,2025,2026-03-25,RX7GZLLBTKR6
2025-09-GSAFAC-0000406409,PB11V1KH3KV4,2025,2026-03-25,F5DNCETLUBN5
2025-06-GSAFAC-0000408417,HYK1UKR538B5,2025,2026-03-25,GDH3QJYJ1BD4
2025-06-GSAFAC-0000407041,YMKAFXV2ZQ31,2025,2026-03-25,M7XQQEG6JEF3
2025-06-GSAFAC-0000409669,N6NLYNQ42J87,2025,2026-03-25,E3V1PB4UVJK6
2025-06-GSAFAC-0000409669,N6NLYNQ42J87,2025,2026-03-25,EL6KNH773XS7
2025-06-GSAFAC-0000409669,N6NLYNQ42J87,2025,2026-03-25,F1SBHQUZMKZ3
2025-06-GSAFAC-0000409669,N6NLYNQ42J87,2025,2026-03-25,FXRGN76HPMF3
2025-06-GSAFAC-0000409669,N6NLYNQ42J87,2025,2026-03-25,GLRKHDJA6WH9
2025-06-GSAFAC-0000409669,N6NLYNQ42J87,2025,2026-03-25,J43VD2RJMM21
2025-06-GSAFAC-0000409669,N6NLYNQ42J87,2025,2026-03-25,JBAKXKHHVPD9
2025-06-GSAFAC-0000409669,N6NLYNQ42J87,2025,2026-03-25,JDYZDGQ7FKB5
2025-06-GSAFAC-0000409669,N6NLYNQ42J87,2025,2026-03-25,K5ZLF422BS36
2025-06-GSAFAC-0000409669,N6NLYNQ42J87,2025,2026-03-25,KFAEUJZ33SU8
2025-06-GSAFAC-0000409669,N6NLYNQ42J87,2025,2026-03-25,LALMDNWSYKT1
2025-06-GSAFAC-0000409669,N6NLYNQ42J87,2025,2026-03-25,NA6ZTNZ4EYZ2
2025-06-GSAFAC-0000409669,N6NLYNQ42J87,2025,2026-03-25,NQQNXBR64DH7
2025-06-GSAFAC-0000409669,N6NLYNQ42J87,2025,2026-03-25,NYZQQ61KSAN8
2025-06-GSAFAC-0000409669,N6NLYNQ42J87,2025,2026-03-25,RKX8X4LY3LP2
2025-06-GSAFAC-0000409669,N6NLYNQ42J87,2025,2026-03-25,THL3SNMMT3S9
2025-06-GSAFAC-0000409669,N6NLYNQ42J87,2025,2026-03-25,UMNMJGQJUGP6
2025-06-GSAFAC-0000409669,N6NLYNQ42J87,2025,2026-03-25,WNDAAUB5HAW1
2025-06-GSAFAC-0000409669,N6NLYNQ42J87,2025,2026-03-25,X351BGYX9CE5
2025-06-GSAFAC-0000409669,N6NLYNQ42J87,2025,2026-03-25,X7ULY9PCPRC7
2025-06-GSAFAC-0000409669,N6NLYNQ42J87,2025,2026-03-25,YLQARK22FMQ1
2025-06-GSAFAC-0000409669,N6NLYNQ42J87,2025,2026-03-25,YMMASZVHBJL7
2025-06-GSAFAC-0000409669,N6NLYNQ42J87,2025,2026-03-25,ZKBEYKXVFHC4
2025-06-GSAFAC-0000409669,N6NLYNQ42J87,2025,2026-03-25,ZL9VH4Z7GAR2
2025-06-GSAFAC-0000409905,SK2NKPN4UKL9,2025,2026-03-25,HX9VLMQB1AK5
2024-06-GSAFAC-0000407772,M2CKC5FG3MD6,2025,2026-03-25,U1RXGSSJFD16
2024-06-GSAFAC-0000407772,M2CKC5FG3MD6,2025,2026-03-25,M5Q5T59LC9U7
2025-06-GSAFAC-0000408027,SJQQPFZKKCV1,2025,2026-03-25,C8Y9XDBLDGF5
2025-06-GSAFAC-0000408027,SJQQPFZKKCV1,2025,2026-03-25,C997G8F847R6
2025-06-GSAFAC-0000408027,SJQQPFZKKCV1,2025,2026-03-25,CU23NCECZHK6
2025-06-GSAFAC-0000408027,SJQQPFZKKCV1,2025,2026-03-25,D49LXB3BR677
2025-06-GSAFAC-0000408027,SJQQPFZKKCV1,2025,2026-03-25,D58PH6F3SM76
2025-06-GSAFAC-0000408027,SJQQPFZKKCV1,2025,2026-03-25,ECB1M44BAMM3
2025-06-GSAFAC-0000408027,SJQQPFZKKCV1,2025,2026-03-25,EKXKCDF3NYT4
2025-06-GSAFAC-0000408027,SJQQPFZKKCV1,2025,2026-03-25,FSAPX1NFLAD9
2025-06-GSAFAC-0000408027,SJQQPFZKKCV1,2025,2026-03-25,GEJPMUHVN1D9
2025-06-GSAFAC-0000408027,SJQQPFZKKCV1,2025,2026-03-25,GNE1FHAH78R4
2025-06-GSAFAC-0000408027,SJQQPFZKKCV1,2025,2026-03-25,HCRDVHDLJ476
2025-06-GSAFAC-0000408027,SJQQPFZKKCV1,2025,2026-03-25,HHDJCDRH4CU9
2025-06-GSAFAC-0000408027,SJQQPFZKKCV1,2025,2026-03-25,HPXQFN2WNRE3
2025-06-GSAFAC-0000408027,SJQQPFZKKCV1,2025,2026-03-25,JBCGBLAUQN63
2025-06-GSAFAC-0000408027,SJQQPFZKKCV1,2025,2026-03-25,JKN3M34HFNN6
2025-06-GSAFAC-0000408027,SJQQPFZKKCV1,2025,2026-03-25,JNZSNC4MUMS7
2025-06-GSAFAC-0000408027,SJQQPFZKKCV1,2025,2026-03-25,JYLLL2YTFQ33
2025-06-GSAFAC-0000408027,SJQQPFZKKCV1,2025,2026-03-25,KGLNFGPQMFB4
2025-06-GSAFAC-0000408027,SJQQPFZKKCV1,2025,2026-03-25,KNBZAL4GJ6L7
2025-06-GSAFAC-0000408027,SJQQPFZKKCV1,2025,2026-03-25,KX6SLMCEZL93
2025-06-GSAFAC-0000408027,SJQQPFZKKCV1,2025,2026-03-25,LK35CFEJY664
2025-06-GSAFAC-0000408027,SJQQPFZKKCV1,2025,2026-03-25,LQHVVYC37U25
2025-06-GSAFAC-0000408027,SJQQPFZKKCV1,2025,2026-03-25,M179SB5HHFT3
2025-06-GSAFAC-0000408027,SJQQPFZKKCV1,2025,2026-03-25,M1DGHSAKBLC8
2025-06-GSAFAC-0000408027,SJQQPFZKKCV1,2025,2026-03-25,M9S9NFUYN139
2025-06-GSAFAC-0000408027,SJQQPFZKKCV1,2025,2026-03-25,M9YBYG5NB7L1
2025-06-GSAFAC-0000408027,SJQQPFZKKCV1,2025,2026-03-25,MK8MXJLMMHG3
2025-06-GSAFAC-0000408027,SJQQPFZKKCV1,2025,2026-03-25,ML4AZN5WEL99
2025-06-GSAFAC-0000408027,SJQQPFZKKCV1,2025,2026-03-25,MLH8URE9LZZ3
2025-06-GSAFAC-0000408027,SJQQPFZKKCV1,2025,2026-03-25,MS21K8EZWRK6
2025-06-GSAFAC-0000408027,SJQQPFZKKCV1,2025,2026-03-25,MTC5XW9MLR58
2025-06-GSAFAC-0000408027,SJQQPFZKKCV1,2025,2026-03-25,NGKJRQ1VW9M1
2025-06-GSAFAC-0000408027,SJQQPFZKKCV1,2025,2026-03-25,NLHDQM3V4S8F
2025-06-GSAFAC-0000408027,SJQQPFZKKCV1,2025,2026-03-25,PDTZKNUD4M94
2025-06-GSAFAC-0000408027,SJQQPFZKKCV1,2025,2026-03-25,PX7YH4QM2NB9
2025-06-GSAFAC-0000408027,SJQQPFZKKCV1,2025,2026-03-25,Q4VKL91KQAK7
2025-06-GSAFAC-0000408027,SJQQPFZKKCV1,2025,2026-03-25,QAJ2TCNXNLL8
2025-06-GSAFAC-0000408027,SJQQPFZKKCV1,2025,2026-03-25,QJJWFSKJ47B1
2025-06-GSAFAC-0000408027,SJQQPFZKKCV1,2025,2026-03-25,R5GKYNA7W127
2025-06-GSAFAC-0000408027,SJQQPFZKKCV1,2025,2026-03-25,SSG3L9Y6THN7
2025-06-GSAFAC-0000408027,SJQQPFZKKCV1,2025,2026-03-25,STTMSWB3N124
2025-06-GSAFAC-0000408027,SJQQPFZKKCV1,2025,2026-03-25,T1U7JC46FJ13
2025-06-GSAFAC-0000408027,SJQQPFZKKCV1,2025,2026-03-25,UL2HEZMR7HN1
2025-06-GSAFAC-0000408027,SJQQPFZKKCV1,2025,2026-03-25,UL92ZY2HMLG6
2025-06-GSAFAC-0000408027,SJQQPFZKKCV1,2025,2026-03-25,V1KXFRCQMGL5
2025-06-GSAFAC-0000408027,SJQQPFZKKCV1,2025,2026-03-25,VB2HXAT15433
2025-06-GSAFAC-0000408027,SJQQPFZKKCV1,2025,2026-03-25,VL29TNLRKLE6
2025-06-GSAFAC-0000408027,SJQQPFZKKCV1,2025,2026-03-25,VM7YK72M4N24
2025-06-GSAFAC-0000408027,SJQQPFZKKCV1,2025,2026-03-25,W5U5NF5T46G7
2025-06-GSAFAC-0000408027,SJQQPFZKKCV1,2025,2026-03-25,WMUHMBGANBL5
2025-06-GSAFAC-0000408027,SJQQPFZKKCV1,2025,2026-03-25,X2ASXL5BTW76
2025-06-GSAFAC-0000408027,SJQQPFZKKCV1,2025,2026-03-25,YPHCPMULMCD5
2025-06-GSAFAC-0000408027,SJQQPFZKKCV1,2025,2026-03-25,YW8PMRDDRUC3
2025-06-GSAFAC-0000408027,SJQQPFZKKCV1,2025,2026-03-25,ZT2FAMA3LPK7
2025-06-GSAFAC-0000393599,EQL7FFLJRC99,2025,2026-03-25,Y296M746ENL3
2025-06-GSAFAC-0000393599,EQL7FFLJRC99,2025,2026-03-25,DN8UB6HHECG9
2025-06-GSAFAC-0000393599,EQL7FFLJRC99,2025,2026-03-25,LLEGEC1GMNM8
2025-06-GSAFAC-0000393599,EQL7FFLJRC99,2025,2026-03-25,QLS6M71WM623
2025-06-GSAFAC-0000393599,EQL7FFLJRC99,2025,2026-03-25,LXBLT3L8HZ73
2025-06-GSAFAC-0000393599,EQL7FFLJRC99,2025,2026-03-25,UAJNT147CKJ1
2025-06-GSAFAC-0000393599,EQL7FFLJRC99,2025,2026-03-25,Y55RMMCJ8HL6
2025-06-GSAFAC-0000393599,EQL7FFLJRC99,2025,2026-03-25,RYAQZNSJN9Q9
2025-06-GSAFAC-0000393599,EQL7FFLJRC99,2025,2026-03-25,GBJMUZDMLN84
2025-06-GSAFAC-0000393599,EQL7FFLJRC99,2025,2026-03-25,F31GEXBJVL57
2025-06-GSAFAC-0000393599,EQL7FFLJRC99,2025,2026-03-25,LZFYPNDKE3Y5
2025-06-GSAFAC-0000393599,EQL7FFLJRC99,2025,2026-03-25,FGDCTJL2GJF1
2025-06-GSAFAC-0000393599,EQL7FFLJRC99,2025,2026-03-25,CS5DGASZDJM3
2025-06-GSAFAC-0000393599,EQL7FFLJRC99,2025,2026-03-25,UBCGS2J98RK4
2025-06-GSAFAC-0000393599,EQL7FFLJRC99,2025,2026-03-25,GJ2TR96N7Y73
2025-06-GSAFAC-0000393599,EQL7FFLJRC99,2025,2026-03-25,DU31CJWGFKU1
2025-06-GSAFAC-0000393599,EQL7FFLJRC99,2025,2026-03-25,HVEKL7MENUK1
2025-06-GSAFAC-0000393599,EQL7FFLJRC99,2025,2026-03-25,VGMJYMAD7DG7
2025-06-GSAFAC-0000393599,EQL7FFLJRC99,2025,2026-03-25,LCLSJAGTNZQ7
2025-06-GSAFAC-0000393599,EQL7FFLJRC99,2025,2026-03-25,C6K4GK8PJYT4
2025-06-GSAFAC-0000393599,EQL7FFLJRC99,2025,2026-03-25,JBQ9M3PLFDP5
2025-06-GSAFAC-0000393599,EQL7FFLJRC99,2025,2026-03-25,DCYNUU4E7Q66
2025-06-GSAFAC-0000393599,EQL7FFLJRC99,2025,2026-03-25,EARPJJ6CMFG7
2025-06-GSAFAC-0000393599,EQL7FFLJRC99,2025,2026-03-25,DZNGAULLMMZ3
2025-06-GSAFAC-0000393599,EQL7FFLJRC99,2025,2026-03-25,DKSMGAFW4CS8
2025-06-GSAFAC-0000393599,EQL7FFLJRC99,2025,2026-03-25,S4E1WUMET5N5
2025-06-GSAFAC-0000393599,EQL7FFLJRC99,2025,2026-03-25,M73MZJWBNZN5
2025-06-GSAFAC-0000393599,EQL7FFLJRC99,2025,2026-03-25,LU3DBLGF4DG9
2025-06-GSAFAC-0000393599,EQL7FFLJRC99,2025,2026-03-25,H9W3B71EFTM8
2025-06-GSAFAC-0000393599,EQL7FFLJRC99,2025,2026-03-25,T8MYF3NHDDN6
2025-06-GSAFAC-0000393599,EQL7FFLJRC99,2025,2026-03-25,KM37HHJUXYB3
2025-06-GSAFAC-0000393599,EQL7FFLJRC99,2025,2026-03-25,CBE4JHP1S8H7
2025-06-GSAFAC-0000393599,EQL7FFLJRC99,2025,2026-03-25,K5L9NM9C8HZ1
2025-06-GSAFAC-0000393599,EQL7FFLJRC99,2025,2026-03-25,FH2BPMS3U3E9
2025-06-GSAFAC-0000393599,EQL7FFLJRC99,2025,2026-03-25,LDC7MLC42LN8
2025-06-GSAFAC-0000393599,EQL7FFLJRC99,2025,2026-03-25,CG2SZ7HCNV54
2025-06-GSAFAC-0000393599,EQL7FFLJRC99,2025,2026-03-25,NSEYGAM7UZF6
2025-06-GSAFAC-0000393599,EQL7FFLJRC99,2025,2026-03-25,FX9MWGNFQ941
2025-06-GSAFAC-0000393599,EQL7FFLJRC99,2025,2026-03-25,DCPVMWRT3DR4
2025-06-GSAFAC-0000393599,EQL7FFLJRC99,2025,2026-03-25,LTAXJ3R2ESZ7
2025-06-GSAFAC-0000393599,EQL7FFLJRC99,2025,2026-03-25,N95NY1A1U3M7
2025-06-GSAFAC-0000393599,EQL7FFLJRC99,2025,2026-03-25,CWKEECAJP9H9
2025-06-GSAFAC-0000393599,EQL7FFLJRC99,2025,2026-03-25,F1JRNREURZA5
2025-06-GSAFAC-0000393599,EQL7FFLJRC99,2025,2026-03-25,UM5ZN5DK3N91
2025-06-GSAFAC-0000393599,EQL7FFLJRC99,2025,2026-03-25,RVU6UF18YL89
2025-06-GSAFAC-0000393599,EQL7FFLJRC99,2025,2026-03-25,U3VPM7DAHCJ9
2025-06-GSAFAC-0000393599,EQL7FFLJRC99,2025,2026-03-25,E26NPPCKM1Y3
2025-06-GSAFAC-0000410892,CNKAAGJP7K95,2025,2026-03-25,DS9LLJEWMMC8
2025-09-GSAFAC-0000402508,NNGKJJVPWM51,2025,2026-03-25,DML4HJNAFE44
2025-09-GSAFAC-0000402508,NNGKJJVPWM51,2025,2026-03-25,KQ3QX9AHQY76
2025-09-GSAFAC-0000402508,NNGKJJVPWM51,2025,2026-03-25,XMTVMXFTQBJ6
2025-09-GSAFAC-0000402508,NNGKJJVPWM51,2025,2026-03-25,XXH3TJE49651
2025-09-GSAFAC-0000402508,NNGKJJVPWM51,2025,2026-03-25,K9L4CFNZ8XL6
2025-09-GSAFAC-0000402508,NNGKJJVPWM51,2025,2026-03-25,DV1WVS2B6BG1
2025-09-GSAFAC-0000402508,NNGKJJVPWM51,2025,2026-03-25,UJ7ZFUKDH4M8
2025-09-GSAFAC-0000398858,HGADQ8GL9PX1,2025,2026-03-25,JQFLTLCCM784
2025-09-GSAFAC-0000398858,HGADQ8GL9PX1,2025,2026-03-25,C19NYJAM9F88
2025-08-GSAFAC-0000395543,KJFABN74KUE6,2025,2026-03-25,V8NFTXQRQBG1
2025-08-GSAFAC-0000395543,KJFABN74KUE6,2025,2026-03-25,FHQUQLVKD5V8
2025-08-GSAFAC-0000395543,KJFABN74KUE6,2025,2026-03-25,PNZNHENKNDT1
2025-06-GSAFAC-0000409596,YC11KWJKWM97,2025,2026-03-25,CGLYNJCBGW73
2025-06-GSAFAC-0000409596,YC11KWJKWM97,2025,2026-03-25,JT4NTQHQLVB1
2025-06-GSAFAC-0000409596,YC11KWJKWM97,2025,2026-03-25,MHLNFHVYWDD9
2025-06-GSAFAC-0000409596,YC11KWJKWM97,2025,2026-03-25,K9MVGUJMTE61
2025-06-GSAFAC-0000409596,YC11KWJKWM97,2025,2026-03-25,ZLEBWLPTDDZ8
2025-06-GSAFAC-0000409596,YC11KWJKWM97,2025,2026-03-25,TJKQE1FEU127
2025-06-GSAFAC-0000409596,YC11KWJKWM97,2025,2026-03-25,JLJNMJ6C9R76
2025-06-GSAFAC-0000409596,YC11KWJKWM97,2025,2026-03-25,DP5UNAV7S2L7
2025-06-GSAFAC-0000409596,YC11KWJKWM97,2025,2026-03-25,JA9NB52U21E1
2025-06-GSAFAC-0000409596,YC11KWJKWM97,2025,2026-03-25,F72HENC9LC98
2025-06-GSAFAC-0000409596,YC11KWJKWM97,2025,2026-03-25,JW5VMAWMCQR6
2025-06-GSAFAC-0000409596,YC11KWJKWM97,2025,2026-03-25,WDTXQ672Y3J5
2025-06-GSAFAC-0000409596,YC11KWJKWM97,2025,2026-03-25,LM85MG1513K5
2025-06-GSAFAC-0000409596,YC11KWJKWM97,2025,2026-03-25,JP8NUHLCWLE6
2025-06-GSAFAC-0000409596,YC11KWJKWM97,2025,2026-03-25,GXZJMNW81UG4
2025-06-GSAFAC-0000400248,KBJAXWVMDZQ6,2025,2026-03-26,URXGHD8BNKE6
2025-06-GSAFAC-0000400248,KBJAXWVMDZQ6,2025,2026-03-26,TNGVHK5AHM51
2025-06-GSAFAC-0000400248,KBJAXWVMDZQ6,2025,2026-03-26,EUMBAJXCY2M1
2025-06-GSAFAC-0000400248,KBJAXWVMDZQ6,2025,2026-03-26,F8JKDGGKL1L6
2025-06-GSAFAC-0000400248,KBJAXWVMDZQ6,2025,2026-03-26,SPY2MC6GCUR9
2025-06-GSAFAC-0000400248,KBJAXWVMDZQ6,2025,2026-03-26,NEFNQCNZKSM1
2025-06-GSAFAC-0000400248,KBJAXWVMDZQ6,2025,2026-03-26,X8BZD8DQ3TK9
2025-06-GSAFAC-0000400248,KBJAXWVMDZQ6,2025,2026-03-26,UM65ZNH4CXH5
2025-06-GSAFAC-0000400248,KBJAXWVMDZQ6,2025,2026-03-26,DXX7DLADAGH4
2025-06-GSAFAC-0000400248,KBJAXWVMDZQ6,2025,2026-03-26,MSLCZRKAALH1
2025-06-GSAFAC-0000400248,KBJAXWVMDZQ6,2025,2026-03-26,PE5YAVXSBZL7
2025-06-GSAFAC-0000400248,KBJAXWVMDZQ6,2025,2026-03-26,M9N7P1MTKD23
2025-06-GSAFAC-0000400248,KBJAXWVMDZQ6,2025,2026-03-26,TYNGLMVMDVM3
2025-06-GSAFAC-0000400248,KBJAXWVMDZQ6,2025,2026-03-26,MLYKVSPJP5J3
2025-06-GSAFAC-0000400248,KBJAXWVMDZQ6,2025,2026-03-26,KNNTXJPJA239
2025-06-GSAFAC-0000400248,KBJAXWVMDZQ6,2025,2026-03-26,KJB9PZ3Y1NV4
2025-06-GSAFAC-0000400248,KBJAXWVMDZQ6,2025,2026-03-26,MAZENG7NSX98
2025-06-GSAFAC-0000400248,KBJAXWVMDZQ6,2025,2026-03-26,QM3VYAB1MES6
2025-06-GSAFAC-0000400248,KBJAXWVMDZQ6,2025,2026-03-26,JC92Y4FYH524
2025-06-GSAFAC-0000400248,KBJAXWVMDZQ6,2025,2026-03-26,S5CLRK6NJDF7
2025-06-GSAFAC-0000400248,KBJAXWVMDZQ6,2025,2026-03-26,EHMPD1RBBJJ9
2025-06-GSAFAC-0000400248,KBJAXWVMDZQ6,2025,2026-03-26,K2BJX632FDN9
2025-06-GSAFAC-0000400248,KBJAXWVMDZQ6,2025,2026-03-26,KSHBUKTGFMD5
2025-06-GSAFAC-0000400248,KBJAXWVMDZQ6,2025,2026-03-26,H7A1EHHKNPL7
2025-06-GSAFAC-0000400248,KBJAXWVMDZQ6,2025,2026-03-26,E6XCAJEZYL54
2025-06-GSAFAC-0000400248,KBJAXWVMDZQ6,2025,2026-03-26,JGY7K8MBSNM5
2025-06-GSAFAC-0000400248,KBJAXWVMDZQ6,2025,2026-03-26,KNUHYRCNLJC5
2025-06-GSAFAC-0000400248,KBJAXWVMDZQ6,2025,2026-03-26,GB14ELPA4N95
2025-06-GSAFAC-0000400248,KBJAXWVMDZQ6,2025,2026-03-26,H5ZUNDJT62V9
2025-06-GSAFAC-0000400248,KBJAXWVMDZQ6,2025,2026-03-26,EA5JN3P55GR1
2025-06-GSAFAC-0000400248,KBJAXWVMDZQ6,2025,2026-03-26,EA1BF9216DP3
2025-06-GSAFAC-0000400248,KBJAXWVMDZQ6,2025,2026-03-26,M4U9RN2CZGG3
2025-06-GSAFAC-0000400248,KBJAXWVMDZQ6,2025,2026-03-26,EPXKD97QJF45
2025-06-GSAFAC-0000400248,KBJAXWVMDZQ6,2025,2026-03-26,VL9URJZRD2W8
2025-06-GSAFAC-0000400248,KBJAXWVMDZQ6,2025,2026-03-26,VF4FF7MH7D53
2025-06-GSAFAC-0000400248,KBJAXWVMDZQ6,2025,2026-03-26,EXNDHLFLU986
2025-06-GSAFAC-0000400248,KBJAXWVMDZQ6,2025,2026-03-26,JFQWM3SGXYK8
2025-06-GSAFAC-0000400248,KBJAXWVMDZQ6,2025,2026-03-26,ML56NPH3NFF9
2025-06-GSAFAC-0000400248,KBJAXWVMDZQ6,2025,2026-03-26,RWKCVTBEDCX7
2025-06-GSAFAC-0000400248,KBJAXWVMDZQ6,2025,2026-03-26,QSL8Y5V7VMP9
2025-06-GSAFAC-0000400248,KBJAXWVMDZQ6,2025,2026-03-26,WMRHNQD93F33
2025-06-GSAFAC-0000400248,KBJAXWVMDZQ6,2025,2026-03-26,G7EFEVA4NL93
2025-06-GSAFAC-0000400248,KBJAXWVMDZQ6,2025,2026-03-26,ECGWABM44A46
2025-06-GSAFAC-0000400248,KBJAXWVMDZQ6,2025,2026-03-26,HGZNTZ97DA14
2025-06-GSAFAC-0000400248,KBJAXWVMDZQ6,2025,2026-03-26,V5LLVC627U34
2025-06-GSAFAC-0000400248,KBJAXWVMDZQ6,2025,2026-03-26,F7WBVJ8QLHV1
2025-06-GSAFAC-0000400248,KBJAXWVMDZQ6,2025,2026-03-26,NSP3K2HD2YL7
2025-06-GSAFAC-0000400248,KBJAXWVMDZQ6,2025,2026-03-26,VMWUDBTMF4C9
2025-06-GSAFAC-0000400248,KBJAXWVMDZQ6,2025,2026-03-26,EBTQKWWD8HJ4
2025-06-GSAFAC-0000400248,KBJAXWVMDZQ6,2025,2026-03-26,CEHKMDKZS293
2025-06-GSAFAC-0000400248,KBJAXWVMDZQ6,2025,2026-03-26,JL9YTWNLDM14
2025-06-GSAFAC-0000400248,KBJAXWVMDZQ6,2025,2026-03-26,EHVRJ6G8DAF5
2025-06-GSAFAC-0000400248,KBJAXWVMDZQ6,2025,2026-03-26,KF3UUJ1M69B9
2025-06-GSAFAC-0000400248,KBJAXWVMDZQ6,2025,2026-03-26,JBG7T7RXQ2B7
2025-06-GSAFAC-0000400248,KBJAXWVMDZQ6,2025,2026-03-26,G8M3K7JDLFZ1
2025-06-GSAFAC-0000400248,KBJAXWVMDZQ6,2025,2026-03-26,JK1HC6L71BR9
2025-06-GSAFAC-0000400248,KBJAXWVMDZQ6,2025,2026-03-26,FMAAKH5KGJS1
2025-06-GSAFAC-0000400248,KBJAXWVMDZQ6,2025,2026-03-26,R25BK2UQ8NJ6
2025-06-GSAFAC-0000400248,KBJAXWVMDZQ6,2025,2026-03-26,KY1ENDC2ZTU1
2025-06-GSAFAC-0000400248,KBJAXWVMDZQ6,2025,2026-03-26,EG9EL1B3ZDB9
2025-06-GSAFAC-0000400248,KBJAXWVMDZQ6,2025,2026-03-26,GXKMLVDE9EK8
2025-06-GSAFAC-0000400248,KBJAXWVMDZQ6,2025,2026-03-26,D43MB7JNLBJ1
2025-06-GSAFAC-0000400248,KBJAXWVMDZQ6,2025,2026-03-26,MTQLUQ46YF15
2025-06-GSAFAC-0000400248,KBJAXWVMDZQ6,2025,2026-03-26,GFHJCWDJDK47
2025-06-GSAFAC-0000400248,KBJAXWVMDZQ6,2025,2026-03-26,LA49GZM3BVP6
2025-06-GSAFAC-0000400248,KBJAXWVMDZQ6,2025,2026-03-26,SCLKP868KJA8
2025-06-GSAFAC-0000400248,KBJAXWVMDZQ6,2025,2026-03-26,C7DKEX2T54H3
2025-06-GSAFAC-0000400248,KBJAXWVMDZQ6,2025,2026-03-26,MJYEGHJDKA79
2025-06-GSAFAC-0000400248,KBJAXWVMDZQ6,2025,2026-03-26,WV1FVL7J2VM5
2025-06-GSAFAC-0000400248,KBJAXWVMDZQ6,2025,2026-03-26,HFN9FNZKKC65
2025-06-GSAFAC-0000400248,KBJAXWVMDZQ6,2025,2026-03-26,EMLME5AV4DD9
2025-06-GSAFAC-0000400248,KBJAXWVMDZQ6,2025,2026-03-26,WNALUSBA1AC4
2025-06-GSAFAC-0000400248,KBJAXWVMDZQ6,2025,2026-03-26,NLTERGT7X3T9
2025-06-GSAFAC-0000400248,KBJAXWVMDZQ6,2025,2026-03-26,RR7HWPN3HSM3
2025-06-GSAFAC-0000400248,KBJAXWVMDZQ6,2025,2026-03-26,LJ5MRMJC54D1
2025-06-GSAFAC-0000400248,KBJAXWVMDZQ6,2025,2026-03-26,WJU3BBBPH3W8
2025-06-GSAFAC-0000400248,KBJAXWVMDZQ6,2025,2026-03-26,N63ZMY7UETA3
2025-06-GSAFAC-0000400248,KBJAXWVMDZQ6,2025,2026-03-26,Y7YLDCUC2JM4
2025-06-GSAFAC-0000400248,KBJAXWVMDZQ6,2025,2026-03-26,KZNHNMDUTJA5
2025-06-GSAFAC-0000400248,KBJAXWVMDZQ6,2025,2026-03-26,F2VSMAKDH8Z7
2025-06-GSAFAC-0000400248,KBJAXWVMDZQ6,2025,2026-03-26,FN2YCS2YAUW3
2025-06-GSAFAC-0000400248,KBJAXWVMDZQ6,2025,2026-03-26,JNZFHMGJN7M3
2025-06-GSAFAC-0000400248,KBJAXWVMDZQ6,2025,2026-03-26,R7UDMNZJNFU5
2025-06-GSAFAC-0000400248,KBJAXWVMDZQ6,2025,2026-03-26,CCZSYM5RSG96
2025-06-GSAFAC-0000400248,KBJAXWVMDZQ6,2025,2026-03-26,D2G9A1EW16X6
2025-06-GSAFAC-0000400248,KBJAXWVMDZQ6,2025,2026-03-26,LXG4F9K8YZK5
2025-06-GSAFAC-0000400248,KBJAXWVMDZQ6,2025,2026-03-26,L54FLKJM2MN4
2025-06-GSAFAC-0000400248,KBJAXWVMDZQ6,2025,2026-03-26,VBVKFE7E5FJ9
2025-06-GSAFAC-0000400248,KBJAXWVMDZQ6,2025,2026-03-26,K9N2F8E39JH3
2025-06-GSAFAC-0000400248,KBJAXWVMDZQ6,2025,2026-03-26,NDZ1VCNNXMQ3
2025-06-GSAFAC-0000400248,KBJAXWVMDZQ6,2025,2026-03-26,YZSNRKS5G6X8
2025-06-GSAFAC-0000400248,KBJAXWVMDZQ6,2025,2026-03-26,U5XGJG7ZVLK3
2025-06-GSAFAC-0000400248,KBJAXWVMDZQ6,2025,2026-03-26,X1M1PN3KG3E7
2025-06-GSAFAC-0000400248,KBJAXWVMDZQ6,2025,2026-03-26,TVL9LAKNMKW6
2025-06-GSAFAC-0000400248,KBJAXWVMDZQ6,2025,2026-03-26,NBB1BJ7QCFG4
2025-06-GSAFAC-0000400248,KBJAXWVMDZQ6,2025,2026-03-26,KYKSZQ7DVK58
2025-06-GSAFAC-0000400248,KBJAXWVMDZQ6,2025,2026-03-26,LZDNQ7Q68LL5
2025-06-GSAFAC-0000400248,KBJAXWVMDZQ6,2025,2026-03-26,RL6LK7BHYE21
2025-06-GSAFAC-0000400248,KBJAXWVMDZQ6,2025,2026-03-26,L1M1ASTAGJ93
2025-09-GSAFAC-0000411013,U4TZHD1RNTC7,2025,2026-03-26,EUHQHSE5GCQ5
2025-09-GSAFAC-0000411013,U4TZHD1RNTC7,2025,2026-03-26,KKZ6CZML6VW6
2025-06-GSAFAC-0000410606,F8LNWE8JTWK5,2025,2026-03-26,H1D5TXDJ7T39
2025-06-GSAFAC-0000410606,F8LNWE8JTWK5,2025,2026-03-26,FJJLSUNJTCR3
2025-06-GSAFAC-0000410606,F8LNWE8JTWK5,2025,2026-03-26,CW6LY9KYNYZ9
2024-09-GSAFAC-0000410919,GC27EN7RG7K1,2024,2026-03-26,VMLLGK696EW7
2025-06-GSAFAC-0000403000,Z2QKFRGLGNL3,2025,2026-03-26,UBMNENVNWJM3
2025-06-GSAFAC-0000403000,Z2QKFRGLGNL3,2025,2026-03-26,UDDNE26Q4JH1
2025-06-GSAFAC-0000403000,Z2QKFRGLGNL3,2025,2026-03-26,D4S2U6DDCVK1
2025-06-GSAFAC-0000403000,Z2QKFRGLGNL3,2025,2026-03-26,DV3PJ2NRLKC5
2025-06-GSAFAC-0000403000,Z2QKFRGLGNL3,2025,2026-03-26,GBNGC495XA67
2025-09-GSAFAC-0000411139,NZ2AV5NFSEE9,2025,2026-03-26,MXL3S465KDB5
2025-09-GSAFAC-0000411139,NZ2AV5NFSEE9,2025,2026-03-26,V5AGXV9K8JM8
2025-06-GSAFAC-0000403196,PHM7QMAK51R4,2025,2026-03-26,DMD1RKCJSKR8
2025-06-GSAFAC-0000403196,PHM7QMAK51R4,2025,2026-03-26,XP8RW1SAHMD5
2025-06-GSAFAC-0000403196,PHM7QMAK51R4,2025,2026-03-26,L3NCUA5H7WU8
2025-06-GSAFAC-0000403196,PHM7QMAK51R4,2025,2026-03-26,CF4SAA9P3368
2025-06-GSAFAC-0000403196,PHM7QMAK51R4,2025,2026-03-26,P7FNSKBT1599
2025-06-GSAFAC-0000403196,PHM7QMAK51R4,2025,2026-03-26,CJMSFF6JS3N1
2025-06-GSAFAC-0000403196,PHM7QMAK51R4,2025,2026-03-26,VDMKWZ9AAQR3
2025-06-GSAFAC-0000403196,PHM7QMAK51R4,2025,2026-03-26,EKMMXUZJAFU3
2025-06-GSAFAC-0000403196,PHM7QMAK51R4,2025,2026-03-26,CJ49BYLV99U7
2025-06-GSAFAC-0000403196,PHM7QMAK51R4,2025,2026-03-26,NQLFGJ8JG6N1
2025-06-GSAFAC-0000403196,PHM7QMAK51R4,2025,2026-03-26,K8MWUV7D8HZ4
2025-06-GSAFAC-0000403196,PHM7QMAK51R4,2025,2026-03-26,QRL2Y7D3H9Q6
2025-06-GSAFAC-0000403196,PHM7QMAK51R4,2025,2026-03-26,H1K9YBWEPE75
2025-06-GSAFAC-0000403196,PHM7QMAK51R4,2025,2026-03-26,DZN3UNCQN5G5
2025-06-GSAFAC-0000403196,PHM7QMAK51R4,2025,2026-03-26,EDKMNJRQZAK5
2025-06-GSAFAC-0000403196,PHM7QMAK51R4,2025,2026-03-26,GL11CMUK9937
2025-06-GSAFAC-0000403196,PHM7QMAK51R4,2025,2026-03-26,CLN8VY9APLQ5
2025-06-GSAFAC-0000403196,PHM7QMAK51R4,2025,2026-03-26,ERAMRH53K2Y7
2025-06-GSAFAC-0000403196,PHM7QMAK51R4,2025,2026-03-26,FTUMN5FWKMK4
2025-06-GSAFAC-0000403196,PHM7QMAK51R4,2025,2026-03-26,GLPQDNFRKQ36
2025-06-GSAFAC-0000403196,PHM7QMAK51R4,2025,2026-03-26,NA6TRM6NVA11
2025-06-GSAFAC-0000403196,PHM7QMAK51R4,2025,2026-03-26,VH65Q2NSMHE6
2025-06-GSAFAC-0000403196,PHM7QMAK51R4,2025,2026-03-26,J31HQ7F4MBG5
2025-06-GSAFAC-0000403196,PHM7QMAK51R4,2025,2026-03-26,K1PKP3JWWQJ4
2025-06-GSAFAC-0000403196,PHM7QMAK51R4,2025,2026-03-26,GKMBP4RMTNM5
2025-06-GSAFAC-0000403196,PHM7QMAK51R4,2025,2026-03-26,V366Q427MDQ6
2025-06-GSAFAC-0000403196,PHM7QMAK51R4,2025,2026-03-26,X13GNMU4JZC5
2025-06-GSAFAC-0000403196,PHM7QMAK51R4,2025,2026-03-26,HSJPJD8GUQM4
2025-06-GSAFAC-0000403196,PHM7QMAK51R4,2025,2026-03-26,HZJEJR2ENJK4
2025-06-GSAFAC-0000403196,PHM7QMAK51R4,2025,2026-03-26,FD1FKDY4GY25
2025-06-GSAFAC-0000403196,PHM7QMAK51R4,2025,2026-03-26,QS2BHSJ88G46
2025-06-GSAFAC-0000403196,PHM7QMAK51R4,2025,2026-03-26,KMU9DKLAKA33
2025-06-GSAFAC-0000403196,PHM7QMAK51R4,2025,2026-03-26,RB26D41EWY11
2025-06-GSAFAC-0000403196,PHM7QMAK51R4,2025,2026-03-26,RKBVM1DEMS69
2025-06-GSAFAC-0000403196,PHM7QMAK51R4,2025,2026-03-26,CBD4TX1Y41D5
2025-06-GSAFAC-0000403196,PHM7QMAK51R4,2025,2026-03-26,KUWTL6WJDNB3
2025-06-GSAFAC-0000403196,PHM7QMAK51R4,2025,2026-03-26,RYD4EJJGKCA9
2025-06-GSAFAC-0000403196,PHM7QMAK51R4,2025,2026-03-26,HFRCKLH34V17
2025-06-GSAFAC-0000403196,PHM7QMAK51R4,2025,2026-03-26,JYNBX28LBMJ9
2025-06-GSAFAC-0000403196,PHM7QMAK51R4,2025,2026-03-26,LDDJZ64XZEF3
2025-06-GSAFAC-0000403196,PHM7QMAK51R4,2025,2026-03-26,XBTERLJBEBL8
2025-06-GSAFAC-0000403196,PHM7QMAK51R4,2025,2026-03-26,RFJLRGVVWKE5
2025-06-GSAFAC-0000403196,PHM7QMAK51R4,2025,2026-03-26,WJ2HU7VYJ2P9
2025-06-GSAFAC-0000403196,PHM7QMAK51R4,2025,2026-03-26,KLLEAZFXVF11
2025-06-GSAFAC-0000403196,PHM7QMAK51R4,2025,2026-03-26,MB9NNTEEAES1
2025-06-GSAFAC-0000399127,YT6XTK6YAMC1,2025,2026-03-26,VYWFJQME15X6
2025-06-GSAFAC-0000399127,YT6XTK6YAMC1,2025,2026-03-26,GLDFSXQ1GN33
2026-01-GSAFAC-0000409485,GTJHZE4M7YK1,2025,2026-03-26,S2FZYPC4M8Q6
2026-01-GSAFAC-0000409485,GTJHZE4M7YK1,2025,2026-03-26,EHJMHZJHDCY1
2026-01-GSAFAC-0000409485,GTJHZE4M7YK1,2025,2026-03-26,TEX6F9QGTD17
2026-01-GSAFAC-0000409485,GTJHZE4M7YK1,2025,2026-03-26,EU46TYWAYME5
2026-01-GSAFAC-0000409485,GTJHZE4M7YK1,2025,2026-03-26,KN6QVKDT9PK9
2026-01-GSAFAC-0000409485,GTJHZE4M7YK1,2025,2026-03-26,SFDFYNV3EFD3
2026-01-GSAFAC-0000409485,GTJHZE4M7YK1,2025,2026-03-26,W9FNM3XZ6FR9
2026-01-GSAFAC-0000409485,GTJHZE4M7YK1,2025,2026-03-26,EHJMHZJHDCY1
2025-06-GSAFAC-0000407129,JHKKHVC7EPL3,2025,2026-03-26,DMLZJTD7WJ94
2025-06-GSAFAC-0000407129,JHKKHVC7EPL3,2025,2026-03-26,LNTCK2QJAA64
2025-06-GSAFAC-0000407129,JHKKHVC7EPL3,2025,2026-03-26,PB3AJE5ZEJ59
2025-06-GSAFAC-0000407129,JHKKHVC7EPL3,2025,2026-03-26,DUZ9GRLC5V18
2025-06-GSAFAC-0000407129,JHKKHVC7EPL3,2025,2026-03-26,DAJVFC925H16
2025-06-GSAFAC-0000407129,JHKKHVC7EPL3,2025,2026-03-26,CZLNU8FDYB55
2025-06-GSAFAC-0000411802,Q59JLY2G2KT3,2025,2026-03-26,GKJNBE9EADP2
2025-06-GSAFAC-0000409828,W3ARDFLUVZR3,2025,2026-03-26,HL3RWR6CUR26
2025-06-GSAFAC-0000409828,W3ARDFLUVZR3,2025,2026-03-26,CMZBXP6SL7G7
2025-06-GSAFAC-0000409828,W3ARDFLUVZR3,2025,2026-03-26,G1DDLK6DL1S3
2025-06-GSAFAC-0000409828,W3ARDFLUVZR3,2025,2026-03-26,NM1DCB8748M5
2025-06-GSAFAC-0000409828,W3ARDFLUVZR3,2025,2026-03-26,KCSJX7KP9CF7
2025-06-GSAFAC-0000409828,W3ARDFLUVZR3,2025,2026-03-26,YTL2KBNQ9JV7
2025-06-GSAFAC-0000409828,W3ARDFLUVZR3,2025,2026-03-26,KF32K54P7R73
2025-06-GSAFAC-0000409828,W3ARDFLUVZR3,2025,2026-03-26,TFQVKH1E8Y41
2025-06-GSAFAC-0000409828,W3ARDFLUVZR3,2025,2026-03-26,DKT3LLBWFVL3
2025-06-GSAFAC-0000409828,W3ARDFLUVZR3,2025,2026-03-26,JZW4PGB4KQ39
2025-06-GSAFAC-0000409828,W3ARDFLUVZR3,2025,2026-03-26,XYH3P4LQQLB3
2025-06-GSAFAC-0000409828,W3ARDFLUVZR3,2025,2026-03-26,ERAWL7MPEJJ4
2025-06-GSAFAC-0000409828,W3ARDFLUVZR3,2025,2026-03-26,JGKKE64MSMT6
2025-06-GSAFAC-0000409828,W3ARDFLUVZR3,2025,2026-03-26,QCPWG3LLPY96
2025-06-GSAFAC-0000409828,W3ARDFLUVZR3,2025,2026-03-26,MFEHMF7KVJF5
2025-06-GSAFAC-0000409828,W3ARDFLUVZR3,2025,2026-03-26,NJSEDA16EXR3
2025-06-GSAFAC-0000409828,W3ARDFLUVZR3,2025,2026-03-26,UDLHCUUWF3J8
2025-06-GSAFAC-0000409828,W3ARDFLUVZR3,2025,2026-03-26,RNXKA8576E47
2025-06-GSAFAC-0000409828,W3ARDFLUVZR3,2025,2026-03-26,XSN8A4TT1DY5
2025-06-GSAFAC-0000409828,W3ARDFLUVZR3,2025,2026-03-26,G1JMJFUN5HG5
2025-06-GSAFAC-0000409828,W3ARDFLUVZR3,2025,2026-03-26,QLXXU1SV4MM8
2025-06-GSAFAC-0000409828,W3ARDFLUVZR3,2025,2026-03-26,ZJMRHYXYLBT7
2025-06-GSAFAC-0000409828,W3ARDFLUVZR3,2025,2026-03-26,K7LTCE5NV539
2025-06-GSAFAC-0000409828,W3ARDFLUVZR3,2025,2026-03-26,EC17KLF5L6A5
2025-06-GSAFAC-0000409828,W3ARDFLUVZR3,2025,2026-03-26,N24UWJPXV9J3
2025-06-GSAFAC-0000409828,W3ARDFLUVZR3,2025,2026-03-26,PTURMSBBGZC6
2025-06-GSAFAC-0000409828,W3ARDFLUVZR3,2025,2026-03-26,LD6DF1BSZMG6
2025-06-GSAFAC-0000409828,W3ARDFLUVZR3,2025,2026-03-26,J68MDA8ZN3Q9
2025-06-GSAFAC-0000409828,W3ARDFLUVZR3,2025,2026-03-26,VBB1N9966XL8
2025-06-GSAFAC-0000409828,W3ARDFLUVZR3,2025,2026-03-26,RMZEJNV5WBA3
2025-06-GSAFAC-0000409828,W3ARDFLUVZR3,2025,2026-03-26,W4X1WNMXCFN3
2025-06-GSAFAC-0000409828,W3ARDFLUVZR3,2025,2026-03-26,LRULTR8KNH73
2025-06-GSAFAC-0000409828,W3ARDFLUVZR3,2025,2026-03-26,KJANAEVTZV83
2025-06-GSAFAC-0000409828,W3ARDFLUVZR3,2025,2026-03-26,KDKHPD1U6YG8
2025-06-GSAFAC-0000409828,W3ARDFLUVZR3,2025,2026-03-26,RK37SNQZWX31
2025-06-GSAFAC-0000409828,W3ARDFLUVZR3,2025,2026-03-26,U7S3BLF5AYH3
2025-06-GSAFAC-0000409828,W3ARDFLUVZR3,2025,2026-03-26,JG8JXHNVQD65
2025-06-GSAFAC-0000409828,W3ARDFLUVZR3,2025,2026-03-26,GEMGAFFGPTJ5
2025-06-GSAFAC-0000409828,W3ARDFLUVZR3,2025,2026-03-26,JAH4LBH521S3
2025-06-GSAFAC-0000409828,W3ARDFLUVZR3,2025,2026-03-26,ZZDKSFAMKFT1
2025-06-GSAFAC-0000409828,W3ARDFLUVZR3,2025,2026-03-26,YX51FKECK2A5
2025-06-GSAFAC-0000409828,W3ARDFLUVZR3,2025,2026-03-26,YU1MXXJJFH28
2025-06-GSAFAC-0000409828,W3ARDFLUVZR3,2025,2026-03-26,FTEDMFJVYVC6
2025-06-GSAFAC-0000409828,W3ARDFLUVZR3,2025,2026-03-26,JM77MBHM6LA4
2025-06-GSAFAC-0000409828,W3ARDFLUVZR3,2025,2026-03-26,HU25MUVYE8M4
2025-06-GSAFAC-0000409828,W3ARDFLUVZR3,2025,2026-03-26,TME1ADLUMMD8
2025-06-GSAFAC-0000409828,W3ARDFLUVZR3,2025,2026-03-26,GN64T4YKFNQ8
2025-06-GSAFAC-0000409828,W3ARDFLUVZR3,2025,2026-03-26,JFSWCMGNVWN7
2025-06-GSAFAC-0000409828,W3ARDFLUVZR3,2025,2026-03-26,MMF3TM7NUM53
2025-06-GSAFAC-0000409828,W3ARDFLUVZR3,2025,2026-03-26,YE9QQ3SC5HP8
2025-06-GSAFAC-0000409828,W3ARDFLUVZR3,2025,2026-03-26,MPMMXVWDMJJ8
2025-06-GSAFAC-0000409828,W3ARDFLUVZR3,2025,2026-03-26,W3V9HA6RBDK1
2025-06-GSAFAC-0000409828,W3ARDFLUVZR3,2025,2026-03-26,F6GULVFKKQA6
2025-06-GSAFAC-0000409828,W3ARDFLUVZR3,2025,2026-03-26,LU3XLNSL6G45
2025-06-GSAFAC-0000409828,W3ARDFLUVZR3,2025,2026-03-26,KA22ZJXAVX44
2025-06-GSAFAC-0000409828,W3ARDFLUVZR3,2025,2026-03-26,J4JMLWYZVYN3
2025-06-GSAFAC-0000409828,W3ARDFLUVZR3,2025,2026-03-26,F5AHM9CPPZA4
2025-06-GSAFAC-0000409828,W3ARDFLUVZR3,2025,2026-03-26,DBYPD9JMBNJ6
2025-06-GSAFAC-0000409828,W3ARDFLUVZR3,2025,2026-03-26,LW15SYK8G5J7
2025-06-GSAFAC-0000409828,W3ARDFLUVZR3,2025,2026-03-26,FAL8S6BX2ML9
2025-06-GSAFAC-0000409828,W3ARDFLUVZR3,2025,2026-03-26,T715LFLH2JX1
2025-06-GSAFAC-0000409828,W3ARDFLUVZR3,2025,2026-03-26,PYBMGT33H4X9
2025-06-GSAFAC-0000409828,W3ARDFLUVZR3,2025,2026-03-26,ZXKZB5M4WND4
2025-06-GSAFAC-0000409828,W3ARDFLUVZR3,2025,2026-03-26,CL49KKJ9EV71
2025-06-GSAFAC-0000409828,W3ARDFLUVZR3,2025,2026-03-26,KDBAPWVMKQ11
2025-06-GSAFAC-0000409828,W3ARDFLUVZR3,2025,2026-03-26,TJYRME9XBWB7
2025-06-GSAFAC-0000409828,W3ARDFLUVZR3,2025,2026-03-26,D4DRLQFD94N4
2025-06-GSAFAC-0000409828,W3ARDFLUVZR3,2025,2026-03-26,QZCPCUMNMBX5
2025-06-GSAFAC-0000409828,W3ARDFLUVZR3,2025,2026-03-26,GJNYK3L658Y5
2025-06-GSAFAC-0000409828,W3ARDFLUVZR3,2025,2026-03-26,K2NWTFLNTSN7
2025-06-GSAFAC-0000409828,W3ARDFLUVZR3,2025,2026-03-26,VJ1NR5RMB417
2025-06-GSAFAC-0000409828,W3ARDFLUVZR3,2025,2026-03-26,CVQQC2QSKGY6
2025-06-GSAFAC-0000409828,W3ARDFLUVZR3,2025,2026-03-26,F6KNL22BYBC5
2025-06-GSAFAC-0000409828,W3ARDFLUVZR3,2025,2026-03-26,Z82NVE49NDE1
2025-06-GSAFAC-0000409828,W3ARDFLUVZR3,2025,2026-03-26,LT8KUDN9JE37
2025-06-GSAFAC-0000409828,W3ARDFLUVZR3,2025,2026-03-26,NVH5F12WTMJ9
2025-06-GSAFAC-0000409828,W3ARDFLUVZR3,2025,2026-03-26,KKEQFZ6XL6L9
2025-06-GSAFAC-0000409828,W3ARDFLUVZR3,2025,2026-03-26,MFFLZY5TVJM1
2025-06-GSAFAC-0000409828,W3ARDFLUVZR3,2025,2026-03-26,HQFXKP7VKDL3
2025-06-GSAFAC-0000409828,W3ARDFLUVZR3,2025,2026-03-26,J5GHHBFJTAN1
2025-06-GSAFAC-0000409828,W3ARDFLUVZR3,2025,2026-03-26,KZCXMV2EZM62
2025-06-GSAFAC-0000409828,W3ARDFLUVZR3,2025,2026-03-26,UJ2UZBMM6815
2025-06-GSAFAC-0000409828,W3ARDFLUVZR3,2025,2026-03-26,DANXFKGKFD48
2025-06-GSAFAC-0000409828,W3ARDFLUVZR3,2025,2026-03-26,F1NAKY5L1425
2025-06-GSAFAC-0000409828,W3ARDFLUVZR3,2025,2026-03-26,HWPEKM8VFTJ9
2025-06-GSAFAC-0000409828,W3ARDFLUVZR3,2025,2026-03-26,K2QMZUVDPKW1
2025-06-GSAFAC-0000409828,W3ARDFLUVZR3,2025,2026-03-26,XTD7KKHEJFL1
2025-06-GSAFAC-0000409828,W3ARDFLUVZR3,2025,2026-03-26,SKH5GMBR9GL3
2025-06-GSAFAC-0000409828,W3ARDFLUVZR3,2025,2026-03-26,L1DXXP1KGP77
2025-06-GSAFAC-0000409828,W3ARDFLUVZR3,2025,2026-03-26,U3NVH931QJJ3
2025-06-GSAFAC-0000409828,W3ARDFLUVZR3,2025,2026-03-26,LX38ZHATFGN5
2025-06-GSAFAC-0000409828,W3ARDFLUVZR3,2025,2026-03-26,D3LHU66KBLD5
2025-06-GSAFAC-0000409828,W3ARDFLUVZR3,2025,2026-03-26,JB33DT84JNA5
2025-06-GSAFAC-0000409828,W3ARDFLUVZR3,2025,2026-03-26,C13DF16LC3H4
2025-06-GSAFAC-0000409828,W3ARDFLUVZR3,2025,2026-03-26,KMDFQGPWPK85
2025-06-GSAFAC-0000409828,W3ARDFLUVZR3,2025,2026-03-26,L1GPHS96MUE1
2025-06-GSAFAC-0000409828,W3ARDFLUVZR3,2025,2026-03-26,VL5KBYKMP1G9
2025-06-GSAFAC-0000409828,W3ARDFLUVZR3,2025,2026-03-26,NEYCH3CVBTR6
2025-06-GSAFAC-0000409828,W3ARDFLUVZR3,2025,2026-03-26,LLFAXDBMYCB5
2025-06-GSAFAC-0000409828,W3ARDFLUVZR3,2025,2026-03-26,K54FKGWN2EN5
2025-06-GSAFAC-0000409828,W3ARDFLUVZR3,2025,2026-03-26,F4PKZKYH3QS2
2025-06-GSAFAC-0000409828,W3ARDFLUVZR3,2025,2026-03-26,CWRFQH1KJCA9
2025-06-GSAFAC-0000405376,PX4PFMU2F3X6,2025,2026-03-26,Y86TFKDVR8A6
2025-06-GSAFAC-0000405376,PX4PFMU2F3X6,2025,2026-03-26,QM7RG27XX184
2025-06-GSAFAC-0000405376,PX4PFMU2F3X6,2025,2026-03-26,LKG7ULC8A466
2025-06-GSAFAC-0000405376,PX4PFMU2F3X6,2025,2026-03-26,LG73YWKLU2E7
2025-06-GSAFAC-0000405376,PX4PFMU2F3X6,2025,2026-03-26,L3E6H4YENH35
2025-06-GSAFAC-0000398904,DK5SDEYN9C43,2025,2026-03-26,NVBKMXTQ1P35
2025-06-GSAFAC-0000409337,EW7CR9MZZ9M5,2025,2026-03-26,ZRXCMNNSUEJ1
2025-06-GSAFAC-0000409337,EW7CR9MZZ9M5,2025,2026-03-26,QQTGL8GLQKW6
2025-06-GSAFAC-0000409337,EW7CR9MZZ9M5,2025,2026-03-26,MYREWLVR75F7
2025-06-GSAFAC-0000409337,EW7CR9MZZ9M5,2025,2026-03-26,YN29ZPTJ3QK8
2025-06-GSAFAC-0000409337,EW7CR9MZZ9M5,2025,2026-03-26,YVCBUGKDEUF7
2025-06-GSAFAC-0000409337,EW7CR9MZZ9M5,2025,2026-03-26,FPKZJD17G9Y3
2025-06-GSAFAC-0000409337,EW7CR9MZZ9M5,2025,2026-03-26,PBLSTCFHNM76
2025-06-GSAFAC-0000409337,EW7CR9MZZ9M5,2025,2026-03-26,WT4DW46STJ35
2025-06-GSAFAC-0000409337,EW7CR9MZZ9M5,2025,2026-03-26,WCG9G7LWYLR9
2025-06-GSAFAC-0000409337,EW7CR9MZZ9M5,2025,2026-03-26,F4LGDJEVBFK4
2025-06-GSAFAC-0000409337,EW7CR9MZZ9M5,2025,2026-03-26,DEP8HN43J238
2025-06-GSAFAC-0000409337,EW7CR9MZZ9M5,2025,2026-03-26,NL4ZWF6VEJT8
2025-06-GSAFAC-0000409337,EW7CR9MZZ9M5,2025,2026-03-26,W495UF8CWPQ5
2025-06-GSAFAC-0000409337,EW7CR9MZZ9M5,2025,2026-03-26,JJ4DTG62BLD6
2025-06-GSAFAC-0000409337,EW7CR9MZZ9M5,2025,2026-03-26,MR71EAYU2XA3
2025-06-GSAFAC-0000409337,EW7CR9MZZ9M5,2025,2026-03-26,WBR5V7KX9SL3
2025-06-GSAFAC-0000409337,EW7CR9MZZ9M5,2025,2026-03-26,LV4QJ9N1F6U9
2025-06-GSAFAC-0000409337,EW7CR9MZZ9M5,2025,2026-03-26,LVC3JRTHLB83
2025-06-GSAFAC-0000409337,EW7CR9MZZ9M5,2025,2026-03-26,RNA2HUB4ZBK4
2025-06-GSAFAC-0000409337,EW7CR9MZZ9M5,2025,2026-03-26,TYUJZWJ8N568
2025-06-GSAFAC-0000409337,EW7CR9MZZ9M5,2025,2026-03-26,FBTMNKK3L545
2025-06-GSAFAC-0000409337,EW7CR9MZZ9M5,2025,2026-03-26,JALTQ7LUEHN3
2025-06-GSAFAC-0000409337,EW7CR9MZZ9M5,2025,2026-03-26,YSYKKWCZCCL8
2025-06-GSAFAC-0000409337,EW7CR9MZZ9M5,2025,2026-03-26,Z2CPQ953WYC6
2025-06-GSAFAC-0000409337,EW7CR9MZZ9M5,2025,2026-03-26,Y7FHHB9NPAB8
2025-06-GSAFAC-0000409337,EW7CR9MZZ9M5,2025,2026-03-26,X7FHHB9NPAB8
2025-06-GSAFAC-0000410332,U4TDZNAM8PA6,2025,2026-03-26,KS8EJ6WMWR45
2025-06-GSAFAC-0000410332,U4TDZNAM8PA6,2025,2026-03-26,SNUHEBYQ5S89
2025-06-GSAFAC-0000409817,FMXSY2JJ1H13,2025,2026-03-26,EHAXS315F3L5
2025-06-GSAFAC-0000407077,ZUFJEU4NMK52,2025,2026-03-26,HWK9GECMCWE5
2025-06-GSAFAC-0000407077,ZUFJEU4NMK52,2025,2026-03-26,NQ1FPAA8XSQ9
2025-06-GSAFAC-0000407077,ZUFJEU4NMK52,2025,2026-03-26,YYZBXVF3KJ55
2025-06-GSAFAC-0000407077,ZUFJEU4NMK52,2025,2026-03-26,YYZBXVF3JK55
2025-06-GSAFAC-0000407077,ZUFJEU4NMK52,2025,2026-03-26,NGMZTEWW6G49
2025-06-GSAFAC-0000407077,ZUFJEU4NMK52,2025,2026-03-26,D7AUFXGMW6H3
2025-06-GSAFAC-0000407077,ZUFJEU4NMK52,2025,2026-03-26,H9ZXYTVXKBE7
2025-06-GSAFAC-0000407077,ZUFJEU4NMK52,2025,2026-03-26,FAABAXF9D9E3
2025-06-GSAFAC-0000407077,ZUFJEU4NMK52,2025,2026-03-26,RAE6J9MCNKH5
2025-06-GSAFAC-0000407077,ZUFJEU4NMK52,2025,2026-03-26,SMUBL99CK218
2025-06-GSAFAC-0000407077,ZUFJEU4NMK52,2025,2026-03-26,VAKSGF6BA5J1
2025-06-GSAFAC-0000407077,ZUFJEU4NMK52,2025,2026-03-26,GJEPWTMKF5A3
2025-06-GSAFAC-0000407077,ZUFJEU4NMK52,2025,2026-03-26,KF1PLGNW85K3
2025-06-GSAFAC-0000407077,ZUFJEU4NMK52,2025,2026-03-26,ZK7LLWZTMPE2
2025-06-GSAFAC-0000407077,ZUFJEU4NMK52,2025,2026-03-26,TTNBFK7CDK83
2025-06-GSAFAC-0000407077,ZUFJEU4NMK52,2025,2026-03-26,KQWCK42PT545
2025-06-GSAFAC-0000407077,ZUFJEU4NMK52,2025,2026-03-26,V7QHVF712SB3
2025-06-GSAFAC-0000407077,ZUFJEU4NMK52,2025,2026-03-26,N3QJEHVL7N91
2025-06-GSAFAC-0000407077,ZUFJEU4NMK52,2025,2026-03-26,XDJMJL19GHU3
2025-06-GSAFAC-0000407077,ZUFJEU4NMK52,2025,2026-03-26,MP59EXMVEMJ7
2025-06-GSAFAC-0000407077,ZUFJEU4NMK52,2025,2026-03-26,QWNRL7NH2LN7
2025-06-GSAFAC-0000407077,ZUFJEU4NMK52,2025,2026-03-26,H898UDKRG4N5
2025-06-GSAFAC-0000407077,ZUFJEU4NMK52,2025,2026-03-26,EUPZG1KE87J9
2025-06-GSAFAC-0000407077,ZUFJEU4NMK52,2025,2026-03-26,DF52UQWQLW85
2025-06-GSAFAC-0000407077,ZUFJEU4NMK52,2025,2026-03-26,X7BNZNBUF9N5
2025-06-GSAFAC-0000407077,ZUFJEU4NMK52,2025,2026-03-26,E2E7F7B2A3P8
2025-06-GSAFAC-0000407077,ZUFJEU4NMK52,2025,2026-03-26,UCSMYF2XN9F7
2025-06-GSAFAC-0000407156,PKK5TD16N4H1,2025,2026-03-26,RN64EPNH8JC6
2025-06-GSAFAC-0000407156,PKK5TD16N4H1,2025,2026-03-26,KMH5K9V7S518
2025-06-GSAFAC-0000407156,PKK5TD16N4H1,2025,2026-03-26,QJ8HMDK7MRM3
2025-06-GSAFAC-0000407156,PKK5TD16N4H1,2025,2026-03-26,UYTTZT6G9DT1
2025-06-GSAFAC-0000407156,PKK5TD16N4H1,2025,2026-03-26,G9QBQDH39DF4
2025-06-GSAFAC-0000407156,PKK5TD16N4H1,2025,2026-03-26,VXUFPE4MCZH5
2025-06-GSAFAC-0000407156,PKK5TD16N4H1,2025,2026-03-26,MJC5FCYQTPE6
2025-06-GSAFAC-0000407156,PKK5TD16N4H1,2025,2026-03-26,MR5QC5FCAVH5
2025-06-GSAFAC-0000407156,PKK5TD16N4H1,2025,2026-03-26,FFM7VPAG8P92
2025-06-GSAFAC-0000407156,PKK5TD16N4H1,2025,2026-03-26,GS3YEVSS12N6
2025-06-GSAFAC-0000407156,PKK5TD16N4H1,2025,2026-03-26,TX2DAGQPENZ5
2025-06-GSAFAC-0000411130,T6BKTJUZVV29,2025,2026-03-27,Y4JBA72LW8J3
2025-06-GSAFAC-0000411130,T6BKTJUZVV29,2025,2026-03-27,D1C7JAKEJNK3
2025-06-GSAFAC-0000411130,T6BKTJUZVV29,2025,2026-03-27,Q9ZYG5FHJ6A6
2025-06-GSAFAC-0000411130,T6BKTJUZVV29,2025,2026-03-27,R7KUQYELEC55
2025-06-GSAFAC-0000411130,T6BKTJUZVV29,2025,2026-03-27,PHBJL3JU5G61
2025-06-GSAFAC-0000411130,T6BKTJUZVV29,2025,2026-03-27,FN24GED188N1
2025-06-GSAFAC-0000393619,G75LLL3XCKV4,2025,2026-03-27,Q8APBK5V2QA6
2025-09-GSAFAC-0000410118,LF2UCH3R6SW3,2025,2026-03-27,KH74LDD1HJN7
2025-06-GSAFAC-0000401668,DMDEQP66JL85,2025,2026-03-27,R7VKMAJ32JD3
2025-06-GSAFAC-0000401668,DMDEQP66JL85,2025,2026-03-27,CQZJLF6Y8M73
2025-06-GSAFAC-0000409762,K6K2A2MMHKQ8,2025,2026-03-27,X6LTHMCFLNR8
2025-06-GSAFAC-0000407125,ZK45GWUKWMH2,2025,2026-03-27,RELYVC7ESC86
2025-06-GSAFAC-0000407125,ZK45GWUKWMH2,2025,2026-03-27,SMVXZK8ZKD68
2025-06-GSAFAC-0000407125,ZK45GWUKWMH2,2025,2026-03-27,KGC1XEDLEVH3
2025-06-GSAFAC-0000407125,ZK45GWUKWMH2,2025,2026-03-27,N6CAY8HL3NY3
2025-06-GSAFAC-0000407125,ZK45GWUKWMH2,2025,2026-03-27,M9BXHNBTH315
2025-06-GSAFAC-0000407125,ZK45GWUKWMH2,2025,2026-03-27,FXMSCMPZEPY4
2025-06-GSAFAC-0000407125,ZK45GWUKWMH2,2025,2026-03-27,UPVLXN4NFBE8
2025-06-GSAFAC-0000407125,ZK45GWUKWMH2,2025,2026-03-27,NMXXRRBJM7R1
2025-06-GSAFAC-0000407125,ZK45GWUKWMH2,2025,2026-03-27,FUZ9PX5SFRH8
2025-06-GSAFAC-0000407125,ZK45GWUKWMH2,2025,2026-03-27,TFLFDLQZRF94
2025-06-GSAFAC-0000407125,ZK45GWUKWMH2,2025,2026-03-27,G9YAAZ7TZS83
2025-06-GSAFAC-0000404909,XXVLZEYU3MN5,2025,2026-03-27,G4HMR518PKL5
2025-06-GSAFAC-0000406630,MBU6HCLNZ431,2025,2026-03-27,SN7KD2UK7GC5
2025-06-GSAFAC-0000411427,NC8UMSACCLN5,2025,2026-03-27,YGVLQQ23J2Z1
2025-06-GSAFAC-0000411427,NC8UMSACCLN5,2025,2026-03-27,DFRSGEGKD6M6
2025-06-GSAFAC-0000411427,NC8UMSACCLN5,2025,2026-03-27,HPUJNXL7FH81
2025-06-GSAFAC-0000411427,NC8UMSACCLN5,2025,2026-03-27,GKQPH6J32LN7
2025-06-GSAFAC-0000411427,NC8UMSACCLN5,2025,2026-03-27,XJBQBX4U62A7
2025-06-GSAFAC-0000411427,NC8UMSACCLN5,2025,2026-03-27,JTGHESYB8QF7
2025-06-GSAFAC-0000411427,NC8UMSACCLN5,2025,2026-03-27,DUX6LETM8MN1
2025-06-GSAFAC-0000411427,NC8UMSACCLN5,2025,2026-03-27,XKX7M2G43ZK5
2025-06-GSAFAC-0000411427,NC8UMSACCLN5,2025,2026-03-27,TL9NCVARNPP9
2025-06-GSAFAC-0000411427,NC8UMSACCLN5,2025,2026-03-27,H952BUAS7CU3
2025-06-GSAFAC-0000411427,NC8UMSACCLN5,2025,2026-03-27,PNANGNXC8LA8
2025-06-GSAFAC-0000411427,NC8UMSACCLN5,2025,2026-03-27,J1KWEKZKCBU9
2025-06-GSAFAC-0000411427,NC8UMSACCLN5,2025,2026-03-27,WQS3X27H9991
2025-06-GSAFAC-0000411427,NC8UMSACCLN5,2025,2026-03-27,PDLPZCLT3L83
2025-06-GSAFAC-0000411427,NC8UMSACCLN5,2025,2026-03-27,W8RQAEDNUMX7
2025-06-GSAFAC-0000411427,NC8UMSACCLN5,2025,2026-03-27,R65MGCUJD9Q5
2025-06-GSAFAC-0000411427,NC8UMSACCLN5,2025,2026-03-27,KYNPCAFAQLL7
2025-06-GSAFAC-0000411427,NC8UMSACCLN5,2025,2026-03-27,VBNTCUKT3YT1
2025-06-GSAFAC-0000411427,NC8UMSACCLN5,2025,2026-03-27,EJKUX9DWQK65
2025-06-GSAFAC-0000411427,NC8UMSACCLN5,2025,2026-03-27,SKKUMUB33DG9
2025-06-GSAFAC-0000411427,NC8UMSACCLN5,2025,2026-03-27,GALANN94TV68
2025-06-GSAFAC-0000411427,NC8UMSACCLN5,2025,2026-03-27,L922GZ3VLV69
2025-06-GSAFAC-0000411427,NC8UMSACCLN5,2025,2026-03-27,EGNALABKQUF4
2025-06-GSAFAC-0000411427,NC8UMSACCLN5,2025,2026-03-27,GDXAPKX4N922
2025-06-GSAFAC-0000411427,NC8UMSACCLN5,2025,2026-03-27,LBZVUEPMPCL9
2025-06-GSAFAC-0000411427,NC8UMSACCLN5,2025,2026-03-27,KTZHW2TU1N35
2025-06-GSAFAC-0000411427,NC8UMSACCLN5,2025,2026-03-27,HD2JM719PV43
2025-06-GSAFAC-0000411427,NC8UMSACCLN5,2025,2026-03-27,G8N7TMEP2HT3
2025-06-GSAFAC-0000411427,NC8UMSACCLN5,2025,2026-03-27,V53WDF42KHN4
2025-06-GSAFAC-0000411427,NC8UMSACCLN5,2025,2026-03-27,J6MKK4WPB5Y8
2025-06-GSAFAC-0000411427,NC8UMSACCLN5,2025,2026-03-27,F49HHNDR5LJ5
2025-06-GSAFAC-0000411427,NC8UMSACCLN5,2025,2026-03-27,PDMJH9KP2JK2
2025-06-GSAFAC-0000411427,NC8UMSACCLN5,2025,2026-03-27,EF6TCJGSRDF4
2025-06-GSAFAC-0000411427,NC8UMSACCLN5,2025,2026-03-27,FENYF8PUGPY8
2025-06-GSAFAC-0000411427,NC8UMSACCLN5,2025,2026-03-27,M2WMNC6CQGG8
2025-06-GSAFAC-0000411427,NC8UMSACCLN5,2025,2026-03-27,EVH2FVQNH8J6
2025-06-GSAFAC-0000411427,NC8UMSACCLN5,2025,2026-03-27,EKP2WKQRWJF3
2025-06-GSAFAC-0000411427,NC8UMSACCLN5,2025,2026-03-27,JZB4GJJJYWT5
2025-06-GSAFAC-0000411427,NC8UMSACCLN5,2025,2026-03-27,HBMGSC391G97
2025-06-GSAFAC-0000411427,NC8UMSACCLN5,2025,2026-03-27,CLKEKKGMGJP8
2025-06-GSAFAC-0000411427,NC8UMSACCLN5,2025,2026-03-27,N7HGRQMLKWC3
2025-06-GSAFAC-0000411427,NC8UMSACCLN5,2025,2026-03-27,CLKEKKGMGJP8
2025-06-GSAFAC-0000411427,NC8UMSACCLN5,2025,2026-03-27,E32JH7C6LW39
2025-06-GSAFAC-0000411427,NC8UMSACCLN5,2025,2026-03-27,RE5KRLKZ2LK3
2025-06-GSAFAC-0000411427,NC8UMSACCLN5,2025,2026-03-27,YN4MB2F33BD7
2025-06-GSAFAC-0000411427,NC8UMSACCLN5,2025,2026-03-27,QT8SSYALAFS5
2025-06-GSAFAC-0000411427,NC8UMSACCLN5,2025,2026-03-27,FHNCT52K3G18
2025-06-GSAFAC-0000411427,NC8UMSACCLN5,2025,2026-03-27,LRJBCW11YMS7
2025-06-GSAFAC-0000411427,NC8UMSACCLN5,2025,2026-03-27,D9ZXG7SNEBK3
2025-06-GSAFAC-0000411427,NC8UMSACCLN5,2025,2026-03-27,YZYRRKTY5A55
2025-06-GSAFAC-0000411427,NC8UMSACCLN5,2025,2026-03-27,HJYBSCHHQNM7
2025-06-GSAFAC-0000404405,DXEZB37UP7Q9,2025,2026-03-27,EG83QVHWQYZ3
2025-06-GSAFAC-0000404405,DXEZB37UP7Q9,2025,2026-03-27,C1UPD99BCWH5
2025-06-GSAFAC-0000404405,DXEZB37UP7Q9,2025,2026-03-27,DGVTSHEFCBM5
2025-06-GSAFAC-0000404405,DXEZB37UP7Q9,2025,2026-03-27,DJD3ZBJ1HNL7
2025-06-GSAFAC-0000404405,DXEZB37UP7Q9,2025,2026-03-27,DWN5MBGAT2F8
2025-06-GSAFAC-0000404405,DXEZB37UP7Q9,2025,2026-03-27,EED8DPB3U7M8
2025-06-GSAFAC-0000404405,DXEZB37UP7Q9,2025,2026-03-27,F3JKS4BK7SY6
2025-06-GSAFAC-0000404405,DXEZB37UP7Q9,2025,2026-03-27,FPJLRDTN13X3
2025-06-GSAFAC-0000404405,DXEZB37UP7Q9,2025,2026-03-27,FSMGQ4ZYNHR1
2025-06-GSAFAC-0000404405,DXEZB37UP7Q9,2025,2026-03-27,G9T1PJBELKT1
2025-06-GSAFAC-0000404405,DXEZB37UP7Q9,2025,2026-03-27,GLJFD1STNE67
2025-06-GSAFAC-0000404405,DXEZB37UP7Q9,2025,2026-03-27,GVGJKXG5MHJ1
2025-06-GSAFAC-0000404405,DXEZB37UP7Q9,2025,2026-03-27,GWMKT7JGFW91
2025-06-GSAFAC-0000404405,DXEZB37UP7Q9,2025,2026-03-27,HBMCELU6SGA1
2025-06-GSAFAC-0000404405,DXEZB37UP7Q9,2025,2026-03-27,HJL7S6MUNL85
2025-06-GSAFAC-0000404405,DXEZB37UP7Q9,2025,2026-03-27,J9ZXN6UQ2K15
2025-06-GSAFAC-0000404405,DXEZB37UP7Q9,2025,2026-03-27,JC5DG7UW6NG8
2025-06-GSAFAC-0000404405,DXEZB37UP7Q9,2025,2026-03-27,JGBJNDVGKK44
2025-06-GSAFAC-0000404405,DXEZB37UP7Q9,2025,2026-03-27,JNYQV17MGDW9
2025-06-GSAFAC-0000404405,DXEZB37UP7Q9,2025,2026-03-27,K7K4FGG8RF4S
2025-06-GSAFAC-0000404405,DXEZB37UP7Q9,2025,2026-03-27,KAFMH9XHH8P3
2025-06-GSAFAC-0000404405,DXEZB37UP7Q9,2025,2026-03-27,KEB2K7QLKAN7
2025-06-GSAFAC-0000404405,DXEZB37UP7Q9,2025,2026-03-27,KG2CH68F4NN7
2025-06-GSAFAC-0000404405,DXEZB37UP7Q9,2025,2026-03-27,KSM5N7FJ3QE3
2025-06-GSAFAC-0000404405,DXEZB37UP7Q9,2025,2026-03-27,L6D8BDC5AWY9
2025-06-GSAFAC-0000404405,DXEZB37UP7Q9,2025,2026-03-27,M2M2M9FVADT5
2025-06-GSAFAC-0000404405,DXEZB37UP7Q9,2025,2026-03-27,MNBMRKK2P8V4
2025-06-GSAFAC-0000404405,DXEZB37UP7Q9,2025,2026-03-27,MVPJKXM7B8G8
2025-06-GSAFAC-0000404405,DXEZB37UP7Q9,2025,2026-03-27,N1PZLYBYC1D3
2025-06-GSAFAC-0000404405,DXEZB37UP7Q9,2025,2026-03-27,N48NWM27W7R3
2025-06-GSAFAC-0000404405,DXEZB37UP7Q9,2025,2026-03-27,NEY6K8B6V835
2025-06-GSAFAC-0000404405,DXEZB37UP7Q9,2025,2026-03-27,NZMLYKS24FW3
2025-06-GSAFAC-0000404405,DXEZB37UP7Q9,2025,2026-03-27,RFZKKT5RU3F8
2025-06-GSAFAC-0000404405,DXEZB37UP7Q9,2025,2026-03-27,RN48MDBUVS95
2025-06-GSAFAC-0000404405,DXEZB37UP7Q9,2025,2026-03-27,V9HAESFBZHD4
2025-06-GSAFAC-0000404405,DXEZB37UP7Q9,2025,2026-03-27,VU2RJUB3MB65
2025-06-GSAFAC-0000404405,DXEZB37UP7Q9,2025,2026-03-27,VWQNND6KLQQ5
2025-06-GSAFAC-0000404405,DXEZB37UP7Q9,2025,2026-03-27,VZA5GCYZBJA7
2025-06-GSAFAC-0000404405,DXEZB37UP7Q9,2025,2026-03-27,WCXRFY6FGU46
2025-06-GSAFAC-0000404405,DXEZB37UP7Q9,2025,2026-03-27,WWLVE4N1TN25
2025-06-GSAFAC-0000404405,DXEZB37UP7Q9,2025,2026-03-27,WYGTAL14GSS7
2025-06-GSAFAC-0000404405,DXEZB37UP7Q9,2025,2026-03-27,Y5EFJ1GGL548
2025-06-GSAFAC-0000404405,DXEZB37UP7Q9,2025,2026-03-27,YDBAZKLDWMN4
2025-06-GSAFAC-0000404405,DXEZB37UP7Q9,2025,2026-03-27,YMPLPE6VQH93
2025-06-GSAFAC-0000404405,DXEZB37UP7Q9,2025,2026-03-27,Z7QQDHT9VSD3
2025-06-GSAFAC-0000404405,DXEZB37UP7Q9,2025,2026-03-27,Z1G3QYKTM1T9
2025-06-GSAFAC-0000404405,DXEZB37UP7Q9,2025,2026-03-27,ZQ8MXL2GJ4C4
2025-06-GSAFAC-0000407564,J1ZJE28K82P1,2025,2026-03-27,CX25WJ63HVB7
2025-06-GSAFAC-0000407564,J1ZJE28K82P1,2025,2026-03-27,X7Y6RNVA4NR6
2025-06-GSAFAC-0000407564,J1ZJE28K82P1,2025,2026-03-27,SQ3KG6X2J5H5
2025-09-GSAFAC-0000412413,U4TZHD1RNTC7,2025,2026-03-27,EUHQHSE5GCQ5
2025-09-GSAFAC-0000412413,U4TZHD1RNTC7,2025,2026-03-27,KKZ6CZML6VW6
2025-06-GSAFAC-0000411817,M4Z4T7HQLKP3,2025,2026-03-27,C2DXZKH584F2
2025-06-GSAFAC-0000411817,M4Z4T7HQLKP3,2025,2026-03-27,GHJAM237QA28
2025-06-GSAFAC-0000411817,M4Z4T7HQLKP3,2025,2026-03-27,GRABYCFNCEJ7
2025-06-GSAFAC-0000411817,M4Z4T7HQLKP3,2025,2026-03-27,YL1VUK5JDJF7
2025-06-GSAFAC-0000411817,M4Z4T7HQLKP3,2025,2026-03-27,YD29MV8HJ1B7
2025-06-GSAFAC-0000410893,VJ8YGMQXL9F5,2025,2026-03-27,DLK2E9FG46F9
2025-06-GSAFAC-0000410893,VJ8YGMQXL9F5,2025,2026-03-27,C4LLXQJ3X779
2025-06-GSAFAC-0000410893,VJ8YGMQXL9F5,2025,2026-03-27,G4DSMMANKMB9
2025-06-GSAFAC-0000411681,EKQPQU7JA5H5,2025,2026-03-27,N1WPNUC9H4W8
2025-06-GSAFAC-0000411681,EKQPQU7JA5H5,2025,2026-03-27,MA28BM281U76
2025-06-GSAFAC-0000411681,EKQPQU7JA5H5,2025,2026-03-27,TEUALKP9LUE5
2025-06-GSAFAC-0000411681,EKQPQU7JA5H5,2025,2026-03-27,UEHJB5X1F7C1
2025-06-GSAFAC-0000411681,EKQPQU7JA5H5,2025,2026-03-27,FTMXD28W1KJ1
2025-06-GSAFAC-0000411681,EKQPQU7JA5H5,2025,2026-03-27,TN5HHCN6NHE1
2025-06-GSAFAC-0000412493,K22SVM414JE7,2025,2026-03-27,JB9YLJZMNP73
2025-06-GSAFAC-0000405926,FD6JYG9QQRG9,2025,2026-03-27,EEHHXEV5HMK7
2025-06-GSAFAC-0000405926,FD6JYG9QQRG9,2025,2026-03-27,N2FKX1MTFAL1
2025-06-GSAFAC-0000412101,XS56CDL7KTC7,2025,2026-03-27,K3WKV4JJKTL5
2025-06-GSAFAC-0000402703,QKESSLC5LFR4,2025,2026-03-27,C9ARJMPGBHK1
2025-06-GSAFAC-0000402703,QKESSLC5LFR4,2025,2026-03-27,UXNJXE1QEZD4
2025-06-GSAFAC-0000399004,NFJGFKGKMYB3,2025,2026-03-30,MNE3T1AEZFH7
2025-06-GSAFAC-0000399004,NFJGFKGKMYB3,2025,2026-03-30,JX38N97M68K6
2025-06-GSAFAC-0000412822,HWWLYAH86HD8,2025,2026-03-30,JQANXUDCQP69
2025-06-GSAFAC-0000410927,D4TVB6V5GYK8,2025,2026-03-30,M2MUG6SFSHT1
2025-06-GSAFAC-0000410927,D4TVB6V5GYK8,2025,2026-03-30,FJVKUZYKL4G1
2025-06-GSAFAC-0000410927,D4TVB6V5GYK8,2025,2026-03-30,FDU2KZ279Q71
2025-06-GSAFAC-0000396786,GCU8PW8ZDXN8,2025,2026-03-30,C16SP2HBR123
2025-06-GSAFAC-0000396786,GCU8PW8ZDXN8,2025,2026-03-30,C3HFMLLA1NT9
2025-06-GSAFAC-0000396786,GCU8PW8ZDXN8,2025,2026-03-30,CHD5BMPZPEG2
2025-06-GSAFAC-0000396786,GCU8PW8ZDXN8,2025,2026-03-30,CME6JS32YK36
2025-06-GSAFAC-0000396786,GCU8PW8ZDXN8,2025,2026-03-30,D2EJRGZ2PLG8
2025-06-GSAFAC-0000396786,GCU8PW8ZDXN8,2025,2026-03-30,DH3JNS9NS5G5
2025-06-GSAFAC-0000396786,GCU8PW8ZDXN8,2025,2026-03-30,DZK5KDLUNMS3
2025-06-GSAFAC-0000396786,GCU8PW8ZDXN8,2025,2026-03-30,E128H7X5KWX5
2025-06-GSAFAC-0000396786,GCU8PW8ZDXN8,2025,2026-03-30,E3HDARV1KJP3
2025-06-GSAFAC-0000396786,GCU8PW8ZDXN8,2025,2026-03-30,ECVGNMBV16A1
2025-06-GSAFAC-0000396786,GCU8PW8ZDXN8,2025,2026-03-30,EEFHUG8DJFY9
2025-06-GSAFAC-0000396786,GCU8PW8ZDXN8,2025,2026-03-30,EEMKDCX89DP7
2025-06-GSAFAC-0000396786,GCU8PW8ZDXN8,2025,2026-03-30,EULLLWJUNBH3
2025-06-GSAFAC-0000396786,GCU8PW8ZDXN8,2025,2026-03-30,F57SAC3UPAF6
2025-06-GSAFAC-0000396786,GCU8PW8ZDXN8,2025,2026-03-30,FCT9KQ8L2574
2025-06-GSAFAC-0000396786,GCU8PW8ZDXN8,2025,2026-03-30,FHSQBHMMKJL4
2025-06-GSAFAC-0000396786,GCU8PW8ZDXN8,2025,2026-03-30,FU2ES11D4DL5
2025-06-GSAFAC-0000396786,GCU8PW8ZDXN8,2025,2026-03-30,GL3RMGMH7S51
2025-06-GSAFAC-0000396786,GCU8PW8ZDXN8,2025,2026-03-30,GMHSKCY8H3T1
2025-06-GSAFAC-0000396786,GCU8PW8ZDXN8,2025,2026-03-30,GMLVTEPLWH16
2025-06-GSAFAC-0000396786,GCU8PW8ZDXN8,2025,2026-03-30,GNTNKFECJ1G7
2025-06-GSAFAC-0000396786,GCU8PW8ZDXN8,2025,2026-03-30,HD1WMN6945W6
2025-06-GSAFAC-0000396786,GCU8PW8ZDXN8,2025,2026-03-30,HKJNV37AQ4X3
2025-06-GSAFAC-0000396786,GCU8PW8ZDXN8,2025,2026-03-30,HLUDFCJNUXV5
2025-06-GSAFAC-0000396786,GCU8PW8ZDXN8,2025,2026-03-30,HM6DXX33EEG3
2025-06-GSAFAC-0000396786,GCU8PW8ZDXN8,2025,2026-03-30,HMJNLJTGN1M3
2025-06-GSAFAC-0000396786,GCU8PW8ZDXN8,2025,2026-03-30,HNV7LH1GL255
2025-06-GSAFAC-0000396786,GCU8PW8ZDXN8,2025,2026-03-30,J81AJCKG5RES
2025-06-GSAFAC-0000396786,GCU8PW8ZDXN8,2025,2026-03-30,JAABF3J1DCE4
2025-06-GSAFAC-0000396786,GCU8PW8ZDXN8,2025,2026-03-30,JKHJCGBQF8X4
2025-06-GSAFAC-0000396786,GCU8PW8ZDXN8,2025,2026-03-30,JLTZPHF2HTL1
2025-06-GSAFAC-0000396786,GCU8PW8ZDXN8,2025,2026-03-30,K5CXYFV3DJA5
2025-06-GSAFAC-0000396786,GCU8PW8ZDXN8,2025,2026-03-30,K76FHPBCE3S9
2025-06-GSAFAC-0000396786,GCU8PW8ZDXN8,2025,2026-03-30,L4JKK4V3AV69
2025-06-GSAFAC-0000396786,GCU8PW8ZDXN8,2025,2026-03-30,LBLFMXVFLBF3
2025-06-GSAFAC-0000396786,GCU8PW8ZDXN8,2025,2026-03-30,LJT5RD3CYE86
2025-06-GSAFAC-0000396786,GCU8PW8ZDXN8,2025,2026-03-30,LJVKA6H1AFF8
2025-06-GSAFAC-0000396786,GCU8PW8ZDXN8,2025,2026-03-30,LKCNDF87C3X6
2025-06-GSAFAC-0000396786,GCU8PW8ZDXN8,2025,2026-03-30,LNJWYVRL99J9
2025-06-GSAFAC-0000396786,GCU8PW8ZDXN8,2025,2026-03-30,LP3VVEY5C3C3
2025-06-GSAFAC-0000396786,GCU8PW8ZDXN8,2025,2026-03-30,M1Q7LT8J4MS7
2025-06-GSAFAC-0000396786,GCU8PW8ZDXN8,2025,2026-03-30,M6TBHQMKJF28
2025-06-GSAFAC-0000396786,GCU8PW8ZDXN8,2025,2026-03-30,M71JALVJ95M4
2025-06-GSAFAC-0000396786,GCU8PW8ZDXN8,2025,2026-03-30,M8MPNYF7VLM2
2025-06-GSAFAC-0000396786,GCU8PW8ZDXN8,2025,2026-03-30,MC5AXJN9XTQ3
2025-06-GSAFAC-0000396786,GCU8PW8ZDXN8,2025,2026-03-30,ME55R4MLWVG5
2025-06-GSAFAC-0000396786,GCU8PW8ZDXN8,2025,2026-03-30,MK1HSWRF3MM5
2025-06-GSAFAC-0000396786,GCU8PW8ZDXN8,2025,2026-03-30,MLRYLUB4AJX8
2025-06-GSAFAC-0000396786,GCU8PW8ZDXN8,2025,2026-03-30,MPT5UB1CPLY4
2025-06-GSAFAC-0000396786,GCU8PW8ZDXN8,2025,2026-03-30,N48GCZ2FJA47
2025-06-GSAFAC-0000396786,GCU8PW8ZDXN8,2025,2026-03-30,NM7EF1J4N179
2025-06-GSAFAC-0000396786,GCU8PW8ZDXN8,2025,2026-03-30,PVCKC736S5U1
2025-06-GSAFAC-0000396786,GCU8PW8ZDXN8,2025,2026-03-30,Q5U9B6P764M7
2025-06-GSAFAC-0000396786,GCU8PW8ZDXN8,2025,2026-03-30,QB9CNHGLSCQ7
2025-06-GSAFAC-0000396786,GCU8PW8ZDXN8,2025,2026-03-30,QL3XATN9H6L1
2025-06-GSAFAC-0000396786,GCU8PW8ZDXN8,2025,2026-03-30,QMYKF4YEEGX8
2025-06-GSAFAC-0000396786,GCU8PW8ZDXN8,2025,2026-03-30,R8L3SQTA4YR4
2025-06-GSAFAC-0000396786,GCU8PW8ZDXN8,2025,2026-03-30,RKLDNC6MJ9M6
2025-06-GSAFAC-0000396786,GCU8PW8ZDXN8,2025,2026-03-30,RSLALUDC1PY9
2025-06-GSAFAC-0000396786,GCU8PW8ZDXN8,2025,2026-03-30,SBMCNA8ESZ22
2025-06-GSAFAC-0000396786,GCU8PW8ZDXN8,2025,2026-03-30,SE54F8NNBH57
2025-06-GSAFAC-0000396786,GCU8PW8ZDXN8,2025,2026-03-30,SESUYWJGE3Y3
2025-06-GSAFAC-0000396786,GCU8PW8ZDXN8,2025,2026-03-30,SEYQXMXJLUP5
2025-06-GSAFAC-0000396786,GCU8PW8ZDXN8,2025,2026-03-30,SMLANLLWMM39
2025-06-GSAFAC-0000396786,GCU8PW8ZDXN8,2025,2026-03-30,SNENTKJ774A5
2025-06-GSAFAC-0000396786,GCU8PW8ZDXN8,2025,2026-03-30,SNKWVAM66K46
2025-06-GSAFAC-0000396786,GCU8PW8ZDXN8,2025,2026-03-30,TJM7DM1H6KQ5
2025-06-GSAFAC-0000396786,GCU8PW8ZDXN8,2025,2026-03-30,TJQLTMK596J7
2025-06-GSAFAC-0000396786,GCU8PW8ZDXN8,2025,2026-03-30,TLRWUDX43MB6
2025-06-GSAFAC-0000396786,GCU8PW8ZDXN8,2025,2026-03-30,U3ZFA57417D4
2025-06-GSAFAC-0000396786,GCU8PW8ZDXN8,2025,2026-03-30,UBAUDAEJ6EU8
2025-06-GSAFAC-0000396786,GCU8PW8ZDXN8,2025,2026-03-30,UM4EVHJNBXG4
2025-06-GSAFAC-0000396786,GCU8PW8ZDXN8,2025,2026-03-30,VNMHL2KXQK46
2025-06-GSAFAC-0000396786,GCU8PW8ZDXN8,2025,2026-03-30,VVPBXKGQPR38
2025-06-GSAFAC-0000396786,GCU8PW8ZDXN8,2025,2026-03-30,WXEJHKCURXN7
2025-06-GSAFAC-0000396786,GCU8PW8ZDXN8,2025,2026-03-30,XNYTLTMLXUL7
2025-06-GSAFAC-0000396786,GCU8PW8ZDXN8,2025,2026-03-30,XRJSGX384TD6
2025-06-GSAFAC-0000396786,GCU8PW8ZDXN8,2025,2026-03-30,Y1M5QSJNZ6N3
2025-06-GSAFAC-0000396786,GCU8PW8ZDXN8,2025,2026-03-30,Y4VLQ4M6LR17
2025-06-GSAFAC-0000396786,GCU8PW8ZDXN8,2025,2026-03-30,Y7FNVGHTDS97
2025-06-GSAFAC-0000396786,GCU8PW8ZDXN8,2025,2026-03-30,YLU9H94VKU19
2025-06-GSAFAC-0000396786,GCU8PW8ZDXN8,2025,2026-03-30,ZKJBFQ1YN2D6
2025-06-GSAFAC-0000396786,GCU8PW8ZDXN8,2025,2026-03-30,ZL8PTFCV9BC7
2025-06-GSAFAC-0000411580,QMADBDLNJGY6,2025,2026-03-30,SAJ1MKFQ7969
2025-06-GSAFAC-0000405806,D3LYFCJXMRS5,2025,2026-03-30,1U3REP240727
2025-06-GSAFAC-0000405806,D3LYFCJXMRS5,2025,2026-03-30,C169K7T4QZ96
2025-06-GSAFAC-0000405806,D3LYFCJXMRS5,2025,2026-03-30,C85JZKKJBD35
2025-06-GSAFAC-0000405806,D3LYFCJXMRS5,2025,2026-03-30,CL8JHK1LN291
2025-06-GSAFAC-0000405806,D3LYFCJXMRS5,2025,2026-03-30,DJ87ZC59JDR6
2025-06-GSAFAC-0000405806,D3LYFCJXMRS5,2025,2026-03-30,DNVMJM76ZCF3
2025-06-GSAFAC-0000405806,D3LYFCJXMRS5,2025,2026-03-30,DTM2ZNEDHU24
2025-06-GSAFAC-0000405806,D3LYFCJXMRS5,2025,2026-03-30,ECQEYCHRNKJ4
2025-06-GSAFAC-0000405806,D3LYFCJXMRS5,2025,2026-03-30,EH9NSN8WTCM5
2025-06-GSAFAC-0000405806,D3LYFCJXMRS5,2025,2026-03-30,EJ7MNVJ4FDN3
2025-06-GSAFAC-0000405806,D3LYFCJXMRS5,2025,2026-03-30,EP32RWE3HDJ7
2025-06-GSAFAC-0000405806,D3LYFCJXMRS5,2025,2026-03-30,EVVNRGGPCJ54
2025-06-GSAFAC-0000405806,D3LYFCJXMRS5,2025,2026-03-30,EXKMBGYU7HH5
2025-06-GSAFAC-0000405806,D3LYFCJXMRS5,2025,2026-03-30,F34BUS8GBPM6
2025-06-GSAFAC-0000405806,D3LYFCJXMRS5,2025,2026-03-30,F3GJXVP1L166
2025-06-GSAFAC-0000405806,D3LYFCJXMRS5,2025,2026-03-30,F7NHNQKGLJK4
2025-06-GSAFAC-0000405806,D3LYFCJXMRS5,2025,2026-03-30,FA4VKPTJRLY8
2025-06-GSAFAC-0000405806,D3LYFCJXMRS5,2025,2026-03-30,FEFMHBJM5LG5
2025-06-GSAFAC-0000405806,D3LYFCJXMRS5,2025,2026-03-30,FZ2RFMSHKKX3
2025-06-GSAFAC-0000405806,D3LYFCJXMRS5,2025,2026-03-30,GAWTFKJ8ZRC5
2025-06-GSAFAC-0000405806,D3LYFCJXMRS5,2025,2026-03-30,GETYNKENXB51
2025-06-GSAFAC-0000405806,D3LYFCJXMRS5,2025,2026-03-30,GPMMXSPLFAJ3
2025-06-GSAFAC-0000405806,D3LYFCJXMRS5,2025,2026-03-30,GR8HLNHB8XN3
2025-06-GSAFAC-0000405806,D3LYFCJXMRS5,2025,2026-03-30,H3JLXJEM2W66
2025-06-GSAFAC-0000405806,D3LYFCJXMRS5,2025,2026-03-30,H6B5NUD3R5E7
2025-06-GSAFAC-0000405806,D3LYFCJXMRS5,2025,2026-03-30,H7CJA7NX9WN3
2025-06-GSAFAC-0000405806,D3LYFCJXMRS5,2025,2026-03-30,H8WAK92N68D3
2025-06-GSAFAC-0000405806,D3LYFCJXMRS5,2025,2026-03-30,HJ4MHJBBLZ28
2025-06-GSAFAC-0000405806,D3LYFCJXMRS5,2025,2026-03-30,HLCPS564VN25
2025-06-GSAFAC-0000405806,D3LYFCJXMRS5,2025,2026-03-30,HLGHAKKQSWQ6
2025-06-GSAFAC-0000405806,D3LYFCJXMRS5,2025,2026-03-30,HSHYB6PSMNB7
2025-06-GSAFAC-0000405806,D3LYFCJXMRS5,2025,2026-03-30,HVS2GA4UJL28
2025-06-GSAFAC-0000405806,D3LYFCJXMRS5,2025,2026-03-30,HYNBDW8BGZ34
2025-06-GSAFAC-0000405806,D3LYFCJXMRS5,2025,2026-03-30,J45HYB9SPR25
2025-06-GSAFAC-0000405806,D3LYFCJXMRS5,2025,2026-03-30,JHL4WQBPT8N7
2025-06-GSAFAC-0000405806,D3LYFCJXMRS5,2025,2026-03-30,JJZPALVEJA43
2025-06-GSAFAC-0000405806,D3LYFCJXMRS5,2025,2026-03-30,JS89TNGT7WP1
2025-06-GSAFAC-0000405806,D3LYFCJXMRS5,2025,2026-03-30,KGN6REHA2H73
2025-06-GSAFAC-0000405806,D3LYFCJXMRS5,2025,2026-03-30,KK1FBDLJVWB3
2025-06-GSAFAC-0000405806,D3LYFCJXMRS5,2025,2026-03-30,KS9YSK5X3FC5
2025-06-GSAFAC-0000405806,D3LYFCJXMRS5,2025,2026-03-30,KYCFV7KEVRK3
2025-06-GSAFAC-0000405806,D3LYFCJXMRS5,2025,2026-03-30,L24VTNX3ABU1
2025-06-GSAFAC-0000405806,D3LYFCJXMRS5,2025,2026-03-30,L2BEP1NGFN18
2025-06-GSAFAC-0000405806,D3LYFCJXMRS5,2025,2026-03-30,L2GPNJZBM283
2025-06-GSAFAC-0000405806,D3LYFCJXMRS5,2025,2026-03-30,L72NC2GD75H5
2025-06-GSAFAC-0000405806,D3LYFCJXMRS5,2025,2026-03-30,L8BLBPA7ULU3
2025-06-GSAFAC-0000405806,D3LYFCJXMRS5,2025,2026-03-30,LF19SJ2BNLD1
2025-06-GSAFAC-0000405806,D3LYFCJXMRS5,2025,2026-03-30,LFLBEETJJ568
2025-06-GSAFAC-0000405806,D3LYFCJXMRS5,2025,2026-03-30,LUPVA3MWCLB4
2025-06-GSAFAC-0000405806,D3LYFCJXMRS5,2025,2026-03-30,LW6BMM7LQCF4
2025-06-GSAFAC-0000405806,D3LYFCJXMRS5,2025,2026-03-30,LYFHMXA4K7K7
2025-06-GSAFAC-0000405806,D3LYFCJXMRS5,2025,2026-03-30,M22LMLG4VZ96
2025-06-GSAFAC-0000405806,D3LYFCJXMRS5,2025,2026-03-30,M3XBHNFAFYL5
2025-06-GSAFAC-0000405806,D3LYFCJXMRS5,2025,2026-03-30,M7KCJ79FAVH5
2025-06-GSAFAC-0000405806,D3LYFCJXMRS5,2025,2026-03-30,M9RNDNL51N45
2025-06-GSAFAC-0000405806,D3LYFCJXMRS5,2025,2026-03-30,MM1DHXTUKLG8
2025-06-GSAFAC-0000405806,D3LYFCJXMRS5,2025,2026-03-30,MMBBKPAG4XC7
2025-06-GSAFAC-0000405806,D3LYFCJXMRS5,2025,2026-03-30,MNDDC3HNZF71
2025-06-GSAFAC-0000405806,D3LYFCJXMRS5,2025,2026-03-30,MWYVQTQ32ME5
2025-06-GSAFAC-0000405806,D3LYFCJXMRS5,2025,2026-03-30,N3KZG2JX5LH6
2025-06-GSAFAC-0000405806,D3LYFCJXMRS5,2025,2026-03-30,NFDYXNG8MNT1
2025-06-GSAFAC-0000405806,D3LYFCJXMRS5,2025,2026-03-30,NN2FL2GKART3
2025-06-GSAFAC-0000405806,D3LYFCJXMRS5,2025,2026-03-30,NW9QDHBX7ZM7
2025-06-GSAFAC-0000405806,D3LYFCJXMRS5,2025,2026-03-30,PAMDY6DMVVE7
2025-06-GSAFAC-0000405806,D3LYFCJXMRS5,2025,2026-03-30,QRFEAPAUV346
2025-06-GSAFAC-0000405806,D3LYFCJXMRS5,2025,2026-03-30,R19BYMBDMG53
2025-06-GSAFAC-0000405806,D3LYFCJXMRS5,2025,2026-03-30,RKAUMC2YRTM5
2025-06-GSAFAC-0000405806,D3LYFCJXMRS5,2025,2026-03-30,RNJGSL6JRF56
2025-06-GSAFAC-0000405806,D3LYFCJXMRS5,2025,2026-03-30,RNLTFNJPV5K8
2025-06-GSAFAC-0000405806,D3LYFCJXMRS5,2025,2026-03-30,RNT3TFN18599
2025-06-GSAFAC-0000405806,D3LYFCJXMRS5,2025,2026-03-30,S1V9LLHFK754
2025-06-GSAFAC-0000405806,D3LYFCJXMRS5,2025,2026-03-30,SUMELGB1JAS1
2025-06-GSAFAC-0000405806,D3LYFCJXMRS5,2025,2026-03-30,T7CNFK9XSSX3
2025-06-GSAFAC-0000405806,D3LYFCJXMRS5,2025,2026-03-30,TMMEDSRFDGT9
2025-06-GSAFAC-0000405806,D3LYFCJXMRS5,2025,2026-03-30,TMNHCUCQVKW3
2025-06-GSAFAC-0000405806,D3LYFCJXMRS5,2025,2026-03-30,UF3LV6W2W6K9
2025-06-GSAFAC-0000405806,D3LYFCJXMRS5,2025,2026-03-30,UM19R9XPL1N5
2025-06-GSAFAC-0000405806,D3LYFCJXMRS5,2025,2026-03-30,VJ4EWLFCUFM5
2025-06-GSAFAC-0000405806,D3LYFCJXMRS5,2025,2026-03-30,VSFGUNJJTDX3
2025-06-GSAFAC-0000405806,D3LYFCJXMRS5,2025,2026-03-30,W2X5N6359N14
2025-06-GSAFAC-0000405806,D3LYFCJXMRS5,2025,2026-03-30,WBXSX1KJEYE5
2025-06-GSAFAC-0000405806,D3LYFCJXMRS5,2025,2026-03-30,WN65S2C48ZJ4
2025-06-GSAFAC-0000405806,D3LYFCJXMRS5,2025,2026-03-30,WPC1ZX42HL11
2025-06-GSAFAC-0000405806,D3LYFCJXMRS5,2025,2026-03-30,WYXKK9CR1LE7
2025-06-GSAFAC-0000405806,D3LYFCJXMRS5,2025,2026-03-30,X7BUUFKPDYV3
2025-06-GSAFAC-0000405806,D3LYFCJXMRS5,2025,2026-03-30,YL7CN1KNVXP6
2025-06-GSAFAC-0000405806,D3LYFCJXMRS5,2025,2026-03-30,YMMKMX1KMQC4
2025-06-GSAFAC-0000405806,D3LYFCJXMRS5,2025,2026-03-30,YT7QTJ8S9JR6
2025-06-GSAFAC-0000405806,D3LYFCJXMRS5,2025,2026-03-30,ZF6UV79JW912
2025-06-GSAFAC-0000405806,D3LYFCJXMRS5,2025,2026-03-30,ZHM7EYJJKKJ9
2025-06-GSAFAC-0000405806,D3LYFCJXMRS5,2025,2026-03-30,ZYP6TFKV5H45
2025-06-GSAFAC-0000405806,D3LYFCJXMRS5,2025,2026-03-30,ZZZQTSEXGAP8
2025-06-GSAFAC-0000411783,MZALJJHTAB63,2025,2026-03-30,L63SMUMFK2J8
2025-06-GSAFAC-0000403005,NUKSGRX9L885,2025,2026-03-30,LWX8FD3F7JX6
2025-06-GSAFAC-0000403005,NUKSGRX9L885,2025,2026-03-30,X2NTZUA4H727
2025-06-GSAFAC-0000403005,NUKSGRX9L885,2025,2026-03-30,PMMKPCKNN9R2
2025-06-GSAFAC-0000403005,NUKSGRX9L885,2025,2026-03-30,FDJ8NZJ9JSW3
2025-06-GSAFAC-0000403005,NUKSGRX9L885,2025,2026-03-30,VGJHK59NMPK9
2025-06-GSAFAC-0000403005,NUKSGRX9L885,2025,2026-03-30,CGCDJ24JJLZ1
2025-06-GSAFAC-0000403005,NUKSGRX9L885,2025,2026-03-30,MQE2JHHJW9Q8
2025-06-GSAFAC-0000403005,NUKSGRX9L885,2025,2026-03-30,LTNVSTJ3R6D5
2025-06-GSAFAC-0000410929,E47WF2JP5GW1,2025,2026-03-30,ZG9KPJB7HPX2
2025-06-GSAFAC-0000410929,E47WF2JP5GW1,2025,2026-03-30,UGX7KNMNHU24
2025-06-GSAFAC-0000408504,RU6AKBVU76J4,2025,2026-03-30,SKC9G4DTRNH7
2025-06-GSAFAC-0000408504,RU6AKBVU76J4,2025,2026-03-30,N3LLV2BKKLN7
2025-06-GSAFAC-0000411996,CCKDBN6KJN86,2025,2026-03-30,KMVNH6KECXF9
2025-06-GSAFAC-0000409350,JMBRMBB9KSC5,2025,2026-03-30,GS94M2VMNMJ3
2025-06-GSAFAC-0000411243,JG4LGB66LJ88,2025,2026-03-30,DMUAZBH9KAK1
2025-06-GSAFAC-0000411243,JG4LGB66LJ88,2025,2026-03-30,K3SGJLGNHEZ4
2025-06-GSAFAC-0000411243,JG4LGB66LJ88,2025,2026-03-30,N9CLJA14KR25
2025-06-GSAFAC-0000411243,JG4LGB66LJ88,2025,2026-03-30,ZLY8FAQGNCY3
2025-06-GSAFAC-0000411243,JG4LGB66LJ88,2025,2026-03-30,X9K2JHHGL5M8
2025-06-GSAFAC-0000411243,JG4LGB66LJ88,2025,2026-03-30,ZS5PBXBMUKW1
2025-06-GSAFAC-0000411243,JG4LGB66LJ88,2025,2026-03-30,S6ZRV3S11Q21
2025-06-GSAFAC-0000411243,JG4LGB66LJ88,2025,2026-03-30,W24JBYL47HP5
2025-06-GSAFAC-0000411243,JG4LGB66LJ88,2025,2026-03-30,UJB9LRHNFKW6
2025-06-GSAFAC-0000411243,JG4LGB66LJ88,2025,2026-03-30,NFGKVVF89Q55
2025-06-GSAFAC-0000411243,JG4LGB66LJ88,2025,2026-03-30,NWKGN5KZE7N1
2025-06-GSAFAC-0000411243,JG4LGB66LJ88,2025,2026-03-30,NWABTW71GK58
2025-06-GSAFAC-0000411243,JG4LGB66LJ88,2025,2026-03-30,MQKPEU6D1BT5
2025-06-GSAFAC-0000411243,JG4LGB66LJ88,2025,2026-03-30,MLGMLZ76EMC3
2025-06-GSAFAC-0000411243,JG4LGB66LJ88,2025,2026-03-30,GJQ6WTD321L8
2025-06-GSAFAC-0000411243,JG4LGB66LJ88,2025,2026-03-30,CTUELEFNMLH3
2025-06-GSAFAC-0000411243,JG4LGB66LJ88,2025,2026-03-30,FH4HGA3T4H65
2025-06-GSAFAC-0000411243,JG4LGB66LJ88,2025,2026-03-30,ML8GCTH8C975
2025-06-GSAFAC-0000411243,JG4LGB66LJ88,2025,2026-03-30,FK41NVNHJJX5
2025-06-GSAFAC-0000411243,JG4LGB66LJ88,2025,2026-03-30,LF6NMSGJJAA1
2025-06-GSAFAC-0000411243,JG4LGB66LJ88,2025,2026-03-30,CH4JEQC7RSJ5
2025-06-GSAFAC-0000411243,JG4LGB66LJ88,2025,2026-03-30,JNJDJ2KAZ1J8
2025-06-GSAFAC-0000411243,JG4LGB66LJ88,2025,2026-03-30,KNS6QG128GN9
2025-09-GSAFAC-0000407085,N8VWF88N4AD7,2025,2026-03-30,WDKUYRAMUSK6
2025-06-GSAFAC-0000410250,F4N1QNPB95M4,2025,2026-03-30,QHF5ZZ114M72
2025-06-GSAFAC-0000409786,HKK5YY1DWYM3,2025,2026-03-30,JQNUUBK62Y28
2025-06-GSAFAC-0000412274,CCPRLHRL2AV3,2025,2026-03-30,Q787KHKMUD39
2025-06-GSAFAC-0000412274,CCPRLHRL2AV3,2025,2026-03-30,N3E5FJ49F694
2025-06-GSAFAC-0000412274,CCPRLHRL2AV3,2025,2026-03-30,D3MCWFNQ2D29
2025-06-GSAFAC-0000406389,Z27AVTCCKHU3,2025,2026-03-30,CP7AEY8VWK45
2025-06-GSAFAC-0000406389,Z27AVTCCKHU3,2025,2026-03-30,HV5VFS5732E5
2025-06-GSAFAC-0000406389,Z27AVTCCKHU3,2025,2026-03-30,JE73CDQUAPA7
2025-06-GSAFAC-0000406389,Z27AVTCCKHU3,2025,2026-03-30,KD2JSY6LNMW7
2025-06-GSAFAC-0000406389,Z27AVTCCKHU3,2025,2026-03-30,KHA1UFQHPM29
2025-06-GSAFAC-0000406389,Z27AVTCCKHU3,2025,2026-03-30,L3UNGNMK6BT8
2025-06-GSAFAC-0000406389,Z27AVTCCKHU3,2025,2026-03-30,LDJ1MM9L56K7
2025-06-GSAFAC-0000406389,Z27AVTCCKHU3,2025,2026-03-30,MCYNRV97PYA4
2025-06-GSAFAC-0000406389,Z27AVTCCKHU3,2025,2026-03-30,N9LEV9CL4BP3
2025-06-GSAFAC-0000406389,Z27AVTCCKHU3,2025,2026-03-30,NDNAN5DF2CZ7
2025-06-GSAFAC-0000406389,Z27AVTCCKHU3,2025,2026-03-30,NSL7YHK1TQP8
2025-06-GSAFAC-0000406389,Z27AVTCCKHU3,2025,2026-03-30,RFT6BJ98H2A5
2025-06-GSAFAC-0000406389,Z27AVTCCKHU3,2025,2026-03-30,TNYKC5J8PZK7
2025-06-GSAFAC-0000406389,Z27AVTCCKHU3,2025,2026-03-30,UTM3S7LKYQZ4
2025-06-GSAFAC-0000406389,Z27AVTCCKHU3,2025,2026-03-30,VE2ZZY1ZHN19
2025-06-GSAFAC-0000406389,Z27AVTCCKHU3,2025,2026-03-30,W2USAVVTMGW3
2025-06-GSAFAC-0000406389,Z27AVTCCKHU3,2025,2026-03-30,YUXKMHJRJQM8
2025-06-GSAFAC-0000407954,XF3XM9642N96,2025,2026-03-30,NFLBGA5A1RB9
2025-06-GSAFAC-0000408176,LBWAEWNDE438,2025,2026-03-30,KL1DMVY1MZM8
2025-06-GSAFAC-0000408176,LBWAEWNDE438,2025,2026-03-30,GSJBA1MG2PY1
2025-06-GSAFAC-0000408176,LBWAEWNDE438,2025,2026-03-30,E664NUCF7MK6
2025-06-GSAFAC-0000408176,LBWAEWNDE438,2025,2026-03-30,GGDZH7TKGLZ1
2025-06-GSAFAC-0000408176,LBWAEWNDE438,2025,2026-03-30,GC76K7WMZ1F5
2025-06-GSAFAC-0000408176,LBWAEWNDE438,2025,2026-03-30,XHNQYKXFQC98
2025-06-GSAFAC-0000408176,LBWAEWNDE438,2025,2026-03-30,NG95YG8HQS38
2025-06-GSAFAC-0000408176,LBWAEWNDE438,2025,2026-03-30,HVL8FGQMHQE9
2025-06-GSAFAC-0000408176,LBWAEWNDE438,2025,2026-03-30,YF3NSRG7C287
2025-06-GSAFAC-0000408176,LBWAEWNDE438,2025,2026-03-30,JWH7QCRUDK15
2025-06-GSAFAC-0000408176,LBWAEWNDE438,2025,2026-03-30,P2Q1MUKLJYY8
2025-06-GSAFAC-0000408176,LBWAEWNDE438,2025,2026-03-30,LW18NACV3HY7
2025-06-GSAFAC-0000413138,DSEEZHPCVMC6,2025,2026-03-30,DM3DENJKP3F9
2025-06-GSAFAC-0000409137,TNMXGCQBFAX1,2025,2026-03-30,JR1FE2M3CSF4
2025-06-GSAFAC-0000409137,TNMXGCQBFAX1,2025,2026-03-30,LAPGABWH77M1
2025-06-GSAFAC-0000402515,LR3CBBHMAXM5,2025,2026-03-30,HCEQLJ1A5CN3
2025-06-GSAFAC-0000402515,LR3CBBHMAXM5,2025,2026-03-30,SJ72FRUKYQH4
2025-06-GSAFAC-0000402515,LR3CBBHMAXM5,2025,2026-03-30,EASRVKT9NJ78
2025-06-GSAFAC-0000402515,LR3CBBHMAXM5,2025,2026-03-30,MMNSTLD3HF48
2025-06-GSAFAC-0000402515,LR3CBBHMAXM5,2025,2026-03-30,JXYPMNKHCM58
2025-06-GSAFAC-0000402515,LR3CBBHMAXM5,2025,2026-03-30,PC73MTNXUEQ9
2025-06-GSAFAC-0000402515,LR3CBBHMAXM5,2025,2026-03-30,JF2BLNN4PJC3
2025-06-GSAFAC-0000402515,LR3CBBHMAXM5,2025,2026-03-30,NKAZLXLL7Z91
2025-06-GSAFAC-0000402515,LR3CBBHMAXM5,2025,2026-03-30,L924BA1SEN75
2025-06-GSAFAC-0000402515,LR3CBBHMAXM5,2025,2026-03-30,GARAS8EJ6Q73
2025-06-GSAFAC-0000402515,LR3CBBHMAXM5,2025,2026-03-30,VGGMMZJKUXK8
2025-06-GSAFAC-0000402515,LR3CBBHMAXM5,2025,2026-03-30,FTK3EAXJL1N8
2025-06-GSAFAC-0000402515,LR3CBBHMAXM5,2025,2026-03-30,HAMMJVYDY9D9
2025-06-GSAFAC-0000402515,LR3CBBHMAXM5,2025,2026-03-30,RL3WM66VHRM5
2025-06-GSAFAC-0000402515,LR3CBBHMAXM5,2025,2026-03-30,SYHLCKP7K2J3
2025-06-GSAFAC-0000402515,LR3CBBHMAXM5,2025,2026-03-30,KK7NK7GN2GE7
2025-06-GSAFAC-0000402515,LR3CBBHMAXM5,2025,2026-03-30,GXG3RBBQ1ZE4
2025-06-GSAFAC-0000402515,LR3CBBHMAXM5,2025,2026-03-30,K2JHXRNUEM44
2025-06-GSAFAC-0000402515,LR3CBBHMAXM5,2025,2026-03-30,WHEHBP9M2HD5
2025-06-GSAFAC-0000402515,LR3CBBHMAXM5,2025,2026-03-30,KM9HFDWLATK3
2025-06-GSAFAC-0000402515,LR3CBBHMAXM5,2025,2026-03-30,Q62ZHAWDM3B5
2025-06-GSAFAC-0000402515,LR3CBBHMAXM5,2025,2026-03-30,H4NJKAVXNED7
2025-06-GSAFAC-0000402515,LR3CBBHMAXM5,2025,2026-03-30,G95LD67WQ8N5
2025-06-GSAFAC-0000402515,LR3CBBHMAXM5,2025,2026-03-30,PES5P928DUM9
2025-06-GSAFAC-0000402515,LR3CBBHMAXM5,2025,2026-03-30,MRGAXGQBJDG8
2025-06-GSAFAC-0000402515,LR3CBBHMAXM5,2025,2026-03-30,R9HCGYUHLZ25
2025-06-GSAFAC-0000402515,LR3CBBHMAXM5,2025,2026-03-30,NCHWQFRJNHD8
2025-06-GSAFAC-0000402515,LR3CBBHMAXM5,2025,2026-03-30,FPENFM7VKMV3
2025-06-GSAFAC-0000402515,LR3CBBHMAXM5,2025,2026-03-30,QWEVJJ54B4T3
2025-06-GSAFAC-0000402515,LR3CBBHMAXM5,2025,2026-03-30,C1EEUPVD33S7
2025-06-GSAFAC-0000402515,LR3CBBHMAXM5,2025,2026-03-30,P3XNEJGCBJL4
2025-06-GSAFAC-0000402515,LR3CBBHMAXM5,2025,2026-03-30,QCCVRZ337NR7
2025-06-GSAFAC-0000402515,LR3CBBHMAXM5,2025,2026-03-30,ENPGQPJ3LFF5
2025-06-GSAFAC-0000402515,LR3CBBHMAXM5,2025,2026-03-30,MWB3SUM8RM87
2025-06-GSAFAC-0000402515,LR3CBBHMAXM5,2025,2026-03-30,MDCHHW2MSNN4
2025-06-GSAFAC-0000402515,LR3CBBHMAXM5,2025,2026-03-30,JG6AZK88SHK3
2025-06-GSAFAC-0000402515,LR3CBBHMAXM5,2025,2026-03-30,YD5BBG15KAJ5
2025-06-GSAFAC-0000402515,LR3CBBHMAXM5,2025,2026-03-30,SLC8K4SACKJ2
2025-06-GSAFAC-0000402515,LR3CBBHMAXM5,2025,2026-03-30,C1QJG7YJV7D6
2025-06-GSAFAC-0000402515,LR3CBBHMAXM5,2025,2026-03-30,ZULMG6SKWC21
2025-06-GSAFAC-0000402515,LR3CBBHMAXM5,2025,2026-03-30,N744P9T9WDJ4
2025-06-GSAFAC-0000402515,LR3CBBHMAXM5,2025,2026-03-30,LVVLGRGL97N3
2025-06-GSAFAC-0000402515,LR3CBBHMAXM5,2025,2026-03-30,XMZDU71JMZ77
2025-06-GSAFAC-0000402515,LR3CBBHMAXM5,2025,2026-03-30,L1LEHK8RF8L8
2025-06-GSAFAC-0000402515,LR3CBBHMAXM5,2025,2026-03-30,KSYKJMNG9NE6
2025-06-GSAFAC-0000402515,LR3CBBHMAXM5,2025,2026-03-30,V7PELH71XYR2
2025-06-GSAFAC-0000402515,LR3CBBHMAXM5,2025,2026-03-30,J5LFGLZR6AJ4
2025-06-GSAFAC-0000402515,LR3CBBHMAXM5,2025,2026-03-30,G8Z4ZEL35NT5
2025-06-GSAFAC-0000402515,LR3CBBHMAXM5,2025,2026-03-30,NCFANT5LML79
2025-06-GSAFAC-0000402515,LR3CBBHMAXM5,2025,2026-03-30,LMLXQL8JSDJ6
2025-06-GSAFAC-0000402515,LR3CBBHMAXM5,2025,2026-03-30,GGJZXNCMP1F8
2025-06-GSAFAC-0000402515,LR3CBBHMAXM5,2025,2026-03-30,EJVGNTNS8JT7
2025-06-GSAFAC-0000402515,LR3CBBHMAXM5,2025,2026-03-30,FSUPH3Z277W1
2025-06-GSAFAC-0000402515,LR3CBBHMAXM5,2025,2026-03-30,XSMHV7KJFXW7
2025-06-GSAFAC-0000402515,LR3CBBHMAXM5,2025,2026-03-30,VA88TEBCB8N8
2025-06-GSAFAC-0000402515,LR3CBBHMAXM5,2025,2026-03-30,CJWJY9SXJ7W8
2025-06-GSAFAC-0000402515,LR3CBBHMAXM5,2025,2026-03-30,H1TLKBP3R195
2025-06-GSAFAC-0000402515,LR3CBBHMAXM5,2025,2026-03-30,SPFMKCH4YCE9
2025-06-GSAFAC-0000402515,LR3CBBHMAXM5,2025,2026-03-30,HEDNKSJ2HJ17
2025-06-GSAFAC-0000402515,LR3CBBHMAXM5,2025,2026-03-30,JCSAB35B7GN4
2025-06-GSAFAC-0000402515,LR3CBBHMAXM5,2025,2026-03-30,E56TEAM7EST8
2025-06-GSAFAC-0000402515,LR3CBBHMAXM5,2025,2026-03-30,MKVTBLHMGLE5
2025-06-GSAFAC-0000402515,LR3CBBHMAXM5,2025,2026-03-30,YBH2U6432929
2025-06-GSAFAC-0000402515,LR3CBBHMAXM5,2025,2026-03-30,TDDLLDY6AWT4
2025-06-GSAFAC-0000402515,LR3CBBHMAXM5,2025,2026-03-30,Z98PWXSEXUS9
2025-06-GSAFAC-0000402515,LR3CBBHMAXM5,2025,2026-03-30,VJELM1Z6V548
2025-06-GSAFAC-0000402515,LR3CBBHMAXM5,2025,2026-03-30,N6KVCUU7LC61
2025-06-GSAFAC-0000402515,LR3CBBHMAXM5,2025,2026-03-30,DSALKBHYTEH1
2025-06-GSAFAC-0000402515,LR3CBBHMAXM5,2025,2026-03-30,WVR6ECT1G9F8
2025-06-GSAFAC-0000402515,LR3CBBHMAXM5,2025,2026-03-30,X6S5CJCRNGL7
2025-06-GSAFAC-0000402515,LR3CBBHMAXM5,2025,2026-03-30,J73TRBXFJKK5
2025-06-GSAFAC-0000402515,LR3CBBHMAXM5,2025,2026-03-30,YY12WQEHUAX9
2025-06-GSAFAC-0000402515,LR3CBBHMAXM5,2025,2026-03-30,SWWXVRDPS761
2025-06-GSAFAC-0000402515,LR3CBBHMAXM5,2025,2026-03-30,NNFQH1JAPEP3
2025-06-GSAFAC-0000402515,LR3CBBHMAXM5,2025,2026-03-30,WHE6X1RKMFH7
2025-06-GSAFAC-0000402515,LR3CBBHMAXM5,2025,2026-03-30,W8LKB16HV1K5
2025-06-GSAFAC-0000402515,LR3CBBHMAXM5,2025,2026-03-30,RD7MXJV7DKT9
2025-06-GSAFAC-0000402515,LR3CBBHMAXM5,2025,2026-03-30,CX4BZ4ZQA433
2025-06-GSAFAC-0000402515,LR3CBBHMAXM5,2025,2026-03-30,K5D1NNQKJNX5
2025-06-GSAFAC-0000402515,LR3CBBHMAXM5,2025,2026-03-30,Q266L2NDAVP1
2025-06-GSAFAC-0000402515,LR3CBBHMAXM5,2025,2026-03-30,WHXVFCB1F1E3
2025-06-GSAFAC-0000402515,LR3CBBHMAXM5,2025,2026-03-30,Q3KCVK5S9CP1
2025-06-GSAFAC-0000402515,LR3CBBHMAXM5,2025,2026-03-30,MHM6MGJFANE7
2025-06-GSAFAC-0000402515,LR3CBBHMAXM5,2025,2026-03-30,ENCFSMNC3PT1
2025-06-GSAFAC-0000402515,LR3CBBHMAXM5,2025,2026-03-30,D7QJX4DMZN53
2025-06-GSAFAC-0000402515,LR3CBBHMAXM5,2025,2026-03-30,RFKGNHR7ZH37
2025-06-GSAFAC-0000402515,LR3CBBHMAXM5,2025,2026-03-30,NY6GJ9NYNPL4
2025-06-GSAFAC-0000402515,LR3CBBHMAXM5,2025,2026-03-30,GKB5R3B9JGE4
2025-06-GSAFAC-0000402515,LR3CBBHMAXM5,2025,2026-03-30,XUYMD8YDE316
2025-06-GSAFAC-0000402515,LR3CBBHMAXM5,2025,2026-03-30,V1TLN6WL4E97
2025-06-GSAFAC-0000402515,LR3CBBHMAXM5,2025,2026-03-30,ULZMDBF4YKY7
2025-06-GSAFAC-0000402515,LR3CBBHMAXM5,2025,2026-03-30,HJ3JDZ916NF5
2025-06-GSAFAC-0000402515,LR3CBBHMAXM5,2025,2026-03-30,UFMRZARNHGF3
2025-06-GSAFAC-0000402515,LR3CBBHMAXM5,2025,2026-03-30,ME6HKXHMT3K7
2025-06-GSAFAC-0000402515,LR3CBBHMAXM5,2025,2026-03-30,JDGVTC7KJKX9
2025-06-GSAFAC-0000402515,LR3CBBHMAXM5,2025,2026-03-30,WELMNMBMYYZ8
2025-06-GSAFAC-0000402515,LR3CBBHMAXM5,2025,2026-03-30,J1QQFNP52814
2025-06-GSAFAC-0000402515,LR3CBBHMAXM5,2025,2026-03-30,JA7LKBABMNK4
2025-06-GSAFAC-0000402515,LR3CBBHMAXM5,2025,2026-03-30,JQ85JTZ3XBG5
2025-06-GSAFAC-0000402515,LR3CBBHMAXM5,2025,2026-03-30,L7LFTP29TTC9
2025-06-GSAFAC-0000402515,LR3CBBHMAXM5,2025,2026-03-30,QL99NE17B7Y7
2025-06-GSAFAC-0000402515,LR3CBBHMAXM5,2025,2026-03-30,M4ADM2P87AH9
2025-06-GSAFAC-0000402515,LR3CBBHMAXM5,2025,2026-03-30,D2MMU1JPWCH3
2025-06-GSAFAC-0000402515,LR3CBBHMAXM5,2025,2026-03-30,H9RCTSVWW211
2025-06-GSAFAC-0000406200,Y28BEBJ4MNU7,2025,2026-03-30,HQ5NMP5HLL53
2025-06-GSAFAC-0000406200,Y28BEBJ4MNU7,2025,2026-03-30,NKVZTLYHXJJ7
2025-06-GSAFAC-0000411897,KJNSFMC9KVD5,2025,2026-03-30,UEBEEPV69B58
2025-06-GSAFAC-0000411897,KJNSFMC9KVD5,2025,2026-03-30,MVQHLLNSKAN5
2025-06-GSAFAC-0000403896,LF77GRM3FWG5,2025,2026-03-30,CZLHXAXKJYX1
2025-06-GSAFAC-0000403896,LF77GRM3FWG5,2025,2026-03-30,DSGHK7LAZM39
2025-06-GSAFAC-0000403896,LF77GRM3FWG5,2025,2026-03-30,HTQ6K6NJFHA6
2025-06-GSAFAC-0000403896,LF77GRM3FWG5,2025,2026-03-30,G15AG3BLLMH4
2025-06-GSAFAC-0000403896,LF77GRM3FWG5,2025,2026-03-30,FZRNGQTKADH1
2025-06-GSAFAC-0000403896,LF77GRM3FWG5,2025,2026-03-30,JD2AKUCDBVV9
2025-06-GSAFAC-0000403896,LF77GRM3FWG5,2025,2026-03-30,VWL8DPVCRRN6
2025-06-GSAFAC-0000403896,LF77GRM3FWG5,2025,2026-03-30,J7QKTF7FLD62
2025-06-GSAFAC-0000403896,LF77GRM3FWG5,2025,2026-03-30,EADDMC8ZNM99
2025-06-GSAFAC-0000403896,LF77GRM3FWG5,2025,2026-03-30,M1T9PNB1LMB8
2025-06-GSAFAC-0000403896,LF77GRM3FWG5,2025,2026-03-30,MKE6P5WUFCZ7
2025-06-GSAFAC-0000403896,LF77GRM3FWG5,2025,2026-03-30,TLPZM7FTKBC2
2025-06-GSAFAC-0000404195,DAKHSD18MVG5,2025,2026-03-30,R7SKS7UK6277
2025-06-GSAFAC-0000413414,GPZTD5J5HM15,2025,2026-03-30,JM9YNMGKWLR1
2025-06-GSAFAC-0000410417,E2NYLCDML6V1,2025,2026-03-30,DZEVBBTALUN4
2025-06-GSAFAC-0000411914,NNYDFK5FTSX9,2025,2026-03-30,VMMJBLMMWSJ4
2025-06-GSAFAC-0000411914,NNYDFK5FTSX9,2025,2026-03-30,M5W7KZTMJLK5
2025-06-GSAFAC-0000411914,NNYDFK5FTSX9,2025,2026-03-30,T3B4DWYVH7L5
2025-06-GSAFAC-0000411914,NNYDFK5FTSX9,2025,2026-03-30,F5N2ANL5U6F3
2025-06-GSAFAC-0000411914,NNYDFK5FTSX9,2025,2026-03-30,GGRJCV1T94C6
2025-06-GSAFAC-0000385689,RS6DCM873FA3,2025,2026-03-30,LP3KDQULGJD4
2025-06-GSAFAC-0000411978,XXM3UKW7EYU3,2025,2026-03-30,C3THTEHZ7YJ5
2025-06-GSAFAC-0000407994,HYS6RGJFNKA6,2025,2026-03-30,NEWKZMJ1U345
2025-06-GSAFAC-0000407994,HYS6RGJFNKA6,2025,2026-03-30,X7ETR9DVJMA1
2024-09-GSAFAC-0000413090,EACYDAZE9PB6,2024,2026-03-30,KDR9XA66RAF1
2025-06-GSAFAC-0000398232,LJACYN6HKY48,2025,2026-03-30,FF1XVJMDYVR1
2025-06-GSAFAC-0000398232,LJACYN6HKY48,2025,2026-03-30,K9C5SPEVU3R3
2025-06-GSAFAC-0000408908,WHFRQVBXKB26,2025,2026-03-30,J3NKVM89ZLG4
2025-06-GSAFAC-0000408908,WHFRQVBXKB26,2025,2026-03-30,HUL4SZT2MLD8
2025-06-GSAFAC-0000408908,WHFRQVBXKB26,2025,2026-03-30,FS13A8M8WQM5
2025-06-GSAFAC-0000408908,WHFRQVBXKB26,2025,2026-03-30,HKFECAULCKN7
2025-06-GSAFAC-0000408908,WHFRQVBXKB26,2025,2026-03-30,QPGJB7SPDWY6
2025-06-GSAFAC-0000409524,TXKHAN6KC279,2025,2026-03-30,M15JGFKJEAW5
2025-06-GSAFAC-0000409524,TXKHAN6KC279,2025,2026-03-30,UHX3N32QRKV4
2025-06-GSAFAC-0000409524,TXKHAN6KC279,2025,2026-03-30,N5J6NGE88E85
2025-06-GSAFAC-0000409524,TXKHAN6KC279,2025,2026-03-30,DAAHXJ4LJNH4
2025-06-GSAFAC-0000409524,TXKHAN6KC279,2025,2026-03-30,H2VEJ45L6L79
2025-06-GSAFAC-0000409524,TXKHAN6KC279,2025,2026-03-30,CDMLJYKLJEH1
2025-06-GSAFAC-0000412604,F56HLRACHSH3,2025,2026-03-30,MWAZBEGYYJF3
2025-06-GSAFAC-0000412604,F56HLRACHSH3,2025,2026-03-30,HNVWNCUN8GM6
2025-06-GSAFAC-0000412604,F56HLRACHSH3,2025,2026-03-30,TDR4XXZKBE76
2025-06-GSAFAC-0000412604,F56HLRACHSH3,2025,2026-03-30,CA9BDK78W6M3
2025-06-GSAFAC-0000412604,F56HLRACHSH3,2025,2026-03-30,KFDFCYJ88MU1
2025-06-GSAFAC-0000412604,F56HLRACHSH3,2025,2026-03-30,V7SFK2KL6EQ4
2025-06-GSAFAC-0000412604,F56HLRACHSH3,2025,2026-03-30,LKB3FFEUGM23
2025-06-GSAFAC-0000412604,F56HLRACHSH3,2025,2026-03-30,F3Z1A8NQDND1
2025-06-GSAFAC-0000412604,F56HLRACHSH3,2025,2026-03-30,D14KULEY6ZJ1
2025-06-GSAFAC-0000411437,R8JPSXALG464,2025,2026-03-30,D1JFHB5MKDF5
2025-06-GSAFAC-0000411437,R8JPSXALG464,2025,2026-03-30,D39GLX1L3UR4
2025-06-GSAFAC-0000411437,R8JPSXALG464,2025,2026-03-30,DW8SM9A6YWR3
2025-06-GSAFAC-0000411437,R8JPSXALG464,2025,2026-03-30,HNUYLFNMNJR3
2025-06-GSAFAC-0000411437,R8JPSXALG464,2025,2026-03-30,L65GJ7JYWNP4
2025-06-GSAFAC-0000411437,R8JPSXALG464,2025,2026-03-30,UJSDBFWMWTS4
2025-06-GSAFAC-0000403204,L4FACR9F6GK7,2025,2026-03-30,C4CJPXNY9F81
2025-06-GSAFAC-0000403204,L4FACR9F6GK7,2025,2026-03-30,DBBKDE58TFT6
2025-06-GSAFAC-0000403204,L4FACR9F6GK7,2025,2026-03-30,E7CWVQKE29B7
2025-06-GSAFAC-0000403204,L4FACR9F6GK7,2025,2026-03-30,EMAQAGESAA51
2025-06-GSAFAC-0000403204,L4FACR9F6GK7,2025,2026-03-30,G6ZMNLKUQXB1
2025-06-GSAFAC-0000403204,L4FACR9F6GK7,2025,2026-03-30,HWPCZ1P4A2Y9
2025-06-GSAFAC-0000403204,L4FACR9F6GK7,2025,2026-03-30,KEHKL6K4QVS6
2025-06-GSAFAC-0000403204,L4FACR9F6GK7,2025,2026-03-30,KLP5R9JAVN81
2025-06-GSAFAC-0000403204,L4FACR9F6GK7,2025,2026-03-30,NA1ZGSULWWE3
2025-06-GSAFAC-0000403204,L4FACR9F6GK7,2025,2026-03-30,R118KPMBKJD7
2025-06-GSAFAC-0000403204,L4FACR9F6GK7,2025,2026-03-30,TNXUKLAJHM24
2025-06-GSAFAC-0000403204,L4FACR9F6GK7,2025,2026-03-30,VM7BJHY4VPV4
2025-06-GSAFAC-0000403204,L4FACR9F6GK7,2025,2026-03-30,WKZGZF6SLZ93
2025-06-GSAFAC-0000413206,PMELJCUDNL17,2025,2026-03-30,MYZ6FGLDX1K4
2025-06-GSAFAC-0000413206,PMELJCUDNL17,2025,2026-03-30,TNQQV2XTRUP9
2025-06-GSAFAC-0000413206,PMELJCUDNL17,2025,2026-03-30,LLLFAZARJZD6
2025-06-GSAFAC-0000413206,PMELJCUDNL17,2025,2026-03-30,KBLPFKKQMJ87
2025-06-GSAFAC-0000413206,PMELJCUDNL17,2025,2026-03-30,C35RVNCULJN5
2025-06-GSAFAC-0000413206,PMELJCUDNL17,2025,2026-03-30,V21SL292G8J7
2025-06-GSAFAC-0000413206,PMELJCUDNL17,2025,2026-03-30,TJURX4A9KDC5
2025-06-GSAFAC-0000413206,PMELJCUDNL17,2025,2026-03-30,JU7XZBC56KJ4
2025-06-GSAFAC-0000413206,PMELJCUDNL17,2025,2026-03-30,XYNVGA9MLGN7
2025-06-GSAFAC-0000413206,PMELJCUDNL17,2025,2026-03-30,JSFAKPEEWFC3
2025-06-GSAFAC-0000413206,PMELJCUDNL17,2025,2026-03-30,PLC6GU3KSL55
2025-06-GSAFAC-0000402334,CJJKBJKFAHM9,2025,2026-03-30,JC4KQ6JE1HY1
2025-06-GSAFAC-0000402334,CJJKBJKFAHM9,2025,2026-03-30,KPJ4R2MVLRA6
2025-06-GSAFAC-0000402334,CJJKBJKFAHM9,2025,2026-03-30,G6NJRTDKC6J5
2025-06-GSAFAC-0000402334,CJJKBJKFAHM9,2025,2026-03-30,VAHXFBLGVHE1
2025-06-GSAFAC-0000402334,CJJKBJKFAHM9,2025,2026-03-30,XLC1LZKTVK17
2025-06-GSAFAC-0000402334,CJJKBJKFAHM9,2025,2026-03-30,KGSAVNB1JEK3
2025-06-GSAFAC-0000402334,CJJKBJKFAHM9,2025,2026-03-30,RZLCPNEEJDC5
2025-06-GSAFAC-0000402334,CJJKBJKFAHM9,2025,2026-03-30,NYJHJ2PGKVJ1
2025-06-GSAFAC-0000412108,ZNTTNLCC5NL1,2025,2026-03-30,GNMNNG7PDF28
2025-06-GSAFAC-0000412108,ZNTTNLCC5NL1,2025,2026-03-30,G3WLJ81YCMJ4
2025-06-GSAFAC-0000412108,ZNTTNLCC5NL1,2025,2026-03-30,WBK9D28VFJU7
2025-06-GSAFAC-0000412108,ZNTTNLCC5NL1,2025,2026-03-30,EFTKS7KKCEC5
2025-06-GSAFAC-0000400420,QPCQDKA2MMJ7,2025,2026-03-30,K3VRQMN5MH85
2025-06-GSAFAC-0000400420,QPCQDKA2MMJ7,2025,2026-03-30,FHEGY1AKQHT8
2025-06-GSAFAC-0000400420,QPCQDKA2MMJ7,2025,2026-03-30,SUF7M12KVEZ3
2025-06-GSAFAC-0000400420,QPCQDKA2MMJ7,2025,2026-03-30,DN6KEKHM62D4
2025-06-GSAFAC-0000400420,QPCQDKA2MMJ7,2025,2026-03-30,QT6HEUSP79A3
2025-06-GSAFAC-0000400420,QPCQDKA2MMJ7,2025,2026-03-30,NX4BZP4JS4W5
2025-06-GSAFAC-0000400420,QPCQDKA2MMJ7,2025,2026-03-30,XMH8Q7HNB375
2025-06-GSAFAC-0000400420,QPCQDKA2MMJ7,2025,2026-03-30,RWCHBD9SK2K6
2025-06-GSAFAC-0000400420,QPCQDKA2MMJ7,2025,2026-03-30,HFVALAJLM8A3
2025-06-GSAFAC-0000400420,QPCQDKA2MMJ7,2025,2026-03-30,SSMYSXM9Z9T1
2025-06-GSAFAC-0000400420,QPCQDKA2MMJ7,2025,2026-03-30,L57JK4SRQ1G8
2025-06-GSAFAC-0000400420,QPCQDKA2MMJ7,2025,2026-03-30,FDMPRGFLKBC9
2025-06-GSAFAC-0000400420,QPCQDKA2MMJ7,2025,2026-03-30,TZ6CDVJC23J9
2025-06-GSAFAC-0000400420,QPCQDKA2MMJ7,2025,2026-03-30,KEU4FJBL3XA7
2025-06-GSAFAC-0000400420,QPCQDKA2MMJ7,2025,2026-03-30,JR4DTGD44W17
2025-06-GSAFAC-0000400420,QPCQDKA2MMJ7,2025,2026-03-30,KR79TVEHESC4
2025-06-GSAFAC-0000400420,QPCQDKA2MMJ7,2025,2026-03-30,LU2ET7JT81S1
2025-06-GSAFAC-0000400420,QPCQDKA2MMJ7,2025,2026-03-30,ZEV3S8J56863
2025-06-GSAFAC-0000407708,WEJHV7JZPML3,2025,2026-03-31,S79KPMPDZA69
2025-06-GSAFAC-0000404702,KV6CGYPGAQN8,2025,2026-03-31,D5PHWFJBFM56
2025-06-GSAFAC-0000404702,KV6CGYPGAQN8,2025,2026-03-31,DA2MMMDM3CM7
2025-06-GSAFAC-0000404702,KV6CGYPGAQN8,2025,2026-03-31,DBP4N9GHCA14
2025-06-GSAFAC-0000404702,KV6CGYPGAQN8,2025,2026-03-31,DE15G2NNQKK7
2025-06-GSAFAC-0000404702,KV6CGYPGAQN8,2025,2026-03-31,DM7JV6MBJNJ7
2025-06-GSAFAC-0000404702,KV6CGYPGAQN8,2025,2026-03-31,DMYJV6MBJNJ7
2025-06-GSAFAC-0000404702,KV6CGYPGAQN8,2025,2026-03-31,DSLBUJCUJK53
2025-06-GSAFAC-0000404702,KV6CGYPGAQN8,2025,2026-03-31,DX4EMXG6KC11
2025-06-GSAFAC-0000404702,KV6CGYPGAQN8,2025,2026-03-31,DYWQWDJGUNS7
2025-06-GSAFAC-0000404702,KV6CGYPGAQN8,2025,2026-03-31,E1QDDXKJ1KV5
2025-06-GSAFAC-0000404702,KV6CGYPGAQN8,2025,2026-03-31,E26YS4VLAJG4
2025-06-GSAFAC-0000404702,KV6CGYPGAQN8,2025,2026-03-31,E557HM9TKJ17
2025-06-GSAFAC-0000404702,KV6CGYPGAQN8,2025,2026-03-31,EAJUAUXDNC83
2025-06-GSAFAC-0000404702,KV6CGYPGAQN8,2025,2026-03-31,EDCWFC9MXLC5
2025-06-GSAFAC-0000404702,KV6CGYPGAQN8,2025,2026-03-31,EGSHAMA91NV3
2025-06-GSAFAC-0000404702,KV6CGYPGAQN8,2025,2026-03-31,ELGJGDBHW1L5
2025-06-GSAFAC-0000404702,KV6CGYPGAQN8,2025,2026-03-31,EYLLYGXKRYC8
2025-06-GSAFAC-0000404702,KV6CGYPGAQN8,2025,2026-03-31,EZATJ6KJBHM8
2025-06-GSAFAC-0000404702,KV6CGYPGAQN8,2025,2026-03-31,EZDTAKAXMEM1
2025-06-GSAFAC-0000404702,KV6CGYPGAQN8,2025,2026-03-31,F3KLZWYMMYB5
2025-06-GSAFAC-0000404702,KV6CGYPGAQN8,2025,2026-03-31,F4NWN7TPEZ58
2025-06-GSAFAC-0000404702,KV6CGYPGAQN8,2025,2026-03-31,F8QQUZCG4YM6
2025-06-GSAFAC-0000404702,KV6CGYPGAQN8,2025,2026-03-31,FD1MYFNNHYC7
2025-06-GSAFAC-0000404702,KV6CGYPGAQN8,2025,2026-03-31,FHFERCHHD583
2025-06-GSAFAC-0000404702,KV6CGYPGAQN8,2025,2026-03-31,FSCUKYQMM916
2025-06-GSAFAC-0000404702,KV6CGYPGAQN8,2025,2026-03-31,FSZLLQM5JDD1
2025-06-GSAFAC-0000404702,KV6CGYPGAQN8,2025,2026-03-31,FYJALXB1EL42
2025-06-GSAFAC-0000404702,KV6CGYPGAQN8,2025,2026-03-31,G36NU7YJK4U6
2025-06-GSAFAC-0000404702,KV6CGYPGAQN8,2025,2026-03-31,GDBGVJMFHYP4
2025-06-GSAFAC-0000404702,KV6CGYPGAQN8,2025,2026-03-31,GHHNA7WTPKC5
2025-06-GSAFAC-0000404702,KV6CGYPGAQN8,2025,2026-03-31,GJKNWWCG6J26
2025-06-GSAFAC-0000404702,KV6CGYPGAQN8,2025,2026-03-31,GJNPQWGNJ8P7
2025-06-GSAFAC-0000404702,KV6CGYPGAQN8,2025,2026-03-31,GKEYJ8WYYFN4
2025-06-GSAFAC-0000404702,KV6CGYPGAQN8,2025,2026-03-31,GS4HPMAP57Q5
2025-06-GSAFAC-0000404702,KV6CGYPGAQN8,2025,2026-03-31,GVAGLUYUBLJ8
2025-06-GSAFAC-0000404702,KV6CGYPGAQN8,2025,2026-03-31,GZA4TRNLL8J9
2025-06-GSAFAC-0000404702,KV6CGYPGAQN8,2025,2026-03-31,H1G4XETFE6T9
2025-06-GSAFAC-0000404702,KV6CGYPGAQN8,2025,2026-03-31,H2Y4CLBB54T5
2025-06-GSAFAC-0000404702,KV6CGYPGAQN8,2025,2026-03-31,HQUJY91V8XK8
2025-06-GSAFAC-0000404702,KV6CGYPGAQN8,2025,2026-03-31,J93WN7LTZ1D5
2025-06-GSAFAC-0000404702,KV6CGYPGAQN8,2025,2026-03-31,K37MZYKNKL68
2025-06-GSAFAC-0000404702,KV6CGYPGAQN8,2025,2026-03-31,K5VFF7TELKL3
2025-06-GSAFAC-0000404702,KV6CGYPGAQN8,2025,2026-03-31,KPL7E2MG16E4
2025-06-GSAFAC-0000404702,KV6CGYPGAQN8,2025,2026-03-31,KWG5JV11RSH3
2025-06-GSAFAC-0000404702,KV6CGYPGAQN8,2025,2026-03-31,KZM6NYB9EZP2
2025-06-GSAFAC-0000404702,KV6CGYPGAQN8,2025,2026-03-31,LCKYDJ3SJZY7
2025-06-GSAFAC-0000404702,KV6CGYPGAQN8,2025,2026-03-31,LHMCTJMK1XG3
2025-06-GSAFAC-0000404702,KV6CGYPGAQN8,2025,2026-03-31,LHZLULA34A15
2025-06-GSAFAC-0000404702,KV6CGYPGAQN8,2025,2026-03-31,LK4YKNCKXG45
2025-06-GSAFAC-0000404702,KV6CGYPGAQN8,2025,2026-03-31,LSM7KYQQCVY5
2025-06-GSAFAC-0000404702,KV6CGYPGAQN8,2025,2026-03-31,LX4WUTA57963
2025-06-GSAFAC-0000404702,KV6CGYPGAQN8,2025,2026-03-31,LYZNJKGJRSZ9
2025-06-GSAFAC-0000404702,KV6CGYPGAQN8,2025,2026-03-31,MAAETULQ5LK4
2025-06-GSAFAC-0000404702,KV6CGYPGAQN8,2025,2026-03-31,ME1UM54138T7
2025-06-GSAFAC-0000404702,KV6CGYPGAQN8,2025,2026-03-31,MECEHTM8DB17
2025-06-GSAFAC-0000404702,KV6CGYPGAQN8,2025,2026-03-31,MGA6E9VELKK4
2025-06-GSAFAC-0000404702,KV6CGYPGAQN8,2025,2026-03-31,MGRMKUVLKGG5
2025-06-GSAFAC-0000404702,KV6CGYPGAQN8,2025,2026-03-31,MQY8KXT65JD3
2025-06-GSAFAC-0000404702,KV6CGYPGAQN8,2025,2026-03-31,MVS1R3U56M17
2025-06-GSAFAC-0000404702,KV6CGYPGAQN8,2025,2026-03-31,N4EYXLDJ5ZD7
2025-06-GSAFAC-0000404702,KV6CGYPGAQN8,2025,2026-03-31,N6MHGBFGKL13
2025-06-GSAFAC-0000404702,KV6CGYPGAQN8,2025,2026-03-31,N6N7V9M11757
2025-06-GSAFAC-0000404702,KV6CGYPGAQN8,2025,2026-03-31,NAGKMWE5PS34
2025-06-GSAFAC-0000404702,KV6CGYPGAQN8,2025,2026-03-31,NAQDVQJKL199
2025-06-GSAFAC-0000404702,KV6CGYPGAQN8,2025,2026-03-31,NPFLJZH5GAN7
2025-06-GSAFAC-0000404702,KV6CGYPGAQN8,2025,2026-03-31,NRP9LN4J8G56
2025-06-GSAFAC-0000404702,KV6CGYPGAQN8,2025,2026-03-31,P4MJBQ5J3EW5
2025-06-GSAFAC-0000404702,KV6CGYPGAQN8,2025,2026-03-31,PJAYR1JHSJT1
2025-06-GSAFAC-0000404702,KV6CGYPGAQN8,2025,2026-03-31,PMCEXB27BJW8
2025-06-GSAFAC-0000404702,KV6CGYPGAQN8,2025,2026-03-31,QMHWYGPV2FN6
2025-06-GSAFAC-0000404702,KV6CGYPGAQN8,2025,2026-03-31,QTYLNM2KRM13
2025-06-GSAFAC-0000404702,KV6CGYPGAQN8,2025,2026-03-31,QYNYRKBYCBM9
2025-06-GSAFAC-0000404702,KV6CGYPGAQN8,2025,2026-03-31,R31WJLKQ1J34
2025-06-GSAFAC-0000404702,KV6CGYPGAQN8,2025,2026-03-31,R5GDQAB5JNJ3
2025-06-GSAFAC-0000404702,KV6CGYPGAQN8,2025,2026-03-31,RG59B138GA85
2025-06-GSAFAC-0000404702,KV6CGYPGAQN8,2025,2026-03-31,RHWHQST96HC5
2025-06-GSAFAC-0000404702,KV6CGYPGAQN8,2025,2026-03-31,RQ7REY2NYZJ3
2025-06-GSAFAC-0000404702,KV6CGYPGAQN8,2025,2026-03-31,RY6FJCGMCTR7
2025-06-GSAFAC-0000404702,KV6CGYPGAQN8,2025,2026-03-31,S7D9A3W4TDT7
2025-06-GSAFAC-0000404702,KV6CGYPGAQN8,2025,2026-03-31,SMGNXAWNMER3
2025-06-GSAFAC-0000404702,KV6CGYPGAQN8,2025,2026-03-31,SYB9UJV328L9
2025-06-GSAFAC-0000404702,KV6CGYPGAQN8,2025,2026-03-31,TBHGGQ7E34E9
2025-06-GSAFAC-0000404702,KV6CGYPGAQN8,2025,2026-03-31,TMVUXN4QG7L7
2025-06-GSAFAC-0000404702,KV6CGYPGAQN8,2025,2026-03-31,TRMDNABWE872
2025-06-GSAFAC-0000404702,KV6CGYPGAQN8,2025,2026-03-31,U9GQWG2L9ZQ3
2025-06-GSAFAC-0000404702,KV6CGYPGAQN8,2025,2026-03-31,UJ4DL1HJNZ18
2025-06-GSAFAC-0000404702,KV6CGYPGAQN8,2025,2026-03-31,USE2GQLTXJT3
2025-06-GSAFAC-0000404702,KV6CGYPGAQN8,2025,2026-03-31,UZEEHVEH5LJ5
2025-06-GSAFAC-0000404702,KV6CGYPGAQN8,2025,2026-03-31,VDFYLZPJEAV6
2025-06-GSAFAC-0000404702,KV6CGYPGAQN8,2025,2026-03-31,VDLHHGQQM9D6
2025-06-GSAFAC-0000404702,KV6CGYPGAQN8,2025,2026-03-31,VDN3ZMWG7KT1
2025-06-GSAFAC-0000404702,KV6CGYPGAQN8,2025,2026-03-31,WJNTJ7LBL823
2025-06-GSAFAC-0000404702,KV6CGYPGAQN8,2025,2026-03-31,WKTWM5W9GS98
2025-06-GSAFAC-0000404702,KV6CGYPGAQN8,2025,2026-03-31,WNB3K76H5G93
2025-06-GSAFAC-0000404702,KV6CGYPGAQN8,2025,2026-03-31,X8NKEAEC8NR3
2025-06-GSAFAC-0000404702,KV6CGYPGAQN8,2025,2026-03-31,XQYZZHVHG6Y4
2025-06-GSAFAC-0000404702,KV6CGYPGAQN8,2025,2026-03-31,XU15JJ7JKMD6
2025-06-GSAFAC-0000404702,KV6CGYPGAQN8,2025,2026-03-31,Y5RXM5KU2ME5
2025-06-GSAFAC-0000404702,KV6CGYPGAQN8,2025,2026-03-31,YH49DNM6YDZ8
2025-06-GSAFAC-0000404702,KV6CGYPGAQN8,2025,2026-03-31,YUP8JFFJQVG2
2025-06-GSAFAC-0000404702,KV6CGYPGAQN8,2025,2026-03-31,YUSZKV4M44D5
2025-06-GSAFAC-0000404702,KV6CGYPGAQN8,2025,2026-03-31,YZDPQJVG96J3
2025-06-GSAFAC-0000404702,KV6CGYPGAQN8,2025,2026-03-31,ZG4YU6Q67JD4
2025-06-GSAFAC-0000404702,KV6CGYPGAQN8,2025,2026-03-31,ZMEWGRBNJR56
2025-06-GSAFAC-0000404167,C2DLB45CN5D3,2025,2026-03-31,PJN6VQ3J6MS8
2025-06-GSAFAC-0000404167,C2DLB45CN5D3,2025,2026-03-31,GLPELEGJAKU7
2025-06-GSAFAC-0000404167,C2DLB45CN5D3,2025,2026-03-31,HQLNGSHZMMC6
2025-06-GSAFAC-0000404167,C2DLB45CN5D3,2025,2026-03-31,LXAUF84GZFA4
2025-06-GSAFAC-0000412724,N3MLDJDPQAA3,2025,2026-03-31,GYGQQNNMW8N9
2025-06-GSAFAC-0000412724,N3MLDJDPQAA3,2025,2026-03-31,GCGYM9DSYHE6
2025-06-GSAFAC-0000412724,N3MLDJDPQAA3,2025,2026-03-31,QJFYL3HDDEG7
2025-06-GSAFAC-0000412724,N3MLDJDPQAA3,2025,2026-03-31,LNGXAKMH8J26
2025-06-GSAFAC-0000412724,N3MLDJDPQAA3,2025,2026-03-31,K8VMR2XLNGY1
2025-06-GSAFAC-0000412724,N3MLDJDPQAA3,2025,2026-03-31,Q3VKM3RPLJJ3
2025-06-GSAFAC-0000412724,N3MLDJDPQAA3,2025,2026-03-31,XMVWNDM58WG7
2025-06-GSAFAC-0000412724,N3MLDJDPQAA3,2025,2026-03-31,HEKKHJAQMM98
2025-06-GSAFAC-0000412724,N3MLDJDPQAA3,2025,2026-03-31,N9CAKFVHXKW3
2025-06-GSAFAC-0000412724,N3MLDJDPQAA3,2025,2026-03-31,NWWVYBDGW2Y7
2025-06-GSAFAC-0000412724,N3MLDJDPQAA3,2025,2026-03-31,DFBRR69HJVE3
2025-06-GSAFAC-0000412724,N3MLDJDPQAA3,2025,2026-03-31,FDL6G1DRUB38
2025-06-GSAFAC-0000412724,N3MLDJDPQAA3,2025,2026-03-31,WMGFT1NVC9J3
2025-06-GSAFAC-0000410717,EL5KEUKQ2E85,2025,2026-03-31,DTCFKJMAEYR9
2025-06-GSAFAC-0000410717,EL5KEUKQ2E85,2025,2026-03-31,JA88KSVXXL39
2025-06-GSAFAC-0000410717,EL5KEUKQ2E85,2025,2026-03-31,WXD4FF9LVAU7
2025-06-GSAFAC-0000410717,EL5KEUKQ2E85,2025,2026-03-31,KRU2VH7TWPP4
2025-06-GSAFAC-0000410717,EL5KEUKQ2E85,2025,2026-03-31,E65FMR2AUM29
2025-06-GSAFAC-0000410717,EL5KEUKQ2E85,2025,2026-03-31,Y5J1KNCKKL53
2025-06-GSAFAC-0000410717,EL5KEUKQ2E85,2025,2026-03-31,HJ92S7JJL6D9
2025-06-GSAFAC-0000410717,EL5KEUKQ2E85,2025,2026-03-31,Y8E8BLDWL7C7
2025-06-GSAFAC-0000407821,PJNBQCF7J2N7,2025,2026-03-31,ZNYGQQMRSTT7
2025-06-GSAFAC-0000407821,PJNBQCF7J2N7,2025,2026-03-31,MJM3N3LLKDT4
2025-06-GSAFAC-0000407821,PJNBQCF7J2N7,2025,2026-03-31,EJUHRGJ2LFP1
2025-06-GSAFAC-0000407821,PJNBQCF7J2N7,2025,2026-03-31,JJLBKPMZKKG5
2025-06-GSAFAC-0000408930,PDNNR2MS6AX3,2025,2026-03-31,D2LRTRND24F5
2025-06-GSAFAC-0000408930,PDNNR2MS6AX3,2025,2026-03-31,D466LBA66QM6
2024-12-GSAFAC-0000410408,D65JCDLV2LE5,2024,2026-03-31,KCY7DHMAPE38
2025-06-GSAFAC-0000411068,TKVYGF83N5J3,2025,2026-03-31,W72SH554K1H5
2025-06-GSAFAC-0000405855,KTTQP5D3JDY7,2025,2026-03-31,XY8AAU6NJLK9
2025-06-GSAFAC-0000408110,PYK7WKBV8DJ5,2025,2026-03-31,RM5YTPY4VK11
2025-06-GSAFAC-0000408110,PYK7WKBV8DJ5,2025,2026-03-31,W6J6NATNK6J5
2025-06-GSAFAC-0000408110,PYK7WKBV8DJ5,2025,2026-03-31,FMRMLANNMVRS
2025-06-GSAFAC-0000408110,PYK7WKBV8DJ5,2025,2026-03-31,GN7RSED19W48
2025-06-GSAFAC-0000408110,PYK7WKBV8DJ5,2025,2026-03-31,NZMMW61JQTC8
2025-06-GSAFAC-0000408110,PYK7WKBV8DJ5,2025,2026-03-31,FFKFBWSX12E6
2025-06-GSAFAC-0000408110,PYK7WKBV8DJ5,2025,2026-03-31,U12NSPK6E3J7
2025-06-GSAFAC-0000408110,PYK7WKBV8DJ5,2025,2026-03-31,MMJEPADFKXF3
2025-06-GSAFAC-0000408110,PYK7WKBV8DJ5,2025,2026-03-31,NDGJNKX6HVV4
2025-06-GSAFAC-0000408110,PYK7WKBV8DJ5,2025,2026-03-31,JLMFSATW7L49
2025-06-GSAFAC-0000408110,PYK7WKBV8DJ5,2025,2026-03-31,K36XUW21GZG3
2025-06-GSAFAC-0000408110,PYK7WKBV8DJ5,2025,2026-03-31,EDLLT4JTNC64
2025-06-GSAFAC-0000408110,PYK7WKBV8DJ5,2025,2026-03-31,W642L6XKV4A4
2025-06-GSAFAC-0000408110,PYK7WKBV8DJ5,2025,2026-03-31,MY84UCCN9KU7
2025-06-GSAFAC-0000408110,PYK7WKBV8DJ5,2025,2026-03-31,HMPJT7G2YKJ1
2025-06-GSAFAC-0000408110,PYK7WKBV8DJ5,2025,2026-03-31,LKKVP5GP67A6
2025-06-GSAFAC-0000408110,PYK7WKBV8DJ5,2025,2026-03-31,C24TZTEXR6Q3
2025-06-GSAFAC-0000408110,PYK7WKBV8DJ5,2025,2026-03-31,DHQVY2WCVHC5
2025-06-GSAFAC-0000408110,PYK7WKBV8DJ5,2025,2026-03-31,C9VSHGHNKGQ6
2025-06-GSAFAC-0000408110,PYK7WKBV8DJ5,2025,2026-03-31,QGDQJ5B8ZU95
2025-06-GSAFAC-0000408110,PYK7WKBV8DJ5,2025,2026-03-31,J34ULGUQP9X3
2025-06-GSAFAC-0000408110,PYK7WKBV8DJ5,2025,2026-03-31,M5FUE2N6U6S3
2025-06-GSAFAC-0000408110,PYK7WKBV8DJ5,2025,2026-03-31,Z8F8LDJUJ2W3
2025-06-GSAFAC-0000408110,PYK7WKBV8DJ5,2025,2026-03-31,JZWMTW5E9R62
2025-06-GSAFAC-0000408110,PYK7WKBV8DJ5,2025,2026-03-31,DZ7JQJU4BTA1
2025-06-GSAFAC-0000408110,PYK7WKBV8DJ5,2025,2026-03-31,CNLPHNANKEN7
2025-06-GSAFAC-0000408110,PYK7WKBV8DJ5,2025,2026-03-31,VBRKNZ9E3Q11
2025-06-GSAFAC-0000408110,PYK7WKBV8DJ5,2025,2026-03-31,QVEBFMQS6CT7
2025-06-GSAFAC-0000408110,PYK7WKBV8DJ5,2025,2026-03-31,JL4EX4R4A647
2025-06-GSAFAC-0000407113,Q35KCJJNN3J3,2025,2026-03-31,DEDCLBH5GBC3
2025-06-GSAFAC-0000407113,Q35KCJJNN3J3,2025,2026-03-31,XD8EQMV7EUV5
2025-06-GSAFAC-0000409204,SJGRH7XMSBK6,2025,2026-03-31,HWL3FAHX9NA3
2025-06-GSAFAC-0000409204,SJGRH7XMSBK6,2025,2026-03-31,W4Z5MEE2X3J5
2025-06-GSAFAC-0000409204,SJGRH7XMSBK6,2025,2026-03-31,MDELWJR64KG1
2025-06-GSAFAC-0000409204,SJGRH7XMSBK6,2025,2026-03-31,Z3MPV554MWM8
2025-06-GSAFAC-0000409204,SJGRH7XMSBK6,2025,2026-03-31,ML5KEKN6WXY1
2025-06-GSAFAC-0000409594,GND2A7FK4X21,2025,2026-03-31,YDMHTK4HXNS3
2025-06-GSAFAC-0000410772,PD97FDSY5TH6,2025,2026-03-31,KEAAR14Q8JE8
2025-06-GSAFAC-0000414003,CJC2AXMKDSB6,2025,2026-03-31,J8D7C2NNH7G3
2025-06-GSAFAC-0000406236,RYDDMCDJBYM8,2025,2026-03-31,CSPKTNFG6BL6
2025-06-GSAFAC-0000406236,RYDDMCDJBYM8,2025,2026-03-31,JDH5N2KGDLT7
2025-06-GSAFAC-0000406236,RYDDMCDJBYM8,2025,2026-03-31,JDEAQSCUA2U5
2025-06-GSAFAC-0000406236,RYDDMCDJBYM8,2025,2026-03-31,VD77K2PK29Y5
2025-06-GSAFAC-0000406236,RYDDMCDJBYM8,2025,2026-03-31,JAS2XVLR7LJ5
2025-06-GSAFAC-0000406236,RYDDMCDJBYM8,2025,2026-03-31,GHKZME83CGG9
2025-06-GSAFAC-0000406236,RYDDMCDJBYM8,2025,2026-03-31,RYE3EYNYG9U9
2025-06-GSAFAC-0000406236,RYDDMCDJBYM8,2025,2026-03-31,CMLVJMDNMLZ9
2025-06-GSAFAC-0000406236,RYDDMCDJBYM8,2025,2026-03-31,E7LDWBZ7MNE8
2025-06-GSAFAC-0000406236,RYDDMCDJBYM8,2025,2026-03-31,XFXRFN6K8648
2025-06-GSAFAC-0000406236,RYDDMCDJBYM8,2025,2026-03-31,F94VNM34TZC8
2025-06-GSAFAC-0000406236,RYDDMCDJBYM8,2025,2026-03-31,GLJLA2WMK5P3
2025-06-GSAFAC-0000406236,RYDDMCDJBYM8,2025,2026-03-31,H739QJN44BA8
2025-06-GSAFAC-0000406236,RYDDMCDJBYM8,2025,2026-03-31,MJCZMAJFKV84
2025-06-GSAFAC-0000406236,RYDDMCDJBYM8,2025,2026-03-31,YDATM3G5EZ59
2025-06-GSAFAC-0000406236,RYDDMCDJBYM8,2025,2026-03-31,PVYGD5Y8RN98
2025-06-GSAFAC-0000406236,RYDDMCDJBYM8,2025,2026-03-31,P6RNAZEDKHE8
2025-06-GSAFAC-0000406236,RYDDMCDJBYM8,2025,2026-03-31,D1KXPAX381H1
2025-06-GSAFAC-0000406236,RYDDMCDJBYM8,2025,2026-03-31,MTXKH9WP4JN6
2025-06-GSAFAC-0000406236,RYDDMCDJBYM8,2025,2026-03-31,K2V7WLAP3CY8
2025-06-GSAFAC-0000406236,RYDDMCDJBYM8,2025,2026-03-31,LRP1T24SH4N4
2025-06-GSAFAC-0000406236,RYDDMCDJBYM8,2025,2026-03-31,Q28CA1L2WPV7
2025-06-GSAFAC-0000406236,RYDDMCDJBYM8,2025,2026-03-31,NFKNNMDQVQD1
2025-06-GSAFAC-0000406236,RYDDMCDJBYM8,2025,2026-03-31,VAL7N8VS7L99
2025-06-GSAFAC-0000406236,RYDDMCDJBYM8,2025,2026-03-31,ZJNXUJJ24UH6
2025-06-GSAFAC-0000406236,RYDDMCDJBYM8,2025,2026-03-31,Q7SKPZ7H6G89
2025-06-GSAFAC-0000412760,GUY7LFQK7984,2025,2026-03-31,T89AADPFR3R3
2025-06-GSAFAC-0000412760,GUY7LFQK7984,2025,2026-03-31,C1J1U459TLV5
2025-06-GSAFAC-0000410681,RFKAVNHKKVB3,2025,2026-03-31,KBJ9KVB79343
2025-06-GSAFAC-0000410681,RFKAVNHKKVB3,2025,2026-03-31,F2L2XYXJ6FU5
2025-06-GSAFAC-0000410681,RFKAVNHKKVB3,2025,2026-03-31,HACGVNBUUD88
2025-06-GSAFAC-0000410681,RFKAVNHKKVB3,2025,2026-03-31,LTB7PA1M5UK1
2025-06-GSAFAC-0000410681,RFKAVNHKKVB3,2025,2026-03-31,TPFWBBEV87B3
2025-06-GSAFAC-0000410681,RFKAVNHKKVB3,2025,2026-03-31,SM69X1VBWFJ9
2025-06-GSAFAC-0000410681,RFKAVNHKKVB3,2025,2026-03-31,UR1LGHLZWL39
2025-06-GSAFAC-0000410681,RFKAVNHKKVB3,2025,2026-03-31,YUXTKSD2ABS6
2025-06-GSAFAC-0000410681,RFKAVNHKKVB3,2025,2026-03-31,YQM2BVTVQLH4
2025-06-GSAFAC-0000396391,VK2DNC86A4Q2,2025,2026-03-31,CGMNLR4MXJV7
2025-06-GSAFAC-0000396391,VK2DNC86A4Q2,2025,2026-03-31,DLF8LQSQDJA5
2025-06-GSAFAC-0000396391,VK2DNC86A4Q2,2025,2026-03-31,EC66NKKCME74
2025-06-GSAFAC-0000396391,VK2DNC86A4Q2,2025,2026-03-31,ED23QCVBME75
2025-06-GSAFAC-0000396391,VK2DNC86A4Q2,2025,2026-03-31,G2J6EHYDKP79
2025-06-GSAFAC-0000396391,VK2DNC86A4Q2,2025,2026-03-31,GKZNLM677KT6
2025-06-GSAFAC-0000396391,VK2DNC86A4Q2,2025,2026-03-31,GQCJMJQPGBV6
2025-06-GSAFAC-0000396391,VK2DNC86A4Q2,2025,2026-03-31,H38QT5AFZGL3
2025-06-GSAFAC-0000396391,VK2DNC86A4Q2,2025,2026-03-31,HK7KYKUGQJJ9
2025-06-GSAFAC-0000396391,VK2DNC86A4Q2,2025,2026-03-31,HNJKNXYHMDE3
2025-06-GSAFAC-0000396391,VK2DNC86A4Q2,2025,2026-03-31,HR5JZH39TD45
2025-06-GSAFAC-0000396391,VK2DNC86A4Q2,2025,2026-03-31,JCMRUNBEN276
2025-06-GSAFAC-0000396391,VK2DNC86A4Q2,2025,2026-03-31,JKQUMLBW6JN4
2025-06-GSAFAC-0000396391,VK2DNC86A4Q2,2025,2026-03-31,JMLXNVEKB353
2025-06-GSAFAC-0000396391,VK2DNC86A4Q2,2025,2026-03-31,JMM1JDK121H7
2025-06-GSAFAC-0000396391,VK2DNC86A4Q2,2025,2026-03-31,K5XMQ1DAJ375
2025-06-GSAFAC-0000396391,VK2DNC86A4Q2,2025,2026-03-31,KBB6EBJS8CF1
2025-06-GSAFAC-0000396391,VK2DNC86A4Q2,2025,2026-03-31,L8CNRQWUGY19
2025-06-GSAFAC-0000396391,VK2DNC86A4Q2,2025,2026-03-31,LECJQDCLHVE5
2025-06-GSAFAC-0000396391,VK2DNC86A4Q2,2025,2026-03-31,LHBUH3ZNWLR9
2025-06-GSAFAC-0000396391,VK2DNC86A4Q2,2025,2026-03-31,LMVNAJ68TJH3
2025-06-GSAFAC-0000396391,VK2DNC86A4Q2,2025,2026-03-31,LSCLT54T9MJ9
2025-06-GSAFAC-0000396391,VK2DNC86A4Q2,2025,2026-03-31,MFCBQTH5FFK3
2025-06-GSAFAC-0000396391,VK2DNC86A4Q2,2025,2026-03-31,ND27SAY9UXB3
2025-06-GSAFAC-0000396391,VK2DNC86A4Q2,2025,2026-03-31,NDBUB724F1D5
2025-06-GSAFAC-0000396391,VK2DNC86A4Q2,2025,2026-03-31,NDZ7SAY9UXB3
2025-06-GSAFAC-0000396391,VK2DNC86A4Q2,2025,2026-03-31,PLG5KUL9D8Z6
2025-06-GSAFAC-0000396391,VK2DNC86A4Q2,2025,2026-03-31,PQ4JMJDP4MQ9
2025-06-GSAFAC-0000396391,VK2DNC86A4Q2,2025,2026-03-31,PS8LB4RGHJM8
2025-06-GSAFAC-0000396391,VK2DNC86A4Q2,2025,2026-03-31,Q2JVBN8BW2G1
2025-06-GSAFAC-0000396391,VK2DNC86A4Q2,2025,2026-03-31,Q8K6DER1H1X4
2025-06-GSAFAC-0000396391,VK2DNC86A4Q2,2025,2026-03-31,QHTMLJTFWJ13
2025-06-GSAFAC-0000396391,VK2DNC86A4Q2,2025,2026-03-31,QUADSU9GD9L9
2025-06-GSAFAC-0000396391,VK2DNC86A4Q2,2025,2026-03-31,R7H9LGK2KX93
2025-06-GSAFAC-0000396391,VK2DNC86A4Q2,2025,2026-03-31,RNHMCME7YLL3
2025-06-GSAFAC-0000396391,VK2DNC86A4Q2,2025,2026-03-31,SBKZK91ZVE21
2025-06-GSAFAC-0000396391,VK2DNC86A4Q2,2025,2026-03-31,TN8WLRR2J6F9
2025-06-GSAFAC-0000396391,VK2DNC86A4Q2,2025,2026-03-31,UHXUXGKGAUY6
2025-06-GSAFAC-0000396391,VK2DNC86A4Q2,2025,2026-03-31,UPAKJ8NLV673
2025-06-GSAFAC-0000396391,VK2DNC86A4Q2,2025,2026-03-31,VMZJJB8NXYG5
2025-06-GSAFAC-0000396391,VK2DNC86A4Q2,2025,2026-03-31,XHRTL5AU4SW9
2025-06-GSAFAC-0000396391,VK2DNC86A4Q2,2025,2026-03-31,Y6PKBKPDCSL3
2025-06-GSAFAC-0000396391,VK2DNC86A4Q2,2025,2026-03-31,ZA5NNM54J8W9
2025-06-GSAFAC-0000396391,VK2DNC86A4Q2,2025,2026-03-31,ZP9XWC65FNG8
2025-06-GSAFAC-0000396391,VK2DNC86A4Q2,2025,2026-03-31,ZRQQMK9XKBC6
2025-06-GSAFAC-0000414021,USEVEB68LJQ7,2025,2026-03-31,NPBZU7JUCLH3
2025-06-GSAFAC-0000414021,USEVEB68LJQ7,2025,2026-03-31,LC43ZWR8ADW6
2025-06-GSAFAC-0000414021,USEVEB68LJQ7,2025,2026-03-31,D78LWGWT2WF8
2025-06-GSAFAC-0000414021,USEVEB68LJQ7,2025,2026-03-31,ZW74JL369923
2025-06-GSAFAC-0000414021,USEVEB68LJQ7,2025,2026-03-31,WSKJA4RCG2Y7
2025-06-GSAFAC-0000409930,X5QGNEC5ASH4,2025,2026-03-31,JGQ6SKN38A68
2025-06-GSAFAC-0000409930,X5QGNEC5ASH4,2025,2026-03-31,JMTGJKNLETS7
2025-06-GSAFAC-0000409930,X5QGNEC5ASH4,2025,2026-03-31,K3K1AEQ9FNC8
2025-06-GSAFAC-0000409930,X5QGNEC5ASH4,2025,2026-03-31,KUUYSFU421E6
2025-06-GSAFAC-0000409930,X5QGNEC5ASH4,2025,2026-03-31,L41XQENTVWE5
2025-06-GSAFAC-0000409930,X5QGNEC5ASH4,2025,2026-03-31,L6P1KLDZJ6Y9
2025-06-GSAFAC-0000409930,X5QGNEC5ASH4,2025,2026-03-31,LAX3JM75BAH5
2025-06-GSAFAC-0000409930,X5QGNEC5ASH4,2025,2026-03-31,LAX3JM75BAH5
2025-06-GSAFAC-0000409930,X5QGNEC5ASH4,2025,2026-03-31,LD9KZ9RYCYS6
2025-06-GSAFAC-0000409930,X5QGNEC5ASH4,2025,2026-03-31,LHLGJTS4L8K8
2025-06-GSAFAC-0000409930,X5QGNEC5ASH4,2025,2026-03-31,LHXMJL8CTNW5
2025-06-GSAFAC-0000409930,X5QGNEC5ASH4,2025,2026-03-31,LN8JGXELC1S7
2025-06-GSAFAC-0000409930,X5QGNEC5ASH4,2025,2026-03-31,LTJ5KLWZ8454
2025-06-GSAFAC-0000409930,X5QGNEC5ASH4,2025,2026-03-31,MCB4BL7NBJ93
2025-06-GSAFAC-0000409930,X5QGNEC5ASH4,2025,2026-03-31,NGCSBG4EVXQ3
2025-06-GSAFAC-0000409930,X5QGNEC5ASH4,2025,2026-03-31,P9HEFDARXLL1
2025-06-GSAFAC-0000409930,X5QGNEC5ASH4,2025,2026-03-31,PH4NKQ223EU7
2025-06-GSAFAC-0000409930,X5QGNEC5ASH4,2025,2026-03-31,QDMYJMEY6LN3
2025-06-GSAFAC-0000409930,X5QGNEC5ASH4,2025,2026-03-31,QL58UJKQ8M78
2025-06-GSAFAC-0000409930,X5QGNEC5ASH4,2025,2026-03-31,QP3HFE479SR2
2025-06-GSAFAC-0000409930,X5QGNEC5ASH4,2025,2026-03-31,S8GLC83TXL96
2025-06-GSAFAC-0000409930,X5QGNEC5ASH4,2025,2026-03-31,WCEBGL8BKHA3
2025-06-GSAFAC-0000409930,X5QGNEC5ASH4,2025,2026-03-31,WLY6KK98DC93
2025-06-GSAFAC-0000409930,X5QGNEC5ASH4,2025,2026-03-31,WT3KTTM9TU19
2025-06-GSAFAC-0000409930,X5QGNEC5ASH4,2025,2026-03-31,XFRXK4ANCAG5
2025-06-GSAFAC-0000409930,X5QGNEC5ASH4,2025,2026-03-31,XKMMGCKGMQC8
2025-06-GSAFAC-0000409930,X5QGNEC5ASH4,2025,2026-03-31,YJCPBQZ2UGF1
2025-06-GSAFAC-0000409930,X5QGNEC5ASH4,2025,2026-03-31,ZG7NXYWFT6N5
2025-06-GSAFAC-0000408282,YE45C4JZC5U1,2025,2026-03-31,CLN1DX3SCV88
2025-06-GSAFAC-0000412792,PA32TLEZLKH7,2025,2026-03-31,LCUDMY2K6GL9
2025-06-GSAFAC-0000412792,PA32TLEZLKH7,2025,2026-03-31,C7P9RRX9TPJ3
2025-06-GSAFAC-0000412792,PA32TLEZLKH7,2025,2026-03-31,CGJZHYG9Y7D7
2025-06-GSAFAC-0000412792,PA32TLEZLKH7,2025,2026-03-31,CJAJYT2KW771
2025-06-GSAFAC-0000412792,PA32TLEZLKH7,2025,2026-03-31,DNHKVEH2NDJ3
2025-06-GSAFAC-0000412792,PA32TLEZLKH7,2025,2026-03-31,DNZNC466DGR7
2025-06-GSAFAC-0000412792,PA32TLEZLKH7,2025,2026-03-31,EBZHKKCZKJM8
2025-06-GSAFAC-0000412792,PA32TLEZLKH7,2025,2026-03-31,FA2KFTZLDCV2
2025-06-GSAFAC-0000412792,PA32TLEZLKH7,2025,2026-03-31,FKA1U7B1DLS2
2025-06-GSAFAC-0000412792,PA32TLEZLKH7,2025,2026-03-31,GQD2G8FXQVJ3
2025-06-GSAFAC-0000412792,PA32TLEZLKH7,2025,2026-03-31,HEBYAQ8MUEU3
2025-06-GSAFAC-0000412792,PA32TLEZLKH7,2025,2026-03-31,J84PKUEWQ6Y5
2025-06-GSAFAC-0000412792,PA32TLEZLKH7,2025,2026-03-31,JBN7XJXM2YT3
2025-06-GSAFAC-0000412792,PA32TLEZLKH7,2025,2026-03-31,JHJQMMVML2K9
2025-06-GSAFAC-0000412792,PA32TLEZLKH7,2025,2026-03-31,LWAMCP81LP14
2025-06-GSAFAC-0000412792,PA32TLEZLKH7,2025,2026-03-31,NC43GSBJNN55
2025-06-GSAFAC-0000412792,PA32TLEZLKH7,2025,2026-03-31,NCSEPBW5ZDL9
2025-06-GSAFAC-0000412792,PA32TLEZLKH7,2025,2026-03-31,NF4JAHBE1PM3
2025-06-GSAFAC-0000412792,PA32TLEZLKH7,2025,2026-03-31,P48YKBCML619
2025-06-GSAFAC-0000412792,PA32TLEZLKH7,2025,2026-03-31,PANTBW7QPTM7
2025-06-GSAFAC-0000412792,PA32TLEZLKH7,2025,2026-03-31,PDWGFLFN6ML9
2025-06-GSAFAC-0000412792,PA32TLEZLKH7,2025,2026-03-31,QABJVFWTB4N9
2025-06-GSAFAC-0000412792,PA32TLEZLKH7,2025,2026-03-31,SHLLJPJTZE45
2025-06-GSAFAC-0000412792,PA32TLEZLKH7,2025,2026-03-31,TE7MVMGDJTN9
2025-06-GSAFAC-0000412792,PA32TLEZLKH7,2025,2026-03-31,TJFQQAMGNHC8
2025-06-GSAFAC-0000412792,PA32TLEZLKH7,2025,2026-03-31,U9EDNSCHTBE7
2025-06-GSAFAC-0000412792,PA32TLEZLKH7,2025,2026-03-31,URFPBWBM1C58
2025-06-GSAFAC-0000412792,PA32TLEZLKH7,2025,2026-03-31,WT1DVD6F8Z97
2025-06-GSAFAC-0000412792,PA32TLEZLKH7,2025,2026-03-31,X1RJM1N8TTD6
2025-06-GSAFAC-0000412792,PA32TLEZLKH7,2025,2026-03-31,XF29F5XCC9Y1
2025-06-GSAFAC-0000412792,PA32TLEZLKH7,2025,2026-03-31,ZJH6J31KU5C6
2025-06-GSAFAC-0000412792,PA32TLEZLKH7,2025,2026-03-31,ZJLQXBYX6C84
2025-06-GSAFAC-0000412704,KJ1HZF2TAFS9,2025,2026-03-31,DYFJKCT5WUD9
2025-09-GSAFAC-0000410661,T4WWPHALVUH9,2025,2026-03-31,KK9HYY1M58N8
2025-09-GSAFAC-0000410661,T4WWPHALVUH9,2025,2026-03-31,J313P4PKEEN8
2025-09-GSAFAC-0000410661,T4WWPHALVUH9,2025,2026-03-31,CDMKB34BWYK4
2025-06-GSAFAC-0000413418,KCBGNFJGK478,2025,2026-03-31,CACCM8WN8L61
2025-06-GSAFAC-0000413418,KCBGNFJGK478,2025,2026-03-31,CDK1XM7BHMJ7
2025-06-GSAFAC-0000413418,KCBGNFJGK478,2025,2026-03-31,D6J4RPPPRLM6
2025-06-GSAFAC-0000413418,KCBGNFJGK478,2025,2026-03-31,E1H1QB7PGMG5
2025-06-GSAFAC-0000413418,KCBGNFJGK478,2025,2026-03-31,EK5EL9JFJR51
2025-06-GSAFAC-0000413418,KCBGNFJGK478,2025,2026-03-31,F3ZCRY915TH3
2025-06-GSAFAC-0000413418,KCBGNFJGK478,2025,2026-03-31,FGVTZN4T2GV5
2025-06-GSAFAC-0000413418,KCBGNFJGK478,2025,2026-03-31,FN5RNN83B475
2025-06-GSAFAC-0000413418,KCBGNFJGK478,2025,2026-03-31,FW17NQXBS933
2025-06-GSAFAC-0000413418,KCBGNFJGK478,2025,2026-03-31,GBDSTLSGGL33
2025-06-GSAFAC-0000413418,KCBGNFJGK478,2025,2026-03-31,JMLXDHHNNGK3
2025-06-GSAFAC-0000413418,KCBGNFJGK478,2025,2026-03-31,JZ3GJ29DJZE3
2025-06-GSAFAC-0000413418,KCBGNFJGK478,2025,2026-03-31,K922UCG99L93
2025-06-GSAFAC-0000413418,KCBGNFJGK478,2025,2026-03-31,KMKWMJQ1TNH1
2025-06-GSAFAC-0000413418,KCBGNFJGK478,2025,2026-03-31,KWCBJBVLLDG3
2025-06-GSAFAC-0000413418,KCBGNFJGK478,2025,2026-03-31,LCHNTNKADSF9
2025-06-GSAFAC-0000413418,KCBGNFJGK478,2025,2026-03-31,LCMMB7JMMK76
2025-06-GSAFAC-0000413418,KCBGNFJGK478,2025,2026-03-31,LNM7HFBDN6G6
2025-06-GSAFAC-0000413418,KCBGNFJGK478,2025,2026-03-31,LWEFYKG84375
2025-06-GSAFAC-0000413418,KCBGNFJGK478,2025,2026-03-31,MLZSG6L37PW8
2025-06-GSAFAC-0000413418,KCBGNFJGK478,2025,2026-03-31,NLSFKVLM6N13
2025-06-GSAFAC-0000413418,KCBGNFJGK478,2025,2026-03-31,PE3XTZNJMED7
2025-06-GSAFAC-0000413418,KCBGNFJGK478,2025,2026-03-31,PPGAT18FQ3S4
2025-06-GSAFAC-0000413418,KCBGNFJGK478,2025,2026-03-31,PVCADQTJFDN6
2025-06-GSAFAC-0000413418,KCBGNFJGK478,2025,2026-03-31,QF2NWNXCDS63
2025-06-GSAFAC-0000413418,KCBGNFJGK478,2025,2026-03-31,R76EMLKPEZ38
2025-06-GSAFAC-0000413418,KCBGNFJGK478,2025,2026-03-31,R9ZYEH7ZDBF4
2025-06-GSAFAC-0000413418,KCBGNFJGK478,2025,2026-03-31,SWNGWKWM2SD1
2025-06-GSAFAC-0000413418,KCBGNFJGK478,2025,2026-03-31,TCHJE71VMT11
2025-06-GSAFAC-0000413418,KCBGNFJGK478,2025,2026-03-31,U2HGC3UJD9Z3
2025-06-GSAFAC-0000413418,KCBGNFJGK478,2025,2026-03-31,U7LTK2STCS59
2025-06-GSAFAC-0000413418,KCBGNFJGK478,2025,2026-03-31,VGTHQG94BE69
2025-06-GSAFAC-0000413418,KCBGNFJGK478,2025,2026-03-31,VVGBWU492113
2025-06-GSAFAC-0000413418,KCBGNFJGK478,2025,2026-03-31,VXLSYM1GAE51
2025-06-GSAFAC-0000413418,KCBGNFJGK478,2025,2026-03-31,YAZMAKBF9NJ5
2025-06-GSAFAC-0000413418,KCBGNFJGK478,2025,2026-03-31,YLL1L7M9NNP8
2025-06-GSAFAC-0000413418,KCBGNFJGK478,2025,2026-03-31,YT71DZMRPJC5
2025-06-GSAFAC-0000413418,KCBGNFJGK478,2025,2026-03-31,YYLGHKJSDJ19
2025-06-GSAFAC-0000413418,KCBGNFJGK478,2025,2026-03-31,ZD2QQVZ76JY5
2025-06-GSAFAC-0000408928,KYWWQMMM1PZ4,2025,2026-03-31,UANQK7MJM8J5
2025-06-GSAFAC-0000411162,R8JEVL4ULGB7,2025,2026-03-31,E5Y6DDDP2M54
2025-06-GSAFAC-0000411162,R8JEVL4ULGB7,2025,2026-03-31,EG5WUCPVAJT9
2025-06-GSAFAC-0000411162,R8JEVL4ULGB7,2025,2026-03-31,HNLGJQZLSWQ8
2025-06-GSAFAC-0000411162,R8JEVL4ULGB7,2025,2026-03-31,JBP5VWHKL2B1
2025-06-GSAFAC-0000411162,R8JEVL4ULGB7,2025,2026-03-31,L4FKCC85LH89
2025-06-GSAFAC-0000411162,R8JEVL4ULGB7,2025,2026-03-31,L6B2FRUVCNL6
2025-06-GSAFAC-0000411162,R8JEVL4ULGB7,2025,2026-03-31,PL1WMFLMNK39
2025-06-GSAFAC-0000411162,R8JEVL4ULGB7,2025,2026-03-31,QD3YQM99G1B3
2025-06-GSAFAC-0000411162,R8JEVL4ULGB7,2025,2026-03-31,QGNXHRHUJ6X1
2025-06-GSAFAC-0000413443,ML4APHRG3K85,2025,2026-03-31,KM8XCMHLGNL3
2025-06-GSAFAC-0000409593,V41YWDPFVWW8,2025,2026-03-31,FUAKHMJE2437
2025-06-GSAFAC-0000409593,V41YWDPFVWW8,2025,2026-03-31,J9U3RRVFMGB3
2025-06-GSAFAC-0000409593,V41YWDPFVWW8,2025,2026-03-31,U4L4WLM5L9C6
2025-06-GSAFAC-0000409593,V41YWDPFVWW8,2025,2026-03-31,DECEM6WK8J17
2025-06-GSAFAC-0000409593,V41YWDPFVWW8,2025,2026-03-31,XEMDAB3PPUR3
2025-06-GSAFAC-0000409593,V41YWDPFVWW8,2025,2026-03-31,FCG7FDMD87L9
2025-06-GSAFAC-0000413334,EC2TJX3Y72B8,2025,2026-03-31,CUH9TB9XFZK4
2025-06-GSAFAC-0000409964,Z17TDWP12G31,2025,2026-03-31,C172TQML5G99
2025-06-GSAFAC-0000409964,Z17TDWP12G31,2025,2026-03-31,C26WPJRAHMV3
2025-06-GSAFAC-0000409964,Z17TDWP12G31,2025,2026-03-31,C8WLYVK4EYL1
2025-06-GSAFAC-0000409964,Z17TDWP12G31,2025,2026-03-31,CCFZXKJ64E69
2025-06-GSAFAC-0000409964,Z17TDWP12G31,2025,2026-03-31,CSNYSP5X3JA8
2025-06-GSAFAC-0000409964,Z17TDWP12G31,2025,2026-03-31,DZAPW6FHFTW3
2025-06-GSAFAC-0000409964,Z17TDWP12G31,2025,2026-03-31,ER8PBWXVXGL4
2025-06-GSAFAC-0000409964,Z17TDWP12G31,2025,2026-03-31,ER8VS3TR52T8
2025-06-GSAFAC-0000409964,Z17TDWP12G31,2025,2026-03-31,ETTJKDQJE9W5
2025-06-GSAFAC-0000409964,Z17TDWP12G31,2025,2026-03-31,FEYPTAJCLUT7
2025-06-GSAFAC-0000409964,Z17TDWP12G31,2025,2026-03-31,FJT4B7TY3N54
2025-06-GSAFAC-0000409964,Z17TDWP12G31,2025,2026-03-31,FQUGDUCPLA95
2025-06-GSAFAC-0000409964,Z17TDWP12G31,2025,2026-03-31,FTLGTGFJTUJ7
2025-06-GSAFAC-0000409964,Z17TDWP12G31,2025,2026-03-31,FXYNN69N5MJ1
2025-06-GSAFAC-0000409964,Z17TDWP12G31,2025,2026-03-31,FYLPN2HZ6DS1
2025-06-GSAFAC-0000409964,Z17TDWP12G31,2025,2026-03-31,GRW9DNERHJF3
2025-06-GSAFAC-0000409964,Z17TDWP12G31,2025,2026-03-31,HMEGGUS7E8E9
2025-06-GSAFAC-0000409964,Z17TDWP12G31,2025,2026-03-31,JAVSKLS5FQV5
2025-06-GSAFAC-0000409964,Z17TDWP12G31,2025,2026-03-31,JJKAPZHF5KB3
2025-06-GSAFAC-0000409964,Z17TDWP12G31,2025,2026-03-31,JMWKB3G2F7S2
2025-06-GSAFAC-0000409964,Z17TDWP12G31,2025,2026-03-31,JTU4EQKVKAN1
2025-06-GSAFAC-0000409964,Z17TDWP12G31,2025,2026-03-31,K1GCLRHJF4Q9
2025-06-GSAFAC-0000409964,Z17TDWP12G31,2025,2026-03-31,KDJVMNXWZGM5
2025-06-GSAFAC-0000409964,Z17TDWP12G31,2025,2026-03-31,KNKAVN81K1P9
2025-06-GSAFAC-0000409964,Z17TDWP12G31,2025,2026-03-31,KT8LRLMW6KA9
2025-06-GSAFAC-0000409964,Z17TDWP12G31,2025,2026-03-31,LFVKPGVDDWH3
2025-06-GSAFAC-0000409964,Z17TDWP12G31,2025,2026-03-31,LKK7NWT1UHM3
2025-06-GSAFAC-0000409964,Z17TDWP12G31,2025,2026-03-31,LL8GLEVH6MG3
2025-06-GSAFAC-0000409964,Z17TDWP12G31,2025,2026-03-31,LLLDJCCYZKQ7
2025-06-GSAFAC-0000409964,Z17TDWP12G31,2025,2026-03-31,LUQYVNV78RL3
2025-06-GSAFAC-0000409964,Z17TDWP12G31,2025,2026-03-31,M92KXXT92LL3
2025-06-GSAFAC-0000409964,Z17TDWP12G31,2025,2026-03-31,MFVCSK57KDC6
2025-06-GSAFAC-0000409964,Z17TDWP12G31,2025,2026-03-31,MNPBNJY7YJJ1
2025-06-GSAFAC-0000409964,Z17TDWP12G31,2025,2026-03-31,N4KVG4UWSTH1
2025-06-GSAFAC-0000409964,Z17TDWP12G31,2025,2026-03-31,NQKDZNBELY43
2025-06-GSAFAC-0000409964,Z17TDWP12G31,2025,2026-03-31,NUF4MQ43D715
2025-06-GSAFAC-0000409964,Z17TDWP12G31,2025,2026-03-31,NWM7Q5XYXVJ4
2025-06-GSAFAC-0000409964,Z17TDWP12G31,2025,2026-03-31,PDPWAG98MZF4
2025-06-GSAFAC-0000409964,Z17TDWP12G31,2025,2026-03-31,PGAST2SNV3B1
2025-06-GSAFAC-0000409964,Z17TDWP12G31,2025,2026-03-31,PHNPLNMV37K8
2025-06-GSAFAC-0000409964,Z17TDWP12G31,2025,2026-03-31,QWUDHDTJFBT3
2025-06-GSAFAC-0000409964,Z17TDWP12G31,2025,2026-03-31,RJY4ZAA131M1
2025-06-GSAFAC-0000409964,Z17TDWP12G31,2025,2026-03-31,SPE2YDWHDYU4
2025-06-GSAFAC-0000409964,Z17TDWP12G31,2025,2026-03-31,TKLKERXWHV96
2025-06-GSAFAC-0000409964,Z17TDWP12G31,2025,2026-03-31,VPNJJJDP9JF1
2025-06-GSAFAC-0000409964,Z17TDWP12G31,2025,2026-03-31,XD3NHQWK3DJ8
2025-06-GSAFAC-0000409964,Z17TDWP12G31,2025,2026-03-31,XW23NNCTGEE3
2025-06-GSAFAC-0000409964,Z17TDWP12G31,2025,2026-03-31,Y9EYFJSLWXU8
2025-06-GSAFAC-0000409964,Z17TDWP12G31,2025,2026-03-31,YCG9Y2F5RE76
2025-06-GSAFAC-0000409964,Z17TDWP12G31,2025,2026-03-31,YGGNEL2CNJP3
2025-06-GSAFAC-0000409964,Z17TDWP12G31,2025,2026-03-31,YK8WW54NUPN7
2025-06-GSAFAC-0000409964,Z17TDWP12G31,2025,2026-03-31,YU3WZDRD7C55
2025-06-GSAFAC-0000409964,Z17TDWP12G31,2025,2026-03-31,Z3KMZ212SL85
2025-06-GSAFAC-0000409964,Z17TDWP12G31,2025,2026-03-31,ZAVDUCLBZG77
2025-06-GSAFAC-0000409964,Z17TDWP12G31,2025,2026-03-31,ZJ52USMEDA21
2025-06-GSAFAC-0000413567,ZQMJLAUJEZD2,2025,2026-03-31,G1F9VXFCMTB4
2025-06-GSAFAC-0000408579,MMAZGB3ERDF5,2025,2026-03-31,C2KAL6NFU577
2025-06-GSAFAC-0000408579,MMAZGB3ERDF5,2025,2026-03-31,DJA1QJQ8NL37
2025-06-GSAFAC-0000408579,MMAZGB3ERDF5,2025,2026-03-31,EHF3D17DKT35
2025-06-GSAFAC-0000408579,MMAZGB3ERDF5,2025,2026-03-31,F4QXBFCNV9D3
2025-06-GSAFAC-0000408579,MMAZGB3ERDF5,2025,2026-03-31,HP15QE2BDJA3
2025-06-GSAFAC-0000408579,MMAZGB3ERDF5,2025,2026-03-31,J34XHFRLK3M9
2025-06-GSAFAC-0000408579,MMAZGB3ERDF5,2025,2026-03-31,J8W9Z4NR6KH7
2025-06-GSAFAC-0000408579,MMAZGB3ERDF5,2025,2026-03-31,J9ZKJL5B73E7
2025-06-GSAFAC-0000408579,MMAZGB3ERDF5,2025,2026-03-31,JE28FEB392K9
2025-06-GSAFAC-0000408579,MMAZGB3ERDF5,2025,2026-03-31,JK2SHLNHDBZ4
2025-06-GSAFAC-0000408579,MMAZGB3ERDF5,2025,2026-03-31,JP1QRJYYJG73
2025-06-GSAFAC-0000408579,MMAZGB3ERDF5,2025,2026-03-31,LFLQY36W2JG5
2025-06-GSAFAC-0000408579,MMAZGB3ERDF5,2025,2026-03-31,MZFRS5137FX9
2025-06-GSAFAC-0000408579,MMAZGB3ERDF5,2025,2026-03-31,N117NZ2HP5T9
2025-06-GSAFAC-0000408579,MMAZGB3ERDF5,2025,2026-03-31,N8LLK5XDFVD3
2025-06-GSAFAC-0000408579,MMAZGB3ERDF5,2025,2026-03-31,PCWJRENNUUL5
2025-06-GSAFAC-0000408579,MMAZGB3ERDF5,2025,2026-03-31,PJ2THZQ6DJF2
2025-06-GSAFAC-0000408579,MMAZGB3ERDF5,2025,2026-03-31,QJQ3NLMCHRD3
2025-06-GSAFAC-0000408579,MMAZGB3ERDF5,2025,2026-03-31,RREDN8CAZNL5
2025-06-GSAFAC-0000408579,MMAZGB3ERDF5,2025,2026-03-31,U316HVJ3GDT5
2025-06-GSAFAC-0000408579,MMAZGB3ERDF5,2025,2026-03-31,VMCMP28HM223
2025-06-GSAFAC-0000408579,MMAZGB3ERDF5,2025,2026-03-31,VMLLVM5LAD44
2025-06-GSAFAC-0000408579,MMAZGB3ERDF5,2025,2026-03-31,VY7QRGNSYFJ5
2025-06-GSAFAC-0000408579,MMAZGB3ERDF5,2025,2026-03-31,WEPYGB64J6L3
2025-06-GSAFAC-0000408579,MMAZGB3ERDF5,2025,2026-03-31,X5FMJNJK6YB5
2025-06-GSAFAC-0000408579,MMAZGB3ERDF5,2025,2026-03-31,X7BTN16ZQSY9
2025-06-GSAFAC-0000408579,MMAZGB3ERDF5,2025,2026-03-31,XN2EHNRYJQK4
2025-06-GSAFAC-0000408579,MMAZGB3ERDF5,2025,2026-03-31,XXLCU9488LU3
2025-06-GSAFAC-0000408579,MMAZGB3ERDF5,2025,2026-03-31,ZJNMGAN9N2N8
2025-06-GSAFAC-0000412789,MWGYD5Y2BX59,2025,2026-03-31,UBAHC6YFMG63
2025-06-GSAFAC-0000412789,MWGYD5Y2BX59,2025,2026-03-31,JCTLTYRUTZK9
2025-06-GSAFAC-0000386846,K5TMAM98KHD3,2025,2026-03-31,QKLDAEW9PZK4
2025-06-GSAFAC-0000386846,K5TMAM98KHD3,2025,2026-03-31,ZJNXEXHQU8K5
2025-06-GSAFAC-0000386846,K5TMAM98KHD3,2025,2026-03-31,GJZRY49WLNF1
2025-06-GSAFAC-0000402775,NCRMJ9KJ3S58,2025,2026-03-31,V6GSKPJEDLC1
2025-06-GSAFAC-0000402775,NCRMJ9KJ3S58,2025,2026-03-31,MRKWDKYGAS98
2025-06-GSAFAC-0000402775,NCRMJ9KJ3S58,2025,2026-03-31,CM1DQGJ8K3K9
2025-06-GSAFAC-0000402775,NCRMJ9KJ3S58,2025,2026-03-31,YUC4D2DQS6E1
2025-06-GSAFAC-0000402775,NCRMJ9KJ3S58,2025,2026-03-31,DMA7LGZ3RMT1
2025-06-GSAFAC-0000402775,NCRMJ9KJ3S58,2025,2026-03-31,MNS3KK4Y4MD3
2025-06-GSAFAC-0000402775,NCRMJ9KJ3S58,2025,2026-03-31,NG6PGJFQBML3
2025-06-GSAFAC-0000402775,NCRMJ9KJ3S58,2025,2026-03-31,VZ8GBEALT588
2025-06-GSAFAC-0000402775,NCRMJ9KJ3S58,2025,2026-03-31,DJE5JF2D6P23
2025-06-GSAFAC-0000402775,NCRMJ9KJ3S58,2025,2026-03-31,RQ3MKLRJ4LV6
2025-06-GSAFAC-0000402775,NCRMJ9KJ3S58,2025,2026-03-31,V9GSW38ZEVC5
2025-06-GSAFAC-0000402775,NCRMJ9KJ3S58,2025,2026-03-31,LA2HR1U97VC6
2025-06-GSAFAC-0000402775,NCRMJ9KJ3S58,2025,2026-03-31,TNVEUXNKAF57
2025-06-GSAFAC-0000402775,NCRMJ9KJ3S58,2025,2026-03-31,XVNEMFW345H9
2025-06-GSAFAC-0000402775,NCRMJ9KJ3S58,2025,2026-03-31,MJD5TWMNZ6P5
2025-06-GSAFAC-0000402775,NCRMJ9KJ3S58,2025,2026-03-31,VMG6M87JF766
2025-06-GSAFAC-0000412698,KKLCUUCJ6US6,2025,2026-03-31,MBB1DWDQP258
2025-06-GSAFAC-0000412698,KKLCUUCJ6US6,2025,2026-03-31,M3QSBBNAVY59
2025-06-GSAFAC-0000412698,KKLCUUCJ6US6,2025,2026-03-31,EHEYGX7RD4V3
2025-06-GSAFAC-0000411434,SDL8FQP11TD9,2025,2026-03-31,G1KRTZ2EYDN9
2025-06-GSAFAC-0000409456,PA87VV1TS9Q6,2025,2026-03-31,XCLAGBNMHE43
2025-06-GSAFAC-0000409456,PA87VV1TS9Q6,2025,2026-03-31,CVXTMM13CNF4
2025-06-GSAFAC-0000412438,NBETHC52JNL9,2025,2026-03-31,JXWHGMJA5EU6
2025-06-GSAFAC-0000408728,KMAHLN9YLNW9,2025,2026-03-31,S1PTDG88PKL3
2025-06-GSAFAC-0000408728,KMAHLN9YLNW9,2025,2026-03-31,D2RNLDY6NKB7
2025-06-GSAFAC-0000410773,RTSBSRZCEKL1,2025,2026-03-31,WA9XENKP5PG5
2025-06-GSAFAC-0000413790,GZKLTJHJJYL7,2025,2026-03-31,NRGAHQD2MKX9
2025-06-GSAFAC-0000414341,E9LKLNK2TP24,2025,2026-03-31,NRJ7KCTE29N3
2025-06-GSAFAC-0000407083,ZUE9HKT2CLC9,2025,2026-03-31,M2XKLRTA9G44
2025-06-GSAFAC-0000407083,ZUE9HKT2CLC9,2025,2026-03-31,GEJFEZNR9TQ7
2025-06-GSAFAC-0000407083,ZUE9HKT2CLC9,2025,2026-03-31,U4DZMW5AHNN7
2025-06-GSAFAC-0000411288,GJCUV6J9UJG3,2025,2026-03-31,T9NEL5GM8SF1
2025-06-GSAFAC-0000412998,JE7PB4BFL434,2025,2026-03-31,TNE2H3A19RM4
2025-06-GSAFAC-0000412998,JE7PB4BFL434,2025,2026-03-31,Z6G8SDXE63M5
2025-06-GSAFAC-0000411604,Y9L8P4EMGW51,2025,2026-03-31,Y2Z3TMWB73D4
2025-06-GSAFAC-0000411359,EJEEH8S7HW17,2025,2026-03-31,GAR5KCXYNCL7
2025-06-GSAFAC-0000411359,EJEEH8S7HW17,2025,2026-03-31,V93SGUA5P9L3
2025-06-GSAFAC-0000411359,EJEEH8S7HW17,2025,2026-03-31,SVSGVSKNBN11
2025-06-GSAFAC-0000411359,EJEEH8S7HW17,2025,2026-03-31,TFZHD2BTDF42
2025-06-GSAFAC-0000411359,EJEEH8S7HW17,2025,2026-03-31,VJCDU6ME5WG4
2025-06-GSAFAC-0000411359,EJEEH8S7HW17,2025,2026-03-31,WMEEHCAPGR65
2025-06-GSAFAC-0000411359,EJEEH8S7HW17,2025,2026-03-31,JDWWMKG4DJ11
2025-06-GSAFAC-0000411359,EJEEH8S7HW17,2025,2026-03-31,K2F2JHFWMYL6
2025-06-GSAFAC-0000411359,EJEEH8S7HW17,2025,2026-03-31,THKNELBAWJG7
2025-06-GSAFAC-0000411359,EJEEH8S7HW17,2025,2026-03-31,LGZEWZY78NW9
2025-06-GSAFAC-0000411359,EJEEH8S7HW17,2025,2026-03-31,HBT7HNLMDAL3
2025-06-GSAFAC-0000411359,EJEEH8S7HW17,2025,2026-03-31,Z8YEMJZCYLH9
2025-06-GSAFAC-0000411359,EJEEH8S7HW17,2025,2026-03-31,EDVHAKD6AN35
2025-06-GSAFAC-0000411359,EJEEH8S7HW17,2025,2026-03-31,XAUWLNB1DEN1
2025-06-GSAFAC-0000411359,EJEEH8S7HW17,2025,2026-03-31,FM2YL5A98VH3
2025-06-GSAFAC-0000411359,EJEEH8S7HW17,2025,2026-03-31,KMH2AEAYEJU7
2025-06-GSAFAC-0000411359,EJEEH8S7HW17,2025,2026-03-31,D8WYYFFG9RL3
2025-06-GSAFAC-0000411359,EJEEH8S7HW17,2025,2026-03-31,U33MJRHNK5H3
2025-06-GSAFAC-0000411359,EJEEH8S7HW17,2025,2026-03-31,XN2FHLMCRFC5
2025-06-GSAFAC-0000411359,EJEEH8S7HW17,2025,2026-03-31,XN2FHLMCRFC5
2025-06-GSAFAC-0000411359,EJEEH8S7HW17,2025,2026-03-31,K34VVMXE8MK5
2025-06-GSAFAC-0000411359,EJEEH8S7HW17,2025,2026-03-31,K36GLNCJNJV4
2025-06-GSAFAC-0000411359,EJEEH8S7HW17,2025,2026-03-31,FHJ8GQGZ7NP9
2025-06-GSAFAC-0000411359,EJEEH8S7HW17,2025,2026-03-31,GZYEL3G9JYN8
2025-06-GSAFAC-0000411359,EJEEH8S7HW17,2025,2026-03-31,H8Q6LJED95K7
2025-06-GSAFAC-0000411359,EJEEH8S7HW17,2025,2026-03-31,Q4YJNDPS53E6
2025-06-GSAFAC-0000411359,EJEEH8S7HW17,2025,2026-03-31,KPXHTPF6Y2K2
2025-06-GSAFAC-0000411359,EJEEH8S7HW17,2025,2026-03-31,E9CNJL8HMVQ3
2025-06-GSAFAC-0000411359,EJEEH8S7HW17,2025,2026-03-31,PPA6BVE1CAV5
2025-06-GSAFAC-0000411359,EJEEH8S7HW17,2025,2026-03-31,Y6MMW9U1D966
2025-06-GSAFAC-0000411359,EJEEH8S7HW17,2025,2026-03-31,DW31LGJ3RLU7
2025-06-GSAFAC-0000411359,EJEEH8S7HW17,2025,2026-03-31,D4L7RFTZE357
2025-06-GSAFAC-0000411359,EJEEH8S7HW17,2025,2026-03-31,QKMHLBCALVZ1
2025-06-GSAFAC-0000411359,EJEEH8S7HW17,2025,2026-03-31,GVJBZNELFGL3
2025-06-GSAFAC-0000411359,EJEEH8S7HW17,2025,2026-03-31,Q3JLLBBNKJ24
2025-06-GSAFAC-0000411359,EJEEH8S7HW17,2025,2026-03-31,KKVQY3MM2KK1
2025-06-GSAFAC-0000411359,EJEEH8S7HW17,2025,2026-03-31,RYCEN8ALL5A4
2025-06-GSAFAC-0000411359,EJEEH8S7HW17,2025,2026-03-31,C1PSQ1K3MKX5
2025-06-GSAFAC-0000411359,EJEEH8S7HW17,2025,2026-03-31,CK72K82J13J3
2025-06-GSAFAC-0000411359,EJEEH8S7HW17,2025,2026-03-31,FZNNFD4RF5Y9
2025-06-GSAFAC-0000411359,EJEEH8S7HW17,2025,2026-03-31,GRVHMMJ93J39
2025-06-GSAFAC-0000411359,EJEEH8S7HW17,2025,2026-03-31,J5L2LBJK8RB8
2025-06-GSAFAC-0000411359,EJEEH8S7HW17,2025,2026-03-31,JE3YHTMMFSL6
2025-06-GSAFAC-0000411359,EJEEH8S7HW17,2025,2026-03-31,JYNMMD1811Y3
2025-06-GSAFAC-0000411359,EJEEH8S7HW17,2025,2026-03-31,LPMEAGRMSZB8
2025-06-GSAFAC-0000411359,EJEEH8S7HW17,2025,2026-03-31,LU3AAZWKKFA9
2025-06-GSAFAC-0000411359,EJEEH8S7HW17,2025,2026-03-31,MEBDG354JXT3
2025-06-GSAFAC-0000411359,EJEEH8S7HW17,2025,2026-03-31,TLPLWBGV4G58
2025-06-GSAFAC-0000411359,EJEEH8S7HW17,2025,2026-03-31,UU7MFZ2K3GN3
2025-06-GSAFAC-0000411359,EJEEH8S7HW17,2025,2026-03-31,WEKKFLPD6H91
2025-06-GSAFAC-0000411359,EJEEH8S7HW17,2025,2026-03-31,YMZWTJ3NMRT1
2025-06-GSAFAC-0000411359,EJEEH8S7HW17,2025,2026-03-31,PJDCD3UBRZZ8
2025-06-GSAFAC-0000411359,EJEEH8S7HW17,2025,2026-03-31,GM1WZ4NRTM51
2025-06-GSAFAC-0000411359,EJEEH8S7HW17,2025,2026-03-31,MMB5YBSNG5G8
2025-06-GSAFAC-0000411359,EJEEH8S7HW17,2025,2026-03-31,NC25LGMYPDM9
2025-06-GSAFAC-0000411359,EJEEH8S7HW17,2025,2026-03-31,EM44YKJ8L555
2025-06-GSAFAC-0000411359,EJEEH8S7HW17,2025,2026-03-31,GASRKUGPZCC7
2025-06-GSAFAC-0000411359,EJEEH8S7HW17,2025,2026-03-31,N8GTYCVKJKE1
2025-06-GSAFAC-0000411359,EJEEH8S7HW17,2025,2026-03-31,S7MKKB2XJWC7
2025-06-GSAFAC-0000411359,EJEEH8S7HW17,2025,2026-03-31,MSNDZAYLNZW3
2025-06-GSAFAC-0000411359,EJEEH8S7HW17,2025,2026-03-31,C9FMD2QMKM66
2025-06-GSAFAC-0000411359,EJEEH8S7HW17,2025,2026-03-31,XNKNG1AEYQB5
2025-06-GSAFAC-0000411359,EJEEH8S7HW17,2025,2026-03-31,QM3LK2ZNGKK3
2025-06-GSAFAC-0000411359,EJEEH8S7HW17,2025,2026-03-31,YNXNFP2UEJY5
2025-06-GSAFAC-0000411359,EJEEH8S7HW17,2025,2026-03-31,RE4ACNNHDAE9
2025-06-GSAFAC-0000411359,EJEEH8S7HW17,2025,2026-03-31,ZVCGDASRZV31
2025-06-GSAFAC-0000411359,EJEEH8S7HW17,2025,2026-03-31,RRCZGEVWMNF6
2025-06-GSAFAC-0000411359,EJEEH8S7HW17,2025,2026-03-31,ESBQBLJJ4TL9
2025-06-GSAFAC-0000411359,EJEEH8S7HW17,2025,2026-03-31,RLSTMX6G1KN9
2025-06-GSAFAC-0000411359,EJEEH8S7HW17,2025,2026-03-31,G9PJLYMA2LN7
2025-06-GSAFAC-0000411359,EJEEH8S7HW17,2025,2026-03-31,KULSKCCZJT27
2025-06-GSAFAC-0000411359,EJEEH8S7HW17,2025,2026-03-31,USMJTDLGM6X8
2025-06-GSAFAC-0000411359,EJEEH8S7HW17,2025,2026-03-31,EJZ6N8W2ZLX6
2025-06-GSAFAC-0000411359,EJEEH8S7HW17,2025,2026-03-31,WREJJYMRZ5U1
2025-06-GSAFAC-0000411359,EJEEH8S7HW17,2025,2026-03-31,DGJFHVRBPEF3
2025-06-GSAFAC-0000411359,EJEEH8S7HW17,2025,2026-03-31,G5CPENQNTPK1
2025-06-GSAFAC-0000411359,EJEEH8S7HW17,2025,2026-03-31,ZJRYSNK9K1F5
2025-06-GSAFAC-0000411359,EJEEH8S7HW17,2025,2026-03-31,D69GS8RKHG25
2025-06-GSAFAC-0000411359,EJEEH8S7HW17,2025,2026-03-31,NJXDJGKMW2N5
2025-06-GSAFAC-0000411359,EJEEH8S7HW17,2025,2026-03-31,UFQ5LT1SLK61
2025-06-GSAFAC-0000411359,EJEEH8S7HW17,2025,2026-03-31,X5CVNKCCMGK8
2025-06-GSAFAC-0000411359,EJEEH8S7HW17,2025,2026-03-31,DZBJNGRHQ2R5
2025-06-GSAFAC-0000411359,EJEEH8S7HW17,2025,2026-03-31,S734YDNLSHW5
2025-06-GSAFAC-0000411359,EJEEH8S7HW17,2025,2026-03-31,LC3SFMP2L798
2025-06-GSAFAC-0000411359,EJEEH8S7HW17,2025,2026-03-31,EV8PCMMLFK85
2025-06-GSAFAC-0000411359,EJEEH8S7HW17,2025,2026-03-31,YU6WVSPTHKQ9
2025-06-GSAFAC-0000411359,EJEEH8S7HW17,2025,2026-03-31,T768HKZ8PLC2
2025-06-GSAFAC-0000411359,EJEEH8S7HW17,2025,2026-03-31,DJDHUMTZJ9E3
2025-06-GSAFAC-0000411359,EJEEH8S7HW17,2025,2026-03-31,K8YZD49K8PK3
2025-06-GSAFAC-0000411359,EJEEH8S7HW17,2025,2026-03-31,EX6HSTUA2KN8
2025-06-GSAFAC-0000411359,EJEEH8S7HW17,2025,2026-03-31,G2XMPKNUYNG4
2025-06-GSAFAC-0000411359,EJEEH8S7HW17,2025,2026-03-31,EQV9FNJ35YY1
2025-06-GSAFAC-0000411359,EJEEH8S7HW17,2025,2026-03-31,RNKYWXURFRL5
2025-06-GSAFAC-0000411359,EJEEH8S7HW17,2025,2026-03-31,VY4KLEJ48RA8
2025-06-GSAFAC-0000411359,EJEEH8S7HW17,2025,2026-03-31,JHTYTGKYWLL9
2025-06-GSAFAC-0000411359,EJEEH8S7HW17,2025,2026-03-31,LNUBJQ26R2M5
2025-06-GSAFAC-0000411359,EJEEH8S7HW17,2025,2026-03-31,EUEBFNMMKNV7
2025-06-GSAFAC-0000411359,EJEEH8S7HW17,2025,2026-03-31,FSWXHDLLZBD3
2025-06-GSAFAC-0000411359,EJEEH8S7HW17,2025,2026-03-31,J2E6DAHNA147
2025-06-GSAFAC-0000411359,EJEEH8S7HW17,2025,2026-03-31,P33YD28DE3Y6
2025-06-GSAFAC-0000411359,EJEEH8S7HW17,2025,2026-03-31,NPU8ULVAAS23
2025-06-GSAFAC-0000411359,EJEEH8S7HW17,2025,2026-03-31,PNK2G91GKFW6
2025-06-GSAFAC-0000411359,EJEEH8S7HW17,2025,2026-03-31,PYCYY9JC3LC9
2025-06-GSAFAC-0000411359,EJEEH8S7HW17,2025,2026-03-31,Y59WBGX38NJ9
2025-06-GSAFAC-0000411359,EJEEH8S7HW17,2025,2026-03-31,YM6SXJNJZNL3
2025-06-GSAFAC-0000411359,EJEEH8S7HW17,2025,2026-03-31,KMGEN62NKEM9
2025-06-GSAFAC-0000411359,EJEEH8S7HW17,2025,2026-03-31,CYM7VGDW4NU8
2025-06-GSAFAC-0000411359,EJEEH8S7HW17,2025,2026-03-31,RQGSC7FAWFM1
2025-06-GSAFAC-0000411359,EJEEH8S7HW17,2025,2026-03-31,UXYKU2RHMBW1
2025-06-GSAFAC-0000411359,EJEEH8S7HW17,2025,2026-03-31,LR7RKCKVNF65
2025-06-GSAFAC-0000411359,EJEEH8S7HW17,2025,2026-03-31,UU7MFZ2K3GN3
2025-06-GSAFAC-0000411359,EJEEH8S7HW17,2025,2026-03-31,QLTJBDL4CVW7
2025-06-GSAFAC-0000411359,EJEEH8S7HW17,2025,2026-03-31,E82HYHTF5TA6
2025-06-GSAFAC-0000411359,EJEEH8S7HW17,2025,2026-03-31,DGYQH8DRBZF1
2025-06-GSAFAC-0000411359,EJEEH8S7HW17,2025,2026-03-31,CLAKTLDLL968
2025-06-GSAFAC-0000411359,EJEEH8S7HW17,2025,2026-03-31,N1JFUDPCT656
2025-06-GSAFAC-0000411359,EJEEH8S7HW17,2025,2026-03-31,UQEBYLLVKUN9
2025-06-GSAFAC-0000411359,EJEEH8S7HW17,2025,2026-03-31,TMVFY7BELDH5
2025-06-GSAFAC-0000411359,EJEEH8S7HW17,2025,2026-03-31,QLD3B6R1X5A8
2025-06-GSAFAC-0000411359,EJEEH8S7HW17,2025,2026-03-31,QGDDCK9UXNE3
2025-06-GSAFAC-0000411359,EJEEH8S7HW17,2025,2026-03-31,XATXH1ELVHL7
2025-06-GSAFAC-0000411099,P834PS1N4MJ4,2025,2026-03-31,JN95YNEKUZ33
2025-06-GSAFAC-0000411099,P834PS1N4MJ4,2025,2026-03-31,H43LD2KL2GP4
2025-06-GSAFAC-0000411099,P834PS1N4MJ4,2025,2026-03-31,HPF7F5V91F44
2025-06-GSAFAC-0000411099,P834PS1N4MJ4,2025,2026-03-31,CD1SQEWMNN45
2025-06-GSAFAC-0000411099,P834PS1N4MJ4,2025,2026-03-31,ENSSM28X5VZ5
2025-06-GSAFAC-0000411099,P834PS1N4MJ4,2025,2026-03-31,VTW3YQ1BMML5
2025-06-GSAFAC-0000411099,P834PS1N4MJ4,2025,2026-03-31,P8R5KT5PJHF4
2025-06-GSAFAC-0000411099,P834PS1N4MJ4,2025,2026-03-31,WFKFA9976HY1
2025-06-GSAFAC-0000411099,P834PS1N4MJ4,2025,2026-03-31,U3JUQEYXN641
2025-06-GSAFAC-0000411099,P834PS1N4MJ4,2025,2026-03-31,J947ETJSBV84
2025-06-GSAFAC-0000411099,P834PS1N4MJ4,2025,2026-03-31,XMKFQ1ZK4DD8
2025-06-GSAFAC-0000411099,P834PS1N4MJ4,2025,2026-03-31,S52PMDBXDLW7
2025-06-GSAFAC-0000411099,P834PS1N4MJ4,2025,2026-03-31,U2RGHGKM2Y65
2025-06-GSAFAC-0000411099,P834PS1N4MJ4,2025,2026-03-31,Z4HAWHBFLGZ8
2025-06-GSAFAC-0000411099,P834PS1N4MJ4,2025,2026-03-31,U2RGVT4A7J93
2025-06-GSAFAC-0000411099,P834PS1N4MJ4,2025,2026-03-31,U31NLZ5M9Z24
2025-06-GSAFAC-0000411099,P834PS1N4MJ4,2025,2026-03-31,JEAWB2VCVAL1
2025-06-GSAFAC-0000411099,P834PS1N4MJ4,2025,2026-03-31,ZL1RUTLY1FJ3
2025-06-GSAFAC-0000411099,P834PS1N4MJ4,2025,2026-03-31,V2ZAS5JV4FK1
2025-06-GSAFAC-0000411099,P834PS1N4MJ4,2025,2026-03-31,KGTUYN4RT118
2025-06-GSAFAC-0000411099,P834PS1N4MJ4,2025,2026-03-31,V2QBKNNM3WP8
2025-06-GSAFAC-0000411099,P834PS1N4MJ4,2025,2026-03-31,VUFYZLUJWGJ7
2025-06-GSAFAC-0000411099,P834PS1N4MJ4,2025,2026-03-31,PV85J278DBV9
2025-06-GSAFAC-0000412008,HPNEV8BEPX91,2025,2026-03-31,HJZYA2D8J191
2025-06-GSAFAC-0000412321,D59EE9V8HHD7,2025,2026-03-31,L5Z4F1VY5EE5
2025-06-GSAFAC-0000412321,D59EE9V8HHD7,2025,2026-03-31,WA6ALB81VHF8
2025-06-GSAFAC-0000412321,D59EE9V8HHD7,2025,2026-03-31,CDL6HGNN8X17
2025-06-GSAFAC-0000414372,CCCLRL2EACB3,2025,2026-03-31,MUYQHGEDLCM8
2025-06-GSAFAC-0000414372,CCCLRL2EACB3,2025,2026-03-31,G86GV5XJ4JZ9
2025-06-GSAFAC-0000414372,CCCLRL2EACB3,2025,2026-03-31,NGK3LJRGNVY6
2025-06-GSAFAC-0000414372,CCCLRL2EACB3,2025,2026-03-31,NLW6MSRVFMU8
2025-06-GSAFAC-0000414372,CCCLRL2EACB3,2025,2026-03-31,V82LMZDHM9G9
2025-06-GSAFAC-0000414372,CCCLRL2EACB3,2025,2026-03-31,G9Y3EL7L1LZ6
2025-06-GSAFAC-0000414372,CCCLRL2EACB3,2025,2026-03-31,D46WV9QKZPL7
2025-06-GSAFAC-0000414372,CCCLRL2EACB3,2025,2026-03-31,CHG6BUJ7SXQ5
2025-06-GSAFAC-0000414372,CCCLRL2EACB3,2025,2026-03-31,DZ5UGMB79NV3
2025-06-GSAFAC-0000414372,CCCLRL2EACB3,2025,2026-03-31,VGJBAYG5VZM4
2025-06-GSAFAC-0000414372,CCCLRL2EACB3,2025,2026-03-31,VF5XKMAYNFN6
2025-06-GSAFAC-0000414372,CCCLRL2EACB3,2025,2026-03-31,XN8NSL7QRB27
2025-06-GSAFAC-0000414372,CCCLRL2EACB3,2025,2026-03-31,W43JJUDAKAD3
2025-06-GSAFAC-0000414372,CCCLRL2EACB3,2025,2026-03-31,JM1KE1N7HTV5
2025-06-GSAFAC-0000414372,CCCLRL2EACB3,2025,2026-03-31,ZMRMNMY9XZT3
2025-06-GSAFAC-0000414372,CCCLRL2EACB3,2025,2026-03-31,KVFCE4VJH7N8
2025-06-GSAFAC-0000414372,CCCLRL2EACB3,2025,2026-03-31,JP77KV2SFK95
2025-06-GSAFAC-0000414372,CCCLRL2EACB3,2025,2026-03-31,VE48F93DBTW1
2025-06-GSAFAC-0000414372,CCCLRL2EACB3,2025,2026-03-31,ZHWLDF5M4HB3
2025-06-GSAFAC-0000414372,CCCLRL2EACB3,2025,2026-03-31,Z8RQNJ6MWXK9
2025-06-GSAFAC-0000414372,CCCLRL2EACB3,2025,2026-03-31,U9J1B3EL3156
2025-06-GSAFAC-0000414372,CCCLRL2EACB3,2025,2026-03-31,X54VE7PKLL83
2025-09-GSAFAC-0000409077,UYLKBRENAPG5,2025,2026-03-31,PGCGHA61LYK4
2025-09-GSAFAC-0000409077,UYLKBRENAPG5,2025,2026-03-31,G7LUE7FB3GG7
2025-09-GSAFAC-0000403958,TM1APB6J5TD6,2025,2026-04-01,DBXFY1MJ47K8
2025-09-GSAFAC-0000403958,TM1APB6J5TD6,2025,2026-04-01,RU77EKL3LKW9
2025-09-GSAFAC-0000403958,TM1APB6J5TD6,2025,2026-04-01,WNLTSFDCMZ97
2025-09-GSAFAC-0000403958,TM1APB6J5TD6,2025,2026-04-01,KLBXGVB8Q2L3
2025-09-GSAFAC-0000403958,TM1APB6J5TD6,2025,2026-04-01,GNCDADCGGLJ3
2025-08-GSAFAC-0000406512,NX9PXMKW5KW8,2025,2026-04-01,DCYUNYGFTZ49
2025-08-GSAFAC-0000406512,NX9PXMKW5KW8,2025,2026-04-01,M5SZJ6VHUHN8
2023-06-GSAFAC-0000355423,XU8ZQYUMML46,2023,2026-04-01,CM2BU4HVVEV5
2025-06-GSAFAC-0000414190,ZK89TPMVPWL3,2025,2026-04-01,GLKNB9LL8UA5
2025-09-GSAFAC-0000412836,ZPUHZJCNFKN9,2025,2026-04-01,WAHMCLFC56U5
2025-06-GSAFAC-0000414401,YXFJZUYVSX23,2025,2026-04-01,NR1XHWR29QQ5
2025-09-GSAFAC-0000413633,HVGYXANHYJP4,2025,2026-04-02,N3MURDP3SFU3
2025-09-GSAFAC-0000413633,HVGYXANHYJP4,2025,2026-04-02,L1GVDFF66PL3
2025-09-GSAFAC-0000413633,HVGYXANHYJP4,2025,2026-04-02,LTEMJNBHYB41
2025-09-GSAFAC-0000413633,HVGYXANHYJP4,2025,2026-04-02,G3XVLCE3ETN9
2025-06-GSAFAC-0000414442,Y8ZMZ5VTLJ47,2025,2026-04-02,DLKFLZN7HZD7
2025-06-GSAFAC-0000414442,Y8ZMZ5VTLJ47,2025,2026-04-02,TRRLPHKXQCD6
2025-06-GSAFAC-0000414484,G2G3DPCR7M93,2025,2026-04-02,QLY5F67VD2Z5
2023-09-GSAFAC-0000414432,UFJRDZQQXTX4,2023,2026-04-03,KSAXT74PTLL3
2023-09-GSAFAC-0000414432,UFJRDZQQXTX4,2023,2026-04-03,HFKYBJWLV4V5
2023-09-GSAFAC-0000414432,UFJRDZQQXTX4,2023,2026-04-03,HEZ7KHJ4B2S9
2025-09-GSAFAC-0000414692,D3PDCEBCMU65,2025,2026-04-03,FM5NJX77FDS5
2024-06-GSAFAC-0000412389,FYMLEGHX8YN5,2024,2026-04-03,TQR9GNTFDD21
2024-06-GSAFAC-0000412389,FYMLEGHX8YN5,2024,2026-04-03,Y3A1RW59DCH3
2025-06-GSAFAC-0000414689,W398K6PRCEU7,2025,2026-04-04,JY42Q14F28R9
2025-06-GSAFAC-0000414411,C4ZRCBCMK449,2025,2026-04-06,LFV1YY6NAJ55
2025-09-GSAFAC-0000406492,J92BM4YLP663,2025,2026-04-06,LQK2SVH7QGQ9
2025-12-GSAFAC-0000414733,M1MWJKEK1MW3,2025,2026-04-07,CYEYP58K5324
2025-12-GSAFAC-0000408528,XAPNEE7MVUL4,2025,2026-04-07,D1B7SNPZYTX6
2025-12-GSAFAC-0000408528,XAPNEE7MVUL4,2025,2026-04-07,E4HULW9Z73D1
2025-12-GSAFAC-0000408528,XAPNEE7MVUL4,2025,2026-04-07,YXN2HCKCF839
2025-09-GSAFAC-0000413168,HHBYKBT1RJQ5,2025,2026-04-07,L6BQWHYNKF48
2025-12-GSAFAC-0000413153,CNNTEZCJKPV5,2025,2026-04-08,S1BES5QDTFL8
2025-12-GSAFAC-0000413153,CNNTEZCJKPV5,2025,2026-04-08,G6WDFNG5MKJ9
2025-12-GSAFAC-0000413153,CNNTEZCJKPV5,2025,2026-04-08,K8CDP4J89Z23
2025-09-GSAFAC-0000412533,GJB7ZWSK9U81,2025,2026-04-08,D9RFHVG11B73
2025-09-GSAFAC-0000415052,GTHNCHXFKBP3,2025,2026-04-09,M858KZ9VH1J7
2025-12-GSAFAC-0000414500,ME2MYQYWH8P7,2025,2026-04-09,ST66TADXWLE6
2025-09-GSAFAC-0000394979,SKSBGBWWEJ95,2025,2026-04-10,X57LPZ4JJF35
2025-09-GSAFAC-0000415257,HNEZN8HPK785,2025,2026-04-13,HVM5A9LDXHC1
2025-09-GSAFAC-0000415257,HNEZN8HPK785,2025,2026-04-13,S4H5MNXTFG91
2025-09-GSAFAC-0000415257,HNEZN8HPK785,2025,2026-04-13,C7NSUQRF4DV8
2025-09-GSAFAC-0000415257,HNEZN8HPK785,2025,2026-04-13,XNHACEJNNL44
2025-09-GSAFAC-0000415257,HNEZN8HPK785,2025,2026-04-13,XBQKTEKPQZC9
2025-09-GSAFAC-0000415257,HNEZN8HPK785,2025,2026-04-13,NLANQP73DYH3
2025-09-GSAFAC-0000415257,HNEZN8HPK785,2025,2026-04-13,WWBGLPW5JFL1
2025-09-GSAFAC-0000415257,HNEZN8HPK785,2025,2026-04-13,X8GHLGAYPRH5
2025-09-GSAFAC-0000415257,HNEZN8HPK785,2025,2026-04-13,DL8BLP43KKD8
2025-09-GSAFAC-0000415257,HNEZN8HPK785,2025,2026-04-13,DA9BMNF7WGV3
2025-09-GSAFAC-0000415257,HNEZN8HPK785,2025,2026-04-13,K6X9UAKB9JZ6
2025-09-GSAFAC-0000415257,HNEZN8HPK785,2025,2026-04-13,KFQGVKHW32N3
2025-09-GSAFAC-0000415257,HNEZN8HPK785,2025,2026-04-13,CCJYR6QR6UB1
2025-09-GSAFAC-0000415257,HNEZN8HPK785,2025,2026-04-13,S5ANR5U9PG15
2025-09-GSAFAC-0000415257,HNEZN8HPK785,2025,2026-04-13,JY45LL2J84Z7
2025-09-GSAFAC-0000415257,HNEZN8HPK785,2025,2026-04-13,FMPFJSXNZ1L8
2025-09-GSAFAC-0000415257,HNEZN8HPK785,2025,2026-04-13,EJ8TZLY3NLD3
2025-09-GSAFAC-0000415257,HNEZN8HPK785,2025,2026-04-13,HA1ZTU8NLQW4
2025-09-GSAFAC-0000415257,HNEZN8HPK785,2025,2026-04-13,FX8AXY678285
2025-09-GSAFAC-0000415257,HNEZN8HPK785,2025,2026-04-13,KEFNZMZEP556
2025-09-GSAFAC-0000415257,HNEZN8HPK785,2025,2026-04-13,YY12T9XLHEQ5
2025-09-GSAFAC-0000415257,HNEZN8HPK785,2025,2026-04-13,HYSHRDTNGDB1
2025-09-GSAFAC-0000415257,HNEZN8HPK785,2025,2026-04-13,EKGVN299MEH5
2025-09-GSAFAC-0000412832,MNEFBYCXRMR8,2025,2026-04-13,NN59FL5DF1J6
2025-09-GSAFAC-0000412886,JWKJKYRPLLU6,2025,2026-04-13,CNWJY78LD581
2025-09-GSAFAC-0000412886,JWKJKYRPLLU6,2025,2026-04-13,MGUSB2UPCAK1
2025-09-GSAFAC-0000412886,JWKJKYRPLLU6,2025,2026-04-13,JDQEQ2KWN966
2025-06-GSAFAC-0000415277,MKMPK1KLTWD5,2025,2026-04-14,JCU9TJ46KC76
2025-12-GSAFAC-0000410757,DCU7Y1K5NHU8,2025,2026-04-15,FVCKV8SRELU6
2025-08-GSAFAC-0000395446,EM7PFJBH81E1,2025,2026-04-15,J4CNNNLK86J1
2025-08-GSAFAC-0000395446,EM7PFJBH81E1,2025,2026-04-15,QZ5WNEUCCCD5
2025-08-GSAFAC-0000395446,EM7PFJBH81E1,2025,2026-04-15,G14JMW7PFPM4
2025-09-GSAFAC-0000415742,D6NBCNB2YWW8,2025,2026-04-15,XSYAFZ2U13F6
2025-09-GSAFAC-0000415742,D6NBCNB2YWW8,2025,2026-04-15,HEE3BW4VLGG4
2025-09-GSAFAC-0000414404,Q8K3J6TNHKU6,2025,2026-04-15,MBP1DHJZ2AN9
2025-09-GSAFAC-0000414404,Q8K3J6TNHKU6,2025,2026-04-15,QWD5DYM5D3E3
2024-06-GSAFAC-0000414587,GQ46SB5L2HK4,2024,2026-04-16,FB6JNN1DZUD9
2024-06-GSAFAC-0000414587,GQ46SB5L2HK4,2024,2026-04-16,EFERH1KQMG61
2024-06-GSAFAC-0000414587,GQ46SB5L2HK4,2024,2026-04-16,HFKMJ2LV4FH3
2024-06-GSAFAC-0000414587,GQ46SB5L2HK4,2024,2026-04-16,FX3AJ6341XT5
2024-06-GSAFAC-0000414587,GQ46SB5L2HK4,2024,2026-04-16,J2Y4Y28CKSU8
2024-06-GSAFAC-0000414587,GQ46SB5L2HK4,2024,2026-04-16,G9RHEW4UB5B4
2024-06-GSAFAC-0000414587,GQ46SB5L2HK4,2024,2026-04-16,K81MEVLSELK4
2024-06-GSAFAC-0000414587,GQ46SB5L2HK4,2024,2026-04-16,FNY3GN4SW9J4
2024-06-GSAFAC-0000414587,GQ46SB5L2HK4,2024,2026-04-16,NJVPDRZNKNA4
2024-06-GSAFAC-0000414587,GQ46SB5L2HK4,2024,2026-04-16,F9G8DGFRTZC5
2024-06-GSAFAC-0000414587,GQ46SB5L2HK4,2024,2026-04-16,S14GXUNZG814
2024-06-GSAFAC-0000414587,GQ46SB5L2HK4,2024,2026-04-16,NRQNHQY3X1U6
2024-06-GSAFAC-0000414587,GQ46SB5L2HK4,2024,2026-04-16,NSADNVWA9KL4
2024-06-GSAFAC-0000414587,GQ46SB5L2HK4,2024,2026-04-16,M7L6M863AKN8
2024-06-GSAFAC-0000414587,GQ46SB5L2HK4,2024,2026-04-16,NTJ1TB3CANX7
2024-06-GSAFAC-0000414587,GQ46SB5L2HK4,2024,2026-04-16,ND9STDVJND49
2024-06-GSAFAC-0000414587,GQ46SB5L2HK4,2024,2026-04-16,NMEUNJWQ6BD7
2024-06-GSAFAC-0000414587,GQ46SB5L2HK4,2024,2026-04-16,V7BHG1LDMEW8
2024-06-GSAFAC-0000414587,GQ46SB5L2HK4,2024,2026-04-16,EL62JMFJJP93
2024-06-GSAFAC-0000414587,GQ46SB5L2HK4,2024,2026-04-16,EK7ENJE97829
2024-06-GSAFAC-0000414587,GQ46SB5L2HK4,2024,2026-04-16,NS2PHY3GAWV5
2024-06-GSAFAC-0000414587,GQ46SB5L2HK4,2024,2026-04-16,KENEHCVQPTS9
2024-06-GSAFAC-0000414587,GQ46SB5L2HK4,2024,2026-04-16,GR5DCZEYK9K5
2024-06-GSAFAC-0000414587,GQ46SB5L2HK4,2024,2026-04-16,TS2CJKTFWBM5
2024-06-GSAFAC-0000414587,GQ46SB5L2HK4,2024,2026-04-16,NC5DAXJAJSP5
2024-06-GSAFAC-0000414587,GQ46SB5L2HK4,2024,2026-04-16,UF4TC1RLR6K7
2024-06-GSAFAC-0000414587,GQ46SB5L2HK4,2024,2026-04-16,FHK8FSAK7ND3
2024-06-GSAFAC-0000414587,GQ46SB5L2HK4,2024,2026-04-16,NN66PR7QMLR8
2024-06-GSAFAC-0000414587,GQ46SB5L2HK4,2024,2026-04-16,WKLUX29HE3R9
2024-06-GSAFAC-0000414587,GQ46SB5L2HK4,2024,2026-04-16,JMGNE5Q3NWC5
2024-06-GSAFAC-0000414587,GQ46SB5L2HK4,2024,2026-04-16,CHQWQ676QGB3
2024-06-GSAFAC-0000414587,GQ46SB5L2HK4,2024,2026-04-16,FSWMLW525CX9
2024-06-GSAFAC-0000414587,GQ46SB5L2HK4,2024,2026-04-16,WLTTYLQ65XR6
2024-06-GSAFAC-0000414587,GQ46SB5L2HK4,2024,2026-04-16,F6UTHE2FC863
2024-06-GSAFAC-0000414587,GQ46SB5L2HK4,2024,2026-04-16,KLV1ESQBHZH7
2024-06-GSAFAC-0000414587,GQ46SB5L2HK4,2024,2026-04-16,JD4FM36YPSB1
2024-06-GSAFAC-0000414587,GQ46SB5L2HK4,2024,2026-04-16,S75BKA1WXLJ5
2024-06-GSAFAC-0000414587,GQ46SB5L2HK4,2024,2026-04-16,TNJ8Q71NLUH3
2024-06-GSAFAC-0000414587,GQ46SB5L2HK4,2024,2026-04-16,KTRWKRABSKV6
2024-06-GSAFAC-0000414587,GQ46SB5L2HK4,2024,2026-04-16,PWHMVAWA5SJ9
2024-06-GSAFAC-0000414587,GQ46SB5L2HK4,2024,2026-04-16,GA76VLS5D9R6
2024-06-GSAFAC-0000414587,GQ46SB5L2HK4,2024,2026-04-16,NUMHTJTHA536
2024-06-GSAFAC-0000414587,GQ46SB5L2HK4,2024,2026-04-16,NCA7EAUG2YK4
2024-06-GSAFAC-0000414587,GQ46SB5L2HK4,2024,2026-04-16,ULFQDS9JKNH7
2024-06-GSAFAC-0000414587,GQ46SB5L2HK4,2024,2026-04-16,JLCNDRM34JD5
2024-06-GSAFAC-0000414587,GQ46SB5L2HK4,2024,2026-04-16,T6G1R2VB86G5
2024-06-GSAFAC-0000414587,GQ46SB5L2HK4,2024,2026-04-16,UXDGX3EER7K1
2024-06-GSAFAC-0000414587,GQ46SB5L2HK4,2024,2026-04-16,T4D9QU2LW2N5
2024-06-GSAFAC-0000414587,GQ46SB5L2HK4,2024,2026-04-16,H13PE5TKNK53
2024-06-GSAFAC-0000414587,GQ46SB5L2HK4,2024,2026-04-16,ZTNGXJUJJVX6
2025-06-GSAFAC-0000415716,Y9FJCNA4GPK9,2025,2026-04-16,HCP1YND4MXG6
2025-09-GSAFAC-0000407685,NKMWNANBC2J9,2025,2026-04-16,LZLAR79QUKB8
2025-09-GSAFAC-0000407685,NKMWNANBC2J9,2025,2026-04-16,JH8UYEQ7NGL4
2025-09-GSAFAC-0000407685,NKMWNANBC2J9,2025,2026-04-16,R2KZKK7J5RL7
2025-09-GSAFAC-0000407685,NKMWNANBC2J9,2025,2026-04-16,G6Q8PD2NGDS4
2025-09-GSAFAC-0000407685,NKMWNANBC2J9,2025,2026-04-16,KNFDXNL735J5
2025-09-GSAFAC-0000407685,NKMWNANBC2J9,2025,2026-04-16,MF4XN9LF1PT1
2025-09-GSAFAC-0000407685,NKMWNANBC2J9,2025,2026-04-16,JRQ5NMLDBKA3
2025-09-GSAFAC-0000407685,NKMWNANBC2J9,2025,2026-04-16,XBWEJTAJPAL3
2025-09-GSAFAC-0000407685,NKMWNANBC2J9,2025,2026-04-16,TJZMHUNKGB23
2025-09-GSAFAC-0000407685,NKMWNANBC2J9,2025,2026-04-16,LS59N4AGT8D3
2025-09-GSAFAC-0000407685,NKMWNANBC2J9,2025,2026-04-16,VJH9NBK6Q2N3
2025-09-GSAFAC-0000407685,NKMWNANBC2J9,2025,2026-04-16,KJG5H9JV69P8
2025-09-GSAFAC-0000407685,NKMWNANBC2J9,2025,2026-04-16,YPZ9ED14KCK5
2025-09-GSAFAC-0000407685,NKMWNANBC2J9,2025,2026-04-16,JWBNHYDRGF35
2025-09-GSAFAC-0000407685,NKMWNANBC2J9,2025,2026-04-16,DVDCNSBKKT43
2025-09-GSAFAC-0000407685,NKMWNANBC2J9,2025,2026-04-16,H1J5LN1E9973
2025-09-GSAFAC-0000407685,NKMWNANBC2J9,2025,2026-04-16,JLZFW882TRM7
2025-09-GSAFAC-0000407685,NKMWNANBC2J9,2025,2026-04-16,UDPFL23Y9GQ1
2025-09-GSAFAC-0000407685,NKMWNANBC2J9,2025,2026-04-16,RL89A6MZMC15
2025-09-GSAFAC-0000407685,NKMWNANBC2J9,2025,2026-04-16,XL82DZNJ84V5
2025-09-GSAFAC-0000407685,NKMWNANBC2J9,2025,2026-04-16,ES4CPJJXBBA7
2025-09-GSAFAC-0000407685,NKMWNANBC2J9,2025,2026-04-16,EA5GGNHB1GS7
2025-09-GSAFAC-0000407685,NKMWNANBC2J9,2025,2026-04-16,NPAVYA2WRFR9
2025-09-GSAFAC-0000407685,NKMWNANBC2J9,2025,2026-04-16,HZH9CNT838R7
2025-09-GSAFAC-0000407685,NKMWNANBC2J9,2025,2026-04-16,E8GTY727NH41
2025-09-GSAFAC-0000407685,NKMWNANBC2J9,2025,2026-04-16,FJVDUJQAHDB1
2025-09-GSAFAC-0000407685,NKMWNANBC2J9,2025,2026-04-16,ZJKNH5EA49J9
2025-09-GSAFAC-0000415461,GD6LEKY1M2F4,2025,2026-04-17,XMU2HYV3SZ85
2025-06-GSAFAC-0000414693,K7EPDEL2B141,2025,2026-04-20,CAEEBKDVNEK6
2025-06-GSAFAC-0000414693,K7EPDEL2B141,2025,2026-04-20,MLJGZSMNCJC6
2025-12-GSAFAC-0000414354,K3BADDTM58B5,2025,2026-04-20,PSZMAGKQMEL8
2025-09-GSAFAC-0000416358,LJF2V6TAMEM5,2025,2026-04-22,X1GDSKLRJMQ5
2025-09-GSAFAC-0000416358,LJF2V6TAMEM5,2025,2026-04-22,ZJLKKAAANK43
2025-09-GSAFAC-0000414094,SBEVXUKXKGK3,2025,2026-04-22,EKGQF6H3LV53
2025-12-GSAFAC-0000415413,F63TVAMVFKQ3,2025,2026-04-22,FNY6BK9HKM84
2025-12-GSAFAC-0000416134,PHLNLR2KFJQ5,2025,2026-04-22,XKBNLA8PNTN3
2025-06-GSAFAC-0000403514,V51BY26T73M5,2025,2026-04-22,ZK94AJNLNR84
2025-06-GSAFAC-0000403514,V51BY26T73M5,2025,2026-04-22,ZD1BAZ1CUNM1
2025-06-GSAFAC-0000403514,V51BY26T73M5,2025,2026-04-22,LX5LT5P9KWD9
2025-06-GSAFAC-0000403514,V51BY26T73M5,2025,2026-04-22,L9N9SADMTRC9
2025-06-GSAFAC-0000403514,V51BY26T73M5,2025,2026-04-22,YTVXYE4ND3Q8
2025-06-GSAFAC-0000403514,V51BY26T73M5,2025,2026-04-22,KKWCCD7GQLV5
2025-06-GSAFAC-0000403514,V51BY26T73M5,2025,2026-04-22,CCMPSYZB4KK8
2025-06-GSAFAC-0000403514,V51BY26T73M5,2025,2026-04-22,GMKFTNSQ8KL7
2025-06-GSAFAC-0000403514,V51BY26T73M5,2025,2026-04-22,LM9NJMLBLA57
2025-06-GSAFAC-0000403514,V51BY26T73M5,2025,2026-04-22,F3N8ZSHJXUH8
2025-06-GSAFAC-0000403514,V51BY26T73M5,2025,2026-04-22,YWNTS9U5XTF6
2025-06-GSAFAC-0000403514,V51BY26T73M5,2025,2026-04-22,VMU1ERUNG9Q8
2025-06-GSAFAC-0000403514,V51BY26T73M5,2025,2026-04-22,JFD1XP6BUD86
2025-06-GSAFAC-0000403514,V51BY26T73M5,2025,2026-04-22,NQ6DMLY8J778
2025-06-GSAFAC-0000403514,V51BY26T73M5,2025,2026-04-22,DRQ2CHC5N9X4
2025-06-GSAFAC-0000403514,V51BY26T73M5,2025,2026-04-22,P2J1ALMVFB14
2025-06-GSAFAC-0000403514,V51BY26T73M5,2025,2026-04-22,FZC7BYKHWWC4
2025-06-GSAFAC-0000403514,V51BY26T73M5,2025,2026-04-22,XF7WJC2CJWZ3
2025-06-GSAFAC-0000403514,V51BY26T73M5,2025,2026-04-22,CZN6RH3MHQA4
2025-06-GSAFAC-0000403514,V51BY26T73M5,2025,2026-04-22,W66BWR13Q6U3
2025-06-GSAFAC-0000403514,V51BY26T73M5,2025,2026-04-22,DCR7HLD71CB7
2025-06-GSAFAC-0000403514,V51BY26T73M5,2025,2026-04-22,ZB5KQVHKCUM5
2025-06-GSAFAC-0000403514,V51BY26T73M5,2025,2026-04-22,MJAVNYV4C4T1
2025-06-GSAFAC-0000403514,V51BY26T73M5,2025,2026-04-22,U6NSFCN51777
2025-06-GSAFAC-0000403514,V51BY26T73M5,2025,2026-04-22,MH7AGN4NKNN5
2025-06-GSAFAC-0000403514,V51BY26T73M5,2025,2026-04-22,RXAYXJRFYVD5
2025-06-GSAFAC-0000403514,V51BY26T73M5,2025,2026-04-22,LNQNF7PKBV13
2025-06-GSAFAC-0000403514,V51BY26T73M5,2025,2026-04-22,MTBJSJRGJTA8
2025-06-GSAFAC-0000403514,V51BY26T73M5,2025,2026-04-22,LEJTFUALJ5M1
2025-06-GSAFAC-0000403514,V51BY26T73M5,2025,2026-04-22,SM7PXQM5CK69
2025-06-GSAFAC-0000403514,V51BY26T73M5,2025,2026-04-22,DCVTN6V182C4
2025-06-GSAFAC-0000403514,V51BY26T73M5,2025,2026-04-22,JV5YWMSU4TM5
2025-06-GSAFAC-0000403514,V51BY26T73M5,2025,2026-04-22,L2LETQ7LQ769
2025-06-GSAFAC-0000403514,V51BY26T73M5,2025,2026-04-22,DZFJT2KH9C43
2025-06-GSAFAC-0000403514,V51BY26T73M5,2025,2026-04-22,EDTFKU5EBBM5
2025-06-GSAFAC-0000403514,V51BY26T73M5,2025,2026-04-22,F6Y6VH2KWU13
2025-06-GSAFAC-0000403514,V51BY26T73M5,2025,2026-04-22,FDLEQSJ8FF63
2025-06-GSAFAC-0000403514,V51BY26T73M5,2025,2026-04-22,G2WCRLHJHD47
2025-06-GSAFAC-0000403514,V51BY26T73M5,2025,2026-04-22,YYFJATK1HMJ7
2025-06-GSAFAC-0000403514,V51BY26T73M5,2025,2026-04-22,KNP1HA2B9BF8
2025-06-GSAFAC-0000403514,V51BY26T73M5,2025,2026-04-22,YS6DVZQKAN49
2025-06-GSAFAC-0000403514,V51BY26T73M5,2025,2026-04-22,KTKNSE9DVQM3
2025-06-GSAFAC-0000403514,V51BY26T73M5,2025,2026-04-22,FCA1FRCWQFG8
2025-06-GSAFAC-0000403514,V51BY26T73M5,2025,2026-04-22,J3A3J6N22EF2
2025-06-GSAFAC-0000403514,V51BY26T73M5,2025,2026-04-22,LPGWCELUDQ63
2025-06-GSAFAC-0000403514,V51BY26T73M5,2025,2026-04-22,XJLCX3ABEPD6
2025-09-GSAFAC-0000407610,TGPAPG89LW44,2025,2026-04-23,J6XPE9J7NGS5
2025-09-GSAFAC-0000407610,TGPAPG89LW44,2025,2026-04-23,Z749CNGN8DB1
2025-09-GSAFAC-0000407610,TGPAPG89LW44,2025,2026-04-23,GNR5MWBCJN64
2025-09-GSAFAC-0000407610,TGPAPG89LW44,2025,2026-04-23,QD4UZ5K1AEB3
2025-09-GSAFAC-0000407610,TGPAPG89LW44,2025,2026-04-23,VKXKZJ58LKT5
2025-09-GSAFAC-0000407610,TGPAPG89LW44,2025,2026-04-23,DPZHMMML4K73
2025-09-GSAFAC-0000407610,TGPAPG89LW44,2025,2026-04-23,C15CT52MD4F1
2025-09-GSAFAC-0000407610,TGPAPG89LW44,2025,2026-04-23,FUXCNG2ACMZ4
2025-09-GSAFAC-0000407610,TGPAPG89LW44,2025,2026-04-23,LHLNERRPNUH3
2025-09-GSAFAC-0000407610,TGPAPG89LW44,2025,2026-04-23,U8HBR64AQTK3
2025-09-GSAFAC-0000416496,MDWQNJL9HFJ8,2025,2026-04-23,JHC7M2MAZP31
2025-06-GSAFAC-0000416428,NJ2LM9KK2316,2025,2026-04-24,GNZMEYCB22K6
2025-06-GSAFAC-0000416428,NJ2LM9KK2316,2025,2026-04-24,QH1EEPNS84T6
2025-06-GSAFAC-0000416244,HKFZH7FKKL75,2025,2026-04-24,YMR1PF5NANL6
2025-06-GSAFAC-0000416534,KYSEBY3LV4G9,2025,2026-04-24,EUCHKJUMM6J4
2025-06-GSAFAC-0000416534,KYSEBY3LV4G9,2025,2026-04-24,Q5JDAZ72NPZ8
2025-06-GSAFAC-0000416534,KYSEBY3LV4G9,2025,2026-04-24,ZE1UHHRUVD97
2025-06-GSAFAC-0000416534,KYSEBY3LV4G9,2025,2026-04-24,YJDMMARLWLC7
2025-06-GSAFAC-0000416534,KYSEBY3LV4G9,2025,2026-04-24,WEBECJ7NAJJ7
2025-06-GSAFAC-0000416534,KYSEBY3LV4G9,2025,2026-04-24,DMNFP3PFRKY3
2025-06-GSAFAC-0000416534,KYSEBY3LV4G9,2025,2026-04-24,L3URJL6XY5R8
2025-06-GSAFAC-0000416534,KYSEBY3LV4G9,2025,2026-04-24,SUK9F66V9ZV4
2025-06-GSAFAC-0000416534,KYSEBY3LV4G9,2025,2026-04-24,V8EWHWCP9D66
2025-06-GSAFAC-0000416534,KYSEBY3LV4G9,2025,2026-04-24,Z31ZKJALHC96
2024-06-GSAFAC-0000400802,E5ARSPNBRNT7,2024,2026-04-27,VWJZQE1J8EH7
2024-06-GSAFAC-0000400802,E5ARSPNBRNT7,2024,2026-04-27,LJ4SYQ4L8WJ2
2024-06-GSAFAC-0000400802,E5ARSPNBRNT7,2024,2026-04-27,NTLHJXM55KZ5
2024-06-GSAFAC-0000400802,E5ARSPNBRNT7,2024,2026-04-27,P45SKHQ3V6H1
2024-06-GSAFAC-0000400802,E5ARSPNBRNT7,2024,2026-04-27,NKJGJQYQJKR3
2024-06-GSAFAC-0000400802,E5ARSPNBRNT7,2024,2026-04-27,QX2SDC1DM512
2024-06-GSAFAC-0000400802,E5ARSPNBRNT7,2024,2026-04-27,GKS5UARJWBX3
2024-06-GSAFAC-0000400802,E5ARSPNBRNT7,2024,2026-04-27,X4K2J75KFDN4
2024-06-GSAFAC-0000400802,E5ARSPNBRNT7,2024,2026-04-27,TFDBBARLGD54
2024-06-GSAFAC-0000400802,E5ARSPNBRNT7,2024,2026-04-27,EHSKBM4LRMD9
2024-06-GSAFAC-0000400802,E5ARSPNBRNT7,2024,2026-04-27,JY7DSJ6JG6L3
2024-06-GSAFAC-0000400802,E5ARSPNBRNT7,2024,2026-04-27,WZBTSTM7NG64
2024-06-GSAFAC-0000400802,E5ARSPNBRNT7,2024,2026-04-27,QEMQV2KFSMF3
2024-06-GSAFAC-0000400802,E5ARSPNBRNT7,2024,2026-04-27,XVMBHKMJ6AU7
2024-06-GSAFAC-0000400802,E5ARSPNBRNT7,2024,2026-04-27,QL8BNSZDG687
2024-06-GSAFAC-0000400802,E5ARSPNBRNT7,2024,2026-04-27,Y4UQH8XJ5BZ0
2024-06-GSAFAC-0000400802,E5ARSPNBRNT7,2024,2026-04-27,ZYV6VJLL4N75
2024-06-GSAFAC-0000400802,E5ARSPNBRNT7,2024,2026-04-27,FKD7PVHQ4M35
2024-06-GSAFAC-0000400802,E5ARSPNBRNT7,2024,2026-04-27,SA2DN1YA58W4
2024-06-GSAFAC-0000400802,E5ARSPNBRNT7,2024,2026-04-27,MBANDMSHWJU9
2024-06-GSAFAC-0000400802,E5ARSPNBRNT7,2024,2026-04-27,UTNKGUE4YPX4
2024-06-GSAFAC-0000400802,E5ARSPNBRNT7,2024,2026-04-27,Q5J5QBCYAWN6
2024-06-GSAFAC-0000400802,E5ARSPNBRNT7,2024,2026-04-27,EL9HZNBAN1B9
2024-06-GSAFAC-0000400802,E5ARSPNBRNT7,2024,2026-04-27,LJGVPF5ULHJ2
2024-06-GSAFAC-0000400802,E5ARSPNBRNT7,2024,2026-04-27,Q15DSNA5KN97
2024-06-GSAFAC-0000400802,E5ARSPNBRNT7,2024,2026-04-27,ZJMWJSPVJ2Y1
2024-06-GSAFAC-0000400802,E5ARSPNBRNT7,2024,2026-04-27,UKUUDMSCD5D1
2024-06-GSAFAC-0000400802,E5ARSPNBRNT7,2024,2026-04-27,QMWUG1AMYF65
2024-06-GSAFAC-0000400802,E5ARSPNBRNT7,2024,2026-04-27,FUNLLDXNKG25
2024-06-GSAFAC-0000400802,E5ARSPNBRNT7,2024,2026-04-27,NEW3VCSTD417
2024-06-GSAFAC-0000400802,E5ARSPNBRNT7,2024,2026-04-27,LF8TS2H7S9D5
2024-06-GSAFAC-0000400802,E5ARSPNBRNT7,2024,2026-04-27,H1P1VHMRJMM6
2024-06-GSAFAC-0000400802,E5ARSPNBRNT7,2024,2026-04-27,UQ57BMEMNN95
2024-06-GSAFAC-0000400802,E5ARSPNBRNT7,2024,2026-04-27,DDE7HD4E8PM5
2024-06-GSAFAC-0000400802,E5ARSPNBRNT7,2024,2026-04-27,SGQYZNJNKXL4
2024-06-GSAFAC-0000400802,E5ARSPNBRNT7,2024,2026-04-27,MXHAS3AKPRN0
2024-06-GSAFAC-0000400802,E5ARSPNBRNT7,2024,2026-04-27,K9KFA94LLPJ6
2024-06-GSAFAC-0000400802,E5ARSPNBRNT7,2024,2026-04-27,U71GVYK3QNT6
2024-06-GSAFAC-0000400802,E5ARSPNBRNT7,2024,2026-04-27,JB34MMKBKGY7
2024-06-GSAFAC-0000400802,E5ARSPNBRNT7,2024,2026-04-27,WKRWG1FNUN75
2024-06-GSAFAC-0000400802,E5ARSPNBRNT7,2024,2026-04-27,GDK9UXYM6LF1
2024-06-GSAFAC-0000400802,E5ARSPNBRNT7,2024,2026-04-27,C1HSMYXCVVK2
2024-06-GSAFAC-0000400802,E5ARSPNBRNT7,2024,2026-04-27,J42JJ5PK1878
2024-06-GSAFAC-0000400802,E5ARSPNBRNT7,2024,2026-04-27,C3A1J66ML644
2024-06-GSAFAC-0000400802,E5ARSPNBRNT7,2024,2026-04-27,SSR7BRTRESG9
2024-06-GSAFAC-0000400802,E5ARSPNBRNT7,2024,2026-04-27,XM1LLLJ78HX5
2025-09-GSAFAC-0000416967,HFKTBE9A5NL3,2025,2026-04-28,ZV89NM8TNNA5
2025-09-GSAFAC-0000416967,HFKTBE9A5NL3,2025,2026-04-28,GZXTYNCKVDU8
2025-06-GSAFAC-0000416936,PVUJUTLZKEP1,2025,2026-04-28,JWDUHWSD5Z24
2025-12-GSAFAC-0000408421,WJZXPKMBL785,2025,2026-04-28,ND4EFXLLXYH1
2025-12-GSAFAC-0000412052,Z5U7N9JXCAB3,2025,2026-04-28,VQGWWHBXBJ14
2025-09-GSAFAC-0000414031,QSNHG1LGP4C4,2025,2026-04-29,UN74CEJUN168
2025-09-GSAFAC-0000402376,J3H8J7BZLAK6,2025,2026-04-29,CDRKT5A8JRC3
2025-09-GSAFAC-0000402376,J3H8J7BZLAK6,2025,2026-04-29,EZGUW13GQFK5
2025-09-GSAFAC-0000402376,J3H8J7BZLAK6,2025,2026-04-29,STJHKA38NWJ8
2025-09-GSAFAC-0000402376,J3H8J7BZLAK6,2025,2026-04-29,C3H2YRRSJDQ7
2025-09-GSAFAC-0000402376,J3H8J7BZLAK6,2025,2026-04-29,ZXJKJPUUKN92
2025-09-GSAFAC-0000402376,J3H8J7BZLAK6,2025,2026-04-29,S953CU7Y37W1
2025-09-GSAFAC-0000402376,J3H8J7BZLAK6,2025,2026-04-29,W9CVLSDED2G3
2025-09-GSAFAC-0000402376,J3H8J7BZLAK6,2025,2026-04-29,RNK9MLE8GJC7
2025-09-GSAFAC-0000402376,J3H8J7BZLAK6,2025,2026-04-29,JLGWZKB16WM3
2025-09-GSAFAC-0000402376,J3H8J7BZLAK6,2025,2026-04-29,KDFCG1CKD734
2025-09-GSAFAC-0000402376,J3H8J7BZLAK6,2025,2026-04-29,X2TJLML2RLP8
2025-09-GSAFAC-0000402376,J3H8J7BZLAK6,2025,2026-04-29,JUN1B8URNBR3
2025-09-GSAFAC-0000402376,J3H8J7BZLAK6,2025,2026-04-29,QT9LJAPJWG29
2025-09-GSAFAC-0000402376,J3H8J7BZLAK6,2025,2026-04-29,JJYVMAKBTAA9
2025-09-GSAFAC-0000402376,J3H8J7BZLAK6,2025,2026-04-29,FKHVANDP87C4
2025-06-GSAFAC-0000417076,NC7LTHSFU6N7,2025,2026-04-29,DEH8PR3MHM85
2025-06-GSAFAC-0000417076,NC7LTHSFU6N7,2025,2026-04-29,DT5RTW4JL5J5
2025-06-GSAFAC-0000417076,NC7LTHSFU6N7,2025,2026-04-29,PCBQHTRXNMA3
2025-06-GSAFAC-0000417076,NC7LTHSFU6N7,2025,2026-04-29,RMBNZ3FV2QG5
2025-12-GSAFAC-0000414535,ZX8EE8M3P3W5,2025,2026-04-29,KQTZEXWLR7K9
2025-07-GSAFAC-0000417108,M5VZCAK887X7,2025,2026-04-30,F55UQ3DCWDJ4
2025-07-GSAFAC-0000417108,M5VZCAK887X7,2025,2026-04-30,LP83BE7RXLJ3
2025-07-GSAFAC-0000417108,M5VZCAK887X7,2025,2026-04-30,NASADNL2GPN5
2025-06-GSAFAC-0000417047,KU9YGWKHXR27,2025,2026-04-30,EANXEE8WT5J8
2025-06-GSAFAC-0000417047,KU9YGWKHXR27,2025,2026-04-30,NH2NDAQ8CMB9
2025-06-GSAFAC-0000415336,N1TDGEMSHLU5,2025,2026-04-30,U484BNN6MJ25
2025-06-GSAFAC-0000415336,N1TDGEMSHLU5,2025,2026-04-30,SR1RG44AAG29
2025-06-GSAFAC-0000407547,GM7WK5Z7A5M1,2025,2026-03-26,GVEGRLWEJ754
2024-06-GSAFAC-0000417199,KNDBTMFBXDV7,2024,2026-04-30,KMWGGJN3EKF9
2024-06-GSAFAC-0000417199,KNDBTMFBXDV7,2024,2026-04-30,XXNBK97CYNA6
2024-06-GSAFAC-0000417199,KNDBTMFBXDV7,2024,2026-04-30,RFVNACCE7DL6
2024-06-GSAFAC-0000417199,KNDBTMFBXDV7,2024,2026-04-30,W5BGFCYALNM6
2024-06-GSAFAC-0000417199,KNDBTMFBXDV7,2024,2026-04-30,GHELM9ULN8A1
2024-06-GSAFAC-0000417199,KNDBTMFBXDV7,2024,2026-04-30,CKEUAJR5TLR3
2024-06-GSAFAC-0000417199,KNDBTMFBXDV7,2024,2026-04-30,CKEWKR8JEEG3
2024-06-GSAFAC-0000417199,KNDBTMFBXDV7,2024,2026-04-30,CMKLXEA2MND4
2024-06-GSAFAC-0000417199,KNDBTMFBXDV7,2024,2026-04-30,CSZ6DQUC7M38
2024-06-GSAFAC-0000417199,KNDBTMFBXDV7,2024,2026-04-30,CX9MDKHP34R7
2024-06-GSAFAC-0000417199,KNDBTMFBXDV7,2024,2026-04-30,HSESCKDEABC8
2024-06-GSAFAC-0000417199,KNDBTMFBXDV7,2024,2026-04-30,JKZ7JZLGEMS7
2024-06-GSAFAC-0000417199,KNDBTMFBXDV7,2024,2026-04-30,JQMQFXAJDTX5
2024-06-GSAFAC-0000417199,KNDBTMFBXDV7,2024,2026-04-30,K2K8TQ2DYYB5
2024-06-GSAFAC-0000417199,KNDBTMFBXDV7,2024,2026-04-30,L4XLH86GBLL5
2024-06-GSAFAC-0000417199,KNDBTMFBXDV7,2024,2026-04-30,L7NCF7KM7S11
2024-06-GSAFAC-0000417199,KNDBTMFBXDV7,2024,2026-04-30,NAX2PE6CGY23
2024-06-GSAFAC-0000417199,KNDBTMFBXDV7,2024,2026-04-30,NAX2PE6CGYZ3
2024-06-GSAFAC-0000417199,KNDBTMFBXDV7,2024,2026-04-30,NNX9MXKHDYQ3
2024-06-GSAFAC-0000417199,KNDBTMFBXDV7,2024,2026-04-30,PTWGRGZ9BXK3
2024-06-GSAFAC-0000417199,KNDBTMFBXDV7,2024,2026-04-30,R1N7LNCBNC91
2024-06-GSAFAC-0000417199,KNDBTMFBXDV7,2024,2026-04-30,RJ16Z1R7LSF3
2024-06-GSAFAC-0000417199,KNDBTMFBXDV7,2024,2026-04-30,RXKSGRHQZY11
2024-06-GSAFAC-0000417199,KNDBTMFBXDV7,2024,2026-04-30,XCUCKHAZRJ99
2024-06-GSAFAC-0000417199,KNDBTMFBXDV7,2024,2026-04-30,XKV9RGRM7LU5
2024-06-GSAFAC-0000417199,KNDBTMFBXDV7,2024,2026-04-30,Z1ZCM965CQY8
2024-06-GSAFAC-0000417199,KNDBTMFBXDV7,2024,2026-04-30,ZPS4ZUNLNK29
2024-06-GSAFAC-0000417199,KNDBTMFBXDV7,2024,2026-04-30,W59NVUGDKQR3
2024-06-GSAFAC-0000417199,KNDBTMFBXDV7,2024,2026-04-30,RDN9VY23CFW9
2025-06-GSAFAC-0000412660,GLVTLKKJDNK5,2025,2026-04-30,QJUTD3J1G1D3
2025-08-GSAFAC-0000395944,S352L5PJLMP8,2025,2026-04-30,Y635GAJLTAP5
2025-06-GSAFAC-0000416873,J7EFDKQD4D97,2025,2026-04-30,W632DCKCQDJ5
2024-12-GSAFAC-0000409501,KHK2K1EJ3LJ6,2024,2026-05-01,E4L7EZZKJCL9
2024-12-GSAFAC-0000409501,KHK2K1EJ3LJ6,2024,2026-05-01,CXTVB51U1XY4
2024-12-GSAFAC-0000409501,KHK2K1EJ3LJ6,2024,2026-05-01,L7Q9EN4TLY74
2024-12-GSAFAC-0000409501,KHK2K1EJ3LJ6,2024,2026-05-01,GFSLL5XRZGH5
2024-12-GSAFAC-0000409501,KHK2K1EJ3LJ6,2024,2026-05-01,CC8WT91AR2F4
2025-12-GSAFAC-0000415526,FMJ9UFV4NVB3,2025,2026-05-01,FDKMRW3BZKY4
2025-12-GSAFAC-0000411157,M95WD1NLDBR5,2025,2026-05-01,W9CFC296BZM3
2025-12-GSAFAC-0000401862,M5HGUKR7N3T9,2025,2026-05-01,QWKEVG3FNFL7
2025-12-GSAFAC-0000401862,M5HGUKR7N3T9,2025,2026-05-01,GU96AJAC46W1
2025-12-GSAFAC-0000401862,M5HGUKR7N3T9,2025,2026-05-01,Q34PY2RY1ZA4
2025-12-GSAFAC-0000401862,M5HGUKR7N3T9,2025,2026-05-01,K128KBEGA3X9
2025-12-GSAFAC-0000401862,M5HGUKR7N3T9,2025,2026-05-01,UNGCNVW35C79
2025-12-GSAFAC-0000401862,M5HGUKR7N3T9,2025,2026-05-01,C7X3W69K5ES1
2025-12-GSAFAC-0000401862,M5HGUKR7N3T9,2025,2026-05-01,JDVEQMNFJ2H4
2025-12-GSAFAC-0000401862,M5HGUKR7N3T9,2025,2026-05-01,NTPGBARKLJP8
2025-12-GSAFAC-0000416581,W9BDKKGRKN34,2025,2026-05-04,XXF4Z12KU249
2023-06-GSAFAC-0000416750,VKLKHSYNDZ99,2023,2026-05-04,N3JZGH5X2RF1
2025-12-GSAFAC-0000417038,PN5XZKRM6U43,2025,2026-05-04,VX23B43HMCR5
2025-12-GSAFAC-0000417477,SSLELYELMSB8,2025,2026-05-05,UTQ4FLLE1LM8
2024-09-GSAFAC-0000376051,U3QMHUBDLK79,2024,2026-05-06,LGMSD898MMF7
2024-09-GSAFAC-0000376051,U3QMHUBDLK79,2024,2026-05-06,EEH3L7LLJF68
2025-12-GSAFAC-0000417017,FXY2NXVKFBL1,2025,2026-05-06,LCK6KXNFSXM7
2025-06-GSAFAC-0000417476,D1UFEJV2ZR27,2025,2026-05-06,DU27CMRM3H84
2025-12-GSAFAC-0000417695,L55GFAGZ7UN4,2025,2026-05-06,P3B1BKJFYXM7
2025-09-GSAFAC-0000417334,NJTGBUGAVBF9,2025,2026-05-07,YCC1MHVLGJ77
2025-09-GSAFAC-0000417334,NJTGBUGAVBF9,2025,2026-05-07,MSKFX9JG27Y4
2025-09-GSAFAC-0000416698,GVYSH8U4ABE1,2025,2026-05-07,Q2FVAST2ZJN3
2025-09-GSAFAC-0000415571,PSM9KZ1BQB51,2025,2026-05-07,UR3LLKJH55K8
2025-06-GSAFAC-0000404394,R96RFDTXEFG9,2025,2026-05-07,JN22XQPWQRU5
2025-06-GSAFAC-0000404394,R96RFDTXEFG9,2025,2026-05-07,XD8CB5R8DVM7
2025-06-GSAFAC-0000404394,R96RFDTXEFG9,2025,2026-05-07,M72GGCJ56UV8
2025-06-GSAFAC-0000404394,R96RFDTXEFG9,2025,2026-05-07,JEJGGM9MT7V9
2025-06-GSAFAC-0000404394,R96RFDTXEFG9,2025,2026-05-07,F2Q4UX11U7K3
2025-06-GSAFAC-0000404394,R96RFDTXEFG9,2025,2026-05-07,CXHLF6D26ES8
2025-06-GSAFAC-0000404394,R96RFDTXEFG9,2025,2026-05-07,C2XKJWGLDSG5
2025-06-GSAFAC-0000404394,R96RFDTXEFG9,2025,2026-05-07,FC8SGR49JCE6
2025-06-GSAFAC-0000404394,R96RFDTXEFG9,2025,2026-05-07,D658MPRL3J91
2025-06-GSAFAC-0000404394,R96RFDTXEFG9,2025,2026-05-07,L1DBGYGQC3L5
2025-06-GSAFAC-0000404394,R96RFDTXEFG9,2025,2026-05-07,JJJNQAJY5RN6
2025-06-GSAFAC-0000404394,R96RFDTXEFG9,2025,2026-05-07,N4WWJC8T2593
2025-06-GSAFAC-0000404394,R96RFDTXEFG9,2025,2026-05-07,DP59PALDWKH5
2025-06-GSAFAC-0000404394,R96RFDTXEFG9,2025,2026-05-07,XBC7LL7CHFS3
2025-06-GSAFAC-0000404394,R96RFDTXEFG9,2025,2026-05-07,T9G1AJZRY8N6
2025-06-GSAFAC-0000404394,R96RFDTXEFG9,2025,2026-05-07,D86NPMMLHK41
2025-06-GSAFAC-0000404394,R96RFDTXEFG9,2025,2026-05-07,CH6GC58MEZX8
2025-06-GSAFAC-0000404394,R96RFDTXEFG9,2025,2026-05-07,JDPQA8949685
2025-06-GSAFAC-0000404394,R96RFDTXEFG9,2025,2026-05-07,CLE1AGJD5NN6
2025-06-GSAFAC-0000404394,R96RFDTXEFG9,2025,2026-05-07,WQUQXBZSDML5
2025-06-GSAFAC-0000404394,R96RFDTXEFG9,2025,2026-05-07,CS42PTLDJ1F3
2025-06-GSAFAC-0000404394,R96RFDTXEFG9,2025,2026-05-07,K2D8HHGH6F84
2025-06-GSAFAC-0000404394,R96RFDTXEFG9,2025,2026-05-07,JYGDB3FN1MA9
2025-06-GSAFAC-0000404394,R96RFDTXEFG9,2025,2026-05-07,ZEMLG3ULW2E5
2025-06-GSAFAC-0000404394,R96RFDTXEFG9,2025,2026-05-07,UKB5A1E2CLK3
2025-06-GSAFAC-0000404394,R96RFDTXEFG9,2025,2026-05-07,X8FHDGH9QYD7
2025-06-GSAFAC-0000404394,R96RFDTXEFG9,2025,2026-05-07,CMXFKE2KDMP4
2025-06-GSAFAC-0000404394,R96RFDTXEFG9,2025,2026-05-07,MLKKNHFV9RN3
2025-06-GSAFAC-0000404394,R96RFDTXEFG9,2025,2026-05-07,GNMKAYK59LF1
2025-06-GSAFAC-0000404394,R96RFDTXEFG9,2025,2026-05-07,M7N4HLLJAN45
2025-06-GSAFAC-0000404394,R96RFDTXEFG9,2025,2026-05-07,NUGFBJ8MJSY9
2025-06-GSAFAC-0000404394,R96RFDTXEFG9,2025,2026-05-07,Y64VJ1JL53K7
2025-06-GSAFAC-0000404394,R96RFDTXEFG9,2025,2026-05-07,HHUNGBTDXFE8
2025-06-GSAFAC-0000404394,R96RFDTXEFG9,2025,2026-05-07,C7LSTJPMJG43
2025-06-GSAFAC-0000404394,R96RFDTXEFG9,2025,2026-05-07,RWEWFEXCBZK6
2025-06-GSAFAC-0000404394,R96RFDTXEFG9,2025,2026-05-07,CTQ9Q2UW8LL9
2025-06-GSAFAC-0000404394,R96RFDTXEFG9,2025,2026-05-07,HJGLBLZN9EW7
2025-06-GSAFAC-0000404394,R96RFDTXEFG9,2025,2026-05-07,LVDJS9UYPLD4
2025-06-GSAFAC-0000404394,R96RFDTXEFG9,2025,2026-05-07,S3FFMKN95RF1
2025-06-GSAFAC-0000404394,R96RFDTXEFG9,2025,2026-05-07,JERJUDKCYLE3
2025-06-GSAFAC-0000404394,R96RFDTXEFG9,2025,2026-05-07,UW24SMC4DLM1
2025-06-GSAFAC-0000404394,R96RFDTXEFG9,2025,2026-05-07,NLYTWDL1RBS7
2025-06-GSAFAC-0000404394,R96RFDTXEFG9,2025,2026-05-07,EMW9FC8J3HN4
2025-06-GSAFAC-0000404394,R96RFDTXEFG9,2025,2026-05-07,LSJTMEUVUQ79
2025-06-GSAFAC-0000404394,R96RFDTXEFG9,2025,2026-05-07,VAHGRLBXD6G5
2025-06-GSAFAC-0000404394,R96RFDTXEFG9,2025,2026-05-07,FVCJFYYLJT13
2025-06-GSAFAC-0000404394,R96RFDTXEFG9,2025,2026-05-07,DMDVPTGMLTS5
2025-06-GSAFAC-0000404394,R96RFDTXEFG9,2025,2026-05-07,TSALKE2KG5B1
2025-06-GSAFAC-0000404394,R96RFDTXEFG9,2025,2026-05-07,SNQ6M7S6TK89
2025-06-GSAFAC-0000404394,R96RFDTXEFG9,2025,2026-05-07,MNS7B9CVKDN7
2025-06-GSAFAC-0000404394,R96RFDTXEFG9,2025,2026-05-07,VD5MQ1KJHTJ9
2025-06-GSAFAC-0000404394,R96RFDTXEFG9,2025,2026-05-07,PWGQK4FFJXL3
2025-06-GSAFAC-0000404394,R96RFDTXEFG9,2025,2026-05-07,CTCMTRLMYMS9
2025-06-GSAFAC-0000404394,R96RFDTXEFG9,2025,2026-05-07,Z88QFLH396C8
2025-06-GSAFAC-0000404394,R96RFDTXEFG9,2025,2026-05-07,GSDJJ12A2XU4
2025-06-GSAFAC-0000404394,R96RFDTXEFG9,2025,2026-05-07,LVQADHKEFUE1
2025-06-GSAFAC-0000404394,R96RFDTXEFG9,2025,2026-05-07,M8QMBTLRKDL1
2025-06-GSAFAC-0000404394,R96RFDTXEFG9,2025,2026-05-07,SVU8DHL27WG1
2025-06-GSAFAC-0000404394,R96RFDTXEFG9,2025,2026-05-07,LB7XJYLQ5K64
2025-06-GSAFAC-0000404394,R96RFDTXEFG9,2025,2026-05-07,GJN5WVFCC6K4
2025-06-GSAFAC-0000404394,R96RFDTXEFG9,2025,2026-05-07,VYF6CWCFG4G6
2025-06-GSAFAC-0000404394,R96RFDTXEFG9,2025,2026-05-07,R9NJBMJD9Y18
2025-06-GSAFAC-0000404394,R96RFDTXEFG9,2025,2026-05-07,V1WUYJCYJVJ4
2025-06-GSAFAC-0000404394,R96RFDTXEFG9,2025,2026-05-07,UPGQEASGW9N7
2025-06-GSAFAC-0000404394,R96RFDTXEFG9,2025,2026-05-07,V7MDL9CDSH25
2025-06-GSAFAC-0000404394,R96RFDTXEFG9,2025,2026-05-07,N7WSFBXBG2W8
2025-06-GSAFAC-0000404394,R96RFDTXEFG9,2025,2026-05-07,FJZUDUGA3X68
2025-06-GSAFAC-0000404394,R96RFDTXEFG9,2025,2026-05-07,F21LW9WKHJQ5
2025-06-GSAFAC-0000404394,R96RFDTXEFG9,2025,2026-05-07,PK4ALBMFSLQ1
2025-06-GSAFAC-0000404394,R96RFDTXEFG9,2025,2026-05-07,KJ97XE5AFJC4
2025-06-GSAFAC-0000404394,R96RFDTXEFG9,2025,2026-05-07,NB11TLE8TZU7
2025-06-GSAFAC-0000404394,R96RFDTXEFG9,2025,2026-05-07,SFBTPKM96L56
2025-06-GSAFAC-0000404394,R96RFDTXEFG9,2025,2026-05-07,Y3UNJSG9NCQ8
2025-06-GSAFAC-0000404394,R96RFDTXEFG9,2025,2026-05-07,KBKFVQTDNDD4
2025-06-GSAFAC-0000404394,R96RFDTXEFG9,2025,2026-05-07,VQ92VN5EJL63
2025-06-GSAFAC-0000404394,R96RFDTXEFG9,2025,2026-05-07,JE49CN5RH9R7
2025-06-GSAFAC-0000404394,R96RFDTXEFG9,2025,2026-05-07,K6AHKXUZ4GM7
2025-06-GSAFAC-0000404394,R96RFDTXEFG9,2025,2026-05-07,TJYKSE9XUNB9
2025-06-GSAFAC-0000404394,R96RFDTXEFG9,2025,2026-05-07,K6GMDNQDL467
2025-06-GSAFAC-0000404394,R96RFDTXEFG9,2025,2026-05-07,F7RVDNHK2PE5
2025-06-GSAFAC-0000404394,R96RFDTXEFG9,2025,2026-05-07,N265N2MR2915
2025-06-GSAFAC-0000404394,R96RFDTXEFG9,2025,2026-05-07,LGDTP2PRMDE5
2025-06-GSAFAC-0000404394,R96RFDTXEFG9,2025,2026-05-07,D2EPQLW2MM85
2025-06-GSAFAC-0000404394,R96RFDTXEFG9,2025,2026-05-07,GUT1BFELPFJ1
2025-06-GSAFAC-0000404394,R96RFDTXEFG9,2025,2026-05-07,N1NBYY8KR985
2025-06-GSAFAC-0000404394,R96RFDTXEFG9,2025,2026-05-07,G1NTLXE4VJG6
2025-06-GSAFAC-0000404394,R96RFDTXEFG9,2025,2026-05-07,JU2LNTBKDJZ3
2025-06-GSAFAC-0000404394,R96RFDTXEFG9,2025,2026-05-07,SMV4HJLNJLP3
2025-06-GSAFAC-0000404394,R96RFDTXEFG9,2025,2026-05-07,ZKBWJZNDDE67
2025-06-GSAFAC-0000404394,R96RFDTXEFG9,2025,2026-05-07,TPRNM3DMKE15
2025-06-GSAFAC-0000404394,R96RFDTXEFG9,2025,2026-05-07,WUHNDWEE8WB7
2025-06-GSAFAC-0000404394,R96RFDTXEFG9,2025,2026-05-07,GZKVE2KJVHM9
2025-06-GSAFAC-0000404394,R96RFDTXEFG9,2025,2026-05-07,HMKMP5W5K617
2025-06-GSAFAC-0000404394,R96RFDTXEFG9,2025,2026-05-07,NNE6EY7JXAJ5
2025-06-GSAFAC-0000404394,R96RFDTXEFG9,2025,2026-05-07,L3E4RDM7NG17
2025-06-GSAFAC-0000404394,R96RFDTXEFG9,2025,2026-05-07,VM1NC3JNJHU3
2025-06-GSAFAC-0000404394,R96RFDTXEFG9,2025,2026-05-07,FXYFEXKZM4K3
2025-06-GSAFAC-0000404394,R96RFDTXEFG9,2025,2026-05-07,R3LFM8XAQF29
2025-06-GSAFAC-0000404394,R96RFDTXEFG9,2025,2026-05-07,D4MJLT4N3L98
2025-06-GSAFAC-0000404394,R96RFDTXEFG9,2025,2026-05-07,GN3FEPSEQMC3
2025-06-GSAFAC-0000404394,R96RFDTXEFG9,2025,2026-05-07,VYF6CWCFG4G6
2025-06-GSAFAC-0000404394,R96RFDTXEFG9,2025,2026-05-07,GQ7GSNYPGZ27
2025-06-GSAFAC-0000404394,R96RFDTXEFG9,2025,2026-05-07,K37BS5HDD1R6
2025-06-GSAFAC-0000404394,R96RFDTXEFG9,2025,2026-05-07,DEKQU1ZMTF89
2025-06-GSAFAC-0000404394,R96RFDTXEFG9,2025,2026-05-07,CHLZUYASEL85
2025-06-GSAFAC-0000404394,R96RFDTXEFG9,2025,2026-05-07,Q2LKTLYJM4P8
2025-06-GSAFAC-0000404394,R96RFDTXEFG9,2025,2026-05-07,NMJHD63STRC5
2025-06-GSAFAC-0000404394,R96RFDTXEFG9,2025,2026-05-07,GZYPDGXHXDB3
2025-06-GSAFAC-0000404394,R96RFDTXEFG9,2025,2026-05-07,WU6LEXX7KD81
2025-06-GSAFAC-0000404394,R96RFDTXEFG9,2025,2026-05-07,UHCVCJL7RWV3
2025-06-GSAFAC-0000404394,R96RFDTXEFG9,2025,2026-05-07,N8NME8FJ3NB5
2025-06-GSAFAC-0000404394,R96RFDTXEFG9,2025,2026-05-07,MWZKK4YE25A8
2025-06-GSAFAC-0000404394,R96RFDTXEFG9,2025,2026-05-07,N4DUXKFK19A6
2025-06-GSAFAC-0000404394,R96RFDTXEFG9,2025,2026-05-07,JCQLJATLGMM8
2025-06-GSAFAC-0000404394,R96RFDTXEFG9,2025,2026-05-07,YXXRW8L7EYJ4
2025-06-GSAFAC-0000408310,FXV5JB3EPZ99,2025,2026-05-07,S3KFS7F17C38
2025-06-GSAFAC-0000408310,FXV5JB3EPZ99,2025,2026-05-07,DL96F3QDAK75
2025-06-GSAFAC-0000408310,FXV5JB3EPZ99,2025,2026-05-07,R1BXKXTTT113
2025-06-GSAFAC-0000408310,FXV5JB3EPZ99,2025,2026-05-07,M84HL6VULX43
2025-06-GSAFAC-0000408310,FXV5JB3EPZ99,2025,2026-05-07,HEUFZN4GKG24
2025-06-GSAFAC-0000417861,E5ZLX32DU9D8,2025,2026-05-08,SE62XNUAKSL7
2025-06-GSAFAC-0000417861,E5ZLX32DU9D8,2025,2026-05-08,KNFLCV2L8NU1
2025-06-GSAFAC-0000417861,E5ZLX32DU9D8,2025,2026-05-08,GBZLGDQGTLX5
2025-06-GSAFAC-0000417861,E5ZLX32DU9D8,2025,2026-05-08,R1GZABLXM1U9
2025-12-GSAFAC-0000417446,NNJUR1Q5MXH5,2025,2026-05-11,QN64ZJ96APZ7
2025-06-GSAFAC-0000418029,PNG4LUYEKK53,2025,2026-05-11,R9NFLWT6NG44
2026-01-GSAFAC-0000417104,SMD8LMPDALW9,2026,2026-05-11,DEXFPXSEHY75
2025-12-GSAFAC-0000418071,XXF4A3MLM3C6,2025,2026-05-12,T5XLRBXP93M4
2025-12-GSAFAC-0000418071,XXF4A3MLM3C6,2025,2026-05-12,MMLKQB62EJ46
2025-12-GSAFAC-0000418071,XXF4A3MLM3C6,2025,2026-05-12,LPEAU551ZK19
2025-12-GSAFAC-0000418071,XXF4A3MLM3C6,2025,2026-05-12,ZQYAZ5CBJ1U4
2025-12-GSAFAC-0000418071,XXF4A3MLM3C6,2025,2026-05-12,ZR2ZLVL6DG74
2023-12-GSAFAC-0000417376,XZMUXB9K8D93,2023,2026-05-12,P6FBEMZEG123
2024-12-GSAFAC-0000417404,XZMUXB9K8D93,2024,2026-05-12,P6FBEMZEG123
2023-06-GSAFAC-0000417568,KSNPHJ1LMNJ7,2023,2026-05-13,ZWLPU14JNBT9
2023-06-GSAFAC-0000417568,KSNPHJ1LMNJ7,2023,2026-05-13,MH1JYNCZBJ53
2023-06-GSAFAC-0000417568,KSNPHJ1LMNJ7,2023,2026-05-13,J8MQA89EEGL4
2023-06-GSAFAC-0000417568,KSNPHJ1LMNJ7,2023,2026-05-13,VKTNU1W7XMK3
2023-06-GSAFAC-0000417568,KSNPHJ1LMNJ7,2023,2026-05-13,EU2XEN3PLY86
2023-06-GSAFAC-0000417568,KSNPHJ1LMNJ7,2023,2026-05-13,CNUGM6EL7FQ1
2023-06-GSAFAC-0000417568,KSNPHJ1LMNJ7,2023,2026-05-13,QEGBEHWZU6L1
2023-06-GSAFAC-0000417568,KSNPHJ1LMNJ7,2023,2026-05-13,MSRCE1MA9657
2023-06-GSAFAC-0000417568,KSNPHJ1LMNJ7,2023,2026-05-13,MEW7X62WEY77
2023-06-GSAFAC-0000417568,KSNPHJ1LMNJ7,2023,2026-05-13,WNQJL58CZKL5
2023-06-GSAFAC-0000417568,KSNPHJ1LMNJ7,2023,2026-05-13,G1GUYCR1ZNL5
2025-06-GSAFAC-0000418209,C2XMYPMER7N7,2025,2026-05-13,N7KNAMJNKSK5
2025-09-GSAFAC-0000416664,DLPGAUQK4LX8,2025,2026-05-13,K2V3JHVC5DA3
2025-09-GSAFAC-0000416664,DLPGAUQK4LX8,2025,2026-05-13,VMMHBJKKC3E4
2025-06-GSAFAC-0000417843,C4F5DJP969G3,2025,2026-05-13,VRZXB96RCJG7
2025-12-GSAFAC-0000418153,FGMCJDJRLFB1,2025,2026-05-14,X49JDAE3PE73
2025-12-GSAFAC-0000418153,FGMCJDJRLFB1,2025,2026-05-14,KF33B4EZQ487
2025-09-GSAFAC-0000416522,KM7XTKHC9D19,2025,2026-05-14,J19ZXYATJLT3
2025-09-GSAFAC-0000416522,KM7XTKHC9D19,2025,2026-05-14,JNNXW5LKE253
2025-09-GSAFAC-0000416522,KM7XTKHC9D19,2025,2026-05-14,NPH1VN32EWN5
2025-12-GSAFAC-0000406912,E5ADVB2JDWD4,2025,2026-05-15,CJKSYPRL5C93
2025-12-GSAFAC-0000418020,R7BNKMP32NN3,2025,2026-05-15,CEVEN8PYASU8
2025-12-GSAFAC-0000418020,R7BNKMP32NN3,2025,2026-05-15,DQJGWUN3UJY5
2025-12-GSAFAC-0000418020,R7BNKMP32NN3,2025,2026-05-15,E6KZG3MNE1D5
2025-12-GSAFAC-0000418020,R7BNKMP32NN3,2025,2026-05-15,FFUMC3JX5NZ1
2025-12-GSAFAC-0000418020,R7BNKMP32NN3,2025,2026-05-15,GYX2L5Q1M5U9
2025-12-GSAFAC-0000418020,R7BNKMP32NN3,2025,2026-05-15,HBKKD7JXUJJ3
2025-12-GSAFAC-0000418020,R7BNKMP32NN3,2025,2026-05-15,JALATJTTG4G5
2025-12-GSAFAC-0000418020,R7BNKMP32NN3,2025,2026-05-15,JCALBPNMAHF3
2025-12-GSAFAC-0000418020,R7BNKMP32NN3,2025,2026-05-15,JHKBV97FZUC5
2025-12-GSAFAC-0000418020,R7BNKMP32NN3,2025,2026-05-15,JLRSCNN9J9R8
2025-12-GSAFAC-0000418020,R7BNKMP32NN3,2025,2026-05-15,JREYSSEK3K89
2025-12-GSAFAC-0000418020,R7BNKMP32NN3,2025,2026-05-15,K8SZJ1V12AG2
2025-12-GSAFAC-0000418020,R7BNKMP32NN3,2025,2026-05-15,MRGBBZXL3826
2025-12-GSAFAC-0000418020,R7BNKMP32NN3,2025,2026-05-15,NDBHJ4AN9V61
2025-12-GSAFAC-0000418020,R7BNKMP32NN3,2025,2026-05-15,UH3JA8G9FQN5
2025-12-GSAFAC-0000418020,R7BNKMP32NN3,2025,2026-05-15,ZCLJHAMK58N8
2025-08-GSAFAC-0000418321,HH1KJWE2J6F1,2025,2026-05-18,FVVYWJRL6K68
2025-08-GSAFAC-0000418321,HH1KJWE2J6F1,2025,2026-05-18,C8DYLG5FBET3
2025-12-GSAFAC-0000409291,EHQTMNKU1YA6,2025,2026-05-21,VD87BL1JF8W9
2025-12-GSAFAC-0000415713,R6WASEZCE941,2025,2026-05-21,CTLKBFJX6MP6
2025-09-GSAFAC-0000417749,NNPSKT8GRCU1,2025,2026-05-21,M8ESQ7JM4VB7
2025-09-GSAFAC-0000417749,NNPSKT8GRCU1,2025,2026-05-21,RLLDLZ223LX5
2025-06-GSAFAC-0000418676,CTFSVK5FBJ52,2025,2026-05-21,J957CTKNT9T4
2025-06-GSAFAC-0000418676,CTFSVK5FBJ52,2025,2026-05-21,N657LGPWEJ18
2025-06-GSAFAC-0000418676,CTFSVK5FBJ52,2025,2026-05-21,YM3XDFHHXGR7
2024-06-GSAFAC-0000418120,EJRKDPC1R9P8,2024,2026-05-22,ENVMCMV7QVA7
2025-09-GSAFAC-0000405934,MY2ERHGDV956,2025,2026-05-26,KDCLAM4DJHH3
2025-09-GSAFAC-0000405934,MY2ERHGDV956,2025,2026-05-26,MHDJPJKBQEF8
2025-12-GSAFAC-0000417705,M4P4JHF7HHN7,2025,2026-05-26,FWZKLM51JJB4
2025-12-GSAFAC-0000417705,M4P4JHF7HHN7,2025,2026-05-26,RZJGAN68CQQ6
2025-12-GSAFAC-0000417705,M4P4JHF7HHN7,2025,2026-05-26,NEWXM2KAYBLS
2025-12-GSAFAC-0000417705,M4P4JHF7HHN7,2025,2026-05-26,E74LK9EMR9L5
2025-12-GSAFAC-0000417705,M4P4JHF7HHN7,2025,2026-05-26,PASCPV2YKLD9
2025-12-GSAFAC-0000417705,M4P4JHF7HHN7,2025,2026-05-26,NTCLKJ84E384
2025-12-GSAFAC-0000417037,P49TYES2Z113,2025,2026-05-26,HNGMEYMQRHW6
2025-12-GSAFAC-0000417176,FBDHNMLS19H2,2025,2026-05-26,NM5FJGKMHK93
2025-12-GSAFAC-0000409637,GE7NW99Y9L66,2025,2026-05-26,VMECQP1R7FD9
2025-12-GSAFAC-0000409637,GE7NW99Y9L66,2025,2026-05-26,SE22S4GCCDG3
2025-12-GSAFAC-0000409637,GE7NW99Y9L66,2025,2026-05-26,FTDKFHKP6JK3
2025-12-GSAFAC-0000409637,GE7NW99Y9L66,2025,2026-05-26,EJRCK5NWYPW9
2025-09-GSAFAC-0000414194,GC27EN7RG7K1,2025,2026-05-26,VMLLGK696EW7
2025-12-GSAFAC-0000419369,CD68JWHGG4A8,2025,2026-05-27,G2K2JTY9H1M3
2025-09-GSAFAC-0000419167,PCC4HYJQEZK3,2025,2026-05-28,KQ5WUE9P6UK3
2025-12-GSAFAC-0000418725,WT9MJ8VP92H7,2025,2026-05-28,ES4UP1YBR4A5
2025-12-GSAFAC-0000418622,JS7DK2APTFJ7,2025,2026-05-28,CBWYRN9WFZ96
2025-12-GSAFAC-0000418622,JS7DK2APTFJ7,2025,2026-05-28,D71BPLXYQMN5
2025-12-GSAFAC-0000418622,JS7DK2APTFJ7,2025,2026-05-28,YMFJXB4A3K94
2025-12-GSAFAC-0000418622,JS7DK2APTFJ7,2025,2026-05-28,VZPFXAFQBX27
2025-12-GSAFAC-0000418622,JS7DK2APTFJ7,2025,2026-05-28,P4PGY9N5KNR7
2025-12-GSAFAC-0000418622,JS7DK2APTFJ7,2025,2026-05-28,EFFDV3VD31K7
2025-12-GSAFAC-0000418622,JS7DK2APTFJ7,2025,2026-05-28,U941YS3EREL9
2025-12-GSAFAC-0000418622,JS7DK2APTFJ7,2025,2026-05-28,DNCJSL7CY7K5
2025-12-GSAFAC-0000418622,JS7DK2APTFJ7,2025,2026-05-28,NR27L6D3EJ75
2025-12-GSAFAC-0000418622,JS7DK2APTFJ7,2025,2026-05-28,VNBFL93JYPK7
2025-12-GSAFAC-0000418622,JS7DK2APTFJ7,2025,2026-05-28,FBWZAQ6Z11L1
2025-12-GSAFAC-0000418622,JS7DK2APTFJ7,2025,2026-05-28,YBM4V6U8YL68
2025-12-GSAFAC-0000418622,JS7DK2APTFJ7,2025,2026-05-28,FFMYWXZ62U88
2025-12-GSAFAC-0000418798,N1W8YN4MSHY6,2025,2026-05-28,LDYRK8HYM4A9
2025-12-GSAFAC-0000418798,N1W8YN4MSHY6,2025,2026-05-28,HQLVC57X96Z6
2025-12-GSAFAC-0000418798,N1W8YN4MSHY6,2025,2026-05-28,KPANKHNK4MA9
2025-12-GSAFAC-0000418798,N1W8YN4MSHY6,2025,2026-05-28,P6PDGX9SSDE9
2025-06-GSAFAC-0000419171,DXEZB37UP7Q9,2025,2026-05-28,D9SNFDRCW3W7
2025-06-GSAFAC-0000419171,DXEZB37UP7Q9,2025,2026-05-28,EG83QVHWQYZ3
2025-06-GSAFAC-0000419171,DXEZB37UP7Q9,2025,2026-05-28,LJ87B25FZ1B1
2025-06-GSAFAC-0000419171,DXEZB37UP7Q9,2025,2026-05-28,V45ADERKJAY8
2025-06-GSAFAC-0000419171,DXEZB37UP7Q9,2025,2026-05-28,C9WRPSE9E7Y8
2025-06-GSAFAC-0000419171,DXEZB37UP7Q9,2025,2026-05-28,DGVTSHEFCBM5
2025-06-GSAFAC-0000419171,DXEZB37UP7Q9,2025,2026-05-28,DJD3ZBJ1HNL7
2025-06-GSAFAC-0000419171,DXEZB37UP7Q9,2025,2026-05-28,DWN5MBGAT2F8
2025-06-GSAFAC-0000419171,DXEZB37UP7Q9,2025,2026-05-28,EED8DPB3U7M8
2025-06-GSAFAC-0000419171,DXEZB37UP7Q9,2025,2026-05-28,F3JKS4BK7SY6
2025-06-GSAFAC-0000419171,DXEZB37UP7Q9,2025,2026-05-28,FPJLRDTN13X3
2025-06-GSAFAC-0000419171,DXEZB37UP7Q9,2025,2026-05-28,FSMGQ4ZYNHR1
2025-06-GSAFAC-0000419171,DXEZB37UP7Q9,2025,2026-05-28,G9T1PJBELKT1
2025-06-GSAFAC-0000419171,DXEZB37UP7Q9,2025,2026-05-28,GLJFD1STNE67
2025-06-GSAFAC-0000419171,DXEZB37UP7Q9,2025,2026-05-28,GVGJKXG5MHJ1
2025-06-GSAFAC-0000419171,DXEZB37UP7Q9,2025,2026-05-28,GWMKT7JGFW91
2025-06-GSAFAC-0000419171,DXEZB37UP7Q9,2025,2026-05-28,H6D6JMXJXDE6
2025-06-GSAFAC-0000419171,DXEZB37UP7Q9,2025,2026-05-28,HBMCELU6SGA1
2025-06-GSAFAC-0000419171,DXEZB37UP7Q9,2025,2026-05-28,HEF4CH4YQ548
2025-06-GSAFAC-0000419171,DXEZB37UP7Q9,2025,2026-05-28,HHGMHDPKEY13
2025-06-GSAFAC-0000419171,DXEZB37UP7Q9,2025,2026-05-28,HJL7S6MUNL85
2025-06-GSAFAC-0000419171,DXEZB37UP7Q9,2025,2026-05-28,J9ZXN6UQ2K15
2025-06-GSAFAC-0000419171,DXEZB37UP7Q9,2025,2026-05-28,JC5DG7UW6NG8
2025-06-GSAFAC-0000419171,DXEZB37UP7Q9,2025,2026-05-28,JGBJNDVGKK44
2025-06-GSAFAC-0000419171,DXEZB37UP7Q9,2025,2026-05-28,JNYQV17MGDW9
2025-06-GSAFAC-0000419171,DXEZB37UP7Q9,2025,2026-05-28,K7K4FGG8RF4S
2025-06-GSAFAC-0000419171,DXEZB37UP7Q9,2025,2026-05-28,KAFMH9XHH8P3
2025-06-GSAFAC-0000419171,DXEZB37UP7Q9,2025,2026-05-28,KEB2K7QLKAN7
2025-06-GSAFAC-0000419171,DXEZB37UP7Q9,2025,2026-05-28,KG2CH68F4NN7
2025-06-GSAFAC-0000419171,DXEZB37UP7Q9,2025,2026-05-28,KSM5N7FJ3QE3
2025-06-GSAFAC-0000419171,DXEZB37UP7Q9,2025,2026-05-28,L6D8BDC5AWY9
2025-06-GSAFAC-0000419171,DXEZB37UP7Q9,2025,2026-05-28,LN4KPLU7DRKS
2025-06-GSAFAC-0000419171,DXEZB37UP7Q9,2025,2026-05-28,M1X3RKZ4USL4
2025-06-GSAFAC-0000419171,DXEZB37UP7Q9,2025,2026-05-28,M2M2M9FVADT5
2025-06-GSAFAC-0000419171,DXEZB37UP7Q9,2025,2026-05-28,MJPAYFRNBLX4
2025-06-GSAFAC-0000419171,DXEZB37UP7Q9,2025,2026-05-28,MNBMRKK2P8V4
2025-06-GSAFAC-0000419171,DXEZB37UP7Q9,2025,2026-05-28,MVPJKXM7B8G8
2025-06-GSAFAC-0000419171,DXEZB37UP7Q9,2025,2026-05-28,N1PZLYBYC1D3
2025-06-GSAFAC-0000419171,DXEZB37UP7Q9,2025,2026-05-28,N48NWM27W7R3
2025-06-GSAFAC-0000419171,DXEZB37UP7Q9,2025,2026-05-28,N88AJLHZ39R3
2025-06-GSAFAC-0000419171,DXEZB37UP7Q9,2025,2026-05-28,NEY6K8B6V835
2025-06-GSAFAC-0000419171,DXEZB37UP7Q9,2025,2026-05-28,NT2EGNTCPLJ3
2025-06-GSAFAC-0000419171,DXEZB37UP7Q9,2025,2026-05-28,NZMLYKS24FW3
2025-06-GSAFAC-0000419171,DXEZB37UP7Q9,2025,2026-05-28,QHFBMDKNENK7
2025-06-GSAFAC-0000419171,DXEZB37UP7Q9,2025,2026-05-28,R2J2V5BZNGY2
2025-06-GSAFAC-0000419171,DXEZB37UP7Q9,2025,2026-05-28,RFZKKT5RU3F8
2025-06-GSAFAC-0000419171,DXEZB37UP7Q9,2025,2026-05-28,RN48MDBUVS95
2025-06-GSAFAC-0000419171,DXEZB37UP7Q9,2025,2026-05-28,V9HAESFBZHD4
2025-06-GSAFAC-0000419171,DXEZB37UP7Q9,2025,2026-05-28,VGAKVJNLKDR9
2025-06-GSAFAC-0000419171,DXEZB37UP7Q9,2025,2026-05-28,VU2RJUB3MB65
2025-06-GSAFAC-0000419171,DXEZB37UP7Q9,2025,2026-05-28,VWQNND6KLQQ5
2025-06-GSAFAC-0000419171,DXEZB37UP7Q9,2025,2026-05-28,VZA5GCYZBJA7
2025-06-GSAFAC-0000419171,DXEZB37UP7Q9,2025,2026-05-28,WCXRFY6FGU46
2025-06-GSAFAC-0000419171,DXEZB37UP7Q9,2025,2026-05-28,WNTPS995QBM7
2025-06-GSAFAC-0000419171,DXEZB37UP7Q9,2025,2026-05-28,WWLVE4N1TN25
2025-06-GSAFAC-0000419171,DXEZB37UP7Q9,2025,2026-05-28,WYGTAL14GSS7
2025-06-GSAFAC-0000419171,DXEZB37UP7Q9,2025,2026-05-28,Y5EFJ1GGL548
2025-06-GSAFAC-0000419171,DXEZB37UP7Q9,2025,2026-05-28,YDBAZKLDWMN4
2025-06-GSAFAC-0000419171,DXEZB37UP7Q9,2025,2026-05-28,YMPLPE6VQH93
2025-06-GSAFAC-0000419171,DXEZB37UP7Q9,2025,2026-05-28,Z1G3QYKTM1T9
2025-06-GSAFAC-0000419171,DXEZB37UP7Q9,2025,2026-05-28,Z2F4R9ZJG2A4
2025-06-GSAFAC-0000419171,DXEZB37UP7Q9,2025,2026-05-28,Z7QQDHT9VSD3
2025-06-GSAFAC-0000419171,DXEZB37UP7Q9,2025,2026-05-28,ZGTENAV1H391
2025-06-GSAFAC-0000419171,DXEZB37UP7Q9,2025,2026-05-28,ZJSAV61ENCF8
2025-06-GSAFAC-0000419171,DXEZB37UP7Q9,2025,2026-05-28,ZQ8MXL2GJ4C4
2025-12-GSAFAC-0000417613,DLTKXAEVJS21,2025,2026-05-28,PC77KNYJEB17
2025-09-GSAFAC-0000419489,XNSRLRNJE2L1,2025,2026-05-28,EMTNA5QQJ4E6
2025-09-GSAFAC-0000419489,XNSRLRNJE2L1,2025,2026-05-28,ZMCESHK52JN3
2025-06-GSAFAC-0000419025,VEHRKVEMJK59,2025,2026-05-28,FNH9ERZFSJV4
2025-12-GSAFAC-0000419266,EMJRADN5CG59,2025,2026-05-29,GKBLJ5MBV478
2025-09-GSAFAC-0000419650,KPSRMF3B1UP1,2025,2026-05-29,F21LKQHDDYN4
2025-12-GSAFAC-0000415697,GKK1H47RX341,2025,2026-05-29,JR55MV3SKS15
2025-09-GSAFAC-0000419410,GR61V9ZWU251,2025,2026-05-29,CFWGHMF6MGA1
2025-09-GSAFAC-0000419410,GR61V9ZWU251,2025,2026-05-29,XNLXJGLVACC9
2025-09-GSAFAC-0000419410,GR61V9ZWU251,2025,2026-05-29,JDJKGY66NYB3
2025-09-GSAFAC-0000419410,GR61V9ZWU251,2025,2026-05-29,N8YPCU7H1W11
2025-09-GSAFAC-0000419410,GR61V9ZWU251,2025,2026-05-29,JLK4MLNDNMM5
2022-09-GSAFAC-0000419641,T4ZRFC3WZ5M9,2022,2026-05-29,D9DGBY9P8Y78
2025-12-GSAFAC-0000419461,LKFFCWXP1LU2,2025,2026-06-01,DU9QJ8P7LYB1
2024-09-GSAFAC-0000375964,U1L2PRKYF9T3,2024,2026-06-01,MPJ1V6L7MN71
2025-12-GSAFAC-0000418463,VKH7RC9VS8T8,2025,2026-06-02,KFP8L5CJ6DJ9
2025-06-GSAFAC-0000419954,E9LKLNK2TP24,2025,2026-06-02,NRJ7KCTE29N3
2025-09-GSAFAC-0000419672,CQMFPQF41QW3,2025,2026-06-02,TDG9US9MM3L3
2025-09-GSAFAC-0000419672,CQMFPQF41QW3,2025,2026-06-02,G3MYGJEWX4L5
2025-09-GSAFAC-0000419672,CQMFPQF41QW3,2025,2026-06-02,F4M9ZFRK2UT4
2025-09-GSAFAC-0000419672,CQMFPQF41QW3,2025,2026-06-02,KNGTJWTKD5M3
2025-09-GSAFAC-0000419672,CQMFPQF41QW3,2025,2026-06-02,G57JHUVJFWH1
2025-09-GSAFAC-0000419672,CQMFPQF41QW3,2025,2026-06-02,ECN1K7P736K8
2025-09-GSAFAC-0000419672,CQMFPQF41QW3,2025,2026-06-02,LG9MAJM5DNN5
2025-09-GSAFAC-0000419672,CQMFPQF41QW3,2025,2026-06-02,V65RJJ4436M8
2025-09-GSAFAC-0000419672,CQMFPQF41QW3,2025,2026-06-02,YXEMBUGMFP56
2025-09-GSAFAC-0000419672,CQMFPQF41QW3,2025,2026-06-02,LUM4GM4VMVJ6
2025-09-GSAFAC-0000419672,CQMFPQF41QW3,2025,2026-06-02,M1E8BB873XK1
2025-09-GSAFAC-0000419672,CQMFPQF41QW3,2025,2026-06-02,PMBFFLJBKTG4
2025-09-GSAFAC-0000419672,CQMFPQF41QW3,2025,2026-06-02,YN7NFN7JLCS5
2025-09-GSAFAC-0000419672,CQMFPQF41QW3,2025,2026-06-02,GXKDHZ7ANHK4
2025-09-GSAFAC-0000419672,CQMFPQF41QW3,2025,2026-06-02,T3SFG76ESG54
2025-09-GSAFAC-0000419672,CQMFPQF41QW3,2025,2026-06-02,ZKUQHZ9FDUM6
2025-09-GSAFAC-0000419672,CQMFPQF41QW3,2025,2026-06-02,V3TYEW2R14U3
2025-09-GSAFAC-0000419672,CQMFPQF41QW3,2025,2026-06-02,VEXPDUMXK714
2025-09-GSAFAC-0000419672,CQMFPQF41QW3,2025,2026-06-02,YY9JD7UNY323
2025-09-GSAFAC-0000419672,CQMFPQF41QW3,2025,2026-06-02,TTBBAWZKYXR3
2025-06-GSAFAC-0000418152,EPXGANRPMNX4,2025,2026-06-02,WCUGNQQ8DZU1
2025-06-GSAFAC-0000419837,H8CSY2JDYMV5,2025,2026-06-02,HJRATX5PJ6N3
2025-12-GSAFAC-0000419546,WNK7FEN5X9E1,2025,2026-06-03,HYTETG641B58
2025-12-GSAFAC-0000419546,WNK7FEN5X9E1,2025,2026-06-03,N1EXDDSNGRN5
2025-12-GSAFAC-0000419585,KVLYDC1KL4W7,2025,2026-06-03,JNV6EANHXKS6
2025-12-GSAFAC-0000419585,KVLYDC1KL4W7,2025,2026-06-03,L2WSAZYJWHL8
2025-12-GSAFAC-0000419585,KVLYDC1KL4W7,2025,2026-06-03,Y8V2Z7GMQNA6
2025-12-GSAFAC-0000419585,KVLYDC1KL4W7,2025,2026-06-03,GWZKVAJTLR32
2025-12-GSAFAC-0000419585,KVLYDC1KL4W7,2025,2026-06-03,EMZLK98FCKC5
2025-12-GSAFAC-0000419585,KVLYDC1KL4W7,2025,2026-06-03,MKMSFE3FTU15
2025-12-GSAFAC-0000419585,KVLYDC1KL4W7,2025,2026-06-03,CQAQB3BXT937
2025-12-GSAFAC-0000419585,KVLYDC1KL4W7,2025,2026-06-03,CJPVZPBT2P93
2025-12-GSAFAC-0000419585,KVLYDC1KL4W7,2025,2026-06-03,VGP7WT58HM73
2025-12-GSAFAC-0000419585,KVLYDC1KL4W7,2025,2026-06-03,F9EJW2M64PQ8
2025-12-GSAFAC-0000419585,KVLYDC1KL4W7,2025,2026-06-03,M3GMKMZ47AH4
2025-12-GSAFAC-0000419585,KVLYDC1KL4W7,2025,2026-06-03,N7CTWFSM8KM9
2025-12-GSAFAC-0000419585,KVLYDC1KL4W7,2025,2026-06-03,JZW3FXQRNNV9
2025-12-GSAFAC-0000419585,KVLYDC1KL4W7,2025,2026-06-03,M9E9SHYN6JA7
2025-12-GSAFAC-0000419585,KVLYDC1KL4W7,2025,2026-06-03,HWDDBYUF94H4
2025-12-GSAFAC-0000419585,KVLYDC1KL4W7,2025,2026-06-03,UPWNL2S7ZSW3
2025-12-GSAFAC-0000419585,KVLYDC1KL4W7,2025,2026-06-03,HJ7DHD51ZYS5
2025-12-GSAFAC-0000419585,KVLYDC1KL4W7,2025,2026-06-03,Q1LQMB9Y92J5
2025-12-GSAFAC-0000419585,KVLYDC1KL4W7,2025,2026-06-03,CNU3LQSG6JE9
2025-12-GSAFAC-0000419585,KVLYDC1KL4W7,2025,2026-06-03,LH8ZV8QY5JY5
2025-12-GSAFAC-0000419585,KVLYDC1KL4W7,2025,2026-06-03,Y8JYQ33G9LU3
2025-12-GSAFAC-0000419585,KVLYDC1KL4W7,2025,2026-06-03,MEUDB7ARJF23
2025-12-GSAFAC-0000419585,KVLYDC1KL4W7,2025,2026-06-03,KB6GAV7KBEA9
2025-12-GSAFAC-0000419585,KVLYDC1KL4W7,2025,2026-06-03,X94LLZMC8CK6
2025-12-GSAFAC-0000419585,KVLYDC1KL4W7,2025,2026-06-03,G1A1SEZ2NAJ3
2025-12-GSAFAC-0000419585,KVLYDC1KL4W7,2025,2026-06-03,LJ35MVVFNLQ3
2025-12-GSAFAC-0000419585,KVLYDC1KL4W7,2025,2026-06-03,ZYDSKLSEP8C3
2025-12-GSAFAC-0000419585,KVLYDC1KL4W7,2025,2026-06-03,MUUJKH6KKM29
2025-12-GSAFAC-0000419585,KVLYDC1KL4W7,2025,2026-06-03,EMWMCNT3HJA9
2025-12-GSAFAC-0000419585,KVLYDC1KL4W7,2025,2026-06-03,JDCPBD6K32X5
2025-12-GSAFAC-0000419585,KVLYDC1KL4W7,2025,2026-06-03,PAJNMHKPKML6
2025-12-GSAFAC-0000419585,KVLYDC1KL4W7,2025,2026-06-03,WMKBUWQQ3KH3
2025-12-GSAFAC-0000419585,KVLYDC1KL4W7,2025,2026-06-03,KM3LJMLEN9L3
2025-12-GSAFAC-0000419585,KVLYDC1KL4W7,2025,2026-06-03,WU58Q4C48265
2025-12-GSAFAC-0000419585,KVLYDC1KL4W7,2025,2026-06-03,WU58Q4C48265
2025-12-GSAFAC-0000419585,KVLYDC1KL4W7,2025,2026-06-03,WU58Q4C48265
2025-12-GSAFAC-0000419585,KVLYDC1KL4W7,2025,2026-06-03,NNQBJN6XFKM1
2025-12-GSAFAC-0000419585,KVLYDC1KL4W7,2025,2026-06-03,NRCEM34UBAY8
2025-12-GSAFAC-0000419585,KVLYDC1KL4W7,2025,2026-06-03,D5NNSVNJ2PA5
2025-12-GSAFAC-0000419585,KVLYDC1KL4W7,2025,2026-06-03,PZKXP3EK9YM4
2025-12-GSAFAC-0000419585,KVLYDC1KL4W7,2025,2026-06-03,ML2SCN16HKD4
2025-12-GSAFAC-0000419585,KVLYDC1KL4W7,2025,2026-06-03,ML2SCN16HKD4
2025-12-GSAFAC-0000419585,KVLYDC1KL4W7,2025,2026-06-03,S9BLJD1KG8X8
2025-12-GSAFAC-0000419585,KVLYDC1KL4W7,2025,2026-06-03,N5BEJ9PNHNQ1
2025-12-GSAFAC-0000419585,KVLYDC1KL4W7,2025,2026-06-03,MYJ3Q8B5WMM1
2025-12-GSAFAC-0000419585,KVLYDC1KL4W7,2025,2026-06-03,GXYULZ37DM93
2025-12-GSAFAC-0000419585,KVLYDC1KL4W7,2025,2026-06-03,EM9RF3G279T5
2025-12-GSAFAC-0000419585,KVLYDC1KL4W7,2025,2026-06-03,GEA7EJ3AQ1J1
2025-12-GSAFAC-0000419585,KVLYDC1KL4W7,2025,2026-06-03,V1F7LCWHLDJ3
2025-12-GSAFAC-0000419585,KVLYDC1KL4W7,2025,2026-06-03,ENWBKZ2BF3Y8
2025-12-GSAFAC-0000419585,KVLYDC1KL4W7,2025,2026-06-03,U7M9GP6LNWG9
2025-12-GSAFAC-0000419585,KVLYDC1KL4W7,2025,2026-06-03,KHS8TQPAAWJ7
2025-12-GSAFAC-0000419585,KVLYDC1KL4W7,2025,2026-06-03,DSWNR4LL3KB5
2025-12-GSAFAC-0000419585,KVLYDC1KL4W7,2025,2026-06-03,KJCVLR24HA84
2025-12-GSAFAC-0000419585,KVLYDC1KL4W7,2025,2026-06-03,TNLDYJXNAAD9
2025-12-GSAFAC-0000419585,KVLYDC1KL4W7,2025,2026-06-03,CFM3FKKTR8K7
2025-12-GSAFAC-0000419585,KVLYDC1KL4W7,2025,2026-06-03,MDQKPLF5E5K7
2025-12-GSAFAC-0000419585,KVLYDC1KL4W7,2025,2026-06-03,KBCVSR8VMWG9
2025-12-GSAFAC-0000419585,KVLYDC1KL4W7,2025,2026-06-03,KYJ6Q89L6E91
2025-12-GSAFAC-0000419585,KVLYDC1KL4W7,2025,2026-06-03,EC57MWGRR2J7
2025-12-GSAFAC-0000419585,KVLYDC1KL4W7,2025,2026-06-03,DA3LCSM8WYR5
2025-12-GSAFAC-0000419585,KVLYDC1KL4W7,2025,2026-06-03,XPKKLJJA6U63
2025-12-GSAFAC-0000419585,KVLYDC1KL4W7,2025,2026-06-03,J4BXMG1BAJR8
2025-12-GSAFAC-0000419585,KVLYDC1KL4W7,2025,2026-06-03,NBK5LCS5S9Z5
2025-12-GSAFAC-0000419585,KVLYDC1KL4W7,2025,2026-06-03,FD4HBC8KZSQ2
2025-12-GSAFAC-0000419585,KVLYDC1KL4W7,2025,2026-06-03,VPEFQHWCPLW8
2025-12-GSAFAC-0000419585,KVLYDC1KL4W7,2025,2026-06-03,SDL9MMF19U43
2025-12-GSAFAC-0000419585,KVLYDC1KL4W7,2025,2026-06-03,CMD9T4M5R755
2025-12-GSAFAC-0000419585,KVLYDC1KL4W7,2025,2026-06-03,GAHUL6VT1ZT2
2025-12-GSAFAC-0000419585,KVLYDC1KL4W7,2025,2026-06-03,QYCXPZSSB6C8
2025-12-GSAFAC-0000419585,KVLYDC1KL4W7,2025,2026-06-03,LLVSN3Y9VHZ7
2025-12-GSAFAC-0000419585,KVLYDC1KL4W7,2025,2026-06-03,K5AHVKG62N29
2025-12-GSAFAC-0000419585,KVLYDC1KL4W7,2025,2026-06-03,TQJSBLAWNMM5
2025-12-GSAFAC-0000419585,KVLYDC1KL4W7,2025,2026-06-03,N7A9C4V84NH1
2025-12-GSAFAC-0000419585,KVLYDC1KL4W7,2025,2026-06-03,M53MAXM4N4H7
2025-12-GSAFAC-0000419585,KVLYDC1KL4W7,2025,2026-06-03,JFMSHFXGAEW9
2025-12-GSAFAC-0000419585,KVLYDC1KL4W7,2025,2026-06-03,N5UKP9DN7PC1
2025-12-GSAFAC-0000419585,KVLYDC1KL4W7,2025,2026-06-03,H4FJK9QB6AF4
2025-12-GSAFAC-0000419585,KVLYDC1KL4W7,2025,2026-06-03,E4EPLCDBCEZ3
2025-12-GSAFAC-0000419585,KVLYDC1KL4W7,2025,2026-06-03,YF74XRMF6T11
2025-12-GSAFAC-0000419585,KVLYDC1KL4W7,2025,2026-06-03,V4HWA7TN9NM7
2025-12-GSAFAC-0000419585,KVLYDC1KL4W7,2025,2026-06-03,MBEMUHYFP2N8
2025-12-GSAFAC-0000419585,KVLYDC1KL4W7,2025,2026-06-03,DKVTWF4HD4Q4
2025-12-GSAFAC-0000419585,KVLYDC1KL4W7,2025,2026-06-03,C6J3MMW1DM64
2025-12-GSAFAC-0000419585,KVLYDC1KL4W7,2025,2026-06-03,NAVBJ6MLVGD3
2025-12-GSAFAC-0000419585,KVLYDC1KL4W7,2025,2026-06-03,H4LSFJH8JD71
2025-12-GSAFAC-0000419585,KVLYDC1KL4W7,2025,2026-06-03,HDMWF29Y8643
2025-12-GSAFAC-0000419585,KVLYDC1KL4W7,2025,2026-06-03,U2WJU6HFLUY9
2025-12-GSAFAC-0000419585,KVLYDC1KL4W7,2025,2026-06-03,ESCJLC9ARM91
2025-12-GSAFAC-0000419585,KVLYDC1KL4W7,2025,2026-06-03,ZLSKXWMVCW33
2025-12-GSAFAC-0000419585,KVLYDC1KL4W7,2025,2026-06-03,NLZWNZ5ZUML3
2025-12-GSAFAC-0000419585,KVLYDC1KL4W7,2025,2026-06-03,RB2AKLXUUFB7
2025-12-GSAFAC-0000419585,KVLYDC1KL4W7,2025,2026-06-03,NNU8WL1KA5Q1
2025-12-GSAFAC-0000419585,KVLYDC1KL4W7,2025,2026-06-03,D5MPZTPKJ134
2025-12-GSAFAC-0000419585,KVLYDC1KL4W7,2025,2026-06-03,S5LZV1QKX797
2025-12-GSAFAC-0000419585,KVLYDC1KL4W7,2025,2026-06-03,XDLFCG81Z3G9
2025-12-GSAFAC-0000419585,KVLYDC1KL4W7,2025,2026-06-03,P8CHDLUJCQD3
2025-12-GSAFAC-0000419585,KVLYDC1KL4W7,2025,2026-06-03,WF4KAPFPX1H6
2025-12-GSAFAC-0000419585,KVLYDC1KL4W7,2025,2026-06-03,CZBSJ28DBAK7
2025-12-GSAFAC-0000419585,KVLYDC1KL4W7,2025,2026-06-03,K96EPDBLJEH1
2025-12-GSAFAC-0000419585,KVLYDC1KL4W7,2025,2026-06-03,W69JQHAF6PN1
2025-12-GSAFAC-0000419585,KVLYDC1KL4W7,2025,2026-06-03,MAYGKM86LZQ3
2025-12-GSAFAC-0000419585,KVLYDC1KL4W7,2025,2026-06-03,S4HDZ34UMM79
2025-12-GSAFAC-0000419585,KVLYDC1KL4W7,2025,2026-06-03,UNLCRBWJ55C3
2025-12-GSAFAC-0000419585,KVLYDC1KL4W7,2025,2026-06-03,UNLCRBWJ55C3
2025-12-GSAFAC-0000419585,KVLYDC1KL4W7,2025,2026-06-03,DYM3ZYZHNH79
2025-12-GSAFAC-0000419585,KVLYDC1KL4W7,2025,2026-06-03,MSXPK6CDHZ28
2025-12-GSAFAC-0000419585,KVLYDC1KL4W7,2025,2026-06-03,XMPCBDG87RR5
2025-12-GSAFAC-0000419585,KVLYDC1KL4W7,2025,2026-06-03,XJYQLBDKPVT1
2025-12-GSAFAC-0000419585,KVLYDC1KL4W7,2025,2026-06-03,S9BLJD1KG8X8
2025-12-GSAFAC-0000419585,KVLYDC1KL4W7,2025,2026-06-03,LARFE3EHKVA8
2025-12-GSAFAC-0000419585,KVLYDC1KL4W7,2025,2026-06-03,L6WTLMK73N78
2025-12-GSAFAC-0000419585,KVLYDC1KL4W7,2025,2026-06-03,Q3SCK92MK8K1
2025-12-GSAFAC-0000419585,KVLYDC1KL4W7,2025,2026-06-03,PHCYBKLK7839
2025-09-GSAFAC-0000416533,F125YU6SWK59,2025,2026-06-03,MVHMBTMKBU51
2025-09-GSAFAC-0000416533,F125YU6SWK59,2025,2026-06-03,KNXDWU1G3E81
2025-12-GSAFAC-0000419703,EZQKCXNPTVH3,2025,2026-06-04,LRLKKCKZDFA7
2025-09-GSAFAC-0000419219,XSTGNLF9ZDJ5,2025,2026-06-04,HRDVGHE2TZM7
2025-09-GSAFAC-0000419219,XSTGNLF9ZDJ5,2025,2026-06-04,F15MNH4MDAG4
2025-09-GSAFAC-0000419219,XSTGNLF9ZDJ5,2025,2026-06-04,GUT1ADLJUNA5
2025-09-GSAFAC-0000419219,XSTGNLF9ZDJ5,2025,2026-06-04,U9WRHX25GD23
2025-09-GSAFAC-0000419219,XSTGNLF9ZDJ5,2025,2026-06-04,EXMJSALA2BA3
2025-09-GSAFAC-0000419219,XSTGNLF9ZDJ5,2025,2026-06-04,J4NXMVB9K568
2025-12-GSAFAC-0000420052,JKBBMGS7D3A3,2025,2026-06-04,EVAKZA3EGDJ9
2025-12-GSAFAC-0000420052,JKBBMGS7D3A3,2025,2026-06-04,HEKWFZNEEL93
2025-12-GSAFAC-0000420052,JKBBMGS7D3A3,2025,2026-06-04,XL8XHMLV7TM5
2025-12-GSAFAC-0000420052,JKBBMGS7D3A3,2025,2026-06-04,Q65DTENHVN65
2025-12-GSAFAC-0000420052,JKBBMGS7D3A3,2025,2026-06-04,M9DNUCNMD4P9
2025-06-GSAFAC-0000420028,MDQNDFMD4L61,2025,2026-06-04,PK3BQ9D8JSF3
2025-06-GSAFAC-0000420028,MDQNDFMD4L61,2025,2026-06-04,L2PHNNMZZK37
2025-06-GSAFAC-0000420028,MDQNDFMD4L61,2025,2026-06-04,FKBHNGJ22EA3
2025-12-GSAFAC-0000420150,RZQ7ME5FXSJ4,2025,2026-06-04,KUCHALRD83S4
2025-12-GSAFAC-0000420150,RZQ7ME5FXSJ4,2025,2026-06-04,LMRQZ21AXNX9
2025-12-GSAFAC-0000420150,RZQ7ME5FXSJ4,2025,2026-06-04,XHRFFKMSMTW6
2025-12-GSAFAC-0000420150,RZQ7ME5FXSJ4,2025,2026-06-04,GANSYW2MZTP2
2025-12-GSAFAC-0000420150,RZQ7ME5FXSJ4,2025,2026-06-04,MLV6PCSJT4Y1
2025-06-GSAFAC-0000419991,RK83FEEMAKS3,2025,2026-06-08,MMJ4KURB61D9
2025-09-GSAFAC-0000408172,FYV7SX8CN3E1,2025,2026-06-08,MQ29JFMQ91C5
2025-06-GSAFAC-0000385035,EY97RELNYMH5,2025,2026-06-10,E4RBY6LYBXJ5
2025-06-GSAFAC-0000385035,EY97RELNYMH5,2025,2026-06-10,KPGBAZREZCH2
2025-06-GSAFAC-0000385035,EY97RELNYMH5,2025,2026-06-10,XBFET18TN1X3
2025-06-GSAFAC-0000385035,EY97RELNYMH5,2025,2026-06-10,NH8WDN52SQU5
2025-12-GSAFAC-0000419883,CLEWPJ2HP757,2025,2026-06-11,TMYWU35F2BP3
2025-12-GSAFAC-0000418880,W4TXPPQNK4F5,2025,2026-06-11,FN91PBMHQQP1
2025-12-GSAFAC-0000418880,W4TXPPQNK4F5,2025,2026-06-11,NCQNUV3QRJT5
2025-12-GSAFAC-0000418880,W4TXPPQNK4F5,2025,2026-06-11,V94RN5N76XM7
2024-12-GSAFAC-0000420071,N2SLMSYQAJX3,2024,2026-06-12,MELAGVVSQ3G5
2025-09-GSAFAC-0000415945,CH5ECC731G17,2025,2026-06-15,F96QBBKGS925
2025-09-GSAFAC-0000415945,CH5ECC731G17,2025,2026-06-15,DFBHNTH4K9N7
2025-12-GSAFAC-0000410977,KAAVJRR2JGW9,2025,2026-06-15,P7CUHQLJVPJ9
2025-12-GSAFAC-0000420930,MAKCTKTJ1KY4,2025,2026-06-16,EUXEG282LVH7
2025-12-GSAFAC-0000420930,MAKCTKTJ1KY4,2025,2026-06-16,GNF8LYKGLUF7
2025-12-GSAFAC-0000420930,MAKCTKTJ1KY4,2025,2026-06-16,KVH9F17EFRK7
2025-06-GSAFAC-0000420175,P5BHFRA5ZXA9,2025,2026-06-16,XMAWELSKLW91
2025-09-GSAFAC-0000420823,D86ECTAEANN8,2025,2026-06-16,PNJBSN89NV23
2021-09-GSAFAC-0000355558,QJ49HXJJ1YW5,2021,2026-06-16,HEWWABJV7D89
2021-09-GSAFAC-0000355558,QJ49HXJJ1YW5,2021,2026-06-16,LQ6DZBVL3TP7
2025-12-GSAFAC-0000420792,J4RWQ2B6QDD1,2025,2026-06-16,DSK4NKK5UBT4
2025-12-GSAFAC-0000420792,J4RWQ2B6QDD1,2025,2026-06-16,MKWPFEGMWEB3
2025-12-GSAFAC-0000420792,J4RWQ2B6QDD1,2025,2026-06-16,XWE5DR8QDM74
2025-12-GSAFAC-0000420792,J4RWQ2B6QDD1,2025,2026-06-16,PX8MAJD5LRA5
2025-12-GSAFAC-0000420792,J4RWQ2B6QDD1,2025,2026-06-16,K7FKD8RH8BC7
2025-06-GSAFAC-0000421186,WLG7WD5FYA89,2025,2026-06-16,DMETEJAWKEK5
2025-12-GSAFAC-0000420639,DUV8VM6Y9ZD1,2025,2026-06-16,M5KLCWX6KN28
2025-12-GSAFAC-0000419979,HXTWLBNKW5A9,2025,2026-06-17,FLHGGJBKNGX9
2025-06-GSAFAC-0000419810,UNUKGB242KY8,2025,2026-06-17,X7MAE19N5RH4
2025-12-GSAFAC-0000420409,N5FHC3ENDEZ8,2025,2026-06-18,NGAKQLNSHC85
2025-12-GSAFAC-0000420409,N5FHC3ENDEZ8,2025,2026-06-18,JVUPLMYXNXL8
2025-06-GSAFAC-0000421351,NFLNBE19F2U5,2025,2026-06-18,JJYPMAVNLL69
2025-12-GSAFAC-0000420541,T16NA5YA1WH3,2025,2026-06-18,NZBXZR3XE4Q9
2025-12-GSAFAC-0000420541,T16NA5YA1WH3,2025,2026-06-18,WTBJJFPVF5K8
2025-12-GSAFAC-0000420541,T16NA5YA1WH3,2025,2026-06-18,K1NCWCRHELY9
2025-09-GSAFAC-0000415280,H2TGV5FM16F8,2025,2026-06-19,TVAKGV5KGJR3
2025-09-GSAFAC-0000415280,H2TGV5FM16F8,2025,2026-06-19,E24VUQN42WF8
2025-09-GSAFAC-0000418387,VKMFGLCR5E65,2025,2026-06-19,Y4GAELREL9P7
2025-09-GSAFAC-0000418387,VKMFGLCR5E65,2025,2026-06-19,XNZWJFZ3TJM1
2025-09-GSAFAC-0000418387,VKMFGLCR5E65,2025,2026-06-19,S391BED16JC7
2025-09-GSAFAC-0000418387,VKMFGLCR5E65,2025,2026-06-19,V53VN464Z623
2025-09-GSAFAC-0000418387,VKMFGLCR5E65,2025,2026-06-19,J73PD3GL5QN1
2025-09-GSAFAC-0000418387,VKMFGLCR5E65,2025,2026-06-19,J8GHFVN4QVM7
2025-09-GSAFAC-0000418387,VKMFGLCR5E65,2025,2026-06-19,PFKWZLR3GPH8
2025-09-GSAFAC-0000418387,VKMFGLCR5E65,2025,2026-06-19,EEDPCL4YRMU7
2025-09-GSAFAC-0000418387,VKMFGLCR5E65,2025,2026-06-19,JFM9BKAV5VX6
2025-09-GSAFAC-0000418387,VKMFGLCR5E65,2025,2026-06-19,JFVSPWMY4HF3
2025-09-GSAFAC-0000418387,VKMFGLCR5E65,2025,2026-06-19,JXK3A1F45Y76
2025-09-GSAFAC-0000418387,VKMFGLCR5E65,2025,2026-06-19,JXQLJDBH3GM5
2025-09-GSAFAC-0000418387,VKMFGLCR5E65,2025,2026-06-19,JXVGKNWWKB67
2025-09-GSAFAC-0000418387,VKMFGLCR5E65,2025,2026-06-19,YBZ3JKVJTCC7
2025-09-GSAFAC-0000418387,VKMFGLCR5E65,2025,2026-06-19,JY8RYN6R6DG1
2025-09-GSAFAC-0000418387,VKMFGLCR5E65,2025,2026-06-19,JYJVSDDQBBN9
2025-09-GSAFAC-0000420621,JM3QWP4D6MY1,2025,2026-06-20,YUVWDM5WD476
2025-09-GSAFAC-0000420621,JM3QWP4D6MY1,2025,2026-06-20,KKV7R5V97HN8
2025-09-GSAFAC-0000420621,JM3QWP4D6MY1,2025,2026-06-20,YVVNVEMZ5YS5
2025-09-GSAFAC-0000420621,JM3QWP4D6MY1,2025,2026-06-20,J318Z9YKG8J3
2025-09-GSAFAC-0000420621,JM3QWP4D6MY1,2025,2026-06-20,G4SXMDNNPLK5
2025-09-GSAFAC-0000420621,JM3QWP4D6MY1,2025,2026-06-20,J318Z9YKG8J3
2025-09-GSAFAC-0000420621,JM3QWP4D6MY1,2025,2026-06-20,YYKRT5JSX7D6
2025-09-GSAFAC-0000420621,JM3QWP4D6MY1,2025,2026-06-20,D6BTMJKLFBL3
2025-09-GSAFAC-0000420621,JM3QWP4D6MY1,2025,2026-06-20,NFQZW48WNSC3
2025-09-GSAFAC-0000420621,JM3QWP4D6MY1,2025,2026-06-20,QZEVW8M85AC7
2025-09-GSAFAC-0000420621,JM3QWP4D6MY1,2025,2026-06-20,GNQMK6L2F695
2025-12-GSAFAC-0000421611,QS1DQ1PGMJD5,2025,2026-06-22,MLKTJFTE2BK3
2025-12-GSAFAC-0000421611,QS1DQ1PGMJD5,2025,2026-06-22,XEWPF6ELXNS7
2026-03-GSAFAC-0000421208,UJCJBNYNJMK6,2026,2026-06-22,V77CALRY8E98
2026-03-GSAFAC-0000421208,UJCJBNYNJMK6,2026,2026-06-22,ET6FML2DCY43
2025-09-GSAFAC-0000421738,W7H7TKTLNJD3,2025,2026-06-22,NXXMFCJHYUB5
2025-09-GSAFAC-0000419285,VZJVB8RFBJR8,2025,2026-06-22,L94TMQJEE661
2025-09-GSAFAC-0000419285,VZJVB8RFBJR8,2025,2026-06-22,FU3LHPLAYXL3
2025-09-GSAFAC-0000419285,VZJVB8RFBJR8,2025,2026-06-22,REGXX24DF4L1
2025-09-GSAFAC-0000419285,VZJVB8RFBJR8,2025,2026-06-22,KGMNC3J8P3T6
2025-09-GSAFAC-0000419285,VZJVB8RFBJR8,2025,2026-06-22,FBHDKRVGRXC8
2025-09-GSAFAC-0000419285,VZJVB8RFBJR8,2025,2026-06-22,JHG8N9QCG1C6
2025-12-GSAFAC-0000420039,NCWGMC4VCGL4,2025,2026-06-22,W7JDBLA8HLB5
2025-12-GSAFAC-0000420039,NCWGMC4VCGL4,2025,2026-06-22,WBJ6SQSZCJ93
2025-12-GSAFAC-0000420039,NCWGMC4VCGL4,2025,2026-06-22,TEKCS3BHGMA3
2025-12-GSAFAC-0000420039,NCWGMC4VCGL4,2025,2026-06-22,MCNPMYU8ANX5
2025-09-GSAFAC-0000419533,N2FCJJESFFF6,2025,2026-06-23,GPQXPME5MGU8
2025-09-GSAFAC-0000419533,N2FCJJESFFF6,2025,2026-06-23,NK8PDS7SUA94
2025-09-GSAFAC-0000419533,N2FCJJESFFF6,2025,2026-06-23,NHSAJF75RAE8
2025-09-GSAFAC-0000419533,N2FCJJESFFF6,2025,2026-06-23,NNHPP5PCJU15
2025-08-GSAFAC-0000421882,U8DNEL16T6J3,2025,2026-06-23,VBYVFNJCNCZ1
2025-08-GSAFAC-0000421882,U8DNEL16T6J3,2025,2026-06-23,JYHBWKE8JM13
2025-08-GSAFAC-0000421882,U8DNEL16T6J3,2025,2026-06-23,CFQFAC7MA9H3
2025-08-GSAFAC-0000421882,U8DNEL16T6J3,2025,2026-06-23,UNLLCLYJLXM5
2025-08-GSAFAC-0000421882,U8DNEL16T6J3,2025,2026-06-23,JWHQKD79KKH5
2025-08-GSAFAC-0000421882,U8DNEL16T6J3,2025,2026-06-23,CDLKJLAFCJ98
2025-06-GSAFAC-0000421520,WLG7WD5FYA89,2025,2026-06-23,DMETEJAWKEK5
2025-12-GSAFAC-0000419856,GBPMHQM2SRL3,2025,2026-06-23,VLAGQBN7HNG1
2025-12-GSAFAC-0000419856,GBPMHQM2SRL3,2025,2026-06-23,DB8TSFFBPFL1
2025-12-GSAFAC-0000419856,GBPMHQM2SRL3,2025,2026-06-23,DBNCEGGB1ER7
2025-12-GSAFAC-0000419856,GBPMHQM2SRL3,2025,2026-06-23,V8Q7BGR6CNV7
2025-12-GSAFAC-0000419856,GBPMHQM2SRL3,2025,2026-06-23,DK84WKVNAWE5
2025-12-GSAFAC-0000419856,GBPMHQM2SRL3,2025,2026-06-23,M934JYJAXWD5
2025-12-GSAFAC-0000419856,GBPMHQM2SRL3,2025,2026-06-23,TR68DX7FLPT3
2025-12-GSAFAC-0000419856,GBPMHQM2SRL3,2025,2026-06-23,N6PBMQTKMFR5
2025-12-GSAFAC-0000419856,GBPMHQM2SRL3,2025,2026-06-23,DK9HMCH8L3W8
2025-12-GSAFAC-0000419856,GBPMHQM2SRL3,2025,2026-06-23,C1NPWNR4RMP5
2025-12-GSAFAC-0000419856,GBPMHQM2SRL3,2025,2026-06-23,K3FSAXCACBJ9
2025-12-GSAFAC-0000419856,GBPMHQM2SRL3,2025,2026-06-23,MWPXPRWMF6Z3
2025-12-GSAFAC-0000419856,GBPMHQM2SRL3,2025,2026-06-23,X75NXMDJFW45
2025-09-GSAFAC-0000420374,CNPAZU1NXQ76,2025,2026-06-23,HCKBVEN2LF83
2025-12-GSAFAC-0000402601,Y2K4F9RPRRG7,2025,2026-06-24,ULMJJBL7ZXX3
2025-12-GSAFAC-0000402601,Y2K4F9RPRRG7,2025,2026-06-24,GKPBCFV1QMM3
2025-12-GSAFAC-0000402601,Y2K4F9RPRRG7,2025,2026-06-24,ZJMFQN8YGNX1
2025-12-GSAFAC-0000402601,Y2K4F9RPRRG7,2025,2026-06-24,E7KFMNCQXNR1
2025-12-GSAFAC-0000402601,Y2K4F9RPRRG7,2025,2026-06-24,K9MCNAJNLDA3
2025-12-GSAFAC-0000415656,WKG7SNMSKKA6,2025,2026-06-24,F2BGGCRC25M5
2025-06-GSAFAC-0000422020,Q8FQNFNMQP93,2025,2026-06-24,UX2CS9B6HKG3
2025-12-GSAFAC-0000420417,HXLWMH3H2HK5,2025,2026-06-24,MHJMNSV6A7E8
2025-12-GSAFAC-0000420417,HXLWMH3H2HK5,2025,2026-06-24,DSAZGSX8JA97
2025-09-GSAFAC-0000420268,H86ZNGYKFVV4,2025,2026-06-24,FSMKANGZTAW4
2025-09-GSAFAC-0000420268,H86ZNGYKFVV4,2025,2026-06-24,UEMEN9LK6PP3
2025-09-GSAFAC-0000420268,H86ZNGYKFVV4,2025,2026-06-24,GWEGDNRLVMX1
2025-09-GSAFAC-0000420268,H86ZNGYKFVV4,2025,2026-06-24,K24HV7YPTET7
2025-12-GSAFAC-0000419860,FGQYA2KMEK67,2025,2026-06-25,PMDGJJRLGSJ6
2025-12-GSAFAC-0000419860,FGQYA2KMEK67,2025,2026-06-25,NZWAZ3TXKEP7
2025-12-GSAFAC-0000419860,FGQYA2KMEK67,2025,2026-06-25,G3WYLHXCM8F6
2025-09-GSAFAC-0000408805,LZ4AWL9J6LP4,2025,2026-06-25,W78AXRXKFLL1
2025-09-GSAFAC-0000408805,LZ4AWL9J6LP4,2025,2026-06-25,X8MNSEBNJMM6
2025-09-GSAFAC-0000408805,LZ4AWL9J6LP4,2025,2026-06-25,MA5ECB2K27M4
2025-09-GSAFAC-0000408805,LZ4AWL9J6LP4,2025,2026-06-25,C2AQVDYYUAS7
2025-09-GSAFAC-0000408805,LZ4AWL9J6LP4,2025,2026-06-25,GQJ1UC1MKAX4
2025-09-GSAFAC-0000408805,LZ4AWL9J6LP4,2025,2026-06-25,CJ9JXQL11MM4
2025-09-GSAFAC-0000408805,LZ4AWL9J6LP4,2025,2026-06-25,D1CZA6WQ2L85
2025-09-GSAFAC-0000408805,LZ4AWL9J6LP4,2025,2026-06-25,QC1GEUNCLUA8
2025-09-GSAFAC-0000408805,LZ4AWL9J6LP4,2025,2026-06-25,VDSYNPTW91M7
2025-09-GSAFAC-0000408805,LZ4AWL9J6LP4,2025,2026-06-25,MM99NK9LB9V8
2025-09-GSAFAC-0000408805,LZ4AWL9J6LP4,2025,2026-06-25,SQE9FKFP4CX5
2025-09-GSAFAC-0000408805,LZ4AWL9J6LP4,2025,2026-06-25,TNF7YJLAHGZ1
2025-09-GSAFAC-0000408805,LZ4AWL9J6LP4,2025,2026-06-25,K5XWULQC54M8
2025-09-GSAFAC-0000408805,LZ4AWL9J6LP4,2025,2026-06-25,D8F4HNR8XTG6
2025-09-GSAFAC-0000408805,LZ4AWL9J6LP4,2025,2026-06-25,NNNEHURMUV34
2025-09-GSAFAC-0000408805,LZ4AWL9J6LP4,2025,2026-06-25,KN5NMZUD61Y7
2025-09-GSAFAC-0000408805,LZ4AWL9J6LP4,2025,2026-06-25,NL3MB4AM3HV5
2025-09-GSAFAC-0000408805,LZ4AWL9J6LP4,2025,2026-06-25,N25BCKRKWMM4
2025-09-GSAFAC-0000408805,LZ4AWL9J6LP4,2025,2026-06-25,U6UWAJ1J6PW3
2025-09-GSAFAC-0000408805,LZ4AWL9J6LP4,2025,2026-06-25,RJPUBLWPB9E9
2025-09-GSAFAC-0000408805,LZ4AWL9J6LP4,2025,2026-06-25,HTRFQKMBWHJ4
2025-09-GSAFAC-0000408805,LZ4AWL9J6LP4,2025,2026-06-25,F772F3B8PGN1
2025-09-GSAFAC-0000408805,LZ4AWL9J6LP4,2025,2026-06-25,XS1YQHXPL9P5
2025-09-GSAFAC-0000408805,LZ4AWL9J6LP4,2025,2026-06-25,TF1BX14XKTY6
2025-09-GSAFAC-0000408805,LZ4AWL9J6LP4,2025,2026-06-25,FHN5LUMAKKA1
2025-09-GSAFAC-0000408805,LZ4AWL9J6LP4,2025,2026-06-25,CJKDRGJK36J5
2025-09-GSAFAC-0000408805,LZ4AWL9J6LP4,2025,2026-06-25,GF9YHX1LMR59
2025-09-GSAFAC-0000408805,LZ4AWL9J6LP4,2025,2026-06-25,JQX7W1QTQZY6
2025-09-GSAFAC-0000408805,LZ4AWL9J6LP4,2025,2026-06-25,TRR5GXJJ9254
2025-09-GSAFAC-0000408805,LZ4AWL9J6LP4,2025,2026-06-25,NVZJM5MJ2MB6
2025-09-GSAFAC-0000408805,LZ4AWL9J6LP4,2025,2026-06-25,L1RTNF7J74L5
2025-09-GSAFAC-0000408805,LZ4AWL9J6LP4,2025,2026-06-25,PWM1NHLBE2C5
2025-09-GSAFAC-0000408805,LZ4AWL9J6LP4,2025,2026-06-25,K9A2BB9QE1J8
2025-06-GSAFAC-0000421809,F1T7BBBSNEM5,2025,2026-06-25,L4MGK8YWNCL1
2025-09-GSAFAC-0000421472,EYJCLM9UCLX5,2025,2026-06-25,HEUDNXZR8BM8
2025-09-GSAFAC-0000421472,EYJCLM9UCLX5,2025,2026-06-25,ZL7QAU48DHM7
2025-09-GSAFAC-0000421472,EYJCLM9UCLX5,2025,2026-06-25,YQ6JG722ZBB3
2025-06-GSAFAC-0000417525,V61APGFABP49,2025,2026-06-25,M9KAALAZYWB3
2025-09-GSAFAC-0000418862,DMQNDJDHTDG4,2025,2026-06-25,S2Y7SMVZ1R96
2025-09-GSAFAC-0000421066,MAYKB1LWD5U9,2025,2026-06-26,L3MFY96A56A5
2025-09-GSAFAC-0000421066,MAYKB1LWD5U9,2025,2026-06-26,DEDKC6LHX4F3
2025-09-GSAFAC-0000421066,MAYKB1LWD5U9,2025,2026-06-26,DLY8NM7JY1G7
2025-09-GSAFAC-0000421066,MAYKB1LWD5U9,2025,2026-06-26,XAQXDHLU75J4
2025-09-GSAFAC-0000421066,MAYKB1LWD5U9,2025,2026-06-26,ZQE2DQCU9AJ5
2025-09-GSAFAC-0000421066,MAYKB1LWD5U9,2025,2026-06-26,XRXGLGQRLSU1
2025-09-GSAFAC-0000417320,G3BHWLLFFLD4,2025,2026-06-26,PB1CBFSZCD48
2025-09-GSAFAC-0000417320,G3BHWLLFFLD4,2025,2026-06-26,WLNMNKHKF5T1
2025-09-GSAFAC-0000417320,G3BHWLLFFLD4,2025,2026-06-26,FJE9TGY1K1P3
2025-09-GSAFAC-0000417320,G3BHWLLFFLD4,2025,2026-06-26,LQAZGM3A6CE8
2025-09-GSAFAC-0000417320,G3BHWLLFFLD4,2025,2026-06-26,GHXCY8AL7CK7
2025-09-GSAFAC-0000417320,G3BHWLLFFLD4,2025,2026-06-26,H99KU9Y8XP41
2025-09-GSAFAC-0000417320,G3BHWLLFFLD4,2025,2026-06-26,UD6JAJFN9QP3
2025-09-GSAFAC-0000417320,G3BHWLLFFLD4,2025,2026-06-26,WDVJK7FUB8A6
2025-09-GSAFAC-0000417320,G3BHWLLFFLD4,2025,2026-06-26,VF4PU4LC85T3
2025-09-GSAFAC-0000417320,G3BHWLLFFLD4,2025,2026-06-26,X8N2VJAFLJF6
2025-09-GSAFAC-0000417320,G3BHWLLFFLD4,2025,2026-06-26,SKMDBRUVTDL9
2025-09-GSAFAC-0000417320,G3BHWLLFFLD4,2025,2026-06-26,MM6VETB8SHK1
2025-09-GSAFAC-0000417320,G3BHWLLFFLD4,2025,2026-06-26,HD1NKX68FWU7
2025-09-GSAFAC-0000417320,G3BHWLLFFLD4,2025,2026-06-26,L5NWJLXC4RC9
2025-09-GSAFAC-0000417320,G3BHWLLFFLD4,2025,2026-06-26,QKP7N4NDWG86
2025-09-GSAFAC-0000417320,G3BHWLLFFLD4,2025,2026-06-26,NHYNNNZ2VT33
2025-09-GSAFAC-0000417320,G3BHWLLFFLD4,2025,2026-06-26,S8W5XNJ86RM4
2025-09-GSAFAC-0000417320,G3BHWLLFFLD4,2025,2026-06-26,LN8LS25PQEX8
2025-09-GSAFAC-0000417320,G3BHWLLFFLD4,2025,2026-06-26,XMQ8WDA7U366
2025-09-GSAFAC-0000417320,G3BHWLLFFLD4,2025,2026-06-26,C1FECNCWVMJ9
2025-09-GSAFAC-0000417320,G3BHWLLFFLD4,2025,2026-06-26,VBP7EE6M4875
2025-09-GSAFAC-0000417320,G3BHWLLFFLD4,2025,2026-06-26,HPH9XK69ENE4
2025-09-GSAFAC-0000417320,G3BHWLLFFLD4,2025,2026-06-26,NDZLL2E8J1E5
2025-09-GSAFAC-0000417320,G3BHWLLFFLD4,2025,2026-06-26,KDD9A68YQWP4
2025-09-GSAFAC-0000417320,G3BHWLLFFLD4,2025,2026-06-26,GPX8PX3NMLN3
2025-09-GSAFAC-0000417320,G3BHWLLFFLD4,2025,2026-06-26,QEJLN2QTSEZ5
2025-09-GSAFAC-0000417320,G3BHWLLFFLD4,2025,2026-06-26,DMGZHMGKBZF8
2025-09-GSAFAC-0000417320,G3BHWLLFFLD4,2025,2026-06-26,FDHFBFRM5RQ3
2025-09-GSAFAC-0000417320,G3BHWLLFFLD4,2025,2026-06-26,YW1KQLMLHM16
2025-09-GSAFAC-0000417320,G3BHWLLFFLD4,2025,2026-06-26,G261B5U97TA9
2025-09-GSAFAC-0000417320,G3BHWLLFFLD4,2025,2026-06-26,PQ3LJB9LMX63
2025-09-GSAFAC-0000417320,G3BHWLLFFLD4,2025,2026-06-26,MHY7LHETN915
2025-09-GSAFAC-0000417320,G3BHWLLFFLD4,2025,2026-06-26,KP3MANMM5S65
2025-09-GSAFAC-0000417320,G3BHWLLFFLD4,2025,2026-06-26,QCZEAJ8B3NF3
2025-09-GSAFAC-0000417320,G3BHWLLFFLD4,2025,2026-06-26,HS97F2C9NME3
2025-09-GSAFAC-0000417320,G3BHWLLFFLD4,2025,2026-06-26,KZHMCTMHRA65
2025-09-GSAFAC-0000417320,G3BHWLLFFLD4,2025,2026-06-26,SAVJKGG792Z9
2025-09-GSAFAC-0000417320,G3BHWLLFFLD4,2025,2026-06-26,UA23UM8FE3D6
2025-09-GSAFAC-0000417320,G3BHWLLFFLD4,2025,2026-06-26,N5BKYZSF5TB6
2025-09-GSAFAC-0000417320,G3BHWLLFFLD4,2025,2026-06-26,FPNJN7MT9T83
2025-09-GSAFAC-0000417320,G3BHWLLFFLD4,2025,2026-06-26,MV7NBDMKEEA3
2025-09-GSAFAC-0000417320,G3BHWLLFFLD4,2025,2026-06-26,XYD9J5WTQZH3
2025-09-GSAFAC-0000417320,G3BHWLLFFLD4,2025,2026-06-26,TQ8MEK11XMK3
2025-09-GSAFAC-0000417320,G3BHWLLFFLD4,2025,2026-06-26,NJ49XNLZ2RY5
2025-09-GSAFAC-0000417320,G3BHWLLFFLD4,2025,2026-06-26,CMH5N7KEMDK3
2025-09-GSAFAC-0000417320,G3BHWLLFFLD4,2025,2026-06-26,DAVASADS56E8
2025-09-GSAFAC-0000417320,G3BHWLLFFLD4,2025,2026-06-26,DR32YT9NMWY5
2025-09-GSAFAC-0000406519,UKAHGBNQ1HC7,2025,2026-06-26,Y8USQR5RG8C1
2025-09-GSAFAC-0000422061,H3RHSDQY87W7,2025,2026-06-26,C1CPANL3EWK4
2025-09-GSAFAC-0000422061,H3RHSDQY87W7,2025,2026-06-26,MWCKAJN2TQJ7
2025-09-GSAFAC-0000422061,H3RHSDQY87W7,2025,2026-06-26,UUUMQVGJNNX1
2025-09-GSAFAC-0000422061,H3RHSDQY87W7,2025,2026-06-26,DT3ZLPFL6Y55
2025-09-GSAFAC-0000422061,H3RHSDQY87W7,2025,2026-06-26,CGGMWT3L5FH3
2025-09-GSAFAC-0000422061,H3RHSDQY87W7,2025,2026-06-26,RUDGUTP43ZF3
2025-09-GSAFAC-0000421401,KDU9TMGM2TH6,2025,2026-06-26,J4WVCTAS5HN6
2025-09-GSAFAC-0000421401,KDU9TMGM2TH6,2025,2026-06-26,VTY5KNNJH6M7
2025-06-GSAFAC-0000420772,EJRKDPC1R9P8,2025,2026-06-26,ENVMCMV7QVA7
2025-09-GSAFAC-0000421706,Z1L9F1MM1RY3,2025,2026-06-26,H8FMQK4NJAK5
2025-12-GSAFAC-0000422221,ZP41TLCAD373,2025,2026-06-27,Q3Y4JLZMVT69
2025-09-GSAFAC-0000422216,PCV1WJVKG4L5,2025,2026-06-28,ZNMHBWTEAG77
2025-09-GSAFAC-0000422216,PCV1WJVKG4L5,2025,2026-06-28,UZN2FJTHJJZ9
2025-09-GSAFAC-0000422216,PCV1WJVKG4L5,2025,2026-06-28,HD7XDLKXU986
2025-09-GSAFAC-0000422216,PCV1WJVKG4L5,2025,2026-06-28,PKDNFJKDADK1
2025-09-GSAFAC-0000422216,PCV1WJVKG4L5,2025,2026-06-28,PFC7CLD5YKV1
2025-09-GSAFAC-0000422216,PCV1WJVKG4L5,2025,2026-06-28,WN1AGCW3LC35
2025-09-GSAFAC-0000422216,PCV1WJVKG4L5,2025,2026-06-28,KTPNCHKNT1L1
2025-09-GSAFAC-0000422216,PCV1WJVKG4L5,2025,2026-06-28,R1W3D5WJ6EM8
2025-09-GSAFAC-0000422216,PCV1WJVKG4L5,2025,2026-06-28,P39CNCVQ1BP1
2025-09-GSAFAC-0000422216,PCV1WJVKG4L5,2025,2026-06-28,QHPFXYADD4N8
2025-09-GSAFAC-0000422216,PCV1WJVKG4L5,2025,2026-06-28,C4PEJ6VRK7X8
2025-09-GSAFAC-0000422216,PCV1WJVKG4L5,2025,2026-06-28,JBNXLECGY6M6
2025-09-GSAFAC-0000422216,PCV1WJVKG4L5,2025,2026-06-28,KN8EQMHZ7D38
2025-09-GSAFAC-0000422216,PCV1WJVKG4L5,2025,2026-06-28,UZZRP6FHHJZ5
2025-09-GSAFAC-0000410414,P62KF2SJJ237,2025,2026-06-29,JYJ2Y9MKA4V6
2025-09-GSAFAC-0000418672,SSEEF5MGC9H9,2025,2026-06-29,UJGNPDP2ETM3
2025-09-GSAFAC-0000418672,SSEEF5MGC9H9,2025,2026-06-29,G7USCB5TJKC3
2025-09-GSAFAC-0000418672,SSEEF5MGC9H9,2025,2026-06-29,ECAAFR9FER85
2025-09-GSAFAC-0000418672,SSEEF5MGC9H9,2025,2026-06-29,VCFYEQJXU2F5
2025-09-GSAFAC-0000418672,SSEEF5MGC9H9,2025,2026-06-29,JUAVMC1PGSF7
2025-09-GSAFAC-0000418672,SSEEF5MGC9H9,2025,2026-06-29,S8WUANFYDJB1
2025-09-GSAFAC-0000418672,SSEEF5MGC9H9,2025,2026-06-29,KALUC1YF6FN3
2025-09-GSAFAC-0000418672,SSEEF5MGC9H9,2025,2026-06-29,QRTYGQW58JB8
2025-09-GSAFAC-0000418672,SSEEF5MGC9H9,2025,2026-06-29,TWK4K1BKJNY8
2025-09-GSAFAC-0000418672,SSEEF5MGC9H9,2025,2026-06-29,LN42SKKGP8C1
2025-09-GSAFAC-0000421846,SE36S7J6DZL1,2025,2026-06-29,T962KHJL8YT6
2025-09-GSAFAC-0000421846,SE36S7J6DZL1,2025,2026-06-29,V7NWMFZ7CRE3
2025-09-GSAFAC-0000421846,SE36S7J6DZL1,2025,2026-06-29,EFENGVLM8JD5
2025-09-GSAFAC-0000421846,SE36S7J6DZL1,2025,2026-06-29,UG8YG5JBC1D8
2025-09-GSAFAC-0000421846,SE36S7J6DZL1,2025,2026-06-29,JPMLBNK7THF8
2025-09-GSAFAC-0000421846,SE36S7J6DZL1,2025,2026-06-29,TQZAGLYMWFA3
2025-09-GSAFAC-0000421846,SE36S7J6DZL1,2025,2026-06-29,Y8TBBEF5JGJ3
2025-09-GSAFAC-0000421846,SE36S7J6DZL1,2025,2026-06-29,E46HWJ93R1V5
2025-12-GSAFAC-0000421330,J7VBJ7NEJ5R7,2025,2026-06-29,MWXTN3VXGGH5
2025-09-GSAFAC-0000420497,UMZVGH9B5RM7,2025,2026-06-29,ER74JB3UL5E9
2025-09-GSAFAC-0000420497,UMZVGH9B5RM7,2025,2026-06-29,GNZBWJSEPC31
2025-09-GSAFAC-0000420497,UMZVGH9B5RM7,2025,2026-06-29,N1H2JERTVJ91
2025-09-GSAFAC-0000420497,UMZVGH9B5RM7,2025,2026-06-29,JDP7LU8NG4N9
2025-09-GSAFAC-0000420497,UMZVGH9B5RM7,2025,2026-06-29,DTTMHLKBKMK5
2025-09-GSAFAC-0000420497,UMZVGH9B5RM7,2025,2026-06-29,NZEYJJR9JQK6
2025-09-GSAFAC-0000420497,UMZVGH9B5RM7,2025,2026-06-29,CJQMLN6T7GG5
2025-09-GSAFAC-0000420497,UMZVGH9B5RM7,2025,2026-06-29,KUDDVKPC9K84
2025-09-GSAFAC-0000420163,SJ9QS4MQKJ17,2025,2026-06-29,HCZLFLC8DAJ3
2025-09-GSAFAC-0000420163,SJ9QS4MQKJ17,2025,2026-06-29,Y6MGLJDKCF98
2025-09-GSAFAC-0000420163,SJ9QS4MQKJ17,2025,2026-06-29,RE8RHUP7G1H7
2025-09-GSAFAC-0000420163,SJ9QS4MQKJ17,2025,2026-06-29,EDXWYUXL4QJ3
2025-09-GSAFAC-0000420163,SJ9QS4MQKJ17,2025,2026-06-29,E5KHW94KAHQ4
2025-09-GSAFAC-0000420163,SJ9QS4MQKJ17,2025,2026-06-29,DEFBK17A6FU4
2025-09-GSAFAC-0000420163,SJ9QS4MQKJ17,2025,2026-06-29,XUYTN6MMLKE3
2025-09-GSAFAC-0000420163,SJ9QS4MQKJ17,2025,2026-06-29,Z9MNER554MD3
2025-09-GSAFAC-0000420163,SJ9QS4MQKJ17,2025,2026-06-29,J49AYYC9HHJ4
2025-09-GSAFAC-0000420163,SJ9QS4MQKJ17,2025,2026-06-29,VG8UFZCKCH79
2025-09-GSAFAC-0000420163,SJ9QS4MQKJ17,2025,2026-06-29,RJQEV1Q7MJW4
2025-09-GSAFAC-0000420163,SJ9QS4MQKJ17,2025,2026-06-29,FE9RNTYNNKN9
2025-09-GSAFAC-0000420163,SJ9QS4MQKJ17,2025,2026-06-29,GK2ZSUK5SYW1
2025-09-GSAFAC-0000420163,SJ9QS4MQKJ17,2025,2026-06-29,WK2NZW3LS3L3
2025-09-GSAFAC-0000420163,SJ9QS4MQKJ17,2025,2026-06-29,F6HANQVGAW59
2025-09-GSAFAC-0000420163,SJ9QS4MQKJ17,2025,2026-06-29,F1R4GHMJTJ55
2025-09-GSAFAC-0000420163,SJ9QS4MQKJ17,2025,2026-06-29,KA8VDKJWLY47
2025-09-GSAFAC-0000420163,SJ9QS4MQKJ17,2025,2026-06-29,XMKCMDJLCH71
2025-09-GSAFAC-0000420163,SJ9QS4MQKJ17,2025,2026-06-29,TNGMKS5X5J38
2025-09-GSAFAC-0000420163,SJ9QS4MQKJ17,2025,2026-06-29,LD3CP7C1XMD5
2025-09-GSAFAC-0000420163,SJ9QS4MQKJ17,2025,2026-06-29,STSLEKQEMAF6
2025-09-GSAFAC-0000420163,SJ9QS4MQKJ17,2025,2026-06-29,KWVHEFJGTM67
2025-09-GSAFAC-0000420163,SJ9QS4MQKJ17,2025,2026-06-29,YL1NUG5VRT19
2025-09-GSAFAC-0000420163,SJ9QS4MQKJ17,2025,2026-06-29,MPBMXLCHYWY7
2025-09-GSAFAC-0000420163,SJ9QS4MQKJ17,2025,2026-06-29,EJJYNNNQMCY7
2025-09-GSAFAC-0000420163,SJ9QS4MQKJ17,2025,2026-06-29,JX5BBQLQ2GX8
2025-09-GSAFAC-0000420163,SJ9QS4MQKJ17,2025,2026-06-29,JBY3N5SQEQ47
2025-09-GSAFAC-0000420163,SJ9QS4MQKJ17,2025,2026-06-29,C3D7ELJMG531
2025-09-GSAFAC-0000420163,SJ9QS4MQKJ17,2025,2026-06-29,GAYDQHLH5NR3
2025-09-GSAFAC-0000420163,SJ9QS4MQKJ17,2025,2026-06-29,FTQ6AJN7SJW6
2025-09-GSAFAC-0000420163,SJ9QS4MQKJ17,2025,2026-06-29,CXHWJJJXL197
2025-09-GSAFAC-0000420163,SJ9QS4MQKJ17,2025,2026-06-29,GN9AFL18QZR5
2025-09-GSAFAC-0000420163,SJ9QS4MQKJ17,2025,2026-06-29,SU5GTW3J8YH9
2025-09-GSAFAC-0000420163,SJ9QS4MQKJ17,2025,2026-06-29,P96DHGL6J8D7
2025-09-GSAFAC-0000420163,SJ9QS4MQKJ17,2025,2026-06-29,X3KDLWZKR4Q8
2025-09-GSAFAC-0000420163,SJ9QS4MQKJ17,2025,2026-06-29,VK25NMMM6Q87
2025-09-GSAFAC-0000420163,SJ9QS4MQKJ17,2025,2026-06-29,KBCFZLA5ZYH2
2025-09-GSAFAC-0000420163,SJ9QS4MQKJ17,2025,2026-06-29,KUWSNZFMNBK4
2025-09-GSAFAC-0000421382,VY9UEK86CVW3,2025,2026-06-29,GVXBBWH1S236
2025-09-GSAFAC-0000421382,VY9UEK86CVW3,2025,2026-06-29,E7FSAAQSVAL7
2025-09-GSAFAC-0000421382,VY9UEK86CVW3,2025,2026-06-29,D5ESWJ3VKA55
2025-09-GSAFAC-0000421382,VY9UEK86CVW3,2025,2026-06-29,D6S4CMBPMGH8
2025-09-GSAFAC-0000421522,GYQKVKNNGLE4,2025,2026-06-29,GLNGWN1B3397
2025-09-GSAFAC-0000421522,GYQKVKNNGLE4,2025,2026-06-29,LLAFDZXLJF83
2025-09-GSAFAC-0000419477,PLKJMJKQVMM6,2025,2026-06-29,X6ZKDKCP5AR3
2025-09-GSAFAC-0000422437,NNKNYTTPKQ44,2025,2026-06-29,N876TLXYGCG4
2025-09-GSAFAC-0000422437,NNKNYTTPKQ44,2025,2026-06-29,KD5TGBT7AKC9
2025-09-GSAFAC-0000422437,NNKNYTTPKQ44,2025,2026-06-29,C148TBZATPA8
2025-09-GSAFAC-0000422437,NNKNYTTPKQ44,2025,2026-06-29,J5JBPNLK3Q59
2025-09-GSAFAC-0000422437,NNKNYTTPKQ44,2025,2026-06-29,NGN7HDS6B9L3
2025-09-GSAFAC-0000422437,NNKNYTTPKQ44,2025,2026-06-29,KHHKFPGMP6C3
2025-09-GSAFAC-0000422437,NNKNYTTPKQ44,2025,2026-06-29,DBM2GK1UU8K1
2025-09-GSAFAC-0000421352,MREQZTLUYLY9,2025,2026-06-30,NVYYD5SXNL94
2025-12-GSAFAC-0000422168,ENHRN2JCL9V3,2025,2026-06-30,CQ4LTKAYF148
2025-12-GSAFAC-0000422168,ENHRN2JCL9V3,2025,2026-06-30,JL75DFB1NLR4
2025-12-GSAFAC-0000422168,ENHRN2JCL9V3,2025,2026-06-30,UL1UW5G53QL3
2025-12-GSAFAC-0000422168,ENHRN2JCL9V3,2025,2026-06-30,PJNHEFNNDAJ6
2025-12-GSAFAC-0000422168,ENHRN2JCL9V3,2025,2026-06-30,KFXCPNHKTXU4
2025-12-GSAFAC-0000422168,ENHRN2JCL9V3,2025,2026-06-30,JXF7J4DK2MW2
2025-12-GSAFAC-0000422168,ENHRN2JCL9V3,2025,2026-06-30,JTJDZCRDSZJ7
2025-12-GSAFAC-0000422168,ENHRN2JCL9V3,2025,2026-06-30,LMCWLL53AMG4
2025-12-GSAFAC-0000422168,ENHRN2JCL9V3,2025,2026-06-30,MB4BNPG24MF3
2025-12-GSAFAC-0000422168,ENHRN2JCL9V3,2025,2026-06-30,WP3QXJ87RYH3
2025-12-GSAFAC-0000422168,ENHRN2JCL9V3,2025,2026-06-30,V8DDUUGQQ5P1
2025-12-GSAFAC-0000422168,ENHRN2JCL9V3,2025,2026-06-30,JHZYLXQAKY33
2025-12-GSAFAC-0000422168,ENHRN2JCL9V3,2025,2026-06-30,E1AJRZ2DDXG3
2025-12-GSAFAC-0000422168,ENHRN2JCL9V3,2025,2026-06-30,NHCESD6KEFH1
2025-12-GSAFAC-0000422168,ENHRN2JCL9V3,2025,2026-06-30,CNZNTK4F72M5
2025-12-GSAFAC-0000422168,ENHRN2JCL9V3,2025,2026-06-30,YEF4NQD3AWG7
2025-12-GSAFAC-0000422168,ENHRN2JCL9V3,2025,2026-06-30,JPKVFSLKLVJ5
2025-06-GSAFAC-0000422970,LRH2M75MALH3,2025,2026-06-30,HVV9ZAQY9JE6
2025-06-GSAFAC-0000422970,LRH2M75MALH3,2025,2026-06-30,M9EQH6XL4YH5
2025-06-GSAFAC-0000422970,LRH2M75MALH3,2025,2026-06-30,MRWGQREZJG39
2025-09-GSAFAC-0000421992,QPVTGH1TLF49,2025,2026-06-30,VKBMFB64QEK7
2025-09-GSAFAC-0000421992,QPVTGH1TLF49,2025,2026-06-30,TP4PYTDHJUC5
2024-06-GSAFAC-0000423198,Z4M6BCUFEHJ8,2024,2026-06-30,HEZVZXEM65K8
2025-09-GSAFAC-0000405117,CJS4NYJBC919,2025,2026-06-30,G229RWHQUHK9
2025-09-GSAFAC-0000399375,NYA9KT6XWEL7,2025,2026-06-30,FVJZEW3YY9C8
2025-09-GSAFAC-0000399375,NYA9KT6XWEL7,2025,2026-06-30,KAZNFSP4CQM5
2025-09-GSAFAC-0000421117,GN6MTBGWM4E1,2025,2026-06-30,NBLUA6LCETG7
2025-09-GSAFAC-0000421117,GN6MTBGWM4E1,2025,2026-06-30,K2VQTL81JA43
2025-09-GSAFAC-0000421117,GN6MTBGWM4E1,2025,2026-06-30,R9NWN21A22N1
2025-09-GSAFAC-0000421117,GN6MTBGWM4E1,2025,2026-06-30,SJC8JCTK31Y5
2025-09-GSAFAC-0000421117,GN6MTBGWM4E1,2025,2026-06-30,NAJZPZ4GN5B3
2025-09-GSAFAC-0000421117,GN6MTBGWM4E1,2025,2026-06-30,DCNBBARTU1G7
2025-09-GSAFAC-0000421117,GN6MTBGWM4E1,2025,2026-06-30,RRAYKLDKGNL5
2025-09-GSAFAC-0000421117,GN6MTBGWM4E1,2025,2026-06-30,UNDXLLAD6UG3
2025-09-GSAFAC-0000421117,GN6MTBGWM4E1,2025,2026-06-30,Q3P4GGFBMUD6
2025-09-GSAFAC-0000421117,GN6MTBGWM4E1,2025,2026-06-30,NQY9LK85FFF5
2025-09-GSAFAC-0000421117,GN6MTBGWM4E1,2025,2026-06-30,PH41NNEZVG49
2025-09-GSAFAC-0000421117,GN6MTBGWM4E1,2025,2026-06-30,HZDKLHLPZUL3
2025-09-GSAFAC-0000421117,GN6MTBGWM4E1,2025,2026-06-30,K7A8ELL5KTJ4
2025-09-GSAFAC-0000421117,GN6MTBGWM4E1,2025,2026-06-30,H5VLNLVEKMM8
2025-09-GSAFAC-0000421117,GN6MTBGWM4E1,2025,2026-06-30,HDKMH3FPJDH3
2025-09-GSAFAC-0000421852,MWKBKNTZ9SW7,2025,2026-06-30,YRAUWPWTE463
2025-09-GSAFAC-0000421852,MWKBKNTZ9SW7,2025,2026-06-30,D7K5UNB7JKF5
2025-09-GSAFAC-0000421852,MWKBKNTZ9SW7,2025,2026-06-30,JT8TKBRZJT45
2025-09-GSAFAC-0000422632,J4QNU3HBE4B1,2025,2026-06-30,SLNYMKX8UND8
2025-09-GSAFAC-0000422632,J4QNU3HBE4B1,2025,2026-06-30,FJNLQ1NQUFZ5
2025-09-GSAFAC-0000422632,J4QNU3HBE4B1,2025,2026-06-30,DJB1LBBKG2B3
2025-09-GSAFAC-0000422310,JVKEAGGDVT95,2025,2026-06-30,N6EGEDUJZNY7
2025-09-GSAFAC-0000417624,QYLXERHDAQL4,2025,2026-06-30,XKF9XALWJZ35
2025-09-GSAFAC-0000417624,QYLXERHDAQL4,2025,2026-06-30,L238X8ENYYJ5
2025-09-GSAFAC-0000417624,QYLXERHDAQL4,2025,2026-06-30,PZ3NPA952JY8
2025-09-GSAFAC-0000417624,QYLXERHDAQL4,2025,2026-06-30,LMJHH55FKJM6
2025-09-GSAFAC-0000417624,QYLXERHDAQL4,2025,2026-06-30,HEA7JG4U6GD3
2025-09-GSAFAC-0000417624,QYLXERHDAQL4,2025,2026-06-30,LLLYTJ6LYD21
2025-09-GSAFAC-0000417624,QYLXERHDAQL4,2025,2026-06-30,WDBRTW7XMME9
2025-09-GSAFAC-0000417624,QYLXERHDAQL4,2025,2026-06-30,TEX3C9JM6667
2025-09-GSAFAC-0000422629,UWLMMPTKNZN1,2025,2026-06-30,NNN6CUJ4RL93
2025-09-GSAFAC-0000421815,J4SPZX4G4AM9,2025,2026-06-30,N55ENGMV2VM7
2025-09-GSAFAC-0000421815,J4SPZX4G4AM9,2025,2026-06-30,C6FVY2CCKGH6
2025-09-GSAFAC-0000421815,J4SPZX4G4AM9,2025,2026-06-30,NMF1WZB7F322
2025-09-GSAFAC-0000422436,E523DCNC6CG4,2025,2026-06-30,LCD4PKKT8FN6
2025-09-GSAFAC-0000422657,K6S2GBM3L1V6,2025,2026-06-30,CCJMJ8JLER46
2025-09-GSAFAC-0000407517,MKEJWVSEURF3,2025,2026-06-30,NZQDQKA7GJP7
2025-09-GSAFAC-0000407517,MKEJWVSEURF3,2025,2026-06-30,T6TQCSFKT4Y6
2025-12-GSAFAC-0000422909,H774KH2MQZC5,2025,2026-06-30,CB2ENLB81HB9
2025-12-GSAFAC-0000420921,QLN8MNT12F84,2025,2026-07-01,XS6NLB3LBM44
2025-12-GSAFAC-0000420921,QLN8MNT12F84,2025,2026-07-01,LDYZHBK9QL99
2025-12-GSAFAC-0000420921,QLN8MNT12F84,2025,2026-07-01,MLFAX7BS98R2
2025-12-GSAFAC-0000420921,QLN8MNT12F84,2025,2026-07-01,HU7ES9RWQ1H6
2025-12-GSAFAC-0000420921,QLN8MNT12F84,2025,2026-07-01,PA4UF7K82DA1
2025-12-GSAFAC-0000420485,J1T9VTF9PK89,2025,2026-07-01,QZ53LKPWJMD3
2025-12-GSAFAC-0000420485,J1T9VTF9PK89,2025,2026-07-01,CU9SYYYRBPD4
2025-12-GSAFAC-0000420485,J1T9VTF9PK89,2025,2026-07-01,MFY5M65HQ2D5
2025-06-GSAFAC-0000417118,JJFDLM198F57,2025,2026-07-01,ZL9NCJ1T4FU7
2025-06-GSAFAC-0000417118,JJFDLM198F57,2025,2026-07-01,NTRGTMRWE575
2025-06-GSAFAC-0000417118,JJFDLM198F57,2025,2026-07-01,CXN2BDLTW565
2025-12-GSAFAC-0000423306,PFXGB5BU5TV5,2025,2026-07-02,WLC3W19JSEH1
2026-03-GSAFAC-0000423200,SG71HEA776D9,2026,2026-07-02,GPQ2K36AJHG3
2025-11-GSAFAC-0000420632,HFEFPN1L2US5,2025,2026-07-02,C8NTUTN1FPJ4
2025-11-GSAFAC-0000420632,HFEFPN1L2US5,2025,2026-07-02,WNF3V7BLNXX7
2025-11-GSAFAC-0000420632,HFEFPN1L2US5,2025,2026-07-02,F6T8N7J3EQ14
2025-11-GSAFAC-0000420632,HFEFPN1L2US5,2025,2026-07-02,J3B6H4GXLKN4
2025-11-GSAFAC-0000420632,HFEFPN1L2US5,2025,2026-07-02,HBHKCNYDEV37
2025-11-GSAFAC-0000420632,HFEFPN1L2US5,2025,2026-07-02,JCELNK4L3PA4
2025-11-GSAFAC-0000420632,HFEFPN1L2US5,2025,2026-07-02,JHMSN8C8KJ58
2025-11-GSAFAC-0000420632,HFEFPN1L2US5,2025,2026-07-02,QBHPT6LKE8J2
2025-11-GSAFAC-0000420632,HFEFPN1L2US5,2025,2026-07-02,JRQ1D7QN1395
2025-11-GSAFAC-0000420632,HFEFPN1L2US5,2025,2026-07-02,MB1MP23XLXD8
2025-11-GSAFAC-0000420632,HFEFPN1L2US5,2025,2026-07-02,VZTEWZDGT875
2025-11-GSAFAC-0000420632,HFEFPN1L2US5,2025,2026-07-02,X21WGXWNFJZ5
2025-11-GSAFAC-0000420632,HFEFPN1L2US5,2025,2026-07-02,TAQGTNNU9YC3
2025-11-GSAFAC-0000420632,HFEFPN1L2US5,2025,2026-07-02,T95LE61PJEY1
2025-11-GSAFAC-0000420632,HFEFPN1L2US5,2025,2026-07-02,ZRMGKPNJQGK5
2025-11-GSAFAC-0000420632,HFEFPN1L2US5,2025,2026-07-02,CF2TK25VT7S5
2025-06-GSAFAC-0000398256,LFHPKSMEECK8,2025,2026-07-06,VFNGJDM5ARG6
2025-06-GSAFAC-0000398256,LFHPKSMEECK8,2025,2026-07-06,DHL9LJL56LA5
2025-06-GSAFAC-0000398256,LFHPKSMEECK8,2025,2026-07-06,VM7VUYF68SK3
2025-06-GSAFAC-0000398256,LFHPKSMEECK8,2025,2026-07-06,E6BAZ4XW2X58
2025-06-GSAFAC-0000398256,LFHPKSMEECK8,2025,2026-07-06,E8PMD1L9U753
2025-12-GSAFAC-0000422488,SRG2J1WS9X63,2025,2026-07-06,N1E2NFVBMFR9
2025-12-GSAFAC-0000422488,SRG2J1WS9X63,2025,2026-07-06,LQLUUYAMTC28
2025-12-GSAFAC-0000422488,SRG2J1WS9X63,2025,2026-07-06,M28UHK4YUC87
2025-12-GSAFAC-0000422488,SRG2J1WS9X63,2025,2026-07-06,V6NDB8L1KML6
2025-12-GSAFAC-0000422488,SRG2J1WS9X63,2025,2026-07-06,Q52EUAFV99D7
2025-12-GSAFAC-0000422488,SRG2J1WS9X63,2025,2026-07-06,LX2FZEDNLKQ5
2025-12-GSAFAC-0000422488,SRG2J1WS9X63,2025,2026-07-06,L5VVZNLFENS9
2025-12-GSAFAC-0000422488,SRG2J1WS9X63,2025,2026-07-06,CRX2GGMYBJ64
2025-12-GSAFAC-0000418138,LAHPXATDLWS5,2025,2026-07-06,M9WVDA4R92B3
2025-12-GSAFAC-0000418138,LAHPXATDLWS5,2025,2026-07-06,E84LPL7FBTP5
2025-12-GSAFAC-0000418138,LAHPXATDLWS5,2025,2026-07-06,F1NAFHFZK3P9
2025-12-GSAFAC-0000418138,LAHPXATDLWS5,2025,2026-07-06,NQT2GF7Y42Q9
2025-12-GSAFAC-0000418138,LAHPXATDLWS5,2025,2026-07-06,TEXVZLMNF2T1
2025-12-GSAFAC-0000418138,LAHPXATDLWS5,2025,2026-07-06,U6JRMHKTTBZ1
2024-12-GSAFAC-0000407235,RL1JV1V9VCP9,2024,2026-07-06,XVUEYMYJ8SB1
2025-12-GSAFAC-0000421515,CCQEMFNQ9JM5,2025,2026-07-07,TEEYLPQALQK6
2025-12-GSAFAC-0000421515,CCQEMFNQ9JM5,2025,2026-07-07,P2G9PUW28V19
2025-12-GSAFAC-0000421515,CCQEMFNQ9JM5,2025,2026-07-07,GGRUAJCMBB95
2025-12-GSAFAC-0000421515,CCQEMFNQ9JM5,2025,2026-07-07,C5ZJFP7DA8R3
2025-12-GSAFAC-0000421515,CCQEMFNQ9JM5,2025,2026-07-07,ERMEM977KPS4
2025-12-GSAFAC-0000420914,CCW3XJKC2AM9,2025,2026-07-07,CN2SV2P5ZL82
2025-12-GSAFAC-0000420914,CCW3XJKC2AM9,2025,2026-07-07,JP7BM2J3BKT8
2025-12-GSAFAC-0000420914,CCW3XJKC2AM9,2025,2026-07-07,LJL3QNRFCKA7
2025-12-GSAFAC-0000420914,CCW3XJKC2AM9,2025,2026-07-07,TCMPSMEX54P3
2025-12-GSAFAC-0000420037,EAKDVASD5HJ7,2025,2026-07-07,HS8YGAVWL2K5
2025-12-GSAFAC-0000423496,VG6JK25MNMC7,2025,2026-07-07,DVMJSVR8BNW7
2025-12-GSAFAC-0000423496,VG6JK25MNMC7,2025,2026-07-07,RCQALRSFCE96
2025-12-GSAFAC-0000423496,VG6JK25MNMC7,2025,2026-07-07,HHJQBRZE28T2
2025-12-GSAFAC-0000423496,VG6JK25MNMC7,2025,2026-07-07,H62LUPNNRPD4
2025-12-GSAFAC-0000423333,E7H1R2JNG6J6,2025,2026-07-07,VMQSEJ8R7QB1
2025-12-GSAFAC-0000422718,FZC1BKBDB4F5,2025,2026-07-08,G8R2NNR2UJ99
2025-12-GSAFAC-0000408052,GZACXJ53CWR7,2025,2026-07-08,EJ28KHK6U5N1
2025-12-GSAFAC-0000408052,GZACXJ53CWR7,2025,2026-07-08,GRNJHPTLBVJ3
2025-12-GSAFAC-0000408052,GZACXJ53CWR7,2025,2026-07-08,WXQEBMGBZG11
2025-12-GSAFAC-0000423367,J5WHK64NAWM1,2025,2026-07-08,JDY8RK9LLMJ6
2025-12-GSAFAC-0000423367,J5WHK64NAWM1,2025,2026-07-08,NENNKAE18LK6
2025-12-GSAFAC-0000423607,J64WJR1ER1K6,2025,2026-07-08,WQ3HHNHCVZ78
2025-12-GSAFAC-0000415007,GYLMN6H2LXS4,2025,2026-07-08,D44WMMYMNWN9
2025-12-GSAFAC-0000415007,GYLMN6H2LXS4,2025,2026-07-08,CN4AM8U79PD6
2025-12-GSAFAC-0000415007,GYLMN6H2LXS4,2025,2026-07-08,L8ZYYJENKA23
2025-12-GSAFAC-0000415007,GYLMN6H2LXS4,2025,2026-07-08,J8MFK1MU6PR9
2025-12-GSAFAC-0000415007,GYLMN6H2LXS4,2025,2026-07-08,DGW4LSELPEM4
2025-12-GSAFAC-0000415007,GYLMN6H2LXS4,2025,2026-07-08,C8GWA3KH1DE9
2025-12-GSAFAC-0000415007,GYLMN6H2LXS4,2025,2026-07-08,SAA9XFVG9JW5
2025-12-GSAFAC-0000415007,GYLMN6H2LXS4,2025,2026-07-08,VFEEA9EVXVK5
2025-12-GSAFAC-0000415007,GYLMN6H2LXS4,2025,2026-07-08,C5VBVSFGSGZ1
2023-12-GSAFAC-0000422428,HH9SVD27UMA6,2023,2026-07-08,TKVYJ5HWNPJ8
2025-12-GSAFAC-0000422642,J5HQHVFCPY77,2025,2026-07-09,L651PBSBKLG5
2025-12-GSAFAC-0000422642,J5HQHVFCPY77,2025,2026-07-09,K1FHCLNTNAM5
2025-12-GSAFAC-0000422642,J5HQHVFCPY77,2025,2026-07-09,EYJ3BVZXJ975
2024-09-GSAFAC-0000423554,T4B1AKN5H1G6,2024,2026-07-09,GYUGFLL3L2C4
2024-09-GSAFAC-0000423554,T4B1AKN5H1G6,2024,2026-07-09,RPSYLDPAE775
2024-09-GSAFAC-0000423554,T4B1AKN5H1G6,2024,2026-07-09,RQ5YRSAYE6E5
2024-09-GSAFAC-0000423554,T4B1AKN5H1G6,2024,2026-07-09,NE9CJJMDMP65
2024-09-GSAFAC-0000423554,T4B1AKN5H1G6,2024,2026-07-09,D5H2UMK7KNW5
2024-09-GSAFAC-0000423554,T4B1AKN5H1G6,2024,2026-07-09,C618JL3U4YD5
2024-09-GSAFAC-0000423554,T4B1AKN5H1G6,2024,2026-07-09,LZGKULQ38EF3
2024-09-GSAFAC-0000423554,T4B1AKN5H1G6,2024,2026-07-09,NKH4NTXNW8C6
2024-09-GSAFAC-0000423554,T4B1AKN5H1G6,2024,2026-07-09,YTMUC3D888L3
2024-09-GSAFAC-0000423554,T4B1AKN5H1G6,2024,2026-07-09,X1CLDN4MKMU5
2024-09-GSAFAC-0000423554,T4B1AKN5H1G6,2024,2026-07-09,T41LAQD7HG34
2024-09-GSAFAC-0000423554,T4B1AKN5H1G6,2024,2026-07-09,DJBBVD7ETN63
2024-09-GSAFAC-0000423554,T4B1AKN5H1G6,2024,2026-07-09,F7BJJFNDLUM3
2024-09-GSAFAC-0000423554,T4B1AKN5H1G6,2024,2026-07-09,Y5C1GLPNP5J6
2024-09-GSAFAC-0000423554,T4B1AKN5H1G6,2024,2026-07-09,GZZCMHU5KJG5
2024-09-GSAFAC-0000423554,T4B1AKN5H1G6,2024,2026-07-09,XTK2U53XMDN7
2024-09-GSAFAC-0000423554,T4B1AKN5H1G6,2024,2026-07-09,QULCKDN57YN3
2024-09-GSAFAC-0000423554,T4B1AKN5H1G6,2024,2026-07-09,YEYTW8NR6KG6
2024-09-GSAFAC-0000423554,T4B1AKN5H1G6,2024,2026-07-09,SGNYMN3YKS17
2024-09-GSAFAC-0000423554,T4B1AKN5H1G6,2024,2026-07-09,CPBZB5PFK479
2024-09-GSAFAC-0000423554,T4B1AKN5H1G6,2024,2026-07-09,FRLYGBM41QA5
2024-09-GSAFAC-0000423554,T4B1AKN5H1G6,2024,2026-07-09,HL69VAU9CAV3
2024-09-GSAFAC-0000423554,T4B1AKN5H1G6,2024,2026-07-09,K8R8XURGA1E1
2024-09-GSAFAC-0000423554,T4B1AKN5H1G6,2024,2026-07-09,KUZBNSL8G891
2024-09-GSAFAC-0000423554,T4B1AKN5H1G6,2024,2026-07-09,PHT6Y4YAXAH4
2024-09-GSAFAC-0000423554,T4B1AKN5H1G6,2024,2026-07-09,GCULBBHVJ3D6
2024-09-GSAFAC-0000423554,T4B1AKN5H1G6,2024,2026-07-09,NFXZQC368EM3
2024-09-GSAFAC-0000423554,T4B1AKN5H1G6,2024,2026-07-09,NN5MFYYQ3EH9
2024-09-GSAFAC-0000423554,T4B1AKN5H1G6,2024,2026-07-09,Q2KHYDLL2M54
2024-09-GSAFAC-0000423554,T4B1AKN5H1G6,2024,2026-07-09,LMC2X6SKGYJ1
2024-09-GSAFAC-0000423554,T4B1AKN5H1G6,2024,2026-07-09,EX95MQC7W4F6
2024-09-GSAFAC-0000423554,T4B1AKN5H1G6,2024,2026-07-09,YFCYX9HW6B45
2024-09-GSAFAC-0000423554,T4B1AKN5H1G6,2024,2026-07-09,DPR5HQNKF117
2024-09-GSAFAC-0000423554,T4B1AKN5H1G6,2024,2026-07-09,TVJDM6HA1KR4
2024-09-GSAFAC-0000423554,T4B1AKN5H1G6,2024,2026-07-09,K61BAJLM9QG4
2024-09-GSAFAC-0000423554,T4B1AKN5H1G6,2024,2026-07-09,C8D9U45UGLK4
2024-09-GSAFAC-0000423554,T4B1AKN5H1G6,2024,2026-07-09,MF2QT24J7AP6
2026-03-GSAFAC-0000423473,G9H6SUM59YC4,2026,2026-07-10,GCKPMNH8D854
2026-03-GSAFAC-0000423473,G9H6SUM59YC4,2026,2026-07-10,JCK2VGG2PR51
2026-03-GSAFAC-0000423473,G9H6SUM59YC4,2026,2026-07-10,LQK1DD1EYZK9
2026-03-GSAFAC-0000423473,G9H6SUM59YC4,2026,2026-07-10,WJ37AD42G8A5
2026-03-GSAFAC-0000423473,G9H6SUM59YC4,2026,2026-07-10,YDWAYVVQHNK5
2025-06-GSAFAC-0000417235,TA7BMMWL12C4,2025,2026-07-10,DTMWD71VNM33
2025-12-GSAFAC-0000422944,DXL9BDMFHGG7,2025,2026-07-13,KPPKR778LHX3
2025-12-GSAFAC-0000423798,CMNPVSHU24F6,2025,2026-07-13,KQ92PHM1K9M9
2025-12-GSAFAC-0000423798,CMNPVSHU24F6,2025,2026-07-13,WXFMEJ9BENP1
2025-12-GSAFAC-0000423798,CMNPVSHU24F6,2025,2026-07-13,ULXPDFA6RKL7
2025-12-GSAFAC-0000423798,CMNPVSHU24F6,2025,2026-07-13,UPH6HK5GC5R5
2025-12-GSAFAC-0000423798,CMNPVSHU24F6,2025,2026-07-13,UPLCSETGTPC7
2025-12-GSAFAC-0000423798,CMNPVSHU24F6,2025,2026-07-13,UPKWLNG36BM7
2025-12-GSAFAC-0000423798,CMNPVSHU24F6,2025,2026-07-13,CJFHCDKB9YE8
2025-12-GSAFAC-0000423798,CMNPVSHU24F6,2025,2026-07-13,UPZ6AANZ1NQ1
2025-12-GSAFAC-0000423798,CMNPVSHU24F6,2025,2026-07-13,V3D6SJ93TYC9
2025-12-GSAFAC-0000423798,CMNPVSHU24F6,2025,2026-07-13,KPPYZKXUJXR2
2025-12-GSAFAC-0000423989,RFS9HMPNJMS3,2025,2026-07-13,EEYDE2NXNBR4
2025-12-GSAFAC-0000422182,MJEPP6CNR9G1,2025,2026-07-13,EC18TJEM47Z4
2025-12-GSAFAC-0000423401,Y563N57ATAK4,2025,2026-07-13,NZD2C87K4288
2025-12-GSAFAC-0000419843,WR9DKNPUJVY8,2025,2026-07-13,E3E1ETKXWGQ6
2025-12-GSAFAC-0000423620,K2QJQZVH5PM6,2025,2026-07-13,L2XTF33UJDQ5
2025-06-GSAFAC-0000387344,FXK6U8JPNLJ8,2025,2026-07-14,J8JTDFYS1LR1
2025-12-GSAFAC-0000417149,NCA4KMHZHMX9,2025,2026-07-15,JZJWXG19QMU1
2025-12-GSAFAC-0000417149,NCA4KMHZHMX9,2025,2026-07-15,NWDHJ5KXFMF6
2025-12-GSAFAC-0000417149,NCA4KMHZHMX9,2025,2026-07-15,ET7JNCMKB5P1
2025-12-GSAFAC-0000417149,NCA4KMHZHMX9,2025,2026-07-15,RGD2KJZJ4AC3
2024-06-GSAFAC-0000421698,G8SGR7MTKUM3,2024,2026-07-15,V9H2TJA1GE14
2025-12-GSAFAC-0000421861,F7VXMMT5AE84,2025,2026-07-16,Y6LMUKJYAAV7
2025-12-GSAFAC-0000421861,F7VXMMT5AE84,2025,2026-07-16,PWZVMJBDKR17
2025-12-GSAFAC-0000398331,LV6WP4FF3VH5,2025,2026-07-16,G1WKQGG3HTK5
2025-12-GSAFAC-0000422826,UN26ZDYJF7K3,2025,2026-07-16,D5DNA7WPVHE8
2025-12-GSAFAC-0000422826,UN26ZDYJF7K3,2025,2026-07-16,DLJCTNJ4LVM3
2025-12-GSAFAC-0000422826,UN26ZDYJF7K3,2025,2026-07-16,FNUFDDR86MC5
2025-12-GSAFAC-0000422826,UN26ZDYJF7K3,2025,2026-07-16,HD1ACUJFXBM7
2025-12-GSAFAC-0000422826,UN26ZDYJF7K3,2025,2026-07-16,JCMQHLQ9CGN1
2025-12-GSAFAC-0000422826,UN26ZDYJF7K3,2025,2026-07-16,JDKXQARK4YT9
2025-12-GSAFAC-0000422826,UN26ZDYJF7K3,2025,2026-07-16,JEJPXQQCRSP6
2025-12-GSAFAC-0000422826,UN26ZDYJF7K3,2025,2026-07-16,JTJVRTD6X3X4
2025-12-GSAFAC-0000422826,UN26ZDYJF7K3,2025,2026-07-16,KCGKTE47JJ63
2025-12-GSAFAC-0000422826,UN26ZDYJF7K3,2025,2026-07-16,KVHYSSAR9GQ8
2025-12-GSAFAC-0000422826,UN26ZDYJF7K3,2025,2026-07-16,L89NPLD9VHJ7
2025-12-GSAFAC-0000422826,UN26ZDYJF7K3,2025,2026-07-16,LLSULPD71MR4
2025-12-GSAFAC-0000422826,UN26ZDYJF7K3,2025,2026-07-16,M5BHB4YJG9Z4
2025-12-GSAFAC-0000422826,UN26ZDYJF7K3,2025,2026-07-16,MNDWL4KPN8V4
2025-12-GSAFAC-0000422826,UN26ZDYJF7K3,2025,2026-07-16,MZ46X5Q4AED3
2025-12-GSAFAC-0000422826,UN26ZDYJF7K3,2025,2026-07-16,NB73JKK9YYH9
2025-12-GSAFAC-0000422826,UN26ZDYJF7K3,2025,2026-07-16,PHACB4PUJHJ1
2025-12-GSAFAC-0000422826,UN26ZDYJF7K3,2025,2026-07-16,QQ13BKWSCWB5
2025-12-GSAFAC-0000422826,UN26ZDYJF7K3,2025,2026-07-16,R2KGHLM7KKG7
2025-12-GSAFAC-0000422826,UN26ZDYJF7K3,2025,2026-07-16,RL7AH3Z89MH8
2025-12-GSAFAC-0000422826,UN26ZDYJF7K3,2025,2026-07-16,STX5X4B75CB3
2025-12-GSAFAC-0000422826,UN26ZDYJF7K3,2025,2026-07-16,SU9DABG3BDC1
2025-12-GSAFAC-0000422826,UN26ZDYJF7K3,2025,2026-07-16,TK3KFM5LEWA1
2025-12-GSAFAC-0000422826,UN26ZDYJF7K3,2025,2026-07-16,TQ6KWTRHUML9
2025-12-GSAFAC-0000422826,UN26ZDYJF7K3,2025,2026-07-16,TY9TESTG34Y8
2025-12-GSAFAC-0000422826,UN26ZDYJF7K3,2025,2026-07-16,UEH6KZMGEHM5
2025-12-GSAFAC-0000422826,UN26ZDYJF7K3,2025,2026-07-16,W4LMVHDWQBA5
2025-12-GSAFAC-0000422826,UN26ZDYJF7K3,2025,2026-07-16,Y5JNN8AKH756
2025-12-GSAFAC-0000422826,UN26ZDYJF7K3,2025,2026-07-16,Z5ZUZRYKAU59
2025-12-GSAFAC-0000422826,UN26ZDYJF7K3,2025,2026-07-16,ZA1PU1K5HH94
2025-12-GSAFAC-0000422826,UN26ZDYJF7K3,2025,2026-07-16,ZELSNC2M3L98
2025-12-GSAFAC-0000422826,UN26ZDYJF7K3,2025,2026-07-16,ZWJDVNPEGZ15
2025-12-GSAFAC-0000421937,C4N1DL138V95,2025,2026-07-17,ETGMYV7CKAJ7
2025-12-GSAFAC-0000421937,C4N1DL138V95,2025,2026-07-17,JF7FD5E6TKS5
2025-12-GSAFAC-0000423406,FV56SRLGHGJ6,2025,2026-07-19,ZG3GRD183CY6
2025-12-GSAFAC-0000423406,FV56SRLGHGJ6,2025,2026-07-19,LRH3QFSHKB81
2025-06-GSAFAC-0000423464,WMRHA68SMK19,2025,2026-07-20,FKKJJ9H5EAT4
2025-06-GSAFAC-0000423464,WMRHA68SMK19,2025,2026-07-20,PLJUSN67ELV7
2025-12-GSAFAC-0000422645,ZK7SHNPA2LQ3,2025,2026-07-20,UBMMENJAF1Q9
2025-12-GSAFAC-0000419333,S3MZFK8JXGJ3,2025,2026-07-20,V7Z8GEWMP5N8
2025-12-GSAFAC-0000424538,SNEACA7CE1D6,2025,2026-07-20,XZX8HYL2WJF2
2025-12-GSAFAC-0000424538,SNEACA7CE1D6,2025,2026-07-20,SPFNM2HRJS75
2025-12-GSAFAC-0000423788,DWYGVXLUGJM5,2025,2026-07-21,RBJ3RKH6MH56
2025-12-GSAFAC-0000423788,DWYGVXLUGJM5,2025,2026-07-21,SSVKBQA4H2W5
2025-12-GSAFAC-0000423788,DWYGVXLUGJM5,2025,2026-07-21,TD9YB4JZ1279
2025-12-GSAFAC-0000423788,DWYGVXLUGJM5,2025,2026-07-21,NHEAZZ8RU7E6
2025-12-GSAFAC-0000423788,DWYGVXLUGJM5,2025,2026-07-21,RJCPEE9M8N34
2025-12-GSAFAC-0000423788,DWYGVXLUGJM5,2025,2026-07-21,S81KUBG2LE57
2025-12-GSAFAC-0000423788,DWYGVXLUGJM5,2025,2026-07-21,GL5ZBVRGDQT5
2025-12-GSAFAC-0000422611,UCCZNMC891L9,2025,2026-07-21,KXWRKJ5V7AD7
2025-12-GSAFAC-0000422611,UCCZNMC891L9,2025,2026-07-21,RZ4NKR9DQN84
2025-12-GSAFAC-0000420026,J1PBHLAPWUW7,2025,2026-07-21,MU6MP2FUBNZ4
2025-12-GSAFAC-0000420026,J1PBHLAPWUW7,2025,2026-07-21,CAJGXFGW9121
2025-12-GSAFAC-0000422816,QS7KRGY1LDF6,2025,2026-07-21,HBQSGGJU1MG3
2025-12-GSAFAC-0000422816,QS7KRGY1LDF6,2025,2026-07-21,DTWSFG7TDXN8
2025-12-GSAFAC-0000422816,QS7KRGY1LDF6,2025,2026-07-21,HNKNH2W4RMQ3
2025-12-GSAFAC-0000422816,QS7KRGY1LDF6,2025,2026-07-21,L1HBMNU9PDX7
2025-12-GSAFAC-0000422816,QS7KRGY1LDF6,2025,2026-07-21,YDFAMB26WFT3
2025-12-GSAFAC-0000422816,QS7KRGY1LDF6,2025,2026-07-21,MJ3GRQ5623J3
2025-12-GSAFAC-0000422816,QS7KRGY1LDF6,2025,2026-07-21,EMM1QCKNK2B8
2025-12-GSAFAC-0000422816,QS7KRGY1LDF6,2025,2026-07-21,MV9GTK4QFA99
2025-12-GSAFAC-0000423474,L5WDFWSBTZS3,2025,2026-07-22,R2JEJD8B8HC3
2025-06-GSAFAC-0000424935,TX3CQZ8578J6,2025,2026-07-23,HBFJKWKQ4MJ8
2025-12-GSAFAC-0000424886,VA6BN9SANQJ4,2025,2026-07-23,CKJ9SLKLHZP5
2026-03-GSAFAC-0000424834,TLBQYD52Z9S3,2026,2026-07-23,S9VVGTVATJR9
2026-03-GSAFAC-0000424834,TLBQYD52Z9S3,2026,2026-07-23,GSZKK4SFYAM8
2026-03-GSAFAC-0000424834,TLBQYD52Z9S3,2026,2026-07-23,RJQTVCMYRDK4
2026-03-GSAFAC-0000424834,TLBQYD52Z9S3,2026,2026-07-23,WGLUZMWPKT33
2026-03-GSAFAC-0000424834,TLBQYD52Z9S3,2026,2026-07-23,JLK5TLAT3DZ3
2025-12-GSAFAC-0000424030,NDHBBJ4B1LN5,2025,2026-07-24,P5L3RMDLELN1
2025-12-GSAFAC-0000424030,NDHBBJ4B1LN5,2025,2026-07-24,XT2RYMAAZCY4
2025-12-GSAFAC-0000424030,NDHBBJ4B1LN5,2025,2026-07-24,FVGJNZXDWVV3
2025-12-GSAFAC-0000424030,NDHBBJ4B1LN5,2025,2026-07-24,K8F7VYLKGN64
2025-12-GSAFAC-0000424030,NDHBBJ4B1LN5,2025,2026-07-24,SF6NEGGTK8U7
2025-12-GSAFAC-0000424030,NDHBBJ4B1LN5,2025,2026-07-24,KQ1JP8NRPGD6
2025-12-GSAFAC-0000424030,NDHBBJ4B1LN5,2025,2026-07-24,LMPLBULLMS41
2025-12-GSAFAC-0000424030,NDHBBJ4B1LN5,2025,2026-07-24,FMFXFBMYHL37
2025-12-GSAFAC-0000424030,NDHBBJ4B1LN5,2025,2026-07-24,H51WMHGAE8E8
2025-12-GSAFAC-0000424030,NDHBBJ4B1LN5,2025,2026-07-24,H736N9RXTBC3
2025-12-GSAFAC-0000424030,NDHBBJ4B1LN5,2025,2026-07-24,P138LY34M6L6
2025-12-GSAFAC-0000424030,NDHBBJ4B1LN5,2025,2026-07-24,G1C1FJAM8CN1
2025-12-GSAFAC-0000424030,NDHBBJ4B1LN5,2025,2026-07-24,MGP9V14KFTR6
2025-12-GSAFAC-0000424030,NDHBBJ4B1LN5,2025,2026-07-24,V99FJ8MSDB43
2025-12-GSAFAC-0000424030,NDHBBJ4B1LN5,2025,2026-07-24,NFECXMGA3MJ4
2025-12-GSAFAC-0000424030,NDHBBJ4B1LN5,2025,2026-07-24,DZ6KY7B2CLG4
2025-12-GSAFAC-0000423564,LB9EYBMY6NJ8,2025,2026-07-27,QWZJZV5RVVB3
2025-12-GSAFAC-0000425060,WNCTGKDGHUZ8,2025,2026-07-27,TP9RM7YW5TM6
2025-12-GSAFAC-0000412364,LF71FLU9C5P7,2025,2026-07-27,UAWQVSN6FED3
2025-12-GSAFAC-0000412364,LF71FLU9C5P7,2025,2026-07-27,N1ZHH6Q7UTG6
2025-12-GSAFAC-0000423460,PVF6JK7WSM24,2025,2026-07-28,T69GU8U4MF28
2026-03-GSAFAC-0000424648,Q9TDZMN6V428,2026,2026-07-28,YBVDQ1JZUNU1
2025-12-GSAFAC-0000424601,V2BDJK5JZU56,2025,2026-07-28,N227B6L3QYW9
2025-12-GSAFAC-0000424823,H4HLRAKKFEE3,2025,2026-07-29,R2N2ZBJHEVA7
2025-12-GSAFAC-0000424333,C4HLLKEGRA98,2025,2026-07-29,LCHJMNGV34C8
2025-12-GSAFAC-0000424333,C4HLLKEGRA98,2025,2026-07-29,PK4ED74NKMM7
2025-12-GSAFAC-0000424333,C4HLLKEGRA98,2025,2026-07-29,H1SQM8RB4M63
2025-12-GSAFAC-0000424333,C4HLLKEGRA98,2025,2026-07-29,Q3TZRJNYLQE3
2025-12-GSAFAC-0000425062,HZK7QH5QUJX5,2025,2026-07-30,WBK2PTSWW6R3
2025-12-GSAFAC-0000425062,HZK7QH5QUJX5,2025,2026-07-30,V4DASJZNNTU3
2025-06-GSAFAC-0000423546,NSA8T7PLC9K3,2025,2026-07-30,YMBJZFLZD6Q7
2025-06-GSAFAC-0000423546,NSA8T7PLC9K3,2025,2026-07-30,GGB5GKEM68B3
2025-06-GSAFAC-0000423546,NSA8T7PLC9K3,2025,2026-07-30,LG8MGAVBMQH5
2025-06-GSAFAC-0000423546,NSA8T7PLC9K3,2025,2026-07-30,XGUYMXKWK2W9
2025-06-GSAFAC-0000423546,NSA8T7PLC9K3,2025,2026-07-30,LWPVXFL8DS51
2025-06-GSAFAC-0000423546,NSA8T7PLC9K3,2025,2026-07-30,LAYRU7FNZNJ3
2025-06-GSAFAC-0000423546,NSA8T7PLC9K3,2025,2026-07-30,U5S8NSDEBY75
2025-06-GSAFAC-0000423546,NSA8T7PLC9K3,2025,2026-07-30,D1Y7MN2FMKD8
2025-06-GSAFAC-0000423546,NSA8T7PLC9K3,2025,2026-07-30,SP86EJJV6SJ9
2025-06-GSAFAC-0000423546,NSA8T7PLC9K3,2025,2026-07-30,EML2VKMV32S5
2025-06-GSAFAC-0000423546,NSA8T7PLC9K3,2025,2026-07-30,CNUEKKM8J9N6
2025-06-GSAFAC-0000423546,NSA8T7PLC9K3,2025,2026-07-30,CUNKJLWN1VM9
2025-06-GSAFAC-0000423546,NSA8T7PLC9K3,2025,2026-07-30,FHJVMLWKYAQ7
2025-06-GSAFAC-0000423546,NSA8T7PLC9K3,2025,2026-07-30,NLB6QPXM7RT5
2025-06-GSAFAC-0000423546,NSA8T7PLC9K3,2025,2026-07-30,S2W3ZTGGKH65
2025-06-GSAFAC-0000423546,NSA8T7PLC9K3,2025,2026-07-30,SG6DBEL65RJ8
2025-06-GSAFAC-0000423546,NSA8T7PLC9K3,2025,2026-07-30,SY6AAWNZN3X5
2025-06-GSAFAC-0000423546,NSA8T7PLC9K3,2025,2026-07-30,DKH3EH7KNCM3
2025-06-GSAFAC-0000423546,NSA8T7PLC9K3,2025,2026-07-30,HQSHHDDD7VC7
2025-06-GSAFAC-0000423546,NSA8T7PLC9K3,2025,2026-07-30,DGCZF2EKBSL1
2025-06-GSAFAC-0000423546,NSA8T7PLC9K3,2025,2026-07-30,ZC9DNR1NRG71
2025-06-GSAFAC-0000423546,NSA8T7PLC9K3,2025,2026-07-30,R1WYMBFB3MW9
2025-06-GSAFAC-0000423546,NSA8T7PLC9K3,2025,2026-07-30,ZFFMZ27ULFB8
2025-06-GSAFAC-0000423546,NSA8T7PLC9K3,2025,2026-07-30,R2MVTJWMR833
2025-06-GSAFAC-0000423546,NSA8T7PLC9K3,2025,2026-07-30,VQKLMFCVZ6B4
2025-06-GSAFAC-0000423546,NSA8T7PLC9K3,2025,2026-07-30,GCPFKAB1JCJ1
2025-06-GSAFAC-0000423546,NSA8T7PLC9K3,2025,2026-07-30,RDENNKN1ZVY3
2025-06-GSAFAC-0000423546,NSA8T7PLC9K3,2025,2026-07-30,TCKJA8Q8EZ65
2025-06-GSAFAC-0000423546,NSA8T7PLC9K3,2025,2026-07-30,VM5MA47AM9F8
2025-06-GSAFAC-0000423546,NSA8T7PLC9K3,2025,2026-07-30,HCNJFC71CHQ1
2025-06-GSAFAC-0000423546,NSA8T7PLC9K3,2025,2026-07-30,DMNCMMRZP5G5
2025-06-GSAFAC-0000423546,NSA8T7PLC9K3,2025,2026-07-30,VNVCB4CKGHJ9
2025-06-GSAFAC-0000423546,NSA8T7PLC9K3,2025,2026-07-30,MEUXLGK3JCN5
2025-06-GSAFAC-0000423546,NSA8T7PLC9K3,2025,2026-07-30,STLFUXD8RBR7
2025-06-GSAFAC-0000423546,NSA8T7PLC9K3,2025,2026-07-30,WP5ENJ8E8K84
2025-06-GSAFAC-0000423546,NSA8T7PLC9K3,2025,2026-07-30,XYKRYBVJ6ZZ5
2025-06-GSAFAC-0000423546,NSA8T7PLC9K3,2025,2026-07-30,KCMATN3EUZ43
2025-06-GSAFAC-0000423546,NSA8T7PLC9K3,2025,2026-07-30,NH58GU7STS24
2025-06-GSAFAC-0000423546,NSA8T7PLC9K3,2025,2026-07-30,CRCEB6TH9JM6
2025-06-GSAFAC-0000423546,NSA8T7PLC9K3,2025,2026-07-30,W2D4C9MFRJJ8
2025-06-GSAFAC-0000423546,NSA8T7PLC9K3,2025,2026-07-30,M5G1CUNH4NN5
2025-06-GSAFAC-0000423546,NSA8T7PLC9K3,2025,2026-07-30,DRMUXYKHQNH3
2025-06-GSAFAC-0000423546,NSA8T7PLC9K3,2025,2026-07-30,HABZKPGAPFG8
2025-06-GSAFAC-0000423546,NSA8T7PLC9K3,2025,2026-07-30,M4NLLL9XGD97
2025-06-GSAFAC-0000423546,NSA8T7PLC9K3,2025,2026-07-30,QYMTJNETTSA4
2025-06-GSAFAC-0000423546,NSA8T7PLC9K3,2025,2026-07-30,NKZVZ2TH5G33
2025-06-GSAFAC-0000423546,NSA8T7PLC9K3,2025,2026-07-30,YHJ7K5JEJJD9
2025-06-GSAFAC-0000423546,NSA8T7PLC9K3,2025,2026-07-30,EB27G6BK8813
2025-06-GSAFAC-0000423546,NSA8T7PLC9K3,2025,2026-07-30,YDJ1N7K9HYN5
2025-06-GSAFAC-0000423546,NSA8T7PLC9K3,2025,2026-07-30,NULNRL5SSB53
2025-06-GSAFAC-0000423546,NSA8T7PLC9K3,2025,2026-07-30,UCYMDNJ8VHV3
2025-06-GSAFAC-0000423546,NSA8T7PLC9K3,2025,2026-07-30,CMW2HKVBZMU6
2025-06-GSAFAC-0000423546,NSA8T7PLC9K3,2025,2026-07-30,M59EJNP2N535
2025-06-GSAFAC-0000423546,NSA8T7PLC9K3,2025,2026-07-30,F4PKS67473B3
2025-06-GSAFAC-0000423546,NSA8T7PLC9K3,2025,2026-07-30,FQYFARF7KXY3
2025-06-GSAFAC-0000423546,NSA8T7PLC9K3,2025,2026-07-30,NERYUGQ8XNB1
2025-06-GSAFAC-0000423546,NSA8T7PLC9K3,2025,2026-07-30,FNVNBKCJMS47
2025-06-GSAFAC-0000423546,NSA8T7PLC9K3,2025,2026-07-30,DPQNHYSXJKA9
2025-06-GSAFAC-0000423546,NSA8T7PLC9K3,2025,2026-07-30,CJDNG9D14MW7
2025-06-GSAFAC-0000423546,NSA8T7PLC9K3,2025,2026-07-30,L7C8TDLNKZD9
2025-06-GSAFAC-0000423546,NSA8T7PLC9K3,2025,2026-07-30,NFS9RNJVPMC7
2025-06-GSAFAC-0000423546,NSA8T7PLC9K3,2025,2026-07-30,YN2JWTVV9F85
2025-06-GSAFAC-0000423546,NSA8T7PLC9K3,2025,2026-07-30,EQK9ZR8JY7W9
2025-06-GSAFAC-0000423546,NSA8T7PLC9K3,2025,2026-07-30,EG4KGHXGBEJ6
2025-06-GSAFAC-0000423546,NSA8T7PLC9K3,2025,2026-07-30,LL8AMPK9DL57
2025-06-GSAFAC-0000423546,NSA8T7PLC9K3,2025,2026-07-30,EG4KGHXGBEJ6
2025-06-GSAFAC-0000423546,NSA8T7PLC9K3,2025,2026-07-30,NVPNAHXLEKK3
2025-06-GSAFAC-0000423546,NSA8T7PLC9K3,2025,2026-07-30,JW83ZVBE5Z78
2025-06-GSAFAC-0000423546,NSA8T7PLC9K3,2025,2026-07-30,RDENNKN1ZVY3
2025-06-GSAFAC-0000423546,NSA8T7PLC9K3,2025,2026-07-30,E4VYRQ3K89Y3
2025-06-GSAFAC-0000423546,NSA8T7PLC9K3,2025,2026-07-30,C6H8Y96LJR15
2025-06-GSAFAC-0000423546,NSA8T7PLC9K3,2025,2026-07-30,JW83ZVBE5Z78
2025-12-GSAFAC-0000424344,E1DGHH9EKQE9,2025,2026-07-30,ZXN6F7WDWKD4
2026-03-GSAFAC-0000424300,E17KLBD9ZJ98,2026,2026-07-30,K676MA13RUE9
2026-03-GSAFAC-0000424300,E17KLBD9ZJ98,2026,2026-07-30,F5GAETBPDMJ4
2025-12-GSAFAC-0000424976,U77JPFJ2MSD3,2025,2026-07-30,GM8DFHN3S885
2025-12-GSAFAC-0000424976,U77JPFJ2MSD3,2025,2026-07-30,NRDXGLV7SGY8
2025-12-GSAFAC-0000424976,U77JPFJ2MSD3,2025,2026-07-30,JEABYHBLNWV6
2025-12-GSAFAC-0000424976,U77JPFJ2MSD3,2025,2026-07-30,LXCLLN2J9DV5
2025-12-GSAFAC-0000424976,U77JPFJ2MSD3,2025,2026-07-30,SRQDFKS9Y3A2
2025-12-GSAFAC-0000424976,U77JPFJ2MSD3,2025,2026-07-30,VV8CYWCJ81E5
2025-12-GSAFAC-0000424976,U77JPFJ2MSD3,2025,2026-07-30,QZK8CF96JBC3
2025-12-GSAFAC-0000424976,U77JPFJ2MSD3,2025,2026-07-30,L2WAFS34B7N4
2025-12-GSAFAC-0000424976,U77JPFJ2MSD3,2025,2026-07-30,VBKGGLB7ZEN9
2025-12-GSAFAC-0000424976,U77JPFJ2MSD3,2025,2026-07-30,UE16BNBJVKK8
2025-12-GSAFAC-0000424976,U77JPFJ2MSD3,2025,2026-07-30,GRDLY2BE46P3
2025-10-GSAFAC-0000425347,PQ7XUMZ97JK7,2025,2026-07-30,P726GN5DWRK7
2025-10-GSAFAC-0000425347,PQ7XUMZ97JK7,2025,2026-07-30,U212NL517KE3
2025-10-GSAFAC-0000425347,PQ7XUMZ97JK7,2025,2026-07-30,WBVXM5YB77G5
2025-10-GSAFAC-0000425347,PQ7XUMZ97JK7,2025,2026-07-30,DFLJPTK4KXD5
2025-10-GSAFAC-0000425347,PQ7XUMZ97JK7,2025,2026-07-30,Y1QUGEZX13B4
2025-12-GSAFAC-0000417354,EYMJXLN2MFB4,2025,2026-07-31,QTUDGGWCLN77
2025-12-GSAFAC-0000425037,DLE6LPBV5VN1,2025,2026-07-31,KRGXN6M1HRD4
2024-12-GSAFAC-0000425429,LCCEABLRGGE7,2024,2026-08-03,EH7DJMVCHM33
2024-12-GSAFAC-0000425429,LCCEABLRGGE7,2024,2026-08-03,VJJMPJ2CW227
2024-12-GSAFAC-0000425429,LCCEABLRGGE7,2024,2026-08-03,GPY5H9KNNEW3
2024-12-GSAFAC-0000425429,LCCEABLRGGE7,2024,2026-08-03,QBL1QL3EK1T6
2025-12-GSAFAC-0000421874,SGT3JWQAYN48,2025,2026-08-03,H3VBLW7JN4R1
2025-12-GSAFAC-0000425320,RRMKQJ8BS7M4,2025,2026-08-04,HHDNHCMALXF6
2025-12-GSAFAC-0000421061,FF6YK2Z2HNG6,2025,2026-08-05,MNXZAXJQTMN6
2025-12-GSAFAC-0000424968,GDB1EPFH8JR9,2025,2026-08-05,HWBNNGAR6QH6
2025-06-GSAFAC-0000413702,HK2QL6YXLEK4,2025,2026-08-05,Q7FDNMR351A1
2025-06-GSAFAC-0000413702,HK2QL6YXLEK4,2025,2026-08-05,NSNHVVMXHFY1
2025-06-GSAFAC-0000413702,HK2QL6YXLEK4,2025,2026-08-05,KPKMKK3GR615
2025-12-GSAFAC-0000416469,KYETWC1L3AP3,2025,2026-08-05,NK5TSGB2SPR4
2025-12-GSAFAC-0000416469,KYETWC1L3AP3,2025,2026-08-05,NK87VHSK95K6
2025-12-GSAFAC-0000416469,KYETWC1L3AP3,2025,2026-08-05,H3VYNKET7VW3
2025-12-GSAFAC-0000416469,KYETWC1L3AP3,2025,2026-08-05,RCXAL18L2V95
2024-09-GSAFAC-0000425841,NUSSCW4K7QA4,2024,2026-08-05,T8DLULTASK65
2024-09-GSAFAC-0000425841,NUSSCW4K7QA4,2024,2026-08-05,UZAQN39KZVL3
2025-12-GSAFAC-0000425917,SX3NTU5NQ6K9,2025,2026-08-06,FRUFVE5K9WW1
2025-12-GSAFAC-0000425917,SX3NTU5NQ6K9,2025,2026-08-06,EG63DTZHP5F6
2025-12-GSAFAC-0000425917,SX3NTU5NQ6K9,2025,2026-08-06,Z3A8D7NVLR33
2025-12-GSAFAC-0000425194,GFB7MQFAU6F2,2025,2026-08-04,HUDPPX7KQZJ7
2025-12-GSAFAC-0000425194,GFB7MQFAU6F2,2025,2026-08-04,YTZZYM6KSKH6
2025-12-GSAFAC-0000425194,GFB7MQFAU6F2,2025,2026-08-04,KRDJBNC92945
2025-12-GSAFAC-0000425883,K2NBW5B43X68,2025,2026-08-07,V61EKVA7NQ36
2025-06-GSAFAC-0000425245,RN15SP9CPJE6,2025,2026-08-07,GHBBP595HQA7
2025-06-GSAFAC-0000425245,RN15SP9CPJE6,2025,2026-08-07,LEKCJEPGPAE1
2025-06-GSAFAC-0000425245,RN15SP9CPJE6,2025,2026-08-07,XCA4E3XL2KY7
2025-06-GSAFAC-0000425245,RN15SP9CPJE6,2025,2026-08-07,JPRAV6KE9K21
2025-06-GSAFAC-0000425245,RN15SP9CPJE6,2025,2026-08-07,CLMENJW83H38
2025-06-GSAFAC-0000425245,RN15SP9CPJE6,2025,2026-08-07,G6Y2ZAMJJRA9
2025-06-GSAFAC-0000425245,RN15SP9CPJE6,2025,2026-08-07,QFC8Z448Z846
2025-06-GSAFAC-0000425245,RN15SP9CPJE6,2025,2026-08-07,UTM3S7LKYQZ4
2025-06-GSAFAC-0000425245,RN15SP9CPJE6,2025,2026-08-07,J9PFKF2X88D1
2025-06-GSAFAC-0000425245,RN15SP9CPJE6,2025,2026-08-07,NUDGYLBB4S99
2025-06-GSAFAC-0000425245,RN15SP9CPJE6,2025,2026-08-07,D9BXBJ9ZDNU8
2025-06-GSAFAC-0000425245,RN15SP9CPJE6,2025,2026-08-07,P6T8KMJM3ZZ5
2025-06-GSAFAC-0000425245,RN15SP9CPJE6,2025,2026-08-07,D1RMTDTMKLE8
2025-06-GSAFAC-0000425245,RN15SP9CPJE6,2025,2026-08-07,L4JQPJ7N5NT4
2025-06-GSAFAC-0000425245,RN15SP9CPJE6,2025,2026-08-07,UK66CLD4DX71
2025-06-GSAFAC-0000425245,RN15SP9CPJE6,2025,2026-08-07,FJW5LSYDQLF3
2025-06-GSAFAC-0000425245,RN15SP9CPJE6,2025,2026-08-07,J3HPGZWKVKZ3
2025-06-GSAFAC-0000425245,RN15SP9CPJE6,2025,2026-08-07,MN6AUT1AX3L3
2025-06-GSAFAC-0000425245,RN15SP9CPJE6,2025,2026-08-07,VKM2SF7167N9
2025-06-GSAFAC-0000425245,RN15SP9CPJE6,2025,2026-08-07,H7FQL7TM5WD3
2025-06-GSAFAC-0000425245,RN15SP9CPJE6,2025,2026-08-07,CTLNYKLNLHJ5
2025-06-GSAFAC-0000425245,RN15SP9CPJE6,2025,2026-08-07,CJKTT23HNBF6
2025-06-GSAFAC-0000425245,RN15SP9CPJE6,2025,2026-08-07,UVKGJ6U1SEG3
2025-06-GSAFAC-0000425245,RN15SP9CPJE6,2025,2026-08-07,J8ZSLFYG5EH8
2025-06-GSAFAC-0000425245,RN15SP9CPJE6,2025,2026-08-07,J839RLMBNFL1
2025-06-GSAFAC-0000425245,RN15SP9CPJE6,2025,2026-08-07,UA9DPLLJGHU7
2025-06-GSAFAC-0000425245,RN15SP9CPJE6,2025,2026-08-07,VY39GJE3DQG1
2025-06-GSAFAC-0000425245,RN15SP9CPJE6,2025,2026-08-07,RBCJM33PLEF9
2025-06-GSAFAC-0000425245,RN15SP9CPJE6,2025,2026-08-07,HQQMMCYAM1W3
2025-06-GSAFAC-0000425245,RN15SP9CPJE6,2025,2026-08-07,GHKYX4BLGRA8
2025-06-GSAFAC-0000425245,RN15SP9CPJE6,2025,2026-08-07,QLBWKD8HF1K4
2025-06-GSAFAC-0000425245,RN15SP9CPJE6,2025,2026-08-07,NZ56MDQ9J1W1
2025-06-GSAFAC-0000425245,RN15SP9CPJE6,2025,2026-08-07,D5HWBPKTP3Q5
2025-06-GSAFAC-0000425245,RN15SP9CPJE6,2025,2026-08-07,JLJHPM47L3G6
2025-06-GSAFAC-0000425245,RN15SP9CPJE6,2025,2026-08-07,TGFTZM2DN5Z2
2025-06-GSAFAC-0000425245,RN15SP9CPJE6,2025,2026-08-07,YMLGV1W9U859
2025-06-GSAFAC-0000425245,RN15SP9CPJE6,2025,2026-08-07,RCC9T57ZZYM3
2025-06-GSAFAC-0000425245,RN15SP9CPJE6,2025,2026-08-07,ZYTEU6H2CCB9
2025-06-GSAFAC-0000425245,RN15SP9CPJE6,2025,2026-08-07,JEKNCA1X5X18
2025-06-GSAFAC-0000425245,RN15SP9CPJE6,2025,2026-08-07,M87NLKNWNYR7
2025-06-GSAFAC-0000425245,RN15SP9CPJE6,2025,2026-08-07,RBAJKSXTPJN5
2025-06-GSAFAC-0000425245,RN15SP9CPJE6,2025,2026-08-07,ZN79Q82FK2F3
2025-06-GSAFAC-0000425245,RN15SP9CPJE6,2025,2026-08-07,JE73CDQUAPA7
2025-06-GSAFAC-0000425245,RN15SP9CPJE6,2025,2026-08-07,KD2JSY6LNMW7
2025-06-GSAFAC-0000425245,RN15SP9CPJE6,2025,2026-08-07,DL27NVKEZAP8
2025-06-GSAFAC-0000425245,RN15SP9CPJE6,2025,2026-08-07,F4LGDJEVBFK4
2025-06-GSAFAC-0000425245,RN15SP9CPJE6,2025,2026-08-07,SZ9QWT7EMNN3
2025-06-GSAFAC-0000425245,RN15SP9CPJE6,2025,2026-08-07,FHJFZD1B8CB3
2025-06-GSAFAC-0000425245,RN15SP9CPJE6,2025,2026-08-07,LDJ1MM9L56K7
2025-06-GSAFAC-0000425245,RN15SP9CPJE6,2025,2026-08-07,D54BPKD693P3
2025-06-GSAFAC-0000425245,RN15SP9CPJE6,2025,2026-08-07,NKT1QTN2XJZ9
2025-06-GSAFAC-0000425245,RN15SP9CPJE6,2025,2026-08-07,HWECY7CDW9Y7
2025-06-GSAFAC-0000425245,RN15SP9CPJE6,2025,2026-08-07,SEF8B2944EP9
2025-06-GSAFAC-0000425245,RN15SP9CPJE6,2025,2026-08-07,CR6NBGGLMMC6
2025-06-GSAFAC-0000425245,RN15SP9CPJE6,2025,2026-08-07,LNCZQ5EVCG36
2025-06-GSAFAC-0000425245,RN15SP9CPJE6,2025,2026-08-07,ZEKGSKGDDJ23
2025-06-GSAFAC-0000425245,RN15SP9CPJE6,2025,2026-08-07,LDF5M4WJ6V71
2025-06-GSAFAC-0000425245,RN15SP9CPJE6,2025,2026-08-07,VTMETSLNMSW4
2025-06-GSAFAC-0000425245,RN15SP9CPJE6,2025,2026-08-07,CCE6K59H9JF5
2025-06-GSAFAC-0000425245,RN15SP9CPJE6,2025,2026-08-07,JKQXT3HN32L9
2025-06-GSAFAC-0000425245,RN15SP9CPJE6,2025,2026-08-07,L6QZBF7LT6J4
2025-06-GSAFAC-0000425245,RN15SP9CPJE6,2025,2026-08-07,VC85LCP9AAJ7
2025-06-GSAFAC-0000425245,RN15SP9CPJE6,2025,2026-08-07,GLGJK16ZCQ65
2025-06-GSAFAC-0000425245,RN15SP9CPJE6,2025,2026-08-07,H8ANDD5WXME7
2025-06-GSAFAC-0000425245,RN15SP9CPJE6,2025,2026-08-07,NF9VTMRZF356
2025-06-GSAFAC-0000425245,RN15SP9CPJE6,2025,2026-08-07,LKD6WT217MP7
2025-06-GSAFAC-0000425245,RN15SP9CPJE6,2025,2026-08-07,RYFNJKQEF4E3
